# Blender 4.5.4 LTS
# www.blender.org
o Baskets_X.002_Baskets_X.003
v 0.339929 -0.141799 -0.821818
v 0.339161 -0.142802 -0.826093
v 0.340714 -0.140267 -0.829969
v 0.342586 -0.137823 -0.819552
v 0.336796 -0.140544 -0.828111
v 0.338377 -0.137823 -0.817941
v 0.336579 -0.140170 -0.827945
v 0.339161 -0.153849 -0.826093
v 0.340052 -0.155825 -0.830268
v 0.337167 -0.160034 -0.828060
v 0.336796 -0.141752 -0.828111
v 0.336892 -0.151807 -0.828184
v 0.339929 -0.152728 -0.821818
v 0.341924 -0.153093 -0.819851
v 0.339039 -0.157303 -0.817643
v 0.547731 -0.115826 -0.725796
v 0.549284 -0.118361 -0.721920
v 0.548516 -0.117358 -0.717645
v 0.546511 -0.114356 -0.715934
v 0.546025 -0.113597 -0.716299
v 0.551939 -0.115826 -0.724186
v 0.550068 -0.113382 -0.713768
v 0.548516 -0.125411 -0.717645
v 0.546561 -0.125834 -0.715896
v 0.546663 -0.125178 -0.715817
v 0.549610 -0.124868 -0.713562
v 0.549343 -0.129661 -0.713766
v 0.549284 -0.126532 -0.721920
v 0.548393 -0.128508 -0.726095
v 0.549446 -0.130044 -0.713688
v 0.551278 -0.132718 -0.723887
v 0.536785 -0.129808 -0.721920
v 0.547040 -0.129808 -0.721920
v 0.535027 -0.127542 -0.725796
v 0.535027 -0.133684 -0.724186
v 0.546272 -0.128687 -0.717645
v 0.549183 -0.129894 -0.713766
v 0.536136 -0.128687 -0.717645
v 0.534103 -0.125760 -0.715934
v 0.536588 -0.125760 -0.715934
v 0.544486 -0.130284 -0.713562
v 0.533444 -0.130953 -0.713768
v 0.548463 -0.129894 -0.713766
v 0.533584 -0.125053 -0.716305
v 0.535027 0.147276 -0.725796
v 0.536785 0.149542 -0.721920
v 0.536135 0.148421 -0.717645
v 0.534103 0.145494 -0.715934
v 0.533584 0.144787 -0.716305
v 0.535027 0.153418 -0.724186
v 0.533444 0.150687 -0.713769
v 0.545784 0.145717 -0.715818
v 0.546270 0.148421 -0.717645
v 0.546561 0.145568 -0.715896
v 0.549183 0.149628 -0.713767
v 0.544486 0.150018 -0.713562
v 0.547040 0.149542 -0.721920
v 0.548393 0.148242 -0.726095
v 0.549446 0.149778 -0.713688
v 0.551278 0.152452 -0.723887
v 0.552623 0.176858 -0.826093
v 0.551973 0.175737 -0.821818
v 0.549281 0.171861 -0.819552
v 0.550865 0.174592 -0.829970
v 0.551057 0.180311 -0.828111
v 0.550802 0.180626 -0.827946
v 0.549281 0.178003 -0.817942
v 0.564988 0.175737 -0.821818
v 0.565239 0.172827 -0.819851
v 0.568123 0.177037 -0.817643
v 0.565755 0.176858 -0.826093
v 0.567110 0.175559 -0.830268
v 0.569995 0.179768 -0.828060
v 0.562034 0.180171 -0.828185
v 0.551039 0.174127 -0.815676
v 0.550389 0.173006 -0.811401
v 0.547697 0.169129 -0.809135
v 0.547697 0.175271 -0.807524
v 0.563117 0.173006 -0.811401
v 0.563367 0.170095 -0.809434
v 0.566252 0.174305 -0.807226
v 0.563884 0.174127 -0.815676
v 0.549455 0.171395 -0.805259
v 0.548805 0.170274 -0.800983
v 0.546113 0.166397 -0.798718
v 0.546113 0.172540 -0.797107
v 0.561244 0.170274 -0.800983
v 0.561495 0.167364 -0.799016
v 0.564380 0.171574 -0.796808
v 0.562013 0.171395 -0.805259
v 0.547872 0.168663 -0.794841
v 0.547222 0.167542 -0.790566
v 0.544530 0.163666 -0.788300
v 0.544530 0.169808 -0.786690
v 0.559373 0.167542 -0.790566
v 0.559624 0.164632 -0.788599
v 0.562508 0.168842 -0.786391
v 0.560140 0.168663 -0.794841
v 0.546288 0.165932 -0.784424
v 0.545637 0.164811 -0.780149
v 0.542946 0.160934 -0.777883
v 0.542946 0.167076 -0.776272
v 0.557502 0.164811 -0.780149
v 0.557752 0.161900 -0.778182
v 0.560636 0.166110 -0.775974
v 0.558270 0.165932 -0.784424
v 0.544703 0.163200 -0.774007
v 0.544054 0.162079 -0.769732
v 0.541362 0.158203 -0.767466
v 0.541362 0.164345 -0.765855
v 0.555629 0.162079 -0.769732
v 0.555880 0.159169 -0.767764
v 0.558765 0.163379 -0.765556
v 0.556398 0.163200 -0.774007
v 0.543120 0.160468 -0.763589
v 0.542470 0.159347 -0.759314
v 0.539779 0.155471 -0.757048
v 0.539779 0.161613 -0.755438
v 0.553758 0.159347 -0.759314
v 0.554008 0.156437 -0.757347
v 0.556893 0.160647 -0.755139
v 0.554525 0.160468 -0.763589
v 0.541537 0.157737 -0.753172
v 0.540887 0.156616 -0.748897
v 0.538195 0.152739 -0.746631
v 0.538195 0.158882 -0.745020
v 0.551887 0.156616 -0.748897
v 0.552137 0.153705 -0.746930
v 0.555021 0.157915 -0.744722
v 0.552655 0.157737 -0.753172
v 0.539953 0.155005 -0.742755
v 0.539303 0.153884 -0.738480
v 0.536610 0.150008 -0.736214
v 0.536610 0.156150 -0.734603
v 0.550014 0.153884 -0.738480
v 0.550265 0.150974 -0.736512
v 0.553150 0.155184 -0.734304
v 0.550783 0.155005 -0.742755
v 0.538369 0.152273 -0.732337
v 0.537719 0.151152 -0.728062
v 0.548143 0.151152 -0.728062
v 0.548910 0.152273 -0.732337
v 0.552623 -0.157124 -0.826093
v 0.565755 -0.157124 -0.826093
v 0.567110 -0.155825 -0.830268
v 0.550865 -0.154858 -0.829969
v 0.569995 -0.160034 -0.828060
v 0.551057 -0.160577 -0.828111
v 0.562034 -0.160437 -0.828184
v 0.564988 -0.156003 -0.821818
v 0.565239 -0.153093 -0.819851
v 0.568123 -0.157303 -0.817643
v 0.551973 -0.156003 -0.821818
v 0.549281 -0.152127 -0.819552
v 0.549281 -0.158269 -0.817941
v 0.550802 -0.160892 -0.827945
v 0.551039 -0.154393 -0.815676
v 0.563884 -0.154393 -0.815676
v 0.563117 -0.153272 -0.811401
v 0.563367 -0.150361 -0.809433
v 0.566252 -0.154571 -0.807226
v 0.550389 -0.153272 -0.811401
v 0.547697 -0.149395 -0.809135
v 0.547697 -0.155537 -0.807524
v 0.549455 -0.151661 -0.805258
v 0.562013 -0.151661 -0.805258
v 0.561244 -0.150540 -0.800983
v 0.561495 -0.147630 -0.799016
v 0.564380 -0.151840 -0.796808
v 0.548805 -0.150540 -0.800983
v 0.546113 -0.146663 -0.798717
v 0.546113 -0.152806 -0.797107
v 0.547872 -0.148929 -0.794841
v 0.560140 -0.148929 -0.794841
v 0.559373 -0.147808 -0.790566
v 0.559624 -0.144898 -0.788599
v 0.562508 -0.149108 -0.786391
v 0.547222 -0.147808 -0.790566
v 0.544530 -0.143932 -0.788300
v 0.544530 -0.150074 -0.786690
v 0.546288 -0.146198 -0.784424
v 0.558270 -0.146198 -0.784424
v 0.557502 -0.145077 -0.780149
v 0.557752 -0.142166 -0.778181
v 0.560637 -0.146376 -0.775974
v 0.545637 -0.145077 -0.780149
v 0.542946 -0.141200 -0.777883
v 0.542946 -0.147342 -0.776272
v 0.544703 -0.143466 -0.774006
v 0.556398 -0.143466 -0.774006
v 0.555629 -0.142345 -0.769731
v 0.555880 -0.139435 -0.767764
v 0.558765 -0.143645 -0.765556
v 0.544054 -0.142345 -0.769731
v 0.541362 -0.138468 -0.767465
v 0.541362 -0.144611 -0.765855
v 0.543120 -0.140734 -0.763589
v 0.554525 -0.140734 -0.763589
v 0.553758 -0.139613 -0.759314
v 0.554008 -0.136703 -0.757347
v 0.556893 -0.140913 -0.755139
v 0.542470 -0.139613 -0.759314
v 0.539779 -0.135737 -0.757048
v 0.539779 -0.141879 -0.755438
v 0.541537 -0.138003 -0.753172
v 0.552655 -0.138003 -0.753172
v 0.551887 -0.136882 -0.748897
v 0.552137 -0.133971 -0.746929
v 0.555021 -0.138181 -0.744722
v 0.540887 -0.136882 -0.748897
v 0.538195 -0.133005 -0.746631
v 0.538195 -0.139147 -0.745020
v 0.539953 -0.135271 -0.742754
v 0.550783 -0.135271 -0.742754
v 0.550014 -0.134150 -0.738479
v 0.550265 -0.131240 -0.736512
v 0.553150 -0.135450 -0.734304
v 0.539303 -0.134150 -0.738479
v 0.536610 -0.130274 -0.736214
v 0.536610 -0.136416 -0.734603
v 0.538369 -0.132539 -0.732337
v 0.548910 -0.132539 -0.732337
v 0.548143 -0.131418 -0.728062
v 0.537719 -0.131418 -0.728062
v 0.568001 -0.142802 -0.826093
v 0.567232 -0.141799 -0.821818
v 0.564577 -0.137823 -0.819552
v 0.566447 -0.140267 -0.829969
v 0.570366 -0.140544 -0.828111
v 0.570583 -0.140170 -0.827945
v 0.568785 -0.137823 -0.817941
v 0.567232 -0.152728 -0.821818
v 0.568001 -0.153849 -0.826093
v 0.570270 -0.151808 -0.828184
v 0.566128 -0.140358 -0.815676
v 0.565361 -0.139355 -0.811401
v 0.562705 -0.135379 -0.809135
v 0.566913 -0.135379 -0.807524
v 0.565361 -0.149996 -0.811401
v 0.566128 -0.151117 -0.815676
v 0.564257 -0.137914 -0.805258
v 0.563488 -0.136911 -0.800983
v 0.560833 -0.132934 -0.798717
v 0.565042 -0.132934 -0.797107
v 0.563488 -0.147264 -0.800983
v 0.564257 -0.148385 -0.805258
v 0.562386 -0.135470 -0.794841
v 0.561617 -0.134467 -0.790566
v 0.558962 -0.130490 -0.788300
v 0.563170 -0.130490 -0.786690
v 0.561617 -0.144533 -0.790566
v 0.562386 -0.145654 -0.794841
v 0.560513 -0.133025 -0.784424
v 0.559746 -0.132022 -0.780149
v 0.557090 -0.128046 -0.777883
v 0.561298 -0.128046 -0.776272
v 0.559746 -0.141801 -0.780149
v 0.560513 -0.142922 -0.784424
v 0.558642 -0.130581 -0.774006
v 0.557873 -0.129578 -0.769731
v 0.555218 -0.125602 -0.767466
v 0.559427 -0.125602 -0.765855
v 0.557873 -0.139069 -0.769731
v 0.558642 -0.140190 -0.774006
v 0.556771 -0.128137 -0.763589
v 0.556002 -0.127134 -0.759314
v 0.553347 -0.123158 -0.757048
v 0.557554 -0.123158 -0.755438
v 0.556002 -0.136338 -0.759314
v 0.556771 -0.137459 -0.763589
v 0.554899 -0.125693 -0.753172
v 0.554131 -0.124690 -0.748897
v 0.551475 -0.120714 -0.746631
v 0.555683 -0.120714 -0.745020
v 0.554131 -0.133606 -0.748897
v 0.554899 -0.134727 -0.753172
v 0.553027 -0.123249 -0.742754
v 0.552258 -0.122246 -0.738479
v 0.549603 -0.118270 -0.736214
v 0.553812 -0.118270 -0.734603
v 0.552258 -0.130874 -0.738479
v 0.553027 -0.131995 -0.742754
v 0.551156 -0.120805 -0.732337
v 0.550388 -0.119802 -0.728062
v 0.550388 -0.128143 -0.728062
v 0.551156 -0.129264 -0.732337
v 0.360651 -0.114356 -0.715934
v 0.358645 -0.117358 -0.717645
v 0.357878 -0.118361 -0.721920
v 0.359431 -0.115826 -0.725796
v 0.361136 -0.113599 -0.716305
v 0.357094 -0.113382 -0.713768
v 0.355222 -0.115826 -0.724186
v 0.357878 -0.126532 -0.721920
v 0.358769 -0.128508 -0.726095
v 0.355884 -0.132718 -0.723887
v 0.358645 -0.125411 -0.717645
v 0.360601 -0.125834 -0.715896
v 0.357716 -0.130044 -0.713688
v 0.357819 -0.129661 -0.713766
v 0.360651 -0.116330 -0.715934
v 0.357819 -0.129089 -0.713766
v 0.357552 -0.124870 -0.713562
v 0.356775 -0.119802 -0.728062
v 0.356006 -0.120805 -0.732337
v 0.357559 -0.118270 -0.736214
v 0.353350 -0.118270 -0.734603
v 0.356006 -0.129264 -0.732337
v 0.356897 -0.131240 -0.736512
v 0.354012 -0.135450 -0.734304
v 0.356775 -0.128143 -0.728062
v 0.354903 -0.122246 -0.738479
v 0.354135 -0.123249 -0.742754
v 0.355687 -0.120714 -0.746631
v 0.351479 -0.120714 -0.745020
v 0.354135 -0.131995 -0.742754
v 0.355025 -0.133971 -0.746929
v 0.352141 -0.138181 -0.744722
v 0.354903 -0.130874 -0.738479
v 0.353031 -0.124690 -0.748897
v 0.352263 -0.125693 -0.753172
v 0.353816 -0.123158 -0.757048
v 0.349607 -0.123158 -0.755438
v 0.352263 -0.134727 -0.753172
v 0.353154 -0.136703 -0.757347
v 0.350269 -0.140913 -0.755139
v 0.353031 -0.133606 -0.748897
v 0.351160 -0.127134 -0.759314
v 0.350392 -0.128137 -0.763589
v 0.351944 -0.125602 -0.767466
v 0.347735 -0.125602 -0.765855
v 0.350392 -0.137459 -0.763589
v 0.351282 -0.139435 -0.767764
v 0.348397 -0.143645 -0.765556
v 0.351160 -0.136338 -0.759314
v 0.349288 -0.129578 -0.769731
v 0.348520 -0.130581 -0.774006
v 0.350072 -0.128046 -0.777883
v 0.345864 -0.128046 -0.776272
v 0.348520 -0.140190 -0.774006
v 0.349410 -0.142166 -0.778181
v 0.346526 -0.146376 -0.775974
v 0.349288 -0.139069 -0.769731
v 0.347416 -0.132022 -0.780149
v 0.346648 -0.133025 -0.784424
v 0.348201 -0.130490 -0.788300
v 0.343992 -0.130490 -0.786690
v 0.346648 -0.142922 -0.784424
v 0.347539 -0.144898 -0.788599
v 0.344654 -0.149108 -0.786391
v 0.347416 -0.141801 -0.780149
v 0.345545 -0.134467 -0.790566
v 0.344776 -0.135470 -0.794841
v 0.346329 -0.132934 -0.798717
v 0.342120 -0.132934 -0.797107
v 0.344776 -0.145654 -0.794841
v 0.345667 -0.147630 -0.799016
v 0.342782 -0.151840 -0.796808
v 0.345545 -0.144533 -0.790566
v 0.343673 -0.136911 -0.800983
v 0.342905 -0.137914 -0.805258
v 0.344457 -0.135379 -0.809135
v 0.340249 -0.135379 -0.807524
v 0.342905 -0.148385 -0.805258
v 0.343795 -0.150361 -0.809433
v 0.340911 -0.154571 -0.807226
v 0.343673 -0.147264 -0.800983
v 0.341801 -0.139355 -0.811401
v 0.341033 -0.140358 -0.815676
v 0.341033 -0.151117 -0.815676
v 0.341801 -0.149996 -0.811401
v 0.341801 0.169730 -0.811401
v 0.341033 0.170851 -0.815676
v 0.341924 0.172827 -0.819851
v 0.343795 0.170095 -0.809434
v 0.340911 0.174305 -0.807226
v 0.339039 0.177037 -0.817643
v 0.341033 0.160092 -0.815676
v 0.342586 0.157557 -0.819552
v 0.338377 0.157557 -0.817942
v 0.341801 0.159089 -0.811401
v 0.344457 0.155113 -0.809135
v 0.340249 0.155113 -0.807524
v 0.341801 0.152577 -0.811401
v 0.341033 0.153580 -0.815676
v 0.341033 0.142784 -0.815676
v 0.342586 0.140181 -0.819552
v 0.338377 0.140181 -0.817942
v 0.341801 0.141899 -0.811401
v 0.344457 0.138025 -0.809135
v 0.340249 0.138025 -0.807524
v 0.341801 0.135423 -0.811401
v 0.341033 0.136308 -0.815676
v 0.341033 0.125478 -0.815676
v 0.342586 0.122806 -0.819552
v 0.338377 0.122806 -0.817942
v 0.341801 0.124711 -0.811401
v 0.344457 0.120937 -0.809135
v 0.340249 0.120937 -0.807524
v 0.341801 0.118266 -0.811401
v 0.341033 0.119033 -0.815676
v 0.341033 0.108174 -0.815676
v 0.342586 0.105431 -0.819552
v 0.338377 0.105431 -0.817942
v 0.341801 0.107525 -0.811401
v 0.344457 0.103849 -0.809135
v 0.340249 0.103849 -0.807524
v 0.341801 0.101107 -0.811401
v 0.341033 0.101756 -0.815676
v 0.341033 0.090872 -0.815676
v 0.342586 0.088056 -0.819552
v 0.338377 0.088056 -0.817942
v 0.341801 0.090341 -0.811401
v 0.344457 0.086762 -0.809135
v 0.340249 0.086762 -0.807524
v 0.341801 0.083945 -0.811401
v 0.341033 0.084476 -0.815676
v 0.341033 0.073573 -0.815676
v 0.342586 0.070680 -0.819552
v 0.338377 0.070680 -0.817942
v 0.341801 0.073160 -0.811401
v 0.344457 0.069674 -0.809135
v 0.340249 0.069674 -0.807524
v 0.341801 0.066782 -0.811401
v 0.341033 0.067195 -0.815676
v 0.341033 0.056275 -0.815676
v 0.342586 0.053305 -0.819552
v 0.338377 0.053305 -0.817942
v 0.341801 0.055980 -0.811401
v 0.344457 0.052586 -0.809135
v 0.340249 0.052586 -0.807524
v 0.341801 0.049616 -0.811401
v 0.341033 0.049911 -0.815676
v 0.341033 0.038980 -0.815676
v 0.342586 0.035930 -0.819552
v 0.338377 0.035930 -0.817942
v 0.341801 0.038803 -0.811401
v 0.344457 0.035499 -0.809135
v 0.340249 0.035499 -0.807524
v 0.341801 0.032448 -0.811401
v 0.341033 0.032625 -0.815676
v 0.341033 0.021688 -0.815676
v 0.342586 0.018555 -0.819552
v 0.338377 0.018555 -0.817942
v 0.341801 0.021629 -0.811401
v 0.344457 0.018411 -0.809135
v 0.340249 0.018411 -0.807524
v 0.341801 0.015278 -0.811401
v 0.341033 0.015337 -0.815676
v 0.341033 0.004397 -0.815676
v 0.342586 0.001179 -0.819552
v 0.338377 0.001179 -0.817942
v 0.341801 0.004456 -0.811401
v 0.344457 0.001323 -0.809135
v 0.340249 0.001323 -0.807524
v 0.341801 -0.001895 -0.811401
v 0.341033 -0.001954 -0.815676
v 0.341033 -0.012891 -0.815676
v 0.342586 -0.016196 -0.819552
v 0.338377 -0.016196 -0.817942
v 0.341801 -0.012714 -0.811401
v 0.344457 -0.015765 -0.809135
v 0.340249 -0.015765 -0.807524
v 0.341801 -0.019069 -0.811401
v 0.341033 -0.019246 -0.815676
v 0.341033 -0.030177 -0.815676
v 0.342586 -0.033571 -0.819552
v 0.338377 -0.033571 -0.817942
v 0.341801 -0.029882 -0.811401
v 0.344457 -0.032852 -0.809135
v 0.340249 -0.032852 -0.807524
v 0.341801 -0.036246 -0.811401
v 0.341033 -0.036541 -0.815676
v 0.341033 -0.047461 -0.815676
v 0.342586 -0.050946 -0.819552
v 0.338377 -0.050946 -0.817942
v 0.341801 -0.047048 -0.811401
v 0.344457 -0.049940 -0.809135
v 0.340249 -0.049940 -0.807524
v 0.341801 -0.053425 -0.811401
v 0.341033 -0.053839 -0.815676
v 0.341033 -0.064742 -0.815676
v 0.342586 -0.068322 -0.819552
v 0.338377 -0.068322 -0.817942
v 0.341801 -0.064211 -0.811401
v 0.344457 -0.067028 -0.809135
v 0.340249 -0.067028 -0.807524
v 0.341801 -0.070607 -0.811401
v 0.341033 -0.071138 -0.815676
v 0.341033 -0.082022 -0.815676
v 0.342586 -0.085697 -0.819552
v 0.338377 -0.085697 -0.817941
v 0.341801 -0.081373 -0.811401
v 0.344457 -0.084115 -0.809135
v 0.340249 -0.084115 -0.807524
v 0.341801 -0.087791 -0.811401
v 0.341033 -0.088440 -0.815676
v 0.341033 -0.099299 -0.815676
v 0.342586 -0.103072 -0.819552
v 0.338377 -0.103072 -0.817941
v 0.341801 -0.098532 -0.811401
v 0.344457 -0.101203 -0.809135
v 0.340249 -0.101203 -0.807524
v 0.341801 -0.104977 -0.811401
v 0.341033 -0.105744 -0.815676
v 0.341033 -0.116574 -0.815676
v 0.342586 -0.120447 -0.819552
v 0.338377 -0.120447 -0.817941
v 0.341801 -0.115689 -0.811401
v 0.344457 -0.118291 -0.809135
v 0.340249 -0.118291 -0.807524
v 0.341801 -0.122165 -0.811401
v 0.341033 -0.123050 -0.815676
v 0.341033 -0.133846 -0.815676
v 0.341801 -0.132843 -0.811401
v 0.343673 0.166998 -0.800983
v 0.342905 0.168119 -0.805259
v 0.345667 0.167364 -0.799016
v 0.342782 0.171574 -0.796808
v 0.342905 0.157648 -0.805259
v 0.343673 0.156645 -0.800983
v 0.346329 0.152668 -0.798718
v 0.342120 0.152668 -0.797107
v 0.343673 0.150133 -0.800983
v 0.342905 0.151136 -0.805259
v 0.342905 0.140627 -0.805258
v 0.343673 0.139742 -0.800983
v 0.346329 0.135868 -0.798718
v 0.342120 0.135868 -0.797107
v 0.343673 0.133266 -0.800983
v 0.342905 0.134151 -0.805258
v 0.342905 0.123609 -0.805258
v 0.343673 0.122842 -0.800983
v 0.346329 0.119068 -0.798718
v 0.342120 0.119068 -0.797107
v 0.343673 0.116397 -0.800983
v 0.342905 0.117164 -0.805258
v 0.342905 0.106592 -0.805258
v 0.343673 0.105943 -0.800983
v 0.346329 0.102268 -0.798718
v 0.342120 0.102268 -0.797107
v 0.343673 0.099525 -0.800983
v 0.342905 0.100174 -0.805258
v 0.342905 0.089578 -0.805258
v 0.343673 0.089047 -0.800983
v 0.346329 0.085468 -0.798718
v 0.342120 0.085468 -0.797107
v 0.343673 0.082651 -0.800983
v 0.342905 0.083182 -0.805258
v 0.342905 0.072566 -0.805258
v 0.343673 0.072153 -0.800983
v 0.346329 0.068668 -0.798718
v 0.342120 0.068668 -0.797107
v 0.343673 0.065775 -0.800983
v 0.342905 0.066188 -0.805258
v 0.342905 0.055556 -0.805258
v 0.343673 0.055261 -0.800983
v 0.346329 0.051867 -0.798718
v 0.342120 0.051867 -0.797107
v 0.343673 0.048897 -0.800983
v 0.342905 0.049192 -0.805258
v 0.342905 0.038549 -0.805258
v 0.343673 0.038372 -0.800983
v 0.346329 0.035067 -0.798718
v 0.342120 0.035067 -0.797107
v 0.343673 0.032017 -0.800983
v 0.342905 0.032194 -0.805258
v 0.342905 0.021544 -0.805258
v 0.343673 0.021485 -0.800983
v 0.346329 0.018267 -0.798718
v 0.342120 0.018267 -0.797107
v 0.343673 0.015134 -0.800983
v 0.342905 0.015193 -0.805258
v 0.342905 0.004541 -0.805258
v 0.343673 0.004600 -0.800983
v 0.346329 0.001467 -0.798718
v 0.342120 0.001467 -0.797107
v 0.343673 -0.001751 -0.800983
v 0.342905 -0.001810 -0.805258
v 0.342905 -0.012460 -0.805258
v 0.343673 -0.012283 -0.800983
v 0.346329 -0.015333 -0.798718
v 0.342120 -0.015333 -0.797107
v 0.343673 -0.018638 -0.800983
v 0.342905 -0.018815 -0.805258
v 0.342905 -0.029458 -0.805258
v 0.343673 -0.029163 -0.800983
v 0.346329 -0.032133 -0.798718
v 0.342120 -0.032133 -0.797107
v 0.343673 -0.035527 -0.800983
v 0.342905 -0.035822 -0.805258
v 0.342905 -0.046454 -0.805258
v 0.343673 -0.046041 -0.800983
v 0.346329 -0.048934 -0.798717
v 0.342120 -0.048934 -0.797107
v 0.343673 -0.052419 -0.800983
v 0.342905 -0.052832 -0.805258
v 0.342905 -0.063448 -0.805258
v 0.343673 -0.062917 -0.800983
v 0.346329 -0.065734 -0.798717
v 0.342120 -0.065734 -0.797107
v 0.343673 -0.069313 -0.800983
v 0.342905 -0.069844 -0.805258
v 0.342905 -0.080440 -0.805258
v 0.343673 -0.079791 -0.800983
v 0.346329 -0.082534 -0.798717
v 0.342120 -0.082534 -0.797107
v 0.343673 -0.086209 -0.800983
v 0.342905 -0.086858 -0.805258
v 0.342905 -0.097430 -0.805258
v 0.343673 -0.096663 -0.800983
v 0.346329 -0.099334 -0.798717
v 0.342120 -0.099334 -0.797107
v 0.343673 -0.103108 -0.800983
v 0.342905 -0.103875 -0.805258
v 0.342905 -0.114417 -0.805258
v 0.343673 -0.113532 -0.800983
v 0.346329 -0.116134 -0.798717
v 0.342120 -0.116134 -0.797107
v 0.343673 -0.120008 -0.800983
v 0.342905 -0.120893 -0.805258
v 0.342905 -0.131402 -0.805258
v 0.343673 -0.130399 -0.800983
v 0.345545 0.164267 -0.790566
v 0.344776 0.165388 -0.794841
v 0.347539 0.164632 -0.788599
v 0.344654 0.168842 -0.786391
v 0.344776 0.155204 -0.794841
v 0.345545 0.154201 -0.790566
v 0.348201 0.150224 -0.788300
v 0.343992 0.150224 -0.786690
v 0.345545 0.147689 -0.790566
v 0.344776 0.148692 -0.794841
v 0.344776 0.138471 -0.794841
v 0.345545 0.137586 -0.790566
v 0.348201 0.133712 -0.788300
v 0.343992 0.133712 -0.786690
v 0.345545 0.131109 -0.790566
v 0.344776 0.131994 -0.794841
v 0.344776 0.121740 -0.794841
v 0.345545 0.120973 -0.790566
v 0.348201 0.117199 -0.788300
v 0.343992 0.117199 -0.786690
v 0.345545 0.114528 -0.790566
v 0.344776 0.115295 -0.794841
v 0.344776 0.105011 -0.794841
v 0.345545 0.104362 -0.790566
v 0.348201 0.100686 -0.788300
v 0.343992 0.100686 -0.786690
v 0.345545 0.097944 -0.790566
v 0.344776 0.098593 -0.794841
v 0.344776 0.088284 -0.794841
v 0.345545 0.087753 -0.790566
v 0.348201 0.084174 -0.788300
v 0.343992 0.084174 -0.786690
v 0.345545 0.081357 -0.790566
v 0.344776 0.081888 -0.794841
v 0.344776 0.071560 -0.794841
v 0.345545 0.071147 -0.790566
v 0.348201 0.067661 -0.788300
v 0.343992 0.067661 -0.786690
v 0.345545 0.064769 -0.790566
v 0.344776 0.065182 -0.794841
v 0.344776 0.054838 -0.794841
v 0.345545 0.054543 -0.790566
v 0.348201 0.051149 -0.788300
v 0.343992 0.051149 -0.786690
v 0.345545 0.048178 -0.790566
v 0.344776 0.048473 -0.794841
v 0.344776 0.038118 -0.794841
v 0.345545 0.037941 -0.790566
v 0.348201 0.034636 -0.788300
v 0.343992 0.034636 -0.786690
v 0.345545 0.031586 -0.790566
v 0.344776 0.031763 -0.794841
v 0.344776 0.021400 -0.794841
v 0.345545 0.021341 -0.790566
v 0.348201 0.018123 -0.788300
v 0.343992 0.018123 -0.786690
v 0.345545 0.014990 -0.790566
v 0.344776 0.015049 -0.794841
v 0.344776 0.004685 -0.794841
v 0.345545 0.004744 -0.790566
v 0.348201 0.001611 -0.788300
v 0.343992 0.001611 -0.786690
v 0.345545 -0.001607 -0.790566
v 0.344776 -0.001666 -0.794841
v 0.344776 -0.012029 -0.794841
v 0.345545 -0.011852 -0.790566
v 0.348201 -0.014902 -0.788300
v 0.343992 -0.014902 -0.786690
v 0.345545 -0.018207 -0.790566
v 0.344776 -0.018384 -0.794841
v 0.344776 -0.028739 -0.794841
v 0.345545 -0.028444 -0.790566
v 0.348201 -0.031415 -0.788300
v 0.343992 -0.031415 -0.786690
v 0.345545 -0.034809 -0.790566
v 0.344776 -0.035104 -0.794841
v 0.344776 -0.045448 -0.794841
v 0.345545 -0.045035 -0.790566
v 0.348201 -0.047927 -0.788300
v 0.343992 -0.047927 -0.786690
v 0.345545 -0.051413 -0.790566
v 0.344776 -0.051826 -0.794841
v 0.344776 -0.062154 -0.794841
v 0.345545 -0.061623 -0.790566
v 0.348201 -0.064440 -0.788300
v 0.343992 -0.064440 -0.786690
v 0.345545 -0.068019 -0.790566
v 0.344776 -0.068550 -0.794841
v 0.344776 -0.078859 -0.794841
v 0.345545 -0.078210 -0.790566
v 0.348201 -0.080952 -0.788300
v 0.343992 -0.080952 -0.786690
v 0.345545 -0.084628 -0.790566
v 0.344776 -0.085277 -0.794841
v 0.344776 -0.095561 -0.794841
v 0.345545 -0.094794 -0.790566
v 0.348201 -0.097465 -0.788300
v 0.343992 -0.097465 -0.786690
v 0.345545 -0.101239 -0.790566
v 0.344776 -0.102006 -0.794841
v 0.344776 -0.112260 -0.794841
v 0.345545 -0.111375 -0.790566
v 0.348201 -0.113978 -0.788300
v 0.343992 -0.113978 -0.786690
v 0.345545 -0.117851 -0.790566
v 0.344776 -0.118736 -0.794841
v 0.344776 -0.128958 -0.794841
v 0.345545 -0.127955 -0.790566
v 0.347416 0.161535 -0.780149
v 0.346648 0.162656 -0.784424
v 0.349410 0.161900 -0.778182
v 0.346526 0.166110 -0.775974
v 0.346648 0.152760 -0.784424
v 0.347416 0.151757 -0.780149
v 0.350072 0.147780 -0.777883
v 0.345864 0.147780 -0.776272
v 0.347416 0.145245 -0.780149
v 0.346648 0.146248 -0.784424
v 0.346648 0.136314 -0.784424
v 0.347416 0.135429 -0.780149
v 0.350072 0.131555 -0.777883
v 0.345864 0.131555 -0.776272
v 0.347416 0.128953 -0.780149
v 0.346648 0.129838 -0.784424
v 0.346648 0.119871 -0.784424
v 0.347416 0.119104 -0.780149
v 0.350072 0.115330 -0.777883
v 0.345864 0.115330 -0.776272
v 0.347416 0.112659 -0.780149
v 0.346648 0.113426 -0.784424
v 0.346648 0.103429 -0.784424
v 0.347416 0.102780 -0.780149
v 0.350072 0.099105 -0.777883
v 0.345864 0.099105 -0.776272
v 0.347416 0.096362 -0.780149
v 0.346648 0.097011 -0.784424
v 0.346648 0.086990 -0.784424
v 0.347416 0.086459 -0.780149
v 0.350072 0.082880 -0.777883
v 0.345864 0.082880 -0.776272
v 0.347416 0.080064 -0.780149
v 0.346648 0.080595 -0.784424
v 0.346648 0.070553 -0.784424
v 0.347416 0.070140 -0.780149
v 0.350072 0.066655 -0.777883
v 0.345864 0.066655 -0.776272
v 0.347416 0.063763 -0.780149
v 0.346648 0.064176 -0.784424
v 0.346648 0.054119 -0.784424
v 0.347416 0.053824 -0.780149
v 0.350072 0.050430 -0.777883
v 0.345864 0.050430 -0.776272
v 0.347416 0.047460 -0.780149
v 0.346648 0.047755 -0.784424
v 0.346648 0.037686 -0.784424
v 0.347416 0.037509 -0.780149
v 0.350072 0.034205 -0.777883
v 0.345864 0.034205 -0.776272
v 0.347416 0.031154 -0.780149
v 0.346648 0.031331 -0.784424
v 0.346648 0.021256 -0.784424
v 0.347416 0.021197 -0.780149
v 0.350072 0.017980 -0.777883
v 0.345864 0.017980 -0.776272
v 0.347416 0.014847 -0.780149
v 0.346648 0.014906 -0.784424
v 0.346648 0.004828 -0.784424
v 0.347416 0.004887 -0.780149
v 0.350072 0.001754 -0.777883
v 0.345864 0.001754 -0.776272
v 0.347416 -0.001463 -0.780149
v 0.346648 -0.001522 -0.784424
v 0.346648 -0.011597 -0.784424
v 0.347416 -0.011420 -0.780149
v 0.350072 -0.014471 -0.777883
v 0.345864 -0.014471 -0.776272
v 0.347416 -0.017775 -0.780149
v 0.346648 -0.017952 -0.784424
v 0.346648 -0.028021 -0.784424
v 0.347416 -0.027726 -0.780149
v 0.350072 -0.030696 -0.777883
v 0.345864 -0.030696 -0.776272
v 0.347416 -0.034090 -0.780149
v 0.346648 -0.034385 -0.784424
v 0.346648 -0.044442 -0.784424
v 0.347416 -0.044029 -0.780149
v 0.350072 -0.046921 -0.777883
v 0.345864 -0.046921 -0.776272
v 0.347416 -0.050406 -0.780149
v 0.346648 -0.050819 -0.784424
v 0.346648 -0.060860 -0.784424
v 0.347416 -0.060329 -0.780149
v 0.350072 -0.063146 -0.777883
v 0.345864 -0.063146 -0.776272
v 0.347416 -0.066725 -0.780149
v 0.346648 -0.067256 -0.784424
v 0.346648 -0.077277 -0.784424
v 0.347416 -0.076628 -0.780149
v 0.350072 -0.079371 -0.777883
v 0.345864 -0.079371 -0.776272
v 0.347416 -0.083046 -0.780149
v 0.346648 -0.083695 -0.784424
v 0.346648 -0.093692 -0.784424
v 0.347416 -0.092925 -0.780149
v 0.350072 -0.095596 -0.777883
v 0.345864 -0.095596 -0.776272
v 0.347416 -0.099369 -0.780149
v 0.346648 -0.100136 -0.784424
v 0.346648 -0.110104 -0.784424
v 0.347416 -0.109219 -0.780149
v 0.350072 -0.111821 -0.777883
v 0.345864 -0.111821 -0.776272
v 0.347416 -0.115695 -0.780149
v 0.346648 -0.116580 -0.784424
v 0.346648 -0.126514 -0.784424
v 0.347416 -0.125511 -0.780149
v 0.349288 0.158803 -0.769732
v 0.348520 0.159924 -0.774007
v 0.351282 0.159169 -0.767764
v 0.348397 0.163379 -0.765557
v 0.348520 0.150315 -0.774007
v 0.349288 0.149312 -0.769732
v 0.351944 0.145336 -0.767466
v 0.347735 0.145336 -0.765855
v 0.349288 0.142801 -0.769732
v 0.348520 0.143804 -0.774007
v 0.348520 0.134157 -0.774007
v 0.349288 0.133272 -0.769732
v 0.351944 0.129399 -0.767466
v 0.347735 0.129399 -0.765855
v 0.349288 0.126796 -0.769732
v 0.348520 0.127681 -0.774007
v 0.348520 0.118002 -0.774007
v 0.349288 0.117235 -0.769732
v 0.351944 0.113461 -0.767466
v 0.347735 0.113461 -0.765855
v 0.349288 0.110790 -0.769732
v 0.348520 0.111557 -0.774007
v 0.348520 0.101848 -0.774007
v 0.349288 0.101199 -0.769731
v 0.351944 0.097524 -0.767466
v 0.347735 0.097524 -0.765855
v 0.349288 0.094781 -0.769731
v 0.348520 0.095430 -0.774006
v 0.348520 0.085696 -0.774006
v 0.349288 0.085165 -0.769731
v 0.351944 0.081586 -0.767466
v 0.347735 0.081586 -0.765855
v 0.349288 0.078770 -0.769731
v 0.348520 0.079301 -0.774006
v 0.348520 0.069547 -0.774006
v 0.349288 0.069134 -0.769731
v 0.351944 0.065648 -0.767466
v 0.347735 0.065648 -0.765855
v 0.349288 0.062756 -0.769731
v 0.348520 0.063169 -0.774006
v 0.348520 0.053400 -0.774006
v 0.349288 0.053105 -0.769731
v 0.351944 0.049711 -0.767466
v 0.347735 0.049711 -0.765855
v 0.349288 0.046741 -0.769731
v 0.348520 0.047036 -0.774006
v 0.348520 0.037255 -0.774006
v 0.349288 0.037078 -0.769731
v 0.351944 0.033773 -0.767466
v 0.347735 0.033773 -0.765855
v 0.349288 0.030723 -0.769731
v 0.348520 0.030900 -0.774006
v 0.348520 0.021112 -0.774006
v 0.349288 0.021053 -0.769731
v 0.351944 0.017836 -0.767466
v 0.347735 0.017836 -0.765855
v 0.349288 0.014703 -0.769731
v 0.348520 0.014762 -0.774006
v 0.348520 0.004972 -0.774006
v 0.349288 0.005031 -0.769731
v 0.351944 0.001898 -0.767466
v 0.347735 0.001898 -0.765855
v 0.349288 -0.001319 -0.769731
v 0.348520 -0.001378 -0.774006
v 0.348520 -0.011166 -0.774006
v 0.349288 -0.010989 -0.769731
v 0.351944 -0.014039 -0.767466
v 0.347735 -0.014039 -0.765855
v 0.349288 -0.017344 -0.769731
v 0.348520 -0.017521 -0.774006
v 0.348520 -0.027302 -0.774006
v 0.349288 -0.027007 -0.769731
v 0.351944 -0.029977 -0.767466
v 0.347735 -0.029977 -0.765855
v 0.349288 -0.033371 -0.769731
v 0.348520 -0.033666 -0.774006
v 0.348520 -0.043435 -0.774006
v 0.349288 -0.043022 -0.769731
v 0.351944 -0.045914 -0.767466
v 0.347735 -0.045914 -0.765855
v 0.349288 -0.049400 -0.769731
v 0.348520 -0.049813 -0.774006
v 0.348520 -0.059567 -0.774006
v 0.349288 -0.059036 -0.769731
v 0.351944 -0.061852 -0.767466
v 0.347735 -0.061852 -0.765855
v 0.349288 -0.065431 -0.769731
v 0.348520 -0.065962 -0.774006
v 0.348520 -0.075696 -0.774006
v 0.349288 -0.075047 -0.769731
v 0.351944 -0.077789 -0.767466
v 0.347735 -0.077789 -0.765855
v 0.349288 -0.081465 -0.769731
v 0.348520 -0.082114 -0.774006
v 0.348520 -0.091823 -0.774006
v 0.349288 -0.091056 -0.769731
v 0.351944 -0.093727 -0.767466
v 0.347735 -0.093727 -0.765855
v 0.349288 -0.097500 -0.769731
v 0.348520 -0.098267 -0.774006
v 0.348520 -0.107947 -0.774006
v 0.349288 -0.107062 -0.769731
v 0.351944 -0.109665 -0.767466
v 0.347735 -0.109665 -0.765855
v 0.349288 -0.113538 -0.769731
v 0.348520 -0.114423 -0.774006
v 0.348520 -0.124070 -0.774006
v 0.349288 -0.123067 -0.769731
v 0.351160 0.156072 -0.759314
v 0.350391 0.157193 -0.763589
v 0.353154 0.156437 -0.757347
v 0.350269 0.160647 -0.755139
v 0.350391 0.147871 -0.763589
v 0.351160 0.146868 -0.759314
v 0.353816 0.142892 -0.757048
v 0.349607 0.142892 -0.755438
v 0.351160 0.140357 -0.759314
v 0.350391 0.141360 -0.763589
v 0.350391 0.132001 -0.763589
v 0.351160 0.131116 -0.759314
v 0.353816 0.127242 -0.757048
v 0.349607 0.127242 -0.755438
v 0.351160 0.124640 -0.759314
v 0.350391 0.125525 -0.763589
v 0.350391 0.116133 -0.763589
v 0.351160 0.115366 -0.759314
v 0.353816 0.111592 -0.757048
v 0.349607 0.111592 -0.755438
v 0.351160 0.108921 -0.759314
v 0.350391 0.109688 -0.763589
v 0.350391 0.100266 -0.763589
v 0.351160 0.099617 -0.759314
v 0.353816 0.095942 -0.757048
v 0.349607 0.095942 -0.755438
v 0.351160 0.093199 -0.759314
v 0.350391 0.093848 -0.763589
v 0.350391 0.084402 -0.763589
v 0.351160 0.083871 -0.759314
v 0.353816 0.080292 -0.757048
v 0.349607 0.080292 -0.755438
v 0.351160 0.077476 -0.759314
v 0.350391 0.078007 -0.763589
v 0.350391 0.068541 -0.763589
v 0.351160 0.068128 -0.759314
v 0.353816 0.064642 -0.757048
v 0.349607 0.064642 -0.755438
v 0.351160 0.061750 -0.759314
v 0.350391 0.062163 -0.763589
v 0.350391 0.052681 -0.763589
v 0.351160 0.052386 -0.759314
v 0.353816 0.048992 -0.757048
v 0.349607 0.048992 -0.755438
v 0.351160 0.046022 -0.759314
v 0.350391 0.046317 -0.763589
v 0.350391 0.036824 -0.763589
v 0.351160 0.036647 -0.759314
v 0.353816 0.033342 -0.757048
v 0.349607 0.033342 -0.755438
v 0.351160 0.030292 -0.759314
v 0.350391 0.030469 -0.763589
v 0.350391 0.020969 -0.763589
v 0.351160 0.020910 -0.759314
v 0.353816 0.017692 -0.757048
v 0.349607 0.017692 -0.755438
v 0.351160 0.014559 -0.759314
v 0.350391 0.014618 -0.763589
v 0.350391 0.005116 -0.763589
v 0.351160 0.005175 -0.759314
v 0.353816 0.002042 -0.757048
v 0.349607 0.002042 -0.755438
v 0.351160 -0.001176 -0.759314
v 0.350391 -0.001235 -0.763589
v 0.350391 -0.010735 -0.763589
v 0.351160 -0.010558 -0.759314
v 0.353816 -0.013608 -0.757048
v 0.349607 -0.013608 -0.755438
v 0.351160 -0.016913 -0.759314
v 0.350391 -0.017090 -0.763589
v 0.350391 -0.026583 -0.763589
v 0.351160 -0.026288 -0.759314
v 0.353816 -0.029258 -0.757048
v 0.349607 -0.029258 -0.755438
v 0.351160 -0.032652 -0.759314
v 0.350391 -0.032947 -0.763589
v 0.350391 -0.042429 -0.763589
v 0.351160 -0.042016 -0.759314
v 0.353816 -0.044908 -0.757048
v 0.349607 -0.044908 -0.755438
v 0.351160 -0.048393 -0.759314
v 0.350391 -0.048806 -0.763589
v 0.350391 -0.058273 -0.763589
v 0.351160 -0.057742 -0.759314
v 0.353816 -0.060558 -0.757048
v 0.349607 -0.060558 -0.755438
v 0.351160 -0.064137 -0.759314
v 0.350391 -0.064668 -0.763589
v 0.350391 -0.074114 -0.763589
v 0.351160 -0.073465 -0.759314
v 0.353816 -0.076208 -0.757048
v 0.349607 -0.076208 -0.755438
v 0.351160 -0.079883 -0.759314
v 0.350391 -0.080532 -0.763589
v 0.350391 -0.089954 -0.763589
v 0.351160 -0.089187 -0.759314
v 0.353816 -0.091858 -0.757048
v 0.349607 -0.091858 -0.755438
v 0.351160 -0.095631 -0.759314
v 0.350391 -0.096398 -0.763589
v 0.350391 -0.105791 -0.763589
v 0.351160 -0.104906 -0.759314
v 0.353816 -0.107508 -0.757048
v 0.349607 -0.107508 -0.755438
v 0.351160 -0.111382 -0.759314
v 0.350391 -0.112267 -0.763589
v 0.350392 -0.121626 -0.763589
v 0.351160 -0.120623 -0.759314
v 0.353031 0.153340 -0.748897
v 0.352263 0.154461 -0.753172
v 0.355025 0.153705 -0.746930
v 0.352141 0.157915 -0.744722
v 0.352263 0.145427 -0.753172
v 0.353031 0.144424 -0.748897
v 0.355687 0.140448 -0.746631
v 0.351479 0.140448 -0.745020
v 0.353031 0.137913 -0.748897
v 0.352263 0.138916 -0.753172
v 0.352263 0.129844 -0.753172
v 0.353031 0.128959 -0.748897
v 0.355687 0.125085 -0.746631
v 0.351479 0.125085 -0.745020
v 0.353031 0.122483 -0.748897
v 0.352263 0.123368 -0.753172
v 0.352263 0.114263 -0.753172
v 0.353031 0.113497 -0.748897
v 0.355687 0.109723 -0.746631
v 0.351479 0.109723 -0.745020
v 0.353031 0.107052 -0.748897
v 0.352263 0.107819 -0.753172
v 0.352263 0.098685 -0.753172
v 0.353031 0.098036 -0.748897
v 0.355687 0.094361 -0.746631
v 0.351479 0.094361 -0.745020
v 0.353031 0.091618 -0.748897
v 0.352263 0.092267 -0.753172
v 0.352263 0.083108 -0.753172
v 0.353031 0.082577 -0.748897
v 0.355687 0.078998 -0.746631
v 0.351479 0.078998 -0.745020
v 0.353031 0.076182 -0.748897
v 0.352263 0.076713 -0.753172
v 0.352263 0.067534 -0.753172
v 0.353031 0.067121 -0.748897
v 0.355687 0.063636 -0.746631
v 0.351479 0.063636 -0.745020
v 0.353031 0.060744 -0.748897
v 0.352263 0.061157 -0.753172
v 0.352263 0.051962 -0.753172
v 0.353031 0.051667 -0.748897
v 0.355687 0.048273 -0.746631
v 0.351479 0.048273 -0.745020
v 0.353031 0.045303 -0.748897
v 0.352263 0.045598 -0.753172
v 0.352263 0.036392 -0.753172
v 0.353031 0.036215 -0.748897
v 0.355687 0.032911 -0.746631
v 0.351479 0.032911 -0.745020
v 0.353031 0.029860 -0.748897
v 0.352263 0.030037 -0.753172
v 0.352263 0.020825 -0.753172
v 0.353031 0.020766 -0.748897
v 0.355687 0.017548 -0.746631
v 0.351479 0.017548 -0.745020
v 0.353031 0.014415 -0.748897
v 0.352263 0.014474 -0.753172
v 0.352263 0.005260 -0.753172
v 0.353031 0.005319 -0.748897
v 0.355687 0.002186 -0.746631
v 0.351479 0.002186 -0.745020
v 0.353031 -0.001032 -0.748897
v 0.352263 -0.001091 -0.753172
v 0.352263 -0.010303 -0.753172
v 0.353031 -0.010126 -0.748897
v 0.355687 -0.013177 -0.746631
v 0.351479 -0.013177 -0.745020
v 0.353031 -0.016481 -0.748897
v 0.352263 -0.016658 -0.753172
v 0.352263 -0.025864 -0.753172
v 0.353031 -0.025569 -0.748897
v 0.355687 -0.028539 -0.746631
v 0.351479 -0.028539 -0.745020
v 0.353031 -0.031933 -0.748897
v 0.352263 -0.032228 -0.753172
v 0.352263 -0.041422 -0.753172
v 0.353031 -0.041009 -0.748897
v 0.355687 -0.043902 -0.746631
v 0.351479 -0.043902 -0.745020
v 0.353031 -0.047387 -0.748897
v 0.352263 -0.047800 -0.753172
v 0.352263 -0.056979 -0.753172
v 0.353031 -0.056448 -0.748897
v 0.355687 -0.059264 -0.746631
v 0.351479 -0.059264 -0.745020
v 0.353031 -0.062843 -0.748897
v 0.352263 -0.063374 -0.753172
v 0.352263 -0.072533 -0.753172
v 0.353031 -0.071884 -0.748897
v 0.355687 -0.074626 -0.746631
v 0.351479 -0.074626 -0.745020
v 0.353031 -0.078302 -0.748897
v 0.352263 -0.078951 -0.753172
v 0.352263 -0.088084 -0.753172
v 0.353031 -0.087318 -0.748897
v 0.355687 -0.089989 -0.746631
v 0.351479 -0.089989 -0.745020
v 0.353031 -0.093762 -0.748897
v 0.352263 -0.094529 -0.753172
v 0.352263 -0.103634 -0.753172
v 0.353031 -0.102749 -0.748897
v 0.355687 -0.105351 -0.746631
v 0.351479 -0.105351 -0.745020
v 0.353031 -0.109225 -0.748897
v 0.352263 -0.110110 -0.753172
v 0.352263 -0.119182 -0.753172
v 0.353031 -0.118179 -0.748897
v 0.354903 0.150609 -0.738480
v 0.354135 0.151730 -0.742755
v 0.356897 0.150974 -0.736512
v 0.354012 0.155184 -0.734305
v 0.354135 0.142983 -0.742755
v 0.354903 0.141980 -0.738480
v 0.357559 0.138004 -0.736214
v 0.353350 0.138004 -0.734603
v 0.354903 0.135469 -0.738480
v 0.354135 0.136472 -0.742755
v 0.354135 0.127688 -0.742755
v 0.354903 0.126803 -0.738480
v 0.357559 0.122929 -0.736214
v 0.353350 0.122929 -0.734603
v 0.354903 0.120327 -0.738480
v 0.354135 0.121212 -0.742755
v 0.354135 0.112394 -0.742755
v 0.354903 0.111628 -0.738480
v 0.357559 0.107854 -0.736214
v 0.353350 0.107854 -0.734603
v 0.354903 0.105183 -0.738480
v 0.354135 0.105950 -0.742755
v 0.354135 0.097103 -0.742755
v 0.354903 0.096454 -0.738480
v 0.357559 0.092779 -0.736214
v 0.353350 0.092779 -0.734603
v 0.354903 0.090036 -0.738480
v 0.354135 0.090685 -0.742755
v 0.354135 0.081814 -0.742755
v 0.354903 0.081283 -0.738480
v 0.357559 0.077704 -0.736214
v 0.353350 0.077704 -0.734603
v 0.354903 0.074888 -0.738480
v 0.354135 0.075419 -0.742755
v 0.354135 0.066528 -0.742755
v 0.354903 0.066115 -0.738479
v 0.357559 0.062629 -0.736214
v 0.353350 0.062629 -0.734603
v 0.354903 0.059737 -0.738479
v 0.354135 0.060150 -0.742755
v 0.354135 0.051243 -0.742755
v 0.354903 0.050948 -0.738479
v 0.357559 0.047554 -0.736214
v 0.353350 0.047554 -0.734603
v 0.354903 0.044584 -0.738479
v 0.354135 0.044879 -0.742755
v 0.354135 0.035961 -0.742755
v 0.354903 0.035784 -0.738479
v 0.357559 0.032479 -0.736214
v 0.353350 0.032479 -0.734603
v 0.354903 0.029429 -0.738479
v 0.354135 0.029606 -0.742755
v 0.354135 0.020681 -0.742754
v 0.354903 0.020622 -0.738479
v 0.357559 0.017405 -0.736214
v 0.353350 0.017405 -0.734603
v 0.354903 0.014272 -0.738479
v 0.354135 0.014331 -0.742754
v 0.354135 0.005403 -0.742754
v 0.354903 0.005462 -0.738479
v 0.357559 0.002330 -0.736214
v 0.353350 0.002330 -0.734603
v 0.354903 -0.000888 -0.738479
v 0.354135 -0.000947 -0.742754
v 0.354135 -0.009872 -0.742754
v 0.354903 -0.009695 -0.738479
v 0.357559 -0.012745 -0.736214
v 0.353350 -0.012745 -0.734603
v 0.354903 -0.016050 -0.738479
v 0.354135 -0.016227 -0.742754
v 0.354135 -0.025145 -0.742754
v 0.354903 -0.024850 -0.738479
v 0.357559 -0.027820 -0.736214
v 0.353350 -0.027820 -0.734603
v 0.354903 -0.031214 -0.738479
v 0.354135 -0.031509 -0.742754
v 0.354135 -0.040416 -0.742754
v 0.354903 -0.040003 -0.738479
v 0.357559 -0.042895 -0.736214
v 0.353350 -0.042895 -0.734603
v 0.354903 -0.046381 -0.738479
v 0.354135 -0.046794 -0.742754
v 0.354135 -0.055685 -0.742754
v 0.354903 -0.055154 -0.738479
v 0.357559 -0.057970 -0.736214
v 0.353350 -0.057970 -0.734603
v 0.354903 -0.061549 -0.738479
v 0.354135 -0.062080 -0.742754
v 0.354135 -0.070951 -0.742754
v 0.354903 -0.070302 -0.738479
v 0.357559 -0.073045 -0.736214
v 0.353350 -0.073045 -0.734603
v 0.354903 -0.076720 -0.738479
v 0.354135 -0.077369 -0.742754
v 0.354135 -0.086215 -0.742754
v 0.354903 -0.085448 -0.738479
v 0.357559 -0.088120 -0.736214
v 0.353350 -0.088120 -0.734603
v 0.354903 -0.091893 -0.738479
v 0.354135 -0.092660 -0.742754
v 0.354135 -0.101478 -0.742754
v 0.354903 -0.100593 -0.738479
v 0.357559 -0.103195 -0.736214
v 0.353350 -0.103195 -0.734603
v 0.354903 -0.107069 -0.738479
v 0.354135 -0.107954 -0.742754
v 0.354135 -0.116738 -0.742754
v 0.354903 -0.115735 -0.738479
v 0.356775 0.147877 -0.728062
v 0.356006 0.148998 -0.732337
v 0.358769 0.148242 -0.726095
v 0.355884 0.152452 -0.723887
v 0.356006 0.140539 -0.732337
v 0.356775 0.139536 -0.728062
v 0.359431 0.135560 -0.725796
v 0.355222 0.135560 -0.724186
v 0.356775 0.133025 -0.728062
v 0.356006 0.134028 -0.732337
v 0.356006 0.125531 -0.732337
v 0.356775 0.124646 -0.728062
v 0.359431 0.120772 -0.725796
v 0.355222 0.120772 -0.724186
v 0.356775 0.118170 -0.728062
v 0.356006 0.119055 -0.732337
v 0.356006 0.110525 -0.732337
v 0.356775 0.109758 -0.728062
v 0.359431 0.105985 -0.725796
v 0.355222 0.105985 -0.724186
v 0.356775 0.103314 -0.728062
v 0.356006 0.104081 -0.732337
v 0.356006 0.095522 -0.732337
v 0.356775 0.094873 -0.728062
v 0.359431 0.091198 -0.725796
v 0.355222 0.091198 -0.724186
v 0.356775 0.088455 -0.728062
v 0.356006 0.089104 -0.732337
v 0.356006 0.080521 -0.732337
v 0.356775 0.079990 -0.728062
v 0.359431 0.076410 -0.725796
v 0.355222 0.076410 -0.724186
v 0.356775 0.073594 -0.728062
v 0.356006 0.074125 -0.732337
v 0.356006 0.065521 -0.732337
v 0.356775 0.065108 -0.728062
v 0.359431 0.061623 -0.725796
v 0.355222 0.061623 -0.724186
v 0.356775 0.058731 -0.728062
v 0.356006 0.059144 -0.732337
v 0.356006 0.050524 -0.732337
v 0.356775 0.050230 -0.728062
v 0.359431 0.046836 -0.725796
v 0.355222 0.046836 -0.724186
v 0.356775 0.043865 -0.728062
v 0.356006 0.044160 -0.732337
v 0.356006 0.035530 -0.732337
v 0.356775 0.035353 -0.728062
v 0.359431 0.032048 -0.725796
v 0.355222 0.032048 -0.724186
v 0.356775 0.028998 -0.728062
v 0.356006 0.029175 -0.732337
v 0.356006 0.020537 -0.732337
v 0.356775 0.020478 -0.728062
v 0.359431 0.017261 -0.725796
v 0.355222 0.017261 -0.724186
v 0.356775 0.014128 -0.728062
v 0.356006 0.014187 -0.732337
v 0.356006 0.005547 -0.732337
v 0.356775 0.005606 -0.728062
v 0.359431 0.002473 -0.725796
v 0.355222 0.002473 -0.724186
v 0.356775 -0.000744 -0.728062
v 0.356006 -0.000803 -0.732337
v 0.356006 -0.009441 -0.732337
v 0.356775 -0.009264 -0.728062
v 0.359431 -0.012314 -0.725796
v 0.355222 -0.012314 -0.724186
v 0.356775 -0.015619 -0.728062
v 0.356006 -0.015796 -0.732337
v 0.356006 -0.024426 -0.732337
v 0.356775 -0.024131 -0.728062
v 0.359431 -0.027101 -0.725796
v 0.355222 -0.027101 -0.724186
v 0.356775 -0.030495 -0.728062
v 0.356006 -0.030790 -0.732337
v 0.356006 -0.039410 -0.732337
v 0.356775 -0.038997 -0.728062
v 0.359431 -0.041889 -0.725796
v 0.355222 -0.041889 -0.724186
v 0.356775 -0.045374 -0.728062
v 0.356006 -0.045787 -0.732337
v 0.356006 -0.054391 -0.732337
v 0.356775 -0.053860 -0.728062
v 0.359431 -0.056676 -0.725796
v 0.355222 -0.056676 -0.724186
v 0.356775 -0.060255 -0.728062
v 0.356006 -0.060786 -0.732337
v 0.356006 -0.069370 -0.732337
v 0.356775 -0.068721 -0.728062
v 0.359431 -0.071464 -0.725796
v 0.355222 -0.071464 -0.724186
v 0.356775 -0.075139 -0.728062
v 0.356006 -0.075788 -0.732337
v 0.356006 -0.084346 -0.732337
v 0.356775 -0.083579 -0.728062
v 0.359431 -0.086251 -0.725796
v 0.355222 -0.086251 -0.724186
v 0.356775 -0.090024 -0.728062
v 0.356006 -0.090791 -0.732337
v 0.356006 -0.099321 -0.732337
v 0.356775 -0.098436 -0.728062
v 0.359431 -0.101038 -0.725796
v 0.355222 -0.101038 -0.724186
v 0.356775 -0.104912 -0.728062
v 0.356006 -0.105797 -0.732337
v 0.356006 -0.114293 -0.732337
v 0.356775 -0.113290 -0.728062
v 0.360601 0.145568 -0.715896
v 0.358645 0.145145 -0.717645
v 0.357878 0.146266 -0.721920
v 0.357716 0.149778 -0.713688
v 0.357819 0.149395 -0.713767
v 0.357878 0.138095 -0.721920
v 0.358645 0.137092 -0.717645
v 0.360651 0.134090 -0.715934
v 0.361136 0.133333 -0.716305
v 0.357094 0.133116 -0.713768
v 0.360499 0.144912 -0.715818
v 0.357552 0.144602 -0.713562
v 0.360651 0.132494 -0.715934
v 0.358645 0.130581 -0.717645
v 0.357878 0.131583 -0.721920
v 0.357878 0.123375 -0.721920
v 0.358645 0.122490 -0.717645
v 0.360651 0.119565 -0.715934
v 0.361137 0.118806 -0.716299
v 0.357094 0.118616 -0.713768
v 0.360651 0.117978 -0.715934
v 0.358645 0.116014 -0.717645
v 0.357878 0.116899 -0.721920
v 0.357878 0.108656 -0.721920
v 0.358645 0.107889 -0.717645
v 0.360651 0.105041 -0.715934
v 0.361136 0.104282 -0.716305
v 0.357094 0.104116 -0.713768
v 0.360651 0.103461 -0.715934
v 0.358645 0.101445 -0.717645
v 0.357878 0.102212 -0.721920
v 0.357878 0.093940 -0.721920
v 0.358645 0.093291 -0.717645
v 0.360651 0.090517 -0.715934
v 0.361136 0.089757 -0.716305
v 0.357094 0.089616 -0.713768
v 0.360651 0.088944 -0.715934
v 0.358645 0.086873 -0.717645
v 0.357878 0.087522 -0.721920
v 0.357878 0.079227 -0.721920
v 0.358645 0.078696 -0.717645
v 0.360651 0.075994 -0.715934
v 0.361136 0.075231 -0.716305
v 0.357094 0.075116 -0.713768
v 0.360651 0.074426 -0.715934
v 0.358645 0.072300 -0.717645
v 0.357878 0.072831 -0.721920
v 0.357878 0.064515 -0.721920
v 0.358645 0.064102 -0.717645
v 0.360651 0.061471 -0.715934
v 0.361136 0.060706 -0.716305
v 0.357094 0.060617 -0.713768
v 0.360651 0.059908 -0.715934
v 0.358645 0.057724 -0.717645
v 0.357878 0.058137 -0.721920
v 0.357878 0.049806 -0.721920
v 0.358645 0.049511 -0.717645
v 0.360651 0.046948 -0.715934
v 0.361136 0.046181 -0.716305
v 0.357094 0.046117 -0.713768
v 0.360651 0.045389 -0.715934
v 0.358645 0.043147 -0.717645
v 0.357878 0.043442 -0.721920
v 0.357878 0.035099 -0.721920
v 0.358645 0.034922 -0.717645
v 0.360651 0.032427 -0.715934
v 0.361136 0.031655 -0.716305
v 0.357094 0.031617 -0.713768
v 0.360651 0.030869 -0.715934
v 0.358645 0.028566 -0.717645
v 0.357878 0.028743 -0.721920
v 0.357878 0.020394 -0.721920
v 0.358645 0.020335 -0.717645
v 0.360651 0.017906 -0.715934
v 0.361136 0.017130 -0.716305
v 0.357094 0.017117 -0.713768
v 0.360651 0.016349 -0.715934
v 0.358645 0.013984 -0.717645
v 0.357878 0.014043 -0.721920
v 0.357878 0.005691 -0.721920
v 0.358645 0.005750 -0.717645
v 0.360651 0.003385 -0.715934
v 0.361136 0.002604 -0.716305
v 0.357094 0.002617 -0.713768
v 0.360651 0.001829 -0.715934
v 0.358645 -0.000601 -0.717645
v 0.357878 -0.000660 -0.721920
v 0.357878 -0.009009 -0.721920
v 0.358645 -0.008832 -0.717645
v 0.360651 -0.011135 -0.715934
v 0.361136 -0.011921 -0.716305
v 0.357094 -0.011883 -0.713768
v 0.360651 -0.012693 -0.715934
v 0.358645 -0.015187 -0.717645
v 0.357878 -0.015364 -0.721920
v 0.357878 -0.023707 -0.721920
v 0.358645 -0.023412 -0.717645
v 0.360651 -0.025655 -0.715934
v 0.361136 -0.026446 -0.716305
v 0.357094 -0.026383 -0.713768
v 0.360651 -0.027214 -0.715934
v 0.358645 -0.029777 -0.717645
v 0.357878 -0.030072 -0.721920
v 0.357878 -0.038403 -0.721920
v 0.358645 -0.037990 -0.717645
v 0.360651 -0.040174 -0.715934
v 0.361136 -0.040972 -0.716305
v 0.357094 -0.040882 -0.713768
v 0.360651 -0.041737 -0.715934
v 0.358645 -0.044368 -0.717645
v 0.357878 -0.044781 -0.721920
v 0.357878 -0.053097 -0.721920
v 0.358645 -0.052566 -0.717645
v 0.360651 -0.054692 -0.715934
v 0.361136 -0.055497 -0.716305
v 0.357094 -0.055382 -0.713768
v 0.360651 -0.056259 -0.715934
v 0.358645 -0.058961 -0.717645
v 0.357878 -0.059492 -0.721920
v 0.357878 -0.067788 -0.721920
v 0.358645 -0.067139 -0.717645
v 0.360651 -0.069210 -0.715934
v 0.361136 -0.070023 -0.716305
v 0.357094 -0.069882 -0.713768
v 0.360651 -0.070783 -0.715934
v 0.358645 -0.073557 -0.717645
v 0.357878 -0.074206 -0.721920
v 0.357878 -0.082477 -0.721920
v 0.358645 -0.081710 -0.717645
v 0.360651 -0.083727 -0.715934
v 0.361136 -0.084548 -0.716305
v 0.357094 -0.084382 -0.713768
v 0.360651 -0.085307 -0.715934
v 0.358645 -0.088155 -0.717645
v 0.357878 -0.088922 -0.721920
v 0.357878 -0.097164 -0.721920
v 0.358645 -0.096279 -0.717645
v 0.360651 -0.098244 -0.715934
v 0.361136 -0.099073 -0.716305
v 0.357094 -0.098882 -0.713768
v 0.360651 -0.099831 -0.715934
v 0.358645 -0.102756 -0.717645
v 0.357878 -0.103641 -0.721920
v 0.357878 -0.111849 -0.721920
v 0.358645 -0.110846 -0.717645
v 0.360651 -0.112760 -0.715934
v 0.551156 0.148998 -0.732337
v 0.550387 0.147877 -0.728062
v 0.550387 0.139536 -0.728062
v 0.547731 0.135560 -0.725796
v 0.551939 0.135560 -0.724186
v 0.551156 0.140539 -0.732337
v 0.549603 0.138004 -0.736214
v 0.553812 0.138004 -0.734603
v 0.551156 0.134028 -0.732337
v 0.550387 0.133025 -0.728062
v 0.550387 0.124646 -0.728062
v 0.547731 0.120772 -0.725796
v 0.551939 0.120772 -0.724186
v 0.551156 0.125531 -0.732337
v 0.549603 0.122929 -0.736214
v 0.553812 0.122929 -0.734603
v 0.551156 0.119055 -0.732337
v 0.550387 0.118170 -0.728062
v 0.550387 0.109759 -0.728062
v 0.547731 0.105985 -0.725796
v 0.551939 0.105985 -0.724186
v 0.551156 0.110526 -0.732337
v 0.549603 0.107854 -0.736214
v 0.553812 0.107854 -0.734603
v 0.551156 0.104081 -0.732337
v 0.550387 0.103314 -0.728062
v 0.550387 0.094873 -0.728062
v 0.547731 0.091198 -0.725796
v 0.551939 0.091198 -0.724186
v 0.551156 0.095522 -0.732337
v 0.549603 0.092779 -0.736214
v 0.553812 0.092779 -0.734603
v 0.551156 0.089104 -0.732337
v 0.550387 0.088455 -0.728062
v 0.550387 0.079990 -0.728062
v 0.547731 0.076410 -0.725796
v 0.551939 0.076410 -0.724186
v 0.551156 0.080521 -0.732337
v 0.549603 0.077704 -0.736214
v 0.553812 0.077704 -0.734603
v 0.551156 0.074125 -0.732337
v 0.550387 0.073594 -0.728062
v 0.550387 0.065108 -0.728062
v 0.547731 0.061623 -0.725796
v 0.551939 0.061623 -0.724186
v 0.551156 0.065521 -0.732337
v 0.549603 0.062629 -0.736214
v 0.553812 0.062629 -0.734603
v 0.551156 0.059144 -0.732337
v 0.550387 0.058731 -0.728062
v 0.550387 0.050230 -0.728062
v 0.547731 0.046836 -0.725796
v 0.551939 0.046836 -0.724186
v 0.551156 0.050525 -0.732337
v 0.549603 0.047554 -0.736214
v 0.553812 0.047554 -0.734603
v 0.551156 0.044160 -0.732337
v 0.550387 0.043865 -0.728062
v 0.550387 0.035353 -0.728062
v 0.547731 0.032048 -0.725796
v 0.551939 0.032048 -0.724186
v 0.551156 0.035530 -0.732337
v 0.549603 0.032479 -0.736214
v 0.553812 0.032479 -0.734603
v 0.551156 0.029175 -0.732337
v 0.550387 0.028998 -0.728062
v 0.550387 0.020478 -0.728062
v 0.547731 0.017261 -0.725796
v 0.551939 0.017261 -0.724186
v 0.551156 0.020537 -0.732337
v 0.549603 0.017405 -0.736214
v 0.553812 0.017405 -0.734603
v 0.551156 0.014187 -0.732337
v 0.550387 0.014128 -0.728062
v 0.550387 0.005606 -0.728062
v 0.547731 0.002473 -0.725796
v 0.551939 0.002473 -0.724186
v 0.551156 0.005547 -0.732337
v 0.549603 0.002330 -0.736214
v 0.553812 0.002330 -0.734603
v 0.551156 -0.000803 -0.732337
v 0.550387 -0.000744 -0.728062
v 0.550387 -0.009264 -0.728062
v 0.547731 -0.012314 -0.725796
v 0.551939 -0.012314 -0.724186
v 0.551156 -0.009441 -0.732337
v 0.549603 -0.012745 -0.736214
v 0.553812 -0.012745 -0.734603
v 0.551156 -0.015796 -0.732337
v 0.550387 -0.015619 -0.728062
v 0.550387 -0.024131 -0.728062
v 0.547731 -0.027101 -0.725796
v 0.551939 -0.027101 -0.724186
v 0.551156 -0.024426 -0.732337
v 0.549603 -0.027820 -0.736214
v 0.553812 -0.027820 -0.734603
v 0.551156 -0.030790 -0.732337
v 0.550387 -0.030495 -0.728062
v 0.550387 -0.038997 -0.728062
v 0.547731 -0.041889 -0.725796
v 0.551939 -0.041889 -0.724186
v 0.551156 -0.039410 -0.732337
v 0.549603 -0.042895 -0.736214
v 0.553812 -0.042895 -0.734603
v 0.551156 -0.045787 -0.732337
v 0.550387 -0.045374 -0.728062
v 0.550387 -0.053860 -0.728062
v 0.547731 -0.056676 -0.725796
v 0.551939 -0.056676 -0.724186
v 0.551156 -0.054391 -0.732337
v 0.549603 -0.057970 -0.736214
v 0.553812 -0.057970 -0.734603
v 0.551156 -0.060786 -0.732337
v 0.550387 -0.060255 -0.728062
v 0.550387 -0.068721 -0.728062
v 0.547731 -0.071464 -0.725796
v 0.551939 -0.071464 -0.724186
v 0.551156 -0.069370 -0.732337
v 0.549603 -0.073045 -0.736214
v 0.553812 -0.073045 -0.734603
v 0.551156 -0.075788 -0.732337
v 0.550387 -0.075139 -0.728062
v 0.550387 -0.083579 -0.728062
v 0.547731 -0.086251 -0.725796
v 0.551939 -0.086251 -0.724186
v 0.551156 -0.084346 -0.732337
v 0.549603 -0.088120 -0.736214
v 0.553812 -0.088120 -0.734603
v 0.551156 -0.090791 -0.732337
v 0.550388 -0.090024 -0.728062
v 0.550388 -0.098436 -0.728062
v 0.547731 -0.101038 -0.725796
v 0.551939 -0.101038 -0.724186
v 0.551156 -0.099321 -0.732337
v 0.549603 -0.103195 -0.736214
v 0.553812 -0.103195 -0.734603
v 0.551156 -0.105797 -0.732337
v 0.550388 -0.104912 -0.728062
v 0.550388 -0.113290 -0.728062
v 0.551156 -0.114293 -0.732337
v 0.553027 0.151730 -0.742755
v 0.552258 0.150609 -0.738480
v 0.552258 0.141980 -0.738480
v 0.553027 0.142983 -0.742755
v 0.551475 0.140448 -0.746631
v 0.555683 0.140448 -0.745020
v 0.553027 0.136472 -0.742755
v 0.552258 0.135469 -0.738480
v 0.552258 0.126803 -0.738480
v 0.553027 0.127688 -0.742755
v 0.551475 0.125086 -0.746631
v 0.555683 0.125086 -0.745020
v 0.553027 0.121212 -0.742755
v 0.552258 0.120327 -0.738480
v 0.552258 0.111628 -0.738480
v 0.553027 0.112395 -0.742755
v 0.551475 0.109723 -0.746631
v 0.555683 0.109723 -0.745020
v 0.553027 0.105950 -0.742755
v 0.552258 0.105183 -0.738480
v 0.552258 0.096454 -0.738480
v 0.553027 0.097103 -0.742755
v 0.551475 0.094361 -0.746631
v 0.555683 0.094361 -0.745020
v 0.553027 0.090685 -0.742755
v 0.552258 0.090036 -0.738480
v 0.552258 0.081284 -0.738479
v 0.553027 0.081815 -0.742755
v 0.551475 0.078998 -0.746631
v 0.555683 0.078998 -0.745020
v 0.553027 0.075419 -0.742755
v 0.552258 0.074888 -0.738479
v 0.552258 0.066115 -0.738479
v 0.553027 0.066528 -0.742755
v 0.551475 0.063636 -0.746631
v 0.555683 0.063636 -0.745020
v 0.553027 0.060150 -0.742755
v 0.552258 0.059737 -0.738479
v 0.552258 0.050948 -0.738479
v 0.553027 0.051243 -0.742755
v 0.551475 0.048273 -0.746631
v 0.555683 0.048273 -0.745020
v 0.553027 0.044879 -0.742755
v 0.552258 0.044584 -0.738479
v 0.552258 0.035784 -0.738479
v 0.553027 0.035961 -0.742755
v 0.551475 0.032911 -0.746631
v 0.555683 0.032911 -0.745020
v 0.553027 0.029606 -0.742755
v 0.552258 0.029429 -0.738479
v 0.552258 0.020622 -0.738479
v 0.553027 0.020681 -0.742755
v 0.551475 0.017548 -0.746631
v 0.555683 0.017548 -0.745020
v 0.553027 0.014331 -0.742755
v 0.552258 0.014272 -0.738479
v 0.552258 0.005463 -0.738479
v 0.553027 0.005404 -0.742754
v 0.551475 0.002186 -0.746631
v 0.555683 0.002186 -0.745020
v 0.553027 -0.000947 -0.742754
v 0.552258 -0.000888 -0.738479
v 0.552258 -0.009695 -0.738479
v 0.553027 -0.009872 -0.742754
v 0.551475 -0.013177 -0.746631
v 0.555683 -0.013177 -0.745020
v 0.553027 -0.016227 -0.742754
v 0.552258 -0.016050 -0.738479
v 0.552258 -0.024850 -0.738479
v 0.553027 -0.025145 -0.742754
v 0.551475 -0.028539 -0.746631
v 0.555683 -0.028539 -0.745020
v 0.553027 -0.031509 -0.742754
v 0.552258 -0.031214 -0.738479
v 0.552258 -0.040003 -0.738479
v 0.553027 -0.040416 -0.742754
v 0.551475 -0.043902 -0.746631
v 0.555683 -0.043902 -0.745020
v 0.553027 -0.046794 -0.742754
v 0.552258 -0.046381 -0.738479
v 0.552258 -0.055154 -0.738479
v 0.553027 -0.055685 -0.742754
v 0.551475 -0.059264 -0.746631
v 0.555683 -0.059264 -0.745020
v 0.553027 -0.062080 -0.742754
v 0.552258 -0.061549 -0.738479
v 0.552258 -0.070302 -0.738479
v 0.553027 -0.070951 -0.742754
v 0.551475 -0.074626 -0.746631
v 0.555683 -0.074626 -0.745020
v 0.553027 -0.077369 -0.742754
v 0.552258 -0.076720 -0.738479
v 0.552258 -0.085448 -0.738479
v 0.553027 -0.086215 -0.742754
v 0.551475 -0.089989 -0.746631
v 0.555683 -0.089989 -0.745020
v 0.553027 -0.092660 -0.742754
v 0.552258 -0.091893 -0.738479
v 0.552258 -0.100593 -0.738479
v 0.553027 -0.101478 -0.742754
v 0.551475 -0.105351 -0.746631
v 0.555683 -0.105351 -0.745020
v 0.553027 -0.107954 -0.742754
v 0.552258 -0.107069 -0.738479
v 0.552258 -0.115735 -0.738479
v 0.553027 -0.116738 -0.742754
v 0.554899 0.154461 -0.753172
v 0.554131 0.153340 -0.748897
v 0.554131 0.144424 -0.748897
v 0.554899 0.145427 -0.753172
v 0.553346 0.142892 -0.757048
v 0.557554 0.142892 -0.755438
v 0.554899 0.138916 -0.753172
v 0.554131 0.137913 -0.748897
v 0.554131 0.128959 -0.748897
v 0.554899 0.129844 -0.753172
v 0.553346 0.127242 -0.757048
v 0.557554 0.127242 -0.755438
v 0.554899 0.123368 -0.753172
v 0.554131 0.122483 -0.748897
v 0.554131 0.113497 -0.748897
v 0.554899 0.114264 -0.753172
v 0.553346 0.111592 -0.757048
v 0.557554 0.111592 -0.755438
v 0.554899 0.107819 -0.753172
v 0.554131 0.107052 -0.748897
v 0.554131 0.098036 -0.748897
v 0.554899 0.098685 -0.753172
v 0.553346 0.095942 -0.757048
v 0.557554 0.095942 -0.755438
v 0.554899 0.092267 -0.753172
v 0.554131 0.091618 -0.748897
v 0.554131 0.082577 -0.748897
v 0.554899 0.083108 -0.753172
v 0.553346 0.080292 -0.757048
v 0.557554 0.080292 -0.755438
v 0.554899 0.076713 -0.753172
v 0.554131 0.076182 -0.748897
v 0.554131 0.067121 -0.748897
v 0.554899 0.067534 -0.753172
v 0.553346 0.064642 -0.757048
v 0.557554 0.064642 -0.755438
v 0.554899 0.061157 -0.753172
v 0.554131 0.060744 -0.748897
v 0.554131 0.051667 -0.748897
v 0.554899 0.051962 -0.753172
v 0.553346 0.048992 -0.757048
v 0.557554 0.048992 -0.755438
v 0.554899 0.045598 -0.753172
v 0.554131 0.045303 -0.748897
v 0.554131 0.036215 -0.748897
v 0.554899 0.036392 -0.753172
v 0.553346 0.033342 -0.757048
v 0.557554 0.033342 -0.755438
v 0.554899 0.030037 -0.753172
v 0.554131 0.029860 -0.748897
v 0.554131 0.020766 -0.748897
v 0.554899 0.020825 -0.753172
v 0.553346 0.017692 -0.757048
v 0.557554 0.017692 -0.755438
v 0.554899 0.014474 -0.753172
v 0.554131 0.014415 -0.748897
v 0.554131 0.005319 -0.748897
v 0.554899 0.005260 -0.753172
v 0.553346 0.002042 -0.757048
v 0.557554 0.002042 -0.755438
v 0.554899 -0.001091 -0.753172
v 0.554131 -0.001032 -0.748897
v 0.554131 -0.010126 -0.748897
v 0.554899 -0.010303 -0.753172
v 0.553346 -0.013608 -0.757048
v 0.557554 -0.013608 -0.755438
v 0.554899 -0.016658 -0.753172
v 0.554131 -0.016481 -0.748897
v 0.554131 -0.025569 -0.748897
v 0.554899 -0.025864 -0.753172
v 0.553346 -0.029258 -0.757048
v 0.557554 -0.029258 -0.755438
v 0.554899 -0.032228 -0.753172
v 0.554131 -0.031933 -0.748897
v 0.554131 -0.041009 -0.748897
v 0.554899 -0.041422 -0.753172
v 0.553346 -0.044908 -0.757048
v 0.557554 -0.044908 -0.755438
v 0.554899 -0.047800 -0.753172
v 0.554131 -0.047387 -0.748897
v 0.554131 -0.056448 -0.748897
v 0.554899 -0.056979 -0.753172
v 0.553346 -0.060558 -0.757048
v 0.557554 -0.060558 -0.755438
v 0.554899 -0.063374 -0.753172
v 0.554131 -0.062843 -0.748897
v 0.554131 -0.071884 -0.748897
v 0.554899 -0.072533 -0.753172
v 0.553346 -0.076208 -0.757048
v 0.557554 -0.076208 -0.755438
v 0.554899 -0.078951 -0.753172
v 0.554131 -0.078302 -0.748897
v 0.554131 -0.087317 -0.748897
v 0.554899 -0.088084 -0.753172
v 0.553346 -0.091858 -0.757048
v 0.557554 -0.091858 -0.755438
v 0.554899 -0.094529 -0.753172
v 0.554131 -0.093762 -0.748897
v 0.554131 -0.102749 -0.748897
v 0.554899 -0.103634 -0.753172
v 0.553346 -0.107508 -0.757048
v 0.557554 -0.107508 -0.755438
v 0.554899 -0.110110 -0.753172
v 0.554131 -0.109225 -0.748897
v 0.554131 -0.118179 -0.748897
v 0.554899 -0.119182 -0.753172
v 0.556771 0.157193 -0.763589
v 0.556002 0.156072 -0.759314
v 0.556002 0.146868 -0.759314
v 0.556771 0.147871 -0.763589
v 0.555218 0.145336 -0.767466
v 0.559427 0.145336 -0.765855
v 0.556771 0.141360 -0.763589
v 0.556002 0.140357 -0.759314
v 0.556002 0.131116 -0.759314
v 0.556771 0.132001 -0.763589
v 0.555218 0.129399 -0.767466
v 0.559427 0.129399 -0.765855
v 0.556771 0.125525 -0.763589
v 0.556002 0.124640 -0.759314
v 0.556002 0.115366 -0.759314
v 0.556771 0.116133 -0.763589
v 0.555218 0.113461 -0.767466
v 0.559427 0.113461 -0.765855
v 0.556771 0.109688 -0.763589
v 0.556002 0.108921 -0.759314
v 0.556002 0.099617 -0.759314
v 0.556771 0.100266 -0.763589
v 0.555218 0.097524 -0.767466
v 0.559427 0.097524 -0.765855
v 0.556771 0.093848 -0.763589
v 0.556002 0.093199 -0.759314
v 0.556002 0.083871 -0.759314
v 0.556771 0.084402 -0.763589
v 0.555218 0.081586 -0.767466
v 0.559427 0.081586 -0.765855
v 0.556771 0.078007 -0.763589
v 0.556002 0.077476 -0.759314
v 0.556002 0.068128 -0.759314
v 0.556771 0.068541 -0.763589
v 0.555218 0.065648 -0.767466
v 0.559427 0.065648 -0.765855
v 0.556771 0.062163 -0.763589
v 0.556002 0.061750 -0.759314
v 0.556002 0.052386 -0.759314
v 0.556771 0.052681 -0.763589
v 0.555218 0.049711 -0.767466
v 0.559427 0.049711 -0.765855
v 0.556771 0.046317 -0.763589
v 0.556002 0.046022 -0.759314
v 0.556002 0.036647 -0.759314
v 0.556771 0.036824 -0.763589
v 0.555218 0.033773 -0.767466
v 0.559427 0.033773 -0.765855
v 0.556771 0.030469 -0.763589
v 0.556002 0.030292 -0.759314
v 0.556002 0.020910 -0.759314
v 0.556771 0.020969 -0.763589
v 0.555218 0.017836 -0.767466
v 0.559427 0.017836 -0.765855
v 0.556771 0.014618 -0.763589
v 0.556002 0.014559 -0.759314
v 0.556002 0.005175 -0.759314
v 0.556771 0.005116 -0.763589
v 0.555218 0.001898 -0.767466
v 0.559427 0.001898 -0.765855
v 0.556771 -0.001235 -0.763589
v 0.556002 -0.001176 -0.759314
v 0.556002 -0.010558 -0.759314
v 0.556771 -0.010735 -0.763589
v 0.555218 -0.014039 -0.767466
v 0.559427 -0.014039 -0.765855
v 0.556771 -0.017090 -0.763589
v 0.556002 -0.016913 -0.759314
v 0.556002 -0.026288 -0.759314
v 0.556771 -0.026583 -0.763589
v 0.555218 -0.029977 -0.767466
v 0.559427 -0.029977 -0.765855
v 0.556771 -0.032947 -0.763589
v 0.556002 -0.032652 -0.759314
v 0.556002 -0.042016 -0.759314
v 0.556771 -0.042429 -0.763589
v 0.555218 -0.045914 -0.767466
v 0.559427 -0.045914 -0.765855
v 0.556771 -0.048806 -0.763589
v 0.556002 -0.048393 -0.759314
v 0.556002 -0.057742 -0.759314
v 0.556771 -0.058273 -0.763589
v 0.555218 -0.061852 -0.767466
v 0.559427 -0.061852 -0.765855
v 0.556771 -0.064668 -0.763589
v 0.556002 -0.064137 -0.759314
v 0.556002 -0.073465 -0.759314
v 0.556771 -0.074114 -0.763589
v 0.555218 -0.077789 -0.767466
v 0.559427 -0.077789 -0.765855
v 0.556771 -0.080532 -0.763589
v 0.556002 -0.079883 -0.759314
v 0.556002 -0.089187 -0.759314
v 0.556771 -0.089954 -0.763589
v 0.555218 -0.093727 -0.767466
v 0.559427 -0.093727 -0.765855
v 0.556771 -0.096398 -0.763589
v 0.556002 -0.095631 -0.759314
v 0.556002 -0.104906 -0.759314
v 0.556771 -0.105791 -0.763589
v 0.555218 -0.109665 -0.767466
v 0.559427 -0.109665 -0.765855
v 0.556771 -0.112267 -0.763589
v 0.556002 -0.111382 -0.759314
v 0.556002 -0.120623 -0.759314
v 0.556771 -0.121626 -0.763589
v 0.558642 0.159924 -0.774007
v 0.557873 0.158803 -0.769732
v 0.557873 0.149312 -0.769732
v 0.558642 0.150315 -0.774007
v 0.557090 0.147780 -0.777883
v 0.561298 0.147780 -0.776272
v 0.558642 0.143804 -0.774007
v 0.557873 0.142801 -0.769732
v 0.557873 0.133272 -0.769732
v 0.558642 0.134157 -0.774007
v 0.557090 0.131555 -0.777883
v 0.561298 0.131555 -0.776272
v 0.558642 0.127681 -0.774007
v 0.557873 0.126796 -0.769732
v 0.557873 0.117235 -0.769732
v 0.558642 0.118002 -0.774007
v 0.557090 0.115330 -0.777883
v 0.561298 0.115330 -0.776272
v 0.558642 0.111557 -0.774007
v 0.557873 0.110790 -0.769732
v 0.557873 0.101199 -0.769731
v 0.558642 0.101848 -0.774007
v 0.557090 0.099105 -0.777883
v 0.561298 0.099105 -0.776272
v 0.558642 0.095430 -0.774006
v 0.557873 0.094781 -0.769731
v 0.557873 0.085165 -0.769731
v 0.558642 0.085696 -0.774006
v 0.557090 0.082880 -0.777883
v 0.561298 0.082880 -0.776272
v 0.558642 0.079301 -0.774006
v 0.557873 0.078770 -0.769731
v 0.557873 0.069134 -0.769731
v 0.558642 0.069547 -0.774006
v 0.557090 0.066655 -0.777883
v 0.561298 0.066655 -0.776272
v 0.558642 0.063169 -0.774006
v 0.557873 0.062756 -0.769731
v 0.557873 0.053105 -0.769731
v 0.558642 0.053400 -0.774006
v 0.557090 0.050430 -0.777883
v 0.561298 0.050430 -0.776272
v 0.558642 0.047036 -0.774006
v 0.557873 0.046741 -0.769731
v 0.557873 0.037078 -0.769731
v 0.558642 0.037255 -0.774006
v 0.557090 0.034205 -0.777883
v 0.561298 0.034205 -0.776272
v 0.558642 0.030900 -0.774006
v 0.557873 0.030723 -0.769731
v 0.557873 0.021053 -0.769731
v 0.558642 0.021112 -0.774006
v 0.557090 0.017980 -0.777883
v 0.561298 0.017980 -0.776272
v 0.558642 0.014762 -0.774006
v 0.557873 0.014703 -0.769731
v 0.557873 0.005031 -0.769731
v 0.558642 0.004972 -0.774006
v 0.557090 0.001755 -0.777883
v 0.561298 0.001755 -0.776272
v 0.558642 -0.001378 -0.774006
v 0.557873 -0.001319 -0.769731
v 0.557873 -0.010989 -0.769731
v 0.558642 -0.011166 -0.774006
v 0.557090 -0.014471 -0.777883
v 0.561298 -0.014471 -0.776272
v 0.558642 -0.017521 -0.774006
v 0.557873 -0.017344 -0.769731
v 0.557873 -0.027007 -0.769731
v 0.558642 -0.027302 -0.774006
v 0.557090 -0.030696 -0.777883
v 0.561298 -0.030696 -0.776272
v 0.558642 -0.033666 -0.774006
v 0.557873 -0.033371 -0.769731
v 0.557873 -0.043022 -0.769731
v 0.558642 -0.043435 -0.774006
v 0.557090 -0.046921 -0.777883
v 0.561298 -0.046921 -0.776272
v 0.558642 -0.049813 -0.774006
v 0.557873 -0.049400 -0.769731
v 0.557873 -0.059036 -0.769731
v 0.558642 -0.059567 -0.774006
v 0.557090 -0.063146 -0.777883
v 0.561298 -0.063146 -0.776272
v 0.558642 -0.065962 -0.774006
v 0.557873 -0.065431 -0.769731
v 0.557873 -0.075047 -0.769731
v 0.558642 -0.075696 -0.774006
v 0.557090 -0.079371 -0.777883
v 0.561298 -0.079371 -0.776272
v 0.558642 -0.082114 -0.774006
v 0.557873 -0.081465 -0.769731
v 0.557873 -0.091056 -0.769731
v 0.558642 -0.091823 -0.774006
v 0.557090 -0.095596 -0.777883
v 0.561298 -0.095596 -0.776272
v 0.558642 -0.098267 -0.774006
v 0.557873 -0.097500 -0.769731
v 0.557873 -0.107062 -0.769731
v 0.558642 -0.107947 -0.774006
v 0.557090 -0.111821 -0.777883
v 0.561298 -0.111821 -0.776272
v 0.558642 -0.114423 -0.774006
v 0.557873 -0.113538 -0.769731
v 0.557873 -0.123067 -0.769731
v 0.558642 -0.124070 -0.774006
v 0.560513 0.162656 -0.784424
v 0.559746 0.161535 -0.780149
v 0.559746 0.151757 -0.780149
v 0.560513 0.152760 -0.784424
v 0.558962 0.150224 -0.788300
v 0.563170 0.150224 -0.786690
v 0.560513 0.146248 -0.784424
v 0.559746 0.145245 -0.780149
v 0.559746 0.135429 -0.780149
v 0.560513 0.136314 -0.784424
v 0.558962 0.133712 -0.788300
v 0.563170 0.133712 -0.786690
v 0.560513 0.129838 -0.784424
v 0.559746 0.128953 -0.780149
v 0.559746 0.119104 -0.780149
v 0.560513 0.119871 -0.784424
v 0.558962 0.117199 -0.788300
v 0.563170 0.117199 -0.786690
v 0.560513 0.113426 -0.784424
v 0.559746 0.112659 -0.780149
v 0.559746 0.102780 -0.780149
v 0.560513 0.103429 -0.784424
v 0.558962 0.100686 -0.788300
v 0.563170 0.100686 -0.786690
v 0.560513 0.097011 -0.784424
v 0.559746 0.096362 -0.780149
v 0.559746 0.086459 -0.780149
v 0.560513 0.086990 -0.784424
v 0.558962 0.084174 -0.788300
v 0.563170 0.084174 -0.786690
v 0.560513 0.080595 -0.784424
v 0.559746 0.080064 -0.780149
v 0.559746 0.070140 -0.780149
v 0.560513 0.070553 -0.784424
v 0.558962 0.067661 -0.788300
v 0.563170 0.067661 -0.786690
v 0.560513 0.064176 -0.784424
v 0.559746 0.063763 -0.780149
v 0.559746 0.053824 -0.780149
v 0.560513 0.054119 -0.784424
v 0.558962 0.051149 -0.788300
v 0.563170 0.051149 -0.786690
v 0.560513 0.047755 -0.784424
v 0.559746 0.047460 -0.780149
v 0.559746 0.037509 -0.780149
v 0.560513 0.037686 -0.784424
v 0.558962 0.034636 -0.788300
v 0.563170 0.034636 -0.786690
v 0.560513 0.031331 -0.784424
v 0.559746 0.031154 -0.780149
v 0.559746 0.021197 -0.780149
v 0.560513 0.021256 -0.784424
v 0.558962 0.018123 -0.788300
v 0.563170 0.018123 -0.786690
v 0.560513 0.014906 -0.784424
v 0.559746 0.014847 -0.780149
v 0.559746 0.004887 -0.780149
v 0.560513 0.004828 -0.784424
v 0.558962 0.001611 -0.788300
v 0.563170 0.001611 -0.786690
v 0.560513 -0.001522 -0.784424
v 0.559746 -0.001463 -0.780149
v 0.559746 -0.011420 -0.780149
v 0.560513 -0.011597 -0.784424
v 0.558962 -0.014902 -0.788300
v 0.563170 -0.014902 -0.786690
v 0.560513 -0.017952 -0.784424
v 0.559746 -0.017775 -0.780149
v 0.559746 -0.027726 -0.780149
v 0.560513 -0.028021 -0.784424
v 0.558962 -0.031415 -0.788300
v 0.563170 -0.031415 -0.786690
v 0.560513 -0.034385 -0.784424
v 0.559746 -0.034090 -0.780149
v 0.559746 -0.044029 -0.780149
v 0.560513 -0.044442 -0.784424
v 0.558962 -0.047927 -0.788300
v 0.563170 -0.047927 -0.786690
v 0.560513 -0.050819 -0.784424
v 0.559746 -0.050406 -0.780149
v 0.559746 -0.060329 -0.780149
v 0.560513 -0.060860 -0.784424
v 0.558962 -0.064440 -0.788300
v 0.563170 -0.064440 -0.786690
v 0.560513 -0.067256 -0.784424
v 0.559746 -0.066725 -0.780149
v 0.559746 -0.076628 -0.780149
v 0.560513 -0.077277 -0.784424
v 0.558962 -0.080952 -0.788300
v 0.563170 -0.080952 -0.786690
v 0.560513 -0.083695 -0.784424
v 0.559746 -0.083046 -0.780149
v 0.559746 -0.092925 -0.780149
v 0.560513 -0.093692 -0.784424
v 0.558962 -0.097465 -0.788300
v 0.563170 -0.097465 -0.786690
v 0.560513 -0.100136 -0.784424
v 0.559746 -0.099369 -0.780149
v 0.559746 -0.109219 -0.780149
v 0.560513 -0.110104 -0.784424
v 0.558962 -0.113978 -0.788300
v 0.563170 -0.113978 -0.786690
v 0.560513 -0.116580 -0.784424
v 0.559746 -0.115695 -0.780149
v 0.559746 -0.125511 -0.780149
v 0.560513 -0.126514 -0.784424
v 0.562386 0.165388 -0.794841
v 0.561617 0.164267 -0.790566
v 0.561617 0.154201 -0.790566
v 0.562386 0.155204 -0.794841
v 0.560833 0.152668 -0.798718
v 0.565042 0.152668 -0.797107
v 0.562386 0.148692 -0.794841
v 0.561617 0.147689 -0.790566
v 0.561617 0.137586 -0.790566
v 0.562386 0.138471 -0.794841
v 0.560833 0.135868 -0.798718
v 0.565042 0.135868 -0.797107
v 0.562386 0.131994 -0.794841
v 0.561617 0.131109 -0.790566
v 0.561617 0.120973 -0.790566
v 0.562386 0.121740 -0.794841
v 0.560833 0.119068 -0.798718
v 0.565042 0.119068 -0.797107
v 0.562386 0.115295 -0.794841
v 0.561617 0.114528 -0.790566
v 0.561617 0.104362 -0.790566
v 0.562386 0.105011 -0.794841
v 0.560833 0.102268 -0.798718
v 0.565042 0.102268 -0.797107
v 0.562386 0.098593 -0.794841
v 0.561617 0.097944 -0.790566
v 0.561617 0.087753 -0.790566
v 0.562386 0.088284 -0.794841
v 0.560833 0.085468 -0.798718
v 0.565042 0.085468 -0.797107
v 0.562386 0.081888 -0.794841
v 0.561617 0.081357 -0.790566
v 0.561617 0.071147 -0.790566
v 0.562386 0.071560 -0.794841
v 0.560833 0.068668 -0.798718
v 0.565042 0.068668 -0.797107
v 0.562386 0.065182 -0.794841
v 0.561617 0.064769 -0.790566
v 0.561617 0.054543 -0.790566
v 0.562386 0.054838 -0.794841
v 0.560833 0.051867 -0.798718
v 0.565042 0.051867 -0.797107
v 0.562386 0.048473 -0.794841
v 0.561617 0.048178 -0.790566
v 0.561617 0.037941 -0.790566
v 0.562386 0.038118 -0.794841
v 0.560833 0.035067 -0.798718
v 0.565042 0.035067 -0.797107
v 0.562386 0.031763 -0.794841
v 0.561617 0.031586 -0.790566
v 0.561617 0.021341 -0.790566
v 0.562386 0.021400 -0.794841
v 0.560833 0.018267 -0.798718
v 0.565042 0.018267 -0.797107
v 0.562386 0.015049 -0.794841
v 0.561617 0.014990 -0.790566
v 0.561617 0.004744 -0.790566
v 0.562386 0.004685 -0.794841
v 0.560833 0.001467 -0.798718
v 0.565042 0.001467 -0.797107
v 0.562386 -0.001666 -0.794841
v 0.561617 -0.001607 -0.790566
v 0.561617 -0.011852 -0.790566
v 0.562386 -0.012029 -0.794841
v 0.560833 -0.015333 -0.798718
v 0.565042 -0.015333 -0.797107
v 0.562386 -0.018384 -0.794841
v 0.561617 -0.018207 -0.790566
v 0.561617 -0.028444 -0.790566
v 0.562386 -0.028739 -0.794841
v 0.560833 -0.032133 -0.798718
v 0.565042 -0.032133 -0.797107
v 0.562386 -0.035104 -0.794841
v 0.561617 -0.034809 -0.790566
v 0.561617 -0.045035 -0.790566
v 0.562386 -0.045448 -0.794841
v 0.560833 -0.048934 -0.798717
v 0.565042 -0.048934 -0.797107
v 0.562386 -0.051826 -0.794841
v 0.561617 -0.051413 -0.790566
v 0.561617 -0.061623 -0.790566
v 0.562386 -0.062154 -0.794841
v 0.560833 -0.065734 -0.798717
v 0.565042 -0.065734 -0.797107
v 0.562386 -0.068550 -0.794841
v 0.561617 -0.068019 -0.790566
v 0.561617 -0.078210 -0.790566
v 0.562386 -0.078859 -0.794841
v 0.560833 -0.082534 -0.798717
v 0.565042 -0.082534 -0.797107
v 0.562386 -0.085277 -0.794841
v 0.561617 -0.084628 -0.790566
v 0.561617 -0.094794 -0.790566
v 0.562386 -0.095561 -0.794841
v 0.560833 -0.099334 -0.798717
v 0.565042 -0.099334 -0.797107
v 0.562386 -0.102005 -0.794841
v 0.561617 -0.101238 -0.790566
v 0.561617 -0.111375 -0.790566
v 0.562386 -0.112260 -0.794841
v 0.560833 -0.116134 -0.798717
v 0.565042 -0.116134 -0.797107
v 0.562386 -0.118736 -0.794841
v 0.561617 -0.117851 -0.790566
v 0.561617 -0.127955 -0.790566
v 0.562386 -0.128958 -0.794841
v 0.564257 0.168119 -0.805259
v 0.563488 0.166998 -0.800983
v 0.563488 0.156645 -0.800983
v 0.564257 0.157648 -0.805258
v 0.562705 0.155113 -0.809135
v 0.566913 0.155113 -0.807524
v 0.564257 0.151136 -0.805258
v 0.563488 0.150133 -0.800983
v 0.563488 0.139742 -0.800983
v 0.564257 0.140627 -0.805258
v 0.562705 0.138025 -0.809135
v 0.566913 0.138025 -0.807524
v 0.564257 0.134151 -0.805258
v 0.563488 0.133266 -0.800983
v 0.563488 0.122842 -0.800983
v 0.564257 0.123609 -0.805258
v 0.562705 0.120937 -0.809135
v 0.566913 0.120937 -0.807524
v 0.564257 0.117164 -0.805258
v 0.563488 0.116397 -0.800983
v 0.563488 0.105943 -0.800983
v 0.564257 0.106592 -0.805258
v 0.562705 0.103849 -0.809135
v 0.566913 0.103849 -0.807524
v 0.564257 0.100174 -0.805258
v 0.563488 0.099525 -0.800983
v 0.563488 0.089047 -0.800983
v 0.564257 0.089578 -0.805258
v 0.562705 0.086762 -0.809135
v 0.566913 0.086762 -0.807524
v 0.564257 0.083182 -0.805258
v 0.563488 0.082651 -0.800983
v 0.563488 0.072153 -0.800983
v 0.564257 0.072566 -0.805258
v 0.562705 0.069674 -0.809135
v 0.566913 0.069674 -0.807524
v 0.564257 0.066188 -0.805258
v 0.563488 0.065775 -0.800983
v 0.563488 0.055261 -0.800983
v 0.564257 0.055556 -0.805258
v 0.562705 0.052586 -0.809135
v 0.566913 0.052586 -0.807524
v 0.564257 0.049192 -0.805258
v 0.563488 0.048897 -0.800983
v 0.563488 0.038372 -0.800983
v 0.564257 0.038549 -0.805258
v 0.562705 0.035499 -0.809135
v 0.566913 0.035499 -0.807524
v 0.564257 0.032194 -0.805258
v 0.563488 0.032017 -0.800983
v 0.563488 0.021485 -0.800983
v 0.564257 0.021544 -0.805258
v 0.562705 0.018411 -0.809135
v 0.566913 0.018411 -0.807524
v 0.564257 0.015193 -0.805258
v 0.563488 0.015134 -0.800983
v 0.563488 0.004600 -0.800983
v 0.564257 0.004541 -0.805258
v 0.562705 0.001323 -0.809135
v 0.566913 0.001323 -0.807524
v 0.564257 -0.001810 -0.805258
v 0.563488 -0.001751 -0.800983
v 0.563488 -0.012283 -0.800983
v 0.564257 -0.012460 -0.805258
v 0.562705 -0.015765 -0.809135
v 0.566913 -0.015765 -0.807524
v 0.564257 -0.018815 -0.805258
v 0.563488 -0.018638 -0.800983
v 0.563488 -0.029163 -0.800983
v 0.564257 -0.029458 -0.805258
v 0.562705 -0.032852 -0.809135
v 0.566913 -0.032852 -0.807524
v 0.564257 -0.035822 -0.805258
v 0.563488 -0.035527 -0.800983
v 0.563488 -0.046041 -0.800983
v 0.564257 -0.046454 -0.805258
v 0.562705 -0.049940 -0.809135
v 0.566913 -0.049940 -0.807524
v 0.564257 -0.052832 -0.805258
v 0.563488 -0.052419 -0.800983
v 0.563488 -0.062917 -0.800983
v 0.564257 -0.063448 -0.805258
v 0.562705 -0.067028 -0.809135
v 0.566913 -0.067028 -0.807524
v 0.564257 -0.069844 -0.805258
v 0.563488 -0.069313 -0.800983
v 0.563488 -0.079791 -0.800983
v 0.564257 -0.080440 -0.805258
v 0.562705 -0.084115 -0.809135
v 0.566913 -0.084115 -0.807524
v 0.564257 -0.086858 -0.805258
v 0.563488 -0.086209 -0.800983
v 0.563488 -0.096663 -0.800983
v 0.564257 -0.097430 -0.805258
v 0.562705 -0.101203 -0.809135
v 0.566913 -0.101203 -0.807524
v 0.564257 -0.103875 -0.805258
v 0.563488 -0.103108 -0.800983
v 0.563488 -0.113532 -0.800983
v 0.564257 -0.114417 -0.805258
v 0.562705 -0.118291 -0.809135
v 0.566913 -0.118291 -0.807524
v 0.564257 -0.120893 -0.805258
v 0.563488 -0.120008 -0.800983
v 0.563488 -0.130399 -0.800983
v 0.564257 -0.131402 -0.805258
v 0.566128 0.170851 -0.815676
v 0.565361 0.169730 -0.811401
v 0.565361 0.159089 -0.811401
v 0.566128 0.160092 -0.815676
v 0.564577 0.157557 -0.819552
v 0.568785 0.157557 -0.817942
v 0.566128 0.153580 -0.815676
v 0.565361 0.152577 -0.811401
v 0.565361 0.141899 -0.811401
v 0.566128 0.142784 -0.815676
v 0.564577 0.140181 -0.819552
v 0.568785 0.140181 -0.817942
v 0.566128 0.136308 -0.815676
v 0.565361 0.135423 -0.811401
v 0.565361 0.124711 -0.811401
v 0.566128 0.125478 -0.815676
v 0.564577 0.122806 -0.819552
v 0.568785 0.122806 -0.817942
v 0.566128 0.119033 -0.815676
v 0.565361 0.118266 -0.811401
v 0.565361 0.107525 -0.811401
v 0.566128 0.108174 -0.815676
v 0.564577 0.105431 -0.819552
v 0.568785 0.105431 -0.817942
v 0.566128 0.101756 -0.815676
v 0.565361 0.101107 -0.811401
v 0.565361 0.090341 -0.811401
v 0.566128 0.090872 -0.815676
v 0.564577 0.088056 -0.819552
v 0.568785 0.088056 -0.817942
v 0.566128 0.084476 -0.815676
v 0.565361 0.083945 -0.811401
v 0.565361 0.073160 -0.811401
v 0.566128 0.073573 -0.815676
v 0.564577 0.070680 -0.819552
v 0.568785 0.070680 -0.817942
v 0.566128 0.067195 -0.815676
v 0.565361 0.066782 -0.811401
v 0.565361 0.055980 -0.811401
v 0.566128 0.056275 -0.815676
v 0.564577 0.053305 -0.819552
v 0.568785 0.053305 -0.817942
v 0.566128 0.049911 -0.815676
v 0.565361 0.049616 -0.811401
v 0.565361 0.038803 -0.811401
v 0.566128 0.038980 -0.815676
v 0.564577 0.035930 -0.819552
v 0.568785 0.035930 -0.817942
v 0.566128 0.032625 -0.815676
v 0.565361 0.032448 -0.811401
v 0.565361 0.021629 -0.811401
v 0.566128 0.021688 -0.815676
v 0.564577 0.018555 -0.819552
v 0.568785 0.018555 -0.817942
v 0.566128 0.015337 -0.815676
v 0.565361 0.015278 -0.811401
v 0.565361 0.004456 -0.811401
v 0.566128 0.004397 -0.815676
v 0.564577 0.001179 -0.819552
v 0.568785 0.001179 -0.817942
v 0.566128 -0.001954 -0.815676
v 0.565361 -0.001895 -0.811401
v 0.565361 -0.012714 -0.811401
v 0.566128 -0.012891 -0.815676
v 0.564577 -0.016196 -0.819552
v 0.568785 -0.016196 -0.817942
v 0.566128 -0.019246 -0.815676
v 0.565361 -0.019069 -0.811401
v 0.565361 -0.029882 -0.811401
v 0.566128 -0.030177 -0.815676
v 0.564577 -0.033571 -0.819552
v 0.568785 -0.033571 -0.817942
v 0.566128 -0.036541 -0.815676
v 0.565361 -0.036246 -0.811401
v 0.565361 -0.047048 -0.811401
v 0.566128 -0.047461 -0.815676
v 0.564577 -0.050946 -0.819552
v 0.568785 -0.050946 -0.817942
v 0.566128 -0.053838 -0.815676
v 0.565361 -0.053425 -0.811401
v 0.565361 -0.064211 -0.811401
v 0.566128 -0.064742 -0.815676
v 0.564577 -0.068322 -0.819552
v 0.568785 -0.068322 -0.817942
v 0.566128 -0.071138 -0.815676
v 0.565361 -0.070607 -0.811401
v 0.565361 -0.081373 -0.811401
v 0.566128 -0.082022 -0.815676
v 0.564577 -0.085697 -0.819552
v 0.568785 -0.085697 -0.817941
v 0.566128 -0.088440 -0.815676
v 0.565361 -0.087791 -0.811401
v 0.565361 -0.098532 -0.811401
v 0.566128 -0.099299 -0.815676
v 0.564577 -0.103072 -0.819552
v 0.568785 -0.103072 -0.817941
v 0.566128 -0.105744 -0.815676
v 0.565361 -0.104977 -0.811401
v 0.565361 -0.115689 -0.811401
v 0.566128 -0.116574 -0.815676
v 0.564577 -0.120447 -0.819552
v 0.568785 -0.120447 -0.817941
v 0.566128 -0.123050 -0.815676
v 0.565361 -0.122165 -0.811401
v 0.565361 -0.132843 -0.811401
v 0.566128 -0.133846 -0.815676
v 0.568001 0.173583 -0.826093
v 0.567232 0.172462 -0.821818
v 0.567232 0.161533 -0.821818
v 0.568001 0.162536 -0.826093
v 0.566447 0.160001 -0.829970
v 0.570583 0.159904 -0.827946
v 0.570366 0.160278 -0.828111
v 0.570366 0.161486 -0.828111
v 0.570270 0.171542 -0.828185
v 0.568001 0.156024 -0.826093
v 0.567232 0.155021 -0.821818
v 0.570366 0.159566 -0.828111
v 0.567232 0.144055 -0.821818
v 0.568001 0.144940 -0.826093
v 0.566447 0.142338 -0.829970
v 0.570583 0.142252 -0.827946
v 0.570366 0.142623 -0.828111
v 0.568001 0.138464 -0.826093
v 0.567232 0.137579 -0.821818
v 0.570366 0.141914 -0.828111
v 0.567232 0.126580 -0.821818
v 0.568001 0.127347 -0.826093
v 0.566447 0.124675 -0.829970
v 0.570583 0.124601 -0.827946
v 0.570366 0.124967 -0.828111
v 0.568001 0.120902 -0.826093
v 0.567232 0.120135 -0.821818
v 0.570366 0.124262 -0.828111
v 0.567232 0.109106 -0.821818
v 0.568001 0.109755 -0.826093
v 0.566447 0.107012 -0.829970
v 0.570583 0.106950 -0.827946
v 0.570366 0.107312 -0.828111
v 0.568001 0.103337 -0.826093
v 0.567232 0.102688 -0.821818
v 0.570366 0.106610 -0.828111
v 0.567232 0.091635 -0.821818
v 0.568001 0.092166 -0.826093
v 0.566447 0.089350 -0.829970
v 0.570583 0.089298 -0.827946
v 0.570366 0.089658 -0.828111
v 0.568001 0.085770 -0.826093
v 0.567232 0.085239 -0.821818
v 0.570366 0.088958 -0.828111
v 0.567232 0.074166 -0.821818
v 0.568001 0.074579 -0.826093
v 0.566447 0.071687 -0.829969
v 0.570583 0.071647 -0.827946
v 0.570366 0.072003 -0.828111
v 0.568001 0.068201 -0.826093
v 0.567232 0.067788 -0.821818
v 0.570366 0.071306 -0.828111
v 0.567232 0.056699 -0.821818
v 0.568001 0.056994 -0.826093
v 0.566447 0.054024 -0.829969
v 0.570583 0.053995 -0.827946
v 0.570366 0.054349 -0.828111
v 0.568001 0.050630 -0.826093
v 0.567232 0.050335 -0.821818
v 0.570366 0.053653 -0.828111
v 0.567232 0.039235 -0.821818
v 0.568001 0.039412 -0.826093
v 0.566447 0.036361 -0.829969
v 0.570583 0.036344 -0.827946
v 0.570366 0.036695 -0.828111
v 0.568001 0.033056 -0.826093
v 0.567232 0.032879 -0.821818
v 0.570366 0.036000 -0.828111
v 0.567232 0.021772 -0.821818
v 0.568001 0.021831 -0.826093
v 0.566447 0.018698 -0.829969
v 0.570583 0.018693 -0.827946
v 0.570366 0.019041 -0.828111
v 0.568001 0.015481 -0.826093
v 0.567232 0.015422 -0.821818
v 0.570366 0.018347 -0.828111
v 0.567232 0.004312 -0.821818
v 0.568001 0.004253 -0.826093
v 0.566447 0.001036 -0.829969
v 0.570583 0.001041 -0.827946
v 0.570366 0.001387 -0.828111
v 0.568001 -0.002097 -0.826093
v 0.567232 -0.002038 -0.821818
v 0.570366 0.000693 -0.828111
v 0.567232 -0.013145 -0.821818
v 0.568001 -0.013322 -0.826093
v 0.566447 -0.016627 -0.829969
v 0.570583 -0.016610 -0.827946
v 0.570366 -0.016266 -0.828111
v 0.568001 -0.019678 -0.826093
v 0.567232 -0.019501 -0.821818
v 0.570366 -0.016961 -0.828111
v 0.567232 -0.030601 -0.821818
v 0.568001 -0.030896 -0.826093
v 0.566447 -0.034290 -0.829969
v 0.570583 -0.034261 -0.827946
v 0.570366 -0.033919 -0.828111
v 0.568001 -0.037260 -0.826093
v 0.567232 -0.036965 -0.821818
v 0.570366 -0.034615 -0.828111
v 0.567232 -0.048054 -0.821818
v 0.568001 -0.048467 -0.826093
v 0.566447 -0.051953 -0.829969
v 0.570583 -0.051913 -0.827946
v 0.570366 -0.051572 -0.828111
v 0.568001 -0.054845 -0.826093
v 0.567232 -0.054432 -0.821818
v 0.570366 -0.052269 -0.828111
v 0.567232 -0.065505 -0.821818
v 0.568001 -0.066036 -0.826093
v 0.566447 -0.069616 -0.829969
v 0.570366 -0.069224 -0.828111
v 0.570583 -0.069564 -0.827946
v 0.568001 -0.072432 -0.826093
v 0.567232 -0.071901 -0.821818
v 0.570366 -0.069924 -0.828111
v 0.567232 -0.082954 -0.821818
v 0.568001 -0.083603 -0.826093
v 0.566447 -0.087278 -0.829969
v 0.570366 -0.086876 -0.828111
v 0.570583 -0.087216 -0.827945
v 0.568001 -0.090021 -0.826093
v 0.567232 -0.089372 -0.821818
v 0.570366 -0.087578 -0.828111
v 0.567232 -0.100401 -0.821818
v 0.568001 -0.101168 -0.826093
v 0.566447 -0.104941 -0.829969
v 0.570366 -0.104528 -0.828111
v 0.570583 -0.104867 -0.827945
v 0.568001 -0.107613 -0.826093
v 0.567232 -0.106846 -0.821818
v 0.570366 -0.105233 -0.828111
v 0.567232 -0.117845 -0.821818
v 0.568001 -0.118730 -0.826093
v 0.566447 -0.122604 -0.829969
v 0.570366 -0.122180 -0.828111
v 0.570583 -0.122518 -0.827945
v 0.568001 -0.125206 -0.826093
v 0.567232 -0.124321 -0.821818
v 0.570366 -0.122889 -0.828111
v 0.567232 -0.135287 -0.821818
v 0.568001 -0.136290 -0.826093
v 0.570366 -0.139832 -0.828111
v 0.549284 0.146266 -0.721920
v 0.548516 0.145145 -0.717645
v 0.549343 0.149395 -0.713767
v 0.548516 0.137092 -0.717645
v 0.546511 0.134090 -0.715934
v 0.546511 0.136064 -0.715934
v 0.549610 0.144602 -0.713562
v 0.550068 0.133116 -0.713768
v 0.549343 0.148823 -0.713767
v 0.546025 0.133332 -0.716300
v 0.549284 0.138095 -0.721920
v 0.549284 0.131583 -0.721920
v 0.548516 0.130581 -0.717645
v 0.546511 0.132494 -0.715934
v 0.548516 0.122490 -0.717645
v 0.546511 0.119565 -0.715934
v 0.550068 0.118616 -0.713768
v 0.546025 0.118807 -0.716300
v 0.549284 0.123375 -0.721920
v 0.549284 0.116899 -0.721920
v 0.548516 0.116014 -0.717645
v 0.546511 0.117978 -0.715934
v 0.548516 0.107889 -0.717645
v 0.546511 0.105041 -0.715934
v 0.550068 0.104116 -0.713768
v 0.546026 0.104282 -0.716305
v 0.549284 0.108656 -0.721920
v 0.549284 0.102212 -0.721920
v 0.548516 0.101445 -0.717645
v 0.546511 0.103461 -0.715934
v 0.548516 0.093291 -0.717645
v 0.546511 0.090517 -0.715934
v 0.550068 0.089616 -0.713768
v 0.546026 0.089757 -0.716305
v 0.549284 0.093940 -0.721920
v 0.549284 0.087522 -0.721920
v 0.548516 0.086873 -0.717645
v 0.546511 0.088944 -0.715934
v 0.548516 0.078696 -0.717645
v 0.546511 0.075994 -0.715934
v 0.550068 0.075116 -0.713768
v 0.546026 0.075231 -0.716305
v 0.549284 0.079227 -0.721920
v 0.549284 0.072831 -0.721920
v 0.548516 0.072300 -0.717645
v 0.546511 0.074426 -0.715934
v 0.548516 0.064102 -0.717645
v 0.546511 0.061471 -0.715934
v 0.550068 0.060617 -0.713768
v 0.546026 0.060706 -0.716305
v 0.549284 0.064515 -0.721920
v 0.549284 0.058137 -0.721920
v 0.548516 0.057724 -0.717645
v 0.546511 0.059908 -0.715934
v 0.548516 0.049511 -0.717645
v 0.546511 0.046948 -0.715934
v 0.550068 0.046117 -0.713768
v 0.546026 0.046181 -0.716305
v 0.549284 0.049806 -0.721920
v 0.549284 0.043442 -0.721920
v 0.548516 0.043147 -0.717645
v 0.546511 0.045389 -0.715934
v 0.548516 0.034922 -0.717645
v 0.546511 0.032427 -0.715934
v 0.550068 0.031617 -0.713768
v 0.546026 0.031655 -0.716305
v 0.549284 0.035099 -0.721920
v 0.549284 0.028743 -0.721920
v 0.548516 0.028566 -0.717645
v 0.546511 0.030869 -0.715934
v 0.548516 0.020335 -0.717645
v 0.546511 0.017906 -0.715934
v 0.550068 0.017117 -0.713768
v 0.546026 0.017130 -0.716305
v 0.549284 0.020394 -0.721920
v 0.549284 0.014043 -0.721920
v 0.548516 0.013984 -0.717645
v 0.546511 0.016349 -0.715934
v 0.548516 0.005750 -0.717645
v 0.546511 0.003385 -0.715934
v 0.550068 0.002617 -0.713768
v 0.546026 0.002604 -0.716303
v 0.549284 0.005691 -0.721920
v 0.549284 -0.000660 -0.721920
v 0.548516 -0.000601 -0.717645
v 0.546511 0.001829 -0.715934
v 0.548516 -0.008832 -0.717645
v 0.546511 -0.011135 -0.715934
v 0.550068 -0.011883 -0.713768
v 0.546026 -0.011921 -0.716304
v 0.549284 -0.009009 -0.721920
v 0.549284 -0.015364 -0.721920
v 0.548516 -0.015187 -0.717645
v 0.546511 -0.012693 -0.715934
v 0.548516 -0.023412 -0.717645
v 0.546511 -0.025655 -0.715934
v 0.550068 -0.026383 -0.713768
v 0.546026 -0.026446 -0.716304
v 0.549284 -0.023707 -0.721920
v 0.549284 -0.030072 -0.721920
v 0.548516 -0.029777 -0.717645
v 0.546511 -0.027214 -0.715934
v 0.548516 -0.037990 -0.717645
v 0.546511 -0.040174 -0.715934
v 0.550068 -0.040882 -0.713768
v 0.546026 -0.040972 -0.716305
v 0.549284 -0.038403 -0.721920
v 0.549284 -0.044781 -0.721920
v 0.548516 -0.044368 -0.717645
v 0.546511 -0.041737 -0.715934
v 0.548516 -0.052566 -0.717645
v 0.546511 -0.054692 -0.715934
v 0.550068 -0.055382 -0.713768
v 0.546026 -0.055497 -0.716305
v 0.549284 -0.053097 -0.721920
v 0.549284 -0.059492 -0.721920
v 0.548516 -0.058961 -0.717645
v 0.546511 -0.056259 -0.715934
v 0.548516 -0.067139 -0.717645
v 0.546511 -0.069210 -0.715934
v 0.550068 -0.069882 -0.713768
v 0.546026 -0.070023 -0.716305
v 0.549284 -0.067788 -0.721920
v 0.545860 -0.069882 -0.715379
v 0.549284 -0.074206 -0.721920
v 0.548516 -0.073557 -0.717645
v 0.546511 -0.070783 -0.715934
v 0.548516 -0.081710 -0.717645
v 0.546511 -0.083727 -0.715934
v 0.550068 -0.084382 -0.713768
v 0.546026 -0.084548 -0.716305
v 0.549284 -0.082477 -0.721920
v 0.545860 -0.084382 -0.715379
v 0.549284 -0.088922 -0.721920
v 0.548516 -0.088155 -0.717645
v 0.546511 -0.085307 -0.715934
v 0.548516 -0.096279 -0.717645
v 0.546511 -0.098244 -0.715934
v 0.550068 -0.098882 -0.713768
v 0.546026 -0.099073 -0.716305
v 0.549284 -0.097164 -0.721920
v 0.545860 -0.098882 -0.715379
v 0.549284 -0.103641 -0.721920
v 0.548516 -0.102756 -0.717645
v 0.546511 -0.099831 -0.715934
v 0.548516 -0.110846 -0.717645
v 0.546511 -0.112760 -0.715934
v 0.549284 -0.111849 -0.721920
v 0.339929 0.172462 -0.821818
v 0.339161 0.173583 -0.826093
v 0.340052 0.175559 -0.830268
v 0.337167 0.179768 -0.828060
v 0.339161 0.162536 -0.826093
v 0.340714 0.160001 -0.829970
v 0.336892 0.171541 -0.828185
v 0.336796 0.160278 -0.828111
v 0.339929 0.161533 -0.821818
v 0.336579 0.159904 -0.827946
v 0.339929 0.155021 -0.821818
v 0.339161 0.156024 -0.826093
v 0.336796 0.159566 -0.828111
v 0.339161 0.144940 -0.826093
v 0.340714 0.142338 -0.829970
v 0.336796 0.142623 -0.828111
v 0.339929 0.144055 -0.821818
v 0.336579 0.142252 -0.827946
v 0.339929 0.137579 -0.821818
v 0.339161 0.138464 -0.826093
v 0.336796 0.141914 -0.828111
v 0.339161 0.127347 -0.826093
v 0.340714 0.124675 -0.829970
v 0.336796 0.124967 -0.828111
v 0.339929 0.126580 -0.821818
v 0.336579 0.124601 -0.827946
v 0.339929 0.120135 -0.821818
v 0.339161 0.120902 -0.826093
v 0.336796 0.124262 -0.828111
v 0.339161 0.109755 -0.826093
v 0.340714 0.107012 -0.829970
v 0.336796 0.107312 -0.828111
v 0.339929 0.109106 -0.821818
v 0.336579 0.106950 -0.827946
v 0.339929 0.102688 -0.821818
v 0.339161 0.103337 -0.826093
v 0.336796 0.106610 -0.828111
v 0.339161 0.092166 -0.826093
v 0.340714 0.089350 -0.829970
v 0.336796 0.089658 -0.828111
v 0.339929 0.091635 -0.821818
v 0.336579 0.089298 -0.827946
v 0.339929 0.085239 -0.821818
v 0.339161 0.085770 -0.826093
v 0.336796 0.088958 -0.828111
v 0.339161 0.074579 -0.826093
v 0.340714 0.071687 -0.829969
v 0.336796 0.072003 -0.828111
v 0.339929 0.074166 -0.821818
v 0.336579 0.071647 -0.827946
v 0.339929 0.067788 -0.821818
v 0.339161 0.068201 -0.826093
v 0.336796 0.071306 -0.828111
v 0.339161 0.056994 -0.826093
v 0.340714 0.054024 -0.829969
v 0.336796 0.054349 -0.828111
v 0.339929 0.056699 -0.821818
v 0.336579 0.053995 -0.827946
v 0.339929 0.050335 -0.821818
v 0.339161 0.050630 -0.826093
v 0.336796 0.053653 -0.828111
v 0.339161 0.039412 -0.826093
v 0.340714 0.036361 -0.829969
v 0.336796 0.036695 -0.828111
v 0.339929 0.039235 -0.821818
v 0.336579 0.036344 -0.827946
v 0.339929 0.032879 -0.821818
v 0.339161 0.033056 -0.826093
v 0.336796 0.036000 -0.828111
v 0.339161 0.021831 -0.826093
v 0.340714 0.018698 -0.829969
v 0.336796 0.019041 -0.828111
v 0.339929 0.021772 -0.821818
v 0.336579 0.018693 -0.827946
v 0.339929 0.015422 -0.821818
v 0.339161 0.015481 -0.826093
v 0.336796 0.018346 -0.828111
v 0.339161 0.004253 -0.826093
v 0.340714 0.001036 -0.829969
v 0.336796 0.001388 -0.828111
v 0.339929 0.004312 -0.821818
v 0.336579 0.001041 -0.827946
v 0.339929 -0.002038 -0.821818
v 0.339161 -0.002097 -0.826093
v 0.336796 0.000693 -0.828111
v 0.339161 -0.013322 -0.826093
v 0.340714 -0.016627 -0.829969
v 0.336796 -0.016266 -0.828111
v 0.339929 -0.013145 -0.821818
v 0.336579 -0.016610 -0.827946
v 0.339929 -0.019501 -0.821818
v 0.339161 -0.019678 -0.826093
v 0.336796 -0.016961 -0.828111
v 0.339161 -0.030896 -0.826093
v 0.340714 -0.034290 -0.829969
v 0.336796 -0.033919 -0.828111
v 0.339929 -0.030601 -0.821818
v 0.336579 -0.034261 -0.827946
v 0.339929 -0.036965 -0.821818
v 0.339161 -0.037260 -0.826093
v 0.336796 -0.034615 -0.828111
v 0.339161 -0.048467 -0.826093
v 0.340714 -0.051953 -0.829969
v 0.336796 -0.051572 -0.828111
v 0.339929 -0.048054 -0.821818
v 0.336579 -0.051913 -0.827946
v 0.339929 -0.054432 -0.821818
v 0.339161 -0.054845 -0.826093
v 0.336796 -0.052269 -0.828111
v 0.339161 -0.066036 -0.826093
v 0.340714 -0.069616 -0.829969
v 0.336796 -0.069224 -0.828111
v 0.339929 -0.065505 -0.821818
v 0.336579 -0.069564 -0.827946
v 0.339929 -0.071901 -0.821818
v 0.339161 -0.072432 -0.826093
v 0.336796 -0.069924 -0.828111
v 0.339161 -0.083603 -0.826093
v 0.340714 -0.087278 -0.829969
v 0.336796 -0.086876 -0.828111
v 0.339929 -0.082954 -0.821818
v 0.336579 -0.087216 -0.827945
v 0.339929 -0.089372 -0.821818
v 0.339161 -0.090021 -0.826093
v 0.336796 -0.087578 -0.828111
v 0.339161 -0.101168 -0.826093
v 0.340714 -0.104941 -0.829969
v 0.336796 -0.104528 -0.828111
v 0.339929 -0.100401 -0.821818
v 0.336579 -0.104867 -0.827945
v 0.339929 -0.106846 -0.821818
v 0.339161 -0.107613 -0.826093
v 0.336796 -0.105233 -0.828111
v 0.339161 -0.118730 -0.826093
v 0.340714 -0.122604 -0.829969
v 0.336796 -0.122180 -0.828111
v 0.339929 -0.117845 -0.821818
v 0.336579 -0.122518 -0.827945
v 0.339929 -0.124321 -0.821818
v 0.339161 -0.125206 -0.826093
v 0.336796 -0.122889 -0.828111
v 0.339161 -0.136290 -0.826093
v 0.336796 -0.139832 -0.828111
v 0.339929 -0.135287 -0.821818
v 0.358250 -0.132539 -0.732337
v 0.368793 -0.132539 -0.732337
v 0.370551 -0.130274 -0.736214
v 0.370551 -0.136416 -0.734603
v 0.369443 -0.131418 -0.728062
v 0.372135 -0.127542 -0.725796
v 0.372135 -0.133684 -0.724186
v 0.359019 -0.131418 -0.728062
v 0.373243 -0.132539 -0.732337
v 0.383821 -0.132539 -0.732337
v 0.385647 -0.130274 -0.736214
v 0.385647 -0.136416 -0.734603
v 0.384352 -0.131418 -0.728062
v 0.386943 -0.127542 -0.725796
v 0.386943 -0.133684 -0.724186
v 0.373893 -0.131418 -0.728062
v 0.388238 -0.132539 -0.732337
v 0.398845 -0.132539 -0.732337
v 0.400744 -0.130274 -0.736214
v 0.400744 -0.136416 -0.734603
v 0.399259 -0.131418 -0.728062
v 0.401752 -0.127542 -0.725796
v 0.401752 -0.133684 -0.724186
v 0.388770 -0.131418 -0.728062
v 0.403237 -0.132539 -0.732337
v 0.413867 -0.132539 -0.732337
v 0.415840 -0.130274 -0.736214
v 0.415840 -0.136416 -0.734603
v 0.414162 -0.131418 -0.728062
v 0.416560 -0.127542 -0.725796
v 0.416560 -0.133684 -0.724186
v 0.403650 -0.131418 -0.728062
v 0.418238 -0.132539 -0.732337
v 0.428885 -0.132539 -0.732337
v 0.430937 -0.130274 -0.736214
v 0.430937 -0.136416 -0.734603
v 0.429062 -0.131418 -0.728062
v 0.431368 -0.127542 -0.725796
v 0.431368 -0.133684 -0.724186
v 0.418534 -0.131418 -0.728062
v 0.433243 -0.132539 -0.732337
v 0.443899 -0.132539 -0.732337
v 0.446033 -0.130274 -0.736214
v 0.446033 -0.136416 -0.734603
v 0.443959 -0.131418 -0.728062
v 0.446177 -0.127542 -0.725796
v 0.446177 -0.133684 -0.724186
v 0.433420 -0.131418 -0.728062
v 0.448251 -0.132539 -0.732337
v 0.458911 -0.132539 -0.732337
v 0.461129 -0.130274 -0.736214
v 0.461129 -0.136416 -0.734603
v 0.458852 -0.131418 -0.728062
v 0.460985 -0.127542 -0.725796
v 0.460985 -0.133684 -0.724186
v 0.448310 -0.131418 -0.728062
v 0.463263 -0.132539 -0.732337
v 0.473919 -0.132539 -0.732337
v 0.476226 -0.130274 -0.736214
v 0.476226 -0.136416 -0.734603
v 0.473742 -0.131418 -0.728062
v 0.475794 -0.127542 -0.725796
v 0.475794 -0.133684 -0.724186
v 0.463204 -0.131418 -0.728062
v 0.478277 -0.132539 -0.732337
v 0.488924 -0.132539 -0.732337
v 0.491322 -0.130274 -0.736214
v 0.491322 -0.136416 -0.734603
v 0.488629 -0.131418 -0.728062
v 0.490602 -0.127542 -0.725796
v 0.490602 -0.133684 -0.724186
v 0.478100 -0.131418 -0.728062
v 0.493296 -0.132539 -0.732337
v 0.503926 -0.132539 -0.732337
v 0.506418 -0.130274 -0.736214
v 0.506418 -0.136416 -0.734603
v 0.503512 -0.131418 -0.728062
v 0.505411 -0.127542 -0.725796
v 0.505411 -0.133684 -0.724186
v 0.493000 -0.131418 -0.728062
v 0.508317 -0.132539 -0.732337
v 0.518924 -0.132539 -0.732337
v 0.521515 -0.130274 -0.736214
v 0.521515 -0.136416 -0.734603
v 0.518391 -0.131418 -0.728062
v 0.520218 -0.127542 -0.725796
v 0.520218 -0.133684 -0.724186
v 0.507903 -0.131418 -0.728062
v 0.523341 -0.132539 -0.732337
v 0.533918 -0.132539 -0.732337
v 0.533269 -0.131418 -0.728062
v 0.522810 -0.131418 -0.728062
v 0.356379 -0.135271 -0.742754
v 0.367209 -0.135271 -0.742754
v 0.368967 -0.133005 -0.746631
v 0.368967 -0.139147 -0.745020
v 0.367859 -0.134150 -0.738479
v 0.357147 -0.134150 -0.738479
v 0.371659 -0.135271 -0.742754
v 0.382525 -0.135271 -0.742754
v 0.384352 -0.133005 -0.746631
v 0.384352 -0.139147 -0.745020
v 0.383057 -0.134150 -0.738479
v 0.372309 -0.134150 -0.738479
v 0.386942 -0.135271 -0.742754
v 0.397837 -0.135271 -0.742754
v 0.399736 -0.133005 -0.746631
v 0.399736 -0.139147 -0.745020
v 0.398251 -0.134150 -0.738479
v 0.387474 -0.134150 -0.738479
v 0.402229 -0.135271 -0.742754
v 0.413147 -0.135271 -0.742754
v 0.415120 -0.133005 -0.746631
v 0.415120 -0.139147 -0.745020
v 0.413442 -0.134150 -0.738479
v 0.402642 -0.134150 -0.738479
v 0.417518 -0.135271 -0.742754
v 0.428453 -0.135271 -0.742754
v 0.430505 -0.133005 -0.746631
v 0.430505 -0.139147 -0.745020
v 0.428630 -0.134150 -0.738479
v 0.417814 -0.134150 -0.738479
v 0.432811 -0.135271 -0.742754
v 0.443756 -0.135271 -0.742754
v 0.445889 -0.133005 -0.746631
v 0.445889 -0.139147 -0.745020
v 0.443815 -0.134150 -0.738479
v 0.432988 -0.134150 -0.738479
v 0.448107 -0.135271 -0.742754
v 0.459055 -0.135271 -0.742754
v 0.461273 -0.133005 -0.746631
v 0.461273 -0.139147 -0.745020
v 0.458996 -0.134150 -0.738479
v 0.448166 -0.134150 -0.738479
v 0.463407 -0.135271 -0.742754
v 0.474351 -0.135271 -0.742754
v 0.476658 -0.133005 -0.746631
v 0.476658 -0.139147 -0.745020
v 0.474174 -0.134150 -0.738479
v 0.463348 -0.134150 -0.738479
v 0.478709 -0.135271 -0.742754
v 0.489644 -0.135271 -0.742754
v 0.492042 -0.133005 -0.746631
v 0.492042 -0.139147 -0.745020
v 0.489348 -0.134150 -0.738479
v 0.478532 -0.134150 -0.738479
v 0.494015 -0.135271 -0.742754
v 0.504933 -0.135271 -0.742754
v 0.507426 -0.133005 -0.746631
v 0.507426 -0.139147 -0.745020
v 0.504520 -0.134150 -0.738479
v 0.493720 -0.134150 -0.738479
v 0.509325 -0.135271 -0.742754
v 0.520220 -0.135271 -0.742754
v 0.522811 -0.133005 -0.746631
v 0.522811 -0.139147 -0.745020
v 0.519688 -0.134150 -0.738479
v 0.508911 -0.134150 -0.738479
v 0.524637 -0.135271 -0.742754
v 0.535503 -0.135271 -0.742754
v 0.534853 -0.134150 -0.738479
v 0.524105 -0.134150 -0.738479
v 0.354508 -0.138003 -0.753172
v 0.365625 -0.138003 -0.753172
v 0.367384 -0.135737 -0.757048
v 0.367384 -0.141879 -0.755438
v 0.366275 -0.136882 -0.748897
v 0.355276 -0.136882 -0.748897
v 0.370076 -0.138003 -0.753172
v 0.381229 -0.138003 -0.753172
v 0.383056 -0.135737 -0.757048
v 0.383056 -0.141879 -0.755438
v 0.381761 -0.136882 -0.748897
v 0.370724 -0.136882 -0.748897
v 0.385647 -0.138003 -0.753172
v 0.396830 -0.138003 -0.753172
v 0.398728 -0.135737 -0.757048
v 0.398728 -0.141879 -0.755438
v 0.397243 -0.136882 -0.748897
v 0.386178 -0.136882 -0.748897
v 0.401221 -0.138003 -0.753172
v 0.412427 -0.138003 -0.753172
v 0.414400 -0.135737 -0.757048
v 0.414400 -0.141879 -0.755438
v 0.412722 -0.136882 -0.748897
v 0.401635 -0.136882 -0.748897
v 0.416798 -0.138003 -0.753172
v 0.428021 -0.138003 -0.753172
v 0.430073 -0.135737 -0.757048
v 0.430073 -0.141879 -0.755438
v 0.428198 -0.136882 -0.748897
v 0.417094 -0.136882 -0.748897
v 0.432379 -0.138003 -0.753172
v 0.443612 -0.138003 -0.753172
v 0.445745 -0.135737 -0.757048
v 0.445745 -0.141879 -0.755438
v 0.443671 -0.136882 -0.748897
v 0.432556 -0.136882 -0.748897
v 0.447963 -0.138003 -0.753172
v 0.459199 -0.138003 -0.753172
v 0.461417 -0.135737 -0.757048
v 0.461417 -0.141879 -0.755438
v 0.459140 -0.136882 -0.748897
v 0.448022 -0.136882 -0.748897
v 0.463551 -0.138003 -0.753172
v 0.474783 -0.138003 -0.753172
v 0.477089 -0.135737 -0.757048
v 0.477089 -0.141879 -0.755438
v 0.474606 -0.136882 -0.748897
v 0.463492 -0.136882 -0.748897
v 0.479141 -0.138003 -0.753172
v 0.490364 -0.138003 -0.753172
v 0.492762 -0.135737 -0.757048
v 0.492762 -0.141879 -0.755438
v 0.490068 -0.136882 -0.748897
v 0.478964 -0.136882 -0.748897
v 0.494735 -0.138003 -0.753172
v 0.505941 -0.138003 -0.753172
v 0.508434 -0.135737 -0.757048
v 0.508434 -0.141879 -0.755438
v 0.505527 -0.136882 -0.748897
v 0.494440 -0.136882 -0.748897
v 0.510333 -0.138003 -0.753172
v 0.521515 -0.138003 -0.753172
v 0.524106 -0.135737 -0.757048
v 0.524106 -0.141879 -0.755438
v 0.520984 -0.136882 -0.748897
v 0.509919 -0.136882 -0.748897
v 0.525933 -0.138003 -0.753172
v 0.537086 -0.138003 -0.753172
v 0.536437 -0.136882 -0.748897
v 0.525401 -0.136882 -0.748897
v 0.352636 -0.140734 -0.763589
v 0.364042 -0.140734 -0.763589
v 0.365800 -0.138468 -0.767465
v 0.365800 -0.144611 -0.765855
v 0.364692 -0.139613 -0.759314
v 0.353404 -0.139613 -0.759314
v 0.368492 -0.140734 -0.763589
v 0.379933 -0.140734 -0.763589
v 0.381760 -0.138468 -0.767465
v 0.381760 -0.144611 -0.765855
v 0.380465 -0.139613 -0.759314
v 0.369142 -0.139613 -0.759314
v 0.384351 -0.140734 -0.763589
v 0.395822 -0.140734 -0.763589
v 0.397720 -0.138468 -0.767465
v 0.397720 -0.144611 -0.765855
v 0.396235 -0.139613 -0.759314
v 0.384883 -0.139613 -0.759314
v 0.400213 -0.140734 -0.763589
v 0.411707 -0.140734 -0.763589
v 0.413681 -0.138468 -0.767465
v 0.413681 -0.144611 -0.765855
v 0.412002 -0.139613 -0.759314
v 0.400627 -0.139613 -0.759314
v 0.416079 -0.140734 -0.763589
v 0.427589 -0.140734 -0.763589
v 0.429641 -0.138468 -0.767465
v 0.429641 -0.144611 -0.765855
v 0.427766 -0.139613 -0.759314
v 0.416374 -0.139613 -0.759314
v 0.431947 -0.140734 -0.763589
v 0.443468 -0.140734 -0.763589
v 0.445601 -0.138468 -0.767465
v 0.445601 -0.144611 -0.765855
v 0.443527 -0.139613 -0.759314
v 0.432125 -0.139613 -0.759314
v 0.447819 -0.140734 -0.763589
v 0.459343 -0.140734 -0.763589
v 0.461561 -0.138468 -0.767465
v 0.461561 -0.144611 -0.765855
v 0.459284 -0.139613 -0.759314
v 0.447878 -0.139613 -0.759314
v 0.463695 -0.140734 -0.763589
v 0.475215 -0.140734 -0.763589
v 0.477521 -0.138468 -0.767465
v 0.477521 -0.144611 -0.765855
v 0.475038 -0.139613 -0.759314
v 0.463636 -0.139613 -0.759314
v 0.479573 -0.140734 -0.763589
v 0.491084 -0.140734 -0.763589
v 0.493482 -0.138468 -0.767465
v 0.493482 -0.144611 -0.765855
v 0.490788 -0.139613 -0.759314
v 0.479396 -0.139613 -0.759314
v 0.495455 -0.140734 -0.763589
v 0.506949 -0.140734 -0.763589
v 0.509441 -0.138468 -0.767465
v 0.509441 -0.144611 -0.765855
v 0.506535 -0.139613 -0.759314
v 0.495160 -0.139613 -0.759314
v 0.511340 -0.140734 -0.763589
v 0.522811 -0.140734 -0.763589
v 0.525402 -0.138468 -0.767465
v 0.525402 -0.144611 -0.765855
v 0.522280 -0.139613 -0.759314
v 0.510926 -0.139613 -0.759314
v 0.527229 -0.140734 -0.763589
v 0.538670 -0.140734 -0.763589
v 0.538020 -0.139613 -0.759314
v 0.526697 -0.139613 -0.759314
v 0.350763 -0.143466 -0.774006
v 0.362458 -0.143466 -0.774006
v 0.364216 -0.141200 -0.777883
v 0.364216 -0.147342 -0.776272
v 0.363108 -0.142345 -0.769731
v 0.351532 -0.142345 -0.769731
v 0.366908 -0.143466 -0.774006
v 0.378638 -0.143466 -0.774006
v 0.380464 -0.141200 -0.777883
v 0.380464 -0.147342 -0.776272
v 0.379169 -0.142345 -0.769731
v 0.367558 -0.142345 -0.769731
v 0.383055 -0.143466 -0.774006
v 0.394814 -0.143466 -0.774006
v 0.396712 -0.141200 -0.777883
v 0.396712 -0.147342 -0.776272
v 0.395228 -0.142345 -0.769731
v 0.383587 -0.142345 -0.769731
v 0.399205 -0.143466 -0.774006
v 0.410987 -0.143466 -0.774006
v 0.412961 -0.141200 -0.777883
v 0.412961 -0.147342 -0.776272
v 0.411283 -0.142345 -0.769731
v 0.399619 -0.142345 -0.769731
v 0.415359 -0.143466 -0.774006
v 0.427157 -0.143466 -0.774006
v 0.429209 -0.141200 -0.777883
v 0.429209 -0.147342 -0.776272
v 0.427334 -0.142345 -0.769731
v 0.415654 -0.142345 -0.769731
v 0.431515 -0.143466 -0.774006
v 0.443324 -0.143466 -0.774006
v 0.445457 -0.141200 -0.777883
v 0.445457 -0.147342 -0.776272
v 0.443383 -0.142345 -0.769731
v 0.431693 -0.142345 -0.769731
v 0.447675 -0.143466 -0.774006
v 0.459487 -0.143466 -0.774006
v 0.461705 -0.141200 -0.777883
v 0.461705 -0.147342 -0.776272
v 0.459428 -0.142345 -0.769731
v 0.447734 -0.142345 -0.769731
v 0.463839 -0.143466 -0.774006
v 0.475647 -0.143466 -0.774006
v 0.477953 -0.141200 -0.777883
v 0.477953 -0.147342 -0.776272
v 0.475470 -0.142345 -0.769731
v 0.463780 -0.142345 -0.769731
v 0.480005 -0.143466 -0.774006
v 0.491804 -0.143466 -0.774006
v 0.494202 -0.141200 -0.777883
v 0.494202 -0.147342 -0.776272
v 0.491508 -0.142345 -0.769731
v 0.479828 -0.142345 -0.769731
v 0.496175 -0.143466 -0.774006
v 0.507957 -0.143466 -0.774006
v 0.510450 -0.141200 -0.777883
v 0.510450 -0.147342 -0.776272
v 0.507542 -0.142345 -0.769731
v 0.495880 -0.142345 -0.769731
v 0.512348 -0.143466 -0.774006
v 0.524107 -0.143466 -0.774006
v 0.526698 -0.141200 -0.777883
v 0.526698 -0.147342 -0.776272
v 0.523575 -0.142345 -0.769731
v 0.511935 -0.142345 -0.769731
v 0.528525 -0.143466 -0.774006
v 0.540254 -0.143466 -0.774006
v 0.539604 -0.142345 -0.769731
v 0.527992 -0.142345 -0.769731
v 0.348892 -0.146198 -0.784424
v 0.360874 -0.146198 -0.784424
v 0.362631 -0.143932 -0.788300
v 0.362631 -0.150074 -0.786690
v 0.361524 -0.145077 -0.780149
v 0.349661 -0.145077 -0.780149
v 0.365324 -0.146198 -0.784424
v 0.377342 -0.146198 -0.784424
v 0.379169 -0.143932 -0.788300
v 0.379169 -0.150074 -0.786690
v 0.377874 -0.145077 -0.780149
v 0.365974 -0.145077 -0.780149
v 0.381759 -0.146198 -0.784424
v 0.393806 -0.146198 -0.784424
v 0.395705 -0.143932 -0.788300
v 0.395705 -0.150074 -0.786690
v 0.394220 -0.145077 -0.780149
v 0.382291 -0.145077 -0.780149
v 0.398197 -0.146198 -0.784424
v 0.410267 -0.146198 -0.784424
v 0.412241 -0.143932 -0.788300
v 0.412241 -0.150074 -0.786690
v 0.410563 -0.145077 -0.780149
v 0.398611 -0.145077 -0.780149
v 0.414639 -0.146198 -0.784424
v 0.426725 -0.146198 -0.784424
v 0.428777 -0.143932 -0.788300
v 0.428777 -0.150074 -0.786690
v 0.426902 -0.145077 -0.780149
v 0.414934 -0.145077 -0.780149
v 0.431083 -0.146198 -0.784424
v 0.443180 -0.146198 -0.784424
v 0.445313 -0.143932 -0.788300
v 0.445313 -0.150074 -0.786690
v 0.443239 -0.145077 -0.780149
v 0.431261 -0.145077 -0.780149
v 0.447531 -0.146198 -0.784424
v 0.459631 -0.146198 -0.784424
v 0.461849 -0.143932 -0.788300
v 0.461849 -0.150074 -0.786690
v 0.459572 -0.145077 -0.780149
v 0.447590 -0.145077 -0.780149
v 0.463983 -0.146198 -0.784424
v 0.476079 -0.146198 -0.784424
v 0.478385 -0.143932 -0.788300
v 0.478385 -0.150074 -0.786690
v 0.475902 -0.145077 -0.780149
v 0.463924 -0.145077 -0.780149
v 0.480437 -0.146198 -0.784424
v 0.492523 -0.146198 -0.784424
v 0.494921 -0.143932 -0.788300
v 0.494921 -0.150074 -0.786690
v 0.492228 -0.145077 -0.780149
v 0.480260 -0.145077 -0.780149
v 0.496895 -0.146198 -0.784424
v 0.508965 -0.146198 -0.784424
v 0.511456 -0.143932 -0.788300
v 0.511456 -0.150074 -0.786690
v 0.508551 -0.145077 -0.780149
v 0.496600 -0.145077 -0.780149
v 0.513355 -0.146198 -0.784424
v 0.525403 -0.146198 -0.784424
v 0.527994 -0.143932 -0.788300
v 0.527994 -0.150074 -0.786690
v 0.524871 -0.145077 -0.780149
v 0.512942 -0.145077 -0.780149
v 0.529819 -0.146198 -0.784424
v 0.541838 -0.146198 -0.784424
v 0.541188 -0.145077 -0.780149
v 0.529289 -0.145077 -0.780149
v 0.347021 -0.148929 -0.794841
v 0.359291 -0.148929 -0.794841
v 0.361049 -0.146663 -0.798717
v 0.361049 -0.152806 -0.797107
v 0.359941 -0.147808 -0.790566
v 0.347789 -0.147808 -0.790566
v 0.363741 -0.148929 -0.794841
v 0.376046 -0.148929 -0.794841
v 0.377873 -0.146663 -0.798717
v 0.377873 -0.152806 -0.797107
v 0.376578 -0.147808 -0.790566
v 0.364390 -0.147808 -0.790566
v 0.380464 -0.148929 -0.794841
v 0.392798 -0.148929 -0.794841
v 0.394697 -0.146663 -0.798717
v 0.394697 -0.152806 -0.797107
v 0.393212 -0.147808 -0.790566
v 0.380994 -0.147808 -0.790566
v 0.397189 -0.148929 -0.794841
v 0.409547 -0.148929 -0.794841
v 0.411521 -0.146663 -0.798717
v 0.411521 -0.152806 -0.797107
v 0.409843 -0.147808 -0.790566
v 0.397602 -0.147808 -0.790566
v 0.413919 -0.148929 -0.794841
v 0.426293 -0.148929 -0.794841
v 0.428345 -0.146663 -0.798717
v 0.428345 -0.152806 -0.797107
v 0.426470 -0.147808 -0.790566
v 0.414214 -0.147808 -0.790566
v 0.430651 -0.148929 -0.794841
v 0.443036 -0.148929 -0.794841
v 0.445169 -0.146663 -0.798717
v 0.445169 -0.152806 -0.797107
v 0.443095 -0.147808 -0.790566
v 0.430829 -0.147808 -0.790566
v 0.447387 -0.148929 -0.794841
v 0.459775 -0.148929 -0.794841
v 0.461993 -0.146663 -0.798717
v 0.461993 -0.152806 -0.797107
v 0.459716 -0.147808 -0.790566
v 0.447446 -0.147808 -0.790566
v 0.464127 -0.148929 -0.794841
v 0.476511 -0.148929 -0.794841
v 0.478817 -0.146663 -0.798717
v 0.478817 -0.152806 -0.797107
v 0.476333 -0.147808 -0.790566
v 0.464067 -0.147808 -0.790566
v 0.480869 -0.148929 -0.794841
v 0.493243 -0.148929 -0.794841
v 0.495641 -0.146663 -0.798717
v 0.495641 -0.152806 -0.797107
v 0.492948 -0.147808 -0.790566
v 0.480692 -0.147808 -0.790566
v 0.497615 -0.148929 -0.794841
v 0.509973 -0.148929 -0.794841
v 0.512465 -0.146663 -0.798717
v 0.512465 -0.152806 -0.797107
v 0.509559 -0.147808 -0.790566
v 0.497319 -0.147808 -0.790566
v 0.514364 -0.148929 -0.794841
v 0.526699 -0.148929 -0.794841
v 0.529289 -0.146663 -0.798717
v 0.529289 -0.152806 -0.797107
v 0.526167 -0.147808 -0.790566
v 0.513950 -0.147808 -0.790566
v 0.531116 -0.148929 -0.794841
v 0.543422 -0.148929 -0.794841
v 0.542772 -0.147808 -0.790566
v 0.530584 -0.147808 -0.790566
v 0.345149 -0.151661 -0.805258
v 0.357707 -0.151661 -0.805258
v 0.359465 -0.149395 -0.809135
v 0.359465 -0.155537 -0.807524
v 0.358357 -0.150540 -0.800983
v 0.345917 -0.150540 -0.800983
v 0.362157 -0.151661 -0.805258
v 0.374750 -0.151661 -0.805258
v 0.376577 -0.149395 -0.809135
v 0.376577 -0.155537 -0.807524
v 0.375282 -0.150540 -0.800983
v 0.362806 -0.150540 -0.800983
v 0.379168 -0.151661 -0.805258
v 0.391791 -0.151661 -0.805258
v 0.393688 -0.149395 -0.809135
v 0.393688 -0.155537 -0.807524
v 0.392204 -0.150540 -0.800983
v 0.379700 -0.150540 -0.800983
v 0.396182 -0.151661 -0.805258
v 0.408827 -0.151661 -0.805258
v 0.410801 -0.149395 -0.809135
v 0.410801 -0.155537 -0.807524
v 0.409123 -0.150540 -0.800983
v 0.396595 -0.150540 -0.800983
v 0.413199 -0.151661 -0.805258
v 0.425861 -0.151661 -0.805258
v 0.427913 -0.149395 -0.809135
v 0.427913 -0.155537 -0.807524
v 0.426038 -0.150540 -0.800983
v 0.413494 -0.150540 -0.800983
v 0.430220 -0.151661 -0.805258
v 0.442892 -0.151661 -0.805258
v 0.445025 -0.149395 -0.809135
v 0.445025 -0.155537 -0.807524
v 0.442951 -0.150540 -0.800983
v 0.430397 -0.150540 -0.800983
v 0.447243 -0.151661 -0.805258
v 0.459919 -0.151661 -0.805258
v 0.462137 -0.149395 -0.809135
v 0.462137 -0.155537 -0.807524
v 0.459860 -0.150540 -0.800983
v 0.447302 -0.150540 -0.800983
v 0.464271 -0.151661 -0.805258
v 0.476943 -0.151661 -0.805258
v 0.479249 -0.149395 -0.809135
v 0.479249 -0.155537 -0.807524
v 0.476765 -0.150540 -0.800983
v 0.464211 -0.150540 -0.800983
v 0.481301 -0.151661 -0.805258
v 0.493963 -0.151661 -0.805258
v 0.496361 -0.149395 -0.809135
v 0.496361 -0.155537 -0.807524
v 0.493668 -0.150540 -0.800983
v 0.481124 -0.150540 -0.800983
v 0.498335 -0.151661 -0.805258
v 0.510980 -0.151661 -0.805258
v 0.513473 -0.149395 -0.809135
v 0.513473 -0.155537 -0.807524
v 0.510567 -0.150540 -0.800983
v 0.498039 -0.150540 -0.800983
v 0.515372 -0.151661 -0.805258
v 0.527994 -0.151661 -0.805258
v 0.530585 -0.149395 -0.809135
v 0.530585 -0.155537 -0.807524
v 0.527463 -0.150540 -0.800983
v 0.514958 -0.150540 -0.800983
v 0.532412 -0.151661 -0.805258
v 0.545004 -0.151661 -0.805258
v 0.544355 -0.150540 -0.800983
v 0.531880 -0.150540 -0.800983
v 0.343277 -0.154393 -0.815676
v 0.356123 -0.154393 -0.815676
v 0.357881 -0.152127 -0.819552
v 0.357881 -0.158269 -0.817941
v 0.356773 -0.153272 -0.811401
v 0.344046 -0.153272 -0.811401
v 0.360573 -0.154393 -0.815676
v 0.373454 -0.154393 -0.815676
v 0.375280 -0.152127 -0.819552
v 0.375280 -0.158269 -0.817941
v 0.373986 -0.153272 -0.811401
v 0.361223 -0.153272 -0.811401
v 0.377872 -0.154393 -0.815676
v 0.390783 -0.154393 -0.815676
v 0.392681 -0.152127 -0.819552
v 0.392681 -0.158269 -0.817941
v 0.391196 -0.153272 -0.811401
v 0.378404 -0.153272 -0.811401
v 0.395174 -0.154393 -0.815676
v 0.408108 -0.154393 -0.815676
v 0.410081 -0.152127 -0.819552
v 0.410081 -0.158269 -0.817941
v 0.408403 -0.153272 -0.811401
v 0.395588 -0.153272 -0.811401
v 0.412479 -0.154393 -0.815676
v 0.425429 -0.154393 -0.815676
v 0.427481 -0.152127 -0.819552
v 0.427481 -0.158269 -0.817941
v 0.425607 -0.153272 -0.811401
v 0.412775 -0.153272 -0.811401
v 0.429788 -0.154393 -0.815676
v 0.442748 -0.154393 -0.815676
v 0.444881 -0.152127 -0.819552
v 0.444881 -0.158269 -0.817941
v 0.442807 -0.153272 -0.811401
v 0.429965 -0.153272 -0.811401
v 0.447099 -0.154393 -0.815676
v 0.460063 -0.154393 -0.815676
v 0.462281 -0.152127 -0.819552
v 0.462281 -0.158269 -0.817941
v 0.460004 -0.153272 -0.811401
v 0.447159 -0.153272 -0.811401
v 0.464415 -0.154393 -0.815676
v 0.477375 -0.154393 -0.815676
v 0.479681 -0.152127 -0.819552
v 0.479681 -0.158269 -0.817941
v 0.477197 -0.153272 -0.811401
v 0.464355 -0.153272 -0.811401
v 0.481733 -0.154393 -0.815676
v 0.494683 -0.154393 -0.815676
v 0.497081 -0.152127 -0.819552
v 0.497081 -0.158269 -0.817941
v 0.494388 -0.153272 -0.811401
v 0.481556 -0.153272 -0.811401
v 0.499055 -0.154393 -0.815676
v 0.511988 -0.154393 -0.815676
v 0.514481 -0.152127 -0.819552
v 0.514481 -0.158269 -0.817941
v 0.511575 -0.153272 -0.811401
v 0.498759 -0.153272 -0.811401
v 0.516380 -0.154393 -0.815676
v 0.529289 -0.154393 -0.815676
v 0.531880 -0.152127 -0.819552
v 0.531880 -0.158269 -0.817941
v 0.528758 -0.153272 -0.811401
v 0.515966 -0.153272 -0.811401
v 0.533707 -0.154393 -0.815676
v 0.546589 -0.154393 -0.815676
v 0.545938 -0.153272 -0.811401
v 0.533176 -0.153272 -0.811401
v 0.341406 -0.157124 -0.826093
v 0.354539 -0.157124 -0.826093
v 0.356297 -0.154858 -0.829969
v 0.356105 -0.160577 -0.828111
v 0.345129 -0.160437 -0.828184
v 0.355189 -0.156003 -0.821818
v 0.356360 -0.160892 -0.827945
v 0.342174 -0.156003 -0.821818
v 0.358989 -0.157124 -0.826093
v 0.372159 -0.157124 -0.826093
v 0.373985 -0.154858 -0.829969
v 0.373786 -0.160577 -0.828111
v 0.356592 -0.160577 -0.828111
v 0.372690 -0.156003 -0.821818
v 0.374037 -0.160892 -0.827945
v 0.359639 -0.156003 -0.821818
v 0.376576 -0.157124 -0.826093
v 0.389775 -0.157124 -0.826093
v 0.391673 -0.154858 -0.829969
v 0.391466 -0.160577 -0.828111
v 0.374269 -0.160577 -0.828111
v 0.390188 -0.156003 -0.821818
v 0.391713 -0.160892 -0.827945
v 0.377108 -0.156003 -0.821818
v 0.394166 -0.157124 -0.826093
v 0.407388 -0.157124 -0.826093
v 0.409361 -0.154858 -0.829969
v 0.409145 -0.160577 -0.828111
v 0.391946 -0.160577 -0.828111
v 0.407683 -0.156003 -0.821818
v 0.409390 -0.160892 -0.827945
v 0.394580 -0.156003 -0.821818
v 0.411759 -0.157124 -0.826093
v 0.424997 -0.157124 -0.826093
v 0.427049 -0.154858 -0.829969
v 0.426825 -0.160577 -0.828111
v 0.409623 -0.160577 -0.828111
v 0.425175 -0.156003 -0.821818
v 0.427066 -0.160892 -0.827945
v 0.412055 -0.156003 -0.821818
v 0.429356 -0.157124 -0.826093
v 0.442604 -0.157124 -0.826093
v 0.444737 -0.154858 -0.829969
v 0.444504 -0.160577 -0.828111
v 0.427301 -0.160577 -0.828111
v 0.442663 -0.156003 -0.821818
v 0.444743 -0.160892 -0.827945
v 0.429533 -0.156003 -0.821818
v 0.446955 -0.157124 -0.826093
v 0.460207 -0.157124 -0.826093
v 0.462425 -0.154858 -0.829969
v 0.462182 -0.160577 -0.828111
v 0.444980 -0.160577 -0.828111
v 0.460148 -0.156003 -0.821818
v 0.462419 -0.160892 -0.827945
v 0.447015 -0.156003 -0.821818
v 0.464558 -0.157124 -0.826093
v 0.477806 -0.157124 -0.826093
v 0.480113 -0.154858 -0.829969
v 0.479861 -0.160577 -0.828111
v 0.462658 -0.160577 -0.828111
v 0.477629 -0.156003 -0.821818
v 0.480096 -0.160892 -0.827945
v 0.464499 -0.156003 -0.821818
v 0.482165 -0.157124 -0.826093
v 0.495403 -0.157124 -0.826093
v 0.497801 -0.154858 -0.829969
v 0.497539 -0.160577 -0.828111
v 0.480337 -0.160577 -0.828111
v 0.495107 -0.156003 -0.821818
v 0.497772 -0.160892 -0.827945
v 0.481988 -0.156003 -0.821818
v 0.499774 -0.157124 -0.826093
v 0.512996 -0.157124 -0.826093
v 0.515489 -0.154858 -0.829969
v 0.515216 -0.160577 -0.828111
v 0.498017 -0.160577 -0.828111
v 0.512582 -0.156003 -0.821818
v 0.515449 -0.160892 -0.827945
v 0.499479 -0.156003 -0.821818
v 0.517387 -0.157124 -0.826093
v 0.530586 -0.157124 -0.826093
v 0.533177 -0.154858 -0.829969
v 0.532893 -0.160577 -0.828111
v 0.515696 -0.160577 -0.828111
v 0.530053 -0.156003 -0.821818
v 0.533125 -0.160892 -0.827945
v 0.516973 -0.156003 -0.821818
v 0.535003 -0.157124 -0.826093
v 0.548173 -0.157124 -0.826093
v 0.550570 -0.160577 -0.828111
v 0.533376 -0.160577 -0.828111
v 0.547523 -0.156003 -0.821818
v 0.534472 -0.156003 -0.821818
v 0.358250 0.152273 -0.732337
v 0.359019 0.151152 -0.728062
v 0.369443 0.151152 -0.728062
v 0.372135 0.147276 -0.725796
v 0.372135 0.153418 -0.724186
v 0.368793 0.152273 -0.732337
v 0.370551 0.150008 -0.736214
v 0.370551 0.156150 -0.734603
v 0.373243 0.152273 -0.732337
v 0.373893 0.151152 -0.728062
v 0.384352 0.151152 -0.728062
v 0.386943 0.147276 -0.725796
v 0.386943 0.153418 -0.724186
v 0.383821 0.152273 -0.732337
v 0.385647 0.150008 -0.736214
v 0.385647 0.156150 -0.734603
v 0.388238 0.152273 -0.732337
v 0.388770 0.151152 -0.728062
v 0.399259 0.151152 -0.728062
v 0.401752 0.147276 -0.725796
v 0.401752 0.153418 -0.724186
v 0.398845 0.152273 -0.732337
v 0.400744 0.150008 -0.736214
v 0.400744 0.156150 -0.734603
v 0.403237 0.152273 -0.732337
v 0.403650 0.151152 -0.728062
v 0.414162 0.151152 -0.728062
v 0.416560 0.147276 -0.725796
v 0.416560 0.153418 -0.724186
v 0.413867 0.152273 -0.732337
v 0.415840 0.150008 -0.736214
v 0.415840 0.156150 -0.734603
v 0.418238 0.152273 -0.732337
v 0.418534 0.151152 -0.728062
v 0.429062 0.151152 -0.728062
v 0.431368 0.147276 -0.725796
v 0.431368 0.153418 -0.724186
v 0.428885 0.152273 -0.732337
v 0.430937 0.150008 -0.736214
v 0.430937 0.156150 -0.734603
v 0.433243 0.152273 -0.732337
v 0.433420 0.151152 -0.728062
v 0.443959 0.151152 -0.728062
v 0.446177 0.147276 -0.725796
v 0.446177 0.153418 -0.724186
v 0.443899 0.152273 -0.732337
v 0.446033 0.150008 -0.736214
v 0.446033 0.156150 -0.734603
v 0.448251 0.152273 -0.732337
v 0.448310 0.151152 -0.728062
v 0.458852 0.151152 -0.728062
v 0.460985 0.147276 -0.725796
v 0.460985 0.153418 -0.724186
v 0.458911 0.152273 -0.732337
v 0.461129 0.150008 -0.736214
v 0.461129 0.156150 -0.734603
v 0.463263 0.152273 -0.732337
v 0.463204 0.151152 -0.728062
v 0.473742 0.151152 -0.728062
v 0.475794 0.147276 -0.725796
v 0.475794 0.153418 -0.724186
v 0.473919 0.152273 -0.732337
v 0.476226 0.150008 -0.736214
v 0.476226 0.156150 -0.734603
v 0.478277 0.152273 -0.732337
v 0.478100 0.151152 -0.728062
v 0.488629 0.151152 -0.728062
v 0.490602 0.147276 -0.725796
v 0.490602 0.153418 -0.724186
v 0.488924 0.152273 -0.732337
v 0.491322 0.150008 -0.736214
v 0.491322 0.156150 -0.734603
v 0.493296 0.152273 -0.732337
v 0.493000 0.151152 -0.728062
v 0.503512 0.151152 -0.728062
v 0.505410 0.147276 -0.725796
v 0.505410 0.153418 -0.724186
v 0.503926 0.152273 -0.732337
v 0.506418 0.150008 -0.736214
v 0.506418 0.156150 -0.734603
v 0.508317 0.152273 -0.732337
v 0.507903 0.151152 -0.728062
v 0.518391 0.151152 -0.728062
v 0.520218 0.147276 -0.725796
v 0.520218 0.153418 -0.724186
v 0.518924 0.152273 -0.732337
v 0.521515 0.150008 -0.736214
v 0.521515 0.156150 -0.734603
v 0.523341 0.152273 -0.732337
v 0.522810 0.151152 -0.728062
v 0.533269 0.151152 -0.728062
v 0.533918 0.152273 -0.732337
v 0.356379 0.155005 -0.742755
v 0.357147 0.153884 -0.738480
v 0.367859 0.153884 -0.738480
v 0.367209 0.155005 -0.742755
v 0.368967 0.152739 -0.746631
v 0.368967 0.158882 -0.745020
v 0.371659 0.155005 -0.742755
v 0.372309 0.153884 -0.738480
v 0.383057 0.153884 -0.738480
v 0.382525 0.155005 -0.742755
v 0.384352 0.152739 -0.746631
v 0.384352 0.158882 -0.745020
v 0.386942 0.155005 -0.742755
v 0.387474 0.153884 -0.738480
v 0.398251 0.153884 -0.738480
v 0.397837 0.155005 -0.742755
v 0.399736 0.152739 -0.746631
v 0.399736 0.158882 -0.745020
v 0.402229 0.155005 -0.742755
v 0.402642 0.153884 -0.738480
v 0.413442 0.153884 -0.738480
v 0.413147 0.155005 -0.742755
v 0.415120 0.152739 -0.746631
v 0.415120 0.158882 -0.745020
v 0.417518 0.155005 -0.742755
v 0.417814 0.153884 -0.738480
v 0.428630 0.153884 -0.738480
v 0.428453 0.155005 -0.742755
v 0.430504 0.152739 -0.746631
v 0.430504 0.158882 -0.745020
v 0.432811 0.155005 -0.742755
v 0.432988 0.153884 -0.738480
v 0.443815 0.153884 -0.738480
v 0.443755 0.155005 -0.742755
v 0.445889 0.152739 -0.746631
v 0.445889 0.158882 -0.745020
v 0.448107 0.155005 -0.742755
v 0.448166 0.153884 -0.738480
v 0.458996 0.153884 -0.738480
v 0.459055 0.155005 -0.742755
v 0.461273 0.152739 -0.746631
v 0.461273 0.158882 -0.745020
v 0.463407 0.155005 -0.742755
v 0.463348 0.153884 -0.738480
v 0.474174 0.153884 -0.738480
v 0.474351 0.155005 -0.742755
v 0.476657 0.152739 -0.746631
v 0.476657 0.158882 -0.745020
v 0.478709 0.155005 -0.742755
v 0.478532 0.153884 -0.738480
v 0.489348 0.153884 -0.738480
v 0.489644 0.155005 -0.742755
v 0.492042 0.152739 -0.746631
v 0.492042 0.158882 -0.745020
v 0.494015 0.155005 -0.742755
v 0.493720 0.153884 -0.738480
v 0.504520 0.153884 -0.738480
v 0.504933 0.155005 -0.742755
v 0.507426 0.152739 -0.746631
v 0.507426 0.158882 -0.745020
v 0.509325 0.155005 -0.742755
v 0.508911 0.153884 -0.738480
v 0.519688 0.153884 -0.738480
v 0.520220 0.155005 -0.742755
v 0.522810 0.152739 -0.746631
v 0.522810 0.158882 -0.745020
v 0.524637 0.155005 -0.742755
v 0.524105 0.153884 -0.738480
v 0.534853 0.153884 -0.738480
v 0.535503 0.155005 -0.742755
v 0.354507 0.157737 -0.753172
v 0.355276 0.156616 -0.748897
v 0.366275 0.156616 -0.748897
v 0.365625 0.157737 -0.753172
v 0.367384 0.155471 -0.757048
v 0.367384 0.161613 -0.755438
v 0.370075 0.157737 -0.753172
v 0.370724 0.156616 -0.748897
v 0.381761 0.156616 -0.748897
v 0.381229 0.157737 -0.753172
v 0.383056 0.155471 -0.757048
v 0.383056 0.161613 -0.755438
v 0.385647 0.157737 -0.753172
v 0.386178 0.156616 -0.748897
v 0.397243 0.156616 -0.748897
v 0.396830 0.157737 -0.753172
v 0.398728 0.155471 -0.757048
v 0.398728 0.161613 -0.755438
v 0.401221 0.157737 -0.753172
v 0.401634 0.156616 -0.748897
v 0.412722 0.156616 -0.748897
v 0.412427 0.157737 -0.753172
v 0.414400 0.155471 -0.757048
v 0.414400 0.161613 -0.755438
v 0.416798 0.157737 -0.753172
v 0.417094 0.156616 -0.748897
v 0.428198 0.156616 -0.748897
v 0.428021 0.157737 -0.753172
v 0.430073 0.155471 -0.757048
v 0.430073 0.161613 -0.755438
v 0.432379 0.157737 -0.753172
v 0.432556 0.156616 -0.748897
v 0.443671 0.156616 -0.748897
v 0.443611 0.157737 -0.753172
v 0.445745 0.155471 -0.757048
v 0.445745 0.161613 -0.755438
v 0.447963 0.157737 -0.753172
v 0.448022 0.156616 -0.748897
v 0.459140 0.156616 -0.748897
v 0.459199 0.157737 -0.753172
v 0.461417 0.155471 -0.757048
v 0.461417 0.161613 -0.755438
v 0.463551 0.157737 -0.753172
v 0.463492 0.156616 -0.748897
v 0.474606 0.156616 -0.748897
v 0.474783 0.157737 -0.753172
v 0.477089 0.155471 -0.757048
v 0.477089 0.161613 -0.755438
v 0.479141 0.157737 -0.753172
v 0.478964 0.156616 -0.748897
v 0.490068 0.156616 -0.748897
v 0.490364 0.157737 -0.753172
v 0.492762 0.155471 -0.757048
v 0.492762 0.161613 -0.755438
v 0.494735 0.157737 -0.753172
v 0.494440 0.156616 -0.748897
v 0.505527 0.156616 -0.748897
v 0.505941 0.157737 -0.753172
v 0.508434 0.155471 -0.757048
v 0.508434 0.161613 -0.755438
v 0.510333 0.157737 -0.753172
v 0.509919 0.156616 -0.748897
v 0.520984 0.156616 -0.748897
v 0.521515 0.157737 -0.753172
v 0.524106 0.155471 -0.757048
v 0.524106 0.161613 -0.755438
v 0.525933 0.157737 -0.753172
v 0.525401 0.156616 -0.748897
v 0.536437 0.156616 -0.748897
v 0.537086 0.157737 -0.753172
v 0.352636 0.160468 -0.763589
v 0.353404 0.159347 -0.759314
v 0.364692 0.159347 -0.759314
v 0.364042 0.160468 -0.763589
v 0.365800 0.158203 -0.767466
v 0.365800 0.164345 -0.765855
v 0.368492 0.160468 -0.763589
v 0.369142 0.159347 -0.759314
v 0.380465 0.159347 -0.759314
v 0.379933 0.160468 -0.763589
v 0.381760 0.158203 -0.767466
v 0.381760 0.164345 -0.765855
v 0.384351 0.160468 -0.763589
v 0.384883 0.159347 -0.759314
v 0.396235 0.159347 -0.759314
v 0.395822 0.160468 -0.763589
v 0.397720 0.158203 -0.767466
v 0.397720 0.164345 -0.765855
v 0.400213 0.160468 -0.763589
v 0.400627 0.159347 -0.759314
v 0.412002 0.159347 -0.759314
v 0.411707 0.160468 -0.763589
v 0.413681 0.158203 -0.767466
v 0.413681 0.164345 -0.765855
v 0.416079 0.160468 -0.763589
v 0.416374 0.159347 -0.759314
v 0.427766 0.159347 -0.759314
v 0.427589 0.160468 -0.763589
v 0.429641 0.158203 -0.767466
v 0.429641 0.164345 -0.765855
v 0.431947 0.160468 -0.763589
v 0.432125 0.159347 -0.759314
v 0.443527 0.159347 -0.759314
v 0.443468 0.160468 -0.763589
v 0.445601 0.158203 -0.767466
v 0.445601 0.164345 -0.765855
v 0.447819 0.160468 -0.763589
v 0.447878 0.159347 -0.759314
v 0.459284 0.159347 -0.759314
v 0.459343 0.160468 -0.763589
v 0.461561 0.158203 -0.767466
v 0.461561 0.164345 -0.765855
v 0.463695 0.160468 -0.763589
v 0.463636 0.159347 -0.759314
v 0.475038 0.159347 -0.759314
v 0.475215 0.160468 -0.763589
v 0.477521 0.158203 -0.767466
v 0.477521 0.164345 -0.765855
v 0.479573 0.160468 -0.763589
v 0.479396 0.159347 -0.759314
v 0.490788 0.159347 -0.759314
v 0.491084 0.160468 -0.763589
v 0.493482 0.158203 -0.767466
v 0.493482 0.164345 -0.765855
v 0.495455 0.160468 -0.763589
v 0.495160 0.159347 -0.759314
v 0.506535 0.159347 -0.759314
v 0.506949 0.160468 -0.763589
v 0.509441 0.158203 -0.767466
v 0.509441 0.164345 -0.765855
v 0.511340 0.160468 -0.763589
v 0.510926 0.159347 -0.759314
v 0.522280 0.159347 -0.759314
v 0.522811 0.160468 -0.763589
v 0.525402 0.158203 -0.767466
v 0.525402 0.164345 -0.765855
v 0.527229 0.160468 -0.763589
v 0.526697 0.159347 -0.759314
v 0.538020 0.159347 -0.759314
v 0.538670 0.160468 -0.763589
v 0.350763 0.163200 -0.774007
v 0.351532 0.162079 -0.769732
v 0.363108 0.162079 -0.769732
v 0.362458 0.163200 -0.774007
v 0.364216 0.160934 -0.777883
v 0.364216 0.167076 -0.776272
v 0.366908 0.163200 -0.774007
v 0.367558 0.162079 -0.769732
v 0.379169 0.162079 -0.769732
v 0.378638 0.163200 -0.774007
v 0.380464 0.160934 -0.777883
v 0.380464 0.167076 -0.776272
v 0.383055 0.163200 -0.774007
v 0.383587 0.162079 -0.769732
v 0.395227 0.162079 -0.769732
v 0.394814 0.163200 -0.774007
v 0.396712 0.160934 -0.777883
v 0.396712 0.167076 -0.776272
v 0.399205 0.163200 -0.774007
v 0.399619 0.162079 -0.769732
v 0.411282 0.162079 -0.769732
v 0.410987 0.163200 -0.774007
v 0.412961 0.160934 -0.777883
v 0.412961 0.167076 -0.776272
v 0.415359 0.163200 -0.774007
v 0.415654 0.162079 -0.769732
v 0.427334 0.162079 -0.769732
v 0.427157 0.163200 -0.774007
v 0.429209 0.160934 -0.777883
v 0.429209 0.167076 -0.776272
v 0.431515 0.163200 -0.774007
v 0.431693 0.162079 -0.769732
v 0.443383 0.162079 -0.769732
v 0.443324 0.163200 -0.774007
v 0.445457 0.160934 -0.777883
v 0.445457 0.167076 -0.776272
v 0.447675 0.163200 -0.774007
v 0.447734 0.162079 -0.769732
v 0.459428 0.162079 -0.769732
v 0.459487 0.163200 -0.774007
v 0.461705 0.160934 -0.777883
v 0.461705 0.167076 -0.776272
v 0.463839 0.163200 -0.774007
v 0.463779 0.162079 -0.769732
v 0.475470 0.162079 -0.769732
v 0.475647 0.163200 -0.774007
v 0.477953 0.160934 -0.777883
v 0.477953 0.167076 -0.776272
v 0.480005 0.163200 -0.774007
v 0.479828 0.162079 -0.769732
v 0.491508 0.162079 -0.769732
v 0.491803 0.163200 -0.774007
v 0.494201 0.160934 -0.777883
v 0.494201 0.167076 -0.776272
v 0.496175 0.163200 -0.774007
v 0.495880 0.162079 -0.769732
v 0.507542 0.162079 -0.769732
v 0.507957 0.163200 -0.774007
v 0.510450 0.160934 -0.777883
v 0.510450 0.167076 -0.776272
v 0.512348 0.163200 -0.774007
v 0.511935 0.162079 -0.769732
v 0.523575 0.162079 -0.769732
v 0.524107 0.163200 -0.774007
v 0.526698 0.160934 -0.777883
v 0.526698 0.167076 -0.776272
v 0.528525 0.163200 -0.774007
v 0.527992 0.162079 -0.769732
v 0.539604 0.162079 -0.769732
v 0.540254 0.163200 -0.774007
v 0.348892 0.165932 -0.784424
v 0.349661 0.164811 -0.780149
v 0.361524 0.164811 -0.780149
v 0.360874 0.165932 -0.784424
v 0.362631 0.163666 -0.788300
v 0.362631 0.169808 -0.786690
v 0.365324 0.165932 -0.784424
v 0.365974 0.164811 -0.780149
v 0.377874 0.164811 -0.780149
v 0.377342 0.165932 -0.784424
v 0.379169 0.163666 -0.788300
v 0.379169 0.169808 -0.786690
v 0.381759 0.165932 -0.784424
v 0.382291 0.164811 -0.780149
v 0.394220 0.164811 -0.780149
v 0.393806 0.165932 -0.784424
v 0.395705 0.163666 -0.788300
v 0.395705 0.169808 -0.786690
v 0.398197 0.165932 -0.784424
v 0.398611 0.164811 -0.780149
v 0.410563 0.164811 -0.780149
v 0.410267 0.165932 -0.784424
v 0.412241 0.163666 -0.788300
v 0.412241 0.169808 -0.786690
v 0.414639 0.165932 -0.784424
v 0.414934 0.164811 -0.780149
v 0.426902 0.164811 -0.780149
v 0.426725 0.165932 -0.784424
v 0.428777 0.163666 -0.788300
v 0.428777 0.169808 -0.786690
v 0.431083 0.165932 -0.784424
v 0.431261 0.164811 -0.780149
v 0.443239 0.164811 -0.780149
v 0.443180 0.165932 -0.784424
v 0.445313 0.163666 -0.788300
v 0.445313 0.169808 -0.786690
v 0.447531 0.165932 -0.784424
v 0.447590 0.164811 -0.780149
v 0.459572 0.164811 -0.780149
v 0.459631 0.165932 -0.784424
v 0.461849 0.163666 -0.788300
v 0.461849 0.169808 -0.786690
v 0.463983 0.165932 -0.784424
v 0.463923 0.164811 -0.780149
v 0.475901 0.164811 -0.780149
v 0.476079 0.165932 -0.784424
v 0.478385 0.163666 -0.788300
v 0.478385 0.169808 -0.786690
v 0.480437 0.165932 -0.784424
v 0.480260 0.164811 -0.780149
v 0.492228 0.164811 -0.780149
v 0.492523 0.165932 -0.784424
v 0.494921 0.163666 -0.788300
v 0.494921 0.169808 -0.786690
v 0.496895 0.165932 -0.784424
v 0.496599 0.164811 -0.780149
v 0.508551 0.164811 -0.780149
v 0.508965 0.165932 -0.784424
v 0.511456 0.163666 -0.788300
v 0.511456 0.169808 -0.786690
v 0.513355 0.165932 -0.784424
v 0.512942 0.164811 -0.780149
v 0.524871 0.164811 -0.780149
v 0.525403 0.165932 -0.784424
v 0.527994 0.163666 -0.788300
v 0.527994 0.169808 -0.786690
v 0.529819 0.165932 -0.784424
v 0.529289 0.164811 -0.780149
v 0.541188 0.164811 -0.780149
v 0.541838 0.165932 -0.784424
v 0.347021 0.168663 -0.794841
v 0.347789 0.167542 -0.790566
v 0.359941 0.167542 -0.790566
v 0.359291 0.168663 -0.794841
v 0.361049 0.166397 -0.798718
v 0.361049 0.172540 -0.797107
v 0.363741 0.168663 -0.794841
v 0.364390 0.167542 -0.790566
v 0.376578 0.167542 -0.790566
v 0.376046 0.168663 -0.794841
v 0.377873 0.166397 -0.798718
v 0.377873 0.172540 -0.797107
v 0.380464 0.168663 -0.794841
v 0.380994 0.167542 -0.790566
v 0.393212 0.167542 -0.790566
v 0.392798 0.168663 -0.794841
v 0.394697 0.166397 -0.798718
v 0.394697 0.172540 -0.797107
v 0.397189 0.168663 -0.794841
v 0.397602 0.167542 -0.790566
v 0.409843 0.167542 -0.790566
v 0.409547 0.168663 -0.794841
v 0.411521 0.166397 -0.798718
v 0.411521 0.172540 -0.797107
v 0.413919 0.168663 -0.794841
v 0.414214 0.167542 -0.790566
v 0.426470 0.167542 -0.790566
v 0.426293 0.168663 -0.794841
v 0.428345 0.166397 -0.798718
v 0.428345 0.172540 -0.797107
v 0.430651 0.168663 -0.794841
v 0.430829 0.167542 -0.790566
v 0.443095 0.167542 -0.790566
v 0.443036 0.168663 -0.794841
v 0.445169 0.166397 -0.798718
v 0.445169 0.172540 -0.797107
v 0.447387 0.168663 -0.794841
v 0.447446 0.167542 -0.790566
v 0.459716 0.167542 -0.790566
v 0.459775 0.168663 -0.794841
v 0.461993 0.166397 -0.798718
v 0.461993 0.172540 -0.797107
v 0.464127 0.168663 -0.794841
v 0.464067 0.167542 -0.790566
v 0.476333 0.167542 -0.790566
v 0.476511 0.168663 -0.794841
v 0.478817 0.166397 -0.798718
v 0.478817 0.172540 -0.797107
v 0.480869 0.168663 -0.794841
v 0.480692 0.167542 -0.790566
v 0.492948 0.167542 -0.790566
v 0.493243 0.168663 -0.794841
v 0.495641 0.166397 -0.798718
v 0.495641 0.172540 -0.797107
v 0.497615 0.168663 -0.794841
v 0.497319 0.167542 -0.790566
v 0.509559 0.167542 -0.790566
v 0.509973 0.168663 -0.794841
v 0.512465 0.166397 -0.798718
v 0.512465 0.172540 -0.797107
v 0.514364 0.168663 -0.794841
v 0.513950 0.167542 -0.790566
v 0.526167 0.167542 -0.790566
v 0.526699 0.168663 -0.794841
v 0.529289 0.166397 -0.798718
v 0.529289 0.172540 -0.797107
v 0.531116 0.168663 -0.794841
v 0.530584 0.167542 -0.790566
v 0.542772 0.167542 -0.790566
v 0.543422 0.168663 -0.794841
v 0.345149 0.171395 -0.805259
v 0.345917 0.170274 -0.800983
v 0.358357 0.170274 -0.800983
v 0.357707 0.171395 -0.805259
v 0.359465 0.169129 -0.809135
v 0.359465 0.175271 -0.807524
v 0.362157 0.171395 -0.805259
v 0.362806 0.170274 -0.800983
v 0.375282 0.170274 -0.800983
v 0.374750 0.171395 -0.805259
v 0.376577 0.169129 -0.809135
v 0.376577 0.175271 -0.807524
v 0.379168 0.171395 -0.805259
v 0.379699 0.170274 -0.800983
v 0.392204 0.170274 -0.800983
v 0.391790 0.171395 -0.805259
v 0.393688 0.169129 -0.809135
v 0.393688 0.175271 -0.807524
v 0.396182 0.171395 -0.805259
v 0.396595 0.170274 -0.800983
v 0.409123 0.170274 -0.800983
v 0.408827 0.171395 -0.805259
v 0.410801 0.169129 -0.809135
v 0.410801 0.175271 -0.807524
v 0.413199 0.171395 -0.805259
v 0.413494 0.170274 -0.800983
v 0.426038 0.170274 -0.800983
v 0.425861 0.171395 -0.805259
v 0.427913 0.169129 -0.809135
v 0.427913 0.175271 -0.807524
v 0.430220 0.171395 -0.805259
v 0.430397 0.170274 -0.800983
v 0.442951 0.170274 -0.800983
v 0.442892 0.171395 -0.805259
v 0.445025 0.169129 -0.809135
v 0.445025 0.175271 -0.807524
v 0.447243 0.171395 -0.805259
v 0.447302 0.170274 -0.800983
v 0.459860 0.170274 -0.800983
v 0.459919 0.171395 -0.805259
v 0.462137 0.169129 -0.809135
v 0.462137 0.175271 -0.807524
v 0.464270 0.171395 -0.805259
v 0.464211 0.170274 -0.800983
v 0.476765 0.170274 -0.800983
v 0.476943 0.171395 -0.805259
v 0.479249 0.169129 -0.809135
v 0.479249 0.175271 -0.807524
v 0.481301 0.171395 -0.805259
v 0.481124 0.170274 -0.800983
v 0.493668 0.170274 -0.800983
v 0.493963 0.171395 -0.805259
v 0.496361 0.169129 -0.809135
v 0.496361 0.175271 -0.807524
v 0.498335 0.171395 -0.805259
v 0.498039 0.170274 -0.800983
v 0.510567 0.170274 -0.800983
v 0.510980 0.171395 -0.805259
v 0.513473 0.169129 -0.809135
v 0.513473 0.175271 -0.807524
v 0.515372 0.171395 -0.805259
v 0.514958 0.170274 -0.800983
v 0.527463 0.170274 -0.800983
v 0.527994 0.171395 -0.805259
v 0.530585 0.169129 -0.809135
v 0.530585 0.175271 -0.807524
v 0.532412 0.171395 -0.805259
v 0.531880 0.170274 -0.800983
v 0.544355 0.170274 -0.800983
v 0.545004 0.171395 -0.805259
v 0.343277 0.174127 -0.815676
v 0.344045 0.173006 -0.811401
v 0.356773 0.173006 -0.811401
v 0.356123 0.174127 -0.815676
v 0.357881 0.171861 -0.819552
v 0.357881 0.178003 -0.817942
v 0.360573 0.174127 -0.815676
v 0.361223 0.173006 -0.811401
v 0.373986 0.173006 -0.811401
v 0.373454 0.174127 -0.815676
v 0.375280 0.171861 -0.819552
v 0.375280 0.178003 -0.817942
v 0.377872 0.174127 -0.815676
v 0.378404 0.173006 -0.811401
v 0.391196 0.173006 -0.811401
v 0.390783 0.174127 -0.815676
v 0.392681 0.171861 -0.819552
v 0.392681 0.178003 -0.817942
v 0.395174 0.174127 -0.815676
v 0.395587 0.173006 -0.811401
v 0.408403 0.173006 -0.811401
v 0.408108 0.174127 -0.815676
v 0.410081 0.171861 -0.819552
v 0.410081 0.178003 -0.817942
v 0.412479 0.174127 -0.815676
v 0.412774 0.173006 -0.811401
v 0.425606 0.173006 -0.811401
v 0.425429 0.174127 -0.815676
v 0.427481 0.171861 -0.819552
v 0.427481 0.178003 -0.817942
v 0.429788 0.174127 -0.815676
v 0.429965 0.173006 -0.811401
v 0.442807 0.173006 -0.811401
v 0.442748 0.174127 -0.815676
v 0.444881 0.171861 -0.819552
v 0.444881 0.178003 -0.817942
v 0.447099 0.174127 -0.815676
v 0.447158 0.173006 -0.811401
v 0.460004 0.173006 -0.811401
v 0.460063 0.174127 -0.815676
v 0.462281 0.171861 -0.819552
v 0.462281 0.178003 -0.817942
v 0.464414 0.174127 -0.815676
v 0.464355 0.173006 -0.811401
v 0.477197 0.173006 -0.811401
v 0.477374 0.174127 -0.815676
v 0.479681 0.171861 -0.819552
v 0.479681 0.178003 -0.817942
v 0.481733 0.174127 -0.815676
v 0.481556 0.173006 -0.811401
v 0.494388 0.173006 -0.811401
v 0.494683 0.174127 -0.815676
v 0.497081 0.171861 -0.819552
v 0.497081 0.178003 -0.817942
v 0.499055 0.174127 -0.815676
v 0.498759 0.173006 -0.811401
v 0.511575 0.173006 -0.811401
v 0.511988 0.174127 -0.815676
v 0.514481 0.171861 -0.819552
v 0.514481 0.178003 -0.817942
v 0.516380 0.174127 -0.815676
v 0.515966 0.173006 -0.811401
v 0.528758 0.173006 -0.811401
v 0.529289 0.174127 -0.815676
v 0.531880 0.171861 -0.819552
v 0.531880 0.178003 -0.817942
v 0.533707 0.174127 -0.815676
v 0.533176 0.173006 -0.811401
v 0.545938 0.173006 -0.811401
v 0.546589 0.174127 -0.815676
v 0.341406 0.176858 -0.826093
v 0.342174 0.175737 -0.821818
v 0.355189 0.175737 -0.821818
v 0.354539 0.176858 -0.826093
v 0.356297 0.174592 -0.829970
v 0.356360 0.180626 -0.827946
v 0.356105 0.180311 -0.828111
v 0.345129 0.180171 -0.828185
v 0.358989 0.176858 -0.826093
v 0.359639 0.175737 -0.821818
v 0.356592 0.180311 -0.828111
v 0.372690 0.175737 -0.821818
v 0.372159 0.176858 -0.826093
v 0.373985 0.174592 -0.829970
v 0.374037 0.180626 -0.827946
v 0.373786 0.180311 -0.828111
v 0.376576 0.176858 -0.826093
v 0.377108 0.175737 -0.821818
v 0.374269 0.180311 -0.828111
v 0.390188 0.175737 -0.821818
v 0.389775 0.176858 -0.826093
v 0.391673 0.174592 -0.829970
v 0.391713 0.180626 -0.827946
v 0.391466 0.180311 -0.828111
v 0.394166 0.176858 -0.826093
v 0.394580 0.175737 -0.821818
v 0.391946 0.180311 -0.828111
v 0.407683 0.175737 -0.821818
v 0.407388 0.176858 -0.826093
v 0.409361 0.174592 -0.829970
v 0.409390 0.180626 -0.827946
v 0.409145 0.180311 -0.828111
v 0.411759 0.176858 -0.826093
v 0.412055 0.175737 -0.821818
v 0.409624 0.180311 -0.828111
v 0.425175 0.175737 -0.821818
v 0.424997 0.176858 -0.826093
v 0.427049 0.174592 -0.829970
v 0.427066 0.180626 -0.827946
v 0.426825 0.180311 -0.828111
v 0.429356 0.176858 -0.826093
v 0.429533 0.175737 -0.821818
v 0.427301 0.180311 -0.828111
v 0.442663 0.175737 -0.821818
v 0.442604 0.176858 -0.826093
v 0.444737 0.174592 -0.829970
v 0.444743 0.180626 -0.827946
v 0.444504 0.180311 -0.828111
v 0.446955 0.176858 -0.826093
v 0.447015 0.175737 -0.821818
v 0.444980 0.180311 -0.828111
v 0.460148 0.175737 -0.821818
v 0.460207 0.176858 -0.826093
v 0.462425 0.174592 -0.829970
v 0.462419 0.180626 -0.827946
v 0.462182 0.180311 -0.828111
v 0.464558 0.176858 -0.826093
v 0.464499 0.175737 -0.821818
v 0.462658 0.180311 -0.828111
v 0.477629 0.175737 -0.821818
v 0.477806 0.176858 -0.826093
v 0.480113 0.174592 -0.829970
v 0.480096 0.180626 -0.827946
v 0.479861 0.180311 -0.828111
v 0.482165 0.176858 -0.826093
v 0.481988 0.175737 -0.821818
v 0.480337 0.180311 -0.828111
v 0.495107 0.175737 -0.821818
v 0.495403 0.176858 -0.826093
v 0.497801 0.174592 -0.829970
v 0.497772 0.180626 -0.827946
v 0.497539 0.180311 -0.828111
v 0.499774 0.176858 -0.826093
v 0.499479 0.175737 -0.821818
v 0.498017 0.180311 -0.828111
v 0.512582 0.175737 -0.821818
v 0.512996 0.176858 -0.826093
v 0.515489 0.174592 -0.829970
v 0.515449 0.180626 -0.827946
v 0.515216 0.180311 -0.828111
v 0.517387 0.176858 -0.826093
v 0.516973 0.175737 -0.821818
v 0.515696 0.180311 -0.828111
v 0.530053 0.175737 -0.821818
v 0.530586 0.176858 -0.826093
v 0.533177 0.174592 -0.829970
v 0.533125 0.180626 -0.827946
v 0.532893 0.180311 -0.828111
v 0.535003 0.176858 -0.826093
v 0.534472 0.175737 -0.821818
v 0.533376 0.180311 -0.828111
v 0.547523 0.175737 -0.821818
v 0.548173 0.176858 -0.826093
v 0.550570 0.180311 -0.828111
v 0.360122 0.149542 -0.721920
v 0.360891 0.148421 -0.717645
v 0.357978 0.149628 -0.713767
v 0.370575 0.145494 -0.715934
v 0.371027 0.148421 -0.717645
v 0.373059 0.145494 -0.715934
v 0.373718 0.150687 -0.713769
v 0.358699 0.149628 -0.713767
v 0.362676 0.150018 -0.713562
v 0.370377 0.149542 -0.721920
v 0.373579 0.144786 -0.716299
v 0.374827 0.149542 -0.721920
v 0.375477 0.148421 -0.717645
v 0.374149 0.145494 -0.715934
v 0.385648 0.148421 -0.717645
v 0.387604 0.145494 -0.715934
v 0.388239 0.150687 -0.713769
v 0.385116 0.149542 -0.721920
v 0.388124 0.144787 -0.716305
v 0.389534 0.149542 -0.721920
v 0.390066 0.148421 -0.717645
v 0.388687 0.145494 -0.715934
v 0.400267 0.148421 -0.717645
v 0.402148 0.145494 -0.715934
v 0.402759 0.150687 -0.713769
v 0.399853 0.149542 -0.721920
v 0.402670 0.144787 -0.716305
v 0.404244 0.149542 -0.721920
v 0.404658 0.148421 -0.717645
v 0.403225 0.145494 -0.715934
v 0.414882 0.148421 -0.717645
v 0.416692 0.145494 -0.715934
v 0.417280 0.150687 -0.713769
v 0.417216 0.144787 -0.716305
v 0.414586 0.149542 -0.721920
v 0.418958 0.149542 -0.721920
v 0.419253 0.148421 -0.717645
v 0.417763 0.145494 -0.715934
v 0.429494 0.148421 -0.717645
v 0.431235 0.145494 -0.715934
v 0.431800 0.150687 -0.713769
v 0.431762 0.144787 -0.716305
v 0.429317 0.149542 -0.721920
v 0.433675 0.149542 -0.721920
v 0.433852 0.148421 -0.717645
v 0.432303 0.145494 -0.715934
v 0.444102 0.148421 -0.717645
v 0.445777 0.145494 -0.715934
v 0.446321 0.150687 -0.713769
v 0.446308 0.144786 -0.716299
v 0.444043 0.149542 -0.721920
v 0.448395 0.149542 -0.721920
v 0.448454 0.148421 -0.717645
v 0.446844 0.145494 -0.715934
v 0.458708 0.148421 -0.717645
v 0.460318 0.145494 -0.715934
v 0.460841 0.150687 -0.713769
v 0.460854 0.144787 -0.716305
v 0.458767 0.149542 -0.721920
v 0.463119 0.149542 -0.721920
v 0.463060 0.148421 -0.717645
v 0.461385 0.145494 -0.715934
v 0.473310 0.148421 -0.717645
v 0.474859 0.145494 -0.715934
v 0.475362 0.150687 -0.713769
v 0.475400 0.144787 -0.716305
v 0.473487 0.149542 -0.721920
v 0.477846 0.149542 -0.721920
v 0.477668 0.148421 -0.717645
v 0.475927 0.145494 -0.715934
v 0.487909 0.148421 -0.717645
v 0.489398 0.145494 -0.715934
v 0.489882 0.150687 -0.713769
v 0.489946 0.144787 -0.716305
v 0.488204 0.149542 -0.721920
v 0.492576 0.149542 -0.721920
v 0.492280 0.148421 -0.717645
v 0.490470 0.145494 -0.715934
v 0.502504 0.148421 -0.717645
v 0.503937 0.145494 -0.715934
v 0.504403 0.150687 -0.713769
v 0.504492 0.144786 -0.716299
v 0.502918 0.149542 -0.721920
v 0.507308 0.149542 -0.721920
v 0.506895 0.148421 -0.717645
v 0.505014 0.145494 -0.715934
v 0.517096 0.148421 -0.717645
v 0.518475 0.145494 -0.715934
v 0.518923 0.150687 -0.713769
v 0.519037 0.144786 -0.716299
v 0.517628 0.149542 -0.721920
v 0.522045 0.149542 -0.721920
v 0.521514 0.148421 -0.717645
v 0.519558 0.145494 -0.715934
v 0.531685 0.148421 -0.717645
v 0.533013 0.145494 -0.715934
v 0.532335 0.149542 -0.721920
v 0.360122 -0.129808 -0.721920
v 0.370377 -0.129808 -0.721920
v 0.371027 -0.128687 -0.717645
v 0.373059 -0.125760 -0.715934
v 0.373578 -0.125053 -0.716305
v 0.373718 -0.130953 -0.713768
v 0.360891 -0.128687 -0.717645
v 0.361379 -0.125983 -0.715817
v 0.362675 -0.130284 -0.713562
v 0.357978 -0.129894 -0.713766
v 0.374827 -0.129808 -0.721920
v 0.385116 -0.129808 -0.721920
v 0.385648 -0.128687 -0.717645
v 0.387604 -0.125760 -0.715934
v 0.388124 -0.125053 -0.716305
v 0.388239 -0.130953 -0.713768
v 0.375477 -0.128687 -0.717645
v 0.374149 -0.125760 -0.715934
v 0.389534 -0.129808 -0.721920
v 0.399853 -0.129808 -0.721920
v 0.400267 -0.128687 -0.717645
v 0.402148 -0.125760 -0.715934
v 0.402670 -0.125053 -0.716305
v 0.402759 -0.130953 -0.713768
v 0.390066 -0.128687 -0.717645
v 0.388687 -0.125760 -0.715934
v 0.404244 -0.129808 -0.721920
v 0.414586 -0.129808 -0.721920
v 0.414882 -0.128687 -0.717645
v 0.416692 -0.125760 -0.715934
v 0.417216 -0.125053 -0.716305
v 0.417280 -0.130953 -0.713768
v 0.404658 -0.128687 -0.717645
v 0.403225 -0.125760 -0.715934
v 0.418958 -0.129808 -0.721920
v 0.429317 -0.129808 -0.721920
v 0.429494 -0.128687 -0.717645
v 0.431235 -0.125760 -0.715934
v 0.431762 -0.125053 -0.716305
v 0.431800 -0.130953 -0.713768
v 0.419253 -0.128687 -0.717645
v 0.417764 -0.125760 -0.715934
v 0.433675 -0.129808 -0.721920
v 0.444043 -0.129808 -0.721920
v 0.444103 -0.128687 -0.717645
v 0.445777 -0.125760 -0.715934
v 0.446308 -0.125053 -0.716305
v 0.446321 -0.130953 -0.713768
v 0.433852 -0.128687 -0.717645
v 0.432303 -0.125760 -0.715934
v 0.448395 -0.129808 -0.721920
v 0.458767 -0.129808 -0.721920
v 0.458708 -0.128687 -0.717645
v 0.460318 -0.125760 -0.715934
v 0.460854 -0.125053 -0.716305
v 0.460841 -0.130953 -0.713768
v 0.448454 -0.128687 -0.717645
v 0.446844 -0.125760 -0.715934
v 0.463119 -0.129808 -0.721920
v 0.473487 -0.129808 -0.721920
v 0.473310 -0.128687 -0.717645
v 0.474859 -0.125760 -0.715934
v 0.475400 -0.125053 -0.716305
v 0.475362 -0.130953 -0.713768
v 0.463060 -0.128687 -0.717645
v 0.461385 -0.125760 -0.715934
v 0.477846 -0.129808 -0.721920
v 0.488204 -0.129808 -0.721920
v 0.487909 -0.128687 -0.717645
v 0.489399 -0.125760 -0.715934
v 0.489946 -0.125053 -0.716305
v 0.489882 -0.130953 -0.713768
v 0.477668 -0.128687 -0.717645
v 0.475927 -0.125760 -0.715934
v 0.492576 -0.129808 -0.721920
v 0.502918 -0.129808 -0.721920
v 0.502504 -0.128687 -0.717645
v 0.503937 -0.125760 -0.715934
v 0.504492 -0.125053 -0.716305
v 0.504403 -0.130953 -0.713768
v 0.492280 -0.128687 -0.717645
v 0.490470 -0.125760 -0.715934
v 0.507308 -0.129808 -0.721920
v 0.517628 -0.129808 -0.721920
v 0.517096 -0.128687 -0.717645
v 0.518475 -0.125760 -0.715934
v 0.519037 -0.125053 -0.716305
v 0.518923 -0.130953 -0.713768
v 0.506895 -0.128687 -0.717645
v 0.505014 -0.125760 -0.715934
v 0.522045 -0.129808 -0.721920
v 0.532335 -0.129808 -0.721920
v 0.531686 -0.128687 -0.717645
v 0.533013 -0.125760 -0.715934
v 0.521514 -0.128687 -0.717645
v 0.519558 -0.125760 -0.715934
v 0.359605 0.147021 -0.700087
v 0.357182 0.150558 -0.713279
v 0.357182 -0.130824 -0.713279
v 0.359605 -0.127287 -0.700087
v 0.573305 0.184600 -0.843098
v 0.570583 0.180626 -0.827946
v 0.570583 -0.160892 -0.827945
v 0.573305 -0.164866 -0.843098
v 0.336579 0.180626 -0.827946
v 0.333856 0.184602 -0.843098
v 0.333856 -0.164868 -0.843098
v 0.336579 -0.160892 -0.827945
v 0.549980 0.150558 -0.713279
v 0.547557 0.147021 -0.700087
v 0.547557 -0.127287 -0.700087
v 0.549980 -0.130824 -0.713279
v 0.568956 0.178253 -0.843098
v 0.568956 -0.158519 -0.843098
v 0.566628 -0.155121 -0.830972
v 0.566628 0.174855 -0.830972
v 0.340534 0.174855 -0.830972
v 0.340534 -0.155121 -0.830972
v 0.338184 -0.158551 -0.843098
v 0.338184 0.178285 -0.843098
v 0.546026 -0.125053 -0.716305
v 0.545866 -0.113391 -0.715384
v 0.362806 0.142349 -0.706709
v 0.544355 0.142349 -0.706709
v 0.544355 -0.122615 -0.706709
v 0.362806 -0.122615 -0.706709
v 0.361136 0.144787 -0.716305
v 0.361136 -0.125053 -0.716305
v 0.546026 0.144787 -0.716305
v 0.361296 -0.113390 -0.715384
v 0.361296 -0.098890 -0.715384
v 0.361296 -0.084390 -0.715384
v 0.361296 -0.069876 -0.715384
v 0.361296 -0.055390 -0.715384
v 0.361296 -0.040876 -0.715384
v 0.361296 -0.026390 -0.715384
v 0.361296 -0.011876 -0.715384
v 0.361296 0.002610 -0.715384
v 0.361296 0.017124 -0.715384
v 0.361296 0.031610 -0.715384
v 0.361296 0.046124 -0.715384
v 0.361296 0.060624 -0.715384
v 0.361296 0.075110 -0.715384
v 0.361296 0.089610 -0.715384
v 0.361296 0.104110 -0.715384
v 0.361296 0.118610 -0.715384
v 0.361295 0.133127 -0.715394
v 0.373712 -0.124819 -0.715384
v 0.388243 -0.124819 -0.715384
v 0.402764 -0.124819 -0.715384
v 0.417284 -0.124819 -0.715384
v 0.431805 -0.124819 -0.715384
v 0.446326 -0.124819 -0.715384
v 0.460836 -0.124819 -0.715384
v 0.475367 -0.124819 -0.715384
v 0.489878 -0.124819 -0.715384
v 0.504408 -0.124819 -0.715384
v 0.518929 -0.124819 -0.715384
v 0.533450 -0.124819 -0.715384
vn 0.8370 -0.5467 -0.0221
vn 0.8370 -0.5467 -0.0222
vn -0.7758 -0.5690 0.2728
vn -0.7758 -0.5689 0.2729
vn -0.7757 -0.5695 0.2721
vn 0.9448 -0.0396 0.3252
vn 0.9690 -0.0128 0.2467
vn 0.9374 -0.0465 0.3452
vn -0.6804 -0.0105 0.7328
vn -0.6574 -0.0026 0.7536
vn -0.6829 -0.0109 0.7304
vn 0.4510 0.8401 -0.3014
vn 0.4509 0.8402 -0.3013
vn -0.9559 0.2766 0.0992
vn -0.9559 0.2765 0.0992
vn 0.6651 -0.0126 -0.7467
vn 0.6943 -0.0027 -0.7197
vn 0.7021 -0.0000 -0.7121
vn -0.9648 -0.0325 -0.2611
vn -0.9440 -0.0125 -0.3298
vn -0.9284 -0.0000 -0.3716
vn -0.8372 -0.5465 -0.0222
vn -0.8372 -0.5465 -0.0221
vn 0.7759 -0.5688 0.2728
vn 0.7759 -0.5689 0.2728
vn -0.6689 -0.0132 -0.7432
vn -0.7595 0.0412 -0.6492
vn -0.9465 0.1587 -0.2811
vn 0.9649 -0.0192 -0.2619
vn 0.9476 -0.0364 -0.3175
vn 0.9423 -0.0420 -0.3321
vn -0.4512 0.8400 -0.3013
vn -0.4513 0.8400 -0.3013
vn 0.9559 0.2766 0.0992
vn 0.9558 0.2769 0.0991
vn -0.9479 -0.0464 0.3150
vn -0.9669 -0.0197 0.2543
vn -0.9780 -0.0000 0.2087
vn 0.6769 -0.0121 0.7360
vn 0.6588 -0.0042 0.7523
vn 0.6492 -0.0000 0.7606
vn 0.0605 0.8929 0.4462
vn 0.0214 0.9362 0.3509
vn 0.0739 0.8752 0.4781
vn 0.0144 -0.5375 0.8432
vn 0.0044 -0.5148 0.8573
vn 0.0168 -0.5430 0.8396
vn -0.9433 0.2376 -0.2317
vn -0.9433 0.2376 -0.2318
vn -0.5204 -0.8443 0.1279
vn -0.5201 -0.8445 0.1276
vn 0.0038 0.5069 -0.8620
vn 0.0038 0.5042 -0.8636
vn 0.0015 0.5187 -0.8550
vn 0.0213 -0.8910 -0.4536
vn 0.0526 -0.9329 -0.3562
vn 0.0238 -0.9498 -0.3119
vn 0.8130 0.5815 -0.0290
vn 0.8131 0.5815 -0.0289
vn 0.8131 0.5814 -0.0289
vn 0.8131 -0.5209 0.2601
vn 0.8131 -0.5208 0.2600
vn 0.8131 -0.5814 -0.0289
vn 0.8130 -0.5816 -0.0290
vn 0.8132 -0.5812 -0.0290
vn 0.8131 0.5208 0.2601
vn -0.1891 -0.9154 -0.3555
vn 0.0135 -0.5209 -0.8535
vn -0.0406 -0.6259 -0.7789
vn 0.0536 0.9292 -0.3656
vn 0.0204 0.8910 -0.4535
vn 0.0632 0.9385 -0.3395
vn -0.9433 -0.2377 -0.2318
vn -0.9431 -0.2382 -0.2321
vn -0.9429 -0.2386 -0.2324
vn -0.5206 0.8442 0.1279
vn -0.5203 0.8444 0.1279
vn -0.5205 0.8442 0.1281
vn 0.0605 -0.8929 0.4462
vn 0.0214 -0.9362 0.3509
vn -0.0000 -0.9548 0.2973
vn 0.0144 0.5375 0.8432
vn 0.0044 0.5148 0.8573
vn -0.0000 0.5047 0.8633
vn 0.8130 -0.5815 -0.0288
vn 0.8131 -0.5815 -0.0288
vn 0.8131 -0.5814 -0.0288
vn 0.8130 0.5209 0.2602
vn 0.8128 0.5210 0.2604
vn 0.8130 0.5208 0.2602
vn 0.0131 -0.5183 -0.8551
vn 0.0031 -0.5504 -0.8349
vn 0.0149 -0.5124 -0.8586
vn 0.0469 0.9334 -0.3558
vn 0.0142 0.8873 -0.4610
vn 0.0535 0.9413 -0.3333
vn -0.9431 -0.2383 -0.2319
vn -0.9433 -0.2378 -0.2317
vn -0.9434 -0.2375 -0.2316
vn -0.5203 0.8443 0.1279
vn -0.5202 0.8444 0.1279
vn 0.0519 -0.8883 0.4564
vn 0.0143 -0.9396 0.3421
vn -0.0000 -0.9549 0.2971
vn 0.0125 0.5407 0.8411
vn 0.0131 0.5443 0.8388
vn 0.0027 0.5132 0.8583
vn 0.0133 -0.5184 -0.8550
vn 0.0032 -0.5501 -0.8351
vn 0.0152 -0.5124 -0.8586
vn 0.0475 0.9331 -0.3564
vn 0.0147 0.8877 -0.4601
vn 0.0544 0.9411 -0.3336
vn -0.9432 -0.2381 -0.2319
vn -0.9434 -0.2375 -0.2315
vn -0.5203 0.8444 0.1280
vn -0.5203 0.8443 0.1280
vn -0.5202 0.8444 0.1280
vn 0.0526 -0.8886 0.4556
vn 0.0149 -0.9392 0.3430
vn 0.0129 0.5404 0.8413
vn 0.0031 0.5135 0.8581
vn 0.8131 0.5208 0.2602
vn 0.0136 -0.5186 -0.8549
vn 0.0033 -0.5500 -0.8351
vn 0.0156 -0.5124 -0.8586
vn 0.0481 0.9327 -0.3575
vn 0.0152 0.8879 -0.4597
vn 0.0552 0.9408 -0.3344
vn -0.9432 -0.2379 -0.2319
vn -0.9432 -0.2380 -0.2320
vn -0.9431 -0.2382 -0.2320
vn -0.5203 0.8444 0.1278
vn 0.0534 -0.8890 0.4547
vn 0.0154 -0.9389 0.3438
vn 0.0131 0.5400 0.8416
vn 0.0033 0.5135 0.8581
vn -0.0000 0.5045 0.8634
vn 0.8130 -0.5816 -0.0289
vn 0.0137 -0.5191 -0.8546
vn 0.0034 -0.5499 -0.8352
vn 0.0158 -0.5128 -0.8584
vn 0.0487 0.9323 -0.3584
vn 0.0157 0.8883 -0.4590
vn 0.0561 0.9405 -0.3350
vn -0.9433 -0.2377 -0.2317
vn -0.9433 -0.2376 -0.2316
vn -0.5204 0.8443 0.1279
vn 0.0542 -0.8895 0.4537
vn 0.0160 -0.9387 0.3444
vn 0.0132 0.5397 0.8418
vn 0.0034 0.5137 0.8580
vn -0.0000 0.5046 0.8634
vn 0.8132 -0.5813 -0.0288
vn 0.8130 -0.5816 -0.0287
vn 0.8129 0.5210 0.2601
vn 0.8130 0.5208 0.2603
vn 0.8131 0.5207 0.2602
vn 0.0140 -0.5192 -0.8545
vn 0.0036 -0.5496 -0.8354
vn 0.0161 -0.5129 -0.8583
vn 0.0494 0.9320 -0.3592
vn 0.0163 0.8888 -0.4581
vn 0.0570 0.9404 -0.3354
vn -0.9432 -0.2378 -0.2319
vn -0.9433 -0.2376 -0.2318
vn 0.0550 -0.8899 0.4528
vn 0.0167 -0.9383 0.3454
vn 0.0133 0.5395 0.8419
vn 0.0035 0.5139 0.8578
vn 0.8133 -0.5812 -0.0289
vn 0.8132 0.5207 0.2601
vn 0.0143 -0.5197 -0.8542
vn 0.0038 -0.5497 -0.8354
vn 0.0165 -0.5132 -0.8581
vn 0.0500 0.9315 -0.3603
vn 0.0169 0.8891 -0.4575
vn 0.0580 0.9400 -0.3362
vn -0.9431 -0.2381 -0.2320
vn -0.9430 -0.2383 -0.2321
vn 0.0559 -0.8903 0.4518
vn 0.0173 -0.9380 0.3462
vn 0.0135 0.5391 0.8421
vn 0.0036 0.5139 0.8578
vn 0.8130 -0.5815 -0.0289
vn 0.8131 0.5207 0.2601
vn 0.0145 -0.5199 -0.8541
vn 0.0039 -0.5493 -0.8356
vn 0.0168 -0.5133 -0.8580
vn 0.0507 0.9310 -0.3614
vn 0.0175 0.8894 -0.4568
vn 0.0589 0.9397 -0.3369
vn -0.9431 -0.2382 -0.2319
vn -0.9432 -0.2379 -0.2317
vn -0.9434 -0.2376 -0.2315
vn -0.5204 0.8443 0.1280
vn 0.0567 -0.8909 0.4505
vn 0.0180 -0.9377 0.3469
vn -0.0000 -0.9548 0.2971
vn 0.0138 0.5391 0.8421
vn 0.0039 0.5145 0.8575
vn 0.0002 0.5050 0.8631
vn 0.0147 -0.5202 -0.8539
vn 0.0041 -0.5490 -0.8358
vn 0.0172 -0.5134 -0.8580
vn 0.0514 0.9307 -0.3623
vn 0.0182 0.8898 -0.4559
vn 0.0600 0.9395 -0.3373
vn -0.9433 -0.2376 -0.2317
vn 0.0576 -0.8913 0.4497
vn 0.0188 -0.9373 0.3480
vn 0.0138 0.5385 0.8425
vn 0.0039 0.5144 0.8576
vn 0.8130 -0.5816 -0.0288
vn 0.0150 -0.5207 -0.8536
vn 0.0043 -0.5491 -0.8358
vn 0.0176 -0.5137 -0.8578
vn 0.0521 0.9302 -0.3634
vn 0.0189 0.8902 -0.4551
vn 0.0610 0.9391 -0.3381
vn 0.0586 -0.8918 0.4486
vn 0.0196 -0.9369 0.3490
vn 0.0141 0.5381 0.8428
vn 0.0041 0.5143 0.8576
vn -0.0000 0.5044 0.8635
vn 0.8129 -0.5817 -0.0290
vn 0.8129 -0.5817 -0.0289
vn 0.0152 -0.5209 -0.8535
vn 0.0045 -0.5487 -0.8360
vn 0.0179 -0.5139 -0.8577
vn 0.0529 0.9297 -0.3646
vn 0.0196 0.8906 -0.4544
vn 0.0620 0.9388 -0.3389
vn -0.9433 -0.2379 -0.2317
vn 0.0595 -0.8925 0.4472
vn 0.0205 -0.9366 0.3497
vn 0.0142 0.5377 0.8430
vn 0.0042 0.5146 0.8574
vn 0.0519 0.8883 0.4564
vn 0.0143 0.9396 0.3421
vn 0.0609 0.8735 0.4830
vn 0.0125 -0.5406 0.8412
vn 0.0027 -0.5132 0.8583
vn 0.0130 -0.5441 0.8389
vn -0.9431 0.2383 -0.2319
vn -0.9432 0.2381 -0.2317
vn -0.9431 0.2384 -0.2319
vn -0.5203 -0.8444 0.1279
vn -0.5203 -0.8443 0.1279
vn -0.5205 -0.8442 0.1280
vn 0.0131 0.5183 -0.8551
vn 0.0031 0.5504 -0.8349
vn -0.0000 0.5600 -0.8285
vn 0.0469 -0.9334 -0.3557
vn 0.0142 -0.8873 -0.4609
vn -0.0000 -0.8634 -0.5046
vn 0.8130 0.5815 -0.0288
vn 0.8131 0.5815 -0.0288
vn 0.8131 -0.5208 0.2602
vn 0.8130 -0.5208 0.2603
vn 0.0526 0.8886 0.4556
vn 0.0149 0.9392 0.3430
vn 0.0619 0.8736 0.4826
vn 0.0129 -0.5403 0.8414
vn 0.0032 -0.5134 0.8582
vn 0.0147 -0.5452 0.8382
vn -0.9432 0.2381 -0.2319
vn -0.9433 0.2378 -0.2317
vn -0.9431 0.2382 -0.2319
vn -0.5203 -0.8444 0.1280
vn -0.5203 -0.8443 0.1280
vn -0.5204 -0.8443 0.1280
vn 0.0134 0.5185 -0.8550
vn 0.0032 0.5503 -0.8350
vn -0.0000 0.5601 -0.8284
vn 0.0475 -0.9331 -0.3564
vn 0.0147 -0.8877 -0.4601
vn -0.0000 -0.8635 -0.5044
vn 0.8131 0.5814 -0.0288
vn 0.8130 -0.5209 0.2602
vn 0.8130 -0.5208 0.2602
vn 0.0534 0.8891 0.4546
vn 0.0154 0.9389 0.3438
vn 0.0630 0.8738 0.4821
vn 0.0131 -0.5402 0.8414
vn 0.0033 -0.5137 0.8580
vn 0.0149 -0.5451 0.8382
vn -0.9432 0.2378 -0.2319
vn -0.9431 0.2380 -0.2320
vn -0.5203 -0.8444 0.1278
vn -0.5202 -0.8444 0.1278
vn 0.0135 0.5187 -0.8548
vn 0.0033 0.5500 -0.8351
vn 0.0481 -0.9327 -0.3575
vn 0.0152 -0.8879 -0.4597
vn -0.0000 -0.8633 -0.5047
vn 0.0542 0.8895 0.4537
vn 0.0160 0.9387 0.3444
vn 0.0643 0.8739 0.4818
vn 0.0132 -0.5397 0.8418
vn 0.0034 -0.5137 0.8580
vn 0.0151 -0.5446 0.8385
vn -0.9432 0.2379 -0.2319
vn 0.0137 0.5191 -0.8546
vn 0.0034 0.5499 -0.8352
vn 0.0487 -0.9323 -0.3584
vn 0.0157 -0.8883 -0.4590
vn 0.8130 0.5816 -0.0289
vn 0.0550 0.8899 0.4528
vn 0.0167 0.9383 0.3454
vn 0.0655 0.8741 0.4813
vn 0.0133 -0.5395 0.8419
vn 0.0035 -0.5139 0.8578
vn 0.0153 -0.5445 0.8386
vn -0.9432 0.2378 -0.2318
vn -0.9433 0.2378 -0.2318
vn 0.0140 0.5193 -0.8545
vn 0.0036 0.5497 -0.8353
vn 0.0494 -0.9320 -0.3592
vn 0.0163 -0.8888 -0.4581
vn -0.0000 -0.8634 -0.5044
vn 0.8132 0.5813 -0.0288
vn 0.8129 -0.5209 0.2604
vn 0.0558 0.8904 0.4518
vn 0.0173 0.9380 0.3462
vn 0.0667 0.8743 0.4808
vn 0.0136 -0.5393 0.8420
vn 0.0036 -0.5141 0.8577
vn 0.0156 -0.5444 0.8387
vn -0.9431 0.2381 -0.2320
vn 0.0142 0.5196 -0.8543
vn 0.0037 0.5495 -0.8355
vn 0.0500 -0.9315 -0.3604
vn 0.0169 -0.8890 -0.4576
vn 0.8132 0.5813 -0.0289
vn 0.8131 -0.5208 0.2601
vn 0.8132 -0.5207 0.2600
vn 0.0568 0.8908 0.4508
vn 0.0181 0.9377 0.3470
vn 0.0681 0.8744 0.4803
vn 0.0138 -0.5391 0.8421
vn 0.0039 -0.5144 0.8576
vn 0.0158 -0.5439 0.8390
vn -0.9432 0.2377 -0.2319
vn -0.9434 0.2373 -0.2317
vn 0.0145 0.5199 -0.8541
vn 0.0039 0.5493 -0.8356
vn 0.0507 -0.9310 -0.3614
vn 0.0175 -0.8894 -0.4568
vn 0.8131 -0.5207 0.2601
vn 0.8131 -0.5207 0.2602
vn 0.0576 0.8913 0.4497
vn 0.0188 0.9373 0.3480
vn 0.0695 0.8746 0.4798
vn 0.0138 -0.5385 0.8425
vn 0.0160 -0.5438 0.8391
vn -0.9433 0.2377 -0.2318
vn 0.0148 0.5202 -0.8539
vn 0.0041 0.5492 -0.8357
vn 0.0514 -0.9307 -0.3622
vn 0.0182 -0.8899 -0.4558
vn 0.0585 0.8918 0.4485
vn 0.0196 0.9369 0.3489
vn 0.0709 0.8748 0.4792
vn 0.0141 -0.5383 0.8426
vn 0.0041 -0.5145 0.8575
vn 0.0164 -0.5437 0.8391
vn -0.9434 0.2376 -0.2316
vn 0.0150 0.5205 -0.8537
vn 0.0043 0.5489 -0.8359
vn 0.0521 -0.9301 -0.3635
vn 0.0188 -0.8902 -0.4552
vn 0.8130 0.5816 -0.0288
vn 0.8129 0.5816 -0.0288
vn 0.8130 -0.5209 0.2603
vn 0.0595 0.8925 0.4472
vn 0.0205 0.9366 0.3497
vn 0.0724 0.8751 0.4784
vn 0.0142 -0.5377 0.8430
vn 0.0042 -0.5146 0.8574
vn 0.0165 -0.5431 0.8395
vn -0.9433 0.2379 -0.2317
vn -0.9431 0.2383 -0.2320
vn 0.0152 0.5209 -0.8535
vn 0.0045 0.5487 -0.8360
vn 0.0529 -0.9297 -0.3646
vn 0.0196 -0.8906 -0.4544
vn 0.8130 0.5816 -0.0290
vn 0.8129 0.5817 -0.0290
vn 0.8132 -0.5206 0.2602
vn 0.8132 -0.5205 0.2602
vn 0.8131 -0.5207 0.2603
vn -0.8371 -0.5466 -0.0221
vn -0.8370 -0.5467 -0.0221
vn -0.8369 -0.5470 -0.0222
vn 0.7757 -0.5690 0.2729
vn 0.7757 -0.5695 0.2719
vn 0.7757 -0.5691 0.2730
vn -0.6654 -0.0126 -0.7464
vn -0.6946 -0.0027 -0.7194
vn -0.6611 -0.0140 -0.7501
vn 0.9647 -0.0325 -0.2614
vn 0.9439 -0.0125 -0.3300
vn 0.9684 -0.0367 -0.2468
vn -0.4511 0.8401 -0.3013
vn -0.4512 0.8400 -0.3014
vn -0.4513 0.8399 -0.3014
vn 0.9558 0.2767 0.0993
vn 0.9558 0.2766 0.0993
vn -0.9448 -0.0397 0.3254
vn -0.9690 -0.0128 0.2467
vn 0.6574 -0.0026 0.7535
vn 0.6816 -0.0102 0.7316
vn 0.6833 -0.0111 0.7300
vn -0.8372 -0.5464 -0.0222
vn -0.8374 -0.5462 -0.0221
vn 0.7757 -0.5691 0.2728
vn 0.7758 -0.5690 0.2729
vn -0.6656 -0.0128 -0.7462
vn -0.6945 -0.0028 -0.7195
vn -0.6613 -0.0143 -0.7500
vn 0.9645 -0.0329 -0.2621
vn 0.9442 -0.0129 -0.3292
vn 0.9682 -0.0372 -0.2474
vn -0.4514 0.8399 -0.3014
vn -0.4511 0.8401 -0.3012
vn 0.9558 0.2767 0.0991
vn 0.9559 0.2766 0.0991
vn -0.9452 -0.0402 0.3240
vn -0.9690 -0.0133 0.2469
vn -0.9781 -0.0000 0.2083
vn 0.6798 -0.0109 0.7334
vn 0.6572 -0.0029 0.7537
vn 0.6487 -0.0000 0.7610
vn -0.8372 -0.5464 -0.0223
vn -0.8372 -0.5465 -0.0223
vn -0.8371 -0.5466 -0.0223
vn 0.7758 -0.5689 0.2730
vn -0.6660 -0.0130 -0.7458
vn -0.6944 -0.0030 -0.7196
vn -0.6616 -0.0146 -0.7497
vn 0.9642 -0.0334 -0.2632
vn 0.9442 -0.0134 -0.3290
vn 0.9680 -0.0378 -0.2483
vn 0.9558 0.2767 0.0992
vn 0.9558 0.2768 0.0993
vn 0.9558 0.2766 0.0992
vn -0.9454 -0.0408 0.3232
vn -0.9687 -0.0138 0.2478
vn -0.9780 -0.0000 0.2085
vn 0.6796 -0.0110 0.7335
vn 0.6576 -0.0030 0.7534
vn 0.6490 -0.0000 0.7608
vn -0.8370 -0.5467 -0.0223
vn 0.7758 -0.5688 0.2729
vn 0.7759 -0.5688 0.2729
vn 0.7758 -0.5689 0.2729
vn -0.6664 -0.0133 -0.7455
vn -0.6942 -0.0031 -0.7198
vn -0.6619 -0.0149 -0.7495
vn 0.9640 -0.0338 -0.2638
vn 0.9445 -0.0139 -0.3282
vn 0.9678 -0.0384 -0.2486
vn -0.9456 -0.0415 0.3226
vn -0.9685 -0.0144 0.2487
vn 0.6793 -0.0111 0.7338
vn 0.6577 -0.0032 0.7532
vn -0.8373 -0.5464 -0.0222
vn -0.8374 -0.5461 -0.0221
vn 0.7758 -0.5690 0.2728
vn -0.6667 -0.0135 -0.7452
vn -0.6940 -0.0033 -0.7200
vn -0.6621 -0.0152 -0.7493
vn 0.9638 -0.0342 -0.2645
vn 0.9448 -0.0143 -0.3274
vn 0.9677 -0.0390 -0.2492
vn 0.9559 0.2767 0.0991
vn -0.9461 -0.0421 0.3212
vn -0.9684 -0.0150 0.2490
vn 0.6788 -0.0112 0.7342
vn 0.6577 -0.0033 0.7533
vn 0.6489 -0.0000 0.7609
vn 0.7757 -0.5691 0.2729
vn -0.6670 -0.0138 -0.7449
vn -0.6939 -0.0034 -0.7201
vn -0.6623 -0.0156 -0.7491
vn 0.9634 -0.0347 -0.2657
vn 0.9449 -0.0149 -0.3271
vn 0.9674 -0.0396 -0.2501
vn -0.4514 0.8399 -0.3013
vn -0.4516 0.8398 -0.3014
vn -0.4517 0.8397 -0.3014
vn 0.9558 0.2768 0.0992
vn -0.9463 -0.0428 0.3204
vn -0.9680 -0.0157 0.2504
vn 0.6786 -0.0114 0.7344
vn 0.6580 -0.0034 0.7530
vn -0.8371 -0.5466 -0.0222
vn -0.8370 -0.5468 -0.0223
vn -0.6675 -0.0140 -0.7445
vn -0.6936 -0.0036 -0.7204
vn -0.6627 -0.0158 -0.7487
vn 0.9633 -0.0351 -0.2663
vn 0.9452 -0.0154 -0.3261
vn 0.9673 -0.0402 -0.2505
vn -0.4510 0.8401 -0.3014
vn -0.4511 0.8400 -0.3014
vn -0.9466 -0.0434 0.3195
vn -0.9679 -0.0164 0.2509
vn 0.6783 -0.0115 0.7347
vn 0.6581 -0.0035 0.7529
vn -0.8371 -0.5465 -0.0222
vn -0.6678 -0.0143 -0.7442
vn -0.6935 -0.0038 -0.7204
vn -0.6629 -0.0163 -0.7485
vn 0.9630 -0.0356 -0.2671
vn 0.9455 -0.0160 -0.3253
vn 0.9671 -0.0409 -0.2510
vn 0.9559 0.2765 0.0992
vn -0.9469 -0.0441 0.3184
vn -0.9677 -0.0171 0.2517
vn 0.6780 -0.0116 0.7350
vn 0.6584 -0.0037 0.7527
vn 0.7756 -0.5692 0.2728
vn -0.6683 -0.0146 -0.7438
vn -0.6933 -0.0040 -0.7206
vn -0.6633 -0.0167 -0.7482
vn 0.9626 -0.0361 -0.2685
vn 0.9456 -0.0166 -0.3250
vn 0.9668 -0.0416 -0.2522
vn -0.9473 -0.0449 0.3171
vn -0.9675 -0.0180 0.2523
vn 0.6777 -0.0119 0.7353
vn 0.6584 -0.0038 0.7526
vn 0.6487 0.0003 0.7610
vn 0.7759 -0.5688 0.2730
vn -0.6685 -0.0148 -0.7436
vn -0.6928 -0.0042 -0.7211
vn -0.6634 -0.0170 -0.7481
vn 0.9625 -0.0366 -0.2690
vn 0.9460 -0.0172 -0.3237
vn 0.9667 -0.0423 -0.2524
vn -0.4509 0.8402 -0.3014
vn -0.4509 0.8402 -0.3013
vn -0.9476 -0.0456 0.3162
vn -0.9672 -0.0188 0.2534
vn 0.6772 -0.0120 0.7357
vn 0.6585 -0.0040 0.7525
vn 0.8370 -0.5467 -0.0220
vn 0.8371 -0.5466 -0.0220
vn 0.8370 -0.5468 -0.0219
vn -0.7759 -0.5688 0.2728
vn -0.7759 -0.5689 0.2728
vn -0.7758 -0.5691 0.2727
vn 0.9479 -0.0464 0.3150
vn 0.9669 -0.0197 0.2543
vn 0.9391 -0.0570 0.3390
vn -0.6768 -0.0121 0.7361
vn -0.6587 -0.0042 0.7524
vn -0.6804 -0.0137 0.7327
vn 0.4512 0.8400 -0.3013
vn 0.4511 0.8401 -0.3012
vn -0.9559 0.2763 0.0992
vn -0.9557 0.2770 0.0994
vn -0.9556 0.2772 0.0995
vn 0.6525 -0.0044 -0.7578
vn 0.6497 -0.0025 -0.7602
vn 0.6632 -0.0014 -0.7484
vn -0.9482 -0.0375 -0.3153
vn -0.9781 -0.0000 -0.2082
vn -0.9746 -0.0053 -0.2238
vn 0.8371 -0.5466 -0.0222
vn -0.7757 -0.5690 0.2729
vn -0.7758 -0.5689 0.2730
vn -0.7758 -0.5688 0.2730
vn 0.9476 -0.0456 0.3162
vn 0.9672 -0.0188 0.2534
vn 0.9389 -0.0557 0.3397
vn -0.6772 -0.0120 0.7357
vn -0.6585 -0.0040 0.7525
vn -0.6807 -0.0135 0.7324
vn 0.4511 0.8401 -0.3014
vn -0.9558 0.2766 0.0993
vn -0.9558 0.2767 0.0993
vn -0.9558 0.2768 0.0993
vn 0.6686 -0.0148 -0.7434
vn 0.6930 -0.0042 -0.7209
vn 0.7023 -0.0000 -0.7119
vn -0.9624 -0.0366 -0.2693
vn -0.9459 -0.0173 -0.3241
vn -0.9283 -0.0000 -0.3719
vn 0.8371 -0.5465 -0.0222
vn 0.8372 -0.5465 -0.0222
vn 0.9471 -0.0449 0.3177
vn 0.9675 -0.0180 0.2523
vn 0.9386 -0.0545 0.3408
vn -0.6773 -0.0117 0.7356
vn -0.6580 -0.0037 0.7530
vn -0.6808 -0.0132 0.7323
vn 0.4513 0.8399 -0.3013
vn 0.4514 0.8399 -0.3013
vn 0.6681 -0.0146 -0.7439
vn 0.6932 -0.0040 -0.7208
vn -0.9627 -0.0361 -0.2683
vn -0.9456 -0.0166 -0.3248
vn 0.8371 -0.5466 -0.0221
vn 0.9469 -0.0442 0.3185
vn 0.9676 -0.0172 0.2518
vn 0.9385 -0.0534 0.3411
vn -0.6779 -0.0117 0.7350
vn -0.6583 -0.0037 0.7528
vn -0.6814 -0.0131 0.7318
vn 0.4511 0.8400 -0.3013
vn 0.6678 -0.0143 -0.7442
vn 0.6935 -0.0038 -0.7204
vn 0.7025 -0.0000 -0.7117
vn -0.9630 -0.0356 -0.2671
vn -0.9455 -0.0160 -0.3253
vn -0.7757 -0.5691 0.2729
vn 0.9466 -0.0434 0.3193
vn 0.9679 -0.0164 0.2507
vn 0.9384 -0.0523 0.3415
vn -0.6781 -0.0115 0.7349
vn -0.6580 -0.0035 0.7530
vn -0.6815 -0.0129 0.7317
vn 0.4512 0.8400 -0.3014
vn 0.4511 0.8401 -0.3013
vn -0.9558 0.2767 0.0992
vn 0.6674 -0.0140 -0.7446
vn 0.6935 -0.0036 -0.7204
vn -0.9632 -0.0352 -0.2664
vn -0.9452 -0.0154 -0.3262
vn -0.7758 -0.5689 0.2728
vn 0.9463 -0.0428 0.3204
vn 0.9681 -0.0157 0.2499
vn 0.9383 -0.0512 0.3421
vn -0.6785 -0.0113 0.7345
vn -0.6580 -0.0034 0.7530
vn -0.6821 -0.0127 0.7312
vn -0.9558 0.2766 0.0992
vn 0.6669 -0.0138 -0.7450
vn 0.6937 -0.0034 -0.7203
vn -0.9635 -0.0347 -0.2655
vn -0.9449 -0.0149 -0.3269
vn 0.9459 -0.0421 0.3216
vn 0.9683 -0.0150 0.2494
vn 0.9380 -0.0502 0.3430
vn -0.6790 -0.0113 0.7341
vn -0.6579 -0.0033 0.7531
vn -0.6823 -0.0125 0.7310
vn 0.6667 -0.0135 -0.7452
vn 0.6940 -0.0033 -0.7200
vn 0.7024 -0.0000 -0.7118
vn -0.9638 -0.0342 -0.2644
vn -0.9448 -0.0144 -0.3273
vn 0.8372 -0.5465 -0.0223
vn 0.8371 -0.5466 -0.0223
vn 0.8372 -0.5464 -0.0222
vn -0.7759 -0.5688 0.2730
vn -0.7759 -0.5687 0.2730
vn 0.9456 -0.0415 0.3226
vn 0.9685 -0.0144 0.2487
vn 0.9378 -0.0492 0.3436
vn -0.6793 -0.0111 0.7338
vn -0.6577 -0.0032 0.7532
vn -0.6826 -0.0123 0.7307
vn 0.6662 -0.0132 -0.7456
vn 0.6940 -0.0031 -0.7199
vn -0.9640 -0.0338 -0.2638
vn -0.9445 -0.0139 -0.3282
vn 0.9454 -0.0408 0.3232
vn 0.9687 -0.0138 0.2478
vn 0.9378 -0.0483 0.3438
vn -0.6797 -0.0110 0.7334
vn -0.6576 -0.0030 0.7533
vn -0.6829 -0.0122 0.7304
vn 0.6659 -0.0130 -0.7459
vn 0.6942 -0.0030 -0.7198
vn -0.9642 -0.0334 -0.2630
vn -0.9443 -0.0134 -0.3288
vn -0.7758 -0.5690 0.2729
vn 0.9452 -0.0400 0.3240
vn 0.9689 -0.0132 0.2470
vn 0.9377 -0.0473 0.3444
vn -0.6799 -0.0109 0.7332
vn -0.6573 -0.0029 0.7536
vn -0.6831 -0.0120 0.7302
vn 0.6656 -0.0128 -0.7462
vn 0.6945 -0.0028 -0.7195
vn 0.7024 -0.0000 -0.7117
vn -0.9645 -0.0329 -0.2619
vn -0.9442 -0.0129 -0.3292
vn -0.9284 -0.0000 -0.3717
vn 0.4510 -0.8401 -0.3013
vn -0.9559 -0.2765 0.0992
vn -0.9559 -0.2766 0.0992
vn 0.9452 0.0400 0.3240
vn 0.9688 0.0133 0.2473
vn 0.9780 -0.0000 0.2087
vn -0.6800 0.0109 0.7332
vn -0.6575 0.0029 0.7535
vn -0.6491 -0.0000 0.7607
vn 0.8371 0.5466 -0.0221
vn -0.7758 0.5689 0.2729
vn 0.6656 0.0128 -0.7462
vn 0.6943 0.0028 -0.7197
vn 0.6612 0.0142 -0.7500
vn -0.9645 0.0329 -0.2619
vn -0.9442 0.0129 -0.3292
vn -0.9682 0.0372 -0.2472
vn 0.7759 -0.5689 -0.2728
vn 0.7759 -0.5688 -0.2728
vn -0.8372 -0.5464 0.0222
vn 0.9283 -0.0000 0.3719
vn -0.6490 -0.0000 0.7607
vn 0.8339 0.5508 -0.0358
vn -0.7795 0.5707 0.2582
vn 0.6491 -0.0000 -0.7607
vn 0.6490 -0.0000 -0.7608
vn 0.7794 -0.5709 -0.2582
vn 0.7794 -0.5708 -0.2582
vn -0.8339 -0.5508 0.0358
vn -0.8338 -0.5508 0.0358
vn -0.6490 -0.0000 0.7608
vn 0.8306 0.5547 -0.0497
vn 0.8305 0.5547 -0.0497
vn -0.7832 0.5721 0.2434
vn 0.7831 -0.5723 -0.2433
vn 0.7831 -0.5723 -0.2434
vn -0.8305 -0.5548 0.0497
vn 0.8271 0.5584 -0.0638
vn -0.7869 0.5732 0.2284
vn 0.6490 -0.0000 -0.7607
vn 0.7868 -0.5734 -0.2284
vn -0.8271 -0.5584 0.0638
vn 0.8236 0.5618 -0.0782
vn 0.8236 0.5617 -0.0782
vn 0.8236 0.5618 -0.0781
vn -0.7906 0.5740 0.2133
vn -0.7906 0.5739 0.2134
vn -0.9282 -0.0000 -0.3721
vn 0.7906 -0.5739 -0.2133
vn -0.8237 -0.5616 0.0783
vn -0.8237 -0.5616 0.0782
vn 0.8202 0.5646 -0.0928
vn 0.8201 0.5646 -0.0928
vn -0.7944 0.5741 0.1982
vn 0.7943 -0.5743 -0.1981
vn 0.7943 -0.5743 -0.1982
vn -0.8201 -0.5646 0.0928
vn -0.8201 -0.5647 0.0928
vn 0.8165 0.5672 -0.1075
vn -0.7981 0.5740 0.1830
vn -0.7981 0.5741 0.1830
vn 0.7981 -0.5741 -0.1830
vn -0.8166 -0.5671 0.1076
vn -0.8166 -0.5672 0.1076
vn -0.8165 -0.5672 0.1075
vn 0.8128 0.5695 -0.1224
vn -0.8018 0.5735 0.1678
vn 0.8018 -0.5735 -0.1678
vn 0.8019 -0.5735 -0.1678
vn -0.8128 -0.5695 0.1224
vn -0.8128 -0.5696 0.1224
vn 0.8092 0.5712 -0.1375
vn -0.8056 0.5725 0.1527
vn -0.8056 0.5725 0.1526
vn 0.8055 -0.5725 -0.1526
vn 0.8055 -0.5726 -0.1526
vn -0.8093 -0.5711 0.1375
vn 0.8055 0.5725 -0.1526
vn -0.8093 0.5711 0.1375
vn 0.8092 -0.5712 -0.1375
vn 0.8093 -0.5711 -0.1375
vn -0.8056 -0.5725 0.1527
vn -0.8056 -0.5725 0.1526
vn 0.8018 0.5735 -0.1678
vn 0.8019 0.5735 -0.1678
vn 0.8018 0.5735 -0.1677
vn -0.8130 0.5693 0.1225
vn 0.8128 -0.5695 -0.1224
vn -0.8018 -0.5735 0.1678
vn -0.8018 -0.5736 0.1678
vn 0.7981 0.5741 -0.1830
vn -0.8166 0.5672 0.1076
vn -0.8166 0.5671 0.1076
vn 0.8165 -0.5672 -0.1075
vn 0.8165 -0.5672 -0.1076
vn -0.7981 -0.5740 0.1830
vn -0.7981 -0.5741 0.1830
vn 0.7943 0.5743 -0.1981
vn 0.7943 0.5743 -0.1982
vn -0.8201 0.5646 0.0928
vn -0.8201 0.5646 0.0929
vn 0.8201 -0.5646 -0.0927
vn 0.8201 -0.5647 -0.0927
vn 0.8200 -0.5648 -0.0926
vn -0.7944 -0.5742 0.1982
vn -0.7944 -0.5741 0.1982
vn -0.7944 -0.5740 0.1983
vn 0.7906 0.5739 -0.2133
vn -0.8237 0.5616 0.0783
vn -0.8237 0.5616 0.0782
vn -0.8237 0.5615 0.0783
vn 0.8236 -0.5618 -0.0782
vn 0.8236 -0.5617 -0.0782
vn -0.7906 -0.5740 0.2133
vn -0.6489 -0.0000 0.7608
vn -0.6489 -0.0000 0.7609
vn 0.7868 0.5734 -0.2284
vn -0.8271 0.5584 0.0638
vn 0.8271 -0.5584 -0.0638
vn 0.8272 -0.5583 -0.0638
vn -0.7869 -0.5732 0.2285
vn -0.7869 -0.5733 0.2284
vn 0.7831 0.5723 -0.2433
vn 0.7831 0.5723 -0.2434
vn -0.8305 0.5548 0.0497
vn -0.8306 0.5547 0.0497
vn 0.8306 -0.5547 -0.0497
vn 0.8305 -0.5547 -0.0497
vn -0.7832 -0.5721 0.2434
vn -0.7832 -0.5722 0.2434
vn 0.7794 0.5709 -0.2582
vn 0.7794 0.5708 -0.2582
vn 0.7794 0.5709 -0.2581
vn -0.8338 0.5508 0.0358
vn -0.8339 0.5508 0.0358
vn -0.8339 0.5507 0.0358
vn 0.8339 -0.5508 -0.0358
vn -0.7795 -0.5707 0.2582
vn 0.7759 0.5689 -0.2728
vn 0.7759 0.5688 -0.2728
vn -0.8372 0.5464 0.0222
vn -0.8373 0.5464 0.0222
vn 0.4514 -0.8399 -0.3013
vn 0.4513 -0.8400 -0.3013
vn 0.9454 0.0408 0.3233
vn 0.9687 0.0139 0.2478
vn 0.9780 -0.0000 0.2085
vn -0.6796 0.0110 0.7335
vn -0.6575 0.0030 0.7535
vn 0.8372 0.5465 -0.0222
vn -0.7758 0.5690 0.2728
vn 0.6658 0.0130 -0.7460
vn 0.6942 0.0030 -0.7198
vn 0.6614 0.0146 -0.7499
vn -0.9642 0.0334 -0.2630
vn -0.9443 0.0134 -0.3288
vn -0.9680 0.0378 -0.2480
vn 0.7759 -0.5688 -0.2729
vn 0.7758 -0.5689 -0.2729
vn 0.7758 -0.5690 -0.2728
vn -0.8371 -0.5465 0.0221
vn -0.8371 -0.5466 0.0221
vn -0.8372 -0.5465 0.0221
vn 0.9284 -0.0000 0.3717
vn 0.9284 -0.0000 0.3716
vn 0.9283 -0.0000 0.3717
vn -0.6490 0.0001 0.7608
vn -0.6491 0.0001 0.7607
vn 0.8339 0.5507 -0.0358
vn -0.7795 0.5708 0.2582
vn 0.6489 -0.0000 -0.7609
vn 0.7795 -0.5707 -0.2582
vn 0.7795 -0.5708 -0.2582
vn -0.8339 -0.5508 0.0357
vn -0.8338 -0.5509 0.0357
vn 0.8306 0.5546 -0.0497
vn -0.7832 0.5722 0.2433
vn -0.8305 -0.5548 0.0496
vn -0.8305 -0.5549 0.0496
vn 0.8271 0.5584 -0.0639
vn 0.8272 0.5583 -0.0639
vn 0.8272 0.5583 -0.0638
vn -0.7869 0.5733 0.2284
vn -0.7869 0.5733 0.2283
vn 0.7869 -0.5733 -0.2284
vn 0.6492 -0.0000 -0.7606
vn 0.7907 -0.5739 -0.2134
vn 0.7907 -0.5739 -0.2133
vn 0.8201 0.5646 -0.0929
vn -0.7943 0.5743 0.1981
vn 0.7944 -0.5741 -0.1982
vn 0.8165 0.5672 -0.1076
vn 0.8166 0.5672 -0.1076
vn 0.8129 0.5693 -0.1225
vn -0.8018 0.5736 0.1678
vn 0.8018 -0.5735 -0.1679
vn 0.8018 -0.5736 -0.1678
vn -0.8129 -0.5694 0.1224
vn -0.8129 -0.5693 0.1225
vn 0.8093 0.5711 -0.1375
vn -0.8055 0.5725 0.1526
vn -0.8055 0.5726 0.1526
vn 0.8056 -0.5725 -0.1527
vn 0.8056 -0.5725 -0.1526
vn -0.8092 -0.5712 0.1375
vn -0.8093 -0.5712 0.1375
vn 0.8056 0.5725 -0.1527
vn 0.8056 0.5725 -0.1526
vn -0.8092 0.5712 0.1375
vn -0.8092 0.5712 0.1374
vn 0.6488 -0.0000 -0.7609
vn -0.8055 -0.5725 0.1526
vn 0.8018 0.5735 -0.1679
vn -0.8129 0.5694 0.1224
vn 0.8129 -0.5693 -0.1225
vn 0.7981 0.5740 -0.1830
vn -0.8165 0.5672 0.1075
vn 0.7941 0.5745 -0.1983
vn 0.7944 0.5741 -0.1982
vn 0.7942 0.5744 -0.1983
vn 0.8201 -0.5646 -0.0928
vn 0.8201 -0.5647 -0.0928
vn -0.7943 -0.5743 0.1981
vn -0.7943 -0.5742 0.1982
vn 0.7904 0.5742 -0.2132
vn 0.7904 0.5743 -0.2132
vn 0.8237 -0.5617 -0.0782
vn 0.9282 -0.0000 0.3722
vn 0.9282 -0.0000 0.3721
vn 0.7869 0.5733 -0.2284
vn 0.8271 -0.5584 -0.0639
vn 0.8272 -0.5583 -0.0639
vn 0.7831 0.5722 -0.2434
vn -0.8305 0.5548 0.0496
vn -0.8305 0.5549 0.0496
vn -0.8304 0.5549 0.0496
vn 0.8306 -0.5546 -0.0497
vn -0.7832 -0.5722 0.2433
vn 0.7795 0.5707 -0.2582
vn -0.8339 0.5508 0.0357
vn -0.8338 0.5509 0.0357
vn 0.8339 -0.5507 -0.0358
vn -0.7795 -0.5708 0.2582
vn 0.7758 0.5688 -0.2729
vn 0.7758 0.5689 -0.2729
vn 0.7759 0.5688 -0.2729
vn -0.8371 0.5465 0.0221
vn -0.8371 0.5466 0.0221
vn -0.8371 0.5467 0.0221
vn 0.4510 -0.8401 -0.3014
vn 0.4511 -0.8401 -0.3014
vn 0.4511 -0.8400 -0.3014
vn -0.9558 -0.2766 0.0993
vn 0.9457 0.0414 0.3225
vn 0.9685 0.0144 0.2487
vn -0.6793 0.0111 0.7338
vn -0.6577 0.0032 0.7532
vn 0.8372 0.5465 -0.0223
vn 0.8371 0.5466 -0.0223
vn 0.8370 0.5467 -0.0223
vn -0.7759 0.5688 0.2730
vn 0.6662 0.0132 -0.7456
vn 0.6940 0.0031 -0.7199
vn 0.6617 0.0148 -0.7496
vn -0.9640 0.0338 -0.2638
vn -0.9445 0.0139 -0.3282
vn -0.9678 0.0384 -0.2486
vn 0.7757 -0.5690 -0.2729
vn 0.7758 -0.5688 -0.2730
vn -0.8371 -0.5466 0.0222
vn -0.8371 -0.5467 0.0222
vn 0.9283 -0.0000 0.3718
vn 0.8339 0.5508 -0.0359
vn 0.8338 0.5508 -0.0359
vn 0.8338 0.5510 -0.0359
vn -0.7795 0.5707 0.2583
vn -0.7794 0.5708 0.2582
vn 0.7795 -0.5707 -0.2583
vn 0.7796 -0.5705 -0.2583
vn -0.8339 -0.5508 0.0359
vn -0.8339 -0.5507 0.0359
vn 0.8305 0.5547 -0.0498
vn 0.8305 0.5548 -0.0498
vn 0.8304 0.5549 -0.0498
vn -0.7832 0.5722 0.2434
vn -0.7832 0.5721 0.2435
vn -0.7831 0.5722 0.2434
vn 0.7830 -0.5723 -0.2434
vn 0.7831 -0.5723 -0.2435
vn 0.7832 -0.5722 -0.2435
vn -0.8304 -0.5549 0.0497
vn 0.8270 0.5586 -0.0640
vn -0.7869 0.5733 0.2285
vn -0.7869 0.5732 0.2285
vn -0.7868 0.5733 0.2285
vn 0.7868 -0.5734 -0.2285
vn 0.7868 -0.5733 -0.2286
vn -0.8271 -0.5585 0.0639
vn -0.8270 -0.5585 0.0639
vn 0.8236 0.5617 -0.0783
vn 0.8235 0.5618 -0.0782
vn -0.7905 0.5740 0.2134
vn -0.7906 0.5740 0.2134
vn -0.7905 0.5741 0.2134
vn 0.7906 -0.5740 -0.2134
vn 0.7906 -0.5739 -0.2134
vn 0.7907 -0.5738 -0.2135
vn -0.8237 -0.5617 0.0783
vn -0.8238 -0.5615 0.0784
vn 0.8201 0.5647 -0.0928
vn 0.8200 0.5647 -0.0928
vn -0.7943 0.5742 0.1983
vn -0.7943 0.5743 0.1983
vn 0.7943 -0.5743 -0.1983
vn 0.7943 -0.5742 -0.1983
vn 0.7944 -0.5741 -0.1984
vn -0.8201 -0.5646 0.0929
vn -0.8202 -0.5644 0.0930
vn 0.8165 0.5672 -0.1077
vn -0.7981 0.5740 0.1831
vn 0.7981 -0.5740 -0.1831
vn 0.7982 -0.5739 -0.1832
vn -0.8165 -0.5672 0.1077
vn -0.8165 -0.5671 0.1077
vn -0.8166 -0.5671 0.1078
vn 0.8129 0.5694 -0.1225
vn 0.8129 0.5693 -0.1226
vn -0.8018 0.5735 0.1679
vn -0.8019 0.5734 0.1679
vn 0.8017 -0.5737 -0.1678
vn 0.8018 -0.5736 -0.1679
vn 0.8018 -0.5734 -0.1680
vn -0.8128 -0.5695 0.1225
vn -0.8128 -0.5694 0.1226
vn -0.8129 -0.5693 0.1226
vn 0.8092 0.5711 -0.1376
vn 0.8092 0.5713 -0.1375
vn -0.8055 0.5726 0.1527
vn -0.8055 0.5725 0.1527
vn 0.8055 -0.5726 -0.1527
vn 0.8055 -0.5725 -0.1527
vn 0.8056 -0.5724 -0.1528
vn -0.8092 -0.5712 0.1376
vn -0.8092 -0.5711 0.1376
vn -0.8093 -0.5710 0.1377
vn 0.8055 0.5726 -0.1527
vn 0.8055 0.5725 -0.1527
vn 0.8055 0.5726 -0.1526
vn -0.8092 0.5712 0.1376
vn -0.8093 0.5711 0.1376
vn 0.8092 -0.5711 -0.1376
vn 0.8093 -0.5710 -0.1377
vn -0.8055 -0.5726 0.1527
vn -0.8055 -0.5725 0.1527
vn -0.8056 -0.5724 0.1528
vn 0.8017 0.5737 -0.1678
vn 0.8018 0.5736 -0.1679
vn -0.8128 0.5695 0.1225
vn -0.8129 0.5694 0.1226
vn 0.8129 -0.5694 -0.1225
vn 0.8129 -0.5693 -0.1226
vn 0.8130 -0.5692 -0.1227
vn -0.8018 -0.5735 0.1679
vn -0.8019 -0.5734 0.1679
vn -0.8019 -0.5733 0.1680
vn 0.7981 0.5740 -0.1831
vn 0.7980 0.5742 -0.1830
vn -0.8165 0.5672 0.1077
vn -0.8165 0.5671 0.1077
vn -0.8165 0.5672 0.1076
vn 0.8165 -0.5672 -0.1077
vn 0.8166 -0.5671 -0.1078
vn -0.7981 -0.5740 0.1831
vn -0.7982 -0.5739 0.1832
vn 0.7943 0.5743 -0.1983
vn 0.7943 0.5742 -0.1983
vn -0.8201 0.5647 0.0928
vn 0.8201 -0.5646 -0.0929
vn 0.8202 -0.5645 -0.0930
vn -0.7943 -0.5742 0.1983
vn -0.7944 -0.5741 0.1984
vn 0.7906 0.5739 -0.2134
vn 0.7906 0.5740 -0.2134
vn -0.8237 0.5617 0.0783
vn -0.8236 0.5617 0.0782
vn 0.8236 -0.5617 -0.0783
vn 0.8237 -0.5616 -0.0784
vn -0.7905 -0.5740 0.2134
vn -0.7906 -0.5740 0.2134
vn -0.7906 -0.5739 0.2135
vn 0.7868 0.5734 -0.2285
vn -0.8271 0.5585 0.0639
vn -0.8270 0.5585 0.0639
vn -0.8269 0.5587 0.0639
vn -0.7869 -0.5733 0.2285
vn -0.7869 -0.5731 0.2286
vn 0.7831 0.5723 -0.2435
vn 0.7830 0.5724 -0.2434
vn -0.8304 0.5549 0.0497
vn -0.8304 0.5550 0.0498
vn 0.8306 -0.5547 -0.0498
vn 0.8305 -0.5548 -0.0498
vn -0.7832 -0.5721 0.2435
vn -0.7832 -0.5720 0.2435
vn 0.7795 0.5707 -0.2583
vn -0.8339 0.5508 0.0359
vn -0.8338 0.5509 0.0359
vn 0.8338 -0.5509 -0.0358
vn 0.8338 -0.5509 -0.0359
vn 0.8338 -0.5508 -0.0358
vn -0.7794 -0.5709 0.2582
vn -0.7794 -0.5708 0.2583
vn -0.7795 -0.5707 0.2584
vn 0.7757 0.5690 -0.2729
vn 0.7758 0.5689 -0.2730
vn -0.8371 0.5466 0.0222
vn -0.8371 0.5467 0.0222
vn -0.8370 0.5468 0.0223
vn 0.4511 -0.8401 -0.3013
vn 0.9459 0.0421 0.3216
vn 0.9683 0.0150 0.2494
vn -0.6790 0.0113 0.7341
vn -0.6579 0.0033 0.7531
vn 0.8371 0.5465 -0.0222
vn -0.7759 0.5688 0.2729
vn -0.7759 0.5688 0.2728
vn 0.6666 0.0135 -0.7453
vn 0.6939 0.0032 -0.7201
vn 0.6620 0.0152 -0.7494
vn -0.9638 0.0342 -0.2644
vn -0.9448 0.0144 -0.3273
vn -0.9677 0.0390 -0.2490
vn -0.8371 -0.5465 0.0222
vn -0.8372 -0.5465 0.0222
vn 0.8339 0.5508 -0.0357
vn 0.8338 0.5509 -0.0357
vn -0.8271 -0.5584 0.0639
vn -0.8272 -0.5583 0.0639
vn 0.7906 -0.5740 -0.2133
vn -0.8236 -0.5617 0.0782
vn -0.7943 0.5742 0.1982
vn 0.7943 -0.5742 -0.1982
vn -0.8165 -0.5672 0.1076
vn 0.8019 -0.5734 -0.1678
vn -0.8127 -0.5697 0.1225
vn -0.8128 -0.5696 0.1225
vn 0.8055 0.5726 -0.1525
vn -0.8092 0.5711 0.1376
vn 0.8092 -0.5713 -0.1375
vn 0.8128 -0.5695 -0.1225
vn 0.7907 0.5739 -0.2133
vn 0.7869 0.5733 -0.2283
vn -0.8271 0.5584 0.0639
vn -0.8272 0.5583 0.0639
vn 0.8305 -0.5548 -0.0496
vn -0.7831 -0.5722 0.2434
vn 0.7795 0.5708 -0.2582
vn 0.8339 -0.5508 -0.0357
vn 0.8338 -0.5508 -0.0357
vn -0.7794 -0.5708 0.2582
vn 0.7758 0.5690 -0.2728
vn -0.8371 0.5465 0.0222
vn -0.8372 0.5465 0.0222
vn 0.4511 -0.8400 -0.3013
vn 0.4512 -0.8400 -0.3013
vn 0.9463 0.0428 0.3204
vn 0.9681 0.0157 0.2500
vn -0.6786 0.0114 0.7345
vn -0.6578 0.0034 0.7532
vn -0.7757 0.5690 0.2728
vn 0.6671 0.0138 -0.7449
vn 0.6939 0.0034 -0.7201
vn 0.6624 0.0156 -0.7490
vn -0.9635 0.0347 -0.2655
vn -0.9450 0.0149 -0.3269
vn -0.9675 0.0396 -0.2499
vn 0.7758 -0.5689 -0.2728
vn -0.7794 0.5709 0.2582
vn -0.7794 0.5709 0.2581
vn -0.9283 -0.0000 -0.3718
vn 0.7796 -0.5706 -0.2582
vn -0.7831 0.5722 0.2433
vn 0.7832 -0.5722 -0.2434
vn 0.7831 -0.5722 -0.2434
vn 0.6490 -0.0001 -0.7608
vn 0.8237 0.5617 -0.0782
vn 0.7905 -0.5741 -0.2133
vn -0.8236 -0.5618 0.0782
vn 0.8202 0.5645 -0.0928
vn 0.7944 -0.5742 -0.1982
vn -0.8201 -0.5646 0.0927
vn 0.8166 0.5671 -0.1076
vn 0.7980 -0.5741 -0.1830
vn -0.8055 0.5727 0.1526
vn -0.9284 -0.0000 -0.3715
vn -0.9285 -0.0000 -0.3714
vn -0.8055 -0.5727 0.1526
vn -0.8057 -0.5724 0.1526
vn 0.8166 -0.5672 -0.1076
vn 0.7944 0.5742 -0.1982
vn 0.7943 0.5742 -0.1982
vn 0.7944 0.5742 -0.1983
vn -0.8201 0.5646 0.0927
vn -0.8201 0.5647 0.0927
vn 0.8202 -0.5646 -0.0928
vn -0.7943 -0.5743 0.1982
vn 0.7906 0.5740 -0.2133
vn -0.8236 0.5618 0.0782
vn -0.8236 0.5618 0.0781
vn 0.7868 0.5733 -0.2285
vn -0.8271 0.5585 0.0637
vn -0.8270 0.5585 0.0638
vn -0.8270 0.5586 0.0638
vn 0.8305 -0.5548 -0.0497
vn -0.7831 -0.5723 0.2433
vn -0.7831 -0.5723 0.2434
vn 0.7758 0.5690 -0.2729
vn 0.9466 0.0434 0.3196
vn 0.9679 0.0164 0.2509
vn -0.6784 0.0116 0.7346
vn -0.6581 0.0035 0.7529
vn 0.8371 0.5466 -0.0222
vn 0.8370 0.5467 -0.0222
vn 0.8370 0.5468 -0.0223
vn -0.7757 0.5690 0.2729
vn -0.7758 0.5689 0.2730
vn 0.6674 0.0140 -0.7446
vn 0.6935 0.0036 -0.7204
vn 0.6626 0.0159 -0.7488
vn -0.9632 0.0352 -0.2664
vn -0.9452 0.0154 -0.3262
vn -0.9673 0.0403 -0.2506
vn 0.8338 0.5508 -0.0358
vn 0.8338 0.5509 -0.0358
vn 0.8337 0.5511 -0.0359
vn -0.7794 0.5708 0.2583
vn 0.7794 -0.5708 -0.2583
vn -0.8338 -0.5509 0.0358
vn 0.8304 0.5550 -0.0498
vn 0.7831 -0.5722 -0.2435
vn 0.8271 0.5585 -0.0638
vn 0.8270 0.5586 -0.0639
vn 0.8269 0.5587 -0.0639
vn -0.7868 0.5734 0.2285
vn -0.7867 0.5734 0.2285
vn 0.7868 -0.5733 -0.2285
vn 0.7869 -0.5733 -0.2285
vn 0.7869 -0.5732 -0.2286
vn 0.7905 -0.5741 -0.2134
vn 0.7905 -0.5740 -0.2134
vn 0.7906 -0.5739 -0.2135
vn -0.8236 -0.5618 0.0783
vn -0.8236 -0.5617 0.0783
vn -0.8237 -0.5616 0.0784
vn -0.7944 0.5742 0.1982
vn -0.7944 0.5741 0.1983
vn -0.7943 0.5743 0.1982
vn -0.8200 -0.5647 0.0929
vn -0.8201 -0.5647 0.0929
vn -0.8201 -0.5646 0.0930
vn 0.8165 0.5673 -0.1076
vn 0.8164 0.5673 -0.1076
vn -0.7980 0.5741 0.1831
vn -0.7981 0.5741 0.1831
vn -0.7980 0.5742 0.1830
vn 0.7980 -0.5742 -0.1831
vn 0.7980 -0.5741 -0.1831
vn 0.7981 -0.5740 -0.1832
vn -0.8165 -0.5673 0.1076
vn 0.8018 -0.5735 -0.1680
vn -0.8128 0.5695 0.1226
vn 0.7980 0.5742 -0.1831
vn 0.7980 0.5741 -0.1831
vn -0.8165 0.5673 0.1076
vn 0.8165 -0.5673 -0.1076
vn -0.7980 -0.5741 0.1831
vn -0.7981 -0.5741 0.1831
vn -0.7981 -0.5740 0.1832
vn 0.7942 0.5744 -0.1982
vn -0.8200 0.5647 0.0929
vn -0.8201 0.5647 0.0929
vn -0.8200 0.5648 0.0928
vn 0.8200 -0.5647 -0.0928
vn 0.8201 -0.5647 -0.0929
vn 0.8201 -0.5646 -0.0930
vn -0.7943 -0.5743 0.1983
vn 0.7905 0.5741 -0.2134
vn 0.7905 0.5740 -0.2134
vn -0.8236 0.5617 0.0783
vn -0.7905 -0.5741 0.2134
vn -0.8270 0.5586 0.0640
vn 0.8270 -0.5585 -0.0639
vn -0.7868 -0.5733 0.2284
vn -0.7869 -0.5732 0.2286
vn 0.7830 0.5723 -0.2434
vn 0.8304 -0.5549 -0.0497
vn -0.7831 -0.5723 0.2435
vn -0.7832 -0.5722 0.2435
vn 0.7794 0.5708 -0.2583
vn -0.8338 0.5509 0.0358
vn -0.8337 0.5510 0.0359
vn 0.9283 0.0001 0.3718
vn 0.9283 0.0001 0.3719
vn -0.6490 -0.0001 0.7608
vn -0.8370 0.5467 0.0221
vn 0.9469 0.0442 0.3185
vn 0.9676 0.0172 0.2518
vn -0.6779 0.0117 0.7350
vn -0.6583 0.0037 0.7528
vn 0.6678 0.0143 -0.7442
vn 0.6934 0.0037 -0.7206
vn 0.6629 0.0162 -0.7485
vn -0.9630 0.0356 -0.2671
vn -0.9455 0.0160 -0.3253
vn -0.9671 0.0409 -0.2510
vn 0.8338 0.5508 -0.0357
vn -0.8339 -0.5507 0.0358
vn 0.8305 0.5548 -0.0497
vn 0.8304 0.5550 -0.0497
vn -0.8305 -0.5547 0.0497
vn -0.8237 -0.5617 0.0782
vn 0.9284 -0.0000 0.3715
vn 0.9285 -0.0000 0.3714
vn 0.8129 0.5695 -0.1224
vn -0.8130 -0.5693 0.1225
vn 0.8129 -0.5695 -0.1224
vn 0.7944 0.5742 -0.1981
vn -0.8202 0.5645 0.0929
vn -0.8202 0.5645 0.0928
vn -0.8237 0.5617 0.0782
vn -0.7869 -0.5732 0.2284
vn 0.7832 0.5722 -0.2433
vn 0.7832 0.5723 -0.2433
vn -0.8305 0.5547 0.0498
vn -0.8305 0.5548 0.0498
vn 0.7758 0.5689 -0.2728
vn -0.9558 -0.2766 0.0992
vn 0.9473 0.0449 0.3172
vn 0.9675 0.0180 0.2524
vn -0.6775 0.0119 0.7354
vn -0.6583 0.0038 0.7528
vn 0.6683 0.0146 -0.7438
vn 0.6933 0.0040 -0.7206
vn 0.6633 0.0167 -0.7482
vn -0.9627 0.0361 -0.2682
vn -0.9456 0.0166 -0.3248
vn -0.9668 0.0416 -0.2519
vn 0.8339 0.5507 -0.0359
vn 0.8340 0.5506 -0.0358
vn -0.7795 0.5708 0.2581
vn -0.7794 0.5708 0.2581
vn 0.8306 0.5547 -0.0498
vn -0.7831 0.5723 0.2433
vn -0.7868 0.5734 0.2284
vn 0.7869 -0.5732 -0.2284
vn -0.7905 0.5741 0.2133
vn -0.8201 -0.5647 0.0927
vn 0.7981 -0.5740 -0.1830
vn 0.8092 0.5712 -0.1376
vn -0.8055 0.5726 0.1525
vn -0.8092 0.5713 0.1374
vn -0.8092 0.5713 0.1375
vn -0.8091 0.5713 0.1374
vn 0.8092 -0.5711 -0.1375
vn -0.8055 -0.5726 0.1526
vn -0.8165 0.5673 0.1075
vn -0.8271 0.5585 0.0638
vn 0.8271 -0.5583 -0.0639
vn 0.7832 0.5721 -0.2434
vn 0.7832 0.5722 -0.2434
vn -0.8305 0.5547 0.0497
vn 0.8339 -0.5507 -0.0359
vn -0.7795 -0.5707 0.2581
vn -0.9558 -0.2767 0.0993
vn 0.9476 0.0456 0.3162
vn 0.9672 0.0188 0.2534
vn -0.6773 0.0120 0.7356
vn -0.6586 0.0040 0.7525
vn 0.6687 0.0148 -0.7434
vn 0.6930 0.0042 -0.7209
vn 0.6636 0.0170 -0.7479
vn -0.9624 0.0366 -0.2693
vn -0.9459 0.0173 -0.3241
vn -0.9666 0.0424 -0.2527
vn -0.7794 0.5707 0.2583
vn 0.8304 0.5549 -0.0497
vn 0.8303 0.5550 -0.0498
vn -0.7831 0.5723 0.2434
vn -0.7831 0.5723 0.2435
vn -0.7830 0.5724 0.2434
vn 0.8270 0.5585 -0.0639
vn -0.7868 0.5733 0.2284
vn 0.8237 0.5617 -0.0783
vn 0.8237 0.5616 -0.0783
vn 0.8201 0.5647 -0.0929
vn 0.8200 0.5648 -0.0928
vn -0.7942 0.5744 0.1982
vn 0.8165 0.5673 -0.1077
vn 0.8164 0.5674 -0.1076
vn -0.8129 -0.5694 0.1227
vn 0.8091 0.5713 -0.1375
vn 0.8092 0.5713 -0.1376
vn 0.8091 0.5714 -0.1375
vn -0.8054 0.5727 0.1527
vn 0.8054 0.5727 -0.1526
vn -0.8092 0.5713 0.1376
vn 0.8092 -0.5713 -0.1376
vn 0.8092 -0.5712 -0.1376
vn 0.8092 -0.5711 -0.1377
vn -0.8128 0.5694 0.1226
vn 0.7981 0.5741 -0.1831
vn -0.9285 -0.0000 -0.3713
vn 0.7869 0.5733 -0.2285
vn 0.8273 -0.5581 -0.0634
vn 0.8272 -0.5583 -0.0635
vn 0.8273 -0.5582 -0.0635
vn 0.7832 0.5722 -0.2435
vn -0.8306 0.5547 0.0498
vn -0.8304 0.5549 0.0498
vn -0.7794 -0.5707 0.2583
vn -0.8372 0.5465 0.0223
vn -0.8371 0.5465 0.0223
vn -0.8370 0.5467 0.0223
vn 0.4511 -0.8401 -0.3012
vn -0.9559 -0.2765 0.0991
vn -0.9558 -0.2770 0.0991
vn 0.9479 0.0464 0.3150
vn 0.9669 0.0197 0.2543
vn -0.6768 0.0121 0.7361
vn -0.6587 0.0042 0.7524
vn 0.8370 0.5468 -0.0219
vn 0.8369 0.5469 -0.0218
vn -0.7759 0.5689 0.2728
vn -0.7759 0.5687 0.2729
vn 0.9465 -0.1584 -0.2813
vn 0.6690 0.0132 -0.7432
vn 0.7592 -0.0410 -0.6496
vn -0.9622 0.0371 -0.2698
vn -0.9463 0.0180 -0.3229
vn -0.9665 0.0430 -0.2530
vn 0.7757 -0.5691 -0.2728
vn 0.7758 -0.5690 -0.2727
vn 0.7756 -0.5691 -0.2729
vn -0.8373 -0.5463 0.0222
vn 0.8340 0.5506 -0.0361
vn 0.8338 0.5510 -0.0355
vn -0.7796 0.5706 0.2581
vn -0.7797 0.5705 0.2582
vn 0.6489 -0.0000 -0.7608
vn -0.9283 -0.0000 -0.3717
vn 0.7793 -0.5710 -0.2581
vn 0.7794 -0.5709 -0.2581
vn 0.7792 -0.5711 -0.2581
vn -0.8340 -0.5506 0.0358
vn 0.8306 0.5546 -0.0499
vn -0.7832 0.5721 0.2433
vn -0.7833 0.5721 0.2434
vn 0.7830 -0.5724 -0.2433
vn 0.7831 -0.5724 -0.2433
vn -0.8302 -0.5552 0.0498
vn -0.8303 -0.5551 0.0498
vn 0.8269 0.5587 -0.0636
vn -0.7870 0.5731 0.2284
vn 0.7868 -0.5734 -0.2283
vn 0.7869 -0.5733 -0.2283
vn 0.7868 -0.5735 -0.2283
vn -0.8272 -0.5582 0.0638
vn -0.8273 -0.5581 0.0638
vn 0.8235 0.5619 -0.0780
vn 0.8237 0.5616 -0.0782
vn -0.7908 0.5737 0.2133
vn -0.7907 0.5738 0.2133
vn -0.7908 0.5737 0.2134
vn 0.7905 -0.5742 -0.2133
vn 0.7905 -0.5741 -0.2132
vn 0.7904 -0.5743 -0.2132
vn -0.8237 -0.5616 0.0781
vn -0.8236 -0.5618 0.0780
vn 0.8199 0.5649 -0.0926
vn 0.8200 0.5648 -0.0926
vn 0.8200 0.5648 -0.0927
vn -0.7944 0.5741 0.1981
vn -0.7944 0.5742 0.1981
vn -0.7945 0.5741 0.1982
vn 0.7943 -0.5744 -0.1981
vn 0.7942 -0.5745 -0.1980
vn -0.8203 -0.5644 0.0928
vn -0.8202 -0.5645 0.0928
vn -0.8201 -0.5647 0.0926
vn 0.8164 0.5675 -0.1072
vn 0.8162 0.5677 -0.1071
vn 0.8163 0.5676 -0.1072
vn -0.7982 0.5739 0.1830
vn -0.7979 0.5743 0.1830
vn 0.7980 -0.5742 -0.1829
vn 0.7979 -0.5743 -0.1830
vn -0.8166 -0.5670 0.1076
vn -0.8166 -0.5671 0.1075
vn -0.8165 -0.5673 0.1073
vn 0.8130 0.5692 -0.1225
vn 0.8128 0.5695 -0.1223
vn -0.8020 0.5733 0.1678
vn -0.8019 0.5734 0.1677
vn -0.8020 0.5732 0.1678
vn 0.8017 -0.5737 -0.1677
vn 0.8018 -0.5736 -0.1677
vn -0.8127 -0.5697 0.1223
vn 0.8091 0.5714 -0.1373
vn -0.8057 0.5724 0.1526
vn -0.8057 0.5723 0.1527
vn 0.8055 -0.5727 -0.1526
vn 0.8055 -0.5726 -0.1525
vn 0.8054 -0.5727 -0.1526
vn -0.8094 -0.5710 0.1375
vn -0.8093 -0.5711 0.1374
vn -0.8092 -0.5712 0.1373
vn 0.8055 0.5727 -0.1525
vn -0.8094 0.5710 0.1375
vn -0.8093 0.5711 0.1374
vn -0.8094 0.5709 0.1375
vn 0.8091 -0.5713 -0.1374
vn 0.8092 -0.5712 -0.1374
vn 0.8091 -0.5715 -0.1371
vn -0.8055 -0.5727 0.1524
vn 0.8017 0.5738 -0.1676
vn -0.8127 0.5697 0.1225
vn -0.8128 0.5695 0.1224
vn -0.8127 0.5696 0.1226
vn 0.8128 -0.5696 -0.1224
vn 0.8127 -0.5696 -0.1225
vn -0.8019 -0.5734 0.1678
vn -0.8018 -0.5735 0.1677
vn -0.8017 -0.5737 0.1676
vn 0.7979 0.5744 -0.1827
vn 0.7978 0.5746 -0.1826
vn 0.7977 0.5747 -0.1825
vn -0.8167 0.5670 0.1076
vn -0.8166 0.5671 0.1075
vn -0.8167 0.5669 0.1077
vn 0.8165 -0.5673 -0.1075
vn 0.8166 -0.5672 -0.1075
vn 0.8164 -0.5674 -0.1074
vn -0.7982 -0.5739 0.1829
vn -0.7982 -0.5740 0.1829
vn -0.7981 -0.5741 0.1828
vn 0.7942 0.5746 -0.1979
vn 0.7942 0.5744 -0.1981
vn -0.8202 0.5644 0.0928
vn -0.8202 0.5645 0.0927
vn -0.8203 0.5644 0.0928
vn 0.8200 -0.5648 -0.0927
vn 0.8200 -0.5649 -0.0928
vn -0.7945 -0.5741 0.1982
vn -0.7944 -0.5742 0.1981
vn -0.7943 -0.5744 0.1980
vn 0.7904 0.5743 -0.2131
vn 0.7904 0.5744 -0.2131
vn -0.8237 0.5616 0.0781
vn -0.8238 0.5615 0.0783
vn 0.8235 -0.5619 -0.0781
vn 0.8236 -0.5618 -0.0781
vn 0.8235 -0.5620 -0.0780
vn -0.7907 -0.5739 0.2133
vn -0.7905 -0.5741 0.2131
vn 0.7868 0.5735 -0.2282
vn -0.8272 0.5582 0.0638
vn -0.8273 0.5581 0.0638
vn -0.8274 0.5579 0.0637
vn 0.8270 -0.5586 -0.0637
vn 0.8269 -0.5587 -0.0637
vn -0.7869 -0.5733 0.2283
vn -0.7868 -0.5735 0.2282
vn 0.7830 0.5725 -0.2432
vn -0.8306 0.5546 0.0497
vn -0.8307 0.5545 0.0497
vn -0.8309 0.5543 0.0496
vn 0.8304 -0.5550 -0.0496
vn 0.8307 -0.5545 -0.0497
vn 0.8305 -0.5547 -0.0498
vn -0.7832 -0.5721 0.2433
vn -0.7831 -0.5724 0.2432
vn 0.7793 0.5710 -0.2580
vn 0.7792 0.5712 -0.2579
vn -0.8340 0.5507 0.0358
vn -0.8340 0.5505 0.0358
vn -0.8342 0.5503 0.0357
vn 0.8338 -0.5509 -0.0357
vn -0.7796 -0.5706 0.2581
vn -0.7795 -0.5708 0.2580
vn 0.7757 0.5691 -0.2727
vn 0.7757 0.5691 -0.2728
vn -0.8373 0.5462 0.0222
vn -0.8375 0.5460 0.0221
vn -0.4510 -0.8401 -0.3014
vn -0.4511 -0.8401 -0.3014
vn 0.9558 -0.2766 0.0993
vn 0.9558 -0.2767 0.0993
vn 0.9558 -0.2768 0.0993
vn -0.6687 0.0148 -0.7434
vn -0.6930 0.0042 -0.7209
vn -0.7023 -0.0000 -0.7119
vn 0.9624 0.0366 -0.2692
vn 0.9458 0.0172 -0.3243
vn 0.9282 -0.0000 -0.3722
vn -0.8371 0.5466 -0.0222
vn -0.8370 0.5467 -0.0222
vn 0.7758 0.5689 0.2730
vn 0.7758 0.5688 0.2730
vn -0.9476 0.0456 0.3162
vn -0.9672 0.0188 0.2534
vn -0.9389 0.0557 0.3397
vn 0.6772 0.0120 0.7357
vn 0.6585 0.0040 0.7525
vn 0.6807 0.0135 0.7324
vn -0.7757 -0.5690 -0.2729
vn -0.7758 -0.5690 -0.2729
vn -0.7757 -0.5691 -0.2729
vn 0.8371 -0.5465 0.0223
vn 0.8371 -0.5466 0.0223
vn 0.8371 -0.5467 0.0223
vn -0.6490 -0.0000 -0.7608
vn -0.6491 -0.0000 -0.7607
vn 0.9283 -0.0000 -0.3717
vn -0.8338 0.5509 -0.0358
vn -0.8339 0.5508 -0.0358
vn 0.7795 0.5707 0.2583
vn -0.9283 -0.0000 0.3718
vn -0.9283 -0.0000 0.3719
vn 0.6490 -0.0000 0.7607
vn -0.7794 -0.5708 -0.2583
vn -0.7794 -0.5709 -0.2582
vn 0.8339 -0.5508 0.0359
vn 0.8338 -0.5509 0.0359
vn -0.6490 -0.0000 -0.7607
vn -0.8305 0.5547 -0.0498
vn -0.8305 0.5548 -0.0498
vn -0.8306 0.5547 -0.0497
vn 0.7832 0.5721 0.2435
vn 0.7832 0.5720 0.2435
vn -0.7830 -0.5724 -0.2434
vn -0.7831 -0.5723 -0.2435
vn 0.8305 -0.5548 0.0498
vn 0.8304 -0.5549 0.0498
vn -0.8271 0.5585 -0.0639
vn -0.8270 0.5585 -0.0639
vn -0.8271 0.5584 -0.0639
vn 0.7869 0.5733 0.2285
vn 0.7869 0.5732 0.2285
vn 0.7869 0.5732 0.2286
vn -0.7868 -0.5734 -0.2284
vn -0.7868 -0.5733 -0.2285
vn 0.8271 -0.5584 0.0640
vn 0.8271 -0.5585 0.0640
vn 0.9285 -0.0000 -0.3714
vn 0.9285 -0.0000 -0.3713
vn -0.8236 0.5617 -0.0783
vn -0.8237 0.5616 -0.0783
vn -0.8238 0.5615 -0.0784
vn 0.7907 0.5738 0.2135
vn 0.6491 -0.0000 0.7607
vn -0.7905 -0.5741 -0.2134
vn -0.7905 -0.5740 -0.2134
vn 0.8236 -0.5617 0.0783
vn 0.8236 -0.5617 0.0784
vn -0.8200 0.5647 -0.0928
vn -0.8201 0.5647 -0.0929
vn -0.8201 0.5646 -0.0930
vn 0.7943 0.5742 0.1983
vn 0.7943 0.5744 0.1981
vn 0.7944 0.5742 0.1984
vn -0.7942 -0.5744 -0.1982
vn -0.7943 -0.5743 -0.1983
vn 0.8201 -0.5646 0.0929
vn -0.8165 0.5672 -0.1076
vn -0.8165 0.5672 -0.1077
vn -0.8166 0.5671 -0.1077
vn 0.7981 0.5740 0.1831
vn 0.7982 0.5740 0.1831
vn 0.7982 0.5739 0.1832
vn -0.7981 -0.5741 -0.1830
vn -0.7981 -0.5740 -0.1831
vn -0.7980 -0.5742 -0.1830
vn 0.8166 -0.5671 0.1077
vn -0.8129 0.5694 -0.1225
vn -0.8129 0.5693 -0.1226
vn -0.8130 0.5692 -0.1227
vn 0.8019 0.5734 0.1679
vn 0.8019 0.5733 0.1680
vn -0.8017 -0.5737 -0.1678
vn -0.8017 -0.5736 -0.1679
vn 0.8129 -0.5694 0.1226
vn -0.8091 0.5713 -0.1375
vn -0.8091 0.5713 -0.1376
vn -0.8092 0.5711 -0.1377
vn 0.8055 0.5726 0.1528
vn 0.8058 0.5722 0.1524
vn 0.8058 0.5722 0.1525
vn -0.8055 -0.5726 -0.1527
vn -0.8055 -0.5725 -0.1527
vn -0.8055 -0.5726 -0.1526
vn 0.8093 -0.5711 0.1376
vn 0.8093 -0.5711 0.1377
vn -0.8055 0.5727 -0.1526
vn -0.8055 0.5726 -0.1527
vn -0.8056 0.5724 -0.1528
vn 0.8092 0.5712 0.1377
vn -0.8091 -0.5713 -0.1376
vn -0.8092 -0.5712 -0.1376
vn 0.8055 -0.5725 0.1527
vn 0.8055 -0.5726 0.1527
vn 0.9284 -0.0000 -0.3717
vn -0.8017 0.5737 -0.1678
vn -0.8018 0.5736 -0.1679
vn -0.8018 0.5735 -0.1680
vn 0.8129 0.5694 0.1226
vn -0.8129 -0.5694 -0.1225
vn -0.8129 -0.5693 -0.1226
vn 0.8019 -0.5734 0.1679
vn -0.7980 0.5742 -0.1831
vn -0.7980 0.5741 -0.1831
vn -0.7981 0.5740 -0.1832
vn 0.8165 0.5672 0.1077
vn 0.8165 0.5671 0.1077
vn 0.8166 0.5671 0.1077
vn -0.8165 -0.5673 -0.1076
vn -0.8165 -0.5672 -0.1076
vn -0.8164 -0.5673 -0.1076
vn 0.7981 -0.5740 0.1831
vn 0.7981 -0.5741 0.1831
vn -0.7943 0.5743 -0.1982
vn -0.7943 0.5743 -0.1983
vn -0.7944 0.5741 -0.1983
vn 0.8201 0.5646 0.0929
vn 0.8201 0.5646 0.0930
vn -0.8200 -0.5647 -0.0928
vn -0.8201 -0.5647 -0.0929
vn -0.8200 -0.5648 -0.0928
vn 0.7943 -0.5742 0.1983
vn -0.7905 0.5741 -0.2134
vn -0.7905 0.5740 -0.2134
vn -0.7906 0.5739 -0.2135
vn 0.8236 0.5617 0.0783
vn 0.8236 0.5617 0.0784
vn 0.8237 0.5616 0.0784
vn -0.8236 -0.5618 -0.0782
vn -0.8236 -0.5617 -0.0783
vn -0.8235 -0.5619 -0.0782
vn 0.7906 -0.5740 0.2135
vn 0.7906 -0.5739 0.2135
vn 0.7906 -0.5740 0.2134
vn 0.9282 -0.0000 -0.3720
vn -0.7868 0.5734 -0.2284
vn -0.7868 0.5733 -0.2285
vn -0.7869 0.5732 -0.2286
vn 0.8271 0.5583 0.0640
vn 0.8271 0.5584 0.0640
vn 0.8272 0.5583 0.0640
vn -0.8271 -0.5585 -0.0639
vn -0.8270 -0.5585 -0.0639
vn -0.8270 -0.5586 -0.0639
vn 0.7869 -0.5733 0.2285
vn 0.7869 -0.5732 0.2285
vn -0.7831 0.5722 -0.2434
vn -0.7832 0.5722 -0.2434
vn -0.7832 0.5720 -0.2435
vn 0.8306 0.5546 0.0498
vn 0.8306 0.5547 0.0498
vn -0.8306 -0.5547 -0.0497
vn -0.8306 -0.5546 -0.0497
vn 0.7832 -0.5721 0.2434
vn 0.7832 -0.5722 0.2434
vn 0.7832 -0.5721 0.2435
vn -0.6489 -0.0000 -0.7609
vn 0.9284 -0.0000 -0.3715
vn -0.7794 0.5709 -0.2582
vn -0.7793 0.5709 -0.2582
vn 0.8339 0.5507 0.0359
vn 0.8340 0.5507 0.0359
vn -0.8338 -0.5509 -0.0358
vn -0.8338 -0.5509 -0.0357
vn 0.7795 -0.5706 0.2583
vn 0.7795 -0.5707 0.2583
vn 0.7796 -0.5706 0.2583
vn -0.7758 0.5690 -0.2729
vn -0.7758 0.5689 -0.2729
vn 0.8373 0.5464 0.0223
vn 0.8373 0.5463 0.0223
vn 0.8372 0.5464 0.0223
vn -0.4510 -0.8401 -0.3013
vn -0.4513 -0.8399 -0.3014
vn 0.9558 -0.2767 0.0992
vn 0.9558 -0.2768 0.0992
vn 0.9557 -0.2770 0.0993
vn -0.6684 0.0146 -0.7436
vn -0.6935 0.0040 -0.7204
vn -0.7026 -0.0000 -0.7116
vn 0.9626 0.0361 -0.2684
vn 0.9456 0.0166 -0.3250
vn 0.9282 -0.0000 -0.3721
vn -0.8372 0.5464 -0.0223
vn -0.8372 0.5465 -0.0223
vn 0.7756 0.5691 0.2729
vn 0.7757 0.5691 0.2729
vn -0.9473 0.0449 0.3172
vn -0.9675 0.0180 0.2523
vn -0.9388 0.0546 0.3402
vn 0.6775 0.0118 0.7354
vn 0.6583 0.0038 0.7528
vn 0.6810 0.0133 0.7322
vn -0.7759 -0.5688 -0.2729
vn 0.8370 -0.5467 0.0221
vn 0.8370 -0.5468 0.0222
vn 0.8369 -0.5469 0.0222
vn -0.6492 -0.0000 -0.7606
vn -0.6492 -0.0000 -0.7607
vn -0.8340 0.5506 -0.0359
vn -0.8338 0.5509 -0.0357
vn 0.7793 0.5710 0.2582
vn 0.7794 0.5709 0.2583
vn 0.7794 0.5707 0.2583
vn -0.9283 -0.0000 0.3717
vn 0.6488 -0.0000 0.7609
vn -0.7795 -0.5706 -0.2583
vn -0.7796 -0.5706 -0.2583
vn 0.8338 -0.5509 0.0357
vn 0.8337 -0.5510 0.0358
vn 0.8336 -0.5512 0.0358
vn -0.8307 0.5545 -0.0498
vn -0.8306 0.5546 -0.0498
vn 0.7831 0.5723 0.2434
vn -0.7832 -0.5721 -0.2434
vn -0.7832 -0.5721 -0.2435
vn -0.7832 -0.5722 -0.2434
vn 0.8304 -0.5549 0.0496
vn 0.8304 -0.5550 0.0497
vn 0.8302 -0.5552 0.0497
vn -0.8272 0.5583 -0.0639
vn -0.8272 0.5582 -0.0639
vn 0.7867 0.5735 0.2284
vn 0.7867 0.5735 0.2285
vn 0.7868 0.5733 0.2286
vn -0.7870 -0.5731 -0.2285
vn 0.8271 -0.5584 0.0638
vn 0.8270 -0.5585 0.0638
vn 0.8269 -0.5587 0.0639
vn -0.6488 0.0001 -0.7610
vn -0.6488 0.0001 -0.7609
vn -0.6492 -0.0001 -0.7606
vn -0.8238 0.5615 -0.0783
vn -0.8238 0.5614 -0.0784
vn 0.7905 0.5740 0.2133
vn 0.7906 0.5740 0.2134
vn 0.7906 0.5739 0.2135
vn -0.7907 -0.5739 -0.2134
vn -0.7906 -0.5739 -0.2134
vn 0.8235 -0.5619 0.0782
vn 0.8236 -0.5618 0.0782
vn 0.8235 -0.5619 0.0781
vn -0.8202 0.5645 -0.0929
vn -0.8202 0.5644 -0.0929
vn -0.8203 0.5644 -0.0930
vn 0.7942 0.5744 0.1982
vn 0.7943 0.5743 0.1982
vn -0.7944 -0.5741 -0.1983
vn 0.8200 -0.5648 0.0927
vn 0.8201 -0.5647 0.0928
vn -0.8166 0.5671 -0.1076
vn -0.8166 0.5670 -0.1077
vn -0.8166 0.5670 -0.1078
vn 0.7982 0.5740 0.1830
vn 0.7982 0.5739 0.1830
vn 0.7983 0.5737 0.1831
vn -0.7982 -0.5740 -0.1831
vn -0.7982 -0.5739 -0.1831
vn 0.8164 -0.5674 0.1075
vn 0.8165 -0.5673 0.1076
vn -0.8130 0.5692 -0.1225
vn -0.8130 0.5692 -0.1226
vn -0.8130 0.5691 -0.1227
vn 0.8017 0.5737 0.1678
vn 0.8017 0.5736 0.1679
vn 0.8018 0.5735 0.1679
vn -0.9284 -0.0000 0.3717
vn -0.8019 -0.5734 -0.1679
vn 0.8128 -0.5695 0.1224
vn 0.8128 -0.5695 0.1225
vn 0.8128 -0.5696 0.1224
vn 0.9283 -0.0000 -0.3718
vn -0.8093 0.5711 -0.1376
vn -0.8093 0.5710 -0.1377
vn 0.8054 0.5727 0.1526
vn 0.8055 0.5727 0.1526
vn 0.8056 0.5725 0.1528
vn -0.8056 -0.5725 -0.1527
vn -0.8056 -0.5724 -0.1527
vn -0.8056 -0.5725 -0.1526
vn 0.8091 -0.5714 0.1375
vn 0.8091 -0.5713 0.1376
vn -0.8056 0.5724 -0.1527
vn -0.8057 0.5723 -0.1528
vn 0.8092 0.5713 0.1375
vn 0.8092 0.5712 0.1376
vn 0.8093 0.5711 0.1377
vn -0.9284 -0.0000 0.3716
vn 0.6490 0.0001 0.7608
vn -0.8093 -0.5710 -0.1376
vn -0.8093 -0.5711 -0.1375
vn 0.8055 -0.5727 0.1526
vn 0.8054 -0.5727 0.1526
vn -0.8019 0.5734 -0.1679
vn -0.8019 0.5733 -0.1680
vn 0.8128 0.5695 0.1224
vn 0.8128 0.5694 0.1225
vn 0.8129 0.5693 0.1227
vn -0.8130 -0.5693 -0.1225
vn -0.8130 -0.5692 -0.1226
vn -0.8129 -0.5693 -0.1225
vn 0.8017 -0.5737 0.1678
vn 0.8017 -0.5736 0.1679
vn -0.7981 0.5740 -0.1831
vn -0.7982 0.5739 -0.1831
vn -0.7982 0.5739 -0.1832
vn 0.8164 0.5674 0.1075
vn 0.8165 0.5673 0.1076
vn -0.8166 -0.5671 -0.1076
vn -0.8166 -0.5670 -0.1077
vn 0.7982 -0.5740 0.1829
vn 0.7982 -0.5739 0.1830
vn 0.7981 -0.5740 0.1829
vn -0.7944 0.5740 -0.1984
vn 0.8200 0.5648 0.0927
vn 0.8201 0.5647 0.0928
vn 0.8202 0.5645 0.0930
vn -0.8202 -0.5645 -0.0929
vn -0.8202 -0.5644 -0.0929
vn -0.8202 -0.5645 -0.0928
vn 0.7942 -0.5744 0.1982
vn 0.7943 -0.5743 0.1983
vn -0.7906 0.5739 -0.2134
vn -0.7907 0.5738 -0.2135
vn 0.8235 0.5619 0.0782
vn 0.8236 0.5618 0.0782
vn -0.8237 -0.5616 -0.0783
vn -0.8237 -0.5616 -0.0782
vn 0.7905 -0.5742 0.2133
vn 0.7905 -0.5741 0.2134
vn 0.7904 -0.5742 0.2133
vn -0.7869 0.5732 -0.2284
vn -0.7869 0.5732 -0.2285
vn -0.7870 0.5730 -0.2286
vn 0.8270 0.5585 0.0638
vn 0.8270 0.5586 0.0638
vn 0.8271 0.5584 0.0638
vn -0.8272 -0.5583 -0.0639
vn -0.8272 -0.5583 -0.0640
vn -0.8271 -0.5584 -0.0640
vn 0.7868 -0.5734 0.2284
vn 0.7868 -0.5734 0.2285
vn 0.7867 -0.5735 0.2283
vn -0.7833 0.5721 -0.2434
vn -0.7833 0.5720 -0.2435
vn -0.7833 0.5719 -0.2435
vn 0.8305 0.5548 0.0497
vn 0.8304 0.5549 0.0497
vn 0.8305 0.5547 0.0496
vn -0.8306 -0.5547 -0.0498
vn -0.8304 -0.5550 -0.0496
vn -0.8303 -0.5551 -0.0496
vn 0.7830 -0.5724 0.2434
vn 0.7831 -0.5723 0.2434
vn 0.7830 -0.5725 0.2433
vn -0.7795 0.5707 -0.2582
vn -0.7795 0.5707 -0.2583
vn -0.7796 0.5706 -0.2583
vn 0.8337 0.5510 0.0358
vn 0.8337 0.5511 0.0358
vn 0.8338 0.5509 0.0357
vn -0.8340 -0.5506 -0.0359
vn -0.8340 -0.5507 -0.0359
vn -0.8339 -0.5507 -0.0360
vn 0.7794 -0.5709 0.2582
vn 0.7795 -0.5708 0.2582
vn 0.7794 -0.5709 0.2581
vn -0.7759 0.5688 -0.2730
vn -0.7759 0.5687 -0.2730
vn 0.8370 0.5467 0.0221
vn 0.8370 0.5468 0.0222
vn 0.8371 0.5466 0.0221
vn -0.4511 -0.8401 -0.3013
vn 0.9559 -0.2765 0.0992
vn -0.6678 0.0143 -0.7442
vn -0.6934 0.0037 -0.7206
vn 0.9630 0.0356 -0.2671
vn 0.9455 0.0160 -0.3253
vn 0.9284 -0.0000 -0.3716
vn -0.8371 0.5466 -0.0221
vn 0.7759 0.5688 0.2728
vn -0.9469 0.0442 0.3185
vn -0.9676 0.0172 0.2518
vn -0.9385 0.0534 0.3411
vn 0.6780 0.0116 0.7350
vn 0.6584 0.0037 0.7527
vn 0.6814 0.0130 0.7318
vn -0.7758 -0.5690 -0.2728
vn -0.7758 -0.5689 -0.2728
vn 0.8372 -0.5464 0.0222
vn 0.8372 -0.5465 0.0222
vn 0.7795 0.5707 0.2581
vn 0.7796 0.5706 0.2582
vn -0.7795 -0.5707 -0.2581
vn -0.7795 -0.5707 -0.2582
vn -0.7795 -0.5708 -0.2581
vn 0.8340 -0.5506 0.0358
vn -0.8305 0.5547 -0.0497
vn 0.7833 0.5721 0.2433
vn 0.7833 0.5720 0.2433
vn 0.7833 0.5720 0.2434
vn -0.7831 -0.5723 -0.2433
vn 0.8306 -0.5547 0.0497
vn 0.8305 -0.5547 0.0497
vn -0.8271 0.5584 -0.0638
vn 0.7870 0.5732 0.2283
vn 0.7870 0.5732 0.2284
vn 0.7870 0.5731 0.2284
vn -0.7869 -0.5733 -0.2284
vn -0.7868 -0.5734 -0.2283
vn 0.8272 -0.5583 0.0638
vn 0.8272 -0.5583 0.0639
vn -0.8236 0.5618 -0.0782
vn -0.8236 0.5617 -0.0782
vn -0.8237 0.5617 -0.0782
vn 0.7907 0.5739 0.2133
vn 0.7907 0.5738 0.2133
vn -0.7906 -0.5740 -0.2133
vn 0.8237 -0.5616 0.0782
vn -0.8201 0.5647 -0.0928
vn -0.8201 0.5646 -0.0928
vn 0.7944 0.5742 0.1981
vn 0.7944 0.5741 0.1981
vn 0.7945 0.5741 0.1982
vn -0.7943 -0.5743 -0.1981
vn -0.7943 -0.5743 -0.1982
vn 0.8202 -0.5645 0.0928
vn 0.8202 -0.5646 0.0928
vn -0.8165 0.5672 -0.1075
vn 0.8166 -0.5671 0.1075
vn -0.8128 0.5695 -0.1224
vn -0.8129 0.5695 -0.1224
vn 0.8019 0.5735 0.1677
vn 0.8019 0.5734 0.1678
vn -0.8018 -0.5735 -0.1678
vn -0.8019 -0.5735 -0.1678
vn -0.8018 -0.5735 -0.1677
vn 0.8130 -0.5692 0.1225
vn -0.8092 0.5712 -0.1375
vn -0.8093 0.5711 -0.1375
vn 0.8056 0.5724 0.1526
vn 0.8057 0.5724 0.1526
vn 0.8057 0.5723 0.1526
vn -0.8055 -0.5725 -0.1526
vn 0.8093 -0.5710 0.1375
vn 0.8094 -0.5710 0.1375
vn -0.8055 0.5726 -0.1526
vn -0.8056 0.5725 -0.1526
vn 0.8093 0.5710 0.1375
vn 0.8094 0.5710 0.1375
vn 0.8094 0.5709 0.1375
vn 0.6489 -0.0000 0.7608
vn -0.8092 -0.5712 -0.1375
vn -0.8092 -0.5712 -0.1374
vn 0.8056 -0.5724 0.1526
vn 0.8057 -0.5724 0.1526
vn -0.8018 0.5735 -0.1678
vn -0.8019 0.5735 -0.1678
vn -0.8019 0.5734 -0.1678
vn 0.8130 0.5692 0.1225
vn 0.8131 0.5692 0.1225
vn -0.8128 -0.5695 -0.1224
vn -0.8129 -0.5695 -0.1224
vn 0.8019 -0.5735 0.1677
vn 0.8019 -0.5734 0.1678
vn -0.7981 0.5741 -0.1830
vn 0.8166 0.5671 0.1075
vn 0.8167 0.5670 0.1076
vn -0.8165 -0.5672 -0.1075
vn -0.8165 -0.5673 -0.1075
vn 0.7982 -0.5740 0.1830
vn -0.7944 0.5742 -0.1981
vn -0.7944 0.5741 -0.1982
vn 0.8203 0.5644 0.0928
vn -0.8201 -0.5647 -0.0928
vn 0.7944 -0.5742 0.1981
vn 0.7944 -0.5741 0.1981
vn -0.7906 0.5740 -0.2133
vn 0.8237 0.5616 0.0782
vn 0.8237 0.5615 0.0782
vn -0.8236 -0.5617 -0.0782
vn -0.8236 -0.5618 -0.0781
vn 0.7907 -0.5739 0.2133
vn 0.8272 0.5583 0.0638
vn -0.8271 -0.5584 -0.0638
vn 0.7870 -0.5731 0.2284
vn -0.7832 0.5722 -0.2433
vn -0.7832 0.5721 -0.2434
vn 0.8307 0.5546 0.0497
vn 0.8306 0.5546 0.0497
vn 0.8307 0.5545 0.0497
vn -0.8306 -0.5546 -0.0498
vn -0.8307 -0.5545 -0.0499
vn -0.8305 -0.5549 -0.0496
vn 0.7832 -0.5722 0.2433
vn 0.7832 -0.5721 0.2433
vn -0.7794 0.5708 -0.2582
vn -0.7795 0.5708 -0.2582
vn 0.8336 0.5512 0.0358
vn 0.8338 0.5509 0.0358
vn -0.8339 -0.5508 -0.0357
vn 0.7796 -0.5707 0.2582
vn 0.7796 -0.5706 0.2582
vn 0.7795 -0.5707 0.2582
vn 0.8372 0.5464 0.0222
vn 0.8372 0.5465 0.0222
vn -0.9283 -0.0001 0.3718
vn -0.4511 -0.8400 -0.3014
vn 0.9560 -0.2761 0.0991
vn 0.9559 -0.2764 0.0992
vn 0.9559 -0.2764 0.0991
vn -0.6674 0.0140 -0.7446
vn -0.6935 0.0036 -0.7204
vn 0.9633 0.0351 -0.2663
vn 0.9452 0.0154 -0.3261
vn -0.9466 0.0434 0.3196
vn -0.9679 0.0164 0.2509
vn -0.9384 0.0523 0.3417
vn 0.6783 0.0115 0.7347
vn 0.6581 0.0035 0.7529
vn 0.6816 0.0129 0.7316
vn -0.7797 -0.5705 -0.2581
vn 0.8304 -0.5550 0.0493
vn -0.8270 0.5585 -0.0638
vn -0.8270 0.5586 -0.0639
vn 0.7868 0.5733 0.2285
vn -0.7869 -0.5733 -0.2285
vn 0.8272 -0.5583 0.0640
vn 0.8271 -0.5583 0.0640
vn -0.8237 0.5616 -0.0784
vn 0.7906 0.5740 0.2135
vn -0.8201 0.5646 -0.0929
vn -0.8202 0.5645 -0.0930
vn 0.7944 0.5741 0.1983
vn 0.7945 0.5740 0.1984
vn 0.8201 -0.5647 0.0929
vn -0.8165 0.5673 -0.1076
vn 0.7981 0.5741 0.1831
vn 0.7981 0.5740 0.1832
vn -0.7980 -0.5742 -0.1831
vn -0.7980 -0.5741 -0.1831
vn 0.8165 -0.5672 0.1077
vn 0.8020 0.5734 0.1675
vn 0.8020 0.5734 0.1676
vn 0.8019 0.5734 0.1680
vn 0.8129 -0.5694 0.1223
vn 0.8130 -0.5694 0.1221
vn 0.8129 -0.5694 0.1221
vn -0.6488 -0.0000 -0.7610
vn -0.8092 0.5712 -0.1376
vn 0.8056 0.5724 0.1528
vn 0.8092 -0.5711 0.1376
vn -0.8055 0.5725 -0.1527
vn 0.8093 0.5711 0.1376
vn 0.8093 0.5710 0.1377
vn -0.8092 -0.5711 -0.1376
vn -0.8092 -0.5713 -0.1375
vn 0.8056 -0.5725 0.1528
vn 0.8055 -0.5725 0.1528
vn 0.8018 -0.5735 0.1679
vn 0.8166 0.5671 0.1078
vn -0.7942 0.5744 -0.1982
vn -0.7944 0.5741 -0.1984
vn -0.7830 0.5724 -0.2434
vn -0.7831 0.5723 -0.2435
vn -0.7831 0.5722 -0.2435
vn 0.8305 0.5548 0.0498
vn -0.8305 -0.5549 -0.0497
vn -0.8307 -0.5544 -0.0498
vn -0.8306 -0.5546 -0.0499
vn 0.7831 -0.5722 0.2435
vn 0.7831 -0.5723 0.2435
vn -0.7794 0.5708 -0.2583
vn -0.7795 0.5707 -0.2584
vn 0.8339 0.5508 0.0359
vn -0.8337 -0.5510 -0.0359
vn 0.7794 -0.5707 0.2583
vn -0.7759 0.5688 -0.2729
vn 0.8371 0.5465 0.0223
vn 0.8371 0.5466 0.0223
vn -0.4515 -0.8399 -0.3013
vn -0.4517 -0.8397 -0.3014
vn -0.4514 -0.8399 -0.3013
vn -0.6672 0.0138 -0.7447
vn -0.6940 0.0034 -0.7199
vn 0.9635 0.0348 -0.2653
vn 0.9450 0.0149 -0.3267
vn 0.9283 0.0001 -0.3718
vn 0.7757 0.5690 0.2729
vn -0.9463 0.0428 0.3204
vn -0.9681 0.0157 0.2500
vn -0.9382 0.0512 0.3422
vn 0.6786 0.0114 0.7345
vn 0.6578 0.0034 0.7531
vn 0.6819 0.0127 0.7313
vn -0.7759 -0.5687 -0.2729
vn -0.7758 -0.5689 -0.2729
vn 0.8369 -0.5470 0.0222
vn -0.6488 -0.0000 -0.7609
vn -0.6487 -0.0000 -0.7611
vn -0.8339 0.5507 -0.0359
vn -0.8339 0.5508 -0.0359
vn 0.7793 0.5709 0.2583
vn 0.7794 0.5707 0.2584
vn -0.7796 -0.5706 -0.2582
vn -0.7796 -0.5705 -0.2583
vn 0.8338 -0.5509 0.0358
vn 0.8337 -0.5511 0.0359
vn 0.8307 -0.5545 0.0495
vn 0.8305 -0.5548 0.0496
vn -0.8272 0.5583 -0.0640
vn 0.7868 0.5734 0.2284
vn -0.7869 -0.5732 -0.2284
vn 0.8271 -0.5585 0.0638
vn 0.8270 -0.5586 0.0639
vn 0.8269 -0.5588 0.0639
vn 0.7908 0.5738 0.2131
vn 0.7908 0.5736 0.2134
vn -0.7906 -0.5740 -0.2134
vn -0.8203 0.5643 -0.0930
vn 0.7943 0.5743 0.1983
vn 0.7944 0.5741 0.1984
vn -0.7944 -0.5742 -0.1983
vn 0.8200 -0.5647 0.0927
vn -0.8167 0.5669 -0.1078
vn 0.7980 0.5742 0.1830
vn 0.7980 0.5741 0.1831
vn -0.7981 -0.5740 -0.1830
vn 0.8164 -0.5673 0.1075
vn -0.8130 0.5693 -0.1225
vn -0.8131 0.5691 -0.1227
vn 0.8018 0.5736 0.1679
vn 0.8018 0.5735 0.1680
vn -0.8018 -0.5735 -0.1679
vn 0.8129 -0.5694 0.1225
vn 0.8054 0.5728 0.1526
vn 0.8054 0.5727 0.1527
vn -0.8056 -0.5724 -0.1528
vn 0.8092 -0.5713 0.1375
vn 0.8092 -0.5712 0.1376
vn 0.8091 -0.5713 0.1374
vn -0.8054 0.5729 -0.1524
vn -0.8054 0.5727 -0.1525
vn 0.8091 0.5713 0.1375
vn 0.8091 0.5713 0.1376
vn 0.8092 0.5711 0.1377
vn -0.8093 -0.5711 -0.1376
vn 0.8054 -0.5728 0.1525
vn 0.8129 0.5694 0.1225
vn 0.8130 0.5692 0.1227
vn 0.8018 -0.5736 0.1679
vn -0.7982 0.5738 -0.1832
vn 0.8164 0.5673 0.1075
vn -0.8164 -0.5674 -0.1075
vn 0.7980 -0.5742 0.1830
vn 0.7980 -0.5741 0.1831
vn 0.7979 -0.5743 0.1830
vn -0.7945 0.5740 -0.1984
vn 0.8200 0.5647 0.0927
vn -0.8202 -0.5646 -0.0928
vn 0.7943 -0.5743 0.1982
vn -0.8237 -0.5617 -0.0782
vn 0.7905 -0.5741 0.2133
vn -0.7869 0.5733 -0.2285
vn 0.8269 0.5587 0.0638
vn 0.8271 0.5584 0.0637
vn -0.8272 -0.5582 -0.0639
vn -0.7830 0.5725 -0.2433
vn -0.7832 0.5721 -0.2435
vn 0.8304 0.5549 0.0496
vn 0.8304 0.5550 0.0497
vn 0.8305 0.5548 0.0496
vn -0.8305 -0.5547 -0.0498
vn -0.8305 -0.5548 -0.0498
vn -0.7795 0.5706 -0.2582
vn -0.7797 0.5704 -0.2583
vn 0.8339 0.5508 0.0358
vn -0.8339 -0.5508 -0.0356
vn -0.8338 -0.5509 -0.0356
vn -0.8337 -0.5510 -0.0356
vn 0.7793 -0.5709 0.2582
vn 0.7794 -0.5708 0.2583
vn 0.7793 -0.5710 0.2582
vn 0.8371 0.5467 0.0221
vn -0.4514 -0.8399 -0.3014
vn 0.9559 -0.2766 0.0992
vn 0.9559 -0.2763 0.0993
vn 0.9559 -0.2764 0.0990
vn -0.6666 0.0135 -0.7453
vn -0.6939 0.0032 -0.7201
vn 0.9638 0.0342 -0.2644
vn 0.9448 0.0144 -0.3273
vn -0.8373 0.5464 -0.0222
vn -0.8373 0.5463 -0.0222
vn -0.8372 0.5465 -0.0222
vn 0.7759 0.5689 0.2728
vn 0.7758 0.5689 0.2728
vn 0.7757 0.5691 0.2727
vn -0.9461 0.0421 0.3212
vn -0.9684 0.0150 0.2490
vn -0.9382 0.0502 0.3426
vn 0.6788 0.0112 0.7342
vn 0.6577 0.0033 0.7533
vn 0.6821 0.0125 0.7312
vn -0.7759 -0.5688 -0.2728
vn -0.7759 -0.5689 -0.2728
vn 0.8371 -0.5466 0.0221
vn 0.8371 -0.5465 0.0221
vn 0.8373 -0.5463 0.0220
vn -0.8339 0.5507 -0.0358
vn -0.8340 0.5506 -0.0358
vn 0.7794 0.5708 0.2582
vn 0.7794 0.5709 0.2581
vn 0.7793 0.5711 0.2580
vn -0.9284 -0.0000 0.3715
vn -0.7796 -0.5705 -0.2582
vn 0.8339 -0.5508 0.0357
vn 0.8340 -0.5506 0.0357
vn -0.8306 0.5546 -0.0497
vn -0.8307 0.5545 -0.0497
vn 0.7832 0.5722 0.2433
vn 0.7831 0.5723 0.2433
vn 0.7831 0.5724 0.2432
vn -0.7832 -0.5721 -0.2433
vn -0.7832 -0.5722 -0.2433
vn -0.7833 -0.5720 -0.2434
vn -0.8273 0.5582 -0.0638
vn 0.7869 0.5733 0.2284
vn 0.7868 0.5734 0.2283
vn 0.7868 0.5735 0.2282
vn -0.7870 -0.5731 -0.2284
vn -0.7869 -0.5732 -0.2283
vn 0.8273 -0.5581 0.0637
vn -0.8237 0.5616 -0.0782
vn -0.8237 0.5616 -0.0781
vn -0.8236 0.5618 -0.0780
vn 0.7906 0.5740 0.2133
vn 0.7905 0.5741 0.2132
vn 0.7904 0.5743 0.2131
vn -0.7907 -0.5738 -0.2133
vn -0.7906 -0.5739 -0.2133
vn -0.7907 -0.5738 -0.2134
vn 0.8236 -0.5617 0.0782
vn 0.8236 -0.5618 0.0781
vn -0.8202 0.5645 -0.0928
vn -0.8201 0.5646 -0.0927
vn -0.8200 0.5648 -0.0926
vn 0.7943 0.5743 0.1981
vn 0.7942 0.5745 0.1980
vn -0.7944 -0.5741 -0.1982
vn -0.7944 -0.5742 -0.1981
vn -0.7945 -0.5740 -0.1982
vn 0.8201 -0.5646 0.0928
vn -0.8166 0.5670 -0.1076
vn -0.8166 0.5671 -0.1075
vn -0.8165 0.5673 -0.1073
vn 0.7981 0.5741 0.1830
vn 0.7980 0.5742 0.1829
vn 0.7979 0.5744 0.1828
vn -0.7982 -0.5739 -0.1830
vn -0.7981 -0.5740 -0.1829
vn 0.8165 -0.5672 0.1075
vn 0.8165 -0.5673 0.1075
vn 0.8165 -0.5672 0.1076
vn -0.8129 0.5694 -0.1224
vn -0.8128 0.5696 -0.1222
vn 0.8018 0.5736 0.1678
vn 0.8017 0.5737 0.1677
vn 0.8017 0.5738 0.1676
vn -0.8020 -0.5733 -0.1678
vn -0.8019 -0.5734 -0.1677
vn -0.8020 -0.5732 -0.1678
vn 0.8129 -0.5693 0.1225
vn 0.8129 -0.5694 0.1224
vn 0.8130 -0.5693 0.1225
vn -0.8093 0.5710 -0.1375
vn -0.8091 0.5713 -0.1373
vn 0.8055 0.5726 0.1526
vn 0.8055 0.5727 0.1525
vn 0.8054 0.5728 0.1524
vn -0.8056 -0.5724 -0.1526
vn -0.8056 -0.5725 -0.1525
vn -0.8057 -0.5724 -0.1526
vn 0.8092 -0.5712 0.1375
vn -0.8054 0.5727 -0.1524
vn 0.8091 0.5713 0.1374
vn 0.8090 0.5715 0.1373
vn -0.8094 -0.5710 -0.1375
vn -0.8093 -0.5711 -0.1374
vn -0.8094 -0.5709 -0.1376
vn 0.8055 -0.5725 0.1526
vn 0.8055 -0.5726 0.1525
vn 0.8056 -0.5725 0.1527
vn -0.8020 0.5733 -0.1678
vn -0.8019 0.5734 -0.1677
vn -0.8019 0.5735 -0.1676
vn 0.8129 0.5693 0.1225
vn 0.8129 0.5694 0.1224
vn 0.8128 0.5696 0.1222
vn -0.8129 -0.5694 -0.1224
vn 0.8018 -0.5736 0.1678
vn 0.8017 -0.5737 0.1677
vn -0.7982 0.5739 -0.1830
vn -0.7981 0.5740 -0.1829
vn -0.7981 0.5742 -0.1828
vn 0.8165 0.5672 0.1075
vn 0.8165 0.5673 0.1075
vn 0.8164 0.5674 0.1073
vn 0.6492 -0.0000 0.7607
vn -0.8166 -0.5670 -0.1076
vn -0.8166 -0.5671 -0.1075
vn -0.8167 -0.5670 -0.1076
vn 0.7981 -0.5741 0.1830
vn 0.7980 -0.5742 0.1829
vn -0.7943 0.5743 -0.1980
vn 0.8199 0.5649 0.0925
vn -0.8201 -0.5646 -0.0927
vn 0.7943 -0.5743 0.1981
vn 0.7943 -0.5744 0.1981
vn 0.7943 -0.5742 0.1982
vn -0.7908 0.5737 -0.2133
vn -0.7907 0.5738 -0.2133
vn -0.7906 0.5740 -0.2131
vn 0.8236 0.5617 0.0781
vn 0.8236 0.5619 0.0780
vn -0.8237 -0.5616 -0.0781
vn -0.8238 -0.5615 -0.0783
vn 0.7906 -0.5740 0.2133
vn 0.7905 -0.5741 0.2132
vn -0.7870 0.5731 -0.2284
vn -0.7869 0.5732 -0.2283
vn -0.7869 0.5734 -0.2282
vn 0.8271 0.5585 0.0638
vn -0.8273 -0.5582 -0.0638
vn -0.8274 -0.5579 -0.0637
vn 0.7869 -0.5733 0.2284
vn 0.7868 -0.5734 0.2283
vn -0.7832 0.5721 -0.2433
vn -0.7831 0.5724 -0.2432
vn -0.8308 -0.5544 -0.0496
vn 0.7831 -0.5723 0.2433
vn 0.7831 -0.5724 0.2433
vn -0.7796 0.5706 -0.2582
vn -0.7795 0.5707 -0.2581
vn -0.7794 0.5709 -0.2580
vn 0.8339 0.5508 0.0357
vn 0.8338 0.5510 0.0358
vn -0.8339 -0.5507 -0.0358
vn -0.8340 -0.5506 -0.0358
vn -0.8341 -0.5504 -0.0357
vn 0.7794 -0.5708 0.2582
vn -0.7759 0.5688 -0.2728
vn -0.7759 0.5689 -0.2728
vn -0.7758 0.5690 -0.2727
vn 0.8371 0.5465 0.0221
vn -0.4512 -0.8400 -0.3014
vn -0.6661 0.0132 -0.7457
vn -0.6939 0.0030 -0.7201
vn -0.7021 -0.0001 -0.7121
vn 0.9640 0.0338 -0.2638
vn 0.9445 0.0139 -0.3282
vn 0.9283 -0.0000 -0.3719
vn -0.8372 0.5464 -0.0222
vn 0.7758 0.5688 0.2729
vn 0.7759 0.5688 0.2730
vn 0.7759 0.5687 0.2730
vn -0.9457 0.0414 0.3225
vn -0.9685 0.0144 0.2487
vn -0.9379 0.0492 0.3435
vn 0.6793 0.0111 0.7338
vn 0.6577 0.0032 0.7532
vn 0.6825 0.0124 0.7307
vn 0.8371 -0.5466 0.0222
vn 0.8370 -0.5468 0.0223
vn 0.7795 0.5707 0.2582
vn 0.7796 0.5705 0.2583
vn -0.8307 0.5546 -0.0497
vn 0.7832 0.5722 0.2434
vn -0.7831 -0.5723 -0.2434
vn 0.8305 -0.5548 0.0497
vn 0.8304 -0.5549 0.0497
vn 0.8304 -0.5550 0.0498
vn -0.8272 0.5583 -0.0638
vn 0.7869 0.5731 0.2286
vn 0.8271 -0.5585 0.0639
vn 0.8270 -0.5585 0.0639
vn 0.7905 0.5740 0.2134
vn -0.7907 -0.5739 -0.2133
vn 0.8237 -0.5616 0.0783
vn -0.7944 -0.5742 -0.1982
vn -0.8163 0.5675 -0.1075
vn 0.7982 0.5738 0.1832
vn -0.7979 -0.5744 -0.1827
vn -0.7980 -0.5743 -0.1828
vn -0.7978 -0.5746 -0.1825
vn 0.8165 -0.5671 0.1077
vn -0.8129 0.5693 -0.1225
vn -0.8128 0.5695 -0.1225
vn -0.8018 -0.5736 -0.1678
vn -0.8017 -0.5737 -0.1677
vn -0.8093 0.5710 -0.1376
vn -0.8094 0.5709 -0.1377
vn 0.8055 0.5725 0.1527
vn 0.8056 0.5725 0.1527
vn -0.8018 0.5736 -0.1678
vn 0.8128 0.5695 0.1225
vn 0.8129 0.5693 0.1226
vn 0.8018 -0.5735 0.1678
vn -0.7979 0.5744 -0.1827
vn -0.7981 0.5741 -0.1828
vn -0.8166 -0.5671 -0.1077
vn -0.7944 0.5742 -0.1982
vn 0.8201 0.5646 0.0928
vn 0.8202 0.5644 0.0930
vn -0.7907 0.5738 -0.2134
vn -0.7908 0.5736 -0.2135
vn 0.8237 0.5616 0.0783
vn 0.8238 0.5615 0.0784
vn 0.7905 -0.5740 0.2134
vn -0.7868 0.5733 -0.2284
vn -0.7869 0.5731 -0.2286
vn 0.8271 0.5585 0.0639
vn 0.8270 0.5585 0.0639
vn -0.8272 -0.5583 -0.0638
vn -0.8271 -0.5584 -0.0639
vn -0.8305 -0.5547 -0.0497
vn -0.8305 -0.5548 -0.0497
vn -0.8303 -0.5550 -0.0498
vn 0.7833 -0.5721 0.2433
vn -0.8337 -0.5510 -0.0354
vn -0.8336 -0.5512 -0.0356
vn -0.7760 0.5687 -0.2730
vn 0.8371 0.5466 0.0222
vn 0.8371 0.5465 0.0222
vn -0.4515 -0.8398 -0.3013
vn 0.9558 -0.2769 0.0993
vn -0.6659 0.0131 -0.7459
vn -0.6941 0.0029 -0.7199
vn 0.9642 0.0334 -0.2632
vn 0.9442 0.0134 -0.3290
vn -0.9454 0.0408 0.3232
vn -0.9687 0.0139 0.2478
vn -0.9378 0.0483 0.3438
vn 0.6795 0.0110 0.7336
vn 0.6576 0.0031 0.7534
vn 0.6827 0.0122 0.7306
vn -0.7758 -0.5688 -0.2730
vn -0.7759 -0.5688 -0.2730
vn 0.8374 -0.5462 0.0220
vn 0.8372 -0.5464 0.0221
vn 0.7794 0.5709 0.2582
vn 0.7794 0.5708 0.2583
vn 0.7795 0.5707 0.2584
vn -0.7795 -0.5707 -0.2583
vn -0.7831 -0.5722 -0.2434
vn -0.7869 -0.5732 -0.2285
vn 0.7905 0.5741 0.2133
vn 0.8237 -0.5617 0.0783
vn -0.8202 0.5644 -0.0930
vn -0.7945 -0.5740 -0.1983
vn 0.8018 0.5734 0.1680
vn 0.8055 0.5726 0.1527
vn 0.8055 -0.5726 0.1526
vn -0.8128 -0.5695 -0.1225
vn -0.7982 0.5740 -0.1831
vn 0.8165 0.5672 0.1076
vn -0.8164 -0.5674 -0.1076
vn 0.7982 -0.5739 0.1829
vn -0.7945 0.5741 -0.1982
vn -0.7945 0.5740 -0.1983
vn -0.7946 0.5739 -0.1984
vn -0.8202 -0.5646 -0.0929
vn -0.8201 -0.5646 -0.0928
vn 0.7942 -0.5745 0.1981
vn -0.7907 0.5737 -0.2134
vn 0.8236 0.5617 0.0782
vn 0.8237 0.5617 0.0783
vn -0.7870 0.5731 -0.2285
vn 0.8270 0.5586 0.0639
vn 0.7868 -0.5733 0.2285
vn -0.8307 -0.5546 -0.0498
vn -0.8305 -0.5547 -0.0499
vn -0.7795 0.5706 -0.2583
vn -0.7796 0.5705 -0.2583
vn -0.8339 -0.5507 -0.0359
vn -0.8338 -0.5509 -0.0359
vn 0.8372 0.5465 0.0221
vn 0.9558 -0.2767 0.0991
vn 0.9559 -0.2766 0.0991
vn 0.9559 -0.2765 0.0990
vn -0.6656 0.0128 -0.7462
vn -0.6943 0.0028 -0.7197
vn 0.9645 0.0329 -0.2621
vn 0.9442 0.0129 -0.3292
vn 0.7758 0.5690 0.2728
vn 0.7757 0.5691 0.2728
vn 0.7757 0.5692 0.2727
vn -0.9452 0.0402 0.3240
vn -0.9688 0.0134 0.2473
vn -0.9377 0.0474 0.3442
vn 0.6798 0.0109 0.7333
vn 0.6574 0.0029 0.7536
vn 0.6830 0.0120 0.7304
vn -0.7757 -0.5690 -0.2730
vn 0.8371 -0.5465 0.0222
vn 0.8374 -0.5462 0.0221
vn -0.8340 0.5507 -0.0358
vn -0.8340 0.5505 -0.0358
vn -0.8337 0.5510 -0.0360
vn 0.7795 0.5708 0.2581
vn 0.7794 0.5709 0.2580
vn -0.7833 -0.5721 -0.2434
vn 0.8305 -0.5549 0.0496
vn 0.8307 -0.5546 0.0495
vn -0.8272 0.5582 -0.0638
vn 0.7867 0.5735 0.2282
vn -0.7869 -0.5733 -0.2283
vn 0.8271 -0.5584 0.0637
vn 0.8272 -0.5583 0.0637
vn -0.8237 0.5617 -0.0781
vn -0.7908 -0.5737 -0.2133
vn -0.7905 -0.5741 -0.2133
vn 0.8236 -0.5617 0.0781
vn -0.8203 0.5644 -0.0928
vn -0.8201 0.5647 -0.0926
vn 0.7943 0.5744 0.1980
vn -0.7945 -0.5741 -0.1982
vn 0.8166 -0.5672 0.1076
vn -0.8128 0.5696 -0.1223
vn 0.8016 0.5738 0.1676
vn 0.8127 -0.5696 0.1226
vn -0.8094 0.5710 -0.1375
vn -0.8093 0.5711 -0.1374
vn -0.8092 0.5712 -0.1373
vn 0.8055 0.5725 0.1526
vn 0.8055 0.5726 0.1525
vn -0.8057 -0.5723 -0.1527
vn 0.8092 -0.5712 0.1374
vn 0.8093 -0.5711 0.1375
vn -0.8057 0.5724 -0.1526
vn -0.8055 0.5727 -0.1524
vn 0.8092 0.5712 0.1375
vn 0.8092 0.5712 0.1374
vn 0.8091 0.5714 0.1373
vn -0.8018 0.5735 -0.1676
vn -0.7980 0.5742 -0.1828
vn -0.7943 0.5744 -0.1980
vn -0.7906 0.5740 -0.2132
vn 0.8235 0.5619 0.0780
vn -0.8237 -0.5617 -0.0781
vn -0.7869 0.5733 -0.2283
vn -0.7868 0.5735 -0.2282
vn 0.6488 -0.0000 0.7610
vn -0.8272 -0.5582 -0.0638
vn -0.8274 -0.5580 -0.0637
vn -0.8305 -0.5547 -0.0496
vn 0.7834 -0.5718 0.2436
vn -0.7795 0.5708 -0.2581
vn 0.8338 0.5508 0.0357
vn -0.8340 -0.5507 -0.0358
vn -0.8340 -0.5505 -0.0358
vn -0.8342 -0.5503 -0.0357
vn -0.7760 0.5687 -0.2728
vn -0.7759 0.5689 -0.2727
vn 0.8372 0.5464 0.0221
vn -0.6654 0.0126 -0.7464
vn -0.6946 0.0027 -0.7194
vn -0.7021 -0.0000 -0.7121
vn 0.9647 0.0325 -0.2614
vn 0.9439 0.0125 -0.3300
vn -0.8370 0.5467 -0.0221
vn -0.8372 0.5465 -0.0221
vn 0.7755 0.5693 0.2730
vn 0.7758 0.5689 0.2729
vn -0.9449 0.0395 0.3251
vn -0.9691 0.0126 0.2465
vn -0.9373 0.0466 0.3453
vn 0.6805 0.0104 0.7327
vn 0.6574 0.0026 0.7535
vn 0.6831 0.0110 0.7302
vn -0.7758 -0.5690 -0.2727
vn 0.8370 -0.5468 0.0214
vn -0.8339 0.5508 -0.0357
vn -0.8340 0.5507 -0.0357
vn -0.9282 -0.0000 0.3721
vn -0.9282 -0.0000 0.3720
vn -0.7794 -0.5708 -0.2582
vn -0.7794 -0.5709 -0.2581
vn 0.8337 -0.5511 0.0350
vn -0.8306 0.5547 -0.0496
vn -0.8305 0.5548 -0.0497
vn -0.8306 0.5546 -0.0496
vn 0.7827 0.5728 0.2434
vn -0.7831 -0.5724 -0.2433
vn -0.7830 -0.5725 -0.2433
vn 0.8305 -0.5549 0.0497
vn 0.7863 0.5741 0.2285
vn 0.7868 0.5733 0.2284
vn -0.7868 -0.5735 -0.2283
vn 0.8271 -0.5584 0.0639
vn -0.8236 0.5618 -0.0781
vn 0.7906 0.5739 0.2134
vn -0.7906 -0.5741 -0.2132
vn 0.8235 -0.5620 0.0775
vn -0.6487 -0.0000 -0.7610
vn -0.8201 0.5647 -0.0927
vn -0.8202 0.5646 -0.0928
vn 0.7940 0.5747 0.1982
vn 0.7943 0.5742 0.1982
vn -0.7943 -0.5744 -0.1981
vn 0.8200 -0.5649 0.0920
vn 0.8200 -0.5647 0.0929
vn -0.8165 0.5673 -0.1075
vn -0.8166 0.5672 -0.1076
vn 0.7980 0.5741 0.1830
vn -0.7980 -0.5743 -0.1829
vn 0.8163 -0.5677 0.1064
vn 0.8164 -0.5673 0.1077
vn 0.8021 0.5731 0.1677
vn -0.8019 -0.5734 -0.1678
vn -0.8018 -0.5736 -0.1677
vn 0.8128 -0.5697 0.1216
vn -0.8092 0.5713 -0.1375
vn 0.8050 0.5733 0.1526
vn -0.8055 -0.5727 -0.1525
vn -0.8054 -0.5728 -0.1525
vn 0.8091 -0.5716 0.1367
vn -0.8055 0.5727 -0.1525
vn 0.8088 0.5718 0.1375
vn -0.8091 -0.5713 -0.1374
vn 0.8056 -0.5724 0.1525
vn 0.8056 -0.5727 0.1517
vn 0.8056 -0.5725 0.1526
vn -0.8018 0.5735 -0.1677
vn -0.8020 0.5732 -0.1680
vn 0.8124 0.5701 0.1224
vn 0.8018 -0.5736 0.1675
vn -0.7980 0.5742 -0.1830
vn -0.7981 0.5740 -0.1830
vn 0.8158 0.5682 0.1074
vn -0.8166 -0.5672 -0.1076
vn -0.8164 -0.5674 -0.1074
vn 0.7981 -0.5740 0.1830
vn 0.8196 0.5654 0.0927
vn 0.8201 0.5647 0.0927
vn -0.8201 -0.5647 -0.0927
vn -0.8200 -0.5648 -0.0926
vn 0.7942 -0.5746 0.1977
vn -0.7906 0.5739 -0.2133
vn 0.8235 0.5620 0.0774
vn -0.8235 -0.5619 -0.0780
vn 0.7906 -0.5741 0.2130
vn -0.7868 0.5734 -0.2283
vn 0.8273 0.5580 0.0640
vn 0.8273 0.5581 0.0640
vn 0.8274 0.5580 0.0637
vn -0.8270 -0.5585 -0.0638
vn -0.8269 -0.5588 -0.0639
vn 0.7867 -0.5734 0.2285
vn 0.7866 -0.5741 0.2272
vn 0.7867 -0.5735 0.2285
vn -0.7831 0.5723 -0.2433
vn 0.8304 0.5550 0.0492
vn -0.8306 -0.5547 -0.0496
vn -0.8303 -0.5551 -0.0498
vn 0.7831 -0.5722 0.2434
vn 0.7830 -0.5728 0.2425
vn 0.8338 0.5510 0.0359
vn 0.8337 0.5512 0.0349
vn -0.8336 -0.5512 -0.0358
vn 0.7794 -0.5709 0.2580
vn 0.7794 -0.5709 0.2583
vn -0.7758 0.5689 -0.2728
vn -0.7760 0.5686 -0.2730
vn 0.8370 0.5468 0.0214
vn -0.4512 -0.8400 -0.3013
vn -0.4513 -0.8400 -0.3013
vn 0.9558 -0.2766 0.0992
vn 0.9557 -0.2769 0.0996
vn -0.6547 0.0017 -0.7559
vn -0.6661 0.0054 -0.7458
vn -0.6638 0.0046 -0.7479
vn 0.9462 0.0185 -0.3231
vn 0.9635 0.0371 -0.2650
vn 0.9752 0.0123 -0.2211
vn -0.8370 0.5468 -0.0220
vn -0.9479 0.0464 0.3150
vn -0.9669 0.0197 0.2543
vn -0.9391 0.0570 0.3390
vn 0.6769 0.0121 0.7360
vn 0.6588 0.0042 0.7523
vn 0.6804 0.0137 0.7327
vn -0.7757 -0.5691 -0.2727
vn 0.8373 -0.5464 0.0222
vn -0.8336 0.5512 -0.0357
vn 0.7796 0.5706 0.2581
vn 0.7797 0.5705 0.2582
vn 0.8339 -0.5507 0.0358
vn -0.8305 0.5548 -0.0496
vn -0.8305 0.5549 -0.0496
vn 0.7832 0.5721 0.2434
vn -0.7832 -0.5721 -0.2436
vn -0.7831 -0.5722 -0.2435
vn -0.8271 0.5585 -0.0638
vn -0.8270 0.5585 -0.0637
vn 0.7869 0.5732 0.2284
vn -0.7868 -0.5735 -0.2282
vn 0.8273 -0.5582 0.0638
vn 0.8272 -0.5582 0.0638
vn 0.7908 0.5738 0.2133
vn 0.7908 0.5737 0.2133
vn -0.7904 -0.5743 -0.2131
vn -0.7904 -0.5744 -0.2131
vn -0.7942 -0.5745 -0.1979
vn -0.7941 -0.5746 -0.1979
vn 0.8203 -0.5644 0.0928
vn -0.8166 0.5672 -0.1075
vn -0.8129 0.5693 -0.1224
vn 0.8020 0.5733 0.1678
vn -0.8017 -0.5737 -0.1676
vn -0.8018 -0.5735 -0.1680
vn -0.8055 0.5725 -0.1526
vn -0.8091 -0.5714 -0.1372
vn -0.8090 -0.5715 -0.1371
vn -0.7982 0.5740 -0.1830
vn -0.7981 0.5741 -0.1829
vn 0.8166 0.5670 0.1076
vn -0.8165 -0.5672 -0.1074
vn -0.8165 -0.5673 -0.1074
vn -0.7941 0.5745 -0.1982
vn 0.8202 0.5645 0.0928
vn 0.8202 0.5644 0.0928
vn -0.8200 -0.5648 -0.0927
vn 0.7944 -0.5741 0.1982
vn -0.7903 0.5744 -0.2133
vn -0.8235 -0.5620 -0.0779
vn 0.7869 -0.5732 0.2286
vn -0.7869 0.5733 -0.2284
vn 0.7970 -0.5339 0.2825
vn 0.8273 0.5582 0.0638
vn 0.8272 0.5582 0.0638
vn -0.9389 0.2596 -0.2260
vn -0.8270 -0.5586 -0.0637
vn 0.7832 -0.5724 0.2430
vn 0.0625 -0.6105 -0.7896
vn 0.8300 0.5555 0.0491
vn 0.3836 0.8301 -0.4048
vn -0.8305 -0.5548 -0.0496
vn -0.9860 -0.0545 -0.1575
vn -0.7794 0.5709 -0.2581
vn 0.8340 0.5506 0.0358
vn 0.8341 0.5505 0.0359
vn 0.8601 0.5079 0.0483
vn -0.8339 -0.5508 -0.0358
vn 0.7792 -0.5711 0.2582
vn 0.7796 -0.5706 0.2581
vn 0.8373 0.5463 0.0222
vn 0.4509 -0.8402 -0.3013
vn 0.4508 -0.8402 -0.3013
vn 0.9448 0.0396 0.3252
vn 0.9690 0.0128 0.2467
vn -0.6574 0.0026 0.7535
vn -0.6816 0.0102 0.7317
vn -0.6834 0.0111 0.7300
vn 0.8370 0.5467 -0.0221
vn 0.8371 0.5467 -0.0221
vn -0.7758 0.5689 0.2728
vn -0.7754 0.5694 0.2729
vn 0.6651 0.0126 -0.7466
vn 0.6943 0.0027 -0.7197
vn 0.6609 0.0140 -0.7504
vn -0.9647 0.0325 -0.2612
vn -0.9440 0.0125 -0.3298
vn -0.9684 0.0367 -0.2466
vn 0.7758 -0.5690 -0.2729
vn -0.8368 -0.5471 0.0220
vn -0.7795 0.5708 0.2583
vn 0.7793 -0.5709 -0.2582
vn -0.8334 -0.5515 0.0356
vn -0.7833 0.5720 0.2433
vn -0.7827 0.5728 0.2434
vn 0.7830 -0.5724 -0.2434
vn -0.8303 -0.5551 0.0496
vn 0.8270 0.5585 -0.0638
vn -0.7862 0.5742 0.2284
vn -0.8270 -0.5586 0.0638
vn 0.8235 0.5619 -0.0782
vn -0.7906 0.5739 0.2133
vn 0.7905 -0.5740 -0.2133
vn -0.8232 -0.5623 0.0781
vn -0.8237 -0.5615 0.0783
vn -0.7939 0.5749 0.1982
vn 0.7942 -0.5744 -0.1982
vn -0.8202 -0.5646 0.0928
vn -0.8199 -0.5651 0.0919
vn 0.8164 0.5673 -0.1075
vn 0.7980 -0.5742 -0.1830
vn 0.7980 -0.5743 -0.1830
vn -0.8165 -0.5673 0.1075
vn -0.8163 -0.5678 0.1064
vn 0.8128 0.5695 -0.1225
vn -0.8019 0.5734 0.1678
vn -0.8016 0.5739 0.1678
vn -0.8128 -0.5697 0.1216
vn 0.8091 0.5713 -0.1376
vn -0.8050 0.5733 0.1526
vn -0.8092 -0.5711 0.1375
vn -0.8092 -0.5712 0.1374
vn 0.8091 -0.5713 -0.1375
vn 0.8091 -0.5714 -0.1375
vn -0.8054 -0.5730 0.1518
vn 0.8018 0.5736 -0.1678
vn -0.8130 0.5692 0.1225
vn -0.8124 0.5701 0.1224
vn -0.8019 -0.5735 0.1678
vn -0.8018 -0.5737 0.1674
vn -0.8158 0.5682 0.1074
vn 0.8164 -0.5673 -0.1075
vn -0.8202 0.5646 0.0928
vn -0.8196 0.5654 0.0926
vn -0.7942 -0.5746 0.1975
vn -0.8232 0.5624 0.0781
vn 0.8235 -0.5618 -0.0782
vn 0.8235 -0.5619 -0.0782
vn -0.7906 -0.5739 0.2133
vn -0.7906 -0.5740 0.2132
vn -0.8269 0.5586 0.0638
vn 0.8270 -0.5585 -0.0638
vn -0.7868 -0.5734 0.2283
vn -0.7867 -0.5740 0.2273
vn -0.8302 0.5552 0.0496
vn -0.7830 -0.5728 0.2425
vn -0.8333 0.5516 0.0356
vn -0.7794 -0.5709 0.2580
vn -0.8367 0.5472 0.0220
vn -0.0595 0.8924 0.4472
vn -0.0205 0.9366 0.3497
vn -0.0000 0.9548 0.2971
vn -0.0142 -0.5377 0.8430
vn -0.0042 -0.5146 0.8574
vn -0.0000 -0.5046 0.8634
vn -0.8130 0.5816 -0.0289
vn -0.8131 -0.5208 0.2602
vn -0.8130 -0.5208 0.2602
vn -0.0152 0.5209 -0.8535
vn -0.0045 0.5487 -0.8360
vn -0.0179 0.5139 -0.8577
vn -0.0529 -0.9297 -0.3646
vn -0.0196 -0.8906 -0.4544
vn -0.0620 -0.9388 -0.3389
vn 0.9433 0.2375 -0.2318
vn 0.9432 0.2377 -0.2319
vn 0.9432 0.2379 -0.2320
vn 0.5205 -0.8442 0.1279
vn 0.5204 -0.8443 0.1278
vn -0.0000 0.8634 0.5044
vn -0.8169 0.5747 -0.0491
vn -0.8169 0.5746 -0.0491
vn -0.8170 0.5745 -0.0492
vn -0.8169 -0.5248 0.2392
vn -0.8170 -0.5247 0.2392
vn -0.8169 -0.5248 0.2393
vn -0.0000 0.5047 -0.8633
vn 0.8130 0.5209 -0.2602
vn 0.8131 -0.5814 0.0288
vn -0.8200 0.5681 -0.0696
vn -0.8199 0.5682 -0.0696
vn -0.8199 0.5683 -0.0696
vn -0.8200 -0.5291 0.2181
vn 0.8169 0.5249 -0.2393
vn 0.8168 0.5249 -0.2393
vn 0.8169 -0.5747 0.0491
vn 0.8169 -0.5746 0.0491
vn -0.8224 0.5616 -0.0905
vn -0.8225 0.5616 -0.0905
vn -0.8225 -0.5337 0.1968
vn -0.8225 -0.5336 0.1968
vn 0.8200 0.5292 -0.2181
vn 0.8201 0.5291 -0.2180
vn 0.8202 0.5290 -0.2179
vn 0.8201 -0.5680 0.0696
vn 0.8201 -0.5679 0.0696
vn -0.0000 -0.5046 0.8633
vn -0.8240 0.5555 -0.1116
vn -0.8241 -0.5387 0.1754
vn 0.8224 0.5338 -0.1968
vn 0.8223 0.5339 -0.1969
vn 0.8224 -0.5616 0.0904
vn 0.8224 -0.5617 0.0904
vn 0.8225 -0.5616 0.0904
vn -0.8248 0.5497 -0.1327
vn -0.8247 0.5497 -0.1327
vn -0.8246 0.5499 -0.1326
vn -0.8248 -0.5440 0.1541
vn -0.8249 -0.5439 0.1541
vn 0.8240 0.5387 -0.1754
vn 0.8241 -0.5554 0.1115
vn 0.8241 -0.5554 0.1116
vn -0.8248 0.5440 -0.1541
vn -0.8248 0.5440 -0.1540
vn -0.8249 -0.5495 0.1327
vn 0.8248 0.5440 -0.1541
vn 0.8248 0.5440 -0.1540
vn 0.8249 0.5440 -0.1540
vn 0.8249 -0.5495 0.1327
vn -0.8239 0.5388 -0.1755
vn -0.8240 0.5388 -0.1754
vn -0.8240 -0.5555 0.1115
vn -0.8240 -0.5554 0.1115
vn 0.8247 0.5498 -0.1328
vn 0.8247 0.5497 -0.1328
vn 0.8248 -0.5441 0.1541
vn 0.8248 -0.5440 0.1540
vn -0.8224 0.5338 -0.1968
vn -0.8225 0.5337 -0.1968
vn -0.8225 -0.5615 0.0904
vn -0.8225 -0.5615 0.0905
vn 0.8241 0.5554 -0.1115
vn 0.8240 0.5555 -0.1115
vn 0.8241 -0.5386 0.1754
vn 0.8241 -0.5385 0.1754
vn 0.8242 -0.5385 0.1753
vn -0.8200 0.5291 -0.2180
vn -0.8200 0.5292 -0.2181
vn -0.8201 0.5291 -0.2180
vn -0.8201 -0.5679 0.0696
vn -0.8201 -0.5680 0.0696
vn -0.8200 -0.5682 0.0696
vn 0.8224 0.5617 -0.0904
vn 0.8223 0.5618 -0.0904
vn 0.8224 0.5617 -0.0905
vn 0.8224 -0.5337 0.1968
vn 0.8224 -0.5338 0.1969
vn -0.8168 0.5249 -0.2394
vn -0.8169 0.5248 -0.2393
vn -0.8169 -0.5747 0.0490
vn -0.8169 -0.5747 0.0489
vn -0.8168 -0.5749 0.0489
vn 0.8200 0.5680 -0.0697
vn 0.8200 0.5681 -0.0696
vn 0.8201 0.5680 -0.0697
vn 0.8201 -0.5290 0.2180
vn 0.8201 -0.5291 0.2181
vn 0.8200 -0.5292 0.2182
vn -0.8130 0.5209 -0.2601
vn -0.8131 -0.5814 0.0289
vn -0.8131 -0.5814 0.0290
vn -0.8132 -0.5813 0.0290
vn 0.8168 0.5748 -0.0491
vn 0.8169 0.5747 -0.0491
vn 0.8168 0.5749 -0.0491
vn 0.8169 -0.5248 0.2393
vn 0.8170 -0.5247 0.2392
vn 0.8171 -0.5246 0.2391
vn -0.0585 0.8918 0.4485
vn -0.0196 0.9369 0.3489
vn -0.0000 0.9548 0.2973
vn -0.0141 -0.5383 0.8426
vn -0.0041 -0.5145 0.8575
vn -0.0000 -0.5047 0.8633
vn -0.8130 0.5815 -0.0288
vn -0.8131 0.5815 -0.0288
vn -0.8130 -0.5209 0.2602
vn -0.0150 0.5205 -0.8537
vn -0.0043 0.5489 -0.8359
vn -0.0176 0.5136 -0.8579
vn -0.0521 -0.9301 -0.3635
vn -0.0188 -0.8902 -0.4552
vn -0.0610 -0.9391 -0.3382
vn 0.9432 0.2378 -0.2318
vn 0.9433 0.2378 -0.2318
vn 0.9433 0.2377 -0.2318
vn 0.5204 -0.8443 0.1279
vn -0.0000 0.8634 0.5046
vn -0.8170 0.5746 -0.0491
vn -0.8169 0.5747 -0.0490
vn -0.8170 -0.5247 0.2391
vn -0.0000 0.5045 -0.8634
vn 0.8131 0.5208 -0.2602
vn 0.8130 0.5208 -0.2602
vn 0.8130 -0.5815 0.0288
vn -0.8200 0.5682 -0.0696
vn -0.8204 -0.5287 0.2179
vn -0.8204 -0.5287 0.2180
vn -0.8203 -0.5288 0.2180
vn 0.8170 0.5247 -0.2392
vn 0.8169 0.5248 -0.2392
vn 0.8170 -0.5746 0.0491
vn -0.8225 0.5616 -0.0904
vn -0.8226 0.5615 -0.0905
vn -0.8224 -0.5337 0.1968
vn -0.8225 -0.5337 0.1967
vn 0.8201 0.5290 -0.2180
vn 0.8202 0.5290 -0.2180
vn 0.8200 -0.5680 0.0696
vn 0.8200 -0.5681 0.0696
vn -0.8240 0.5555 -0.1115
vn -0.8240 0.5554 -0.1115
vn -0.8240 -0.5388 0.1754
vn 0.8224 0.5337 -0.1968
vn -0.8249 0.5495 -0.1327
vn -0.8249 -0.5439 0.1540
vn -0.8249 -0.5440 0.1540
vn 0.8241 0.5386 -0.1754
vn 0.8241 -0.5554 0.1114
vn -0.0000 0.8633 0.5046
vn -0.8249 0.5439 -0.1540
vn -0.8248 -0.5496 0.1327
vn 0.8249 0.5439 -0.1540
vn 0.8248 -0.5496 0.1327
vn -0.8240 0.5387 -0.1754
vn 0.8248 0.5497 -0.1327
vn 0.8247 0.5497 -0.1327
vn 0.8247 -0.5441 0.1541
vn 0.8247 -0.5442 0.1541
vn -0.8224 0.5337 -0.1968
vn -0.8224 -0.5617 0.0904
vn -0.8223 -0.5618 0.0904
vn 0.8241 0.5554 -0.1114
vn 0.8241 0.5553 -0.1115
vn -0.8201 0.5290 -0.2180
vn -0.8201 0.5291 -0.2181
vn -0.8202 -0.5679 0.0697
vn 0.8225 0.5616 -0.0904
vn 0.8225 0.5615 -0.0904
vn 0.8224 0.5616 -0.0904
vn 0.8225 -0.5337 0.1967
vn -0.8169 0.5248 -0.2392
vn -0.8169 -0.5747 0.0491
vn 0.8203 -0.5287 0.2180
vn 0.8202 -0.5289 0.2180
vn 0.8204 -0.5287 0.2180
vn -0.8131 0.5207 -0.2602
vn -0.8131 -0.5815 0.0287
vn -0.8131 -0.5814 0.0288
vn -0.8132 -0.5813 0.0288
vn 0.8170 0.5745 -0.0490
vn 0.8167 -0.5251 0.2392
vn 0.8167 -0.5252 0.2392
vn -0.0576 0.8913 0.4497
vn -0.0188 0.9373 0.3480
vn -0.0138 -0.5385 0.8425
vn -0.0039 -0.5144 0.8576
vn -0.8130 0.5815 -0.0289
vn -0.8129 0.5816 -0.0289
vn -0.8130 -0.5210 0.2602
vn -0.8129 -0.5210 0.2602
vn -0.8130 -0.5210 0.2601
vn -0.0148 0.5202 -0.8539
vn -0.0041 0.5492 -0.8357
vn -0.0172 0.5134 -0.8580
vn -0.0514 -0.9307 -0.3622
vn -0.0182 -0.8899 -0.4558
vn -0.0599 -0.9395 -0.3373
vn 0.9432 0.2380 -0.2318
vn 0.9432 0.2381 -0.2319
vn 0.5203 -0.8444 0.1280
vn -0.0000 0.8633 0.5047
vn -0.8169 -0.5249 0.2393
vn -0.8168 -0.5249 0.2393
vn -0.0000 0.5046 -0.8634
vn 0.8131 0.5208 -0.2601
vn 0.8132 0.5207 -0.2600
vn 0.8134 0.5205 -0.2598
vn 0.8130 -0.5815 0.0290
vn 0.8131 -0.5814 0.0290
vn 0.8130 -0.5816 0.0290
vn -0.8201 0.5680 -0.0696
vn -0.8201 0.5679 -0.0696
vn -0.8202 0.5678 -0.0697
vn -0.8200 -0.5292 0.2181
vn -0.8201 -0.5291 0.2180
vn 0.8171 0.5245 -0.2390
vn 0.8168 -0.5748 0.0491
vn -0.8225 0.5615 -0.0904
vn -0.8226 0.5614 -0.0905
vn -0.8224 -0.5338 0.1968
vn 0.8200 0.5291 -0.2181
vn 0.8200 0.5292 -0.2182
vn 0.8200 -0.5682 0.0696
vn 0.8199 -0.5682 0.0696
vn -0.8241 0.5554 -0.1115
vn -0.8239 -0.5388 0.1755
vn -0.8239 -0.5389 0.1755
vn 0.8224 0.5337 -0.1969
vn 0.8224 0.5338 -0.1969
vn 0.8223 -0.5618 0.0904
vn 0.8224 -0.5617 0.0905
vn -0.8248 -0.5440 0.1540
vn 0.8241 0.5385 -0.1754
vn 0.8242 0.5385 -0.1753
vn 0.8240 -0.5554 0.1115
vn -0.8241 0.5386 -0.1754
vn -0.8240 -0.5555 0.1116
vn 0.8248 0.5496 -0.1328
vn 0.8248 0.5497 -0.1328
vn -0.8224 0.5338 -0.1969
vn -0.8223 -0.5619 0.0904
vn 0.8241 0.5554 -0.1116
vn 0.8240 -0.5387 0.1754
vn 0.8240 -0.5388 0.1754
vn -0.8200 0.5291 -0.2181
vn -0.8199 -0.5682 0.0696
vn 0.8224 -0.5338 0.1968
vn -0.8169 0.5248 -0.2391
vn -0.8169 0.5249 -0.2392
vn -0.8169 -0.5747 0.0492
vn 0.8201 0.5680 -0.0696
vn 0.8200 -0.5292 0.2181
vn 0.8199 -0.5293 0.2182
vn -0.8130 0.5209 -0.2602
vn -0.8131 0.5208 -0.2601
vn -0.8129 0.5210 -0.2602
vn -0.8129 -0.5817 0.0290
vn -0.8130 -0.5816 0.0290
vn 0.8170 0.5746 -0.0491
vn 0.8169 0.5746 -0.0491
vn 0.8170 0.5745 -0.0491
vn 0.8169 -0.5248 0.2392
vn 0.8169 -0.5249 0.2392
vn 0.8168 -0.5249 0.2393
vn -0.0568 0.8908 0.4507
vn -0.0181 0.9377 0.3470
vn -0.0137 -0.5387 0.8424
vn -0.0038 -0.5141 0.8577
vn -0.8131 0.5814 -0.0288
vn -0.0145 0.5199 -0.8541
vn -0.0039 0.5493 -0.8356
vn -0.0168 0.5133 -0.8580
vn -0.0507 -0.9310 -0.3614
vn -0.0175 -0.8894 -0.4568
vn -0.0589 -0.9397 -0.3369
vn 0.9432 0.2378 -0.2319
vn 0.8131 -0.5814 0.0289
vn -0.8201 -0.5291 0.2181
vn -0.8201 -0.5290 0.2180
vn -0.8224 0.5617 -0.0905
vn -0.8224 -0.5338 0.1967
vn 0.8199 0.5292 -0.2182
vn -0.8240 0.5556 -0.1115
vn -0.8240 -0.5387 0.1754
vn -0.8240 -0.5387 0.1755
vn 0.8224 0.5338 -0.1967
vn 0.8224 -0.5616 0.0905
vn 0.8241 0.5387 -0.1754
vn 0.8240 0.5387 -0.1755
vn 0.8239 0.5388 -0.1756
vn 0.8240 -0.5555 0.1114
vn 0.8241 -0.5553 0.1115
vn -0.8241 -0.5553 0.1115
vn -0.8242 -0.5553 0.1115
vn 0.8247 0.5498 -0.1327
vn -0.8224 -0.5616 0.0904
vn 0.8240 0.5556 -0.1115
vn 0.8241 -0.5387 0.1754
vn -0.8204 0.5286 -0.2180
vn -0.8203 0.5288 -0.2179
vn 0.8225 -0.5337 0.1968
vn 0.8225 -0.5336 0.1967
vn 0.8226 -0.5336 0.1967
vn -0.8170 0.5248 -0.2391
vn -0.8169 -0.5746 0.0491
vn -0.8170 -0.5745 0.0491
vn -0.8171 -0.5744 0.0491
vn -0.8130 0.5210 -0.2602
vn -0.8130 -0.5815 0.0289
vn -0.8129 -0.5816 0.0289
vn 0.8169 0.5747 -0.0490
vn -0.0558 0.8904 0.4518
vn -0.0173 0.9380 0.3462
vn -0.0136 -0.5393 0.8420
vn -0.0036 -0.5141 0.8577
vn -0.0142 0.5196 -0.8543
vn -0.0037 0.5495 -0.8355
vn -0.0165 0.5130 -0.8582
vn -0.0500 -0.9315 -0.3604
vn -0.0169 -0.8890 -0.4576
vn -0.0580 -0.9400 -0.3362
vn 0.5205 -0.8443 0.1278
vn -0.8170 0.5745 -0.0491
vn -0.8171 0.5744 -0.0491
vn -0.8170 -0.5248 0.2392
vn -0.8202 0.5679 -0.0695
vn -0.8201 0.5679 -0.0695
vn -0.8201 0.5680 -0.0695
vn -0.8201 -0.5290 0.2181
vn 0.8169 0.5248 -0.2393
vn 0.8169 -0.5747 0.0490
vn -0.8224 0.5616 -0.0904
vn -0.8224 0.5617 -0.0904
vn -0.8223 0.5618 -0.0904
vn -0.8224 -0.5338 0.1969
vn 0.8201 0.5291 -0.2181
vn 0.8225 0.5336 -0.1968
vn 0.8225 0.5336 -0.1967
vn 0.8226 0.5335 -0.1967
vn -0.0000 0.5046 -0.8633
vn 0.8241 0.5386 -0.1755
vn 0.8240 0.5387 -0.1756
vn -0.8246 0.5443 -0.1540
vn -0.8247 0.5443 -0.1540
vn -0.8247 0.5442 -0.1540
vn -0.8249 -0.5496 0.1327
vn 0.8249 0.5438 -0.1540
vn 0.8249 -0.5496 0.1327
vn -0.8242 0.5385 -0.1754
vn -0.8241 -0.5554 0.1114
vn -0.8241 -0.5554 0.1115
vn 0.8248 0.5496 -0.1327
vn -0.8224 0.5337 -0.1969
vn -0.8200 0.5291 -0.2182
vn -0.8200 0.5291 -0.2183
vn -0.8201 0.5290 -0.2182
vn -0.8200 -0.5681 0.0695
vn -0.8200 -0.5682 0.0695
vn -0.8199 -0.5683 0.0694
vn -0.8169 0.5247 -0.2392
vn 0.8200 -0.5291 0.2181
vn -0.8131 0.5208 -0.2602
vn -0.8130 -0.5815 0.0288
vn 0.8170 0.5746 -0.0490
vn 0.8169 -0.5247 0.2393
vn 0.8167 -0.5250 0.2395
vn -0.0550 0.8899 0.4528
vn -0.0167 0.9383 0.3454
vn -0.0133 -0.5395 0.8419
vn -0.0035 -0.5139 0.8578
vn -0.8132 0.5813 -0.0288
vn -0.8130 -0.5208 0.2603
vn -0.0140 0.5193 -0.8545
vn -0.0036 0.5497 -0.8353
vn -0.0162 0.5129 -0.8583
vn -0.0494 -0.9320 -0.3592
vn -0.0163 -0.8888 -0.4580
vn -0.0570 -0.9404 -0.3354
vn 0.9432 0.2379 -0.2319
vn 0.9431 0.2382 -0.2321
vn 0.5203 -0.8443 0.1279
vn 0.5203 -0.8444 0.1279
vn -0.8166 0.5751 -0.0491
vn 0.8130 0.5209 -0.2603
vn 0.8130 0.5208 -0.2603
vn 0.8129 -0.5817 0.0289
vn 0.8129 -0.5816 0.0289
vn -0.8223 -0.5339 0.1969
vn 0.8201 0.5290 -0.2181
vn 0.8200 -0.5680 0.0697
vn 0.8201 -0.5680 0.0697
vn -0.8239 -0.5388 0.1754
vn 0.8225 0.5337 -0.1968
vn 0.8226 0.5336 -0.1967
vn 0.8240 0.5388 -0.1756
vn 0.8240 -0.5555 0.1115
vn 0.8240 -0.5556 0.1115
vn -0.8249 0.5439 -0.1541
vn 0.8249 -0.5439 0.1540
vn 0.8250 -0.5438 0.1539
vn 0.8250 -0.5437 0.1538
vn -0.8224 0.5338 -0.1967
vn -0.8224 -0.5617 0.0905
vn 0.8239 -0.5388 0.1755
vn 0.8239 -0.5388 0.1754
vn -0.8202 0.5290 -0.2180
vn -0.8202 0.5289 -0.2179
vn -0.8201 -0.5679 0.0697
vn -0.8200 -0.5681 0.0697
vn -0.8199 -0.5683 0.0696
vn 0.8224 0.5616 -0.0905
vn 0.8224 -0.5339 0.1968
vn 0.8224 -0.5339 0.1967
vn 0.8224 -0.5338 0.1967
vn -0.8168 -0.5748 0.0491
vn 0.8201 0.5679 -0.0697
vn 0.8200 -0.5292 0.2180
vn -0.8130 0.5208 -0.2602
vn -0.8130 -0.5816 0.0289
vn 0.8171 0.5744 -0.0491
vn 0.8170 -0.5247 0.2391
vn 0.8172 -0.5245 0.2388
vn -0.0542 0.8895 0.4537
vn -0.0160 0.9387 0.3444
vn -0.0000 0.9549 0.2971
vn -0.0132 -0.5397 0.8418
vn -0.0034 -0.5137 0.8580
vn -0.8132 0.5813 -0.0289
vn -0.8131 0.5814 -0.0289
vn -0.8132 -0.5206 0.2601
vn -0.8132 -0.5207 0.2601
vn -0.8132 -0.5206 0.2600
vn -0.0138 0.5191 -0.8546
vn -0.0034 0.5499 -0.8352
vn -0.0158 0.5128 -0.8584
vn -0.0487 -0.9323 -0.3584
vn -0.0157 -0.8883 -0.4590
vn -0.0561 -0.9405 -0.3350
vn 0.8130 0.5210 -0.2600
vn 0.8131 -0.5815 0.0290
vn 0.8170 0.5248 -0.2391
vn 0.8171 0.5247 -0.2390
vn 0.8173 0.5245 -0.2388
vn 0.8170 -0.5745 0.0491
vn 0.8171 -0.5744 0.0491
vn -0.8224 -0.5337 0.1969
vn 0.8202 0.5289 -0.2180
vn 0.8203 0.5289 -0.2179
vn 0.8202 -0.5678 0.0696
vn 0.8203 -0.5677 0.0696
vn -0.8240 -0.5388 0.1755
vn 0.8225 0.5337 -0.1967
vn 0.8225 -0.5615 0.0904
vn -0.8248 0.5496 -0.1327
vn -0.8249 0.5440 -0.1540
vn -0.8241 0.5387 -0.1754
vn -0.8240 0.5387 -0.1755
vn -0.8240 -0.5556 0.1114
vn 0.8248 0.5497 -0.1326
vn 0.8248 -0.5440 0.1541
vn 0.8247 -0.5441 0.1542
vn -0.8225 0.5337 -0.1967
vn -0.8226 -0.5614 0.0905
vn 0.8239 0.5556 -0.1115
vn -0.8202 0.5289 -0.2181
vn -0.8202 -0.5678 0.0695
vn -0.8202 -0.5679 0.0695
vn 0.8224 -0.5337 0.1969
vn -0.8170 0.5248 -0.2392
vn -0.8170 0.5247 -0.2391
vn -0.8170 -0.5746 0.0491
vn 0.8199 0.5682 -0.0696
vn 0.8200 -0.5291 0.2182
vn -0.8131 0.5207 -0.2601
vn -0.8132 -0.5813 0.0289
vn -0.0534 0.8891 0.4546
vn -0.0154 0.9389 0.3438
vn -0.0131 -0.5402 0.8414
vn -0.0033 -0.5137 0.8580
vn -0.0135 0.5187 -0.8548
vn -0.0033 0.5501 -0.8351
vn -0.0155 0.5126 -0.8585
vn -0.0481 -0.9327 -0.3575
vn -0.0152 -0.8879 -0.4597
vn -0.0552 -0.9408 -0.3344
vn -0.8169 -0.5249 0.2392
vn 0.8131 0.5207 -0.2601
vn 0.8132 0.5206 -0.2601
vn 0.8133 0.5205 -0.2600
vn 0.8132 -0.5813 0.0289
vn -0.8202 0.5678 -0.0696
vn -0.8203 0.5677 -0.0696
vn 0.8202 0.5289 -0.2179
vn -0.8241 0.5386 -0.1755
vn -0.8240 -0.5555 0.1114
vn 0.8249 0.5495 -0.1327
vn 0.8248 0.5496 -0.1326
vn 0.8246 -0.5442 0.1543
vn -0.8225 0.5336 -0.1967
vn -0.8225 -0.5616 0.0904
vn -0.8200 -0.5681 0.0696
vn -0.8202 -0.5678 0.0697
vn 0.8223 -0.5339 0.1969
vn -0.8170 0.5247 -0.2392
vn 0.8169 -0.5249 0.2393
vn -0.0526 0.8886 0.4556
vn -0.0149 0.9392 0.3430
vn -0.0129 -0.5403 0.8414
vn -0.0032 -0.5134 0.8582
vn -0.0000 -0.5045 0.8634
vn -0.0134 0.5185 -0.8550
vn -0.0032 0.5503 -0.8350
vn -0.0153 0.5124 -0.8586
vn -0.0475 -0.9331 -0.3564
vn -0.0147 -0.8877 -0.4601
vn -0.0544 -0.9411 -0.3336
vn 0.9432 0.2380 -0.2319
vn -0.8170 0.5746 -0.0490
vn -0.8168 0.5748 -0.0492
vn 0.8130 -0.5815 0.0289
vn 0.8130 -0.5816 0.0289
vn -0.8202 0.5679 -0.0697
vn 0.8168 -0.5749 0.0491
vn 0.8199 0.5293 -0.2181
vn 0.8199 0.5293 -0.2182
vn 0.8199 -0.5682 0.0697
vn 0.8200 -0.5682 0.0694
vn 0.8201 -0.5680 0.0692
vn -0.8241 0.5554 -0.1114
vn -0.8240 0.5555 -0.1114
vn -0.8239 0.5556 -0.1114
vn -0.8241 -0.5387 0.1755
vn 0.8223 0.5338 -0.1969
vn 0.8239 -0.5556 0.1115
vn 0.8240 -0.5556 0.1116
vn 0.8249 0.5439 -0.1541
vn 0.8247 0.5441 -0.1543
vn 0.8247 -0.5497 0.1327
vn -0.8240 -0.5556 0.1115
vn -0.8239 -0.5557 0.1114
vn 0.8249 0.5496 -0.1327
vn 0.8247 -0.5442 0.1543
vn -0.8224 -0.5616 0.0905
vn -0.8200 -0.5680 0.0697
vn -0.8169 0.5248 -0.2395
vn -0.8169 0.5247 -0.2396
vn -0.8168 -0.5748 0.0492
vn 0.8200 0.5680 -0.0696
vn 0.8199 -0.5292 0.2182
vn -0.8130 0.5208 -0.2603
vn -0.8130 0.5209 -0.2603
vn -0.8129 -0.5817 0.0289
vn -0.8128 -0.5818 0.0288
vn 0.8169 0.5747 -0.0492
vn 0.8169 0.5746 -0.0492
vn 0.8168 -0.5249 0.2392
vn 0.8168 -0.5248 0.2396
vn 0.8169 -0.5247 0.2394
vn -0.0519 0.8883 0.4564
vn -0.0143 0.9396 0.3421
vn -0.0110 -0.5140 0.8577
vn -0.0042 -0.5428 0.8398
vn -0.0123 -0.5085 0.8610
vn -0.0131 0.5183 -0.8551
vn -0.0031 0.5504 -0.8349
vn -0.0149 0.5124 -0.8586
vn -0.0469 -0.9334 -0.3557
vn -0.0142 -0.8873 -0.4609
vn -0.0535 -0.9413 -0.3333
vn -0.8169 -0.5248 0.2391
vn -0.0000 -0.8633 -0.5046
vn 0.8131 -0.5815 0.0288
vn 0.8128 -0.5818 0.0298
vn -0.8203 -0.5287 0.2180
vn 0.8168 0.5250 -0.2392
vn 0.8167 0.5251 -0.2393
vn 0.8169 -0.5747 0.0492
vn 0.8168 -0.5748 0.0497
vn -0.8225 0.5615 -0.0905
vn -0.8220 -0.5344 0.1969
vn 0.8198 -0.5683 0.0704
vn -0.8240 0.5556 -0.1114
vn -0.8241 -0.5386 0.1755
vn -0.8242 -0.5385 0.1754
vn 0.8226 -0.5615 0.0900
vn -0.8247 -0.5442 0.1541
vn 0.8240 0.5388 -0.1754
vn 0.8239 -0.5556 0.1116
vn -0.8249 -0.5494 0.1327
vn -0.8246 -0.5499 0.1328
vn 0.8247 0.5441 -0.1541
vn 0.8246 0.5442 -0.1543
vn 0.8248 -0.5496 0.1326
vn 0.8247 -0.5496 0.1332
vn -0.8238 -0.5557 0.1115
vn 0.8246 -0.5443 0.1543
vn -0.8227 -0.5613 0.0903
vn 0.8242 -0.5386 0.1751
vn -0.8198 -0.5683 0.0703
vn 0.8221 -0.5340 0.1977
vn -0.8168 -0.5748 0.0495
vn 0.8201 0.5680 -0.0695
vn 0.8202 -0.5290 0.2180
vn 0.8202 -0.5289 0.2181
vn 0.8203 -0.5289 0.2177
vn -0.8131 -0.5815 0.0288
vn -0.8128 -0.5818 0.0299
vn 0.8169 0.5748 -0.0490
vn 0.8168 0.5748 -0.0490
vn 0.9433 -0.2375 -0.2318
vn 0.9432 -0.2377 -0.2319
vn 0.5205 0.8443 0.1278
vn 0.5204 0.8443 0.1278
vn 0.5203 0.8443 0.1278
vn -0.0152 -0.5209 -0.8535
vn -0.0045 -0.5487 -0.8360
vn -0.0000 -0.5600 -0.8285
vn -0.0529 0.9297 -0.3646
vn -0.0196 0.8906 -0.4544
vn -0.0000 0.8633 -0.5047
vn -0.8130 -0.5816 -0.0289
vn -0.8130 -0.5815 -0.0289
vn -0.8131 0.5208 0.2602
vn -0.0595 -0.8924 0.4472
vn -0.0205 -0.9366 0.3497
vn -0.0724 -0.8751 0.4785
vn -0.0142 0.5378 0.8429
vn -0.0042 0.5146 0.8574
vn -0.0166 0.5433 0.8394
vn 0.8130 -0.5209 -0.2602
vn 0.8131 0.5814 0.0288
vn 0.8131 0.5815 0.0288
vn -0.0000 -0.5047 -0.8633
vn -0.8169 -0.5747 -0.0491
vn -0.8169 -0.5746 -0.0491
vn -0.8168 -0.5748 -0.0491
vn -0.8169 0.5248 0.2392
vn -0.8170 0.5247 0.2392
vn -0.8171 0.5246 0.2390
vn -0.0000 -0.8634 0.5044
vn -0.0000 0.5046 0.8633
vn 0.8169 -0.5249 -0.2393
vn 0.8168 -0.5249 -0.2393
vn 0.8169 0.5747 0.0491
vn 0.8169 0.5747 0.0490
vn -0.8200 -0.5681 -0.0696
vn -0.8199 -0.5682 -0.0696
vn -0.8200 0.5291 0.2181
vn -0.8200 0.5292 0.2182
vn 0.8200 -0.5292 -0.2181
vn 0.8201 -0.5291 -0.2180
vn 0.8201 0.5680 0.0696
vn 0.8201 0.5679 0.0696
vn 0.8202 0.5678 0.0697
vn -0.8224 -0.5616 -0.0905
vn -0.8224 -0.5617 -0.0905
vn -0.8225 0.5337 0.1968
vn -0.8225 0.5336 0.1968
vn -0.8226 0.5336 0.1967
vn -0.0000 -0.8632 0.5049
vn -0.0000 -0.8633 0.5047
vn 0.8224 -0.5338 -0.1968
vn 0.8223 -0.5339 -0.1969
vn 0.8224 0.5616 0.0904
vn 0.8224 0.5617 0.0904
vn 0.8223 0.5618 0.0904
vn -0.8240 -0.5555 -0.1116
vn -0.8241 0.5387 0.1754
vn 0.8240 -0.5387 -0.1754
vn 0.8241 0.5554 0.1116
vn 0.8241 0.5554 0.1115
vn -0.8248 -0.5497 -0.1327
vn -0.8247 -0.5497 -0.1327
vn -0.8248 -0.5496 -0.1327
vn -0.8248 0.5440 0.1541
vn -0.8247 0.5441 0.1543
vn 0.8248 -0.5440 -0.1541
vn 0.8248 -0.5440 -0.1540
vn 0.8249 0.5495 0.1327
vn -0.8248 -0.5440 -0.1541
vn -0.8248 -0.5440 -0.1540
vn -0.8249 -0.5440 -0.1540
vn -0.8249 0.5495 0.1327
vn 0.8247 -0.5498 -0.1328
vn 0.8250 -0.5494 -0.1326
vn 0.8248 0.5441 0.1541
vn -0.8239 -0.5388 -0.1755
vn -0.8240 -0.5388 -0.1754
vn -0.8240 -0.5387 -0.1754
vn -0.8240 0.5555 0.1115
vn 0.8241 -0.5554 -0.1115
vn 0.8241 0.5386 0.1754
vn 0.8241 0.5385 0.1754
vn -0.8224 -0.5338 -0.1968
vn -0.8225 -0.5337 -0.1968
vn -0.8225 -0.5337 -0.1967
vn -0.8225 0.5615 0.0904
vn -0.8225 0.5616 0.0904
vn 0.8224 -0.5617 -0.0904
vn 0.8223 -0.5618 -0.0904
vn 0.8223 -0.5619 -0.0904
vn 0.8224 0.5337 0.1968
vn 0.8224 0.5338 0.1969
vn -0.8201 -0.5290 -0.2181
vn -0.8201 -0.5291 -0.2181
vn -0.8202 0.5679 0.0696
vn -0.8202 0.5679 0.0695
vn -0.8202 0.5678 0.0696
vn -0.0000 -0.8635 0.5044
vn 0.8200 -0.5682 -0.0696
vn 0.8199 -0.5682 -0.0696
vn 0.8199 -0.5683 -0.0696
vn 0.8200 0.5291 0.2181
vn -0.8168 -0.5249 -0.2394
vn -0.8167 -0.5250 -0.2395
vn -0.8169 0.5747 0.0490
vn -0.8169 0.5747 0.0489
vn -0.8170 0.5746 0.0490
vn 0.8168 -0.5748 -0.0491
vn 0.8169 -0.5747 -0.0491
vn 0.8170 -0.5745 -0.0492
vn 0.8169 0.5248 0.2393
vn 0.8170 0.5247 0.2392
vn 0.8168 0.5249 0.2394
vn -0.8130 -0.5209 -0.2601
vn -0.8131 -0.5208 -0.2600
vn -0.8131 0.5814 0.0289
vn -0.8131 0.5814 0.0290
vn -0.8131 0.5815 0.0289
vn 0.9432 -0.2378 -0.2318
vn 0.9432 -0.2379 -0.2318
vn 0.5204 0.8443 0.1279
vn -0.0150 -0.5206 -0.8536
vn -0.0043 -0.5491 -0.8358
vn -0.0000 -0.5602 -0.8284
vn -0.0521 0.9301 -0.3635
vn -0.0188 0.8902 -0.4552
vn -0.0000 0.8634 -0.5046
vn -0.8130 -0.5815 -0.0288
vn -0.8131 0.5207 0.2602
vn -0.0586 -0.8918 0.4486
vn -0.0196 -0.9369 0.3490
vn -0.0709 -0.8748 0.4793
vn -0.0141 0.5381 0.8428
vn -0.0041 0.5143 0.8576
vn -0.0164 0.5435 0.8393
vn 0.8130 -0.5208 -0.2602
vn -0.0000 0.8633 -0.5046
vn -0.8170 -0.5746 -0.0491
vn -0.8169 0.5247 0.2393
vn 0.8169 -0.5248 -0.2392
vn 0.8170 -0.5247 -0.2391
vn 0.8170 0.5745 0.0491
vn 0.8170 0.5746 0.0491
vn -0.8201 0.5291 0.2181
vn -0.8200 0.5291 0.2182
vn 0.8201 -0.5291 -0.2181
vn 0.8200 -0.5291 -0.2181
vn -0.8224 -0.5616 -0.0904
vn -0.8225 -0.5616 -0.0904
vn -0.8224 -0.5617 -0.0904
vn -0.8225 0.5336 0.1967
vn -0.8226 0.5335 0.1967
vn -0.0000 0.5044 0.8634
vn 0.8224 -0.5338 -0.1969
vn 0.8224 -0.5337 -0.1968
vn 0.8225 0.5616 0.0904
vn -0.8240 -0.5555 -0.1114
vn -0.8241 -0.5554 -0.1114
vn -0.8240 -0.5556 -0.1114
vn -0.8241 0.5386 0.1755
vn -0.8241 0.5386 0.1754
vn -0.8242 0.5384 0.1753
vn 0.8240 -0.5387 -0.1755
vn 0.8241 -0.5387 -0.1754
vn 0.8241 0.5554 0.1114
vn 0.8241 0.5553 0.1114
vn 0.8242 0.5553 0.1115
vn -0.8248 -0.5497 -0.1326
vn -0.8249 0.5439 0.1541
vn -0.8247 0.5441 0.1542
vn 0.8249 -0.5440 -0.1540
vn 0.8247 -0.5497 -0.1327
vn 0.8248 -0.5497 -0.1328
vn 0.8248 0.5440 0.1541
vn -0.8240 -0.5387 -0.1753
vn -0.8241 0.5554 0.1115
vn -0.8241 0.5553 0.1115
vn 0.8240 -0.5555 -0.1115
vn 0.8240 -0.5554 -0.1115
vn -0.8224 -0.5338 -0.1969
vn -0.8223 -0.5339 -0.1969
vn -0.8224 0.5617 0.0904
vn 0.8224 -0.5616 -0.0904
vn 0.8225 -0.5616 -0.0904
vn 0.8225 -0.5615 -0.0905
vn 0.8225 0.5336 0.1968
vn 0.8225 0.5336 0.1967
vn 0.8225 0.5337 0.1968
vn -0.8200 -0.5291 -0.2181
vn -0.8201 -0.5291 -0.2180
vn -0.8201 -0.5290 -0.2180
vn -0.8201 0.5680 0.0696
vn -0.8201 0.5679 0.0696
vn 0.8200 -0.5681 -0.0696
vn 0.8201 0.5291 0.2181
vn -0.8169 -0.5248 -0.2392
vn -0.8168 -0.5249 -0.2393
vn -0.8170 0.5745 0.0491
vn -0.8170 0.5746 0.0491
vn 0.8169 -0.5746 -0.0491
vn 0.8168 0.5250 0.2392
vn 0.8168 0.5251 0.2392
vn -0.8131 -0.5208 -0.2602
vn -0.8131 0.5814 0.0288
vn -0.8131 0.5813 0.0288
vn 0.9433 -0.2376 -0.2318
vn 0.9432 -0.2379 -0.2319
vn 0.9433 -0.2376 -0.2317
vn 0.5203 0.8443 0.1279
vn 0.5203 0.8444 0.1279
vn 0.5202 0.8444 0.1279
vn -0.0147 -0.5202 -0.8539
vn -0.0041 -0.5490 -0.8358
vn -0.0000 -0.5599 -0.8286
vn -0.0514 0.9307 -0.3623
vn -0.0182 0.8898 -0.4559
vn -0.8131 -0.5815 -0.0289
vn -0.8130 0.5209 0.2601
vn -0.8130 0.5210 0.2602
vn -0.8129 0.5210 0.2602
vn -0.0576 -0.8913 0.4497
vn -0.0188 -0.9373 0.3480
vn -0.0695 -0.8746 0.4798
vn -0.0138 0.5385 0.8425
vn -0.0039 0.5144 0.8576
vn -0.0160 0.5438 0.8391
vn 0.8128 -0.5211 -0.2604
vn 0.8130 -0.5209 -0.2603
vn 0.8129 -0.5210 -0.2604
vn 0.8132 0.5813 0.0289
vn 0.8133 0.5811 0.0289
vn -0.0000 -0.5046 -0.8634
vn -0.8169 0.5249 0.2392
vn -0.8168 0.5249 0.2393
vn 0.8170 -0.5247 -0.2392
vn 0.8169 -0.5248 -0.2393
vn 0.8171 0.5744 0.0491
vn -0.8201 -0.5680 -0.0696
vn -0.8201 -0.5679 -0.0696
vn -0.8201 0.5291 0.2180
vn -0.8201 0.5290 0.2180
vn 0.8201 -0.5290 -0.2180
vn 0.8200 0.5680 0.0696
vn -0.8225 -0.5615 -0.0904
vn -0.8225 0.5337 0.1967
vn 0.8224 -0.5337 -0.1969
vn -0.8241 -0.5554 -0.1115
vn -0.8241 -0.5554 -0.1116
vn -0.8241 0.5387 0.1753
vn -0.8240 0.5387 0.1753
vn -0.8240 0.5387 0.1754
vn 0.8240 0.5554 0.1115
vn -0.8249 -0.5496 -0.1327
vn -0.8249 -0.5495 -0.1327
vn -0.8248 0.5440 0.1540
vn -0.8248 0.5441 0.1541
vn -0.8247 0.5442 0.1543
vn 0.8249 -0.5439 -0.1540
vn -0.8249 -0.5439 -0.1540
vn -0.8248 0.5496 0.1327
vn 0.8248 -0.5496 -0.1328
vn 0.8248 -0.5497 -0.1327
vn 0.8247 0.5441 0.1540
vn 0.8248 0.5441 0.1540
vn -0.8241 -0.5386 -0.1754
vn -0.8242 -0.5385 -0.1754
vn -0.8242 -0.5385 -0.1753
vn -0.8241 0.5554 0.1114
vn 0.8240 0.5388 0.1754
vn -0.8224 -0.5337 -0.1968
vn -0.8223 -0.5338 -0.1969
vn 0.8225 -0.5615 -0.0904
vn 0.8226 -0.5614 -0.0905
vn 0.8225 0.5337 0.1967
vn -0.8200 -0.5291 -0.2182
vn -0.8200 0.5681 0.0696
vn 0.8201 -0.5680 -0.0696
vn 0.8200 0.5292 0.2181
vn -0.8170 -0.5247 -0.2392
vn -0.8173 -0.5243 -0.2392
vn -0.8171 -0.5246 -0.2391
vn -0.8169 0.5747 0.0491
vn 0.8169 -0.5747 -0.0490
vn 0.8169 0.5248 0.2392
vn 0.8169 0.5249 0.2392
vn -0.8130 -0.5209 -0.2602
vn -0.8131 -0.5208 -0.2601
vn -0.8132 -0.5207 -0.2600
vn -0.8129 0.5816 0.0289
vn -0.8130 0.5815 0.0289
vn -0.8129 0.5817 0.0289
vn -0.0145 -0.5199 -0.8541
vn -0.0039 -0.5493 -0.8356
vn -0.0507 0.9310 -0.3614
vn -0.0175 0.8894 -0.4568
vn -0.0567 -0.8909 0.4505
vn -0.0180 -0.9377 0.3469
vn -0.0680 -0.8746 0.4801
vn -0.0137 0.5389 0.8423
vn -0.0038 0.5141 0.8577
vn -0.0158 0.5441 0.8389
vn 0.8131 0.5814 0.0289
vn -0.8169 0.5248 0.2393
vn 0.8169 0.5746 0.0491
vn -0.8200 -0.5681 -0.0697
vn -0.8201 -0.5680 -0.0697
vn -0.8202 0.5289 0.2179
vn 0.8202 -0.5290 -0.2180
vn 0.8200 0.5681 0.0696
vn 0.8200 0.5682 0.0696
vn -0.8224 0.5338 0.1967
vn 0.8224 -0.5339 -0.1968
vn 0.8224 -0.5338 -0.1967
vn 0.8224 0.5616 0.0905
vn -0.8239 -0.5556 -0.1115
vn -0.8240 -0.5556 -0.1115
vn 0.8240 0.5555 0.1114
vn 0.8240 0.5556 0.1114
vn -0.8249 0.5439 0.1540
vn 0.8247 -0.5497 -0.1328
vn -0.8241 -0.5386 -0.1753
vn 0.8239 -0.5556 -0.1115
vn 0.8240 -0.5555 -0.1116
vn 0.8240 0.5387 0.1755
vn 0.8240 0.5387 0.1754
vn -0.8224 0.5616 0.0904
vn 0.8224 -0.5617 -0.0905
vn 0.8224 -0.5616 -0.0905
vn 0.8225 -0.5616 -0.0905
vn -0.8203 -0.5287 -0.2180
vn -0.8204 -0.5286 -0.2180
vn -0.8202 0.5679 0.0697
vn 0.8200 -0.5681 -0.0697
vn 0.8201 0.5290 0.2180
vn -0.8171 -0.5247 -0.2391
vn -0.8169 0.5746 0.0491
vn 0.8169 -0.5748 -0.0491
vn -0.8133 -0.5205 -0.2602
vn -0.8132 -0.5205 -0.2602
vn -0.8129 -0.5210 -0.2602
vn 0.9432 -0.2378 -0.2319
vn -0.0143 -0.5197 -0.8542
vn -0.0038 -0.5497 -0.8354
vn -0.0000 -0.5602 -0.8283
vn -0.0500 0.9315 -0.3603
vn -0.0169 0.8891 -0.4575
vn -0.0559 -0.8904 0.4518
vn -0.0173 -0.9380 0.3462
vn -0.0668 -0.8743 0.4808
vn -0.0135 0.5391 0.8421
vn -0.0036 0.5139 0.8578
vn -0.0156 0.5443 0.8388
vn 0.8130 0.5815 0.0288
vn -0.8169 -0.5747 -0.0490
vn -0.8170 0.5248 0.2392
vn -0.8170 0.5247 0.2391
vn -0.8171 0.5246 0.2391
vn 0.8169 -0.5249 -0.2392
vn -0.8202 0.5290 0.2179
vn -0.8223 -0.5618 -0.0905
vn -0.8223 -0.5617 -0.0905
vn -0.8223 0.5339 0.1968
vn -0.8224 0.5339 0.1968
vn 0.8225 -0.5337 -0.1967
vn 0.8225 0.5615 0.0904
vn 0.8226 0.5614 0.0905
vn -0.8240 -0.5555 -0.1115
vn -0.8240 0.5388 0.1754
vn 0.8241 -0.5386 -0.1754
vn 0.8248 -0.5496 -0.1327
vn 0.8248 -0.5497 -0.1326
vn 0.8247 -0.5498 -0.1326
vn 0.8249 0.5439 0.1540
vn 0.8240 -0.5556 -0.1115
vn -0.8224 -0.5338 -0.1967
vn -0.8224 0.5617 0.0905
vn -0.8224 0.5616 0.0905
vn 0.8224 0.5338 0.1967
vn -0.8199 -0.5292 -0.2183
vn -0.8198 -0.5294 -0.2184
vn -0.8200 0.5681 0.0695
vn -0.8200 0.5682 0.0695
vn 0.8202 -0.5679 -0.0697
vn 0.8200 0.5292 0.2182
vn -0.8169 -0.5249 -0.2392
vn -0.8169 -0.5249 -0.2393
vn 0.8169 -0.5746 -0.0490
vn 0.8168 -0.5749 -0.0489
vn 0.8170 0.5246 0.2392
vn -0.8130 -0.5208 -0.2602
vn -0.8130 0.5815 0.0288
vn -0.0140 -0.5192 -0.8545
vn -0.0036 -0.5496 -0.8354
vn -0.0494 0.9320 -0.3592
vn -0.0163 0.8888 -0.4580
vn -0.0000 0.8634 -0.5044
vn -0.8131 -0.5814 -0.0288
vn -0.8132 -0.5813 -0.0288
vn -0.8130 0.5208 0.2602
vn -0.0550 -0.8899 0.4528
vn -0.0167 -0.9383 0.3454
vn -0.0655 -0.8741 0.4813
vn -0.0133 0.5395 0.8419
vn -0.0035 0.5139 0.8578
vn -0.0153 0.5445 0.8386
vn 0.8130 -0.5208 -0.2603
vn 0.8129 0.5817 0.0289
vn 0.8129 0.5816 0.0289
vn 0.8130 0.5816 0.0289
vn -0.8170 -0.5745 -0.0491
vn 0.8168 0.5748 0.0491
vn -0.0000 -0.5046 -0.8633
vn -0.8202 -0.5679 -0.0697
vn -0.8200 0.5292 0.2181
vn -0.8199 0.5293 0.2182
vn 0.8201 -0.5290 -0.2181
vn 0.8200 0.5680 0.0697
vn 0.8199 0.5683 0.0696
vn -0.8224 0.5338 0.1968
vn -0.8223 0.5339 0.1969
vn 0.8225 -0.5337 -0.1968
vn 0.8225 -0.5336 -0.1968
vn 0.8224 0.5617 0.0905
vn 0.8225 0.5616 0.0905
vn -0.8239 0.5388 0.1755
vn -0.8239 0.5388 0.1754
vn 0.8241 -0.5386 -0.1755
vn 0.8240 0.5555 0.1115
vn 0.8239 0.5557 0.1114
vn 0.8249 -0.5439 -0.1541
vn 0.8248 0.5496 0.1327
vn 0.8249 -0.5496 -0.1327
vn 0.8247 0.5441 0.1542
vn -0.8241 -0.5386 -0.1755
vn -0.8240 -0.5387 -0.1755
vn -0.8240 -0.5387 -0.1756
vn -0.8240 0.5556 0.1115
vn 0.8239 0.5388 0.1755
vn 0.8239 0.5388 0.1754
vn -0.8225 -0.5336 -0.1968
vn -0.8226 -0.5336 -0.1967
vn 0.8224 0.5338 0.1968
vn 0.8223 0.5339 0.1969
vn -0.8202 -0.5290 -0.2180
vn -0.8200 -0.5292 -0.2182
vn -0.8201 0.5679 0.0697
vn -0.8200 0.5681 0.0697
vn 0.8201 -0.5679 -0.0697
vn 0.8201 -0.5680 -0.0697
vn 0.8200 0.5292 0.2180
vn -0.8169 -0.5248 -0.2393
vn -0.8168 0.5748 0.0491
vn 0.8170 -0.5745 -0.0491
vn 0.8171 -0.5744 -0.0491
vn 0.8173 -0.5741 -0.0492
vn 0.8170 0.5247 0.2391
vn 0.8169 0.5249 0.2393
vn -0.8130 0.5816 0.0289
vn -0.0138 -0.5191 -0.8546
vn -0.0034 -0.5499 -0.8352
vn -0.0487 0.9323 -0.3584
vn -0.0157 0.8883 -0.4590
vn -0.8132 -0.5813 -0.0289
vn -0.8131 -0.5814 -0.0289
vn -0.8132 0.5206 0.2601
vn -0.8132 0.5207 0.2601
vn -0.0542 -0.8895 0.4537
vn -0.0160 -0.9387 0.3444
vn -0.0643 -0.8740 0.4817
vn -0.0132 0.5397 0.8418
vn -0.0034 0.5137 0.8580
vn -0.0151 0.5446 0.8385
vn 0.8130 -0.5210 -0.2600
vn 0.8130 0.5815 0.0290
vn 0.8131 0.5815 0.0290
vn 0.8131 0.5814 0.0290
vn -0.0000 -0.8633 0.5046
vn -0.0000 -0.8634 0.5046
vn 0.8170 -0.5248 -0.2391
vn 0.8171 -0.5247 -0.2390
vn 0.8173 0.5741 0.0492
vn 0.8202 -0.5289 -0.2180
vn 0.8202 0.5678 0.0696
vn 0.8203 0.5677 0.0696
vn -0.8224 0.5337 0.1968
vn -0.8224 0.5337 0.1969
vn -0.8224 0.5338 0.1969
vn -0.8249 0.5438 0.1540
vn 0.8248 -0.5496 -0.1326
vn 0.8248 0.5441 0.1538
vn 0.8248 0.5441 0.1536
vn -0.8241 -0.5387 -0.1754
vn -0.8239 -0.5388 -0.1756
vn 0.8240 0.5388 0.1755
vn 0.8224 0.5337 0.1969
vn -0.8202 -0.5289 -0.2181
vn -0.8201 -0.5289 -0.2181
vn -0.8202 0.5678 0.0695
vn -0.8170 -0.5248 -0.2392
vn -0.8131 -0.5207 -0.2601
vn -0.8132 0.5813 0.0289
vn 0.9433 -0.2378 -0.2318
vn -0.0136 -0.5186 -0.8549
vn -0.0033 -0.5500 -0.8351
vn -0.0481 0.9327 -0.3575
vn -0.0152 0.8879 -0.4597
vn -0.8131 0.5208 0.2601
vn -0.0534 -0.8890 0.4547
vn -0.0154 -0.9389 0.3438
vn -0.0631 -0.8738 0.4822
vn -0.0131 0.5400 0.8415
vn -0.0033 0.5135 0.8581
vn -0.0149 0.5450 0.8383
vn 0.8131 -0.5207 -0.2601
vn 0.8132 -0.5206 -0.2601
vn -0.0000 -0.5044 -0.8634
vn -0.8201 -0.5680 -0.0695
vn -0.8201 0.5290 0.2181
vn 0.8200 -0.5292 -0.2182
vn 0.8202 0.5679 0.0696
vn 0.8225 -0.5336 -0.1967
vn 0.8225 0.5615 0.0905
vn 0.8240 -0.5388 -0.1755
vn -0.8249 -0.5494 -0.1327
vn -0.8249 0.5440 0.1540
vn -0.8250 -0.5438 -0.1539
vn -0.8249 0.5496 0.1327
vn 0.8249 -0.5495 -0.1327
vn -0.0000 -0.5049 -0.8632
vn -0.8240 0.5555 0.1114
vn -0.8225 -0.5336 -0.1967
vn -0.8226 -0.5335 -0.1966
vn -0.8203 -0.5288 -0.2179
vn -0.8170 -0.5246 -0.2391
vn -0.8172 -0.5245 -0.2390
vn -0.8133 -0.5206 -0.2599
vn -0.0133 -0.5184 -0.8550
vn -0.0032 -0.5501 -0.8351
vn -0.0475 0.9331 -0.3564
vn -0.0147 0.8877 -0.4601
vn -0.8130 0.5209 0.2602
vn -0.0526 -0.8886 0.4556
vn -0.0149 -0.9392 0.3430
vn -0.0619 -0.8736 0.4826
vn -0.0129 0.5404 0.8413
vn -0.0031 0.5135 0.8581
vn -0.0146 0.5452 0.8382
vn 0.8131 -0.5208 -0.2602
vn -0.8170 -0.5746 -0.0490
vn -0.8167 0.5251 0.2393
vn -0.8166 0.5252 0.2393
vn -0.8168 0.5250 0.2393
vn 0.8168 -0.5249 -0.2394
vn 0.8168 0.5749 0.0491
vn 0.8200 -0.5292 -0.2180
vn 0.8200 0.5682 0.0697
vn 0.8200 0.5681 0.0697
vn 0.8200 0.5681 0.0698
vn 0.8239 0.5556 0.1115
vn 0.8240 0.5556 0.1115
vn 0.8240 0.5555 0.1116
vn 0.8248 0.5440 0.1540
vn -0.8239 0.5556 0.1115
vn 0.8239 0.5389 0.1755
vn 0.8223 0.5338 0.1969
vn -0.8202 -0.5290 -0.2179
vn -0.8200 0.5680 0.0697
vn 0.8200 -0.5680 -0.0696
vn -0.8170 -0.5248 -0.2391
vn -0.8168 0.5748 0.0492
vn -0.8169 0.5747 0.0492
vn 0.8169 -0.5747 -0.0492
vn 0.8169 -0.5746 -0.0492
vn 0.8170 -0.5746 -0.0492
vn -0.8130 -0.5208 -0.2603
vn -0.8130 -0.5209 -0.2603
vn -0.8129 -0.5210 -0.2604
vn -0.0131 -0.5183 -0.8551
vn -0.0031 -0.5504 -0.8349
vn -0.0469 0.9334 -0.3558
vn -0.0142 0.8873 -0.4610
vn -0.8127 0.5213 0.2602
vn -0.0519 -0.8883 0.4563
vn -0.0143 -0.9396 0.3421
vn -0.0609 -0.8735 0.4830
vn -0.0110 0.5141 0.8577
vn -0.0122 0.5088 0.8608
vn -0.0041 0.5430 0.8397
vn 0.8131 0.5815 0.0289
vn 0.8125 0.5822 0.0292
vn -0.8170 0.5248 0.2391
vn 0.8168 -0.5249 -0.2392
vn 0.8168 -0.5250 -0.2392
vn 0.8169 -0.5249 -0.2391
vn 0.8168 0.5748 0.0492
vn 0.8169 0.5746 0.0492
vn 0.8166 0.5751 0.0493
vn -0.8200 -0.5680 -0.0696
vn 0.8195 0.5687 0.0699
vn -0.8218 0.5346 0.1969
vn 0.8222 0.5618 0.0913
vn -0.8240 0.5387 0.1755
vn 0.8240 -0.5388 -0.1754
vn -0.8246 0.5444 0.1541
vn 0.8248 -0.5441 -0.1541
vn 0.8246 0.5497 0.1335
vn 0.8248 0.5497 0.1327
vn -0.8244 0.5501 0.1329
vn -0.8249 0.5494 0.1327
vn 0.8249 0.5440 0.1540
vn 0.8247 0.5441 0.1545
vn -0.8226 0.5614 0.0903
vn 0.8224 0.5337 0.1967
vn 0.8220 0.5340 0.1981
vn -0.8200 -0.5292 -0.2181
vn -0.8199 -0.5293 -0.2182
vn -0.8198 0.5684 0.0696
vn -0.8203 0.5677 0.0694
vn 0.8201 -0.5680 -0.0695
vn 0.8201 0.5290 0.2181
vn -0.8167 0.5750 0.0491
vn 0.8169 -0.5748 -0.0490
vn 0.8167 0.5249 0.2395
vn -0.8125 0.5822 0.0291
vn 0.5212 0.8438 0.1281
vn 0.5212 0.8438 0.1282
vn -0.0012 -0.5195 -0.8545
vn -0.0048 -0.5098 -0.8603
vn -0.0056 -0.5076 -0.8616
vn -0.0529 0.8934 -0.4462
vn -0.0000 0.9548 -0.2972
vn -0.0078 0.9475 -0.3197
vn -0.8131 -0.5815 -0.0288
vn -0.8130 -0.5816 -0.0292
vn -0.0605 -0.8929 0.4463
vn -0.0214 -0.9362 0.3509
vn -0.0739 -0.8752 0.4781
vn -0.0144 0.5375 0.8432
vn -0.0044 0.5148 0.8573
vn -0.0168 0.5430 0.8396
vn 0.8132 -0.5207 -0.2600
vn 0.8132 -0.5206 -0.2600
vn -0.8169 -0.5747 -0.0492
vn -0.8169 0.5249 0.2393
vn 0.8171 -0.5246 -0.2392
vn -0.8200 -0.5681 -0.0701
vn 0.8201 -0.5291 -0.2182
vn 0.8200 -0.5291 -0.2182
vn 0.8200 -0.5292 -0.2183
vn 0.8226 -0.5336 -0.1966
vn 0.8227 -0.5335 -0.1965
vn 0.8227 -0.5334 -0.1965
vn -0.8241 -0.5553 -0.1115
vn 0.8241 -0.5386 -0.1753
vn -0.8248 -0.5496 -0.1328
vn -0.8247 0.5441 0.1541
vn -0.8247 0.5442 0.1541
vn 0.8245 -0.5443 -0.1545
vn 0.8246 -0.5443 -0.1544
vn 0.8249 0.5496 0.1327
vn -0.8249 -0.5438 -0.1540
vn -0.8249 -0.5439 -0.1541
vn 0.8250 0.5437 0.1544
vn 0.8249 0.5439 0.1542
vn 0.8249 0.5438 0.1543
vn 0.8241 -0.5553 -0.1114
vn 0.8239 -0.5556 -0.1116
vn 0.8223 -0.5618 -0.0906
vn 0.8222 -0.5619 -0.0906
vn -0.8197 -0.5296 -0.2181
vn 0.8201 -0.5679 -0.0698
vn 0.8199 -0.5682 -0.0700
vn 0.8199 -0.5683 -0.0701
vn 0.8168 -0.5748 -0.0493
vn 0.8166 -0.5751 -0.0496
vn 0.8165 -0.5752 -0.0497
vn 0.8169 0.5249 0.2391
vn -0.0605 0.8929 0.4463
vn -0.0214 0.9362 0.3509
vn -0.0144 -0.5375 0.8432
vn -0.0044 -0.5148 0.8573
vn -0.8130 0.5816 -0.0290
vn -0.8129 0.5816 -0.0290
vn -0.8131 -0.5207 0.2601
vn -0.8131 -0.5208 0.2601
vn 0.0135 0.5494 -0.8354
vn 0.0772 0.5488 -0.8324
vn -0.0049 0.5197 -0.8543
vn -0.0220 -0.9339 -0.3570
vn -0.0509 -0.8922 -0.4488
vn -0.0593 -0.8805 -0.4703
vn 0.9433 0.2376 -0.2318
vn 0.9433 0.2376 -0.2317
vn 0.5208 -0.8441 0.1278
vn 0.8132 0.5208 -0.2599
vn -0.8202 0.5679 -0.0696
vn -0.8198 0.5683 -0.0700
vn -0.8199 0.5682 -0.0700
vn 0.8169 0.5248 -0.2394
vn -0.8223 0.5618 -0.0906
vn -0.8222 0.5619 -0.0907
vn -0.8224 -0.5337 0.1967
vn 0.8201 0.5291 -0.2182
vn -0.8241 0.5554 -0.1116
vn -0.8239 0.5556 -0.1117
vn -0.8241 -0.5386 0.1754
vn 0.8224 0.5337 -0.1971
vn -0.8250 0.5494 -0.1325
vn -0.8248 0.5496 -0.1328
vn -0.8247 0.5497 -0.1328
vn -0.8248 -0.5441 0.1541
vn -0.8247 0.5441 -0.1543
vn 0.8248 0.5440 -0.1543
vn 0.8248 -0.5441 0.1540
vn 0.8247 -0.5441 0.1540
vn -0.8226 0.5335 -0.1965
vn -0.8227 0.5335 -0.1965
vn 0.8240 0.5555 -0.1114
vn 0.8240 0.5555 -0.1116
vn 0.8240 -0.5387 0.1755
vn 0.8239 -0.5388 0.1756
vn -0.8201 0.5291 -0.2182
vn -0.8200 0.5292 -0.2183
vn 0.8224 0.5616 -0.0907
vn -0.8168 0.5250 -0.2394
vn 0.8200 0.5681 -0.0697
vn 0.8203 0.5677 -0.0696
vn 0.8202 -0.5289 0.2179
vn -0.8133 0.5206 -0.2599
vn 0.8165 0.5752 -0.0493
vn 0.8170 0.5746 -0.0492
vn 0.8169 -0.5249 0.2391
vn -0.9835 -0.0000 0.1807
vn 0.9842 -0.0000 0.1768
vn -0.9842 -0.0000 0.1769
vn 0.9835 -0.0000 0.1806
vn -0.0000 0.9673 0.2538
vn -0.0000 0.9673 0.2537
vn -0.0000 -0.9673 0.2538
vn -0.0000 -0.0000 1.0000
vn -0.0000 -0.9659 0.2590
vn -0.0000 0.9659 0.2590
vn -0.9821 -0.0000 -0.1885
vn 0.9817 -0.0000 -0.1903
vn -0.9852 -0.0003 -0.1713
vn -0.9844 -0.0000 -0.1762
vn -0.9843 -0.0000 -0.1765
vn -0.9843 -0.0000 -0.1764
vn -0.0000 -0.9629 -0.2699
vn -0.0001 -0.9623 -0.2721
vn -0.0001 -0.9623 -0.2722
vn -0.0001 0.9623 -0.2721
vn -0.0000 0.9629 -0.2699
vn -0.0001 0.9623 -0.2722
vn -0.0000 -0.0000 -1.0000
vn 0.6091 -0.0000 0.7931
vn 0.6067 -0.0000 0.7949
vn 0.3545 -0.0001 -0.9350
vn -0.6077 0.0001 -0.7942
vn -0.8033 -0.0009 -0.5956
vn -0.7943 -0.0006 0.6076
vn 0.6076 -0.0000 0.7942
vn 0.6078 -0.0000 0.7941
vn 0.1244 -0.9788 0.1626
vn 1.0000 -0.0000 -0.0000
vn 0.6059 -0.0000 0.7955
vn 0.6075 -0.0000 0.7943
vn 0.5901 -0.0000 0.8073
vn 0.9773 0.0009 0.2118
vn 0.5922 -0.0000 0.8058
vn 0.6077 -0.0000 0.7942
vn 0.6074 -0.0000 0.7944
vn 0.6073 -0.0000 0.7944
vn -0.9623 -0.0000 -0.2721
vn -0.0000 1.0000 -0.0000
vn -1.0000 -0.0000 -0.0000
vn 0.6088 -0.0000 0.7933
vn 0.6071 -0.0000 0.7946
vn 0.9955 -0.0000 0.0952
vn -0.3552 -0.0000 -0.9348
vn 0.1285 0.0001 -0.9917
vn -0.6075 -0.0000 0.7943
vn -0.6074 -0.0000 0.7944
vn -0.6085 -0.0000 0.7935
vn -0.1077 -0.0000 -0.9942
vn -0.6076 -0.0000 -0.7943
vn -0.2355 -0.9218 -0.3079
vn -0.6078 -0.0000 -0.7941
vn -0.6079 -0.0000 -0.7940
vn -0.6101 0.0024 -0.7923
vn -0.6085 -0.0000 -0.7936
vn -0.6077 -0.0000 -0.7942
vn -0.6077 0.0004 -0.7942
vn 0.6077 -0.0000 -0.7941
vn 0.6078 -0.0001 -0.7941
vn 0.6076 0.0003 -0.7942
vn 0.1551 -0.0000 0.9879
vn 0.6075 -0.0000 -0.7943
vn 0.6077 -0.0004 -0.7942
vn 0.6076 -0.0000 -0.7943
vn 0.6076 -0.0000 -0.7942
vn 0.6077 -0.0000 -0.7942
vn 0.6071 -0.0000 -0.7946
vn 0.6099 0.0022 -0.7925
vn 0.6078 0.0006 -0.7941
vn 0.6080 -0.0000 -0.7940
vn -0.0000 0.4636 0.8860
vn -0.0000 0.4636 0.8861
vn -0.0000 -0.7920 0.6105
vn -0.0000 0.4645 0.8856
vn -0.0000 0.4657 0.8850
vn -0.0000 0.4648 0.8854
vn -0.0000 -0.4644 0.8856
vn -0.0000 -0.9197 0.3925
vn -0.0000 -0.4651 0.8853
vn -0.0000 -0.4643 0.8857
vn -0.0000 -0.4644 -0.8856
vn -0.0000 -0.4653 -0.8851
vn -0.0000 -0.4643 -0.8857
vn 0.0030 -0.4659 -0.8849
vn 0.0006 -0.4643 -0.8857
vn -0.0000 0.4645 -0.8856
vn -0.0000 0.4643 -0.8857
vn 0.0013 0.4640 -0.8858
vn -0.0000 0.4644 -0.8856
vn 0.0001 0.4644 -0.8856
vn -0.0011 0.4639 -0.8859
vn 0.9852 -0.0000 -0.1714
vn 0.9852 -0.0000 -0.1713
vn 0.6435 0.0001 -0.7654
vn -0.0000 0.9692 -0.2462
vn -0.0000 0.7926 -0.6098
vn -0.0000 -0.9195 -0.3930
vn -0.0000 -0.9192 -0.3937
vn 0.0001 -0.4646 -0.8855
vn -0.0000 -0.4646 -0.8855
vn -0.0030 -0.4661 -0.8847
vn -0.0000 -0.7914 -0.6113
vn -0.0000 -0.7904 -0.6126
vn -0.0000 -0.7892 -0.6141
vn -0.0000 0.4647 -0.8855
vn -0.7756 -0.5701 0.2709
vn -0.6834 -0.0118 0.7300
vn 0.6078 0.0005 0.7941
vn 0.6058 -0.0008 0.7956
vn 0.4508 0.8402 -0.3013
vn -0.9559 0.2766 0.0993
vn 0.6608 -0.0140 -0.7504
vn -0.9684 -0.0367 -0.2466
vn -0.6640 -0.0174 -0.7475
vn -0.6667 -0.0000 -0.7453
vn 0.9665 -0.0431 -0.2532
vn 0.9780 -0.0000 -0.2085
vn 0.9557 0.2771 0.0990
vn -0.9391 -0.0570 0.3390
vn 0.6804 -0.0137 0.7327
vn -0.5197 -0.8449 0.1271
vn -0.0000 0.5226 -0.8525
vn 0.0238 -0.9498 -0.3120
vn 0.0621 -0.8797 -0.4714
vn -0.0000 -0.9548 -0.2971
vn 0.8130 0.5815 -0.0289
vn 0.8129 0.5816 -0.0291
vn 0.8130 -0.5209 0.2601
vn 0.0183 -0.5140 -0.8576
vn -0.0000 -0.5226 -0.8526
vn 0.0631 0.9385 -0.3395
vn -0.5201 0.8445 0.1280
vn -0.5207 0.8441 0.1278
vn 0.0739 -0.8752 0.4781
vn 0.0168 0.5430 0.8396
vn 0.8127 0.5210 0.2610
vn 0.8128 0.5210 0.2606
vn -0.5205 0.8442 0.1280
vn 0.0609 -0.8735 0.4830
vn 0.0144 0.5454 0.8380
vn -0.0000 0.8635 -0.5044
vn 0.0619 -0.8736 0.4826
vn 0.0146 0.5452 0.8382
vn -0.9432 -0.2378 -0.2318
vn -0.5202 0.8444 0.1278
vn 0.0631 -0.8738 0.4822
vn 0.0149 0.5450 0.8383
vn 0.0643 -0.8740 0.4817
vn 0.0151 0.5446 0.8385
vn 0.8128 0.5212 0.2603
vn 0.0655 -0.8741 0.4813
vn 0.0153 0.5445 0.8386
vn 0.8133 0.5206 0.2600
vn 0.0668 -0.8743 0.4809
vn 0.0156 0.5443 0.8388
vn -0.9431 -0.2383 -0.2320
vn 0.0680 -0.8746 0.4801
vn 0.0158 0.5439 0.8390
vn -0.9432 -0.2380 -0.2318
vn 0.0695 -0.8746 0.4798
vn 0.0160 0.5438 0.8391
vn 0.8129 -0.5816 -0.0288
vn 0.0709 -0.8748 0.4793
vn 0.0164 0.5435 0.8393
vn 0.0724 -0.8751 0.4784
vn 0.0165 0.5431 0.8395
vn 0.0145 -0.5453 0.8381
vn -0.9433 0.2380 -0.2316
vn -0.5202 -0.8444 0.1279
vn 0.0149 0.5124 -0.8586
vn 0.0535 -0.9413 -0.3333
vn -0.5202 -0.8444 0.1280
vn 0.0153 0.5124 -0.8586
vn 0.0544 -0.9411 -0.3336
vn -0.9431 0.2382 -0.2321
vn 0.0155 0.5126 -0.8585
vn 0.0552 -0.9408 -0.3344
vn -0.9434 0.2375 -0.2316
vn 0.0158 0.5128 -0.8584
vn 0.0561 -0.9405 -0.3350
vn 0.0162 0.5129 -0.8583
vn 0.0570 -0.9404 -0.3354
vn 0.8130 0.5816 -0.0287
vn -0.9431 0.2383 -0.2321
vn 0.0165 0.5130 -0.8582
vn 0.0580 -0.9400 -0.3362
vn 0.8133 0.5812 -0.0289
vn 0.0002 -0.5050 0.8631
vn -0.9434 0.2376 -0.2315
vn 0.0168 0.5133 -0.8580
vn 0.0589 -0.9397 -0.3369
vn 0.0172 0.5134 -0.8580
vn 0.0599 -0.9395 -0.3373
vn 0.0176 0.5136 -0.8579
vn 0.0610 -0.9391 -0.3382
vn 0.0179 0.5139 -0.8577
vn 0.0620 -0.9388 -0.3389
vn 0.8129 0.5817 -0.0289
vn 0.7755 -0.5692 0.2730
vn 0.7756 -0.5701 0.2709
vn 0.7757 -0.5695 0.2720
vn -0.7025 -0.0000 -0.7117
vn -0.9373 -0.0466 0.3453
vn 0.6833 -0.0111 0.7301
vn 0.6543 -0.0105 0.7562
vn 0.6573 -0.0027 0.7536
vn 0.7756 -0.5693 0.2727
vn -0.7024 -0.0000 -0.7117
vn -0.4515 0.8398 -0.3014
vn 0.9559 0.2765 0.0990
vn -0.9377 -0.0474 0.3442
vn 0.6829 -0.0120 0.7304
vn -0.8373 -0.5463 -0.0222
vn 0.7758 -0.5688 0.2730
vn 0.9557 0.2769 0.0993
vn -0.9378 -0.0483 0.3439
vn 0.6828 -0.0122 0.7305
vn 0.7759 -0.5687 0.2730
vn -0.9378 -0.0492 0.3436
vn 0.6826 -0.0123 0.7307
vn 0.7757 -0.5692 0.2727
vn -0.7024 -0.0000 -0.7118
vn -0.9382 -0.0502 0.3426
vn 0.6821 -0.0125 0.7312
vn -0.4513 0.8399 -0.3013
vn -0.9381 -0.0512 0.3424
vn 0.6820 -0.0127 0.7313
vn -0.9384 -0.0523 0.3417
vn 0.6816 -0.0129 0.7316
vn -0.9386 -0.0533 0.3409
vn 0.6814 -0.0130 0.7318
vn -0.9388 -0.0545 0.3401
vn 0.6812 -0.0133 0.7320
vn -0.9389 -0.0557 0.3397
vn 0.6807 -0.0135 0.7325
vn 0.8369 -0.5469 -0.0217
vn 0.8372 -0.5465 -0.0220
vn -0.7759 -0.5687 0.2729
vn 0.4510 0.8402 -0.3012
vn -0.9560 0.2762 0.0991
vn 0.6665 -0.0000 -0.7455
vn -0.9420 -0.0435 -0.3326
vn -0.9420 -0.0435 -0.3327
vn -0.9780 -0.0000 -0.2088
vn 0.8370 -0.5468 -0.0223
vn 0.4511 0.8400 -0.3014
vn 0.6636 -0.0170 -0.7479
vn -0.9666 -0.0424 -0.2527
vn 0.9779 -0.0000 0.2091
vn -0.6486 0.0003 0.7612
vn 0.6631 -0.0167 -0.7483
vn -0.9668 -0.0416 -0.2520
vn 0.6629 -0.0163 -0.7485
vn -0.9671 -0.0409 -0.2510
vn 0.4510 0.8401 -0.3013
vn 0.6626 -0.0159 -0.7488
vn -0.9673 -0.0403 -0.2506
vn 0.6622 -0.0156 -0.7492
vn -0.9675 -0.0396 -0.2499
vn 0.6621 -0.0152 -0.7493
vn -0.9677 -0.0390 -0.2490
vn 0.8370 -0.5467 -0.0223
vn 0.6617 -0.0148 -0.7496
vn -0.9678 -0.0384 -0.2486
vn 0.4514 0.8399 -0.3014
vn 0.6615 -0.0145 -0.7498
vn -0.9680 -0.0378 -0.2480
vn 0.6613 -0.0143 -0.7500
vn -0.9682 -0.0372 -0.2472
vn 0.9375 0.0474 0.3446
vn -0.6831 0.0120 0.7302
vn -0.8373 -0.5464 0.0222
vn -0.7796 0.5707 0.2582
vn -0.8306 -0.5547 0.0497
vn 0.8018 -0.5735 -0.1677
vn -0.8127 -0.5696 0.1224
vn 0.8019 0.5734 -0.1678
vn -0.8129 0.5693 0.1225
vn 0.9378 0.0483 0.3439
vn -0.6828 0.0122 0.7305
vn -0.8371 -0.5467 0.0221
vn -0.8304 -0.5549 0.0496
vn 0.7904 0.5744 -0.2132
vn -0.8372 0.5465 0.0221
vn -0.9558 -0.2768 0.0993
vn 0.9379 0.0492 0.3435
vn -0.6825 0.0123 0.7307
vn 0.8372 0.5464 -0.0222
vn -0.7759 0.5687 0.2730
vn 0.7757 -0.5691 -0.2729
vn -0.8370 -0.5468 0.0223
vn -0.7796 0.5705 0.2583
vn -0.8338 -0.5509 0.0359
vn -0.7832 0.5720 0.2435
vn -0.8304 -0.5550 0.0498
vn -0.7869 0.5731 0.2286
vn 0.7867 -0.5735 -0.2284
vn -0.8269 -0.5587 0.0639
vn 0.8237 0.5616 -0.0784
vn -0.7906 0.5739 0.2135
vn 0.8202 0.5645 -0.0930
vn -0.7944 0.5741 0.1984
vn 0.8166 0.5671 -0.1078
vn -0.7982 0.5738 0.1832
vn 0.8130 0.5693 -0.1227
vn -0.8019 0.5733 0.1680
vn 0.8093 0.5710 -0.1377
vn -0.8056 0.5724 0.1528
vn 0.8056 0.5724 -0.1528
vn -0.8093 0.5710 0.1377
vn 0.8018 0.5735 -0.1680
vn -0.8129 0.5693 0.1226
vn 0.7982 0.5739 -0.1832
vn -0.8166 0.5671 0.1078
vn 0.7944 0.5741 -0.1984
vn -0.8202 0.5644 0.0930
vn 0.7907 0.5738 -0.2135
vn -0.8238 0.5615 0.0784
vn 0.7868 0.5733 -0.2286
vn 0.8270 -0.5586 -0.0640
vn -0.7868 -0.5733 0.2285
vn 0.8304 -0.5549 -0.0498
vn 0.7796 0.5705 -0.2583
vn -0.8339 0.5507 0.0359
vn 0.8337 -0.5511 -0.0359
vn -0.7793 -0.5709 0.2582
vn 0.7758 0.5688 -0.2730
vn 0.9380 0.0502 0.3430
vn -0.6823 0.0125 0.7310
vn 0.8305 -0.5549 -0.0496
vn 0.9382 0.0512 0.3422
vn -0.6819 0.0127 0.7313
vn -0.7758 0.5690 0.2729
vn -0.7868 0.5734 0.2283
vn 0.6491 -0.0001 -0.7607
vn -0.8236 -0.5618 0.0781
vn 0.7944 -0.5741 -0.1983
vn -0.8054 0.5727 0.1526
vn -0.8129 0.5694 0.1225
vn 0.7980 0.5741 -0.1830
vn 0.8166 -0.5671 -0.1076
vn 0.7905 0.5741 -0.2133
vn -0.8271 0.5584 0.0637
vn -0.7794 -0.5709 0.2581
vn 0.9384 0.0523 0.3417
vn -0.6818 0.0129 0.7314
vn -0.7758 0.5688 0.2730
vn -0.7795 0.5707 0.2584
vn -0.8337 -0.5511 0.0359
vn -0.8303 -0.5550 0.0498
vn -0.7868 0.5733 0.2286
vn 0.7868 -0.5733 -0.2284
vn -0.8270 -0.5586 0.0640
vn -0.7945 0.5740 0.1984
vn -0.8200 -0.5648 0.0928
vn -0.7981 0.5740 0.1832
vn -0.8129 0.5694 0.1227
vn 0.7981 0.5740 -0.1832
vn 0.8164 -0.5673 -0.1076
vn -0.7980 -0.5742 0.1830
vn -0.8201 0.5646 0.0930
vn 0.8200 -0.5648 -0.0928
vn -0.7942 -0.5744 0.1982
vn 0.7906 0.5739 -0.2135
vn -0.8237 0.5616 0.0784
vn 0.7869 0.5732 -0.2286
vn -0.7868 -0.5734 0.2284
vn 0.7831 0.5722 -0.2435
vn 0.8303 -0.5551 -0.0498
vn -0.7830 -0.5724 0.2434
vn 0.7795 0.5707 -0.2584
vn -0.6491 -0.0001 0.7607
vn 0.9385 0.0534 0.3411
vn -0.6814 0.0131 0.7318
vn -0.7831 0.5723 0.2432
vn 0.8129 0.5694 -0.1224
vn 0.7831 0.5723 -0.2432
vn 0.9388 0.0546 0.3402
vn -0.6810 0.0133 0.7322
vn -0.6488 -0.0000 0.7609
vn -0.7831 0.5724 0.2432
vn 0.7870 -0.5731 -0.2285
vn -0.7905 0.5740 0.2133
vn -0.6492 -0.0000 0.7606
vn 0.8019 -0.5734 -0.1679
vn -0.7905 -0.5741 0.2133
vn 0.8340 -0.5506 -0.0358
vn -0.7795 -0.5708 0.2581
vn 0.9389 0.0557 0.3397
vn -0.6808 0.0135 0.7323
vn -0.8337 -0.5510 0.0359
vn -0.7832 0.5722 0.2435
vn -0.7869 0.5732 0.2286
vn 0.8238 0.5615 -0.0784
vn -0.7907 0.5738 0.2135
vn 0.8201 0.5646 -0.0930
vn -0.8200 -0.5647 0.0928
vn 0.8166 0.5670 -0.1079
vn 0.8130 0.5692 -0.1227
vn 0.8092 0.5711 -0.1377
vn -0.8055 0.5725 0.1528
vn -0.8092 0.5711 0.1377
vn 0.8091 -0.5713 -0.1376
vn -0.8054 -0.5727 0.1526
vn 0.7869 0.5731 -0.2286
vn 0.7832 0.5720 -0.2435
vn 0.8303 -0.5550 -0.0498
vn 0.7759 0.5687 -0.2730
vn 0.4510 -0.8402 -0.3012
vn -0.9556 -0.2775 0.0989
vn -0.9559 -0.2767 0.0990
vn 0.9391 0.0570 0.3390
vn -0.6803 0.0137 0.7328
vn -0.7758 0.5691 0.2727
vn 0.6642 0.0174 -0.7473
vn 0.6670 0.0001 -0.7450
vn 0.7756 -0.5691 -0.2730
vn 0.7761 -0.5687 -0.2725
vn -0.8373 -0.5462 0.0222
vn 0.8339 0.5507 -0.0361
vn 0.8341 0.5505 -0.0361
vn 0.8340 0.5506 -0.0362
vn -0.7795 0.5708 0.2580
vn 0.7792 -0.5712 -0.2580
vn 0.7795 -0.5708 -0.2580
vn -0.8341 -0.5504 0.0357
vn 0.8306 0.5546 -0.0498
vn 0.8305 0.5548 -0.0496
vn 0.7830 -0.5725 -0.2434
vn 0.7835 -0.5718 -0.2432
vn 0.8269 0.5588 -0.0635
vn -0.7868 0.5735 0.2282
vn 0.7867 -0.5736 -0.2283
vn 0.7871 -0.5731 -0.2282
vn -0.8274 -0.5579 0.0637
vn 0.8235 0.5620 -0.0779
vn -0.7906 0.5740 0.2131
vn 0.7904 -0.5744 -0.2130
vn 0.7907 -0.5739 -0.2131
vn -0.8238 -0.5615 0.0783
vn 0.8199 0.5650 -0.0925
vn -0.7943 0.5744 0.1980
vn 0.7942 -0.5746 -0.1977
vn 0.7945 -0.5741 -0.1980
vn -0.8203 -0.5643 0.0929
vn 0.8165 0.5673 -0.1075
vn 0.8165 0.5673 -0.1073
vn -0.7977 0.5746 0.1829
vn 0.7979 -0.5744 -0.1830
vn 0.7982 -0.5740 -0.1828
vn -0.8167 -0.5670 0.1076
vn 0.8128 0.5696 -0.1222
vn -0.8018 0.5736 0.1676
vn 0.8017 -0.5738 -0.1676
vn 0.8019 -0.5734 -0.1676
vn -0.8128 -0.5695 0.1226
vn 0.8091 0.5715 -0.1373
vn -0.8055 0.5727 0.1524
vn 0.8054 -0.5727 -0.1527
vn 0.8057 -0.5724 -0.1524
vn -0.8094 -0.5709 0.1376
vn 0.8054 0.5729 -0.1524
vn -0.8092 0.5712 0.1373
vn 0.8090 -0.5717 -0.1366
vn 0.8093 -0.5711 -0.1373
vn -0.8057 -0.5723 0.1527
vn -0.8126 0.5698 0.1223
vn 0.8127 -0.5696 -0.1227
vn 0.8130 -0.5693 -0.1223
vn 0.7978 0.5746 -0.1827
vn 0.7980 0.5742 -0.1828
vn -0.8165 0.5673 0.1073
vn 0.8164 -0.5674 -0.1073
vn 0.8167 -0.5670 -0.1074
vn -0.7983 -0.5738 0.1830
vn 0.7942 0.5745 -0.1980
vn 0.7943 0.5744 -0.1980
vn -0.8201 0.5647 0.0926
vn 0.8199 -0.5649 -0.0928
vn 0.8202 -0.5646 -0.0926
vn -0.7945 -0.5740 0.1982
vn -0.8236 0.5618 0.0780
vn 0.8235 -0.5620 -0.0779
vn 0.8237 -0.5616 -0.0780
vn -0.7907 -0.5738 0.2134
vn 0.8269 -0.5588 -0.0636
vn 0.8271 -0.5584 -0.0636
vn -0.7870 -0.5731 0.2284
vn 0.7831 0.5724 -0.2431
vn 0.7830 0.5724 -0.2432
vn 0.8307 -0.5545 -0.0499
vn 0.8306 -0.5547 -0.0495
vn -0.7833 -0.5721 0.2434
vn 0.7794 0.5709 -0.2580
vn 0.8340 -0.5506 -0.0356
vn -0.7797 -0.5705 0.2582
vn 0.7757 0.5692 -0.2727
vn -0.6636 0.0170 -0.7479
vn 0.9665 0.0423 -0.2531
vn -0.8370 0.5468 -0.0223
vn 0.8372 -0.5465 0.0223
vn -0.8337 0.5510 -0.0359
vn 0.8339 -0.5507 0.0359
vn -0.8304 0.5549 -0.0498
vn -0.7832 -0.5722 -0.2435
vn 0.8305 -0.5547 0.0498
vn -0.7869 -0.5732 -0.2286
vn 0.7907 0.5738 0.2134
vn -0.7906 -0.5739 -0.2135
vn 0.8237 -0.5616 0.0784
vn -0.8200 0.5648 -0.0928
vn -0.7944 -0.5741 -0.1984
vn 0.8201 -0.5646 0.0930
vn -0.7982 -0.5739 -0.1832
vn -0.8128 0.5694 -0.1225
vn -0.8091 0.5714 -0.1375
vn 0.8090 -0.5714 0.1376
vn -0.8054 0.5727 -0.1526
vn -0.8092 -0.5711 -0.1377
vn 0.8056 -0.5724 0.1528
vn -0.8130 -0.5692 -0.1227
vn 0.8019 -0.5733 0.1680
vn 0.7981 -0.5740 0.1832
vn -0.8201 -0.5646 -0.0930
vn 0.7944 -0.5741 0.1984
vn -0.8237 -0.5616 -0.0784
vn 0.8271 0.5585 0.0640
vn -0.7831 0.5723 -0.2434
vn 0.8305 0.5548 0.0499
vn -0.8304 -0.5550 -0.0497
vn 0.8340 0.5506 0.0359
vn -0.8338 -0.5510 -0.0358
vn -0.4515 -0.8398 -0.3014
vn 0.9558 -0.2766 0.0991
vn -0.6634 0.0167 -0.7480
vn 0.9668 0.0417 -0.2521
vn -0.8371 0.5466 -0.0223
vn 0.7756 0.5692 0.2729
vn -0.7759 -0.5687 -0.2730
vn -0.8336 0.5512 -0.0356
vn 0.8338 -0.5508 0.0357
vn -0.8306 0.5547 -0.0499
vn 0.7830 0.5724 0.2433
vn -0.7833 -0.5720 -0.2435
vn -0.8270 0.5585 -0.0640
vn 0.7866 0.5736 0.2284
vn -0.7870 -0.5730 -0.2286
vn -0.6487 0.0001 -0.7611
vn 0.9282 -0.0001 -0.3720
vn 0.8202 -0.5645 0.0930
vn 0.7982 0.5739 0.1829
vn 0.8129 -0.5693 0.1226
vn 0.8054 0.5728 0.1525
vn -0.8057 -0.5723 -0.1528
vn 0.8091 0.5714 0.1374
vn 0.6491 0.0001 0.7607
vn -0.8094 -0.5709 -0.1377
vn 0.8128 0.5696 0.1224
vn -0.8131 -0.5691 -0.1227
vn 0.8018 -0.5735 0.1680
vn -0.8167 -0.5670 -0.1078
vn 0.7984 -0.5736 0.1831
vn -0.8203 -0.5643 -0.0930
vn 0.7943 -0.5742 0.1984
vn 0.8235 0.5619 0.0781
vn -0.8238 -0.5615 -0.0784
vn 0.8269 0.5588 0.0639
vn 0.8303 0.5551 0.0498
vn 0.8369 0.5470 0.0222
vn -0.6629 0.0162 -0.7485
vn 0.9671 0.0409 -0.2510
vn 0.7869 0.5732 0.2283
vn 0.8237 -0.5615 0.0782
vn 0.8167 -0.5670 0.1076
vn 0.8131 -0.5692 0.1225
vn -0.8092 0.5712 -0.1374
vn 0.8094 -0.5709 0.1375
vn 0.7945 -0.5741 0.1982
vn 0.7907 -0.5738 0.2133
vn 0.8336 0.5511 0.0359
vn 0.9560 -0.2763 0.0991
vn -0.6626 0.0159 -0.7488
vn 0.9673 0.0402 -0.2505
vn -0.7760 -0.5686 -0.2730
vn 0.8305 -0.5548 0.0495
vn -0.8269 0.5587 -0.0639
vn -0.8235 0.5619 -0.0782
vn -0.8164 0.5673 -0.1076
vn -0.7981 -0.5740 -0.1832
vn 0.8166 -0.5671 0.1078
vn 0.8130 -0.5693 0.1223
vn 0.8055 0.5725 0.1528
vn 0.8093 -0.5710 0.1377
vn 0.8092 0.5711 0.1376
vn -0.8093 -0.5710 -0.1377
vn 0.8128 0.5694 0.1226
vn 0.8201 0.5647 0.0929
vn 0.7944 -0.5742 0.1984
vn -0.7905 0.5741 -0.2133
vn 0.8304 0.5549 0.0498
vn 0.8338 0.5509 0.0359
vn -0.7758 0.5690 -0.2728
vn -0.4519 -0.8396 -0.3014
vn -0.6625 0.0156 -0.7489
vn 0.9674 0.0396 -0.2501
vn -0.8338 0.5509 -0.0359
vn 0.7792 0.5711 0.2582
vn -0.7797 -0.5704 -0.2583
vn 0.8339 -0.5508 0.0358
vn -0.8305 0.5547 -0.0499
vn -0.8271 0.5584 -0.0640
vn 0.7867 0.5735 0.2283
vn 0.7904 0.5742 0.2133
vn -0.7907 -0.5738 -0.2135
vn -0.7945 -0.5740 -0.1984
vn 0.7979 0.5743 0.1830
vn -0.7982 -0.5738 -0.1832
vn -0.8019 -0.5733 -0.1680
vn 0.8130 -0.5692 0.1227
vn 0.8053 0.5728 0.1526
vn -0.8053 0.5729 -0.1524
vn 0.8091 0.5714 0.1375
vn -0.8018 0.5735 -0.1679
vn -0.8164 -0.5674 -0.1077
vn -0.7944 0.5742 -0.1983
vn -0.7906 0.5740 -0.2134
vn -0.8238 -0.5615 -0.0785
vn 0.8268 0.5589 0.0639
vn -0.8273 -0.5581 -0.0639
vn 0.8302 0.5552 0.0497
vn 0.8337 0.5511 0.0359
vn 0.7795 -0.5707 0.2584
vn -0.4510 -0.8402 -0.3012
vn 0.9559 -0.2764 0.0993
vn -0.6620 0.0152 -0.7494
vn 0.9677 0.0390 -0.2490
vn -0.8375 0.5460 -0.0221
vn 0.7759 0.5688 0.2729
vn -0.8341 0.5504 -0.0357
vn -0.7794 -0.5709 -0.2580
vn 0.8338 -0.5510 0.0358
vn -0.8309 0.5543 -0.0496
vn -0.7831 -0.5724 -0.2432
vn -0.8274 0.5579 -0.0637
vn -0.7869 -0.5734 -0.2282
vn 0.8270 -0.5586 0.0638
vn -0.7905 -0.5741 -0.2131
vn 0.8235 -0.5620 0.0779
vn -0.7943 -0.5744 -0.1980
vn 0.8199 -0.5649 0.0925
vn -0.8167 0.5670 -0.1076
vn -0.7980 -0.5742 -0.1828
vn 0.8164 -0.5675 0.1073
vn -0.8018 -0.5735 -0.1676
vn 0.8128 -0.5696 0.1222
vn -0.8094 0.5709 -0.1376
vn -0.8055 -0.5726 -0.1524
vn 0.8090 -0.5715 0.1373
vn -0.8092 -0.5712 -0.1373
vn 0.8054 -0.5728 0.1524
vn -0.8020 0.5732 -0.1678
vn 0.8130 0.5693 0.1225
vn -0.8128 -0.5696 -0.1223
vn 0.8016 -0.5738 0.1676
vn 0.6493 -0.0000 0.7606
vn -0.8165 -0.5673 -0.1073
vn 0.7979 -0.5744 0.1828
vn -0.7945 0.5740 -0.1982
vn 0.7942 -0.5745 0.1980
vn -0.7908 0.5736 -0.2134
vn -0.8236 -0.5618 -0.0780
vn 0.7904 -0.5743 0.2131
vn 0.8273 0.5581 0.0637
vn 0.7868 -0.5735 0.2282
vn -0.7833 0.5720 -0.2434
vn 0.8307 0.5545 0.0495
vn 0.7830 -0.5725 0.2432
vn -0.7796 0.5705 -0.2582
vn 0.8340 0.5506 0.0357
vn 0.7793 -0.5711 0.2580
vn -0.7759 0.5687 -0.2729
vn 0.8373 0.5463 0.0220
vn -0.6619 0.0149 -0.7495
vn 0.9678 0.0384 -0.2486
vn -0.8370 0.5467 -0.0223
vn -0.7760 -0.5687 -0.2730
vn 0.7795 0.5708 0.2582
vn 0.7831 0.5722 0.2434
vn -0.7869 -0.5731 -0.2286
vn 0.7905 0.5741 0.2134
vn -0.7908 -0.5736 -0.2135
vn 0.8238 -0.5615 0.0784
vn 0.8202 -0.5644 0.0930
vn -0.8164 0.5675 -0.1075
vn -0.7981 -0.5741 -0.1829
vn -0.8127 0.5696 -0.1224
vn 0.8018 0.5735 0.1678
vn -0.8020 -0.5733 -0.1680
vn -0.8017 0.5737 -0.1677
vn -0.8167 -0.5669 -0.1078
vn 0.7982 -0.5739 0.1832
vn 0.7944 -0.5741 0.1983
vn -0.7907 0.5739 -0.2133
vn 0.8269 0.5587 0.0639
vn 0.7869 -0.5731 0.2286
vn 0.8304 0.5550 0.0498
vn 0.7835 -0.5718 0.2434
vn 0.8370 0.5468 0.0223
vn -0.4516 -0.8398 -0.3014
vn -0.6612 0.0145 -0.7501
vn 0.9680 0.0378 -0.2483
vn 0.7793 0.5709 0.2582
vn -0.7832 -0.5720 -0.2435
vn 0.7942 0.5745 0.1981
vn -0.7945 -0.5739 -0.1984
vn 0.7980 0.5743 0.1830
vn -0.8056 0.5725 -0.1527
vn 0.8018 -0.5734 0.1680
vn 0.7983 -0.5737 0.1831
vn -0.8202 -0.5644 -0.0930
vn 0.8236 0.5618 0.0781
vn -0.8307 -0.5545 -0.0498
vn 0.7832 -0.5720 0.2435
vn 0.7795 -0.5706 0.2584
vn -0.4509 -0.8402 -0.3012
vn 0.9558 -0.2768 0.0991
vn -0.6612 0.0142 -0.7500
vn 0.9682 0.0372 -0.2474
vn -0.8374 0.5462 -0.0221
vn -0.9780 0.0001 0.2087
vn -0.7756 -0.5692 -0.2728
vn -0.8340 0.5505 -0.0359
vn -0.8274 0.5580 -0.0637
vn 0.8235 -0.5619 0.0780
vn -0.8203 0.5643 -0.0929
vn 0.7944 0.5741 0.1982
vn -0.8018 -0.5736 -0.1676
vn -0.8055 -0.5727 -0.1524
vn 0.8091 -0.5714 0.1373
vn -0.8057 0.5723 -0.1527
vn 0.8093 0.5711 0.1375
vn -0.8128 -0.5696 -0.1222
vn -0.7908 0.5737 -0.2134
vn 0.8272 0.5583 0.0637
vn 0.7867 -0.5736 0.2282
vn 0.8307 0.5546 0.0495
vn -0.8303 -0.5551 -0.0497
vn -0.8339 -0.5508 -0.0359
vn 0.7794 -0.5710 0.2580
vn -0.7760 0.5686 -0.2729
vn 0.8374 0.5462 0.0221
vn -0.6608 0.0140 -0.7504
vn 0.9684 0.0367 -0.2469
vn -0.8369 0.5470 -0.0222
vn 0.7750 0.5699 0.2730
vn 0.7753 0.5695 0.2730
vn -0.9780 -0.0002 0.2084
vn 0.6835 0.0118 0.7299
vn -0.6055 -0.0003 0.7959
vn -0.6072 0.0006 0.7946
vn 0.8370 -0.5467 0.0223
vn 0.8367 -0.5473 0.0204
vn 0.8370 -0.5468 0.0212
vn -0.8336 0.5512 -0.0358
vn 0.7795 0.5706 0.2583
vn 0.8337 -0.5510 0.0359
vn 0.8335 -0.5515 0.0339
vn 0.8337 -0.5511 0.0349
vn -0.8303 0.5551 -0.0498
vn 0.7823 0.5734 0.2435
vn 0.7826 0.5730 0.2434
vn 0.7833 0.5719 0.2435
vn 0.8303 -0.5550 0.0498
vn 0.8303 -0.5552 0.0488
vn 0.8304 -0.5550 0.0491
vn 0.7857 0.5749 0.2285
vn 0.7862 0.5742 0.2285
vn 0.7870 0.5731 0.2286
vn 0.8270 -0.5586 0.0640
vn 0.8270 -0.5586 0.0634
vn -0.8235 0.5619 -0.0780
vn 0.8235 -0.5618 0.0783
vn 0.8233 -0.5624 0.0764
vn 0.8235 -0.5620 0.0774
vn 0.7935 0.5754 0.1982
vn 0.7939 0.5749 0.1982
vn 0.8200 -0.5648 0.0929
vn 0.8199 -0.5652 0.0909
vn -0.8164 0.5674 -0.1074
vn 0.7981 0.5739 0.1832
vn 0.8164 -0.5674 0.1077
vn 0.8160 -0.5684 0.1050
vn 0.8020 0.5733 0.1677
vn 0.8019 0.5734 0.1677
vn 0.8022 0.5729 0.1678
vn -0.8020 -0.5732 -0.1680
vn 0.8128 -0.5695 0.1226
vn 0.8126 -0.5703 0.1204
vn 0.8128 -0.5697 0.1217
vn -0.8091 0.5713 -0.1374
vn 0.8046 0.5738 0.1525
vn 0.8051 0.5732 0.1526
vn 0.8089 -0.5720 0.1357
vn 0.8091 -0.5715 0.1368
vn -0.8054 0.5728 -0.1524
vn 0.8084 0.5723 0.1374
vn 0.8087 0.5719 0.1375
vn 0.8094 0.5709 0.1377
vn 0.8054 -0.5732 0.1507
vn -0.8018 0.5736 -0.1677
vn 0.8120 0.5707 0.1223
vn 0.8123 0.5702 0.1224
vn 0.8131 0.5691 0.1227
vn 0.8017 -0.5737 0.1680
vn 0.8017 -0.5740 0.1668
vn 0.8018 -0.5738 0.1672
vn -0.7980 0.5743 -0.1829
vn 0.8154 0.5689 0.1073
vn 0.8159 0.5681 0.1074
vn 0.8167 0.5670 0.1078
vn 0.7979 -0.5743 0.1831
vn 0.7981 -0.5741 0.1829
vn 0.7981 -0.5742 0.1826
vn -0.7943 0.5744 -0.1981
vn 0.8193 0.5659 0.0925
vn 0.8203 0.5644 0.0930
vn 0.7942 -0.5743 0.1983
vn 0.7941 -0.5750 0.1969
vn 0.7942 -0.5746 0.1976
vn 0.8233 0.5625 0.0764
vn 0.8235 0.5618 0.0783
vn 0.7904 -0.5742 0.2135
vn -0.7868 0.5735 -0.2283
vn 0.8272 0.5583 0.0634
vn 0.7866 -0.5736 0.2286
vn 0.7867 -0.5735 0.2284
vn 0.7864 -0.5749 0.2257
vn 0.7866 -0.5741 0.2273
vn -0.7830 0.5724 -0.2433
vn 0.8303 0.5552 0.0486
vn 0.8303 0.5550 0.0498
vn -0.8306 -0.5546 -0.0496
vn 0.7830 -0.5724 0.2435
vn 0.7829 -0.5735 0.2412
vn 0.8334 0.5516 0.0338
vn -0.8340 -0.5507 -0.0357
vn 0.7793 -0.5710 0.2584
vn 0.7794 -0.5711 0.2577
vn 0.8367 0.5472 0.0204
vn 0.8370 0.5467 0.0223
vn 0.9554 -0.2778 0.1006
vn 0.6017 -0.0000 -0.7987
vn 0.6032 -0.0000 -0.7976
vn 0.6074 -0.0004 -0.7944
vn 0.9426 0.0436 -0.3311
vn 0.9462 0.0186 -0.3231
vn -0.8371 0.5467 -0.0221
vn -0.8368 0.5471 -0.0220
vn 0.8373 -0.5463 0.0222
vn -0.8334 0.5516 -0.0356
vn -0.8304 0.5550 -0.0496
vn -0.8271 0.5585 -0.0637
vn -0.8268 0.5589 -0.0637
vn -0.8238 0.5614 -0.0782
vn -0.8199 0.5649 -0.0927
vn -0.7943 -0.5742 -0.1982
vn 0.8202 -0.5644 0.0928
vn -0.8164 0.5673 -0.1075
vn -0.8160 0.5681 -0.1074
vn -0.8162 0.5677 -0.1075
vn -0.7980 -0.5741 -0.1830
vn 0.8166 -0.5670 0.1076
vn -0.8130 0.5692 -0.1224
vn -0.8128 0.5696 -0.1224
vn -0.8016 -0.5738 -0.1676
vn -0.8090 0.5715 -0.1374
vn -0.8091 -0.5715 -0.1371
vn -0.8017 0.5738 -0.1677
vn -0.7980 0.5742 -0.1829
vn -0.7976 0.5748 -0.1829
vn -0.8164 -0.5674 -0.1073
vn -0.8166 -0.5672 -0.1075
vn 0.7983 -0.5738 0.1830
vn -0.7943 0.5743 -0.1981
vn -0.7939 0.5748 -0.1981
vn 0.8202 0.5645 0.0927
vn -0.7905 0.5742 -0.2133
vn -0.7904 0.5743 -0.2133
vn -0.7868 0.5735 -0.2280
vn -0.7286 0.6375 -0.2505
vn -0.8270 -0.5587 -0.0633
vn 0.7869 -0.5732 0.2284
vn -0.7831 0.5724 -0.2429
vn -0.8304 -0.5549 -0.0496
vn -0.7796 0.5710 -0.2574
vn -0.8949 -0.4426 -0.0575
vn 0.7797 -0.5705 0.2582
vn -0.7755 0.5693 -0.2729
vn 0.8373 0.5464 0.0222
vn 0.9374 0.0465 0.3451
vn -0.6834 0.0111 0.7299
vn -0.6585 0.0106 0.7525
vn -0.6574 0.0027 0.7535
vn -0.7749 0.5700 0.2730
vn -0.8364 -0.5476 0.0219
vn -0.8367 -0.5472 0.0220
vn -0.7796 0.5706 0.2582
vn -0.8330 -0.5521 0.0354
vn -0.8333 -0.5517 0.0356
vn -0.7822 0.5735 0.2435
vn -0.7833 0.5720 0.2434
vn -0.8305 -0.5549 0.0497
vn -0.8301 -0.5554 0.0495
vn 0.8270 0.5586 -0.0638
vn -0.7855 0.5751 0.2285
vn -0.8269 -0.5587 0.0638
vn -0.8272 -0.5583 0.0638
vn -0.7904 0.5742 0.2134
vn -0.7907 0.5739 0.2133
vn -0.8228 -0.5629 0.0780
vn -0.8231 -0.5625 0.0781
vn -0.7934 0.5755 0.1982
vn -0.7945 0.5740 0.1982
vn -0.8199 -0.5653 0.0906
vn -0.7979 0.5744 0.1830
vn -0.8160 -0.5684 0.1049
vn -0.8013 0.5743 0.1678
vn -0.8019 0.5733 0.1678
vn -0.8126 -0.5703 0.1203
vn -0.8130 -0.5692 0.1225
vn -0.8045 0.5740 0.1525
vn -0.8092 -0.5713 0.1373
vn -0.8093 -0.5710 0.1375
vn -0.8091 0.5714 0.1375
vn -0.8093 0.5710 0.1375
vn -0.8052 -0.5735 0.1507
vn -0.8119 0.5708 0.1223
vn -0.8017 -0.5739 0.1667
vn -0.8153 0.5691 0.1073
vn -0.7981 -0.5741 0.1825
vn -0.7982 -0.5739 0.1830
vn -0.8192 0.5660 0.0925
vn -0.7941 -0.5752 0.1966
vn -0.8228 0.5630 0.0780
vn -0.8238 0.5615 0.0782
vn -0.8268 0.5589 0.0638
vn -0.7862 -0.5752 0.2257
vn -0.8300 0.5556 0.0495
vn -0.7829 -0.5736 0.2412
vn 0.7793 0.5709 -0.2582
vn -0.8330 0.5522 0.0354
vn -0.7794 -0.5711 0.2576
vn -0.8364 0.5477 0.0218
vn -0.0724 0.8751 0.4785
vn -0.0166 -0.5431 0.8395
vn 0.5203 -0.8443 0.1278
vn -0.8168 0.5748 -0.0491
vn -0.8171 -0.5246 0.2390
vn -0.8200 -0.5292 0.2182
vn -0.8226 -0.5336 0.1967
vn 0.8202 -0.5678 0.0697
vn -0.8247 -0.5441 0.1543
vn -0.0000 0.8635 0.5044
vn -0.8199 0.5292 -0.2182
vn 0.8223 0.5619 -0.0904
vn -0.8167 0.5250 -0.2395
vn -0.8170 -0.5746 0.0490
vn 0.8199 0.5683 -0.0696
vn -0.8131 0.5208 -0.2600
vn -0.8131 -0.5815 0.0289
vn 0.8170 0.5745 -0.0492
vn 0.8168 -0.5249 0.2394
vn -0.0709 0.8748 0.4792
vn -0.0164 -0.5437 0.8391
vn -0.8202 -0.5288 0.2180
vn 0.8170 0.5247 -0.2391
vn 0.8242 -0.5553 0.1115
vn -0.8223 0.5339 -0.1969
vn 0.8242 0.5553 -0.1115
vn 0.8226 0.5614 -0.0905
vn -0.8168 0.5249 -0.2393
vn -0.8169 -0.5748 0.0490
vn 0.8203 -0.5288 0.2180
vn -0.8134 0.5203 -0.2603
vn -0.8130 -0.5815 0.0287
vn -0.0695 0.8746 0.4798
vn -0.0160 -0.5438 0.8391
vn -0.8131 0.5815 -0.0289
vn 0.8133 -0.5811 0.0291
vn 0.8170 -0.5745 0.0492
vn 0.8199 -0.5683 0.0696
vn 0.8223 -0.5619 0.0904
vn -0.8223 0.5338 -0.1969
vn -0.8132 0.5207 -0.2600
vn -0.0681 0.8744 0.4803
vn -0.0158 -0.5439 0.8390
vn -0.8202 -0.5289 0.2179
vn -0.8239 0.5556 -0.1115
vn 0.8240 -0.5556 0.1114
vn -0.8241 0.5386 -0.1753
vn -0.8202 0.5288 -0.2181
vn 0.8225 0.5615 -0.0905
vn -0.8171 0.5247 -0.2391
vn -0.0667 0.8743 0.4808
vn -0.0156 -0.5444 0.8387
vn 0.9433 0.2374 -0.2318
vn -0.8200 -0.5291 0.2182
vn 0.8225 -0.5615 0.0905
vn -0.8242 0.5385 -0.1753
vn 0.8240 0.5554 -0.1115
vn -0.8199 0.5292 -0.2184
vn 0.8202 0.5678 -0.0697
vn 0.8168 0.5749 -0.0489
vn -0.0655 0.8741 0.4813
vn -0.0153 -0.5445 0.8386
vn -0.8131 -0.5207 0.2602
vn 0.5202 -0.8444 0.1279
vn -0.8168 0.5749 -0.0491
vn -0.8199 -0.5293 0.2182
vn 0.8225 -0.5616 0.0905
vn 0.8239 -0.5557 0.1114
vn 0.8250 -0.5437 0.1539
vn -0.8200 0.5292 -0.2182
vn 0.8173 0.5741 -0.0492
vn -0.0643 0.8739 0.4818
vn -0.0151 -0.5446 0.8385
vn 0.8130 0.5210 -0.2601
vn 0.8173 -0.5741 0.0492
vn 0.8226 -0.5614 0.0905
vn -0.8249 -0.5438 0.1540
vn -0.8239 0.5388 -0.1756
vn 0.8247 0.5498 -0.1326
vn 0.8240 -0.5388 0.1755
vn -0.8201 0.5289 -0.2181
vn -0.0630 0.8738 0.4821
vn -0.0149 -0.5451 0.8382
vn 0.8133 -0.5811 0.0289
vn -0.8203 -0.5289 0.2179
vn -0.8240 0.5387 -0.1756
vn -0.8226 0.5336 -0.1967
vn -0.8171 0.5246 -0.2390
vn 0.8200 0.5682 -0.0696
vn -0.0619 0.8736 0.4826
vn -0.0147 -0.5452 0.8382
vn -0.8170 -0.5247 0.2393
vn -0.8202 -0.5290 0.2180
vn 0.8168 0.5249 -0.2394
vn -0.8225 -0.5336 0.1967
vn 0.8200 0.5292 -0.2180
vn 0.8199 -0.5683 0.0692
vn -0.8241 0.5553 -0.1115
vn -0.8239 -0.5388 0.1756
vn 0.8240 -0.5555 0.1116
vn 0.8246 -0.5499 0.1326
vn -0.8240 0.5388 -0.1756
vn -0.8202 0.5290 -0.2179
vn -0.8169 0.5246 -0.2395
vn -0.8129 0.5210 -0.2604
vn 0.8168 -0.5249 0.2395
vn -0.0609 0.8735 0.4830
vn -0.0122 -0.5087 0.8609
vn -0.0000 -0.5600 0.8285
vn -0.8169 -0.5249 0.2391
vn -0.8170 -0.5248 0.2391
vn 0.8125 -0.5821 0.0309
vn -0.8205 -0.5285 0.2179
vn -0.8200 -0.5292 0.2180
vn 0.8169 0.5249 -0.2392
vn 0.8166 -0.5750 0.0503
vn -0.8216 -0.5350 0.1970
vn 0.8194 -0.5688 0.0712
vn -0.8243 -0.5383 0.1753
vn -0.8242 -0.5384 0.1755
vn 0.8227 -0.5613 0.0896
vn 0.8224 -0.5618 0.0904
vn -0.8249 0.5496 -0.1327
vn -0.8245 -0.5444 0.1541
vn 0.8238 -0.5557 0.1118
vn -0.8243 -0.5503 0.1329
vn 0.8245 -0.5498 0.1338
vn 0.8247 -0.5498 0.1326
vn -0.8238 -0.5559 0.1115
vn 0.8247 -0.5441 0.1547
vn -0.8229 -0.5610 0.0903
vn 0.8243 -0.5385 0.1748
vn -0.8199 0.5293 -0.2182
vn -0.8196 -0.5685 0.0714
vn -0.8198 -0.5683 0.0705
vn 0.8216 -0.5344 0.1988
vn -0.8166 -0.5750 0.0502
vn -0.8167 -0.5749 0.0497
vn 0.8204 -0.5289 0.2173
vn -0.8125 -0.5821 0.0309
vn -0.8128 -0.5818 0.0300
vn 0.8168 -0.5251 0.2391
vn 0.9432 -0.2379 -0.2320
vn 0.5205 0.8442 0.1279
vn -0.0179 -0.5139 -0.8577
vn -0.0620 0.9388 -0.3389
vn -0.8170 -0.5745 -0.0492
vn -0.8199 -0.5683 -0.0696
vn 0.8202 -0.5290 -0.2179
vn -0.8225 -0.5616 -0.0905
vn -0.8246 -0.5499 -0.1326
vn -0.8240 0.5554 0.1115
vn 0.8242 0.5385 0.1753
vn -0.8226 0.5614 0.0905
vn -0.8201 0.5680 0.0695
vn -0.8168 0.5749 0.0489
vn 0.8168 -0.5749 -0.0491
vn 0.8171 0.5246 0.2391
vn -0.8132 0.5813 0.0290
vn -0.0176 -0.5137 -0.8578
vn -0.0609 0.9391 -0.3382
vn -0.8200 -0.5682 -0.0696
vn -0.8225 -0.5615 -0.0905
vn -0.8242 -0.5553 -0.1115
vn -0.8247 -0.5498 -0.1326
vn -0.8241 -0.5387 -0.1753
vn -0.8224 0.5618 0.0904
vn 0.8226 0.5335 0.1967
vn -0.8202 0.5678 0.0697
vn 0.8200 0.5291 0.2182
vn 0.8170 -0.5746 -0.0491
vn 0.8169 0.5247 0.2393
vn -0.8132 0.5813 0.0288
vn 0.9431 -0.2381 -0.2321
vn -0.0172 -0.5134 -0.8580
vn -0.0600 0.9395 -0.3373
vn -0.8129 -0.5816 -0.0289
vn 0.8171 -0.5245 -0.2390
vn -0.8202 -0.5678 -0.0697
vn 0.8202 -0.5289 -0.2179
vn -0.8226 -0.5614 -0.0905
vn 0.8247 0.5441 0.1541
vn -0.8242 0.5552 0.1115
vn -0.8223 0.5618 0.0904
vn 0.8199 0.5293 0.2182
vn -0.8171 0.5744 0.0491
vn 0.8168 0.5249 0.2393
vn 0.9433 -0.2377 -0.2318
vn -0.0168 -0.5133 -0.8580
vn -0.0589 0.9397 -0.3369
vn -0.8201 -0.5679 -0.0697
vn 0.8199 -0.5292 -0.2182
vn 0.8239 -0.5388 -0.1756
vn 0.8241 0.5553 0.1115
vn -0.8242 0.5553 0.1115
vn 0.8241 0.5387 0.1754
vn 0.8226 0.5336 0.1967
vn -0.8203 -0.5287 -0.2179
vn -0.8200 0.5682 0.0696
vn 0.9431 -0.2380 -0.2321
vn -0.0165 -0.5132 -0.8581
vn -0.0579 0.9400 -0.3362
vn -0.8171 -0.5744 -0.0491
vn 0.8199 -0.5293 -0.2182
vn -0.8240 -0.5554 -0.1115
vn 0.8239 -0.5389 -0.1756
vn 0.8247 0.5442 0.1543
vn -0.8225 0.5616 0.0905
vn -0.8199 0.5683 0.0694
vn 0.8202 0.5290 0.2179
vn 0.8170 -0.5746 -0.0490
vn 0.8168 0.5249 0.2395
vn -0.0161 -0.5129 -0.8583
vn -0.0570 0.9404 -0.3354
vn -0.8130 0.5208 0.2603
vn 0.8201 0.5680 0.0697
vn -0.8223 -0.5618 -0.0904
vn 0.8226 -0.5336 -0.1967
vn 0.8240 -0.5388 -0.1756
vn 0.8246 0.5442 0.1543
vn -0.8239 0.5557 0.1114
vn -0.8225 0.5615 0.0905
vn -0.8202 -0.5289 -0.2179
vn -0.8199 0.5683 0.0696
vn 0.8172 0.5245 0.2388
vn -0.0158 -0.5128 -0.8584
vn -0.0561 0.9405 -0.3350
vn -0.8132 0.5206 0.2600
vn 0.8173 -0.5245 -0.2388
vn 0.8203 -0.5289 -0.2179
vn -0.8224 -0.5618 -0.0904
vn -0.8240 0.5388 0.1755
vn 0.8247 0.5442 0.1539
vn -0.8240 0.5556 0.1114
vn 0.8199 -0.5682 -0.0695
vn -0.8170 -0.5247 -0.2391
vn -0.8132 -0.5207 -0.2601
vn 0.9433 -0.2377 -0.2317
vn -0.0156 -0.5124 -0.8586
vn -0.0552 0.9408 -0.3344
vn 0.8134 -0.5204 -0.2599
vn 0.8172 -0.5245 -0.2390
vn 0.8203 -0.5288 -0.2179
vn 0.8199 0.5682 0.0695
vn 0.8226 -0.5335 -0.1966
vn 0.8250 -0.5438 -0.1539
vn 0.8249 -0.5494 -0.1327
vn -0.8239 0.5556 0.1114
vn 0.8240 0.5387 0.1753
vn -0.0152 -0.5124 -0.8586
vn -0.0544 0.9411 -0.3336
vn 0.8199 0.5682 0.0697
vn -0.8226 -0.5615 -0.0905
vn -0.8239 0.5389 0.1755
vn -0.8240 -0.5388 -0.1755
vn -0.8240 0.5555 0.1116
vn -0.8168 0.5749 0.0488
vn 0.8169 0.5248 0.2391
vn -0.8128 0.5818 0.0288
vn -0.0149 -0.5124 -0.8586
vn -0.0535 0.9413 -0.3333
vn -0.8126 0.5215 0.2603
vn -0.8129 0.5211 0.2602
vn -0.0000 0.5600 0.8285
vn -0.0123 0.5087 0.8609
vn 0.8121 0.5827 0.0293
vn -0.8169 0.5249 0.2391
vn -0.8165 0.5254 0.2392
vn -0.8168 0.5251 0.2391
vn 0.8167 -0.5251 -0.2393
vn 0.8163 0.5754 0.0494
vn 0.8167 0.5749 0.0491
vn -0.8202 0.5289 0.2180
vn 0.8192 0.5693 0.0700
vn -0.8212 0.5355 0.1971
vn 0.8224 0.5616 0.0906
vn 0.8219 0.5622 0.0924
vn 0.8222 0.5618 0.0914
vn -0.8239 0.5388 0.1756
vn 0.8237 0.5558 0.1121
vn 0.8238 0.5557 0.1118
vn -0.8242 0.5449 0.1542
vn -0.8246 0.5443 0.1541
vn 0.8246 -0.5442 -0.1543
vn 0.8247 0.5498 0.1326
vn 0.8248 0.5496 0.1328
vn 0.8244 0.5499 0.1342
vn 0.8247 0.5497 0.1334
vn -0.8250 0.5494 0.1327
vn -0.8241 0.5506 0.1330
vn -0.8246 0.5498 0.1329
vn 0.8245 0.5443 0.1551
vn 0.8246 0.5442 0.1548
vn -0.8236 0.5561 0.1116
vn -0.8239 0.5557 0.1116
vn -0.8239 0.5556 0.1116
vn 0.8241 0.5387 0.1752
vn -0.8227 0.5613 0.0903
vn -0.8225 0.5616 0.0903
vn 0.8213 0.5345 0.1993
vn 0.8220 0.5340 0.1980
vn -0.8193 0.5691 0.0698
vn -0.8198 0.5685 0.0696
vn -0.8205 0.5674 0.0691
vn 0.8202 0.5289 0.2181
vn 0.8201 0.5290 0.2179
vn -0.8169 -0.5247 -0.2393
vn -0.8163 0.5755 0.0493
vn -0.8166 0.5752 0.0491
vn -0.8171 0.5745 0.0487
vn 0.8168 -0.5749 -0.0490
vn 0.8167 0.5251 0.2392
vn 0.8167 0.5248 0.2400
vn -0.8121 0.5827 0.0293
vn -0.8126 0.5821 0.0291
vn 0.5201 0.8445 0.1279
vn -0.0000 0.4579 -0.8890
vn 0.0002 0.4559 -0.8900
vn 0.0001 0.4642 -0.8857
vn -0.0620 0.8799 -0.4710
vn -0.0621 0.8798 -0.4712
vn -0.8128 -0.5818 -0.0297
vn -0.8168 -0.5748 -0.0495
vn 0.8169 -0.5247 -0.2393
vn -0.8198 -0.5682 -0.0707
vn -0.8223 -0.5619 -0.0905
vn -0.8226 -0.5614 -0.0903
vn -0.8246 -0.5500 -0.1328
vn 0.8250 -0.5438 -0.1540
vn -0.8246 -0.5443 -0.1541
vn -0.8250 -0.5438 -0.1540
vn -0.8241 -0.5385 -0.1754
vn 0.8242 -0.5553 -0.1113
vn 0.8239 0.5388 0.1756
vn -0.8222 -0.5340 -0.1969
vn -0.8227 -0.5334 -0.1967
vn 0.8226 -0.5614 -0.0903
vn -0.8195 -0.5300 -0.2181
vn -0.8198 -0.5295 -0.2181
vn 0.8202 -0.5679 -0.0696
vn 0.8202 -0.5678 -0.0696
vn -0.8167 -0.5251 -0.2392
vn 0.8167 -0.5749 -0.0495
vn -0.8133 -0.5204 -0.2601
vn -0.8131 -0.5207 -0.2602
vn -0.0739 0.8752 0.4781
vn -0.0168 -0.5430 0.8396
vn -0.8130 0.5816 -0.0291
vn 0.0135 0.5494 -0.8355
vn 0.1854 0.5272 -0.8293
vn -0.0632 -0.9385 -0.3394
vn 0.9431 0.2381 -0.2321
vn 0.5211 -0.8439 0.1276
vn 0.8133 0.5207 -0.2595
vn -0.8199 0.5682 -0.0699
vn -0.8200 0.5681 -0.0697
vn -0.8203 0.5677 -0.0694
vn 0.8168 0.5248 -0.2395
vn -0.8226 0.5614 -0.0903
vn 0.8200 0.5291 -0.2184
vn 0.8202 0.5289 -0.2181
vn -0.8241 0.5553 -0.1114
vn 0.8223 0.5337 -0.1975
vn -0.8251 0.5493 -0.1325
vn -0.8246 -0.5442 0.1543
vn 0.8241 0.5386 -0.1753
vn 0.8239 0.5388 -0.1754
vn -0.8250 0.5438 -0.1540
vn 0.8247 0.5440 -0.1547
vn -0.8239 -0.5556 0.1115
vn 0.8247 0.5497 -0.1330
vn 0.8240 0.5556 -0.1114
vn -0.8201 0.5290 -0.2181
vn 0.8223 0.5617 -0.0910
vn -0.8168 0.5250 -0.2391
vn -0.8166 0.5251 -0.2395
vn -0.8167 0.5250 -0.2394
vn 0.8202 0.5678 -0.0696
vn 0.8196 0.5687 -0.0697
vn 0.8199 0.5682 -0.0697
vn -0.8132 0.5206 -0.2600
vn 0.8162 0.5756 -0.0494
vn 0.8165 0.5753 -0.0493
vn -0.0000 -0.9673 0.2537
vn -0.9873 -0.0000 -0.1587
vn -0.9853 -0.0004 -0.1711
vn -0.9844 -0.0000 -0.1761
vn -0.0000 -0.9629 -0.2698
vn -0.0000 0.9629 -0.2698
vn 0.6084 -0.0000 0.7936
vn 0.6066 -0.0000 0.7950
vn 0.3591 -0.0001 -0.9333
vn 0.6067 -0.0000 0.7950
vn 0.3515 -0.0001 -0.9362
vn 0.3514 -0.0002 -0.9362
vn 0.3592 -0.0000 -0.9333
vn 0.3591 -0.0000 -0.9333
vn 0.6068 -0.0000 0.7949
vn 0.1900 -0.0000 0.9818
vn 0.1899 -0.0000 0.9818
vn 0.2366 -0.9215 0.3081
vn 0.2350 -0.9215 0.3092
vn 0.2347 -0.9218 0.3086
vn 0.2364 -0.9218 0.3073
vn 0.3545 -0.0002 -0.9351
vn 0.6068 -0.0000 0.7948
vn 0.3544 -0.0001 -0.9351
vn 0.1884 -0.0000 0.9821
vn 0.3592 -0.0000 -0.9332
vn 0.2365 -0.9215 0.3081
vn 0.2363 -0.9218 0.3073
vn 0.2365 -0.9215 0.3080
vn 0.3513 -0.0001 -0.9362
vn 0.6085 -0.0000 0.7935
vn 0.6085 -0.0000 0.7936
vn 0.6086 -0.0000 0.7934
vn 0.6060 -0.0000 0.7954
vn 0.6059 -0.0000 0.7956
vn 0.1239 -0.9788 0.1630
vn 0.5925 -0.0000 0.8056
vn 0.9970 -0.0000 0.0777
vn -0.9622 -0.0000 -0.2722
vn -0.0000 0.3827 -0.9239
vn 0.2706 -0.2707 -0.9239
vn -0.0000 -0.3827 -0.9239
vn 0.6093 -0.0000 0.7930
vn 0.6080 -0.0000 0.7939
vn 0.6073 -0.0000 0.7945
vn 0.6054 -0.0000 0.7959
vn 0.6051 -0.0000 0.7961
vn 0.6052 -0.0000 0.7961
vn 0.6079 -0.0000 0.7940
vn 0.6077 -0.0000 0.7941
vn 0.6072 -0.0000 0.7946
vn 0.6076 -0.0000 0.7943
vn 0.6072 -0.0000 0.7945
vn 0.6055 -0.0000 0.7959
vn 0.6051 -0.0000 0.7962
vn 0.6082 -0.0000 0.7938
vn 0.6053 -0.0000 0.7960
vn -0.7145 -0.0000 -0.6996
vn -0.6060 -0.0000 0.7955
vn -0.6062 -0.0000 0.7953
vn -0.3872 -0.0001 0.9220
vn -0.6061 -0.0000 0.7954
vn -0.6083 -0.0000 0.7937
vn -0.6081 -0.0000 0.7939
vn -0.6084 -0.0000 0.7936
vn -0.6086 -0.0000 0.7935
vn -0.6085 -0.0000 0.7936
vn -0.3551 0.0001 -0.9348
vn -0.3551 -0.0000 -0.9348
vn -0.4448 -0.0000 0.8956
vn -0.6060 -0.0000 0.7954
vn -0.1890 -0.0000 0.9820
vn 0.9955 -0.0000 0.0951
vn -0.9663 -0.0000 0.2574
vn -0.9661 -0.0000 0.2580
vn -0.9944 -0.0000 0.1061
vn -0.8535 -0.0000 0.5211
vn -0.9660 -0.0000 0.2585
vn -0.9660 -0.0000 0.2586
vn -0.7243 -0.0000 0.6895
vn -0.9661 -0.0000 0.2582
vn -0.9585 -0.0000 -0.2851
vn -0.6058 -0.0000 0.7956
vn -0.7245 -0.0000 0.6893
vn -0.9580 -0.0000 -0.2868
vn -0.1889 -0.0000 0.9820
vn -0.6053 -0.0000 0.7960
vn -0.6055 -0.0000 0.7958
vn -0.6072 -0.0000 0.7945
vn -0.6089 -0.0000 0.7933
vn -0.6052 -0.0000 0.7961
vn -0.6031 -0.0000 0.7977
vn -0.6055 -0.0000 0.7959
vn -0.6073 -0.0000 0.7944
vn -0.6040 -0.0000 0.7970
vn -0.6054 -0.0000 0.7959
vn -0.6052 -0.0000 0.7960
vn -0.6072 -0.0000 0.7946
vn -0.6107 -0.0000 0.7919
vn -0.6077 -0.0000 0.7942
vn -0.6050 -0.0000 0.7962
vn -0.6089 -0.0000 0.7932
vn -0.6078 -0.0000 0.7941
vn -0.6080 -0.0000 0.7940
vn -0.6077 -0.0000 0.7941
vn -0.6073 -0.0000 0.7945
vn -0.6079 -0.0000 0.7941
vn -0.6076 -0.0000 0.7943
vn -0.6069 -0.0000 0.7948
vn -0.6076 -0.0000 0.7942
vn -0.6075 -0.0000 -0.7943
vn -0.6074 -0.0000 -0.7944
vn -0.6076 -0.0000 -0.7942
vn -0.1194 -0.9805 -0.1559
vn -0.1873 -0.0000 -0.9823
vn -0.6010 -0.0004 -0.7993
vn -0.1044 -0.0000 -0.9945
vn -0.3568 -0.0001 0.9342
vn -0.3568 -0.0000 0.9342
vn -0.1881 -0.0000 -0.9821
vn -0.1885 -0.0000 -0.9821
vn -0.1887 -0.0000 -0.9820
vn -0.3612 0.0001 0.9325
vn -0.3611 -0.0000 0.9325
vn -0.2369 -0.9209 -0.3096
vn -0.2369 -0.9209 -0.3097
vn -0.1891 -0.0000 -0.9820
vn -0.3615 -0.0001 0.9324
vn -0.6075 -0.0000 -0.7944
vn -0.3615 0.0001 0.9324
vn -0.3612 -0.0000 0.9325
vn -0.3613 -0.0000 0.9324
vn -0.1890 -0.0000 -0.9820
vn -0.1078 -0.0000 -0.9942
vn -0.1562 -0.0001 0.9877
vn -0.6010 0.0004 -0.7993
vn -0.9912 -0.0000 -0.1325
vn -0.1192 -0.9805 -0.1559
vn -0.1886 -0.0000 -0.9821
vn -0.1872 -0.0000 -0.9823
vn -0.3615 -0.0000 0.9324
vn -0.1889 -0.0000 -0.9820
vn -0.1561 -0.0000 0.9877
vn -0.6079 -0.0001 -0.7940
vn -0.6104 0.0027 -0.7921
vn -0.6072 0.0001 -0.7946
vn -0.6035 -0.0000 -0.7974
vn -0.6085 0.0008 -0.7936
vn -0.6080 -0.0000 -0.7939
vn -0.6078 0.0006 -0.7941
vn -0.6081 -0.0000 -0.7938
vn -0.6079 0.0001 -0.7941
vn -0.6074 0.0001 -0.7944
vn -0.6084 0.0008 -0.7936
vn -0.6079 0.0003 -0.7940
vn -0.6077 -0.0000 -0.7941
vn -0.6067 -0.0000 -0.7949
vn -0.6006 -0.0000 -0.7995
vn -0.6068 -0.0000 -0.7948
vn -0.6082 -0.0000 -0.7938
vn -0.6080 -0.0000 -0.7940
vn -0.6087 -0.0000 -0.7934
vn -0.6079 -0.0000 -0.7941
vn -0.6077 0.0006 -0.7942
vn 0.6076 0.0003 -0.7943
vn 0.9944 -0.0000 -0.1059
vn 0.6016 -0.0000 -0.7988
vn 0.9925 -0.0000 -0.1224
vn 0.6072 0.0003 -0.7945
vn 0.9925 -0.0000 -0.1225
vn 0.1885 -0.0000 -0.9821
vn 0.6078 -0.0004 -0.7941
vn 0.1877 0.0001 -0.9822
vn 0.3601 0.0001 0.9329
vn 0.6066 0.0001 -0.7950
vn 0.3602 0.0001 0.9329
vn 0.6065 -0.0000 -0.7951
vn 0.6067 -0.0000 -0.7950
vn 0.9861 -0.0000 -0.1663
vn 0.9771 -0.0000 -0.2127
vn 0.6056 0.0001 -0.7958
vn 0.6066 -0.0000 -0.7950
vn 0.6075 -0.0001 -0.7943
vn 0.6054 -0.0000 -0.7959
vn 0.9659 -0.0000 -0.2589
vn 0.1890 -0.0000 -0.9820
vn 0.6075 -0.0000 -0.7944
vn 0.1517 -0.0000 0.9884
vn 0.6077 -0.0005 -0.7942
vn 0.2356 -0.9218 -0.3080
vn 0.2356 -0.9218 -0.3079
vn 0.6078 -0.0000 -0.7941
vn 0.1552 -0.0000 0.9879
vn 0.3592 -0.0000 0.9333
vn 0.1516 -0.0000 0.9884
vn 0.1889 -0.0000 -0.9820
vn 0.3602 -0.0000 0.9329
vn 0.3591 -0.0000 0.9333
vn 0.1886 -0.0000 -0.9821
vn 0.1876 0.0001 -0.9822
vn 0.2355 -0.9218 -0.3080
vn 0.6076 -0.0004 -0.7942
vn 0.6006 -0.0000 -0.7995
vn 0.6120 -0.0000 -0.7908
vn 0.6084 0.0004 -0.7936
vn 0.6010 -0.0004 -0.7992
vn 0.6011 -0.0000 -0.7992
vn 0.6005 -0.0000 -0.7996
vn 0.6009 -0.0004 -0.7993
vn 0.6078 0.0005 -0.7941
vn 0.6079 -0.0000 -0.7940
vn 0.6079 -0.0000 -0.7941
vn 0.6084 -0.0000 -0.7936
vn 0.6068 -0.0000 -0.7949
vn 0.6018 -0.0000 -0.7987
vn 0.6067 -0.0000 -0.7949
vn 0.6092 -0.0000 -0.7930
vn 0.6088 -0.0000 -0.7933
vn 0.6082 -0.0000 -0.7938
vn 0.6079 0.0005 -0.7940
vn 0.6111 0.0031 -0.7916
vn 0.6077 0.0003 -0.7942
vn 0.6076 0.0007 -0.7942
vn 0.6081 -0.0001 -0.7939
vn 0.6080 -0.0000 -0.7939
vn 0.6004 -0.0000 -0.7997
vn 0.6088 -0.0000 -0.7934
vn 0.6073 -0.0000 -0.7944
vn 0.6084 -0.0000 -0.7937
vn 0.6073 -0.0000 -0.7945
vn 0.6055 -0.0000 -0.7958
vn 0.6103 0.0026 -0.7922
vn -0.0000 0.4637 0.8860
vn -0.0000 0.4635 0.8861
vn -0.0000 0.4651 0.8853
vn -0.0001 0.4658 0.8849
vn -0.0001 -0.7936 0.6084
vn -0.0000 -0.7936 0.6084
vn -0.0000 0.4654 0.8851
vn -0.0000 0.4652 0.8852
vn -0.0000 0.4650 0.8853
vn -0.0000 0.4653 0.8852
vn -0.0000 0.4655 0.8850
vn -0.0000 -0.7908 0.6120
vn -0.0001 -0.7908 0.6120
vn -0.0000 0.4653 0.8851
vn -0.0001 -0.7901 0.6130
vn -0.0000 -0.7901 0.6130
vn -0.0000 -0.7892 0.6141
vn -0.0000 -0.7893 0.6141
vn -0.0000 0.4656 0.8850
vn -0.0000 -0.7893 0.6140
vn -0.0000 0.4651 0.8852
vn -0.0000 0.9192 0.3939
vn -0.0000 -0.7909 0.6120
vn 0.0001 -0.7909 0.6120
vn -0.0000 0.9191 0.3940
vn -0.0000 0.4662 0.8847
vn -0.0000 0.4644 0.8856
vn -0.0000 0.4666 0.8845
vn -0.0000 0.4643 0.8857
vn -0.0000 0.4702 0.8826
vn -0.0000 0.4604 0.8877
vn -0.0000 0.4697 0.8828
vn -0.0000 0.4665 0.8845
vn -0.0000 0.4641 0.8858
vn -0.0000 0.4649 0.8854
vn -0.0000 0.4668 0.8844
vn -0.0000 -0.4649 0.8854
vn -0.0000 -0.4650 0.8853
vn -0.0000 -0.4639 0.8859
vn -0.0000 -0.9202 0.3914
vn -0.0001 -0.9202 0.3915
vn -0.0000 -0.4640 0.8858
vn -0.0000 -0.4640 0.8859
vn -0.0000 0.7917 0.6109
vn -0.0000 -0.9202 0.3915
vn -0.0000 -0.9195 0.3932
vn -0.0000 -0.9195 0.3931
vn -0.0000 -0.9193 0.3935
vn -0.0000 0.7889 0.6145
vn -0.0000 -0.9190 0.3943
vn -0.0000 -0.9190 0.3942
vn -0.0001 -0.9190 0.3942
vn -0.0000 0.7897 0.6135
vn -0.0001 0.7897 0.6135
vn -0.0000 -0.9194 0.3933
vn -0.0000 -0.9198 0.3925
vn -0.0000 -0.9194 0.3932
vn -0.0000 -0.9193 0.3936
vn -0.0000 0.7890 0.6145
vn -0.0000 0.7897 0.6134
vn -0.0000 -0.4661 0.8847
vn -0.0000 -0.4629 0.8864
vn -0.0000 -0.4646 0.8855
vn -0.0000 -0.4649 0.8853
vn -0.0000 -0.4677 0.8839
vn -0.0000 -0.4638 0.8860
vn -0.0000 -0.4691 0.8832
vn -0.0000 -0.4641 0.8858
vn -0.0000 -0.9723 -0.2336
vn -0.0000 -0.4647 -0.8855
vn -0.0000 -0.9718 -0.2360
vn -0.0000 -0.4639 -0.8859
vn -0.0000 -0.4638 -0.8859
vn -0.0001 0.9516 -0.3074
vn -0.0000 -0.9719 -0.2353
vn -0.0000 -0.9719 -0.2354
vn -0.0000 -0.9723 -0.2337
vn -0.0000 0.9516 -0.3073
vn -0.0000 -0.9722 -0.2344
vn -0.0000 -0.9721 -0.2344
vn -0.0000 -0.9718 -0.2359
vn -0.0000 0.9516 -0.3074
vn -0.0000 -0.9716 -0.2365
vn -0.0000 -0.9726 -0.2324
vn -0.0000 -0.9717 -0.2361
vn -0.0000 -0.9729 -0.2312
vn -0.0000 -0.9715 -0.2371
vn -0.0000 0.9541 -0.2996
vn -0.0000 -0.4645 -0.8856
vn -0.0000 -0.9715 -0.2372
vn -0.0000 0.9548 -0.2974
vn -0.0000 0.9547 -0.2974
vn 0.0007 -0.4642 -0.8857
vn -0.0000 -0.4644 -0.8857
vn 0.0001 -0.4637 -0.8860
vn 0.0002 -0.4615 -0.8872
vn -0.0004 -0.4642 -0.8857
vn -0.0037 -0.4668 -0.8844
vn -0.0003 -0.4642 -0.8858
vn -0.0000 -0.4641 -0.8858
vn -0.0001 -0.4645 -0.8856
vn -0.0000 -0.4632 -0.8863
vn 0.0043 -0.4664 -0.8845
vn 0.0016 0.4638 -0.8860
vn 0.0001 0.4645 -0.8856
vn -0.0000 0.4637 -0.8860
vn -0.0000 0.4648 -0.8854
vn -0.0000 0.4629 -0.8864
vn -0.0000 0.4583 -0.8888
vn -0.0000 0.4658 -0.8849
vn -0.0001 0.4658 -0.8849
vn -0.0000 0.4649 -0.8854
vn 0.0002 0.4645 -0.8856
vn 0.0015 0.4629 -0.8864
vn 0.0003 0.4645 -0.8856
vn -0.0000 0.4641 -0.8858
vn -0.0000 0.4582 -0.8889
vn -0.0000 0.4627 -0.8865
vn -0.0000 0.4582 -0.8888
vn -0.0000 0.4633 -0.8862
vn -0.0000 0.4630 -0.8864
vn -0.0016 0.4636 -0.8860
vn 0.9852 -0.0000 -0.1715
vn 0.7653 0.0001 0.6437
vn 0.9852 0.0001 -0.1713
vn 0.9852 0.0001 -0.1717
vn 0.6435 0.0001 -0.7655
vn 0.9910 -0.0000 -0.1337
vn 0.9857 -0.0000 -0.1686
vn 0.9853 -0.0000 -0.1708
vn 0.6435 -0.0000 -0.7655
vn 0.7652 0.0001 0.6437
vn -0.0000 0.9692 -0.2463
vn 0.0001 -0.4679 -0.8838
vn 0.0001 -0.4647 -0.8855
vn -0.0001 -0.4640 -0.8859
vn -0.0000 -0.9198 -0.3923
vn -0.0000 -0.9198 -0.3924
vn -0.0001 -0.4642 -0.8857
vn 0.0001 -0.4640 -0.8858
vn -0.0000 -0.9201 -0.3916
vn -0.0001 -0.4641 -0.8858
vn -0.0000 -0.9196 -0.3930
vn -0.0001 0.7914 -0.6113
vn -0.0000 0.7914 -0.6113
vn 0.0001 -0.9193 -0.3937
vn -0.0000 -0.9193 -0.3937
vn -0.0000 -0.9191 -0.3940
vn -0.0000 0.7885 -0.6150
vn -0.0000 -0.9191 -0.3941
vn -0.0000 0.7887 -0.6148
vn -0.0000 -0.9193 -0.3936
vn -0.0000 -0.9193 -0.3935
vn -0.0000 -0.9195 -0.3931
vn 0.0001 -0.4645 -0.8856
vn -0.0042 -0.4667 -0.8844
vn -0.0001 0.4637 -0.8860
vn -0.0000 0.9572 -0.2893
vn -0.0004 0.4643 -0.8857
vn -0.0001 -0.7914 -0.6113
vn -0.0001 0.4640 -0.8859
vn -0.0001 0.4640 -0.8858
vn -0.0004 0.4587 -0.8886
vn -0.0000 -0.7926 -0.6097
vn 0.0001 0.4643 -0.8857
vn -0.0000 -0.7903 -0.6127
vn 0.0001 -0.7892 -0.6141
vn -0.0000 -0.7927 -0.6097
vn -0.0001 0.9562 -0.2926
vn 0.0004 0.4643 -0.8857
vn -0.0000 0.9563 -0.2925
vn -0.0000 0.9191 -0.3940
vn -0.0001 0.9191 -0.3940
vn 0.0004 0.4586 -0.8886
vn 0.0001 0.9562 -0.2927
vn -0.0001 -0.9516 -0.3073
vn 0.0001 -0.9505 -0.3107
vn -0.0000 -0.9505 -0.3107
vt 0.000000 1.000000
vt 1.000000 1.000000
vt 0.923077 1.000000
vt 0.938712 1.000000
vt 0.996470 1.000000
vt 0.995614 1.000000
vt 0.976288 1.000000
vt 0.967991 1.000000
vt 0.967990 1.000000
vt 0.076923 1.000000
vt 0.153846 1.000000
vt 0.230769 1.000000
vt 0.307692 1.000000
vt 0.384615 1.000000
vt 0.461538 1.000000
vt 0.538461 1.000000
vt 0.615385 1.000000
vt 0.692308 1.000000
vt 0.769231 1.000000
vt 0.846154 1.000000
vt 0.538462 1.000000
vt 0.032014 1.000000
vt 0.003530 1.000000
vt 0.004388 1.000000
vt 0.999795 1.000000
vt -0.000010 1.000000
vt -0.000008 1.000000
vt 0.999208 1.000000
vt 0.000182 1.000000
vt 0.160072 1.000000
vt 0.463172 1.000000
vt 0.536827 1.000000
vt 0.839928 1.000000
vt 0.536828 1.000000
vt 0.776782 1.000000
vt 0.849227 1.000000
vt 0.026633 1.000000
vt 0.000832 1.000000
vt 0.000834 1.000000
vt 0.999166 1.000000
vt 0.973361 1.000000
vt 0.999168 1.000000
vt 0.026640 1.000000
vt 0.614505 1.000000
vt 0.541996 1.000000
vt 0.004584 1.000000
vt 0.539365 1.000000
vt 0.618040 1.000000
vt 0.539311 1.000000
vt 0.932707 1.000000
vt 0.775359 1.000000
vt 0.696685 1.000000
vt 0.995416 1.000000
vt 0.145967 1.000000
vt 0.224641 1.000000
vt 0.303315 1.000000
vt 0.618011 1.000000
vt 0.692750 1.000000
vt 0.539337 1.000000
vt 0.976287 1.000000
vt 0.061288 1.000000
vt 0.023712 1.000000
vt 0.023707 1.000000
vt 0.035264 1.000000
vt 0.964741 1.000000
vt 0.917353 1.000000
vt 0.915468 1.000000
vt 0.915269 1.000000
vt 0.841653 1.000000
vt 0.839584 1.000000
vt 0.765954 1.000000
vt 0.082647 1.000000
vt 0.158347 1.000000
vt 0.084731 1.000000
vt 0.084533 1.000000
vt 0.764388 1.000000
vt 0.763898 1.000000
vt 0.690256 1.000000
vt 0.688849 1.000000
vt 0.688209 1.000000
vt 0.614560 1.000000
vt 0.613309 1.000000
vt 0.612519 1.000000
vt 0.538865 1.000000
vt 0.537770 1.000000
vt 0.462230 1.000000
vt 0.461134 1.000000
vt 0.387481 1.000000
vt 0.386691 1.000000
vt 0.385440 1.000000
vt 0.311791 1.000000
vt 0.311151 1.000000
vt 0.309744 1.000000
vt 0.236102 1.000000
vt 0.235611 1.000000
vt 0.234046 1.000000
vt 0.160416 1.000000
vt 0.964742 1.000000
vt 0.235612 1.000000
vt 0.236103 1.000000
vt 0.461135 1.000000
vt 0.538866 1.000000
vt 0.613310 1.000000
vt 0.764389 1.000000
vt 0.614506 1.000000
vt 0.620254 1.000000
vt 0.698516 1.000000
vt 0.536257 1.000000
vt 0.541997 1.000000
vt 0.458004 1.000000
vt 0.460663 1.000000
vt 0.463743 1.000000
vt 0.379746 1.000000
vt 0.381989 1.000000
vt 0.385495 1.000000
vt 0.301484 1.000000
vt 0.307250 1.000000
vt 0.223218 1.000000
vt 0.229010 1.000000
vt 0.144947 1.000000
vt 0.150773 1.000000
vt 0.066670 1.000000
vt 0.067292 1.000000
vt 0.072540 1.000000
vt 0.004633 1.000000
vt 0.973360 1.000000
vt 0.946699 1.000000
vt 0.927460 1.000000
vt 0.933330 1.000000
vt 0.770990 1.000000
vt 0.854033 1.000000
vt 0.855053 1.000000
vt 0.995369 1.000000
vt 0.385494 1.000000
vt 0.067293 1.000000
vt 0.698515 1.000000
vt 0.458003 1.000000
vt 0.536256 1.000000
vt 0.933301 1.000000
vt 0.067319 1.000000
vt 0.145991 1.000000
vt 0.854064 1.000000
vt 0.224665 1.000000
vt 0.303339 1.000000
vt 0.775390 1.000000
vt 0.696715 1.000000
vt 0.382014 1.000000
vt 0.460689 1.000000
vt 0.145936 1.000000
vt 0.066699 1.000000
vt 0.932681 1.000000
vt 0.854009 1.000000
vt 0.224611 1.000000
vt 0.775335 1.000000
vt 0.460636 1.000000
vt 0.053301 1.000000
s 1
f 1/1/1 3/1/1 4/1/2
f 2/1/3 6/1/4 7/1/5
f 2/1/6 9/1/7 3/1/8
f 8/1/9 5/1/10 12/1/11
f 8/1/12 14/1/13 9/1/12
f 8/1/14 15/1/14 13/1/15
f 1/1/16 14/1/17 13/1/18
f 13/1/19 6/1/20 1/1/21
f 17/2/22 19/2/23 20/2/23
f 18/2/24 21/2/24 22/2/25
f 18/2/26 24/2/27 25/2/28
f 27/2/29 18/2/30 22/2/31
f 28/2/32 24/2/33 23/2/33
f 31/2/34 23/2/34 27/2/35
f 17/2/36 29/2/37 28/2/38
f 28/2/39 21/2/40 17/2/41
f 32/3/42 29/2/43 34/3/44
f 33/2/45 35/3/46 31/2/47
f 33/2/48 24/2/49 29/2/48
f 36/2/50 31/2/50 30/2/51
f 38/3/52 40/4/53 24/2/54
f 42/3/55 36/2/56 43/5/57
f 39/3/58 32/3/59 34/3/60
f 38/3/61 35/3/61 32/3/62
f 46/3/63 48/3/64 49/3/65
f 47/3/66 50/3/66 51/3/66
f 52/6/67 47/3/68 54/2/69
f 53/2/70 51/3/71 56/7/72
f 57/2/73 54/2/74 53/2/75
f 60/2/76 53/2/77 55/2/78
f 46/3/79 58/2/80 57/2/81
f 57/2/82 50/3/83 46/3/84
f 62/3/85 64/3/86 61/3/87
f 61/3/88 66/3/89 67/3/90
f 62/3/91 69/2/92 63/3/93
f 68/2/94 67/3/95 70/2/96
f 71/2/97 69/2/98 68/2/99
f 71/2/77 70/2/100 73/2/101
f 61/3/102 72/2/103 71/2/104
f 71/2/105 74/8/106 65/3/107
f 76/3/87 63/3/86 75/3/85
f 76/3/88 67/3/88 78/3/88
f 76/3/108 80/2/109 77/3/110
f 79/2/111 78/3/112 81/2/113
f 82/2/114 80/2/98 79/2/115
f 82/2/116 81/2/117 70/2/118
f 75/3/119 69/2/120 82/2/81
f 82/2/121 67/3/122 75/3/84
f 84/3/87 77/3/87 83/3/87
f 84/3/90 78/3/123 86/3/90
f 84/3/124 88/2/125 85/3/126
f 87/2/127 86/3/128 89/2/129
f 90/2/130 88/2/131 87/2/132
f 90/2/133 89/2/133 81/2/100
f 83/3/134 80/2/135 90/2/81
f 90/2/136 78/3/137 83/3/138
f 92/3/139 85/3/139 91/3/139
f 92/3/88 86/3/88 94/3/88
f 92/3/140 96/2/141 93/3/142
f 95/2/143 94/3/144 97/2/145
f 98/2/73 96/2/146 95/2/147
f 98/2/148 97/2/148 89/2/100
f 91/3/149 88/2/150 98/2/104
f 98/2/151 86/3/152 91/3/153
f 100/3/154 93/3/87 99/3/155
f 100/3/156 94/3/157 102/3/158
f 100/3/159 104/2/160 101/3/161
f 103/2/162 102/3/163 105/2/164
f 106/2/165 104/2/73 103/2/166
f 106/2/148 105/2/148 97/2/148
f 99/3/167 96/2/168 106/2/81
f 106/2/169 94/3/170 99/3/84
f 108/3/86 101/3/63 107/3/171
f 108/3/66 102/3/172 110/3/123
f 108/3/173 112/2/174 109/3/175
f 111/2/176 110/3/177 113/2/178
f 114/2/130 112/2/179 111/2/180
f 114/2/148 113/2/100 105/2/148
f 107/3/181 104/2/182 114/2/81
f 114/2/183 102/3/184 107/3/138
f 116/3/63 109/3/185 115/3/139
f 116/3/186 110/3/158 118/3/186
f 116/3/187 120/2/188 117/3/189
f 119/2/190 118/3/191 121/2/192
f 122/2/193 120/2/194 119/2/195
f 122/2/148 121/2/196 113/2/100
f 115/3/197 112/2/198 122/2/199
f 122/2/200 110/3/201 115/3/202
f 124/3/87 117/3/87 123/3/87
f 124/3/123 118/3/123 126/3/123
f 124/3/203 128/2/204 125/3/205
f 127/2/206 126/3/207 129/2/208
f 130/2/209 128/2/166 127/2/166
f 130/2/148 129/2/148 121/2/148
f 123/3/210 120/2/211 130/2/81
f 130/2/212 118/3/213 123/3/84
f 132/3/214 125/3/214 131/3/85
f 132/3/157 126/3/123 134/3/157
f 132/3/215 136/2/216 133/3/217
f 135/2/218 134/3/219 137/2/220
f 138/2/130 136/2/179 135/2/180
f 138/2/148 137/2/100 129/2/148
f 131/3/221 128/2/222 138/2/81
f 138/2/223 126/3/224 131/3/225
f 140/3/64 133/3/226 139/3/227
f 140/3/88 134/3/88 50/3/88
f 140/3/228 58/2/229 45/3/230
f 141/2/231 50/3/232 60/2/233
f 142/2/193 58/2/234 141/2/195
f 142/2/148 60/2/196 137/2/100
f 139/3/235 136/2/236 142/2/199
f 142/2/237 134/3/238 139/3/153
f 143/3/239 145/2/240 146/3/241
f 144/2/242 148/3/243 149/9/244
f 144/2/245 151/2/246 145/2/247
f 144/2/248 152/2/249 150/2/250
f 153/3/251 151/2/252 150/2/253
f 150/2/254 155/3/255 153/3/256
f 153/3/257 146/3/258 154/3/257
f 143/3/259 155/3/259 156/3/260
f 157/3/261 151/2/262 154/3/263
f 158/2/264 155/3/265 152/2/266
f 158/2/267 160/2/268 151/2/269
f 158/2/270 161/2/271 159/2/272
f 162/3/273 160/2/274 159/2/275
f 159/2/276 164/3/277 162/3/278
f 162/3/279 154/3/258 163/3/279
f 162/3/280 155/3/280 157/3/281
f 165/3/282 160/2/283 163/3/284
f 166/2/285 164/3/286 161/2/287
f 166/2/288 168/2/289 160/2/288
f 166/2/248 169/2/290 167/2/291
f 170/3/292 168/2/293 167/2/253
f 167/2/294 172/3/295 170/3/296
f 170/3/279 163/3/279 171/3/279
f 170/3/281 164/3/281 165/3/281
f 173/3/297 168/2/298 171/3/299
f 174/2/300 172/3/301 169/2/302
f 174/2/247 176/2/268 168/2/303
f 174/2/50 177/2/272 175/2/250
f 178/3/304 176/2/305 175/2/253
f 175/2/306 180/3/307 178/3/296
f 178/3/308 171/3/308 179/3/308
f 178/3/280 172/3/280 173/3/280
f 181/3/309 176/2/310 179/3/311
f 182/2/312 180/3/313 177/2/314
f 182/2/315 184/2/316 176/2/288
f 182/2/271 185/2/271 183/2/270
f 186/3/317 184/2/318 183/2/275
f 183/2/319 188/3/320 186/3/321
f 186/3/322 179/3/279 187/3/322
f 186/3/259 180/3/260 181/3/323
f 189/3/324 184/2/325 187/3/326
f 190/2/327 188/3/328 185/2/329
f 190/2/288 192/2/330 184/2/288
f 190/2/248 193/2/290 191/2/291
f 194/3/331 192/2/332 191/2/253
f 191/2/333 196/3/334 194/3/296
f 194/3/60 187/3/335 195/3/279
f 194/3/336 188/3/336 189/3/337
f 197/3/338 192/2/339 195/3/340
f 198/2/341 196/3/342 193/2/343
f 198/2/344 200/2/345 192/2/288
f 198/2/50 201/2/272 199/2/250
f 202/3/346 200/2/347 199/2/253
f 199/2/348 204/3/349 202/3/296
f 202/3/60 195/3/279 203/3/60
f 202/3/350 196/3/351 197/3/259
f 205/3/352 200/2/353 203/3/354
f 206/2/355 204/3/342 201/2/356
f 206/2/48 208/2/357 200/2/48
f 206/2/50 209/2/50 207/2/50
f 210/3/358 208/2/359 207/2/275
f 207/2/360 212/3/361 210/3/321
f 210/3/279 203/3/279 211/3/279
f 210/3/280 204/3/280 205/3/281
f 213/3/362 208/2/363 211/3/364
f 214/2/365 212/3/366 209/2/367
f 214/2/48 216/2/315 208/2/368
f 214/2/249 217/2/248 215/2/291
f 218/3/369 216/2/370 215/2/253
f 215/2/371 220/3/372 218/3/296
f 218/3/373 211/3/373 219/3/374
f 218/3/375 212/3/280 213/3/280
f 221/3/376 216/2/377 219/3/378
f 222/2/379 220/3/380 217/2/381
f 222/2/269 29/2/382 216/2/383
f 222/2/50 31/2/272 223/2/250
f 224/3/384 29/2/385 223/2/253
f 223/2/386 35/3/387 224/3/296
f 224/3/388 219/3/389 34/3/388
f 224/3/390 220/3/391 221/3/392
f 226/2/393 228/2/394 225/2/395
f 225/2/396 230/2/397 231/2/398
f 226/2/399 151/2/400 227/2/401
f 232/2/402 231/2/403 152/2/404
f 233/2/405 151/2/406 232/2/407
f 233/2/408 152/2/408 147/2/409
f 225/2/410 145/2/411 233/2/38
f 229/2/412 233/2/413 147/2/414
f 236/2/22 227/2/415 235/2/416
f 236/2/396 231/2/417 238/2/418
f 236/2/419 160/2/420 237/2/421
f 239/2/422 238/2/423 161/2/424
f 240/2/425 160/2/32 239/2/426
f 240/2/427 161/2/428 152/2/427
f 235/2/429 151/2/430 240/2/431
f 240/2/432 231/2/433 235/2/434
f 242/2/435 237/2/436 241/2/437
f 242/2/396 238/2/438 244/2/396
f 242/2/439 168/2/440 243/2/441
f 245/2/442 244/2/443 169/2/444
f 246/2/405 168/2/32 245/2/407
f 246/2/445 169/2/446 161/2/447
f 241/2/448 160/2/449 246/2/450
f 246/2/451 238/2/452 241/2/453
f 248/2/415 243/2/436 247/2/454
f 248/2/455 244/2/456 250/2/457
f 248/2/458 176/2/459 249/2/460
f 251/2/461 250/2/462 177/2/463
f 252/2/405 176/2/406 251/2/407
f 252/2/409 177/2/409 169/2/34
f 247/2/464 168/2/465 252/2/38
f 252/2/466 244/2/467 247/2/453
f 254/2/22 249/2/468 253/2/469
f 254/2/470 250/2/417 256/2/457
f 254/2/471 184/2/472 255/2/473
f 257/2/474 256/2/475 185/2/476
f 258/2/425 184/2/32 257/2/426
f 258/2/427 185/2/477 177/2/427
f 253/2/478 176/2/479 258/2/431
f 258/2/480 250/2/481 253/2/482
f 260/2/435 255/2/436 259/2/437
f 260/2/483 256/2/396 262/2/417
f 260/2/484 192/2/485 261/2/486
f 263/2/487 262/2/488 193/2/489
f 264/2/490 192/2/491 263/2/492
f 264/2/493 193/2/446 185/2/445
f 259/2/494 184/2/495 264/2/450
f 264/2/496 256/2/497 259/2/453
f 266/2/22 261/2/498 265/2/499
f 266/2/438 262/2/438 268/2/438
f 266/2/500 200/2/501 267/2/502
f 269/2/503 268/2/504 201/2/505
f 270/2/506 200/2/507 269/2/507
f 270/2/409 201/2/408 193/2/34
f 265/2/508 192/2/509 270/2/38
f 270/2/510 262/2/511 265/2/453
f 272/2/512 267/2/512 271/2/22
f 272/2/25 268/2/24 274/2/25
f 272/2/513 208/2/514 273/2/515
f 275/2/516 274/2/517 209/2/518
f 276/2/405 208/2/32 275/2/32
f 276/2/519 209/2/519 201/2/519
f 271/2/520 200/2/521 276/2/38
f 276/2/522 268/2/523 271/2/41
f 278/2/435 273/2/436 277/2/437
f 278/2/483 274/2/396 280/2/524
f 278/2/525 216/2/526 279/2/527
f 281/2/528 280/2/529 217/2/530
f 282/2/490 216/2/491 281/2/492
f 282/2/445 217/2/445 209/2/34
f 277/2/531 208/2/532 282/2/450
f 282/2/533 274/2/534 277/2/535
f 284/2/394 279/2/394 283/2/393
f 284/2/456 280/2/457 21/2/536
f 284/2/537 29/2/538 16/2/539
f 285/2/540 21/2/541 31/2/542
f 286/2/506 29/2/543 285/2/544
f 286/2/34 31/2/519 217/2/34
f 283/2/545 216/2/546 286/2/38
f 286/2/547 280/2/548 283/2/453
f 288/1/549 290/1/550 291/1/551
f 288/1/552 293/1/553 289/1/554
f 289/1/555 295/1/556 290/1/557
f 294/1/558 293/1/559 296/1/560
f 294/1/561 298/1/562 295/1/561
f 294/1/563 299/1/564 300/1/565
f 288/1/566 301/1/567 298/1/568
f 288/1/569 300/1/570 302/1/571
f 304/1/572 306/1/2 290/1/572
f 304/1/573 307/1/574 305/1/575
f 305/1/576 309/1/577 306/1/578
f 308/1/579 307/1/580 310/1/581
f 308/1/12 295/1/582 309/1/12
f 308/1/583 296/1/584 311/1/585
f 304/1/586 295/1/587 311/1/588
f 311/1/589 293/1/590 304/1/591
f 312/1/592 314/1/593 306/1/572
f 312/1/3 315/1/3 313/1/4
f 313/1/594 317/1/595 314/1/596
f 316/1/597 315/1/598 318/1/599
f 316/1/600 309/1/601 317/1/600
f 316/1/14 310/1/14 319/1/14
f 312/1/602 309/1/603 319/1/588
f 319/1/604 307/1/605 312/1/591
f 320/1/606 322/1/606 314/1/606
f 320/1/4 323/1/4 321/1/4
f 321/1/607 325/1/608 322/1/609
f 324/1/610 323/1/611 326/1/612
f 324/1/613 317/1/613 325/1/613
f 324/1/15 318/1/15 327/1/15
f 320/1/614 317/1/615 327/1/616
f 327/1/617 315/1/618 320/1/21
f 328/1/592 330/1/593 322/1/572
f 328/1/573 331/1/619 329/1/619
f 329/1/620 333/1/621 330/1/622
f 332/1/623 331/1/624 334/1/625
f 332/1/626 325/1/627 333/1/626
f 332/1/628 326/1/628 335/1/628
f 328/1/629 325/1/630 335/1/588
f 335/1/631 323/1/632 328/1/591
f 336/1/592 338/1/593 330/1/572
f 336/1/3 339/1/3 337/1/633
f 337/1/634 341/1/635 338/1/636
f 340/1/637 339/1/638 342/1/639
f 340/1/601 333/1/601 341/1/601
f 340/1/14 334/1/14 343/1/640
f 336/1/641 333/1/642 343/1/588
f 343/1/643 331/1/644 336/1/591
f 344/1/606 346/1/606 338/1/606
f 344/1/4 347/1/4 345/1/4
f 345/1/645 349/1/646 346/1/647
f 348/1/648 347/1/649 350/1/650
f 348/1/627 341/1/561 349/1/627
f 348/1/15 342/1/15 351/1/15
f 344/1/651 341/1/652 351/1/653
f 351/1/654 339/1/655 344/1/21
f 352/1/656 354/1/657 346/1/658
f 352/1/4 355/1/659 353/1/660
f 353/1/661 357/1/662 354/1/663
f 356/1/664 355/1/665 358/1/666
f 356/1/12 349/1/582 357/1/12
f 356/1/583 350/1/584 359/1/585
f 352/1/667 349/1/668 359/1/588
f 359/1/669 347/1/670 352/1/591
f 360/1/593 362/1/593 354/1/593
f 360/1/4 363/1/4 361/1/4
f 361/1/671 365/1/672 362/1/673
f 364/1/674 363/1/675 366/1/676
f 364/1/601 357/1/601 365/1/601
f 364/1/14 358/1/14 367/1/640
f 360/1/677 357/1/678 367/1/588
f 367/1/679 355/1/680 360/1/591
f 368/1/606 4/1/606 362/1/606
f 368/1/4 6/1/681 369/1/573
f 369/1/682 14/1/683 4/1/684
f 370/1/685 6/1/686 15/1/687
f 370/1/613 365/1/561 14/1/613
f 370/1/15 366/1/15 371/1/15
f 368/1/688 365/1/689 371/1/690
f 371/1/691 363/1/692 368/1/693
f 373/1/694 375/1/694 372/1/694
f 373/1/695 376/1/695 377/1/696
f 378/1/697 374/1/698 373/1/699
f 373/1/700 380/1/701 378/1/702
f 381/1/703 379/1/703 378/1/703
f 381/1/704 380/1/704 383/1/704
f 381/1/705 375/1/706 382/1/707
f 372/1/708 383/1/709 376/1/710
f 385/1/711 382/1/712 384/1/712
f 385/1/713 383/1/713 380/1/713
f 385/1/714 387/1/714 379/1/714
f 385/1/715 388/1/702 386/1/702
f 389/1/716 387/1/716 386/1/716
f 389/1/717 388/1/717 391/1/717
f 389/1/718 382/1/719 390/1/718
f 389/1/21 383/1/21 384/1/21
f 393/1/720 390/1/721 392/1/721
f 393/1/722 391/1/722 388/1/723
f 393/1/714 395/1/714 387/1/714
f 393/1/702 396/1/715 394/1/724
f 397/1/725 395/1/726 394/1/726
f 397/1/727 396/1/727 399/1/727
f 397/1/718 390/1/719 398/1/718
f 397/1/21 391/1/21 392/1/21
f 401/1/728 398/1/728 400/1/729
f 401/1/730 399/1/730 396/1/730
f 401/1/714 403/1/714 395/1/714
f 401/1/702 404/1/715 402/1/715
f 405/1/731 403/1/731 402/1/731
f 405/1/732 404/1/732 407/1/732
f 405/1/733 398/1/719 406/1/718
f 405/1/21 399/1/21 400/1/21
f 409/1/734 406/1/734 408/1/734
f 409/1/735 407/1/735 404/1/735
f 409/1/714 411/1/714 403/1/714
f 409/1/702 412/1/702 410/1/702
f 410/1/736 414/1/737 411/1/738
f 413/1/739 412/1/739 415/1/740
f 413/1/719 406/1/719 414/1/719
f 413/1/591 407/1/741 408/1/741
f 417/1/742 414/1/742 416/1/742
f 416/1/743 412/1/744 417/1/744
f 417/1/714 419/1/714 411/1/714
f 417/1/715 420/1/702 418/1/702
f 418/1/745 422/1/746 419/1/745
f 421/1/747 420/1/747 423/1/747
f 421/1/718 414/1/719 422/1/718
f 421/1/21 415/1/21 416/1/21
f 425/1/748 422/1/749 424/1/749
f 424/1/750 420/1/750 425/1/751
f 425/1/714 427/1/714 419/1/714
f 425/1/724 428/1/702 426/1/702
f 426/1/752 430/1/752 427/1/752
f 429/1/753 428/1/754 431/1/753
f 429/1/718 422/1/733 430/1/718
f 429/1/21 423/1/21 424/1/21
f 433/1/755 430/1/755 432/1/755
f 432/1/756 428/1/757 433/1/758
f 433/1/714 435/1/714 427/1/714
f 433/1/724 436/1/715 434/1/702
f 434/1/759 438/1/759 435/1/759
f 437/1/760 436/1/760 439/1/760
f 437/1/719 430/1/719 438/1/719
f 437/1/21 431/1/21 432/1/21
f 441/1/761 438/1/761 440/1/762
f 440/1/763 436/1/764 441/1/764
f 441/1/714 443/1/714 435/1/714
f 441/1/715 444/1/715 442/1/724
f 442/1/765 446/1/765 443/1/765
f 445/1/766 444/1/767 447/1/766
f 445/1/718 438/1/718 446/1/718
f 445/1/21 439/1/21 440/1/21
f 449/1/768 446/1/768 448/1/769
f 448/1/770 444/1/770 449/1/770
f 450/1/714 443/1/714 449/1/714
f 449/1/715 452/1/724 450/1/724
f 450/1/771 454/1/771 451/1/771
f 453/1/772 452/1/772 455/1/772
f 453/1/719 446/1/719 454/1/719
f 453/1/21 447/1/21 448/1/21
f 457/1/773 454/1/773 456/1/774
f 456/1/775 452/1/776 457/1/776
f 458/1/714 451/1/714 457/1/714
f 458/1/702 452/1/702 460/1/702
f 458/1/777 462/1/778 459/1/779
f 461/1/780 460/1/780 463/1/780
f 456/1/718 462/1/719 461/1/719
f 456/1/21 463/1/21 455/1/21
f 465/1/781 462/1/781 464/1/781
f 464/1/782 460/1/782 465/1/783
f 466/1/714 459/1/714 465/1/714
f 466/1/715 460/1/724 468/1/702
f 466/1/784 470/1/784 467/1/784
f 469/1/785 468/1/785 471/1/786
f 464/1/718 470/1/719 469/1/719
f 464/1/21 471/1/21 463/1/21
f 473/1/787 470/1/787 472/1/788
f 472/1/789 468/1/790 473/1/790
f 474/1/714 467/1/714 473/1/714
f 474/1/724 468/1/702 476/1/724
f 474/1/791 478/1/792 475/1/791
f 477/1/793 476/1/793 479/1/794
f 472/1/718 478/1/733 477/1/719
f 472/1/21 479/1/21 471/1/21
f 481/1/795 478/1/796 480/1/797
f 480/1/798 476/1/799 481/1/800
f 482/1/714 475/1/714 481/1/714
f 482/1/715 476/1/724 484/1/715
f 482/1/801 486/1/801 483/1/801
f 485/1/802 484/1/803 487/1/804
f 480/1/718 486/1/719 485/1/719
f 480/1/21 487/1/21 479/1/21
f 489/1/805 486/1/806 488/1/806
f 488/1/807 484/1/807 489/1/807
f 490/1/714 483/1/714 489/1/714
f 490/1/808 484/1/724 492/1/809
f 490/1/810 494/1/810 491/1/810
f 490/1/811 495/1/811 493/1/811
f 488/1/719 494/1/719 493/1/719
f 488/1/21 495/1/21 487/1/21
f 496/1/812 491/1/812 494/1/813
f 496/1/814 492/1/815 497/1/815
f 498/1/714 491/1/714 497/1/714
f 498/1/809 492/1/809 500/1/809
f 498/1/816 502/1/817 499/1/816
f 498/1/818 503/1/818 501/1/819
f 496/1/718 502/1/719 501/1/719
f 496/1/21 503/1/21 495/1/21
f 504/1/820 499/1/821 502/1/820
f 504/1/822 500/1/823 505/1/823
f 506/1/714 499/1/714 505/1/714
f 506/1/809 500/1/809 508/1/809
f 506/1/824 510/1/825 507/1/826
f 506/1/827 511/1/828 509/1/829
f 504/1/718 510/1/719 509/1/719
f 504/1/21 511/1/21 503/1/21
f 512/1/830 507/1/830 510/1/830
f 512/1/831 508/1/831 513/1/831
f 514/1/714 507/1/714 513/1/714
f 514/1/809 508/1/809 6/1/809
f 514/1/832 362/1/833 4/1/832
f 514/1/834 363/1/834 515/1/835
f 512/1/718 362/1/719 515/1/719
f 512/1/21 363/1/21 511/1/21
f 517/1/836 518/1/836 516/1/837
f 517/1/696 519/1/696 376/1/696
f 520/1/838 375/1/839 517/1/840
f 517/1/841 383/1/842 520/1/809
f 521/1/843 382/1/843 520/1/843
f 521/1/704 383/1/844 523/1/704
f 521/1/845 518/1/846 522/1/847
f 516/1/848 523/1/849 519/1/850
f 525/1/851 522/1/852 524/1/853
f 525/1/854 523/1/855 383/1/856
f 525/1/857 390/1/858 382/1/859
f 525/1/809 391/1/860 526/1/861
f 527/1/716 390/1/716 526/1/862
f 527/1/863 391/1/863 529/1/863
f 527/1/864 522/1/864 528/1/864
f 527/1/591 523/1/591 524/1/591
f 531/1/865 528/1/866 530/1/721
f 531/1/867 529/1/868 391/1/867
f 531/1/858 398/1/858 390/1/858
f 531/1/702 399/1/715 532/1/715
f 533/1/725 398/1/869 532/1/869
f 533/1/870 399/1/870 535/1/870
f 533/1/718 528/1/864 534/1/864
f 533/1/591 529/1/591 530/1/591
f 537/1/729 534/1/729 536/1/729
f 537/1/871 535/1/872 399/1/871
f 537/1/858 406/1/858 398/1/858
f 537/1/724 407/1/702 538/1/702
f 539/1/873 406/1/874 538/1/875
f 539/1/876 407/1/876 541/1/877
f 539/1/864 534/1/864 540/1/864
f 539/1/591 535/1/591 536/1/591
f 543/1/878 540/1/878 542/1/878
f 543/1/735 541/1/735 407/1/735
f 543/1/858 414/1/858 406/1/858
f 543/1/702 415/1/702 544/1/702
f 544/1/737 546/1/737 414/1/737
f 545/1/739 415/1/739 547/1/739
f 545/1/864 540/1/864 546/1/879
f 545/1/591 541/1/591 542/1/591
f 549/1/880 546/1/881 548/1/881
f 548/1/744 415/1/744 549/1/744
f 549/1/858 422/1/858 414/1/858
f 549/1/702 423/1/715 550/1/715
f 550/1/746 552/1/746 422/1/882
f 551/1/883 423/1/883 553/1/883
f 551/1/864 546/1/864 552/1/864
f 551/1/591 547/1/591 548/1/591
f 555/1/884 552/1/884 554/1/884
f 554/1/750 423/1/750 555/1/750
f 555/1/858 430/1/858 422/1/858
f 555/1/702 431/1/702 556/1/702
f 556/1/885 558/1/885 430/1/886
f 557/1/754 431/1/754 559/1/754
f 557/1/864 552/1/864 558/1/864
f 557/1/591 553/1/591 554/1/591
f 561/1/755 558/1/755 560/1/755
f 560/1/758 431/1/758 561/1/758
f 561/1/858 438/1/858 430/1/858
f 561/1/702 439/1/702 562/1/702
f 562/1/887 564/1/887 438/1/887
f 563/1/888 439/1/888 565/1/888
f 563/1/864 558/1/864 564/1/864
f 563/1/591 559/1/591 560/1/591
f 567/1/889 564/1/761 566/1/890
f 566/1/891 439/1/891 567/1/892
f 567/1/858 446/1/858 438/1/858
f 567/1/702 447/1/715 568/1/724
f 568/1/893 570/1/893 446/1/893
f 569/1/894 447/1/894 571/1/895
f 569/1/864 564/1/864 570/1/864
f 569/1/591 565/1/591 566/1/591
f 573/1/896 570/1/897 572/1/897
f 572/1/898 447/1/899 573/1/770
f 574/1/858 446/1/858 573/1/858
f 573/1/702 455/1/702 574/1/702
f 574/1/900 576/1/901 454/1/900
f 575/1/902 455/1/772 577/1/903
f 572/1/864 576/1/864 575/1/904
f 575/1/591 571/1/591 572/1/591
f 579/1/774 576/1/774 578/1/774
f 578/1/905 455/1/905 579/1/776
f 580/1/858 454/1/858 579/1/858
f 580/1/702 455/1/715 463/1/702
f 580/1/906 582/1/777 462/1/906
f 581/1/907 463/1/907 583/1/907
f 578/1/864 582/1/864 581/1/864
f 578/1/591 583/1/591 577/1/591
f 585/1/908 582/1/908 584/1/908
f 584/1/783 463/1/783 585/1/783
f 586/1/858 462/1/858 585/1/858
f 586/1/702 463/1/702 471/1/702
f 586/1/784 588/1/784 470/1/909
f 587/1/910 471/1/910 589/1/910
f 584/1/864 588/1/864 587/1/864
f 584/1/591 589/1/591 583/1/591
f 591/1/788 588/1/788 590/1/787
f 590/1/790 471/1/790 591/1/790
f 592/1/858 470/1/858 591/1/858
f 592/1/702 471/1/702 479/1/702
f 592/1/911 594/1/912 478/1/913
f 593/1/793 479/1/793 595/1/793
f 590/1/864 594/1/719 593/1/718
f 590/1/591 595/1/591 589/1/591
f 597/1/914 594/1/914 596/1/915
f 596/1/916 479/1/916 597/1/917
f 598/1/858 478/1/858 597/1/858
f 598/1/702 479/1/702 487/1/702
f 598/1/918 600/1/919 486/1/918
f 599/1/803 487/1/803 601/1/803
f 596/1/719 600/1/733 599/1/718
f 596/1/591 601/1/591 595/1/591
f 603/1/920 600/1/806 602/1/806
f 602/1/807 487/1/807 603/1/807
f 604/1/921 486/1/922 603/1/922
f 604/1/702 487/1/702 495/1/702
f 604/1/923 606/1/923 494/1/923
f 604/1/811 607/1/811 605/1/811
f 602/1/719 606/1/719 605/1/719
f 602/1/591 607/1/591 601/1/591
f 608/1/924 494/1/925 606/1/924
f 608/1/815 495/1/815 609/1/815
f 610/1/858 494/1/858 609/1/858
f 610/1/702 495/1/702 503/1/702
f 610/1/926 612/1/926 502/1/926
f 610/1/927 613/1/928 611/1/929
f 608/1/719 612/1/733 611/1/718
f 608/1/591 613/1/591 607/1/591
f 614/1/820 502/1/930 612/1/820
f 614/1/931 503/1/931 615/1/823
f 616/1/922 502/1/922 615/1/922
f 616/1/702 503/1/724 511/1/702
f 616/1/932 618/1/932 510/1/932
f 616/1/933 619/1/934 617/1/934
f 614/1/719 618/1/718 617/1/718
f 614/1/591 619/1/591 613/1/591
f 620/1/830 510/1/935 618/1/830
f 620/1/936 511/1/936 621/1/936
f 622/1/922 510/1/921 621/1/922
f 622/1/702 511/1/702 363/1/702
f 622/1/937 354/1/938 362/1/939
f 622/1/940 355/1/941 623/1/942
f 620/1/719 354/1/733 623/1/718
f 620/1/591 355/1/591 619/1/591
f 625/1/943 626/1/944 624/1/945
f 625/1/946 627/1/946 519/1/696
f 628/1/947 518/1/948 625/1/699
f 625/1/949 523/1/950 628/1/715
f 629/1/951 522/1/952 628/1/953
f 629/1/704 523/1/954 631/1/704
f 629/1/955 626/1/956 630/1/957
f 624/1/958 631/1/959 627/1/960
f 633/1/961 630/1/852 632/1/962
f 633/1/963 631/1/964 523/1/963
f 633/1/965 528/1/965 522/1/965
f 633/1/724 529/1/724 634/1/715
f 635/1/966 528/1/967 634/1/968
f 635/1/717 529/1/969 637/1/970
f 635/1/733 630/1/733 636/1/733
f 635/1/591 631/1/591 632/1/591
f 639/1/721 636/1/971 638/1/972
f 639/1/973 637/1/973 529/1/974
f 639/1/965 534/1/965 528/1/965
f 639/1/724 535/1/724 640/1/702
f 641/1/975 534/1/976 640/1/977
f 641/1/978 535/1/979 643/1/980
f 641/1/719 636/1/719 642/1/719
f 641/1/591 637/1/591 638/1/591
f 645/1/981 642/1/982 644/1/983
f 645/1/730 643/1/984 535/1/730
f 645/1/965 540/1/965 534/1/965
f 645/1/724 541/1/702 646/1/702
f 647/1/873 540/1/873 646/1/985
f 647/1/986 541/1/987 649/1/988
f 647/1/719 642/1/719 648/1/719
f 647/1/591 643/1/591 644/1/591
f 651/1/989 648/1/989 650/1/990
f 651/1/991 649/1/992 541/1/735
f 651/1/965 546/1/965 540/1/965
f 651/1/724 547/1/724 652/1/715
f 652/1/736 654/1/993 546/1/994
f 653/1/995 547/1/996 655/1/997
f 653/1/718 648/1/718 654/1/733
f 653/1/591 649/1/591 650/1/591
f 657/1/998 654/1/999 656/1/1000
f 656/1/1001 547/1/743 657/1/1002
f 657/1/714 552/1/965 546/1/714
f 657/1/724 553/1/724 658/1/724
f 658/1/1003 660/1/882 552/1/1004
f 659/1/1005 553/1/1005 661/1/1006
f 659/1/719 654/1/719 660/1/719
f 659/1/591 655/1/591 656/1/591
f 663/1/1007 660/1/1008 662/1/1009
f 662/1/750 553/1/1010 663/1/1011
f 663/1/714 558/1/965 552/1/714
f 663/1/724 559/1/702 664/1/702
f 664/1/885 666/1/1012 558/1/885
f 665/1/754 559/1/1013 667/1/754
f 665/1/718 660/1/719 666/1/718
f 665/1/591 661/1/591 662/1/591
f 669/1/755 666/1/1014 668/1/1015
f 668/1/1016 559/1/1017 669/1/1018
f 669/1/714 564/1/965 558/1/714
f 669/1/724 565/1/724 670/1/702
f 670/1/1019 672/1/1020 564/1/1019
f 671/1/1021 565/1/1022 673/1/888
f 671/1/718 666/1/733 672/1/718
f 671/1/591 667/1/591 668/1/591
f 675/1/1023 672/1/1024 674/1/1025
f 674/1/1026 565/1/1027 675/1/1028
f 675/1/714 570/1/965 564/1/714
f 675/1/724 571/1/724 676/1/715
f 676/1/765 678/1/1029 570/1/1030
f 677/1/1031 571/1/1032 679/1/1031
f 677/1/718 672/1/733 678/1/718
f 677/1/591 673/1/591 674/1/591
f 681/1/1033 678/1/1034 680/1/1035
f 680/1/1036 571/1/1037 681/1/1038
f 682/1/714 570/1/965 681/1/965
f 681/1/724 577/1/702 682/1/702
f 682/1/1039 684/1/1040 576/1/1041
f 683/1/1042 577/1/1043 685/1/902
f 680/1/718 684/1/718 683/1/718
f 683/1/591 679/1/591 680/1/591
f 687/1/773 684/1/1044 686/1/1045
f 686/1/1046 577/1/1047 687/1/1048
f 688/1/965 576/1/714 687/1/714
f 688/1/724 577/1/724 583/1/724
f 688/1/1049 690/1/1050 582/1/1049
f 689/1/1051 583/1/1052 691/1/1051
f 686/1/733 690/1/718 689/1/718
f 686/1/591 691/1/591 685/1/591
f 693/1/1053 690/1/1054 692/1/1055
f 692/1/1056 583/1/1057 693/1/1058
f 694/1/714 582/1/965 693/1/965
f 694/1/724 583/1/724 589/1/724
f 694/1/784 696/1/1059 588/1/1060
f 695/1/1061 589/1/1062 697/1/1063
f 692/1/719 696/1/719 695/1/719
f 692/1/591 697/1/591 691/1/591
f 699/1/1064 696/1/1064 698/1/1065
f 698/1/790 589/1/1066 699/1/1067
f 700/1/714 588/1/714 699/1/965
f 700/1/724 589/1/702 595/1/724
f 700/1/1068 702/1/1069 594/1/1068
f 701/1/1070 595/1/794 703/1/1070
f 698/1/733 702/1/718 701/1/718
f 698/1/591 703/1/591 697/1/591
f 705/1/915 702/1/1071 704/1/1072
f 704/1/1073 595/1/1073 705/1/1074
f 706/1/714 594/1/714 705/1/714
f 706/1/724 595/1/724 601/1/724
f 706/1/1075 708/1/1075 600/1/1076
f 707/1/1077 601/1/802 709/1/1078
f 704/1/719 708/1/719 707/1/719
f 704/1/591 709/1/591 703/1/591
f 711/1/805 708/1/1079 710/1/1080
f 710/1/1081 601/1/1082 711/1/1083
f 712/1/714 600/1/714 711/1/714
f 712/1/724 601/1/702 607/1/724
f 712/1/1084 714/1/1084 606/1/1084
f 712/1/1085 715/1/1086 713/1/1087
f 710/1/719 714/1/718 713/1/718
f 710/1/591 715/1/591 709/1/591
f 716/1/924 606/1/924 714/1/925
f 716/1/1088 607/1/814 717/1/1089
f 718/1/714 606/1/714 717/1/714
f 718/1/724 607/1/702 613/1/724
f 718/1/817 720/1/1090 612/1/1091
f 718/1/818 721/1/1092 719/1/1093
f 716/1/718 720/1/733 719/1/719
f 716/1/591 721/1/591 715/1/591
f 722/1/1094 612/1/1095 720/1/820
f 722/1/823 613/1/1096 723/1/1097
f 724/1/714 612/1/714 723/1/714
f 724/1/724 613/1/724 619/1/724
f 724/1/932 726/1/1098 618/1/825
f 724/1/1099 727/1/1099 725/1/1100
f 722/1/733 726/1/733 725/1/718
f 722/1/591 727/1/591 721/1/591
f 728/1/1101 618/1/1102 726/1/1103
f 728/1/1104 619/1/1105 729/1/1106
f 730/1/714 618/1/714 729/1/714
f 730/1/724 619/1/702 355/1/724
f 730/1/1107 346/1/1108 354/1/1107
f 730/1/1109 347/1/1110 731/1/1111
f 728/1/733 346/1/719 731/1/719
f 728/1/591 347/1/591 727/1/591
f 733/1/1112 734/1/694 732/1/694
f 733/1/695 735/1/695 627/1/696
f 736/1/1113 626/1/1114 733/1/699
f 733/1/1115 631/1/1116 736/1/702
f 737/1/843 630/1/843 736/1/1117
f 737/1/1118 631/1/1119 739/1/1118
f 737/1/1120 734/1/1121 738/1/1122
f 732/1/1123 739/1/1124 735/1/1125
f 741/1/853 738/1/853 740/1/852
f 741/1/1126 739/1/1127 631/1/963
f 741/1/714 636/1/714 630/1/714
f 741/1/724 637/1/702 742/1/702
f 743/1/1128 636/1/1129 742/1/1129
f 743/1/717 637/1/863 745/1/717
f 743/1/718 738/1/718 744/1/718
f 743/1/21 739/1/21 740/1/21
f 747/1/866 744/1/866 746/1/866
f 747/1/722 745/1/722 637/1/722
f 747/1/714 642/1/714 636/1/714
f 747/1/715 643/1/702 748/1/702
f 749/1/725 642/1/726 748/1/726
f 749/1/727 643/1/727 751/1/727
f 749/1/718 744/1/719 750/1/718
f 749/1/21 745/1/21 746/1/21
f 753/1/728 750/1/728 752/1/729
f 753/1/730 751/1/730 643/1/730
f 753/1/714 648/1/714 642/1/714
f 753/1/724 649/1/724 754/1/724
f 755/1/731 648/1/731 754/1/731
f 755/1/876 649/1/876 757/1/876
f 755/1/719 750/1/719 756/1/719
f 755/1/21 751/1/21 752/1/693
f 759/1/878 756/1/878 758/1/878
f 759/1/1130 757/1/1131 649/1/1130
f 759/1/714 654/1/714 648/1/714
f 759/1/724 655/1/702 760/1/702
f 760/1/736 762/1/737 654/1/738
f 761/1/739 655/1/739 763/1/996
f 761/1/718 756/1/719 762/1/718
f 761/1/21 757/1/21 758/1/693
f 765/1/1132 762/1/1132 764/1/1132
f 764/1/1133 655/1/1133 765/1/1133
f 765/1/714 660/1/714 654/1/714
f 765/1/724 661/1/724 766/1/724
f 766/1/1003 768/1/1003 660/1/1003
f 767/1/1134 661/1/1134 769/1/1134
f 767/1/718 762/1/719 768/1/718
f 767/1/21 763/1/21 764/1/21
f 771/1/748 768/1/749 770/1/1135
f 770/1/750 661/1/750 771/1/751
f 771/1/714 666/1/714 660/1/714
f 771/1/724 667/1/715 772/1/702
f 772/1/752 774/1/752 666/1/752
f 773/1/754 667/1/754 775/1/753
f 773/1/718 768/1/719 774/1/718
f 773/1/21 769/1/693 770/1/693
f 777/1/755 774/1/755 776/1/755
f 776/1/757 667/1/1136 777/1/1136
f 777/1/714 672/1/714 666/1/714
f 777/1/724 673/1/724 778/1/702
f 778/1/759 780/1/759 672/1/759
f 779/1/888 673/1/888 781/1/888
f 779/1/718 774/1/719 780/1/718
f 779/1/21 775/1/21 776/1/693
f 783/1/762 780/1/762 782/1/1137
f 782/1/1138 673/1/1139 783/1/892
f 783/1/714 678/1/714 672/1/714
f 783/1/724 679/1/724 784/1/702
f 784/1/765 786/1/765 678/1/765
f 785/1/894 679/1/767 787/1/895
f 785/1/718 780/1/719 786/1/718
f 785/1/21 781/1/21 782/1/21
f 789/1/769 786/1/769 788/1/897
f 788/1/1036 679/1/898 789/1/898
f 790/1/714 678/1/714 789/1/714
f 789/1/724 685/1/724 790/1/724
f 790/1/1041 792/1/1041 684/1/1140
f 791/1/1042 685/1/902 793/1/1141
f 788/1/718 792/1/733 791/1/719
f 791/1/21 787/1/21 788/1/693
f 795/1/773 792/1/773 794/1/1142
f 794/1/905 685/1/905 795/1/905
f 796/1/714 684/1/714 795/1/714
f 796/1/724 685/1/715 691/1/724
f 796/1/778 798/1/778 690/1/779
f 797/1/780 691/1/780 799/1/780
f 794/1/718 798/1/733 797/1/719
f 794/1/21 799/1/21 793/1/21
f 801/1/781 798/1/781 800/1/1143
f 800/1/782 691/1/783 801/1/783
f 802/1/714 690/1/714 801/1/714
f 802/1/724 691/1/724 697/1/724
f 802/1/784 804/1/784 696/1/784
f 803/1/785 697/1/785 805/1/785
f 800/1/718 804/1/719 803/1/719
f 800/1/21 805/1/21 799/1/21
f 807/1/787 804/1/787 806/1/788
f 806/1/790 697/1/790 807/1/790
f 808/1/714 696/1/714 807/1/714
f 808/1/724 697/1/715 703/1/724
f 808/1/791 810/1/792 702/1/791
f 809/1/793 703/1/793 811/1/793
f 806/1/718 810/1/719 809/1/719
f 806/1/21 811/1/21 805/1/21
f 813/1/915 810/1/915 812/1/915
f 812/1/917 703/1/917 813/1/917
f 814/1/714 702/1/714 813/1/714
f 814/1/724 703/1/724 709/1/724
f 814/1/1144 816/1/1144 708/1/801
f 815/1/802 709/1/803 817/1/802
f 812/1/718 816/1/719 815/1/719
f 812/1/21 817/1/21 811/1/21
f 819/1/805 816/1/806 818/1/806
f 818/1/807 709/1/807 819/1/807
f 820/1/714 708/1/714 819/1/714
f 820/1/724 709/1/715 715/1/724
f 820/1/923 822/1/923 714/1/1145
f 820/1/1146 823/1/1147 821/1/1147
f 818/1/718 822/1/719 821/1/719
f 818/1/21 823/1/21 817/1/21
f 824/1/812 714/1/812 822/1/812
f 824/1/815 715/1/815 825/1/815
f 826/1/714 714/1/714 825/1/714
f 826/1/724 715/1/724 721/1/724
f 826/1/816 828/1/816 720/1/816
f 826/1/818 829/1/818 827/1/819
f 824/1/719 828/1/719 827/1/719
f 824/1/21 829/1/21 823/1/21
f 830/1/1148 720/1/1148 828/1/1148
f 830/1/1149 721/1/1149 831/1/1149
f 832/1/714 720/1/714 831/1/714
f 832/1/724 721/1/715 727/1/724
f 832/1/1150 834/1/1150 726/1/1150
f 832/1/828 835/1/828 833/1/829
f 830/1/718 834/1/719 833/1/719
f 830/1/21 835/1/21 829/1/21
f 836/1/1151 726/1/1152 834/1/1151
f 836/1/831 727/1/936 837/1/1153
f 838/1/714 726/1/714 837/1/714
f 838/1/724 727/1/715 347/1/724
f 838/1/1154 338/1/1154 346/1/1154
f 838/1/1155 339/1/1156 839/1/1156
f 836/1/719 338/1/733 839/1/733
f 836/1/21 339/1/21 835/1/21
f 841/1/1157 842/1/1158 840/1/945
f 841/1/696 843/1/696 735/1/696
f 844/1/1159 734/1/1160 841/1/840
f 841/1/1161 739/1/1162 844/1/809
f 845/1/1117 738/1/843 844/1/843
f 845/1/1163 739/1/1163 847/1/1163
f 845/1/1164 842/1/1165 846/1/1166
f 840/1/1167 847/1/1168 843/1/1169
f 849/1/852 846/1/852 848/1/1170
f 849/1/855 847/1/855 739/1/855
f 849/1/859 744/1/859 738/1/859
f 849/1/809 745/1/809 850/1/809
f 851/1/716 744/1/716 850/1/862
f 851/1/1171 745/1/1171 853/1/1172
f 851/1/718 846/1/719 852/1/718
f 851/1/1173 847/1/591 848/1/591
f 855/1/1174 852/1/1174 854/1/865
f 855/1/722 853/1/722 745/1/722
f 855/1/859 750/1/859 744/1/859
f 855/1/809 751/1/809 856/1/809
f 857/1/869 750/1/869 856/1/869
f 857/1/870 751/1/870 859/1/1175
f 857/1/718 852/1/719 858/1/718
f 857/1/1173 853/1/1173 854/1/1173
f 861/1/1176 858/1/1177 860/1/729
f 861/1/871 859/1/872 751/1/871
f 861/1/859 756/1/859 750/1/859
f 861/1/809 757/1/809 862/1/809
f 863/1/873 756/1/874 862/1/875
f 863/1/877 757/1/877 865/1/877
f 863/1/864 858/1/1178 864/1/864
f 863/1/591 859/1/591 860/1/1173
f 867/1/878 864/1/878 866/1/878
f 867/1/735 865/1/735 757/1/735
f 867/1/858 762/1/858 756/1/858
f 867/1/715 763/1/724 868/1/724
f 868/1/1179 870/1/737 762/1/1179
f 869/1/739 763/1/739 871/1/739
f 869/1/864 864/1/864 870/1/864
f 869/1/591 865/1/591 866/1/591
f 873/1/998 870/1/1132 872/1/1180
f 872/1/1181 763/1/1181 873/1/1133
f 873/1/858 768/1/858 762/1/858
f 873/1/715 769/1/724 874/1/724
f 874/1/745 876/1/745 768/1/1182
f 875/1/1134 769/1/1134 877/1/1134
f 875/1/864 870/1/864 876/1/864
f 875/1/591 871/1/591 872/1/591
f 879/1/1183 876/1/1135 878/1/749
f 878/1/1184 769/1/750 879/1/750
f 879/1/858 774/1/858 768/1/858
f 879/1/715 775/1/724 880/1/724
f 880/1/886 882/1/885 774/1/1185
f 881/1/754 775/1/754 883/1/754
f 881/1/864 876/1/864 882/1/864
f 881/1/591 877/1/591 878/1/591
f 885/1/755 882/1/755 884/1/1186
f 884/1/758 775/1/758 885/1/758
f 885/1/858 780/1/858 774/1/858
f 885/1/702 781/1/724 886/1/724
f 886/1/887 888/1/1019 780/1/887
f 887/1/888 781/1/888 889/1/760
f 887/1/864 882/1/864 888/1/864
f 887/1/591 883/1/591 884/1/591
f 891/1/889 888/1/761 890/1/890
f 890/1/891 781/1/891 891/1/892
f 891/1/858 786/1/858 780/1/858
f 891/1/724 787/1/724 892/1/715
f 892/1/765 894/1/765 786/1/765
f 893/1/1187 787/1/1187 895/1/1187
f 893/1/879 888/1/879 894/1/864
f 893/1/1188 889/1/1188 890/1/1188
f 897/1/896 894/1/897 896/1/769
f 896/1/898 787/1/898 897/1/770
f 898/1/858 786/1/858 897/1/858
f 897/1/724 793/1/724 898/1/724
f 898/1/900 900/1/901 792/1/900
f 899/1/902 793/1/902 901/1/902
f 896/1/864 900/1/864 899/1/864
f 899/1/591 895/1/1189 896/1/21
f 903/1/773 900/1/773 902/1/1142
f 902/1/1190 793/1/1191 903/1/1191
f 904/1/922 792/1/922 903/1/922
f 904/1/702 793/1/724 799/1/702
f 904/1/906 906/1/777 798/1/906
f 905/1/907 799/1/907 907/1/907
f 902/1/879 906/1/864 905/1/718
f 902/1/1188 907/1/1188 901/1/1188
f 909/1/908 906/1/1053 908/1/1053
f 908/1/783 799/1/783 909/1/783
f 910/1/858 798/1/858 909/1/858
f 910/1/702 799/1/724 805/1/702
f 910/1/784 912/1/784 804/1/909
f 911/1/910 805/1/910 913/1/910
f 908/1/864 912/1/864 911/1/879
f 908/1/591 913/1/591 907/1/591
f 915/1/1192 912/1/788 914/1/787
f 914/1/790 805/1/790 915/1/790
f 916/1/858 804/1/858 915/1/858
f 916/1/702 805/1/715 811/1/702
f 916/1/1193 918/1/1194 810/1/1195
f 917/1/1196 811/1/793 919/1/1197
f 914/1/864 918/1/864 917/1/864
f 914/1/591 919/1/591 913/1/591
f 921/1/1198 918/1/1198 920/1/914
f 920/1/917 811/1/917 921/1/1199
f 922/1/858 810/1/858 921/1/858
f 922/1/702 811/1/702 817/1/702
f 922/1/1076 924/1/1200 816/1/1076
f 923/1/1201 817/1/1078 925/1/1202
f 920/1/864 924/1/864 923/1/864
f 920/1/591 925/1/591 919/1/591
f 927/1/920 924/1/806 926/1/806
f 926/1/807 817/1/807 927/1/807
f 928/1/858 816/1/858 927/1/858
f 928/1/724 817/1/724 823/1/724
f 928/1/1203 930/1/810 822/1/1203
f 928/1/1204 931/1/1205 929/1/1206
f 926/1/864 930/1/864 929/1/864
f 926/1/591 931/1/591 925/1/591
f 932/1/925 822/1/925 930/1/925
f 932/1/815 823/1/815 933/1/815
f 934/1/858 822/1/858 933/1/858
f 934/1/715 823/1/724 829/1/702
f 934/1/817 936/1/817 828/1/926
f 934/1/927 937/1/928 935/1/929
f 932/1/864 936/1/864 935/1/864
f 932/1/591 937/1/591 931/1/591
f 938/1/1207 828/1/1207 936/1/1207
f 938/1/1208 829/1/1208 939/1/1209
f 940/1/858 828/1/858 939/1/858
f 940/1/702 829/1/702 835/1/702
f 940/1/932 942/1/932 834/1/932
f 940/1/828 943/1/828 941/1/828
f 938/1/864 942/1/864 941/1/864
f 938/1/591 943/1/21 937/1/1188
f 944/1/1103 834/1/830 942/1/1101
f 944/1/1104 835/1/1153 945/1/1153
f 946/1/858 834/1/858 945/1/858
f 946/1/702 835/1/724 339/1/702
f 946/1/938 330/1/1210 338/1/938
f 946/1/941 331/1/941 947/1/942
f 944/1/718 330/1/864 947/1/879
f 944/1/591 331/1/591 943/1/591
f 949/1/943 950/1/943 948/1/945
f 949/1/946 951/1/946 843/1/695
f 952/1/1211 842/1/1212 949/1/699
f 949/1/1213 847/1/1214 952/1/724
f 953/1/1215 846/1/1216 952/1/1217
f 953/1/1218 847/1/1219 955/1/1218
f 953/1/1220 950/1/1221 954/1/1222
f 948/1/1223 955/1/1224 951/1/1225
f 957/1/961 954/1/852 956/1/962
f 957/1/963 955/1/964 847/1/963
f 957/1/965 852/1/965 846/1/965
f 957/1/702 853/1/715 958/1/724
f 959/1/1226 852/1/1227 958/1/1228
f 959/1/1229 853/1/1229 961/1/1229
f 959/1/719 954/1/733 960/1/719
f 959/1/591 955/1/591 956/1/591
f 963/1/1230 960/1/1230 962/1/971
f 963/1/723 961/1/1231 853/1/722
f 963/1/965 858/1/965 852/1/965
f 963/1/702 859/1/724 964/1/724
f 965/1/975 858/1/976 964/1/1232
f 965/1/978 859/1/979 967/1/980
f 965/1/719 960/1/733 966/1/719
f 965/1/591 961/1/591 962/1/591
f 969/1/729 966/1/982 968/1/1233
f 969/1/730 967/1/984 859/1/730
f 969/1/965 864/1/714 858/1/965
f 969/1/702 865/1/724 970/1/724
f 971/1/1234 864/1/1235 970/1/1236
f 971/1/1237 865/1/1237 973/1/1238
f 971/1/719 966/1/719 972/1/719
f 971/1/591 967/1/591 968/1/591
f 975/1/1239 972/1/1240 974/1/1241
f 975/1/1130 973/1/1130 865/1/1131
f 975/1/965 870/1/965 864/1/965
f 975/1/702 871/1/724 976/1/724
f 976/1/736 978/1/993 870/1/994
f 977/1/997 871/1/996 979/1/997
f 977/1/719 972/1/733 978/1/719
f 977/1/591 973/1/591 974/1/591
f 981/1/1242 978/1/1243 980/1/1244
f 980/1/1245 871/1/1246 981/1/1247
f 981/1/965 876/1/965 870/1/965
f 981/1/715 877/1/724 982/1/724
f 982/1/882 984/1/882 876/1/1003
f 983/1/1248 877/1/1249 985/1/1250
f 983/1/719 978/1/733 984/1/719
f 983/1/591 979/1/591 980/1/591
f 987/1/749 984/1/1007 986/1/1009
f 986/1/1251 877/1/1252 987/1/1253
f 987/1/965 882/1/714 876/1/965
f 987/1/702 883/1/724 988/1/724
f 988/1/1254 990/1/885 882/1/1255
f 989/1/1256 883/1/1257 991/1/1258
f 989/1/719 984/1/733 990/1/719
f 989/1/591 985/1/591 986/1/591
f 993/1/1259 990/1/1260 992/1/1261
f 992/1/1262 883/1/1016 993/1/1018
f 993/1/965 888/1/965 882/1/965
f 993/1/702 889/1/724 994/1/724
f 994/1/1019 996/1/1020 888/1/1019
f 995/1/1021 889/1/1021 997/1/888
f 995/1/719 990/1/719 996/1/719
f 995/1/591 991/1/591 992/1/591
f 999/1/1023 996/1/1024 998/1/1263
f 998/1/1026 889/1/1027 999/1/1028
f 999/1/965 894/1/965 888/1/965
f 999/1/702 895/1/715 1000/1/724
f 1000/1/765 1002/1/1029 894/1/1030
f 1001/1/1031 895/1/1032 1003/1/1031
f 1001/1/719 996/1/718 1002/1/719
f 1001/1/591 997/1/591 998/1/591
f 1005/1/1033 1002/1/1034 1004/1/1035
f 1004/1/1036 895/1/1037 1005/1/1038
f 1005/1/965 900/1/714 894/1/965
f 1005/1/724 901/1/724 1006/1/724
f 1006/1/1039 1008/1/1040 900/1/1039
f 1007/1/1042 901/1/1141 1009/1/902
f 1004/1/719 1008/1/719 1007/1/718
f 1007/1/591 1003/1/591 1004/1/591
f 1011/1/773 1008/1/1044 1010/1/1045
f 1010/1/1046 901/1/1047 1011/1/1048
f 1012/1/965 900/1/965 1011/1/965
f 1012/1/702 901/1/702 907/1/702
f 1012/1/1049 1014/1/1050 906/1/1049
f 1013/1/1051 907/1/1264 1015/1/1051
f 1010/1/719 1014/1/733 1013/1/718
f 1010/1/591 1015/1/591 1009/1/591
f 1017/1/1053 1014/1/1054 1016/1/1055
f 1016/1/1056 907/1/1056 1017/1/1058
f 1018/1/714 906/1/714 1017/1/965
f 1018/1/715 907/1/724 913/1/702
f 1018/1/1265 1020/1/1266 912/1/1060
f 1019/1/1267 913/1/1061 1021/1/1267
f 1016/1/719 1020/1/733 1019/1/718
f 1016/1/591 1021/1/591 1015/1/591
f 1023/1/1268 1020/1/788 1022/1/1065
f 1022/1/1269 913/1/1270 1023/1/1271
f 1024/1/965 912/1/965 1023/1/965
f 1024/1/724 913/1/724 919/1/724
f 1024/1/792 1026/1/1068 918/1/1272
f 1025/1/1273 919/1/1274 1027/1/1275
f 1022/1/719 1026/1/719 1025/1/733
f 1022/1/591 1027/1/591 1021/1/591
f 1029/1/1276 1026/1/1277 1028/1/1278
f 1028/1/1199 919/1/1279 1029/1/1074
f 1030/1/965 918/1/965 1029/1/965
f 1030/1/702 919/1/724 925/1/702
f 1030/1/1280 1032/1/1281 924/1/1280
f 1031/1/1201 925/1/1282 1033/1/1201
f 1028/1/719 1032/1/718 1031/1/718
f 1028/1/591 1033/1/591 1027/1/591
f 1035/1/805 1032/1/1079 1034/1/1080
f 1034/1/1283 925/1/1082 1035/1/1083
f 1036/1/965 924/1/714 1035/1/714
f 1036/1/702 925/1/724 931/1/702
f 1036/1/810 1038/1/1203 930/1/810
f 1036/1/1146 1039/1/1085 1037/1/1284
f 1034/1/719 1038/1/733 1037/1/718
f 1034/1/21 1039/1/1188 1033/1/21
f 1040/1/924 930/1/1285 1038/1/924
f 1040/1/1286 931/1/1088 1041/1/1287
f 1042/1/965 930/1/965 1041/1/714
f 1042/1/702 931/1/724 937/1/702
f 1042/1/1288 1044/1/1090 936/1/1091
f 1042/1/818 1045/1/1092 1043/1/1093
f 1040/1/719 1044/1/718 1043/1/718
f 1040/1/591 1045/1/591 1039/1/591
f 1046/1/1207 936/1/1289 1044/1/1207
f 1046/1/1209 937/1/1290 1047/1/1291
f 1048/1/965 936/1/965 1047/1/965
f 1048/1/702 937/1/724 943/1/702
f 1048/1/1292 1050/1/1292 942/1/824
f 1048/1/827 1051/1/1293 1049/1/1294
f 1046/1/719 1050/1/719 1049/1/719
f 1046/1/591 1051/1/591 1045/1/591
f 1052/1/1103 942/1/1101 1050/1/830
f 1052/1/1105 943/1/1105 1053/1/1106
f 1054/1/857 942/1/1295 1053/1/1296
f 1054/1/808 943/1/1297 331/1/809
f 1054/1/938 322/1/938 330/1/938
f 1054/1/1298 323/1/1298 1055/1/942
f 1052/1/719 322/1/733 1055/1/718
f 1052/1/591 323/1/591 1051/1/591
f 1057/1/1112 1058/1/694 1056/1/694
f 1057/1/695 1059/1/695 951/1/696
f 1060/1/1299 950/1/1300 1057/1/699
f 1057/1/1301 955/1/1302 1060/1/724
f 1061/1/703 954/1/703 1060/1/703
f 1061/1/704 955/1/704 1063/1/704
f 1061/1/1303 1058/1/1304 1062/1/1305
f 1056/1/1306 1063/1/1307 1059/1/1308
f 1065/1/853 1062/1/1170 1064/1/1170
f 1065/1/1126 1063/1/1127 955/1/963
f 1065/1/714 960/1/714 954/1/714
f 1065/1/724 961/1/702 1066/1/702
f 1067/1/1128 960/1/1309 1066/1/1129
f 1067/1/717 961/1/717 1069/1/717
f 1067/1/719 1062/1/733 1068/1/719
f 1067/1/21 1063/1/21 1064/1/21
f 1071/1/866 1068/1/866 1070/1/866
f 1071/1/722 1069/1/1310 961/1/722
f 1071/1/714 966/1/714 960/1/714
f 1071/1/724 967/1/715 1072/1/702
f 1073/1/1311 966/1/1311 1072/1/1312
f 1073/1/870 967/1/870 1075/1/727
f 1073/1/719 1068/1/718 1074/1/719
f 1073/1/21 1069/1/21 1070/1/21
f 1077/1/728 1074/1/728 1076/1/729
f 1077/1/730 1075/1/1313 967/1/730
f 1077/1/714 972/1/714 966/1/714
f 1077/1/724 973/1/724 1078/1/724
f 1079/1/731 972/1/731 1078/1/731
f 1079/1/876 973/1/876 1081/1/876
f 1079/1/718 1074/1/719 1080/1/718
f 1079/1/21 1075/1/21 1076/1/21
f 1083/1/878 1080/1/878 1082/1/878
f 1083/1/1130 1081/1/1131 973/1/1130
f 1083/1/714 978/1/714 972/1/714
f 1083/1/724 979/1/702 1084/1/702
f 1084/1/737 1086/1/737 978/1/738
f 1085/1/739 979/1/739 1087/1/996
f 1085/1/719 1080/1/719 1086/1/719
f 1085/1/21 1081/1/21 1082/1/21
f 1089/1/1132 1086/1/1132 1088/1/1132
f 1088/1/1314 979/1/1133 1089/1/1133
f 1089/1/714 984/1/714 978/1/714
f 1089/1/724 985/1/702 1090/1/702
f 1090/1/1003 1092/1/1003 984/1/1003
f 1091/1/1134 985/1/1134 1093/1/1134
f 1091/1/718 1086/1/719 1092/1/718
f 1091/1/21 1087/1/21 1088/1/21
f 1095/1/748 1092/1/749 1094/1/1135
f 1094/1/750 985/1/750 1095/1/751
f 1095/1/1315 990/1/1315 984/1/1316
f 1095/1/702 991/1/702 1096/1/724
f 1096/1/752 1098/1/752 990/1/752
f 1097/1/753 991/1/754 1099/1/753
f 1097/1/719 1092/1/719 1098/1/719
f 1097/1/21 1093/1/21 1094/1/21
f 1101/1/755 1098/1/755 1100/1/755
f 1100/1/756 991/1/757 1101/1/757
f 1101/1/714 996/1/714 990/1/714
f 1101/1/724 997/1/702 1102/1/702
f 1102/1/759 1104/1/1317 996/1/759
f 1103/1/760 997/1/760 1105/1/760
f 1103/1/718 1098/1/718 1104/1/718
f 1103/1/21 1099/1/21 1100/1/21
f 1107/1/762 1104/1/762 1106/1/1137
f 1106/1/1318 997/1/1318 1107/1/892
f 1107/1/714 1002/1/714 996/1/714
f 1107/1/702 1003/1/715 1108/1/724
f 1108/1/765 1110/1/893 1002/1/765
f 1109/1/766 1003/1/767 1111/1/766
f 1109/1/733 1104/1/733 1110/1/733
f 1109/1/21 1105/1/21 1106/1/21
f 1113/1/768 1110/1/897 1112/1/897
f 1112/1/770 1003/1/770 1113/1/770
f 1114/1/714 1002/1/714 1113/1/714
f 1113/1/702 1009/1/702 1114/1/715
f 1114/1/771 1116/1/901 1008/1/1041
f 1115/1/772 1009/1/772 1117/1/772
f 1112/1/719 1116/1/718 1115/1/718
f 1115/1/21 1111/1/21 1112/1/21
f 1119/1/773 1116/1/774 1118/1/774
f 1118/1/775 1009/1/776 1119/1/776
f 1120/1/714 1008/1/714 1119/1/714
f 1120/1/724 1009/1/702 1015/1/724
f 1120/1/778 1122/1/778 1014/1/779
f 1121/1/780 1015/1/780 1123/1/780
f 1118/1/719 1122/1/719 1121/1/719
f 1118/1/693 1123/1/21 1117/1/693
f 1125/1/781 1122/1/1319 1124/1/1053
f 1124/1/782 1015/1/782 1125/1/782
f 1126/1/714 1014/1/714 1125/1/714
f 1126/1/702 1015/1/702 1021/1/702
f 1126/1/784 1128/1/784 1020/1/784
f 1127/1/786 1021/1/785 1129/1/786
f 1124/1/719 1128/1/718 1127/1/718
f 1124/1/21 1129/1/21 1123/1/21
f 1131/1/787 1128/1/787 1130/1/788
f 1130/1/789 1021/1/790 1131/1/790
f 1132/1/714 1020/1/714 1131/1/714
f 1132/1/724 1021/1/715 1027/1/724
f 1132/1/1320 1134/1/912 1026/1/1320
f 1133/1/1321 1027/1/1322 1135/1/1321
f 1130/1/733 1134/1/719 1133/1/719
f 1130/1/21 1135/1/21 1129/1/21
f 1137/1/915 1134/1/915 1136/1/915
f 1136/1/917 1027/1/917 1137/1/798
f 1138/1/714 1026/1/714 1137/1/714
f 1138/1/724 1027/1/702 1033/1/724
f 1138/1/1200 1140/1/1200 1032/1/1200
f 1139/1/1323 1033/1/1078 1141/1/1323
f 1136/1/718 1140/1/733 1139/1/719
f 1136/1/21 1141/1/21 1135/1/21
f 1143/1/806 1140/1/806 1142/1/806
f 1142/1/807 1033/1/807 1143/1/807
f 1144/1/714 1032/1/714 1143/1/714
f 1144/1/724 1033/1/702 1039/1/724
f 1144/1/810 1146/1/810 1038/1/810
f 1144/1/811 1147/1/811 1145/1/811
f 1142/1/719 1146/1/718 1145/1/718
f 1142/1/21 1147/1/21 1141/1/21
f 1148/1/813 1038/1/812 1146/1/813
f 1148/1/1324 1039/1/1324 1149/1/1324
f 1150/1/714 1038/1/714 1149/1/714
f 1150/1/702 1039/1/724 1045/1/702
f 1150/1/1325 1152/1/1326 1044/1/1325
f 1150/1/819 1153/1/1327 1151/1/1328
f 1148/1/719 1152/1/719 1151/1/719
f 1148/1/21 1153/1/21 1147/1/21
f 1154/1/1148 1044/1/1148 1152/1/1148
f 1154/1/1149 1045/1/1149 1155/1/1209
f 1156/1/714 1044/1/714 1155/1/714
f 1156/1/724 1045/1/715 1051/1/724
f 1156/1/1150 1158/1/1150 1050/1/1150
f 1156/1/828 1159/1/829 1157/1/829
f 1154/1/718 1158/1/718 1157/1/718
f 1154/1/21 1159/1/21 1153/1/21
f 1160/1/1151 1050/1/1152 1158/1/1151
f 1160/1/831 1051/1/831 1161/1/936
f 1162/1/714 1050/1/714 1161/1/714
f 1162/1/715 1051/1/702 323/1/724
f 1162/1/1154 314/1/1329 322/1/1154
f 1162/1/1155 315/1/1156 1163/1/1156
f 1160/1/719 314/1/733 1163/1/718
f 1160/1/21 315/1/21 1159/1/21
f 1165/1/694 1166/1/1112 1164/1/1158
f 1165/1/1330 1167/1/1330 1059/1/1330
f 1168/1/1331 1058/1/1332 1165/1/840
f 1165/1/1333 1063/1/1334 1168/1/809
f 1169/1/1117 1062/1/843 1168/1/843
f 1169/1/1163 1063/1/1218 1171/1/1163
f 1169/1/1335 1166/1/1336 1170/1/1337
f 1164/1/1338 1171/1/1339 1167/1/1340
f 1173/1/852 1170/1/852 1172/1/1170
f 1173/1/855 1171/1/855 1063/1/855
f 1173/1/859 1068/1/859 1062/1/859
f 1173/1/809 1069/1/809 1174/1/809
f 1175/1/1341 1068/1/1341 1174/1/1342
f 1175/1/1343 1069/1/863 1177/1/1344
f 1175/1/718 1170/1/719 1176/1/718
f 1175/1/1173 1171/1/591 1172/1/591
f 1179/1/866 1176/1/866 1178/1/866
f 1179/1/868 1177/1/868 1069/1/868
f 1179/1/859 1074/1/859 1068/1/859
f 1179/1/809 1075/1/809 1180/1/809
f 1181/1/1345 1074/1/975 1180/1/976
f 1181/1/1346 1075/1/1346 1183/1/1346
f 1181/1/718 1176/1/733 1182/1/718
f 1181/1/1173 1177/1/1173 1178/1/1173
f 1185/1/1176 1182/1/1177 1184/1/729
f 1185/1/871 1183/1/872 1075/1/871
f 1185/1/859 1080/1/859 1074/1/859
f 1185/1/809 1081/1/809 1186/1/809
f 1187/1/731 1080/1/731 1186/1/731
f 1187/1/1347 1081/1/1347 1189/1/1347
f 1187/1/718 1182/1/719 1188/1/718
f 1187/1/1173 1183/1/1173 1184/1/1173
f 1191/1/1348 1188/1/1348 1190/1/878
f 1191/1/735 1189/1/735 1081/1/735
f 1191/1/859 1086/1/859 1080/1/859
f 1191/1/809 1087/1/809 1192/1/809
f 1192/1/1179 1194/1/737 1086/1/1179
f 1193/1/1349 1087/1/1349 1195/1/1349
f 1193/1/718 1188/1/719 1194/1/718
f 1193/1/1173 1189/1/1173 1190/1/591
f 1197/1/999 1194/1/1132 1196/1/1132
f 1196/1/1181 1087/1/1181 1197/1/1133
f 1197/1/859 1092/1/859 1086/1/859
f 1197/1/809 1093/1/809 1198/1/809
f 1198/1/1182 1200/1/745 1092/1/1182
f 1199/1/1250 1093/1/1250 1201/1/1134
f 1199/1/864 1194/1/1178 1200/1/864
f 1199/1/591 1195/1/591 1196/1/1173
f 1203/1/1183 1200/1/1183 1202/1/748
f 1202/1/1350 1093/1/1184 1203/1/750
f 1203/1/859 1098/1/859 1092/1/859
f 1203/1/702 1099/1/702 1204/1/809
f 1204/1/1185 1206/1/885 1098/1/1185
f 1205/1/754 1099/1/1258 1207/1/754
f 1205/1/864 1200/1/864 1206/1/864
f 1205/1/591 1201/1/591 1202/1/591
f 1209/1/1351 1206/1/755 1208/1/755
f 1208/1/758 1099/1/758 1209/1/758
f 1209/1/859 1104/1/859 1098/1/859
f 1209/1/702 1105/1/702 1210/1/809
f 1210/1/887 1212/1/887 1104/1/887
f 1211/1/888 1105/1/888 1213/1/888
f 1211/1/864 1206/1/864 1212/1/864
f 1211/1/591 1207/1/591 1208/1/591
f 1215/1/889 1212/1/761 1214/1/890
f 1214/1/891 1105/1/891 1215/1/891
f 1215/1/857 1110/1/858 1104/1/859
f 1215/1/809 1111/1/860 1216/1/861
f 1216/1/1352 1218/1/765 1110/1/1029
f 1217/1/895 1111/1/895 1219/1/1353
f 1217/1/864 1212/1/864 1218/1/864
f 1217/1/591 1213/1/591 1214/1/591
f 1221/1/769 1218/1/769 1220/1/769
f 1220/1/898 1111/1/898 1221/1/898
f 1222/1/858 1110/1/858 1221/1/858
f 1221/1/715 1117/1/724 1222/1/724
f 1222/1/1039 1224/1/1041 1116/1/1039
f 1223/1/1354 1117/1/1355 1225/1/1356
f 1220/1/864 1224/1/864 1223/1/864
f 1220/1/591 1225/1/591 1219/1/591
f 1227/1/774 1224/1/774 1226/1/1357
f 1226/1/1358 1117/1/905 1227/1/776
f 1228/1/858 1116/1/858 1227/1/858
f 1228/1/702 1117/1/724 1123/1/702
f 1228/1/906 1230/1/777 1122/1/906
f 1229/1/907 1123/1/907 1231/1/907
f 1226/1/864 1230/1/864 1229/1/864
f 1226/1/591 1231/1/591 1225/1/591
f 1233/1/908 1230/1/1053 1232/1/1053
f 1232/1/783 1123/1/783 1233/1/783
f 1234/1/858 1122/1/858 1233/1/858
f 1234/1/702 1123/1/724 1129/1/702
f 1234/1/784 1236/1/784 1128/1/909
f 1235/1/910 1129/1/910 1237/1/1359
f 1232/1/864 1236/1/864 1235/1/864
f 1232/1/591 1237/1/591 1231/1/591
f 1239/1/788 1236/1/788 1238/1/788
f 1238/1/790 1129/1/790 1239/1/790
f 1240/1/858 1128/1/858 1239/1/858
f 1240/1/724 1129/1/724 1135/1/715
f 1240/1/1193 1242/1/1194 1134/1/1195
f 1241/1/1196 1135/1/793 1243/1/1197
f 1238/1/864 1242/1/864 1241/1/864
f 1238/1/591 1243/1/591 1237/1/591
f 1245/1/1198 1242/1/914 1244/1/914
f 1244/1/917 1135/1/917 1245/1/1199
f 1246/1/858 1134/1/858 1245/1/858
f 1246/1/715 1135/1/724 1141/1/715
f 1246/1/1076 1248/1/1076 1140/1/1076
f 1247/1/1201 1141/1/1078 1249/1/1202
f 1244/1/864 1248/1/864 1247/1/864
f 1244/1/591 1249/1/591 1243/1/591
f 1251/1/806 1248/1/806 1250/1/805
f 1250/1/807 1141/1/807 1251/1/807
f 1252/1/858 1140/1/858 1251/1/858
f 1252/1/715 1141/1/724 1147/1/715
f 1252/1/923 1254/1/923 1146/1/923
f 1252/1/811 1255/1/811 1253/1/1360
f 1250/1/864 1254/1/864 1253/1/864
f 1250/1/591 1255/1/591 1249/1/591
f 1256/1/924 1146/1/1361 1254/1/924
f 1256/1/815 1147/1/815 1257/1/815
f 1258/1/858 1146/1/858 1257/1/858
f 1258/1/724 1147/1/724 1153/1/724
f 1258/1/1362 1260/1/1363 1152/1/1362
f 1258/1/1364 1261/1/1364 1259/1/818
f 1256/1/864 1260/1/864 1259/1/864
f 1256/1/591 1261/1/591 1255/1/591
f 1262/1/1207 1152/1/1207 1260/1/1207
f 1262/1/1208 1153/1/1209 1263/1/1209
f 1264/1/858 1152/1/858 1263/1/858
f 1264/1/715 1153/1/724 1159/1/715
f 1264/1/825 1266/1/825 1158/1/825
f 1264/1/934 1267/1/934 1265/1/934
f 1262/1/864 1266/1/864 1265/1/864
f 1262/1/591 1267/1/591 1261/1/591
f 1268/1/1365 1158/1/1365 1266/1/1365
f 1268/1/1366 1159/1/831 1269/1/831
f 1270/1/858 1158/1/858 1269/1/858
f 1270/1/715 1159/1/715 315/1/715
f 1270/1/938 306/1/1210 314/1/938
f 1270/1/941 307/1/941 1271/1/941
f 1268/1/864 306/1/864 1271/1/864
f 1268/1/591 307/1/591 1267/1/591
f 1273/1/943 1274/1/944 1272/1/945
f 1273/1/946 1275/1/1367 1167/1/695
f 1276/1/1368 1166/1/1369 1273/1/699
f 1273/1/1370 1171/1/1371 1276/1/724
f 1277/1/1215 1170/1/1216 1276/1/1217
f 1277/1/1218 1171/1/1219 1279/1/1218
f 1277/1/1372 1274/1/1373 1278/1/1374
f 1272/1/1375 1279/1/1376 1275/1/1377
f 1281/1/961 1278/1/852 1280/1/962
f 1281/1/963 1279/1/964 1171/1/1126
f 1281/1/965 1176/1/714 1170/1/965
f 1281/1/702 1177/1/715 1282/1/715
f 1283/1/1226 1176/1/1227 1282/1/1228
f 1283/1/1229 1177/1/1378 1285/1/1229
f 1283/1/719 1278/1/718 1284/1/719
f 1283/1/591 1279/1/591 1280/1/591
f 1287/1/1230 1284/1/1230 1286/1/971
f 1287/1/722 1285/1/1231 1177/1/722
f 1287/1/965 1182/1/714 1176/1/965
f 1287/1/702 1183/1/702 1288/1/702
f 1289/1/1311 1182/1/1379 1288/1/1380
f 1289/1/1381 1183/1/1382 1291/1/1383
f 1289/1/719 1284/1/719 1290/1/719
f 1289/1/591 1285/1/591 1286/1/591
f 1293/1/729 1290/1/982 1292/1/983
f 1293/1/730 1291/1/984 1183/1/730
f 1293/1/965 1188/1/714 1182/1/965
f 1293/1/702 1189/1/724 1294/1/724
f 1295/1/873 1188/1/1384 1294/1/985
f 1295/1/1385 1189/1/986 1297/1/1347
f 1295/1/719 1290/1/719 1296/1/719
f 1295/1/591 1291/1/591 1292/1/591
f 1299/1/734 1296/1/1239 1298/1/1241
f 1299/1/1130 1297/1/991 1189/1/1130
f 1299/1/965 1194/1/714 1188/1/965
f 1299/1/702 1195/1/702 1300/1/702
f 1300/1/1386 1302/1/1387 1194/1/737
f 1301/1/740 1195/1/740 1303/1/996
f 1301/1/719 1296/1/719 1302/1/719
f 1301/1/1188 1297/1/1188 1298/1/1188
f 1305/1/1242 1302/1/1243 1304/1/1244
f 1304/1/1181 1195/1/1246 1305/1/1247
f 1305/1/965 1200/1/714 1194/1/965
f 1305/1/702 1201/1/702 1306/1/715
f 1306/1/1004 1308/1/1388 1200/1/1389
f 1307/1/1250 1201/1/1006 1309/1/1390
f 1307/1/719 1302/1/719 1308/1/719
f 1307/1/591 1303/1/591 1304/1/591
f 1311/1/749 1308/1/1007 1310/1/1009
f 1310/1/1251 1201/1/1252 1311/1/1253
f 1311/1/965 1206/1/714 1200/1/965
f 1311/1/702 1207/1/724 1312/1/724
f 1312/1/1391 1314/1/1012 1206/1/1392
f 1313/1/754 1207/1/754 1315/1/754
f 1313/1/719 1308/1/719 1314/1/719
f 1313/1/591 1309/1/591 1310/1/591
f 1317/1/755 1314/1/1014 1316/1/1015
f 1316/1/1016 1207/1/1016 1317/1/1018
f 1317/1/965 1212/1/965 1206/1/965
f 1317/1/702 1213/1/715 1318/1/724
f 1318/1/1019 1320/1/1020 1212/1/1019
f 1319/1/1021 1213/1/1022 1321/1/888
f 1319/1/719 1314/1/719 1320/1/719
f 1319/1/591 1315/1/591 1316/1/591
f 1323/1/1023 1320/1/1024 1322/1/1263
f 1322/1/1026 1213/1/1027 1323/1/1393
f 1323/1/714 1218/1/965 1212/1/714
f 1323/1/724 1219/1/724 1324/1/724
f 1324/1/1394 1326/1/1395 1218/1/1396
f 1325/1/1397 1219/1/1031 1327/1/1397
f 1325/1/719 1320/1/718 1326/1/719
f 1325/1/591 1321/1/591 1322/1/591
f 1329/1/1033 1326/1/1034 1328/1/1035
f 1328/1/1036 1219/1/1037 1329/1/1038
f 1329/1/965 1224/1/714 1218/1/965
f 1329/1/702 1225/1/724 1330/1/724
f 1330/1/1041 1332/1/1039 1224/1/1398
f 1331/1/1042 1225/1/1042 1333/1/1399
f 1328/1/719 1332/1/718 1331/1/718
f 1331/1/591 1327/1/591 1328/1/591
f 1335/1/1400 1332/1/1401 1334/1/1402
f 1334/1/1358 1225/1/1046 1335/1/1048
f 1336/1/965 1224/1/965 1335/1/965
f 1336/1/724 1225/1/702 1231/1/724
f 1336/1/1049 1338/1/1050 1230/1/1049
f 1337/1/1051 1231/1/1403 1339/1/1051
f 1334/1/719 1338/1/719 1337/1/719
f 1334/1/591 1339/1/591 1333/1/591
f 1341/1/1053 1338/1/1054 1340/1/1055
f 1340/1/1056 1231/1/1057 1341/1/1058
f 1342/1/965 1230/1/965 1341/1/714
f 1342/1/724 1231/1/702 1237/1/724
f 1342/1/1265 1344/1/1404 1236/1/1060
f 1343/1/1063 1237/1/1061 1345/1/1267
f 1340/1/719 1344/1/719 1343/1/719
f 1340/1/591 1345/1/591 1339/1/591
f 1347/1/1268 1344/1/788 1346/1/1065
f 1346/1/1269 1237/1/1270 1347/1/1271
f 1348/1/965 1236/1/965 1347/1/714
f 1348/1/724 1237/1/724 1243/1/724
f 1348/1/792 1350/1/1068 1242/1/1272
f 1349/1/1273 1243/1/1274 1351/1/1275
f 1346/1/719 1350/1/719 1349/1/733
f 1346/1/1405 1351/1/1188 1345/1/21
f 1353/1/1276 1350/1/1277 1352/1/1278
f 1352/1/1199 1243/1/1073 1353/1/1074
f 1354/1/965 1242/1/714 1353/1/714
f 1354/1/702 1243/1/715 1249/1/702
f 1354/1/1280 1356/1/1281 1248/1/1280
f 1355/1/1201 1249/1/1282 1357/1/1201
f 1352/1/719 1356/1/719 1355/1/719
f 1352/1/591 1357/1/591 1351/1/591
f 1359/1/805 1356/1/1079 1358/1/1080
f 1358/1/1081 1249/1/1082 1359/1/1083
f 1360/1/965 1248/1/965 1359/1/714
f 1360/1/702 1249/1/724 1255/1/702
f 1360/1/810 1362/1/1406 1254/1/810
f 1360/1/1146 1363/1/1085 1361/1/1284
f 1358/1/719 1362/1/719 1361/1/719
f 1358/1/591 1363/1/591 1357/1/591
f 1364/1/1407 1254/1/1408 1362/1/1409
f 1364/1/1286 1255/1/1088 1365/1/1287
f 1366/1/965 1254/1/965 1365/1/714
f 1366/1/702 1255/1/724 1261/1/702
f 1366/1/926 1368/1/1410 1260/1/817
f 1366/1/1411 1369/1/1328 1367/1/1412
f 1364/1/719 1368/1/719 1367/1/733
f 1364/1/591 1369/1/591 1363/1/591
f 1370/1/1207 1260/1/1289 1368/1/1207
f 1370/1/1209 1261/1/1290 1371/1/1096
f 1372/1/965 1260/1/714 1371/1/714
f 1372/1/702 1261/1/715 1267/1/702
f 1372/1/1292 1374/1/1292 1266/1/824
f 1372/1/828 1375/1/1293 1373/1/1294
f 1370/1/719 1374/1/718 1373/1/718
f 1370/1/591 1375/1/591 1369/1/591
f 1376/1/1103 1266/1/1101 1374/1/830
f 1376/1/1105 1267/1/1413 1377/1/1106
f 1378/1/965 1266/1/965 1377/1/714
f 1378/1/702 1267/1/702 307/1/702
f 1378/1/938 290/1/939 306/1/938
f 1378/1/1414 293/1/1415 1379/1/1416
f 1376/1/719 290/1/719 1379/1/718
f 1376/1/591 293/1/591 1375/1/591
f 1380/1/1417 1382/1/1158 1274/1/1158
f 1275/1/1418 1381/1/695 1384/1/1419
f 1385/1/1420 1274/1/1421 1382/1/699
f 1382/1/1422 1279/1/1423 1385/1/715
f 1385/1/1424 1387/1/1425 1388/1/1425
f 1386/1/1119 1279/1/1426 1389/1/1427
f 1390/1/1428 1386/1/1429 1380/1/1430
f 1381/1/1431 1389/1/1432 1391/1/1433
f 1393/1/1434 1278/1/1435 1388/1/1436
f 1394/1/713 1389/1/1437 1279/1/1127
f 1394/1/858 1284/1/1315 1278/1/858
f 1394/1/724 1285/1/724 1395/1/715
f 1395/1/1438 1397/1/1439 1398/1/966
f 1396/1/1440 1285/1/1440 1399/1/1441
f 1396/1/1442 1392/1/719 1397/1/1442
f 1396/1/1443 1389/1/1443 1393/1/1443
f 1401/1/1444 1284/1/1445 1398/1/1446
f 1402/1/722 1399/1/1447 1285/1/1231
f 1402/1/714 1290/1/714 1284/1/714
f 1402/1/724 1291/1/724 1403/1/724
f 1403/1/725 1405/1/726 1406/1/1448
f 1404/1/1449 1291/1/870 1407/1/1450
f 1404/1/719 1400/1/719 1405/1/719
f 1404/1/1189 1399/1/1189 1401/1/1189
f 1409/1/1451 1290/1/1452 1406/1/1233
f 1410/1/1453 1407/1/984 1291/1/1454
f 1410/1/714 1296/1/714 1290/1/714
f 1410/1/702 1297/1/724 1411/1/724
f 1411/1/873 1413/1/1455 1414/1/1455
f 1412/1/732 1297/1/877 1415/1/1456
f 1412/1/719 1408/1/1442 1413/1/879
f 1412/1/1189 1407/1/1189 1409/1/1189
f 1417/1/1457 1296/1/1458 1414/1/1459
f 1418/1/1460 1415/1/1461 1297/1/1131
f 1418/1/714 1302/1/714 1296/1/714
f 1418/1/702 1303/1/724 1419/1/724
f 1419/1/1462 1421/1/737 1422/1/1463
f 1420/1/1464 1303/1/1465 1423/1/1466
f 1420/1/719 1416/1/719 1421/1/719
f 1420/1/1173 1415/1/591 1417/1/1189
f 1425/1/1467 1302/1/1468 1422/1/1469
f 1425/1/744 1303/1/1470 1426/1/1471
f 1426/1/714 1308/1/714 1302/1/714
f 1426/1/702 1309/1/724 1427/1/724
f 1427/1/1472 1429/1/1473 1430/1/1474
f 1428/1/1475 1309/1/1476 1431/1/1477
f 1428/1/719 1424/1/719 1429/1/719
f 1428/1/1173 1423/1/1443 1425/1/1189
f 1433/1/1478 1308/1/748 1430/1/1479
f 1433/1/1480 1309/1/1481 1434/1/1482
f 1434/1/714 1314/1/714 1308/1/714
f 1434/1/724 1315/1/724 1435/1/724
f 1435/1/1483 1437/1/1484 1438/1/1485
f 1436/1/1486 1315/1/1487 1439/1/1486
f 1436/1/719 1432/1/719 1437/1/719
f 1436/1/1189 1431/1/1189 1433/1/1189
f 1441/1/1488 1314/1/1488 1438/1/1489
f 1441/1/1490 1315/1/1491 1442/1/1492
f 1442/1/714 1320/1/714 1314/1/714
f 1442/1/702 1321/1/724 1443/1/724
f 1443/1/1493 1445/1/1494 1446/1/1317
f 1444/1/1495 1321/1/1496 1447/1/1497
f 1444/1/719 1440/1/719 1445/1/719
f 1444/1/1173 1439/1/591 1441/1/591
f 1449/1/1498 1320/1/1499 1446/1/1498
f 1449/1/1139 1321/1/763 1450/1/1500
f 1450/1/714 1326/1/714 1320/1/714
f 1450/1/702 1327/1/724 1451/1/724
f 1451/1/1501 1453/1/1501 1454/1/1501
f 1452/1/1502 1327/1/767 1455/1/1503
f 1452/1/719 1448/1/719 1453/1/719
f 1452/1/1189 1447/1/1189 1449/1/1189
f 1457/1/1504 1326/1/1505 1454/1/1506
f 1457/1/1507 1327/1/1508 1458/1/1509
f 1458/1/714 1332/1/714 1326/1/714
f 1458/1/702 1333/1/724 1459/1/724
f 1459/1/1041 1461/1/1510 1462/1/1140
f 1460/1/1511 1333/1/1512 1463/1/1513
f 1460/1/1442 1456/1/1442 1461/1/1442
f 1460/1/1173 1455/1/1189 1457/1/1443
f 1465/1/1514 1332/1/1515 1462/1/1516
f 1465/1/1191 1333/1/776 1466/1/1517
f 1467/1/714 1332/1/714 1466/1/714
f 1467/1/724 1333/1/702 1339/1/724
f 1467/1/779 1469/1/1518 1470/1/1518
f 1468/1/1519 1339/1/1520 1471/1/1521
f 1469/1/1442 1465/1/1442 1464/1/1442
f 1465/1/1189 1471/1/1189 1463/1/1189
f 1473/1/1522 1338/1/781 1470/1/1523
f 1473/1/1524 1339/1/1525 1474/1/1526
f 1475/1/714 1338/1/714 1474/1/714
f 1475/1/702 1339/1/724 1345/1/702
f 1475/1/1527 1477/1/1528 1478/1/1529
f 1476/1/1530 1345/1/1531 1479/1/1532
f 1477/1/719 1473/1/719 1472/1/719
f 1473/1/1189 1479/1/1189 1471/1/1189
f 1481/1/1533 1344/1/1534 1478/1/1535
f 1481/1/1536 1345/1/1537 1482/1/1538
f 1483/1/714 1344/1/714 1482/1/714
f 1483/1/702 1345/1/724 1351/1/702
f 1483/1/1194 1485/1/1539 1486/1/1540
f 1484/1/1541 1351/1/1542 1487/1/1543
f 1485/1/719 1481/1/719 1480/1/719
f 1481/1/1189 1487/1/1189 1479/1/1189
f 1489/1/1544 1350/1/796 1486/1/1545
f 1489/1/1546 1351/1/1547 1490/1/1548
f 1491/1/714 1350/1/714 1490/1/714
f 1491/1/724 1351/1/724 1357/1/724
f 1491/1/1549 1493/1/1549 1494/1/1550
f 1492/1/803 1357/1/1551 1495/1/1552
f 1493/1/1442 1489/1/1442 1488/1/1442
f 1489/1/1189 1495/1/1189 1487/1/1189
f 1497/1/1553 1356/1/1554 1494/1/1555
f 1497/1/1556 1357/1/807 1498/1/1557
f 1499/1/714 1356/1/714 1498/1/714
f 1499/1/702 1357/1/715 1363/1/702
f 1499/1/1558 1501/1/1558 1502/1/1558
f 1499/1/1559 1503/1/1560 1500/1/1561
f 1501/1/1442 1497/1/1442 1496/1/1442
f 1497/1/1189 1503/1/1443 1495/1/1189
f 1505/1/1562 1362/1/1562 1502/1/1563
f 1505/1/1324 1363/1/1564 1506/1/1565
f 1507/1/714 1362/1/714 1506/1/714
f 1507/1/724 1363/1/724 1369/1/724
f 1507/1/1363 1509/1/1566 1510/1/1566
f 1507/1/1567 1511/1/1568 1508/1/1569
f 1509/1/1442 1505/1/1442 1504/1/1442
f 1505/1/1189 1511/1/1189 1503/1/1189
f 1513/1/1570 1368/1/1571 1510/1/1572
f 1513/1/1573 1369/1/931 1514/1/1574
f 1515/1/714 1368/1/714 1514/1/714
f 1515/1/724 1369/1/724 1375/1/724
f 1515/1/1575 1517/1/1576 1518/1/1575
f 1515/1/1577 1519/1/1578 1516/1/1579
f 1517/1/719 1513/1/719 1512/1/719
f 1513/1/1189 1519/1/1189 1511/1/1189
f 1521/1/1580 1374/1/1151 1518/1/1580
f 1521/1/1581 1375/1/1581 1522/1/1582
f 1523/1/858 1374/1/714 1522/1/714
f 1523/1/702 1375/1/724 293/1/702
f 1523/1/1583 1525/1/1584 291/1/1584
f 1523/1/835 292/1/1585 1524/1/1586
f 1521/1/719 1525/1/719 1524/1/719
f 1521/1/1189 292/1/591 1519/1/1189
f 1526/2/1587 58/2/1588 136/2/1587
f 1526/2/1589 60/2/1590 1527/2/1591
f 1528/2/1592 58/2/1593 1527/2/1594
f 1527/2/1595 1530/2/1596 1528/2/1597
f 1528/2/1598 1532/2/1599 1529/2/1598
f 1528/2/1600 1533/2/1600 1531/2/1601
f 1531/2/1602 136/2/1603 1532/2/1604
f 1526/2/1605 1533/2/1606 137/2/1607
f 1534/2/1608 1529/2/1609 1532/2/1610
f 1534/2/1611 1530/2/1612 1535/2/1613
f 1536/2/1614 1529/2/1615 1535/2/1615
f 1536/2/1616 1530/2/1616 1538/2/1616
f 1536/2/1617 1540/2/1617 1537/2/1618
f 1536/2/1619 1541/2/1619 1539/2/1619
f 1534/2/1620 1540/2/1621 1539/2/1621
f 1534/2/1622 1541/2/453 1533/2/1622
f 1542/2/1623 1537/2/1623 1540/2/1624
f 1542/2/1625 1538/2/1625 1543/2/1626
f 1544/2/1614 1537/2/1627 1543/2/1615
f 1544/2/1616 1538/2/1616 1546/2/1616
f 1544/2/1628 1548/2/1629 1545/2/1630
f 1544/2/1631 1549/2/1631 1547/2/1632
f 1542/2/1620 1548/2/1620 1547/2/1621
f 1542/2/1622 1549/2/1622 1541/2/1622
f 1550/2/1633 1545/2/1634 1548/2/1633
f 1550/2/1635 1546/2/1635 1551/2/1636
f 1552/2/1614 1545/2/1614 1551/2/1614
f 1552/2/1616 1546/2/1616 1554/2/1616
f 1552/2/1637 1556/2/1638 1553/2/1639
f 1552/2/1640 1557/2/1641 1555/2/1642
f 1550/2/1620 1556/2/1621 1555/2/1621
f 1550/2/1622 1557/2/453 1549/2/1622
f 1558/2/1643 1553/2/1644 1556/2/1643
f 1558/2/1645 1554/2/1645 1559/2/1646
f 1560/2/1614 1553/2/1614 1559/2/1614
f 1560/2/1647 1554/2/1647 1562/2/1648
f 1563/2/1649 1561/2/1650 1560/2/1651
f 1560/2/1652 1565/2/1652 1563/2/1652
f 1558/2/1620 1564/2/1621 1563/2/1621
f 1558/2/1622 1565/2/1653 1557/2/1622
f 1566/2/1654 1561/2/1655 1564/2/1654
f 1567/2/1656 1565/2/1657 1562/2/1656
f 1568/2/1614 1561/2/1614 1567/2/1615
f 1568/2/1616 1562/2/1616 1570/2/1616
f 1571/2/1658 1569/2/1659 1568/2/1660
f 1568/2/1661 1573/2/1662 1571/2/1663
f 1566/2/1620 1572/2/1621 1571/2/1621
f 1566/2/1622 1573/2/453 1565/2/1622
f 1574/2/1664 1569/2/1665 1572/2/1664
f 1575/2/1666 1573/2/1666 1570/2/1666
f 1576/2/1614 1569/2/1614 1575/2/1614
f 1576/2/1616 1570/2/1616 1578/2/1616
f 1579/2/1667 1577/2/1668 1576/2/1669
f 1576/2/1670 1581/2/1671 1579/2/1672
f 1574/2/1620 1580/2/1621 1579/2/1621
f 1574/2/453 1581/2/453 1573/2/1622
f 1582/2/1673 1577/2/1674 1580/2/1675
f 1583/2/1676 1581/2/1676 1578/2/1676
f 1584/2/1614 1577/2/1614 1583/2/1615
f 1584/2/1616 1578/2/1616 1586/2/1616
f 1587/2/1677 1585/2/1678 1584/2/1679
f 1584/2/1680 1589/2/1680 1587/2/1681
f 1582/2/1620 1588/2/1620 1587/2/1620
f 1582/2/1622 1589/2/453 1581/2/1622
f 1590/2/1682 1585/2/1683 1588/2/1682
f 1591/2/1684 1589/2/1684 1586/2/1684
f 1592/2/1614 1585/2/1615 1591/2/1615
f 1592/2/1616 1586/2/1616 1594/2/1616
f 1595/2/1685 1593/2/1686 1592/2/1687
f 1592/2/1688 1597/2/1689 1595/2/1690
f 1590/2/1621 1596/2/1620 1595/2/1620
f 1590/2/453 1597/2/453 1589/2/453
f 1598/2/1691 1593/2/1692 1596/2/1693
f 1599/2/1694 1597/2/1695 1594/2/1694
f 1600/2/1627 1593/2/1614 1599/2/1614
f 1599/2/1616 1602/2/1616 1600/2/1616
f 1603/2/1696 1601/2/1697 1600/2/1698
f 1600/2/1699 1605/2/1699 1603/2/1699
f 1598/2/1620 1604/2/1621 1603/2/1621
f 1598/2/1653 1605/2/453 1597/2/1653
f 1606/2/1700 1601/2/1701 1604/2/1700
f 1607/2/1702 1605/2/1702 1602/2/1703
f 1607/2/1614 1609/2/1614 1601/2/1614
f 1607/2/1616 1610/2/1616 1608/2/1704
f 1611/2/1705 1609/2/1706 1608/2/1707
f 1608/2/1708 1613/2/1708 1611/2/1708
f 1611/2/1620 1604/2/1620 1612/2/1620
f 1611/2/453 1605/2/1653 1606/2/1653
f 1614/2/1709 1609/2/1710 1612/2/1709
f 1615/2/1711 1613/2/1711 1610/2/1711
f 1615/2/1614 1617/2/1614 1609/2/1614
f 1615/2/1616 1618/2/1616 1616/2/1616
f 1619/2/1712 1617/2/1713 1616/2/1714
f 1616/2/1715 1621/2/1716 1619/2/1717
f 1619/2/1620 1612/2/1620 1620/2/1620
f 1619/2/453 1613/2/453 1614/2/1653
f 1622/2/1718 1617/2/1719 1620/2/1720
f 1623/2/1721 1621/2/1721 1618/2/1722
f 1623/2/1614 1625/2/1614 1617/2/1614
f 1623/2/1647 1626/2/1616 1624/2/1648
f 1627/2/1723 1625/2/1724 1624/2/1725
f 1624/2/1726 1629/2/1726 1627/2/1727
f 1627/2/1620 1620/2/1620 1628/2/1620
f 1627/2/453 1621/2/453 1622/2/453
f 1630/2/1728 1625/2/1729 1628/2/1730
f 1631/2/1731 1629/2/1731 1626/2/1731
f 1631/2/1614 1633/2/1614 1625/2/1614
f 1631/2/1616 1634/2/1616 1632/2/1616
f 1635/2/1732 1633/2/1733 1632/2/1734
f 1632/2/1735 1637/2/1736 1635/2/1737
f 1635/2/1620 1628/2/1621 1636/2/1620
f 1635/2/1622 1629/2/453 1630/2/453
f 1638/2/1738 1633/2/1739 1636/2/1740
f 1639/2/1741 1637/2/1742 1634/2/1743
f 1639/2/1614 1641/2/1614 1633/2/1614
f 1639/2/1616 1642/2/1744 1640/2/1597
f 1643/2/1745 1641/2/1746 1640/2/1747
f 1643/2/1748 1642/2/1749 1645/2/1750
f 1643/2/1620 1636/2/1620 1644/2/1620
f 1643/2/1653 1637/2/453 1638/2/453
f 1647/2/1751 1644/2/1752 1646/2/1753
f 1647/2/1754 1645/2/1755 1642/2/1754
f 1647/2/1614 1649/2/1614 1641/2/1614
f 1647/2/1616 1650/2/1616 1648/2/1616
f 1651/2/1756 1649/2/1757 1648/2/1758
f 1651/2/1759 1650/2/1760 1653/2/1759
f 1651/2/1620 1644/2/1620 1652/2/1620
f 1651/2/1622 1645/2/453 1646/2/453
f 1655/2/1761 1652/2/1762 1654/2/1762
f 1655/2/1763 1653/2/1764 1650/2/1765
f 1655/2/1766 1657/2/1766 1649/2/1766
f 1655/2/1767 1658/2/1767 1656/2/1767
f 1659/2/1768 1657/2/1768 1656/2/1769
f 1659/2/1770 1658/2/1771 1661/2/1770
f 1659/2/1620 1652/2/1621 1660/2/1620
f 1659/2/1622 1653/2/453 1654/2/453
f 1663/2/1772 1660/2/1773 1662/2/1773
f 1663/2/1774 1661/2/1775 1658/2/1776
f 1663/2/1766 16/2/1766 1657/2/1766
f 1663/2/1767 21/2/1767 1664/2/1767
f 1665/2/1777 16/2/1777 1664/2/1778
f 1665/2/1779 21/2/1780 280/2/1781
f 1665/2/1620 1660/2/1620 279/2/1620
f 1665/2/1622 1661/2/1622 1662/2/1622
f 1666/2/1782 136/2/1783 128/2/1782
f 1666/2/1784 137/2/1785 1667/2/1786
f 1668/2/1787 136/2/1788 1667/2/1789
f 1667/2/1790 1533/2/1791 1668/2/1792
f 1668/2/1793 1670/2/1794 1532/2/1793
f 1668/2/1795 1671/2/1796 1669/2/1600
f 1669/2/1797 128/2/1798 1670/2/1799
f 1666/2/1800 1671/2/1801 129/2/1802
f 1672/2/1803 1532/2/1803 1670/2/1803
f 1672/2/1804 1533/2/1805 1673/2/1806
f 1674/2/1807 1532/2/1807 1673/2/1808
f 1674/2/1792 1533/2/1792 1541/2/1792
f 1674/2/1809 1676/2/1810 1540/2/1809
f 1674/2/1811 1677/2/1812 1675/2/1813
f 1672/2/1814 1676/2/1814 1675/2/1814
f 1672/2/1815 1677/2/482 1671/2/1815
f 1678/2/1816 1540/2/1817 1676/2/1816
f 1678/2/1818 1541/2/1819 1679/2/1820
f 1680/2/1807 1540/2/1807 1679/2/1807
f 1680/2/1792 1541/2/1792 1549/2/1792
f 1680/2/1821 1682/2/1822 1548/2/1821
f 1680/2/1823 1683/2/1823 1681/2/1631
f 1678/2/1814 1682/2/1814 1681/2/1814
f 1678/2/482 1683/2/1653 1677/2/1653
f 1684/2/1824 1548/2/1825 1682/2/1826
f 1684/2/1827 1549/2/1828 1685/2/1829
f 1686/2/1807 1548/2/1807 1685/2/1807
f 1686/2/1792 1549/2/1792 1557/2/1792
f 1686/2/1830 1688/2/1639 1556/2/1831
f 1686/2/1832 1689/2/1833 1687/2/1834
f 1684/2/1814 1688/2/1814 1687/2/1814
f 1684/2/482 1689/2/482 1683/2/482
f 1690/2/1835 1556/2/1835 1688/2/1835
f 1690/2/1836 1557/2/1837 1691/2/1838
f 1692/2/1839 1556/2/1840 1691/2/1841
f 1692/2/1792 1557/2/1792 1565/2/1792
f 1693/2/1842 1564/2/1843 1692/2/1843
f 1692/2/1844 1695/2/1845 1693/2/1846
f 1690/2/1814 1694/2/1814 1693/2/1814
f 1690/2/482 1695/2/482 1689/2/482
f 1696/2/1847 1564/2/1847 1694/2/1848
f 1697/2/1849 1695/2/1850 1565/2/1851
f 1698/2/1614 1564/2/1614 1697/2/1614
f 1698/2/1767 1565/2/1767 1573/2/1767
f 1699/2/1852 1572/2/1853 1698/2/1854
f 1698/2/1855 1701/2/1856 1699/2/1661
f 1696/2/1814 1700/2/1814 1699/2/1814
f 1696/2/482 1701/2/482 1695/2/482
f 1702/2/1857 1572/2/1857 1700/2/1857
f 1703/2/1858 1701/2/1859 1573/2/1858
f 1704/2/1614 1572/2/1614 1703/2/1614
f 1704/2/1792 1573/2/1792 1581/2/1792
f 1705/2/1860 1580/2/1861 1704/2/1862
f 1704/2/1863 1707/2/1864 1705/2/1865
f 1702/2/1814 1706/2/1814 1705/2/1814
f 1702/2/482 1707/2/482 1701/2/482
f 1708/2/1866 1580/2/1867 1706/2/1866
f 1709/2/1868 1707/2/1869 1581/2/1868
f 1710/2/1614 1580/2/1614 1709/2/1614
f 1710/2/1792 1581/2/1792 1589/2/1792
f 1711/2/1870 1588/2/1871 1710/2/1872
f 1710/2/1873 1713/2/1874 1711/2/1875
f 1708/2/1814 1712/2/1814 1711/2/1876
f 1708/2/482 1713/2/41 1707/2/1653
f 1714/2/1877 1588/2/1877 1712/2/1877
f 1715/2/1878 1713/2/1879 1589/2/1880
f 1716/2/1614 1588/2/1614 1715/2/1614
f 1716/2/1792 1589/2/1881 1597/2/1881
f 1717/2/1882 1596/2/1882 1716/2/1883
f 1716/2/1884 1719/2/1885 1717/2/1886
f 1714/2/1814 1718/2/1814 1717/2/1814
f 1714/2/1815 1719/2/482 1713/2/1815
f 1720/2/1887 1596/2/1888 1718/2/1889
f 1721/2/1890 1719/2/1891 1597/2/1890
f 1722/2/1614 1596/2/1614 1721/2/1614
f 1722/2/1704 1597/2/1704 1605/2/1704
f 1723/2/1892 1604/2/1892 1722/2/1893
f 1722/2/1894 1725/2/1895 1723/2/1896
f 1720/2/1876 1724/2/1897 1723/2/1897
f 1720/2/482 1725/2/1898 1719/2/482
f 1726/2/1899 1604/2/1899 1724/2/1900
f 1727/2/1901 1725/2/1703 1605/2/1902
f 1727/2/1614 1612/2/1614 1604/2/1614
f 1727/2/1792 1613/2/1792 1728/2/1792
f 1729/2/1903 1612/2/1903 1728/2/1904
f 1728/2/1905 1731/2/1906 1729/2/1907
f 1729/2/1897 1724/2/1897 1730/2/1897
f 1729/2/1653 1725/2/453 1726/2/453
f 1732/2/1908 1612/2/1909 1730/2/1910
f 1733/2/1911 1731/2/1912 1613/2/1911
f 1733/2/1614 1620/2/1614 1612/2/1614
f 1733/2/1704 1621/2/1704 1734/2/1704
f 1735/2/1913 1620/2/1914 1734/2/1915
f 1734/2/1916 1737/2/1917 1735/2/1717
f 1735/2/1897 1730/2/1897 1736/2/1897
f 1735/2/1653 1731/2/453 1732/2/453
f 1738/2/1918 1620/2/1919 1736/2/1918
f 1739/2/1920 1737/2/1921 1621/2/1922
f 1739/2/1614 1628/2/1614 1620/2/1614
f 1739/2/1792 1629/2/1792 1740/2/1792
f 1741/2/1725 1628/2/1725 1740/2/1923
f 1740/2/1924 1743/2/1925 1741/2/1926
f 1741/2/1897 1736/2/1897 1742/2/1897
f 1741/2/453 1737/2/453 1738/2/453
f 1744/2/1927 1628/2/1928 1742/2/1929
f 1745/2/1930 1743/2/1931 1629/2/1930
f 1745/2/1614 1636/2/1614 1628/2/1614
f 1745/2/1792 1637/2/1792 1746/2/1792
f 1747/2/1932 1636/2/1932 1746/2/1933
f 1746/2/1934 1749/2/1935 1747/2/1736
f 1747/2/1897 1742/2/1897 1748/2/1897
f 1747/2/453 1743/2/453 1744/2/453
f 1750/2/1936 1636/2/1936 1748/2/1937
f 1751/2/1938 1749/2/1939 1637/2/1940
f 1751/2/1614 1644/2/1614 1636/2/1627
f 1751/2/1792 1645/2/1792 1752/2/1792
f 1753/2/1941 1644/2/1942 1752/2/1943
f 1753/2/1944 1645/2/1945 1755/2/1946
f 1753/2/1897 1748/2/1897 1754/2/1897
f 1753/2/453 1749/2/453 1750/2/453
f 1757/2/1947 1754/2/1948 1756/2/1949
f 1757/2/1950 1755/2/1951 1645/2/1952
f 1757/2/1614 1652/2/1614 1644/2/1614
f 1757/2/1792 1653/2/1792 1758/2/1792
f 1759/2/1953 1652/2/1954 1758/2/1955
f 1759/2/1956 1653/2/1957 1761/2/1958
f 1759/2/1897 1754/2/1897 1760/2/1897
f 1759/2/453 1755/2/453 1756/2/453
f 1763/2/1959 1760/2/1960 1762/2/1961
f 1763/2/1962 1761/2/1963 1653/2/1964
f 1763/2/1614 1660/2/1614 1652/2/1627
f 1763/2/1792 1661/2/1792 1764/2/1792
f 1765/2/1965 1660/2/1966 1764/2/1967
f 1765/2/1968 1661/2/1969 1767/2/1970
f 1765/2/1897 1760/2/1897 1766/2/1897
f 1765/2/453 1761/2/453 1762/2/453
f 1769/2/1971 1766/2/1972 1768/2/1973
f 1769/2/1974 1767/2/1975 1661/2/1976
f 1769/2/1614 279/2/1614 1660/2/1614
f 1769/2/1792 280/2/1792 1770/2/1792
f 1771/2/1778 279/2/1977 1770/2/1978
f 1771/2/1979 280/2/1980 274/2/1981
f 1771/2/1897 1766/2/1897 273/2/1897
f 1771/2/453 1767/2/453 1768/2/453
f 1772/2/1982 128/2/1782 120/2/1982
f 1772/2/1983 129/2/1983 1773/2/1983
f 1774/2/1984 128/2/1985 1773/2/1594
f 1773/2/1986 1671/2/1987 1774/2/1988
f 1774/2/1989 1776/2/1989 1670/2/1989
f 1774/2/1990 1777/2/1990 1775/2/1990
f 1775/2/1991 120/2/1992 1776/2/1993
f 1772/2/1994 1777/2/1995 121/2/1996
f 1778/2/1997 1670/2/1998 1776/2/1997
f 1778/2/1999 1671/2/2000 1779/2/2000
f 1780/2/1614 1670/2/1627 1779/2/1615
f 1780/2/1988 1671/2/1988 1677/2/1988
f 1780/2/1810 1782/2/1810 1676/2/1810
f 1780/2/2001 1783/2/2001 1781/2/2002
f 1778/2/1621 1782/2/1621 1781/2/1621
f 1778/2/41 1783/2/41 1777/2/41
f 1784/2/2003 1676/2/2004 1782/2/2005
f 1784/2/2006 1677/2/2006 1785/2/2006
f 1786/2/1614 1676/2/1614 1785/2/1627
f 1786/2/1988 1677/2/1988 1683/2/1988
f 1786/2/1630 1788/2/2007 1682/2/1630
f 1786/2/2008 1789/2/2009 1787/2/2010
f 1784/2/1621 1788/2/1621 1787/2/1621
f 1784/2/41 1789/2/41 1783/2/41
f 1790/2/2011 1682/2/2011 1788/2/2011
f 1790/2/2012 1683/2/2012 1791/2/2013
f 1792/2/1615 1682/2/1627 1791/2/1614
f 1792/2/1988 1683/2/1988 1689/2/1988
f 1792/2/2014 1794/2/2014 1688/2/2014
f 1792/2/2015 1795/2/2016 1793/2/2017
f 1790/2/1621 1794/2/1621 1793/2/1621
f 1790/2/41 1795/2/41 1789/2/41
f 1796/2/2018 1688/2/2018 1794/2/2019
f 1796/2/2020 1689/2/2020 1797/2/2021
f 1798/2/1614 1688/2/1614 1797/2/1614
f 1798/2/1988 1689/2/1988 1695/2/1988
f 1799/2/2022 1694/2/2023 1798/2/2024
f 1798/2/2025 1801/2/2025 1799/2/2026
f 1796/2/1621 1800/2/1621 1799/2/1621
f 1796/2/41 1801/2/41 1795/2/41
f 1802/2/2027 1694/2/2027 1800/2/2027
f 1803/2/2028 1801/2/2028 1695/2/2028
f 1804/2/1615 1694/2/1627 1803/2/1614
f 1804/2/1988 1695/2/1988 1701/2/1988
f 1805/2/2029 1700/2/2029 1804/2/2030
f 1804/2/2031 1807/2/2032 1805/2/2033
f 1802/2/1621 1806/2/1621 1805/2/1621
f 1802/2/41 1807/2/41 1801/2/41
f 1808/2/2034 1700/2/2035 1806/2/2034
f 1809/2/2036 1807/2/2036 1701/2/2037
f 1810/2/1614 1700/2/1614 1809/2/1614
f 1810/2/1988 1701/2/1988 1707/2/1988
f 1811/2/2038 1706/2/2038 1810/2/1860
f 1810/2/1863 1813/2/1863 1811/2/1864
f 1808/2/1621 1812/2/1621 1811/2/1621
f 1808/2/41 1813/2/41 1807/2/41
f 1814/2/1673 1706/2/1673 1812/2/1673
f 1815/2/2039 1813/2/2039 1707/2/2039
f 1816/2/1615 1706/2/1615 1815/2/1615
f 1816/2/1988 1707/2/1988 1713/2/1988
f 1817/2/2040 1712/2/2041 1816/2/1677
f 1816/2/2042 1819/2/2043 1817/2/2043
f 1814/2/1621 1818/2/1621 1817/2/1621
f 1814/2/41 1819/2/41 1813/2/41
f 1820/2/2044 1712/2/2045 1818/2/2046
f 1821/2/2047 1819/2/2047 1713/2/2047
f 1822/2/1627 1712/2/1627 1821/2/1614
f 1822/2/1988 1713/2/1988 1719/2/1988
f 1823/2/2048 1718/2/2049 1822/2/2049
f 1822/2/2050 1825/2/2051 1823/2/2052
f 1820/2/1621 1824/2/1621 1823/2/1621
f 1820/2/41 1825/2/41 1819/2/41
f 1826/2/2053 1718/2/1889 1824/2/1693
f 1827/2/2054 1825/2/2055 1719/2/2054
f 1828/2/1614 1718/2/1627 1827/2/1615
f 1827/2/1988 1725/2/1988 1828/2/1988
f 1829/2/2056 1724/2/2057 1828/2/2057
f 1828/2/2058 1831/2/2059 1829/2/2060
f 1826/2/1621 1830/2/1621 1829/2/1621
f 1829/2/41 1825/2/2061 1826/2/1815
f 1832/2/2062 1724/2/1900 1830/2/2063
f 1833/2/2064 1831/2/2065 1725/2/2064
f 1833/2/1614 1730/2/1614 1724/2/1614
f 1833/2/1704 1731/2/1988 1834/2/1988
f 1835/2/2066 1730/2/2067 1834/2/2068
f 1834/2/2069 1837/2/2069 1835/2/2070
f 1835/2/1621 1830/2/1621 1836/2/1621
f 1835/2/41 1831/2/41 1832/2/41
f 1838/2/2071 1730/2/2072 1836/2/2071
f 1839/2/2073 1837/2/2074 1731/2/2073
f 1839/2/1614 1736/2/1615 1730/2/1614
f 1839/2/1988 1737/2/1988 1840/2/1704
f 1841/2/2075 1736/2/2075 1840/2/2075
f 1840/2/2076 1843/2/2076 1841/2/2077
f 1841/2/1621 1836/2/1621 1842/2/1621
f 1841/2/41 1837/2/41 1838/2/41
f 1844/2/2078 1736/2/2078 1842/2/2079
f 1845/2/2080 1843/2/2080 1737/2/2080
f 1845/2/1627 1742/2/1614 1736/2/1627
f 1845/2/1988 1743/2/1988 1846/2/1704
f 1847/2/2081 1742/2/2082 1846/2/2082
f 1846/2/2083 1849/2/2083 1847/2/2083
f 1847/2/1621 1842/2/1621 1848/2/1621
f 1847/2/41 1843/2/41 1844/2/41
f 1850/2/2084 1742/2/2084 1848/2/2084
f 1851/2/2085 1849/2/2086 1743/2/2085
f 1851/2/1615 1748/2/1627 1742/2/1615
f 1851/2/1988 1749/2/1988 1852/2/1988
f 1853/2/2087 1748/2/2087 1852/2/2087
f 1852/2/2088 1855/2/2088 1853/2/2089
f 1853/2/1621 1848/2/1621 1854/2/1621
f 1853/2/41 1849/2/41 1850/2/41
f 1856/2/1738 1748/2/2090 1854/2/2091
f 1857/2/2092 1855/2/2092 1749/2/2092
f 1857/2/1614 1754/2/1615 1748/2/1614
f 1857/2/1988 1755/2/1988 1858/2/1988
f 1859/2/1745 1754/2/1745 1858/2/1745
f 1859/2/2093 1755/2/2093 1861/2/2093
f 1859/2/1621 1854/2/1621 1860/2/1621
f 1859/2/41 1855/2/41 1856/2/41
f 1863/2/2094 1860/2/2094 1862/2/2094
f 1863/2/2095 1861/2/2095 1755/2/2095
f 1863/2/1614 1760/2/1614 1754/2/1614
f 1863/2/1988 1761/2/1988 1864/2/1988
f 1865/2/2096 1760/2/2096 1864/2/2097
f 1865/2/2098 1761/2/2099 1867/2/2100
f 1865/2/1621 1860/2/1621 1866/2/1621
f 1865/2/41 1861/2/41 1862/2/41
f 1869/2/2101 1866/2/2102 1868/2/2103
f 1869/2/2104 1867/2/2105 1761/2/2104
f 1869/2/1615 1766/2/1615 1760/2/1615
f 1869/2/1988 1767/2/1988 1870/2/1988
f 1871/2/2106 1766/2/2107 1870/2/2107
f 1871/2/1969 1767/2/2108 1873/2/2109
f 1871/2/1621 1866/2/1621 1872/2/1621
f 1871/2/41 1867/2/41 1868/2/41
f 1875/2/2110 1872/2/1773 1874/2/1773
f 1875/2/2111 1873/2/2112 1767/2/2113
f 1875/2/1614 273/2/1627 1766/2/1614
f 1875/2/1988 274/2/1988 1876/2/1988
f 1877/2/1778 273/2/1778 1876/2/1778
f 1877/2/2114 274/2/2115 268/2/2114
f 1877/2/2116 1872/2/1621 267/2/2116
f 1877/2/41 1873/2/41 1874/2/41
f 1878/2/1587 120/2/2117 112/2/1587
f 1878/2/2118 121/2/2119 1879/2/2120
f 1880/2/2121 120/2/2122 1879/2/1594
f 1879/2/2123 1777/2/2124 1880/2/1616
f 1880/2/1598 1882/2/1599 1776/2/1598
f 1880/2/1600 1883/2/1600 1881/2/1601
f 1881/2/2125 112/2/2126 1882/2/2127
f 1878/2/2128 1883/2/2129 113/2/2130
f 1884/2/1608 1776/2/1609 1882/2/1610
f 1884/2/1612 1777/2/1612 1885/2/1612
f 1886/2/1614 1776/2/1614 1885/2/1615
f 1886/2/1616 1777/2/1616 1783/2/1616
f 1886/2/1617 1888/2/1617 1782/2/1618
f 1886/2/1619 1889/2/1619 1887/2/1619
f 1884/2/1620 1888/2/1620 1887/2/1620
f 1884/2/1653 1889/2/453 1883/2/1653
f 1890/2/2131 1782/2/2131 1888/2/2131
f 1890/2/1625 1783/2/1625 1891/2/1626
f 1892/2/1614 1782/2/1614 1891/2/1614
f 1892/2/1616 1783/2/1616 1789/2/1616
f 1892/2/1628 1894/2/1629 1788/2/1630
f 1892/2/1631 1895/2/1631 1893/2/1631
f 1890/2/1620 1894/2/1620 1893/2/1620
f 1890/2/1622 1895/2/453 1889/2/1653
f 1896/2/1633 1788/2/1634 1894/2/1633
f 1896/2/1635 1789/2/1635 1897/2/2132
f 1898/2/1614 1788/2/1614 1897/2/1614
f 1898/2/1616 1789/2/1616 1795/2/1616
f 1898/2/2133 1900/2/2134 1794/2/2014
f 1898/2/2135 1901/2/2135 1899/2/1834
f 1896/2/1620 1900/2/1621 1899/2/1621
f 1896/2/1653 1901/2/453 1895/2/1653
f 1902/2/1644 1794/2/2136 1900/2/1643
f 1902/2/2137 1795/2/2138 1903/2/1645
f 1904/2/1614 1794/2/1614 1903/2/1627
f 1904/2/1616 1795/2/1616 1801/2/1616
f 1905/2/2022 1800/2/1649 1904/2/2139
f 1904/2/2140 1907/2/1846 1905/2/1846
f 1902/2/1620 1906/2/1620 1905/2/1621
f 1902/2/1622 1907/2/453 1901/2/1653
f 1908/2/1654 1800/2/1655 1906/2/1654
f 1909/2/1656 1907/2/1657 1801/2/1656
f 1910/2/1614 1800/2/1614 1909/2/1614
f 1910/2/1616 1801/2/1616 1807/2/1616
f 1911/2/2141 1806/2/2141 1910/2/2142
f 1910/2/2143 1913/2/2143 1911/2/2144
f 1908/2/1620 1912/2/1620 1911/2/1620
f 1908/2/1622 1913/2/453 1907/2/1653
f 1914/2/1664 1806/2/1665 1912/2/1664
f 1915/2/1666 1913/2/1666 1807/2/2145
f 1916/2/1614 1806/2/1614 1915/2/1627
f 1916/2/1616 1807/2/1616 1813/2/1616
f 1917/2/2146 1812/2/1667 1916/2/1669
f 1916/2/2147 1919/2/1670 1917/2/2148
f 1914/2/1620 1918/2/1621 1917/2/1621
f 1914/2/1622 1919/2/453 1913/2/1653
f 1920/2/2149 1812/2/2150 1918/2/1675
f 1921/2/2151 1919/2/2151 1813/2/2151
f 1922/2/1614 1812/2/1614 1921/2/1614
f 1922/2/1616 1813/2/1616 1819/2/1616
f 1923/2/1677 1818/2/1678 1922/2/1679
f 1922/2/2152 1925/2/2153 1923/2/2154
f 1920/2/1620 1924/2/1620 1923/2/1621
f 1920/2/1622 1925/2/453 1919/2/1653
f 1926/2/1682 1818/2/1683 1924/2/1682
f 1927/2/2155 1925/2/2156 1819/2/2157
f 1928/2/1614 1818/2/1615 1927/2/2158
f 1928/2/1616 1819/2/1616 1825/2/1616
f 1929/2/2048 1824/2/2159 1928/2/1883
f 1928/2/1886 1931/2/1886 1929/2/2160
f 1926/2/1620 1930/2/1620 1929/2/1620
f 1926/2/1653 1931/2/453 1925/2/1653
f 1932/2/1691 1824/2/1692 1930/2/1693
f 1933/2/1694 1931/2/1694 1825/2/2161
f 1933/2/1614 1830/2/1614 1824/2/1614
f 1934/2/1616 1825/2/1616 1831/2/1616
f 1935/2/1697 1830/2/2162 1934/2/1698
f 1934/2/2163 1937/2/2163 1935/2/2164
f 1932/2/1620 1936/2/1621 1935/2/1621
f 1932/2/453 1937/2/453 1931/2/453
f 1938/2/2062 1830/2/2165 1936/2/2166
f 1939/2/2167 1937/2/2167 1831/2/2168
f 1939/2/1614 1836/2/1614 1830/2/1614
f 1939/2/1616 1837/2/1616 1940/2/1616
f 1941/2/1705 1836/2/1706 1940/2/1707
f 1940/2/1708 1943/2/1708 1941/2/1708
f 1941/2/1620 1936/2/1620 1942/2/1620
f 1941/2/1653 1937/2/1622 1938/2/1622
f 1944/2/1709 1836/2/1710 1942/2/1709
f 1945/2/1711 1943/2/1711 1837/2/2169
f 1945/2/1614 1842/2/1627 1836/2/1614
f 1945/2/1616 1843/2/1616 1946/2/1616
f 1947/2/1712 1842/2/1713 1946/2/1714
f 1946/2/1715 1949/2/1715 1947/2/2170
f 1947/2/1621 1942/2/1621 1948/2/1621
f 1947/2/1622 1943/2/453 1944/2/453
f 1950/2/1718 1842/2/1719 1948/2/1720
f 1951/2/1722 1949/2/1721 1843/2/1722
f 1951/2/1614 1848/2/1614 1842/2/1614
f 1951/2/1616 1849/2/1616 1952/2/1616
f 1953/2/2171 1848/2/1724 1952/2/2172
f 1952/2/1726 1955/2/1726 1953/2/1727
f 1953/2/1620 1948/2/1620 1954/2/1620
f 1953/2/453 1949/2/453 1950/2/453
f 1956/2/1728 1848/2/1729 1954/2/1730
f 1957/2/1731 1955/2/1731 1849/2/1931
f 1957/2/1614 1854/2/1615 1848/2/1614
f 1957/2/1616 1855/2/1616 1958/2/1616
f 1959/2/1732 1854/2/1733 1958/2/1734
f 1958/2/1735 1961/2/1736 1959/2/1737
f 1959/2/1620 1954/2/1620 1960/2/1620
f 1959/2/1622 1955/2/453 1956/2/453
f 1962/2/1738 1854/2/1739 1960/2/1740
f 1963/2/1741 1961/2/1742 1855/2/1743
f 1963/2/1614 1860/2/1614 1854/2/1614
f 1963/2/1616 1861/2/1616 1964/2/1616
f 1965/2/1745 1860/2/1746 1964/2/1747
f 1965/2/1749 1861/2/1749 1967/2/1748
f 1965/2/1620 1960/2/1621 1966/2/1620
f 1965/2/1653 1961/2/453 1962/2/453
f 1969/2/1751 1966/2/1752 1968/2/1753
f 1969/2/1754 1967/2/1755 1861/2/1754
f 1969/2/1614 1866/2/1615 1860/2/1614
f 1969/2/1616 1867/2/1616 1970/2/1616
f 1971/2/2173 1866/2/2174 1970/2/2175
f 1971/2/2176 1867/2/2176 1973/2/2176
f 1971/2/1620 1966/2/1620 1972/2/1620
f 1971/2/1622 1967/2/453 1968/2/453
f 1975/2/2177 1972/2/2178 1974/2/2179
f 1975/2/2180 1973/2/2180 1867/2/2181
f 1975/2/1614 1872/2/1614 1866/2/1614
f 1975/2/1616 1873/2/1616 1976/2/1616
f 1977/2/2182 1872/2/2182 1976/2/2183
f 1977/2/2184 1873/2/2184 1979/2/1770
f 1977/2/1620 1972/2/1620 1978/2/1620
f 1977/2/1622 1973/2/453 1974/2/453
f 1981/2/1772 1978/2/1772 1980/2/2185
f 1981/2/1775 1979/2/1775 1873/2/2186
f 1981/2/1615 267/2/1808 1872/2/2158
f 1981/2/1616 268/2/1616 1982/2/1616
f 1983/2/1778 267/2/2187 1982/2/1978
f 1983/2/2188 268/2/2189 262/2/2188
f 1983/2/1620 1978/2/1620 261/2/1620
f 1983/2/1653 1979/2/453 1980/2/453
f 1984/2/2190 112/2/2191 104/2/2192
f 1984/2/1784 113/2/1784 1985/2/1786
f 1986/2/2193 112/2/2194 1985/2/1789
f 1985/2/2195 1883/2/2196 1986/2/2197
f 1986/2/1793 1988/2/1794 1882/2/1793
f 1986/2/1795 1989/2/2198 1987/2/1600
f 1987/2/2199 104/2/2200 1988/2/2201
f 1984/2/2202 1989/2/2203 105/2/2204
f 1990/2/1803 1882/2/2205 1988/2/2206
f 1990/2/1804 1883/2/1805 1991/2/2207
f 1992/2/2208 1882/2/2158 1991/2/2209
f 1992/2/1792 1883/2/1792 1889/2/1792
f 1992/2/2210 1994/2/2211 1888/2/2210
f 1992/2/1811 1995/2/2212 1993/2/2213
f 1990/2/1814 1994/2/1814 1993/2/1814
f 1990/2/482 1995/2/482 1989/2/482
f 1996/2/2214 1888/2/2215 1994/2/2214
f 1996/2/2216 1889/2/2216 1997/2/2217
f 1998/2/1807 1888/2/1807 1997/2/1807
f 1998/2/1616 1889/2/1988 1895/2/1616
f 1998/2/1821 2000/2/1822 1894/2/1821
f 1998/2/1823 2001/2/1823 1999/2/1631
f 1996/2/1814 2000/2/1814 1999/2/1814
f 1996/2/482 2001/2/482 1995/2/482
f 2002/2/1824 1894/2/1825 2000/2/1826
f 2002/2/2218 1895/2/2219 2003/2/1829
f 2004/2/1627 1894/2/1841 2003/2/1841
f 2004/2/1792 1895/2/1792 1901/2/1792
f 2004/2/1830 2006/2/2220 1900/2/1831
f 2004/2/2221 2007/2/2221 2005/2/1641
f 2002/2/1814 2006/2/1814 2005/2/1814
f 2002/2/482 2007/2/482 2001/2/482
f 2008/2/2222 1900/2/1835 2006/2/2018
f 2008/2/2223 1901/2/2224 2009/2/2225
f 2010/2/1614 1900/2/1614 2009/2/1614
f 2010/2/1792 1901/2/1792 1907/2/1792
f 2011/2/1650 1906/2/1650 2010/2/1651
f 2010/2/2226 2013/2/2026 2011/2/2227
f 2008/2/1897 2012/2/1897 2011/2/1897
f 2008/2/1653 2013/2/453 2007/2/1653
f 2014/2/1848 1906/2/1848 2012/2/2228
f 2015/2/1849 2013/2/1850 1907/2/1851
f 2016/2/1614 1906/2/1614 2015/2/1614
f 2016/2/1792 1907/2/1792 1913/2/1792
f 2017/2/1852 1912/2/1853 2016/2/2229
f 2016/2/1856 2019/2/2230 2017/2/2231
f 2014/2/1897 2018/2/1897 2017/2/1876
f 2014/2/1653 2019/2/453 2013/2/1653
f 2020/2/1857 1912/2/1857 2018/2/2232
f 2021/2/2233 2019/2/1859 1913/2/1858
f 2022/2/1614 1912/2/1614 2021/2/1614
f 2022/2/1792 1913/2/1792 1919/2/1792
f 2023/2/1860 1918/2/1861 2022/2/2234
f 2022/2/2235 2025/2/2236 2023/2/2148
f 2020/2/1897 2024/2/1876 2023/2/1876
f 2020/2/1653 2025/2/453 2019/2/1653
f 2026/2/1674 1918/2/1867 2024/2/2237
f 2027/2/2238 2025/2/1869 1919/2/1868
f 2028/2/1614 1918/2/1614 2027/2/1614
f 2028/2/1792 1919/2/1792 1925/2/1792
f 2029/2/2239 1924/2/1871 2028/2/2240
f 2028/2/1873 2031/2/2241 2029/2/2242
f 2026/2/1876 2030/2/1897 2029/2/1897
f 2026/2/1653 2031/2/453 2025/2/1653
f 2032/2/1877 1924/2/1877 2030/2/2243
f 2033/2/1878 2031/2/2244 1925/2/1880
f 2034/2/1614 1924/2/1614 2033/2/1614
f 2034/2/1792 1925/2/1792 1931/2/1792
f 2035/2/2159 1930/2/1882 2034/2/1883
f 2034/2/2245 2037/2/2246 2035/2/1688
f 2032/2/1897 2036/2/1876 2035/2/1876
f 2032/2/453 2037/2/1622 2031/2/453
f 2038/2/1888 1930/2/2247 2036/2/1887
f 2039/2/2248 2037/2/2249 1931/2/2250
f 2039/2/1614 1936/2/1614 1930/2/1614
f 2040/2/1792 1931/2/1792 1937/2/1792
f 2041/2/2251 1936/2/1696 2040/2/2252
f 2040/2/2253 2043/2/2254 2041/2/2255
f 2038/2/1897 2042/2/1897 2041/2/1897
f 2038/2/1653 2043/2/1653 2037/2/1653
f 2044/2/2256 1936/2/2256 2042/2/2165
f 2045/2/1902 2043/2/1703 1937/2/2257
f 2045/2/1614 1942/2/1614 1936/2/1614
f 2045/2/1792 1943/2/1792 2046/2/1792
f 2047/2/1903 1942/2/1903 2046/2/1904
f 2046/2/1905 2049/2/2258 2047/2/2259
f 2047/2/1897 2042/2/1876 2048/2/1897
f 2047/2/453 2043/2/453 2044/2/453
f 2050/2/1908 1942/2/1909 2048/2/1910
f 2051/2/1911 2049/2/2260 1943/2/1911
f 2051/2/1614 1948/2/1614 1942/2/1614
f 2051/2/1792 1949/2/1792 2052/2/1597
f 2053/2/1913 1948/2/1914 2052/2/2261
f 2052/2/2262 2055/2/1917 2053/2/2170
f 2053/2/1897 2048/2/1876 2054/2/1897
f 2053/2/1653 2049/2/1622 2050/2/453
f 2056/2/2263 1948/2/2079 2054/2/1918
f 2057/2/2264 2055/2/2265 1949/2/2266
f 2057/2/1614 1954/2/1614 1948/2/1614
f 2057/2/1792 1955/2/1792 2058/2/1792
f 2059/2/1725 1954/2/1725 2058/2/2267
f 2058/2/2268 2061/2/1925 2059/2/1926
f 2059/2/1876 2054/2/1897 2060/2/1876
f 2059/2/1653 2055/2/1653 2056/2/1622
f 2062/2/1927 1954/2/1928 2060/2/2269
f 2063/2/2270 2061/2/1931 1955/2/1930
f 2063/2/1614 1960/2/1614 1954/2/1614
f 2063/2/1792 1961/2/1792 2064/2/1792
f 2065/2/1932 1960/2/1932 2064/2/1933
f 2064/2/1934 2067/2/1935 2065/2/1737
f 2065/2/1897 2060/2/1897 2066/2/1897
f 2065/2/1653 2061/2/1653 2062/2/1653
f 2068/2/1936 1960/2/1936 2066/2/2271
f 2069/2/2272 2067/2/1939 1961/2/1940
f 2069/2/1614 1966/2/1614 1960/2/1614
f 2069/2/1792 1967/2/1792 2070/2/1792
f 2071/2/2273 1966/2/1942 2070/2/1747
f 2071/2/1944 1967/2/2274 2073/2/2275
f 2071/2/1876 2066/2/1897 2072/2/1876
f 2071/2/453 2067/2/453 2068/2/453
f 2075/2/2276 2072/2/1948 2074/2/1949
f 2075/2/1950 2073/2/1754 1967/2/1950
f 2075/2/1614 1972/2/1614 1966/2/1614
f 2075/2/1704 1973/2/1792 2076/2/1881
f 2077/2/2277 1972/2/2278 2076/2/1758
f 2077/2/2279 1973/2/2280 2079/2/2281
f 2077/2/1897 2072/2/1897 2078/2/1897
f 2077/2/1653 2073/2/453 2074/2/453
f 2081/2/1959 2078/2/2282 2080/2/2283
f 2081/2/1962 2079/2/1963 1973/2/1964
f 2081/2/1614 1978/2/1614 1972/2/1614
f 2081/2/1792 1979/2/1881 2082/2/1881
f 2083/2/2284 1978/2/1967 2082/2/2285
f 2083/2/2109 1979/2/2109 2085/2/2286
f 2083/2/1897 2078/2/1897 2084/2/1897
f 2083/2/1653 2079/2/1653 2080/2/1653
f 2087/2/2287 2084/2/2288 2086/2/2289
f 2087/2/2290 2085/2/2291 1979/2/2292
f 2087/2/1614 261/2/1614 1978/2/1614
f 2087/2/1792 262/2/1792 2088/2/1792
f 2089/2/1778 261/2/1977 2088/2/1978
f 2089/2/2293 262/2/1980 256/2/1981
f 2089/2/1897 2084/2/1897 255/2/1897
f 2089/2/1653 2085/2/453 2086/2/453
f 2090/2/2294 104/2/1982 96/2/2294
f 2090/2/2295 105/2/2296 2091/2/2297
f 2092/2/2298 104/2/2299 2091/2/1594
f 2091/2/2300 1989/2/2301 2092/2/1988
f 2092/2/2302 2094/2/2303 1988/2/2304
f 2092/2/2305 2095/2/2306 2093/2/2307
f 2093/2/2308 96/2/2309 2094/2/2310
f 2090/2/2311 2095/2/2312 97/2/2313
f 2096/2/2314 1988/2/2315 2094/2/2205
f 2096/2/2316 1989/2/2317 2097/2/2318
f 2098/2/1627 1988/2/1614 2097/2/1614
f 2098/2/1988 1989/2/1988 1995/2/1988
f 2098/2/2319 2100/2/2320 1994/2/1618
f 2098/2/2321 2101/2/2322 2099/2/2323
f 2096/2/2324 2100/2/2324 2099/2/2324
f 2096/2/482 2101/2/482 2095/2/482
f 2102/2/2214 1994/2/2003 2100/2/2325
f 2102/2/1818 1995/2/2326 2103/2/2327
f 2104/2/1627 1994/2/1614 2103/2/1614
f 2104/2/1988 1995/2/1988 2001/2/1988
f 2104/2/2328 2106/2/2329 2000/2/1630
f 2104/2/2330 2107/2/2331 2105/2/2332
f 2102/2/2324 2106/2/2324 2105/2/2324
f 2102/2/482 2107/2/482 2101/2/482
f 2108/2/2333 2000/2/2334 2106/2/2335
f 2108/2/1827 2001/2/2219 2109/2/2218
f 2110/2/1614 2000/2/1614 2109/2/1614
f 2110/2/1988 2001/2/1988 2007/2/1988
f 2110/2/1830 2112/2/2336 2006/2/1639
f 2110/2/2337 2113/2/2338 2111/2/2339
f 2108/2/2324 2112/2/2324 2111/2/2324
f 2108/2/482 2113/2/482 2107/2/482
f 2114/2/2340 2006/2/2341 2112/2/2340
f 2114/2/2223 2007/2/1836 2115/2/2342
f 2116/2/1614 2006/2/1614 2115/2/1614
f 2116/2/1988 2007/2/1988 2013/2/1988
f 2117/2/2343 2012/2/2344 2116/2/2345
f 2116/2/2346 2119/2/2347 2117/2/2348
f 2114/2/2324 2118/2/2324 2117/2/2324
f 2114/2/482 2119/2/482 2113/2/482
f 2120/2/2349 2012/2/2350 2118/2/2351
f 2121/2/2352 2119/2/2353 2013/2/2352
f 2122/2/1615 2012/2/1614 2121/2/1614
f 2122/2/1988 2013/2/1988 2019/2/1988
f 2123/2/2354 2018/2/2355 2122/2/2356
f 2122/2/2357 2125/2/1662 2123/2/2358
f 2120/2/2324 2124/2/2324 2123/2/2324
f 2120/2/482 2125/2/482 2119/2/482
f 2126/2/2359 2018/2/2360 2124/2/2361
f 2127/2/1859 2125/2/1858 2019/2/2362
f 2128/2/1627 2018/2/1614 2127/2/1614
f 2128/2/1988 2019/2/1988 2025/2/1988
f 2129/2/2363 2024/2/2364 2128/2/2365
f 2128/2/2366 2131/2/2367 2129/2/2368
f 2126/2/2324 2130/2/2324 2129/2/2324
f 2126/2/482 2131/2/482 2125/2/482
f 2132/2/2369 2024/2/2370 2130/2/1867
f 2133/2/2371 2131/2/2372 2025/2/2373
f 2134/2/1614 2024/2/1614 2133/2/1614
f 2134/2/1988 2025/2/1988 2031/2/1988
f 2135/2/2239 2030/2/2374 2134/2/2375
f 2134/2/2376 2137/2/2377 2135/2/2378
f 2132/2/2324 2136/2/2324 2135/2/2324
f 2132/2/482 2137/2/482 2131/2/482
f 2138/2/2379 2030/2/2380 2136/2/2381
f 2139/2/2382 2137/2/2383 2031/2/2384
f 2140/2/1614 2030/2/1614 2139/2/1614
f 2140/2/1988 2031/2/1988 2037/2/1988
f 2141/2/2385 2036/2/2049 2140/2/2386
f 2140/2/2387 2143/2/2388 2141/2/2389
f 2138/2/2324 2142/2/2324 2141/2/2324
f 2138/2/482 2143/2/482 2137/2/482
f 2144/2/2390 2036/2/2391 2142/2/2392
f 2145/2/2393 2143/2/2250 2037/2/2161
f 2145/2/1614 2042/2/1614 2036/2/1627
f 2145/2/1988 2043/2/1988 2146/2/1988
f 2147/2/2057 2042/2/2056 2146/2/2394
f 2146/2/1894 2149/2/2395 2147/2/2396
f 2144/2/2324 2148/2/2324 2147/2/2324
f 2147/2/482 2143/2/482 2144/2/482
f 2150/2/2397 2042/2/2398 2148/2/2399
f 2151/2/2400 2149/2/2401 2043/2/2402
f 2151/2/1615 2048/2/1614 2042/2/1615
f 2151/2/1988 2049/2/1988 2152/2/1988
f 2153/2/2403 2048/2/2404 2152/2/2405
f 2152/2/2406 2155/2/2407 2153/2/2408
f 2153/2/2324 2148/2/2324 2154/2/2324
f 2153/2/482 2149/2/482 2150/2/482
f 2156/2/1908 2048/2/2409 2154/2/1909
f 2157/2/2410 2155/2/2411 2049/2/2410
f 2157/2/1614 2054/2/1614 2048/2/1627
f 2157/2/1988 2055/2/1988 2158/2/1988
f 2159/2/2412 2054/2/2413 2158/2/2414
f 2158/2/2415 2161/2/2416 2159/2/2417
f 2159/2/2324 2154/2/2324 2160/2/2324
f 2159/2/2418 2155/2/482 2156/2/482
f 2162/2/2419 2054/2/2420 2160/2/2421
f 2163/2/2422 2161/2/2423 2055/2/2422
f 2163/2/1614 2060/2/1614 2054/2/1627
f 2163/2/1988 2061/2/1988 2164/2/1988
f 2165/2/2082 2060/2/2081 2164/2/2424
f 2164/2/1925 2167/2/1924 2165/2/2425
f 2165/2/2324 2160/2/2324 2166/2/2324
f 2165/2/482 2161/2/482 2162/2/482
f 2168/2/1929 2060/2/2426 2166/2/1928
f 2169/2/2427 2167/2/2428 2061/2/2429
f 2169/2/1614 2066/2/1614 2060/2/1627
f 2169/2/1988 2067/2/1988 2170/2/1988
f 2171/2/2430 2066/2/2431 2170/2/2432
f 2170/2/2088 2173/2/2433 2171/2/2434
f 2171/2/2324 2166/2/2324 2172/2/1620
f 2171/2/482 2167/2/482 2168/2/482
f 2174/2/1937 2066/2/2435 2172/2/2436
f 2175/2/2437 2173/2/2438 2067/2/2437
f 2175/2/1614 2072/2/1614 2066/2/1627
f 2175/2/1988 2073/2/1988 2176/2/1988
f 2177/2/2439 2072/2/2440 2176/2/2441
f 2177/2/2442 2073/2/1946 2179/2/1945
f 2177/2/2324 2172/2/2324 2178/2/2324
f 2177/2/482 2173/2/482 2174/2/482
f 2181/2/1947 2178/2/2443 2180/2/2444
f 2181/2/2445 2179/2/2446 2073/2/2445
f 2181/2/1614 2078/2/1614 2072/2/1614
f 2181/2/1988 2079/2/1988 2182/2/1988
f 2183/2/2447 2078/2/2096 2182/2/2448
f 2183/2/2279 2079/2/2281 2185/2/2280
f 2183/2/2324 2178/2/2324 2184/2/2324
f 2183/2/482 2179/2/482 2180/2/482
f 2187/2/1761 2184/2/1762 2186/2/2449
f 2187/2/2450 2185/2/2451 2079/2/1963
f 2187/2/1627 2084/2/1614 2078/2/1627
f 2187/2/1988 2085/2/1988 2188/2/1988
f 2189/2/2452 2084/2/2453 2188/2/2454
f 2189/2/1970 2085/2/2455 2191/2/2456
f 2189/2/2324 2184/2/2324 2190/2/2324
f 2189/2/482 2185/2/482 2186/2/482
f 2193/2/2457 2190/2/2458 2192/2/2459
f 2193/2/2460 2191/2/1976 2085/2/2113
f 2193/2/1614 255/2/1614 2084/2/1614
f 2193/2/1988 256/2/1988 2194/2/1988
f 2195/2/2461 255/2/2462 2194/2/2463
f 2195/2/1981 256/2/2464 250/2/1979
f 2195/2/2324 2190/2/2324 249/2/2324
f 2195/2/482 2191/2/482 2192/2/482
f 2196/2/1982 96/2/2465 88/2/1982
f 2196/2/1589 97/2/1589 2197/2/1591
f 2198/2/2466 96/2/2467 2197/2/2468
f 2197/2/2469 2095/2/2470 2198/2/2471
f 2198/2/2472 2200/2/1794 2094/2/2303
f 2198/2/2473 2201/2/2474 2199/2/2475
f 2199/2/2476 88/2/2477 2200/2/2478
f 2196/2/2479 2201/2/2480 89/2/2481
f 2202/2/1998 2094/2/1803 2200/2/1997
f 2202/2/2482 2095/2/2482 2203/2/2483
f 2204/2/1807 2094/2/1807 2203/2/1807
f 2204/2/2471 2095/2/1767 2101/2/2471
f 2204/2/2319 2206/2/2211 2100/2/2320
f 2204/2/2484 2207/2/1619 2205/2/2485
f 2202/2/1620 2206/2/1620 2205/2/1620
f 2202/2/453 2207/2/453 2201/2/453
f 2208/2/2004 2100/2/2214 2206/2/2005
f 2208/2/1625 2101/2/1625 2209/2/1626
f 2210/2/1807 2100/2/1807 2209/2/1807
f 2210/2/1767 2101/2/1767 2107/2/1767
f 2210/2/2328 2212/2/1630 2106/2/2486
f 2210/2/2487 2213/2/1631 2211/2/1632
f 2208/2/1620 2212/2/1620 2211/2/1621
f 2208/2/453 2213/2/453 2207/2/453
f 2214/2/2488 2106/2/1826 2212/2/2011
f 2214/2/2489 2107/2/2490 2215/2/2491
f 2216/2/1807 2106/2/1807 2215/2/1807
f 2216/2/1767 2107/2/1767 2113/2/1767
f 2216/2/2492 2218/2/1639 2112/2/2336
f 2216/2/1640 2219/2/1641 2217/2/2493
f 2214/2/1620 2218/2/1620 2217/2/1620
f 2214/2/453 2219/2/1653 2213/2/453
f 2220/2/1643 2112/2/2136 2218/2/1643
f 2220/2/2494 2113/2/2495 2221/2/1838
f 2222/2/1807 2112/2/1807 2221/2/1807
f 2222/2/2471 2113/2/2471 2119/2/2471
f 2223/2/2023 2118/2/1650 2222/2/1651
f 2222/2/2496 2225/2/1845 2223/2/1846
f 2220/2/1620 2224/2/1620 2223/2/1620
f 2220/2/453 2225/2/453 2219/2/453
f 2226/2/2497 2118/2/2351 2224/2/2350
f 2227/2/2498 2225/2/2498 2119/2/2352
f 2228/2/1807 2118/2/1807 2227/2/1807
f 2228/2/2471 2119/2/2471 2125/2/2471
f 2229/2/2030 2124/2/1852 2228/2/2229
f 2228/2/1661 2231/2/1661 2229/2/2231
f 2226/2/1621 2230/2/1620 2229/2/1620
f 2226/2/453 2231/2/453 2225/2/453
f 2232/2/2499 2124/2/1857 2230/2/2035
f 2233/2/2362 2231/2/1666 2125/2/1859
f 2234/2/1807 2124/2/1807 2233/2/1807
f 2234/2/2471 2125/2/2471 2131/2/2471
f 2235/2/2500 2130/2/1669 2234/2/1668
f 2234/2/2366 2237/2/1670 2235/2/2501
f 2232/2/1621 2236/2/1620 2235/2/1620
f 2232/2/453 2237/2/1622 2231/2/453
f 2238/2/2502 2130/2/2503 2236/2/2504
f 2239/2/2151 2237/2/2505 2131/2/2373
f 2240/2/1807 2130/2/1807 2239/2/1807
f 2240/2/2471 2131/2/2471 2137/2/2471
f 2241/2/2506 2136/2/2507 2240/2/2507
f 2240/2/1875 2243/2/1680 2241/2/1681
f 2238/2/1621 2242/2/1620 2241/2/1620
f 2238/2/453 2243/2/453 2237/2/453
f 2244/2/2508 2136/2/2044 2242/2/2509
f 2245/2/1879 2243/2/1684 2137/2/1879
f 2246/2/1807 2136/2/1807 2245/2/1807
f 2246/2/1988 2137/2/1767 2143/2/1767
f 2247/2/2049 2142/2/2510 2246/2/2511
f 2246/2/2512 2249/2/2513 2247/2/2160
f 2244/2/1621 2248/2/1620 2247/2/1620
f 2244/2/453 2249/2/453 2243/2/453
f 2250/2/1889 2142/2/1888 2248/2/1693
f 2251/2/2249 2249/2/1694 2143/2/2393
f 2252/2/1807 2142/2/1807 2251/2/1807
f 2251/2/2471 2149/2/2471 2252/2/2471
f 2253/2/2057 2148/2/1892 2252/2/1893
f 2252/2/1895 2255/2/2163 2253/2/2164
f 2250/2/1621 2254/2/1620 2253/2/1620
f 2253/2/453 2249/2/1653 2250/2/1653
f 2256/2/1900 2148/2/1899 2254/2/2063
f 2257/2/1703 2255/2/1702 2149/2/1703
f 2257/2/1807 2154/2/1807 2148/2/1807
f 2257/2/1647 2155/2/1767 2258/2/1767
f 2259/2/2514 2154/2/2066 2258/2/1904
f 2258/2/2515 2261/2/1708 2259/2/2516
f 2259/2/1620 2254/2/1621 2260/2/1620
f 2259/2/453 2255/2/453 2256/2/453
f 2262/2/1910 2154/2/1909 2260/2/2409
f 2263/2/2169 2261/2/1711 2155/2/2517
f 2263/2/1807 2160/2/1807 2154/2/1807
f 2263/2/2471 2161/2/2471 2264/2/2471
f 2265/2/2518 2160/2/2519 2264/2/2413
f 2264/2/1715 2267/2/1716 2265/2/1717
f 2265/2/1621 2260/2/1620 2266/2/1621
f 2265/2/453 2261/2/453 2262/2/453
f 2268/2/1918 2160/2/2520 2266/2/1719
f 2269/2/2422 2267/2/1721 2161/2/2422
f 2269/2/1807 2166/2/1807 2160/2/1807
f 2269/2/2471 2167/2/2471 2270/2/2471
f 2271/2/2521 2166/2/1725 2270/2/2267
f 2270/2/2522 2273/2/1726 2271/2/2523
f 2271/2/1621 2266/2/1621 2272/2/1621
f 2271/2/453 2267/2/1653 2268/2/1653
f 2274/2/2269 2166/2/1927 2272/2/2426
f 2275/2/1731 2273/2/1731 2167/2/1931
f 2275/2/1807 2172/2/1807 2166/2/1807
f 2275/2/2471 2173/2/2471 2276/2/2471
f 2277/2/2431 2172/2/2524 2276/2/2525
f 2276/2/2526 2279/2/2526 2277/2/2527
f 2277/2/1621 2272/2/1621 2278/2/1621
f 2277/2/453 2273/2/453 2274/2/453
f 2280/2/2090 2172/2/1740 2278/2/2091
f 2281/2/2528 2279/2/1743 2173/2/1939
f 2281/2/1807 2178/2/1807 2172/2/1807
f 2281/2/2471 2179/2/2471 2282/2/2471
f 2283/2/2529 2178/2/2273 2282/2/2530
f 2283/2/2531 2179/2/2532 2285/2/1946
f 2283/2/1621 2278/2/1621 2284/2/1621
f 2283/2/453 2279/2/1653 2280/2/1653
f 2287/2/2533 2284/2/2534 2286/2/1753
f 2287/2/1754 2285/2/1755 2179/2/1754
f 2287/2/1807 2184/2/1807 2178/2/1807
f 2287/2/2471 2185/2/2471 2288/2/2471
f 2289/2/1756 2184/2/1757 2288/2/1954
f 2289/2/1956 2185/2/1957 2291/2/1956
f 2289/2/1621 2284/2/1621 2290/2/1621
f 2289/2/453 2285/2/1622 2286/2/1653
f 2293/2/2535 2290/2/2536 2292/2/2537
f 2293/2/1963 2291/2/2180 2185/2/2538
f 2293/2/1807 2190/2/1807 2184/2/1807
f 2293/2/2471 2191/2/2471 2294/2/2471
f 2295/2/1965 2190/2/2452 2294/2/2285
f 2295/2/2184 2191/2/2184 2297/2/1770
f 2295/2/1621 2290/2/1621 2296/2/1621
f 2295/2/453 2291/2/453 2292/2/1653
f 2299/2/2539 2296/2/2289 2298/2/2540
f 2299/2/2460 2297/2/2291 2191/2/1974
f 2299/2/1807 249/2/1807 2190/2/1807
f 2299/2/1988 250/2/1988 2300/2/1988
f 2301/2/1778 249/2/2187 2300/2/2541
f 2301/2/2542 250/2/2542 244/2/2543
f 2301/2/1621 2296/2/1621 243/2/1621
f 2301/2/453 2297/2/1653 2298/2/1653
f 2302/2/2192 88/2/2544 80/2/2192
f 2302/2/1785 89/2/1785 2303/2/2545
f 2304/2/2546 88/2/2547 2303/2/2468
f 2303/2/2548 2201/2/2549 2304/2/1792
f 2304/2/1793 2306/2/1794 2200/2/2303
f 2304/2/2198 2307/2/1600 2305/2/1601
f 2305/2/2550 80/2/2551 2306/2/2552
f 2302/2/2553 2307/2/2554 81/2/2555
f 2308/2/2556 2200/2/2557 2306/2/2206
f 2308/2/2558 2201/2/2559 2309/2/1804
f 2310/2/1614 2200/2/1614 2309/2/1614
f 2310/2/1792 2201/2/1792 2207/2/1792
f 2310/2/2210 2312/2/2210 2206/2/1809
f 2310/2/2560 2313/2/2561 2311/2/2562
f 2308/2/1897 2312/2/1897 2311/2/1897
f 2308/2/453 2313/2/1653 2307/2/453
f 2314/2/2563 2206/2/1816 2312/2/2563
f 2314/2/1818 2207/2/1819 2315/2/1820
f 2316/2/1614 2206/2/1614 2315/2/1614
f 2316/2/1881 2207/2/1881 2213/2/1704
f 2316/2/1822 2318/2/1822 2212/2/1821
f 2316/2/1823 2319/2/2487 2317/2/1632
f 2314/2/1897 2318/2/1897 2317/2/1897
f 2314/2/1653 2319/2/1653 2313/2/1653
f 2320/2/2564 2212/2/1825 2318/2/2488
f 2320/2/1827 2213/2/1828 2321/2/1829
f 2322/2/1614 2212/2/1614 2321/2/1627
f 2322/2/1792 2213/2/1792 2219/2/1792
f 2322/2/1830 2324/2/2220 2218/2/1831
f 2322/2/2221 2325/2/2135 2323/2/2493
f 2320/2/1897 2324/2/1897 2323/2/1897
f 2320/2/453 2325/2/1653 2319/2/453
f 2326/2/2222 2218/2/2565 2324/2/2018
f 2326/2/2223 2219/2/2224 2327/2/2225
f 2328/2/1614 2218/2/1614 2327/2/1627
f 2328/2/1792 2219/2/1881 2225/2/1792
f 2329/2/1650 2224/2/1650 2328/2/1651
f 2328/2/2566 2331/2/2496 2329/2/1846
f 2326/2/1897 2330/2/1897 2329/2/1897
f 2326/2/1653 2331/2/1653 2325/2/1653
f 2332/2/2351 2224/2/2351 2330/2/1847
f 2333/2/2352 2331/2/2567 2225/2/2353
f 2334/2/1614 2224/2/1614 2333/2/1614
f 2334/2/1792 2225/2/1792 2231/2/1792
f 2335/2/2141 2230/2/1852 2334/2/2568
f 2334/2/1855 2337/2/1856 2335/2/2231
f 2332/2/1897 2336/2/1897 2335/2/1897
f 2332/2/1653 2337/2/1653 2331/2/1653
f 2338/2/2359 2230/2/2569 2336/2/2359
f 2339/2/1859 2337/2/1666 2231/2/2233
f 2340/2/1614 2230/2/1614 2339/2/1627
f 2340/2/1792 2231/2/1792 2237/2/1792
f 2341/2/1860 2236/2/1861 2340/2/2234
f 2340/2/2235 2343/2/2236 2341/2/2148
f 2338/2/1897 2342/2/1897 2341/2/1897
f 2338/2/1653 2343/2/1653 2337/2/1653
f 2344/2/1674 2236/2/1674 2342/2/1673
f 2345/2/2238 2343/2/2373 2237/2/1868
f 2346/2/1614 2236/2/1614 2345/2/1614
f 2346/2/1792 2237/2/1792 2243/2/1792
f 2347/2/2239 2242/2/1871 2346/2/2240
f 2346/2/1873 2349/2/2241 2347/2/2570
f 2344/2/1897 2348/2/1897 2347/2/1897
f 2344/2/1653 2349/2/1653 2343/2/1653
f 2350/2/1877 2242/2/1877 2348/2/2243
f 2351/2/1878 2349/2/2244 2243/2/1880
f 2352/2/1614 2242/2/1614 2351/2/1614
f 2352/2/1792 2243/2/1792 2249/2/1792
f 2353/2/1882 2248/2/2510 2352/2/2511
f 2352/2/2387 2355/2/2571 2353/2/2160
f 2350/2/1897 2354/2/1897 2353/2/1897
f 2350/2/1653 2355/2/1622 2349/2/1653
f 2356/2/1888 2248/2/2247 2354/2/1887
f 2357/2/2248 2355/2/2249 2249/2/2250
f 2358/2/2158 2248/2/1614 2357/2/1614
f 2357/2/1881 2255/2/1881 2358/2/1881
f 2359/2/1892 2254/2/1698 2358/2/1893
f 2358/2/1894 2361/2/1895 2359/2/2164
f 2356/2/1897 2360/2/1897 2359/2/1897
f 2359/2/1653 2355/2/1653 2356/2/1653
f 2362/2/2256 2254/2/1899 2360/2/1900
f 2363/2/2572 2361/2/1703 2255/2/1902
f 2363/2/1614 2260/2/1614 2254/2/1614
f 2363/2/1792 2261/2/1792 2364/2/1792
f 2365/2/1903 2260/2/1903 2364/2/1904
f 2364/2/1905 2367/2/2258 2365/2/2259
f 2365/2/1897 2360/2/1897 2366/2/1897
f 2365/2/1653 2361/2/1622 2362/2/453
f 2368/2/1908 2260/2/2573 2366/2/1709
f 2369/2/1911 2367/2/2260 2261/2/1911
f 2369/2/1614 2266/2/1614 2260/2/1614
f 2369/2/1792 2267/2/1792 2370/2/1792
f 2371/2/1913 2266/2/2574 2370/2/2261
f 2370/2/2262 2373/2/2575 2371/2/2170
f 2371/2/1897 2366/2/1897 2372/2/1897
f 2371/2/1653 2367/2/1653 2368/2/1653
f 2374/2/1918 2266/2/2576 2372/2/1719
f 2375/2/2264 2373/2/1921 2267/2/2577
f 2375/2/1627 2272/2/1808 2266/2/1614
f 2375/2/1792 2273/2/1792 2376/2/1792
f 2377/2/2578 2272/2/2579 2376/2/2580
f 2376/2/1925 2379/2/1726 2377/2/1926
f 2377/2/1897 2372/2/1897 2378/2/1897
f 2377/2/1653 2373/2/1653 2374/2/1653
f 2380/2/2581 2272/2/1927 2378/2/2582
f 2381/2/1930 2379/2/2270 2273/2/2583
f 2381/2/2158 2278/2/2208 2272/2/2158
f 2381/2/1792 2279/2/1792 2382/2/1792
f 2383/2/2524 2278/2/2584 2382/2/2525
f 2382/2/2585 2385/2/2586 2383/2/2527
f 2383/2/1897 2378/2/1897 2384/2/1897
f 2383/2/1653 2379/2/1653 2380/2/1653
f 2386/2/1936 2278/2/1936 2384/2/2271
f 2387/2/2272 2385/2/2528 2279/2/1940
f 2387/2/1807 2284/2/1807 2278/2/1807
f 2387/2/1792 2285/2/1792 2388/2/1704
f 2389/2/1941 2284/2/2587 2388/2/1943
f 2389/2/2442 2285/2/2588 2391/2/1946
f 2389/2/1897 2384/2/1897 2390/2/1897
f 2389/2/1653 2385/2/1653 2386/2/1653
f 2393/2/1947 2390/2/1948 2392/2/1949
f 2393/2/1950 2391/2/2589 2285/2/1952
f 2393/2/1807 2290/2/1807 2284/2/1807
f 2393/2/1792 2291/2/1792 2394/2/1792
f 2395/2/1757 2290/2/2278 2394/2/1954
f 2395/2/2279 2291/2/2280 2397/2/2281
f 2395/2/1897 2390/2/1897 2396/2/1897
f 2395/2/1653 2391/2/1653 2392/2/1653
f 2399/2/2590 2396/2/2101 2398/2/2591
f 2399/2/1963 2397/2/1764 2291/2/2450
f 2399/2/1807 2296/2/1807 2290/2/1808
f 2399/2/1792 2297/2/1792 2400/2/1792
f 2401/2/1966 2296/2/2592 2400/2/2593
f 2401/2/1970 2297/2/1968 2403/2/2455
f 2401/2/1897 2396/2/1897 2402/2/1897
f 2401/2/1653 2397/2/453 2398/2/453
f 2405/2/1972 2402/2/2594 2404/2/2595
f 2405/2/1974 2403/2/2291 2297/2/2290
f 2405/2/1807 243/2/1807 2296/2/1807
f 2405/2/1792 244/2/1792 2406/2/1792
f 2407/2/2187 243/2/1978 2406/2/2541
f 2407/2/1981 244/2/1979 238/2/2596
f 2407/2/1876 2402/2/1897 237/2/1876
f 2407/2/1653 2403/2/1653 2404/2/1653
f 2408/2/1783 80/2/1982 69/2/2294
f 2408/2/2597 81/2/2598 2409/2/2599
f 2410/2/2600 80/2/2601 2409/2/1594
f 2409/2/2602 2307/2/2603 2410/2/1704
f 2410/2/2304 2412/2/2472 2306/2/1598
f 2410/2/2604 2413/2/2605 2411/2/2606
f 2411/2/2607 69/2/2608 2412/2/2609
f 2408/2/2610 2413/2/2611 70/2/2612
f 2414/2/1608 2306/2/1608 2412/2/2613
f 2414/2/2614 2307/2/2559 2415/2/2615
f 2416/2/1627 2306/2/1614 2415/2/1614
f 2416/2/1988 2307/2/1988 2313/2/1988
f 2416/2/2616 2418/2/2617 2312/2/2618
f 2416/2/2001 2419/2/2619 2417/2/2620
f 2414/2/2324 2418/2/2324 2417/2/2324
f 2414/2/482 2419/2/482 2413/2/482
f 2420/2/2004 2312/2/2005 2418/2/2214
f 2420/2/1818 2313/2/2326 2421/2/2327
f 2422/2/1627 2312/2/1614 2421/2/1614
f 2422/2/1988 2313/2/1988 2319/2/1988
f 2422/2/2328 2424/2/2329 2318/2/1630
f 2422/2/2330 2425/2/2331 2423/2/2332
f 2420/2/2324 2424/2/2324 2423/2/2324
f 2420/2/482 2425/2/482 2419/2/2061
f 2426/2/2333 2318/2/2334 2424/2/2621
f 2426/2/2622 2319/2/2219 2427/2/2623
f 2428/2/1627 2318/2/1614 2427/2/1614
f 2428/2/1988 2319/2/1988 2325/2/1988
f 2428/2/2624 2430/2/2336 2324/2/1830
f 2428/2/2337 2431/2/2338 2429/2/2625
f 2426/2/2324 2430/2/2324 2429/2/2324
f 2426/2/482 2431/2/482 2425/2/482
f 2432/2/2222 2324/2/2626 2430/2/1835
f 2432/2/1837 2325/2/2627 2433/2/2628
f 2434/2/1614 2324/2/1614 2433/2/1614
f 2434/2/2471 2325/2/1988 2331/2/1988
f 2435/2/2343 2330/2/2629 2434/2/2345
f 2434/2/2346 2437/2/2347 2435/2/2348
f 2432/2/2324 2436/2/2324 2435/2/2324
f 2432/2/482 2437/2/482 2431/2/482
f 2438/2/2630 2330/2/2631 2436/2/1654
f 2439/2/2028 2437/2/2632 2331/2/2498
f 2440/2/1627 2330/2/1614 2439/2/1614
f 2440/2/1988 2331/2/1988 2337/2/1988
f 2441/2/2633 2336/2/2354 2440/2/2634
f 2440/2/2031 2443/2/2031 2441/2/2635
f 2438/2/2324 2442/2/2324 2441/2/2324
f 2438/2/482 2443/2/482 2437/2/482
f 2444/2/2359 2336/2/2360 2442/2/2636
f 2445/2/1859 2443/2/1858 2337/2/2362
f 2446/2/1627 2336/2/1614 2445/2/1614
f 2446/2/1988 2337/2/1988 2343/2/1988
f 2447/2/1860 2342/2/2364 2446/2/2365
f 2446/2/2366 2449/2/2367 2447/2/2368
f 2444/2/2324 2448/2/2324 2447/2/2324
f 2444/2/482 2449/2/482 2443/2/482
f 2450/2/2369 2342/2/2370 2448/2/1867
f 2451/2/2371 2449/2/2372 2343/2/2637
f 2452/2/1614 2342/2/1614 2451/2/1614
f 2452/2/1988 2343/2/1988 2349/2/1988
f 2453/2/2239 2348/2/2374 2452/2/2638
f 2452/2/2376 2455/2/2377 2453/2/2639
f 2450/2/2324 2454/2/2324 2453/2/2324
f 2450/2/482 2455/2/482 2449/2/482
f 2456/2/2379 2348/2/2380 2454/2/2379
f 2457/2/2640 2455/2/2383 2349/2/2384
f 2458/2/1627 2348/2/1627 2457/2/1627
f 2458/2/1988 2349/2/1988 2355/2/1988
f 2459/2/2641 2354/2/2642 2458/2/2643
f 2458/2/2644 2461/2/2645 2459/2/2389
f 2456/2/2324 2460/2/2324 2459/2/2324
f 2456/2/482 2461/2/482 2455/2/482
f 2462/2/2392 2354/2/1889 2460/2/2646
f 2463/2/2393 2461/2/2647 2355/2/2648
f 2464/2/1614 2354/2/1614 2463/2/1614
f 2464/2/1988 2355/2/1988 2361/2/1988
f 2465/2/2649 2360/2/2057 2464/2/2650
f 2464/2/2651 2467/2/2652 2465/2/2653
f 2462/2/2324 2466/2/2324 2465/2/2324
f 2465/2/482 2461/2/482 2462/2/482
f 2468/2/2397 2360/2/2398 2466/2/2399
f 2469/2/2400 2467/2/2401 2361/2/2402
f 2469/2/1627 2366/2/1614 2360/2/1627
f 2469/2/1988 2367/2/1988 2470/2/1988
f 2471/2/2403 2366/2/2404 2470/2/2654
f 2470/2/2406 2473/2/2407 2471/2/2408
f 2471/2/2324 2466/2/2324 2472/2/2324
f 2471/2/482 2467/2/482 2468/2/2061
f 2474/2/1908 2366/2/2409 2472/2/1909
f 2475/2/2410 2473/2/2411 2367/2/2410
f 2475/2/1615 2372/2/1614 2366/2/1615
f 2475/2/1988 2373/2/1988 2476/2/1988
f 2477/2/2412 2372/2/2413 2476/2/2655
f 2476/2/2415 2479/2/2416 2477/2/2417
f 2477/2/2324 2472/2/2324 2478/2/2324
f 2477/2/482 2473/2/482 2474/2/482
f 2480/2/1918 2372/2/2420 2478/2/2421
f 2481/2/2422 2479/2/2423 2373/2/2422
f 2481/2/1627 2378/2/1614 2372/2/1627
f 2481/2/1988 2379/2/1988 2482/2/1988
f 2483/2/2082 2378/2/2081 2482/2/2656
f 2482/2/1925 2485/2/1924 2483/2/2425
f 2483/2/2324 2478/2/2324 2484/2/2324
f 2483/2/482 2479/2/482 2480/2/482
f 2486/2/1929 2378/2/2426 2484/2/1928
f 2487/2/2427 2485/2/2428 2379/2/2429
f 2487/2/1627 2384/2/1614 2378/2/1627
f 2487/2/2471 2385/2/1988 2488/2/1988
f 2489/2/2430 2384/2/2431 2488/2/2657
f 2488/2/2088 2491/2/2433 2489/2/2658
f 2489/2/2324 2484/2/2324 2490/2/2324
f 2489/2/482 2485/2/482 2486/2/482
f 2492/2/1937 2384/2/2659 2490/2/2436
f 2493/2/2437 2491/2/2438 2385/2/1743
f 2493/2/1614 2390/2/1614 2384/2/1614
f 2493/2/2471 2391/2/1988 2494/2/2471
f 2495/2/1941 2390/2/2660 2494/2/2661
f 2495/2/1944 2391/2/2275 2497/2/1945
f 2495/2/2324 2490/2/2324 2496/2/2324
f 2495/2/2662 2491/2/482 2492/2/482
f 2499/2/2663 2496/2/2443 2498/2/2664
f 2499/2/2445 2497/2/2446 2391/2/1755
f 2499/2/1615 2396/2/1614 2390/2/1615
f 2499/2/1988 2397/2/1988 2500/2/1704
f 2501/2/2447 2396/2/2096 2500/2/2448
f 2501/2/2279 2397/2/2281 2503/2/2280
f 2501/2/2324 2496/2/2324 2502/2/2324
f 2501/2/453 2497/2/1653 2498/2/1653
f 2505/2/1762 2502/2/2536 2504/2/2665
f 2505/2/1764 2503/2/2450 2397/2/2666
f 2505/2/1627 2402/2/1614 2396/2/1627
f 2505/2/1988 2403/2/1988 2506/2/1988
f 2507/2/1965 2402/2/2667 2506/2/2454
f 2507/2/2456 2403/2/2668 2509/2/1968
f 2507/2/2324 2502/2/2324 2508/2/2324
f 2507/2/2662 2503/2/434 2504/2/434
f 2511/2/2669 2508/2/2670 2510/2/2671
f 2511/2/1975 2509/2/1976 2403/2/2113
f 2511/2/1615 237/2/1614 2402/2/1615
f 2511/2/1988 238/2/1988 2512/2/1988
f 2513/2/2672 237/2/2461 2512/2/2673
f 2513/2/2543 238/2/2674 231/2/2542
f 2513/2/2324 2508/2/2324 227/2/2324
f 2513/2/434 2509/2/434 2510/2/434
f 2514/2/1982 69/2/2465 72/2/1982
f 2514/2/1590 70/2/1590 2515/2/1591
f 2516/2/2675 69/2/2676 2515/2/2677
f 2515/2/2678 2413/2/2679 2516/2/2471
f 2516/2/1989 2518/2/2680 2412/2/2681
f 2520/2/2682 2516/2/2683 2413/2/2198
f 2517/2/2684 72/2/2685 2518/2/2686
f 2514/2/2687 2520/2/2688 2522/2/2689
f 2523/2/1998 2412/2/1803 2518/2/2690
f 2523/2/1611 2519/2/2691 2413/2/1612
f 2526/2/1807 2412/2/1807 2524/2/1807
f 2526/2/2471 2413/2/1647 2419/2/1647
f 2526/2/2692 2528/2/1617 2418/2/2693
f 2530/2/1813 2526/2/2561 2419/2/2561
f 2523/2/2694 2528/2/2695 2527/2/2695
f 2523/2/1653 2530/2/1653 2525/2/1653
f 2531/2/2696 2418/2/2004 2528/2/2697
f 2531/2/2216 2529/2/2698 2419/2/1626
f 2534/2/1807 2418/2/1807 2532/2/1808
f 2534/2/2471 2419/2/2471 2425/2/2471
f 2534/2/2699 2536/2/2700 2424/2/2701
f 2538/2/2702 2534/2/2487 2425/2/2487
f 2531/2/2695 2536/2/2695 2535/2/2695
f 2531/2/1653 2538/2/1653 2533/2/1653
f 2539/2/2703 2424/2/2564 2536/2/2704
f 2539/2/2705 2537/2/2489 2425/2/2490
f 2542/2/1807 2424/2/1807 2540/2/1807
f 2542/2/2471 2425/2/2471 2431/2/2471
f 2542/2/2014 2544/2/2133 2430/2/2492
f 2546/2/2706 2542/2/2707 2431/2/2221
f 2539/2/2695 2544/2/2695 2543/2/2695
f 2539/2/1653 2546/2/1653 2541/2/1653
f 2547/2/2019 2430/2/2018 2544/2/2708
f 2547/2/2709 2545/2/2709 2431/2/2494
f 2550/2/2158 2430/2/2208 2548/2/2209
f 2550/2/2471 2431/2/2471 2437/2/2471
f 2551/2/2710 2436/2/2023 2550/2/1651
f 2554/2/2711 2550/2/1845 2437/2/2566
f 2547/2/2695 2552/2/2695 2551/2/2695
f 2547/2/1653 2554/2/1653 2549/2/1653
f 2555/2/2027 2436/2/2351 2552/2/2712
f 2555/2/1656 2553/2/2713 2437/2/1656
f 2558/2/2208 2436/2/2158 2556/2/2714
f 2558/2/2471 2437/2/2471 2443/2/2471
f 2559/2/2715 2442/2/2716 2558/2/2229
f 2562/2/2717 2558/2/2718 2443/2/1856
f 2555/2/2694 2560/2/2694 2559/2/2694
f 2555/2/1653 2562/2/1653 2557/2/1653
f 2563/2/2035 2442/2/2499 2560/2/2719
f 2563/2/1859 2561/2/2720 2443/2/2721
f 2566/2/1807 2442/2/1807 2564/2/1807
f 2566/2/2471 2443/2/2471 2449/2/2471
f 2567/2/2722 2448/2/2723 2566/2/2234
f 2570/2/2147 2566/2/2724 2449/2/2235
f 2563/2/2694 2568/2/2694 2567/2/2694
f 2563/2/1653 2570/2/1653 2565/2/1653
f 2571/2/1675 2448/2/2237 2568/2/2725
f 2571/2/1869 2569/2/2726 2449/2/2727
f 2574/2/1807 2448/2/1807 2572/2/1807
f 2574/2/1988 2449/2/2471 2455/2/1988
f 2575/2/2374 2454/2/2239 2574/2/2240
f 2578/2/1680 2574/2/2728 2455/2/2376
f 2571/2/1897 2576/2/1897 2575/2/2324
f 2571/2/1653 2578/2/1653 2573/2/1653
f 2579/2/2046 2454/2/2729 2576/2/2730
f 2579/2/1684 2577/2/2731 2455/2/1684
f 2582/2/1807 2454/2/1808 2580/2/1808
f 2582/2/2471 2455/2/2471 2461/2/2471
f 2583/2/2732 2460/2/2048 2582/2/1883
f 2586/2/2733 2582/2/2387 2461/2/1884
f 2579/2/2694 2584/2/2694 2583/2/2694
f 2579/2/1653 2586/2/1653 2581/2/1653
f 2587/2/2734 2460/2/1889 2584/2/2735
f 2587/2/2249 2585/2/2736 2461/2/2249
f 2588/2/1807 2466/2/1807 2460/2/1807
f 2588/2/2471 2467/2/2471 2590/2/2471
f 2591/2/2737 2466/2/2057 2590/2/1893
f 2594/2/2738 2590/2/2651 2467/2/2651
f 2591/2/1876 2584/2/1876 2592/2/1897
f 2587/2/1653 2594/2/1653 2589/2/1653
f 2595/2/2166 2466/2/2062 2592/2/2739
f 2595/2/2740 2593/2/2741 2467/2/2742
f 2596/2/1807 2472/2/1807 2466/2/1807
f 2596/2/1988 2473/2/1988 2598/2/1767
f 2599/2/2743 2472/2/2068 2598/2/2744
f 2602/2/2745 2598/2/2406 2473/2/2258
f 2599/2/2694 2592/2/2694 2600/2/2694
f 2599/2/1653 2597/2/1653 2595/2/1653
f 2603/2/2409 2472/2/1908 2600/2/2072
f 2603/2/2169 2601/2/2746 2473/2/2260
f 2604/2/1807 2478/2/1807 2472/2/1807
f 2604/2/1767 2479/2/1988 2606/2/1767
f 2607/2/2747 2478/2/2748 2606/2/2261
f 2610/2/2749 2606/2/2575 2479/2/2416
f 2607/2/2694 2600/2/2694 2608/2/2694
f 2607/2/1653 2605/2/1653 2603/2/1653
f 2611/2/2079 2478/2/2750 2608/2/2751
f 2611/2/1722 2609/2/2752 2479/2/2265
f 2612/2/2208 2484/2/2158 2478/2/2208
f 2612/2/1767 2485/2/1988 2614/2/1767
f 2615/2/1723 2484/2/2521 2614/2/2267
f 2618/2/2753 2614/2/2522 2485/2/2754
f 2615/2/2694 2608/2/2694 2616/2/2694
f 2613/2/1653 2615/2/1653 2618/2/1653
f 2619/2/2755 2484/2/2269 2616/2/2756
f 2619/2/1731 2617/2/2757 2485/2/1931
f 2620/2/1807 2490/2/1807 2484/2/1807
f 2620/2/2471 2491/2/2471 2622/2/2471
f 2623/2/2758 2490/2/2524 2622/2/2525
f 2623/2/2585 2491/2/1735 2626/2/2759
f 2623/2/2694 2616/2/2694 2624/2/2694
f 2621/2/1653 2623/2/1653 2625/2/1653
f 2627/2/2091 2490/2/2090 2624/2/2760
f 2627/2/1743 2626/2/2761 2491/2/2528
f 2628/2/1807 2496/2/1807 2490/2/1807
f 2628/2/2471 2497/2/2471 2630/2/2471
f 2631/2/2762 2496/2/1941 2630/2/1943
f 2631/2/2763 2497/2/2764 2634/2/2765
f 2631/2/2694 2624/2/2694 2632/2/2694
f 2631/2/1653 2629/2/1653 2627/2/1653
f 2636/2/2094 2632/2/2766 2635/2/2767
f 2635/2/2768 2634/2/2769 2497/2/2770
f 2636/2/1807 2502/2/1807 2496/2/1807
f 2636/2/1647 2503/2/1767 2638/2/1881
f 2639/2/2771 2502/2/1756 2638/2/1954
f 2639/2/1957 2503/2/1957 2642/2/2772
f 2639/2/2694 2632/2/2694 2640/2/2694
f 2639/2/1653 2637/2/1653 2635/2/1653
f 2644/2/2773 2640/2/2536 2643/2/2774
f 2643/2/2775 2642/2/2776 2503/2/2181
f 2644/2/2208 2508/2/2208 2502/2/2208
f 2644/2/1881 2509/2/1881 2646/2/1881
f 2647/2/2106 2508/2/1965 2646/2/2593
f 2647/2/2109 2509/2/2777 2650/2/2778
f 2647/2/2694 2640/2/2694 2648/2/2694
f 2645/2/1653 2647/2/1653 2649/2/1653
f 2652/2/2110 2648/2/1772 2651/2/2779
f 2651/2/2291 2650/2/2780 2509/2/2781
f 2652/2/1807 227/2/1807 2508/2/1807
f 2652/2/1767 231/2/1647 2654/2/1647
f 2655/2/2782 227/2/2187 2654/2/2783
f 2655/2/2542 231/2/2189 230/2/2784
f 2655/2/2694 2648/2/2694 228/2/2694
f 2653/2/1653 2655/2/1653 2656/2/1653
f 2657/2/2785 54/2/2786 58/2/2785
f 2658/2/2787 60/2/2295 59/2/2788
f 2661/2/2789 54/2/2790 2658/2/2791
f 2664/2/2792 2658/2/2793 2665/2/2794
f 2661/2/2795 2667/2/1989 1529/2/1989
f 2660/2/1990 1530/2/1990 2667/2/1990
f 2667/2/2796 58/2/2797 1529/2/2798
f 2657/2/2799 1530/2/2800 60/2/2801
f 2668/2/2802 2670/2/1997 2666/2/1997
f 2668/2/2803 2664/2/1999 2669/2/1612
f 2670/2/1615 2671/2/1615 2672/2/1615
f 2671/2/1704 2664/2/1988 2673/2/1704
f 2672/2/2804 2675/2/2319 1537/2/2319
f 2671/2/2805 1538/2/2805 2675/2/2806
f 2668/2/1897 1537/2/2324 2675/2/1897
f 2668/2/41 1538/2/41 1530/2/41
f 2676/2/2696 2678/2/2696 2674/2/2696
f 2676/2/2807 2673/2/2807 2677/2/2807
f 2678/2/1615 2679/2/1615 2680/2/1615
f 2679/2/1704 2673/2/1988 2681/2/1704
f 2680/2/2808 2683/2/2809 1545/2/2809
f 2679/2/2330 1546/2/2330 2683/2/2810
f 2676/2/1621 1545/2/1621 2683/2/1621
f 2676/2/41 1546/2/41 1538/2/41
f 2684/2/1825 2686/2/2811 2682/2/2812
f 2684/2/2012 2681/2/2012 2685/2/2013
f 2686/2/1615 2687/2/1615 2688/2/1615
f 2687/2/1704 2681/2/1704 2689/2/1704
f 2688/2/2813 2691/2/2813 1553/2/2814
f 2687/2/2815 1554/2/2815 2691/2/2815
f 2684/2/1621 1553/2/1621 2691/2/1621
f 2684/2/41 1554/2/41 1546/2/41
f 2692/2/2626 2694/2/2019 2690/2/2816
f 2692/2/2817 2689/2/2818 2693/2/2020
f 2694/2/1615 2695/2/1615 2696/2/1615
f 2695/2/1704 2689/2/1988 2697/2/1704
f 2696/2/2024 2699/2/2024 1561/2/2024
f 2695/2/2819 1562/2/2819 2699/2/2820
f 2692/2/1621 1561/2/1621 2699/2/1621
f 2692/2/41 1562/2/41 1554/2/41
f 2700/2/2631 2702/2/2821 2698/2/2822
f 2701/2/2028 1562/2/2028 2697/2/2028
f 2702/2/1808 2703/2/1808 2704/2/1808
f 2703/2/1704 2697/2/1988 2705/2/1704
f 2704/2/2029 2707/2/2029 1569/2/2715
f 2703/2/2031 1570/2/2032 2707/2/2033
f 2700/2/1621 1569/2/1621 2707/2/1621
f 2700/2/41 1570/2/41 1562/2/41
f 2708/2/2360 2710/2/2823 2706/2/2824
f 2709/2/2825 1570/2/2825 2705/2/2825
f 2710/2/1615 2711/2/1615 2712/2/1615
f 2711/2/1704 2705/2/1988 2713/2/1704
f 2712/2/2500 2715/2/2826 1577/2/2826
f 2711/2/1863 1578/2/1863 2715/2/1864
f 2708/2/1621 1577/2/1621 2715/2/1621
f 2708/2/41 1578/2/2418 1570/2/41
f 2716/2/1673 2718/2/2725 2714/2/2725
f 2717/2/2039 1578/2/2039 2713/2/2039
f 2718/2/1615 2719/2/1615 2720/2/1615
f 2719/2/1704 2713/2/1988 2721/2/1704
f 2720/2/2506 2723/2/2506 1585/2/2827
f 2719/2/2828 1586/2/2828 2723/2/2828
f 2716/2/1621 1585/2/1621 2723/2/1621
f 2716/2/41 1586/2/41 1578/2/2061
f 2724/2/2046 2726/2/2829 2722/2/2830
f 2725/2/1880 1586/2/1880 2721/2/1880
f 2726/2/1615 2727/2/1615 2728/2/1615
f 2727/2/1988 2721/2/1988 2729/2/1988
f 2728/2/2048 2731/2/2048 1593/2/2048
f 2727/2/2050 1594/2/2051 2731/2/2051
f 2724/2/1621 1593/2/1621 2731/2/1621
f 2724/2/41 1594/2/41 1586/2/41
f 2732/2/1693 2734/2/1693 2730/2/2734
f 2733/2/2054 1594/2/2055 2729/2/2054
f 2733/2/1615 2736/2/1615 2734/2/1615
f 2733/2/1704 2737/2/1704 2735/2/1704
f 2736/2/2831 2739/2/2057 1601/2/2057
f 2735/2/2059 1602/2/2059 2739/2/2059
f 2732/2/1621 1601/2/1621 2739/2/1621
f 2732/2/41 1602/2/41 1594/2/41
f 2740/2/2398 2742/2/2832 2738/2/2833
f 2741/2/2064 1602/2/2065 2737/2/2064
f 2741/2/1615 2744/2/1615 2742/2/1615
f 2741/2/1704 2745/2/1704 2743/2/1704
f 2744/2/2067 2747/2/2066 1609/2/2066
f 2743/2/2069 1610/2/2069 2747/2/2069
f 2747/2/1621 1601/2/1621 1609/2/1621
f 2747/2/41 1602/2/41 2740/2/41
f 2748/2/1709 2750/2/1709 2746/2/1709
f 2749/2/2073 1610/2/2074 2745/2/2073
f 2749/2/1615 2752/2/1615 2750/2/1615
f 2749/2/1704 2753/2/1988 2751/2/1988
f 2752/2/2834 2755/2/2413 1617/2/2835
f 2751/2/2077 1618/2/2836 2755/2/2836
f 2755/2/1621 1609/2/1621 1617/2/1621
f 2755/2/41 1610/2/41 2748/2/2418
f 2756/2/2420 2758/2/2837 2754/2/2838
f 2757/2/2577 1618/2/1921 2753/2/2577
f 2757/2/1615 2760/2/1615 2758/2/1615
f 2757/2/1988 2761/2/1988 2759/2/1704
f 2760/2/2839 2763/2/2081 1625/2/2081
f 2759/2/2840 1626/2/2840 2763/2/2841
f 2763/2/1621 1617/2/1621 1625/2/1621
f 2763/2/41 1618/2/41 2756/2/41
f 2764/2/2755 2766/2/2842 2762/2/2756
f 2765/2/2843 1626/2/2843 2761/2/2843
f 2765/2/2158 2768/2/1615 2766/2/1766
f 2765/2/1704 2769/2/1988 2767/2/1988
f 2768/2/2844 2771/2/2087 1633/2/2087
f 2767/2/2088 1634/2/2088 2771/2/2088
f 2771/2/1621 1625/2/1621 1633/2/1621
f 2771/2/41 1626/2/41 2764/2/41
f 2772/2/2091 2774/2/2760 2770/2/2845
f 2773/2/2092 1634/2/2092 2769/2/2092
f 2773/2/1766 2776/2/1615 2774/2/2158
f 2773/2/1988 2777/2/1704 2775/2/1704
f 2778/2/2846 2775/2/2847 2780/2/2848
f 2779/2/2849 2777/2/2850 1642/2/2849
f 2779/2/1897 1633/2/1897 1641/2/2324
f 2779/2/41 1634/2/41 2772/2/41
f 2778/2/2851 1641/2/2766 2782/2/2852
f 2782/2/2445 1642/2/2445 2777/2/2445
f 2782/2/1615 2785/2/1615 2783/2/1615
f 2782/2/1704 2786/2/1988 2784/2/1988
f 2787/2/2853 2784/2/2096 2789/2/2854
f 2788/2/2098 2786/2/2098 1650/2/2100
f 2788/2/1621 1641/2/1621 1649/2/1621
f 2788/2/41 1642/2/41 2781/2/2418
f 2787/2/2855 2789/2/2856 2790/2/2857
f 2791/2/2104 1650/2/2104 2786/2/2104
f 2791/2/1615 2794/2/1615 2792/2/1615
f 2791/2/1988 2795/2/1704 2793/2/1704
f 2796/2/2858 2793/2/2859 1657/2/2106
f 2797/2/2860 2795/2/2860 1658/2/2860
f 2797/2/1621 1649/2/1621 1657/2/1621
f 2797/2/482 1650/2/1815 2790/2/1815
f 2796/2/2861 2798/2/2862 2799/2/2863
f 2800/2/2292 1658/2/2864 2795/2/2865
f 2800/2/2158 2803/2/2158 2801/2/1615
f 2800/2/1988 22/2/1988 2802/2/1988
f 2803/2/2462 2804/2/2462 16/2/2462
f 2804/2/2866 22/2/2866 21/2/2866
f 2804/2/2324 1657/2/1897 16/2/2324
f 2804/2/41 1658/2/482 2799/2/41
f 2806/1/943 374/1/2867 2805/1/2868
f 2806/1/696 377/1/696 2808/1/946
f 2809/1/2869 2807/1/2870 2806/1/699
f 2812/1/2871 2806/1/2872 2808/1/2873
f 2813/1/2874 2810/1/2874 2809/1/2875
f 380/1/2876 2809/1/1119 2812/1/2877
f 2813/1/2878 374/1/2879 379/1/2880
f 2805/1/2881 380/1/2882 377/1/2883
f 2816/1/2884 379/1/2884 2815/1/2884
f 2817/1/2885 2815/1/713 380/1/713
f 2816/1/714 2819/1/965 2810/1/714
f 2820/1/702 2816/1/702 2817/1/702
f 2821/1/1227 2819/1/1129 2818/1/1129
f 388/1/717 2818/1/717 2820/1/2886
f 2821/1/864 379/1/864 387/1/864
f 2821/1/1443 380/1/1443 2815/1/1443
f 2824/1/720 387/1/720 2823/1/2887
f 2825/1/2888 2823/1/1310 388/1/1310
f 2824/1/965 2827/1/965 2819/1/965
f 2828/1/702 2824/1/702 2825/1/702
f 2829/1/1311 2827/1/1311 2826/1/1311
f 396/1/727 2826/1/2889 2828/1/2890
f 2829/1/864 387/1/864 395/1/864
f 2829/1/1443 388/1/1443 2823/1/1443
f 2832/1/2891 395/1/2891 2831/1/2891
f 2833/1/2892 2831/1/1313 396/1/1313
f 2832/1/965 2835/1/965 2827/1/965
f 2836/1/702 2832/1/702 2833/1/702
f 2837/1/2893 2835/1/2893 2834/1/1234
f 404/1/876 2834/1/732 2836/1/2894
f 2837/1/864 395/1/864 403/1/864
f 2837/1/1443 396/1/1443 2831/1/1443
f 2840/1/734 403/1/734 2839/1/734
f 2841/1/2895 2839/1/1131 404/1/1131
f 2840/1/965 2843/1/965 2835/1/965
f 2844/1/702 2840/1/702 2841/1/702
f 2842/1/994 411/1/2896 2843/1/994
f 412/1/2897 2842/1/2897 2844/1/1349
f 2845/1/864 403/1/864 411/1/864
f 2845/1/1443 404/1/1443 2839/1/1443
f 2848/1/1132 411/1/1132 2847/1/2898
f 2849/1/2899 2847/1/2900 412/1/2900
f 2848/1/714 2851/1/714 2843/1/714
f 2852/1/702 2848/1/702 2849/1/702
f 2850/1/1003 419/1/1003 2851/1/1003
f 420/1/1248 2850/1/747 2852/1/2901
f 2853/1/864 411/1/864 419/1/864
f 2853/1/1443 412/1/1443 2847/1/1443
f 2856/1/749 419/1/749 2855/1/2902
f 2856/1/750 420/1/2903 2854/1/2904
f 2856/1/714 2859/1/714 2851/1/714
f 2860/1/702 2856/1/702 2857/1/702
f 2858/1/1255 427/1/2905 2859/1/1254
f 428/1/753 2858/1/753 2860/1/1258
f 2861/1/864 419/1/864 427/1/864
f 2861/1/1443 420/1/1443 2855/1/1443
f 2864/1/2906 427/1/2906 2863/1/2907
f 2864/1/2908 428/1/1136 2862/1/2909
f 2864/1/714 2867/1/714 2859/1/714
f 2868/1/702 2864/1/702 2865/1/702
f 2866/1/1019 435/1/2910 2867/1/1019
f 436/1/2911 2866/1/2911 2868/1/2912
f 2869/1/864 427/1/864 435/1/864
f 2869/1/1443 428/1/1443 2863/1/1443
f 2872/1/890 435/1/890 2871/1/890
f 2872/1/892 436/1/1318 2870/1/2913
f 2872/1/714 2875/1/714 2867/1/714
f 2876/1/702 2872/1/702 2873/1/702
f 2874/1/1394 443/1/1394 2875/1/2914
f 444/1/895 2874/1/767 2876/1/2915
f 2877/1/864 435/1/864 443/1/864
f 2877/1/1443 436/1/1443 2871/1/1443
f 2880/1/1506 443/1/1506 2879/1/1504
f 2880/1/2916 444/1/770 2878/1/2917
f 2882/1/714 2875/1/714 2880/1/714
f 2882/1/702 2881/1/702 2884/1/702
f 2882/1/1398 451/1/1398 2883/1/1398
f 452/1/772 2882/1/772 2884/1/1355
f 2885/1/864 443/1/864 451/1/864
f 2885/1/1443 444/1/1443 2879/1/1443
f 2888/1/2918 451/1/2918 2887/1/2919
f 2888/1/1358 452/1/1358 2886/1/2920
f 2890/1/714 2883/1/714 2888/1/714
f 2890/1/702 2889/1/702 2892/1/702
f 2890/1/2921 459/1/2921 2891/1/2921
f 460/1/780 2890/1/2922 2892/1/2923
f 2887/1/864 459/1/864 2893/1/864
f 2887/1/1443 460/1/1443 452/1/1443
f 2896/1/1053 459/1/1143 2895/1/781
f 2896/1/2924 460/1/1524 2894/1/2925
f 2898/1/714 2891/1/714 2896/1/714
f 2898/1/702 2897/1/702 2900/1/702
f 2898/1/1060 467/1/1060 2899/1/1060
f 468/1/910 2898/1/786 2900/1/2926
f 2895/1/864 467/1/864 2901/1/864
f 2895/1/1443 468/1/1443 460/1/1443
f 2904/1/1268 467/1/2927 2903/1/2927
f 2904/1/789 468/1/789 2902/1/1538
f 2906/1/714 2899/1/714 2904/1/714
f 2906/1/702 2905/1/702 2908/1/702
f 2906/1/792 475/1/792 2907/1/1068
f 476/1/2928 2906/1/1322 2908/1/2929
f 2903/1/864 475/1/864 2909/1/864
f 2903/1/1443 476/1/1443 468/1/1443
f 2912/1/915 475/1/915 2911/1/915
f 2912/1/917 476/1/799 2910/1/2930
f 2914/1/714 2907/1/714 2912/1/714
f 2914/1/702 2913/1/702 2916/1/702
f 2914/1/1076 483/1/1200 2915/1/1076
f 484/1/803 2914/1/804 2916/1/2931
f 2911/1/864 483/1/864 2917/1/864
f 2911/1/1443 484/1/1443 476/1/1443
f 2920/1/2932 483/1/2933 2919/1/2933
f 2920/1/2934 484/1/2934 2918/1/2935
f 2922/1/714 2915/1/714 2920/1/714
f 2922/1/702 2921/1/702 2924/1/702
f 2922/1/810 491/1/810 2923/1/810
f 492/1/1147 2922/1/1147 2924/1/2936
f 2919/1/864 491/1/864 2925/1/864
f 2919/1/693 492/1/693 484/1/693
f 2927/1/2937 2923/1/2937 491/1/2937
f 2928/1/2938 492/1/1286 2926/1/2939
f 2930/1/714 2923/1/714 2928/1/714
f 2930/1/702 2929/1/702 2932/1/702
f 2930/1/1091 499/1/1091 2931/1/1091
f 500/1/818 2930/1/1364 2932/1/2940
f 2927/1/864 499/1/864 2933/1/864
f 2927/1/21 500/1/21 492/1/21
f 2935/1/1207 2931/1/1207 499/1/1207
f 2936/1/931 500/1/823 2934/1/2941
f 2938/1/714 2931/1/714 2936/1/714
f 2938/1/702 2937/1/702 2940/1/702
f 2938/1/824 507/1/824 2939/1/1292
f 508/1/828 2938/1/829 2940/1/2942
f 2935/1/864 507/1/864 2941/1/864
f 2935/1/21 508/1/21 500/1/21
f 2943/1/1101 2939/1/1101 507/1/1101
f 2944/1/1153 508/1/831 2942/1/2943
f 2946/1/714 2939/1/714 2944/1/714
f 2946/1/702 2945/1/702 2947/1/702
f 2946/1/938 4/1/938 3/1/938
f 6/1/834 2946/1/834 2947/1/2944
f 2943/1/864 4/1/864 2948/1/864
f 2943/1/21 6/1/21 508/1/21
f 2950/10/2945 309/1/2946 2949/1/2947
f 2949/1/2948 2952/10/2949 2950/10/2950
f 2953/10/2951 2951/10/2951 2950/10/2951
f 2953/10/2952 2952/10/2952 2955/10/2953
f 2953/10/2954 295/1/2955 2954/10/2956
f 2956/1/2957 2955/10/2958 296/1/2959
f 2949/1/2960 295/1/2961 2956/1/2962
f 2949/1/2963 296/1/2964 310/1/2963
f 2957/10/2965 2959/11/2965 2951/10/2965
f 2957/10/2950 2960/11/2950 2958/11/2950
f 2961/11/2966 2959/11/2967 2958/11/2968
f 2961/11/2969 2960/11/2970 2963/11/2971
f 2961/11/2972 2954/10/2972 2962/11/2972
f 2961/11/296 2955/10/296 2964/10/296
f 2957/10/2973 2954/10/2973 2964/10/2973
f 2957/10/2974 2955/10/2974 2952/10/2974
f 2965/11/2965 2967/12/2965 2959/11/2965
f 2965/11/2950 2968/12/2950 2966/12/2950
f 2969/12/2975 2967/12/2976 2966/12/2977
f 2969/12/2978 2968/12/2978 2971/12/2978
f 2969/12/2972 2962/11/2972 2970/12/2972
f 2969/12/296 2963/11/296 2972/11/296
f 2965/11/2979 2962/11/2980 2972/11/2980
f 2965/11/2981 2963/11/2981 2960/11/2982
f 2973/12/2965 2975/13/2965 2967/12/2965
f 2973/12/2950 2976/13/2950 2974/13/2950
f 2977/13/2983 2975/13/2983 2974/13/2984
f 2977/13/2985 2976/13/2986 2979/13/2985
f 2977/13/2972 2970/12/2972 2978/13/2972
f 2977/13/296 2971/12/296 2980/12/296
f 2973/12/2987 2970/12/2988 2980/12/2989
f 2973/12/2990 2971/12/2991 2968/12/2990
f 2981/13/2965 2983/14/2965 2975/13/2965
f 2981/13/2950 2984/14/2950 2982/14/2992
f 2985/14/2993 2983/14/2993 2982/14/2993
f 2985/14/2994 2984/14/2994 2987/14/2994
f 2985/14/2972 2978/13/2972 2986/14/2972
f 2985/14/296 2979/13/296 2988/13/296
f 2981/13/2995 2978/13/2996 2988/13/2996
f 2981/13/2997 2979/13/2998 2976/13/2999
f 2989/14/2965 2991/15/2965 2983/14/2965
f 2989/14/2950 2992/15/2950 2990/15/2950
f 2993/15/3000 2991/15/3001 2990/15/3002
f 2993/15/3003 2992/15/3003 2995/15/3004
f 2993/15/2972 2986/14/2972 2994/15/2972
f 2993/15/296 2987/14/296 2996/14/296
f 2989/14/3005 2986/14/3005 2996/14/3005
f 2989/14/3006 2987/14/3006 2984/14/3007
f 2998/16/2965 2991/15/2965 2997/15/2965
f 2997/15/2950 3000/16/2950 2998/16/2950
f 2998/16/3008 3002/16/3009 2999/16/3008
f 2998/16/3010 3003/16/3010 3001/16/3010
f 3001/16/2972 2994/15/2972 3002/16/2972
f 3001/16/296 2995/15/296 3004/15/296
f 2997/15/3011 2994/15/3012 3004/15/3013
f 2997/15/3014 2995/15/3014 2992/15/3014
f 3006/17/2965 2999/16/2965 3005/16/2965
f 3006/17/2950 3000/16/2950 3008/17/2950
f 3006/17/3015 3010/17/3016 3007/17/3015
f 3006/17/3017 3011/17/3017 3009/17/3018
f 3012/16/2972 3010/17/2972 3009/17/2972
f 3012/16/296 3011/17/296 3003/16/296
f 3012/16/3019 2999/16/3019 3002/16/3020
f 3012/16/3021 3000/16/3021 3005/16/3022
f 3014/18/2965 3007/17/2965 3013/17/2965
f 3014/18/2950 3008/17/2950 3016/18/2950
f 3014/18/3023 3018/18/3024 3015/18/3023
f 3014/18/3025 3019/18/3025 3017/18/3026
f 3020/17/2972 3018/18/2972 3017/18/2972
f 3020/17/296 3019/18/296 3011/17/296
f 3020/17/3027 3007/17/3027 3010/17/3028
f 3020/17/3029 3008/17/3030 3013/17/3031
f 3022/19/2965 3015/18/2965 3021/18/2965
f 3022/19/2992 3016/18/2950 3024/19/2992
f 3022/19/3032 3026/19/3033 3023/19/3034
f 3022/19/3035 3027/19/3036 3025/19/3037
f 3028/18/2972 3026/19/2972 3025/19/2972
f 3028/18/296 3027/19/296 3019/18/296
f 3028/18/3038 3015/18/3039 3018/18/3040
f 3028/18/3041 3016/18/3042 3021/18/3042
f 3030/20/2965 3023/19/2965 3029/19/2965
f 3030/20/2950 3024/19/2950 3032/20/2950
f 3030/20/3043 3034/20/3043 3031/20/3044
f 3030/20/3045 3035/20/3046 3033/20/3047
f 3036/19/2972 3034/20/2972 3033/20/2972
f 3036/19/296 3035/20/296 3027/19/296
f 3036/19/3048 3023/19/3049 3026/19/3050
f 3036/19/3051 3024/19/3052 3029/19/3053
f 3038/3/2965 3031/20/2965 3037/20/2965
f 3038/3/2950 3032/20/2950 220/3/2950
f 3038/3/3054 34/3/3054 219/3/3054
f 3038/3/3055 35/3/3056 3039/3/3057
f 3040/20/2972 34/3/2972 3039/3/2972
f 3040/20/296 35/3/296 3035/20/296
f 3040/20/3058 3031/20/3059 3034/20/3060
f 3040/20/3061 3032/20/3062 3037/20/3063
f 3042/10/3064 317/1/3065 3041/1/3066
f 3041/1/3067 3044/10/3068 3042/10/3069
f 3045/10/3070 3043/10/3070 3042/10/3071
f 3045/10/2953 3044/10/3072 2952/10/2953
f 3045/10/3073 309/1/3074 2951/10/3075
f 3046/1/3076 2952/10/3077 310/1/3078
f 3041/1/3079 309/1/3080 3046/1/3081
f 3041/1/3082 310/1/3082 318/1/3082
f 3047/10/3083 3049/11/3083 3043/10/3083
f 3047/10/3069 3050/11/3069 3048/11/3069
f 3051/11/3084 3049/11/2967 3048/11/3085
f 3051/11/2969 3050/11/2969 2960/11/3086
f 3051/11/3087 2951/10/3087 2959/11/3087
f 3051/11/296 2952/10/296 3052/10/296
f 3047/10/3088 2951/10/3088 3052/10/3089
f 3047/10/3090 2952/10/3090 3044/10/3090
f 3053/11/3083 3055/12/3083 3049/11/3083
f 3053/11/3069 3056/12/3069 3054/12/3069
f 3057/12/2975 3055/12/2975 3054/12/3091
f 3057/12/3092 3056/12/3093 2968/12/3094
f 3057/12/3087 2959/11/3087 2967/12/3087
f 3057/12/296 2960/11/296 3058/11/296
f 3053/11/3095 2959/11/3096 3058/11/2980
f 3053/11/2982 2960/11/2981 3050/11/3097
f 3059/12/3083 3061/13/3083 3055/12/3083
f 3059/12/3069 3062/13/3069 3060/13/3069
f 3063/13/3098 3061/13/3098 3060/13/3099
f 3063/13/3100 3062/13/3101 2976/13/3100
f 3063/13/3087 2967/12/3087 2975/13/3087
f 3063/13/296 2968/12/296 3064/12/296
f 3059/12/2988 2967/12/3102 3064/12/3103
f 3059/12/3104 2968/12/2990 3056/12/3105
f 3065/13/3083 3067/14/3083 3061/13/3083
f 3065/13/3069 3068/14/3069 3066/14/3069
f 3069/14/3106 3067/14/3106 3066/14/3107
f 3069/14/3108 3068/14/3108 2984/14/3108
f 3069/14/3087 2975/13/3087 2983/14/3087
f 3069/14/296 2976/13/296 3070/13/296
f 3065/13/3109 2975/13/2995 3070/13/2996
f 3065/13/2998 2976/13/2998 3062/13/2998
f 3071/14/3083 3073/15/3083 3067/14/3083
f 3071/14/3069 3074/15/3069 3072/15/3069
f 3075/15/3110 3073/15/3110 3072/15/3110
f 3075/15/3111 3074/15/3112 2992/15/3111
f 3075/15/3087 2983/14/3087 2991/15/3087
f 3075/15/296 2984/14/296 3076/14/296
f 3071/14/3113 2983/14/3113 3076/14/3113
f 3071/14/3114 2984/14/3006 3068/14/3114
f 3078/16/3083 3073/15/3083 3077/15/3115
f 3077/15/3069 3080/16/3069 3078/16/3069
f 3078/16/3116 2999/16/3116 3079/16/3116
f 3078/16/3117 3000/16/3010 3081/16/3010
f 3082/15/3087 2999/16/3087 3081/16/3087
f 3081/16/296 2992/15/296 3082/15/296
f 3077/15/3118 2991/15/3118 3082/15/3013
f 3077/15/3119 2992/15/3014 3074/15/3119
f 3084/17/3083 3079/16/3083 3083/16/3083
f 3084/17/3069 3080/16/3069 3086/17/3069
f 3084/17/3016 3007/17/3016 3085/17/3120
f 3084/17/3017 3008/17/3017 3087/17/3017
f 3088/16/3087 3007/17/3087 3087/17/3087
f 3088/16/296 3008/17/296 3000/16/296
f 3088/16/3121 3079/16/3121 2999/16/3122
f 3088/16/3123 3080/16/3123 3083/16/3124
f 3090/18/3083 3085/17/3083 3089/17/3083
f 3090/18/3069 3086/17/3069 3092/18/3069
f 3090/18/3125 3015/18/3023 3091/18/3024
f 3090/18/3126 3016/18/3126 3093/18/3127
f 3094/17/3087 3015/18/3087 3093/18/3087
f 3094/17/296 3016/18/296 3008/17/296
f 3094/17/3128 3085/17/3129 3007/17/3128
f 3094/17/3029 3086/17/3029 3089/17/3029
f 3096/19/3083 3091/18/3083 3095/18/3115
f 3096/19/3069 3092/18/3069 3098/19/3069
f 3096/19/3034 3023/19/3130 3097/19/3131
f 3096/19/3036 3024/19/3036 3099/19/3132
f 3100/18/3087 3023/19/3087 3099/19/3087
f 3100/18/296 3024/19/296 3016/18/296
f 3100/18/3133 3091/18/3134 3015/18/3135
f 3100/18/3041 3092/18/3136 3095/18/3136
f 3102/20/3083 3097/19/3083 3101/19/3083
f 3102/20/3069 3098/19/3069 3104/20/3069
f 3102/20/3137 3031/20/3044 3103/20/3137
f 3102/20/3045 3032/20/3138 3105/20/3138
f 3106/19/3087 3031/20/3087 3105/20/3087
f 3106/19/296 3032/20/296 3024/19/296
f 3106/19/3049 3097/19/3049 3023/19/3049
f 3106/19/3139 3098/19/3140 3101/19/3141
f 3108/3/3083 3103/20/3083 3107/20/3083
f 3108/3/3069 3104/20/3069 212/3/3069
f 3108/3/3142 219/3/3142 211/3/3142
f 3108/3/3143 220/3/3144 3109/3/3145
f 3110/20/3087 219/3/3087 3109/3/3087
f 3110/20/296 220/3/296 3032/20/296
f 3110/20/3146 3103/20/3146 3031/20/3146
f 3110/20/3147 3104/20/3148 3107/20/3148
f 3112/10/3149 325/1/3150 3111/1/3066
f 3111/1/3151 3114/10/3152 3112/10/3069
f 3115/10/3153 3113/10/3153 3112/10/3154
f 3115/10/3155 3114/10/3156 3044/10/3157
f 3115/10/3158 317/1/3159 3043/10/3160
f 3116/1/3161 3044/10/3162 318/1/3163
f 3111/1/3164 317/1/3164 3116/1/3165
f 3111/1/3166 318/1/3166 326/1/3166
f 3117/10/3167 3119/11/3167 3113/10/3167
f 3117/10/3069 3120/11/3069 3118/11/3069
f 3121/11/2967 3119/11/2966 3118/11/3085
f 3121/11/3168 3120/11/3169 3050/11/3168
f 3121/11/3170 3043/10/3170 3049/11/3170
f 3121/11/321 3044/10/278 3122/10/278
f 3117/10/3171 3043/10/3172 3122/10/3173
f 3117/10/3174 3044/10/3175 3114/10/3176
f 3123/11/3167 3125/12/3167 3119/11/3167
f 3123/11/3069 3126/12/3069 3124/12/3069
f 3127/12/3177 3125/12/3178 3124/12/3179
f 3127/12/3180 3126/12/3181 3056/12/3180
f 3127/12/3170 3049/11/3170 3055/12/3170
f 3127/12/321 3050/11/278 3128/11/278
f 3123/11/3095 3049/11/3095 3128/11/3182
f 3123/11/2981 3050/11/2982 3120/11/3183
f 3129/12/3167 3131/13/3167 3125/12/3167
f 3129/12/3069 3132/13/3069 3130/13/3069
f 3133/13/3184 3131/13/3184 3130/13/3185
f 3133/13/3186 3132/13/3100 3062/13/3186
f 3133/13/3170 3055/12/3170 3061/13/3170
f 3133/13/321 3056/12/278 3134/12/278
f 3129/12/3187 3055/12/3187 3134/12/3188
f 3129/12/3189 3056/12/3190 3126/12/3105
f 3135/13/3167 3137/14/3167 3131/13/3167
f 3135/13/3069 3138/14/3069 3136/14/3069
f 3139/14/3106 3137/14/3106 3136/14/3191
f 3139/14/3192 3138/14/3108 3068/14/3193
f 3139/14/3170 3061/13/3170 3067/14/3170
f 3139/14/321 3062/13/278 3140/13/278
f 3135/13/3109 3061/13/3194 3140/13/3195
f 3135/13/2998 3062/13/3196 3132/13/3197
f 3141/14/3167 3143/15/3167 3137/14/3167
f 3141/14/3069 3144/15/3069 3142/15/3069
f 3145/15/3110 3143/15/3110 3142/15/3110
f 3145/15/3003 3144/15/3198 3074/15/3003
f 3145/15/3170 3067/14/3170 3073/15/3170
f 3145/15/321 3068/14/278 3146/14/278
f 3141/14/3113 3067/14/3199 3146/14/3200
f 3141/14/3006 3068/14/3006 3138/14/3201
f 3147/15/3167 3149/16/3167 3143/15/3167
f 3147/15/3069 3150/16/3069 3148/16/3069
f 3148/16/3116 3079/16/3116 3149/16/3116
f 3148/16/3117 3080/16/3117 3151/16/3117
f 3152/15/3170 3079/16/3170 3151/16/3170
f 3151/16/321 3074/15/278 3152/15/278
f 3147/15/3118 3073/15/3118 3152/15/3118
f 3147/15/3119 3074/15/3119 3144/15/3119
f 3154/17/3167 3149/16/3167 3153/16/3167
f 3154/17/3069 3150/16/3069 3156/17/3069
f 3154/17/3202 3085/17/3202 3155/17/3202
f 3154/17/3203 3086/17/3203 3157/17/3203
f 3158/16/3170 3085/17/3170 3157/17/3170
f 3158/16/321 3086/17/278 3080/16/321
f 3158/16/3204 3149/16/3205 3079/16/3204
f 3158/16/3124 3150/16/3124 3153/16/3123
f 3160/18/3167 3155/17/3167 3159/17/3167
f 3160/18/3069 3156/17/3069 3162/18/3069
f 3160/18/3125 3091/18/3206 3161/18/3125
f 3160/18/3126 3092/18/3127 3163/18/3207
f 3164/17/3170 3091/18/3170 3163/18/3170
f 3164/17/278 3092/18/278 3086/17/321
f 3164/17/3208 3155/17/3027 3085/17/3208
f 3164/17/3209 3156/17/3209 3159/17/3210
f 3166/19/3167 3161/18/3167 3165/18/3167
f 3166/19/3069 3162/18/3069 3168/19/3069
f 3166/19/3211 3097/19/3211 3167/19/3211
f 3166/19/3037 3098/19/3212 3169/19/3212
f 3170/18/3170 3097/19/3170 3169/19/3170
f 3170/18/321 3098/19/278 3092/18/321
f 3170/18/3134 3161/18/3134 3091/18/3134
f 3170/18/3213 3162/18/3041 3165/18/3136
f 3172/20/3167 3167/19/3167 3171/19/3167
f 3172/20/3069 3168/19/3069 3174/20/3069
f 3172/20/3137 3103/20/3214 3173/20/3215
f 3172/20/3216 3104/20/3216 3175/20/3216
f 3176/19/3170 3103/20/3170 3175/20/3170
f 3176/19/321 3104/20/278 3098/19/321
f 3176/19/3217 3167/19/3049 3097/19/3217
f 3176/19/3218 3168/19/3218 3171/19/3219
f 3178/3/3167 3173/20/3167 3177/20/3167
f 3178/3/3069 3174/20/3069 204/3/3069
f 3178/3/3220 211/3/3221 203/3/3222
f 3178/3/3223 212/3/3224 3179/3/3056
f 3180/20/3170 211/3/3170 3179/3/3170
f 3180/20/321 212/3/278 3104/20/321
f 3180/20/3225 3173/20/3226 3103/20/3227
f 3180/20/3228 3174/20/3229 3177/20/3230
f 3182/10/3231 333/1/3232 3181/1/2947
f 3181/1/3233 3184/10/3234 3182/10/2950
f 3185/10/3070 3183/10/3071 3182/10/3235
f 3185/10/2952 3184/10/2952 3114/10/2952
f 3185/10/3236 325/1/3237 3113/10/3238
f 3186/1/3239 3114/10/3240 326/1/3241
f 3181/1/3242 325/1/3080 3186/1/3081
f 3181/1/3082 326/1/3082 334/1/3082
f 3187/10/3167 3189/11/3167 3183/10/3167
f 3187/10/2950 3190/11/2950 3188/11/2950
f 3191/11/3085 3189/11/3085 3188/11/3085
f 3191/11/2971 3190/11/2971 3120/11/2971
f 3191/11/2972 3113/10/2972 3119/11/2972
f 3191/11/296 3114/10/296 3192/10/296
f 3187/10/2973 3113/10/2973 3192/10/2973
f 3187/10/3243 3114/10/2974 3184/10/3243
f 3193/11/3167 3195/12/3167 3189/11/3167
f 3193/11/2950 3196/12/2950 3194/12/2950
f 3197/12/3177 3195/12/3177 3194/12/3179
f 3197/12/3244 3196/12/3245 3126/12/2978
f 3197/12/2972 3119/11/2972 3125/12/2972
f 3197/12/296 3120/11/296 3198/11/296
f 3193/11/3096 3119/11/2979 3198/11/2980
f 3193/11/2982 3120/11/2981 3190/11/2982
f 3199/12/3167 3201/13/3167 3195/12/3167
f 3199/12/2992 3202/13/2950 3200/13/2950
f 3203/13/3246 3201/13/3246 3200/13/2983
f 3203/13/3247 3202/13/3247 3132/13/3186
f 3203/13/2972 3125/12/2972 3131/13/2972
f 3203/13/296 3126/12/296 3204/12/296
f 3199/12/2987 3125/12/2987 3204/12/3248
f 3199/12/3104 3126/12/3105 3196/12/2990
f 3205/13/3167 3207/14/3167 3201/13/3167
f 3205/13/2950 3208/14/2950 3206/14/2950
f 3209/14/3249 3207/14/3106 3206/14/3191
f 3209/14/3250 3208/14/3250 3138/14/3251
f 3209/14/2972 3131/13/2972 3137/14/2972
f 3209/14/296 3132/13/296 3210/13/296
f 3205/13/3252 3131/13/3252 3210/13/3252
f 3205/13/3253 3132/13/3253 3202/13/3253
f 3211/14/3167 3213/15/3167 3207/14/3167
f 3211/14/2950 3214/15/2950 3212/15/2950
f 3215/15/3110 3213/15/3110 3212/15/3110
f 3215/15/3111 3214/15/3111 3144/15/3004
f 3215/15/2972 3137/14/2972 3143/15/2972
f 3215/15/296 3138/14/296 3216/14/296
f 3211/14/3254 3137/14/3255 3216/14/3256
f 3211/14/3006 3138/14/3257 3208/14/3258
f 3218/16/3167 3213/15/3167 3217/15/3167
f 3217/15/2950 3220/16/2950 3218/16/2950
f 3218/16/3116 3149/16/3116 3219/16/3116
f 3218/16/3010 3150/16/3010 3221/16/3010
f 3222/15/2972 3149/16/2972 3221/16/2972
f 3222/15/296 3150/16/296 3144/15/296
f 3217/15/3013 3143/15/3013 3222/15/3013
f 3217/15/3014 3144/15/3014 3214/15/3014
f 3224/17/3167 3219/16/3167 3223/16/3167
f 3224/17/2950 3220/16/2950 3226/17/2950
f 3224/17/3202 3155/17/3202 3225/17/3202
f 3224/17/3259 3156/17/3259 3227/17/3260
f 3228/16/2972 3155/17/2972 3227/17/2972
f 3228/16/296 3156/17/296 3150/16/296
f 3228/16/3122 3219/16/3122 3149/16/3261
f 3228/16/3021 3220/16/3021 3223/16/3022
f 3230/18/3167 3225/17/3167 3229/17/3167
f 3230/18/2950 3226/17/2950 3232/18/2992
f 3230/18/3023 3161/18/3023 3231/18/3023
f 3230/18/3262 3162/18/3126 3233/18/3127
f 3234/17/2972 3161/18/2972 3233/18/2972
f 3234/17/296 3162/18/296 3156/17/296
f 3234/17/3028 3225/17/3028 3155/17/3263
f 3234/17/3209 3226/17/3209 3229/17/3264
f 3236/19/3167 3231/18/3167 3235/18/3167
f 3236/19/2950 3232/18/2950 3238/19/2950
f 3236/19/3265 3167/19/3033 3237/19/3266
f 3236/19/3035 3168/19/3036 3239/19/3037
f 3240/18/2972 3167/19/2972 3239/19/2972
f 3240/18/296 3168/19/296 3162/18/296
f 3240/18/3135 3231/18/3133 3161/18/3038
f 3240/18/3267 3232/18/3268 3235/18/3269
f 3242/20/3167 3237/19/3167 3241/19/3167
f 3242/20/2950 3238/19/2992 3244/20/2950
f 3242/20/3137 3173/20/3270 3243/20/3215
f 3242/20/3271 3174/20/3272 3245/20/3273
f 3246/19/2972 3173/20/2972 3245/20/2972
f 3246/19/296 3174/20/296 3168/19/296
f 3246/19/3217 3237/19/3049 3167/19/3217
f 3246/19/3052 3238/19/3052 3241/19/3053
f 3248/3/3167 3243/20/3167 3247/20/3167
f 3248/3/2950 3244/20/2950 196/3/2992
f 3248/3/3054 203/3/3274 195/3/3054
f 3248/3/3275 204/3/3275 3249/3/3276
f 3250/20/2972 203/3/2972 3249/3/2972
f 3250/20/296 204/3/296 3174/20/296
f 3250/20/3277 3243/20/3277 3173/20/3277
f 3250/20/3061 3244/20/3061 3247/20/3061
f 3252/10/3278 341/1/3279 3251/1/3066
f 3251/1/3280 3254/10/3281 3252/10/3069
f 3255/10/3235 3253/10/3235 3252/10/3071
f 3255/10/3072 3254/10/3072 3184/10/2953
f 3255/10/3282 333/1/3283 3183/10/3284
f 3256/1/3285 3184/10/3286 334/1/3287
f 3251/1/2960 333/1/2961 3256/1/2962
f 3251/1/2964 334/1/2964 342/1/3288
f 3257/10/3083 3259/11/3083 3253/10/3083
f 3257/10/3069 3260/11/3069 3258/11/3069
f 3261/11/3084 3259/11/3289 3258/11/3290
f 3261/11/2969 3260/11/3291 3190/11/2969
f 3261/11/3170 3183/10/3170 3189/11/3170
f 3261/11/296 3184/10/296 3262/10/296
f 3257/10/3088 3183/10/3088 3262/10/3088
f 3257/10/3090 3184/10/3090 3254/10/3090
f 3263/11/3083 3265/12/3115 3259/11/3083
f 3263/11/3069 3266/12/3069 3264/12/3069
f 3267/12/3292 3265/12/3293 3264/12/3294
f 3267/12/3295 3266/12/3295 3196/12/3245
f 3267/12/3170 3189/11/3170 3195/12/3170
f 3267/12/296 3190/11/296 3268/11/296
f 3263/11/3096 3189/11/3296 3268/11/3296
f 3263/11/3297 3190/11/3297 3260/11/3297
f 3269/12/3083 3271/13/3083 3265/12/3083
f 3269/12/3069 3272/13/3069 3270/13/3069
f 3273/13/3298 3271/13/3299 3270/13/3300
f 3273/13/3186 3272/13/3301 3202/13/3186
f 3273/13/3170 3195/12/3170 3201/13/3170
f 3273/13/296 3196/12/296 3274/12/296
f 3269/12/3302 3195/12/3187 3274/12/3188
f 3269/12/3105 3196/12/3105 3266/12/3105
f 3275/13/3083 3277/14/3083 3271/13/3083
f 3275/13/3069 3278/14/3069 3276/14/3069
f 3279/14/3106 3277/14/3106 3276/14/3191
f 3279/14/3108 3278/14/3108 3208/14/3108
f 3279/14/3170 3201/13/3170 3207/14/3170
f 3279/14/296 3202/13/296 3280/13/296
f 3275/13/3303 3201/13/3304 3280/13/3305
f 3275/13/2999 3202/13/2999 3272/13/2997
f 3281/14/3083 3283/15/3083 3277/14/3083
f 3281/14/3069 3284/15/3069 3282/15/3069
f 3285/15/3110 3283/15/3110 3282/15/3110
f 3285/15/3112 3284/15/3112 3214/15/3111
f 3285/15/3306 3207/14/3170 3213/15/3306
f 3285/15/296 3208/14/296 3286/14/296
f 3281/14/3113 3207/14/3307 3286/14/3308
f 3281/14/3257 3208/14/3257 3278/14/3114
f 3288/16/3083 3283/15/3083 3287/15/3115
f 3288/16/3069 3284/15/3069 3290/16/3069
f 3288/16/3309 3219/16/3310 3289/16/3311
f 3288/16/3312 3220/16/3010 3291/16/3010
f 3292/15/3170 3219/16/3170 3291/16/3170
f 3292/15/296 3220/16/296 3214/15/296
f 3287/15/3118 3213/15/3118 3292/15/3313
f 3287/15/3314 3214/15/3014 3284/15/3119
f 3294/17/3083 3289/16/3083 3293/16/3083
f 3294/17/3069 3290/16/3069 3296/17/3069
f 3294/17/3202 3225/17/3315 3295/17/3202
f 3294/17/3316 3226/17/3317 3297/17/3260
f 3298/16/3170 3225/17/3170 3297/17/3170
f 3298/16/296 3226/17/296 3220/16/296
f 3298/16/3318 3289/16/3318 3219/16/3318
f 3298/16/3123 3290/16/3123 3293/16/3123
f 3300/18/3083 3295/17/3115 3299/17/3115
f 3300/18/3069 3296/17/3069 3302/18/3069
f 3300/18/3125 3231/18/3319 3301/18/3024
f 3300/18/3126 3232/18/3126 3303/18/3127
f 3304/17/3170 3231/18/3170 3303/18/3170
f 3304/17/296 3232/18/296 3226/17/296
f 3304/17/3028 3295/17/3028 3225/17/3028
f 3304/17/3210 3296/17/3210 3299/17/3210
f 3306/19/3083 3301/18/3083 3305/18/3083
f 3306/19/3069 3302/18/3069 3308/19/3069
f 3306/19/3320 3237/19/3321 3307/19/3322
f 3306/19/3323 3238/19/3324 3309/19/3325
f 3310/18/3306 3237/19/3170 3309/19/3170
f 3310/18/296 3238/19/296 3232/18/296
f 3310/18/3134 3301/18/3134 3231/18/3133
f 3310/18/3041 3302/18/3136 3305/18/3136
f 3312/20/3083 3307/19/3083 3311/19/3115
f 3312/20/3069 3308/19/3069 3314/20/3069
f 3312/20/3044 3243/20/3044 3313/20/3326
f 3312/20/3138 3244/20/3138 3315/20/3138
f 3316/19/3170 3243/20/3170 3315/20/3170
f 3316/19/296 3244/20/296 3238/19/296
f 3316/19/3049 3307/19/3217 3237/19/3049
f 3316/19/3218 3308/19/3327 3311/19/3051
f 3318/3/3083 3313/20/3083 3317/20/3083
f 3318/3/3069 3314/20/3069 188/3/3069
f 3318/3/3328 195/3/3142 187/3/3328
f 3318/3/3329 196/3/3329 3319/3/3144
f 3320/20/3170 195/3/3170 3319/3/3170
f 3320/20/296 196/3/296 3244/20/296
f 3320/20/3330 3313/20/3277 3243/20/3146
f 3320/20/3331 3314/20/3061 3317/20/3332
f 3322/10/3333 349/1/3334 3321/1/3066
f 3321/1/3335 3324/10/3336 3322/10/3069
f 3325/10/3235 3323/10/3337 3322/10/3337
f 3325/10/2953 3324/10/2952 3254/10/3338
f 3325/10/3339 341/1/3340 3253/10/3341
f 3326/1/3342 3254/10/3343 342/1/3344
f 3321/1/3081 341/1/3345 3326/1/3346
f 3321/1/3347 342/1/3348 350/1/3082
f 3327/10/3167 3329/11/3167 3323/10/3167
f 3327/10/3069 3330/11/3069 3328/11/3069
f 3331/11/3289 3329/11/3349 3328/11/3085
f 3331/11/2969 3330/11/2969 3260/11/3291
f 3331/11/3170 3253/10/3170 3259/11/3306
f 3331/11/321 3254/10/321 3332/10/321
f 3327/10/3350 3253/10/3351 3332/10/3088
f 3327/10/3352 3254/10/3353 3324/10/3352
f 3333/11/3167 3335/12/3167 3329/11/3167
f 3333/11/3069 3336/12/3069 3334/12/3069
f 3337/12/3178 3335/12/3177 3334/12/3091
f 3337/12/2978 3336/12/3180 3266/12/3181
f 3337/12/3306 3259/11/3170 3265/12/3306
f 3337/12/321 3260/11/321 3338/11/321
f 3333/11/3095 3259/11/3096 3338/11/3296
f 3333/11/2981 3260/11/2981 3330/11/2982
f 3339/12/3167 3341/13/3167 3335/12/3167
f 3339/12/3069 3342/13/3069 3340/13/3069
f 3343/13/3298 3341/13/3299 3340/13/3300
f 3343/13/3186 3342/13/3354 3272/13/3186
f 3343/13/3170 3265/12/3170 3271/13/3170
f 3343/13/321 3266/12/321 3344/12/321
f 3339/12/3355 3265/12/3302 3344/12/3188
f 3339/12/3356 3266/12/3105 3336/12/3357
f 3345/13/3167 3347/14/3167 3341/13/3167
f 3345/13/3069 3348/14/3069 3346/14/3069
f 3349/14/3106 3347/14/3106 3346/14/3106
f 3349/14/3192 3348/14/3358 3278/14/3192
f 3349/14/3170 3271/13/3170 3277/14/3306
f 3349/14/321 3272/13/321 3350/13/321
f 3345/13/3359 3271/13/3303 3350/13/3360
f 3345/13/3197 3272/13/3253 3342/13/3197
f 3351/14/3167 3353/15/3167 3347/14/3167
f 3351/14/3069 3354/15/3069 3352/15/3069
f 3355/15/3110 3353/15/3110 3352/15/3110
f 3355/15/3003 3354/15/3198 3284/15/3003
f 3355/15/3170 3277/14/3170 3283/15/3306
f 3355/15/321 3278/14/321 3356/14/321
f 3351/14/3307 3277/14/3255 3356/14/3361
f 3351/14/3362 3278/14/3363 3348/14/3362
f 3358/16/3167 3353/15/3167 3357/15/3167
f 3357/15/3069 3360/16/3069 3358/16/3069
f 3358/16/3116 3289/16/3116 3359/16/3364
f 3358/16/3117 3290/16/3117 3361/16/3117
f 3361/16/3170 3283/15/3170 3289/16/3170
f 3361/16/321 3284/15/321 3362/15/321
f 3357/15/3118 3283/15/3118 3362/15/3118
f 3357/15/3119 3284/15/3119 3354/15/3119
f 3364/17/3167 3359/16/3167 3363/16/3167
f 3364/17/3069 3360/16/3069 3366/17/3069
f 3364/17/3202 3295/17/3202 3365/17/3202
f 3364/17/3317 3296/17/3317 3367/17/3317
f 3368/16/3170 3295/17/3170 3367/17/3170
f 3368/16/321 3296/17/321 3290/16/321
f 3368/16/3205 3359/16/3205 3289/16/3205
f 3368/16/3365 3360/16/3366 3363/16/3367
f 3370/18/3167 3365/17/3167 3369/17/3167
f 3370/18/3069 3366/17/3069 3372/18/3069
f 3370/18/3368 3301/18/3368 3371/18/3023
f 3370/18/3369 3302/18/3369 3373/18/3369
f 3374/17/3306 3301/18/3170 3373/18/3170
f 3374/17/321 3302/18/321 3296/17/278
f 3374/17/3028 3365/17/3028 3295/17/3028
f 3374/17/3370 3366/17/3371 3369/17/3210
f 3376/19/3167 3371/18/3167 3375/18/3167
f 3376/19/3069 3372/18/3069 3378/19/3069
f 3376/19/3372 3307/19/3130 3377/19/3373
f 3376/19/3374 3308/19/3375 3379/19/3376
f 3380/18/3170 3307/19/3170 3379/19/3170
f 3380/18/321 3308/19/321 3302/18/321
f 3380/18/3377 3371/18/3377 3301/18/3377
f 3380/18/3378 3372/18/3379 3375/18/3380
f 3382/20/3167 3377/19/3167 3381/19/3167
f 3382/20/3069 3378/19/3069 3384/20/3069
f 3382/20/3044 3313/20/3044 3383/20/3044
f 3382/20/3381 3314/20/3381 3385/20/3381
f 3386/19/3306 3313/20/3170 3385/20/3170
f 3386/19/321 3314/20/321 3308/19/321
f 3386/19/3382 3377/19/3050 3307/19/3382
f 3386/19/3383 3378/19/3383 3381/19/3383
f 3388/3/3167 3383/20/3167 3387/20/3167
f 3388/3/3069 3384/20/3069 180/3/3069
f 3388/3/3384 187/3/3328 179/3/3384
f 3388/3/3385 188/3/3385 3389/3/3276
f 3390/20/3306 187/3/3170 3389/3/3170
f 3390/20/321 188/3/321 3314/20/321
f 3390/20/3227 3383/20/3386 3313/20/3226
f 3390/20/3228 3384/20/3387 3387/20/3388
f 3392/10/3389 357/1/3390 3391/1/3391
f 3391/1/3392 3394/10/3393 3392/10/2950
f 3395/10/3394 3393/10/3395 3392/10/3235
f 3395/10/3396 3394/10/3397 3324/10/3398
f 3395/10/3399 349/1/3400 3323/10/3401
f 3396/1/3402 3324/10/3403 350/1/3404
f 3391/1/3345 349/1/3079 3396/1/3081
f 3391/1/3082 350/1/3082 358/1/3082
f 3397/10/3167 3399/11/3167 3393/10/3167
f 3397/10/2950 3400/11/2950 3398/11/2950
f 3401/11/3085 3399/11/3085 3398/11/3085
f 3401/11/2971 3400/11/2971 3330/11/2971
f 3401/11/2972 3323/10/2972 3329/11/2972
f 3401/11/296 3324/10/296 3402/10/296
f 3397/10/3405 3323/10/3405 3402/10/3405
f 3397/10/3174 3324/10/3406 3394/10/3174
f 3403/11/3167 3405/12/3167 3399/11/3167
f 3403/11/2950 3406/12/2950 3404/12/2950
f 3407/12/2975 3405/12/2975 3404/12/3091
f 3407/12/2978 3406/12/2978 3336/12/2978
f 3407/12/2972 3329/11/2972 3335/12/2972
f 3407/12/296 3330/11/296 3408/11/296
f 3403/11/3407 3329/11/3408 3408/11/3409
f 3403/11/3410 3330/11/3411 3400/11/2982
f 3409/12/3167 3411/13/3167 3405/12/3167
f 3409/12/2950 3412/13/2950 3410/13/2992
f 3413/13/3299 3411/13/3299 3410/13/3300
f 3413/13/3100 3412/13/3412 3342/13/2985
f 3413/13/2972 3335/12/2972 3341/13/2972
f 3413/13/296 3336/12/296 3414/12/296
f 3409/12/3413 3335/12/3413 3414/12/3414
f 3409/12/3415 3336/12/3416 3406/12/3415
f 3415/13/3167 3417/14/3167 3411/13/3167
f 3415/13/2950 3418/14/2950 3416/14/2950
f 3419/14/3249 3417/14/3106 3416/14/3107
f 3419/14/3250 3418/14/3250 3348/14/3417
f 3419/14/2972 3341/13/2972 3347/14/2972
f 3419/14/296 3342/13/296 3420/13/296
f 3415/13/3109 3341/13/3418 3420/13/3418
f 3415/13/3419 3342/13/3419 3412/13/2999
f 3421/14/3167 3423/15/3167 3417/14/3167
f 3421/14/2950 3424/15/2950 3422/15/2992
f 3425/15/3420 3423/15/3110 3422/15/3110
f 3425/15/3111 3424/15/3111 3354/15/3111
f 3425/15/2972 3347/14/2972 3353/15/2972
f 3425/15/296 3348/14/296 3426/14/296
f 3421/14/3005 3347/14/3255 3426/14/3256
f 3421/14/3114 3348/14/3114 3418/14/3258
f 3427/15/3167 3429/16/3167 3423/15/3167
f 3427/15/2950 3430/16/2992 3428/16/2992
f 3428/16/3116 3359/16/3421 3429/16/3116
f 3428/16/3010 3360/16/3010 3431/16/3010
f 3431/16/2972 3353/15/2972 3359/16/2972
f 3431/16/296 3354/15/296 3432/15/296
f 3427/15/3118 3353/15/3013 3432/15/3013
f 3427/15/3014 3354/15/3014 3424/15/3014
f 3434/17/3167 3429/16/3167 3433/16/3167
f 3434/17/2950 3430/16/2950 3436/17/2950
f 3434/17/3422 3365/17/3423 3435/17/3202
f 3434/17/3316 3366/17/3316 3437/17/3424
f 3438/16/2972 3365/17/2972 3437/17/2972
f 3438/16/296 3366/17/296 3360/16/296
f 3438/16/3318 3429/16/3425 3359/16/3318
f 3438/16/3426 3430/16/3426 3433/16/3427
f 3440/18/3167 3435/17/3167 3439/17/3167
f 3440/18/2950 3436/17/2950 3442/18/2950
f 3440/18/3125 3371/18/3428 3441/18/3023
f 3440/18/3025 3372/18/3025 3443/18/3429
f 3444/17/2972 3371/18/2972 3443/18/2972
f 3444/17/296 3372/18/296 3366/17/296
f 3444/17/3263 3435/17/3028 3365/17/3430
f 3444/17/3209 3436/17/3209 3439/17/3029
f 3446/19/3167 3441/18/3167 3445/18/3167
f 3446/19/2950 3442/18/2992 3448/19/2950
f 3446/19/3431 3377/19/3431 3447/19/3431
f 3446/19/3432 3378/19/3432 3449/19/3433
f 3450/18/2972 3377/19/2972 3449/19/2972
f 3450/18/296 3378/19/296 3372/18/296
f 3450/18/3038 3441/18/3038 3371/18/3038
f 3450/18/3041 3442/18/3434 3445/18/3042
f 3452/20/3167 3447/19/3167 3451/19/3167
f 3452/20/2950 3448/19/2950 3454/20/2992
f 3452/20/3435 3383/20/3137 3453/20/3436
f 3452/20/3272 3384/20/3437 3455/20/3045
f 3456/19/2972 3383/20/2972 3455/20/2972
f 3456/19/296 3384/20/296 3378/19/296
f 3456/19/3438 3447/19/3438 3377/19/3438
f 3456/19/3053 3448/19/3053 3451/19/3439
f 3458/3/3167 3453/20/3167 3457/20/3167
f 3458/3/2950 3454/20/2950 172/3/2950
f 3458/3/3221 179/3/3221 171/3/3440
f 3458/3/3441 180/3/3055 3459/3/3144
f 3460/20/2972 179/3/2972 3459/3/2972
f 3460/20/296 180/3/296 3384/20/296
f 3460/20/3226 3453/20/3059 3383/20/3225
f 3460/20/3062 3454/20/3228 3457/20/3061
f 3462/10/3442 365/1/3443 3461/1/3066
f 3461/1/3444 3464/10/3445 3462/10/3069
f 3465/10/3235 3463/10/3235 3462/10/3235
f 3465/10/2953 3464/10/3072 3394/10/2953
f 3465/10/3446 357/1/3447 3393/10/3448
f 3466/1/3449 3394/10/3450 358/1/3451
f 3461/1/3079 357/1/3081 3466/1/3081
f 3461/1/3082 358/1/3082 366/1/3082
f 3467/10/3083 3469/11/3083 3463/10/3083
f 3467/10/3069 3470/11/3069 3468/11/3069
f 3471/11/2967 3469/11/2966 3468/11/2966
f 3471/11/3452 3470/11/3168 3400/11/2969
f 3471/11/3170 3393/10/3170 3399/11/3170
f 3471/11/296 3394/10/296 3472/10/296
f 3467/10/3453 3393/10/3454 3472/10/3455
f 3467/10/2974 3394/10/3456 3464/10/3090
f 3473/11/3083 3475/12/3083 3469/11/3083
f 3473/11/3069 3476/12/3069 3474/12/3069
f 3477/12/3293 3475/12/3457 3474/12/3458
f 3477/12/3295 3476/12/3245 3406/12/3244
f 3477/12/3170 3399/11/3170 3405/12/3170
f 3477/12/296 3400/11/296 3478/11/296
f 3473/11/3096 3399/11/3296 3478/11/3296
f 3473/11/3297 3400/11/3297 3470/11/3297
f 3479/12/3083 3481/13/3083 3475/12/3083
f 3479/12/3069 3482/13/3069 3480/13/3069
f 3483/13/3098 3481/13/3299 3480/13/3300
f 3483/13/3186 3482/13/3301 3412/13/3100
f 3483/13/3170 3405/12/3170 3411/13/3170
f 3483/13/296 3406/12/296 3484/12/296
f 3479/12/3187 3405/12/3355 3484/12/3459
f 3479/12/3105 3406/12/2990 3476/12/3190
f 3485/13/3083 3487/14/3083 3481/13/3083
f 3485/13/3069 3488/14/3069 3486/14/3069
f 3489/14/3106 3487/14/3106 3486/14/3191
f 3489/14/3108 3488/14/3108 3418/14/3108
f 3489/14/3170 3411/13/3306 3417/14/3170
f 3489/14/296 3412/13/296 3490/13/296
f 3485/13/3359 3411/13/3304 3490/13/3305
f 3485/13/2997 3412/13/2999 3482/13/2998
f 3491/14/3083 3493/15/3083 3487/14/3083
f 3491/14/3069 3494/15/3069 3492/15/3069
f 3495/15/3110 3493/15/3110 3492/15/3110
f 3495/15/3112 3494/15/3112 3424/15/3112
f 3495/15/3170 3417/14/3170 3423/15/3170
f 3495/15/296 3418/14/296 3496/14/296
f 3491/14/3005 3417/14/3005 3496/14/3254
f 3491/14/3363 3418/14/3362 3488/14/3363
f 3498/16/3083 3493/15/3083 3497/15/3083
f 3497/15/3069 3500/16/3069 3498/16/3069
f 3498/16/3116 3429/16/3116 3499/16/3116
f 3498/16/3010 3430/16/3010 3501/16/3010
f 3501/16/3170 3423/15/3170 3429/16/3170
f 3501/16/296 3424/15/296 3502/15/296
f 3497/15/3118 3423/15/3118 3502/15/3118
f 3497/15/3314 3424/15/3014 3494/15/3119
f 3504/17/3083 3499/16/3083 3503/16/3083
f 3504/17/3069 3500/16/3069 3506/17/3069
f 3504/17/3202 3435/17/3460 3505/17/3202
f 3504/17/3461 3436/17/3461 3507/17/3424
f 3508/16/3170 3435/17/3306 3507/17/3306
f 3508/16/296 3436/17/296 3430/16/296
f 3508/16/3462 3499/16/3463 3429/16/3462
f 3508/16/3426 3500/16/3021 3503/16/3464
f 3510/18/3083 3505/17/3083 3509/17/3083
f 3510/18/3069 3506/17/3069 3512/18/3069
f 3510/18/3024 3441/18/3465 3511/18/3024
f 3510/18/3262 3442/18/3466 3513/18/3026
f 3514/17/3170 3441/18/3170 3513/18/3170
f 3514/17/296 3442/18/296 3436/17/296
f 3514/17/3028 3505/17/3028 3435/17/3028
f 3514/17/3210 3506/17/3210 3509/17/3210
f 3516/19/3083 3511/18/3083 3515/18/3083
f 3516/19/3069 3512/18/3069 3518/19/3069
f 3516/19/3131 3447/19/3130 3517/19/3131
f 3516/19/3467 3448/19/3036 3519/19/3468
f 3520/18/3170 3447/19/3170 3519/19/3170
f 3520/18/296 3448/19/296 3442/18/296
f 3520/18/3133 3511/18/3038 3441/18/3133
f 3520/18/3213 3512/18/3042 3515/18/3469
f 3522/20/3083 3517/19/3083 3521/19/3083
f 3522/20/3069 3518/19/3069 3524/20/3069
f 3522/20/3470 3453/20/3436 3523/20/3137
f 3522/20/3138 3454/20/3437 3525/20/3273
f 3526/19/3170 3453/20/3170 3525/20/3170
f 3526/19/296 3454/20/296 3448/19/296
f 3526/19/3217 3517/19/3049 3447/19/3217
f 3526/19/3218 3518/19/3218 3521/19/3219
f 3528/3/3083 3523/20/3083 3527/20/3083
f 3528/3/3069 3524/20/3069 164/3/3069
f 3528/3/3220 171/3/3221 163/3/3220
f 3528/3/3385 172/3/3275 3529/3/3057
f 3530/20/3170 171/3/3170 3529/3/3170
f 3530/20/296 172/3/296 3454/20/296
f 3530/20/3226 3523/20/3059 3453/20/3225
f 3530/20/3228 3524/20/3471 3527/20/3230
f 3532/10/3472 14/1/3473 3531/1/3066
f 3531/1/3474 3534/10/3475 3532/10/3476
f 3535/10/3395 3533/10/3235 3532/10/3071
f 3535/10/3072 3534/10/2953 3464/10/3072
f 3535/10/3477 365/1/3478 3463/10/3479
f 3536/1/3480 3464/10/3481 366/1/3482
f 3531/1/3081 365/1/3483 3536/1/3346
f 3531/1/3347 366/1/3348 15/1/3082
f 3537/10/3167 3539/11/3167 3533/10/3167
f 3537/10/3476 3540/11/3476 3538/11/3476
f 3541/11/3484 3539/11/3485 3538/11/3485
f 3541/11/2971 3540/11/2971 3470/11/2971
f 3541/11/3170 3463/10/3170 3469/11/3170
f 3541/11/321 3464/10/321 3542/10/321
f 3537/10/3088 3463/10/3088 3542/10/3088
f 3537/10/3486 3464/10/3487 3534/10/3486
f 3543/11/3167 3545/12/3167 3539/11/3167
f 3543/11/3476 3546/12/3476 3544/12/3476
f 3547/12/3488 3545/12/3488 3544/12/3179
f 3547/12/3181 3546/12/3245 3476/12/3181
f 3547/12/3170 3469/11/3170 3475/12/3170
f 3547/12/321 3470/11/321 3548/11/321
f 3543/11/2980 3469/11/2980 3548/11/3296
f 3543/11/3489 3470/11/3489 3540/11/3489
f 3549/12/3167 3551/13/3167 3545/12/3167
f 3549/12/3476 3552/13/3476 3550/13/3476
f 3553/13/3184 3551/13/3184 3550/13/3099
f 3553/13/3186 3552/13/2985 3482/13/3186
f 3553/13/3170 3475/12/3170 3481/13/3170
f 3553/13/321 3476/12/321 3554/12/321
f 3549/12/2987 3475/12/3490 3554/12/3491
f 3549/12/3492 3476/12/3493 3546/12/3494
f 3555/13/3167 3557/14/3167 3551/13/3167
f 3555/13/3476 3558/14/3476 3556/14/3476
f 3559/14/3495 3557/14/3496 3556/14/3497
f 3559/14/3251 3558/14/3251 3488/14/3498
f 3559/14/3170 3481/13/3170 3487/14/3170
f 3559/14/321 3482/13/321 3560/13/321
f 3555/13/3109 3481/13/3195 3560/13/3499
f 3555/13/3197 3482/13/3196 3552/13/3197
f 3561/14/3167 3563/15/3167 3557/14/3167
f 3561/14/3476 3564/15/3476 3562/15/3476
f 3565/15/3110 3563/15/3110 3562/15/3110
f 3565/15/3003 3564/15/3198 3494/15/3003
f 3565/15/3170 3487/14/3170 3493/15/3170
f 3565/15/321 3488/14/278 3566/14/278
f 3561/14/3005 3487/14/3005 3566/14/3254
f 3561/14/3500 3488/14/3501 3558/14/3500
f 3567/15/3167 3569/21/3167 3563/15/3167
f 3567/15/3476 3570/21/3476 3568/21/3476
f 3568/21/3116 3499/16/3116 3569/21/3116
f 3568/21/3117 3500/16/3117 3571/16/3117
f 3572/15/3170 3499/16/3170 3571/16/3306
f 3572/15/321 3500/16/321 3494/15/321
f 3567/15/3502 3493/15/3011 3572/15/3503
f 3567/15/3119 3494/15/3504 3564/15/3119
f 3574/17/3167 3569/21/3167 3573/21/3167
f 3574/17/3476 3570/21/3476 3576/17/3476
f 3574/17/3460 3505/17/3423 3575/17/3202
f 3574/17/3017 3506/17/3505 3577/17/3506
f 3578/16/3170 3505/17/3170 3577/17/3170
f 3578/16/321 3506/17/321 3500/16/321
f 3578/16/3507 3569/21/3318 3499/16/3462
f 3578/16/3426 3570/21/3427 3573/21/3508
f 3580/18/3167 3575/17/3167 3579/17/3167
f 3580/18/3476 3576/17/3476 3582/18/3476
f 3580/18/3024 3511/18/3428 3581/18/3125
f 3580/18/3369 3512/18/3509 3583/18/3026
f 3584/17/3170 3511/18/3170 3583/18/3170
f 3584/17/321 3512/18/321 3506/17/321
f 3584/17/3028 3575/17/3028 3505/17/3028
f 3584/17/3370 3576/17/3210 3579/17/3210
f 3586/19/3167 3581/18/3167 3585/18/3167
f 3586/19/3476 3582/18/3476 3588/19/3476
f 3586/19/3131 3517/19/3130 3587/19/3211
f 3586/19/3375 3518/19/3510 3589/19/3374
f 3590/18/3170 3517/19/3170 3589/19/3170
f 3590/18/321 3518/19/321 3512/18/321
f 3590/18/3135 3581/18/3038 3511/18/3133
f 3590/18/3042 3582/18/3042 3585/18/3469
f 3592/20/3167 3587/19/3167 3591/19/3167
f 3592/20/3476 3588/19/3476 3594/20/3476
f 3592/20/3511 3523/20/3512 3593/20/3215
f 3592/20/3513 3524/20/3216 3595/20/3216
f 3596/19/3170 3523/20/3170 3595/20/3170
f 3596/19/321 3524/20/321 3518/19/321
f 3596/19/3514 3587/19/3049 3517/19/3217
f 3596/19/3218 3588/19/3053 3591/19/3515
f 3598/3/3167 3593/20/3167 3597/20/3167
f 3598/3/3476 3594/20/3476 155/3/3476
f 3598/3/3516 163/3/3517 154/3/3328
f 3598/3/3385 164/3/3518 3599/3/3519
f 3600/20/3170 163/3/3170 3599/3/3170
f 3600/20/321 164/3/321 3524/20/321
f 3600/20/3520 3593/20/3521 3523/20/3520
f 3600/20/3522 3594/20/3523 3597/20/3524
f 3602/10/3525 9/1/3526 3601/1/2947
f 3602/10/3527 10/1/3528 3605/22/3529
f 3606/10/3070 3603/10/3070 3602/10/3071
f 3534/10/2952 3602/10/2952 3604/10/3072
f 3606/10/3530 14/1/3531 3533/10/3532
f 3608/1/3533 3534/10/3534 15/1/3535
f 3601/1/3242 14/1/3079 3608/1/3081
f 3601/1/3347 15/1/3082 10/1/3348
f 3609/10/3167 3611/11/3167 3603/10/3167
f 3612/11/2950 3609/10/2950 3613/10/2950
f 3614/11/3084 3611/11/3289 3610/11/3290
f 3540/11/3086 3610/11/3086 3612/11/3536
f 3614/11/2972 3533/10/2972 3539/11/2972
f 3614/11/3537 3534/10/256 3616/10/256
f 3609/10/2973 3533/10/2973 3616/10/2973
f 3609/10/3486 3534/10/3538 3607/10/3539
f 3617/11/3167 3619/12/3167 3611/11/3167
f 3620/12/2950 3617/11/2950 3621/11/2950
f 3622/12/3177 3619/12/3177 3618/12/3179
f 3546/12/3181 3618/12/3181 3620/12/3540
f 3622/12/2972 3539/11/2972 3545/12/2972
f 3622/12/3537 3540/11/3537 3624/11/3537
f 3617/11/3541 3539/11/3541 3624/11/3542
f 3617/11/3543 3540/11/3183 3615/11/3544
f 3625/12/3167 3627/13/3167 3619/12/3167
f 3628/13/2950 3625/12/2950 3629/12/2950
f 3630/13/3298 3627/13/3098 3626/13/3545
f 3552/13/3100 3626/13/2986 3628/13/3546
f 3630/13/2972 3545/12/2972 3551/13/2972
f 3630/13/3537 3546/12/3537 3632/12/3537
f 3625/12/2987 3545/12/2987 3632/12/3491
f 3625/12/3105 3546/12/3105 3623/12/3547
f 3633/13/3167 3635/14/3167 3627/13/3167
f 3636/14/2950 3633/13/2950 3637/13/2950
f 3638/14/3496 3635/14/3496 3634/14/3548
f 3558/14/3549 3634/14/3250 3636/14/3550
f 3638/14/2972 3551/13/2972 3557/14/2972
f 3638/14/3537 3552/13/3537 3640/13/256
f 3633/13/2995 3551/13/3195 3640/13/2996
f 3633/13/2999 3552/13/2998 3631/13/3551
f 3641/14/3167 3643/15/3167 3635/14/3167
f 3644/15/2950 3641/14/2950 3645/14/2950
f 3646/15/3110 3643/15/3110 3642/15/3110
f 3564/15/3111 3642/15/3111 3644/15/3552
f 3646/15/2972 3557/14/2972 3563/15/2972
f 3646/15/3537 3558/14/256 3648/14/256
f 3641/14/3553 3557/14/3553 3648/14/3553
f 3641/14/3362 3558/14/3362 3639/14/3554
f 3649/15/3167 3651/21/3167 3643/15/3167
f 3650/21/2950 3653/15/2950 3652/21/2950
f 3650/21/3421 3569/21/3421 3651/21/3421
f 3570/21/3010 3650/21/3555 3652/21/3556
f 3656/15/2972 3569/21/2972 3654/21/2972
f 3656/15/3537 3570/21/3537 3564/15/3537
f 3649/15/3011 3563/15/3557 3656/15/3558
f 3649/15/3314 3564/15/3559 3647/15/3560
f 3658/17/3167 3651/21/3167 3657/21/3167
f 3658/17/2950 3661/21/2950 3660/17/2950
f 3658/17/3016 3575/17/3016 3659/17/3016
f 3576/17/3017 3658/17/3017 3660/17/3561
f 3664/21/2972 3575/17/2972 3662/17/2972
f 3664/21/3537 3576/17/256 3570/21/3537
f 3664/21/3507 3651/21/3462 3569/21/3318
f 3657/21/3365 3570/21/3365 3655/21/3562
f 3666/18/3167 3659/17/3167 3665/17/3167
f 3666/18/2950 3669/17/2950 3668/18/2950
f 3666/18/3023 3581/18/3206 3667/18/3023
f 3582/18/3126 3666/18/3262 3668/18/3563
f 3672/17/2972 3581/18/2972 3670/18/2972
f 3672/17/3537 3582/18/256 3576/17/3537
f 3672/17/3263 3659/17/3028 3575/17/3263
f 3665/17/3209 3576/17/3209 3663/17/3564
f 3674/19/3167 3667/18/3167 3673/18/3167
f 3674/19/2950 3677/18/2950 3676/19/2950
f 3674/19/3033 3587/19/3033 3675/19/3211
f 3674/19/3467 3679/19/3565 3588/19/3467
f 3680/18/2972 3587/19/2972 3678/19/2972
f 3680/18/3537 3588/19/3537 3582/18/3537
f 3680/18/3135 3667/18/3133 3581/18/3038
f 3673/18/3041 3582/18/3136 3671/18/3566
f 3682/20/3167 3675/19/3167 3681/19/3167
f 3682/20/2950 3685/19/2950 3684/20/2950
f 3682/20/3044 3593/20/3043 3683/20/3044
f 3682/20/3045 3687/20/3567 3594/20/3046
f 3688/19/2972 3593/20/2972 3686/20/2972
f 3688/19/3537 3594/20/256 3588/19/3537
f 3688/19/3568 3675/19/3568 3587/19/3568
f 3681/19/3569 3588/19/3570 3679/19/3571
f 3690/3/3167 3683/20/3167 3689/20/3167
f 3690/3/2950 3692/20/2950 3691/3/2950
f 3690/3/3220 154/3/3220 146/3/3220
f 3690/3/3572 156/3/3573 155/3/3572
f 3694/20/2972 154/3/2972 3693/3/2972
f 3694/20/3537 155/3/256 3594/20/3537
f 3694/20/3574 3683/20/3059 3593/20/3575
f 3689/20/3228 3594/20/3229 3687/20/3061
f 3695/1/3576 1274/1/3577 1166/1/3576
f 3695/1/3578 1275/1/3579 3696/1/3580
f 3697/10/3581 1274/1/3582 3696/1/3583
f 3696/1/3584 3699/10/3585 3697/10/3586
f 3697/10/3587 3701/10/3587 3698/10/3588
f 3697/10/3589 3702/10/3589 3700/10/3589
f 3700/10/3590 1166/1/3591 3701/10/3592
f 3695/1/3593 3702/10/3594 1167/1/3595
f 3703/10/3596 3698/10/3596 3701/10/3596
f 3703/10/3597 3699/10/3597 3704/10/3598
f 3705/11/3599 3698/10/3599 3704/10/3599
f 3705/11/3586 3699/10/3586 3707/11/3586
f 3705/11/3600 3709/11/3601 3706/11/3602
f 3705/11/3603 3710/11/3604 3708/11/3605
f 3703/10/3606 3709/11/3606 3708/11/3606
f 3703/10/153 3710/11/153 3702/10/3607
f 3711/11/3608 3706/11/3609 3709/11/3608
f 3711/11/3610 3707/11/3610 3712/11/3611
f 3713/12/3599 3706/11/3599 3712/11/3599
f 3713/12/3586 3707/11/3586 3715/12/3586
f 3713/12/3612 3717/12/3613 3714/12/3612
f 3713/12/3614 3718/12/3614 3716/12/3615
f 3711/11/3606 3717/12/3606 3716/12/3606
f 3711/11/153 3718/12/153 3710/11/153
f 3719/12/3616 3714/12/3617 3717/12/3616
f 3719/12/3618 3715/12/3619 3720/12/3620
f 3721/13/3599 3714/12/3599 3720/12/3599
f 3721/13/3586 3715/12/3586 3723/13/3586
f 3721/13/3621 3725/13/3621 3722/13/3622
f 3721/13/3623 3726/13/3624 3724/13/3625
f 3719/12/3626 3725/13/3606 3724/13/3627
f 3719/12/3607 3726/13/153 3718/12/3607
f 3727/13/3628 3722/13/3629 3725/13/3628
f 3727/13/3630 3723/13/3631 3728/13/3632
f 3729/14/3599 3722/13/3599 3728/13/3599
f 3729/14/3586 3723/13/3586 3731/14/3586
f 3729/14/3633 3733/14/3633 3730/14/3633
f 3729/14/3634 3734/14/3634 3732/14/3634
f 3727/13/3606 3733/14/3606 3732/14/3606
f 3727/13/153 3734/14/153 3726/13/153
f 3735/14/3635 3730/14/3635 3733/14/3635
f 3735/14/3636 3731/14/3637 3736/14/3637
f 3737/15/3599 3730/14/3599 3736/14/3599
f 3737/15/3586 3731/14/3586 3739/15/3586
f 3737/15/3638 3741/15/3639 3738/15/3640
f 3737/15/3641 3742/15/3641 3740/15/3642
f 3735/14/3606 3741/15/3606 3740/15/3606
f 3735/14/153 3742/15/153 3734/14/153
f 3743/15/3643 3738/15/3644 3741/15/3643
f 3743/15/3645 3739/15/3645 3744/15/3645
f 3745/21/3599 3738/15/3599 3744/15/3599
f 3745/21/3586 3739/15/3586 3747/21/3586
f 3748/21/3646 3746/21/3647 3745/21/3648
f 3748/21/3649 3747/21/3649 3750/21/3649
f 3743/15/3606 3749/21/3606 3748/21/3606
f 3748/21/153 3742/15/153 3743/15/153
f 3752/21/3650 3749/21/3651 3751/21/3650
f 3752/21/3652 3750/21/3652 3747/21/3652
f 3752/21/3599 3754/17/3599 3746/21/3599
f 3752/21/3586 3755/17/3586 3753/17/3586
f 3756/17/3653 3754/17/3654 3753/17/3655
f 3756/17/3656 3755/17/3656 3758/17/3656
f 3756/17/3606 3749/21/3606 3757/17/3606
f 3756/17/153 3750/21/153 3751/21/3607
f 3760/17/3657 3757/17/3657 3759/17/3657
f 3760/17/3658 3758/17/3659 3755/17/3658
f 3760/17/3599 3762/18/3599 3754/17/3599
f 3760/17/3586 3763/18/3586 3761/18/3586
f 3764/18/3660 3762/18/3661 3761/18/3662
f 3764/18/3663 3763/18/3663 3766/18/3664
f 3764/18/3606 3757/17/3606 3765/18/3606
f 3764/18/153 3758/17/153 3759/17/3607
f 3768/18/3665 3765/18/3666 3767/18/3667
f 3768/18/3668 3766/18/3669 3763/18/3668
f 3768/18/3599 3770/19/3599 3762/18/3599
f 3768/18/3586 3771/19/3586 3769/19/3586
f 3772/19/3670 3770/19/3670 3769/19/3671
f 3772/19/3672 3771/19/3673 3774/19/3674
f 3772/19/3606 3765/18/3606 3773/19/3675
f 3772/19/3607 3766/18/153 3767/18/153
f 3776/19/3676 3773/19/3677 3775/19/3678
f 3776/19/3679 3774/19/3679 3771/19/3679
f 3776/19/3599 3778/20/3599 3770/19/3599
f 3776/19/3586 3779/20/3586 3777/20/3586
f 3780/20/3680 3778/20/3680 3777/20/3681
f 3780/20/3682 3779/20/3683 3782/20/3684
f 3780/20/3606 3773/19/3606 3781/20/3606
f 3780/20/153 3774/19/153 3775/19/153
f 3784/20/3685 3781/20/3686 3783/20/3687
f 3784/20/3688 3782/20/3689 3779/20/3690
f 3784/20/3599 45/3/3599 3778/20/3599
f 3784/20/3586 50/3/3586 3785/3/3586
f 3786/3/3691 45/3/3691 3785/3/3692
f 3786/3/3693 50/3/3694 134/3/3695
f 3786/3/3606 3781/20/3606 133/3/3606
f 3786/3/153 3782/20/153 3783/20/153
f 3787/1/3696 1166/1/3696 1058/1/3697
f 3787/1/3698 1167/1/3698 3788/1/3698
f 3789/10/3699 1166/1/3700 3788/1/3701
f 3788/1/3702 3702/10/3703 3789/10/3704
f 3789/10/3705 3791/10/3705 3701/10/3705
f 3789/10/3706 3792/10/3706 3790/10/3706
f 3790/10/3707 1058/1/3708 3791/10/3709
f 3787/1/3710 3792/10/3711 1059/1/3712
f 3793/10/3596 3701/10/3596 3791/10/3713
f 3793/10/3597 3702/10/3597 3794/10/3597
f 3795/11/3599 3701/10/3599 3794/10/3599
f 3795/11/3704 3702/10/3714 3710/11/3704
f 3795/11/3601 3797/11/3600 3709/11/3715
f 3795/11/3604 3798/11/3604 3796/11/3716
f 3793/10/3627 3797/11/3627 3796/11/3627
f 3793/10/225 3798/11/225 3792/10/225
f 3799/11/3717 3709/11/3717 3797/11/3718
f 3799/11/3719 3710/11/3720 3800/11/3611
f 3801/12/3599 3709/11/3599 3800/11/3599
f 3801/12/3714 3710/11/3704 3718/12/3714
f 3801/12/3612 3803/12/3612 3717/12/3612
f 3801/12/3721 3804/12/3721 3802/12/3722
f 3799/11/3627 3803/12/3627 3802/12/3627
f 3799/11/225 3804/12/225 3798/11/225
f 3805/12/3723 3717/12/3617 3803/12/3724
f 3805/12/3618 3718/12/3619 3806/12/3620
f 3807/13/3599 3717/12/3599 3806/12/3599
f 3807/13/3704 3718/12/3714 3726/13/3704
f 3807/13/3725 3809/13/3726 3725/13/3727
f 3807/13/3624 3810/13/3728 3808/13/3729
f 3805/12/3627 3809/13/3627 3808/13/3627
f 3805/12/225 3810/13/225 3804/12/3730
f 3811/13/3628 3725/13/3731 3809/13/3732
f 3811/13/3733 3726/13/3631 3812/13/3632
f 3813/14/3599 3725/13/3599 3812/13/3599
f 3813/14/3714 3726/13/3704 3734/14/3714
f 3813/14/3734 3815/14/3735 3733/14/3736
f 3813/14/3737 3816/14/3738 3814/14/3739
f 3811/13/3627 3815/14/3627 3814/14/3627
f 3811/13/225 3816/14/225 3810/13/225
f 3817/14/3740 3733/14/3741 3815/14/3740
f 3817/14/3742 3734/14/3743 3818/14/3744
f 3819/15/3599 3733/14/3599 3818/14/3599
f 3819/15/3714 3734/14/3704 3742/15/3714
f 3819/15/3640 3821/15/3745 3741/15/3640
f 3819/15/3746 3822/15/3641 3820/15/3747
f 3817/14/3627 3821/15/3627 3820/15/3627
f 3817/14/3730 3822/15/225 3816/14/3730
f 3823/15/3748 3741/15/3644 3821/15/3748
f 3823/15/3645 3742/15/3645 3824/15/3645
f 3825/21/3599 3741/15/3599 3824/15/3599
f 3824/15/3714 3750/21/3704 3825/21/3704
f 3826/21/3648 3749/21/3648 3825/21/3647
f 3826/21/3649 3750/21/3649 3828/21/3649
f 3823/15/3627 3827/21/3627 3826/21/3627
f 3826/21/225 3822/15/225 3823/15/225
f 3830/21/3749 3827/21/3749 3829/21/3750
f 3830/21/3751 3828/21/3751 3750/21/3751
f 3830/21/3599 3757/17/3599 3749/21/3599
f 3830/21/3714 3758/17/3704 3831/17/3704
f 3832/17/3752 3757/17/3655 3831/17/3654
f 3832/17/3753 3758/17/3753 3834/17/3754
f 3832/17/3627 3827/21/3627 3833/17/3627
f 3832/17/225 3828/21/225 3829/21/225
f 3836/17/3755 3833/17/3755 3835/17/3756
f 3836/17/3658 3834/17/3658 3758/17/3658
f 3836/17/3599 3765/18/3599 3757/17/3599
f 3836/17/3714 3766/18/3704 3837/18/3704
f 3838/18/3660 3765/18/3757 3837/18/3758
f 3838/18/3664 3766/18/3759 3840/18/3664
f 3838/18/3627 3833/17/3627 3839/18/3627
f 3838/18/225 3834/17/225 3835/17/225
f 3842/18/3760 3839/18/3761 3841/18/3762
f 3842/18/3763 3840/18/3764 3766/18/3765
f 3842/18/3599 3773/19/3599 3765/18/3599
f 3842/18/3704 3774/19/3714 3843/19/3714
f 3844/19/3766 3773/19/3767 3843/19/3768
f 3844/19/3769 3774/19/3770 3846/19/3769
f 3844/19/3627 3839/18/3627 3845/19/3627
f 3844/19/3730 3840/18/225 3841/18/225
f 3848/19/3771 3845/19/3771 3847/19/3676
f 3848/19/3772 3846/19/3772 3774/19/3772
f 3848/19/3599 3781/20/3599 3773/19/3599
f 3848/19/3714 3782/20/3714 3849/20/3704
f 3850/20/3773 3781/20/3773 3849/20/3774
f 3850/20/3775 3782/20/3776 3852/20/3775
f 3850/20/3627 3845/19/3627 3851/20/3627
f 3850/20/225 3846/19/3730 3847/19/3730
f 3854/20/3777 3851/20/3686 3853/20/3686
f 3854/20/3689 3852/20/3778 3782/20/3779
f 3854/20/3599 133/3/3599 3781/20/3599
f 3854/20/3714 134/3/3704 3855/3/3704
f 3856/3/3780 133/3/3780 3855/3/3780
f 3856/3/3781 134/3/3782 126/3/3781
f 3856/3/3627 3851/20/3627 125/3/3627
f 3856/3/3730 3852/20/225 3853/20/225
f 3857/1/3783 1058/1/3784 950/1/3785
f 3857/1/3786 1059/1/3787 3858/1/3788
f 3859/10/3789 1058/1/3790 3858/1/3791
f 3858/1/3792 3792/10/3793 3859/10/3704
f 3859/10/3588 3861/10/3588 3791/10/3794
f 3859/10/3795 3862/10/3796 3860/10/3797
f 3860/10/3798 950/1/3799 3861/10/3800
f 3857/1/3801 3862/10/3802 951/1/3803
f 3863/10/3804 3791/10/3805 3861/10/3806
f 3863/10/3807 3792/10/3807 3864/10/3808
f 3865/11/3809 3791/10/3809 3864/10/3809
f 3865/11/3704 3792/10/3704 3798/11/3704
f 3865/11/3601 3867/11/3600 3797/11/3601
f 3865/11/3603 3868/11/3810 3866/11/3811
f 3863/10/3627 3867/11/3627 3866/11/3627
f 3863/10/84 3868/11/84 3862/10/84
f 3869/11/3812 3797/11/3812 3867/11/3813
f 3869/11/3610 3798/11/3720 3870/11/3814
f 3871/12/3809 3797/11/3809 3870/11/3809
f 3871/12/3714 3798/11/3704 3804/12/3714
f 3871/12/3815 3873/12/3816 3803/12/3815
f 3871/12/3817 3874/12/3817 3872/12/3818
f 3869/11/3627 3873/12/3627 3872/12/3627
f 3869/11/84 3874/12/84 3868/11/84
f 3875/12/3723 3803/12/3819 3873/12/3724
f 3875/12/3820 3804/12/3618 3876/12/3620
f 3877/13/3809 3803/12/3809 3876/12/3809
f 3877/13/3704 3804/12/3704 3810/13/3704
f 3877/13/3821 3879/13/3821 3809/13/3726
f 3877/13/3822 3880/13/3822 3878/13/3822
f 3875/12/3627 3879/13/3627 3878/13/3627
f 3875/12/84 3880/13/84 3874/12/84
f 3881/13/3732 3809/13/3823 3879/13/3732
f 3881/13/3631 3810/13/3631 3882/13/3632
f 3883/14/3809 3809/13/3809 3882/13/3809
f 3883/14/3714 3810/13/3704 3816/14/3714
f 3883/14/3824 3885/14/3824 3815/14/3825
f 3883/14/3826 3886/14/3827 3884/14/3828
f 3881/13/3627 3885/14/3627 3884/14/3627
f 3881/13/84 3886/14/84 3880/13/84
f 3887/14/3741 3815/14/3741 3885/14/3741
f 3887/14/3829 3816/14/3829 3888/14/3829
f 3889/15/3809 3815/14/3809 3888/14/3809
f 3889/15/3704 3816/14/3704 3822/15/3704
f 3889/15/3830 3891/15/3640 3821/15/3831
f 3889/15/3832 3892/15/3833 3890/15/3834
f 3887/14/3627 3891/15/3627 3890/15/3627
f 3887/14/84 3892/15/84 3886/14/84
f 3893/15/3835 3821/15/3835 3891/15/3835
f 3893/15/3645 3822/15/3645 3894/15/3645
f 3895/21/3809 3821/15/3809 3894/15/3809
f 3894/15/3704 3828/21/3704 3895/21/3704
f 3896/21/3836 3827/21/3836 3895/21/3836
f 3896/21/3649 3828/21/3649 3898/21/3837
f 3893/15/3627 3897/21/3627 3896/21/3627
f 3893/15/84 3898/21/84 3892/15/84
f 3900/21/3838 3897/21/3839 3899/21/3839
f 3900/21/3840 3898/21/3840 3828/21/3841
f 3900/21/3809 3833/17/3809 3827/21/3809
f 3900/21/3704 3834/17/3704 3901/17/3704
f 3902/17/3842 3833/17/3843 3901/17/3844
f 3902/17/3845 3834/17/3754 3904/17/3845
f 3902/17/3627 3897/21/3627 3903/17/3627
f 3902/17/84 3898/21/84 3899/21/84
f 3906/17/3755 3903/17/3755 3905/17/3657
f 3906/17/3846 3904/17/3846 3834/17/3846
f 3906/17/3809 3839/18/3809 3833/17/3809
f 3906/17/3704 3840/18/3704 3907/18/3704
f 3908/18/3847 3839/18/3757 3907/18/3848
f 3908/18/3759 3840/18/3759 3910/18/3759
f 3908/18/3627 3903/17/3627 3909/18/3627
f 3908/18/84 3904/17/84 3905/17/84
f 3912/18/3849 3909/18/3849 3911/18/3850
f 3912/18/3851 3910/18/3851 3840/18/3765
f 3912/18/3809 3845/19/3809 3839/18/3809
f 3912/18/3704 3846/19/3704 3913/19/3704
f 3914/19/3766 3845/19/3766 3913/19/3852
f 3914/19/3853 3846/19/3853 3916/19/3853
f 3914/19/3627 3909/18/3627 3915/19/3627
f 3914/19/84 3910/18/84 3911/18/84
f 3918/19/3854 3915/19/3771 3917/19/3771
f 3918/19/3679 3916/19/3855 3846/19/3772
f 3918/19/3809 3851/20/3809 3845/19/3809
f 3918/19/3704 3852/20/3704 3919/20/3704
f 3920/20/3856 3851/20/3857 3919/20/3858
f 3920/20/3859 3852/20/3776 3922/20/3682
f 3920/20/3627 3915/19/3627 3921/20/3627
f 3920/20/84 3916/19/84 3917/19/84
f 3924/20/3777 3921/20/3686 3923/20/3860
f 3924/20/3861 3922/20/3862 3852/20/3861
f 3924/20/3809 125/3/3809 3851/20/3809
f 3924/20/3704 126/3/3704 3925/3/3704
f 3926/3/3863 125/3/3864 3925/3/3865
f 3926/3/3866 126/3/3867 118/3/3868
f 3926/3/3627 3921/20/3627 117/3/3627
f 3926/3/84 3922/20/84 3923/20/84
f 3927/1/3784 950/1/3696 842/1/3784
f 3927/1/3698 951/1/3698 3928/1/3698
f 3929/10/3869 950/1/3870 3928/1/3583
f 3928/1/3871 3862/10/3872 3929/10/3586
f 3929/10/3588 3931/10/3588 3861/10/3588
f 3929/10/3589 3932/10/3589 3930/10/3589
f 3930/10/3873 842/1/3874 3931/10/3875
f 3927/1/3876 3932/10/3877 843/1/3878
f 3933/10/3596 3861/10/3596 3931/10/3596
f 3933/10/3879 3862/10/3879 3934/10/3598
f 3935/11/3599 3861/10/3599 3934/10/3599
f 3935/11/3586 3862/10/3586 3868/11/3586
f 3935/11/3602 3937/11/3602 3867/11/3602
f 3935/11/3880 3938/11/3880 3936/11/3880
f 3933/10/3606 3937/11/3606 3936/11/3606
f 3933/10/153 3938/11/153 3932/10/153
f 3939/11/3608 3867/11/3609 3937/11/3608
f 3939/11/3881 3868/11/3610 3940/11/3611
f 3941/12/3599 3867/11/3599 3940/11/3599
f 3941/12/3586 3868/11/3586 3874/12/3586
f 3941/12/3882 3943/12/3883 3873/12/3612
f 3941/12/3721 3944/12/3818 3942/12/3884
f 3939/11/3606 3943/12/3606 3942/12/3606
f 3939/11/3607 3944/12/153 3938/11/3607
f 3945/12/3885 3873/12/3616 3943/12/3885
f 3945/12/3820 3874/12/3886 3946/12/3887
f 3947/13/3599 3873/12/3599 3946/12/3599
f 3947/13/3586 3874/12/3586 3880/13/3586
f 3947/13/3622 3949/13/3622 3879/13/3622
f 3947/13/3888 3950/13/3888 3948/13/3822
f 3945/12/3606 3949/13/3606 3948/13/3606
f 3945/12/3607 3950/13/153 3944/12/3607
f 3951/13/3889 3879/13/3890 3949/13/3889
f 3951/13/3891 3880/13/3891 3952/13/3891
f 3953/14/3599 3879/13/3599 3952/13/3599
f 3953/14/3586 3880/13/3586 3886/14/3586
f 3953/14/3892 3955/14/3893 3885/14/3892
f 3953/14/3828 3956/14/3828 3954/14/3634
f 3951/13/3606 3955/14/3606 3954/14/3606
f 3951/13/153 3956/14/153 3950/13/153
f 3957/14/3740 3885/14/3740 3955/14/3635
f 3957/14/3637 3886/14/3894 3958/14/3895
f 3959/15/3599 3885/14/3599 3958/14/3599
f 3959/15/3586 3886/14/3586 3892/15/3586
f 3959/15/3640 3961/15/3640 3891/15/3640
f 3959/15/3896 3962/15/3896 3960/15/3896
f 3957/14/3606 3961/15/3606 3960/15/3606
f 3957/14/3607 3962/15/153 3956/14/3607
f 3963/15/3643 3891/15/3644 3961/15/3643
f 3963/15/3645 3892/15/3645 3964/15/3645
f 3964/15/3599 3897/21/3599 3891/15/3599
f 3964/15/3586 3898/21/3586 3965/21/3586
f 3966/21/3646 3897/21/3647 3965/21/3836
f 3966/21/3649 3898/21/3649 3968/21/3649
f 3963/15/3606 3967/21/3606 3966/21/3606
f 3966/21/153 3962/15/153 3963/15/153
f 3970/21/3650 3967/21/3650 3969/21/3897
f 3970/21/3652 3968/21/3652 3898/21/3652
f 3970/21/3599 3903/17/3599 3897/21/3599
f 3970/21/3586 3904/17/3586 3971/17/3586
f 3972/17/3842 3903/17/3842 3971/17/3898
f 3972/17/3754 3904/17/3754 3974/17/3754
f 3972/17/3606 3967/21/3606 3973/17/3606
f 3972/17/3607 3968/21/153 3969/21/153
f 3976/17/3899 3973/17/3899 3975/17/3900
f 3976/17/3901 3974/17/3902 3904/17/3901
f 3976/17/3599 3909/18/3599 3903/17/3599
f 3976/17/3586 3910/18/3586 3977/18/3586
f 3978/18/3660 3909/18/3758 3977/18/3758
f 3978/18/3903 3910/18/3759 3980/18/3664
f 3978/18/3606 3973/17/3606 3979/18/3606
f 3978/18/153 3974/17/153 3975/17/153
f 3982/18/3904 3979/18/3905 3981/18/3906
f 3982/18/3765 3980/18/3764 3910/18/3765
f 3982/18/3599 3915/19/3599 3909/18/3599
f 3982/18/3586 3916/19/3586 3983/19/3586
f 3984/19/3907 3915/19/3908 3983/19/3670
f 3984/19/3770 3916/19/3769 3986/19/3909
f 3984/19/3675 3979/18/3606 3985/19/3675
f 3984/19/3607 3980/18/153 3981/18/153
f 3988/19/3910 3985/19/3771 3987/19/3677
f 3988/19/3772 3986/19/3772 3916/19/3911
f 3988/19/3599 3921/20/3599 3915/19/3599
f 3988/19/3586 3922/20/3586 3989/20/3586
f 3990/20/3773 3921/20/3773 3989/20/3912
f 3990/20/3913 3922/20/3775 3992/20/3859
f 3990/20/3606 3985/19/3606 3991/20/3606
f 3990/20/153 3986/19/153 3987/19/153
f 3994/20/3914 3991/20/3685 3993/20/3685
f 3994/20/3688 3992/20/3688 3922/20/3688
f 3994/20/3599 117/3/3599 3921/20/3599
f 3994/20/3586 118/3/3586 3995/3/3586
f 3996/3/3915 117/3/3916 3995/3/3917
f 3996/3/3867 118/3/3867 110/3/3695
f 3996/3/3606 3991/20/3606 109/3/3675
f 3996/3/153 3992/20/153 3993/20/153
f 3997/1/3783 842/1/3918 734/1/3576
f 3997/1/3579 843/1/3579 3998/1/3580
f 3999/10/3919 842/1/3920 3998/1/3921
f 3998/1/3922 3932/10/3923 3999/10/3714
f 3999/10/3705 4001/10/3705 3931/10/3705
f 3999/10/3589 4002/10/3589 4000/10/3589
f 4000/10/3924 734/1/3925 4001/10/3926
f 3997/1/3927 4002/10/3928 735/1/3929
f 4003/10/3596 3931/10/3596 4001/10/3713
f 4003/10/3930 3932/10/3930 4004/10/3598
f 4005/11/3599 3931/10/3599 4004/10/3599
f 4005/11/3704 3932/10/3714 3938/11/3704
f 4005/11/3600 4007/11/3715 3937/11/3931
f 4005/11/3932 4008/11/3933 4006/11/3934
f 4003/10/3627 4007/11/3627 4006/11/3627
f 4003/10/138 4008/11/138 4002/10/138
f 4009/11/3935 3937/11/3608 4007/11/3717
f 4009/11/3611 3938/11/3611 4010/11/3611
f 4011/12/3599 3937/11/3599 4010/11/3599
f 4011/12/3704 3938/11/3704 3944/12/3704
f 4011/12/3612 4013/12/3815 3943/12/3612
f 4011/12/3817 4014/12/3817 4012/12/3936
f 4009/11/3627 4013/12/3627 4012/12/3627
f 4009/11/138 4014/12/138 4008/11/138
f 4015/12/3616 3943/12/3616 4013/12/3724
f 4015/12/3886 3944/12/3886 4016/12/3887
f 4017/13/3599 3943/12/3599 4016/12/3599
f 4017/13/3714 3944/12/3704 3950/13/3714
f 4017/13/3937 4019/13/3938 3949/13/3937
f 4017/13/3939 4020/13/3940 4018/13/3888
f 4015/12/3627 4019/13/3627 4018/13/3627
f 4015/12/138 4020/13/138 4014/12/138
f 4021/13/3732 3949/13/3941 4019/13/3732
f 4021/13/3733 3950/13/3942 4022/13/3943
f 4023/14/3599 3949/13/3599 4022/13/3599
f 4023/14/3704 3950/13/3704 3956/14/3704
f 4023/14/3893 4025/14/3944 3955/14/3892
f 4023/14/3945 4026/14/3945 4024/14/3828
f 4021/13/3627 4025/14/3627 4024/14/3627
f 4021/13/138 4026/14/138 4020/13/138
f 4027/14/3635 3955/14/3740 4025/14/3946
f 4027/14/3742 3956/14/3894 4028/14/3895
f 4029/15/3599 3955/14/3599 4028/14/3599
f 4029/15/3704 3956/14/3704 3962/15/3704
f 4029/15/3830 4031/15/3831 3961/15/3640
f 4029/15/3896 4032/15/3896 4030/15/3896
f 4027/14/3627 4031/15/3627 4030/15/3627
f 4027/14/138 4032/15/138 4026/14/138
f 4033/15/3748 3961/15/3748 4031/15/3835
f 4033/15/3645 3962/15/3645 4034/15/3645
f 4034/15/3599 3967/21/3599 3961/15/3599
f 4034/15/3704 3968/21/3704 4035/21/3704
f 4036/21/3648 3967/21/3648 4035/21/3648
f 4036/21/3649 3968/21/3649 4038/21/3649
f 4036/21/3627 4031/15/3627 4037/21/3627
f 4036/21/138 4032/15/138 4033/15/138
f 4040/21/3947 4037/21/3948 4039/21/3949
f 4040/21/3751 4038/21/3652 3968/21/3950
f 4040/21/3599 3973/17/3599 3967/21/3599
f 4040/21/3704 3974/17/3704 4041/17/3704
f 4042/17/3842 3973/17/3842 4041/17/3842
f 4042/17/3845 3974/17/3754 4044/17/3845
f 4042/17/3627 4037/21/3627 4043/17/3627
f 4042/17/138 4038/21/138 4039/21/138
f 4046/17/3951 4043/17/3755 4045/17/3755
f 4046/17/3846 4044/17/3846 3974/17/3846
f 4046/17/3599 3979/18/3599 3973/17/3599
f 4046/17/3704 3980/18/3714 4047/18/3714
f 4048/18/3952 3979/18/3952 4047/18/3952
f 4048/18/3953 3980/18/3954 4050/18/3953
f 4048/18/3627 4043/17/3627 4049/18/3627
f 4048/18/138 4044/17/138 4045/17/138
f 4052/18/3904 4049/18/3904 4051/18/3905
f 4052/18/3955 4050/18/3955 3980/18/3955
f 4052/18/3599 3985/19/3599 3979/18/3599
f 4052/18/3714 3986/19/3704 4053/19/3704
f 4054/19/3852 3985/19/3956 4053/19/3957
f 4054/19/3958 3986/19/3959 4056/19/3958
f 4054/19/3627 4049/18/3627 4055/19/3627
f 4054/19/138 4050/18/138 4051/18/138
f 4058/19/3676 4055/19/3771 4057/19/3960
f 4058/19/3855 4056/19/3772 3986/19/3961
f 4058/19/3599 3991/20/3599 3985/19/3599
f 4058/19/3704 3992/20/3704 4059/20/3704
f 4060/20/3962 3991/20/3963 4059/20/3774
f 4060/20/3682 3992/20/3682 4062/20/3682
f 4060/20/3627 4055/19/3627 4061/20/3627
f 4060/20/138 4056/19/138 4057/19/138
f 4064/20/3964 4061/20/3860 4063/20/3965
f 4064/20/3689 4062/20/3688 3992/20/3966
f 4064/20/3599 109/3/3599 3991/20/3599
f 4064/20/3704 110/3/3704 4065/3/3704
f 4066/3/3967 109/3/3967 4065/3/3863
f 4066/3/3968 110/3/3968 102/3/3968
f 4066/3/3627 4061/20/3627 101/3/3627
f 4066/3/138 4062/20/138 4063/20/138
f 4067/1/3783 734/1/3784 626/1/3785
f 4067/1/3786 735/1/3787 4068/1/3788
f 4069/10/3969 734/1/3970 4068/1/3791
f 4068/1/3971 4002/10/3972 4069/10/3973
f 4069/10/3974 4071/10/3975 4001/10/3974
f 4069/10/3976 4072/10/3589 4070/10/3706
f 4070/10/3977 626/1/3978 4071/10/3979
f 4067/1/3980 4072/10/3981 627/1/3982
f 4073/10/3805 4001/10/3983 4071/10/3805
f 4073/10/3984 4002/10/3985 4074/10/3986
f 4075/11/3809 4001/10/3809 4074/10/3809
f 4075/11/3973 4002/10/3973 4008/11/3973
f 4075/11/3987 4077/11/3715 4007/11/3987
f 4075/11/3603 4078/11/3603 4076/11/3811
f 4073/10/3627 4077/11/3627 4076/11/3627
f 4073/10/84 4078/11/84 4072/10/84
f 4079/11/3812 4007/11/3717 4077/11/3812
f 4079/11/3610 4008/11/3610 4080/11/3988
f 4081/12/3989 4007/11/3809 4080/11/3809
f 4081/12/3973 4008/11/3973 4014/12/3973
f 4081/12/3816 4083/12/3815 4013/12/3990
f 4081/12/3614 4084/12/3991 4082/12/3992
f 4079/11/3627 4083/12/3627 4082/12/3627
f 4079/11/84 4084/12/84 4078/11/84
f 4085/12/3993 4013/12/3723 4083/12/3819
f 4085/12/3994 4014/12/3886 4086/12/3995
f 4087/13/3809 4013/12/3809 4086/12/3809
f 4087/13/3973 4014/12/3973 4020/13/3973
f 4087/13/3725 4089/13/3727 4019/13/3726
f 4087/13/3996 4090/13/3997 4088/13/3997
f 4085/12/3627 4089/13/3627 4088/13/3627
f 4085/12/84 4090/13/84 4084/12/84
f 4091/13/3998 4019/13/3999 4089/13/3732
f 4091/13/4000 4020/13/3891 4092/13/4001
f 4093/14/3809 4019/13/3809 4092/13/3809
f 4093/14/3973 4020/13/3973 4026/14/3973
f 4093/14/3944 4095/14/3944 4025/14/3944
f 4093/14/4002 4096/14/4003 4094/14/3945
f 4091/13/3627 4095/14/3627 4094/14/3627
f 4091/13/84 4096/14/84 4090/13/84
f 4097/14/4004 4025/14/3740 4095/14/3946
f 4097/14/4005 4026/14/3895 4098/14/4006
f 4099/15/3809 4025/14/3809 4098/14/3809
f 4099/15/3973 4026/14/3973 4032/15/3973
f 4099/15/3831 4101/15/3831 4031/15/3831
f 4099/15/3641 4102/15/3832 4100/15/3832
f 4097/14/3627 4101/15/3627 4100/15/3627
f 4097/14/84 4102/15/84 4096/14/84
f 4103/15/3835 4031/15/3835 4101/15/4007
f 4103/15/4008 4032/15/4008 4104/15/4008
f 4105/21/3809 4031/15/3809 4104/15/3809
f 4105/21/3973 4032/15/3973 4038/21/3973
f 4106/21/3836 4037/21/3836 4105/21/3836
f 4106/21/3837 4038/21/3837 4108/21/3837
f 4103/15/3627 4107/21/3627 4106/21/3627
f 4106/21/84 4102/15/84 4103/15/84
f 4110/21/4009 4107/21/3947 4109/21/3949
f 4110/21/3751 4108/21/4010 4038/21/3751
f 4110/21/3809 4043/17/3809 4037/21/3809
f 4110/21/3973 4044/17/3973 4111/17/3973
f 4112/17/4011 4043/17/4012 4111/17/4013
f 4112/17/3656 4044/17/4014 4114/17/3656
f 4112/17/3627 4107/21/3627 4113/17/3627
f 4112/17/84 4108/21/84 4109/21/84
f 4116/17/3755 4113/17/3755 4115/17/3755
f 4116/17/4015 4114/17/4016 4044/17/4015
f 4116/17/3809 4049/18/3809 4043/17/3989
f 4116/17/3973 4050/18/3973 4117/18/3973
f 4118/18/3661 4049/18/4017 4117/18/4018
f 4118/18/3953 4050/18/3954 4120/18/3953
f 4118/18/3627 4113/17/3627 4119/18/3627
f 4118/18/84 4114/17/84 4115/17/84
f 4122/18/3760 4119/18/3665 4121/18/3666
f 4122/18/4019 4120/18/4020 4050/18/4019
f 4122/18/3809 4055/19/3809 4049/18/3809
f 4122/18/3973 4056/19/3973 4123/19/3973
f 4124/19/4021 4055/19/3768 4123/19/4022
f 4124/19/4023 4056/19/4024 4126/19/3909
f 4124/19/3627 4119/18/3627 4125/19/3627
f 4124/19/84 4120/18/84 4121/18/84
f 4128/19/4025 4125/19/4026 4127/19/4026
f 4128/19/4027 4126/19/4027 4056/19/4027
f 4128/19/3809 4061/20/3989 4055/19/3809
f 4128/19/3973 4062/20/3973 4129/20/3973
f 4130/20/4028 4061/20/4028 4129/20/4028
f 4130/20/4029 4062/20/4029 4132/20/3859
f 4130/20/3627 4125/19/3627 4131/20/3627
f 4130/20/84 4126/19/84 4127/19/84
f 4134/20/4030 4131/20/4031 4133/20/4032
f 4134/20/3861 4132/20/4033 4062/20/4034
f 4134/20/3809 101/3/3809 4061/20/3809
f 4134/20/3973 102/3/3973 4135/3/3973
f 4136/3/3967 101/3/3780 4135/3/3780
f 4136/3/4035 102/3/4035 94/3/3867
f 4136/3/3627 4131/20/3627 93/3/3627
f 4136/3/84 4132/20/84 4133/20/84
f 4137/1/3784 626/1/3696 518/1/3784
f 4137/1/3698 627/1/3698 4138/1/3698
f 4139/10/4036 626/1/4037 4138/1/3583
f 4138/1/4038 4072/10/4039 4139/10/3586
f 4139/10/4040 4141/10/4041 4071/10/4040
f 4139/10/4042 4142/10/4043 4140/10/3706
f 4140/10/4044 518/1/4045 4141/10/4046
f 4137/1/4047 4142/10/4048 519/1/4049
f 4143/10/4050 4071/10/4050 4141/10/4050
f 4143/10/4051 4072/10/4052 4144/10/4053
f 4145/11/3599 4071/10/3599 4144/10/3599
f 4145/11/3586 4072/10/3586 4078/11/3586
f 4145/11/3931 4147/11/3931 4077/11/3931
f 4145/11/3880 4148/11/3880 4146/11/3880
f 4143/10/4054 4147/11/4055 4146/11/4055
f 4143/10/153 4148/11/153 4142/10/153
f 4149/11/4056 4077/11/4057 4147/11/3717
f 4149/11/3719 4078/11/3814 4150/11/4058
f 4151/12/3599 4077/11/3599 4150/11/3599
f 4151/12/3586 4078/11/3586 4084/12/3586
f 4151/12/3612 4153/12/3612 4083/12/3612
f 4151/12/3614 4154/12/3614 4152/12/3615
f 4149/11/4054 4153/12/4055 4152/12/4055
f 4149/11/153 4154/12/153 4148/11/153
f 4155/12/4059 4083/12/4059 4153/12/4059
f 4155/12/4060 4084/12/4061 4156/12/4061
f 4157/13/3599 4083/12/3599 4156/12/3599
f 4157/13/3586 4084/12/3586 4090/13/3586
f 4157/13/3727 4159/13/3727 4089/13/3727
f 4157/13/4062 4160/13/4063 4158/13/4064
f 4155/12/4054 4159/13/4055 4158/13/4055
f 4155/12/153 4160/13/3607 4154/12/153
f 4161/13/3941 4089/13/3941 4159/13/3732
f 4161/13/3942 4090/13/3942 4162/13/3943
f 4163/14/3599 4089/13/3599 4162/13/3599
f 4163/14/3586 4090/13/3586 4096/14/3586
f 4163/14/3944 4165/14/3944 4095/14/3893
f 4163/14/3828 4166/14/3828 4164/14/3634
f 4161/13/4055 4165/14/4055 4164/14/4054
f 4161/13/153 4166/14/153 4160/13/153
f 4167/14/3741 4095/14/3740 4165/14/3946
f 4167/14/3742 4096/14/3742 4168/14/3895
f 4169/15/3599 4095/14/3599 4168/14/3599
f 4169/15/3586 4096/14/3586 4102/15/3586
f 4169/15/3831 4171/15/3831 4101/15/3830
f 4169/15/3896 4172/15/3896 4170/15/4065
f 4167/14/4054 4171/15/4054 4170/15/4054
f 4167/14/153 4172/15/153 4166/14/153
f 4173/15/3835 4101/15/3748 4171/15/3835
f 4173/15/3645 4102/15/3645 4174/15/3645
f 4175/21/3599 4101/15/3599 4174/15/3599
f 4175/21/3586 4102/15/3586 4108/21/3586
f 4176/21/3836 4107/21/3648 4175/21/3648
f 4176/21/3649 4108/21/3649 4178/21/3649
f 4173/15/4055 4177/21/4054 4176/21/4054
f 4176/21/153 4172/15/153 4173/15/153
f 4180/21/4066 4177/21/3948 4179/21/3949
f 4180/21/4067 4178/21/4067 4108/21/4068
f 4180/21/3599 4113/17/3599 4107/21/3599
f 4180/21/3586 4114/17/3586 4181/17/3586
f 4182/17/4069 4113/17/4012 4181/17/4070
f 4182/17/3845 4114/17/3845 4184/17/3754
f 4182/17/4054 4177/21/4055 4183/17/4054
f 4182/17/153 4178/21/153 4179/21/153
f 4186/17/3951 4183/17/3755 4185/17/3657
f 4186/17/3902 4184/17/3902 4114/17/4071
f 4186/17/3599 4119/18/3599 4113/17/3599
f 4186/17/3586 4120/18/3586 4187/18/3586
f 4188/18/3662 4119/18/3662 4187/18/3662
f 4188/18/3663 4120/18/3663 4190/18/3663
f 4188/18/4054 4183/17/4055 4189/18/4054
f 4188/18/153 4184/17/153 4185/17/153
f 4192/18/3665 4189/18/3665 4191/18/3666
f 4192/18/3668 4190/18/4072 4120/18/3668
f 4192/18/3599 4125/19/3599 4119/18/3599
f 4192/18/3586 4126/19/3586 4193/19/3586
f 4194/19/4073 4125/19/4073 4193/19/4074
f 4194/19/4075 4126/19/4075 4196/19/4075
f 4194/19/4055 4189/18/4055 4195/19/4055
f 4194/19/153 4190/18/3607 4191/18/3607
f 4198/19/3677 4195/19/3676 4197/19/3771
f 4198/19/3961 4196/19/3961 4126/19/3961
f 4198/19/3599 4131/20/3599 4125/19/3599
f 4198/19/3586 4132/20/3586 4199/20/3586
f 4200/20/4076 4131/20/3773 4199/20/3774
f 4200/20/3775 4132/20/3776 4202/20/3775
f 4200/20/4055 4195/19/4055 4201/20/4055
f 4200/20/153 4196/19/3607 4197/19/3607
f 4204/20/3777 4201/20/3686 4203/20/3860
f 4204/20/3689 4202/20/3861 4132/20/3689
f 4204/20/3599 93/3/3599 4131/20/3599
f 4204/20/3586 94/3/3586 4205/3/3586
f 4206/3/4077 93/3/3864 4205/3/3863
f 4206/3/4078 94/3/3693 86/3/4078
f 4206/3/4055 4201/20/4055 85/3/4055
f 4206/3/153 4202/20/153 4203/20/153
f 4207/1/3696 518/1/4079 375/1/3697
f 4207/1/3698 519/1/3698 4208/1/3698
f 4209/10/4080 518/1/4081 4208/1/3583
f 4208/1/4082 4142/10/4083 4209/10/3586
f 4209/10/3974 4211/10/3974 4141/10/3974
f 4209/10/3976 4212/10/3589 4210/10/4084
f 4210/10/4085 375/1/4086 4211/10/4087
f 4207/1/4088 4212/10/4089 376/1/4090
f 4213/10/4091 4141/10/4092 4211/10/3713
f 4213/10/3597 4142/10/3807 4214/10/3808
f 4215/11/4093 4141/10/4093 4214/10/4093
f 4215/11/3586 4142/10/3586 4148/11/3586
f 4215/11/3601 4217/11/3600 4147/11/3601
f 4215/11/3603 4218/11/3603 4216/11/3603
f 4213/10/3627 4217/11/3627 4216/11/3627
f 4213/10/138 4218/11/138 4212/10/138
f 4219/11/3812 4147/11/3718 4217/11/3813
f 4219/11/3610 4148/11/3720 4220/11/3814
f 4221/12/4093 4147/11/4093 4220/11/4093
f 4221/12/3586 4148/11/3586 4154/12/3586
f 4221/12/4094 4223/12/4094 4153/12/4094
f 4221/12/3721 4224/12/3721 4222/12/4095
f 4219/11/3627 4223/12/3627 4222/12/3627
f 4219/11/138 4224/12/138 4218/11/138
f 4225/12/3724 4153/12/3819 4223/12/4096
f 4225/12/3886 4154/12/3820 4226/12/4097
f 4227/13/4093 4153/12/4093 4226/12/4093
f 4227/13/3586 4154/12/3586 4160/13/3586
f 4227/13/3726 4229/13/3727 4159/13/3821
f 4227/13/3996 4230/13/3996 4228/13/3997
f 4225/12/3627 4229/13/3627 4228/13/3627
f 4225/12/138 4230/13/138 4224/12/138
f 4231/13/3998 4159/13/4098 4229/13/3732
f 4231/13/3733 4160/13/3733 4232/13/4099
f 4233/14/4093 4159/13/4093 4232/13/4093
f 4233/14/3586 4160/13/3586 4166/14/3586
f 4233/14/3944 4235/14/3944 4165/14/3944
f 4233/14/3945 4236/14/3945 4234/14/3827
f 4231/13/3627 4235/14/3627 4234/14/3627
f 4231/13/138 4236/14/138 4230/13/138
f 4237/14/3635 4165/14/3741 4235/14/4100
f 4237/14/4005 4166/14/4005 4238/14/4005
f 4239/15/4093 4165/14/4093 4238/14/4093
f 4239/15/3586 4166/14/3586 4172/15/3586
f 4239/15/3831 4241/15/3831 4171/15/4101
f 4239/15/4102 4242/15/3896 4240/15/3896
f 4237/14/3627 4241/15/3627 4240/15/3627
f 4237/14/138 4242/15/138 4236/14/138
f 4243/15/3835 4171/15/3835 4241/15/4007
f 4243/15/3645 4172/15/3645 4244/15/3645
f 4245/21/4093 4171/15/4093 4244/15/4093
f 4244/15/3586 4178/21/3586 4245/21/3586
f 4246/21/3836 4177/21/3836 4245/21/4103
f 4246/21/3649 4178/21/3649 4248/21/4104
f 4243/15/3627 4247/21/3627 4246/21/3627
f 4246/21/138 4242/15/138 4243/15/138
f 4250/21/4105 4247/21/4105 4249/21/4105
f 4250/21/3950 4248/21/3950 4178/21/3950
f 4250/21/3599 4183/17/4106 4177/21/4106
f 4250/21/3586 4184/17/3586 4251/17/3586
f 4252/17/3842 4183/17/4011 4251/17/4012
f 4252/17/3845 4184/17/4107 4254/17/3845
f 4252/17/3627 4247/21/3627 4253/17/3627
f 4252/17/138 4248/21/138 4249/21/138
f 4256/17/3755 4253/17/3755 4255/17/3755
f 4256/17/3846 4254/17/3846 4184/17/3846
f 4256/17/4106 4189/18/4106 4183/17/4093
f 4256/17/3586 4190/18/3586 4257/18/3586
f 4258/18/3661 4189/18/4108 4257/18/4109
f 4258/18/3903 4190/18/3664 4260/18/3903
f 4258/18/3627 4253/17/3627 4259/18/3627
f 4258/18/138 4254/17/138 4255/17/138
f 4262/18/3761 4259/18/3665 4261/18/3666
f 4262/18/4019 4260/18/4019 4190/18/3668
f 4262/18/4093 4195/19/4093 4189/18/4093
f 4262/18/3586 4196/19/3586 4263/19/3586
f 4264/19/3671 4195/19/4021 4263/19/4110
f 4264/19/3853 4196/19/3769 4266/19/3853
f 4264/19/3627 4259/18/3627 4265/19/3627
f 4264/19/138 4260/18/138 4261/18/138
f 4268/19/3854 4265/19/3771 4267/19/3676
f 4268/19/3679 4266/19/3855 4196/19/3679
f 4268/19/4093 4201/20/4093 4195/19/4093
f 4268/19/3586 4202/20/3586 4269/20/3586
f 4270/20/3856 4201/20/4111 4269/20/4112
f 4270/20/3859 4202/20/3776 4272/20/3682
f 4270/20/3627 4265/19/3627 4271/20/3627
f 4270/20/138 4266/19/138 4267/19/138
f 4274/20/3777 4271/20/3686 4273/20/3860
f 4274/20/3861 4272/20/3861 4202/20/3861
f 4274/20/4106 85/3/4106 4201/20/4093
f 4274/20/3586 86/3/3586 4275/3/3586
f 4276/3/3863 85/3/3864 4275/3/4113
f 4276/3/4035 86/3/3867 78/3/3868
f 4276/3/3627 4271/20/3627 77/3/3627
f 4276/3/138 4272/20/138 4273/20/138
f 4277/1/3785 375/1/3783 374/1/3785
f 4277/1/3698 376/1/3698 4278/1/3698
f 4279/10/4114 375/1/4115 4278/1/3791
f 4278/1/4116 4212/10/4117 4279/10/3973
f 4279/10/4041 4281/10/4041 4211/10/4041
f 4279/10/4118 4282/10/4118 4280/10/4118
f 4280/10/4119 374/1/4120 4281/10/4121
f 4277/1/4122 4282/10/4123 377/1/4124
f 4283/10/4125 4211/10/4125 4281/10/4125
f 4283/10/3986 4212/10/3986 4284/10/3986
f 4285/11/3809 4211/10/3809 4284/10/3809
f 4285/11/3973 4212/10/3973 4218/11/3973
f 4285/11/4126 4287/11/4126 4217/11/4126
f 4285/11/4127 4288/11/4128 4286/11/4129
f 4283/10/3627 4287/11/3627 4286/11/3627
f 4283/10/84 4288/11/84 4282/10/84
f 4289/11/3609 4217/11/3609 4287/11/4130
f 4289/11/4131 4218/11/4131 4290/11/3988
f 4291/12/3809 4217/11/3809 4290/11/3809
f 4291/12/3973 4218/11/3973 4224/12/3973
f 4291/12/3990 4293/12/3990 4223/12/3990
f 4291/12/3817 4294/12/3817 4292/12/3818
f 4289/11/3627 4293/12/3627 4292/12/3627
f 4289/11/84 4294/12/84 4288/11/84
f 4295/12/4132 4223/12/4132 4293/12/4132
f 4295/12/4133 4224/12/4134 4296/12/4135
f 4297/13/3809 4223/12/3809 4296/12/3809
f 4297/13/3973 4224/12/3973 4230/13/3973
f 4297/13/3821 4299/13/3821 4229/13/3726
f 4297/13/3996 4300/13/4062 4298/13/3822
f 4295/12/3627 4299/13/3627 4298/13/3627
f 4295/12/84 4300/13/84 4294/12/84
f 4301/13/3998 4229/13/3999 4299/13/3998
f 4301/13/4000 4230/13/3891 4302/13/4001
f 4303/14/3809 4229/13/3809 4302/13/3809
f 4303/14/3973 4230/13/3973 4236/14/3973
f 4303/14/3944 4305/14/3944 4235/14/3944
f 4303/14/4002 4306/14/3945 4304/14/3945
f 4301/13/3627 4305/14/3627 4304/14/3627
f 4301/13/84 4306/14/84 4300/13/84
f 4307/14/3635 4235/14/3635 4305/14/3740
f 4307/14/4136 4236/14/4137 4308/14/4138
f 4309/15/3809 4235/14/3809 4308/14/3989
f 4309/15/3973 4236/14/3973 4242/15/3973
f 4309/15/3831 4311/15/3831 4241/15/3831
f 4309/15/3641 4312/15/3832 4310/15/4102
f 4307/14/3627 4311/15/3627 4310/15/3627
f 4307/14/84 4312/15/84 4306/14/84
f 4313/15/3835 4241/15/3835 4311/15/3835
f 4313/15/4008 4242/15/4008 4314/15/4008
f 4315/21/3809 4241/15/3809 4314/15/3809
f 4314/15/3973 4248/21/3973 4315/21/3973
f 4316/21/3836 4247/21/3836 4315/21/3836
f 4316/21/3837 4248/21/3837 4318/21/3837
f 4313/15/3627 4317/21/3627 4316/21/3627
f 4313/15/84 4318/21/84 4312/15/84
f 4320/21/4105 4317/21/4105 4319/21/4105
f 4320/21/3751 4318/21/4139 4248/21/3751
f 4320/21/3809 4253/17/3809 4247/21/3809
f 4320/21/3973 4254/17/3973 4321/17/3973
f 4322/17/3655 4253/17/3655 4321/17/4069
f 4322/17/4140 4254/17/4140 4324/17/4140
f 4322/17/3627 4317/21/3627 4323/17/3627
f 4322/17/84 4318/21/84 4319/21/84
f 4326/17/3755 4323/17/3755 4325/17/3755
f 4326/17/4015 4324/17/3846 4254/17/4141
f 4326/17/3809 4259/18/3809 4253/17/3809
f 4326/17/3973 4260/18/3973 4327/18/3973
f 4328/18/3661 4259/18/3662 4327/18/4018
f 4328/18/3953 4260/18/3954 4330/18/3953
f 4328/18/3627 4323/17/3627 4329/18/3627
f 4328/18/84 4324/17/84 4325/17/84
f 4332/18/3760 4329/18/3665 4331/18/3666
f 4332/18/4019 4330/18/4142 4260/18/4019
f 4332/18/3809 4265/19/3809 4259/18/3809
f 4332/18/3973 4266/19/3973 4333/19/3973
f 4334/19/3671 4265/19/3768 4333/19/4143
f 4334/19/4024 4266/19/4144 4336/19/3853
f 4334/19/3627 4329/18/3627 4335/19/3627
f 4334/19/84 4330/18/84 4331/18/84
f 4338/19/4145 4335/19/3771 4337/19/3676
f 4338/19/3855 4336/19/3961 4266/19/3855
f 4338/19/3809 4271/20/3809 4265/19/3809
f 4338/19/3973 4272/20/3973 4339/20/3973
f 4340/20/3773 4271/20/3773 4339/20/4146
f 4340/20/4147 4272/20/4148 4342/20/4147
f 4340/20/3627 4335/19/3627 4341/20/3627
f 4340/20/84 4336/19/84 4337/19/84
f 4344/20/4149 4341/20/4150 4343/20/4151
f 4344/20/3778 4342/20/3862 4272/20/3778
f 4344/20/3809 77/3/3809 4271/20/3809
f 4344/20/3973 78/3/3973 4345/3/3973
f 4346/3/4152 77/3/4153 4345/3/4154
f 4346/3/3866 78/3/3868 67/3/4035
f 4346/3/3627 4341/20/3627 63/3/3627
f 4346/3/84 4342/20/84 4343/20/84
f 4347/1/3918 374/1/3696 2807/1/3784
f 4347/1/3786 377/1/3698 4348/1/3698
f 4349/10/4155 374/1/4156 4348/1/3583
f 4348/1/4157 4282/10/4158 4349/10/3586
f 4349/10/3705 4351/10/3705 4281/10/3705
f 4353/10/4159 4349/10/3976 4282/10/3976
f 4350/10/4160 2807/1/4161 4351/10/4162
f 4350/10/4163 4354/22/4164 2808/1/4165
f 4355/10/3713 4281/10/3713 4351/10/4125
f 4282/10/4166 4355/10/3879 4357/10/4167
f 4358/11/3599 4281/10/3599 4356/10/3599
f 4358/11/3586 4282/10/3586 4288/11/3586
f 4358/11/3715 4360/11/3987 4287/11/3715
f 4362/11/3933 4358/11/3933 4288/11/4168
f 4355/10/4055 4360/11/4055 4359/11/4055
f 4355/10/153 4362/11/153 4357/10/153
f 4363/11/4169 4287/11/4170 4360/11/4171
f 4288/11/4172 4363/11/4173 4365/11/4174
f 4366/12/3599 4287/11/3599 4364/11/3599
f 4366/12/3586 4288/11/3586 4294/12/3586
f 4366/12/4175 4368/12/3815 4293/12/3612
f 4370/12/3817 4366/12/3614 4294/12/3991
f 4363/11/4055 4368/12/4055 4367/12/4055
f 4363/11/153 4370/12/153 4365/11/153
f 4371/12/3616 4293/12/3616 4368/12/3724
f 4294/12/3886 4371/12/3618 4373/12/4176
f 4374/13/3599 4293/12/3599 4372/12/3599
f 4374/13/3586 4294/12/3586 4300/13/3586
f 4374/13/3725 4376/13/3726 4299/13/3727
f 4378/13/4177 4374/13/3623 4300/13/3623
f 4371/12/4055 4376/13/4054 4375/13/4054
f 4371/12/153 4378/13/153 4373/12/153
f 4379/13/3628 4299/13/3628 4376/13/3998
f 4379/13/3630 4377/13/4178 4300/13/3631
f 4382/14/3599 4299/13/3599 4380/13/3599
f 4382/14/3586 4300/13/3586 4306/14/3586
f 4382/14/3735 4384/14/3734 4305/14/3735
f 4386/14/4179 4382/14/3738 4306/14/3738
f 4379/13/4055 4384/14/4055 4383/14/4055
f 4379/13/153 4386/14/153 4381/13/153
f 4387/14/4180 4305/14/4180 4384/14/4180
f 4387/14/4137 4385/14/4136 4306/14/4005
f 4390/15/3599 4305/14/3599 4388/14/3599
f 4390/15/3586 4306/14/3586 4312/15/3586
f 4390/15/3831 4392/15/3831 4311/15/3830
f 4394/15/4181 4390/15/3896 4312/15/3896
f 4387/14/4055 4392/15/4055 4391/15/4055
f 4387/14/153 4394/15/153 4389/14/153
f 4395/15/3643 4311/15/4182 4392/15/3835
f 4395/15/4008 4393/15/4183 4312/15/4184
f 4396/15/3599 4317/21/3599 4311/15/3599
f 4396/15/3586 4318/21/3586 4398/21/3586
f 4399/21/3648 4317/21/3648 4398/21/3647
f 4402/21/4185 4398/21/4186 4318/21/3649
f 4395/15/4055 4400/21/4055 4399/21/4055
f 4399/21/153 4397/15/153 4395/15/153
f 4404/21/4009 4400/21/4105 4403/21/4105
f 4403/21/4187 4401/21/4188 4318/21/4187
f 4404/21/3599 4323/17/3599 4317/21/3599
f 4404/21/3586 4324/17/3586 4406/17/3586
f 4407/17/3654 4323/17/3654 4406/17/3654
f 4410/17/3656 4406/17/3656 4324/17/3656
f 4407/17/4055 4400/21/4054 4408/17/4055
f 4407/17/153 4405/21/153 4403/21/153
f 4412/17/3951 4408/17/3755 4411/17/3755
f 4411/17/3846 4409/17/3902 4324/17/3846
f 4412/17/3599 4329/18/3599 4323/17/3599
f 4412/17/3586 4330/18/3586 4414/18/3586
f 4415/18/3660 4329/18/3660 4414/18/3758
f 4418/18/4189 4414/18/3759 4330/18/3759
f 4415/18/4054 4408/17/4054 4416/18/4055
f 4415/18/153 4413/17/153 4411/17/153
f 4420/18/3760 4416/18/3761 4419/18/3762
f 4419/18/4190 4417/18/4191 4330/18/3955
f 4420/18/3599 4335/19/3599 4329/18/3599
f 4420/18/3586 4336/19/3586 4422/19/3586
f 4423/19/3766 4335/19/4192 4422/19/4193
f 4426/19/4194 4422/19/4195 4336/19/4195
f 4423/19/4055 4416/18/4054 4424/19/4055
f 4423/19/153 4421/18/153 4419/18/153
f 4428/19/4196 4424/19/4196 4427/19/4196
f 4427/19/4197 4425/19/4197 4336/19/4197
f 4428/19/3599 4341/20/3599 4335/19/3599
f 4428/19/3586 4342/20/3586 4430/20/3586
f 4431/20/4028 4341/20/3680 4430/20/3681
f 4434/20/4198 4430/20/3682 4342/20/3859
f 4431/20/4054 4424/19/4054 4432/20/4054
f 4431/20/153 4429/19/153 4427/19/153
f 4436/20/4199 4432/20/3777 4435/20/4031
f 4435/20/3862 4433/20/4200 4342/20/3778
f 4436/20/3599 63/3/3599 4341/20/3599
f 4436/20/3586 67/3/3586 4438/3/3586
f 4439/3/3967 63/3/3863 4438/3/3863
f 4440/3/4201 4438/3/3693 67/3/3693
f 4439/3/4055 4432/20/4054 64/3/4055
f 4439/3/153 4437/20/153 4435/20/153
f 4441/1/3783 1380/1/3784 1274/1/3785
f 4441/1/3698 1383/1/4202 4443/1/4203
f 1380/1/4204 4445/10/4205 4446/10/4206
f 4445/10/4207 4443/1/4208 4448/23/4209
f 4445/10/3588 3698/10/4210 4451/10/4211
f 4445/10/4084 3699/10/4084 4450/10/4118
f 4450/10/4212 1274/1/4213 3698/10/4214
f 4441/1/4215 3699/10/4216 1275/1/4217
f 4452/10/3596 4454/10/4218 4451/10/4219
f 4452/10/3986 4447/10/3986 4453/10/3985
f 4455/11/3599 4454/10/3599 4453/10/3599
f 4455/11/3586 4447/10/3586 4457/11/3586
f 4455/11/3600 3706/11/3600 4459/11/4220
f 4455/11/3810 3707/11/4221 4458/11/3811
f 4452/10/3627 3706/11/3627 4458/11/3627
f 4452/10/84 3707/11/84 3699/10/84
f 4460/11/3813 4462/11/3609 4459/11/4222
f 4460/11/3611 4457/11/3611 4461/11/3611
f 4462/11/3599 4463/12/3599 4464/12/3599
f 4463/12/3586 4457/11/3586 4465/12/3586
f 4463/12/3883 3714/12/3612 4467/12/4223
f 4463/12/3817 3715/12/3991 4466/12/3992
f 4460/11/3627 3714/12/3627 4466/12/3627
f 4460/11/84 3715/12/84 3707/11/84
f 4468/12/4224 4470/12/4225 4467/12/4226
f 4468/12/3618 4465/12/3886 4469/12/3887
f 4470/12/3599 4471/13/3599 4472/13/3599
f 4471/13/3586 4465/12/3586 4473/13/3586
f 4472/13/3821 4475/13/3725 3722/13/3622
f 4471/13/3996 3723/13/4064 4475/13/3997
f 4468/12/3627 3722/13/3627 4475/13/3627
f 4468/12/84 3723/13/84 3715/12/84
f 4476/13/4227 4478/13/4228 4474/13/4229
f 4476/13/3630 4473/13/3733 4477/13/4099
f 4478/13/3599 4479/14/3599 4480/14/3599
f 4479/14/3586 4473/13/3586 4481/14/3586
f 4480/14/4230 4483/14/4230 3730/14/4230
f 4479/14/3738 3731/14/3738 4483/14/3738
f 4476/13/3627 3730/14/3627 4483/14/3627
f 4476/13/84 3731/14/84 3723/13/84
f 4484/14/3946 4486/14/4231 4482/14/4231
f 4484/14/4137 4481/14/4005 4485/14/4005
f 4486/14/3599 4487/15/3599 4488/15/3599
f 4487/15/3586 4481/14/3586 4489/15/3586
f 4488/15/4232 4491/15/4232 3738/15/4232
f 4487/15/4233 3739/15/4233 4491/15/4234
f 4484/14/3627 3738/15/3627 4491/15/3627
f 4484/14/84 3739/15/84 3731/14/84
f 4492/15/4007 4494/15/4235 4490/15/4236
f 4492/15/4237 4489/15/3645 4493/15/3645
f 4494/15/3599 4495/21/3599 4496/21/3599
f 4495/21/3586 4489/15/3586 4497/21/3586
f 4496/21/4238 4499/21/4239 3746/21/4239
f 4499/21/4104 4497/21/3649 3747/21/3837
f 4499/21/3627 3738/15/3627 3746/21/3627
f 4499/21/84 3739/15/84 4492/15/84
f 4500/21/3838 4502/21/3897 4498/21/3650
f 4501/21/4240 3747/21/4241 4497/21/4242
f 4501/21/3599 4504/17/3599 4502/21/3599
f 4501/21/3586 4505/17/3586 4503/17/3586
f 4504/17/3655 4507/17/4012 3754/17/4012
f 4507/17/4014 4505/17/3656 3755/17/4140
f 4507/17/3627 3746/21/3627 3754/17/3627
f 4507/17/84 3747/21/84 4500/21/84
f 4508/17/4243 4510/17/3755 4506/17/4244
f 4509/17/3902 3755/17/3901 4505/17/3658
f 4509/17/3599 4512/18/3599 4510/17/3599
f 4509/17/3586 4513/18/3586 4511/18/3586
f 4512/18/3660 4515/18/4017 3762/18/3661
f 4515/18/3903 4513/18/3664 3763/18/3759
f 4515/18/3627 3754/17/3627 3762/18/3627
f 4515/18/84 3755/17/84 4508/17/84
f 4516/18/3849 4518/18/4245 4514/18/4246
f 4517/18/4019 3763/18/3669 4513/18/3668
f 4517/18/3599 4520/19/3599 4518/18/3599
f 4517/18/3586 4521/19/3586 4519/19/3586
f 4520/19/4247 4523/19/4073 3770/19/4073
f 4523/19/3769 4521/19/3853 3771/19/3769
f 4523/19/3627 3762/18/3627 3770/19/3627
f 4523/19/84 3763/18/84 4516/18/84
f 4524/19/4248 4526/19/4249 4522/19/4250
f 4525/19/3911 3771/19/3911 4521/19/3911
f 4525/19/3599 4528/20/3599 4526/19/3599
f 4525/19/3586 4529/20/3586 4527/20/3586
f 4528/20/3856 4531/20/3856 3778/20/3856
f 4531/20/3776 4529/20/3859 3779/20/3776
f 4531/20/3627 3770/19/3627 3778/20/3627
f 4531/20/84 3771/19/84 4524/19/84
f 4532/20/4251 4534/20/4252 4530/20/4253
f 4533/20/3862 3779/20/4254 4529/20/3778
f 4533/20/3599 4536/3/3599 4534/20/3599
f 4533/20/3586 51/3/3586 4535/3/3586
f 4536/3/3916 4537/3/3863 45/3/3863
f 4537/3/4035 51/3/4035 50/3/3867
f 4537/3/3627 3778/20/3627 45/3/3627
f 4537/3/84 3779/20/84 4532/20/84
f 4539/10/4255 295/1/4256 4538/1/3066
f 4538/1/4257 2955/10/4258 4539/10/3069
f 4539/10/3395 4541/10/4259 4542/10/4260
f 4540/10/4261 2955/10/4262 4543/10/3397
f 4544/1/4263 4545/24/4264 4541/10/4265
f 4547/1/4266 4540/10/4267 4543/10/4268
f 298/1/3345 4538/1/4269 295/1/4270
f 296/1/3082 4544/1/3348 4547/1/4271
f 4548/10/3167 2962/11/3167 2954/10/3167
f 4548/10/3069 2963/11/3069 4549/11/3069
f 4549/11/2967 4551/11/3485 4552/11/2966
f 4550/11/2969 2963/11/3452 4553/11/2969
f 4550/11/2972 4555/10/2972 4551/11/2972
f 4550/11/256 4543/10/256 4554/10/256
f 4554/10/3171 2954/10/3089 4542/10/4272
f 4548/10/3487 4543/10/3487 2955/10/3487
f 4556/11/3167 2970/12/3167 2962/11/3167
f 4556/11/3069 2971/12/3069 4557/12/3069
f 4557/12/4273 4559/12/4274 4560/12/4275
f 4558/12/3181 2971/12/2978 4561/12/3245
f 4558/12/2972 4563/11/2972 4559/12/2972
f 4558/12/3537 4553/11/256 4562/11/256
f 4562/11/3296 2962/11/3296 4552/11/4276
f 4556/11/3297 4553/11/3297 2963/11/3297
f 4564/12/3167 2978/13/3167 2970/12/3167
f 4564/12/3069 2979/13/3069 4565/13/3069
f 4565/13/3184 4567/13/4277 4568/13/4278
f 4566/13/3186 2979/13/3186 4569/13/4279
f 4566/13/2972 4571/12/2972 4567/13/2972
f 4566/13/3537 4561/12/256 4570/12/256
f 4570/12/3355 2970/12/3355 4560/12/4280
f 4564/12/2990 4561/12/3104 2971/12/2990
f 4572/13/3167 2986/14/3167 2978/13/3167
f 4572/13/3069 2987/14/3069 4573/14/3069
f 4573/14/4281 4575/14/4282 4576/14/3191
f 4574/14/4283 2987/14/4283 4577/14/4283
f 4574/14/2972 4579/13/2972 4575/14/2972
f 4574/14/3537 4569/13/256 4578/13/256
f 4578/13/3359 2978/13/3359 4568/13/4284
f 4572/13/2999 4569/13/3419 2979/13/2997
f 4580/14/3167 2994/15/3167 2986/14/3167
f 4580/14/3069 2995/15/3069 4581/15/3069
f 4581/15/4285 4583/15/4286 4584/15/4287
f 4582/15/3003 2995/15/4288 4585/15/3111
f 4582/15/2972 4587/14/2972 4583/15/2972
f 4582/15/3537 4577/14/3537 4586/14/3537
f 4586/14/3005 2986/14/3005 4576/14/3113
f 4580/14/3363 4577/14/3362 2987/14/3500
f 4589/16/3167 2994/15/3167 4588/15/3167
f 4588/15/3069 3003/16/3069 4589/16/3069
f 4589/16/3364 4591/21/4289 4592/21/3421
f 4589/16/3312 4593/21/3010 4590/21/3010
f 4590/21/2972 4595/15/2972 4591/21/2972
f 4590/21/3537 4585/15/3537 4594/15/256
f 4594/15/3502 2994/15/3118 4584/15/4290
f 4588/15/3014 4585/15/3014 2995/15/3119
f 4597/17/3167 3002/16/3167 4596/16/3167
f 4597/17/3069 3003/16/3069 3011/17/3069
f 4597/17/3202 4599/17/3202 4600/17/3202
f 4597/17/3505 4601/17/3017 4598/17/3317
f 4602/21/2972 4599/17/2972 4598/17/2972
f 4602/21/3537 4601/17/256 4593/21/3537
f 4602/21/3204 3002/16/3204 4592/21/3205
f 4602/21/4291 3003/16/4292 4596/16/3124
f 4605/18/3167 3010/17/3167 4604/17/3167
f 4605/18/3069 3011/17/3069 3019/18/3069
f 4605/18/3319 4607/18/4293 4608/18/4294
f 4605/18/3262 4609/18/3466 4606/18/3429
f 4610/17/2972 4607/18/2972 4606/18/2972
f 4610/17/3537 4609/18/3537 4601/17/3537
f 4610/17/3028 3010/17/4295 4600/17/4296
f 4610/17/3029 3011/17/4297 4604/17/4298
f 4613/19/3167 3018/18/3167 4612/18/3167
f 4613/19/3069 3019/18/3069 3027/19/3069
f 4613/19/4299 4615/19/3320 4616/19/4300
f 4613/19/3467 4617/19/3467 4614/19/3467
f 4618/18/2972 4615/19/2972 4614/19/2972
f 4618/18/3537 4617/19/3537 4609/18/3537
f 4618/18/3377 3018/18/3038 4608/18/4301
f 4618/18/3213 3019/18/3213 4612/18/3469
f 4621/20/3167 3026/19/3167 4620/19/3167
f 4621/20/3069 3027/19/3069 3035/20/3069
f 4621/20/4302 4623/20/3436 4624/20/3470
f 4621/20/3437 4625/20/3271 4622/20/3045
f 4626/19/2972 4623/20/2972 4622/20/2972
f 4626/19/3537 4625/20/256 4617/19/3537
f 4627/19/4303 4620/19/4304 3026/19/4304
f 4626/19/3140 3027/19/3140 4620/19/4305
f 4629/3/3167 3034/20/3167 4628/20/3167
f 4629/3/3069 3035/20/3069 35/3/3069
f 4629/3/3220 4631/3/4306 44/3/4306
f 4629/3/3275 42/3/3055 4630/3/3057
f 4632/20/2972 4631/3/2972 4630/3/2972
f 4632/20/3537 42/3/256 4625/20/3537
f 4633/20/4307 4628/20/3521 3034/20/4308
f 4632/20/4309 3035/20/4309 4628/20/4309
f 4635/1/4310 4637/1/4310 4634/1/4310
f 4639/2/4311 4641/25/4311 4638/25/4311
f 4642/1/4312 4644/26/4312 4645/1/4312
f 4647/2/4313 4649/2/4313 4646/2/4313
f 4642/1/4314 4638/25/4315 4643/27/4314
f 4641/25/4316 4645/1/4316 4644/26/4316
f 4637/1/4317 4647/2/4317 4634/1/4317
f 4649/2/4318 4637/1/4318 4636/1/4318
f 4634/1/4319 4646/2/4319 4635/1/4319
f 4651/28/4320 4653/2/4320 4650/28/4320
f 4655/1/4321 4657/29/4321 4654/1/4321
f 20/2/4322 2798/2/4323 2796/2/4324
f 2787/2/4325 2798/2/4325 2789/2/4325
f 2778/2/4324 2789/2/4324 2780/2/4324
f 4650/28/4326 4654/1/4327 4657/29/4328
f 4655/1/4329 4651/28/4330 4656/29/4331
f 4661/2/4332 4663/1/4332 4660/1/4332
f 4641/25/4332 4650/28/4332 4638/25/4332
f 4643/27/4332 4656/29/4332 4644/26/4332
s 0
f 4642/1/4333 2886/1/4334 2830/1/4335
s 1
f 7/1/4336 2942/1/4337 4642/1/4338
f 2889/1/4339 2894/1/4340 2892/1/4340
f 2897/1/4339 2902/1/4340 2900/1/4340
s 0
f 2902/1/4341 4642/1/4342 2910/1/4343
s 1
f 2918/1/4339 2913/1/4344 2910/1/4344
f 2921/1/4345 2918/1/4346 2926/1/4347
f 2934/1/4348 2929/1/4349 2926/1/4349
f 2937/1/4350 2942/1/4344 2940/1/4349
f 2934/1/4351 4642/1/4352 2942/1/4351
s 0
f 2918/1/4353 2910/1/4353 4642/1/4353
f 2894/1/4353 4642/1/4353 2902/1/4353
s 1
f 4654/1/4354 2881/1/4349 2884/1/4355
s 0
f 2634/2/4356 2650/2/4357 230/2/4358
s 1
f 2589/2/4359 2586/2/4360 4652/2/4361
s 0
f 4664/1/4317 4665/1/4317 1430/1/4362
f 1406/1/4363 1422/1/4363 1414/1/4364
s 1
f 1424/1/4363 1430/1/4365 1429/1/4365
s 0
f 1430/1/4342 1422/1/4342 1406/1/4342
s 1
f 302/1/4366 298/1/4366 300/1/4367
f 1464/1/4368 1469/1/4365 303/1/4363
f 1391/1/4369 1384/1/4370 1380/1/4365
f 2665/2/4371 54/2/4372 2659/2/4373
s 0
f 2706/2/4374 2778/2/4375 4666/2/4376
s 1
f 2710/2/4377 2714/2/4378 2706/2/4377
f 2718/2/4375 2722/2/4375 2714/2/4375
f 2663/2/4379 2744/2/4380 2742/2/4375
f 26/2/4378 27/2/4381 24/2/4382
f 2787/2/4371 2794/2/4383 2796/2/4383
f 2778/2/4379 2785/2/4375 2787/2/4375
f 4638/25/4332 4657/29/4332 4643/27/4332
f 4641/25/4332 4656/29/4332 4651/28/4332
s 0
f 4645/1/4384 4640/2/4385 3615/30/4386
s 1
f 4652/2/4387 3653/31/4388 3652/32/4389
s 0
f 4639/2/4390 4642/1/4390 4433/33/4391
s 1
f 4402/34/4392 4397/31/4393 4654/1/4393
f 4627/35/4394 4623/36/4395 4546/37/4396
f 4547/38/4397 298/39/4398 4546/37/4396
f 54/40/4399 56/41/4400 55/42/4401
f 4449/43/4400 4504/44/4402 4502/45/4402
f 1380/1/4403 4443/38/4404 4448/46/4402
f 4660/1/4405 4675/1/4406 4676/1/4405
s 0
f 4665/1/4353 4664/1/4332 1388/1/4407
s 1
f 4665/1/4408 4691/47/4408 4692/48/4408
f 4663/1/4408 4692/48/4408 4691/49/4408
s 0
f 44/50/4409 4616/51/4410 4608/52/4411
s 1
f 43/53/4412 24/2/4413 37/42/4414
s 0
f 4459/54/4415 4467/55/4416 4474/56/4417
s 1
f 4506/57/4402 4512/58/4418 4514/52/4418
f 4498/59/4418 4504/44/4418 4506/57/4418
f 1/1/1 2/1/606 3/1/1
f 7/1/5 5/1/4419 2/1/3
f 2/1/3 1/1/4 6/1/4
f 2/1/6 8/1/699 9/1/7
f 12/1/11 10/1/4420 8/1/9
f 8/1/9 2/1/702 5/1/10
f 5/1/4421 11/1/4422 12/1/4349
f 8/1/12 13/1/4423 14/1/13
f 8/1/14 10/1/4424 15/1/14
f 1/1/16 4/1/4425 14/1/17
f 13/1/19 15/1/4426 6/1/20
f 20/2/393 16/2/393 17/2/393
f 17/2/22 18/2/22 19/2/23
f 18/2/24 17/2/24 21/2/24
f 25/2/28 19/2/4427 18/2/26
f 18/2/26 23/2/4428 24/2/27
f 22/2/31 26/2/4429 27/2/29
f 27/2/29 23/2/4430 18/2/30
f 28/2/32 29/2/32 24/2/33
f 27/2/35 30/2/4431 31/2/34
f 31/2/34 28/2/34 23/2/34
f 17/2/36 16/2/4432 29/2/37
f 28/2/39 31/2/4433 21/2/40
f 32/3/42 33/2/3066 29/2/43
f 33/2/45 32/3/3069 35/3/46
f 33/2/48 36/2/49 24/2/49
f 30/2/51 37/2/4434 36/2/50
f 36/2/50 33/2/50 31/2/50
f 24/2/54 36/2/4435 38/3/52
f 38/3/52 39/3/2972 40/4/53
f 43/5/4436 41/60/4437 42/3/55
f 42/3/55 38/3/256 36/2/56
f 36/2/56 37/2/4438 43/5/57
f 34/3/4439 44/3/4439 39/3/4439
f 39/3/58 38/3/4440 32/3/59
f 38/3/61 42/3/4441 35/3/61
f 49/3/63 45/3/63 46/3/63
f 46/3/63 47/3/154 48/3/64
f 47/3/66 46/3/88 50/3/66
f 52/6/67 48/3/4442 47/3/68
f 47/3/68 53/2/4443 54/2/69
f 56/7/72 55/2/4444 53/2/70
f 53/2/70 47/3/3586 51/3/71
f 57/2/73 58/2/209 54/2/74
f 55/2/78 59/2/4445 60/2/76
f 60/2/76 57/2/4446 53/2/77
f 46/3/79 45/3/4447 58/2/80
f 57/2/82 60/2/4448 50/3/83
f 62/3/85 63/3/85 64/3/86
f 67/3/90 62/3/90 61/3/88
f 61/3/88 65/3/4449 66/3/4450
f 62/3/91 68/2/3583 69/2/92
f 68/2/94 62/3/3586 67/3/95
f 71/2/97 72/2/165 69/2/98
f 71/2/77 68/2/4451 70/2/100
f 61/3/102 64/3/4452 72/2/103
f 65/3/107 61/3/153 71/2/105
f 71/2/105 73/2/4453 74/8/106
f 76/3/87 77/3/87 63/3/86
f 76/3/88 75/3/88 67/3/88
f 76/3/108 79/2/3791 80/2/109
f 79/2/111 76/3/4454 78/3/112
f 82/2/114 69/2/193 80/2/98
f 82/2/116 79/2/196 81/2/117
f 75/3/119 63/3/4455 69/2/120
f 82/2/121 70/2/4456 67/3/122
f 84/3/87 85/3/87 77/3/87
f 84/3/90 83/3/66 78/3/123
f 84/3/124 87/2/3583 88/2/125
f 87/2/127 84/3/3586 86/3/128
f 90/2/130 80/2/4457 88/2/131
f 90/2/133 87/2/4458 89/2/133
f 83/3/134 77/3/4459 80/2/135
f 90/2/136 81/2/4460 78/3/137
f 92/3/139 93/3/139 85/3/139
f 92/3/88 91/3/88 86/3/88
f 92/3/140 95/2/3583 96/2/141
f 95/2/143 92/3/3586 94/3/144
f 98/2/73 88/2/130 96/2/146
f 98/2/148 95/2/4451 97/2/148
f 91/3/149 85/3/4461 88/2/150
f 98/2/151 89/2/4462 86/3/152
f 100/3/154 101/3/154 93/3/87
f 100/3/156 99/3/4463 94/3/157
f 100/3/159 103/2/3791 104/2/160
f 103/2/162 100/3/3973 102/3/163
f 106/2/165 96/2/165 104/2/73
f 106/2/148 103/2/148 105/2/148
f 99/3/167 93/3/4464 96/2/168
f 106/2/169 97/2/4465 94/3/170
f 108/3/86 109/3/85 101/3/63
f 108/3/66 107/3/4466 102/3/172
f 108/3/173 111/2/3921 112/2/174
f 111/2/176 108/3/3704 110/3/177
f 114/2/130 104/2/4457 112/2/179
f 114/2/148 111/2/133 113/2/100
f 107/3/181 101/3/4467 104/2/182
f 114/2/183 105/2/4468 102/3/184
f 116/3/63 117/3/63 109/3/185
f 116/3/186 115/3/123 110/3/158
f 116/3/187 119/2/3583 120/2/188
f 119/2/190 116/3/3586 118/3/191
f 122/2/193 112/2/4469 120/2/194
f 122/2/148 119/2/4451 121/2/196
f 115/3/197 109/3/4470 112/2/198
f 122/2/200 113/2/4471 110/3/201
f 124/3/87 125/3/87 117/3/87
f 124/3/123 123/3/90 118/3/123
f 124/3/203 127/2/3791 128/2/204
f 127/2/206 124/3/3704 126/3/207
f 130/2/209 120/2/4472 128/2/166
f 130/2/148 127/2/148 129/2/148
f 123/3/210 117/3/4473 120/2/211
f 130/2/212 121/2/4474 118/3/213
f 132/3/214 133/3/4475 125/3/214
f 132/3/157 131/3/158 126/3/123
f 132/3/215 135/2/3701 136/2/216
f 135/2/218 132/3/3704 134/3/219
f 138/2/130 128/2/4457 136/2/179
f 138/2/148 135/2/133 137/2/100
f 131/3/221 125/3/4476 128/2/222
f 138/2/223 129/2/4477 126/3/224
f 140/3/64 45/3/64 133/3/226
f 140/3/88 139/3/88 134/3/88
f 140/3/228 141/2/3583 58/2/229
f 141/2/231 140/3/3586 50/3/232
f 142/2/193 136/2/4469 58/2/234
f 142/2/148 141/2/4451 60/2/196
f 139/3/235 133/3/4478 136/2/236
f 142/2/237 137/2/4479 134/3/238
f 143/3/239 144/2/3391 145/2/240
f 149/9/244 147/2/4480 144/2/242
f 144/2/242 143/3/2950 148/3/243
f 144/2/245 150/2/4481 151/2/246
f 144/2/248 147/2/4482 152/2/249
f 153/3/251 154/3/4483 151/2/252
f 150/2/254 152/2/4484 155/3/255
f 153/3/257 143/3/279 146/3/258
f 156/3/260 148/3/4441 143/3/259
f 143/3/259 153/3/259 155/3/259
f 157/3/261 158/2/3066 151/2/262
f 158/2/264 157/3/3476 155/3/265
f 158/2/267 159/2/368 160/2/268
f 158/2/270 152/2/4485 161/2/271
f 162/3/273 163/3/4486 160/2/274
f 159/2/276 161/2/4487 164/3/277
f 162/3/279 157/3/257 154/3/258
f 162/3/280 164/3/280 155/3/280
f 165/3/282 166/2/3066 160/2/283
f 166/2/285 165/3/3069 164/3/286
f 166/2/288 167/2/4488 168/2/289
f 166/2/248 161/2/248 169/2/290
f 170/3/292 171/3/4489 168/2/293
f 167/2/294 169/2/4490 172/3/295
f 170/3/279 165/3/279 163/3/279
f 170/3/281 172/3/281 164/3/281
f 173/3/297 174/2/3391 168/2/298
f 174/2/300 173/3/2950 172/3/301
f 174/2/247 175/2/4491 176/2/268
f 174/2/50 169/2/249 177/2/272
f 178/3/304 179/3/4492 176/2/305
f 175/2/306 177/2/4493 180/3/307
f 178/3/308 173/3/308 171/3/308
f 178/3/280 180/3/280 172/3/280
f 181/3/309 182/2/3066 176/2/310
f 182/2/312 181/3/3069 180/3/313
f 182/2/315 183/2/357 184/2/316
f 182/2/271 177/2/272 185/2/271
f 186/3/317 187/3/4494 184/2/318
f 183/2/319 185/2/4495 188/3/320
f 186/3/322 181/3/4496 179/3/279
f 186/3/259 188/3/351 180/3/260
f 189/3/324 190/2/3066 184/2/325
f 190/2/327 189/3/3069 188/3/328
f 190/2/288 191/2/4497 192/2/330
f 190/2/248 185/2/248 193/2/290
f 194/3/331 195/3/4498 192/2/332
f 191/2/333 193/2/4499 196/3/334
f 194/3/60 189/3/4500 187/3/335
f 194/3/336 196/3/281 188/3/336
f 197/3/338 198/2/2947 192/2/339
f 198/2/341 197/3/4501 196/3/342
f 198/2/344 199/2/4502 200/2/345
f 198/2/50 193/2/249 201/2/272
f 202/3/346 203/3/4503 200/2/347
f 199/2/348 201/2/4504 204/3/349
f 202/3/60 197/3/279 195/3/279
f 202/3/350 204/3/350 196/3/351
f 205/3/352 206/2/3066 200/2/353
f 206/2/355 205/3/3069 204/3/342
f 206/2/48 207/2/357 208/2/357
f 206/2/50 201/2/50 209/2/50
f 210/3/358 211/3/4505 208/2/359
f 207/2/360 209/2/4506 212/3/361
f 210/3/279 205/3/279 203/3/279
f 210/3/280 212/3/280 204/3/280
f 213/3/362 214/2/3066 208/2/363
f 214/2/365 213/3/3069 212/3/366
f 214/2/48 215/2/4497 216/2/315
f 214/2/249 209/2/50 217/2/248
f 218/3/369 219/3/4507 216/2/370
f 215/2/371 217/2/4508 220/3/372
f 218/3/373 213/3/257 211/3/373
f 218/3/375 220/3/375 212/3/280
f 221/3/376 222/2/2947 216/2/377
f 222/2/379 221/3/2950 220/3/380
f 222/2/269 223/2/4502 29/2/382
f 222/2/50 217/2/249 31/2/272
f 224/3/384 34/3/4509 29/2/385
f 223/2/386 31/2/4510 35/3/387
f 224/3/388 221/3/4511 219/3/389
f 224/3/390 35/3/390 220/3/391
f 226/2/393 227/2/23 228/2/394
f 231/2/398 226/2/4512 225/2/396
f 225/2/417 229/2/4513 230/2/4514
f 226/2/399 232/2/4515 151/2/400
f 232/2/402 226/2/2471 231/2/403
f 233/2/405 145/2/405 151/2/406
f 233/2/408 232/2/446 152/2/408
f 225/2/410 228/2/4516 145/2/411
f 147/2/4517 234/2/4518 229/2/4519
f 229/2/412 225/2/1653 233/2/413
f 236/2/22 237/2/498 227/2/415
f 236/2/396 235/2/4520 231/2/417
f 236/2/419 239/2/4521 160/2/420
f 239/2/422 236/2/1704 238/2/423
f 240/2/425 151/2/4522 160/2/32
f 240/2/427 239/2/4523 161/2/428
f 235/2/429 227/2/4524 151/2/430
f 240/2/432 152/2/4525 231/2/433
f 242/2/435 243/2/4526 237/2/436
f 242/2/396 241/2/4527 238/2/438
f 242/2/439 245/2/4515 168/2/440
f 245/2/442 242/2/1792 244/2/443
f 246/2/405 160/2/426 168/2/32
f 246/2/445 245/2/4528 169/2/446
f 241/2/448 237/2/4529 160/2/449
f 246/2/451 161/2/4530 238/2/452
f 248/2/415 249/2/4526 243/2/436
f 248/2/455 247/2/4531 244/2/456
f 248/2/458 251/2/4515 176/2/459
f 251/2/461 248/2/2471 250/2/462
f 252/2/405 168/2/405 176/2/406
f 252/2/409 251/2/446 177/2/409
f 247/2/464 243/2/4532 168/2/465
f 252/2/466 169/2/4533 244/2/467
f 254/2/22 255/2/498 249/2/468
f 254/2/470 253/2/4534 250/2/417
f 254/2/471 257/2/4535 184/2/472
f 257/2/474 254/2/1988 256/2/475
f 258/2/425 176/2/4522 184/2/32
f 258/2/427 257/2/4523 185/2/477
f 253/2/478 249/2/4536 176/2/479
f 258/2/480 177/2/4537 250/2/481
f 260/2/435 261/2/435 255/2/436
f 260/2/483 259/2/4527 256/2/396
f 260/2/484 263/2/4515 192/2/485
f 263/2/487 260/2/1792 262/2/488
f 264/2/490 184/2/4538 192/2/491
f 264/2/493 263/2/4528 193/2/446
f 259/2/494 255/2/4539 184/2/495
f 264/2/496 185/2/4540 256/2/497
f 266/2/22 267/2/415 261/2/498
f 266/2/438 265/2/4527 262/2/438
f 266/2/500 269/2/1594 200/2/501
f 269/2/503 266/2/1616 268/2/504
f 270/2/506 192/2/506 200/2/507
f 270/2/409 269/2/446 201/2/408
f 265/2/508 261/2/4541 192/2/509
f 270/2/510 193/2/4542 262/2/511
f 272/2/512 273/2/498 267/2/512
f 272/2/25 271/2/24 268/2/24
f 272/2/513 275/2/4515 208/2/514
f 275/2/516 272/2/1988 274/2/517
f 276/2/405 200/2/405 208/2/32
f 276/2/519 275/2/519 209/2/519
f 271/2/520 267/2/4543 200/2/521
f 276/2/522 201/2/4544 268/2/523
f 278/2/435 279/2/435 273/2/436
f 278/2/483 277/2/438 274/2/396
f 278/2/525 281/2/4521 216/2/526
f 281/2/528 278/2/1792 280/2/529
f 282/2/490 208/2/4538 216/2/491
f 282/2/445 281/2/4528 217/2/445
f 277/2/531 273/2/4545 208/2/532
f 282/2/533 209/2/4546 274/2/534
f 284/2/394 16/2/394 279/2/394
f 284/2/456 283/2/418 280/2/457
f 284/2/537 285/2/2677 29/2/538
f 285/2/540 284/2/1767 21/2/541
f 286/2/506 216/2/506 29/2/543
f 286/2/34 285/2/519 31/2/519
f 283/2/545 279/2/4547 216/2/546
f 286/2/547 217/2/4548 280/2/548
f 291/1/551 287/1/4549 288/1/549
f 288/1/549 289/1/4550 290/1/550
f 288/1/552 292/1/4551 293/1/553
f 289/1/555 294/1/699 295/1/556
f 294/1/558 289/1/724 293/1/559
f 294/1/561 297/1/4552 298/1/562
f 300/1/564 297/1/4553 294/1/583
f 294/1/563 296/1/14 299/1/564
f 298/1/568 297/1/4554 288/1/566
f 288/1/566 287/1/1442 301/1/567
f 303/1/4555 292/1/4556 288/1/569
f 288/1/569 297/1/4557 300/1/570
f 302/1/571 303/1/4555 288/1/569
f 304/1/572 305/1/4558 306/1/2
f 304/1/573 293/1/573 307/1/574
f 305/1/576 308/1/699 309/1/577
f 308/1/579 305/1/715 307/1/580
f 308/1/12 311/1/4559 295/1/582
f 308/1/583 310/1/14 296/1/584
f 304/1/586 290/1/4560 295/1/587
f 311/1/589 296/1/4561 293/1/590
f 312/1/592 313/1/593 314/1/593
f 312/1/3 307/1/3 315/1/3
f 313/1/594 316/1/4562 317/1/595
f 316/1/597 313/1/4563 315/1/598
f 316/1/600 319/1/601 309/1/601
f 316/1/14 318/1/14 310/1/14
f 312/1/602 306/1/4564 309/1/603
f 319/1/604 310/1/4565 307/1/605
f 320/1/606 321/1/606 322/1/606
f 320/1/4 315/1/4 323/1/4
f 321/1/607 324/1/699 325/1/608
f 324/1/610 321/1/724 323/1/611
f 324/1/613 327/1/561 317/1/613
f 324/1/15 326/1/14 318/1/15
f 320/1/614 314/1/4566 317/1/615
f 327/1/617 318/1/4567 315/1/618
f 328/1/592 329/1/593 330/1/593
f 328/1/573 323/1/573 331/1/619
f 329/1/620 332/1/840 333/1/621
f 332/1/623 329/1/809 331/1/624
f 332/1/626 335/1/4568 325/1/627
f 332/1/628 334/1/628 326/1/628
f 328/1/629 322/1/4569 325/1/630
f 335/1/631 326/1/4570 323/1/632
f 336/1/592 337/1/593 338/1/593
f 336/1/3 331/1/3 339/1/3
f 337/1/634 340/1/840 341/1/635
f 340/1/637 337/1/724 339/1/638
f 340/1/601 343/1/601 333/1/601
f 340/1/14 342/1/14 334/1/14
f 336/1/641 330/1/4571 333/1/642
f 343/1/643 334/1/4572 331/1/644
f 344/1/606 345/1/606 346/1/606
f 344/1/4 339/1/4 347/1/4
f 345/1/645 348/1/699 349/1/646
f 348/1/648 345/1/702 347/1/649
f 348/1/627 351/1/561 341/1/561
f 348/1/15 350/1/14 342/1/15
f 344/1/651 338/1/4573 341/1/652
f 351/1/654 342/1/4574 339/1/655
f 352/1/656 353/1/4575 354/1/657
f 352/1/4 347/1/4 355/1/659
f 353/1/661 356/1/699 357/1/662
f 356/1/664 353/1/715 355/1/665
f 356/1/12 359/1/4559 349/1/582
f 356/1/583 358/1/14 350/1/584
f 352/1/667 346/1/4576 349/1/668
f 359/1/669 350/1/4577 347/1/670
f 360/1/593 361/1/593 362/1/593
f 360/1/4 355/1/4 363/1/4
f 361/1/671 364/1/840 365/1/672
f 364/1/674 361/1/724 363/1/675
f 364/1/601 367/1/4578 357/1/601
f 364/1/14 366/1/14 358/1/14
f 360/1/677 354/1/4579 357/1/678
f 367/1/679 358/1/4580 355/1/680
f 368/1/606 369/1/606 4/1/606
f 368/1/4 363/1/4 6/1/681
f 369/1/682 370/1/699 14/1/683
f 370/1/685 369/1/809 6/1/686
f 370/1/613 371/1/561 365/1/561
f 370/1/15 15/1/14 366/1/15
f 368/1/688 362/1/4581 365/1/689
f 371/1/691 366/1/4582 363/1/692
f 373/1/694 374/1/1112 375/1/694
f 373/1/695 372/1/695 376/1/695
f 378/1/697 379/1/4583 374/1/698
f 373/1/700 377/1/4584 380/1/701
f 381/1/703 382/1/703 379/1/703
f 381/1/704 378/1/704 380/1/704
f 381/1/705 372/1/588 375/1/706
f 372/1/708 381/1/693 383/1/709
f 385/1/711 379/1/711 382/1/712
f 385/1/713 384/1/4585 383/1/713
f 385/1/714 386/1/714 387/1/714
f 385/1/715 380/1/715 388/1/702
f 389/1/716 390/1/716 387/1/716
f 389/1/717 386/1/4586 388/1/717
f 389/1/718 384/1/719 382/1/719
f 389/1/21 391/1/21 383/1/21
f 393/1/720 387/1/1445 390/1/721
f 393/1/722 392/1/1310 391/1/722
f 393/1/714 394/1/714 395/1/714
f 393/1/702 388/1/702 396/1/715
f 397/1/725 398/1/725 395/1/726
f 397/1/727 394/1/727 396/1/727
f 397/1/718 392/1/719 390/1/719
f 397/1/21 399/1/21 391/1/21
f 401/1/728 395/1/728 398/1/728
f 401/1/730 400/1/4587 399/1/730
f 401/1/714 402/1/714 403/1/714
f 401/1/702 396/1/702 404/1/715
f 405/1/731 406/1/875 403/1/731
f 405/1/732 402/1/876 404/1/732
f 405/1/733 400/1/719 398/1/719
f 405/1/21 407/1/21 399/1/21
f 409/1/734 403/1/734 406/1/734
f 409/1/735 408/1/735 407/1/735
f 409/1/714 410/1/714 411/1/714
f 409/1/702 404/1/702 412/1/702
f 410/1/736 413/1/737 414/1/737
f 413/1/739 410/1/739 412/1/739
f 413/1/719 408/1/719 406/1/719
f 413/1/591 415/1/591 407/1/741
f 417/1/742 411/1/742 414/1/742
f 416/1/743 415/1/2900 412/1/744
f 417/1/714 418/1/714 419/1/714
f 417/1/715 412/1/715 420/1/702
f 418/1/745 421/1/746 422/1/746
f 421/1/747 418/1/747 420/1/747
f 421/1/718 416/1/719 414/1/719
f 421/1/21 423/1/21 415/1/21
f 425/1/748 419/1/748 422/1/749
f 424/1/750 423/1/1010 420/1/750
f 425/1/714 426/1/714 427/1/714
f 425/1/724 420/1/724 428/1/702
f 426/1/752 429/1/885 430/1/752
f 429/1/753 426/1/754 428/1/754
f 429/1/718 424/1/719 422/1/733
f 429/1/21 431/1/21 423/1/21
f 433/1/755 427/1/755 430/1/755
f 432/1/756 431/1/756 428/1/757
f 433/1/714 434/1/714 435/1/714
f 433/1/724 428/1/724 436/1/715
f 434/1/759 437/1/759 438/1/759
f 437/1/760 434/1/888 436/1/760
f 437/1/719 432/1/719 430/1/719
f 437/1/21 439/1/21 431/1/21
f 441/1/761 435/1/4588 438/1/761
f 440/1/763 439/1/4589 436/1/764
f 441/1/714 442/1/714 443/1/714
f 441/1/715 436/1/702 444/1/715
f 442/1/765 445/1/893 446/1/765
f 445/1/766 442/1/767 444/1/767
f 445/1/718 440/1/718 438/1/718
f 445/1/21 447/1/21 439/1/21
f 449/1/768 443/1/768 446/1/768
f 448/1/770 447/1/770 444/1/770
f 450/1/714 451/1/714 443/1/714
f 449/1/715 444/1/715 452/1/724
f 450/1/771 453/1/1041 454/1/771
f 453/1/772 450/1/772 452/1/772
f 453/1/719 448/1/719 446/1/719
f 453/1/21 455/1/21 447/1/21
f 457/1/773 451/1/773 454/1/773
f 456/1/775 455/1/775 452/1/776
f 458/1/714 459/1/714 451/1/714
f 458/1/702 457/1/702 452/1/702
f 458/1/777 461/1/4590 462/1/778
f 461/1/780 458/1/4591 460/1/780
f 456/1/718 454/1/718 462/1/719
f 456/1/21 461/1/21 463/1/21
f 465/1/781 459/1/781 462/1/781
f 464/1/782 463/1/782 460/1/782
f 466/1/714 467/1/714 459/1/714
f 466/1/715 465/1/724 460/1/724
f 466/1/784 469/1/784 470/1/784
f 469/1/785 466/1/910 468/1/785
f 464/1/718 462/1/718 470/1/719
f 464/1/21 469/1/21 471/1/21
f 473/1/787 467/1/787 470/1/787
f 472/1/789 471/1/789 468/1/790
f 474/1/714 475/1/714 467/1/714
f 474/1/724 473/1/702 468/1/702
f 474/1/791 477/1/792 478/1/792
f 477/1/793 474/1/1070 476/1/793
f 472/1/718 470/1/718 478/1/733
f 472/1/21 477/1/21 479/1/21
f 481/1/795 475/1/1198 478/1/796
f 480/1/798 479/1/917 476/1/799
f 482/1/714 483/1/714 475/1/714
f 482/1/715 481/1/724 476/1/724
f 482/1/801 485/1/801 486/1/801
f 485/1/802 482/1/803 484/1/803
f 480/1/718 478/1/718 486/1/719
f 480/1/21 485/1/21 487/1/21
f 489/1/805 483/1/1554 486/1/806
f 488/1/807 487/1/1082 484/1/807
f 490/1/714 491/1/714 483/1/714
f 490/1/808 489/1/724 484/1/724
f 490/1/810 493/1/810 494/1/810
f 490/1/811 492/1/811 495/1/811
f 488/1/719 486/1/719 494/1/719
f 488/1/21 493/1/21 495/1/21
f 496/1/812 497/1/812 491/1/812
f 496/1/814 495/1/814 492/1/815
f 498/1/714 499/1/714 491/1/714
f 498/1/809 497/1/809 492/1/809
f 498/1/816 501/1/817 502/1/817
f 498/1/818 500/1/818 503/1/818
f 496/1/718 494/1/718 502/1/719
f 496/1/21 501/1/693 503/1/21
f 504/1/820 505/1/821 499/1/821
f 504/1/822 503/1/822 500/1/823
f 506/1/714 507/1/714 499/1/714
f 506/1/809 505/1/809 500/1/809
f 506/1/824 509/1/825 510/1/825
f 506/1/827 508/1/1293 511/1/828
f 504/1/718 502/1/718 510/1/719
f 504/1/21 509/1/21 511/1/21
f 512/1/830 513/1/830 507/1/830
f 512/1/831 511/1/831 508/1/831
f 514/1/714 4/1/714 507/1/714
f 514/1/809 513/1/809 508/1/809
f 514/1/832 515/1/833 362/1/833
f 514/1/834 6/1/1156 363/1/834
f 512/1/718 510/1/718 362/1/719
f 512/1/21 515/1/21 363/1/21
f 517/1/836 375/1/836 518/1/836
f 517/1/696 516/1/696 519/1/696
f 520/1/838 382/1/4592 375/1/839
f 517/1/841 376/1/4593 383/1/842
f 521/1/843 522/1/843 382/1/843
f 521/1/704 520/1/1163 383/1/844
f 521/1/845 516/1/588 518/1/846
f 516/1/848 521/1/591 523/1/849
f 525/1/851 382/1/851 522/1/852
f 525/1/854 524/1/4594 523/1/855
f 525/1/857 526/1/858 390/1/858
f 525/1/809 383/1/809 391/1/860
f 527/1/716 528/1/716 390/1/716
f 527/1/863 526/1/863 391/1/863
f 527/1/864 524/1/864 522/1/864
f 527/1/591 529/1/591 523/1/591
f 531/1/865 390/1/971 528/1/866
f 531/1/867 530/1/868 529/1/868
f 531/1/858 532/1/858 398/1/858
f 531/1/702 391/1/702 399/1/715
f 533/1/725 534/1/725 398/1/869
f 533/1/870 532/1/978 399/1/870
f 533/1/718 530/1/864 528/1/864
f 533/1/591 535/1/591 529/1/591
f 537/1/729 398/1/1177 534/1/729
f 537/1/871 536/1/4595 535/1/872
f 537/1/858 538/1/858 406/1/858
f 537/1/724 399/1/724 407/1/702
f 539/1/873 540/1/873 406/1/874
f 539/1/876 538/1/876 407/1/876
f 539/1/864 536/1/864 534/1/864
f 539/1/591 541/1/591 535/1/591
f 543/1/878 406/1/878 540/1/878
f 543/1/735 542/1/735 541/1/735
f 543/1/858 544/1/858 414/1/858
f 543/1/702 407/1/702 415/1/702
f 544/1/737 545/1/737 546/1/737
f 545/1/739 544/1/739 415/1/739
f 545/1/864 542/1/864 540/1/864
f 545/1/591 547/1/591 541/1/591
f 549/1/880 414/1/880 546/1/881
f 548/1/744 547/1/744 415/1/744
f 549/1/858 550/1/858 422/1/858
f 549/1/702 415/1/702 423/1/715
f 550/1/746 551/1/1003 552/1/746
f 551/1/883 550/1/1134 423/1/883
f 551/1/864 548/1/864 546/1/864
f 551/1/591 553/1/591 547/1/591
f 555/1/884 422/1/884 552/1/884
f 554/1/750 553/1/750 423/1/750
f 555/1/858 556/1/858 430/1/858
f 555/1/702 423/1/702 431/1/702
f 556/1/885 557/1/752 558/1/885
f 557/1/754 556/1/754 431/1/754
f 557/1/864 554/1/864 552/1/864
f 557/1/591 559/1/591 553/1/591
f 561/1/755 430/1/755 558/1/755
f 560/1/758 559/1/758 431/1/758
f 561/1/858 562/1/858 438/1/858
f 561/1/702 431/1/702 439/1/702
f 562/1/887 563/1/887 564/1/887
f 563/1/888 562/1/888 439/1/888
f 563/1/864 560/1/864 558/1/864
f 563/1/591 565/1/591 559/1/591
f 567/1/889 438/1/889 564/1/761
f 566/1/891 565/1/891 439/1/891
f 567/1/858 568/1/858 446/1/858
f 567/1/702 439/1/702 447/1/715
f 568/1/893 569/1/893 570/1/893
f 569/1/894 568/1/767 447/1/894
f 569/1/864 566/1/864 564/1/864
f 569/1/591 571/1/591 565/1/591
f 573/1/896 446/1/896 570/1/897
f 572/1/898 571/1/2917 447/1/899
f 574/1/858 454/1/858 446/1/858
f 573/1/702 447/1/702 455/1/702
f 574/1/900 575/1/901 576/1/901
f 575/1/902 574/1/772 455/1/772
f 572/1/864 570/1/864 576/1/864
f 575/1/591 577/1/591 571/1/591
f 579/1/774 454/1/774 576/1/774
f 578/1/905 577/1/905 455/1/905
f 580/1/858 462/1/858 454/1/858
f 580/1/702 579/1/724 455/1/715
f 580/1/906 581/1/2921 582/1/777
f 581/1/907 580/1/4591 463/1/907
f 578/1/864 576/1/864 582/1/864
f 578/1/591 581/1/591 583/1/591
f 585/1/908 462/1/1053 582/1/908
f 584/1/783 583/1/782 463/1/783
f 586/1/858 470/1/858 462/1/858
f 586/1/702 585/1/702 463/1/702
f 586/1/784 587/1/784 588/1/784
f 587/1/910 586/1/910 471/1/910
f 584/1/864 582/1/864 588/1/864
f 584/1/591 587/1/591 589/1/591
f 591/1/788 470/1/1192 588/1/788
f 590/1/790 589/1/790 471/1/790
f 592/1/858 478/1/858 470/1/858
f 592/1/702 591/1/702 471/1/702
f 592/1/911 593/1/913 594/1/912
f 593/1/793 592/1/793 479/1/793
f 590/1/864 588/1/864 594/1/719
f 590/1/591 593/1/591 595/1/591
f 597/1/914 478/1/1071 594/1/914
f 596/1/916 595/1/916 479/1/916
f 598/1/858 486/1/858 478/1/858
f 598/1/702 597/1/702 479/1/702
f 598/1/918 599/1/4596 600/1/919
f 599/1/803 598/1/803 487/1/803
f 596/1/719 594/1/719 600/1/733
f 596/1/591 599/1/591 601/1/591
f 603/1/920 486/1/920 600/1/806
f 602/1/807 601/1/807 487/1/807
f 604/1/921 494/1/714 486/1/922
f 604/1/702 603/1/702 487/1/702
f 604/1/923 605/1/923 606/1/923
f 604/1/811 495/1/811 607/1/811
f 602/1/719 600/1/719 606/1/719
f 602/1/591 605/1/591 607/1/591
f 608/1/924 609/1/813 494/1/925
f 608/1/815 607/1/1564 495/1/815
f 610/1/858 502/1/858 494/1/858
f 610/1/702 609/1/702 495/1/702
f 610/1/926 611/1/817 612/1/926
f 610/1/927 503/1/927 613/1/928
f 608/1/719 606/1/719 612/1/733
f 608/1/591 611/1/591 613/1/591
f 614/1/820 615/1/930 502/1/930
f 614/1/931 613/1/931 503/1/931
f 616/1/922 510/1/922 502/1/922
f 616/1/702 615/1/724 503/1/724
f 616/1/932 617/1/1150 618/1/932
f 616/1/933 511/1/933 619/1/934
f 614/1/719 612/1/719 618/1/718
f 614/1/591 617/1/591 619/1/591
f 620/1/830 621/1/935 510/1/935
f 620/1/936 619/1/936 511/1/936
f 622/1/922 362/1/922 510/1/921
f 622/1/702 621/1/702 511/1/702
f 622/1/937 623/1/1329 354/1/938
f 622/1/940 363/1/4597 355/1/941
f 620/1/719 618/1/719 354/1/733
f 620/1/591 623/1/591 355/1/591
f 625/1/943 518/1/943 626/1/944
f 625/1/946 624/1/4598 627/1/946
f 628/1/947 522/1/4599 518/1/948
f 625/1/949 519/1/4600 523/1/950
f 629/1/951 630/1/4601 522/1/952
f 629/1/704 628/1/4602 523/1/954
f 629/1/955 624/1/588 626/1/956
f 624/1/958 629/1/591 631/1/959
f 633/1/961 522/1/4603 630/1/852
f 633/1/963 632/1/4604 631/1/964
f 633/1/965 634/1/965 528/1/965
f 633/1/724 523/1/724 529/1/724
f 635/1/966 636/1/1341 528/1/967
f 635/1/717 634/1/4605 529/1/969
f 635/1/733 632/1/733 630/1/733
f 635/1/591 637/1/591 631/1/591
f 639/1/721 528/1/721 636/1/971
f 639/1/973 638/1/4606 637/1/973
f 639/1/965 640/1/714 534/1/965
f 639/1/724 529/1/724 535/1/724
f 641/1/975 642/1/725 534/1/976
f 641/1/978 640/1/4607 535/1/979
f 641/1/719 638/1/719 636/1/719
f 641/1/591 643/1/591 637/1/591
f 645/1/981 534/1/2891 642/1/982
f 645/1/730 644/1/4608 643/1/984
f 645/1/965 646/1/965 540/1/965
f 645/1/724 535/1/724 541/1/702
f 647/1/873 648/1/874 540/1/873
f 647/1/986 646/1/4609 541/1/987
f 647/1/719 644/1/719 642/1/719
f 647/1/591 649/1/591 643/1/591
f 651/1/989 540/1/4610 648/1/989
f 651/1/991 650/1/4611 649/1/992
f 651/1/965 652/1/965 546/1/965
f 651/1/724 541/1/724 547/1/724
f 652/1/736 653/1/4612 654/1/993
f 653/1/995 652/1/4613 547/1/996
f 653/1/718 650/1/718 648/1/718
f 653/1/591 655/1/591 649/1/591
f 657/1/998 546/1/998 654/1/999
f 656/1/1001 655/1/1133 547/1/743
f 657/1/714 658/1/965 552/1/965
f 657/1/724 547/1/724 553/1/724
f 658/1/1003 659/1/4614 660/1/882
f 659/1/1005 658/1/4615 553/1/1005
f 659/1/719 656/1/719 654/1/719
f 659/1/591 661/1/591 655/1/591
f 663/1/1007 552/1/749 660/1/1008
f 662/1/750 661/1/751 553/1/1010
f 663/1/714 664/1/965 558/1/965
f 663/1/724 553/1/724 559/1/702
f 664/1/885 665/1/4616 666/1/1012
f 665/1/754 664/1/4617 559/1/1013
f 665/1/718 662/1/719 660/1/719
f 665/1/591 667/1/591 661/1/591
f 669/1/755 558/1/2906 666/1/1014
f 668/1/1016 667/1/1136 559/1/1017
f 669/1/714 670/1/965 564/1/965
f 669/1/724 559/1/724 565/1/724
f 670/1/1019 671/1/4618 672/1/1020
f 671/1/1021 670/1/4619 565/1/1022
f 671/1/718 668/1/719 666/1/733
f 671/1/591 673/1/591 667/1/591
f 675/1/1023 564/1/1023 672/1/1024
f 674/1/1026 673/1/1026 565/1/1027
f 675/1/714 676/1/965 570/1/965
f 675/1/724 565/1/724 571/1/724
f 676/1/765 677/1/4620 678/1/1029
f 677/1/1031 676/1/4621 571/1/1032
f 677/1/718 674/1/719 672/1/733
f 677/1/591 679/1/591 673/1/591
f 681/1/1033 570/1/769 678/1/1034
f 680/1/1036 679/1/898 571/1/1037
f 682/1/714 576/1/714 570/1/965
f 681/1/724 571/1/724 577/1/702
f 682/1/1039 683/1/4622 684/1/1040
f 683/1/1042 682/1/4623 577/1/1043
f 680/1/718 678/1/733 684/1/718
f 683/1/591 685/1/591 679/1/591
f 687/1/773 576/1/1142 684/1/1044
f 686/1/1046 685/1/1046 577/1/1047
f 688/1/965 582/1/965 576/1/714
f 688/1/724 687/1/715 577/1/724
f 688/1/1049 689/1/4624 690/1/1050
f 689/1/1051 688/1/4625 583/1/1052
f 686/1/733 684/1/719 690/1/718
f 686/1/591 689/1/591 691/1/591
f 693/1/1053 582/1/1053 690/1/1054
f 692/1/1056 691/1/783 583/1/1057
f 694/1/714 588/1/714 582/1/965
f 694/1/724 693/1/715 583/1/724
f 694/1/784 695/1/4626 696/1/1059
f 695/1/1061 694/1/4627 589/1/1062
f 692/1/719 690/1/719 696/1/719
f 692/1/591 695/1/591 697/1/591
f 699/1/1064 588/1/788 696/1/1064
f 698/1/790 697/1/790 589/1/1066
f 700/1/714 594/1/714 588/1/714
f 700/1/724 699/1/702 589/1/702
f 700/1/1068 701/1/4628 702/1/1069
f 701/1/1070 700/1/4629 595/1/794
f 698/1/733 696/1/733 702/1/718
f 698/1/591 701/1/591 703/1/591
f 705/1/915 594/1/915 702/1/1071
f 704/1/1073 703/1/1279 595/1/1073
f 706/1/714 600/1/714 594/1/714
f 706/1/724 705/1/715 595/1/724
f 706/1/1075 707/1/4630 708/1/1075
f 707/1/1077 706/1/4631 601/1/802
f 704/1/719 702/1/719 708/1/719
f 704/1/591 707/1/591 709/1/591
f 711/1/805 600/1/805 708/1/1079
f 710/1/1081 709/1/1283 601/1/1082
f 712/1/714 606/1/714 600/1/714
f 712/1/724 711/1/702 601/1/702
f 712/1/1084 713/1/4632 714/1/1084
f 712/1/1085 607/1/811 715/1/1086
f 710/1/719 708/1/719 714/1/718
f 710/1/591 713/1/591 715/1/591
f 716/1/924 717/1/4633 606/1/924
f 716/1/1088 715/1/4634 607/1/814
f 718/1/714 612/1/714 606/1/714
f 718/1/724 717/1/702 607/1/702
f 718/1/817 719/1/1410 720/1/1090
f 718/1/818 613/1/818 721/1/1092
f 716/1/718 714/1/718 720/1/733
f 716/1/591 719/1/591 721/1/591
f 722/1/1094 723/1/4635 612/1/1095
f 722/1/823 721/1/1149 613/1/1096
f 724/1/714 618/1/714 612/1/714
f 724/1/724 723/1/702 613/1/724
f 724/1/932 725/1/4636 726/1/1098
f 724/1/1099 619/1/4637 727/1/1099
f 722/1/733 720/1/719 726/1/733
f 722/1/591 725/1/591 727/1/591
f 728/1/1101 729/1/4638 618/1/1102
f 728/1/1104 727/1/4639 619/1/1105
f 730/1/714 354/1/714 618/1/714
f 730/1/724 729/1/702 619/1/702
f 730/1/1107 731/1/4640 346/1/1108
f 730/1/1109 355/1/1109 347/1/1110
f 728/1/733 726/1/733 346/1/719
f 728/1/591 731/1/591 347/1/591
f 733/1/1112 626/1/944 734/1/694
f 733/1/695 732/1/695 735/1/695
f 736/1/1113 630/1/4641 626/1/1114
f 733/1/1115 627/1/4642 631/1/1116
f 737/1/843 738/1/843 630/1/843
f 737/1/1118 736/1/1119 631/1/1119
f 737/1/1120 732/1/588 734/1/1121
f 732/1/1123 737/1/21 739/1/1124
f 741/1/853 630/1/853 738/1/853
f 741/1/1126 740/1/1127 739/1/1127
f 741/1/714 742/1/714 636/1/714
f 741/1/724 631/1/724 637/1/702
f 743/1/1128 744/1/1128 636/1/1129
f 743/1/717 742/1/970 637/1/863
f 743/1/718 740/1/733 738/1/718
f 743/1/21 745/1/21 739/1/21
f 747/1/866 636/1/866 744/1/866
f 747/1/722 746/1/1310 745/1/722
f 747/1/714 748/1/714 642/1/714
f 747/1/715 637/1/715 643/1/702
f 749/1/725 750/1/725 642/1/726
f 749/1/727 748/1/727 643/1/727
f 749/1/718 746/1/719 744/1/719
f 749/1/21 751/1/21 745/1/21
f 753/1/728 642/1/728 750/1/728
f 753/1/730 752/1/4587 751/1/730
f 753/1/714 754/1/714 648/1/714
f 753/1/724 643/1/724 649/1/724
f 755/1/731 756/1/731 648/1/731
f 755/1/876 754/1/876 649/1/876
f 755/1/719 752/1/719 750/1/719
f 755/1/21 757/1/21 751/1/21
f 759/1/878 648/1/1458 756/1/878
f 759/1/1130 758/1/1131 757/1/1131
f 759/1/714 760/1/714 654/1/714
f 759/1/724 649/1/724 655/1/702
f 760/1/736 761/1/737 762/1/737
f 761/1/739 760/1/739 655/1/739
f 761/1/718 758/1/719 756/1/719
f 761/1/21 763/1/21 757/1/21
f 765/1/1132 654/1/1132 762/1/1132
f 764/1/1133 763/1/1314 655/1/1133
f 765/1/714 766/1/714 660/1/714
f 765/1/724 655/1/724 661/1/724
f 766/1/1003 767/1/1003 768/1/1003
f 767/1/1134 766/1/1134 661/1/1134
f 767/1/718 764/1/719 762/1/719
f 767/1/21 769/1/21 763/1/21
f 771/1/748 660/1/748 768/1/749
f 770/1/750 769/1/750 661/1/750
f 771/1/714 772/1/714 666/1/714
f 771/1/724 661/1/724 667/1/715
f 772/1/752 773/1/885 774/1/752
f 773/1/754 772/1/754 667/1/754
f 773/1/718 770/1/719 768/1/719
f 773/1/21 775/1/21 769/1/693
f 777/1/755 666/1/755 774/1/755
f 776/1/757 775/1/757 667/1/1136
f 777/1/714 778/1/714 672/1/714
f 777/1/724 667/1/724 673/1/724
f 778/1/759 779/1/2910 780/1/759
f 779/1/888 778/1/760 673/1/888
f 779/1/718 776/1/719 774/1/719
f 779/1/21 781/1/21 775/1/21
f 783/1/762 672/1/4588 780/1/762
f 782/1/1138 781/1/1138 673/1/1139
f 783/1/714 784/1/714 678/1/714
f 783/1/724 673/1/724 679/1/724
f 784/1/765 785/1/765 786/1/765
f 785/1/894 784/1/767 679/1/767
f 785/1/718 782/1/719 780/1/719
f 785/1/21 787/1/21 781/1/21
f 789/1/769 678/1/1505 786/1/769
f 788/1/1036 787/1/1037 679/1/898
f 790/1/714 684/1/714 678/1/714
f 789/1/724 679/1/724 685/1/724
f 790/1/1041 791/1/901 792/1/1041
f 791/1/1042 790/1/902 685/1/902
f 788/1/718 786/1/718 792/1/733
f 791/1/21 793/1/21 787/1/21
f 795/1/773 684/1/773 792/1/773
f 794/1/905 793/1/1358 685/1/905
f 796/1/714 690/1/714 684/1/714
f 796/1/724 795/1/702 685/1/715
f 796/1/778 797/1/4590 798/1/778
f 797/1/780 796/1/4591 691/1/780
f 794/1/718 792/1/718 798/1/733
f 794/1/21 797/1/21 799/1/21
f 801/1/781 690/1/781 798/1/781
f 800/1/782 799/1/782 691/1/783
f 802/1/714 696/1/714 690/1/714
f 802/1/724 801/1/724 691/1/724
f 802/1/784 803/1/784 804/1/784
f 803/1/785 802/1/1063 697/1/785
f 800/1/718 798/1/718 804/1/719
f 800/1/21 803/1/693 805/1/21
f 807/1/787 696/1/787 804/1/787
f 806/1/790 805/1/789 697/1/790
f 808/1/714 702/1/714 696/1/714
f 808/1/724 807/1/702 697/1/715
f 808/1/791 809/1/1194 810/1/792
f 809/1/793 808/1/1070 703/1/793
f 806/1/718 804/1/718 810/1/719
f 806/1/21 809/1/21 811/1/21
f 813/1/915 702/1/915 810/1/915
f 812/1/917 811/1/917 703/1/917
f 814/1/714 708/1/714 702/1/714
f 814/1/724 813/1/724 703/1/724
f 814/1/1144 815/1/1144 816/1/1144
f 815/1/802 814/1/803 709/1/803
f 812/1/718 810/1/718 816/1/719
f 812/1/21 815/1/21 817/1/21
f 819/1/805 708/1/1554 816/1/806
f 818/1/807 817/1/1082 709/1/807
f 820/1/714 714/1/714 708/1/714
f 820/1/724 819/1/702 709/1/715
f 820/1/923 821/1/923 822/1/923
f 820/1/1146 715/1/1146 823/1/1147
f 818/1/718 816/1/718 822/1/719
f 818/1/21 821/1/693 823/1/21
f 824/1/812 825/1/812 714/1/812
f 824/1/815 823/1/815 715/1/815
f 826/1/714 720/1/714 714/1/714
f 826/1/724 825/1/724 715/1/724
f 826/1/816 827/1/817 828/1/816
f 826/1/818 721/1/818 829/1/818
f 824/1/719 822/1/719 828/1/719
f 824/1/21 827/1/693 829/1/21
f 830/1/1148 831/1/4643 720/1/1148
f 830/1/1149 829/1/1149 721/1/1149
f 832/1/714 726/1/714 720/1/714
f 832/1/724 831/1/715 721/1/715
f 832/1/1150 833/1/1150 834/1/1150
f 832/1/828 727/1/828 835/1/828
f 830/1/718 828/1/718 834/1/719
f 830/1/21 833/1/21 835/1/21
f 836/1/1151 837/1/1580 726/1/1152
f 836/1/831 835/1/831 727/1/936
f 838/1/714 346/1/714 726/1/714
f 838/1/724 837/1/702 727/1/715
f 838/1/1154 839/1/938 338/1/1154
f 838/1/1155 347/1/1109 339/1/1156
f 836/1/719 834/1/719 338/1/733
f 836/1/21 839/1/21 339/1/21
f 841/1/1157 734/1/1112 842/1/1158
f 841/1/696 840/1/1330 843/1/696
f 844/1/1159 738/1/4644 734/1/1160
f 841/1/1161 735/1/4645 739/1/1162
f 845/1/1117 846/1/1215 738/1/843
f 845/1/1163 844/1/4646 739/1/1163
f 845/1/1164 840/1/690 842/1/1165
f 840/1/1167 845/1/591 847/1/1168
f 849/1/852 738/1/852 846/1/852
f 849/1/855 848/1/4594 847/1/855
f 849/1/859 850/1/859 744/1/859
f 849/1/809 739/1/809 745/1/809
f 851/1/716 852/1/1227 744/1/716
f 851/1/1171 850/1/970 745/1/1171
f 851/1/718 848/1/719 846/1/719
f 851/1/1173 853/1/1173 847/1/591
f 855/1/1174 744/1/1174 852/1/1174
f 855/1/722 854/1/722 853/1/722
f 855/1/859 856/1/859 750/1/859
f 855/1/809 745/1/809 751/1/809
f 857/1/869 858/1/725 750/1/869
f 857/1/870 856/1/978 751/1/870
f 857/1/718 854/1/719 852/1/719
f 857/1/1173 859/1/1173 853/1/1173
f 861/1/1176 750/1/1176 858/1/1177
f 861/1/871 860/1/4595 859/1/872
f 861/1/859 862/1/859 756/1/859
f 861/1/809 751/1/809 757/1/809
f 863/1/873 864/1/873 756/1/874
f 863/1/877 862/1/4647 757/1/877
f 863/1/864 860/1/4648 858/1/1178
f 863/1/591 865/1/591 859/1/591
f 867/1/878 756/1/878 864/1/878
f 867/1/735 866/1/735 865/1/735
f 867/1/858 868/1/858 762/1/858
f 867/1/715 757/1/702 763/1/724
f 868/1/1179 869/1/737 870/1/737
f 869/1/739 868/1/739 763/1/739
f 869/1/864 866/1/864 864/1/864
f 869/1/591 871/1/591 865/1/591
f 873/1/998 762/1/998 870/1/1132
f 872/1/1181 871/1/4649 763/1/1181
f 873/1/858 874/1/858 768/1/858
f 873/1/715 763/1/702 769/1/724
f 874/1/745 875/1/746 876/1/745
f 875/1/1134 874/1/1250 769/1/1134
f 875/1/864 872/1/864 870/1/864
f 875/1/591 877/1/591 871/1/591
f 879/1/1183 768/1/4650 876/1/1135
f 878/1/1184 877/1/1184 769/1/750
f 879/1/858 880/1/858 774/1/858
f 879/1/715 769/1/702 775/1/724
f 880/1/886 881/1/752 882/1/885
f 881/1/754 880/1/754 775/1/754
f 881/1/864 878/1/864 876/1/864
f 881/1/591 883/1/591 877/1/591
f 885/1/755 774/1/1351 882/1/755
f 884/1/758 883/1/758 775/1/758
f 885/1/858 886/1/858 780/1/858
f 885/1/702 775/1/702 781/1/724
f 886/1/887 887/1/1019 888/1/1019
f 887/1/888 886/1/888 781/1/888
f 887/1/864 884/1/864 882/1/864
f 887/1/591 889/1/591 883/1/591
f 891/1/889 780/1/889 888/1/761
f 890/1/891 889/1/891 781/1/891
f 891/1/858 892/1/858 786/1/858
f 891/1/724 781/1/724 787/1/724
f 892/1/765 893/1/1030 894/1/765
f 893/1/1187 892/1/4651 787/1/1187
f 893/1/879 890/1/879 888/1/879
f 893/1/1188 895/1/1405 889/1/1188
f 897/1/896 786/1/896 894/1/897
f 896/1/898 895/1/898 787/1/898
f 898/1/858 792/1/858 786/1/858
f 897/1/724 787/1/724 793/1/724
f 898/1/900 899/1/1041 900/1/901
f 899/1/902 898/1/772 793/1/902
f 896/1/864 894/1/864 900/1/864
f 899/1/591 901/1/1188 895/1/1189
f 903/1/773 792/1/773 900/1/773
f 902/1/1190 901/1/1190 793/1/1191
f 904/1/922 798/1/922 792/1/922
f 904/1/702 903/1/724 793/1/724
f 904/1/906 905/1/2921 906/1/777
f 905/1/907 904/1/4652 799/1/907
f 902/1/879 900/1/864 906/1/864
f 902/1/1188 905/1/1189 907/1/1188
f 909/1/908 798/1/908 906/1/1053
f 908/1/783 907/1/782 799/1/783
f 910/1/858 804/1/858 798/1/858
f 910/1/702 909/1/724 799/1/724
f 910/1/784 911/1/4653 912/1/784
f 911/1/910 910/1/910 805/1/910
f 908/1/864 906/1/718 912/1/864
f 908/1/591 911/1/591 913/1/591
f 915/1/1192 804/1/4654 912/1/788
f 914/1/790 913/1/790 805/1/790
f 916/1/858 810/1/858 804/1/858
f 916/1/702 915/1/724 805/1/715
f 916/1/1193 917/1/792 918/1/1194
f 917/1/1196 916/1/793 811/1/793
f 914/1/864 912/1/864 918/1/864
f 914/1/591 917/1/591 919/1/591
f 921/1/1198 810/1/1198 918/1/1198
f 920/1/917 919/1/917 811/1/917
f 922/1/858 816/1/858 810/1/858
f 922/1/702 921/1/702 811/1/702
f 922/1/1076 923/1/4655 924/1/1200
f 923/1/1201 922/1/1078 817/1/1078
f 920/1/864 918/1/864 924/1/864
f 920/1/591 923/1/591 925/1/591
f 927/1/920 816/1/920 924/1/806
f 926/1/807 925/1/807 817/1/807
f 928/1/858 822/1/858 816/1/858
f 928/1/724 927/1/724 817/1/724
f 928/1/1203 929/1/810 930/1/810
f 928/1/1204 823/1/4656 931/1/1205
f 926/1/864 924/1/864 930/1/864
f 926/1/591 929/1/591 931/1/591
f 932/1/925 933/1/813 822/1/925
f 932/1/815 931/1/815 823/1/815
f 934/1/858 828/1/858 822/1/858
f 934/1/715 933/1/724 823/1/724
f 934/1/817 935/1/817 936/1/817
f 934/1/927 829/1/927 937/1/928
f 932/1/864 930/1/864 936/1/864
f 932/1/591 935/1/591 937/1/591
f 938/1/1207 939/1/820 828/1/1207
f 938/1/1208 937/1/1208 829/1/1208
f 940/1/858 834/1/858 828/1/858
f 940/1/702 939/1/702 829/1/702
f 940/1/932 941/1/932 942/1/932
f 940/1/828 835/1/828 943/1/828
f 938/1/864 936/1/864 942/1/864
f 938/1/591 941/1/1188 943/1/21
f 944/1/1103 945/1/935 834/1/830
f 944/1/1104 943/1/4657 835/1/1153
f 946/1/858 338/1/858 834/1/858
f 946/1/702 945/1/724 835/1/724
f 946/1/938 947/1/1210 330/1/1210
f 946/1/941 339/1/941 331/1/941
f 944/1/718 942/1/864 330/1/864
f 944/1/591 947/1/591 331/1/591
f 949/1/943 842/1/943 950/1/943
f 949/1/946 948/1/4598 951/1/946
f 952/1/1211 846/1/4658 842/1/1212
f 949/1/1213 843/1/4659 847/1/1214
f 953/1/1215 954/1/1215 846/1/1216
f 953/1/1218 952/1/4660 847/1/1219
f 953/1/1220 948/1/588 950/1/1221
f 948/1/1223 953/1/591 955/1/1224
f 957/1/961 846/1/4603 954/1/852
f 957/1/963 956/1/4604 955/1/964
f 957/1/965 958/1/965 852/1/965
f 957/1/702 847/1/702 853/1/715
f 959/1/1226 960/1/716 852/1/1227
f 959/1/1229 958/1/4661 853/1/1229
f 959/1/719 956/1/718 954/1/733
f 959/1/591 961/1/591 955/1/591
f 963/1/1230 852/1/720 960/1/1230
f 963/1/723 962/1/4662 961/1/1231
f 963/1/965 964/1/965 858/1/965
f 963/1/702 853/1/702 859/1/724
f 965/1/975 966/1/725 858/1/976
f 965/1/978 964/1/4607 859/1/979
f 965/1/719 962/1/733 960/1/733
f 965/1/591 967/1/591 961/1/591
f 969/1/729 858/1/2891 966/1/982
f 969/1/730 968/1/4663 967/1/984
f 969/1/965 970/1/714 864/1/714
f 969/1/702 859/1/702 865/1/724
f 971/1/1234 972/1/731 864/1/1235
f 971/1/1237 970/1/4664 865/1/1237
f 971/1/719 968/1/719 966/1/719
f 971/1/591 973/1/591 967/1/591
f 975/1/1239 864/1/4665 972/1/1240
f 975/1/1130 974/1/4666 973/1/1130
f 975/1/965 976/1/714 870/1/965
f 975/1/702 865/1/702 871/1/724
f 976/1/736 977/1/4612 978/1/993
f 977/1/997 976/1/4613 871/1/996
f 977/1/719 974/1/718 972/1/733
f 977/1/591 979/1/591 973/1/591
f 981/1/1242 870/1/1242 978/1/1243
f 980/1/1245 979/1/1181 871/1/1246
f 981/1/965 982/1/965 876/1/965
f 981/1/715 871/1/702 877/1/724
f 982/1/882 983/1/4614 984/1/882
f 983/1/1248 982/1/4667 877/1/1249
f 983/1/719 980/1/733 978/1/733
f 983/1/591 985/1/591 979/1/591
f 987/1/749 876/1/2902 984/1/1007
f 986/1/1251 985/1/4668 877/1/1252
f 987/1/965 988/1/714 882/1/714
f 987/1/702 877/1/702 883/1/724
f 988/1/1254 989/1/4616 990/1/885
f 989/1/1256 988/1/4669 883/1/1257
f 989/1/719 986/1/718 984/1/733
f 989/1/591 991/1/591 985/1/591
f 993/1/1259 882/1/2906 990/1/1260
f 992/1/1262 991/1/1262 883/1/1016
f 993/1/965 994/1/714 888/1/965
f 993/1/702 883/1/702 889/1/724
f 994/1/1019 995/1/4618 996/1/1020
f 995/1/1021 994/1/4619 889/1/1021
f 995/1/719 992/1/733 990/1/719
f 995/1/591 997/1/591 991/1/591
f 999/1/1023 888/1/1023 996/1/1024
f 998/1/1026 997/1/1026 889/1/1027
f 999/1/965 1000/1/965 894/1/965
f 999/1/702 889/1/702 895/1/715
f 1000/1/765 1001/1/4620 1002/1/1029
f 1001/1/1031 1000/1/4621 895/1/1032
f 1001/1/719 998/1/718 996/1/718
f 1001/1/591 1003/1/591 997/1/591
f 1005/1/1033 894/1/1033 1002/1/1034
f 1004/1/1036 1003/1/898 895/1/1037
f 1005/1/965 1006/1/714 900/1/714
f 1005/1/724 895/1/724 901/1/724
f 1006/1/1039 1007/1/4622 1008/1/1040
f 1007/1/1042 1006/1/4623 901/1/1141
f 1004/1/719 1002/1/719 1008/1/719
f 1007/1/591 1009/1/591 1003/1/591
f 1011/1/773 900/1/1142 1008/1/1044
f 1010/1/1046 1009/1/1046 901/1/1047
f 1012/1/965 906/1/965 900/1/965
f 1012/1/702 1011/1/702 901/1/702
f 1012/1/1049 1013/1/4624 1014/1/1050
f 1013/1/1051 1012/1/4670 907/1/1264
f 1010/1/719 1008/1/719 1014/1/733
f 1010/1/591 1013/1/591 1015/1/591
f 1017/1/1053 906/1/1053 1014/1/1054
f 1016/1/1056 1015/1/783 907/1/1056
f 1018/1/714 912/1/714 906/1/714
f 1018/1/715 1017/1/724 907/1/724
f 1018/1/1265 1019/1/4671 1020/1/1266
f 1019/1/1267 1018/1/4627 913/1/1061
f 1016/1/719 1014/1/719 1020/1/733
f 1016/1/591 1019/1/591 1021/1/591
f 1023/1/1268 912/1/4672 1020/1/788
f 1022/1/1269 1021/1/4673 913/1/1270
f 1024/1/965 918/1/965 912/1/965
f 1024/1/724 1023/1/724 913/1/724
f 1024/1/792 1025/1/4628 1026/1/1068
f 1025/1/1273 1024/1/4674 919/1/1274
f 1022/1/719 1020/1/719 1026/1/719
f 1022/1/591 1025/1/591 1027/1/591
f 1029/1/1276 918/1/4675 1026/1/1277
f 1028/1/1199 1027/1/4676 919/1/1279
f 1030/1/965 924/1/965 918/1/965
f 1030/1/702 1029/1/724 919/1/724
f 1030/1/1280 1031/1/4677 1032/1/1281
f 1031/1/1201 1030/1/4678 925/1/1282
f 1028/1/719 1026/1/719 1032/1/718
f 1028/1/591 1031/1/591 1033/1/591
f 1035/1/805 924/1/2932 1032/1/1079
f 1034/1/1283 1033/1/1283 925/1/1082
f 1036/1/965 930/1/965 924/1/714
f 1036/1/702 1035/1/724 925/1/724
f 1036/1/810 1037/1/4679 1038/1/1203
f 1036/1/1146 931/1/1146 1039/1/1085
f 1034/1/719 1032/1/719 1038/1/733
f 1034/1/21 1037/1/21 1039/1/1188
f 1040/1/924 1041/1/4633 930/1/1285
f 1040/1/1286 1039/1/4680 931/1/1088
f 1042/1/965 936/1/965 930/1/965
f 1042/1/702 1041/1/724 931/1/724
f 1042/1/1288 1043/1/4681 1044/1/1090
f 1042/1/818 937/1/818 1045/1/1092
f 1040/1/719 1038/1/719 1044/1/718
f 1040/1/591 1043/1/591 1045/1/591
f 1046/1/1207 1047/1/4682 936/1/1289
f 1046/1/1209 1045/1/4683 937/1/1290
f 1048/1/965 942/1/965 936/1/965
f 1048/1/702 1047/1/724 937/1/724
f 1048/1/1292 1049/1/4684 1050/1/1292
f 1048/1/827 943/1/828 1051/1/1293
f 1046/1/719 1044/1/719 1050/1/719
f 1046/1/591 1049/1/591 1051/1/591
f 1052/1/1103 1053/1/4638 942/1/1101
f 1052/1/1105 1051/1/1105 943/1/1105
f 1054/1/857 330/1/858 942/1/1295
f 1054/1/808 1053/1/4685 943/1/1297
f 1054/1/938 1055/1/1329 322/1/938
f 1054/1/1298 331/1/1298 323/1/1298
f 1052/1/719 1050/1/719 322/1/733
f 1052/1/591 1055/1/591 323/1/591
f 1057/1/1112 950/1/1112 1058/1/694
f 1057/1/695 1056/1/695 1059/1/695
f 1060/1/1299 954/1/4686 950/1/1300
f 1057/1/1301 951/1/4687 955/1/1302
f 1061/1/703 1062/1/703 954/1/703
f 1061/1/704 1060/1/704 955/1/704
f 1061/1/1303 1056/1/588 1058/1/1304
f 1056/1/1306 1061/1/21 1063/1/1307
f 1065/1/853 954/1/853 1062/1/1170
f 1065/1/1126 1064/1/1127 1063/1/1127
f 1065/1/714 1066/1/714 960/1/714
f 1065/1/724 955/1/724 961/1/702
f 1067/1/1128 1068/1/1128 960/1/1309
f 1067/1/717 1066/1/863 961/1/717
f 1067/1/719 1064/1/718 1062/1/733
f 1067/1/21 1069/1/21 1063/1/21
f 1071/1/866 960/1/866 1068/1/866
f 1071/1/722 1070/1/1310 1069/1/1310
f 1071/1/714 1072/1/714 966/1/714
f 1071/1/724 961/1/724 967/1/715
f 1073/1/1311 1074/1/725 966/1/1311
f 1073/1/870 1072/1/4688 967/1/870
f 1073/1/719 1070/1/718 1068/1/718
f 1073/1/21 1075/1/21 1069/1/21
f 1077/1/728 966/1/728 1074/1/728
f 1077/1/730 1076/1/4587 1075/1/1313
f 1077/1/714 1078/1/714 972/1/714
f 1077/1/724 967/1/724 973/1/724
f 1079/1/731 1080/1/731 972/1/731
f 1079/1/876 1078/1/732 973/1/876
f 1079/1/718 1076/1/719 1074/1/719
f 1079/1/21 1081/1/21 1075/1/21
f 1083/1/878 972/1/1458 1080/1/878
f 1083/1/1130 1082/1/1131 1081/1/1131
f 1083/1/714 1084/1/714 978/1/714
f 1083/1/724 973/1/724 979/1/702
f 1084/1/737 1085/1/737 1086/1/737
f 1085/1/739 1084/1/739 979/1/739
f 1085/1/719 1082/1/719 1080/1/719
f 1085/1/21 1087/1/21 1081/1/21
f 1089/1/1132 978/1/1132 1086/1/1132
f 1088/1/1314 1087/1/1314 979/1/1133
f 1089/1/714 1090/1/714 984/1/714
f 1089/1/724 979/1/724 985/1/702
f 1090/1/1003 1091/1/1003 1092/1/1003
f 1091/1/1134 1090/1/1248 985/1/1134
f 1091/1/718 1088/1/719 1086/1/719
f 1091/1/21 1093/1/21 1087/1/21
f 1095/1/748 984/1/748 1092/1/749
f 1094/1/750 1093/1/750 985/1/750
f 1095/1/1315 1096/1/714 990/1/1315
f 1095/1/702 985/1/702 991/1/702
f 1096/1/752 1097/1/885 1098/1/752
f 1097/1/753 1096/1/754 991/1/754
f 1097/1/719 1094/1/719 1092/1/719
f 1097/1/21 1099/1/21 1093/1/21
f 1101/1/755 990/1/755 1098/1/755
f 1100/1/756 1099/1/756 991/1/757
f 1101/1/714 1102/1/714 996/1/714
f 1101/1/724 991/1/724 997/1/702
f 1102/1/759 1103/1/4689 1104/1/1317
f 1103/1/760 1102/1/760 997/1/760
f 1103/1/718 1100/1/718 1098/1/718
f 1103/1/21 1105/1/21 1099/1/21
f 1107/1/762 996/1/4588 1104/1/762
f 1106/1/1318 1105/1/1318 997/1/1318
f 1107/1/714 1108/1/714 1002/1/714
f 1107/1/702 997/1/702 1003/1/715
f 1108/1/765 1109/1/893 1110/1/893
f 1109/1/766 1108/1/767 1003/1/767
f 1109/1/733 1106/1/719 1104/1/733
f 1109/1/21 1111/1/21 1105/1/21
f 1113/1/768 1002/1/768 1110/1/897
f 1112/1/770 1111/1/770 1003/1/770
f 1114/1/714 1008/1/714 1002/1/714
f 1113/1/702 1003/1/702 1009/1/702
f 1114/1/771 1115/1/901 1116/1/901
f 1115/1/772 1114/1/772 1009/1/772
f 1112/1/719 1110/1/719 1116/1/718
f 1115/1/21 1117/1/21 1111/1/21
f 1119/1/773 1008/1/773 1116/1/774
f 1118/1/775 1117/1/775 1009/1/776
f 1120/1/714 1014/1/714 1008/1/714
f 1120/1/724 1119/1/702 1009/1/702
f 1120/1/778 1121/1/4590 1122/1/778
f 1121/1/780 1120/1/4591 1015/1/780
f 1118/1/719 1116/1/719 1122/1/719
f 1118/1/693 1121/1/21 1123/1/21
f 1125/1/781 1014/1/781 1122/1/1319
f 1124/1/782 1123/1/782 1015/1/782
f 1126/1/714 1020/1/714 1014/1/714
f 1126/1/702 1125/1/715 1015/1/702
f 1126/1/784 1127/1/784 1128/1/784
f 1127/1/786 1126/1/785 1021/1/785
f 1124/1/719 1122/1/719 1128/1/718
f 1124/1/21 1127/1/21 1129/1/21
f 1131/1/787 1020/1/787 1128/1/787
f 1130/1/789 1129/1/789 1021/1/790
f 1132/1/714 1026/1/714 1020/1/714
f 1132/1/724 1131/1/702 1021/1/715
f 1132/1/1320 1133/1/912 1134/1/912
f 1133/1/1321 1132/1/1322 1027/1/1322
f 1130/1/733 1128/1/733 1134/1/719
f 1130/1/21 1133/1/21 1135/1/21
f 1137/1/915 1026/1/915 1134/1/915
f 1136/1/917 1135/1/917 1027/1/917
f 1138/1/714 1032/1/714 1026/1/714
f 1138/1/724 1137/1/702 1027/1/702
f 1138/1/1200 1139/1/1200 1140/1/1200
f 1139/1/1323 1138/1/1078 1033/1/1078
f 1136/1/718 1134/1/718 1140/1/733
f 1136/1/21 1139/1/21 1141/1/21
f 1143/1/806 1032/1/1554 1140/1/806
f 1142/1/807 1141/1/1082 1033/1/807
f 1144/1/714 1038/1/714 1032/1/714
f 1144/1/724 1143/1/702 1033/1/702
f 1144/1/810 1145/1/810 1146/1/810
f 1144/1/811 1039/1/811 1147/1/811
f 1142/1/719 1140/1/719 1146/1/718
f 1142/1/21 1145/1/21 1147/1/21
f 1148/1/813 1149/1/812 1038/1/812
f 1148/1/1324 1147/1/1324 1039/1/1324
f 1150/1/714 1044/1/714 1038/1/714
f 1150/1/702 1149/1/724 1039/1/724
f 1150/1/1325 1151/1/4690 1152/1/1326
f 1150/1/819 1045/1/819 1153/1/1327
f 1148/1/719 1146/1/719 1152/1/719
f 1148/1/21 1151/1/21 1153/1/21
f 1154/1/1148 1155/1/4643 1044/1/1148
f 1154/1/1149 1153/1/1149 1045/1/1149
f 1156/1/714 1050/1/714 1044/1/714
f 1156/1/724 1155/1/702 1045/1/715
f 1156/1/1150 1157/1/1150 1158/1/1150
f 1156/1/828 1051/1/828 1159/1/829
f 1154/1/718 1152/1/718 1158/1/718
f 1154/1/21 1157/1/21 1159/1/21
f 1160/1/1151 1161/1/1580 1050/1/1152
f 1160/1/831 1159/1/831 1051/1/831
f 1162/1/714 322/1/714 1050/1/714
f 1162/1/715 1161/1/702 1051/1/702
f 1162/1/1154 1163/1/938 314/1/1329
f 1162/1/1155 323/1/1109 315/1/1156
f 1160/1/719 1158/1/719 314/1/733
f 1160/1/21 1163/1/21 315/1/21
f 1165/1/694 1058/1/694 1166/1/1112
f 1165/1/1330 1164/1/1330 1167/1/1330
f 1168/1/1331 1062/1/4691 1058/1/1332
f 1165/1/1333 1059/1/4692 1063/1/1334
f 1169/1/1117 1170/1/1215 1062/1/843
f 1169/1/1163 1168/1/4646 1063/1/1218
f 1169/1/1335 1164/1/616 1166/1/1336
f 1164/1/1338 1169/1/591 1171/1/1339
f 1173/1/852 1062/1/852 1170/1/852
f 1173/1/855 1172/1/855 1171/1/855
f 1173/1/859 1174/1/859 1068/1/859
f 1173/1/809 1063/1/809 1069/1/809
f 1175/1/1341 1176/1/1341 1068/1/1341
f 1175/1/1343 1174/1/717 1069/1/863
f 1175/1/718 1172/1/719 1170/1/719
f 1175/1/1173 1177/1/1173 1171/1/591
f 1179/1/866 1068/1/866 1176/1/866
f 1179/1/868 1178/1/868 1177/1/868
f 1179/1/859 1180/1/859 1074/1/859
f 1179/1/809 1069/1/4693 1075/1/809
f 1181/1/1345 1182/1/725 1074/1/975
f 1181/1/1346 1180/1/4694 1075/1/1346
f 1181/1/718 1178/1/719 1176/1/733
f 1181/1/1173 1183/1/1173 1177/1/1173
f 1185/1/1176 1074/1/1176 1182/1/1177
f 1185/1/871 1184/1/4595 1183/1/872
f 1185/1/859 1186/1/859 1080/1/859
f 1185/1/809 1075/1/809 1081/1/809
f 1187/1/731 1188/1/731 1080/1/731
f 1187/1/1347 1186/1/1347 1081/1/1347
f 1187/1/718 1184/1/719 1182/1/719
f 1187/1/1173 1189/1/1173 1183/1/1173
f 1191/1/1348 1080/1/4695 1188/1/1348
f 1191/1/735 1190/1/735 1189/1/735
f 1191/1/859 1192/1/857 1086/1/859
f 1191/1/809 1081/1/809 1087/1/809
f 1192/1/1179 1193/1/737 1194/1/737
f 1193/1/1349 1192/1/4696 1087/1/1349
f 1193/1/718 1190/1/719 1188/1/719
f 1193/1/1173 1195/1/1173 1189/1/1173
f 1197/1/999 1086/1/999 1194/1/1132
f 1196/1/1181 1195/1/4649 1087/1/1181
f 1197/1/859 1198/1/859 1092/1/859
f 1197/1/809 1087/1/809 1093/1/809
f 1198/1/1182 1199/1/746 1200/1/745
f 1199/1/1250 1198/1/883 1093/1/1250
f 1199/1/864 1196/1/4648 1194/1/1178
f 1199/1/591 1201/1/591 1195/1/591
f 1203/1/1183 1092/1/4650 1200/1/1183
f 1202/1/1350 1201/1/1350 1093/1/1184
f 1203/1/859 1204/1/859 1098/1/859
f 1203/1/702 1093/1/4697 1099/1/702
f 1204/1/1185 1205/1/752 1206/1/885
f 1205/1/754 1204/1/1258 1099/1/1258
f 1205/1/864 1202/1/864 1200/1/864
f 1205/1/591 1207/1/591 1201/1/591
f 1209/1/1351 1098/1/1351 1206/1/755
f 1208/1/758 1207/1/2908 1099/1/758
f 1209/1/859 1210/1/857 1104/1/859
f 1209/1/702 1099/1/809 1105/1/702
f 1210/1/887 1211/1/4689 1212/1/887
f 1211/1/888 1210/1/888 1105/1/888
f 1211/1/864 1208/1/864 1206/1/864
f 1211/1/591 1213/1/591 1207/1/591
f 1215/1/889 1104/1/4698 1212/1/761
f 1214/1/891 1213/1/891 1105/1/891
f 1215/1/857 1216/1/858 1110/1/858
f 1215/1/809 1105/1/4693 1111/1/860
f 1216/1/1352 1217/1/1030 1218/1/765
f 1217/1/895 1216/1/767 1111/1/895
f 1217/1/864 1214/1/864 1212/1/864
f 1217/1/591 1219/1/591 1213/1/591
f 1221/1/769 1110/1/768 1218/1/769
f 1220/1/898 1219/1/898 1111/1/898
f 1222/1/858 1116/1/858 1110/1/858
f 1221/1/715 1111/1/715 1117/1/724
f 1222/1/1039 1223/1/1398 1224/1/1041
f 1223/1/1354 1222/1/902 1117/1/1355
f 1220/1/864 1218/1/864 1224/1/864
f 1220/1/591 1223/1/591 1225/1/591
f 1227/1/774 1116/1/774 1224/1/774
f 1226/1/1358 1225/1/1358 1117/1/905
f 1228/1/858 1122/1/858 1116/1/858
f 1228/1/702 1227/1/724 1117/1/724
f 1228/1/906 1229/1/2921 1230/1/777
f 1229/1/907 1228/1/4591 1123/1/907
f 1226/1/864 1224/1/864 1230/1/864
f 1226/1/591 1229/1/591 1231/1/591
f 1233/1/908 1122/1/908 1230/1/1053
f 1232/1/783 1231/1/783 1123/1/783
f 1234/1/858 1128/1/858 1122/1/858
f 1234/1/702 1233/1/724 1123/1/724
f 1234/1/784 1235/1/4653 1236/1/784
f 1235/1/910 1234/1/1063 1129/1/910
f 1232/1/864 1230/1/864 1236/1/864
f 1232/1/591 1235/1/591 1237/1/591
f 1239/1/788 1128/1/4654 1236/1/788
f 1238/1/790 1237/1/790 1129/1/790
f 1240/1/858 1134/1/858 1128/1/858
f 1240/1/724 1239/1/724 1129/1/724
f 1240/1/1193 1241/1/792 1242/1/1194
f 1241/1/1196 1240/1/2928 1135/1/793
f 1238/1/864 1236/1/864 1242/1/864
f 1238/1/591 1241/1/591 1243/1/591
f 1245/1/1198 1134/1/1198 1242/1/914
f 1244/1/917 1243/1/917 1135/1/917
f 1246/1/858 1140/1/858 1134/1/858
f 1246/1/715 1245/1/724 1135/1/724
f 1246/1/1076 1247/1/4655 1248/1/1076
f 1247/1/1201 1246/1/1078 1141/1/1078
f 1244/1/864 1242/1/864 1248/1/864
f 1244/1/591 1247/1/591 1249/1/591
f 1251/1/806 1140/1/920 1248/1/806
f 1250/1/807 1249/1/4699 1141/1/807
f 1252/1/858 1146/1/858 1140/1/858
f 1252/1/715 1251/1/724 1141/1/724
f 1252/1/923 1253/1/923 1254/1/923
f 1252/1/811 1147/1/811 1255/1/811
f 1250/1/864 1248/1/864 1254/1/864
f 1250/1/591 1253/1/591 1255/1/591
f 1256/1/924 1257/1/925 1146/1/1361
f 1256/1/815 1255/1/2938 1147/1/815
f 1258/1/858 1152/1/858 1146/1/858
f 1258/1/724 1257/1/724 1147/1/724
f 1258/1/1362 1259/1/1363 1260/1/1363
f 1258/1/1364 1153/1/819 1261/1/1364
f 1256/1/864 1254/1/864 1260/1/864
f 1256/1/591 1259/1/591 1261/1/591
f 1262/1/1207 1263/1/820 1152/1/1207
f 1262/1/1208 1261/1/1208 1153/1/1209
f 1264/1/858 1158/1/858 1152/1/858
f 1264/1/715 1263/1/724 1153/1/724
f 1264/1/825 1265/1/825 1266/1/825
f 1264/1/934 1159/1/934 1267/1/934
f 1262/1/864 1260/1/864 1266/1/864
f 1262/1/591 1265/1/591 1267/1/591
f 1268/1/1365 1269/1/4700 1158/1/1365
f 1268/1/1366 1267/1/4701 1159/1/831
f 1270/1/858 314/1/858 1158/1/858
f 1270/1/715 1269/1/715 1159/1/715
f 1270/1/938 1271/1/1210 306/1/1210
f 1270/1/941 315/1/941 307/1/941
f 1268/1/864 1266/1/864 306/1/864
f 1268/1/591 1271/1/591 307/1/591
f 1273/1/943 1166/1/943 1274/1/944
f 1273/1/946 1272/1/4598 1275/1/1367
f 1276/1/1368 1170/1/4702 1166/1/1369
f 1273/1/1370 1167/1/4703 1171/1/1371
f 1277/1/1215 1278/1/1215 1170/1/1216
f 1277/1/1218 1276/1/4660 1171/1/1219
f 1277/1/1372 1272/1/588 1274/1/1373
f 1272/1/1375 1277/1/591 1279/1/1376
f 1281/1/961 1170/1/4603 1278/1/852
f 1281/1/963 1280/1/4604 1279/1/964
f 1281/1/965 1282/1/714 1176/1/714
f 1281/1/702 1171/1/702 1177/1/715
f 1283/1/1226 1284/1/716 1176/1/1227
f 1283/1/1229 1282/1/969 1177/1/1378
f 1283/1/719 1280/1/718 1278/1/718
f 1283/1/591 1285/1/591 1279/1/591
f 1287/1/1230 1176/1/720 1284/1/1230
f 1287/1/722 1286/1/4704 1285/1/1231
f 1287/1/965 1288/1/714 1182/1/714
f 1287/1/702 1177/1/702 1183/1/702
f 1289/1/1311 1290/1/1311 1182/1/1379
f 1289/1/1381 1288/1/4705 1183/1/1382
f 1289/1/719 1286/1/718 1284/1/719
f 1289/1/591 1291/1/591 1285/1/591
f 1293/1/729 1182/1/2891 1290/1/982
f 1293/1/730 1292/1/4608 1291/1/984
f 1293/1/965 1294/1/714 1188/1/714
f 1293/1/702 1183/1/702 1189/1/724
f 1295/1/873 1296/1/873 1188/1/1384
f 1295/1/1385 1294/1/4706 1189/1/986
f 1295/1/719 1292/1/733 1290/1/719
f 1295/1/591 1297/1/591 1291/1/591
f 1299/1/734 1188/1/734 1296/1/1239
f 1299/1/1130 1298/1/4666 1297/1/991
f 1299/1/965 1300/1/714 1194/1/714
f 1299/1/702 1189/1/702 1195/1/702
f 1300/1/1386 1301/1/4707 1302/1/1387
f 1301/1/740 1300/1/4708 1195/1/740
f 1301/1/719 1298/1/719 1296/1/719
f 1301/1/1188 1303/1/21 1297/1/1188
f 1305/1/1242 1194/1/1242 1302/1/1243
f 1304/1/1181 1303/1/1181 1195/1/1246
f 1305/1/965 1306/1/714 1200/1/714
f 1305/1/702 1195/1/702 1201/1/702
f 1306/1/1004 1307/1/4709 1308/1/1388
f 1307/1/1250 1306/1/4615 1201/1/1006
f 1307/1/719 1304/1/718 1302/1/719
f 1307/1/591 1309/1/591 1303/1/591
f 1311/1/749 1200/1/2902 1308/1/1007
f 1310/1/1251 1309/1/4710 1201/1/1252
f 1311/1/965 1312/1/714 1206/1/714
f 1311/1/702 1201/1/702 1207/1/724
f 1312/1/1391 1313/1/4711 1314/1/1012
f 1313/1/754 1312/1/754 1207/1/754
f 1313/1/719 1310/1/733 1308/1/719
f 1313/1/591 1315/1/591 1309/1/591
f 1317/1/755 1206/1/2906 1314/1/1014
f 1316/1/1016 1315/1/1136 1207/1/1016
f 1317/1/965 1318/1/965 1212/1/965
f 1317/1/702 1207/1/702 1213/1/715
f 1318/1/1019 1319/1/4712 1320/1/1020
f 1319/1/1021 1318/1/4619 1213/1/1022
f 1319/1/719 1316/1/718 1314/1/719
f 1319/1/591 1321/1/591 1315/1/591
f 1323/1/1023 1212/1/1023 1320/1/1024
f 1322/1/1026 1321/1/1026 1213/1/1027
f 1323/1/714 1324/1/965 1218/1/965
f 1323/1/724 1213/1/724 1219/1/724
f 1324/1/1394 1325/1/4713 1326/1/1395
f 1325/1/1397 1324/1/4714 1219/1/1031
f 1325/1/719 1322/1/718 1320/1/718
f 1325/1/591 1327/1/591 1321/1/591
f 1329/1/1033 1218/1/1033 1326/1/1034
f 1328/1/1036 1327/1/898 1219/1/1037
f 1329/1/965 1330/1/714 1224/1/714
f 1329/1/702 1219/1/702 1225/1/724
f 1330/1/1041 1331/1/4622 1332/1/1039
f 1331/1/1042 1330/1/4715 1225/1/1042
f 1328/1/719 1326/1/719 1332/1/718
f 1331/1/591 1333/1/591 1327/1/591
f 1335/1/1400 1224/1/4716 1332/1/1401
f 1334/1/1358 1333/1/4717 1225/1/1046
f 1336/1/965 1230/1/965 1224/1/965
f 1336/1/724 1335/1/702 1225/1/702
f 1336/1/1049 1337/1/4624 1338/1/1050
f 1337/1/1051 1336/1/4670 1231/1/1403
f 1334/1/719 1332/1/719 1338/1/719
f 1334/1/591 1337/1/591 1339/1/591
f 1341/1/1053 1230/1/1053 1338/1/1054
f 1340/1/1056 1339/1/783 1231/1/1057
f 1342/1/965 1236/1/965 1230/1/965
f 1342/1/724 1341/1/702 1231/1/702
f 1342/1/1265 1343/1/4671 1344/1/1404
f 1343/1/1063 1342/1/4627 1237/1/1061
f 1340/1/719 1338/1/719 1344/1/719
f 1340/1/591 1343/1/591 1345/1/591
f 1347/1/1268 1236/1/4672 1344/1/788
f 1346/1/1269 1345/1/4673 1237/1/1270
f 1348/1/965 1242/1/965 1236/1/965
f 1348/1/724 1347/1/724 1237/1/724
f 1348/1/792 1349/1/4628 1350/1/1068
f 1349/1/1273 1348/1/4674 1243/1/1274
f 1346/1/719 1344/1/719 1350/1/719
f 1346/1/1405 1349/1/591 1351/1/1188
f 1353/1/1276 1242/1/4675 1350/1/1277
f 1352/1/1199 1351/1/4676 1243/1/1073
f 1354/1/965 1248/1/965 1242/1/714
f 1354/1/702 1353/1/724 1243/1/715
f 1354/1/1280 1355/1/4677 1356/1/1281
f 1355/1/1201 1354/1/4678 1249/1/1282
f 1352/1/719 1350/1/719 1356/1/719
f 1352/1/591 1355/1/591 1357/1/591
f 1359/1/805 1248/1/2932 1356/1/1079
f 1358/1/1081 1357/1/1283 1249/1/1082
f 1360/1/965 1254/1/965 1248/1/965
f 1360/1/702 1359/1/724 1249/1/724
f 1360/1/810 1361/1/4718 1362/1/1406
f 1360/1/1146 1255/1/1146 1363/1/1085
f 1358/1/719 1356/1/719 1362/1/719
f 1358/1/591 1361/1/591 1363/1/591
f 1364/1/1407 1365/1/4633 1254/1/1408
f 1364/1/1286 1363/1/4680 1255/1/1088
f 1366/1/965 1260/1/965 1254/1/965
f 1366/1/702 1365/1/724 1255/1/724
f 1366/1/926 1367/1/4719 1368/1/1410
f 1366/1/1411 1261/1/819 1369/1/1328
f 1364/1/719 1362/1/719 1368/1/719
f 1364/1/591 1367/1/591 1369/1/591
f 1370/1/1207 1371/1/4720 1260/1/1289
f 1370/1/1209 1369/1/4683 1261/1/1290
f 1372/1/965 1266/1/965 1260/1/714
f 1372/1/702 1371/1/724 1261/1/715
f 1372/1/1292 1373/1/1098 1374/1/1292
f 1372/1/828 1267/1/828 1375/1/1293
f 1370/1/719 1368/1/719 1374/1/718
f 1370/1/591 1373/1/591 1375/1/591
f 1376/1/1103 1377/1/4638 1266/1/1101
f 1376/1/1105 1375/1/1105 1267/1/1413
f 1378/1/965 306/1/965 1266/1/965
f 1378/1/702 1377/1/702 1267/1/702
f 1378/1/938 1379/1/4721 290/1/939
f 1378/1/1414 307/1/834 293/1/1415
f 1376/1/719 1374/1/719 290/1/719
f 1376/1/591 1379/1/591 293/1/591
f 1380/1/1417 1381/1/4722 1382/1/1158
f 1384/1/1419 1383/1/4723 1275/1/1418
f 1275/1/1418 1382/1/4724 1381/1/695
f 1385/1/1420 1278/1/4725 1274/1/1421
f 1382/1/1422 1275/1/4726 1279/1/1423
f 1388/1/703 1278/1/703 1385/1/703
f 1385/1/1424 1386/1/1424 1387/1/1425
f 1386/1/1119 1385/1/4727 1279/1/1426
f 1390/1/1428 1387/1/4728 1386/1/1429
f 1386/1/1429 1381/1/4729 1380/1/1430
f 1391/1/1433 1384/1/1433 1381/1/1431
f 1381/1/1431 1386/1/1189 1389/1/1432
f 1388/1/1436 1392/1/4730 1393/1/1434
f 1393/1/1434 1394/1/4731 1278/1/1435
f 1394/1/713 1393/1/4732 1389/1/1437
f 1394/1/858 1395/1/858 1284/1/1315
f 1394/1/724 1279/1/724 1285/1/724
f 1398/1/4733 1284/1/4734 1395/1/4735
f 1395/1/1438 1396/1/1439 1397/1/1439
f 1396/1/1440 1395/1/4736 1285/1/1440
f 1396/1/1442 1393/1/719 1392/1/719
f 1396/1/1173 1399/1/1173 1389/1/1173
f 1398/1/1446 1400/1/4737 1401/1/1444
f 1401/1/1444 1402/1/4738 1284/1/1445
f 1402/1/722 1401/1/4739 1399/1/1447
f 1402/1/714 1403/1/714 1290/1/714
f 1402/1/724 1285/1/724 1291/1/724
f 1406/1/4740 1290/1/4740 1403/1/4740
f 1403/1/725 1404/1/4741 1405/1/726
f 1404/1/1449 1403/1/4694 1291/1/870
f 1404/1/719 1401/1/719 1400/1/719
f 1404/1/1189 1407/1/1173 1399/1/1189
f 1406/1/1233 1408/1/4742 1409/1/1451
f 1409/1/1451 1410/1/4743 1290/1/1452
f 1410/1/1453 1409/1/730 1407/1/984
f 1410/1/714 1411/1/714 1296/1/714
f 1410/1/702 1291/1/702 1297/1/724
f 1414/1/2893 1296/1/2893 1411/1/2893
f 1411/1/873 1412/1/4744 1413/1/1455
f 1412/1/732 1411/1/4745 1297/1/877
f 1412/1/719 1409/1/1442 1408/1/1442
f 1412/1/1189 1415/1/1189 1407/1/1189
f 1414/1/1459 1416/1/4746 1417/1/1457
f 1417/1/1457 1418/1/4747 1296/1/1458
f 1418/1/1460 1417/1/4748 1415/1/1461
f 1418/1/714 1419/1/714 1302/1/714
f 1418/1/702 1297/1/702 1303/1/724
f 1422/1/1179 1302/1/1179 1419/1/1179
f 1419/1/1462 1420/1/4749 1421/1/737
f 1420/1/1464 1419/1/4750 1303/1/1465
f 1420/1/719 1417/1/719 1416/1/719
f 1420/1/1173 1423/1/591 1415/1/591
f 1422/1/1469 1424/1/4751 1425/1/1467
f 1425/1/1467 1426/1/4752 1302/1/1468
f 1425/1/744 1423/1/4753 1303/1/1470
f 1426/1/714 1427/1/714 1308/1/714
f 1426/1/702 1303/1/702 1309/1/724
f 1430/1/1003 1308/1/1003 1427/1/1003
f 1427/1/1472 1428/1/4754 1429/1/1473
f 1428/1/1475 1427/1/4755 1309/1/1476
f 1428/1/719 1425/1/719 1424/1/719
f 1428/1/1173 1431/1/591 1423/1/1443
f 1430/1/1479 1432/1/4756 1433/1/1478
f 1433/1/1478 1434/1/4757 1308/1/748
f 1433/1/1480 1431/1/4758 1309/1/1481
f 1434/1/714 1435/1/714 1314/1/714
f 1434/1/724 1309/1/724 1315/1/724
f 1438/1/1485 1314/1/4759 1435/1/4759
f 1435/1/1483 1436/1/4760 1437/1/1484
f 1436/1/1486 1435/1/4761 1315/1/1487
f 1436/1/719 1433/1/719 1432/1/719
f 1436/1/1189 1439/1/1189 1431/1/1189
f 1438/1/1489 1440/1/4762 1441/1/1488
f 1441/1/1488 1442/1/4763 1314/1/1488
f 1441/1/1490 1439/1/4764 1315/1/1491
f 1442/1/714 1443/1/714 1320/1/714
f 1442/1/702 1315/1/702 1321/1/724
f 1446/1/1019 1320/1/1019 1443/1/1019
f 1443/1/1493 1444/1/4765 1445/1/1494
f 1444/1/1495 1443/1/4766 1321/1/1496
f 1444/1/719 1441/1/1442 1440/1/719
f 1444/1/1173 1447/1/1189 1439/1/591
f 1446/1/1498 1448/1/4767 1449/1/1498
f 1449/1/1498 1450/1/4768 1320/1/1499
f 1449/1/1139 1447/1/4769 1321/1/763
f 1450/1/714 1451/1/714 1326/1/714
f 1450/1/702 1321/1/702 1327/1/724
f 1454/1/765 1326/1/765 1451/1/765
f 1451/1/1501 1452/1/4770 1453/1/1501
f 1452/1/1502 1451/1/4771 1327/1/767
f 1452/1/719 1449/1/719 1448/1/719
f 1452/1/1189 1455/1/1189 1447/1/1189
f 1454/1/1506 1456/1/4772 1457/1/1504
f 1457/1/1504 1458/1/4773 1326/1/1505
f 1457/1/1507 1455/1/4774 1327/1/1508
f 1458/1/714 1459/1/714 1332/1/714
f 1458/1/702 1327/1/702 1333/1/724
f 1462/1/1041 1332/1/1041 1459/1/1041
f 1459/1/1041 1460/1/4775 1461/1/1510
f 1460/1/1511 1459/1/4776 1333/1/1512
f 1460/1/1442 1457/1/719 1456/1/1442
f 1460/1/1173 1463/1/1173 1455/1/1189
f 1462/1/1516 1464/1/4777 1465/1/1514
f 1465/1/1514 1466/1/4778 1332/1/1515
f 1465/1/1191 1463/1/4779 1333/1/776
f 1467/1/714 1338/1/714 1332/1/714
f 1467/1/724 1466/1/702 1333/1/702
f 1470/1/777 1338/1/777 1467/1/777
f 1467/1/779 1468/1/1518 1469/1/1518
f 1468/1/1519 1467/1/4780 1339/1/1520
f 1469/1/719 1468/1/719 1465/1/719
f 1465/1/1189 1468/1/1189 1471/1/1189
f 1470/1/1523 1472/1/4781 1473/1/1522
f 1473/1/1522 1474/1/4782 1338/1/781
f 1473/1/1524 1471/1/1524 1339/1/1525
f 1475/1/714 1344/1/714 1338/1/714
f 1475/1/702 1474/1/724 1339/1/724
f 1478/1/4783 1344/1/784 1475/1/784
f 1475/1/1527 1476/1/4784 1477/1/1528
f 1476/1/1530 1475/1/4785 1345/1/1531
f 1477/1/1442 1476/1/1442 1473/1/1442
f 1473/1/1189 1476/1/1189 1479/1/1189
f 1478/1/1535 1480/1/4786 1481/1/1533
f 1481/1/1533 1482/1/4787 1344/1/1534
f 1481/1/1536 1479/1/4788 1345/1/1537
f 1483/1/714 1350/1/714 1344/1/714
f 1483/1/702 1482/1/724 1345/1/724
f 1486/1/4789 1350/1/1194 1483/1/1194
f 1483/1/1194 1484/1/4790 1485/1/1539
f 1484/1/1541 1483/1/4791 1351/1/1542
f 1485/1/1442 1484/1/1442 1481/1/1442
f 1481/1/1189 1484/1/1189 1487/1/1189
f 1486/1/1545 1488/1/4792 1489/1/1544
f 1489/1/1544 1490/1/4793 1350/1/796
f 1489/1/1546 1487/1/4794 1351/1/1547
f 1491/1/714 1356/1/714 1350/1/714
f 1491/1/724 1490/1/724 1351/1/724
f 1494/1/919 1356/1/4655 1491/1/4655
f 1491/1/1549 1492/1/1549 1493/1/1549
f 1492/1/803 1491/1/4795 1357/1/1551
f 1493/1/719 1492/1/719 1489/1/719
f 1489/1/1189 1492/1/1189 1495/1/1189
f 1494/1/1555 1496/1/4796 1497/1/1553
f 1497/1/1553 1498/1/4797 1356/1/1554
f 1497/1/1556 1495/1/4798 1357/1/807
f 1499/1/714 1362/1/714 1356/1/714
f 1499/1/702 1498/1/724 1357/1/715
f 1502/1/923 1362/1/923 1499/1/923
f 1499/1/1558 1500/1/1558 1501/1/1558
f 1499/1/1559 1363/1/1147 1503/1/1560
f 1501/1/879 1500/1/879 1497/1/879
f 1497/1/1189 1500/1/1189 1503/1/1443
f 1502/1/1563 1504/1/4799 1505/1/1562
f 1505/1/1562 1506/1/4800 1362/1/1562
f 1505/1/1324 1503/1/4801 1363/1/1564
f 1507/1/714 1368/1/714 1362/1/714
f 1507/1/724 1506/1/724 1363/1/724
f 1510/1/4802 1368/1/1363 1507/1/1363
f 1507/1/1363 1508/1/4803 1509/1/1566
f 1507/1/1567 1369/1/819 1511/1/1568
f 1509/1/1442 1508/1/1442 1505/1/1442
f 1505/1/1189 1508/1/1189 1511/1/1189
f 1510/1/1572 1512/1/4804 1513/1/1570
f 1513/1/1570 1514/1/4805 1368/1/1571
f 1513/1/1573 1511/1/4806 1369/1/931
f 1515/1/714 1374/1/714 1368/1/714
f 1515/1/724 1514/1/724 1369/1/724
f 1518/1/1575 1374/1/825 1515/1/825
f 1515/1/1575 1516/1/4807 1517/1/1576
f 1515/1/1577 1375/1/1099 1519/1/1578
f 1517/1/1442 1516/1/1442 1513/1/1442
f 1513/1/1189 1516/1/1189 1519/1/1189
f 1518/1/1580 1520/1/1580 1521/1/1580
f 1521/1/1580 1522/1/4808 1374/1/1151
f 1521/1/1581 1519/1/4809 1375/1/1581
f 1523/1/858 290/1/1315 1374/1/714
f 1523/1/702 1522/1/724 1375/1/724
f 291/1/938 290/1/938 1523/1/938
f 1523/1/1583 1524/1/4810 1525/1/1584
f 1523/1/835 293/1/1156 292/1/1585
f 1521/1/1442 1520/1/1442 1525/1/1442
f 1521/1/1189 1524/1/1189 292/1/591
f 1526/2/1587 1527/2/2117 58/2/1588
f 1526/2/1589 137/2/2295 60/2/1590
f 1528/2/1592 1529/2/4811 58/2/1593
f 1527/2/1595 60/2/4812 1530/2/1596
f 1528/2/1598 1531/2/4813 1532/2/1599
f 1528/2/1600 1530/2/1600 1533/2/1600
f 1531/2/1602 1526/2/38 136/2/1603
f 1526/2/1605 1531/2/453 1533/2/1606
f 1534/2/1608 1535/2/2556 1529/2/1609
f 1534/2/1611 1533/2/4814 1530/2/1612
f 1536/2/1614 1537/2/1614 1529/2/1615
f 1536/2/1616 1535/2/1616 1530/2/1616
f 1536/2/1617 1539/2/4815 1540/2/1617
f 1536/2/1619 1538/2/1619 1541/2/1619
f 1534/2/1620 1532/2/1620 1540/2/1621
f 1534/2/1622 1539/2/453 1541/2/453
f 1542/2/1623 1543/2/2563 1537/2/1623
f 1542/2/1625 1541/2/4816 1538/2/1625
f 1544/2/1614 1545/2/1614 1537/2/1627
f 1544/2/1616 1543/2/1616 1538/2/1616
f 1544/2/1628 1547/2/4817 1548/2/1629
f 1544/2/1631 1546/2/1631 1549/2/1631
f 1542/2/1620 1540/2/1620 1548/2/1620
f 1542/2/1622 1547/2/1622 1549/2/1622
f 1550/2/1633 1551/2/4818 1545/2/1634
f 1550/2/1635 1549/2/4819 1546/2/1635
f 1552/2/1614 1553/2/1614 1545/2/1614
f 1552/2/1616 1551/2/1616 1546/2/1616
f 1552/2/1637 1555/2/2134 1556/2/1638
f 1552/2/1640 1554/2/1640 1557/2/1641
f 1550/2/1620 1548/2/1620 1556/2/1621
f 1550/2/1622 1555/2/453 1557/2/453
f 1558/2/1643 1559/2/4820 1553/2/1644
f 1558/2/1645 1557/2/2137 1554/2/1645
f 1560/2/1614 1561/2/1614 1553/2/1614
f 1560/2/1647 1559/2/1647 1554/2/1647
f 1563/2/1649 1564/2/2023 1561/2/1650
f 1560/2/1652 1562/2/4821 1565/2/1652
f 1558/2/1620 1556/2/1620 1564/2/1621
f 1558/2/1622 1563/2/1653 1565/2/1653
f 1566/2/1654 1567/2/4822 1561/2/1655
f 1567/2/1656 1566/2/4823 1565/2/1657
f 1568/2/1614 1569/2/1614 1561/2/1614
f 1568/2/1616 1567/2/1616 1562/2/1616
f 1571/2/1658 1572/2/4824 1569/2/1659
f 1568/2/1661 1570/2/1661 1573/2/1662
f 1566/2/1620 1564/2/1620 1572/2/1621
f 1566/2/1622 1571/2/453 1573/2/453
f 1574/2/1664 1575/2/4825 1569/2/1665
f 1575/2/1666 1574/2/4826 1573/2/1666
f 1576/2/1614 1577/2/1614 1569/2/1614
f 1576/2/1616 1575/2/1616 1570/2/1616
f 1579/2/1667 1580/2/2146 1577/2/1668
f 1576/2/1670 1578/2/1670 1581/2/1671
f 1574/2/1620 1572/2/1620 1580/2/1621
f 1574/2/453 1579/2/453 1581/2/453
f 1582/2/1673 1583/2/4827 1577/2/1674
f 1583/2/1676 1582/2/1676 1581/2/1676
f 1584/2/1614 1585/2/1614 1577/2/1614
f 1584/2/1616 1583/2/1616 1578/2/1616
f 1587/2/1677 1588/2/4828 1585/2/1678
f 1584/2/1680 1586/2/1680 1589/2/1680
f 1582/2/1620 1580/2/1620 1588/2/1620
f 1582/2/1622 1587/2/453 1589/2/453
f 1590/2/1682 1591/2/2830 1585/2/1683
f 1591/2/1684 1590/2/1684 1589/2/1684
f 1592/2/1614 1593/2/1614 1585/2/1615
f 1592/2/1616 1591/2/1616 1586/2/1616
f 1595/2/1685 1596/2/4829 1593/2/1686
f 1592/2/1688 1594/2/2571 1597/2/1689
f 1590/2/1621 1588/2/1621 1596/2/1620
f 1590/2/453 1595/2/453 1597/2/453
f 1598/2/1691 1599/2/2247 1593/2/1692
f 1599/2/1694 1598/2/4830 1597/2/1695
f 1600/2/1627 1601/2/1615 1593/2/1614
f 1599/2/1616 1594/2/1616 1602/2/1616
f 1603/2/1696 1604/2/4831 1601/2/1697
f 1600/2/1699 1602/2/1699 1605/2/1699
f 1598/2/1620 1596/2/1620 1604/2/1621
f 1598/2/1653 1603/2/453 1605/2/453
f 1606/2/1700 1607/2/4832 1601/2/1701
f 1607/2/1702 1606/2/4833 1605/2/1702
f 1607/2/1614 1608/2/1614 1609/2/1614
f 1607/2/1616 1602/2/1616 1610/2/1616
f 1611/2/1705 1612/2/1705 1609/2/1706
f 1608/2/1708 1610/2/1708 1613/2/1708
f 1611/2/1620 1606/2/1620 1604/2/1620
f 1611/2/453 1613/2/453 1605/2/1653
f 1614/2/1709 1615/2/4834 1609/2/1710
f 1615/2/1711 1614/2/4835 1613/2/1711
f 1615/2/1614 1616/2/1614 1617/2/1614
f 1615/2/1616 1610/2/1616 1618/2/1616
f 1619/2/1712 1620/2/2747 1617/2/1713
f 1616/2/1715 1618/2/1715 1621/2/1716
f 1619/2/1620 1614/2/1621 1612/2/1620
f 1619/2/453 1621/2/453 1613/2/453
f 1622/2/1718 1623/2/2520 1617/2/1719
f 1623/2/1721 1622/2/4836 1621/2/1721
f 1623/2/1614 1624/2/1614 1625/2/1614
f 1623/2/1647 1618/2/1648 1626/2/1616
f 1627/2/1723 1628/2/2171 1625/2/1724
f 1624/2/1726 1626/2/1726 1629/2/1726
f 1627/2/1620 1622/2/1621 1620/2/1620
f 1627/2/453 1629/2/453 1621/2/453
f 1630/2/1728 1631/2/4837 1625/2/1729
f 1631/2/1731 1630/2/4838 1629/2/1731
f 1631/2/1614 1632/2/1614 1633/2/1614
f 1631/2/1616 1626/2/1616 1634/2/1616
f 1635/2/1732 1636/2/1732 1633/2/1733
f 1632/2/1735 1634/2/1735 1637/2/1736
f 1635/2/1620 1630/2/1621 1628/2/1621
f 1635/2/1622 1637/2/1622 1629/2/453
f 1638/2/1738 1639/2/4839 1633/2/1739
f 1639/2/1741 1638/2/1742 1637/2/1742
f 1639/2/1614 1640/2/1614 1641/2/1614
f 1639/2/1616 1634/2/1597 1642/2/1744
f 1643/2/1745 1644/2/1745 1641/2/1746
f 1643/2/1748 1640/2/4840 1642/2/1749
f 1643/2/1620 1638/2/1621 1636/2/1620
f 1643/2/1653 1645/2/1653 1637/2/453
f 1647/2/1751 1641/2/2534 1644/2/1752
f 1647/2/1754 1646/2/2846 1645/2/1755
f 1647/2/1614 1648/2/1614 1649/2/1614
f 1647/2/1616 1642/2/1616 1650/2/1616
f 1651/2/1756 1652/2/4841 1649/2/1757
f 1651/2/1759 1648/2/4842 1650/2/1760
f 1651/2/1620 1646/2/1621 1644/2/1620
f 1651/2/1622 1653/2/1622 1645/2/453
f 1655/2/1761 1649/2/4843 1652/2/1762
f 1655/2/1763 1654/2/1963 1653/2/1764
f 1655/2/1766 1656/2/1766 1657/2/1766
f 1655/2/1767 1650/2/1767 1658/2/1767
f 1659/2/1768 1660/2/1768 1657/2/1768
f 1659/2/1770 1656/2/4844 1658/2/1771
f 1659/2/1620 1654/2/1621 1652/2/1621
f 1659/2/1622 1661/2/1622 1653/2/453
f 1663/2/1772 1657/2/4845 1660/2/1773
f 1663/2/1774 1662/2/2460 1661/2/1775
f 1663/2/1766 1664/2/1766 16/2/1766
f 1663/2/1767 1658/2/1767 21/2/1767
f 1665/2/1777 279/2/1777 16/2/1777
f 1665/2/1779 1664/2/1780 21/2/1780
f 1665/2/1620 1662/2/1621 1660/2/1620
f 1665/2/1622 280/2/1622 1661/2/1622
f 1666/2/1782 1667/2/4846 136/2/1783
f 1666/2/1784 129/2/4847 137/2/1785
f 1668/2/1787 1532/2/4848 136/2/1788
f 1667/2/1790 137/2/4849 1533/2/1791
f 1668/2/1793 1669/2/4850 1670/2/1794
f 1668/2/1795 1533/2/4851 1671/2/1796
f 1669/2/1797 1666/2/450 128/2/1798
f 1666/2/1800 1669/2/482 1671/2/1801
f 1672/2/1803 1673/2/4852 1532/2/1803
f 1672/2/1804 1671/2/2316 1533/2/1805
f 1674/2/1807 1540/2/1807 1532/2/1807
f 1674/2/1792 1673/2/1792 1533/2/1792
f 1674/2/1809 1675/2/4853 1676/2/1810
f 1674/2/1811 1541/2/1811 1677/2/1812
f 1672/2/1814 1670/2/1814 1676/2/1814
f 1672/2/1815 1675/2/482 1677/2/482
f 1678/2/1816 1679/2/2215 1540/2/1817
f 1678/2/1818 1677/2/4854 1541/2/1819
f 1680/2/1807 1548/2/1807 1540/2/1807
f 1680/2/1792 1679/2/1792 1541/2/1792
f 1680/2/1821 1681/2/4855 1682/2/1822
f 1680/2/1823 1549/2/4856 1683/2/1823
f 1678/2/1814 1676/2/1814 1682/2/1814
f 1678/2/482 1681/2/482 1683/2/1653
f 1684/2/1824 1685/2/4857 1548/2/1825
f 1684/2/1827 1683/2/2622 1549/2/1828
f 1686/2/1807 1556/2/1807 1548/2/1807
f 1686/2/1792 1685/2/1792 1549/2/1792
f 1686/2/1830 1687/2/4858 1688/2/1639
f 1686/2/1832 1557/2/4859 1689/2/1833
f 1684/2/1814 1682/2/1814 1688/2/1814
f 1684/2/482 1687/2/482 1689/2/482
f 1690/2/1835 1691/2/4860 1556/2/1835
f 1690/2/1836 1689/2/1836 1557/2/1837
f 1692/2/1839 1564/2/4861 1556/2/1840
f 1692/2/1792 1691/2/4862 1557/2/1792
f 1693/2/1842 1694/2/1842 1564/2/1843
f 1692/2/1844 1565/2/2566 1695/2/1845
f 1690/2/1814 1688/2/1814 1694/2/1814
f 1690/2/482 1693/2/482 1695/2/482
f 1696/2/1847 1697/2/2351 1564/2/1847
f 1697/2/1849 1696/2/1657 1695/2/1850
f 1698/2/1614 1572/2/1614 1564/2/1614
f 1698/2/1767 1697/2/1767 1565/2/1767
f 1699/2/1852 1700/2/2354 1572/2/1853
f 1698/2/1855 1573/2/1855 1701/2/1856
f 1696/2/1814 1694/2/1814 1700/2/1814
f 1696/2/482 1699/2/482 1701/2/482
f 1702/2/1857 1703/2/1857 1572/2/1857
f 1703/2/1858 1702/2/4863 1701/2/1859
f 1704/2/1614 1580/2/1614 1572/2/1614
f 1704/2/1792 1703/2/1792 1573/2/1792
f 1705/2/1860 1706/2/1860 1580/2/1861
f 1704/2/1863 1581/2/4864 1707/2/1864
f 1702/2/1814 1700/2/1814 1706/2/1814
f 1702/2/482 1705/2/482 1707/2/482
f 1708/2/1866 1709/2/1867 1580/2/1867
f 1709/2/1868 1708/2/1676 1707/2/1869
f 1710/2/1614 1588/2/1627 1580/2/1614
f 1710/2/1792 1709/2/1792 1581/2/1792
f 1711/2/1870 1712/2/2239 1588/2/1871
f 1710/2/1873 1589/2/1873 1713/2/1874
f 1708/2/1814 1706/2/1814 1712/2/1814
f 1708/2/482 1711/2/41 1713/2/41
f 1714/2/1877 1715/2/1877 1588/2/1877
f 1715/2/1878 1714/2/4865 1713/2/1879
f 1716/2/1614 1596/2/1614 1588/2/1614
f 1716/2/1792 1715/2/1792 1589/2/1881
f 1717/2/1882 1718/2/1882 1596/2/1882
f 1716/2/1884 1597/2/4866 1719/2/1885
f 1714/2/1814 1712/2/1814 1718/2/1814
f 1714/2/1815 1717/2/482 1719/2/482
f 1720/2/1887 1721/2/4867 1596/2/1888
f 1721/2/1890 1720/2/2249 1719/2/1891
f 1722/2/1614 1604/2/1614 1596/2/1614
f 1722/2/1704 1721/2/1792 1597/2/1704
f 1723/2/1892 1724/2/1892 1604/2/1892
f 1722/2/1894 1605/2/4868 1725/2/1895
f 1720/2/1876 1718/2/1814 1724/2/1897
f 1720/2/482 1723/2/4869 1725/2/1898
f 1726/2/1899 1727/2/4870 1604/2/1899
f 1727/2/1901 1726/2/2167 1725/2/1703
f 1727/2/1614 1728/2/1614 1612/2/1614
f 1727/2/1792 1605/2/1792 1613/2/1792
f 1729/2/1903 1730/2/1903 1612/2/1903
f 1728/2/1905 1613/2/4871 1731/2/1906
f 1729/2/1897 1726/2/1897 1724/2/1897
f 1729/2/1653 1731/2/1653 1725/2/453
f 1732/2/1908 1733/2/4872 1612/2/1909
f 1733/2/1911 1732/2/4873 1731/2/1912
f 1733/2/1614 1734/2/1614 1620/2/1614
f 1733/2/1704 1613/2/1881 1621/2/1704
f 1735/2/1913 1736/2/2748 1620/2/1914
f 1734/2/1916 1621/2/1916 1737/2/1917
f 1735/2/1897 1732/2/1897 1730/2/1897
f 1735/2/1653 1737/2/1653 1731/2/453
f 1738/2/1918 1739/2/4874 1620/2/1919
f 1739/2/1920 1738/2/4875 1737/2/1921
f 1739/2/1614 1740/2/1614 1628/2/1614
f 1739/2/1792 1621/2/1792 1629/2/1792
f 1741/2/1725 1742/2/1725 1628/2/1725
f 1740/2/1924 1629/2/1924 1743/2/1925
f 1741/2/1897 1738/2/1897 1736/2/1897
f 1741/2/453 1743/2/453 1737/2/453
f 1744/2/1927 1745/2/4876 1628/2/1928
f 1745/2/1930 1744/2/4877 1743/2/1931
f 1745/2/1614 1746/2/1614 1636/2/1614
f 1745/2/1792 1629/2/1792 1637/2/1792
f 1747/2/1932 1748/2/1932 1636/2/1932
f 1746/2/1934 1637/2/4878 1749/2/1935
f 1747/2/1897 1744/2/1897 1742/2/1897
f 1747/2/453 1749/2/1622 1743/2/453
f 1750/2/1936 1751/2/4879 1636/2/1936
f 1751/2/1938 1750/2/1742 1749/2/1939
f 1751/2/1614 1752/2/1614 1644/2/1614
f 1751/2/1792 1637/2/1792 1645/2/1792
f 1753/2/1941 1754/2/2847 1644/2/1942
f 1753/2/1944 1752/2/4880 1645/2/1945
f 1753/2/1897 1750/2/1897 1748/2/1897
f 1753/2/453 1755/2/1622 1749/2/453
f 1757/2/1947 1644/2/2276 1754/2/1948
f 1757/2/1950 1756/2/2846 1755/2/1951
f 1757/2/1614 1758/2/1614 1652/2/1614
f 1757/2/1792 1645/2/1792 1653/2/1792
f 1759/2/1953 1760/2/2097 1652/2/1954
f 1759/2/1956 1758/2/4881 1653/2/1957
f 1759/2/1897 1756/2/1897 1754/2/1897
f 1759/2/453 1761/2/453 1755/2/453
f 1763/2/1959 1652/2/2101 1760/2/1960
f 1763/2/1962 1762/2/2180 1761/2/1963
f 1763/2/1614 1764/2/1614 1660/2/1614
f 1763/2/1792 1653/2/1792 1661/2/1792
f 1765/2/1965 1766/2/2106 1660/2/1966
f 1765/2/1968 1764/2/2108 1661/2/1969
f 1765/2/1897 1762/2/1897 1760/2/1897
f 1765/2/453 1767/2/1622 1761/2/453
f 1769/2/1971 1660/2/1971 1766/2/1972
f 1769/2/1974 1768/2/1774 1767/2/1975
f 1769/2/1614 1770/2/1614 279/2/1614
f 1769/2/1792 1661/2/1792 280/2/1792
f 1771/2/1778 273/2/1778 279/2/1977
f 1771/2/1979 1770/2/4882 280/2/1980
f 1771/2/1897 1768/2/1897 1766/2/1897
f 1771/2/453 274/2/453 1767/2/453
f 1772/2/1982 1773/2/1782 128/2/1782
f 1772/2/1983 121/2/1983 129/2/1983
f 1774/2/1984 1670/2/4883 128/2/1985
f 1773/2/1986 129/2/4884 1671/2/1987
f 1774/2/1989 1775/2/1989 1776/2/1989
f 1774/2/1990 1671/2/2305 1777/2/1990
f 1775/2/1991 1772/2/38 120/2/1992
f 1772/2/1994 1775/2/41 1777/2/1995
f 1778/2/1997 1779/2/2206 1670/2/1998
f 1778/2/1999 1777/2/1999 1671/2/2000
f 1780/2/1614 1676/2/1614 1670/2/1627
f 1780/2/1988 1779/2/1988 1671/2/1988
f 1780/2/1810 1781/2/1810 1782/2/1810
f 1780/2/2001 1677/2/2619 1783/2/2001
f 1778/2/1621 1776/2/1621 1782/2/1621
f 1778/2/41 1781/2/41 1783/2/41
f 1784/2/2003 1785/2/2214 1676/2/2004
f 1784/2/2006 1783/2/2006 1677/2/2006
f 1786/2/1614 1682/2/1614 1676/2/1614
f 1786/2/1988 1785/2/1704 1677/2/1988
f 1786/2/1630 1787/2/2700 1788/2/2007
f 1786/2/2008 1683/2/2008 1789/2/2009
f 1784/2/1621 1782/2/1621 1788/2/1621
f 1784/2/41 1787/2/41 1789/2/41
f 1790/2/2011 1791/2/2564 1682/2/2011
f 1790/2/2012 1789/2/2012 1683/2/2012
f 1792/2/1615 1688/2/1615 1682/2/1627
f 1792/2/1988 1791/2/1704 1683/2/1988
f 1792/2/2014 1793/2/2014 1794/2/2014
f 1792/2/2015 1689/2/4885 1795/2/2016
f 1790/2/1621 1788/2/1621 1794/2/1621
f 1790/2/41 1793/2/41 1795/2/41
f 1796/2/2018 1797/2/2222 1688/2/2018
f 1796/2/2020 1795/2/2020 1689/2/2020
f 1798/2/1614 1694/2/1614 1688/2/1614
f 1798/2/1988 1797/2/1988 1689/2/1988
f 1799/2/2022 1800/2/2710 1694/2/2023
f 1798/2/2025 1695/2/2025 1801/2/2025
f 1796/2/1621 1794/2/1621 1800/2/1621
f 1796/2/41 1799/2/41 1801/2/41
f 1802/2/2027 1803/2/2027 1694/2/2027
f 1803/2/2028 1802/2/4886 1801/2/2028
f 1804/2/1615 1700/2/1615 1694/2/1627
f 1804/2/1988 1803/2/1988 1695/2/1988
f 1805/2/2029 1806/2/2029 1700/2/2029
f 1804/2/2031 1701/2/2031 1807/2/2032
f 1802/2/1621 1800/2/1621 1806/2/1621
f 1802/2/41 1805/2/41 1807/2/41
f 1808/2/2034 1809/2/2499 1700/2/2035
f 1809/2/2036 1808/2/2036 1807/2/2036
f 1810/2/1614 1706/2/1614 1700/2/1614
f 1810/2/1988 1809/2/1988 1701/2/1988
f 1811/2/2038 1812/2/2722 1706/2/2038
f 1810/2/1863 1707/2/1863 1813/2/1863
f 1808/2/1621 1806/2/1621 1812/2/1621
f 1808/2/41 1811/2/41 1813/2/41
f 1814/2/1673 1815/2/1673 1706/2/1673
f 1815/2/2039 1814/2/4887 1813/2/2039
f 1816/2/1615 1712/2/1615 1706/2/1615
f 1816/2/1988 1815/2/1988 1707/2/1988
f 1817/2/2040 1818/2/2040 1712/2/2041
f 1816/2/2042 1713/2/2042 1819/2/2043
f 1814/2/1621 1812/2/1621 1818/2/1621
f 1814/2/41 1817/2/41 1819/2/41
f 1820/2/2044 1821/2/2729 1712/2/2045
f 1821/2/2047 1820/2/4888 1819/2/2047
f 1822/2/1627 1718/2/1627 1712/2/1627
f 1822/2/1988 1821/2/1988 1713/2/1988
f 1823/2/2048 1824/2/4889 1718/2/2049
f 1822/2/2050 1719/2/2050 1825/2/2051
f 1820/2/1621 1818/2/1621 1824/2/1621
f 1820/2/41 1823/2/41 1825/2/41
f 1826/2/2053 1827/2/1889 1718/2/1889
f 1827/2/2054 1826/2/4890 1825/2/2055
f 1828/2/1614 1724/2/1614 1718/2/1627
f 1827/2/1988 1719/2/1988 1725/2/1988
f 1829/2/2056 1830/2/2056 1724/2/2057
f 1828/2/2058 1725/2/2058 1831/2/2059
f 1826/2/1621 1824/2/1621 1830/2/1621
f 1829/2/41 1831/2/41 1825/2/2061
f 1832/2/2062 1833/2/1900 1724/2/1900
f 1833/2/2064 1832/2/2065 1831/2/2065
f 1833/2/1614 1834/2/1614 1730/2/1614
f 1833/2/1704 1725/2/1704 1731/2/1988
f 1835/2/2066 1836/2/2743 1730/2/2067
f 1834/2/2069 1731/2/2069 1837/2/2069
f 1835/2/1621 1832/2/1621 1830/2/1621
f 1835/2/41 1837/2/41 1831/2/41
f 1838/2/2071 1839/2/1709 1730/2/2072
f 1839/2/2073 1838/2/2074 1837/2/2074
f 1839/2/1614 1840/2/1615 1736/2/1615
f 1839/2/1988 1731/2/1988 1737/2/1988
f 1841/2/2075 1842/2/2075 1736/2/2075
f 1840/2/2076 1737/2/2076 1843/2/2076
f 1841/2/1621 1838/2/1621 1836/2/1621
f 1841/2/41 1843/2/41 1837/2/41
f 1844/2/2078 1845/2/1918 1736/2/2078
f 1845/2/2080 1844/2/1921 1843/2/2080
f 1845/2/1627 1846/2/1614 1742/2/1614
f 1845/2/1988 1737/2/1988 1743/2/1988
f 1847/2/2081 1848/2/2081 1742/2/2082
f 1846/2/2083 1743/2/2841 1849/2/2083
f 1847/2/1621 1844/2/1621 1842/2/1621
f 1847/2/41 1849/2/41 1843/2/41
f 1850/2/2084 1851/2/2582 1742/2/2084
f 1851/2/2085 1850/2/4891 1849/2/2086
f 1851/2/1615 1852/2/1614 1748/2/1627
f 1851/2/1988 1743/2/1988 1749/2/1988
f 1853/2/2087 1854/2/2087 1748/2/2087
f 1852/2/2088 1749/2/2088 1855/2/2088
f 1853/2/1621 1850/2/1621 1848/2/1621
f 1853/2/41 1855/2/41 1849/2/41
f 1856/2/1738 1857/2/2271 1748/2/2090
f 1857/2/2092 1856/2/4892 1855/2/2092
f 1857/2/1614 1858/2/1615 1754/2/1615
f 1857/2/1988 1749/2/1988 1755/2/1988
f 1859/2/1745 1860/2/1745 1754/2/1745
f 1859/2/2093 1858/2/1946 1755/2/2093
f 1859/2/1621 1856/2/1621 1854/2/1621
f 1859/2/41 1861/2/41 1855/2/41
f 1863/2/2094 1754/2/2533 1860/2/2094
f 1863/2/2095 1862/2/2095 1861/2/2095
f 1863/2/1614 1864/2/1627 1760/2/1614
f 1863/2/1988 1755/2/1988 1761/2/1988
f 1865/2/2096 1866/2/2096 1760/2/2096
f 1865/2/2098 1864/2/2099 1761/2/2099
f 1865/2/1621 1862/2/1621 1860/2/1621
f 1865/2/41 1867/2/41 1861/2/41
f 1869/2/2101 1760/2/2101 1866/2/2102
f 1869/2/2104 1868/2/1763 1867/2/2105
f 1869/2/1615 1870/2/1615 1766/2/1615
f 1869/2/1988 1761/2/1988 1767/2/1988
f 1871/2/2106 1872/2/2106 1766/2/2107
f 1871/2/1969 1870/2/4893 1767/2/2108
f 1871/2/1621 1868/2/1621 1866/2/1621
f 1871/2/41 1873/2/41 1867/2/41
f 1875/2/2110 1766/2/2110 1872/2/1773
f 1875/2/2111 1874/2/2112 1873/2/2112
f 1875/2/1614 1876/2/1615 273/2/1627
f 1875/2/1988 1767/2/1704 274/2/1988
f 1877/2/1778 267/2/1778 273/2/1778
f 1877/2/2114 1876/2/2115 274/2/2115
f 1877/2/2116 1874/2/1621 1872/2/1621
f 1877/2/41 268/2/41 1873/2/41
f 1878/2/1587 1879/2/2117 120/2/2117
f 1878/2/2118 113/2/4894 121/2/2119
f 1880/2/2121 1776/2/4895 120/2/2122
f 1879/2/2123 121/2/4896 1777/2/2124
f 1880/2/1598 1881/2/4813 1882/2/1599
f 1880/2/1600 1777/2/1600 1883/2/1600
f 1881/2/2125 1878/2/38 112/2/2126
f 1878/2/2128 1881/2/453 1883/2/2129
f 1884/2/1608 1885/2/4897 1776/2/1609
f 1884/2/1612 1883/2/1611 1777/2/1612
f 1886/2/1614 1782/2/1614 1776/2/1614
f 1886/2/1616 1885/2/1616 1777/2/1616
f 1886/2/1617 1887/2/4815 1888/2/1617
f 1886/2/1619 1783/2/1813 1889/2/1619
f 1884/2/1620 1882/2/1620 1888/2/1620
f 1884/2/1653 1887/2/453 1889/2/453
f 1890/2/2131 1891/2/2563 1782/2/2131
f 1890/2/1625 1889/2/4816 1783/2/1625
f 1892/2/1614 1788/2/1614 1782/2/1614
f 1892/2/1616 1891/2/1616 1783/2/1616
f 1892/2/1628 1893/2/4817 1894/2/1629
f 1892/2/1631 1789/2/1631 1895/2/1631
f 1890/2/1620 1888/2/1620 1894/2/1620
f 1890/2/1622 1893/2/453 1895/2/453
f 1896/2/1633 1897/2/4818 1788/2/1634
f 1896/2/1635 1895/2/4898 1789/2/1635
f 1898/2/1614 1794/2/1614 1788/2/1614
f 1898/2/1616 1897/2/1616 1789/2/1616
f 1898/2/2133 1899/2/4899 1900/2/2134
f 1898/2/2135 1795/2/2135 1901/2/2135
f 1896/2/1620 1894/2/1620 1900/2/1621
f 1896/2/1653 1899/2/453 1901/2/453
f 1902/2/1644 1903/2/4820 1794/2/2136
f 1902/2/2137 1901/2/2137 1795/2/2138
f 1904/2/1614 1800/2/1614 1794/2/1614
f 1904/2/1616 1903/2/1616 1795/2/1616
f 1905/2/2022 1906/2/4900 1800/2/1649
f 1904/2/2140 1801/2/1845 1907/2/1846
f 1902/2/1620 1900/2/1620 1906/2/1620
f 1902/2/1622 1905/2/453 1907/2/453
f 1908/2/1654 1909/2/4822 1800/2/1655
f 1909/2/1656 1908/2/4823 1907/2/1657
f 1910/2/1614 1806/2/1614 1800/2/1614
f 1910/2/1616 1909/2/1616 1801/2/1616
f 1911/2/2141 1912/2/2029 1806/2/2141
f 1910/2/2143 1807/2/2143 1913/2/2143
f 1908/2/1620 1906/2/1620 1912/2/1620
f 1908/2/1622 1911/2/453 1913/2/453
f 1914/2/1664 1915/2/4825 1806/2/1665
f 1915/2/1666 1914/2/4826 1913/2/1666
f 1916/2/1614 1812/2/1614 1806/2/1614
f 1916/2/1616 1915/2/1616 1807/2/1616
f 1917/2/2146 1918/2/4901 1812/2/1667
f 1916/2/2147 1813/2/2147 1919/2/1670
f 1914/2/1620 1912/2/1620 1918/2/1621
f 1914/2/1622 1917/2/453 1919/2/453
f 1920/2/2149 1921/2/4902 1812/2/2150
f 1921/2/2151 1920/2/4903 1919/2/2151
f 1922/2/1614 1818/2/1614 1812/2/1614
f 1922/2/1616 1921/2/1616 1813/2/1616
f 1923/2/1677 1924/2/1677 1818/2/1678
f 1922/2/2152 1819/2/1875 1925/2/2153
f 1920/2/1620 1918/2/1620 1924/2/1620
f 1920/2/1622 1923/2/453 1925/2/453
f 1926/2/1682 1927/2/2830 1818/2/1683
f 1927/2/2155 1926/2/4904 1925/2/2156
f 1928/2/1614 1824/2/1614 1818/2/1615
f 1928/2/1616 1927/2/1616 1819/2/1616
f 1929/2/2048 1930/2/2732 1824/2/2159
f 1928/2/1886 1825/2/4905 1931/2/1886
f 1926/2/1620 1924/2/1620 1930/2/1620
f 1926/2/1653 1929/2/453 1931/2/453
f 1932/2/1691 1933/2/2247 1824/2/1692
f 1933/2/1694 1932/2/4906 1931/2/1694
f 1933/2/1614 1934/2/1615 1830/2/1614
f 1934/2/1616 1933/2/1616 1825/2/1616
f 1935/2/1697 1936/2/2056 1830/2/2162
f 1934/2/2163 1831/2/4907 1937/2/2163
f 1932/2/1620 1930/2/1620 1936/2/1621
f 1932/2/453 1935/2/453 1937/2/453
f 1938/2/2062 1939/2/4908 1830/2/2165
f 1939/2/2167 1938/2/4833 1937/2/2167
f 1939/2/1614 1940/2/1615 1836/2/1614
f 1939/2/1616 1831/2/1616 1837/2/1616
f 1941/2/1705 1942/2/1705 1836/2/1706
f 1940/2/1708 1837/2/4909 1943/2/1708
f 1941/2/1620 1938/2/1620 1936/2/1620
f 1941/2/1653 1943/2/1653 1937/2/1622
f 1944/2/1709 1945/2/4834 1836/2/1710
f 1945/2/1711 1944/2/4835 1943/2/1711
f 1945/2/1614 1946/2/1615 1842/2/1627
f 1945/2/1616 1837/2/1616 1843/2/1616
f 1947/2/1712 1948/2/2747 1842/2/1713
f 1946/2/1715 1843/2/1715 1949/2/1715
f 1947/2/1621 1944/2/1620 1942/2/1621
f 1947/2/1622 1949/2/1653 1943/2/453
f 1950/2/1718 1951/2/2520 1842/2/1719
f 1951/2/1722 1950/2/4836 1949/2/1721
f 1951/2/1614 1952/2/1627 1848/2/1614
f 1951/2/1616 1843/2/1616 1849/2/1616
f 1953/2/2171 1954/2/2171 1848/2/1724
f 1952/2/1726 1849/2/4910 1955/2/1726
f 1953/2/1620 1950/2/1620 1948/2/1620
f 1953/2/453 1955/2/453 1949/2/453
f 1956/2/1728 1957/2/4837 1848/2/1729
f 1957/2/1731 1956/2/4911 1955/2/1731
f 1957/2/1614 1958/2/1615 1854/2/1615
f 1957/2/1616 1849/2/1616 1855/2/1616
f 1959/2/1732 1960/2/4912 1854/2/1733
f 1958/2/1735 1855/2/1735 1961/2/1736
f 1959/2/1620 1956/2/1620 1954/2/1620
f 1959/2/1622 1961/2/1653 1955/2/453
f 1962/2/1738 1963/2/4839 1854/2/1739
f 1963/2/1741 1962/2/1742 1961/2/1742
f 1963/2/1614 1964/2/1627 1860/2/1614
f 1963/2/1616 1855/2/1616 1861/2/1616
f 1965/2/1745 1966/2/1745 1860/2/1746
f 1965/2/1749 1964/2/1749 1861/2/1749
f 1965/2/1620 1962/2/1621 1960/2/1621
f 1965/2/1653 1967/2/1653 1961/2/453
f 1969/2/1751 1860/2/2534 1966/2/1752
f 1969/2/1754 1968/2/2846 1967/2/1755
f 1969/2/1614 1970/2/1615 1866/2/1615
f 1969/2/1616 1861/2/1616 1867/2/1616
f 1971/2/2173 1972/2/2173 1866/2/2174
f 1971/2/2176 1970/2/4913 1867/2/2176
f 1971/2/1620 1968/2/1621 1966/2/1620
f 1971/2/1622 1973/2/1653 1967/2/453
f 1975/2/2177 1866/2/2178 1972/2/2178
f 1975/2/2180 1974/2/2180 1973/2/2180
f 1975/2/1614 1976/2/1614 1872/2/1614
f 1975/2/1616 1867/2/1616 1873/2/1616
f 1977/2/2182 1978/2/1768 1872/2/2182
f 1977/2/2184 1976/2/4914 1873/2/2184
f 1977/2/1620 1974/2/1620 1972/2/1620
f 1977/2/1622 1979/2/1653 1973/2/453
f 1981/2/1772 1872/2/2863 1978/2/1772
f 1981/2/1775 1980/2/1775 1979/2/1775
f 1981/2/1615 1982/2/1807 267/2/1808
f 1981/2/1616 1873/2/1616 268/2/1616
f 1983/2/1778 261/2/4915 267/2/2187
f 1983/2/2188 1982/2/2189 268/2/2189
f 1983/2/1620 1980/2/1620 1978/2/1620
f 1983/2/1653 262/2/1653 1979/2/453
f 1984/2/2190 1985/2/4916 112/2/2191
f 1984/2/1784 105/2/2295 113/2/1784
f 1986/2/2193 1882/2/4917 112/2/2194
f 1985/2/2195 113/2/4918 1883/2/2196
f 1986/2/1793 1987/2/4850 1988/2/1794
f 1986/2/1795 1883/2/4851 1989/2/2198
f 1987/2/2199 1984/2/450 104/2/2200
f 1984/2/2202 1987/2/482 1989/2/2203
f 1990/2/1803 1991/2/4897 1882/2/2205
f 1990/2/1804 1989/2/2316 1883/2/1805
f 1992/2/2208 1888/2/2209 1882/2/2158
f 1992/2/1792 1991/2/1792 1883/2/1792
f 1992/2/2210 1993/2/4919 1994/2/2211
f 1992/2/1811 1889/2/4920 1995/2/2212
f 1990/2/1814 1988/2/1814 1994/2/1814
f 1990/2/482 1993/2/482 1995/2/482
f 1996/2/2214 1997/2/4921 1888/2/2215
f 1996/2/2216 1995/2/4922 1889/2/2216
f 1998/2/1807 1894/2/1807 1888/2/1807
f 1998/2/1616 1997/2/1616 1889/2/1988
f 1998/2/1821 1999/2/4923 2000/2/1822
f 1998/2/1823 1895/2/4856 2001/2/1823
f 1996/2/1814 1994/2/1814 2000/2/1814
f 1996/2/482 1999/2/482 2001/2/482
f 2002/2/1824 2003/2/4857 1894/2/1825
f 2002/2/2218 2001/2/2218 1895/2/2219
f 2004/2/1627 1900/2/1614 1894/2/1841
f 2004/2/1792 2003/2/1744 1895/2/1792
f 2004/2/1830 2005/2/4924 2006/2/2220
f 2004/2/2221 1901/2/4925 2007/2/2221
f 2002/2/1814 2000/2/1814 2006/2/1814
f 2002/2/482 2005/2/482 2007/2/482
f 2008/2/2222 2009/2/4860 1900/2/1835
f 2008/2/2223 2007/2/1836 1901/2/2224
f 2010/2/1614 1906/2/1614 1900/2/1614
f 2010/2/1792 2009/2/1792 1901/2/1792
f 2011/2/1650 2012/2/2024 1906/2/1650
f 2010/2/2226 1907/2/4926 2013/2/2026
f 2008/2/1897 2006/2/1897 2012/2/1897
f 2008/2/1653 2011/2/453 2013/2/453
f 2014/2/1848 2015/2/4927 1906/2/1848
f 2015/2/1849 2014/2/4823 2013/2/1850
f 2016/2/1614 1912/2/1614 1906/2/1614
f 2016/2/1792 2015/2/1792 1907/2/1792
f 2017/2/1852 2018/2/2716 1912/2/1853
f 2016/2/1856 1913/2/1855 2019/2/2230
f 2014/2/1897 2012/2/1897 2018/2/1897
f 2014/2/1653 2017/2/453 2019/2/453
f 2020/2/1857 2021/2/4928 1912/2/1857
f 2021/2/2233 2020/2/4863 2019/2/1859
f 2022/2/1614 1918/2/1614 1912/2/1614
f 2022/2/1792 2021/2/1792 1913/2/1792
f 2023/2/1860 2024/2/1860 1918/2/1861
f 2022/2/2235 1919/2/4929 2025/2/2236
f 2020/2/1897 2018/2/1897 2024/2/1876
f 2020/2/1653 2023/2/453 2025/2/453
f 2026/2/1674 2027/2/4930 1918/2/1867
f 2027/2/2238 2026/2/4903 2025/2/1869
f 2028/2/1614 1924/2/1614 1918/2/1614
f 2028/2/1792 2027/2/1597 1919/2/1792
f 2029/2/2239 2030/2/2506 1924/2/1871
f 2028/2/1873 1925/2/1873 2031/2/2241
f 2026/2/1876 2024/2/1876 2030/2/1897
f 2026/2/1653 2029/2/453 2031/2/453
f 2032/2/1877 2033/2/4931 1924/2/1877
f 2033/2/1878 2032/2/4932 2031/2/2244
f 2034/2/1614 1930/2/1614 1924/2/1614
f 2034/2/1792 2033/2/1792 1925/2/1792
f 2035/2/2159 2036/2/2048 1930/2/1882
f 2034/2/2245 1931/2/4933 2037/2/2246
f 2032/2/1897 2030/2/1897 2036/2/1876
f 2032/2/453 2035/2/1653 2037/2/1622
f 2038/2/1888 2039/2/4867 1930/2/2247
f 2039/2/2248 2038/2/4906 2037/2/2249
f 2039/2/1614 2040/2/1614 1936/2/1614
f 2040/2/1792 2039/2/1792 1931/2/1792
f 2041/2/2251 2042/2/4934 1936/2/1696
f 2040/2/2253 1937/2/4935 2043/2/2254
f 2038/2/1897 2036/2/1897 2042/2/1897
f 2038/2/1653 2041/2/1653 2043/2/1653
f 2044/2/2256 2045/2/4908 1936/2/2256
f 2045/2/1902 2044/2/4833 2043/2/1703
f 2045/2/1614 2046/2/1614 1942/2/1614
f 2045/2/1792 1937/2/1792 1943/2/1792
f 2047/2/1903 2048/2/4936 1942/2/1903
f 2046/2/1905 1943/2/4871 2049/2/2258
f 2047/2/1897 2044/2/1876 2042/2/1876
f 2047/2/453 2049/2/453 2043/2/453
f 2050/2/1908 2051/2/4872 1942/2/1909
f 2051/2/1911 2050/2/4873 2049/2/2260
f 2051/2/1614 2052/2/1614 1948/2/1614
f 2051/2/1792 1943/2/1792 1949/2/1792
f 2053/2/1913 2054/2/2748 1948/2/1914
f 2052/2/2262 1949/2/1916 2055/2/1917
f 2053/2/1897 2050/2/1876 2048/2/1876
f 2053/2/1653 2055/2/1653 2049/2/1622
f 2056/2/2263 2057/2/4937 1948/2/2079
f 2057/2/2264 2056/2/4836 2055/2/2265
f 2057/2/1614 2058/2/1614 1954/2/1614
f 2057/2/1792 1949/2/1792 1955/2/1792
f 2059/2/1725 2060/2/4938 1954/2/1725
f 2058/2/2268 1955/2/1924 2061/2/1925
f 2059/2/1876 2056/2/1897 2054/2/1897
f 2059/2/1653 2061/2/1653 2055/2/1653
f 2062/2/1927 2063/2/4876 1954/2/1928
f 2063/2/2270 2062/2/4838 2061/2/1931
f 2063/2/1614 2064/2/1614 1960/2/1614
f 2063/2/1792 1955/2/1792 1961/2/1792
f 2065/2/1932 2066/2/4939 1960/2/1932
f 2064/2/1934 1961/2/4878 2067/2/1935
f 2065/2/1897 2062/2/1876 2060/2/1897
f 2065/2/1653 2067/2/1653 2061/2/1653
f 2068/2/1936 2069/2/4940 1960/2/1936
f 2069/2/2272 2068/2/1742 2067/2/1939
f 2069/2/1614 2070/2/1614 1966/2/1614
f 2069/2/1792 1961/2/1792 1967/2/1792
f 2071/2/2273 2072/2/1746 1966/2/1942
f 2071/2/1944 2070/2/4941 1967/2/2274
f 2071/2/1876 2068/2/1897 2066/2/1897
f 2071/2/453 2073/2/453 2067/2/453
f 2075/2/2276 1966/2/4942 2072/2/1948
f 2075/2/1950 2074/2/2846 2073/2/1754
f 2075/2/1614 2076/2/1614 1972/2/1614
f 2075/2/1704 1967/2/1792 1973/2/1792
f 2077/2/2277 2078/2/2277 1972/2/2278
f 2077/2/2279 2076/2/4943 1973/2/2280
f 2077/2/1897 2074/2/1897 2072/2/1897
f 2077/2/1653 2079/2/1653 2073/2/453
f 2081/2/1959 1972/2/2101 2078/2/2282
f 2081/2/1962 2080/2/2180 2079/2/1963
f 2081/2/1614 2082/2/1614 1978/2/1614
f 2081/2/1792 1973/2/1881 1979/2/1881
f 2083/2/2284 2084/2/1965 1978/2/1967
f 2083/2/2109 2082/2/4944 1979/2/2109
f 2083/2/1897 2080/2/1876 2078/2/1897
f 2083/2/1653 2085/2/1653 2079/2/1653
f 2087/2/2287 1978/2/2594 2084/2/2288
f 2087/2/2290 2086/2/4945 2085/2/2291
f 2087/2/1614 2088/2/1614 261/2/1614
f 2087/2/1792 1979/2/1792 262/2/1792
f 2089/2/1778 255/2/1778 261/2/1977
f 2089/2/2293 2088/2/4882 262/2/1980
f 2089/2/1897 2086/2/1897 2084/2/1897
f 2089/2/1653 256/2/1653 2085/2/453
f 2090/2/2294 2091/2/4946 104/2/1982
f 2090/2/2295 97/2/4947 105/2/2296
f 2092/2/2298 1988/2/4948 104/2/2299
f 2091/2/2300 105/2/4949 1989/2/2301
f 2092/2/2302 2093/2/4950 2094/2/2303
f 2092/2/2305 1989/2/4951 2095/2/2306
f 2093/2/2308 2090/2/431 96/2/2309
f 2090/2/2311 2093/2/482 2095/2/2312
f 2096/2/2314 2097/2/2690 1988/2/2315
f 2096/2/2316 2095/2/1804 1989/2/2317
f 2098/2/1627 1994/2/1627 1988/2/1614
f 2098/2/1988 2097/2/1988 1989/2/1988
f 2098/2/2319 2099/2/4952 2100/2/2320
f 2098/2/2321 1995/2/2484 2101/2/2322
f 2096/2/2324 2094/2/2324 2100/2/2324
f 2096/2/482 2099/2/482 2101/2/482
f 2102/2/2214 2103/2/4953 1994/2/2003
f 2102/2/1818 2101/2/4954 1995/2/2326
f 2104/2/1627 2000/2/1627 1994/2/1614
f 2104/2/1988 2103/2/1988 1995/2/1988
f 2104/2/2328 2105/2/4955 2106/2/2329
f 2104/2/2330 2001/2/2810 2107/2/2331
f 2102/2/2324 2100/2/2324 2106/2/2324
f 2102/2/482 2105/2/482 2107/2/482
f 2108/2/2333 2109/2/4956 2000/2/2334
f 2108/2/1827 2107/2/1828 2001/2/2219
f 2110/2/1614 2006/2/1614 2000/2/1614
f 2110/2/1988 2109/2/1988 2001/2/1988
f 2110/2/1830 2111/2/4957 2112/2/2336
f 2110/2/2337 2007/2/2337 2113/2/2338
f 2108/2/2324 2106/2/2324 2112/2/2324
f 2108/2/482 2111/2/482 2113/2/482
f 2114/2/2340 2115/2/4958 2006/2/2341
f 2114/2/2223 2113/2/4959 2007/2/1836
f 2116/2/1614 2012/2/1627 2006/2/1614
f 2116/2/1988 2115/2/1988 2007/2/1988
f 2117/2/2343 2118/2/1842 2012/2/2344
f 2116/2/2346 2013/2/2346 2119/2/2347
f 2114/2/2324 2112/2/2324 2118/2/2324
f 2114/2/482 2117/2/482 2119/2/482
f 2120/2/2349 2121/2/4960 2012/2/2350
f 2121/2/2352 2120/2/4961 2119/2/2353
f 2122/2/1615 2018/2/1615 2012/2/1614
f 2122/2/1988 2121/2/1988 2013/2/1988
f 2123/2/2354 2124/2/1853 2018/2/2355
f 2122/2/2357 2019/2/2718 2125/2/1662
f 2120/2/2324 2118/2/2324 2124/2/2324
f 2120/2/482 2123/2/482 2125/2/482
f 2126/2/2359 2127/2/4962 2018/2/2360
f 2127/2/1859 2126/2/4963 2125/2/1858
f 2128/2/1627 2024/2/1627 2018/2/1614
f 2128/2/1988 2127/2/1704 2019/2/1988
f 2129/2/2363 2130/2/4964 2024/2/2364
f 2128/2/2366 2025/2/2366 2131/2/2367
f 2126/2/2324 2124/2/2324 2130/2/2324
f 2126/2/482 2129/2/482 2131/2/482
f 2132/2/2369 2133/2/4965 2024/2/2370
f 2133/2/2371 2132/2/4966 2131/2/2372
f 2134/2/1614 2030/2/1627 2024/2/1614
f 2134/2/1988 2133/2/1988 2025/2/1988
f 2135/2/2239 2136/2/1871 2030/2/2374
f 2134/2/2376 2031/2/2376 2137/2/2377
f 2132/2/2324 2130/2/2324 2136/2/2324
f 2132/2/482 2135/2/482 2137/2/482
f 2138/2/2379 2139/2/4967 2030/2/2380
f 2139/2/2382 2138/2/4968 2137/2/2383
f 2140/2/1614 2036/2/1627 2030/2/1614
f 2140/2/1988 2139/2/1988 2031/2/1988
f 2141/2/2385 2142/2/4969 2036/2/2049
f 2140/2/2387 2037/2/2387 2143/2/2388
f 2138/2/2324 2136/2/2324 2142/2/2324
f 2138/2/482 2141/2/482 2143/2/482
f 2144/2/2390 2145/2/4970 2036/2/2391
f 2145/2/2393 2144/2/4971 2143/2/2250
f 2145/2/1614 2146/2/1614 2042/2/1614
f 2145/2/1988 2037/2/1988 2043/2/1988
f 2147/2/2057 2148/2/1892 2042/2/2056
f 2146/2/1894 2043/2/2651 2149/2/2395
f 2144/2/2324 2142/2/1620 2148/2/2324
f 2147/2/482 2149/2/482 2143/2/482
f 2150/2/2397 2151/2/4972 2042/2/2398
f 2151/2/2400 2150/2/4973 2149/2/2401
f 2151/2/1615 2152/2/1614 2048/2/1614
f 2151/2/1988 2043/2/1988 2049/2/1988
f 2153/2/2403 2154/2/4974 2048/2/2404
f 2152/2/2406 2049/2/4975 2155/2/2407
f 2153/2/2324 2150/2/2324 2148/2/2324
f 2153/2/482 2155/2/482 2149/2/482
f 2156/2/1908 2157/2/4976 2048/2/2409
f 2157/2/2410 2156/2/4977 2155/2/2411
f 2157/2/1614 2158/2/1614 2054/2/1614
f 2157/2/1988 2049/2/1988 2055/2/1988
f 2159/2/2412 2160/2/1914 2054/2/2413
f 2158/2/2415 2055/2/2575 2161/2/2416
f 2159/2/2324 2156/2/2324 2154/2/2324
f 2159/2/2418 2161/2/4978 2155/2/482
f 2162/2/2419 2163/2/4979 2054/2/2420
f 2163/2/2422 2162/2/4980 2161/2/2423
f 2163/2/1614 2164/2/1614 2060/2/1614
f 2163/2/1988 2055/2/1988 2061/2/1988
f 2165/2/2082 2166/2/4981 2060/2/2081
f 2164/2/1925 2061/2/2522 2167/2/1924
f 2165/2/2324 2162/2/2324 2160/2/2324
f 2165/2/482 2167/2/482 2161/2/482
f 2168/2/1929 2169/2/2756 2060/2/2426
f 2169/2/2427 2168/2/4982 2167/2/2428
f 2169/2/1614 2170/2/1614 2066/2/1614
f 2169/2/1988 2061/2/1988 2067/2/1988
f 2171/2/2430 2172/2/4983 2066/2/2431
f 2170/2/2088 2067/2/2526 2173/2/2433
f 2171/2/2324 2168/2/2324 2166/2/2324
f 2171/2/482 2173/2/482 2167/2/482
f 2174/2/1937 2175/2/4984 2066/2/2435
f 2175/2/2437 2174/2/4985 2173/2/2438
f 2175/2/1614 2176/2/1614 2072/2/1614
f 2175/2/1988 2067/2/1988 2073/2/1988
f 2177/2/2439 2178/2/2439 2072/2/2440
f 2177/2/2442 2176/2/4986 2073/2/1946
f 2177/2/2324 2174/2/2324 2172/2/2324
f 2177/2/482 2179/2/482 2173/2/482
f 2181/2/1947 2072/2/2534 2178/2/2443
f 2181/2/2445 2180/2/4987 2179/2/2446
f 2181/2/1614 2182/2/1614 2078/2/1614
f 2181/2/1988 2073/2/1988 2079/2/1988
f 2183/2/2447 2184/2/4988 2078/2/2096
f 2183/2/2279 2182/2/4989 2079/2/2281
f 2183/2/2324 2180/2/2324 2178/2/2324
f 2183/2/482 2185/2/482 2179/2/482
f 2187/2/1761 2078/2/2536 2184/2/1762
f 2187/2/2450 2186/2/4990 2185/2/2451
f 2187/2/1627 2188/2/1614 2084/2/1614
f 2187/2/1988 2079/2/1988 2085/2/1988
f 2189/2/2452 2190/2/4991 2084/2/2453
f 2189/2/1970 2188/2/4992 2085/2/2455
f 2189/2/2324 2186/2/2324 2184/2/2324
f 2189/2/482 2191/2/482 2185/2/482
f 2193/2/2457 2084/2/2863 2190/2/2458
f 2193/2/2460 2192/2/4993 2191/2/1976
f 2193/2/1614 2194/2/1614 255/2/1614
f 2193/2/1988 2085/2/1988 256/2/1988
f 2195/2/2461 249/2/4994 255/2/2462
f 2195/2/1981 2194/2/4995 256/2/2464
f 2195/2/2324 2192/2/2324 2190/2/2324
f 2195/2/482 250/2/482 2191/2/482
f 2196/2/1982 2197/2/1783 96/2/2465
f 2196/2/1589 89/2/2295 97/2/1589
f 2198/2/2466 2094/2/4996 96/2/2467
f 2197/2/2469 97/2/4997 2095/2/2470
f 2198/2/2472 2199/2/4998 2200/2/1794
f 2198/2/2473 2095/2/2683 2201/2/2474
f 2199/2/2476 2196/2/38 88/2/2477
f 2196/2/2479 2199/2/453 2201/2/2480
f 2202/2/1998 2203/2/4999 2094/2/1803
f 2202/2/2482 2201/2/2614 2095/2/2482
f 2204/2/1807 2100/2/1807 2094/2/1807
f 2204/2/2471 2203/2/1988 2095/2/1767
f 2204/2/2319 2205/2/4919 2206/2/2211
f 2204/2/2484 2101/2/5000 2207/2/1619
f 2202/2/1620 2200/2/1620 2206/2/1620
f 2202/2/453 2205/2/453 2207/2/453
f 2208/2/2004 2209/2/4921 2100/2/2214
f 2208/2/1625 2207/2/4816 2101/2/1625
f 2210/2/1807 2106/2/1807 2100/2/1807
f 2210/2/1767 2209/2/1767 2101/2/1767
f 2210/2/2328 2211/2/4817 2212/2/1630
f 2210/2/2487 2107/2/5001 2213/2/1631
f 2208/2/1620 2206/2/1620 2212/2/1620
f 2208/2/453 2211/2/1622 2213/2/453
f 2214/2/2488 2215/2/4857 2106/2/1826
f 2214/2/2489 2213/2/2489 2107/2/2490
f 2216/2/1807 2112/2/1807 2106/2/1807
f 2216/2/1767 2215/2/2471 2107/2/1767
f 2216/2/2492 2217/2/2134 2218/2/1639
f 2216/2/1640 2113/2/1640 2219/2/1641
f 2214/2/1620 2212/2/1620 2218/2/1620
f 2214/2/453 2217/2/1653 2219/2/1653
f 2220/2/1643 2221/2/5002 2112/2/2136
f 2220/2/2494 2219/2/1836 2113/2/2495
f 2222/2/1807 2118/2/1807 2112/2/1807
f 2222/2/2471 2221/2/2471 2113/2/2471
f 2223/2/2023 2224/2/2710 2118/2/1650
f 2222/2/2496 2119/2/5003 2225/2/1845
f 2220/2/1620 2218/2/1620 2224/2/1620
f 2220/2/453 2223/2/453 2225/2/453
f 2226/2/2497 2227/2/5004 2118/2/2351
f 2227/2/2498 2226/2/5005 2225/2/2498
f 2228/2/1807 2124/2/1807 2118/2/1807
f 2228/2/2471 2227/2/2471 2119/2/2471
f 2229/2/2030 2230/2/2715 2124/2/1852
f 2228/2/1661 2125/2/2230 2231/2/1661
f 2226/2/1621 2224/2/1621 2230/2/1620
f 2226/2/453 2229/2/453 2231/2/453
f 2232/2/2499 2233/2/4928 2124/2/1857
f 2233/2/2362 2232/2/5006 2231/2/1666
f 2234/2/1807 2130/2/1807 2124/2/1807
f 2234/2/2471 2233/2/2471 2125/2/2471
f 2235/2/2500 2236/2/5007 2130/2/1669
f 2234/2/2366 2131/2/2366 2237/2/1670
f 2232/2/1621 2230/2/1621 2236/2/1620
f 2232/2/453 2235/2/1653 2237/2/1622
f 2238/2/2502 2239/2/5008 2130/2/2503
f 2239/2/2151 2238/2/1676 2237/2/2505
f 2240/2/1807 2136/2/1807 2130/2/1807
f 2240/2/2471 2239/2/2471 2131/2/2471
f 2241/2/2506 2242/2/5009 2136/2/2507
f 2240/2/1875 2137/2/5010 2243/2/1680
f 2238/2/1621 2236/2/1621 2242/2/1620
f 2238/2/453 2241/2/1622 2243/2/453
f 2244/2/2508 2245/2/5011 2136/2/2044
f 2245/2/1879 2244/2/4865 2243/2/1684
f 2246/2/1807 2142/2/1807 2136/2/1807
f 2246/2/1988 2245/2/1767 2137/2/1767
f 2247/2/2049 2248/2/4889 2142/2/2510
f 2246/2/2512 2143/2/2571 2249/2/2513
f 2244/2/1621 2242/2/1621 2248/2/1620
f 2244/2/453 2247/2/453 2249/2/453
f 2250/2/1889 2251/2/4867 2142/2/1888
f 2251/2/2249 2250/2/4906 2249/2/1694
f 2252/2/1807 2148/2/1807 2142/2/1807
f 2251/2/2471 2143/2/2471 2149/2/2471
f 2253/2/2057 2254/2/2056 2148/2/1892
f 2252/2/1895 2149/2/2651 2255/2/2163
f 2250/2/1621 2248/2/1621 2254/2/1620
f 2253/2/453 2255/2/453 2249/2/1653
f 2256/2/1900 2257/2/4870 2148/2/1899
f 2257/2/1703 2256/2/4833 2255/2/1702
f 2257/2/1807 2258/2/1807 2154/2/1807
f 2257/2/1647 2149/2/1988 2155/2/1767
f 2259/2/2514 2260/2/5012 2154/2/2066
f 2258/2/2515 2155/2/2515 2261/2/1708
f 2259/2/1620 2256/2/1621 2254/2/1621
f 2259/2/453 2261/2/453 2255/2/453
f 2262/2/1910 2263/2/4872 2154/2/1909
f 2263/2/2169 2262/2/4835 2261/2/1711
f 2263/2/1807 2264/2/1807 2160/2/1807
f 2263/2/2471 2155/2/2471 2161/2/2471
f 2265/2/2518 2266/2/2835 2160/2/2519
f 2264/2/1715 2161/2/2575 2267/2/1716
f 2265/2/1621 2262/2/1620 2260/2/1620
f 2265/2/453 2267/2/453 2261/2/453
f 2268/2/1918 2269/2/5013 2160/2/2520
f 2269/2/2422 2268/2/5014 2267/2/1721
f 2269/2/1807 2270/2/1807 2166/2/1807
f 2269/2/2471 2161/2/2471 2167/2/2471
f 2271/2/2521 2272/2/2521 2166/2/1725
f 2270/2/2522 2167/2/1925 2273/2/1726
f 2271/2/1621 2268/2/1620 2266/2/1621
f 2271/2/453 2273/2/453 2267/2/1653
f 2274/2/2269 2275/2/4876 2166/2/1927
f 2275/2/1731 2274/2/5015 2273/2/1731
f 2275/2/1807 2276/2/1807 2172/2/1807
f 2275/2/2471 2167/2/2471 2173/2/2471
f 2277/2/2431 2278/2/5016 2172/2/2524
f 2276/2/2526 2173/2/2585 2279/2/2526
f 2277/2/1621 2274/2/1621 2272/2/1621
f 2277/2/453 2279/2/453 2273/2/453
f 2280/2/2090 2281/2/1739 2172/2/1740
f 2281/2/2528 2280/2/1742 2279/2/1743
f 2281/2/1807 2282/2/1807 2178/2/1807
f 2281/2/2471 2173/2/2471 2179/2/2471
f 2283/2/2529 2284/2/1745 2178/2/2273
f 2283/2/2531 2282/2/5017 2179/2/2532
f 2283/2/1621 2280/2/1621 2278/2/1621
f 2283/2/453 2285/2/453 2279/2/1653
f 2287/2/2533 2178/2/2443 2284/2/2534
f 2287/2/1754 2286/2/5018 2285/2/1755
f 2287/2/1807 2288/2/1807 2184/2/1807
f 2287/2/2471 2179/2/2471 2185/2/2471
f 2289/2/1756 2290/2/2771 2184/2/1757
f 2289/2/1956 2288/2/5019 2185/2/1957
f 2289/2/1621 2286/2/1621 2284/2/1621
f 2289/2/453 2291/2/453 2285/2/1622
f 2293/2/2535 2184/2/1762 2290/2/2536
f 2293/2/1963 2292/2/5020 2291/2/2180
f 2293/2/1807 2294/2/1807 2190/2/1807
f 2293/2/2471 2185/2/2471 2191/2/2471
f 2295/2/1965 2296/2/2453 2190/2/2452
f 2295/2/2184 2294/2/4914 2191/2/2184
f 2295/2/1621 2292/2/1621 2290/2/1621
f 2295/2/453 2297/2/453 2291/2/453
f 2299/2/2539 2190/2/2457 2296/2/2289
f 2299/2/2460 2298/2/4945 2297/2/2291
f 2299/2/1807 2300/2/1807 249/2/1807
f 2299/2/1988 2191/2/1988 250/2/1988
f 2301/2/1778 243/2/4915 249/2/2187
f 2301/2/2542 2300/2/5021 250/2/2542
f 2301/2/1621 2298/2/1621 2296/2/1621
f 2301/2/453 244/2/453 2297/2/1653
f 2302/2/2192 2303/2/5022 88/2/2544
f 2302/2/1785 81/2/1784 89/2/1785
f 2304/2/2546 2200/2/5023 88/2/2547
f 2303/2/2548 89/2/5024 2201/2/2549
f 2304/2/1793 2305/2/4850 2306/2/1794
f 2304/2/2198 2201/2/2198 2307/2/1600
f 2305/2/2550 2302/2/450 80/2/2551
f 2302/2/2553 2305/2/4869 2307/2/2554
f 2308/2/2556 2309/2/4852 2200/2/2557
f 2308/2/2558 2307/2/2558 2201/2/2559
f 2310/2/1614 2206/2/1614 2200/2/1614
f 2310/2/1792 2309/2/1792 2201/2/1792
f 2310/2/2210 2311/2/4919 2312/2/2210
f 2310/2/2560 2207/2/5025 2313/2/2561
f 2308/2/1897 2306/2/1897 2312/2/1897
f 2308/2/453 2311/2/1653 2313/2/1653
f 2314/2/2563 2315/2/1817 2206/2/1816
f 2314/2/1818 2313/2/2326 2207/2/1819
f 2316/2/1614 2212/2/1614 2206/2/1614
f 2316/2/1881 2315/2/1881 2207/2/1881
f 2316/2/1822 2317/2/4923 2318/2/1822
f 2316/2/1823 2213/2/2331 2319/2/2487
f 2314/2/1897 2312/2/1897 2318/2/1897
f 2314/2/1653 2317/2/1653 2319/2/1653
f 2320/2/2564 2321/2/5026 2212/2/1825
f 2320/2/1827 2319/2/2219 2213/2/1828
f 2322/2/1614 2218/2/1614 2212/2/1614
f 2322/2/1792 2321/2/1792 2213/2/1792
f 2322/2/1830 2323/2/4924 2324/2/2220
f 2322/2/2221 2219/2/4925 2325/2/2135
f 2320/2/1897 2318/2/1897 2324/2/1897
f 2320/2/453 2323/2/1653 2325/2/1653
f 2326/2/2222 2327/2/4860 2218/2/2565
f 2326/2/2223 2325/2/1836 2219/2/2224
f 2328/2/1614 2224/2/1614 2218/2/1614
f 2328/2/1792 2327/2/1881 2219/2/1881
f 2329/2/1650 2330/2/2023 2224/2/1650
f 2328/2/2566 2225/2/4926 2331/2/2496
f 2326/2/1897 2324/2/1897 2330/2/1897
f 2326/2/1653 2329/2/1653 2331/2/1653
f 2332/2/2351 2333/2/5004 2224/2/2351
f 2333/2/2352 2332/2/5005 2331/2/2567
f 2334/2/1614 2230/2/1614 2224/2/1614
f 2334/2/1792 2333/2/1792 2225/2/1792
f 2335/2/2141 2336/2/2141 2230/2/1852
f 2334/2/1855 2231/2/5027 2337/2/1856
f 2332/2/1897 2330/2/1897 2336/2/1897
f 2332/2/1653 2335/2/1622 2337/2/1653
f 2338/2/2359 2339/2/5028 2230/2/2569
f 2339/2/1859 2338/2/4863 2337/2/1666
f 2340/2/1614 2236/2/1614 2230/2/1614
f 2340/2/1792 2339/2/1792 2231/2/1792
f 2341/2/1860 2342/2/1667 2236/2/1861
f 2340/2/2235 2237/2/5029 2343/2/2236
f 2338/2/1897 2336/2/1897 2342/2/1897
f 2338/2/1653 2341/2/1653 2343/2/1653
f 2344/2/1674 2345/2/4827 2236/2/1674
f 2345/2/2238 2344/2/4903 2343/2/2373
f 2346/2/1614 2242/2/1614 2236/2/1614
f 2346/2/1792 2345/2/1792 2237/2/1792
f 2347/2/2239 2348/2/1677 2242/2/1871
f 2346/2/1873 2243/2/1873 2349/2/2241
f 2344/2/1897 2342/2/1897 2348/2/1897
f 2344/2/1653 2347/2/1653 2349/2/1653
f 2350/2/1877 2351/2/4931 2242/2/1877
f 2351/2/1878 2350/2/4932 2349/2/2244
f 2352/2/1614 2248/2/1614 2242/2/1614
f 2352/2/1792 2351/2/1792 2243/2/1792
f 2353/2/1882 2354/2/2049 2248/2/2510
f 2352/2/2387 2249/2/1884 2355/2/2571
f 2350/2/1897 2348/2/1897 2354/2/1897
f 2350/2/1653 2353/2/1622 2355/2/1622
f 2356/2/1888 2357/2/4867 2248/2/2247
f 2357/2/2248 2356/2/4906 2355/2/2249
f 2358/2/2158 2254/2/1615 2248/2/1614
f 2357/2/1881 2249/2/1881 2255/2/1881
f 2359/2/1892 2360/2/5030 2254/2/1698
f 2358/2/1894 2255/2/2395 2361/2/1895
f 2356/2/1897 2354/2/1897 2360/2/1897
f 2359/2/1653 2361/2/1653 2355/2/1653
f 2362/2/2256 2363/2/4870 2254/2/1899
f 2363/2/2572 2362/2/4833 2361/2/1703
f 2363/2/1614 2364/2/1614 2260/2/1614
f 2363/2/1792 2255/2/1792 2261/2/1792
f 2365/2/1903 2366/2/4936 2260/2/1903
f 2364/2/1905 2261/2/4871 2367/2/2258
f 2365/2/1897 2362/2/1876 2360/2/1897
f 2365/2/1653 2367/2/1653 2361/2/1622
f 2368/2/1908 2369/2/4872 2260/2/2573
f 2369/2/1911 2368/2/5031 2367/2/2260
f 2369/2/1614 2370/2/1614 2266/2/1614
f 2369/2/1792 2261/2/1792 2267/2/1792
f 2371/2/1913 2372/2/2075 2266/2/2574
f 2370/2/2262 2267/2/1916 2373/2/2575
f 2371/2/1897 2368/2/1897 2366/2/1897
f 2371/2/1653 2373/2/1653 2367/2/1653
f 2374/2/1918 2375/2/5013 2266/2/2576
f 2375/2/2264 2374/2/5032 2373/2/1921
f 2375/2/1627 2376/2/1807 2272/2/1808
f 2375/2/1792 2267/2/1792 2273/2/1792
f 2377/2/2578 2378/2/2082 2272/2/2579
f 2376/2/1925 2273/2/2268 2379/2/1726
f 2377/2/1897 2374/2/1897 2372/2/1897
f 2377/2/1653 2379/2/1653 2373/2/1653
f 2380/2/2581 2381/2/5033 2272/2/1927
f 2381/2/1930 2380/2/4838 2379/2/2270
f 2381/2/2158 2382/2/2208 2278/2/2208
f 2381/2/1792 2273/2/1792 2279/2/1792
f 2383/2/2524 2384/2/2524 2278/2/2584
f 2382/2/2585 2279/2/5034 2385/2/2586
f 2383/2/1897 2380/2/1897 2378/2/1897
f 2383/2/1653 2385/2/1653 2379/2/1653
f 2386/2/1936 2387/2/4879 2278/2/1936
f 2387/2/2272 2386/2/1742 2385/2/2528
f 2387/2/1807 2388/2/1807 2284/2/1807
f 2387/2/1792 2279/2/1792 2285/2/1792
f 2389/2/1941 2390/2/2847 2284/2/2587
f 2389/2/2442 2388/2/4880 2285/2/2588
f 2389/2/1897 2386/2/1897 2384/2/1897
f 2389/2/1653 2391/2/1653 2385/2/1653
f 2393/2/1947 2284/2/2276 2390/2/1948
f 2393/2/1950 2392/2/5018 2391/2/2589
f 2393/2/1807 2394/2/1807 2290/2/1807
f 2393/2/1792 2285/2/1792 2291/2/1792
f 2395/2/1757 2396/2/1756 2290/2/2278
f 2395/2/2279 2394/2/2281 2291/2/2280
f 2395/2/1897 2392/2/1897 2390/2/1897
f 2395/2/1653 2397/2/1653 2391/2/1653
f 2399/2/2590 2290/2/5035 2396/2/2101
f 2399/2/1963 2398/2/5036 2397/2/1764
f 2399/2/1807 2400/2/1807 2296/2/1807
f 2399/2/1792 2291/2/1792 2297/2/1792
f 2401/2/1966 2402/2/1965 2296/2/2592
f 2401/2/1970 2400/2/2108 2297/2/1968
f 2401/2/1897 2398/2/1897 2396/2/1897
f 2401/2/1653 2403/2/1653 2397/2/453
f 2405/2/1972 2296/2/1971 2402/2/2594
f 2405/2/1974 2404/2/5037 2403/2/2291
f 2405/2/1807 2406/2/1807 243/2/1807
f 2405/2/1792 2297/2/1792 244/2/1792
f 2407/2/2187 237/2/2187 243/2/1978
f 2407/2/1981 2406/2/4882 244/2/1979
f 2407/2/1876 2404/2/1897 2402/2/1897
f 2407/2/1653 238/2/1653 2403/2/1653
f 2408/2/1783 2409/2/5038 80/2/1982
f 2408/2/2597 70/2/5039 81/2/2598
f 2410/2/2600 2306/2/5040 80/2/2601
f 2409/2/2602 81/2/5041 2307/2/2603
f 2410/2/2304 2411/2/5042 2412/2/2472
f 2410/2/2604 2307/2/2683 2413/2/2605
f 2411/2/2607 2408/2/5043 69/2/2608
f 2408/2/2610 2411/2/482 2413/2/2611
f 2414/2/1608 2415/2/5044 2306/2/1608
f 2414/2/2614 2413/2/2482 2307/2/2559
f 2416/2/1627 2312/2/1627 2306/2/1614
f 2416/2/1988 2415/2/1988 2307/2/1988
f 2416/2/2616 2417/2/5045 2418/2/2617
f 2416/2/2001 2313/2/2484 2419/2/2619
f 2414/2/2324 2412/2/2324 2418/2/2324
f 2414/2/482 2417/2/482 2419/2/482
f 2420/2/2004 2421/2/4953 2312/2/2005
f 2420/2/1818 2419/2/1819 2313/2/2326
f 2422/2/1627 2318/2/1627 2312/2/1614
f 2422/2/1988 2421/2/1988 2313/2/1988
f 2422/2/2328 2423/2/4955 2424/2/2329
f 2422/2/2330 2319/2/2810 2425/2/2331
f 2420/2/2324 2418/2/2324 2424/2/2324
f 2420/2/482 2423/2/482 2425/2/482
f 2426/2/2333 2427/2/4956 2318/2/2334
f 2426/2/2622 2425/2/1828 2319/2/2219
f 2428/2/1627 2324/2/1627 2318/2/1614
f 2428/2/1988 2427/2/1988 2319/2/1988
f 2428/2/2624 2429/2/5046 2430/2/2336
f 2428/2/2337 2325/2/2815 2431/2/2338
f 2426/2/2324 2424/2/2324 2430/2/2324
f 2426/2/482 2429/2/482 2431/2/482
f 2432/2/2222 2433/2/2816 2324/2/2626
f 2432/2/1837 2431/2/4959 2325/2/2627
f 2434/2/1614 2330/2/1614 2324/2/1614
f 2434/2/2471 2433/2/1988 2325/2/1988
f 2435/2/2343 2436/2/1842 2330/2/2629
f 2434/2/2346 2331/2/2346 2437/2/2347
f 2432/2/2324 2430/2/2324 2436/2/2324
f 2432/2/482 2435/2/482 2437/2/482
f 2438/2/2630 2439/2/2821 2330/2/2631
f 2439/2/2028 2438/2/5047 2437/2/2632
f 2440/2/1627 2336/2/1627 2330/2/1614
f 2440/2/1988 2439/2/1988 2331/2/1988
f 2441/2/2633 2442/2/5048 2336/2/2354
f 2440/2/2031 2337/2/5049 2443/2/2031
f 2438/2/2324 2436/2/2324 2442/2/2324
f 2438/2/482 2441/2/482 2443/2/482
f 2444/2/2359 2445/2/4962 2336/2/2360
f 2445/2/1859 2444/2/4963 2443/2/1858
f 2446/2/1627 2342/2/1627 2336/2/1614
f 2446/2/1988 2445/2/1988 2337/2/1988
f 2447/2/1860 2448/2/4964 2342/2/2364
f 2446/2/2366 2343/2/2366 2449/2/2367
f 2444/2/2324 2442/2/2324 2448/2/2324
f 2444/2/482 2447/2/482 2449/2/482
f 2450/2/2369 2451/2/4965 2342/2/2370
f 2451/2/2371 2450/2/2371 2449/2/2372
f 2452/2/1614 2348/2/1614 2342/2/1614
f 2452/2/1988 2451/2/1988 2343/2/1988
f 2453/2/2239 2454/2/1871 2348/2/2374
f 2452/2/2376 2349/2/2376 2455/2/2377
f 2450/2/2324 2448/2/2324 2454/2/2324
f 2450/2/482 2453/2/482 2455/2/482
f 2456/2/2379 2457/2/5050 2348/2/2380
f 2457/2/2640 2456/2/4968 2455/2/2383
f 2458/2/1627 2354/2/1627 2348/2/1627
f 2458/2/1988 2457/2/1988 2349/2/1988
f 2459/2/2641 2460/2/4969 2354/2/2642
f 2458/2/2644 2355/2/2513 2461/2/2645
f 2456/2/2324 2454/2/2324 2460/2/2324
f 2456/2/482 2459/2/482 2461/2/482
f 2462/2/2392 2463/2/5051 2354/2/1889
f 2463/2/2393 2462/2/5052 2461/2/2647
f 2464/2/1614 2360/2/1614 2354/2/1614
f 2464/2/1988 2463/2/1988 2355/2/1988
f 2465/2/2649 2466/2/5053 2360/2/2057
f 2464/2/2651 2361/2/5054 2467/2/2652
f 2462/2/2324 2460/2/2324 2466/2/2324
f 2465/2/482 2467/2/482 2461/2/482
f 2468/2/2397 2469/2/4972 2360/2/2398
f 2469/2/2400 2468/2/4973 2467/2/2401
f 2469/2/1627 2470/2/1614 2366/2/1614
f 2469/2/1988 2361/2/1988 2367/2/1988
f 2471/2/2403 2472/2/2403 2366/2/2404
f 2470/2/2406 2367/2/4975 2473/2/2407
f 2471/2/2324 2468/2/2324 2466/2/2324
f 2471/2/482 2473/2/482 2467/2/482
f 2474/2/1908 2475/2/5055 2366/2/2409
f 2475/2/2410 2474/2/4977 2473/2/2411
f 2475/2/1615 2476/2/1614 2372/2/1614
f 2475/2/1988 2367/2/1988 2373/2/1988
f 2477/2/2412 2478/2/1914 2372/2/2413
f 2476/2/2415 2373/2/2575 2479/2/2416
f 2477/2/2324 2474/2/2324 2472/2/2324
f 2477/2/482 2479/2/482 2473/2/482
f 2480/2/1918 2481/2/4979 2372/2/2420
f 2481/2/2422 2480/2/4980 2479/2/2423
f 2481/2/1627 2482/2/1614 2378/2/1614
f 2481/2/1988 2373/2/1988 2379/2/1988
f 2483/2/2082 2484/2/2578 2378/2/2081
f 2482/2/1925 2379/2/2522 2485/2/1924
f 2483/2/2324 2480/2/2324 2478/2/2324
f 2483/2/482 2485/2/482 2479/2/482
f 2486/2/1929 2487/2/2756 2378/2/2426
f 2487/2/2427 2486/2/4982 2485/2/2428
f 2487/2/1627 2488/2/1614 2384/2/1614
f 2487/2/2471 2379/2/1792 2385/2/1988
f 2489/2/2430 2490/2/5056 2384/2/2431
f 2488/2/2088 2385/2/2526 2491/2/2433
f 2489/2/2324 2486/2/2324 2484/2/2324
f 2489/2/482 2491/2/482 2485/2/482
f 2492/2/1937 2493/2/4984 2384/2/2659
f 2493/2/2437 2492/2/4985 2491/2/2438
f 2493/2/1614 2494/2/1614 2390/2/1614
f 2493/2/2471 2385/2/1792 2391/2/1988
f 2495/2/1941 2496/2/2587 2390/2/2660
f 2495/2/1944 2494/2/5057 2391/2/2275
f 2495/2/2324 2492/2/2324 2490/2/2324
f 2495/2/2662 2497/2/2662 2491/2/482
f 2499/2/2663 2390/2/1947 2496/2/2443
f 2499/2/2445 2498/2/5058 2497/2/2446
f 2499/2/1615 2500/2/1614 2396/2/1614
f 2499/2/1988 2391/2/1988 2397/2/1988
f 2501/2/2447 2502/2/1953 2396/2/2096
f 2501/2/2279 2500/2/5059 2397/2/2281
f 2501/2/2324 2498/2/2324 2496/2/2324
f 2501/2/453 2503/2/453 2497/2/1653
f 2505/2/1762 2396/2/5060 2502/2/2536
f 2505/2/1764 2504/2/2104 2503/2/2450
f 2505/2/1627 2506/2/1614 2402/2/1614
f 2505/2/1988 2397/2/1988 2403/2/1988
f 2507/2/1965 2508/2/2452 2402/2/2667
f 2507/2/2456 2506/2/4992 2403/2/2668
f 2507/2/2324 2504/2/2324 2502/2/2324
f 2507/2/2662 2509/2/2662 2503/2/434
f 2511/2/2669 2402/2/5061 2508/2/2670
f 2511/2/1975 2510/2/5062 2509/2/1976
f 2511/2/1615 2512/2/1614 237/2/1614
f 2511/2/1988 2403/2/1988 238/2/1988
f 2513/2/2672 227/2/5063 237/2/2461
f 2513/2/2543 2512/2/5064 238/2/2674
f 2513/2/2324 2510/2/2324 2508/2/2324
f 2513/2/434 231/2/434 2509/2/434
f 2514/2/1982 2515/2/1783 69/2/2465
f 2514/2/1590 73/2/1589 70/2/1590
f 2516/2/2675 2412/2/5065 69/2/2676
f 2515/2/2678 70/2/5066 2413/2/2679
f 2516/2/1989 2517/2/5067 2518/2/2680
f 2413/2/1796 2519/2/5068 2520/2/5069
f 2520/2/2682 2517/2/2475 2516/2/2683
f 2517/2/2684 2514/2/5070 72/2/2685
f 2522/2/2689 73/2/5071 2514/2/2687
f 2514/2/2687 2517/2/1653 2520/2/2688
f 2520/2/5072 2521/2/5073 2522/2/4360
f 2523/2/1998 2524/2/4897 2412/2/1803
f 2413/2/1612 2524/2/5074 2523/2/1611
f 2523/2/2614 2525/2/5075 2519/2/5076
f 2526/2/1807 2418/2/1807 2412/2/1807
f 2526/2/2471 2524/2/1988 2413/2/1647
f 2526/2/2692 2527/2/5077 2528/2/1617
f 2419/2/5078 2529/2/5078 2530/2/5078
f 2530/2/1813 2527/2/1619 2526/2/2561
f 2523/2/2694 2518/2/2694 2528/2/2695
f 2523/2/1653 2527/2/1653 2530/2/1653
f 2531/2/2696 2532/2/2215 2418/2/2004
f 2419/2/1626 2532/2/5079 2531/2/2216
f 2531/2/1818 2533/2/5080 2529/2/5081
f 2534/2/1807 2424/2/1807 2418/2/1807
f 2534/2/2471 2532/2/2471 2419/2/2471
f 2534/2/2699 2535/2/5082 2536/2/2700
f 2425/2/1823 2537/2/5083 2538/2/5084
f 2538/2/2702 2535/2/5085 2534/2/2487
f 2531/2/2695 2528/2/2695 2536/2/2695
f 2531/2/1653 2535/2/1653 2538/2/1653
f 2539/2/2703 2540/2/4857 2424/2/2564
f 2425/2/2490 2540/2/5086 2539/2/2705
f 2539/2/1827 2541/2/5087 2537/2/5088
f 2542/2/1807 2430/2/1807 2424/2/1807
f 2542/2/2471 2540/2/2471 2425/2/2471
f 2542/2/2014 2543/2/4899 2544/2/2133
f 2431/2/1832 2545/2/5089 2546/2/5090
f 2546/2/2706 2543/2/5091 2542/2/2707
f 2539/2/2695 2536/2/2695 2544/2/2695
f 2539/2/1653 2543/2/1653 2546/2/1653
f 2547/2/2019 2548/2/4860 2430/2/2018
f 2431/2/2494 2548/2/5092 2547/2/2709
f 2547/2/1836 2549/2/5093 2545/2/5093
f 2550/2/2158 2436/2/2158 2430/2/2208
f 2550/2/2471 2548/2/2471 2431/2/2471
f 2551/2/2710 2552/2/5094 2436/2/2023
f 2437/2/5003 2553/2/5003 2554/2/5003
f 2554/2/2711 2551/2/1652 2550/2/1845
f 2547/2/2695 2544/2/2695 2552/2/2695
f 2547/2/1653 2551/2/1653 2554/2/1653
f 2555/2/2027 2556/2/5004 2436/2/2351
f 2437/2/1656 2556/2/5095 2555/2/1656
f 2555/2/2352 2557/2/5096 2553/2/5097
f 2558/2/2208 2442/2/1807 2436/2/2158
f 2558/2/2471 2556/2/2471 2437/2/2471
f 2559/2/2715 2560/2/2356 2442/2/2716
f 2443/2/1856 2561/2/5098 2562/2/5099
f 2562/2/2717 2559/2/2144 2558/2/2718
f 2555/2/2694 2552/2/2694 2560/2/2694
f 2555/2/1653 2559/2/1653 2562/2/1653
f 2563/2/2035 2564/2/4928 2442/2/2499
f 2443/2/2721 2564/2/5100 2563/2/1859
f 2563/2/1859 2565/2/5101 2561/2/2720
f 2566/2/1807 2448/2/1807 2442/2/1807
f 2566/2/2471 2564/2/2471 2443/2/2471
f 2567/2/2722 2568/2/5102 2448/2/2723
f 2449/2/2235 2569/2/2235 2570/2/2235
f 2570/2/2147 2567/2/5103 2566/2/2724
f 2563/2/2694 2560/2/2694 2568/2/2694
f 2563/2/1653 2567/2/1653 2570/2/1653
f 2571/2/1675 2572/2/4930 2448/2/2237
f 2449/2/2727 2572/2/5104 2571/2/1869
f 2571/2/2238 2573/2/5105 2569/2/2726
f 2574/2/1807 2454/2/1807 2448/2/1807
f 2574/2/1988 2572/2/2471 2449/2/2471
f 2575/2/2374 2576/2/2040 2454/2/2239
f 2455/2/5106 2577/2/2377 2578/2/5107
f 2578/2/1680 2575/2/5108 2574/2/2728
f 2571/2/1897 2568/2/1876 2576/2/1897
f 2571/2/1653 2575/2/1653 2578/2/1653
f 2579/2/2046 2580/2/5109 2454/2/2729
f 2455/2/1684 2580/2/5110 2579/2/1684
f 2579/2/2244 2581/2/5111 2577/2/5112
f 2582/2/1807 2460/2/1807 2454/2/1808
f 2582/2/2471 2580/2/2471 2455/2/2471
f 2583/2/2732 2584/2/5113 2460/2/2048
f 2461/2/1884 2585/2/5114 2586/2/5115
f 2586/2/2733 2583/2/2160 2582/2/2387
f 2579/2/2694 2576/2/2694 2584/2/2694
f 2579/2/1653 2583/2/1653 2586/2/1653
f 2587/2/2734 2588/2/4867 2460/2/1889
f 2461/2/2249 2588/2/1891 2587/2/2249
f 2587/2/2647 2589/2/5116 2585/2/5117
f 2588/2/1807 2590/2/1807 2466/2/1807
f 2588/2/2471 2461/2/2471 2467/2/2471
f 2591/2/2737 2592/2/5118 2466/2/2057
f 2467/2/2253 2593/2/5119 2594/2/5120
f 2594/2/2738 2591/2/5121 2590/2/2651
f 2591/2/1876 2587/2/1897 2584/2/1876
f 2587/2/1653 2591/2/1653 2594/2/1653
f 2595/2/2166 2596/2/4908 2466/2/2062
f 2467/2/2742 2596/2/2572 2595/2/2740
f 2595/2/2740 2597/2/5122 2593/2/2741
f 2596/2/1807 2598/2/1807 2472/2/1807
f 2596/2/1988 2467/2/1988 2473/2/1988
f 2599/2/2743 2600/2/5123 2472/2/2068
f 2473/2/2515 2601/2/5124 2602/2/5125
f 2602/2/2745 2599/2/5126 2598/2/2406
f 2599/2/2694 2595/2/2694 2592/2/2694
f 2599/2/1653 2602/2/1653 2597/2/1653
f 2603/2/2409 2604/2/4872 2472/2/1908
f 2473/2/2260 2604/2/5127 2603/2/2169
f 2603/2/2517 2605/2/5128 2601/2/5129
f 2604/2/1807 2606/2/1807 2478/2/1807
f 2604/2/1767 2473/2/2471 2479/2/1988
f 2607/2/2747 2608/2/5130 2478/2/2748
f 2479/2/1916 2609/2/5131 2610/2/5132
f 2610/2/2749 2607/2/5133 2606/2/2575
f 2607/2/2694 2603/2/2694 2600/2/2694
f 2607/2/1653 2610/2/1653 2605/2/1653
f 2611/2/2079 2612/2/5013 2478/2/2750
f 2479/2/2265 2612/2/5134 2611/2/1722
f 2611/2/5135 2613/2/5136 2609/2/5136
f 2612/2/2208 2614/2/1807 2484/2/2158
f 2612/2/1767 2479/2/1988 2485/2/1988
f 2615/2/1723 2616/2/5137 2484/2/2521
f 2485/2/2754 2617/2/5138 2618/2/2753
f 2618/2/2753 2615/2/5139 2614/2/2522
f 2615/2/2694 2611/2/2694 2608/2/2694
f 2613/2/1653 2611/2/1653 2615/2/1653
f 2619/2/2755 2620/2/4876 2484/2/2269
f 2485/2/1931 2620/2/5140 2619/2/1731
f 2619/2/2270 2621/2/5141 2617/2/5142
f 2620/2/1807 2622/2/1807 2490/2/1807
f 2620/2/2471 2485/2/2471 2491/2/2471
f 2623/2/2758 2624/2/2657 2490/2/2524
f 2626/2/2759 2625/2/5143 2623/2/2585
f 2623/2/2585 2622/2/5144 2491/2/1735
f 2623/2/2694 2619/2/2694 2616/2/2694
f 2621/2/1653 2619/2/1653 2623/2/1653
f 2627/2/2091 2628/2/4879 2490/2/2090
f 2491/2/2528 2628/2/5145 2627/2/1743
f 2627/2/1742 2629/2/2761 2626/2/2761
f 2628/2/1807 2630/2/1807 2496/2/1807
f 2628/2/2471 2491/2/2471 2497/2/2471
f 2631/2/2762 2632/2/5146 2496/2/1941
f 2634/2/2765 2633/2/5147 2631/2/2763
f 2631/2/2763 2630/2/2588 2497/2/2764
f 2631/2/2694 2627/2/2694 2624/2/2694
f 2631/2/1653 2633/2/1653 2629/2/1653
f 2636/2/2094 2496/2/2533 2632/2/2766
f 2497/2/2770 2636/2/5148 2635/2/2768
f 2635/2/5149 2637/2/5150 2634/2/5151
f 2636/2/1807 2638/2/1807 2502/2/1807
f 2636/2/1647 2497/2/1881 2503/2/1767
f 2639/2/2771 2640/2/5152 2502/2/1756
f 2642/2/2772 2641/2/5153 2639/2/1957
f 2639/2/1957 2638/2/5154 2503/2/1957
f 2639/2/2694 2635/2/2694 2632/2/2694
f 2639/2/1653 2641/2/1653 2637/2/1653
f 2644/2/2773 2502/2/5155 2640/2/2536
f 2503/2/2181 2644/2/5156 2643/2/2775
f 2643/2/2450 2645/2/5157 2642/2/2776
f 2644/2/2208 2646/2/2158 2508/2/2208
f 2644/2/1881 2503/2/1881 2509/2/1881
f 2647/2/2106 2648/2/2859 2508/2/1965
f 2650/2/2778 2649/2/5158 2647/2/2109
f 2647/2/2109 2646/2/4944 2509/2/2777
f 2647/2/2694 2643/2/2694 2640/2/2694
f 2645/2/1622 2643/2/1622 2647/2/1622
f 2652/2/2110 2508/2/5159 2648/2/1772
f 2509/2/2781 2652/2/5160 2651/2/2291
f 2651/2/1976 2653/2/5161 2650/2/2780
f 2652/2/1807 2654/2/1808 227/2/1807
f 2652/2/1767 2509/2/1647 231/2/1647
f 2655/2/2782 228/2/4915 227/2/2187
f 230/2/2784 2656/2/5162 2655/2/2542
f 2655/2/2542 2654/2/5163 231/2/2189
f 2655/2/2694 2651/2/2694 2648/2/2694
f 2653/2/1653 2651/2/1653 2655/2/1653
f 2657/2/2785 2658/2/2786 54/2/2786
f 59/2/2788 2659/2/5164 2658/2/2787
f 2658/2/2787 2657/2/2295 60/2/2295
f 2658/2/2791 2660/2/1615 2661/2/2789
f 2661/2/5165 2662/2/5166 54/2/5167
f 2665/2/2794 2663/2/5168 2664/2/5169
f 2664/2/2792 2660/2/1704 2658/2/2793
f 2658/2/2793 2659/2/4430 2665/2/2794
f 1529/2/5170 2666/2/5171 2661/2/5171
f 2661/2/2795 2660/2/2304 2667/2/1989
f 2660/2/1990 2664/2/2305 1530/2/1990
f 2667/2/2796 2657/2/38 58/2/2797
f 2657/2/2799 2667/2/41 1530/2/2800
f 2666/2/2206 1529/2/2206 2668/2/2206
f 2668/2/2802 2669/2/2802 2670/2/1997
f 2668/2/2803 1530/2/5172 2664/2/1999
f 2670/2/1808 2669/2/1808 2671/2/1808
f 2671/2/1704 2669/2/1988 2664/2/1988
f 1537/2/2692 2674/2/5173 2672/2/5173
f 2672/2/2804 2671/2/2319 2675/2/2319
f 2671/2/2805 2673/2/2805 1538/2/2805
f 2668/2/1897 1529/2/1897 1537/2/2324
f 2668/2/41 2675/2/41 1538/2/41
f 2674/2/1624 1537/2/1624 2676/2/1624
f 2676/2/2696 2677/2/2696 2678/2/2696
f 2676/2/2807 1538/2/2807 2673/2/2807
f 2678/2/1615 2677/2/1615 2679/2/1615
f 2679/2/1704 2677/2/1988 2673/2/1988
f 1545/2/5174 2682/2/5174 2680/2/5174
f 2680/2/2808 2679/2/2808 2683/2/2809
f 2679/2/2330 2681/2/2330 1546/2/2330
f 2676/2/1621 1537/2/1621 1545/2/1621
f 2676/2/41 2683/2/41 1546/2/41
f 2682/2/2488 1545/2/2488 2684/2/2488
f 2684/2/1825 2685/2/2488 2686/2/2811
f 2684/2/2012 1546/2/2012 2681/2/2012
f 2686/2/1615 2685/2/1615 2687/2/1615
f 2687/2/1704 2685/2/1988 2681/2/1704
f 1553/2/5175 2690/2/5176 2688/2/5176
f 2688/2/2813 2687/2/2813 2691/2/2813
f 2687/2/2815 2689/2/2337 1554/2/2815
f 2684/2/1621 1545/2/1621 1553/2/1621
f 2684/2/41 2691/2/2418 1554/2/41
f 2690/2/2018 1553/2/2018 2692/2/2018
f 2692/2/2626 2693/2/2222 2694/2/2019
f 2692/2/2817 1554/2/2817 2689/2/2818
f 2694/2/1615 2693/2/1615 2695/2/1615
f 2695/2/1704 2693/2/1988 2689/2/1988
f 1561/2/2023 2698/2/5177 2696/2/5177
f 2696/2/2024 2695/2/2023 2699/2/2024
f 2695/2/2819 2697/2/2026 1562/2/2819
f 2692/2/1621 1553/2/1621 1561/2/1621
f 2692/2/41 2699/2/41 1562/2/41
f 2698/2/2631 1561/2/2631 2700/2/2631
f 2700/2/2631 2701/2/2027 2702/2/2821
f 2701/2/2028 2700/2/2028 1562/2/2028
f 2702/2/1808 2701/2/1808 2703/2/1808
f 2703/2/1704 2701/2/1988 2697/2/1988
f 1569/2/5178 2706/2/5178 2704/2/5178
f 2704/2/2029 2703/2/2029 2707/2/2029
f 2703/2/2031 2705/2/2031 1570/2/2032
f 2700/2/1621 1561/2/1621 1569/2/1621
f 2700/2/41 2707/2/2418 1570/2/41
f 2706/2/5179 1569/2/5179 2708/2/5179
f 2708/2/2360 2709/2/2359 2710/2/2823
f 2709/2/2825 2708/2/5180 1570/2/2825
f 2710/2/1615 2709/2/1615 2711/2/1615
f 2711/2/1704 2709/2/1988 2705/2/1988
f 1577/2/5181 2714/2/5182 2712/2/5183
f 2712/2/2500 2711/2/2363 2715/2/2826
f 2711/2/1863 2713/2/1863 1578/2/1863
f 2708/2/1621 1569/2/1621 1577/2/1621
f 2708/2/41 2715/2/2418 1578/2/2418
f 2714/2/5184 1577/2/5184 2716/2/5184
f 2716/2/1673 2717/2/1673 2718/2/2725
f 2717/2/2039 2716/2/5185 1578/2/2039
f 2718/2/1615 2717/2/1615 2719/2/1615
f 2719/2/1704 2717/2/1988 2713/2/1988
f 1585/2/5186 2722/2/5187 2720/2/5186
f 2720/2/2506 2719/2/2506 2723/2/2506
f 2719/2/2828 2721/2/5107 1586/2/2828
f 2716/2/1621 1577/2/1621 1585/2/1621
f 2716/2/41 2723/2/2662 1586/2/41
f 2722/2/5188 1585/2/2508 2724/2/2508
f 2724/2/2046 2725/2/2045 2726/2/2829
f 2725/2/1880 2724/2/1880 1586/2/1880
f 2726/2/1615 2725/2/1615 2727/2/1615
f 2727/2/1988 2725/2/1704 2721/2/1988
f 1593/2/5189 2730/2/5189 2728/2/5189
f 2728/2/2048 2727/2/2048 2731/2/2048
f 2727/2/2050 2729/2/2050 1594/2/2051
f 2724/2/1621 1585/2/1621 1593/2/1621
f 2724/2/41 2731/2/41 1594/2/41
f 2730/2/1693 1593/2/1693 2732/2/1693
f 2732/2/1693 2733/2/2053 2734/2/1693
f 2733/2/2054 2732/2/2055 1594/2/2055
f 2733/2/1615 2735/2/1615 2736/2/1615
f 2733/2/1704 2729/2/1988 2737/2/1704
f 1601/2/2057 2738/2/2057 2736/2/2057
f 2736/2/2831 2735/2/2831 2739/2/2057
f 2735/2/2059 2737/2/2058 1602/2/2059
f 2732/2/1621 1593/2/1621 1601/2/1621
f 2732/2/41 2739/2/1653 1602/2/41
f 2738/2/5190 1601/2/2062 2740/2/2062
f 2740/2/2398 2741/2/2397 2742/2/2832
f 2741/2/2064 2740/2/2065 1602/2/2065
f 2741/2/1615 2743/2/1615 2744/2/1615
f 2741/2/1704 2737/2/1704 2745/2/1704
f 1609/2/2066 2746/2/5191 2744/2/5191
f 2744/2/2067 2743/2/2067 2747/2/2066
f 2743/2/2069 2745/2/2069 1610/2/2069
f 2747/2/1621 2740/2/1621 1601/2/1621
f 2747/2/41 1610/2/41 1602/2/41
f 2746/2/2071 1609/2/2071 2748/2/2071
f 2748/2/1709 2749/2/2071 2750/2/1709
f 2749/2/2073 2748/2/2074 1610/2/2074
f 2749/2/1615 2751/2/1615 2752/2/1615
f 2749/2/1704 2745/2/1704 2753/2/1988
f 1617/2/5192 2754/2/5193 2752/2/5130
f 2752/2/2834 2751/2/2412 2755/2/2413
f 2751/2/2077 2753/2/2077 1618/2/2836
f 2755/2/1621 2748/2/1621 1609/2/1621
f 2755/2/41 1618/2/1815 1610/2/41
f 2754/2/5194 1617/2/5195 2756/2/5195
f 2756/2/2420 2757/2/2419 2758/2/2837
f 2757/2/2577 2756/2/5196 1618/2/1921
f 2757/2/1615 2759/2/1615 2760/2/1615
f 2757/2/1988 2753/2/1988 2761/2/1988
f 1625/2/5197 2762/2/5198 2760/2/5198
f 2760/2/2839 2759/2/2082 2763/2/2081
f 2759/2/2840 2761/2/5199 1626/2/2840
f 2763/2/1621 2756/2/1621 1617/2/1621
f 2763/2/41 1626/2/41 1618/2/41
f 2762/2/2084 1625/2/2084 2764/2/2084
f 2764/2/2755 2765/2/2084 2766/2/2842
f 2765/2/2843 2764/2/2843 1626/2/2843
f 2765/2/2158 2767/2/1766 2768/2/1615
f 2765/2/1704 2761/2/1704 2769/2/1988
f 1633/2/5200 2770/2/5201 2768/2/5201
f 2768/2/2844 2767/2/2087 2771/2/2087
f 2767/2/2088 2769/2/2088 1634/2/2088
f 2771/2/1621 2764/2/1621 1625/2/1621
f 2771/2/41 1634/2/41 1626/2/41
f 2770/2/1738 1633/2/1738 2772/2/1738
f 2772/2/2091 2773/2/2271 2774/2/2760
f 2773/2/2092 2772/2/2092 1634/2/2092
f 2773/2/1766 2775/2/1615 2776/2/1615
f 2773/2/1988 2769/2/1988 2777/2/1704
f 2778/2/2846 2776/2/5202 2775/2/2847
f 2775/2/2847 2779/2/1941 1641/2/2847
f 2775/2/2847 1641/2/2847 2780/2/2848
f 2779/2/2849 2775/2/2093 2777/2/2850
f 2779/2/1897 2772/2/2324 1633/2/1897
f 2779/2/41 1642/2/41 1634/2/41
f 2778/2/2851 2780/2/5203 1641/2/2766
f 1641/2/2766 2781/2/2766 2782/2/2852
f 2782/2/2852 2783/2/5204 2778/2/2851
f 2782/2/2445 2781/2/5205 1642/2/2445
f 2782/2/1615 2784/2/1615 2785/2/1615
f 2782/2/1704 2777/2/1704 2786/2/1988
f 2787/2/2853 2785/2/5206 2784/2/2096
f 2784/2/2096 2788/2/1757 1649/2/2096
f 2784/2/2096 1649/2/2096 2789/2/2854
f 2788/2/2098 2784/2/2099 2786/2/2098
f 2788/2/1621 2781/2/1621 1641/2/1621
f 2788/2/41 1650/2/41 1642/2/41
f 2789/2/2856 1649/2/2103 2790/2/2857
f 2790/2/2857 2791/2/2536 2792/2/5207
f 2790/2/2857 2792/2/5207 2787/2/2855
f 2791/2/2104 2790/2/1763 1650/2/2104
f 2791/2/1615 2793/2/1615 2794/2/1615
f 2791/2/1988 2786/2/1988 2795/2/1704
f 2796/2/2858 2794/2/5208 2793/2/2859
f 2793/2/2859 2797/2/1965 1657/2/2106
f 1657/2/2106 2798/2/5209 2796/2/2858
f 2797/2/2860 2793/2/2860 2795/2/2860
f 2797/2/1621 2790/2/1621 1649/2/1621
f 2797/2/482 1658/2/1815 1650/2/1815
f 2798/2/2862 1657/2/2863 2799/2/2863
f 2799/2/2863 2800/2/2457 2801/2/2288
f 2799/2/2863 2801/2/2288 2796/2/2861
f 2800/2/2292 2799/2/5210 1658/2/2864
f 2800/2/2158 2802/2/1808 2803/2/2158
f 2800/2/1988 2795/2/1988 22/2/1988
f 16/2/4915 20/2/5211 2803/2/1777
f 2803/2/2462 2802/2/2462 2804/2/2462
f 2804/2/2866 2802/2/5212 22/2/2866
f 2804/2/2324 2799/2/1897 1657/2/1897
f 2804/2/41 21/2/2061 1658/2/482
f 2806/1/943 2807/1/943 374/1/2867
f 2806/1/696 2805/1/695 377/1/696
f 2809/1/2869 2810/1/5213 2807/1/2870
f 2808/1/5214 2811/1/5215 2812/1/5216
f 2812/1/2871 2809/1/702 2806/1/2872
f 2813/1/2874 379/1/2874 2810/1/2874
f 2812/1/2877 2814/1/5217 380/1/2876
f 380/1/2876 2813/1/1119 2809/1/1119
f 2813/1/2878 2805/1/18 374/1/2879
f 2805/1/2881 2813/1/1443 380/1/2882
f 2816/1/2884 2810/1/2884 379/1/2884
f 380/1/1127 2814/1/5218 2817/1/5219
f 2817/1/2885 2816/1/713 2815/1/713
f 2816/1/714 2818/1/965 2819/1/965
f 2820/1/702 2818/1/702 2816/1/702
f 2821/1/1227 387/1/1227 2819/1/1129
f 2820/1/2886 2822/1/1229 388/1/717
f 388/1/717 2821/1/5220 2818/1/717
f 2821/1/864 2815/1/864 379/1/864
f 2821/1/1443 388/1/1443 380/1/1443
f 2824/1/720 2819/1/720 387/1/720
f 388/1/722 2822/1/5221 2825/1/5222
f 2825/1/2888 2824/1/1310 2823/1/1310
f 2824/1/965 2826/1/965 2827/1/965
f 2828/1/702 2826/1/702 2824/1/702
f 2829/1/1311 395/1/1311 2827/1/1311
f 2828/1/2890 2830/1/5223 396/1/727
f 396/1/727 2829/1/5224 2826/1/2889
f 2829/1/864 2823/1/864 387/1/864
f 2829/1/1443 396/1/1443 388/1/1443
f 2832/1/2891 2827/1/2891 395/1/2891
f 396/1/5225 2830/1/5226 2833/1/2892
f 2833/1/2892 2832/1/730 2831/1/1313
f 2832/1/965 2834/1/965 2835/1/965
f 2836/1/702 2834/1/702 2832/1/702
f 2837/1/2893 403/1/5227 2835/1/2893
f 2836/1/2894 2838/1/5228 404/1/876
f 404/1/876 2837/1/732 2834/1/732
f 2837/1/864 2831/1/864 395/1/864
f 2837/1/1443 404/1/1443 396/1/1443
f 2840/1/734 2835/1/734 403/1/734
f 404/1/1130 2838/1/5229 2841/1/5229
f 2841/1/2895 2840/1/5230 2839/1/1131
f 2840/1/965 2842/1/965 2843/1/965
f 2844/1/702 2842/1/702 2840/1/702
f 2842/1/994 2845/1/2896 411/1/2896
f 2844/1/1349 2846/1/5231 412/1/2897
f 412/1/2897 2845/1/5232 2842/1/2897
f 2845/1/864 2839/1/864 403/1/864
f 2845/1/1443 412/1/1443 404/1/1443
f 2848/1/1132 2843/1/998 411/1/1132
f 412/1/744 2846/1/5233 2849/1/5234
f 2849/1/2899 2848/1/744 2847/1/2900
f 2848/1/714 2850/1/714 2851/1/714
f 2852/1/702 2850/1/702 2848/1/702
f 2850/1/1003 2853/1/1003 419/1/1003
f 2852/1/2901 2854/1/5235 420/1/1248
f 420/1/1248 2853/1/5236 2850/1/747
f 2853/1/864 2847/1/864 411/1/864
f 2853/1/1443 420/1/1443 412/1/1443
f 2856/1/749 2851/1/1007 419/1/749
f 2854/1/2904 2857/1/5237 2856/1/750
f 2856/1/750 2855/1/1481 420/1/2903
f 2856/1/714 2858/1/714 2859/1/714
f 2860/1/702 2858/1/702 2856/1/702
f 2858/1/1255 2861/1/2905 427/1/2905
f 2860/1/1258 2862/1/5238 428/1/753
f 428/1/753 2861/1/1486 2858/1/753
f 2861/1/864 2855/1/864 419/1/864
f 2861/1/1443 428/1/1443 420/1/1443
f 2864/1/2906 2859/1/2906 427/1/2906
f 2862/1/2909 2865/1/5239 2864/1/2908
f 2864/1/2908 2863/1/756 428/1/1136
f 2864/1/714 2866/1/714 2867/1/714
f 2868/1/702 2866/1/702 2864/1/702
f 2866/1/1019 2869/1/759 435/1/2910
f 2868/1/2912 2870/1/5240 436/1/2911
f 436/1/2911 2869/1/5241 2866/1/2911
f 2869/1/864 2863/1/864 427/1/864
f 2869/1/1443 436/1/1443 428/1/1443
f 2872/1/890 2867/1/890 435/1/890
f 2870/1/2913 2873/1/5242 2872/1/892
f 2872/1/892 2871/1/5243 436/1/1318
f 2872/1/714 2874/1/714 2875/1/714
f 2876/1/702 2874/1/702 2872/1/702
f 2874/1/1394 2877/1/1396 443/1/1394
f 2876/1/2915 2878/1/5244 444/1/895
f 444/1/895 2877/1/767 2874/1/767
f 2877/1/864 2871/1/864 435/1/864
f 2877/1/1443 444/1/1443 436/1/1443
f 2880/1/1506 2875/1/1506 443/1/1506
f 2878/1/2917 2881/1/5245 2880/1/2916
f 2880/1/2916 2879/1/5246 444/1/770
f 2882/1/714 2883/1/714 2875/1/714
f 2882/1/702 2880/1/702 2881/1/702
f 2882/1/1398 2885/1/1398 451/1/1398
f 2884/1/1355 2886/1/5247 452/1/772
f 452/1/772 2885/1/5248 2882/1/772
f 2885/1/864 2879/1/864 443/1/864
f 2885/1/1443 452/1/1443 444/1/1443
f 2888/1/2918 2883/1/4716 451/1/2918
f 2886/1/2920 2889/1/5249 2888/1/1358
f 2888/1/1358 2887/1/776 452/1/1358
f 2890/1/714 2891/1/714 2883/1/714
f 2890/1/702 2888/1/702 2889/1/702
f 2890/1/2921 2893/1/2921 459/1/2921
f 2892/1/2923 2894/1/5250 460/1/780
f 460/1/780 2893/1/2922 2890/1/2922
f 2887/1/864 451/1/864 459/1/864
f 2887/1/1443 2893/1/1443 460/1/1443
f 2896/1/1053 2891/1/1053 459/1/1143
f 2894/1/2925 2897/1/5251 2896/1/2924
f 2896/1/2924 2895/1/1524 460/1/1524
f 2898/1/714 2899/1/714 2891/1/714
f 2898/1/702 2896/1/702 2897/1/702
f 2898/1/1060 2901/1/1060 467/1/1060
f 2900/1/2926 2902/1/5252 468/1/910
f 468/1/910 2901/1/786 2898/1/786
f 2895/1/864 459/1/864 467/1/864
f 2895/1/1443 2901/1/1443 468/1/1443
f 2904/1/1268 2899/1/1268 467/1/2927
f 2902/1/1538 2905/1/5253 2904/1/789
f 2904/1/789 2903/1/5254 468/1/789
f 2906/1/714 2907/1/714 2899/1/714
f 2906/1/702 2904/1/702 2905/1/702
f 2906/1/792 2909/1/1272 475/1/792
f 2908/1/2929 2910/1/5255 476/1/2928
f 476/1/2928 2909/1/1322 2906/1/1322
f 2903/1/864 467/1/864 475/1/864
f 2903/1/1443 2909/1/1443 476/1/1443
f 2912/1/915 2907/1/915 475/1/915
f 2910/1/2930 2913/1/5256 2912/1/917
f 2912/1/917 2911/1/4794 476/1/799
f 2914/1/714 2915/1/714 2907/1/714
f 2914/1/702 2912/1/702 2913/1/702
f 2914/1/1076 2917/1/1200 483/1/1200
f 2916/1/2931 2918/1/5257 484/1/803
f 484/1/803 2917/1/5258 2914/1/804
f 2911/1/864 475/1/864 483/1/864
f 2911/1/1443 2917/1/1443 484/1/1443
f 2920/1/2932 2915/1/2932 483/1/2933
f 2918/1/2935 2921/1/4699 2920/1/2934
f 2920/1/2934 2919/1/1556 484/1/2934
f 2922/1/714 2923/1/714 2915/1/714
f 2922/1/702 2920/1/702 2921/1/702
f 2922/1/810 2925/1/810 491/1/810
f 2924/1/2936 2926/1/5259 492/1/1147
f 492/1/1147 2925/1/1147 2922/1/1147
f 2919/1/864 483/1/864 491/1/864
f 2919/1/693 2925/1/21 492/1/693
f 2927/1/2937 2928/1/812 2923/1/2937
f 2926/1/2939 2929/1/5260 2928/1/2938
f 2928/1/2938 2927/1/815 492/1/1286
f 2930/1/714 2931/1/714 2923/1/714
f 2930/1/702 2928/1/702 2929/1/702
f 2930/1/1091 2933/1/1091 499/1/1091
f 2932/1/2940 2934/1/5261 500/1/818
f 500/1/818 2933/1/819 2930/1/1364
f 2927/1/864 491/1/864 499/1/864
f 2927/1/21 2933/1/21 500/1/21
f 2935/1/1207 2936/1/1207 2931/1/1207
f 2934/1/2941 2937/1/5262 2936/1/931
f 2936/1/931 2935/1/4806 500/1/823
f 2938/1/714 2939/1/714 2931/1/714
f 2938/1/702 2936/1/702 2937/1/702
f 2938/1/824 2941/1/5263 507/1/824
f 2940/1/2942 2942/1/5264 508/1/828
f 508/1/828 2941/1/829 2938/1/829
f 2935/1/864 499/1/864 507/1/864
f 2935/1/21 2941/1/21 508/1/21
f 2943/1/1101 2944/1/1580 2939/1/1101
f 2942/1/2943 2945/1/5265 2944/1/1153
f 2944/1/1153 2943/1/831 508/1/831
f 2946/1/714 3/1/714 2939/1/714
f 2946/1/702 2944/1/702 2945/1/702
f 2946/1/938 2948/1/1210 4/1/938
f 2947/1/2944 7/1/5266 6/1/834
f 6/1/834 2948/1/835 2946/1/834
f 2943/1/864 507/1/864 4/1/864
f 2943/1/21 2948/1/693 6/1/21
f 2950/10/2945 2951/10/5267 309/1/2946
f 2949/1/2948 310/1/5268 2952/10/2949
f 2953/10/2951 2954/10/3153 2951/10/2951
f 2953/10/2952 2950/10/2952 2952/10/2952
f 2953/10/2954 2956/1/253 295/1/2955
f 2956/1/2957 2953/10/296 2955/10/2958
f 2949/1/2960 309/1/2960 295/1/2961
f 2949/1/2963 2956/1/5269 296/1/2964
f 2957/10/2965 2958/11/2965 2959/11/2965
f 2957/10/2950 2952/10/2950 2960/11/2950
f 2961/11/2966 2962/11/5270 2959/11/2967
f 2961/11/2969 2958/11/5271 2960/11/2970
f 2961/11/2972 2964/10/2972 2954/10/2972
f 2961/11/296 2963/11/296 2955/10/296
f 2957/10/2973 2951/10/2973 2954/10/2973
f 2957/10/2974 2964/10/3538 2955/10/2974
f 2965/11/2965 2966/12/2965 2967/12/2965
f 2965/11/2950 2960/11/2950 2968/12/2950
f 2969/12/2975 2970/12/2975 2967/12/2976
f 2969/12/2978 2966/12/5272 2968/12/2978
f 2969/12/2972 2972/11/2972 2962/11/2972
f 2969/12/296 2971/12/296 2963/11/296
f 2965/11/2979 2959/11/2979 2962/11/2980
f 2965/11/2981 2972/11/2981 2963/11/2981
f 2973/12/2965 2974/13/2965 2975/13/2965
f 2973/12/2950 2968/12/2950 2976/13/2950
f 2977/13/2983 2978/13/3246 2975/13/2983
f 2977/13/2985 2974/13/5273 2976/13/2986
f 2977/13/2972 2980/12/2972 2970/12/2972
f 2977/13/296 2979/13/296 2971/12/296
f 2973/12/2987 2967/12/2987 2970/12/2988
f 2973/12/2990 2980/12/5274 2971/12/2991
f 2981/13/2965 2982/14/2965 2983/14/2965
f 2981/13/2950 2976/13/2950 2984/14/2950
f 2985/14/2993 2986/14/2993 2983/14/2993
f 2985/14/2994 2982/14/2994 2984/14/2994
f 2985/14/2972 2988/13/2972 2978/13/2972
f 2985/14/296 2987/14/296 2979/13/296
f 2981/13/2995 2975/13/2995 2978/13/2996
f 2981/13/2997 2988/13/3196 2979/13/2998
f 2989/14/2965 2990/15/2965 2991/15/2965
f 2989/14/2950 2984/14/2950 2992/15/2950
f 2993/15/3000 2994/15/3420 2991/15/3001
f 2993/15/3003 2990/15/5275 2992/15/3003
f 2993/15/2972 2996/14/2972 2986/14/2972
f 2993/15/296 2995/15/296 2987/14/296
f 2989/14/3005 2983/14/3005 2986/14/3005
f 2989/14/3006 2996/14/3201 2987/14/3006
f 2998/16/2965 2999/16/2965 2991/15/2965
f 2997/15/2950 2992/15/2950 3000/16/2950
f 2998/16/3008 3001/16/3421 3002/16/3009
f 2998/16/3010 3000/16/3010 3003/16/3010
f 3001/16/2972 3004/15/2972 2994/15/2972
f 3001/16/296 3003/16/296 2995/15/296
f 2997/15/3011 2991/15/3011 2994/15/3012
f 2997/15/3014 3004/15/3014 2995/15/3014
f 3006/17/2965 3007/17/2965 2999/16/2965
f 3006/17/2950 3005/16/2950 3000/16/2950
f 3006/17/3015 3009/17/3120 3010/17/3016
f 3006/17/3017 3008/17/3017 3011/17/3017
f 3012/16/2972 3002/16/2972 3010/17/2972
f 3012/16/296 3009/17/296 3011/17/296
f 3012/16/3019 3005/16/3019 2999/16/3019
f 3012/16/3021 3003/16/3021 3000/16/3021
f 3014/18/2965 3015/18/2965 3007/17/2965
f 3014/18/2950 3013/17/2992 3008/17/2950
f 3014/18/3023 3017/18/3428 3018/18/3024
f 3014/18/3025 3016/18/3466 3019/18/3025
f 3020/17/2972 3010/17/2972 3018/18/2972
f 3020/17/296 3017/18/296 3019/18/296
f 3020/17/3027 3013/17/3027 3007/17/3027
f 3020/17/3029 3011/17/3029 3008/17/3030
f 3022/19/2965 3023/19/5276 3015/18/2965
f 3022/19/2992 3021/18/2950 3016/18/2950
f 3022/19/3032 3025/19/5277 3026/19/3033
f 3022/19/3035 3024/19/3132 3027/19/3036
f 3028/18/2972 3018/18/2972 3026/19/2972
f 3028/18/296 3025/19/296 3027/19/296
f 3028/18/3038 3021/18/5278 3015/18/3039
f 3028/18/3041 3019/18/3041 3016/18/3042
f 3030/20/2965 3031/20/2965 3023/19/2965
f 3030/20/2950 3029/19/2950 3024/19/2950
f 3030/20/3043 3033/20/5279 3034/20/3043
f 3030/20/3045 3032/20/5280 3035/20/3046
f 3036/19/2972 3026/19/2972 3034/20/2972
f 3036/19/296 3033/20/296 3035/20/296
f 3036/19/3048 3029/19/5281 3023/19/3049
f 3036/19/3051 3027/19/3051 3024/19/3052
f 3038/3/2965 219/3/2965 3031/20/2965
f 3038/3/2950 3037/20/2950 3032/20/2950
f 3038/3/3054 3039/3/5282 34/3/3054
f 3038/3/3055 220/3/5283 35/3/3056
f 3040/20/2972 3034/20/2972 34/3/2972
f 3040/20/296 3039/3/296 35/3/296
f 3040/20/3058 3037/20/5284 3031/20/3059
f 3040/20/3061 3035/20/5285 3032/20/3062
f 3042/10/3064 3043/10/5286 317/1/3065
f 3041/1/3067 318/1/5287 3044/10/3068
f 3045/10/3070 2951/10/3070 3043/10/3070
f 3045/10/2953 3042/10/3072 3044/10/3072
f 3045/10/3073 3046/1/253 309/1/3074
f 3046/1/3076 3045/10/296 2952/10/3077
f 3041/1/3079 317/1/3079 309/1/3080
f 3041/1/3082 3046/1/3082 310/1/3082
f 3047/10/3083 3048/11/3083 3049/11/3083
f 3047/10/3069 3044/10/3069 3050/11/3069
f 3051/11/3084 2959/11/3084 3049/11/2967
f 3051/11/2969 3048/11/3169 3050/11/2969
f 3051/11/3087 3052/10/3087 2951/10/3087
f 3051/11/296 2960/11/296 2952/10/296
f 3047/10/3088 3043/10/3088 2951/10/3088
f 3047/10/3090 3052/10/3538 2952/10/3090
f 3053/11/3083 3054/12/3083 3055/12/3083
f 3053/11/3069 3050/11/3069 3056/12/3069
f 3057/12/2975 2967/12/2975 3055/12/2975
f 3057/12/3092 3054/12/5288 3056/12/3093
f 3057/12/3087 3058/11/3087 2959/11/3087
f 3057/12/296 2968/12/296 2960/11/296
f 3053/11/3095 3049/11/5289 2959/11/3096
f 3053/11/2982 3058/11/3297 2960/11/2981
f 3059/12/3083 3060/13/3115 3061/13/3083
f 3059/12/3069 3056/12/3069 3062/13/3069
f 3063/13/3098 2975/13/3298 3061/13/3098
f 3063/13/3100 3060/13/3101 3062/13/3101
f 3063/13/3087 3064/12/3087 2967/12/3087
f 3063/13/296 2976/13/296 2968/12/296
f 3059/12/2988 3055/12/3302 2967/12/3102
f 3059/12/3104 3064/12/5274 2968/12/2990
f 3065/13/3083 3066/14/3083 3067/14/3083
f 3065/13/3069 3062/13/3069 3068/14/3069
f 3069/14/3106 2983/14/3249 3067/14/3106
f 3069/14/3108 3066/14/3108 3068/14/3108
f 3069/14/3087 3070/13/3087 2975/13/3087
f 3069/14/296 2984/14/296 2976/13/296
f 3065/13/3109 3061/13/3359 2975/13/2995
f 3065/13/2998 3070/13/3196 2976/13/2998
f 3071/14/3083 3072/15/3115 3073/15/3083
f 3071/14/3069 3068/14/3069 3074/15/3069
f 3075/15/3110 2991/15/3110 3073/15/3110
f 3075/15/3111 3072/15/3198 3074/15/3112
f 3075/15/3087 3076/14/3087 2983/14/3087
f 3075/15/296 2992/15/296 2984/14/296
f 3071/14/3113 3067/14/3113 2983/14/3113
f 3071/14/3114 3076/14/5290 2984/14/3006
f 3078/16/3083 3079/16/3083 3073/15/3083
f 3077/15/3069 3074/15/3069 3080/16/3069
f 3078/16/3116 3081/16/3421 2999/16/3116
f 3078/16/3117 3080/16/3117 3000/16/3010
f 3082/15/3087 2991/15/3087 2999/16/3087
f 3081/16/296 3000/16/296 2992/15/296
f 3077/15/3118 3073/15/3118 2991/15/3118
f 3077/15/3119 3082/15/3014 2992/15/3014
f 3084/17/3083 3085/17/3083 3079/16/3083
f 3084/17/3069 3083/16/3069 3080/16/3069
f 3084/17/3016 3087/17/3016 3007/17/3016
f 3084/17/3017 3086/17/3505 3008/17/3017
f 3088/16/3087 2999/16/3087 3007/17/3087
f 3088/16/296 3087/17/296 3008/17/296
f 3088/16/3121 3083/16/3318 3079/16/3121
f 3088/16/3123 3000/16/3021 3080/16/3123
f 3090/18/3083 3091/18/3083 3085/17/3083
f 3090/18/3069 3089/17/3069 3086/17/3069
f 3090/18/3125 3093/18/5291 3015/18/3023
f 3090/18/3126 3092/18/3126 3016/18/3126
f 3094/17/3087 3007/17/3087 3015/18/3087
f 3094/17/296 3093/18/296 3016/18/296
f 3094/17/3128 3089/17/5292 3085/17/3129
f 3094/17/3029 3008/17/3029 3086/17/3029
f 3096/19/3083 3097/19/3083 3091/18/3083
f 3096/19/3069 3095/18/3069 3092/18/3069
f 3096/19/3034 3099/19/3372 3023/19/3130
f 3096/19/3036 3098/19/3467 3024/19/3036
f 3100/18/3087 3015/18/3087 3023/19/3087
f 3100/18/296 3099/19/296 3024/19/296
f 3100/18/3133 3095/18/5293 3091/18/3134
f 3100/18/3041 3016/18/3041 3092/18/3136
f 3102/20/3083 3103/20/3083 3097/19/3083
f 3102/20/3069 3101/19/3069 3098/19/3069
f 3102/20/3137 3105/20/5294 3031/20/3044
f 3102/20/3045 3104/20/5295 3032/20/3138
f 3106/19/3087 3023/19/3087 3031/20/3087
f 3106/19/296 3105/20/296 3032/20/296
f 3106/19/3049 3101/19/3049 3097/19/3049
f 3106/19/3139 3024/19/5296 3098/19/3140
f 3108/3/3083 211/3/3083 3103/20/3083
f 3108/3/3069 3107/20/3069 3104/20/3069
f 3108/3/3142 3109/3/5297 219/3/3142
f 3108/3/3143 212/3/5298 220/3/3144
f 3110/20/3087 3031/20/3087 219/3/3087
f 3110/20/296 3109/3/296 220/3/296
f 3110/20/3146 3107/20/3146 3103/20/3146
f 3110/20/3147 3032/20/3147 3104/20/3148
f 3112/10/3149 3113/10/5299 325/1/3150
f 3111/1/3151 326/1/5300 3114/10/3152
f 3115/10/3153 3043/10/5301 3113/10/3153
f 3115/10/3155 3112/10/3156 3114/10/3156
f 3115/10/3158 3116/1/275 317/1/3159
f 3116/1/3161 3115/10/278 3044/10/3162
f 3111/1/3164 325/1/3164 317/1/3164
f 3111/1/3166 3116/1/3166 318/1/3166
f 3117/10/3167 3118/11/3167 3119/11/3167
f 3117/10/3069 3114/10/3069 3120/11/3069
f 3121/11/2967 3049/11/2967 3119/11/2966
f 3121/11/3168 3118/11/3169 3120/11/3169
f 3121/11/3170 3122/10/3170 3043/10/3170
f 3121/11/321 3050/11/321 3044/10/278
f 3117/10/3171 3113/10/2973 3043/10/3172
f 3117/10/3174 3122/10/5302 3044/10/3175
f 3123/11/3167 3124/12/3167 3125/12/3167
f 3123/11/3069 3120/11/3069 3126/12/3069
f 3127/12/3177 3055/12/3177 3125/12/3178
f 3127/12/3180 3124/12/3245 3126/12/3181
f 3127/12/3170 3128/11/3170 3049/11/3170
f 3127/12/321 3056/12/321 3050/11/278
f 3123/11/3095 3119/11/3296 3049/11/3095
f 3123/11/2981 3128/11/5303 3050/11/2982
f 3129/12/3167 3130/13/3167 3131/13/3167
f 3129/12/3069 3126/12/3069 3132/13/3069
f 3133/13/3184 3061/13/3098 3131/13/3184
f 3133/13/3186 3130/13/3101 3132/13/3100
f 3133/13/3170 3134/12/3170 3055/12/3170
f 3133/13/321 3062/13/321 3056/12/278
f 3129/12/3187 3125/12/3187 3055/12/3187
f 3129/12/3189 3134/12/5304 3056/12/3190
f 3135/13/3167 3136/14/3167 3137/14/3167
f 3135/13/3069 3132/13/3069 3138/14/3069
f 3139/14/3106 3067/14/3106 3137/14/3106
f 3139/14/3192 3136/14/3250 3138/14/3108
f 3139/14/3170 3140/13/3170 3061/13/3170
f 3139/14/321 3068/14/321 3062/13/278
f 3135/13/3109 3131/13/3109 3061/13/3194
f 3135/13/2998 3140/13/5305 3062/13/3196
f 3141/14/3167 3142/15/3167 3143/15/3167
f 3141/14/3069 3138/14/3069 3144/15/3069
f 3145/15/3110 3073/15/3110 3143/15/3110
f 3145/15/3003 3142/15/3112 3144/15/3198
f 3145/15/3170 3146/14/3170 3067/14/3170
f 3145/15/321 3074/15/321 3068/14/278
f 3141/14/3113 3137/14/3113 3067/14/3199
f 3141/14/3006 3146/14/3006 3068/14/3006
f 3147/15/3167 3148/16/3167 3149/16/3167
f 3147/15/3069 3144/15/3069 3150/16/3069
f 3148/16/3116 3151/16/3116 3079/16/3116
f 3148/16/3117 3150/16/3117 3080/16/3117
f 3152/15/3170 3073/15/3170 3079/16/3170
f 3151/16/321 3080/16/321 3074/15/278
f 3147/15/3118 3143/15/3118 3073/15/3118
f 3147/15/3119 3152/15/3119 3074/15/3119
f 3154/17/3167 3155/17/3167 3149/16/3167
f 3154/17/3069 3153/16/3069 3150/16/3069
f 3154/17/3202 3157/17/3202 3085/17/3202
f 3154/17/3203 3156/17/3203 3086/17/3203
f 3158/16/3170 3079/16/3306 3085/17/3170
f 3158/16/321 3157/17/278 3086/17/278
f 3158/16/3204 3153/16/3121 3149/16/3205
f 3158/16/3124 3080/16/3124 3150/16/3124
f 3160/18/3167 3161/18/3167 3155/17/3167
f 3160/18/3069 3159/17/3069 3156/17/3069
f 3160/18/3125 3163/18/5306 3091/18/3206
f 3160/18/3126 3162/18/3369 3092/18/3127
f 3164/17/3170 3085/17/3170 3091/18/3170
f 3164/17/278 3163/18/278 3092/18/278
f 3164/17/3208 3159/17/3027 3155/17/3027
f 3164/17/3209 3086/17/3209 3156/17/3209
f 3166/19/3167 3167/19/3167 3161/18/3167
f 3166/19/3069 3165/18/3069 3162/18/3069
f 3166/19/3211 3169/19/3320 3097/19/3211
f 3166/19/3037 3168/19/3467 3098/19/3212
f 3170/18/3170 3091/18/3170 3097/19/3170
f 3170/18/321 3169/19/278 3098/19/278
f 3170/18/3134 3165/18/5293 3161/18/3134
f 3170/18/3213 3092/18/3213 3162/18/3041
f 3172/20/3167 3173/20/3167 3167/19/3167
f 3172/20/3069 3171/19/3069 3168/19/3069
f 3172/20/3137 3175/20/3436 3103/20/3214
f 3172/20/3216 3174/20/3513 3104/20/3216
f 3176/19/3170 3097/19/3306 3103/20/3170
f 3176/19/321 3175/20/278 3104/20/278
f 3176/19/3217 3171/19/3049 3167/19/3049
f 3176/19/3218 3098/19/3218 3168/19/3218
f 3178/3/3167 203/3/3167 3173/20/3167
f 3178/3/3069 3177/20/3069 3174/20/3069
f 3178/3/3220 3179/3/5307 211/3/3221
f 3178/3/3223 204/3/3223 212/3/3224
f 3180/20/3170 3103/20/3170 211/3/3170
f 3180/20/321 3179/3/278 212/3/278
f 3180/20/3225 3177/20/3277 3173/20/3226
f 3180/20/3228 3104/20/3228 3174/20/3229
f 3182/10/3231 3183/10/5308 333/1/3232
f 3181/1/3233 334/1/5309 3184/10/3234
f 3185/10/3070 3113/10/3070 3183/10/3071
f 3185/10/2952 3182/10/2952 3184/10/2952
f 3185/10/3236 3186/1/253 325/1/3237
f 3186/1/3239 3185/10/296 3114/10/3240
f 3181/1/3242 333/1/3345 325/1/3080
f 3181/1/3082 3186/1/3082 326/1/3082
f 3187/10/3167 3188/11/3167 3189/11/3167
f 3187/10/2950 3184/10/2950 3190/11/2950
f 3191/11/3085 3119/11/3085 3189/11/3085
f 3191/11/2971 3188/11/2971 3190/11/2971
f 3191/11/2972 3192/10/2972 3113/10/2972
f 3191/11/296 3120/11/296 3114/10/296
f 3187/10/2973 3183/10/2973 3113/10/2973
f 3187/10/3243 3192/10/3538 3114/10/2974
f 3193/11/3167 3194/12/3167 3195/12/3167
f 3193/11/2950 3190/11/2950 3196/12/2950
f 3197/12/3177 3125/12/2975 3195/12/3177
f 3197/12/3244 3194/12/5310 3196/12/3245
f 3197/12/2972 3198/11/2972 3119/11/2972
f 3197/12/296 3126/12/296 3120/11/296
f 3193/11/3096 3189/11/3096 3119/11/2979
f 3193/11/2982 3198/11/3297 3120/11/2981
f 3199/12/3167 3200/13/3167 3201/13/3167
f 3199/12/2992 3196/12/2992 3202/13/2950
f 3203/13/3246 3131/13/3246 3201/13/3246
f 3203/13/3247 3200/13/3101 3202/13/3247
f 3203/13/2972 3204/12/2972 3125/12/2972
f 3203/13/296 3132/13/296 3126/12/296
f 3199/12/2987 3195/12/2987 3125/12/2987
f 3199/12/3104 3204/12/3189 3126/12/3105
f 3205/13/3167 3206/14/3167 3207/14/3167
f 3205/13/2950 3202/13/2950 3208/14/2950
f 3209/14/3249 3137/14/5311 3207/14/3106
f 3209/14/3250 3206/14/2994 3208/14/3250
f 3209/14/2972 3210/13/2972 3131/13/2972
f 3209/14/296 3138/14/296 3132/13/296
f 3205/13/3252 3201/13/3252 3131/13/3252
f 3205/13/3253 3210/13/3253 3132/13/3253
f 3211/14/3167 3212/15/3167 3213/15/3167
f 3211/14/2950 3208/14/2950 3214/15/2950
f 3215/15/3110 3143/15/3420 3213/15/3110
f 3215/15/3111 3212/15/3111 3214/15/3111
f 3215/15/2972 3216/14/2972 3137/14/2972
f 3215/15/296 3144/15/296 3138/14/296
f 3211/14/3254 3207/14/3113 3137/14/3255
f 3211/14/3006 3216/14/5312 3138/14/3257
f 3218/16/3167 3219/16/3167 3213/15/3167
f 3217/15/2950 3214/15/2950 3220/16/2950
f 3218/16/3116 3221/16/3116 3149/16/3116
f 3218/16/3010 3220/16/3010 3150/16/3010
f 3222/15/2972 3143/15/2972 3149/16/2972
f 3222/15/296 3221/16/296 3150/16/296
f 3217/15/3013 3213/15/3013 3143/15/3013
f 3217/15/3014 3222/15/3014 3144/15/3014
f 3224/17/3167 3225/17/3167 3219/16/3167
f 3224/17/2950 3223/16/2950 3220/16/2950
f 3224/17/3202 3227/17/5313 3155/17/3202
f 3224/17/3259 3226/17/3259 3156/17/3259
f 3228/16/2972 3149/16/2972 3155/17/2972
f 3228/16/296 3227/17/296 3156/17/296
f 3228/16/3122 3223/16/3318 3219/16/3122
f 3228/16/3021 3150/16/3021 3220/16/3021
f 3230/18/3167 3231/18/3167 3225/17/3167
f 3230/18/2950 3229/17/2950 3226/17/2950
f 3230/18/3023 3233/18/5291 3161/18/3023
f 3230/18/3262 3232/18/3466 3162/18/3126
f 3234/17/2972 3155/17/2972 3161/18/2972
f 3234/17/296 3233/18/296 3162/18/296
f 3234/17/3028 3229/17/3028 3225/17/3028
f 3234/17/3209 3156/17/4297 3226/17/3209
f 3236/19/3167 3237/19/3167 3231/18/3167
f 3236/19/2950 3235/18/2950 3232/18/2950
f 3236/19/3265 3239/19/5314 3167/19/3033
f 3236/19/3035 3238/19/3132 3168/19/3036
f 3240/18/2972 3161/18/2972 3167/19/2972
f 3240/18/296 3239/19/296 3168/19/296
f 3240/18/3135 3235/18/5315 3231/18/3133
f 3240/18/3267 3162/18/3267 3232/18/3268
f 3242/20/3167 3243/20/3167 3237/19/3167
f 3242/20/2950 3241/19/2992 3238/19/2992
f 3242/20/3137 3245/20/5316 3173/20/3270
f 3242/20/3271 3244/20/3138 3174/20/3272
f 3246/19/2972 3167/19/2972 3173/20/2972
f 3246/19/296 3245/20/296 3174/20/296
f 3246/19/3217 3241/19/3049 3237/19/3049
f 3246/19/3052 3168/19/3051 3238/19/3052
f 3248/3/3167 195/3/3167 3243/20/3167
f 3248/3/2950 3247/20/2950 3244/20/2950
f 3248/3/3054 3249/3/3222 203/3/3274
f 3248/3/3275 196/3/5283 204/3/3275
f 3250/20/2972 3173/20/2972 203/3/2972
f 3250/20/296 3249/3/296 204/3/296
f 3250/20/3277 3247/20/3277 3243/20/3277
f 3250/20/3061 3174/20/3061 3244/20/3061
f 3252/10/3278 3253/10/5317 341/1/3279
f 3251/1/3280 342/1/5318 3254/10/3281
f 3255/10/3235 3183/10/3235 3253/10/3235
f 3255/10/3072 3252/10/3072 3254/10/3072
f 3255/10/3282 3256/1/253 333/1/3283
f 3256/1/3285 3255/10/296 3184/10/3286
f 3251/1/2960 341/1/5319 333/1/2961
f 3251/1/2964 3256/1/5269 334/1/2964
f 3257/10/3083 3258/11/3083 3259/11/3083
f 3257/10/3069 3254/10/3069 3260/11/3069
f 3261/11/3084 3189/11/2967 3259/11/3289
f 3261/11/2969 3258/11/3086 3260/11/3291
f 3261/11/3170 3262/10/3170 3183/10/3170
f 3261/11/296 3190/11/296 3184/10/296
f 3257/10/3088 3253/10/3088 3183/10/3088
f 3257/10/3090 3262/10/3538 3184/10/3090
f 3263/11/3083 3264/12/3115 3265/12/3115
f 3263/11/3069 3260/11/3069 3266/12/3069
f 3267/12/3292 3195/12/4273 3265/12/3293
f 3267/12/3295 3264/12/5320 3266/12/3295
f 3267/12/3170 3268/11/3170 3189/11/3170
f 3267/12/296 3196/12/296 3190/11/296
f 3263/11/3096 3259/11/3096 3189/11/3296
f 3263/11/3297 3268/11/3297 3190/11/3297
f 3269/12/3083 3270/13/3083 3271/13/3083
f 3269/12/3069 3266/12/3069 3272/13/3069
f 3273/13/3298 3201/13/3098 3271/13/3299
f 3273/13/3186 3270/13/3354 3272/13/3301
f 3273/13/3170 3274/12/3170 3195/12/3170
f 3273/13/296 3202/13/296 3196/12/296
f 3269/12/3302 3265/12/3302 3195/12/3187
f 3269/12/3105 3274/12/3189 3196/12/3105
f 3275/13/3083 3276/14/3083 3277/14/3083
f 3275/13/3069 3272/13/3069 3278/14/3069
f 3279/14/3106 3207/14/3106 3277/14/3106
f 3279/14/3108 3276/14/3108 3278/14/3108
f 3279/14/3170 3280/13/3170 3201/13/3170
f 3279/14/296 3208/14/296 3202/13/296
f 3275/13/3303 3271/13/3359 3201/13/3304
f 3275/13/2999 3280/13/5321 3202/13/2999
f 3281/14/3083 3282/15/3083 3283/15/3083
f 3281/14/3069 3278/14/3069 3284/15/3069
f 3285/15/3110 3213/15/3110 3283/15/3110
f 3285/15/3112 3282/15/3198 3284/15/3112
f 3285/15/3306 3286/14/3170 3207/14/3170
f 3285/15/296 3214/15/296 3208/14/296
f 3281/14/3113 3277/14/3113 3207/14/3307
f 3281/14/3257 3286/14/5312 3208/14/3257
f 3288/16/3083 3289/16/3083 3283/15/3083
f 3288/16/3069 3287/15/3069 3284/15/3069
f 3288/16/3309 3291/16/3309 3219/16/3310
f 3288/16/3312 3290/16/3117 3220/16/3010
f 3292/15/3170 3213/15/3170 3219/16/3170
f 3292/15/296 3291/16/296 3220/16/296
f 3287/15/3118 3283/15/3118 3213/15/3118
f 3287/15/3314 3292/15/3014 3214/15/3014
f 3294/17/3083 3295/17/3083 3289/16/3083
f 3294/17/3069 3293/16/3069 3290/16/3069
f 3294/17/3202 3297/17/5322 3225/17/3315
f 3294/17/3316 3296/17/3316 3226/17/3317
f 3298/16/3170 3219/16/3170 3225/17/3170
f 3298/16/296 3297/17/296 3226/17/296
f 3298/16/3318 3293/16/3318 3289/16/3318
f 3298/16/3123 3220/16/4292 3290/16/3123
f 3300/18/3083 3301/18/3083 3295/17/3115
f 3300/18/3069 3299/17/3069 3296/17/3069
f 3300/18/3125 3303/18/3206 3231/18/3319
f 3300/18/3126 3302/18/3126 3232/18/3126
f 3304/17/3170 3225/17/3170 3231/18/3170
f 3304/17/296 3303/18/296 3232/18/296
f 3304/17/3028 3299/17/5323 3295/17/3028
f 3304/17/3210 3226/17/3210 3296/17/3210
f 3306/19/3083 3307/19/3083 3301/18/3083
f 3306/19/3069 3305/18/3069 3302/18/3069
f 3306/19/3320 3309/19/5324 3237/19/3321
f 3306/19/3323 3308/19/3323 3238/19/3324
f 3310/18/3306 3231/18/3306 3237/19/3170
f 3310/18/296 3309/19/296 3238/19/296
f 3310/18/3134 3305/18/5315 3301/18/3134
f 3310/18/3041 3232/18/3041 3302/18/3136
f 3312/20/3083 3313/20/3083 3307/19/3083
f 3312/20/3069 3311/19/3069 3308/19/3069
f 3312/20/3044 3315/20/3044 3243/20/3044
f 3312/20/3138 3314/20/3138 3244/20/3138
f 3316/19/3170 3237/19/3170 3243/20/3170
f 3316/19/296 3315/20/296 3244/20/296
f 3316/19/3049 3311/19/5325 3307/19/3217
f 3316/19/3218 3238/19/3515 3308/19/3327
f 3318/3/3083 187/3/3083 3313/20/3083
f 3318/3/3069 3317/20/3069 3314/20/3069
f 3318/3/3328 3319/3/3142 195/3/3142
f 3318/3/3329 188/3/3329 196/3/3329
f 3320/20/3170 3243/20/3170 195/3/3170
f 3320/20/296 3319/3/296 196/3/296
f 3320/20/3330 3317/20/5326 3313/20/3277
f 3320/20/3331 3244/20/3062 3314/20/3061
f 3322/10/3333 3323/10/5327 349/1/3334
f 3321/1/3335 350/1/5328 3324/10/3336
f 3325/10/3235 3253/10/3235 3323/10/3337
f 3325/10/2953 3322/10/5329 3324/10/2952
f 3325/10/3339 3326/1/275 341/1/3340
f 3326/1/3342 3325/10/321 3254/10/3343
f 3321/1/3081 349/1/4270 341/1/3345
f 3321/1/3347 3326/1/5330 342/1/3348
f 3327/10/3167 3328/11/3167 3329/11/3167
f 3327/10/3069 3324/10/3069 3330/11/3069
f 3331/11/3289 3259/11/5331 3329/11/3349
f 3331/11/2969 3328/11/3169 3330/11/2969
f 3331/11/3170 3332/10/3170 3253/10/3170
f 3331/11/321 3260/11/321 3254/10/321
f 3327/10/3350 3323/10/3350 3253/10/3351
f 3327/10/3352 3332/10/3487 3254/10/3353
f 3333/11/3167 3334/12/3167 3335/12/3167
f 3333/11/3069 3330/11/3069 3336/12/3069
f 3337/12/3178 3265/12/3488 3335/12/3177
f 3337/12/2978 3334/12/5332 3336/12/3180
f 3337/12/3306 3338/11/3170 3259/11/3170
f 3337/12/321 3266/12/278 3260/11/321
f 3333/11/3095 3329/11/3095 3259/11/3096
f 3333/11/2981 3338/11/3183 3260/11/2981
f 3339/12/3167 3340/13/3167 3341/13/3167
f 3339/12/3069 3336/12/3069 3342/13/3069
f 3343/13/3298 3271/13/3098 3341/13/3299
f 3343/13/3186 3340/13/3354 3342/13/3354
f 3343/13/3170 3344/12/3170 3265/12/3170
f 3343/13/321 3272/13/321 3266/12/321
f 3339/12/3355 3335/12/3102 3265/12/3302
f 3339/12/3356 3344/12/5304 3266/12/3105
f 3345/13/3167 3346/14/3167 3347/14/3167
f 3345/13/3069 3342/13/3069 3348/14/3069
f 3349/14/3106 3277/14/3106 3347/14/3106
f 3349/14/3192 3346/14/3108 3348/14/3358
f 3349/14/3170 3350/13/3170 3271/13/3170
f 3349/14/321 3278/14/321 3272/13/321
f 3345/13/3359 3341/13/3109 3271/13/3303
f 3345/13/3197 3350/13/5333 3272/13/3253
f 3351/14/3167 3352/15/3167 3353/15/3167
f 3351/14/3069 3348/14/3069 3354/15/3069
f 3355/15/3110 3283/15/3110 3353/15/3110
f 3355/15/3003 3352/15/3198 3354/15/3198
f 3355/15/3170 3356/14/3170 3277/14/3170
f 3355/15/321 3284/15/321 3278/14/321
f 3351/14/3307 3347/14/3113 3277/14/3255
f 3351/14/3362 3356/14/5334 3278/14/3363
f 3358/16/3167 3359/16/3167 3353/15/3167
f 3357/15/3069 3354/15/3069 3360/16/3069
f 3358/16/3116 3361/16/3116 3289/16/3116
f 3358/16/3117 3360/16/3117 3290/16/3117
f 3361/16/3170 3362/15/3170 3283/15/3170
f 3361/16/321 3290/16/321 3284/15/321
f 3357/15/3118 3353/15/3502 3283/15/3118
f 3357/15/3119 3362/15/3119 3284/15/3119
f 3364/17/3167 3365/17/3167 3359/16/3167
f 3364/17/3069 3363/16/3069 3360/16/3069
f 3364/17/3202 3367/17/5322 3295/17/3202
f 3364/17/3317 3366/17/3017 3296/17/3317
f 3368/16/3170 3289/16/3306 3295/17/3170
f 3368/16/321 3367/17/321 3296/17/321
f 3368/16/3205 3363/16/3204 3359/16/3205
f 3368/16/3365 3290/16/5335 3360/16/3366
f 3370/18/3167 3371/18/3167 3365/17/3167
f 3370/18/3069 3369/17/3069 3366/17/3069
f 3370/18/3368 3373/18/3428 3301/18/3368
f 3370/18/3369 3372/18/3369 3302/18/3369
f 3374/17/3306 3295/17/3306 3301/18/3170
f 3374/17/321 3373/18/321 3302/18/321
f 3374/17/3028 3369/17/3028 3365/17/3028
f 3374/17/3370 3296/17/3370 3366/17/3371
f 3376/19/3167 3377/19/3167 3371/18/3167
f 3376/19/3069 3375/18/3069 3372/18/3069
f 3376/19/3372 3379/19/5336 3307/19/3130
f 3376/19/3374 3378/19/3132 3308/19/3375
f 3380/18/3170 3301/18/3170 3307/19/3170
f 3380/18/321 3379/19/321 3308/19/321
f 3380/18/3377 3375/18/3377 3371/18/3377
f 3380/18/3378 3302/18/3378 3372/18/3379
f 3382/20/3167 3383/20/3167 3377/19/3167
f 3382/20/3069 3381/19/3069 3378/19/3069
f 3382/20/3044 3385/20/3044 3313/20/3044
f 3382/20/3381 3384/20/3138 3314/20/3381
f 3386/19/3306 3307/19/3306 3313/20/3170
f 3386/19/321 3385/20/321 3314/20/321
f 3386/19/3382 3381/19/3050 3377/19/3050
f 3386/19/3383 3308/19/3383 3378/19/3383
f 3388/3/3167 179/3/3167 3383/20/3167
f 3388/3/3069 3387/20/3069 3384/20/3069
f 3388/3/3384 3389/3/3328 187/3/3328
f 3388/3/3385 180/3/3275 188/3/3385
f 3390/20/3306 3313/20/3306 187/3/3170
f 3390/20/321 3389/3/321 188/3/321
f 3390/20/3227 3387/20/5337 3383/20/3386
f 3390/20/3228 3314/20/3471 3384/20/3387
f 3392/10/3389 3393/10/5338 357/1/3390
f 3391/1/3392 358/1/5339 3394/10/3393
f 3395/10/3394 3323/10/3394 3393/10/3395
f 3395/10/3396 3392/10/5329 3394/10/3397
f 3395/10/3399 3396/1/253 349/1/3400
f 3396/1/3402 3395/10/296 3324/10/3403
f 3391/1/3345 357/1/3345 349/1/3079
f 3391/1/3082 3396/1/3082 350/1/3082
f 3397/10/3167 3398/11/3167 3399/11/3167
f 3397/10/2950 3394/10/2950 3400/11/2950
f 3401/11/3085 3329/11/3085 3399/11/3085
f 3401/11/2971 3398/11/2971 3400/11/2971
f 3401/11/2972 3402/10/2972 3323/10/2972
f 3401/11/296 3330/11/296 3324/10/296
f 3397/10/3405 3393/10/5340 3323/10/3405
f 3397/10/3174 3402/10/3175 3324/10/3406
f 3403/11/3167 3404/12/3167 3405/12/3167
f 3403/11/2950 3400/11/2950 3406/12/2950
f 3407/12/2975 3335/12/2975 3405/12/2975
f 3407/12/2978 3404/12/5272 3406/12/2978
f 3407/12/2972 3408/11/2972 3329/11/2972
f 3407/12/296 3336/12/296 3330/11/296
f 3403/11/3407 3399/11/3096 3329/11/3408
f 3403/11/3410 3408/11/5341 3330/11/3411
f 3409/12/3167 3410/13/3167 3411/13/3167
f 3409/12/2950 3406/12/2950 3412/13/2950
f 3413/13/3299 3341/13/3299 3411/13/3299
f 3413/13/3100 3410/13/3301 3412/13/3412
f 3413/13/2972 3414/12/2972 3335/12/2972
f 3413/13/296 3342/13/296 3336/12/296
f 3409/12/3413 3405/12/3103 3335/12/3413
f 3409/12/3415 3414/12/3416 3336/12/3416
f 3415/13/3167 3416/14/3167 3417/14/3167
f 3415/13/2950 3412/13/2950 3418/14/2950
f 3419/14/3249 3347/14/5311 3417/14/3106
f 3419/14/3250 3416/14/2994 3418/14/3250
f 3419/14/2972 3420/13/2972 3341/13/2972
f 3419/14/296 3348/14/296 3342/13/296
f 3415/13/3109 3411/13/3109 3341/13/3418
f 3415/13/3419 3420/13/5342 3342/13/3419
f 3421/14/3167 3422/15/3167 3423/15/3167
f 3421/14/2950 3418/14/2950 3424/15/2950
f 3425/15/3420 3353/15/3420 3423/15/3110
f 3425/15/3111 3422/15/5343 3424/15/3111
f 3425/15/2972 3426/14/2972 3347/14/2972
f 3425/15/296 3354/15/296 3348/14/296
f 3421/14/3005 3417/14/3113 3347/14/3255
f 3421/14/3114 3426/14/5312 3348/14/3114
f 3427/15/3167 3428/16/3167 3429/16/3167
f 3427/15/2950 3424/15/2950 3430/16/2992
f 3428/16/3116 3431/16/3421 3359/16/3421
f 3428/16/3010 3430/16/3010 3360/16/3010
f 3431/16/2972 3432/15/2972 3353/15/2972
f 3431/16/296 3360/16/296 3354/15/296
f 3427/15/3118 3423/15/3118 3353/15/3013
f 3427/15/3014 3432/15/3014 3354/15/3014
f 3434/17/3167 3435/17/3167 3429/16/3167
f 3434/17/2950 3433/16/2992 3430/16/2950
f 3434/17/3422 3437/17/5344 3365/17/3423
f 3434/17/3316 3436/17/3259 3366/17/3316
f 3438/16/2972 3359/16/2972 3365/17/2972
f 3438/16/296 3437/17/296 3366/17/296
f 3438/16/3318 3433/16/5345 3429/16/3425
f 3438/16/3426 3360/16/3365 3430/16/3426
f 3440/18/3167 3441/18/3167 3435/17/3167
f 3440/18/2950 3439/17/2950 3436/17/2950
f 3440/18/3125 3443/18/3428 3371/18/3428
f 3440/18/3025 3442/18/3025 3372/18/3025
f 3444/17/2972 3365/17/2972 3371/18/2972
f 3444/17/296 3443/18/296 3372/18/296
f 3444/17/3263 3439/17/5323 3435/17/3028
f 3444/17/3209 3366/17/5346 3436/17/3209
f 3446/19/3167 3447/19/3167 3441/18/3167
f 3446/19/2950 3445/18/2992 3442/18/2992
f 3446/19/3431 3449/19/5347 3377/19/3431
f 3446/19/3432 3448/19/3432 3378/19/3432
f 3450/18/2972 3371/18/2972 3377/19/2972
f 3450/18/296 3449/19/296 3378/19/296
f 3450/18/3038 3445/18/3039 3441/18/3038
f 3450/18/3041 3372/18/3041 3442/18/3434
f 3452/20/3167 3453/20/3167 3447/19/3167
f 3452/20/2950 3451/19/2950 3448/19/2950
f 3452/20/3435 3455/20/5294 3383/20/3137
f 3452/20/3272 3454/20/3272 3384/20/3437
f 3456/19/2972 3377/19/2972 3383/20/2972
f 3456/19/296 3455/20/296 3384/20/296
f 3456/19/3438 3451/19/3049 3447/19/3438
f 3456/19/3053 3378/19/3053 3448/19/3053
f 3458/3/3167 171/3/3167 3453/20/3167
f 3458/3/2950 3457/20/2950 3454/20/2950
f 3458/3/3221 3459/3/3220 179/3/3221
f 3458/3/3441 172/3/3441 180/3/3055
f 3460/20/2972 3383/20/2972 179/3/2972
f 3460/20/296 3459/3/296 180/3/296
f 3460/20/3226 3457/20/3277 3453/20/3059
f 3460/20/3062 3384/20/3062 3454/20/3228
f 3462/10/3442 3463/10/5348 365/1/3443
f 3461/1/3444 366/1/5349 3464/10/3445
f 3465/10/3235 3393/10/3235 3463/10/3235
f 3465/10/2953 3462/10/3072 3464/10/3072
f 3465/10/3446 3466/1/253 357/1/3447
f 3466/1/3449 3465/10/296 3394/10/3450
f 3461/1/3079 365/1/3242 357/1/3081
f 3461/1/3082 3466/1/3082 358/1/3082
f 3467/10/3083 3468/11/3083 3469/11/3083
f 3467/10/3069 3464/10/3069 3470/11/3069
f 3471/11/2967 3399/11/2967 3469/11/2966
f 3471/11/3452 3468/11/3169 3470/11/3168
f 3471/11/3170 3472/10/3170 3393/10/3170
f 3471/11/296 3400/11/296 3394/10/296
f 3467/10/3453 3463/10/3088 3393/10/3454
f 3467/10/2974 3472/10/5350 3394/10/3456
f 3473/11/3083 3474/12/3083 3475/12/3083
f 3473/11/3069 3470/11/3069 3476/12/3069
f 3477/12/3293 3405/12/3294 3475/12/3457
f 3477/12/3295 3474/12/5351 3476/12/3245
f 3477/12/3170 3478/11/3306 3399/11/3170
f 3477/12/296 3406/12/296 3400/11/296
f 3473/11/3096 3469/11/3096 3399/11/3296
f 3473/11/3297 3478/11/3297 3400/11/3297
f 3479/12/3083 3480/13/3083 3481/13/3083
f 3479/12/3069 3476/12/3069 3482/13/3069
f 3483/13/3098 3411/13/3098 3481/13/3299
f 3483/13/3186 3480/13/3354 3482/13/3301
f 3483/13/3170 3484/12/3170 3405/12/3170
f 3483/13/296 3412/13/296 3406/12/296
f 3479/12/3187 3475/12/3188 3405/12/3355
f 3479/12/3105 3484/12/5274 3406/12/2990
f 3485/13/3083 3486/14/3083 3487/14/3083
f 3485/13/3069 3482/13/3069 3488/14/3069
f 3489/14/3106 3417/14/3106 3487/14/3106
f 3489/14/3108 3486/14/3250 3488/14/3108
f 3489/14/3170 3490/13/3306 3411/13/3306
f 3489/14/296 3418/14/296 3412/13/296
f 3485/13/3359 3481/13/3359 3411/13/3304
f 3485/13/2997 3490/13/5342 3412/13/2999
f 3491/14/3083 3492/15/3083 3493/15/3083
f 3491/14/3069 3488/14/3069 3494/15/3069
f 3495/15/3110 3423/15/3110 3493/15/3110
f 3495/15/3112 3492/15/3112 3494/15/3112
f 3495/15/3170 3496/14/3170 3417/14/3170
f 3495/15/296 3424/15/296 3418/14/296
f 3491/14/3005 3487/14/3005 3417/14/3005
f 3491/14/3363 3496/14/3362 3418/14/3362
f 3498/16/3083 3499/16/3083 3493/15/3083
f 3497/15/3069 3494/15/3069 3500/16/3069
f 3498/16/3116 3501/16/3116 3429/16/3116
f 3498/16/3010 3500/16/3312 3430/16/3010
f 3501/16/3170 3502/15/3170 3423/15/3170
f 3501/16/296 3430/16/296 3424/15/296
f 3497/15/3118 3493/15/3118 3423/15/3118
f 3497/15/3314 3502/15/3014 3424/15/3014
f 3504/17/3083 3505/17/3083 3499/16/3083
f 3504/17/3069 3503/16/3069 3500/16/3069
f 3504/17/3202 3507/17/5352 3435/17/3460
f 3504/17/3461 3506/17/3316 3436/17/3461
f 3508/16/3170 3429/16/3170 3435/17/3306
f 3508/16/296 3507/17/296 3436/17/296
f 3508/16/3462 3503/16/5345 3499/16/3463
f 3508/16/3426 3430/16/3365 3500/16/3021
f 3510/18/3083 3511/18/3083 3505/17/3083
f 3510/18/3069 3509/17/3069 3506/17/3069
f 3510/18/3024 3513/18/5353 3441/18/3465
f 3510/18/3262 3512/18/3126 3442/18/3466
f 3514/17/3170 3435/17/3170 3441/18/3170
f 3514/17/296 3513/18/296 3442/18/296
f 3514/17/3028 3509/17/3027 3505/17/3028
f 3514/17/3210 3436/17/3210 3506/17/3210
f 3516/19/3083 3517/19/3083 3511/18/3083
f 3516/19/3069 3515/18/3069 3512/18/3069
f 3516/19/3131 3519/19/3373 3447/19/3130
f 3516/19/3467 3518/19/3467 3448/19/3036
f 3520/18/3170 3441/18/3170 3447/19/3170
f 3520/18/296 3519/19/296 3448/19/296
f 3520/18/3133 3515/18/3038 3511/18/3038
f 3520/18/3213 3442/18/3041 3512/18/3042
f 3522/20/3083 3523/20/3083 3517/19/3083
f 3522/20/3069 3521/19/3069 3518/19/3069
f 3522/20/3470 3525/20/5354 3453/20/3436
f 3522/20/3138 3524/20/3045 3454/20/3437
f 3526/19/3170 3447/19/3170 3453/20/3170
f 3526/19/296 3525/20/296 3454/20/296
f 3526/19/3217 3521/19/5355 3517/19/3049
f 3526/19/3218 3448/19/3327 3518/19/3218
f 3528/3/3083 163/3/3083 3523/20/3083
f 3528/3/3069 3527/20/3069 3524/20/3069
f 3528/3/3220 3529/3/5307 171/3/3221
f 3528/3/3385 164/3/3518 172/3/3275
f 3530/20/3170 3453/20/3170 171/3/3170
f 3530/20/296 3529/3/296 172/3/296
f 3530/20/3226 3527/20/3059 3523/20/3059
f 3530/20/3228 3454/20/3228 3524/20/3471
f 3532/10/3472 3533/10/5356 14/1/3473
f 3531/1/3474 15/1/5357 3534/10/3475
f 3535/10/3395 3463/10/3395 3533/10/3235
f 3535/10/3072 3532/10/2953 3534/10/2953
f 3535/10/3477 3536/1/275 365/1/3478
f 3536/1/3480 3535/10/321 3464/10/3481
f 3531/1/3081 14/1/4270 365/1/3483
f 3531/1/3347 3536/1/5330 366/1/3348
f 3537/10/3167 3538/11/3167 3539/11/3167
f 3537/10/3476 3534/10/3476 3540/11/3476
f 3541/11/3484 3469/11/3484 3539/11/3485
f 3541/11/2971 3538/11/5358 3540/11/2971
f 3541/11/3170 3542/10/3306 3463/10/3170
f 3541/11/321 3470/11/321 3464/10/321
f 3537/10/3088 3533/10/3088 3463/10/3088
f 3537/10/3486 3542/10/3487 3464/10/3487
f 3543/11/3167 3544/12/3167 3545/12/3167
f 3543/11/3476 3540/11/3476 3546/12/3476
f 3547/12/3488 3475/12/3488 3545/12/3488
f 3547/12/3181 3544/12/5359 3546/12/3245
f 3547/12/3170 3548/11/3170 3469/11/3170
f 3547/12/321 3476/12/321 3470/11/321
f 3543/11/2980 3539/11/5360 3469/11/2980
f 3543/11/3489 3548/11/3183 3470/11/3489
f 3549/12/3167 3550/13/3167 3551/13/3167
f 3549/12/3476 3546/12/3476 3552/13/3476
f 3553/13/3184 3481/13/3098 3551/13/3184
f 3553/13/3186 3550/13/5361 3552/13/2985
f 3553/13/3170 3554/12/3170 3475/12/3170
f 3553/13/321 3482/13/321 3476/12/321
f 3549/12/2987 3545/12/5362 3475/12/3490
f 3549/12/3492 3554/12/5363 3476/12/3493
f 3555/13/3167 3556/14/3167 3557/14/3167
f 3555/13/3476 3552/13/3476 3558/14/3476
f 3559/14/3495 3487/14/5364 3557/14/3496
f 3559/14/3251 3556/14/5365 3558/14/3251
f 3559/14/3170 3560/13/3170 3481/13/3170
f 3559/14/321 3488/14/321 3482/13/321
f 3555/13/3109 3551/13/3359 3481/13/3195
f 3555/13/3197 3560/13/5305 3482/13/3196
f 3561/14/3167 3562/15/3167 3563/15/3167
f 3561/14/3476 3558/14/3476 3564/15/3476
f 3565/15/3110 3493/15/3110 3563/15/3110
f 3565/15/3003 3562/15/3111 3564/15/3198
f 3565/15/3170 3566/14/3170 3487/14/3170
f 3565/15/321 3494/15/321 3488/14/278
f 3561/14/3005 3557/14/3255 3487/14/3005
f 3561/14/3500 3566/14/5366 3488/14/3501
f 3567/15/3167 3568/21/3167 3569/21/3167
f 3567/15/3476 3564/15/3476 3570/21/3476
f 3568/21/3116 3571/16/3116 3499/16/3116
f 3568/21/3117 3570/21/3117 3500/16/3117
f 3572/15/3170 3493/15/3170 3499/16/3170
f 3572/15/321 3571/16/321 3500/16/321
f 3567/15/3502 3563/15/3118 3493/15/3011
f 3567/15/3119 3572/15/5367 3494/15/3504
f 3574/17/3167 3575/17/3167 3569/21/3167
f 3574/17/3476 3573/21/3476 3570/21/3476
f 3574/17/3460 3577/17/5368 3505/17/3423
f 3574/17/3017 3576/17/3317 3506/17/3505
f 3578/16/3170 3499/16/3170 3505/17/3170
f 3578/16/321 3577/17/278 3506/17/321
f 3578/16/3507 3573/21/5345 3569/21/3318
f 3578/16/3426 3500/16/3426 3570/21/3427
f 3580/18/3167 3581/18/3167 3575/17/3167
f 3580/18/3476 3579/17/3476 3576/17/3476
f 3580/18/3024 3583/18/5353 3511/18/3428
f 3580/18/3369 3582/18/3369 3512/18/3509
f 3584/17/3170 3505/17/3170 3511/18/3170
f 3584/17/321 3583/18/321 3512/18/321
f 3584/17/3028 3579/17/3028 3575/17/3028
f 3584/17/3370 3506/17/3370 3576/17/3210
f 3586/19/3167 3587/19/3167 3581/18/3167
f 3586/19/3476 3585/18/3476 3582/18/3476
f 3586/19/3131 3589/19/5369 3517/19/3130
f 3586/19/3375 3588/19/3467 3518/19/3510
f 3590/18/3170 3511/18/3170 3517/19/3170
f 3590/18/321 3589/19/278 3518/19/321
f 3590/18/3135 3585/18/3039 3581/18/3038
f 3590/18/3042 3512/18/3213 3582/18/3042
f 3592/20/3167 3593/20/3167 3587/19/3167
f 3592/20/3476 3591/19/3476 3588/19/3476
f 3592/20/3511 3595/20/5370 3523/20/3512
f 3592/20/3513 3594/20/3513 3524/20/3216
f 3596/19/3170 3517/19/3170 3523/20/3170
f 3596/19/321 3595/20/321 3524/20/321
f 3596/19/3514 3591/19/5355 3587/19/3049
f 3596/19/3218 3518/19/3218 3588/19/3053
f 3598/3/3167 154/3/3167 3593/20/3167
f 3598/3/3476 3597/20/3476 3594/20/3476
f 3598/3/3516 3599/3/5371 163/3/3517
f 3598/3/3385 155/3/3275 164/3/3518
f 3600/20/3170 3523/20/3170 163/3/3170
f 3600/20/321 3599/3/321 164/3/321
f 3600/20/3520 3597/20/4308 3593/20/3521
f 3600/20/3522 3524/20/5372 3594/20/3523
f 3602/10/3525 3603/10/5373 9/1/3526
f 3605/22/3529 3604/10/5374 3602/10/3527
f 3602/10/3527 3601/1/5375 10/1/3528
f 3606/10/3070 3533/10/3070 3603/10/3070
f 3604/10/3072 3607/10/3072 3534/10/2952
f 3534/10/2952 3606/10/2952 3602/10/2952
f 3606/10/3530 3608/1/253 14/1/3531
f 3608/1/3533 3606/10/256 3534/10/3534
f 3601/1/3242 9/1/3345 14/1/3079
f 3601/1/3347 3608/1/3082 15/1/3082
f 3609/10/3167 3610/11/3167 3611/11/3167
f 3612/11/2950 3610/11/2950 3609/10/2950
f 3614/11/3084 3539/11/3084 3611/11/3289
f 3612/11/3536 3615/11/5376 3540/11/3086
f 3540/11/3086 3614/11/5377 3610/11/3086
f 3614/11/2972 3616/10/2972 3533/10/2972
f 3614/11/3537 3540/11/3537 3534/10/256
f 3609/10/2973 3603/10/2973 3533/10/2973
f 3607/10/3539 3613/10/5378 3609/10/3486
f 3609/10/3486 3616/10/3538 3534/10/3538
f 3617/11/3167 3618/12/3167 3619/12/3167
f 3620/12/2950 3618/12/2950 3617/11/2950
f 3622/12/3177 3545/12/2975 3619/12/3177
f 3620/12/3540 3623/12/5379 3546/12/3181
f 3546/12/3181 3622/12/5380 3618/12/3181
f 3622/12/2972 3624/11/2972 3539/11/2972
f 3622/12/3537 3546/12/3537 3540/11/3537
f 3617/11/3541 3611/11/5381 3539/11/3541
f 3615/11/3544 3621/11/5382 3617/11/3543
f 3617/11/3543 3624/11/3489 3540/11/3183
f 3625/12/3167 3626/13/3167 3627/13/3167
f 3628/13/2950 3626/13/2950 3625/12/2950
f 3630/13/3298 3551/13/3299 3627/13/3098
f 3628/13/3546 3631/13/5383 3552/13/3100
f 3552/13/3100 3630/13/3247 3626/13/2986
f 3630/13/2972 3632/12/2972 3545/12/2972
f 3630/13/3537 3552/13/3537 3546/12/3537
f 3625/12/2987 3619/12/2987 3545/12/2987
f 3623/12/3547 3629/12/5384 3625/12/3105
f 3625/12/3105 3632/12/3105 3546/12/3105
f 3633/13/3167 3634/14/3167 3635/14/3167
f 3636/14/2950 3634/14/2950 3633/13/2950
f 3638/14/3496 3557/14/3495 3635/14/3496
f 3636/14/3550 3639/14/5385 3558/14/3549
f 3558/14/3549 3638/14/5386 3634/14/3250
f 3638/14/2972 3640/13/2972 3551/13/2972
f 3638/14/3537 3558/14/3537 3552/13/3537
f 3633/13/2995 3627/13/3109 3551/13/3195
f 3631/13/3551 3637/13/5387 3633/13/2999
f 3633/13/2999 3640/13/5388 3552/13/2998
f 3641/14/3167 3642/15/3167 3643/15/3167
f 3644/15/2950 3642/15/2950 3641/14/2950
f 3646/15/3110 3563/15/5389 3643/15/3110
f 3644/15/3552 3647/15/5390 3564/15/3111
f 3564/15/3111 3646/15/3111 3642/15/3111
f 3646/15/2972 3648/14/2972 3557/14/2972
f 3646/15/3537 3564/15/3537 3558/14/256
f 3641/14/3553 3635/14/3553 3557/14/3553
f 3639/14/3554 3645/14/5391 3641/14/3362
f 3641/14/3362 3648/14/3006 3558/14/3362
f 3649/15/3167 3650/21/3167 3651/21/3167
f 3650/21/2950 3649/15/2950 3653/15/2950
f 3650/21/3421 3654/21/3009 3569/21/3421
f 3652/21/3556 3655/21/5392 3570/21/3010
f 3570/21/3010 3654/21/3010 3650/21/3555
f 3656/15/2972 3563/15/2972 3569/21/2972
f 3656/15/3537 3654/21/256 3570/21/3537
f 3649/15/3011 3643/15/3013 3563/15/3557
f 3647/15/3560 3653/15/5393 3649/15/3314
f 3649/15/3314 3656/15/5394 3564/15/3559
f 3658/17/3167 3659/17/3167 3651/21/3167
f 3658/17/2950 3657/21/2950 3661/21/2950
f 3658/17/3016 3662/17/3016 3575/17/3016
f 3660/17/3561 3663/17/5395 3576/17/3017
f 3576/17/3017 3662/17/3317 3658/17/3017
f 3664/21/2972 3569/21/2972 3575/17/2972
f 3664/21/3537 3662/17/256 3576/17/256
f 3664/21/3507 3657/21/3462 3651/21/3462
f 3655/21/3562 3661/21/5396 3657/21/3365
f 3657/21/3365 3664/21/3365 3570/21/3365
f 3666/18/3167 3667/18/3167 3659/17/3167
f 3666/18/2950 3665/17/2950 3669/17/2950
f 3666/18/3023 3670/18/5291 3581/18/3206
f 3668/18/3563 3671/18/5397 3582/18/3126
f 3582/18/3126 3670/18/3126 3666/18/3262
f 3672/17/2972 3575/17/2972 3581/18/2972
f 3672/17/3537 3670/18/256 3582/18/256
f 3672/17/3263 3665/17/3028 3659/17/3028
f 3663/17/3564 3669/17/5398 3665/17/3209
f 3665/17/3209 3672/17/3210 3576/17/3209
f 3674/19/3167 3675/19/3167 3667/18/3167
f 3674/19/2950 3673/18/2950 3677/18/2950
f 3674/19/3033 3678/19/5399 3587/19/3033
f 3588/19/3467 3678/19/3037 3674/19/3467
f 3674/19/3467 3676/19/5400 3679/19/5401
f 3680/18/2972 3581/18/2972 3587/19/2972
f 3680/18/3537 3678/19/3537 3588/19/3537
f 3680/18/3135 3673/18/5315 3667/18/3133
f 3671/18/3566 3677/18/5402 3673/18/3041
f 3673/18/3041 3680/18/3136 3582/18/3136
f 3682/20/3167 3683/20/3167 3675/19/3167
f 3682/20/2950 3681/19/2950 3685/19/2950
f 3682/20/3044 3686/20/5279 3593/20/3043
f 3594/20/3046 3686/20/3047 3682/20/3045
f 3682/20/3271 3684/20/5403 3687/20/5404
f 3688/19/2972 3587/19/2972 3593/20/2972
f 3688/19/3537 3686/20/256 3594/20/256
f 3688/19/3568 3681/19/3568 3675/19/3568
f 3679/19/3571 3685/19/5405 3681/19/3569
f 3681/19/3569 3688/19/3570 3588/19/3570
f 3690/3/3167 146/3/3167 3683/20/3167
f 3690/3/2950 3689/20/2950 3692/20/2950
f 3690/3/3220 3693/3/3220 154/3/3220
f 155/3/3572 3693/3/3572 3690/3/3572
f 3690/3/3275 3691/3/5406 156/3/5407
f 3694/20/2972 3593/20/2972 154/3/2972
f 3694/20/3537 3693/3/256 155/3/256
f 3694/20/3574 3689/20/3386 3683/20/3059
f 3687/20/3061 3692/20/3524 3689/20/3228
f 3689/20/3228 3694/20/5408 3594/20/3229
f 3695/1/3576 3696/1/5409 1274/1/3577
f 3695/1/3578 1167/1/5410 1275/1/3579
f 3697/10/3581 3698/10/5411 1274/1/3582
f 3696/1/3584 1275/1/5412 3699/10/3585
f 3697/10/3587 3700/10/3587 3701/10/3587
f 3697/10/3589 3699/10/3976 3702/10/3589
f 3700/10/3590 3695/1/199 1166/1/3591
f 3695/1/3593 3700/10/153 3702/10/3594
f 3703/10/3596 3704/10/3596 3698/10/3596
f 3703/10/3597 3702/10/3597 3699/10/3597
f 3705/11/3599 3706/11/3599 3698/10/3599
f 3705/11/3586 3704/10/3586 3699/10/3586
f 3705/11/3600 3708/11/5413 3709/11/3601
f 3705/11/3603 3707/11/3880 3710/11/3604
f 3703/10/3606 3701/10/3606 3709/11/3606
f 3703/10/153 3708/11/153 3710/11/153
f 3711/11/3608 3712/11/3609 3706/11/3609
f 3711/11/3610 3710/11/3881 3707/11/3610
f 3713/12/3599 3714/12/3599 3706/11/3599
f 3713/12/3586 3712/11/3586 3707/11/3586
f 3713/12/3612 3716/12/5414 3717/12/3613
f 3713/12/3614 3715/12/3614 3718/12/3614
f 3711/11/3606 3709/11/3606 3717/12/3606
f 3711/11/153 3716/12/153 3718/12/153
f 3719/12/3616 3720/12/5415 3714/12/3617
f 3719/12/3618 3718/12/3618 3715/12/3619
f 3721/13/3599 3722/13/3599 3714/12/3599
f 3721/13/3586 3720/12/3586 3715/12/3586
f 3721/13/3621 3724/13/5416 3725/13/3621
f 3721/13/3623 3723/13/3623 3726/13/3624
f 3719/12/3626 3717/12/3627 3725/13/3606
f 3719/12/3607 3724/13/153 3726/13/153
f 3727/13/3628 3728/13/3629 3722/13/3629
f 3727/13/3630 3726/13/3733 3723/13/3631
f 3729/14/3599 3730/14/3599 3722/13/3599
f 3729/14/3586 3728/13/3586 3723/13/3586
f 3729/14/3633 3732/14/3633 3733/14/3633
f 3729/14/3634 3731/14/3634 3734/14/3634
f 3727/13/3606 3725/13/3606 3733/14/3606
f 3727/13/153 3732/14/3607 3734/14/153
f 3735/14/3635 3736/14/3635 3730/14/3635
f 3735/14/3636 3734/14/3636 3731/14/3637
f 3737/15/3599 3738/15/3599 3730/14/3599
f 3737/15/3586 3736/14/3586 3731/14/3586
f 3737/15/3638 3740/15/5417 3741/15/3639
f 3737/15/3641 3739/15/3896 3742/15/3641
f 3735/14/3606 3733/14/3606 3741/15/3606
f 3735/14/153 3740/15/3607 3742/15/153
f 3743/15/3643 3744/15/3748 3738/15/3644
f 3743/15/3645 3742/15/3645 3739/15/3645
f 3745/21/3599 3746/21/3599 3738/15/3599
f 3745/21/3586 3744/15/3586 3739/15/3586
f 3748/21/3646 3749/21/3646 3746/21/3647
f 3748/21/3649 3745/21/3649 3747/21/3649
f 3743/15/3606 3741/15/3606 3749/21/3606
f 3748/21/153 3750/21/153 3742/15/153
f 3752/21/3650 3746/21/3651 3749/21/3651
f 3752/21/3652 3751/21/4139 3750/21/3652
f 3752/21/3599 3753/17/3599 3754/17/3599
f 3752/21/3586 3747/21/3586 3755/17/3586
f 3756/17/3653 3757/17/3653 3754/17/3654
f 3756/17/3656 3753/17/5418 3755/17/3656
f 3756/17/3606 3751/21/3606 3749/21/3606
f 3756/17/153 3758/17/153 3750/21/153
f 3760/17/3657 3754/17/3755 3757/17/3657
f 3760/17/3658 3759/17/5419 3758/17/3659
f 3760/17/3599 3761/18/3599 3762/18/3599
f 3760/17/3586 3755/17/3586 3763/18/3586
f 3764/18/3660 3765/18/3660 3762/18/3661
f 3764/18/3663 3761/18/5420 3763/18/3663
f 3764/18/3606 3759/17/3606 3757/17/3606
f 3764/18/153 3766/18/153 3758/17/153
f 3768/18/3665 3762/18/3904 3765/18/3666
f 3768/18/3668 3767/18/3669 3766/18/3669
f 3768/18/3599 3769/19/3599 3770/19/3599
f 3768/18/3586 3763/18/3586 3771/19/3586
f 3772/19/3670 3773/19/3670 3770/19/3670
f 3772/19/3672 3769/19/5421 3771/19/3673
f 3772/19/3606 3767/18/3606 3765/18/3606
f 3772/19/3607 3774/19/3607 3766/18/153
f 3776/19/3676 3770/19/3771 3773/19/3677
f 3776/19/3679 3775/19/3961 3774/19/3679
f 3776/19/3599 3777/20/3599 3778/20/3599
f 3776/19/3586 3771/19/3586 3779/20/3586
f 3780/20/3680 3781/20/4028 3778/20/3680
f 3780/20/3682 3777/20/5422 3779/20/3683
f 3780/20/3606 3775/19/3606 3773/19/3606
f 3780/20/153 3782/20/153 3774/19/153
f 3784/20/3685 3778/20/5423 3781/20/3686
f 3784/20/3688 3783/20/5424 3782/20/3689
f 3784/20/3599 3785/3/3599 45/3/3599
f 3784/20/3586 3779/20/3586 50/3/3586
f 3786/3/3691 133/3/3691 45/3/3691
f 3786/3/3693 3785/3/5425 50/3/3694
f 3786/3/3606 3783/20/3606 3781/20/3606
f 3786/3/153 134/3/153 3782/20/153
f 3787/1/3696 3788/1/3696 1166/1/3696
f 3787/1/3698 1059/1/3698 1167/1/3698
f 3789/10/3699 3701/10/5426 1166/1/3700
f 3788/1/3702 1167/1/5427 3702/10/3703
f 3789/10/3705 3790/10/4210 3791/10/3705
f 3789/10/3706 3702/10/3706 3792/10/3706
f 3790/10/3707 3787/1/81 1058/1/3708
f 3787/1/3710 3790/10/3730 3792/10/3711
f 3793/10/3596 3794/10/3596 3701/10/3596
f 3793/10/3597 3792/10/3879 3702/10/3597
f 3795/11/3599 3709/11/3599 3701/10/3599
f 3795/11/3704 3794/10/3714 3702/10/3714
f 3795/11/3601 3796/11/3931 3797/11/3600
f 3795/11/3604 3710/11/3604 3798/11/3604
f 3793/10/3627 3791/10/3627 3797/11/3627
f 3793/10/225 3796/11/225 3798/11/225
f 3799/11/3717 3800/11/3609 3709/11/3717
f 3799/11/3719 3798/11/3719 3710/11/3720
f 3801/12/3599 3717/12/3599 3709/11/3599
f 3801/12/3714 3800/11/3704 3710/11/3704
f 3801/12/3612 3802/12/5428 3803/12/3612
f 3801/12/3721 3718/12/3721 3804/12/3721
f 3799/11/3627 3797/11/3627 3803/12/3627
f 3799/11/225 3802/12/225 3804/12/225
f 3805/12/3723 3806/12/3819 3717/12/3617
f 3805/12/3618 3804/12/3618 3718/12/3619
f 3807/13/3599 3725/13/3599 3717/12/3599
f 3807/13/3704 3806/12/3714 3718/12/3714
f 3807/13/3725 3808/13/5429 3809/13/3726
f 3807/13/3624 3726/13/3623 3810/13/3728
f 3805/12/3627 3803/12/3627 3809/13/3627
f 3805/12/225 3808/13/225 3810/13/225
f 3811/13/3628 3812/13/3629 3725/13/3731
f 3811/13/3733 3810/13/3942 3726/13/3631
f 3813/14/3599 3733/14/3599 3725/13/3599
f 3813/14/3714 3812/13/3704 3726/13/3704
f 3813/14/3734 3814/14/5430 3815/14/3735
f 3813/14/3737 3734/14/4179 3816/14/3738
f 3811/13/3627 3809/13/3627 3815/14/3627
f 3811/13/225 3814/14/225 3816/14/225
f 3817/14/3740 3818/14/3946 3733/14/3741
f 3817/14/3742 3816/14/3742 3734/14/3743
f 3819/15/3599 3741/15/3599 3733/14/3599
f 3819/15/3714 3818/14/3704 3734/14/3704
f 3819/15/3640 3820/15/5431 3821/15/3745
f 3819/15/3746 3742/15/3896 3822/15/3641
f 3817/14/3627 3815/14/3627 3821/15/3627
f 3817/14/3730 3820/15/225 3822/15/225
f 3823/15/3748 3824/15/3644 3741/15/3644
f 3823/15/3645 3822/15/3645 3742/15/3645
f 3825/21/3599 3749/21/3599 3741/15/3599
f 3824/15/3714 3742/15/3714 3750/21/3704
f 3826/21/3648 3827/21/3648 3749/21/3648
f 3826/21/3649 3825/21/3649 3750/21/3649
f 3823/15/3627 3821/15/3627 3827/21/3627
f 3826/21/225 3828/21/225 3822/15/225
f 3830/21/3749 3749/21/3749 3827/21/3749
f 3830/21/3751 3829/21/4139 3828/21/3751
f 3830/21/3599 3831/17/3599 3757/17/3599
f 3830/21/3714 3750/21/3714 3758/17/3704
f 3832/17/3752 3833/17/5432 3757/17/3655
f 3832/17/3753 3831/17/5418 3758/17/3753
f 3832/17/3627 3829/21/3627 3827/21/3627
f 3832/17/225 3834/17/225 3828/21/225
f 3836/17/3755 3757/17/3755 3833/17/3755
f 3836/17/3658 3835/17/3658 3834/17/3658
f 3836/17/3599 3837/18/3599 3765/18/3599
f 3836/17/3714 3758/17/3714 3766/18/3704
f 3838/18/3660 3839/18/3660 3765/18/3757
f 3838/18/3664 3837/18/5433 3766/18/3759
f 3838/18/3627 3835/17/3627 3833/17/3627
f 3838/18/225 3840/18/3730 3834/17/225
f 3842/18/3760 3765/18/3665 3839/18/3761
f 3842/18/3763 3841/18/5434 3840/18/3764
f 3842/18/3599 3843/19/3599 3773/19/3599
f 3842/18/3704 3766/18/3704 3774/19/3714
f 3844/19/3766 3845/19/4192 3773/19/3767
f 3844/19/3769 3843/19/5435 3774/19/3770
f 3844/19/3627 3841/18/3627 3839/18/3627
f 3844/19/3730 3846/19/3730 3840/18/225
f 3848/19/3771 3773/19/3771 3845/19/3771
f 3848/19/3772 3847/19/5436 3846/19/3772
f 3848/19/3599 3849/20/3599 3781/20/3599
f 3848/19/3714 3774/19/3714 3782/20/3714
f 3850/20/3773 3851/20/4146 3781/20/3773
f 3850/20/3775 3849/20/3859 3782/20/3776
f 3850/20/3627 3847/19/3627 3845/19/3627
f 3850/20/225 3852/20/225 3846/19/3730
f 3854/20/3777 3781/20/5437 3851/20/3686
f 3854/20/3689 3853/20/5438 3852/20/3778
f 3854/20/3599 3855/3/3599 133/3/3599
f 3854/20/3714 3782/20/3714 134/3/3704
f 3856/3/3780 125/3/3780 133/3/3780
f 3856/3/3781 3855/3/5439 134/3/3782
f 3856/3/3627 3853/20/3627 3851/20/3627
f 3856/3/3730 126/3/3730 3852/20/225
f 3857/1/3783 3858/1/5440 1058/1/3784
f 3857/1/3786 951/1/3698 1059/1/3787
f 3859/10/3789 3791/10/5441 1058/1/3790
f 3858/1/3792 1059/1/5442 3792/10/3793
f 3859/10/3588 3860/10/5443 3861/10/3588
f 3859/10/3795 3792/10/3795 3862/10/3796
f 3860/10/3798 3857/1/81 950/1/3799
f 3857/1/3801 3860/10/84 3862/10/3802
f 3863/10/3804 3864/10/4091 3791/10/3805
f 3863/10/3807 3862/10/3879 3792/10/3807
f 3865/11/3809 3797/11/3809 3791/10/3809
f 3865/11/3704 3864/10/3704 3792/10/3704
f 3865/11/3601 3866/11/3931 3867/11/3600
f 3865/11/3603 3798/11/3603 3868/11/3810
f 3863/10/3627 3861/10/3627 3867/11/3627
f 3863/10/84 3866/11/84 3868/11/84
f 3869/11/3812 3870/11/5444 3797/11/3812
f 3869/11/3610 3868/11/3611 3798/11/3720
f 3871/12/3809 3803/12/3809 3797/11/3809
f 3871/12/3714 3870/11/3704 3798/11/3704
f 3871/12/3815 3872/12/5445 3873/12/3816
f 3871/12/3817 3804/12/3721 3874/12/3817
f 3869/11/3627 3867/11/3627 3873/12/3627
f 3869/11/84 3872/12/84 3874/12/84
f 3875/12/3723 3876/12/5446 3803/12/3819
f 3875/12/3820 3874/12/3886 3804/12/3618
f 3877/13/3809 3809/13/3809 3803/12/3809
f 3877/13/3704 3876/12/3704 3804/12/3704
f 3877/13/3821 3878/13/5447 3879/13/3821
f 3877/13/3822 3810/13/4062 3880/13/3822
f 3875/12/3627 3873/12/3627 3879/13/3627
f 3875/12/84 3878/13/84 3880/13/84
f 3881/13/3732 3882/13/3731 3809/13/3823
f 3881/13/3631 3880/13/3631 3810/13/3631
f 3883/14/3809 3815/14/3809 3809/13/3809
f 3883/14/3714 3882/13/3704 3810/13/3704
f 3883/14/3824 3884/14/3824 3885/14/3824
f 3883/14/3826 3816/14/3826 3886/14/3827
f 3881/13/3627 3879/13/3627 3885/14/3627
f 3881/13/84 3884/14/84 3886/14/84
f 3887/14/3741 3888/14/3741 3815/14/3741
f 3887/14/3829 3886/14/3829 3816/14/3829
f 3889/15/3809 3821/15/3809 3815/14/3809
f 3889/15/3704 3888/14/3704 3816/14/3704
f 3889/15/3830 3890/15/5431 3891/15/3640
f 3889/15/3832 3822/15/3896 3892/15/3833
f 3887/14/3627 3885/14/3627 3891/15/3627
f 3887/14/84 3890/15/84 3892/15/84
f 3893/15/3835 3894/15/3835 3821/15/3835
f 3893/15/3645 3892/15/4008 3822/15/3645
f 3895/21/3809 3827/21/3809 3821/15/3809
f 3894/15/3704 3822/15/3704 3828/21/3704
f 3896/21/3836 3897/21/3836 3827/21/3836
f 3896/21/3649 3895/21/3649 3828/21/3649
f 3893/15/3627 3891/15/3627 3897/21/3627
f 3893/15/84 3896/21/84 3898/21/84
f 3900/21/3838 3827/21/3838 3897/21/3839
f 3900/21/3840 3899/21/5448 3898/21/3840
f 3900/21/3809 3901/17/3809 3833/17/3809
f 3900/21/3704 3828/21/3714 3834/17/3704
f 3902/17/3842 3903/17/3842 3833/17/3843
f 3902/17/3845 3901/17/5449 3834/17/3754
f 3902/17/3627 3899/21/3627 3897/21/3627
f 3902/17/84 3904/17/84 3898/21/84
f 3906/17/3755 3833/17/3755 3903/17/3755
f 3906/17/3846 3905/17/3846 3904/17/3846
f 3906/17/3809 3907/18/3809 3839/18/3809
f 3906/17/3704 3834/17/3704 3840/18/3704
f 3908/18/3847 3909/18/3847 3839/18/3757
f 3908/18/3759 3907/18/5450 3840/18/3759
f 3908/18/3627 3905/17/3627 3903/17/3627
f 3908/18/84 3910/18/84 3904/17/84
f 3912/18/3849 3839/18/3849 3909/18/3849
f 3912/18/3851 3911/18/3851 3910/18/3851
f 3912/18/3809 3913/19/3989 3845/19/3809
f 3912/18/3704 3840/18/3704 3846/19/3704
f 3914/19/3766 3915/19/3766 3845/19/3766
f 3914/19/3853 3913/19/3853 3846/19/3853
f 3914/19/3627 3911/18/3627 3909/18/3627
f 3914/19/84 3916/19/84 3910/18/84
f 3918/19/3854 3845/19/3854 3915/19/3771
f 3918/19/3679 3917/19/5451 3916/19/3855
f 3918/19/3809 3919/20/3989 3851/20/3809
f 3918/19/3704 3846/19/3704 3852/20/3704
f 3920/20/3856 3921/20/4028 3851/20/3857
f 3920/20/3859 3919/20/5452 3852/20/3776
f 3920/20/3627 3917/19/3627 3915/19/3627
f 3920/20/84 3922/20/84 3916/19/84
f 3924/20/3777 3851/20/3777 3921/20/3686
f 3924/20/3861 3923/20/5453 3922/20/3862
f 3924/20/3809 3925/3/3809 125/3/3809
f 3924/20/3704 3852/20/3704 126/3/3704
f 3926/3/3863 117/3/3917 125/3/3864
f 3926/3/3866 3925/3/5425 126/3/3867
f 3926/3/3627 3923/20/3627 3921/20/3627
f 3926/3/84 118/3/84 3922/20/84
f 3927/1/3784 3928/1/5454 950/1/3696
f 3927/1/3698 843/1/3698 951/1/3698
f 3929/10/3869 3861/10/5455 950/1/3870
f 3928/1/3871 951/1/5456 3862/10/3872
f 3929/10/3588 3930/10/3587 3931/10/3588
f 3929/10/3589 3862/10/3589 3932/10/3589
f 3930/10/3873 3927/1/104 842/1/3874
f 3927/1/3876 3930/10/153 3932/10/3877
f 3933/10/3596 3934/10/3596 3861/10/3596
f 3933/10/3879 3932/10/3879 3862/10/3879
f 3935/11/3599 3867/11/3599 3861/10/3599
f 3935/11/3586 3934/10/3586 3862/10/3586
f 3935/11/3602 3936/11/3602 3937/11/3602
f 3935/11/3880 3868/11/3880 3938/11/3880
f 3933/10/3606 3931/10/3606 3937/11/3606
f 3933/10/153 3936/11/153 3938/11/153
f 3939/11/3608 3940/11/3609 3867/11/3609
f 3939/11/3881 3938/11/3881 3868/11/3610
f 3941/12/3599 3873/12/3599 3867/11/3599
f 3941/12/3586 3940/11/3586 3868/11/3586
f 3941/12/3882 3942/12/5457 3943/12/3883
f 3941/12/3721 3874/12/3614 3944/12/3818
f 3939/11/3606 3937/11/3606 3943/12/3606
f 3939/11/3607 3942/12/153 3944/12/153
f 3945/12/3885 3946/12/5458 3873/12/3616
f 3945/12/3820 3944/12/3618 3874/12/3886
f 3947/13/3599 3879/13/3599 3873/12/3599
f 3947/13/3586 3946/12/3586 3874/12/3586
f 3947/13/3622 3948/13/3622 3949/13/3622
f 3947/13/3888 3880/13/3996 3950/13/3888
f 3945/12/3606 3943/12/3675 3949/13/3606
f 3945/12/3607 3948/13/153 3950/13/153
f 3951/13/3889 3952/13/3890 3879/13/3890
f 3951/13/3891 3950/13/3891 3880/13/3891
f 3953/14/3599 3885/14/3599 3879/13/3599
f 3953/14/3586 3952/13/3586 3880/13/3586
f 3953/14/3892 3954/14/3633 3955/14/3893
f 3953/14/3828 3886/14/4179 3956/14/3828
f 3951/13/3606 3949/13/3606 3955/14/3606
f 3951/13/153 3954/14/153 3956/14/153
f 3957/14/3740 3958/14/5459 3885/14/3740
f 3957/14/3637 3956/14/5460 3886/14/3894
f 3959/15/3599 3891/15/3599 3885/14/3599
f 3959/15/3586 3958/14/3586 3886/14/3586
f 3959/15/3640 3960/15/3640 3961/15/3640
f 3959/15/3896 3892/15/3896 3962/15/3896
f 3957/14/3606 3955/14/3675 3961/15/3606
f 3957/14/3607 3960/15/153 3962/15/153
f 3963/15/3643 3964/15/3748 3891/15/3644
f 3963/15/3645 3962/15/3645 3892/15/3645
f 3964/15/3599 3965/21/3599 3897/21/3599
f 3964/15/3586 3892/15/3586 3898/21/3586
f 3966/21/3646 3967/21/3646 3897/21/3647
f 3966/21/3649 3965/21/3649 3898/21/3649
f 3963/15/3606 3961/15/3675 3967/21/3606
f 3966/21/153 3968/21/3607 3962/15/153
f 3970/21/3650 3897/21/3650 3967/21/3650
f 3970/21/3652 3969/21/4139 3968/21/3652
f 3970/21/3599 3971/17/3599 3903/17/3599
f 3970/21/3586 3898/21/3586 3904/17/3586
f 3972/17/3842 3973/17/4069 3903/17/3842
f 3972/17/3754 3971/17/5461 3904/17/3754
f 3972/17/3606 3969/21/3606 3967/21/3606
f 3972/17/3607 3974/17/3607 3968/21/153
f 3976/17/3899 3903/17/3899 3973/17/3899
f 3976/17/3901 3975/17/5462 3974/17/3902
f 3976/17/3599 3977/18/3599 3909/18/3599
f 3976/17/3586 3904/17/3586 3910/18/3586
f 3978/18/3660 3979/18/3660 3909/18/3758
f 3978/18/3903 3977/18/5450 3910/18/3759
f 3978/18/3606 3975/17/3606 3973/17/3606
f 3978/18/153 3980/18/153 3974/17/153
f 3982/18/3904 3909/18/3904 3979/18/3905
f 3982/18/3765 3981/18/5463 3980/18/3764
f 3982/18/3599 3983/19/3599 3915/19/3599
f 3982/18/3586 3910/18/3586 3916/19/3586
f 3984/19/3907 3985/19/5464 3915/19/3908
f 3984/19/3770 3983/19/5465 3916/19/3769
f 3984/19/3675 3981/18/3606 3979/18/3606
f 3984/19/3607 3986/19/3607 3980/18/153
f 3988/19/3910 3915/19/4026 3985/19/3771
f 3988/19/3772 3987/19/3961 3986/19/3772
f 3988/19/3599 3989/20/3599 3921/20/3599
f 3988/19/3586 3916/19/3586 3922/20/3586
f 3990/20/3773 3991/20/3774 3921/20/3773
f 3990/20/3913 3989/20/5452 3922/20/3775
f 3990/20/3606 3987/19/3606 3985/19/3606
f 3990/20/153 3992/20/153 3986/19/153
f 3994/20/3914 3921/20/3686 3991/20/3685
f 3994/20/3688 3993/20/3688 3992/20/3688
f 3994/20/3599 3995/3/3599 117/3/3599
f 3994/20/3586 3922/20/3586 118/3/3586
f 3996/3/3915 109/3/3915 117/3/3916
f 3996/3/3867 3995/3/3866 118/3/3867
f 3996/3/3606 3993/20/3606 3991/20/3606
f 3996/3/153 110/3/3607 3992/20/153
f 3997/1/3783 3998/1/5466 842/1/3918
f 3997/1/3579 735/1/5410 843/1/3579
f 3999/10/3919 3931/10/5467 842/1/3920
f 3998/1/3922 843/1/5468 3932/10/3923
f 3999/10/3705 4000/10/4210 4001/10/3705
f 3999/10/3589 3932/10/3589 4002/10/3589
f 4000/10/3924 3997/1/81 734/1/3925
f 3997/1/3927 4000/10/138 4002/10/3928
f 4003/10/3596 4004/10/3596 3931/10/3596
f 4003/10/3930 4002/10/3930 3932/10/3930
f 4005/11/3599 3937/11/3599 3931/10/3599
f 4005/11/3704 4004/10/3714 3932/10/3714
f 4005/11/3600 4006/11/5469 4007/11/3715
f 4005/11/3932 3938/11/3603 4008/11/3933
f 4003/10/3627 4001/10/3627 4007/11/3627
f 4003/10/138 4006/11/138 4008/11/138
f 4009/11/3935 4010/11/3609 3937/11/3608
f 4009/11/3611 4008/11/3611 3938/11/3611
f 4011/12/3599 3943/12/3599 3937/11/3599
f 4011/12/3704 4010/11/3714 3938/11/3704
f 4011/12/3612 4012/12/5445 4013/12/3815
f 4011/12/3817 3944/12/3614 4014/12/3817
f 4009/11/3627 4007/11/3627 4013/12/3627
f 4009/11/138 4012/12/138 4014/12/138
f 4015/12/3616 4016/12/5470 3943/12/3616
f 4015/12/3886 4014/12/3886 3944/12/3886
f 4017/13/3599 3949/13/3599 3943/12/3599
f 4017/13/3714 4016/12/3704 3944/12/3704
f 4017/13/3937 4018/13/3621 4019/13/3938
f 4017/13/3939 3950/13/3939 4020/13/3940
f 4015/12/3627 4013/12/3627 4019/13/3627
f 4015/12/138 4018/13/138 4020/13/138
f 4021/13/3732 4022/13/3941 3949/13/3941
f 4021/13/3733 4020/13/3630 3950/13/3942
f 4023/14/3599 3955/14/3599 3949/13/3599
f 4023/14/3704 4022/13/3704 3950/13/3704
f 4023/14/3893 4024/14/5471 4025/14/3944
f 4023/14/3945 3956/14/3945 4026/14/3945
f 4021/13/3627 4019/13/3627 4025/14/3627
f 4021/13/138 4024/14/138 4026/14/138
f 4027/14/3635 4028/14/5472 3955/14/3740
f 4027/14/3742 4026/14/3742 3956/14/3894
f 4029/15/3599 3961/15/3599 3955/14/3599
f 4029/15/3704 4028/14/3704 3956/14/3704
f 4029/15/3830 4030/15/3831 4031/15/3831
f 4029/15/3896 3962/15/3896 4032/15/3896
f 4027/14/3627 4025/14/3627 4031/15/3627
f 4027/14/138 4030/15/138 4032/15/138
f 4033/15/3748 4034/15/3644 3961/15/3748
f 4033/15/3645 4032/15/4237 3962/15/3645
f 4034/15/3599 4035/21/3599 3967/21/3599
f 4034/15/3704 3962/15/3704 3968/21/3704
f 4036/21/3648 4037/21/3836 3967/21/3648
f 4036/21/3649 4035/21/3649 3968/21/3649
f 4036/21/3627 4033/15/3627 4031/15/3627
f 4036/21/138 4038/21/138 4032/15/138
f 4040/21/3947 3967/21/3947 4037/21/3948
f 4040/21/3751 4039/21/5473 4038/21/3652
f 4040/21/3599 4041/17/3599 3973/17/3599
f 4040/21/3704 3968/21/3704 3974/17/3704
f 4042/17/3842 4043/17/3842 3973/17/3842
f 4042/17/3845 4041/17/5449 3974/17/3754
f 4042/17/3627 4039/21/3627 4037/21/3627
f 4042/17/138 4044/17/138 4038/21/138
f 4046/17/3951 3973/17/3951 4043/17/3755
f 4046/17/3846 4045/17/3902 4044/17/3846
f 4046/17/3599 4047/18/3599 3979/18/3599
f 4046/17/3704 3974/17/3704 3980/18/3714
f 4048/18/3952 4049/18/3952 3979/18/3952
f 4048/18/3953 4047/18/5474 3980/18/3954
f 4048/18/3627 4045/17/3627 4043/17/3627
f 4048/18/138 4050/18/138 4044/17/138
f 4052/18/3904 3979/18/3904 4049/18/3904
f 4052/18/3955 4051/18/3955 4050/18/3955
f 4052/18/3599 4053/19/3599 3985/19/3599
f 4052/18/3714 3980/18/3714 3986/19/3704
f 4054/19/3852 4055/19/3766 3985/19/3956
f 4054/19/3958 4053/19/5475 3986/19/3959
f 4054/19/3627 4051/18/3627 4049/18/3627
f 4054/19/138 4056/19/138 4050/18/138
f 4058/19/3676 3985/19/3677 4055/19/3771
f 4058/19/3855 4057/19/5476 4056/19/3772
f 4058/19/3599 4059/20/3599 3991/20/3599
f 4058/19/3704 3986/19/3714 3992/20/3704
f 4060/20/3962 4061/20/3773 3991/20/3963
f 4060/20/3682 4059/20/3682 3992/20/3682
f 4060/20/3627 4057/19/3627 4055/19/3627
f 4060/20/138 4062/20/138 4056/19/138
f 4064/20/3964 3991/20/5477 4061/20/3860
f 4064/20/3689 4063/20/5478 4062/20/3688
f 4064/20/3599 4065/3/3599 109/3/3599
f 4064/20/3704 3992/20/3704 110/3/3704
f 4066/3/3967 101/3/3967 109/3/3967
f 4066/3/3968 4065/3/3781 110/3/3968
f 4066/3/3627 4063/20/3627 4061/20/3627
f 4066/3/138 102/3/138 4062/20/138
f 4067/1/3783 4068/1/5440 734/1/3784
f 4067/1/3786 627/1/3698 735/1/3787
f 4069/10/3969 4001/10/5479 734/1/3970
f 4068/1/3971 735/1/5480 4002/10/3972
f 4069/10/3974 4070/10/3975 4071/10/3975
f 4069/10/3976 4002/10/5481 4072/10/3589
f 4070/10/3977 4067/1/81 626/1/3978
f 4067/1/3980 4070/10/84 4072/10/3981
f 4073/10/3805 4074/10/4125 4001/10/3983
f 4073/10/3984 4072/10/3984 4002/10/3985
f 4075/11/3809 4007/11/3989 4001/10/3809
f 4075/11/3973 4074/10/3973 4002/10/3973
f 4075/11/3987 4076/11/3931 4077/11/3715
f 4075/11/3603 4008/11/3932 4078/11/3603
f 4073/10/3627 4071/10/3627 4077/11/3627
f 4073/10/84 4076/11/84 4078/11/84
f 4079/11/3812 4080/11/3813 4007/11/3717
f 4079/11/3610 4078/11/3881 4008/11/3610
f 4081/12/3989 4013/12/3989 4007/11/3809
f 4081/12/3973 4080/11/3973 4008/11/3973
f 4081/12/3816 4082/12/5428 4083/12/3815
f 4081/12/3614 4014/12/3817 4084/12/3991
f 4079/11/3627 4077/11/3627 4083/12/3627
f 4079/11/84 4082/12/84 4084/12/84
f 4085/12/3993 4086/12/4096 4013/12/3723
f 4085/12/3994 4084/12/5482 4014/12/3886
f 4087/13/3809 4019/13/3809 4013/12/3809
f 4087/13/3973 4086/12/3973 4014/12/3973
f 4087/13/3725 4088/13/5483 4089/13/3727
f 4087/13/3996 4020/13/3996 4090/13/3997
f 4085/12/3627 4083/12/3627 4089/13/3627
f 4085/12/84 4088/13/84 4090/13/84
f 4091/13/3998 4092/13/5484 4019/13/3999
f 4091/13/4000 4090/13/4000 4020/13/3891
f 4093/14/3809 4025/14/3809 4019/13/3809
f 4093/14/3973 4092/13/3973 4020/13/3973
f 4093/14/3944 4094/14/3944 4095/14/3944
f 4093/14/4002 4026/14/4002 4096/14/4003
f 4091/13/3627 4089/13/3627 4095/14/3627
f 4091/13/84 4094/14/84 4096/14/84
f 4097/14/4004 4098/14/5485 4025/14/3740
f 4097/14/4005 4096/14/4005 4026/14/3895
f 4099/15/3809 4031/15/3809 4025/14/3809
f 4099/15/3973 4098/14/3973 4026/14/3973
f 4099/15/3831 4100/15/3831 4101/15/3831
f 4099/15/3641 4032/15/3641 4102/15/3832
f 4097/14/3627 4095/14/3627 4101/15/3627
f 4097/14/84 4100/15/84 4102/15/84
f 4103/15/3835 4104/15/3835 4031/15/3835
f 4103/15/4008 4102/15/4008 4032/15/4008
f 4105/21/3809 4037/21/3809 4031/15/3809
f 4105/21/3973 4104/15/3973 4032/15/3973
f 4106/21/3836 4107/21/4239 4037/21/3836
f 4106/21/3837 4105/21/3837 4038/21/3837
f 4103/15/3627 4101/15/3627 4107/21/3627
f 4106/21/84 4108/21/84 4102/15/84
f 4110/21/4009 4037/21/4105 4107/21/3947
f 4110/21/3751 4109/21/5486 4108/21/4010
f 4110/21/3809 4111/17/3809 4043/17/3809
f 4110/21/3973 4038/21/3973 4044/17/3973
f 4112/17/4011 4113/17/3842 4043/17/4012
f 4112/17/3656 4111/17/5487 4044/17/4014
f 4112/17/3627 4109/21/3627 4107/21/3627
f 4112/17/84 4114/17/84 4108/21/84
f 4116/17/3755 4043/17/3755 4113/17/3755
f 4116/17/4015 4115/17/3846 4114/17/4016
f 4116/17/3809 4117/18/3809 4049/18/3809
f 4116/17/3973 4044/17/3973 4050/18/3973
f 4118/18/3661 4119/18/3661 4049/18/4017
f 4118/18/3953 4117/18/5488 4050/18/3954
f 4118/18/3627 4115/17/3627 4113/17/3627
f 4118/18/84 4120/18/84 4114/17/84
f 4122/18/3760 4049/18/3761 4119/18/3665
f 4122/18/4019 4121/18/4020 4120/18/4020
f 4122/18/3809 4123/19/3809 4055/19/3809
f 4122/18/3973 4050/18/3973 4056/19/3973
f 4124/19/4021 4125/19/5489 4055/19/3768
f 4124/19/4023 4123/19/5490 4056/19/4024
f 4124/19/3627 4121/18/3627 4119/18/3627
f 4124/19/84 4126/19/84 4120/18/84
f 4128/19/4025 4055/19/4025 4125/19/4026
f 4128/19/4027 4127/19/4027 4126/19/4027
f 4128/19/3809 4129/20/3989 4061/20/3989
f 4128/19/3973 4056/19/3973 4062/20/3973
f 4130/20/4028 4131/20/4028 4061/20/4028
f 4130/20/4029 4129/20/4029 4062/20/4029
f 4130/20/3627 4127/19/3627 4125/19/3627
f 4130/20/84 4132/20/84 4126/19/84
f 4134/20/4030 4061/20/3777 4131/20/4031
f 4134/20/3861 4133/20/5491 4132/20/4033
f 4134/20/3809 4135/3/3809 101/3/3809
f 4134/20/3973 4062/20/3973 102/3/3973
f 4136/3/3967 93/3/3967 101/3/3780
f 4136/3/4035 4135/3/4035 102/3/4035
f 4136/3/3627 4133/20/3627 4131/20/3627
f 4136/3/84 94/3/84 4132/20/84
f 4137/1/3784 4138/1/5454 626/1/3696
f 4137/1/3698 519/1/3698 627/1/3698
f 4139/10/4036 4071/10/5492 626/1/4037
f 4138/1/4038 627/1/5493 4072/10/4039
f 4139/10/4040 4140/10/4210 4141/10/4041
f 4139/10/4042 4072/10/5494 4142/10/4043
f 4140/10/4044 4137/1/104 518/1/4045
f 4137/1/4047 4140/10/153 4142/10/4048
f 4143/10/4050 4144/10/4050 4071/10/4050
f 4143/10/4051 4142/10/4051 4072/10/4052
f 4145/11/3599 4077/11/3599 4071/10/3599
f 4145/11/3586 4144/10/3586 4072/10/3586
f 4145/11/3931 4146/11/3931 4147/11/3931
f 4145/11/3880 4078/11/3880 4148/11/3880
f 4143/10/4054 4141/10/4054 4147/11/4055
f 4143/10/153 4146/11/3607 4148/11/153
f 4149/11/4056 4150/11/5495 4077/11/4057
f 4149/11/3719 4148/11/3881 4078/11/3814
f 4151/12/3599 4083/12/3599 4077/11/3599
f 4151/12/3586 4150/11/3586 4078/11/3586
f 4151/12/3612 4152/12/3612 4153/12/3612
f 4151/12/3614 4084/12/3614 4154/12/3614
f 4149/11/4054 4147/11/4054 4153/12/4055
f 4149/11/153 4152/12/153 4154/12/153
f 4155/12/4059 4156/12/5496 4083/12/4059
f 4155/12/4060 4154/12/4060 4084/12/4061
f 4157/13/3599 4089/13/3599 4083/12/3599
f 4157/13/3586 4156/12/3586 4084/12/3586
f 4157/13/3727 4158/13/5497 4159/13/3727
f 4157/13/4062 4090/13/3623 4160/13/4063
f 4155/12/4054 4153/12/4054 4159/13/4055
f 4155/12/153 4158/13/3607 4160/13/3607
f 4161/13/3941 4162/13/3941 4089/13/3941
f 4161/13/3942 4160/13/3733 4090/13/3942
f 4163/14/3599 4095/14/3599 4089/13/3599
f 4163/14/3586 4162/13/3586 4090/13/3586
f 4163/14/3944 4164/14/3824 4165/14/3944
f 4163/14/3828 4096/14/5498 4166/14/3828
f 4161/13/4055 4159/13/4055 4165/14/4055
f 4161/13/153 4164/14/153 4166/14/153
f 4167/14/3741 4168/14/5459 4095/14/3740
f 4167/14/3742 4166/14/5460 4096/14/3742
f 4169/15/3599 4101/15/3599 4095/14/3599
f 4169/15/3586 4168/14/3586 4096/14/3586
f 4169/15/3831 4170/15/3831 4171/15/3831
f 4169/15/3896 4102/15/3896 4172/15/3896
f 4167/14/4054 4165/14/4054 4171/15/4054
f 4167/14/153 4170/15/3607 4172/15/153
f 4173/15/3835 4174/15/3748 4101/15/3748
f 4173/15/3645 4172/15/3645 4102/15/3645
f 4175/21/3599 4107/21/3599 4101/15/3599
f 4175/21/3586 4174/15/3586 4102/15/3586
f 4176/21/3836 4177/21/3836 4107/21/3648
f 4176/21/3649 4175/21/3649 4108/21/3649
f 4173/15/4055 4171/15/4055 4177/21/4054
f 4176/21/153 4178/21/153 4172/15/153
f 4180/21/4066 4107/21/3947 4177/21/3948
f 4180/21/4067 4179/21/5499 4178/21/4067
f 4180/21/3599 4181/17/3599 4113/17/3599
f 4180/21/3586 4108/21/3586 4114/17/3586
f 4182/17/4069 4183/17/3842 4113/17/4012
f 4182/17/3845 4181/17/5500 4114/17/3845
f 4182/17/4054 4179/21/4055 4177/21/4055
f 4182/17/153 4184/17/153 4178/21/153
f 4186/17/3951 4113/17/3899 4183/17/3755
f 4186/17/3902 4185/17/3658 4184/17/3902
f 4186/17/3599 4187/18/3599 4119/18/3599
f 4186/17/3586 4114/17/3586 4120/18/3586
f 4188/18/3662 4189/18/3661 4119/18/3662
f 4188/18/3663 4187/18/5420 4120/18/3663
f 4188/18/4054 4185/17/4055 4183/17/4055
f 4188/18/153 4190/18/153 4184/17/153
f 4192/18/3665 4119/18/3665 4189/18/3665
f 4192/18/3668 4191/18/3669 4190/18/4072
f 4192/18/3599 4193/19/3599 4125/19/3599
f 4192/18/3586 4120/18/3586 4126/19/3586
f 4194/19/4073 4195/19/3852 4125/19/4073
f 4194/19/4075 4193/19/3673 4126/19/4075
f 4194/19/4055 4191/18/4055 4189/18/4055
f 4194/19/153 4196/19/153 4190/18/3607
f 4198/19/3677 4125/19/5501 4195/19/3676
f 4198/19/3961 4197/19/5436 4196/19/3961
f 4198/19/3599 4199/20/3599 4131/20/3599
f 4198/19/3586 4126/19/3586 4132/20/3586
f 4200/20/4076 4201/20/5502 4131/20/3773
f 4200/20/3775 4199/20/3682 4132/20/3776
f 4200/20/4055 4197/19/4055 4195/19/4055
f 4200/20/153 4202/20/153 4196/19/3607
f 4204/20/3777 4131/20/5437 4201/20/3686
f 4204/20/3689 4203/20/3688 4202/20/3861
f 4204/20/3599 4205/3/3599 93/3/3599
f 4204/20/3586 4132/20/3586 94/3/3586
f 4206/3/4077 85/3/5503 93/3/3864
f 4206/3/4078 4205/3/3781 94/3/3693
f 4206/3/4055 4203/20/4055 4201/20/4055
f 4206/3/153 86/3/153 4202/20/153
f 4207/1/3696 4208/1/5504 518/1/4079
f 4207/1/3698 376/1/3698 519/1/3698
f 4209/10/4080 4141/10/5505 518/1/4081
f 4208/1/4082 519/1/5506 4142/10/4083
f 4209/10/3974 4210/10/3974 4211/10/3974
f 4209/10/3976 4142/10/3976 4212/10/3589
f 4210/10/4085 4207/1/81 375/1/4086
f 4207/1/4088 4210/10/138 4212/10/4089
f 4213/10/4091 4214/10/5507 4141/10/4092
f 4213/10/3597 4212/10/3930 4142/10/3807
f 4215/11/4093 4147/11/4093 4141/10/4093
f 4215/11/3586 4214/10/3586 4142/10/3586
f 4215/11/3601 4216/11/3931 4217/11/3600
f 4215/11/3603 4148/11/3603 4218/11/3603
f 4213/10/3627 4211/10/3627 4217/11/3627
f 4213/10/138 4216/11/138 4218/11/138
f 4219/11/3812 4220/11/5508 4147/11/3718
f 4219/11/3610 4218/11/3611 4148/11/3720
f 4221/12/4093 4153/12/4093 4147/11/4093
f 4221/12/3586 4220/11/3586 4148/11/3586
f 4221/12/4094 4222/12/4094 4223/12/4094
f 4221/12/3721 4154/12/3614 4224/12/3721
f 4219/11/3627 4217/11/3627 4223/12/3627
f 4219/11/138 4222/12/138 4224/12/138
f 4225/12/3724 4226/12/5509 4153/12/3819
f 4225/12/3886 4224/12/5510 4154/12/3820
f 4227/13/4093 4159/13/4093 4153/12/4093
f 4227/13/3586 4226/12/3586 4154/12/3586
f 4227/13/3726 4228/13/5483 4229/13/3727
f 4227/13/3996 4160/13/4062 4230/13/3996
f 4225/12/3627 4223/12/3627 4229/13/3627
f 4225/12/138 4228/13/138 4230/13/138
f 4231/13/3998 4232/13/5511 4159/13/4098
f 4231/13/3733 4230/13/3630 4160/13/3733
f 4233/14/4093 4165/14/4093 4159/13/4093
f 4233/14/3586 4232/13/3586 4160/13/3586
f 4233/14/3944 4234/14/5471 4235/14/3944
f 4233/14/3945 4166/14/3945 4236/14/3945
f 4231/13/3627 4229/13/3627 4235/14/3627
f 4231/13/138 4234/14/138 4236/14/138
f 4237/14/3635 4238/14/4231 4165/14/3741
f 4237/14/4005 4236/14/4137 4166/14/4005
f 4239/15/4093 4171/15/4093 4165/14/4093
f 4239/15/3586 4238/14/3586 4166/14/3586
f 4239/15/3831 4240/15/3831 4241/15/3831
f 4239/15/4102 4172/15/4102 4242/15/3896
f 4237/14/3627 4235/14/3627 4241/15/3627
f 4237/14/138 4240/15/138 4242/15/138
f 4243/15/3835 4244/15/5512 4171/15/3835
f 4243/15/3645 4242/15/4237 4172/15/3645
f 4245/21/4093 4177/21/4093 4171/15/4093
f 4244/15/3586 4172/15/3586 4178/21/3586
f 4246/21/3836 4247/21/4239 4177/21/3836
f 4246/21/3649 4245/21/3649 4178/21/3649
f 4243/15/3627 4241/15/3627 4247/21/3627
f 4246/21/138 4248/21/138 4242/15/138
f 4250/21/4105 4177/21/5513 4247/21/4105
f 4250/21/3950 4249/21/3950 4248/21/3950
f 4250/21/3599 4251/17/4106 4183/17/4106
f 4250/21/3586 4178/21/3586 4184/17/3586
f 4252/17/3842 4253/17/3842 4183/17/4011
f 4252/17/3845 4251/17/5514 4184/17/4107
f 4252/17/3627 4249/21/3627 4247/21/3627
f 4252/17/138 4254/17/138 4248/21/138
f 4256/17/3755 4183/17/3755 4253/17/3755
f 4256/17/3846 4255/17/5515 4254/17/3846
f 4256/17/4106 4257/18/4106 4189/18/4106
f 4256/17/3586 4184/17/3586 4190/18/3586
f 4258/18/3661 4259/18/3847 4189/18/4108
f 4258/18/3903 4257/18/3663 4190/18/3664
f 4258/18/3627 4255/17/3627 4253/17/3627
f 4258/18/138 4260/18/138 4254/17/138
f 4262/18/3761 4189/18/3849 4259/18/3665
f 4262/18/4019 4261/18/4020 4260/18/4019
f 4262/18/4093 4263/19/4093 4195/19/4093
f 4262/18/3586 4190/18/3586 4196/19/3586
f 4264/19/3671 4265/19/3766 4195/19/4021
f 4264/19/3853 4263/19/3672 4196/19/3769
f 4264/19/3627 4261/18/3627 4259/18/3627
f 4264/19/138 4266/19/138 4260/18/138
f 4268/19/3854 4195/19/3854 4265/19/3771
f 4268/19/3679 4267/19/3855 4266/19/3855
f 4268/19/4093 4269/20/4093 4201/20/4093
f 4268/19/3586 4196/19/3586 4202/20/3586
f 4270/20/3856 4271/20/4028 4201/20/4111
f 4270/20/3859 4269/20/5452 4202/20/3776
f 4270/20/3627 4267/19/3627 4265/19/3627
f 4270/20/138 4272/20/138 4266/19/138
f 4274/20/3777 4201/20/5437 4271/20/3686
f 4274/20/3861 4273/20/3862 4272/20/3861
f 4274/20/4106 4275/3/4106 85/3/4106
f 4274/20/3586 4202/20/3586 86/3/3586
f 4276/3/3863 77/3/3917 85/3/3864
f 4276/3/4035 4275/3/5425 86/3/3867
f 4276/3/3627 4273/20/3627 4271/20/3627
f 4276/3/138 78/3/138 4272/20/138
f 4277/1/3785 4278/1/3783 375/1/3783
f 4277/1/3698 377/1/3698 376/1/3698
f 4279/10/4114 4211/10/5516 375/1/4115
f 4278/1/4116 376/1/5517 4212/10/4117
f 4279/10/4041 4280/10/4210 4281/10/4041
f 4279/10/4118 4212/10/4118 4282/10/4118
f 4280/10/4119 4277/1/81 374/1/4120
f 4277/1/4122 4280/10/84 4282/10/4123
f 4283/10/4125 4284/10/4125 4211/10/4125
f 4283/10/3986 4282/10/3986 4212/10/3986
f 4285/11/3809 4217/11/3809 4211/10/3809
f 4285/11/3973 4284/10/3973 4212/10/3973
f 4285/11/4126 4286/11/4126 4287/11/4126
f 4285/11/4127 4218/11/3880 4288/11/4128
f 4283/10/3627 4281/10/3627 4287/11/3627
f 4283/10/84 4286/11/84 4288/11/84
f 4289/11/3609 4290/11/3813 4217/11/3609
f 4289/11/4131 4288/11/4131 4218/11/4131
f 4291/12/3809 4223/12/3809 4217/11/3809
f 4291/12/3973 4290/11/3973 4218/11/3973
f 4291/12/3990 4292/12/5445 4293/12/3990
f 4291/12/3817 4224/12/3817 4294/12/3817
f 4289/11/3627 4287/11/3627 4293/12/3627
f 4289/11/84 4292/12/84 4294/12/84
f 4295/12/4132 4296/12/3617 4223/12/4132
f 4295/12/4133 4294/12/5518 4224/12/4134
f 4297/13/3809 4229/13/3809 4223/12/3809
f 4297/13/3973 4296/12/3973 4224/12/3973
f 4297/13/3821 4298/13/5519 4299/13/3821
f 4297/13/3996 4230/13/3996 4300/13/4062
f 4295/12/3627 4293/12/3627 4299/13/3627
f 4295/12/84 4298/13/84 4300/13/84
f 4301/13/3998 4302/13/5484 4229/13/3999
f 4301/13/4000 4300/13/4000 4230/13/3891
f 4303/14/3809 4235/14/3809 4229/13/3809
f 4303/14/3973 4302/13/3973 4230/13/3973
f 4303/14/3944 4304/14/3944 4305/14/3944
f 4303/14/4002 4236/14/5520 4306/14/3945
f 4301/13/3627 4299/13/3627 4305/14/3627
f 4301/13/84 4304/14/84 4306/14/84
f 4307/14/3635 4308/14/3741 4235/14/3635
f 4307/14/4136 4306/14/4136 4236/14/4137
f 4309/15/3809 4241/15/3809 4235/14/3809
f 4309/15/3973 4308/14/3973 4236/14/3973
f 4309/15/3831 4310/15/3831 4311/15/3831
f 4309/15/3641 4242/15/3641 4312/15/3832
f 4307/14/3627 4305/14/3627 4311/15/3627
f 4307/14/84 4310/15/84 4312/15/84
f 4313/15/3835 4314/15/3835 4241/15/3835
f 4313/15/4008 4312/15/4008 4242/15/4008
f 4315/21/3809 4247/21/3809 4241/15/3809
f 4314/15/3973 4242/15/3973 4248/21/3973
f 4316/21/3836 4317/21/3836 4247/21/3836
f 4316/21/3837 4315/21/3837 4248/21/3837
f 4313/15/3627 4311/15/3627 4317/21/3627
f 4313/15/84 4316/21/84 4318/21/84
f 4320/21/4105 4247/21/4105 4317/21/4105
f 4320/21/3751 4319/21/4139 4318/21/4139
f 4320/21/3809 4321/17/3809 4253/17/3809
f 4320/21/3973 4248/21/3973 4254/17/3973
f 4322/17/3655 4323/17/5521 4253/17/3655
f 4322/17/4140 4321/17/5522 4254/17/4140
f 4322/17/3627 4319/21/3627 4317/21/3627
f 4322/17/84 4324/17/84 4318/21/84
f 4326/17/3755 4253/17/3755 4323/17/3755
f 4326/17/4015 4325/17/3846 4324/17/3846
f 4326/17/3809 4327/18/3809 4259/18/3809
f 4326/17/3973 4254/17/3973 4260/18/3973
f 4328/18/3661 4329/18/3847 4259/18/3662
f 4328/18/3953 4327/18/5488 4260/18/3954
f 4328/18/3627 4325/17/3627 4323/17/3627
f 4328/18/84 4330/18/84 4324/17/84
f 4332/18/3760 4259/18/3761 4329/18/3665
f 4332/18/4019 4331/18/4020 4330/18/4142
f 4332/18/3809 4333/19/3989 4265/19/3809
f 4332/18/3973 4260/18/3973 4266/19/3973
f 4334/19/3671 4335/19/3766 4265/19/3768
f 4334/19/4024 4333/19/4023 4266/19/4144
f 4334/19/3627 4331/18/3627 4329/18/3627
f 4334/19/84 4336/19/84 4330/18/84
f 4338/19/4145 4265/19/3854 4335/19/3771
f 4338/19/3855 4337/19/5451 4336/19/3961
f 4338/19/3809 4339/20/3809 4271/20/3809
f 4338/19/3973 4266/19/3973 4272/20/3973
f 4340/20/3773 4341/20/3962 4271/20/3773
f 4340/20/4147 4339/20/5523 4272/20/4148
f 4340/20/3627 4337/19/3627 4335/19/3627
f 4340/20/84 4342/20/84 4336/19/84
f 4344/20/4149 4271/20/4149 4341/20/4150
f 4344/20/3778 4343/20/5524 4342/20/3862
f 4344/20/3809 4345/3/3989 77/3/3809
f 4344/20/3973 4272/20/3973 78/3/3973
f 4346/3/4152 63/3/3780 77/3/4153
f 4346/3/3866 4345/3/5525 78/3/3868
f 4346/3/3627 4343/20/3627 4341/20/3627
f 4346/3/84 67/3/84 4342/20/84
f 4347/1/3918 4348/1/5454 374/1/3696
f 4347/1/3786 2808/1/3787 377/1/3698
f 4349/10/4155 4281/10/5526 374/1/4156
f 4348/1/4157 377/1/5527 4282/10/4158
f 4349/10/3705 4350/10/3974 4351/10/3705
f 4282/10/4118 4352/10/5528 4353/10/5529
f 4353/10/4159 4350/10/3976 4349/10/3976
f 4350/10/4160 4347/1/199 2807/1/4161
f 2808/1/4165 4347/1/5530 4350/10/4163
f 4350/10/4163 4353/10/5531 4354/22/4164
f 4355/10/3713 4356/10/3596 4281/10/3713
f 4357/10/4167 4352/10/5532 4282/10/4166
f 4282/10/4166 4356/10/3598 4355/10/3879
f 4358/11/3599 4287/11/3599 4281/10/3599
f 4358/11/3586 4356/10/3586 4282/10/3586
f 4358/11/3715 4359/11/5469 4360/11/3987
f 4288/11/5533 4361/11/5534 4362/11/5535
f 4362/11/3933 4359/11/3933 4358/11/3933
f 4355/10/4055 4351/10/4055 4360/11/4055
f 4355/10/153 4359/11/153 4362/11/153
f 4363/11/4169 4364/11/5536 4287/11/4170
f 4365/11/4174 4361/11/5537 4288/11/4172
f 4288/11/4172 4364/11/5538 4363/11/4173
f 4366/12/3599 4293/12/3599 4287/11/3599
f 4366/12/3586 4364/11/3586 4288/11/3586
f 4366/12/4175 4367/12/5445 4368/12/3815
f 4294/12/5539 4369/12/5539 4370/12/5539
f 4370/12/3817 4367/12/3818 4366/12/3614
f 4363/11/4055 4360/11/4055 4368/12/4055
f 4363/11/153 4367/12/153 4370/12/153
f 4371/12/3616 4372/12/5470 4293/12/3616
f 4373/12/4176 4369/12/5540 4294/12/3886
f 4294/12/3886 4372/12/3887 4371/12/3618
f 4374/13/3599 4299/13/3599 4293/12/3599
f 4374/13/3586 4372/12/3586 4294/12/3586
f 4374/13/3725 4375/13/5447 4376/13/3726
f 4300/13/3996 4377/13/5541 4378/13/4177
f 4378/13/4177 4375/13/3729 4374/13/3623
f 4371/12/4055 4368/12/4055 4376/13/4054
f 4371/12/153 4375/13/153 4378/13/153
f 4379/13/3628 4380/13/3629 4299/13/3628
f 4300/13/3631 4380/13/3632 4379/13/3630
f 4379/13/5542 4381/13/5543 4377/13/5544
f 4382/14/3599 4305/14/3599 4299/13/3599
f 4382/14/3586 4380/13/3586 4300/13/3586
f 4382/14/3735 4383/14/3736 4384/14/3734
f 4306/14/3634 4385/14/3634 4386/14/3634
f 4386/14/4179 4383/14/5545 4382/14/3738
f 4379/13/4055 4376/13/4055 4384/14/4055
f 4379/13/153 4383/14/153 4386/14/153
f 4387/14/4180 4388/14/4180 4305/14/4180
f 4306/14/4005 4388/14/3637 4387/14/4137
f 4387/14/4137 4389/14/5546 4385/14/5547
f 4390/15/3599 4311/15/3599 4305/14/3599
f 4390/15/3586 4388/14/3586 4306/14/3586
f 4390/15/3831 4391/15/3831 4392/15/3831
f 4312/15/3896 4393/15/5548 4394/15/5549
f 4394/15/4181 4391/15/3896 4390/15/3896
f 4387/14/4055 4384/14/4055 4392/15/4055
f 4387/14/153 4391/15/153 4394/15/153
f 4395/15/3643 4396/15/5550 4311/15/4182
f 4312/15/4184 4396/15/5551 4395/15/4008
f 4395/15/5552 4397/15/5553 4393/15/5554
f 4396/15/3599 4398/21/3599 4317/21/3599
f 4396/15/3586 4312/15/3586 4318/21/3586
f 4399/21/3648 4400/21/3836 4317/21/3648
f 4318/21/5555 4401/21/5556 4402/21/5557
f 4402/21/4185 4399/21/4186 4398/21/4186
f 4395/15/4055 4392/15/4055 4400/21/4055
f 4399/21/153 4402/21/153 4397/15/153
f 4404/21/4009 4317/21/3947 4400/21/4105
f 4318/21/4187 4404/21/4187 4403/21/4187
f 4403/21/3751 4405/21/5558 4401/21/5559
f 4404/21/3599 4406/17/3599 4323/17/3599
f 4404/21/3586 4318/21/3586 4324/17/3586
f 4407/17/3654 4408/17/3654 4323/17/3654
f 4324/17/3656 4409/17/5560 4410/17/5561
f 4410/17/3656 4407/17/5562 4406/17/3656
f 4407/17/4055 4403/21/4054 4400/21/4054
f 4407/17/153 4410/17/153 4405/21/153
f 4412/17/3951 4323/17/3951 4408/17/3755
f 4324/17/3846 4412/17/3846 4411/17/3846
f 4411/17/3901 4413/17/5563 4409/17/5563
f 4412/17/3599 4414/18/3599 4329/18/3599
f 4412/17/3586 4324/17/3586 4330/18/3586
f 4415/18/3660 4416/18/3847 4329/18/3660
f 4330/18/3663 4417/18/5564 4418/18/5564
f 4418/18/4189 4415/18/5565 4414/18/3759
f 4415/18/4054 4411/17/4054 4408/17/4054
f 4415/18/153 4418/18/153 4413/17/153
f 4420/18/3760 4329/18/3665 4416/18/3761
f 4330/18/3955 4420/18/3955 4419/18/4190
f 4419/18/4019 4421/18/5566 4417/18/5567
f 4420/18/3599 4422/19/3599 4335/19/3599
f 4420/18/3586 4330/18/3586 4336/19/3586
f 4423/19/3766 4424/19/3671 4335/19/4192
f 4336/19/4075 4425/19/5568 4426/19/5569
f 4426/19/4194 4423/19/5570 4422/19/4195
f 4423/19/4055 4419/18/4054 4416/18/4054
f 4423/19/153 4426/19/153 4421/18/153
f 4428/19/4196 4335/19/4196 4424/19/4196
f 4336/19/4197 4428/19/5571 4427/19/4197
f 4427/19/5572 4429/19/5572 4425/19/5572
f 4428/19/3599 4430/20/3599 4341/20/3599
f 4428/19/3586 4336/19/3586 4342/20/3586
f 4431/20/4028 4432/20/5573 4341/20/3680
f 4342/20/3859 4433/20/5574 4434/20/5575
f 4434/20/4198 4431/20/5576 4430/20/3682
f 4431/20/4054 4427/19/4054 4424/19/4054
f 4431/20/153 4434/20/153 4429/19/153
f 4436/20/4199 4341/20/5577 4432/20/3777
f 4342/20/3778 4436/20/5578 4435/20/3862
f 4435/20/5478 4437/20/5579 4433/20/5579
f 4436/20/3599 4438/3/3599 63/3/3599
f 4436/20/3586 4342/20/3586 67/3/3586
f 4439/3/3967 64/3/3864 63/3/3863
f 67/3/3695 66/3/5580 4440/3/5581
f 4440/3/4201 4439/3/5439 4438/3/3693
f 4439/3/4055 4435/20/4054 4432/20/4054
f 4439/3/153 4440/3/153 4437/20/153
f 4441/1/3783 4442/1/5440 1380/1/3784
f 4443/1/4203 4442/1/5582 4441/1/5582
f 4441/1/3698 1275/1/3698 1383/1/4202
f 4446/10/5583 4444/61/5584 1380/1/5585
f 1380/1/4204 4442/1/4443 4445/10/4205
f 4449/62/5586 4447/10/5587 4445/10/4207
f 4445/10/4207 4442/1/4208 4443/1/4208
f 4448/23/4209 4449/62/5586 4445/10/4207
f 4451/10/4211 4446/10/5588 4445/10/3588
f 4445/10/3588 4450/10/4210 3698/10/4210
f 4445/10/4084 4447/10/4084 3699/10/4084
f 4450/10/4212 4441/1/81 1274/1/4213
f 4441/1/4215 4450/10/84 3699/10/4216
f 4451/10/4219 3698/10/3713 4452/10/3713
f 4452/10/3596 4453/10/3596 4454/10/4218
f 4452/10/3986 3699/10/3986 4447/10/3986
f 4455/11/3599 4456/11/3599 4454/10/3599
f 4455/11/3586 4453/10/3586 4447/10/3586
f 4459/11/4220 4456/11/5589 4455/11/3600
f 4455/11/3600 4458/11/3931 3706/11/3600
f 4455/11/3810 4457/11/3603 3707/11/4221
f 4452/10/3627 3698/10/3627 3706/11/3627
f 4452/10/84 4458/11/84 3707/11/84
f 4459/11/3813 3706/11/3813 4460/11/3813
f 4460/11/3813 4461/11/5590 4462/11/3609
f 4460/11/3611 3707/11/3611 4457/11/3611
f 4462/11/3599 4461/11/3599 4463/12/3599
f 4463/12/3586 4461/11/3586 4457/11/3586
f 4467/12/4223 4464/12/5591 4463/12/3883
f 4463/12/3883 4466/12/5428 3714/12/3612
f 4463/12/3817 4465/12/3818 3715/12/3991
f 4460/11/3627 3706/11/3627 3714/12/3627
f 4460/11/84 4466/12/84 3715/12/84
f 4467/12/3993 3714/12/3993 4468/12/3993
f 4468/12/4224 4469/12/3993 4470/12/4225
f 4468/12/3618 3715/12/3618 4465/12/3886
f 4470/12/3599 4469/12/3599 4471/13/3599
f 4471/13/3586 4469/12/3586 4465/12/3586
f 3722/13/5429 4474/13/5592 4472/13/5592
f 4472/13/3821 4471/13/5593 4475/13/3725
f 4471/13/3996 4473/13/4062 3723/13/4064
f 4468/12/3627 3714/12/3627 3722/13/3627
f 4468/12/84 4475/13/84 3723/13/84
f 4474/13/3732 3722/13/3732 4476/13/3732
f 4476/13/4227 4477/13/3941 4478/13/4228
f 4476/13/3630 3723/13/3631 4473/13/3733
f 4478/13/3599 4477/13/3599 4479/14/3599
f 4479/14/3586 4477/13/3586 4473/13/3586
f 3730/14/3892 4482/14/3892 4480/14/3892
f 4480/14/4230 4479/14/4230 4483/14/4230
f 4479/14/3738 4481/14/3738 3731/14/3738
f 4476/13/3627 3722/13/3627 3730/14/3627
f 4476/13/84 4483/14/84 3731/14/84
f 4482/14/4100 3730/14/4100 4484/14/4100
f 4484/14/3946 4485/14/3946 4486/14/4231
f 4484/14/4137 3731/14/4136 4481/14/4005
f 4486/14/3599 4485/14/3599 4487/15/3599
f 4487/15/3586 4485/14/3586 4481/14/3586
f 3738/15/5594 4490/15/5594 4488/15/5594
f 4488/15/4232 4487/15/3640 4491/15/4232
f 4487/15/4233 4489/15/4233 3739/15/4233
f 4484/14/3627 3730/14/3627 3738/15/3627
f 4484/14/84 4491/15/84 3739/15/84
f 4490/15/4236 3738/15/3748 4492/15/3748
f 4492/15/4007 4493/15/5595 4494/15/4235
f 4492/15/4237 3739/15/4008 4489/15/3645
f 4494/15/3599 4493/15/3599 4495/21/3599
f 4495/21/3586 4493/15/3586 4489/15/3586
f 3746/21/4239 4498/21/5596 4496/21/5596
f 4496/21/4238 4495/21/5597 4499/21/4239
f 4499/21/4104 4495/21/3649 4497/21/3649
f 4499/21/3627 4492/15/3627 3738/15/3627
f 4499/21/84 3747/21/84 3739/15/84
f 4498/21/3838 3746/21/3838 4500/21/3838
f 4500/21/3838 4501/21/3947 4502/21/3897
f 4501/21/4240 4500/21/4241 3747/21/4241
f 4501/21/3599 4503/17/3599 4504/17/3599
f 4501/21/3586 4497/21/3586 4505/17/3586
f 3754/17/3653 4506/17/5598 4504/17/5598
f 4504/17/3655 4503/17/3842 4507/17/4012
f 4507/17/4014 4503/17/5418 4505/17/3656
f 4507/17/3627 4500/21/3627 3746/21/3627
f 4507/17/84 3755/17/84 3747/21/84
f 4506/17/3755 3754/17/3755 4508/17/3755
f 4508/17/4243 4509/17/5599 4510/17/3755
f 4509/17/3902 4508/17/5600 3755/17/3901
f 4509/17/3599 4511/18/3599 4512/18/3599
f 4509/17/3586 4505/17/3586 4513/18/3586
f 3762/18/4017 4514/18/5601 4512/18/3660
f 4512/18/3660 4511/18/5602 4515/18/4017
f 4515/18/3903 4511/18/5488 4513/18/3664
f 4515/18/3627 4508/17/3627 3754/17/3627
f 4515/18/84 3763/18/84 3755/17/84
f 4514/18/3904 3762/18/3904 4516/18/3904
f 4516/18/3849 4517/18/5603 4518/18/4245
f 4517/18/4019 4516/18/4020 3763/18/3669
f 4517/18/3599 4519/19/3599 4520/19/3599
f 4517/18/3586 4513/18/3586 4521/19/3586
f 3770/19/3671 4522/19/5604 4520/19/5605
f 4520/19/4247 4519/19/3670 4523/19/4073
f 4523/19/3769 4519/19/5465 4521/19/3853
f 4523/19/3627 4516/18/3627 3762/18/3627
f 4523/19/84 3771/19/84 3763/18/84
f 4522/19/5606 3770/19/5606 4524/19/5606
f 4524/19/4248 4525/19/5607 4526/19/4249
f 4525/19/3911 4524/19/3911 3771/19/3911
f 4525/19/3599 4527/20/3599 4528/20/3599
f 4525/19/3586 4521/19/3586 4529/20/3586
f 3778/20/3856 4530/20/5608 4528/20/5608
f 4528/20/3856 4527/20/5573 4531/20/3856
f 4531/20/3776 4527/20/3682 4529/20/3859
f 4531/20/3627 4524/19/3627 3770/19/3627
f 4531/20/84 3779/20/84 3771/19/84
f 4530/20/5609 3778/20/3686 4532/20/3686
f 4532/20/4251 4533/20/4149 4534/20/4252
f 4533/20/3862 4532/20/4254 3779/20/4254
f 4533/20/3599 4535/3/3599 4536/3/3599
f 4533/20/3586 4529/20/3586 51/3/3586
f 45/3/3780 49/3/5610 4536/3/5611
f 4536/3/3916 4535/3/3863 4537/3/3863
f 4537/3/4035 4535/3/3866 51/3/4035
f 4537/3/3627 4532/20/3627 3778/20/3627
f 4537/3/84 50/3/84 3779/20/84
f 4539/10/4255 2954/10/5612 295/1/4256
f 4538/1/4257 296/1/5613 2955/10/4258
f 4542/10/5614 2954/10/3395 4539/10/3395
f 4539/10/3395 4540/10/3337 4541/10/4259
f 4540/10/4261 4539/10/3072 2955/10/4262
f 4541/10/4265 4540/10/2972 4544/1/5615
f 4544/1/4263 298/1/5616 4545/24/4264
f 4543/10/4268 4546/63/5617 4547/1/4266
f 4547/1/4266 4544/1/4438 4540/10/4267
f 298/1/3345 4544/1/5618 4538/1/4269
f 4547/1/4271 299/1/5619 296/1/3082
f 296/1/3082 4538/1/2964 4544/1/3348
f 4548/10/3167 4549/11/3167 2962/11/3167
f 4548/10/3069 2955/10/3069 2963/11/3069
f 4552/11/2966 2962/11/2966 4549/11/2966
f 4549/11/2967 4550/11/3484 4551/11/3485
f 4550/11/2969 4549/11/3169 2963/11/3452
f 4550/11/2972 4554/10/2972 4555/10/2972
f 4550/11/3537 4553/11/3537 4543/10/3537
f 4542/10/4272 4555/10/5620 4554/10/3171
f 4554/10/3171 4548/10/3089 2954/10/3089
f 4548/10/3487 4554/10/3487 4543/10/3487
f 4556/11/3167 4557/12/3167 2970/12/3167
f 4556/11/3069 2963/11/3069 2971/12/3069
f 4560/12/5621 2970/12/5622 4557/12/5622
f 4557/12/4273 4558/12/5623 4559/12/4274
f 4558/12/3181 4557/12/5332 2971/12/2978
f 4558/12/2972 4562/11/2972 4563/11/2972
f 4558/12/3537 4561/12/3537 4553/11/256
f 4552/11/4276 4563/11/5624 4562/11/3296
f 4562/11/3296 4556/11/3296 2962/11/3296
f 4556/11/3297 4562/11/3297 4553/11/3297
f 4564/12/3167 4565/13/3167 2978/13/3167
f 4564/12/3069 2971/12/3069 2979/13/3069
f 4568/13/3246 2978/13/3246 4565/13/3246
f 4565/13/3184 4566/13/5625 4567/13/4277
f 4566/13/3186 4565/13/3354 2979/13/3186
f 4566/13/2972 4570/12/2972 4571/12/2972
f 4566/13/3537 4569/13/3537 4561/12/256
f 4560/12/4280 4571/12/5626 4570/12/3355
f 4570/12/3355 4564/12/5627 2970/12/3355
f 4564/12/2990 4570/12/3105 4561/12/3104
f 4572/13/3167 4573/14/3167 2986/14/3167
f 4572/13/3069 2979/13/3069 2987/14/3069
f 4576/14/2993 2986/14/5628 4573/14/5628
f 4573/14/4281 4574/14/5364 4575/14/4282
f 4574/14/4283 4573/14/4283 2987/14/4283
f 4574/14/2972 4578/13/2972 4579/13/2972
f 4574/14/3537 4577/14/3537 4569/13/256
f 4568/13/4284 4579/13/5629 4578/13/3359
f 4578/13/3359 4572/13/3252 2978/13/3359
f 4572/13/2999 4578/13/5342 4569/13/3419
f 4580/14/3167 4581/15/3167 2994/15/3167
f 4580/14/3069 2987/14/3069 2995/15/3069
f 4584/15/4286 2994/15/4286 4581/15/4286
f 4581/15/4285 4582/15/5630 4583/15/4286
f 4582/15/3003 4581/15/5631 2995/15/4288
f 4582/15/2972 4586/14/2972 4587/14/2972
f 4582/15/3537 4585/15/3537 4577/14/3537
f 4576/14/3113 4587/14/5632 4586/14/3005
f 4586/14/3005 4580/14/5633 2986/14/3005
f 4580/14/3363 4586/14/3006 4577/14/3362
f 4589/16/3167 3002/16/3167 2994/15/3167
f 4588/15/3069 2995/15/3069 3003/16/3069
f 4592/21/3116 3002/16/3116 4589/16/3116
f 4589/16/3364 4590/21/5634 4591/21/4289
f 4589/16/3312 3003/16/3117 4593/21/3010
f 4590/21/2972 4594/15/2972 4595/15/2972
f 4590/21/3537 4593/21/3537 4585/15/3537
f 4584/15/4290 4595/15/5635 4594/15/3502
f 4594/15/3502 4588/15/3118 2994/15/3118
f 4588/15/3014 4594/15/3014 4585/15/3014
f 4597/17/3167 3010/17/3167 3002/16/3167
f 4597/17/3069 4596/16/3069 3003/16/3069
f 4600/17/3423 3010/17/3423 4597/17/3423
f 4597/17/3202 4598/17/3202 4599/17/3202
f 4597/17/3505 3011/17/5636 4601/17/3017
f 4602/21/2972 4603/21/2972 4599/17/2972
f 4602/21/3537 4598/17/256 4601/17/256
f 4592/21/3205 4603/21/5637 4602/21/3204
f 4602/21/3204 4596/16/3121 3002/16/3204
f 4602/21/4291 4593/21/4291 3003/16/4292
f 4605/18/3167 3018/18/3167 3010/17/3167
f 4605/18/3069 4604/17/3069 3011/17/3069
f 4608/18/3125 3018/18/3125 4605/18/3125
f 4605/18/3319 4606/18/3428 4607/18/4293
f 4605/18/3262 3019/18/3126 4609/18/3466
f 4610/17/2972 4611/17/2972 4607/18/2972
f 4610/17/3537 4606/18/256 4609/18/3537
f 4600/17/4296 4611/17/3028 4610/17/3028
f 4610/17/3028 4604/17/5638 3010/17/4295
f 4610/17/3029 4601/17/3029 3011/17/4297
f 4613/19/3167 3026/19/3167 3018/18/3167
f 4613/19/3069 4612/18/3069 3019/18/3069
f 4616/19/4299 3026/19/4299 4613/19/4299
f 4613/19/4299 4614/19/5639 4615/19/3320
f 4613/19/3467 3027/19/3467 4617/19/3467
f 4618/18/2972 4619/18/2972 4615/19/2972
f 4618/18/3537 4614/19/256 4617/19/3537
f 4608/18/4301 4619/18/5640 4618/18/3377
f 4618/18/3377 4612/18/3039 3018/18/3038
f 4618/18/3213 4609/18/3041 3019/18/3213
f 4621/20/3167 3034/20/3167 3026/19/3167
f 4621/20/3069 4620/19/3069 3027/19/3069
f 4624/20/5641 3034/20/5642 4621/20/5642
f 4621/20/4302 4622/20/5643 4623/20/3436
f 4621/20/3437 3035/20/3437 4625/20/3271
f 4626/19/2972 4627/19/2972 4623/20/2972
f 4626/19/3537 4622/20/256 4625/20/256
f 3026/19/5644 4616/19/5645 4627/19/5646
f 4627/19/4303 4626/19/5325 4620/19/4304
f 4626/19/3140 4617/19/3140 3027/19/3140
f 4629/3/3167 34/3/3167 3034/20/3167
f 4629/3/3069 4628/20/3069 3035/20/3069
f 44/3/3384 34/3/3384 4629/3/3384
f 4629/3/3220 4630/3/5647 4631/3/4306
f 4629/3/3275 35/3/3385 42/3/3055
f 4632/20/2972 4633/20/2972 4631/3/2972
f 4632/20/3537 4630/3/256 42/3/256
f 3034/20/3520 4624/20/5648 4633/20/5649
f 4633/20/4307 4632/20/3520 4628/20/3521
f 4632/20/4309 4625/20/4309 3035/20/4309
f 4635/1/4310 4636/1/4310 4637/1/4310
f 4639/2/4311 4640/2/4311 4641/25/4311
f 4642/1/4312 4643/27/4312 4644/26/4312
f 4647/2/4313 4648/2/4313 4649/2/4313
f 4642/1/4314 4639/2/4315 4638/25/4315
f 4641/25/5650 4640/2/5650 4645/1/5650
f 4637/1/4317 4648/2/4317 4647/2/4317
f 4649/2/4318 4648/2/4318 4637/1/4318
f 4634/1/4319 4647/2/4319 4646/2/4319
f 4651/28/4320 4652/2/4320 4653/2/4320
f 4655/1/4321 4656/29/4321 4657/29/4321
f 2796/2/5651 4658/2/5651 20/2/5651
f 20/2/4322 4659/2/5652 2798/2/4323
f 2787/2/4325 2796/2/5653 2798/2/5653
f 2778/2/4325 2787/2/4325 2789/2/4325
f 4650/28/4326 4653/2/5654 4654/1/4327
f 4655/1/4329 4652/2/5655 4651/28/4330
f 4661/2/4332 4662/2/4332 4663/1/4332
f 4641/25/4332 4651/28/4332 4650/28/4332
f 4643/27/4332 4657/29/4332 4656/29/4332
f 2811/1/5656 4654/1/4354 4642/1/4333
f 2886/1/4334 2884/1/4334 2881/1/5657
f 2878/1/5658 2876/1/4334 2873/1/5657
f 2886/1/4334 2881/1/5657 2878/1/5658
f 2812/1/5659 2811/1/5656 4642/1/4333
f 2820/1/4334 2817/1/5659 2814/1/5660
f 2814/1/5661 2812/1/5659 4642/1/4333
f 2878/1/5658 2873/1/5657 2870/1/5662
f 2870/1/5663 2868/1/5664 2865/1/5657
f 2862/1/5665 2860/1/4334 2857/1/5657
f 2870/1/5663 2865/1/5657 2862/1/5665
f 2862/1/5665 2857/1/5657 2854/1/5666
f 2854/1/5666 2852/1/5664 2849/1/5657
f 2846/1/5667 2844/1/4334 2841/1/4334
f 2854/1/5666 2849/1/5657 2846/1/5668
f 2846/1/5667 2841/1/4334 2838/1/5669
f 2838/1/5670 2836/1/4334 2833/1/4334
f 2830/1/5671 2828/1/5672 2825/1/4334
f 2838/1/5670 2833/1/4334 2830/1/5673
f 2830/1/5671 2825/1/4334 2822/1/5674
f 2822/1/5674 2820/1/4334 2814/1/5660
s 0
f 2886/1/4334 2878/1/5675 2870/1/5675
f 2862/1/5665 2854/1/5666 2846/1/5676
f 2886/1/4334 2870/1/5675 2862/1/5665
f 2846/1/5676 2838/1/5677 2830/1/4335
f 2886/1/4334 2862/1/5665 2846/1/5678
f 2830/1/5673 2822/1/5674 2814/1/5679
f 2886/1/4334 2846/1/5676 2830/1/4335
f 2830/1/5673 2814/1/5679 4642/1/4333
s 1
f 11/1/4422 5/1/4421 7/1/4336
f 7/1/4366 2947/1/5680 2945/1/5681
f 7/1/4366 2945/1/5681 2942/1/4337
f 12/1/4349 11/1/4422 7/1/4336
f 4645/1/5682 4655/1/4340 12/1/4349
f 4642/1/4338 4645/1/5682 12/1/4349
f 4642/1/4338 12/1/4349 7/1/4336
f 2889/1/4339 2886/1/4339 2894/1/4340
f 2897/1/4339 2894/1/4339 2902/1/4340
f 2910/1/4343 2908/1/5683 2905/1/5684
f 2910/1/4343 2905/1/5684 2902/1/5685
f 2918/1/4339 2916/1/4339 2913/1/4344
f 2926/1/4347 2924/1/5686 2921/1/4345
f 2918/1/4346 4642/1/5687 2926/1/4347
f 2934/1/4348 2932/1/4348 2929/1/4349
f 2937/1/4350 2934/1/4350 2942/1/4344
f 2934/1/4351 2926/1/5688 4642/1/4352
s 0
f 2894/1/5689 2886/1/5690 4642/1/5691
s 1
f 2940/1/5692 2942/1/4339 2945/1/5693
f 2947/1/4354 7/1/4344 5/1/5694
f 12/1/4349 4655/1/4340 4654/1/4354
f 4654/1/4354 2811/1/5656 2812/1/4344
f 2812/1/4344 2814/1/5695 2817/1/4349
f 2820/1/4349 2822/1/5696 2825/1/5694
f 4654/1/4354 2812/1/4344 2817/1/4349
f 4654/1/4354 2817/1/4349 2820/1/4349
f 5/1/5694 12/1/4349 4654/1/4354
f 2947/1/4354 5/1/5694 4654/1/4354
f 4654/1/4354 2820/1/4349 2825/1/5694
f 2828/1/5694 2830/1/5697 2833/1/5694
f 4654/1/4354 2825/1/5694 2828/1/5694
f 2945/1/5693 2947/1/4354 4654/1/4354
f 2940/1/5692 2945/1/5693 4654/1/4354
f 4654/1/4354 2828/1/5694 2833/1/5694
f 2836/1/4348 2838/1/5695 2841/1/5694
f 4654/1/4354 2833/1/5694 2836/1/4348
f 2937/1/4349 2940/1/5692 4654/1/4354
f 2932/1/4344 2934/1/4344 2937/1/4349
f 2924/1/5698 2926/1/4340 2929/1/5699
f 2932/1/4344 2937/1/4349 4654/1/4354
f 2929/1/5699 2932/1/4344 4654/1/4354
f 4654/1/4354 2836/1/4348 2841/1/5694
f 2844/1/5700 2846/1/5695 2849/1/4349
f 4654/1/4354 2841/1/5694 2844/1/5700
f 2924/1/5698 2929/1/5699 4654/1/4354
f 2916/1/5656 2918/1/5695 2921/1/4350
f 2921/1/4350 2924/1/5698 4654/1/4354
f 4654/1/4354 2844/1/5700 2849/1/4349
f 2852/1/5701 2854/1/5696 2857/1/5702
f 4654/1/4354 2849/1/4349 2852/1/5701
f 2916/1/5656 2921/1/4350 4654/1/4354
f 2908/1/4355 2910/1/5696 2913/1/4349
f 2913/1/4349 2916/1/5656 4654/1/4354
f 4654/1/4354 2852/1/5701 2857/1/5702
f 2860/1/4344 2862/1/5703 2865/1/5694
f 4654/1/4354 2857/1/5702 2860/1/4344
f 2908/1/4355 2913/1/4349 4654/1/4354
f 2900/1/5657 2902/1/5697 2905/1/4349
f 2905/1/4349 2908/1/4355 4654/1/4354
f 4654/1/4354 2860/1/4344 2865/1/5694
f 2868/1/4348 2870/1/5704 2873/1/4349
f 4654/1/4354 2865/1/5694 2868/1/4348
f 2900/1/5657 2905/1/4349 4654/1/4354
f 2892/1/5705 2894/1/5697 2897/1/4349
f 2897/1/4349 2900/1/5657 4654/1/4354
f 4654/1/4354 2868/1/4348 2873/1/4349
f 2876/1/4344 2878/1/5706 2881/1/4349
f 4654/1/4354 2873/1/4349 2876/1/4344
f 2892/1/5705 2897/1/4349 4654/1/4354
f 2884/1/4355 2886/1/5703 2889/1/5700
f 2889/1/5700 2892/1/5705 4654/1/4354
f 4654/1/4354 2876/1/4344 2881/1/4349
f 2884/1/4355 2889/1/5700 4654/1/4354
f 2521/2/5073 2520/2/5072 2519/2/5707
f 2519/2/5707 2525/2/5708 2530/2/5709
f 2529/2/5710 2533/2/5711 2538/2/5708
f 2519/2/5707 2530/2/5709 2529/2/5710
f 2522/2/4360 2521/2/5073 2519/2/5707
f 4639/2/5712 4653/2/5713 2522/2/4360
f 234/2/4360 4652/2/4361 4640/2/4361
f 230/2/4358 229/2/5714 234/2/4360
f 2653/2/5715 2656/2/5712 230/2/4358
f 2645/2/5714 2649/2/5716 2650/2/5717
f 2650/2/5718 2653/2/5715 230/2/4358
f 230/2/4358 234/2/4360 4640/2/4361
f 4639/2/5712 2522/2/4360 2519/2/5707
f 2529/2/5710 2538/2/5708 2537/2/5719
f 4640/2/4361 4639/2/5712 2519/2/5707
f 4640/2/4361 2519/2/5707 2529/2/5710
f 230/2/4358 4640/2/4361 2529/2/5710
f 2537/2/5719 2541/2/5708 2546/2/5720
f 230/2/4358 2529/2/5710 2537/2/5719
f 2642/2/5721 2645/2/5714 2650/2/5717
f 2637/2/5714 2641/2/5716 2642/2/5721
f 2629/2/5711 2633/2/5716 2634/2/4356
f 2634/2/5722 2637/2/5714 2642/2/5721
f 2626/2/5723 2629/2/5711 2634/2/4356
f 2621/2/5720 2625/2/5720 2626/2/5723
f 2613/2/5720 2618/2/5711 2617/2/5724
f 2617/2/5724 2621/2/5720 2626/2/5723
f 2617/2/5724 2626/2/5723 2634/2/4356
f 2609/2/5725 2613/2/5720 2617/2/5724
f 2605/2/5709 2610/2/5711 2609/2/5725
f 2597/2/5709 2602/2/5711 2601/2/5726
f 2601/2/5726 2605/2/5709 2609/2/5725
f 2609/2/5725 2617/2/5724 2634/2/4356
f 2601/2/5726 2609/2/5725 2634/2/4356
f 2593/2/5727 2597/2/5709 2601/2/5726
f 2589/2/5711 2594/2/5708 2593/2/5727
f 2581/2/5720 2586/2/5720 2585/2/5728
f 2585/2/5728 2589/2/5711 2593/2/5727
f 2593/2/5727 2601/2/5726 2634/2/4356
f 2585/2/5728 2593/2/5727 2634/2/4356
f 2577/2/5729 2581/2/5720 2585/2/5728
f 2573/2/5711 2578/2/5708 2577/2/5729
f 2565/2/5711 2570/2/5708 2569/2/5730
f 2569/2/5730 2573/2/5711 2577/2/5729
f 2577/2/5729 2585/2/5728 2634/2/4356
f 2569/2/5730 2577/2/5729 2634/2/4356
f 2561/2/5731 2565/2/5711 2569/2/5730
f 2557/2/5711 2562/2/5711 2561/2/5731
f 2549/2/5708 2554/2/5732 2553/2/5733
f 2553/2/5733 2557/2/5711 2561/2/5731
f 2561/2/5731 2569/2/5730 2634/2/4356
f 2553/2/5733 2561/2/5731 2634/2/4356
f 2545/2/5734 2549/2/5708 2553/2/5733
f 2537/2/5719 2546/2/5720 2545/2/5734
f 230/2/4358 2537/2/5719 2545/2/5734
f 2545/2/5734 2553/2/5733 2634/2/4356
f 230/2/4358 2545/2/5734 2634/2/4356
s 0
f 2634/2/4356 2642/2/5735 2650/2/5718
s 1
f 2589/2/4359 2585/2/5736 2586/2/4360
f 2581/2/5713 2577/2/5737 2578/2/4360
f 2573/2/5712 2569/2/5736 2570/2/5738
f 2565/2/5739 2561/2/5740 2562/2/5738
f 2557/2/5741 2553/2/5742 2554/2/5743
f 2549/2/5744 2545/2/5745 2546/2/4359
f 2541/2/5739 2537/2/5746 2538/2/5747
f 2533/2/5748 2529/2/5745 2530/2/5749
f 2525/2/5750 2519/2/5742 2520/2/5751
f 2522/2/4360 4653/2/5713 4652/2/4361
f 4652/2/4361 234/2/4360 229/2/5752
f 229/2/5752 230/2/4359 2656/2/5752
f 2653/2/5753 2650/2/5749 2649/2/5752
f 4652/2/4361 229/2/5752 2656/2/5752
f 4652/2/4361 2656/2/5752 2653/2/5753
f 2520/2/5751 2522/2/4360 4652/2/4361
f 2525/2/5750 2520/2/5751 4652/2/4361
f 4652/2/4361 2653/2/5753 2649/2/5752
f 2645/2/5749 2642/2/4359 2641/2/5754
f 4652/2/4361 2649/2/5752 2645/2/5749
f 2530/2/5749 2525/2/5750 4652/2/4361
f 2533/2/5748 2530/2/5749 4652/2/4361
f 4652/2/4361 2645/2/5749 2641/2/5754
f 2637/2/5755 2634/2/5756 2633/2/5752
f 4652/2/4361 2641/2/5754 2637/2/5755
f 2538/2/5747 2533/2/5748 4652/2/4361
f 2541/2/5739 2538/2/5747 4652/2/4361
f 4652/2/4361 2637/2/5755 2633/2/5752
f 2629/2/5757 2626/2/5742 2625/2/4360
f 4652/2/4361 2633/2/5752 2629/2/5757
f 2546/2/4359 2541/2/5739 4652/2/4361
f 2549/2/5744 2546/2/4359 4652/2/4361
f 4652/2/4361 2629/2/5757 2625/2/4360
f 2621/2/5757 2617/2/5740 2618/2/5755
f 4652/2/4361 2625/2/4360 2621/2/5757
f 2554/2/5743 2549/2/5744 4652/2/4361
f 2557/2/5741 2554/2/5743 4652/2/4361
f 4652/2/4361 2621/2/5757 2618/2/5755
f 2613/2/5712 2609/2/5736 2610/2/5738
f 4652/2/4361 2618/2/5755 2613/2/5712
f 2562/2/5738 2557/2/5741 4652/2/4361
f 2565/2/5739 2562/2/5738 4652/2/4361
f 4652/2/4361 2613/2/5712 2610/2/5738
f 2605/2/5758 2601/2/5737 2602/2/4360
f 4652/2/4361 2610/2/5738 2605/2/5758
f 2570/2/5738 2565/2/5739 4652/2/4361
f 2573/2/5712 2570/2/5738 4652/2/4361
f 4652/2/4361 2605/2/5758 2602/2/4360
f 2597/2/5759 2593/2/5742 2594/2/4360
f 4652/2/4361 2602/2/4360 2597/2/5759
f 2578/2/4360 2573/2/5712 4652/2/4361
f 2581/2/5713 2578/2/4360 4652/2/4361
f 4652/2/4361 2597/2/5759 2594/2/4360
f 4652/2/4361 2594/2/4360 2589/2/4359
f 2586/2/4360 2581/2/5713 4652/2/4361
f 1387/1/4369 1390/1/5760 1380/1/5761
f 4665/1/5760 298/1/5760 301/1/5760
f 301/1/5762 287/1/4365 291/1/4369
f 291/1/5763 1525/1/5760 1520/1/4363
f 1518/1/5764 1517/1/5762 1512/1/4369
f 291/1/5763 1520/1/4363 1518/1/5764
f 4665/1/4363 301/1/5762 291/1/4369
f 1387/1/4363 1380/1/4363 4664/1/4363
f 1397/1/5765 1392/1/5762 1388/1/5766
f 1388/1/4363 1387/1/4363 4664/1/4363
f 1518/1/5764 1512/1/4369 1510/1/5767
f 1510/1/5768 1509/1/4369 1504/1/5760
f 1502/1/5769 1501/1/5762 1496/1/5762
f 1510/1/5768 1504/1/5760 1502/1/5769
f 1502/1/5769 1496/1/5762 1494/1/5770
f 1494/1/5770 1493/1/4369 1488/1/5760
f 1486/1/5771 1485/1/4369 1480/1/5760
f 1494/1/5770 1488/1/5760 1486/1/5771
f 1486/1/5771 1480/1/5760 1478/1/5772
f 1478/1/5773 1477/1/4365 1472/1/5760
f 1470/1/5774 1469/1/4369 1464/1/4363
f 1478/1/5773 1472/1/5760 1470/1/5775
f 1470/1/5774 1464/1/4363 1462/1/5776
f 1462/1/5776 1461/1/4369 1456/1/5760
f 1454/1/5777 1453/1/5778 1448/1/5760
f 1462/1/5776 1456/1/5760 1454/1/5779
f 1454/1/5777 1448/1/5760 1446/1/5780
f 1446/1/5781 1445/1/5762 1440/1/5760
f 1438/1/5782 1437/1/4369 1432/1/5762
f 1446/1/5781 1440/1/5760 1438/1/5782
f 1438/1/5782 1432/1/5762 1430/1/5783
f 1406/1/5784 1405/1/5762 1400/1/5785
f 1406/1/5784 1400/1/5785 1398/1/5786
f 1398/1/5786 1397/1/5765 1388/1/5766
f 1406/1/5784 1398/1/5786 1388/1/5766
s 0
f 4665/1/4342 291/1/5787 1518/1/5764
f 1510/1/5768 1502/1/5769 1494/1/5788
f 4665/1/4317 1518/1/5789 1510/1/5768
f 1494/1/5770 1486/1/5788 1478/1/5773
f 4665/1/4342 1510/1/5768 1494/1/5788
f 1478/1/5773 1470/1/5774 1462/1/5782
f 4665/1/4317 1494/1/5770 1478/1/5773
f 1462/1/5776 1454/1/5790 1446/1/5781
f 4665/1/4342 1478/1/5773 1462/1/5776
f 1446/1/5780 1438/1/5791 1430/1/4362
f 4665/1/4353 1462/1/5776 1446/1/5781
f 1430/1/5783 1406/1/5792 1388/1/5766
f 4665/1/4353 1446/1/5781 1430/1/4362
f 1430/1/5783 1388/1/5766 4664/1/4342
s 1
f 1414/1/4364 1413/1/4369 1408/1/4363
f 1422/1/4369 1421/1/4369 1416/1/5760
f 1414/1/4364 1408/1/4363 1406/1/4363
f 1422/1/4369 1416/1/5760 1414/1/4364
f 1424/1/4363 1422/1/4363 1430/1/4365
f 302/1/4366 303/1/5793 298/1/4366
f 298/1/4366 299/1/5794 300/1/4367
f 302/1/5795 300/1/5796 299/1/5797
f 4635/1/5798 1383/1/5799 1384/1/5800
f 1391/1/4369 1390/1/5801 1387/1/4365
f 4635/1/5798 1384/1/5800 1391/1/4369
f 302/1/5802 299/1/5803 4636/1/5804
f 301/1/4365 298/1/4365 303/1/4363
f 303/1/4363 302/1/5802 4636/1/5804
f 4636/1/5804 4635/1/5798 1391/1/4369
f 1387/1/4365 1388/1/5762 1392/1/5805
f 4636/1/5804 1391/1/4369 1387/1/4365
f 287/1/4369 301/1/4365 303/1/4363
f 303/1/4363 4636/1/5804 1387/1/4365
f 303/1/4363 1387/1/4365 1392/1/5805
f 1525/1/4365 291/1/5762 287/1/4369
f 303/1/4363 1392/1/5805 1397/1/5806
f 1397/1/5806 1398/1/5807 1400/1/5808
f 1405/1/4363 1406/1/5762 1408/1/5809
f 303/1/4363 1397/1/5806 1400/1/5808
f 303/1/4363 1400/1/5808 1405/1/4363
f 1525/1/4365 287/1/4369 303/1/4363
f 1517/1/4365 1518/1/4369 1520/1/5762
f 1520/1/5762 1525/1/4365 303/1/4363
f 303/1/4363 1405/1/4363 1408/1/5809
f 1413/1/5805 1414/1/5805 1416/1/5810
f 303/1/4363 1408/1/5809 1413/1/5805
f 1517/1/4365 1520/1/5762 303/1/4363
f 1509/1/5805 1510/1/5762 1512/1/4365
f 1512/1/4365 1517/1/4365 303/1/4363
f 303/1/4363 1413/1/5805 1416/1/5810
f 1421/1/5805 1422/1/4369 1424/1/5811
f 303/1/4363 1416/1/5810 1421/1/5805
f 1509/1/5805 1512/1/4365 303/1/4363
f 1501/1/4365 1502/1/5805 1504/1/4366
f 1504/1/4366 1509/1/5805 303/1/4363
f 303/1/4363 1421/1/5805 1424/1/5811
f 1429/1/5810 1430/1/5762 1432/1/4369
f 303/1/4363 1424/1/5811 1429/1/5810
f 1501/1/4365 1504/1/4366 303/1/4363
f 1493/1/4366 1494/1/4369 1496/1/5812
f 1496/1/5812 1501/1/4365 303/1/4363
f 303/1/4363 1429/1/5810 1432/1/4369
f 1437/1/4366 1438/1/5762 1440/1/4365
f 303/1/4363 1432/1/4369 1437/1/4366
f 1493/1/4366 1496/1/5812 303/1/4363
f 1485/1/4369 1486/1/5762 1488/1/5761
f 1488/1/5761 1493/1/4366 303/1/4363
f 303/1/4363 1437/1/4366 1440/1/4365
f 1445/1/4369 1446/1/5762 1448/1/5760
f 303/1/4363 1440/1/4365 1445/1/4369
f 1485/1/4369 1488/1/5761 303/1/4363
f 1477/1/5805 1478/1/5762 1480/1/5760
f 1480/1/5760 1485/1/4369 303/1/4363
f 303/1/4363 1445/1/4369 1448/1/5760
f 1453/1/4363 1454/1/5760 1456/1/5761
f 303/1/4363 1448/1/5760 1453/1/4363
f 1477/1/5805 1480/1/5760 303/1/4363
f 1469/1/4365 1470/1/4369 1472/1/4365
f 1472/1/4365 1477/1/5805 303/1/4363
f 303/1/4363 1453/1/4363 1456/1/5761
f 1461/1/4366 1462/1/5761 1464/1/4368
f 303/1/4363 1456/1/5761 1461/1/4366
f 1469/1/4365 1472/1/4365 303/1/4363
f 303/1/4363 1461/1/4366 1464/1/4368
f 1380/1/4365 1390/1/5801 1391/1/4369
f 1384/1/4370 1383/1/5813 1380/1/4365
f 2665/2/4371 2663/2/4372 54/2/4372
f 54/2/4372 59/2/5814 2659/2/4373
f 2662/2/5166 2661/2/5165 2666/2/5815
f 2666/2/5815 2670/2/5816 2672/2/5816
f 2674/2/5817 2678/2/5816 2680/2/5818
f 2666/2/5815 2672/2/5816 2674/2/5819
f 54/2/5167 2662/2/5166 2666/2/5815
f 2774/2/4379 2776/2/4378 2778/2/4378
f 2766/2/4377 2768/2/4379 2770/2/5820
f 2770/2/5820 2774/2/4379 2778/2/4378
f 4666/2/5821 54/2/5167 2666/2/5815
f 2674/2/5817 2680/2/5818 2682/2/5822
f 4666/2/5821 2666/2/5815 2674/2/5819
f 2762/2/5823 2766/2/4377 2770/2/5820
f 2758/2/5824 2760/2/4375 2762/2/5825
f 2750/2/5826 2752/2/5827 2754/2/5828
f 2754/2/5828 2758/2/5824 2762/2/5825
f 2746/2/5829 2750/2/5826 2754/2/5828
f 2742/2/5830 2744/2/5831 2746/2/5829
f 2734/2/5832 2736/2/5833 2738/2/5834
f 2738/2/5834 2742/2/5830 2746/2/5829
f 2746/2/5829 2754/2/5828 2762/2/5825
f 2730/2/5835 2734/2/5832 2738/2/5834
f 2726/2/4377 2728/2/5836 2730/2/5835
f 2722/2/5837 2726/2/4377 2730/2/5835
f 2730/2/5835 2738/2/5834 2746/2/5829
f 2730/2/5835 2746/2/5829 2762/2/5825
f 4666/2/5838 2674/2/5817 2682/2/5822
f 2682/2/5822 2686/2/4379 2688/2/4375
f 2690/2/5839 2694/2/4379 2696/2/4375
f 2682/2/5822 2688/2/4375 2690/2/5840
f 2702/2/4377 2704/2/5841 2706/2/5842
f 2690/2/5839 2696/2/4375 2698/2/5843
f 2698/2/5843 2702/2/4377 2706/2/5842
s 0
f 2722/2/5844 2730/2/5845 2762/2/5846
f 2690/2/5839 2698/2/5847 2706/2/4374
f 2722/2/5844 2762/2/5846 2770/2/5848
f 2682/2/5849 2690/2/5850 2706/2/4374
f 2722/2/5844 2770/2/5848 2778/2/4375
f 4666/2/5851 2682/2/5822 2706/2/4374
f 2706/2/4374 2722/2/5844 2778/2/4375
s 1
f 2710/2/4377 2712/2/4378 2714/2/4378
f 2718/2/4375 2720/2/4375 2722/2/4375
f 19/2/5852 25/2/5853 24/2/5854
f 2796/2/4380 2801/2/4375 2803/2/5855
f 20/2/5856 19/2/5857 24/2/5854
f 2796/2/4380 2803/2/5855 20/2/5858
f 20/2/5856 24/2/5854 4658/2/5859
f 2734/2/5860 2730/2/4375 2728/2/4378
f 2726/2/4379 2722/2/4378 2720/2/5841
f 2718/2/5861 2714/2/4378 2712/2/4375
f 2710/2/5841 2706/2/4378 2704/2/5862
f 2702/2/5841 2698/2/4378 2696/2/5860
f 2694/2/4371 2690/2/4371 2688/2/5860
f 2686/2/4371 2682/2/4378 2680/2/5841
f 2678/2/5863 2674/2/5864 2672/2/5831
f 2670/2/5865 2666/2/5816 2661/2/5831
f 2663/2/5860 2665/2/5866 2659/2/5867
f 2661/2/5831 54/2/5841 2663/2/4379
f 2670/2/5865 2661/2/5831 2663/2/4379
f 2663/2/5860 2659/2/5867 59/2/5868
f 4649/2/5869 30/2/5870 27/2/5871
f 26/2/4378 25/2/5872 19/2/5826
f 4649/2/5869 27/2/5871 26/2/4378
f 2663/2/4379 59/2/5873 4646/2/5874
f 2672/2/5831 2670/2/5865 2663/2/4379
f 2678/2/5863 2672/2/5831 2663/2/4379
f 2663/2/4379 4646/2/5874 4649/2/5869
f 2663/2/4379 4649/2/5869 26/2/4378
f 2680/2/5841 2678/2/5863 2663/2/4379
f 2686/2/4371 2680/2/5841 2663/2/4379
f 2663/2/4379 26/2/4378 19/2/5826
f 19/2/5826 20/2/5875 2803/2/5841
f 2801/2/4378 2796/2/4379 2794/2/5876
f 2663/2/4379 19/2/5826 2803/2/5841
f 2663/2/4379 2803/2/5841 2801/2/4378
f 2688/2/5860 2686/2/4371 2663/2/4379
f 2694/2/4371 2688/2/5860 2663/2/4379
f 2663/2/4379 2801/2/4378 2794/2/5876
f 2792/2/4371 2787/2/4378 2785/2/5860
f 2663/2/4379 2794/2/5876 2792/2/4371
f 2696/2/5860 2694/2/4371 2663/2/4379
f 2702/2/5841 2696/2/5860 2663/2/4379
f 2663/2/4379 2792/2/4371 2785/2/5860
f 2783/2/4375 2778/2/5877 2776/2/5878
f 2663/2/4379 2785/2/5860 2783/2/4375
f 2704/2/5862 2702/2/5841 2663/2/4379
f 2710/2/5841 2704/2/5862 2663/2/4379
f 2663/2/4379 2783/2/4375 2776/2/5878
f 2774/2/5874 2770/2/4379 2768/2/4380
f 2663/2/4379 2776/2/5878 2774/2/5874
f 2712/2/4375 2710/2/5841 2663/2/4379
f 2718/2/5861 2712/2/4375 2663/2/4379
f 2663/2/4379 2774/2/5874 2768/2/4380
f 2766/2/4378 2762/2/5879 2760/2/5868
f 2663/2/4379 2768/2/4380 2766/2/4378
f 2720/2/5841 2718/2/5861 2663/2/4379
f 2726/2/4379 2720/2/5841 2663/2/4379
f 2663/2/4379 2766/2/4378 2760/2/5868
f 2758/2/4378 2754/2/5826 2752/2/4379
f 2663/2/4379 2760/2/5868 2758/2/4378
f 2728/2/4378 2726/2/4379 2663/2/4379
f 2734/2/5860 2728/2/4378 2663/2/4379
f 2663/2/4379 2758/2/4378 2752/2/4379
f 2750/2/4379 2746/2/5831 2744/2/4380
f 2663/2/4379 2752/2/4379 2750/2/4379
f 2736/2/5863 2734/2/5860 2663/2/4379
f 2742/2/4375 2738/2/5880 2736/2/5863
f 2663/2/4379 2750/2/4379 2744/2/4380
f 2742/2/4375 2736/2/5863 2663/2/4379
f 24/2/4382 25/2/5872 26/2/4378
f 27/2/4381 30/2/5881 24/2/4382
f 2787/2/4371 2792/2/5874 2794/2/4383
f 2778/2/4379 2783/2/4379 2785/2/4375
f 4638/25/4332 4650/28/4332 4657/29/4332
f 4641/25/4332 4644/26/4332 4656/29/4332
f 3605/64/4387 4655/1/4387 4645/1/5882
f 4640/2/5883 4652/2/4387 149/65/4387
f 149/65/5884 148/66/5885 156/67/5886
f 156/67/5887 3691/68/5888 3692/69/5889
f 3687/33/4386 3684/70/5888 3685/71/5890
f 156/67/5887 3692/69/5889 3687/33/4386
f 4640/2/4385 149/65/5884 156/67/5886
f 3604/72/5888 3605/64/4387 4645/1/5882
f 3612/73/5891 3613/74/5892 3607/75/5887
f 3607/75/5886 3604/72/5888 4645/1/5882
f 3687/33/4386 3685/71/5890 3679/76/5893
f 3679/76/5894 3676/77/5895 3677/78/5891
f 3671/79/5896 3668/80/5892 3669/81/5890
f 3679/76/5894 3677/78/5891 3671/79/5897
f 3671/79/5896 3669/81/5890 3663/82/5898
f 3663/82/5898 3660/83/5888 3661/84/5891
f 3655/85/5899 3652/32/5900 3653/31/5889
f 3663/82/5898 3661/84/5891 3655/85/5899
f 3655/85/5899 3653/31/5889 3647/86/5898
f 3647/86/5898 3644/87/5888 3645/88/5891
f 3639/89/5901 3636/90/5891 3637/91/5902
f 3647/86/5898 3645/88/5891 3639/89/5901
f 3639/89/5901 3637/91/5902 3631/92/5903
f 3631/92/5903 3628/93/5900 3629/94/5902
f 3623/95/5904 3620/96/5892 3621/97/5902
f 3631/92/5903 3629/94/5902 3623/95/5905
f 3623/95/5904 3621/97/5902 3615/30/4386
f 3615/30/4386 3612/73/5891 3607/75/5887
s 0
f 4640/2/4385 156/67/5887 3687/33/4386
f 3679/76/5904 3671/79/5897 3663/82/5898
f 4640/2/4385 3687/33/4386 3679/76/5904
f 3663/82/5898 3655/85/5901 3647/86/5898
f 4640/2/4385 3679/76/5904 3663/82/5898
f 3647/86/5898 3639/89/5901 3631/92/5906
f 4640/2/4385 3663/82/5898 3647/86/5898
f 3631/92/5906 3623/95/5904 3615/30/4386
f 4640/2/4385 3647/86/5898 3631/92/5906
f 3615/30/4386 3607/75/5887 4645/1/4384
f 4640/2/5883 3631/92/5906 3615/30/4386
s 1
f 3676/77/4389 3679/76/5907 3685/71/5908
f 3684/70/4389 3687/33/5909 3692/69/4389
f 3691/68/4389 156/67/5907 148/66/4389
f 148/66/4389 149/65/4387 4652/2/4387
f 4652/2/4387 4655/1/4387 3605/64/4387
f 3604/72/5910 3607/75/5907 3613/74/5911
f 4652/2/4387 3605/64/4387 3604/72/5910
f 3691/68/4389 148/66/4389 4652/2/4387
f 3692/69/4389 3691/68/4389 4652/2/4387
f 4652/2/4387 3604/72/5910 3613/74/5911
f 3612/73/4389 3615/30/5907 3621/97/5912
f 4652/2/4387 3613/74/5911 3612/73/4389
f 3684/70/4389 3692/69/4389 4652/2/4387
f 3685/71/5908 3684/70/4389 4652/2/4387
f 4652/2/4387 3612/73/4389 3621/97/5912
f 3620/96/4389 3623/95/5907 3629/94/5913
f 4652/2/4387 3621/97/5912 3620/96/4389
f 3676/77/4389 3685/71/5908 4652/2/4387
f 3668/80/4389 3671/79/5914 3677/78/5915
f 3677/78/5915 3676/77/4389 4652/2/4387
f 4652/2/4387 3620/96/4389 3629/94/5913
f 3628/93/4389 3631/92/5914 3637/91/5916
f 4652/2/4387 3629/94/5913 3628/93/4389
f 3668/80/4389 3677/78/5915 4652/2/4387
f 3660/83/4389 3663/82/5914 3669/81/5909
f 3669/81/5909 3668/80/4389 4652/2/4387
f 4652/2/4387 3628/93/4389 3637/91/5916
f 3636/90/4389 3639/89/5907 3645/88/5900
f 4652/2/4387 3637/91/5916 3636/90/4389
f 3660/83/4389 3669/81/5909 4652/2/4387
f 3652/32/4389 3655/85/5914 3661/84/5917
f 3661/84/5917 3660/83/4389 4652/2/4387
f 4652/2/4387 3636/90/4389 3645/88/5900
f 3644/87/4389 3647/86/5914 3653/31/4388
f 4652/2/4387 3645/88/5900 3644/87/4389
f 3652/32/4389 3661/84/5917 4652/2/4387
f 4652/2/4387 3644/87/4389 3653/31/4388
f 74/98/5918 4653/2/4393 4639/2/4390
f 4642/1/4390 4654/1/4393 4354/64/4393
f 4354/64/5919 4353/72/5920 4352/75/5921
f 4352/75/5922 4357/74/5923 4362/73/5924
f 4361/30/5925 4365/97/5923 4370/96/5924
f 4352/75/5922 4362/73/5924 4361/30/5925
f 4642/1/4390 4354/64/5919 4352/75/5921
f 65/66/5923 74/98/5918 4639/2/4390
f 4437/69/5924 4440/68/5923 66/67/5926
f 66/67/5921 65/66/5923 4639/2/4390
f 4361/30/5925 4370/96/5924 4369/99/5927
f 4369/99/5928 4373/100/5923 4378/93/5924
f 4377/92/5929 4381/91/5924 4386/90/5924
f 4369/99/5928 4378/93/5924 4377/92/5929
f 4377/92/5929 4386/90/5924 4385/89/5930
f 4385/89/5930 4389/88/5923 4394/101/5924
f 4393/86/5931 4397/31/5924 4402/34/5923
f 4385/89/5930 4394/101/5924 4393/86/5931
f 4393/86/5931 4402/34/5923 4401/85/5932
f 4401/85/5933 4405/102/5923 4410/83/5923
f 4409/103/5932 4413/81/5924 4418/80/5924
f 4401/85/5933 4410/83/5923 4409/103/5932
f 4409/103/5932 4418/80/5924 4417/79/5934
f 4417/79/5935 4421/78/5924 4426/77/5923
f 4425/104/5936 4429/71/5923 4434/70/5923
f 4417/79/5935 4426/77/5923 4425/104/5936
f 4425/104/5936 4434/70/5923 4433/33/5937
f 4433/33/5937 4437/69/5924 66/67/5926
s 0
f 4642/1/4390 4352/75/5926 4361/30/5925
f 4369/99/5938 4377/92/5939 4385/89/5930
f 4642/1/4390 4361/30/5925 4369/99/5938
f 4385/89/5930 4393/86/5931 4401/85/5931
f 4642/1/4390 4369/99/5938 4385/89/5940
f 4401/85/5931 4409/103/5931 4417/79/5934
f 4642/1/4390 4385/89/5930 4401/85/5931
f 4417/79/5934 4425/104/5936 4433/33/4391
f 4642/1/4390 4401/85/5931 4417/79/5934
f 4433/33/4391 66/67/5926 4639/2/4390
f 4642/1/4390 4417/79/5941 4433/33/4391
s 1
f 4405/102/4393 4401/85/4390 4402/34/4392
f 4397/31/4393 4393/86/5920 4394/101/5942
f 4389/88/4393 4385/89/5923 4386/90/5942
f 4381/91/4393 4377/92/5924 4378/93/5943
f 4373/100/4393 4369/99/5924 4370/96/5920
f 4365/97/5944 4361/30/4390 4362/73/5945
f 4357/74/4393 4352/75/5923 4353/72/4393
f 4353/72/4393 4354/64/4393 4654/1/4393
f 4654/1/4393 4653/2/4393 74/98/5918
f 65/66/4392 66/67/5924 4440/68/5946
f 4654/1/4393 74/98/5918 65/66/4392
f 4357/74/4393 4353/72/4393 4654/1/4393
f 4362/73/5945 4357/74/4393 4654/1/4393
f 4654/1/4393 65/66/4392 4440/68/5946
f 4437/69/4393 4433/33/5920 4434/70/5947
f 4654/1/4393 4440/68/5946 4437/69/4393
f 4365/97/5944 4362/73/5945 4654/1/4393
f 4370/96/5920 4365/97/5944 4654/1/4393
f 4654/1/4393 4437/69/4393 4434/70/5947
f 4429/71/4393 4425/104/5924 4426/77/5948
f 4654/1/4393 4434/70/5947 4429/71/4393
f 4373/100/4393 4370/96/5920 4654/1/4393
f 4378/93/5943 4373/100/4393 4654/1/4393
f 4654/1/4393 4429/71/4393 4426/77/5948
f 4421/78/4393 4417/79/5920 4418/80/5949
f 4654/1/4393 4426/77/5948 4421/78/4393
f 4381/91/4393 4378/93/5943 4654/1/4393
f 4386/90/5942 4381/91/4393 4654/1/4393
f 4654/1/4393 4421/78/4393 4418/80/5949
f 4413/81/4393 4409/103/5923 4410/83/5919
f 4654/1/4393 4418/80/5949 4413/81/4393
f 4389/88/4393 4386/90/5942 4654/1/4393
f 4394/101/5942 4389/88/4393 4654/1/4393
f 4654/1/4393 4413/81/4393 4410/83/5919
f 4654/1/4393 4410/83/5919 4405/102/4393
f 4397/31/4393 4394/101/5942 4654/1/4393
f 4654/1/4393 4405/102/4393 4402/34/4392
f 4599/105/5950 4600/57/5951 4611/106/5952
f 4607/58/5953 4608/52/5951 4619/107/4394
s 0
f 4599/105/5950 4611/106/5952 4607/58/5954
s 1
f 4591/108/5955 4592/59/5951 4603/109/5956
s 0
f 4603/109/5957 4599/105/5958 4607/58/5954
f 4591/108/5959 4603/109/5957 4607/58/5954
s 1
f 4583/110/5956 4584/111/5951 4595/112/5960
s 0
f 4583/110/5957 4595/112/5961 4591/108/5959
s 1
f 4575/113/5962 4576/114/5951 4587/115/5950
s 0
f 4587/115/5958 4583/110/5957 4591/108/5959
f 4575/113/5952 4587/115/5950 4591/108/5963
s 1
f 4567/116/5964 4568/56/5951 4579/117/5965
s 0
f 4575/113/5966 4591/108/5959 4607/58/5954
f 4567/116/5964 4579/117/5965 4575/113/5966
s 1
f 4559/118/5951 4560/55/5951 4571/119/5967
s 0
f 4571/119/5967 4567/116/5964 4575/113/5966
f 4559/118/4394 4571/119/5967 4575/113/5966
s 1
f 4551/120/5968 4552/54/5951 4563/121/5969
s 0
f 4559/118/5970 4575/113/5952 4607/58/5954
f 4551/120/5971 4563/121/5969 4559/118/4394
s 1
f 4541/122/4394 4542/123/5951 4555/124/5972
s 0
f 4555/124/5973 4551/120/5971 4559/118/4394
f 4541/122/4394 4555/124/5973 4559/118/4394
s 1
f 4546/37/4396 4545/125/5974 4541/122/5975
f 299/1/5976 4547/38/5977 4546/37/4396
f 37/42/5978 30/2/5979 4649/2/5980
f 41/126/4396 43/53/5981 37/42/5978
f 40/127/4394 24/40/5982 41/126/4396
f 4631/128/4394 44/50/5951 39/129/5970
f 39/129/5970 40/127/4394 41/126/4396
f 41/126/4396 37/42/5978 4649/2/5980
f 4636/1/4394 299/1/5976 4546/37/4396
f 4546/37/4396 4541/122/5975 4559/118/4394
f 4546/37/4396 4559/118/4394 4607/58/5953
f 4649/2/5980 4636/1/4394 4546/37/4396
f 4631/128/4394 39/129/5970 41/126/4396
f 41/126/4396 4649/2/5980 4546/37/4396
f 4546/37/4396 4607/58/5953 4619/107/4394
f 4615/130/5983 4616/51/5951 4627/35/4394
f 4546/37/4396 4619/107/4394 4615/130/5983
f 4631/128/4394 41/126/4396 4546/37/4396
f 4623/36/4395 4624/131/4413 4633/132/4394
f 4633/132/4394 4631/128/4394 4546/37/4396
f 4546/37/4396 4615/130/5983 4627/35/4394
f 4623/36/4395 4633/132/4394 4546/37/4396
f 4547/38/4397 299/1/5984 298/39/4398
f 298/39/4398 4545/125/5974 4546/37/4396
f 55/42/4401 59/2/5985 54/40/4399
f 54/40/4399 52/133/5986 56/41/4400
f 4486/134/4402 4482/114/4418 4480/113/5987
f 4478/117/4402 4474/56/4418 4472/116/4399
f 4470/119/4402 4467/55/4418 4464/118/5988
f 4462/121/4402 4459/54/4418 4456/120/4402
f 4454/124/5989 4451/135/5990 4446/122/5989
f 4449/43/4400 4448/46/5991 4443/38/5992
f 4446/122/5989 1380/39/5986 4449/43/4400
f 4454/124/5989 4446/122/5989 4449/43/4400
f 4449/43/4400 4443/38/5992 1383/1/5993
f 4646/2/5994 59/2/5995 55/42/5996
f 56/41/4400 52/133/5986 48/129/4399
f 4646/2/5994 55/42/5996 56/41/4400
f 4449/43/4400 1383/1/4418 4635/1/4402
f 4456/120/4402 4454/124/5989 4449/43/4400
f 4462/121/4402 4456/120/4402 4449/43/4400
f 4449/43/4400 4635/1/4402 4646/2/5994
f 4449/43/4400 4646/2/5994 56/41/4400
f 4464/118/5988 4462/121/4402 4449/43/4400
f 4470/119/4402 4464/118/5988 4449/43/4400
f 4449/43/4400 56/41/4400 48/129/4399
f 48/129/4399 49/50/4418 4536/128/5997
f 4534/132/5989 4530/131/5998 4528/36/5999
f 4449/43/4400 48/129/4399 4536/128/5997
f 4449/43/4400 4536/128/5997 4534/132/5989
f 4472/116/4399 4470/119/4402 4449/43/4400
f 4478/117/4402 4472/116/4399 4449/43/4400
f 4449/43/4400 4534/132/5989 4528/36/5999
f 4526/35/5989 4522/51/6000 4520/130/6001
f 4449/43/4400 4528/36/5999 4526/35/5989
f 4480/113/5987 4478/117/4402 4449/43/4400
f 4486/134/4402 4480/113/5987 4449/43/4400
f 4449/43/4400 4526/35/5989 4520/130/6001
f 4518/136/4402 4514/52/4418 4512/58/4399
f 4449/43/4400 4520/130/6001 4518/136/4402
f 4488/137/6002 4486/134/4402 4449/43/4400
f 4494/112/5989 4490/111/6000 4488/137/6002
f 4502/45/4402 4498/59/4418 4496/138/4399
f 4494/112/5989 4488/137/6002 4449/43/4400
f 4496/138/4399 4494/112/5989 4449/43/4400
f 4449/43/4400 4518/136/4402 4512/58/4399
f 4510/106/4402 4506/57/4418 4504/44/4402
f 4449/43/4400 4512/58/4399 4510/106/4402
f 4502/45/4402 4496/138/4399 4449/43/4400
f 4449/43/4400 4510/106/4402 4504/44/4402
f 1380/1/4403 1383/1/6003 4443/38/4404
f 4448/46/4402 4449/43/4403 1380/1/4403
f 1388/1/4407 4664/1/6004 4660/1/6004
f 4663/1/6004 4665/1/6004 291/1/6005
f 4663/1/6004 291/1/6005 4667/1/6006
f 4684/1/6007 1388/1/6008 4660/1/4405
f 4683/1/6009 4684/1/6007 4660/1/4405
f 4660/1/4405 4663/1/6004 4667/1/6006
f 4660/1/4405 4667/1/6006 4668/1/4406
f 4682/1/6010 4683/1/6009 4660/1/4405
f 4681/1/6004 4682/1/6010 4660/1/4405
f 4660/1/4405 4668/1/4406 4669/1/4406
f 4660/1/4405 4669/1/4406 4670/1/4405
f 4680/1/4406 4681/1/6004 4660/1/4405
f 4679/1/4406 4680/1/4406 4660/1/4405
f 4660/1/4405 4670/1/4405 4671/1/4406
f 4660/1/4405 4671/1/4406 4672/1/4405
f 4678/1/4405 4679/1/4406 4660/1/4405
f 4677/1/4406 4678/1/4405 4660/1/4405
f 4660/1/4405 4672/1/4405 4673/1/6011
f 4660/1/4405 4673/1/6011 4674/1/4405
f 4676/1/4405 4677/1/4406 4660/1/4405
f 4660/1/4405 4674/1/4405 4675/1/4406
f 4668/1/4406 4667/1/6006 291/1/6005
f 4669/1/4406 4668/1/4406 291/1/6005
f 4670/1/4405 4669/1/4406 291/1/6005
f 4671/1/4406 4670/1/4405 291/1/6005
f 4672/1/4405 4671/1/4406 291/1/6005
f 4673/1/6011 4672/1/4405 291/1/6005
f 4674/1/4405 4673/1/6011 291/1/6005
f 4675/1/4406 4674/1/4405 291/1/6005
f 4676/1/4405 4675/1/4406 291/1/6005
f 4677/1/4406 4676/1/4405 291/1/6005
f 4678/1/4405 4677/1/4406 291/1/6005
f 4679/1/4406 4678/1/4405 291/1/6005
f 4680/1/4406 4679/1/4406 291/1/6005
f 4681/1/6004 4680/1/4406 291/1/6005
f 4684/1/6007 4683/1/6009 4682/1/6010
f 4682/1/6010 4681/1/6004 291/1/6005
f 4684/1/6007 4682/1/6010 291/1/6005
f 1388/1/6008 4684/1/6007 291/1/6005
s 0
f 1388/1/6012 291/1/6013 4665/1/4342
s 1
f 4696/139/4408 4662/2/4408 4658/2/4408
f 4665/1/4408 4663/1/4408 4685/140/4408
f 4665/1/4408 4685/140/4408 4686/141/6014
f 4696/139/4408 4658/2/4408 4665/1/6014
f 4695/142/4408 4696/139/4408 4665/1/4408
f 4665/1/4408 4686/141/6014 4687/143/4408
f 4665/1/4408 4687/143/4408 4688/144/6014
f 4694/145/4408 4695/142/4408 4665/1/4408
f 4693/146/6014 4694/145/4408 4665/1/4408
f 4665/1/4408 4688/144/6014 4689/147/4408
f 4665/1/4408 4689/147/4408 4690/148/4408
f 4692/48/4408 4693/146/6014 4665/1/4408
f 4665/1/4408 4690/148/4408 4691/47/4408
f 4686/149/6014 4685/150/4408 4663/1/4408
f 4663/1/4408 4662/2/4408 4696/151/4408
f 4663/1/4408 4696/151/4408 4695/152/4408
f 4687/153/4408 4686/149/6014 4663/1/4408
f 4688/144/6014 4687/153/4408 4663/1/4408
f 4663/1/4408 4695/152/4408 4694/154/4408
f 4663/1/4408 4694/154/4408 4693/146/6014
f 4689/147/4408 4688/144/6014 4663/1/4408
f 4690/155/4408 4689/147/4408 4663/1/4408
f 4663/1/4408 4693/146/6014 4692/48/4408
f 4691/49/4408 4690/155/4408 4663/1/4408
f 4541/122/4413 4545/125/6015 298/1/6016
f 4658/2/6017 24/40/6017 40/127/4413
f 40/127/5951 39/129/5951 44/50/4409
f 44/50/4409 4631/128/5951 4633/132/5951
f 4624/131/6018 4623/36/5951 4627/35/5951
f 44/50/4409 4633/132/5951 4624/131/6019
f 4658/2/6020 40/127/5951 44/50/4409
f 4541/122/5951 298/1/6016 4665/1/6021
f 4551/120/5951 4555/124/5951 4542/123/6022
f 4542/123/6022 4541/122/5951 4665/1/6021
s 0
f 4665/1/6021 4658/2/6023 44/50/4409
s 1
f 4624/131/6018 4627/35/5951 4616/51/6024
s 0
f 4542/123/6022 4665/1/6021 44/50/4409
s 1
f 4552/54/6025 4551/120/5951 4542/123/6022
f 4559/118/5951 4563/121/5951 4552/54/6026
f 4567/116/5951 4571/119/5951 4560/55/6024
f 4560/55/6024 4559/118/5951 4552/54/6026
f 4616/51/6024 4615/130/5951 4619/107/5951
f 4608/52/6027 4607/58/5951 4611/106/5951
f 4616/51/6024 4619/107/5951 4608/52/6028
f 4608/52/6027 4611/106/5951 4600/57/6029
f 4600/57/6029 4599/105/5951 4603/109/5951
f 4592/59/6030 4591/108/5951 4595/112/5951
f 4600/57/6029 4603/109/5951 4592/59/6030
s 0
f 4608/52/4411 4600/57/6029 4592/59/6030
s 1
f 4592/59/6030 4595/112/5951 4584/111/6031
f 4584/111/6031 4583/110/5951 4587/115/5951
f 4576/114/6032 4575/113/5951 4579/117/5951
f 4584/111/6031 4587/115/5951 4576/114/6032
s 0
f 4608/52/4411 4592/59/6030 4584/111/6031
f 4608/52/4411 4584/111/6031 4576/114/6032
s 1
f 4576/114/6032 4579/117/5951 4568/56/6033
f 4568/56/6034 4567/116/5951 4560/55/6024
s 0
f 4560/55/6035 4552/54/6026 4542/123/6022
f 4560/55/6035 4542/123/6022 44/50/4409
f 4608/52/4411 4576/114/6032 4568/56/6028
f 4568/56/6033 4560/55/6035 44/50/4409
f 4608/52/4411 4568/56/6033 44/50/4409
f 44/50/4409 4624/131/6019 4616/51/6035
s 1
f 43/53/4412 41/126/6036 24/2/4413
f 24/2/4413 30/2/6037 37/42/4414
f 48/129/4418 52/133/6038 54/2/6038
f 4664/1/5585 1380/39/5585 4444/156/5584
f 4444/156/5584 4446/122/5583 4451/135/6039
f 4451/135/6039 4454/124/6000 4456/120/6040
f 4459/54/4415 4462/121/4418 4464/118/4418
f 4451/135/6039 4456/120/6040 4459/54/6041
f 4664/1/5585 4444/156/5584 4451/135/6039
f 48/129/4418 54/2/6042 4666/2/6043
f 4534/132/6044 4536/128/4418 49/50/6045
f 49/50/6045 48/129/4418 4666/2/6043
f 4664/1/6046 4451/135/6039 4459/54/6041
f 4459/54/4415 4464/118/4418 4467/55/6047
f 4467/55/6047 4470/119/4418 4472/116/4418
f 4474/56/6048 4478/117/4418 4480/113/4418
f 4467/55/6047 4472/116/4418 4474/56/4417
s 0
f 4666/2/6043 4664/1/5585 4459/54/6041
f 49/50/6049 4666/2/6043 4459/54/4415
s 1
f 4530/131/6050 4534/132/6044 49/50/6045
f 4526/35/6000 4528/36/6000 4530/131/6050
f 4518/136/6051 4520/130/6000 4522/51/6052
f 4522/51/6052 4526/35/6000 4530/131/6050
f 4474/56/6048 4480/113/4418 4482/114/6053
f 4482/114/6054 4486/134/4418 4488/137/6055
f 4490/111/6056 4494/112/6000 4496/138/6040
f 4482/114/6054 4488/137/6055 4490/111/6056
f 4490/111/6056 4496/138/6040 4498/59/6057
f 4514/52/6058 4518/136/6051 4522/51/6052
f 4482/114/6054 4490/111/6056 4498/59/6057
f 4514/52/6058 4522/51/6052 4530/131/6050
s 0
f 4474/56/4417 4482/114/6053 4498/59/6057
s 1
f 4514/52/6058 4530/131/6050 49/50/6045
s 0
f 4474/56/4417 4498/59/6057 4514/52/6059
f 4474/56/4417 4514/52/6058 49/50/6049
f 4474/56/4417 49/50/6049 4459/54/4415
s 1
f 4506/57/4402 4510/106/4418 4512/58/4418
f 4498/59/4418 4502/45/4418 4504/44/4418
