# Blender 5.1.2
# www.blender.org
mtllib bins_v2_struct.mtl
v 0.291620 -1.529755 -0.697264
v 0.291620 -1.542804 -0.716088
v 0.291620 -1.551685 -0.714416
v 0.291620 -1.560250 -0.703468
v 0.291620 -1.554947 -0.688399
v 0.291620 -1.533335 -0.709318
v 0.291620 -1.538786 -0.687132
l 2 3
l 7 1
l 1 6
l 2 6
l 3 4
l 5 7
l 4 5
v -0.380523 -1.290090 -0.653701
v -0.358315 -1.290090 -0.662207
v -0.365431 -1.290090 -0.653138
v -0.360805 -1.290090 -0.675664
v -0.370077 -1.290090 -0.682371
v -0.388595 -1.290090 -0.666341
v -0.381025 -1.290090 -0.679434
l 9 11
l 8 10
l 9 10
l 11 12
l 12 14
l 14 13
l 8 13
v -0.019418 -1.288788 -0.674772
v -0.025158 -1.288328 -0.677938
v -0.046376 -1.290790 -0.660517
v -0.039990 -1.288465 -0.677053
v -0.036703 -1.292328 -0.649681
v -0.021085 -1.291686 -0.654226
v -0.016779 -1.289686 -0.668350
vn 0.0131 0.9915 0.1297
vn 0.0031 0.9907 0.1359
vn 0.0096 0.9899 0.1413
s 1
usemtl 0.529412_0.549020_0.588235_0.000000_0.000000
f 21//1 15//2 16//3
l 16 18
l 18 17
l 17 19
l 20 21
l 19 20
v -0.264894 -0.844823 -0.619063
v -0.243123 -0.847580 -0.613174
v -0.243925 -0.852833 -0.601964
v -0.251466 -0.856524 -0.594086
v -0.273053 -0.847699 -0.612917
v -0.249216 -0.844837 -0.619031
v -0.260302 -0.856847 -0.593397
v -0.271554 -0.852789 -0.602056
vn -0.0018 -0.9050 -0.4253
vn -0.0008 -0.9054 -0.4245
vn -0.0008 -0.9055 -0.4244
s 1
usemtl 0.529412_0.549020_0.588235_0.000000_0.000000
f 22//4 29//5 26//6
l 24 23
l 22 27
l 23 27
l 25 28
l 24 25
l 28 29
v -0.162518 -1.546209 -0.923872
v -0.162518 -1.558998 -0.946450
v -0.162518 -1.555499 -0.929088
v -0.162518 -1.537279 -0.927415
v -0.162518 -1.529518 -0.935922
v -0.162518 -1.543569 -0.954939
v -0.162518 -1.530459 -0.944087
vn -1.0000 -0.0000 -0.0000
s 1
usemtl 0.529412_0.549020_0.588235_0.000000_0.000000
f 33//7 32//7 30//7
f 36//7 33//7 34//7
l 31 32
l 31 35
l 35 36
v -0.583209 -0.634735 -0.495033
v -0.606311 -0.634735 -0.510797
v -0.596792 -0.634735 -0.514301
v -0.587292 -0.634735 -0.508077
v -0.588269 -0.634735 -0.486104
v -0.597090 -0.634735 -0.482351
v -0.609761 -0.634735 -0.487693
v -0.614284 -0.634735 -0.499635
vn -0.0000 -1.0000 -0.0000
s 1
usemtl 0.529412_0.549020_0.588235_0.000000_0.000000
f 40//8 38//8 39//8
l 37 40
l 43 44
l 37 41
l 42 41
l 42 43
l 38 44
v -0.126784 -0.827960 -0.613538
v -0.126784 -0.839625 -0.614643
v -0.126784 -0.847926 -0.604886
v -0.126784 -0.827536 -0.586164
v -0.126784 -0.844167 -0.588499
v -0.126784 -0.818559 -0.599535
l 45 46
l 49 47
l 45 50
l 46 47
l 50 48
l 48 49
v -0.162518 -1.529755 -0.697264
v -0.162518 -1.542804 -0.716088
v -0.162518 -1.551685 -0.714416
v -0.162518 -1.560250 -0.703468
v -0.162518 -1.554947 -0.688399
v -0.162518 -1.533335 -0.709318
v -0.162518 -1.538786 -0.687132
l 52 53
l 57 51
l 51 56
l 52 56
l 53 54
l 55 57
l 54 55
v -0.049916 -1.551736 -0.685704
v -0.049916 -1.539945 -0.686364
v -0.049916 -1.530651 -0.694180
v -0.049916 -1.529872 -0.702702
v -0.049916 -1.534642 -0.711404
v -0.049916 -1.558102 -0.707900
v -0.049916 -1.558684 -0.692089
v -0.049916 -1.545475 -0.715909
l 60 61
l 64 58
l 58 59
l 59 60
l 62 61
l 62 65
l 63 64
l 65 63
v -0.021568 -0.853421 -0.590995
v -0.034588 -0.853964 -0.587162
v -0.045923 -0.852506 -0.597461
v -0.040016 -0.850028 -0.614990
v -0.018649 -0.850511 -0.611586
v -0.016582 -0.851581 -0.604012
v -0.027110 -0.849779 -0.616746
vn -0.0004 -0.9902 -0.1398
vn -0.0011 -0.9903 -0.1392
vn -0.0011 -0.9903 -0.1393
s 1
usemtl 0.529412_0.549020_0.588235_0.000000_0.000000
f 71//9 72//10 70//11
l 66 67
l 68 69
l 67 68
l 69 72
l 71 66
v -0.616656 -0.184108 -0.309891
v -0.616656 -0.173399 -0.282921
v -0.616656 -0.167736 -0.293215
v -0.616656 -0.170377 -0.303723
v -0.616656 -0.197623 -0.298626
v -0.616656 -0.184757 -0.279634
v -0.616656 -0.194555 -0.283846
l 74 75
l 75 76
l 73 77
l 77 79
l 79 78
l 78 74
l 73 76
v -0.162852 -0.831448 -0.924836
v -0.162852 -0.844621 -0.953037
v -0.162852 -0.848921 -0.942306
v -0.162852 -0.823473 -0.929106
v -0.162852 -0.834231 -0.955245
v -0.162852 -0.841087 -0.927068
v -0.162852 -0.818249 -0.940427
v -0.162852 -0.821577 -0.950076
vn -1.0000 -0.0000 -0.0000
s 1
usemtl 0.529412_0.549020_0.588235_0.000000_0.000000
f 82//12 84//12 81//12
l 85 80
l 80 83
l 83 86
l 82 85
l 87 84
l 86 87
v -0.272382 -0.601658 -0.487518
v -0.249538 -0.594706 -0.502359
v -0.264159 -0.594709 -0.502349
v -0.263063 -0.606615 -0.476939
v -0.245692 -0.604207 -0.482078
v -0.254322 -0.606972 -0.476177
v -0.242670 -0.598508 -0.494240
l 89 90
l 88 90
l 88 91
l 92 94
l 89 94
l 93 92
l 91 93
v 0.293097 -1.053180 -0.633694
v 0.320792 -1.053180 -0.642567
v 0.311558 -1.053180 -0.648972
v 0.299841 -1.053180 -0.644708
v 0.297229 -1.053180 -0.623799
v 0.322037 -1.053180 -0.625137
v 0.325350 -1.053180 -0.634188
v 0.310201 -1.053180 -0.617686
vn -0.0000 1.0000 -0.0000
s 1
usemtl 0.529412_0.549020_0.588235_0.000000_0.000000
f 100//13 101//13 96//13
l 95 99
l 97 98
l 95 98
l 96 97
l 99 102
l 102 100
v -0.163520 -0.184108 -0.309891
v -0.163520 -0.173399 -0.282921
v -0.163520 -0.167736 -0.293215
v -0.163520 -0.170377 -0.303723
v -0.163520 -0.197623 -0.298626
v -0.163520 -0.184757 -0.279634
v -0.163520 -0.194555 -0.283846
l 104 105
l 105 106
l 103 107
l 107 109
l 109 108
l 108 104
l 103 106
v -0.275788 -0.178218 -0.309474
v -0.275788 -0.193695 -0.305744
v -0.275788 -0.196590 -0.287934
v -0.275788 -0.171152 -0.285013
v -0.275788 -0.168583 -0.297978
v -0.275788 -0.182259 -0.279584
l 111 112
l 114 110
l 115 113
l 110 111
l 112 115
l 113 114
v 0.067660 -0.381997 -0.396423
v 0.095193 -0.381997 -0.405462
v 0.086472 -0.381997 -0.411520
v 0.075531 -0.381997 -0.409604
v 0.077068 -0.381997 -0.382969
v 0.097820 -0.381997 -0.391120
v 0.090637 -0.381997 -0.382625
vn -0.0000 1.0000 -0.0000
s 1
usemtl 0.529412_0.549020_0.588235_0.000000_0.000000
f 117//14 119//14 118//14
l 119 116
l 116 120
l 121 117
l 120 122
l 121 122
v -0.016566 -1.088650 -0.638841
v -0.039314 -1.087234 -0.648805
v -0.024698 -1.087128 -0.649572
v -0.018773 -1.087683 -0.645587
v -0.020840 -1.090486 -0.625802
v -0.046486 -1.089400 -0.633506
v -0.031032 -1.091360 -0.619532
v -0.037125 -1.091125 -0.621209
vn 0.0096 -0.9890 -0.1476
vn 0.0061 -0.9890 -0.1480
vn 0.0059 -0.9899 -0.1417
vn 0.0011 -0.9899 -0.1420
vn 0.0017 -0.9911 -0.1329
vn -0.0028 -0.9909 -0.1347
s 1
usemtl 0.529412_0.549020_0.588235_0.000000_0.000000
f 123//15 125//16 126//17
f 130//18 127//19 129//20
l 123 127
l 124 125
l 124 128
l 130 128
v -0.261123 -0.390218 -0.374850
v -0.254193 -0.390487 -0.374273
v -0.245509 -0.387250 -0.381184
v -0.243910 -0.380650 -0.395277
v -0.251143 -0.377633 -0.401714
v -0.271449 -0.386508 -0.382771
v -0.263860 -0.377874 -0.401197
v -0.272722 -0.381364 -0.393752
vn 0.0006 0.9051 0.4251
vn -0.0004 0.9049 0.4256
vn 0.0001 0.9054 0.4245
s 1
usemtl 0.529412_0.549020_0.588235_0.000000_0.000000
f 133//21 131//22 132//23
l 133 134
l 136 131
l 137 138
l 138 136
l 134 135
l 135 137
v -0.163520 -0.197468 -0.945438
v -0.163520 -0.183856 -0.955698
v -0.163520 -0.191338 -0.928207
v -0.163520 -0.174586 -0.927888
v -0.163520 -0.167758 -0.940277
v -0.163520 -0.171577 -0.950603
l 141 142
l 139 141
l 142 143
l 144 140
l 139 140
l 143 144
v -0.163642 -0.182509 -0.924317
v -0.163647 -0.196223 -0.949450
v -0.163646 -0.198770 -0.935264
v -0.163642 -0.172839 -0.928151
v -0.163648 -0.172338 -0.952390
v -0.163646 -0.183405 -0.956755
v -0.163648 -0.192559 -0.927147
v -0.163638 -0.167235 -0.941323
v -0.163647 -0.168333 -0.933670
l 146 147
l 148 145
l 152 153
l 150 146
l 147 151
l 148 153
l 152 149
l 149 150
l 151 145
v -0.041689 -1.087482 -0.648096
v -0.028371 -1.086964 -0.651502
v -0.016180 -1.088606 -0.640207
v -0.020463 -1.087561 -0.647540
v -0.047166 -1.089673 -0.632650
v -0.018237 -1.090388 -0.627601
v -0.028444 -1.091437 -0.620026
v -0.039076 -1.091262 -0.621311
l 158 154
l 154 155
l 157 156
l 159 156
l 159 160
l 161 160
l 158 161
l 155 157
v -0.242064 -0.381729 -0.392670
v -0.263848 -0.389939 -0.375134
v -0.251764 -0.377193 -0.402333
v -0.245261 -0.387557 -0.380208
v -0.272992 -0.385032 -0.385610
v -0.266513 -0.378096 -0.400426
v -0.255041 -0.390483 -0.373951
v -0.245230 -0.379004 -0.398491
l 163 166
l 168 163
l 169 162
l 169 164
l 167 164
l 166 167
l 168 165
l 165 162
v -0.275915 -0.196617 -0.303064
v -0.275918 -0.167980 -0.299931
v -0.275915 -0.184992 -0.311087
v -0.275918 -0.198514 -0.288956
v -0.275921 -0.191727 -0.280930
v -0.275912 -0.171011 -0.284309
v -0.275916 -0.180894 -0.278929
v -0.275927 -0.167242 -0.291324
v -0.275915 -0.175050 -0.308913
l 175 177
l 172 178
l 170 172
l 173 174
l 174 176
l 177 171
l 171 178
l 170 173
l 176 175
v 0.092944 -0.381865 -0.409419
v 0.067408 -0.381870 -0.392123
v 0.083139 -0.381864 -0.412685
v 0.073322 -0.381864 -0.383383
v 0.070621 -0.381865 -0.405735
v 0.083038 -0.381869 -0.380135
v 0.098785 -0.381879 -0.400809
v 0.092989 -0.381871 -0.383457
v 0.098599 -0.381867 -0.391070
l 181 179
l 183 181
l 180 183
l 184 182
l 186 187
l 184 186
l 185 179
l 180 182
l 187 185
v -0.163647 -0.185154 -0.310988
v -0.163644 -0.171049 -0.284401
v -0.163645 -0.174431 -0.308523
v -0.163647 -0.197112 -0.302346
v -0.163644 -0.190881 -0.280470
v -0.163646 -0.198109 -0.287987
v -0.163647 -0.180688 -0.278862
v -0.163646 -0.167099 -0.292095
v -0.163642 -0.167987 -0.300312
l 195 189
l 193 191
l 192 194
l 196 190
l 190 188
l 188 191
l 193 192
l 194 189
l 195 196
v 0.318681 -1.053066 -0.646332
v 0.299228 -1.053067 -0.620244
v 0.320158 -1.053065 -0.621721
v 0.296682 -1.053068 -0.642819
v 0.309022 -1.053067 -0.616995
v 0.325105 -1.053069 -0.629743
v 0.324660 -1.053065 -0.637643
v 0.308950 -1.053069 -0.649549
v 0.293366 -1.053065 -0.628666
l 203 202
l 203 197
l 197 204
l 204 200
l 200 205
l 205 198
l 198 201
l 201 199
l 199 202
v -0.162975 -0.832063 -0.924505
v -0.162975 -0.846980 -0.949218
v -0.162981 -0.849393 -0.935309
v -0.162978 -0.821602 -0.930173
v -0.162979 -0.822374 -0.951990
v -0.162974 -0.833116 -0.956596
v -0.162980 -0.843144 -0.927096
v -0.162979 -0.818001 -0.936185
v -0.162976 -0.817774 -0.942271
l 208 207
l 212 208
l 206 212
l 211 207
l 206 209
l 209 213
l 213 214
l 210 211
l 214 210
v -0.616782 -0.183405 -0.311087
v -0.616782 -0.172815 -0.282491
v -0.616783 -0.167538 -0.298818
v -0.616785 -0.192537 -0.281472
v -0.616780 -0.182509 -0.278647
v -0.616784 -0.173000 -0.307461
v -0.616787 -0.196255 -0.303688
v -0.616783 -0.198772 -0.289595
v -0.616786 -0.167747 -0.289730
l 216 219
l 221 222
l 216 223
l 217 220
l 220 215
l 215 221
l 222 218
l 223 217
l 218 219
v -0.126657 -0.837178 -0.615561
v -0.126658 -0.848468 -0.605423
v -0.126658 -0.819225 -0.606608
v -0.126656 -0.829779 -0.583981
v -0.126660 -0.839850 -0.584524
v -0.126655 -0.820966 -0.589904
v -0.126650 -0.848061 -0.591522
v -0.126661 -0.826210 -0.614004
v -0.126663 -0.817639 -0.597885
l 228 227
l 230 228
l 225 230
l 224 225
l 231 224
l 231 226
l 232 229
l 226 232
l 229 227
v -0.050051 -1.552823 -0.685788
v -0.050049 -1.542336 -0.684298
v -0.050055 -1.560056 -0.693230
v -0.050047 -1.547649 -0.716340
v -0.050054 -1.559518 -0.706961
v -0.050050 -1.534417 -0.688031
v -0.050058 -1.530108 -0.706020
v -0.050051 -1.536563 -0.714007
v -0.050058 -1.529784 -0.695517
l 235 237
l 235 233
l 233 234
l 238 234
l 241 238
l 239 241
l 240 239
l 236 240
l 236 237
v -0.047092 -0.852437 -0.598869
v -0.026721 -0.854131 -0.586951
v -0.037804 -0.854068 -0.587324
v -0.017690 -0.853013 -0.594806
v -0.040678 -0.850152 -0.615047
v -0.026596 -0.849797 -0.617505
v -0.019801 -0.850392 -0.613399
v -0.016179 -0.851356 -0.606522
l 245 249
l 243 245
l 244 243
l 246 242
l 247 248
l 249 248
l 244 242
l 246 247
v -0.162651 -1.547123 -0.716401
v -0.162654 -1.535948 -0.687899
v -0.162649 -1.529491 -0.703986
v -0.162657 -1.559213 -0.707513
v -0.162659 -1.535617 -0.713202
v -0.162652 -1.551642 -0.685249
v -0.162658 -1.559667 -0.692678
v -0.162645 -1.545327 -0.683740
v -0.162671 -1.529187 -0.696784
l 251 257
l 251 258
l 252 258
l 252 254
l 250 254
l 253 250
l 255 256
l 257 255
l 253 256
v -0.162659 -1.559227 -0.947457
v -0.162653 -1.550740 -0.924968
v -0.162654 -1.535947 -0.927835
v -0.162659 -1.536325 -0.953777
v -0.162658 -1.559667 -0.932614
v -0.162651 -1.547164 -0.956325
v -0.162664 -1.529081 -0.937505
v -0.162650 -1.529956 -0.945478
l 259 264
l 260 263
l 261 260
l 261 265
l 262 266
l 264 262
l 259 263
l 265 266
v -0.610871 -0.634864 -0.507583
v -0.598490 -0.634866 -0.514206
v -0.582945 -0.634863 -0.502344
v -0.588742 -0.634864 -0.510841
v -0.596773 -0.634864 -0.481745
v -0.607673 -0.634858 -0.484500
v -0.614307 -0.634865 -0.493532
v -0.582809 -0.634861 -0.493409
v -0.587405 -0.634858 -0.486119
l 267 273
l 268 267
l 270 268
l 269 270
l 275 274
l 275 271
l 269 274
l 271 272
l 272 273
v -0.267500 -0.845162 -0.618666
v -0.254122 -0.843698 -0.621783
v -0.245174 -0.854348 -0.599039
v -0.273002 -0.851842 -0.604383
v -0.263862 -0.856797 -0.593839
v -0.255040 -0.857331 -0.592671
v -0.246223 -0.845449 -0.618052
v -0.242047 -0.848586 -0.611348
l 279 276
l 276 277
l 282 277
l 283 282
l 280 281
l 279 280
l 283 278
l 278 281
v -0.047002 -1.290658 -0.660412
v -0.026576 -1.287991 -0.679427
v -0.040715 -1.288318 -0.676988
v -0.038003 -1.292221 -0.649362
v -0.016188 -1.289489 -0.668587
v -0.019921 -1.288526 -0.675478
v -0.026449 -1.292280 -0.649012
v -0.017740 -1.291198 -0.656653
l 289 288
l 289 285
l 286 285
l 286 284
l 287 284
l 291 290
l 288 291
l 287 290
v -0.379007 -1.289954 -0.651673
v -0.386422 -1.289954 -0.674877
v -0.387788 -1.289957 -0.659952
v -0.365175 -1.289955 -0.653107
v -0.363185 -1.289959 -0.679691
v -0.373921 -1.289963 -0.682898
v -0.357181 -1.289955 -0.662525
v -0.357405 -1.289963 -0.671128
l 294 293
l 292 294
l 295 292
l 298 295
l 299 298
l 296 299
l 297 296
l 293 297
v -0.246369 -0.595206 -0.500967
v -0.272952 -0.601768 -0.486983
v -0.267478 -0.594980 -0.501457
v -0.263699 -0.606632 -0.476592
v -0.245338 -0.604294 -0.481567
v -0.242075 -0.598365 -0.494235
v -0.255039 -0.607160 -0.475460
v -0.254439 -0.593480 -0.504654
l 300 305
l 302 307
l 301 302
l 303 301
l 306 303
l 304 306
l 300 307
l 304 305
v 0.291491 -1.547164 -0.716386
v 0.291474 -1.529943 -0.694996
v 0.291480 -1.559215 -0.707513
v 0.291484 -1.538792 -0.685824
v 0.291479 -1.536108 -0.713704
v 0.291478 -1.560144 -0.693399
v 0.291485 -1.552472 -0.685737
v 0.291489 -1.529942 -0.705524
l 309 311
l 312 315
l 308 312
l 310 308
l 314 313
l 311 314
l 309 315
l 310 313
v -0.053824 -1.287229 -0.658118
v -0.048423 -1.293295 -0.650080
v -0.041597 -1.301056 -0.646430
v -0.035000 -1.307858 -0.645527
l 316 317
l 318 317
l 319 318
v -0.124284 -0.825486 -0.620270
v -0.133074 -0.815788 -0.611202
v -0.121172 -0.833210 -0.622363
v -0.140952 -0.813107 -0.603594
l 322 320
l 321 320
l 323 321
v -0.578150 -0.637442 -0.489557
v -0.586299 -0.628978 -0.480102
v -0.574978 -0.639307 -0.497199
v -0.594004 -0.621307 -0.477210
l 324 326
l 325 324
l 327 325
v -0.167091 -1.541347 -0.917875
v -0.163366 -1.533508 -0.921235
v -0.155324 -1.526971 -0.929286
v -0.146841 -1.524273 -0.937954
l 328 329
l 330 329
l 330 331
v -0.144922 -1.566611 -0.700659
v -0.165875 -1.552071 -0.721675
v -0.158064 -1.562345 -0.713751
v -0.149453 -1.566034 -0.705245
l 334 333
l 335 334
l 332 335
v 0.309215 -1.566611 -0.700658
v 0.288254 -1.552063 -0.721676
v 0.296083 -1.562347 -0.713759
v 0.304683 -1.566034 -0.705247
l 338 337
l 339 338
l 336 339
v -0.234313 -0.378992 -0.387808
v -0.236136 -0.377375 -0.392975
v -0.240250 -0.378251 -0.401061
v -0.246652 -0.382077 -0.408414
v -0.253866 -0.387621 -0.413635
l 340 341
l 341 342
l 342 343
l 344 343
v -0.351789 -1.286148 -0.673812
v -0.355701 -1.290614 -0.680456
v -0.362232 -1.297143 -0.685360
v -0.349811 -1.285336 -0.668471
v -0.369477 -1.304462 -0.687658
l 345 348
l 346 345
l 346 347
l 349 347
v -0.279469 -0.599549 -0.483302
v -0.272241 -0.610061 -0.477119
v -0.262090 -0.621543 -0.477251
l 350 351
l 351 352
v -0.598621 -0.204609 -0.294905
v -0.620085 -0.189935 -0.316286
v -0.612382 -0.200136 -0.308659
v -0.603239 -0.204092 -0.299466
l 354 355
l 355 356
l 353 356
v -0.052342 -1.524062 -0.706336
v -0.045904 -1.528720 -0.714870
v -0.054512 -1.521811 -0.698061
v -0.039541 -1.535035 -0.718744
l 359 357
l 358 357
l 358 360
v 0.061117 -0.378118 -0.390937
v 0.066268 -0.382839 -0.382296
v 0.073287 -0.390089 -0.377343
v 0.079874 -0.396712 -0.375435
l 362 361
l 363 362
l 363 364
v -0.237299 -0.856320 -0.600858
v -0.245786 -0.852338 -0.588428
v -0.234103 -0.854761 -0.608666
v -0.253927 -0.846283 -0.582419
l 367 365
l 366 365
l 368 366
v 0.286837 -1.049060 -0.628153
v 0.291626 -1.053246 -0.619780
v 0.298074 -1.060314 -0.614638
v 0.305509 -1.067723 -0.612335
l 369 370
l 370 371
l 372 371
v -0.008376 -1.093859 -0.635580
v -0.011599 -1.092980 -0.627610
v -0.019704 -1.085679 -0.617170
v -0.027650 -1.078408 -0.613293
l 375 374
l 373 374
l 375 376
v -0.257754 -0.192375 -0.275666
v -0.279868 -0.205542 -0.299765
v -0.275386 -0.204900 -0.289955
v -0.269212 -0.201438 -0.283094
v -0.262647 -0.196524 -0.278241
l 379 378
l 380 379
l 380 381
l 377 381
v -0.145485 -0.204609 -0.294905
v -0.166892 -0.190069 -0.316212
v -0.159077 -0.200281 -0.308474
v -0.150035 -0.204105 -0.299409
l 384 383
l 384 385
l 382 385
v -0.034008 -0.833283 -0.620933
v -0.053620 -0.854773 -0.608509
v -0.048357 -0.848165 -0.616593
v -0.040995 -0.840438 -0.620109
l 388 387
l 388 389
l 389 386
v -0.164422 -0.171576 -0.921554
v -0.156528 -0.165032 -0.929560
v -0.168094 -0.179349 -0.918221
v -0.147848 -0.162262 -0.938286
l 392 390
l 391 390
l 393 391
v -0.145447 -0.812742 -0.939900
v -0.167369 -0.829987 -0.918143
v -0.163798 -0.822208 -0.921540
v -0.157703 -0.816508 -0.927663
v -0.150463 -0.813475 -0.934947
l 397 398
l 395 396
l 397 396
l 394 398
v 0.301471 -1.063699 -0.653040
v 0.295220 -1.056960 -0.650165
v 0.288710 -1.050948 -0.642391
v 0.286417 -1.047633 -0.634366
l 401 400
l 402 401
l 400 399
v 0.083114 -0.400031 -0.417659
v 0.062866 -0.379847 -0.405569
v 0.074377 -0.391324 -0.415774
v 0.069228 -0.385068 -0.412997
v 0.060394 -0.376611 -0.397552
vn -0.0413 0.5338 -0.8446
vn -0.1351 0.6078 -0.7825
vn -0.0951 0.5291 -0.8432
s 1
usemtl 0.529412_0.549020_0.588235_0.000000_0.000000
f 405//24 404//25 406//26
l 407 404
l 405 403
v -0.231878 -0.853161 -0.608904
v -0.256845 -0.825817 -0.619289
v -0.240839 -0.843645 -0.619350
v -0.251220 -0.831322 -0.620841
v -0.235325 -0.852573 -0.612985
l 410 411
l 410 412
l 409 411
l 412 408
v -0.142602 -0.855089 -0.601745
v -0.133182 -0.851921 -0.611303
v -0.124545 -0.843464 -0.620043
v -0.121626 -0.836135 -0.622378
l 415 414
l 416 415
l 413 414
v -0.236862 -0.384531 -0.379911
v -0.234758 -0.380001 -0.384985
v -0.253500 -0.404851 -0.375725
v -0.243758 -0.394405 -0.375571
l 417 418
l 420 419
l 420 417
v -0.268409 -0.185145 -0.316395
v -0.274808 -0.192538 -0.314940
v -0.262039 -0.178201 -0.315474
v -0.279720 -0.200845 -0.309165
l 421 422
l 422 424
l 421 423
v -0.361930 -1.296816 -0.648636
v -0.350072 -1.285176 -0.664818
v -0.371182 -1.306189 -0.645624
v -0.352899 -1.287491 -0.657359
l 425 428
l 428 426
l 425 427
v -0.146839 -1.524264 -0.702416
v -0.152088 -1.525386 -0.707810
v -0.158440 -1.528670 -0.714604
v -0.166816 -1.540987 -0.722701
v -0.163675 -1.533428 -0.719053
l 433 431
l 432 433
l 429 430
l 431 430
v -0.257756 -0.607686 -0.517156
v -0.265327 -0.601301 -0.512582
v -0.273695 -0.595703 -0.504698
v -0.279593 -0.594521 -0.493883
l 435 436
l 436 437
l 434 435
v -0.031878 -1.305155 -0.687794
v -0.045785 -1.291127 -0.681183
v -0.052062 -1.286785 -0.673077
v -0.040388 -1.296853 -0.684762
v -0.054491 -1.284589 -0.664715
vn -0.0145 0.6837 -0.7296
vn 0.0403 0.7701 -0.6366
vn -0.0486 0.6758 -0.7355
s 1
usemtl 0.529412_0.549020_0.588235_0.000000_0.000000
f 441//27 440//28 439//29
l 442 440
l 441 438
v -0.146639 -0.162171 -0.295998
v -0.158987 -0.166333 -0.308558
v -0.164605 -0.171350 -0.313548
v -0.167846 -0.179017 -0.317275
v -0.152022 -0.163077 -0.301406
l 444 447
l 446 445
l 443 447
l 444 445
v -0.031880 -0.836950 -0.578668
v -0.044027 -0.848617 -0.583666
v -0.049829 -0.853703 -0.589361
v -0.054121 -0.856713 -0.598233
v -0.037259 -0.842281 -0.580129
l 449 450
l 450 451
l 452 449
l 448 452
v -0.599774 -0.162171 -0.295998
v -0.612176 -0.166359 -0.308576
v -0.617734 -0.171374 -0.313599
v -0.620978 -0.179006 -0.317278
v -0.605161 -0.163077 -0.301408
l 454 457
l 456 455
l 453 457
l 454 455
v -0.144818 -0.855223 -0.940574
v -0.167280 -0.834459 -0.916683
v -0.159693 -0.850155 -0.925649
v -0.165743 -0.841944 -0.919955
v -0.153602 -0.853311 -0.931766
l 460 462
l 460 461
l 461 459
l 462 458
v -0.145486 -0.204609 -0.940574
v -0.154326 -0.202684 -0.931752
v -0.166230 -0.191698 -0.920110
v -0.160157 -0.199728 -0.925829
v -0.168143 -0.183953 -0.916918
l 464 466
l 466 465
l 465 467
l 464 463
v 0.307298 -1.524264 -0.702417
v 0.302051 -1.525386 -0.707810
v 0.295699 -1.528670 -0.714604
v 0.287307 -1.541028 -0.722717
v 0.290465 -1.533446 -0.719089
l 472 470
l 471 472
l 468 469
l 470 469
v -0.048764 -1.530546 -0.683841
v -0.053883 -1.524295 -0.691905
v -0.035158 -1.545208 -0.679092
v -0.041406 -1.538478 -0.679943
l 473 474
l 475 476
l 473 476
v -0.006723 -1.092383 -0.636744
v -0.015239 -1.086067 -0.649470
v -0.009763 -1.092969 -0.640953
v -0.026567 -1.073765 -0.654308
l 479 478
l 479 477
l 480 478
v -0.158837 -1.561795 -0.925266
v -0.165261 -1.553643 -0.919710
v -0.152644 -1.564927 -0.932150
v -0.167061 -1.545973 -0.916556
l 481 483
l 481 482
l 484 482
v -0.572964 -0.638016 -0.498069
v -0.581616 -0.633837 -0.511535
v -0.576229 -0.639198 -0.502097
v -0.592540 -0.622790 -0.518255
l 487 486
l 485 487
l 488 486
v -0.143003 -1.566327 -0.703867
v -0.134382 -1.563901 -0.712788
v -0.128932 -1.559722 -0.719522
v -0.124181 -1.548979 -0.725394
v -0.126681 -1.534362 -0.722307
v -0.133747 -1.527320 -0.713573
v -0.142995 -1.524380 -0.703573
v -0.164889 -1.548756 -0.725521
v -0.159321 -1.560407 -0.718640
v -0.153106 -1.564603 -0.710960
v -0.152043 -1.525608 -0.709646
v -0.158650 -1.529657 -0.717811
v -0.163417 -1.536005 -0.723702
v -0.141075 -1.524650 -0.746960
v -0.130113 -1.530218 -0.746960
v -0.123973 -1.540874 -0.746960
v -0.125087 -1.553116 -0.746960
v -0.133725 -1.563267 -0.746960
v -0.149958 -1.565045 -0.746960
v -0.159917 -1.559972 -0.746960
v -0.164435 -1.549742 -0.746960
v -0.161764 -1.533642 -0.746960
v -0.152246 -1.525858 -0.746960
vn 0.3314 0.9434 0.0141
vn -0.1253 0.9788 0.1623
vn 0.5778 0.8123 -0.0798
vn 0.8282 0.5580 0.0522
vn 0.9329 0.3432 -0.1092
vn 0.9251 0.3745 0.0624
vn 0.9729 0.0765 -0.2181
vn 0.8053 -0.5924 0.0229
vn 0.7993 -0.6009 0.0017
vn 0.3080 -0.9431 0.1252
vn 0.5592 -0.8284 0.0330
vn 0.2632 -0.9604 0.0915
vn -0.5431 -0.8382 0.0494
vn -0.4675 -0.8840 0.0072
vn -0.7582 -0.6518 -0.0157
vn -0.7661 -0.6426 -0.0077
vn -0.8105 -0.5857 -0.0094
vn -0.9698 0.2423 0.0282
vn -0.7262 0.6858 0.0475
vn -0.8368 0.5430 0.0699
vn -0.6752 0.7360 0.0491
vn -0.2718 0.9608 0.0545
vn -0.3622 0.9319 0.0209
s 1
usemtl 0.529412_0.549020_0.588235_0.000000_0.000000
f 502//30 495//31 494//32
f 494//32 503//33 502//30
f 494//32 493//34 503//33
f 493//34 504//35 503//33
f 504//35 493//34 492//36
f 505//37 504//35 492//36
f 492//36 491//38 505//37
f 506//39 505//37 491//38
f 506//39 491//38 490//40
f 489//41 507//42 506//39
f 489//41 498//43 507//42
f 507//42 498//43 497//44
f 497//44 508//45 507//42
f 497//44 509//46 508//45
f 509//46 497//44 496//47
f 510//48 496//47 501//49
f 510//48 509//46 496//47
f 501//49 500//50 510//48
f 511//51 510//48 500//50
f 511//51 500//50 499//52
f 511//51 499//52 495//31
f 502//30 511//51 495//31
f 490//40 489//41 506//39
v -0.150515 -0.813634 -0.606747
v -0.157456 -0.817055 -0.615324
v -0.163658 -0.824510 -0.622988
v -0.165101 -0.837489 -0.624771
v -0.158975 -0.849640 -0.617201
v -0.149058 -0.854496 -0.605200
v -0.125813 -0.824885 -0.623192
v -0.129796 -0.818989 -0.618270
v -0.137064 -0.814491 -0.609289
v -0.144723 -0.812747 -0.600550
v -0.138843 -0.854264 -0.607090
v -0.132426 -0.851089 -0.615022
v -0.129217 -0.848382 -0.618986
v -0.124555 -0.837347 -0.624748
v -0.153485 -0.852662 -0.646362
v -0.164769 -0.838348 -0.646362
v -0.162803 -0.823138 -0.646362
v -0.154643 -0.815419 -0.646362
v -0.143664 -0.813010 -0.646362
v -0.131370 -0.818173 -0.646362
v -0.125527 -0.825074 -0.646362
v -0.123942 -0.831724 -0.646362
v -0.127045 -0.844688 -0.646362
v -0.138166 -0.853773 -0.646362
vn -0.7204 -0.6907 0.0631
vn -0.3249 -0.9435 0.0643
vn -0.7404 -0.6708 0.0431
vn -0.9729 0.1346 0.1880
vn -0.9842 0.1547 -0.0865
vn -0.7577 0.6522 0.0216
vn -0.7962 0.6008 0.0718
vn -0.6981 0.7153 0.0328
vn -0.2818 0.9595 -0.0078
vn -0.3204 0.9451 0.0638
vn 0.0896 0.9850 0.1472
vn -0.0207 0.9998 -0.0021
vn 0.4771 0.8759 -0.0712
vn 0.7788 0.6270 -0.0195
vn 0.6952 0.7182 -0.0303
vn 0.9087 0.3902 -0.1488
vn 0.9225 0.3859 -0.0112
vn 0.9701 0.2427 0.0055
vn 0.8992 -0.3539 -0.2573
vn 0.6463 -0.7627 0.0238
vn 0.7272 -0.6862 0.0155
vn 0.6085 -0.7909 0.0649
vn 0.0912 -0.9949 0.0443
vn 0.3078 -0.9509 0.0325
s 1
usemtl 0.529412_0.549020_0.588235_0.000000_0.000000
f 526//53 517//54 516//55
f 526//53 516//55 515//56
f 515//56 527//57 526//53
f 528//58 527//57 515//56
f 515//56 514//59 528//58
f 514//59 513//60 528//58
f 529//61 528//58 513//60
f 513//60 512//62 529//61
f 512//62 530//63 529//61
f 512//62 521//64 530//63
f 530//63 521//64 520//65
f 520//65 531//66 530//63
f 531//66 520//65 519//67
f 519//67 518//68 531//66
f 518//68 532//69 531//66
f 518//68 533//70 532//69
f 518//68 525//71 533//70
f 534//72 533//70 525//71
f 525//71 524//73 534//72
f 524//73 523//74 534//72
f 535//75 534//72 523//74
f 535//75 523//74 522//76
f 535//75 522//76 517//54
f 517//54 526//53 535//75
v 0.306093 -1.071010 -0.612197
v 0.300479 -1.078103 -0.613275
v 0.292517 -1.084546 -0.616858
v 0.286524 -1.089392 -0.622560
v 0.283776 -1.091617 -0.635916
v 0.290651 -1.086054 -0.648274
v 0.299668 -1.078758 -0.652935
v 0.284953 -1.051771 -0.625342
v 0.295965 -1.060679 -0.615227
v 0.305943 -1.070434 -0.654264
v 0.294509 -1.059503 -0.650509
v 0.284085 -1.051066 -0.637819
v 0.262330 -1.084451 -0.648812
v 0.262330 -1.091967 -0.633244
v 0.262330 -1.086276 -0.618976
v 0.262330 -1.073459 -0.612491
v 0.262330 -1.061368 -0.614708
v 0.262330 -1.052759 -0.623485
v 0.262330 -1.050095 -0.630976
v 0.262330 -1.051096 -0.638853
v 0.262330 -1.058584 -0.649884
v 0.262330 -1.070104 -0.654221
vn -0.0401 -0.4430 -0.8956
vn 0.2335 -0.5377 -0.8102
vn 0.1895 -0.0631 -0.9798
vn 0.0237 -0.1373 -0.9902
vn 0.0532 -0.7714 -0.6341
vn 0.1319 -0.8603 -0.4925
vn -0.0021 -0.9530 0.3031
vn 0.0326 -0.5211 0.8529
vn 0.0302 -0.9430 0.3314
vn 0.0621 -0.6926 0.7187
vn 0.0129 -0.4240 0.9056
vn -0.0138 0.1255 0.9920
vn -0.0482 -0.1079 0.9930
vn 0.0128 0.6647 0.7470
vn -0.0665 0.6048 0.7936
vn -0.1555 0.9502 0.2702
vn -0.2074 0.8291 0.5192
vn -0.0409 0.9960 0.0800
vn -0.0061 1.0000 0.0048
vn 0.0043 0.9967 -0.0813
vn -0.2221 0.6297 -0.7444
vn 0.1676 0.3402 -0.9253
s 1
usemtl 0.529412_0.549020_0.588235_0.000000_0.000000
f 542//77 548//78 557//79
f 545//80 542//77 557//79
f 548//78 542//77 541//81
f 548//78 541//81 540//82
f 540//82 549//83 548//78
f 550//84 549//83 539//85
f 539//85 538//86 550//84
f 538//86 537//87 550//84
f 551//88 550//84 537//87
f 551//88 537//87 536//89
f 544//90 552//91 551//88
f 536//89 544//90 551//88
f 544//90 553//92 552//91
f 544//90 543//93 553//92
f 547//94 554//95 553//92
f 543//93 547//94 553//92
f 547//94 555//96 554//95
f 556//97 555//96 547//94
f 547//94 546//98 556//97
f 557//79 546//98 545//80
f 557//79 556//97 546//98
f 540//82 539//85 549//83
v 0.076727 -0.405200 -0.375904
v 0.069037 -0.411422 -0.378591
v 0.061353 -0.417640 -0.384744
v 0.057694 -0.420601 -0.397778
v 0.063810 -0.415652 -0.410608
v 0.073119 -0.408119 -0.415835
v 0.060020 -0.381344 -0.386761
v 0.066134 -0.386291 -0.380366
v 0.070836 -0.390096 -0.377631
v 0.078393 -0.396460 -0.375722
v 0.080162 -0.399488 -0.417423
v 0.074000 -0.392657 -0.416306
v 0.066475 -0.386568 -0.412621
v 0.058072 -0.379768 -0.399783
v 0.036458 -0.403355 -0.416564
v 0.036458 -0.418576 -0.404970
v 0.036458 -0.421151 -0.394098
v 0.036458 -0.416284 -0.384041
v 0.036458 -0.402274 -0.375648
v 0.036458 -0.390180 -0.377868
v 0.036458 -0.382564 -0.384593
v 0.036458 -0.379155 -0.394161
v 0.036458 -0.380981 -0.405243
v 0.036458 -0.388262 -0.413801
vn 0.0307 0.1986 -0.9796
vn 0.0017 -0.5025 -0.8646
vn 0.3128 -0.1373 -0.9398
vn 0.0421 -0.7686 -0.6384
vn 0.1048 -0.9722 -0.2096
vn 0.0007 -0.9683 0.2497
vn -0.0257 -0.9904 0.1361
vn -0.2208 -0.8865 0.4067
vn 0.1467 -0.8207 0.5522
vn 0.0788 -0.5501 0.8314
vn 0.0258 -0.3018 0.9530
vn 0.1054 0.0142 0.9943
vn 0.0021 0.3017 0.9534
vn -0.0101 0.5716 0.8205
vn -0.0371 0.4142 0.9094
vn -0.0275 0.7239 0.6893
vn -0.0267 0.7348 0.6777
vn -0.1544 0.9137 0.3759
vn 0.0179 0.9589 0.2831
vn -0.0366 0.8219 -0.5685
vn -0.1528 0.8924 -0.4246
vn -0.1905 0.4315 -0.8818
vn 0.0814 0.4835 -0.8716
vn 0.0212 0.3544 -0.9348
s 1
usemtl 0.529412_0.549020_0.588235_0.000000_0.000000
f 568//99 563//100 572//101
f 562//102 573//103 572//101
f 572//101 563//100 562//102
f 562//102 561//104 573//103
f 574//105 573//103 561//104
f 575//106 574//105 561//104
f 561//104 560//107 575//106
f 560//107 559//108 575//106
f 559//108 558//109 576//110
f 576//110 575//106 559//108
f 558//109 567//111 576//110
f 567//111 577//112 576//110
f 567//111 566//113 577//112
f 577//112 566//113 565//114
f 565//114 578//115 577//112
f 565//114 564//116 578//115
f 564//116 579//117 578//115
f 564//116 571//118 579//117
f 580//119 579//117 571//118
f 581//120 580//119 571//118
f 571//118 570//121 581//120
f 581//120 570//121 569//122
f 572//101 569//122 568//99
f 572//101 581//120 569//122
v -0.247536 -0.834748 -0.578568
v -0.240119 -0.827643 -0.579587
v -0.233648 -0.819677 -0.584250
v -0.231608 -0.815500 -0.589274
v -0.232709 -0.813201 -0.596278
v -0.238450 -0.813808 -0.605935
v -0.245712 -0.817198 -0.612552
v -0.254078 -0.822666 -0.617504
v -0.231902 -0.853962 -0.606355
v -0.238786 -0.853820 -0.593529
v -0.253099 -0.844242 -0.581602
v -0.250377 -0.830774 -0.620612
v -0.239826 -0.840703 -0.619543
v -0.232883 -0.849453 -0.614107
v -0.211098 -0.819065 -0.613667
v -0.211098 -0.814054 -0.595200
v -0.211098 -0.823307 -0.581752
v -0.211098 -0.835225 -0.578746
v -0.211098 -0.848884 -0.585744
v -0.211098 -0.854751 -0.595261
v -0.211098 -0.853294 -0.606340
v -0.211098 -0.843709 -0.618312
v -0.211098 -0.832724 -0.620667
vn -0.0261 0.6010 -0.7988
vn -0.0098 0.8266 -0.5627
vn -0.1172 0.5255 -0.8427
vn 0.0014 0.9802 -0.1982
vn -0.1139 0.8570 0.5025
vn -0.0339 0.9522 0.3035
vn -0.0164 0.8776 0.4791
vn -0.0358 0.7758 0.6300
vn -0.0297 0.3489 0.9367
vn -0.0131 0.3862 0.9223
vn -0.1351 -0.1927 0.9719
vn -0.0372 -0.0121 0.9992
vn -0.0091 -0.2602 0.9655
vn 0.0049 -0.9004 0.4351
vn 0.0535 -0.9918 0.1161
vn 0.0193 -0.9830 0.1827
vn -0.2560 -0.9618 -0.0966
vn -0.0425 -0.8937 -0.4467
vn -0.0432 -0.7758 -0.6295
vn -0.0651 -0.3542 -0.9329
vn -0.1323 -0.4270 -0.8945
vn -0.0146 -0.0370 -0.9992
vn -0.0704 0.1713 -0.9827
s 1
usemtl 0.529412_0.549020_0.588235_0.000000_0.000000
f 589//123 588//124 596//125
f 596//125 588//124 587//126
f 587//126 597//127 596//125
f 587//126 586//128 597//127
f 586//128 585//129 597//127
f 597//127 585//129 584//130
f 598//131 597//127 584//130
f 584//130 583//132 598//131
f 599//133 598//131 583//132
f 599//133 583//132 582//134
f 582//134 592//135 599//133
f 600//136 599//133 592//135
f 592//135 591//137 600//136
f 591//137 601//138 600//136
f 591//137 602//139 601//138
f 591//137 590//140 602//139
f 590//140 595//141 602//139
f 603//142 602//139 595//141
f 603//142 595//141 594//143
f 604//144 603//142 594//143
f 604//144 594//143 593//145
f 596//125 593//145 589//123
f 596//125 604//144 593//145
v -0.031013 -1.538685 -0.720488
v -0.022259 -1.530965 -0.717252
v -0.016772 -1.524815 -0.712305
v -0.011809 -1.519939 -0.702989
v -0.010680 -1.519232 -0.698004
v -0.013110 -1.523598 -0.688595
v -0.021147 -1.534779 -0.680445
v -0.031024 -1.543752 -0.679082
v -0.052501 -1.519576 -0.700712
v -0.047006 -1.524864 -0.711852
v -0.039473 -1.533306 -0.718625
v -0.041523 -1.536219 -0.679893
v -0.046770 -1.529249 -0.682909
v -0.051812 -1.521931 -0.690142
v -0.021102 -1.501679 -0.676061
v -0.013241 -1.500554 -0.684003
v -0.010884 -1.499171 -0.693787
v -0.017064 -1.497205 -0.707690
v -0.026214 -1.496310 -0.714047
v -0.033035 -1.496238 -0.714531
v -0.043679 -1.496742 -0.710971
v -0.051832 -1.498561 -0.698104
v -0.049159 -1.500816 -0.682154
v -0.036291 -1.501990 -0.673850
vn 0.2651 -0.1071 0.9583
vn 0.6737 -0.0717 0.7355
vn -0.4603 -0.2591 0.8491
vn 0.5793 -0.1250 0.8055
vn 0.9817 0.0084 0.1903
vn 0.9352 0.0182 0.3536
vn 0.9776 -0.0313 -0.2079
vn 0.9978 -0.0093 -0.0660
vn 0.9795 0.0074 -0.2013
vn 0.5004 0.0993 -0.8601
vn 0.7944 0.0574 -0.6046
vn 0.4890 0.1045 -0.8660
vn 0.2299 0.1474 -0.9620
vn 0.3082 0.1400 -0.9410
vn -0.3231 0.1799 -0.9291
vn -0.3778 0.1455 -0.9144
vn -0.4366 0.0917 -0.8950
vn -0.8298 0.2500 -0.4989
vn -0.9288 -0.3128 -0.1987
vn -0.9978 -0.0577 -0.0337
vn -0.9776 -0.1392 0.1576
vn -0.7423 -0.2058 0.6377
vn -0.7254 -0.1678 0.6676
vn -0.4024 -0.1664 0.9002
s 1
usemtl 0.529412_0.549020_0.588235_0.000000_0.000000
f 612//146 619//147 628//148
f 612//146 611//149 619//147
f 619//147 611//149 610//150
f 610//150 620//151 619//147
f 610//150 621//152 620//151
f 621//152 609//153 608//154
f 610//150 609//153 621//152
f 622//155 621//152 608//154
f 608//154 607//156 622//155
f 607//156 606//157 622//155
f 623//158 622//155 606//157
f 605//159 624//160 623//158
f 615//161 625//162 624//160
f 624//160 605//159 615//161
f 615//161 614//163 625//162
f 614//163 626//164 625//162
f 626//164 614//163 613//165
f 613//165 618//166 626//164
f 627//167 626//164 618//166
f 618//166 617//168 627//167
f 628//148 627//167 617//168
f 628//148 617//168 616//169
f 628//148 616//169 612//146
f 606//157 605//159 623//158
v -0.021071 -1.065247 -0.612995
v -0.013148 -1.058244 -0.616720
v -0.006655 -1.051726 -0.625305
v -0.005753 -1.050057 -0.631878
v -0.008172 -1.050999 -0.639203
v -0.013982 -1.054724 -0.646462
v -0.022810 -1.061174 -0.651846
v -0.007940 -1.091357 -0.629194
v -0.016299 -1.086087 -0.618162
v -0.026680 -1.075445 -0.613037
v -0.026699 -1.070886 -0.653955
v -0.013623 -1.083742 -0.650210
v -0.007176 -1.090099 -0.642497
v 0.014774 -1.067135 -0.653851
v 0.014774 -1.055691 -0.647022
v 0.014774 -1.050338 -0.633702
v 0.014774 -1.055117 -0.620162
v 0.014774 -1.064024 -0.613351
v 0.014774 -1.073044 -0.612336
v 0.014774 -1.086502 -0.619704
v 0.014774 -1.092105 -0.629376
v 0.014774 -1.091705 -0.637307
v 0.014774 -1.082119 -0.650525
vn -0.0566 -0.2697 -0.9613
vn 0.0249 0.5076 -0.8612
vn -0.0026 0.3742 -0.9273
vn -0.1835 0.7170 -0.6725
vn 0.0119 0.8324 -0.5540
vn -0.0200 0.9832 -0.1814
vn -0.0686 0.9605 0.2698
vn -0.0717 0.9958 0.0563
vn -0.0451 0.9579 0.2835
vn -0.0354 0.5710 0.8202
vn 0.0153 0.7246 0.6890
vn 0.0126 0.2586 0.9659
vn 0.0007 0.3068 0.9518
vn 0.0361 0.0230 0.9991
vn 0.0051 -0.4936 0.8697
vn 0.0534 -0.8909 0.4511
vn 0.0076 -0.7040 0.7101
vn 0.0891 -0.9957 -0.0248
vn 0.0112 -0.9946 0.1028
vn -0.0410 -0.9934 -0.1068
vn -0.1820 -0.8810 -0.4368
vn -0.2441 -0.3316 -0.9113
vn -0.0445 -0.6303 -0.7750
s 1
usemtl 0.529412_0.549020_0.588235_0.000000_0.000000
f 639//170 635//171 642//172
f 635//171 643//173 642//172
f 643//173 635//171 634//174
f 643//173 634//174 633//175
f 633//175 644//176 643//173
f 633//175 632//177 644//176
f 632//177 631//178 644//176
f 645//179 644//176 631//178
f 645//179 631//178 630//180
f 646//181 645//179 630//180
f 630//180 629//182 646//181
f 647//183 646//181 629//182
f 629//182 638//184 647//183
f 638//184 648//185 647//183
f 648//185 638//184 637//186
f 637//186 636//187 648//185
f 636//187 649//188 648//185
f 636//187 650//189 649//188
f 636//187 641//190 650//189
f 651//191 650//189 641//190
f 641//190 640//192 651//191
f 640//192 639//170 651//191
f 642//172 651//191 639//170
v 0.311133 -1.566327 -0.703870
v 0.319756 -1.563901 -0.712788
v 0.325206 -1.559722 -0.719523
v 0.329957 -1.548979 -0.725394
v 0.327457 -1.534362 -0.722307
v 0.320392 -1.527321 -0.713574
v 0.311147 -1.524380 -0.703576
v 0.289249 -1.548756 -0.725521
v 0.294818 -1.560407 -0.718639
v 0.301032 -1.564603 -0.710961
v 0.302095 -1.525608 -0.709646
v 0.295488 -1.529657 -0.717811
v 0.290721 -1.536005 -0.723702
v 0.313063 -1.524650 -0.746960
v 0.324026 -1.530218 -0.746960
v 0.330165 -1.540874 -0.746960
v 0.329051 -1.553116 -0.746960
v 0.320413 -1.563267 -0.746960
v 0.304180 -1.565045 -0.746960
v 0.294220 -1.559971 -0.746960
v 0.289703 -1.549741 -0.746960
v 0.292374 -1.533642 -0.746960
v 0.301892 -1.525858 -0.746960
vn 0.3313 0.9434 0.0138
vn -0.1258 0.9788 0.1619
vn 0.5778 0.8123 -0.0797
vn 0.8286 0.5574 0.0524
vn 0.9333 0.3422 -0.1085
vn 0.9214 0.3876 0.0274
vn 0.9729 0.0765 -0.2181
vn 0.8060 -0.5915 0.0244
vn 0.7996 -0.6005 0.0019
vn 0.3096 -0.9422 0.1280
vn 0.5593 -0.8283 0.0330
vn 0.2631 -0.9604 0.0917
vn -0.5431 -0.8382 0.0497
vn -0.4674 -0.8840 0.0071
vn -0.7583 -0.6518 -0.0156
vn -0.7661 -0.6426 -0.0077
vn -0.8094 -0.5872 -0.0094
vn -0.9697 0.2425 0.0280
vn -0.7280 0.6838 0.0502
vn -0.8369 0.5429 0.0698
vn -0.6753 0.7359 0.0491
vn -0.2717 0.9608 0.0543
vn -0.3622 0.9319 0.0209
s 1
usemtl 0.529412_0.549020_0.588235_0.000000_0.000000
f 665//193 658//194 657//195
f 657//195 666//196 665//193
f 657//195 656//197 666//196
f 656//197 667//198 666//196
f 667//198 656//197 655//199
f 668//200 667//198 655//199
f 655//199 654//201 668//200
f 669//202 668//200 654//201
f 669//202 654//201 653//203
f 652//204 670//205 669//202
f 652//204 661//206 670//205
f 670//205 661//206 660//207
f 660//207 671//208 670//205
f 660//207 672//209 671//208
f 672//209 660//207 659//210
f 673//211 659//210 664//212
f 673//211 672//209 659//210
f 664//212 663//213 673//211
f 674//214 673//211 663//213
f 674//214 663//213 662//215
f 674//214 662//215 658//194
f 665//193 674//214 658//194
f 653//203 652//204 669//202
v -0.133671 -1.527422 -0.926878
v -0.125687 -1.536137 -0.917011
v -0.123395 -1.542839 -0.914179
v -0.123760 -1.548834 -0.914631
v -0.127457 -1.557804 -0.919198
v -0.133598 -1.563433 -0.926787
v -0.143261 -1.566238 -0.936173
v -0.165275 -1.541024 -0.914546
v -0.161767 -1.533808 -0.918881
v -0.153104 -1.526137 -0.929585
v -0.144122 -1.524354 -0.937053
v -0.152657 -1.564927 -0.930140
v -0.160926 -1.558238 -0.919921
v -0.165463 -1.546664 -0.914313
v -0.133708 -1.563259 -0.893584
v -0.124814 -1.551980 -0.893584
v -0.123819 -1.540803 -0.893584
v -0.129424 -1.531095 -0.893584
v -0.141102 -1.524648 -0.893584
v -0.152269 -1.525869 -0.893584
v -0.161778 -1.533665 -0.893584
v -0.164429 -1.549777 -0.893584
v -0.159906 -1.559982 -0.893584
v -0.149938 -1.565053 -0.893584
vn 0.2920 -0.9545 0.0611
vn 0.6026 -0.7807 -0.1653
vn -0.4868 -0.8735 -0.0039
vn 0.5703 -0.8214 0.0100
vn 0.8702 -0.4927 0.0085
vn 0.9402 -0.2573 -0.2232
vn 0.9998 -0.0003 -0.0207
vn 0.9647 0.2564 -0.0608
vn 0.9888 0.1491 -0.0038
vn 0.9495 0.3134 -0.0130
vn 0.5626 0.8002 -0.2076
vn 0.6137 0.7865 -0.0695
vn 0.1894 0.9714 -0.1431
vn -0.1147 0.9910 0.0688
vn -0.1351 0.9902 -0.0359
vn -0.4909 0.8712 -0.0023
vn -0.8393 0.4892 0.2371
vn -0.9582 0.2843 -0.0334
vn -0.9684 0.2486 -0.0216
vn -0.9106 -0.2968 -0.2877
vn -0.9970 0.0389 -0.0676
vn -0.8400 -0.5334 -0.0994
vn -0.7162 -0.6978 0.0135
vn -0.3590 -0.9311 -0.0643
s 1
usemtl 0.529412_0.549020_0.588235_0.000000_0.000000
f 681//216 689//217 698//218
f 681//216 680//219 689//217
f 689//217 680//219 679//220
f 679//220 690//221 689//217
f 679//220 678//222 690//221
f 691//223 678//222 677//224
f 691//223 690//221 678//222
f 691//223 677//224 676//225
f 692//226 691//223 676//225
f 676//225 675//227 692//226
f 693//228 692//226 675//227
f 675//227 685//229 693//228
f 685//229 694//230 693//228
f 685//229 684//231 694//230
f 694//230 684//231 683//232
f 683//232 695//233 694//230
f 682//234 696//235 695//233
f 683//232 682//234 695//233
f 682//234 688//236 696//235
f 696//235 688//236 687//237
f 697//238 696//235 687//237
f 698//218 697//238 687//237
f 698//218 687//237 686//239
f 698//218 686//239 681//216
v -0.593036 -0.612181 -0.477374
v -0.583000 -0.604061 -0.480997
v -0.574414 -0.597112 -0.491002
v -0.573472 -0.596350 -0.503219
v -0.579323 -0.601085 -0.512118
v -0.587318 -0.607554 -0.516931
v -0.573675 -0.636888 -0.493153
v -0.580057 -0.631724 -0.482931
v -0.589954 -0.623715 -0.478239
v -0.594013 -0.617520 -0.518669
v -0.583309 -0.629092 -0.515032
v -0.575409 -0.635485 -0.506855
v -0.551966 -0.613232 -0.518879
v -0.551966 -0.603466 -0.513472
v -0.551966 -0.595825 -0.500168
v -0.551966 -0.597114 -0.490097
v -0.551966 -0.606092 -0.480262
v -0.551966 -0.624278 -0.478949
v -0.551966 -0.634847 -0.487027
v -0.551966 -0.637004 -0.500142
v -0.551966 -0.633608 -0.510784
v -0.551966 -0.624245 -0.516897
vn 0.0465 0.2080 -0.9770
vn 0.0015 0.2091 -0.9779
vn 0.2448 -0.5632 -0.7893
vn 0.0317 0.3811 -0.9240
vn 0.0037 0.4706 -0.8823
vn 0.0219 0.8123 -0.5829
vn -0.0967 0.9844 -0.1473
vn 0.0092 0.9986 0.0515
vn -0.0399 0.9917 0.1219
vn 0.1151 0.9393 0.3232
vn -0.0815 0.6922 0.7171
vn -0.0642 0.6697 0.7399
vn -0.0631 0.2635 0.9626
vn 0.0638 -0.6890 0.7220
vn 0.0791 -0.4764 0.8756
vn -0.0030 -0.6905 0.7233
vn -0.0294 -0.8163 0.5769
vn 0.0460 -0.8853 0.4627
vn -0.0364 -0.9011 -0.4321
vn -0.1291 -0.7714 -0.6231
vn 0.0006 -0.7668 -0.6419
vn -0.0584 -0.6083 -0.7916
s 1
usemtl 0.529412_0.549020_0.588235_0.000000_0.000000
f 708//240 711//241 720//242
f 708//240 712//243 711//241
f 712//243 708//240 704//244
f 712//243 704//244 703//245
f 703//245 702//246 712//243
f 702//246 713//247 712//243
f 702//246 701//248 713//247
f 714//249 713//247 701//248
f 715//250 714//249 701//248
f 701//248 700//251 715//250
f 700//251 699//252 715//250
f 716//253 715//250 699//252
f 716//253 699//252 707//254
f 716//253 707//254 706//255
f 705//256 717//257 716//253
f 706//255 705//256 716//253
f 705//256 718//258 717//257
f 705//256 710//259 718//258
f 719//260 718//258 710//259
f 720//242 719//260 710//259
f 710//259 709//261 720//242
f 720//242 709//261 708//240
v -0.261126 -0.627057 -0.479606
v -0.269775 -0.633467 -0.485060
v -0.278290 -0.637265 -0.493194
v -0.283064 -0.635192 -0.506726
v -0.278452 -0.626406 -0.516682
v -0.271751 -0.619405 -0.518845
v -0.262985 -0.611752 -0.518461
v -0.280847 -0.603874 -0.481249
v -0.274736 -0.611064 -0.477559
v -0.266430 -0.618801 -0.476886
v -0.258440 -0.607204 -0.516880
v -0.268215 -0.600928 -0.511634
v -0.276451 -0.596690 -0.504970
v -0.282730 -0.596820 -0.492716
v -0.304410 -0.618876 -0.518688
v -0.304410 -0.632913 -0.510341
v -0.304410 -0.636572 -0.492491
v -0.304410 -0.628553 -0.480585
v -0.304410 -0.617920 -0.476956
v -0.304410 -0.606005 -0.479980
v -0.304410 -0.597677 -0.489031
v -0.304410 -0.595817 -0.500101
v -0.304410 -0.603420 -0.513432
vn 0.0231 0.1844 -0.9826
vn 0.1103 -0.2425 -0.9639
vn 0.2879 0.5589 -0.7776
vn -0.0312 -0.2131 -0.9765
vn 0.0691 -0.5635 -0.8232
vn 0.0793 -0.5438 -0.8355
vn 0.0314 -0.9990 -0.0324
vn 0.0161 -0.8644 0.5026
vn 0.1613 -0.9535 0.2546
vn 0.0550 -0.8162 0.5751
vn 0.0855 -0.4874 0.8690
vn -0.1240 -0.3343 0.9343
vn 0.1038 -0.1848 0.9773
vn -0.0808 -0.0828 0.9933
vn -0.0276 0.2994 0.9537
vn -0.1651 0.6810 0.7134
vn -0.0351 0.4658 0.8842
vn -0.0519 0.8041 0.5922
vn -0.0677 0.9615 0.2662
vn 0.0308 0.9318 -0.3617
vn 0.0248 0.9422 -0.3340
vn 0.0985 0.8566 -0.5065
vn 0.0120 0.4447 -0.8956
s 1
usemtl 0.529412_0.549020_0.588235_0.000000_0.000000
f 727//262 735//263 743//264
f 727//262 726//265 735//263
f 735//263 726//265 725//266
f 725//266 736//267 735//263
f 736//267 725//266 724//268
f 737//269 736//267 724//268
f 724//268 723//270 737//269
f 737//269 723//270 722//271
f 738//272 737//269 722//271
f 721//273 739//274 738//272
f 721//273 730//275 739//274
f 739//274 730//275 729//276
f 729//276 740//277 739//274
f 729//276 728//278 740//277
f 734//279 741//280 740//277
f 728//278 734//279 740//277
f 742//281 741//280 734//279
f 734//279 733//282 742//281
f 743//264 742//281 733//282
f 743//264 732//283 731//284
f 743//264 731//284 727//262
f 733//282 732//283 743//264
f 722//271 721//273 738//272
v -0.135818 -0.164766 -0.928626
v -0.126110 -0.175937 -0.916630
v -0.124239 -0.183361 -0.914317
v -0.125134 -0.188662 -0.915424
v -0.129868 -0.197561 -0.921273
v -0.135726 -0.202107 -0.928513
v -0.144630 -0.204150 -0.935987
v -0.165929 -0.178289 -0.915310
v -0.161125 -0.169172 -0.921247
v -0.155224 -0.164615 -0.928540
v -0.146432 -0.162378 -0.937262
v -0.153337 -0.203054 -0.930872
v -0.159993 -0.198472 -0.922646
v -0.165876 -0.188278 -0.915376
v -0.133689 -0.200732 -0.893918
v -0.126421 -0.192161 -0.893918
v -0.124613 -0.181070 -0.893918
v -0.130430 -0.169081 -0.893918
v -0.143244 -0.162598 -0.893918
v -0.156269 -0.165476 -0.893918
v -0.164552 -0.174565 -0.893918
v -0.164838 -0.189899 -0.893918
v -0.159227 -0.199566 -0.893918
v -0.148771 -0.203520 -0.893918
vn 0.4593 -0.8882 -0.0081
vn 0.6628 -0.7488 -0.0021
vn -0.1903 -0.9192 0.3446
vn -0.1971 -0.9705 -0.1392
vn 0.8094 -0.5845 0.0563
vn 0.8434 -0.5261 -0.1091
vn 0.9948 -0.1015 0.0088
vn 0.9959 0.0168 -0.0887
vn 1.0000 0.0046 -0.0075
vn 0.9795 0.2005 -0.0182
vn 0.4949 0.8687 -0.0187
vn 0.5772 0.8159 -0.0339
vn -0.0905 0.9931 -0.0747
vn -0.2272 0.9738 -0.0047
vn -0.4916 0.8499 -0.1897
vn -0.4975 0.8673 0.0159
vn -0.7988 0.6013 0.0210
vn -0.8544 0.5176 -0.0460
vn -0.9942 0.0803 -0.0711
vn -0.8045 -0.5716 -0.1614
vn -0.9954 -0.0725 -0.0620
vn -0.7498 -0.6551 -0.0932
vn -0.6131 -0.7900 0.0030
vn -0.3759 -0.9266 0.0032
s 1
usemtl 0.529412_0.549020_0.588235_0.000000_0.000000
f 749//285 758//286 767//287
f 750//288 749//285 767//287
f 758//286 749//285 748//289
f 748//289 759//290 758//286
f 748//289 747//291 759//290
f 747//291 760//292 759//290
f 747//291 746//293 760//292
f 746//293 745//294 760//292
f 761//295 760//292 745//294
f 745//294 744//296 761//295
f 762//297 761//295 744//296
f 762//297 744//296 754//298
f 754//298 763//299 762//297
f 763//299 754//298 753//300
f 763//299 753//300 752//301
f 752//301 764//302 763//299
f 752//301 751//303 764//302
f 751//303 765//304 764//302
f 765//304 751//303 757//305
f 757//305 756//306 765//304
f 766//307 765//304 756//306
f 767//287 766//307 756//306
f 767//287 756//306 755//308
f 755//308 750//288 767//287
v -0.588878 -0.202104 -0.306949
v -0.583487 -0.198179 -0.313610
v -0.578376 -0.187275 -0.319925
v -0.579970 -0.173697 -0.317955
v -0.587424 -0.165682 -0.308746
v -0.596765 -0.162406 -0.298467
v -0.619102 -0.186378 -0.320216
v -0.612828 -0.198955 -0.312462
v -0.607479 -0.202624 -0.305853
v -0.598756 -0.204166 -0.299325
v -0.606126 -0.163578 -0.304181
v -0.612848 -0.167695 -0.312487
v -0.617553 -0.173991 -0.318302
v -0.595200 -0.162643 -0.341562
v -0.584247 -0.168213 -0.341562
v -0.578111 -0.178867 -0.341562
v -0.579795 -0.192090 -0.341562
v -0.588797 -0.201919 -0.341562
v -0.604103 -0.203037 -0.341562
v -0.614054 -0.197964 -0.341562
v -0.618574 -0.187732 -0.341562
v -0.615900 -0.171630 -0.341562
v -0.606381 -0.163849 -0.341562
vn 0.3785 0.9256 -0.0082
vn -0.1290 0.9884 0.0805
vn 0.6172 0.7781 -0.1167
vn 0.8289 0.5585 0.0315
vn 0.9022 0.4044 -0.1500
vn 0.9427 0.3175 0.1027
vn 0.9865 0.1365 -0.0910
vn 0.7373 -0.6749 0.0286
vn 0.7489 -0.6606 0.0524
vn 0.3050 -0.9475 0.0965
vn 0.5091 -0.8603 0.0246
vn 0.2983 -0.9528 0.0562
vn -0.5290 -0.8486 0.0068
vn -0.4025 -0.9149 -0.0305
vn -0.7736 -0.6336 -0.0080
vn -0.7516 -0.6595 -0.0123
vn -0.8353 -0.5494 -0.0230
vn -0.9718 0.2335 0.0316
vn -0.7167 0.6945 0.0635
vn -0.8353 0.5445 0.0765
vn -0.6808 0.7312 0.0436
vn -0.1754 0.9845 0.0037
vn -0.3535 0.9346 0.0390
s 1
usemtl 0.529412_0.549020_0.588235_0.000000_0.000000
f 781//309 773//310 772//311
f 772//311 782//312 781//309
f 772//311 771//313 782//312
f 771//313 783//314 782//312
f 783//314 771//313 770//315
f 784//316 783//314 770//315
f 770//315 769//317 784//316
f 785//318 784//316 769//317
f 769//317 768//319 785//318
f 777//320 786//321 785//318
f 786//321 777//320 776//322
f 786//321 776//322 775//323
f 775//323 787//324 786//321
f 775//323 788//325 787//324
f 788//325 775//323 774//326
f 789//327 774//326 780//328
f 789//327 788//325 774//326
f 780//328 779//329 789//327
f 790//330 789//327 779//329
f 790//330 779//329 778//331
f 778//331 773//310 790//330
f 781//309 790//330 773//310
f 768//319 777//320 785//318
v -0.031883 -1.305151 -0.687793
v -0.037791 -1.315746 -0.647042
v -0.046427 -1.322240 -0.651026
v -0.053675 -1.327209 -0.657765
v -0.057242 -1.328204 -0.671353
v -0.051337 -1.321751 -0.682854
v -0.045045 -1.316114 -0.686353
v -0.037149 -1.309449 -0.687863
v -0.056357 -1.289526 -0.656846
v -0.048776 -1.296830 -0.649011
v -0.041286 -1.303366 -0.646063
v -0.034803 -1.309301 -0.645710
v -0.039102 -1.299541 -0.685763
v -0.050401 -1.291188 -0.679530
v -0.056918 -1.287498 -0.667956
v -0.078538 -1.311931 -0.687001
v -0.078538 -1.326387 -0.675909
v -0.078538 -1.327229 -0.658643
v -0.078538 -1.316412 -0.647731
v -0.078538 -1.303146 -0.646359
v -0.078538 -1.294113 -0.650997
v -0.078538 -1.288450 -0.659429
v -0.078538 -1.287487 -0.670612
v -0.078538 -1.295150 -0.682750
vn 0.0236 -0.0654 -0.9976
vn -0.0097 -0.4456 -0.8952
vn 0.2265 -0.3093 -0.9236
vn 0.0941 -0.6543 -0.7503
vn 0.3375 -0.7470 -0.5727
vn 0.0242 -0.9917 0.1259
vn 0.0361 -0.7905 0.6114
vn 0.1500 -0.8855 0.4398
vn 0.0129 -0.7261 0.6875
vn 0.1161 -0.2109 0.9706
vn 0.0195 -0.4363 0.8996
vn 0.0065 0.0302 0.9995
vn 0.0100 0.3333 0.9428
vn -0.0127 0.2361 0.9717
vn -0.1934 0.5272 0.8274
vn -0.0220 0.7501 0.6609
vn -0.1027 0.8080 0.5802
vn -0.0115 0.8970 0.4419
vn 0.3125 0.9447 -0.0996
vn -0.0721 0.9964 -0.0436
vn -0.0025 0.8316 -0.5553
vn 0.0377 0.7975 -0.6022
vn 0.1268 0.4234 -0.8970
vn -0.0380 0.1077 -0.9935
s 1
usemtl 0.529412_0.549020_0.588235_0.000000_0.000000
f 798//332 797//333 806//334
f 797//333 796//335 806//334
f 796//335 807//336 806//334
f 796//335 795//337 807//336
f 808//338 807//336 795//337
f 795//337 794//339 808//338
f 794//339 793//340 808//338
f 809//341 808//338 793//340
f 793//340 792//342 809//341
f 792//342 802//343 809//341
f 802//343 810//344 809//341
f 810//344 802//343 801//345
f 801//345 800//346 810//344
f 800//346 811//347 810//344
f 811//347 800//346 799//348
f 799//348 812//349 811//347
f 799//348 805//350 812//349
f 805//350 813//351 812//349
f 814//352 813//351 805//350
f 805//350 804//353 814//352
f 804//353 803//354 814//352
f 806//334 814//352 803//354
f 806//334 803//354 798//332
f 803//354 791//355 798//332
v -0.360277 -1.318493 -0.684911
v -0.350043 -1.326773 -0.676154
v -0.347022 -1.329219 -0.669287
v -0.347843 -1.328554 -0.662111
v -0.355933 -1.322007 -0.651141
v -0.368979 -1.311239 -0.645926
v -0.347428 -1.287369 -0.670268
v -0.352377 -1.291373 -0.679541
v -0.361076 -1.298412 -0.685514
v -0.369819 -1.307538 -0.687750
v -0.364730 -1.301369 -0.646763
v -0.353992 -1.292680 -0.652466
v -0.348005 -1.287837 -0.660994
v -0.326428 -1.317713 -0.648719
v -0.326428 -1.326880 -0.656835
v -0.326428 -1.329003 -0.664495
v -0.326428 -1.324382 -0.679125
v -0.326428 -1.310373 -0.687519
v -0.326428 -1.294896 -0.682315
v -0.326428 -1.287377 -0.666742
v -0.326428 -1.288855 -0.657820
v -0.326428 -1.296673 -0.649846
v -0.326428 -1.307012 -0.645538
vn 0.0234 0.0333 0.9992
vn 0.0733 -0.8097 0.5822
vn -0.1664 -0.2014 0.9653
vn 0.0074 -0.9152 0.4029
vn 0.0333 -0.9951 0.0931
vn -0.1586 -0.9805 -0.1158
vn -0.0008 -0.9901 -0.1401
vn -0.1019 -0.9516 -0.2901
vn -0.0387 -0.9457 -0.3227
vn -0.0462 -0.6319 -0.7737
vn -0.1758 -0.1614 -0.9711
vn -0.0323 0.2313 -0.9724
vn -0.2476 0.4583 -0.8536
vn 0.0114 0.4921 -0.8704
vn -0.0736 0.8520 -0.5183
vn -0.1560 0.9598 -0.2333
vn -0.0369 0.9687 0.2455
vn -0.1003 0.9547 0.2801
vn 0.0007 0.8803 0.4744
vn -0.1150 0.7958 0.5945
vn 0.0002 0.8604 0.5096
vn -0.1424 0.2402 0.9602
vn 0.0012 0.0123 0.9999
s 1
usemtl 0.529412_0.549020_0.588235_0.000000_0.000000
f 820//356 819//357 828//358
f 819//357 829//359 828//358
f 819//357 818//360 829//359
f 818//360 830//361 829//359
f 830//361 818//360 817//362
f 831//363 817//362 816//364
f 831//363 830//361 817//362
f 816//364 815//365 831//363
f 832//366 831//363 815//365
f 832//366 815//365 824//367
f 824//367 833//368 832//366
f 833//368 824//367 823//369
f 833//368 823//369 822//370
f 833//368 822//370 821//371
f 821//371 834//372 833//368
f 821//371 827//373 834//372
f 835//374 834//372 827//373
f 827//373 826//375 836//376
f 836//376 835//374 827//373
f 836//376 826//375 825//377
f 837//378 836//376 825//377
f 825//377 820//356 837//378
f 820//356 828//358 837//378
v -0.135742 -0.202105 -0.306948
v -0.130351 -0.198179 -0.313610
v -0.125240 -0.187275 -0.319925
v -0.126835 -0.173696 -0.317955
v -0.134288 -0.165682 -0.308745
v -0.143630 -0.162406 -0.298464
v -0.165966 -0.186378 -0.320215
v -0.159692 -0.198955 -0.312462
v -0.154343 -0.202624 -0.305853
v -0.145621 -0.204166 -0.299322
v -0.152988 -0.163578 -0.304178
v -0.159713 -0.167696 -0.312488
v -0.164417 -0.173991 -0.318302
v -0.142064 -0.162643 -0.341562
v -0.131111 -0.168213 -0.341562
v -0.124975 -0.178867 -0.341562
v -0.126659 -0.192090 -0.341562
v -0.135661 -0.201919 -0.341562
v -0.150967 -0.203037 -0.341562
v -0.160918 -0.197964 -0.341562
v -0.165438 -0.187732 -0.341562
v -0.162764 -0.171630 -0.341562
v -0.153245 -0.163849 -0.341562
vn 0.3785 0.9256 -0.0083
vn -0.1296 0.9864 0.1008
vn 0.6177 0.7779 -0.1156
vn 0.8296 0.5576 0.0303
vn 0.9048 0.3999 -0.1463
vn 0.9432 0.3154 0.1040
vn 0.9865 0.1363 -0.0913
vn 0.7377 -0.6745 0.0287
vn 0.7489 -0.6606 0.0525
vn 0.3067 -0.9468 0.0978
vn 0.5088 -0.8606 0.0246
vn 0.2982 -0.9528 0.0567
vn -0.5291 -0.8485 0.0070
vn -0.4026 -0.9149 -0.0304
vn -0.7736 -0.6336 -0.0081
vn -0.7501 -0.6612 -0.0147
vn -0.8352 -0.5494 -0.0236
vn -0.9719 0.2334 0.0320
vn -0.7172 0.6940 0.0639
vn -0.8352 0.5446 0.0765
vn -0.6790 0.7326 0.0479
vn -0.1798 0.9835 0.0185
vn -0.3796 0.9243 0.0395
s 1
usemtl 0.529412_0.549020_0.588235_0.000000_0.000000
f 851//379 843//380 842//381
f 842//381 852//382 851//379
f 842//381 841//383 852//382
f 841//383 853//384 852//382
f 853//384 841//383 840//385
f 854//386 853//384 840//385
f 840//385 839//387 854//386
f 855//388 854//386 839//387
f 839//387 838//389 855//388
f 847//390 856//391 855//388
f 856//391 847//390 846//392
f 856//391 846//392 845//393
f 845//393 857//394 856//391
f 845//393 858//395 857//394
f 858//395 845//393 844//396
f 859//397 844//396 850//398
f 859//397 858//395 844//396
f 850//398 849//399 859//397
f 860//400 859//397 849//399
f 849//399 848//401 860//400
f 860//400 848//401 843//380
f 851//379 860//400 843//380
f 838//389 847//390 855//388
v -0.257193 -0.195091 -0.277178
v -0.248530 -0.201729 -0.282568
v -0.241480 -0.207212 -0.291402
v -0.237236 -0.206244 -0.305831
v -0.240377 -0.197689 -0.314941
v -0.245633 -0.189632 -0.316830
v -0.254625 -0.178356 -0.315530
v -0.278234 -0.207560 -0.302911
v -0.272714 -0.206426 -0.289253
v -0.266188 -0.201008 -0.281810
v -0.263728 -0.181440 -0.316411
v -0.270150 -0.189975 -0.316900
v -0.275686 -0.198818 -0.314153
v -0.252115 -0.217030 -0.333016
v -0.241825 -0.219882 -0.326930
v -0.237082 -0.223688 -0.318804
v -0.239223 -0.229256 -0.306919
v -0.248910 -0.233734 -0.297361
v -0.261129 -0.234297 -0.296159
v -0.273011 -0.231731 -0.301636
v -0.278179 -0.225603 -0.314716
v -0.272989 -0.219481 -0.327784
v -0.263355 -0.217026 -0.333026
vn 0.2614 0.4558 -0.8508
vn 0.6390 0.2927 -0.7113
vn 0.4588 0.3945 -0.7962
vn 0.8718 0.1323 -0.4717
vn 0.8244 0.0962 -0.5578
vn 0.9419 0.1292 -0.3099
vn 0.9850 0.0135 -0.1717
vn 0.7347 -0.0867 0.6729
vn 0.6321 -0.2869 0.7198
vn 0.3728 -0.2955 0.8796
vn 0.4741 -0.3425 0.8111
vn -0.1642 -0.4580 0.8737
vn -0.4433 -0.3827 0.8106
vn -0.4741 -0.3666 0.8005
vn -0.5918 -0.4772 0.6497
vn -0.8581 -0.1848 0.4791
vn -0.8645 -0.2442 0.4393
vn -0.9163 0.1931 -0.3508
vn -0.8169 0.3983 -0.4173
vn -0.6094 0.3494 -0.7117
vn -0.6076 0.3973 -0.6878
vn -0.0819 0.3962 -0.9145
vn -0.3149 0.4388 -0.8416
s 1
usemtl 0.529412_0.549020_0.588235_0.000000_0.000000
f 867//402 866//403 874//404
f 866//403 875//405 874//404
f 866//403 865//406 875//405
f 875//405 865//406 864//407
f 864//407 876//408 875//405
f 877//409 876//408 864//407
f 864//407 863//410 877//409
f 878//411 877//409 863//410
f 863//410 862//412 878//411
f 862//412 861//413 879//414
f 862//412 879//414 878//411
f 861//413 870//415 879//414
f 879//414 870//415 869//416
f 869//416 880//417 879//414
f 880//417 869//416 868//418
f 868//418 881//419 880//417
f 881//419 868//418 873//420
f 882//421 881//419 873//420
f 873//420 872//422 882//421
f 883//423 882//421 872//422
f 883//423 872//422 871//424
f 871//424 867//402 883//423
f 867//402 874//404 883//423
v -0.135515 -0.815166 -0.929078
v -0.125618 -0.826164 -0.916847
v -0.123571 -0.833975 -0.914317
v -0.124466 -0.839274 -0.915423
v -0.129196 -0.848171 -0.921268
v -0.135373 -0.852884 -0.928903
v -0.143963 -0.854765 -0.935989
v -0.165261 -0.828905 -0.915310
v -0.160833 -0.820179 -0.920784
v -0.154556 -0.815230 -0.928539
v -0.145750 -0.812995 -0.937244
v -0.152667 -0.853669 -0.930874
v -0.159323 -0.849087 -0.922649
v -0.165208 -0.838892 -0.915376
v -0.134037 -0.851862 -0.893918
v -0.125409 -0.841688 -0.893918
v -0.124008 -0.830543 -0.893918
v -0.129761 -0.819696 -0.893918
v -0.141437 -0.813253 -0.893918
v -0.152605 -0.814476 -0.893918
v -0.162114 -0.822272 -0.893918
v -0.164763 -0.838384 -0.893918
v -0.160233 -0.848597 -0.893918
v -0.150262 -0.853660 -0.893918
vn 0.1734 -0.9692 -0.1752
vn 0.6228 -0.7761 -0.0988
vn -0.4755 -0.8775 -0.0632
vn 0.4924 -0.8704 -0.0034
vn 0.8094 -0.5872 -0.0044
vn 0.8598 -0.4776 -0.1810
vn 0.9966 -0.0817 -0.0059
vn 0.9966 0.0528 -0.0634
vn 1.0000 0.0046 -0.0075
vn 0.9770 0.2129 -0.0126
vn 0.4997 0.8631 0.0737
vn 0.5746 0.8181 -0.0214
vn 0.0068 1.0000 0.0038
vn -0.1843 0.9816 0.0495
vn -0.5385 0.8425 0.0158
vn -0.5088 0.8603 0.0318
vn -0.7396 0.6581 0.1411
vn -0.8539 0.4901 -0.1752
vn -0.9650 0.2199 -0.1432
vn -0.8523 -0.5228 -0.0153
vn -0.9953 -0.0833 -0.0486
vn -0.7877 -0.6111 -0.0783
vn -0.6942 -0.7198 0.0016
vn -0.3759 -0.9267 0.0031
s 1
usemtl 0.529412_0.549020_0.588235_0.000000_0.000000
f 890//425 898//426 907//427
f 890//425 889//428 898//426
f 898//426 889//428 888//429
f 888//429 899//430 898//426
f 888//429 887//431 899//430
f 900//432 899//430 887//431
f 887//431 886//433 900//432
f 886//433 885//434 900//432
f 901//435 900//432 885//434
f 885//434 884//436 901//435
f 902//437 901//435 884//436
f 902//437 884//436 894//438
f 894//438 903//439 902//437
f 903//439 894//438 893//440
f 903//439 893//440 892//441
f 892//441 904//442 903//439
f 892//441 891//443 904//442
f 891//443 905//444 904//442
f 905//444 891//443 897//445
f 897//445 896//446 905//444
f 906//447 905//444 896//446
f 907//427 906//447 896//446
f 907//427 896//446 895//448
f 895//448 890//425 907//427
v -0.034860 -0.828904 -0.620221
v -0.046151 -0.820098 -0.615381
v -0.056696 -0.813446 -0.601478
v -0.055711 -0.816079 -0.588555
v -0.050349 -0.821280 -0.582764
v -0.038706 -0.831490 -0.579031
v -0.057120 -0.853856 -0.604977
v -0.050619 -0.846930 -0.616380
v -0.041479 -0.838923 -0.620186
v -0.039257 -0.842727 -0.580451
v -0.047199 -0.848644 -0.584498
v -0.053565 -0.852974 -0.590665
v -0.078538 -0.828993 -0.579308
v -0.078538 -0.819190 -0.584798
v -0.078538 -0.813620 -0.594554
v -0.078538 -0.814341 -0.606823
v -0.078538 -0.821649 -0.616705
v -0.078538 -0.836647 -0.619955
v -0.078538 -0.852236 -0.608857
v -0.078538 -0.851799 -0.589731
v -0.078538 -0.840222 -0.579660
vn -0.1896 0.2347 0.9534
vn -0.0002 0.4542 0.8909
vn 0.0301 -0.1698 0.9850
vn -0.0062 0.6111 0.7915
vn 0.1217 0.6169 0.7776
vn -0.1574 0.8324 0.5313
vn -0.0017 0.9199 0.3921
vn -0.0946 0.9764 0.1943
vn -0.0095 0.8016 -0.5978
vn 0.0167 0.8196 -0.5727
vn -0.0198 0.3566 -0.9340
vn -0.0086 0.3771 -0.9261
vn 0.2553 -0.2395 -0.9367
vn -0.0586 -0.3215 -0.9451
vn -0.0076 -0.6680 -0.7441
vn 0.1631 -0.7224 -0.6720
vn 0.1884 -0.9774 0.0958
vn 0.0860 -0.7132 0.6957
vn 0.1496 -0.8642 0.4803
vn 0.1284 -0.5878 0.7988
vn 0.0294 -0.4374 0.8988
s 1
usemtl 0.529412_0.549020_0.588235_0.000000_0.000000
f 913//449 920//450 928//451
f 912//452 921//453 920//450
f 920//450 913//449 912//452
f 921//453 912//452 911//454
f 911//454 922//455 921//453
f 911//454 910//456 922//455
f 923//457 922//455 910//456
f 923//457 910//456 909//458
f 924//459 923//457 909//458
f 908//460 925//461 924//459
f 925//461 908//460 916//462
f 925//461 916//462 915//463
f 915//463 926//464 925//461
f 926//464 915//463 914//465
f 927//466 926//464 914//465
f 927//466 914//465 919//467
f 919//467 918//468 927//466
f 928//451 918//468 917//469
f 928//451 927//466 918//468
f 917//469 913//449 928//451
f 909//458 908//460 924//459
v -0.252884 -0.393376 -0.416140
v -0.238781 -0.408018 -0.415552
v -0.231908 -0.417918 -0.407532
v -0.231854 -0.420493 -0.402138
v -0.235980 -0.420632 -0.393969
v -0.251674 -0.412477 -0.379775
v -0.232246 -0.379438 -0.391715
v -0.237322 -0.379499 -0.401266
v -0.245720 -0.383261 -0.409256
v -0.248471 -0.401621 -0.375312
v -0.238968 -0.392444 -0.376775
v -0.232556 -0.383654 -0.383309
v -0.211098 -0.414941 -0.382451
v -0.211098 -0.421083 -0.394246
v -0.211098 -0.417473 -0.407041
v -0.211098 -0.403278 -0.416907
v -0.211098 -0.386721 -0.411903
v -0.211098 -0.379471 -0.395179
v -0.211098 -0.385754 -0.381169
v -0.211098 -0.393369 -0.376270
v -0.211098 -0.401282 -0.375451
vn 0.0641 -0.9247 0.3753
vn -0.1171 -0.2888 0.9502
vn 0.0007 -0.9991 -0.0414
vn 0.0895 -0.9941 0.0620
vn -0.0641 -0.9694 -0.2369
vn -0.0188 -0.9637 -0.2665
vn -0.0169 -0.9002 -0.4351
vn -0.0253 -0.5760 -0.8171
vn -0.0343 0.1381 -0.9898
vn -0.2048 0.1142 -0.9721
vn -0.0878 0.8596 -0.5034
vn 0.0164 0.8164 -0.5773
vn -0.0120 0.9828 -0.1845
vn -0.1211 0.9560 0.2672
vn -0.1235 0.9818 0.1444
vn -0.0282 0.8898 0.4555
vn -0.0271 0.5150 0.8568
vn -0.0478 0.4529 0.8903
vn 0.0269 0.2560 0.9663
vn 0.0363 0.0378 0.9986
vn -0.0374 -0.0520 0.9979
s 1
usemtl 0.529412_0.549020_0.588235_0.000000_0.000000
f 941//470 934//471 933//472
f 933//472 942//473 941//470
f 933//472 943//474 942//473
f 932//475 931//476 943//474
f 933//472 932//475 943//474
f 931//476 930//477 943//474
f 944//478 943//474 930//477
f 930//477 929//479 944//478
f 929//479 945//480 944//478
f 945//480 929//479 937//481
f 945//480 937//481 936//482
f 936//482 946//483 945//480
f 946//483 936//482 935//484
f 946//483 935//484 940//485
f 940//485 947//486 946//483
f 947//486 940//485 939//487
f 948//488 947//486 939//487
f 949//489 948//488 939//487
f 939//487 938//490 949//489
f 949//489 938//490 934//471
f 941//470 949//489 934//471
v -0.163020 -0.193588 -0.893717
v -0.149043 -0.203667 -0.893716
v -0.135865 -0.201910 -0.893722
v -0.127581 -0.194097 -0.893721
v -0.124619 -0.183258 -0.893716
v -0.130446 -0.168881 -0.893723
v -0.139619 -0.163326 -0.893717
v -0.151302 -0.163311 -0.893715
v -0.160763 -0.169136 -0.893730
v -0.165855 -0.178910 -0.893711
v -0.125925 -0.175439 -0.893737
l 950 959
l 950 951
l 951 952
l 954 953
l 960 954
l 955 960
l 956 955
l 957 956
l 958 957
l 959 958
l 953 952
v -0.164872 -1.540848 -0.747156
v -0.159666 -1.531046 -0.747162
v -0.149904 -1.525195 -0.747149
v -0.134888 -1.527497 -0.747161
v -0.123739 -1.543148 -0.747167
v -0.125583 -1.554226 -0.747158
v -0.132802 -1.562656 -0.747151
v -0.146709 -1.565702 -0.747153
v -0.161896 -1.555812 -0.747157
v -0.125841 -1.535527 -0.747165
l 963 962
l 964 963
l 970 965
l 966 965
l 967 966
l 968 967
l 969 968
l 969 961
l 962 961
l 970 964
v -0.304613 -0.595982 -0.495528
v -0.304613 -0.597734 -0.506619
v -0.304605 -0.604877 -0.515118
v -0.304614 -0.617602 -0.518507
v -0.304614 -0.633002 -0.509994
v -0.304615 -0.637464 -0.495801
v -0.304619 -0.633357 -0.485339
v -0.304616 -0.623531 -0.478331
v -0.304615 -0.611044 -0.477842
v -0.304621 -0.601710 -0.483422
v -0.304609 -0.597562 -0.488985
l 971 981
l 972 971
l 973 972
l 974 973
l 976 975
l 977 978
l 978 979
l 980 979
l 980 981
l 975 974
l 977 976
v -0.078743 -0.853985 -0.593782
v -0.078744 -0.847974 -0.584214
v -0.078750 -0.838117 -0.579260
v -0.078737 -0.823974 -0.581826
v -0.078748 -0.813170 -0.601329
v -0.078734 -0.825790 -0.618910
v -0.078740 -0.838885 -0.619742
v -0.078738 -0.852237 -0.608585
v -0.078742 -0.814786 -0.591278
v -0.078741 -0.817248 -0.612175
l 982 989
l 983 982
l 984 983
l 985 984
l 990 985
l 991 986
l 987 991
l 988 987
l 989 988
l 986 990
v -0.161884 -1.555875 -0.893393
v -0.148895 -1.565677 -0.893393
v -0.136734 -1.564731 -0.893384
v -0.127930 -1.558109 -0.893389
v -0.123697 -1.547295 -0.893382
v -0.135424 -1.527207 -0.893395
v -0.149807 -1.525174 -0.893379
v -0.159614 -1.530989 -0.893390
v -0.164869 -1.540913 -0.893376
v -0.125062 -1.537449 -0.893398
l 992 1000
l 993 992
l 994 993
l 995 994
l 1001 996
l 997 1001
l 998 997
l 998 999
l 1000 999
l 996 995
v -0.270948 -0.219260 -0.328730
v -0.256452 -0.216958 -0.333646
v -0.246312 -0.218375 -0.330604
v -0.237026 -0.224766 -0.316988
v -0.241513 -0.230965 -0.303738
v -0.257755 -0.234606 -0.295985
v -0.269561 -0.233093 -0.299183
v -0.277516 -0.227785 -0.310529
v -0.277746 -0.222927 -0.320919
v -0.239647 -0.221238 -0.324486
v -0.249972 -0.234126 -0.297023
l 1010 1009
l 1002 1010
l 1003 1002
l 1004 1003
l 1004 1011
l 1005 1011
l 1006 1005
l 1008 1007
l 1009 1008
l 1012 1006
l 1007 1012
v -0.210889 -0.852292 -0.608494
v -0.210889 -0.839415 -0.619591
v -0.210888 -0.824070 -0.617772
v -0.210890 -0.814588 -0.607140
v -0.210880 -0.813605 -0.595232
v -0.210891 -0.846601 -0.583224
v -0.210886 -0.853793 -0.593169
v -0.210873 -0.815970 -0.588715
v -0.210885 -0.821434 -0.583175
v -0.210887 -0.833989 -0.578947
l 1018 1022
l 1019 1018
l 1014 1013
l 1015 1014
l 1016 1015
l 1017 1016
l 1013 1019
l 1020 1017
l 1021 1020
l 1022 1021
v 0.014974 -1.089510 -0.642063
v 0.014977 -1.075096 -0.653338
v 0.014971 -1.060825 -0.651358
v 0.014964 -1.052978 -0.643408
v 0.014964 -1.050380 -0.632186
v 0.014972 -1.058347 -0.617580
v 0.014977 -1.075142 -0.612765
v 0.014969 -1.091215 -0.627258
v 0.014975 -1.068504 -0.612310
v 0.014964 -1.051429 -0.625830
v 0.014981 -1.085377 -0.617908
l 1024 1023
l 1025 1024
l 1026 1025
l 1027 1026
l 1032 1027
l 1028 1032
l 1028 1031
l 1029 1031
l 1033 1029
l 1030 1033
l 1023 1030
v -0.210891 -0.389705 -0.378781
v -0.210892 -0.403538 -0.375841
v -0.210896 -0.413585 -0.380548
v -0.210889 -0.419784 -0.389678
v -0.210891 -0.418297 -0.405343
v -0.210886 -0.404073 -0.416472
v -0.210901 -0.390131 -0.414798
v -0.210898 -0.381682 -0.406135
v -0.210893 -0.379328 -0.393952
v -0.210891 -0.381509 -0.386342
l 1036 1035
l 1039 1038
l 1041 1040
l 1042 1041
l 1034 1043
l 1035 1034
l 1037 1036
l 1040 1039
l 1043 1042
l 1038 1037
v -0.326242 -1.287954 -0.660992
v -0.326233 -1.296483 -0.650151
v -0.326227 -1.311336 -0.646126
v -0.326239 -1.321779 -0.650961
v -0.326240 -1.327882 -0.659991
v -0.326238 -1.326596 -0.675288
v -0.326227 -1.314499 -0.686503
v -0.326228 -1.302736 -0.686911
v -0.326234 -1.292943 -0.681095
v -0.326239 -1.287761 -0.671412
l 1044 1053
l 1045 1044
l 1046 1045
l 1046 1047
l 1047 1048
l 1049 1048
l 1050 1049
l 1050 1051
l 1051 1052
l 1053 1052
v 0.262132 -1.052300 -0.642109
v 0.262138 -1.059349 -0.650431
v 0.262133 -1.073168 -0.653637
v 0.262136 -1.088851 -0.643418
v 0.262132 -1.091612 -0.628801
v 0.262128 -1.086308 -0.618818
v 0.262126 -1.076766 -0.613149
v 0.262127 -1.061312 -0.615494
v 0.262123 -1.050475 -0.631171
v 0.262132 -1.052532 -0.623484
l 1054 1062
l 1055 1056
l 1058 1057
l 1059 1058
l 1059 1060
l 1061 1060
l 1061 1063
l 1062 1063
l 1055 1054
l 1057 1056
v -0.551760 -0.635070 -0.506570
v -0.551755 -0.623436 -0.517531
v -0.551753 -0.600158 -0.510625
v -0.551749 -0.595957 -0.499992
v -0.551755 -0.606079 -0.480453
v -0.551754 -0.620038 -0.477322
v -0.551754 -0.630341 -0.482131
v -0.551758 -0.636529 -0.491422
v -0.551756 -0.610215 -0.517625
v -0.551748 -0.597266 -0.490087
l 1072 1065
l 1066 1072
l 1073 1067
l 1069 1068
l 1070 1069
l 1064 1071
l 1065 1064
l 1068 1073
l 1071 1070
l 1067 1066
v 0.036256 -0.379169 -0.396299
v 0.036257 -0.382096 -0.407078
v 0.036259 -0.391326 -0.415242
v 0.036253 -0.405533 -0.416294
v 0.036250 -0.418500 -0.404751
v 0.036255 -0.419823 -0.389779
v 0.036255 -0.413464 -0.380440
v 0.036253 -0.403515 -0.375837
v 0.036257 -0.389258 -0.379045
v 0.036261 -0.380972 -0.387505
l 1075 1074
l 1076 1075
l 1077 1076
l 1077 1078
l 1080 1079
l 1081 1080
l 1082 1081
l 1083 1082
l 1074 1083
l 1079 1078
v -0.165877 -0.178911 -0.341767
v -0.160562 -0.168935 -0.341771
v -0.151032 -0.163260 -0.341765
v -0.134101 -0.166558 -0.341768
v -0.124707 -0.181343 -0.341764
v -0.126553 -0.192156 -0.341765
v -0.133740 -0.200614 -0.341765
v -0.147583 -0.203719 -0.341767
v -0.163076 -0.193508 -0.341767
v -0.126305 -0.174522 -0.341766
v -0.144310 -0.162288 -0.341778
l 1094 1086
l 1093 1087
l 1088 1093
l 1089 1088
l 1091 1090
l 1084 1092
l 1086 1085
l 1087 1094
l 1090 1089
l 1085 1084
l 1092 1091
v -0.051727 -1.499612 -0.689394
v -0.043816 -1.501359 -0.676801
v -0.033125 -1.501881 -0.673116
v -0.015480 -1.500677 -0.681843
v -0.011131 -1.498676 -0.696073
v -0.019924 -1.496580 -0.710684
v -0.030780 -1.496050 -0.714374
v -0.045428 -1.496869 -0.708656
v -0.051935 -1.498076 -0.700407
v -0.025126 -1.501771 -0.673965
v -0.013912 -1.497460 -0.704598
l 1096 1095
l 1097 1104
l 1098 1104
l 1099 1098
l 1105 1099
l 1100 1105
l 1100 1101
l 1102 1101
l 1103 1102
l 1095 1103
l 1097 1096
v -0.619023 -0.178984 -0.341768
v -0.613744 -0.168994 -0.341775
v -0.604044 -0.163201 -0.341760
v -0.587237 -0.166557 -0.341767
v -0.577851 -0.181351 -0.341764
v -0.579676 -0.192162 -0.341758
v -0.586874 -0.200616 -0.341763
v -0.600719 -0.203719 -0.341767
v -0.616086 -0.193655 -0.341767
v -0.579441 -0.174522 -0.341766
v -0.597446 -0.162288 -0.341778
l 1116 1108
l 1115 1109
l 1110 1115
l 1111 1110
l 1113 1112
l 1113 1114
l 1106 1114
l 1108 1107
l 1109 1116
l 1112 1111
l 1107 1106
v 0.289281 -1.540779 -0.747160
v 0.294472 -1.531046 -0.747162
v 0.304234 -1.525196 -0.747149
v 0.319250 -1.527497 -0.747160
v 0.330376 -1.543002 -0.747168
v 0.328555 -1.554226 -0.747158
v 0.321336 -1.562656 -0.747151
v 0.307494 -1.565700 -0.747154
v 0.292324 -1.555860 -0.747159
v 0.328297 -1.535527 -0.747166
l 1119 1118
l 1120 1119
l 1126 1121
l 1121 1122
l 1123 1122
l 1124 1123
l 1125 1124
l 1125 1117
l 1118 1117
l 1126 1120
v -0.126841 -0.844588 -0.646562
v -0.148184 -0.854310 -0.646565
v -0.162322 -0.844290 -0.646563
v -0.165204 -0.829526 -0.646556
v -0.159805 -0.819447 -0.646565
v -0.150505 -0.813900 -0.646567
v -0.136169 -0.815413 -0.646572
v -0.126258 -0.824222 -0.646554
v -0.135269 -0.852547 -0.646565
v -0.123945 -0.834083 -0.646562
l 1127 1136
l 1128 1135
l 1129 1130
l 1131 1130
l 1132 1131
l 1133 1134
l 1136 1134
l 1135 1127
l 1129 1128
l 1133 1132
v -0.162330 -0.844291 -0.893722
v -0.148179 -0.854355 -0.893725
v -0.135124 -0.852475 -0.893724
v -0.126994 -0.844834 -0.893723
v -0.123942 -0.833944 -0.893720
v -0.135178 -0.816057 -0.893717
v -0.150711 -0.813935 -0.893724
v -0.160099 -0.819741 -0.893727
v -0.165203 -0.829520 -0.893717
v -0.125731 -0.825109 -0.893721
l 1137 1145
l 1139 1138
l 1140 1139
l 1141 1140
l 1146 1141
l 1142 1146
l 1144 1143
l 1145 1144
l 1138 1137
l 1143 1142
v -0.078736 -1.287286 -0.665920
v -0.078734 -1.289924 -0.676960
v -0.078739 -1.298894 -0.685360
v -0.078736 -1.314095 -0.686347
v -0.078731 -1.327271 -0.673518
v -0.078732 -1.326843 -0.657737
v -0.078738 -1.318528 -0.648653
v -0.078735 -1.307480 -0.645880
v -0.078739 -1.289361 -0.657227
v -0.078737 -1.296043 -0.649864
l 1149 1148
l 1150 1149
l 1151 1150
l 1152 1151
l 1152 1153
l 1156 1155
l 1155 1147
l 1148 1147
l 1154 1153
l 1156 1154
v 0.015108 -1.052243 -0.632375
v 0.015108 -1.053612 -0.621814
v 0.015108 -1.081436 -0.617974
v 0.015108 -1.063370 -0.617157
v 0.015108 -1.089469 -0.634340
v 0.015108 -1.058942 -0.646870
v 0.015108 -1.082498 -0.648185
v 0.015108 -1.071233 -0.652805
vn 1.0000 -0.0000 -0.0000
s 1
usemtl 0.529412_0.549020_0.588235_0.000000_0.000000
f 1158//491 1160//491 1157//491
l 1161 1159
l 1159 1160
l 1163 1161
l 1164 1163
l 1164 1162
l 1157 1162
v -0.159862 -0.198592 -0.893584
v -0.134360 -0.198660 -0.893584
v -0.126611 -0.186417 -0.893584
v -0.165675 -0.177791 -0.893584
v -0.157974 -0.169695 -0.893584
v -0.133123 -0.169920 -0.893584
v -0.127330 -0.177692 -0.893584
v -0.145072 -0.164572 -0.893584
v -0.163231 -0.187812 -0.893584
v -0.149859 -0.201316 -0.893584
vn -0.0000 -0.0000 1.0000
s 1
usemtl 0.529412_0.549020_0.588235_0.000000_0.000000
f 1168//492 1173//492 1169//492
f 1165//492 1174//492 1173//492
l 1169 1172
l 1171 1170
l 1171 1167
l 1166 1174
l 1167 1166
l 1172 1170
v -0.210764 -0.379223 -0.399694
v -0.210764 -0.386178 -0.407782
v -0.210764 -0.401874 -0.414551
v -0.210764 -0.383528 -0.388124
v -0.210764 -0.416536 -0.403730
v -0.210764 -0.410262 -0.381097
v -0.210764 -0.417965 -0.389909
v -0.210764 -0.395103 -0.378487
vn 1.0000 -0.0000 -0.0000
s 1
usemtl 0.529412_0.549020_0.588235_0.000000_0.000000
f 1175//493 1178//493 1176//493
l 1177 1179
l 1176 1177
l 1178 1182
l 1180 1182
l 1181 1180
l 1179 1181
v -0.078872 -0.815208 -0.601986
v -0.078872 -0.823273 -0.615401
v -0.078872 -0.837962 -0.617828
v -0.078872 -0.819780 -0.588007
v -0.078872 -0.850374 -0.608739
v -0.078872 -0.852945 -0.597756
v -0.078872 -0.846205 -0.586307
v -0.078872 -0.831495 -0.581065
l 1187 1185
l 1183 1184
l 1183 1186
l 1184 1185
l 1188 1187
l 1189 1188
l 1190 1189
l 1186 1190
v -0.276288 -0.223307 -0.320404
v -0.250096 -0.218554 -0.330550
v -0.265479 -0.233332 -0.299006
v -0.239111 -0.224973 -0.316849
v -0.241950 -0.230492 -0.305067
v -0.274932 -0.228562 -0.309188
v -0.252933 -0.233596 -0.298443
v -0.267556 -0.219298 -0.328963
v -0.242829 -0.220877 -0.325590
l 1193 1196
l 1195 1194
l 1195 1197
l 1197 1193
l 1192 1198
l 1192 1199
l 1194 1199
l 1191 1196
l 1198 1191
v 0.261996 -1.085755 -0.620834
v 0.261996 -1.074074 -0.614472
v 0.261996 -1.062416 -0.616595
v 0.261996 -1.089244 -0.635696
v 0.261996 -1.079727 -0.650108
v 0.261996 -1.053200 -0.629171
v 0.261996 -1.055318 -0.643291
v 0.261996 -1.065479 -0.651368
l 1205 1202
l 1201 1200
l 1200 1203
l 1202 1201
l 1204 1203
l 1206 1205
l 1206 1207
l 1207 1204
v -0.148728 -1.564445 -0.893250
v -0.141096 -1.566087 -0.893250
v -0.155778 -1.530361 -0.893250
v -0.125742 -1.547138 -0.893250
v -0.131152 -1.532670 -0.893250
v -0.162524 -1.540317 -0.893250
v -0.134179 -1.560158 -0.893250
v -0.144767 -1.526549 -0.893250
v -0.159033 -1.555890 -0.893250
vn -0.0000 -0.0000 1.0000
s 1
usemtl 0.529412_0.549020_0.588235_0.000000_0.000000
f 1209//494 1214//494 1208//494
l 1210 1215
l 1210 1213
l 1211 1214
l 1212 1211
l 1216 1213
l 1208 1216
l 1212 1215
v -0.551632 -0.598268 -0.502664
v -0.551632 -0.596204 -0.493377
v -0.551632 -0.627399 -0.482286
v -0.551632 -0.603500 -0.485004
v -0.551632 -0.635201 -0.498684
v -0.551632 -0.608608 -0.514526
v -0.551632 -0.614982 -0.479171
v -0.551632 -0.625919 -0.513842
vn 1.0000 -0.0000 -0.0000
s 1
usemtl 0.529412_0.549020_0.588235_0.000000_0.000000
f 1218//495 1220//495 1217//495
l 1220 1223
l 1219 1221
l 1219 1223
l 1224 1222
l 1217 1222
l 1224 1221
v -0.210764 -0.849962 -0.589513
v -0.210764 -0.815489 -0.596025
v -0.210764 -0.827118 -0.582324
v -0.210764 -0.819224 -0.587610
v -0.210764 -0.849904 -0.608246
v -0.210764 -0.820438 -0.611377
v -0.210764 -0.839853 -0.582374
v -0.210764 -0.836823 -0.618518
l 1227 1231
l 1228 1227
l 1225 1229
l 1228 1226
l 1225 1231
l 1226 1230
l 1232 1229
l 1230 1232
v -0.304744 -0.631155 -0.482760
v -0.304744 -0.601808 -0.485920
v -0.304744 -0.621629 -0.480068
v -0.304744 -0.609383 -0.480361
v -0.304744 -0.633667 -0.489880
v -0.304744 -0.623432 -0.515420
v -0.304744 -0.633906 -0.504627
v -0.304744 -0.599323 -0.501858
v -0.304744 -0.609454 -0.515611
vn -1.0000 -0.0000 -0.0000
s 1
usemtl 0.529412_0.549020_0.588235_0.000000_0.000000
f 1233//496 1235//496 1237//496
l 1236 1235
l 1239 1238
l 1234 1236
l 1237 1239
l 1240 1234
l 1241 1240
l 1241 1238
v -0.143180 -1.525900 -0.747294
v -0.133700 -1.529621 -0.747294
v -0.132983 -1.560529 -0.747294
v -0.162330 -1.551726 -0.747294
v -0.127414 -1.538956 -0.747294
v -0.126322 -1.549983 -0.747294
v -0.148816 -1.562768 -0.747294
v -0.160720 -1.537004 -0.747294
v -0.152272 -1.528318 -0.747294
l 1246 1247
l 1245 1248
l 1244 1247
l 1249 1245
l 1242 1250
l 1243 1242
l 1243 1246
l 1244 1248
l 1250 1249
v -0.134530 -0.850549 -0.646696
v -0.152722 -0.817293 -0.646696
v -0.141387 -0.814765 -0.646696
v -0.132042 -0.819742 -0.646696
v -0.162444 -0.839173 -0.646696
v -0.161683 -0.825805 -0.646696
v -0.127096 -0.827070 -0.646696
v -0.154294 -0.850982 -0.646696
v -0.127067 -0.838571 -0.646696
v -0.144176 -0.852177 -0.646696
l 1258 1260
l 1254 1253
l 1252 1256
l 1256 1255
l 1254 1257
l 1253 1252
l 1257 1259
l 1251 1260
l 1258 1255
l 1251 1259
v -0.616611 -0.175821 -0.341896
v -0.592692 -0.165302 -0.341896
v -0.581300 -0.195134 -0.341896
v -0.616553 -0.187701 -0.341896
v -0.604249 -0.200971 -0.341896
v -0.580414 -0.183474 -0.341896
v -0.588741 -0.198718 -0.341896
v -0.607392 -0.167052 -0.341896
v -0.583699 -0.171488 -0.341896
vn -0.0000 -0.0000 -1.0000
s 1
usemtl 0.529412_0.549020_0.588235_0.000000_0.000000
f 1263//497 1267//497 1266//497
l 1264 1265
l 1265 1267
l 1261 1264
l 1262 1269
l 1266 1269
l 1261 1268
l 1262 1268
v -0.078872 -1.315103 -0.684426
v -0.078872 -1.298724 -0.650278
v -0.078872 -1.325674 -0.669634
v -0.078872 -1.325035 -0.656901
v -0.078872 -1.289398 -0.662587
v -0.078872 -1.314822 -0.650081
v -0.078872 -1.292027 -0.675454
v -0.078872 -1.301782 -0.684642
l 1271 1275
l 1273 1272
l 1273 1275
l 1274 1271
l 1277 1276
l 1277 1270
l 1270 1272
l 1274 1276
v -0.163475 -0.175821 -0.341896
v -0.144322 -0.162399 -0.341896
v -0.126019 -0.175638 -0.341896
v -0.159100 -0.199344 -0.341896
v -0.163417 -0.187701 -0.341896
v -0.126916 -0.183691 -0.341896
v -0.132361 -0.196698 -0.341896
v -0.135764 -0.167848 -0.341896
v -0.148521 -0.201043 -0.341896
v -0.154256 -0.167052 -0.341896
vn -0.0000 -0.0000 -1.0000
s 1
usemtl 0.529412_0.549020_0.588235_0.000000_0.000000
f 1286//498 1281//498 1282//498
f 1280//498 1283//498 1285//498
f 1279//498 1285//498 1287//498
l 1283 1284
l 1284 1286
l 1278 1282
l 1278 1287
v 0.310958 -1.525900 -0.747294
v 0.320438 -1.529621 -0.747294
v 0.321156 -1.560529 -0.747294
v 0.291808 -1.551725 -0.747294
v 0.326724 -1.538956 -0.747294
v 0.327816 -1.549983 -0.747294
v 0.305321 -1.562768 -0.747294
v 0.293417 -1.537006 -0.747294
v 0.301866 -1.528318 -0.747294
l 1292 1293
l 1291 1294
l 1290 1293
l 1295 1291
l 1288 1296
l 1289 1288
l 1289 1292
l 1290 1294
l 1296 1295
v -0.049285 -1.499904 -0.686413
v -0.029196 -1.501550 -0.674623
v -0.013122 -1.498693 -0.694769
v -0.015484 -1.497364 -0.704169
v -0.024179 -1.496441 -0.710721
v -0.050406 -1.497967 -0.699938
v -0.039437 -1.496501 -0.710289
v -0.038739 -1.501214 -0.676955
v -0.018024 -1.500555 -0.681614
l 1301 1300
l 1305 1299
l 1302 1303
l 1297 1302
l 1305 1298
l 1300 1299
l 1303 1301
l 1298 1304
l 1304 1297
v -0.148806 -0.852285 -0.893584
v -0.125721 -0.832718 -0.893584
v -0.126332 -0.824133 -0.893584
v -0.154972 -0.818016 -0.893584
v -0.163713 -0.828285 -0.893584
v -0.131652 -0.820593 -0.893584
v -0.136083 -0.850588 -0.893584
v -0.141860 -0.815366 -0.893584
v -0.160987 -0.842557 -0.893584
v -0.128174 -0.842812 -0.893584
vn -0.0000 -0.0000 1.0000
s 1
usemtl 0.529412_0.549020_0.588235_0.000000_0.000000
f 1308//499 1311//499 1307//499
l 1307 1315
l 1313 1311
l 1310 1309
l 1309 1313
l 1312 1306
l 1315 1312
l 1310 1314
l 1314 1306
v 0.036124 -0.392577 -0.413749
v 0.036124 -0.414263 -0.383739
v 0.036124 -0.381719 -0.389152
v 0.036124 -0.388198 -0.383986
v 0.036124 -0.418611 -0.397847
v 0.036124 -0.409451 -0.412131
v 0.036124 -0.397421 -0.378145
v 0.036124 -0.382538 -0.401494
vn -1.0000 -0.0000 -0.0000
s 1
usemtl 0.529412_0.549020_0.588235_0.000000_0.000000
f 1319//500 1322//500 1318//500
l 1317 1320
l 1322 1317
l 1320 1321
l 1318 1323
l 1316 1323
l 1316 1321
v -0.326094 -1.301801 -0.648802
v -0.326094 -1.326556 -0.662027
v -0.326094 -1.294287 -0.679785
v -0.326094 -1.289343 -0.668035
v -0.326094 -1.323117 -0.677290
v -0.326094 -1.316481 -0.650630
v -0.326094 -1.308640 -0.685303
v -0.326094 -1.291948 -0.656636
l 1326 1330
l 1330 1328
l 1325 1328
l 1327 1326
l 1324 1329
l 1325 1329
l 1331 1327
l 1331 1324
v -0.018242 -1.500240 -0.684895
v -0.041814 -1.497210 -0.706271
v -0.038981 -1.501076 -0.678966
v -0.028241 -1.501229 -0.677762
v -0.015564 -1.498638 -0.696283
v -0.019748 -1.497416 -0.704963
v -0.028130 -1.496719 -0.709690
v -0.047298 -1.499526 -0.690005
l 1334 1339
l 1332 1335
l 1336 1332
l 1333 1338
l 1335 1334
l 1337 1336
l 1338 1337
l 1339 1333
v -0.304615 -0.630225 -0.506144
v -0.304613 -0.600601 -0.493413
v -0.304619 -0.632064 -0.491752
v -0.304620 -0.606675 -0.511095
v -0.304617 -0.617559 -0.514315
v -0.304612 -0.605464 -0.485773
v -0.304614 -0.625144 -0.483683
v -0.304614 -0.614756 -0.481491
v -0.304613 -0.600793 -0.502470
l 1348 1341
l 1343 1348
l 1344 1343
l 1340 1344
l 1342 1340
l 1346 1342
l 1347 1346
l 1345 1347
l 1341 1345
v -0.326243 -1.321761 -0.674830
v -0.326235 -1.292784 -0.660592
v -0.326224 -1.297311 -0.653943
v -0.326241 -1.323485 -0.660663
v -0.326238 -1.292142 -0.671054
v -0.326220 -1.304760 -0.650566
v -0.326230 -1.315783 -0.652233
v -0.326230 -1.298106 -0.679906
v -0.326225 -1.308928 -0.683178
l 1350 1353
l 1351 1350
l 1354 1351
l 1355 1354
l 1352 1355
l 1349 1352
l 1356 1357
l 1357 1349
l 1353 1356
v 0.014972 -1.054765 -0.629892
v 0.014968 -1.060701 -0.646017
v 0.014967 -1.055113 -0.637059
v 0.014969 -1.057793 -0.623586
v 0.014971 -1.077829 -0.618210
v 0.014975 -1.086357 -0.626798
v 0.014972 -1.066602 -0.617358
v 0.014978 -1.071403 -0.649706
v 0.014970 -1.084647 -0.641591
l 1365 1366
l 1359 1365
l 1364 1361
l 1366 1363
l 1361 1358
l 1362 1364
l 1360 1359
l 1358 1360
l 1363 1362
v -0.078755 -0.818176 -0.593863
v -0.078744 -0.821737 -0.610696
v -0.078746 -0.841470 -0.584937
v -0.078736 -0.848823 -0.592433
v -0.078743 -0.817434 -0.600193
v -0.078743 -0.831033 -0.583425
v -0.078739 -0.821731 -0.588582
v -0.078743 -0.834290 -0.615848
v -0.078746 -0.848198 -0.606797
l 1370 1375
l 1369 1370
l 1372 1369
l 1373 1372
l 1367 1373
l 1371 1367
l 1368 1371
l 1374 1368
l 1375 1374
v -0.551757 -0.630175 -0.506222
v -0.551756 -0.600379 -0.498584
v -0.551756 -0.625277 -0.483756
v -0.551755 -0.614959 -0.481455
v -0.551755 -0.632120 -0.491899
v -0.551761 -0.606013 -0.510426
v -0.551762 -0.617419 -0.514332
v -0.551755 -0.604878 -0.486495
l 1382 1376
l 1381 1382
l 1377 1381
l 1383 1377
l 1379 1383
l 1378 1379
l 1380 1378
l 1376 1380
v -0.134480 -1.558531 -0.893387
v -0.128424 -1.540740 -0.893380
v -0.152911 -1.531144 -0.893392
v -0.157784 -1.553918 -0.893386
v -0.145406 -1.561785 -0.893387
v -0.142695 -1.528916 -0.893388
v -0.128593 -1.549994 -0.893389
v -0.133223 -1.533255 -0.893391
v -0.159749 -1.538983 -0.893388
l 1391 1385
l 1388 1387
l 1384 1388
l 1390 1384
l 1385 1390
l 1389 1391
l 1386 1389
l 1392 1386
l 1387 1392
v -0.267376 -0.220367 -0.326372
v -0.243397 -0.229074 -0.307777
v -0.264673 -0.232162 -0.301177
v -0.254218 -0.218928 -0.329426
v -0.246220 -0.220662 -0.325751
v -0.253520 -0.232529 -0.300405
v -0.241788 -0.223931 -0.318752
v -0.273229 -0.227187 -0.311812
l 1393 1400
l 1397 1396
l 1394 1399
l 1398 1394
l 1395 1398
l 1400 1395
l 1396 1393
l 1399 1397
v 0.262129 -1.055393 -0.638067
v 0.262136 -1.058488 -0.622685
v 0.262143 -1.054865 -0.629609
v 0.262138 -1.078159 -0.618260
v 0.262133 -1.061188 -0.646407
v 0.262135 -1.085779 -0.625432
v 0.262126 -1.067539 -0.617123
v 0.262133 -1.073062 -0.649454
v 0.262140 -1.085626 -0.639845
l 1402 1407
l 1401 1403
l 1405 1401
l 1408 1405
l 1404 1406
l 1409 1408
l 1406 1409
l 1407 1404
l 1403 1402
v -0.210888 -0.390483 -0.383557
v -0.210889 -0.415010 -0.401697
v -0.210892 -0.383704 -0.392588
v -0.210890 -0.413851 -0.387304
v -0.210889 -0.404475 -0.380583
v -0.210885 -0.402313 -0.412440
v -0.210885 -0.389767 -0.409392
v -0.210893 -0.384061 -0.400761
l 1414 1410
l 1413 1414
l 1411 1413
l 1415 1411
l 1416 1415
l 1417 1416
l 1410 1412
l 1412 1417
v -0.153911 -0.169118 -0.341772
v -0.160880 -0.177282 -0.341764
v -0.143607 -0.166919 -0.341765
v -0.135330 -0.170082 -0.341768
v -0.130133 -0.177199 -0.341764
v -0.135489 -0.196549 -0.341770
v -0.146459 -0.199779 -0.341762
v -0.159070 -0.191542 -0.341771
v -0.129602 -0.188006 -0.341763
l 1419 1425
l 1422 1421
l 1426 1422
l 1423 1426
l 1418 1419
l 1420 1418
l 1421 1420
l 1424 1423
l 1425 1424
v -0.210888 -0.847369 -0.608225
v -0.210896 -0.817963 -0.603880
v -0.210889 -0.822784 -0.587511
v -0.210890 -0.832532 -0.583227
v -0.210888 -0.834822 -0.616118
v -0.210896 -0.817946 -0.595009
v -0.210888 -0.849435 -0.593807
v -0.210891 -0.823862 -0.612802
v -0.210899 -0.842680 -0.585638
l 1431 1427
l 1434 1431
l 1428 1434
l 1432 1428
l 1429 1432
l 1430 1429
l 1435 1430
l 1433 1435
l 1427 1433
v -0.582502 -0.178936 -0.341764
v -0.607047 -0.169118 -0.341772
v -0.614017 -0.177281 -0.341764
v -0.596853 -0.166918 -0.341762
v -0.588683 -0.196591 -0.341766
v -0.599595 -0.199779 -0.341762
v -0.612205 -0.191542 -0.341770
v -0.587167 -0.171407 -0.341768
v -0.582738 -0.188006 -0.341763
l 1438 1442
l 1440 1444
l 1437 1438
l 1439 1437
l 1443 1439
l 1436 1443
l 1444 1436
l 1441 1440
l 1442 1441
v -0.134696 -0.820686 -0.646563
v -0.134806 -0.847152 -0.646560
v -0.145876 -0.850395 -0.646564
v -0.158500 -0.842033 -0.646568
v -0.160204 -0.827873 -0.646571
v -0.153184 -0.819705 -0.646566
v -0.142915 -0.817554 -0.646565
v -0.129426 -0.827944 -0.646557
v -0.128858 -0.838358 -0.646560
l 1446 1453
l 1447 1446
l 1448 1447
l 1449 1448
l 1451 1450
l 1445 1451
l 1452 1445
l 1453 1452
l 1450 1449
v -0.129387 -0.178881 -0.893717
v -0.135418 -0.196486 -0.893727
v -0.143518 -0.166928 -0.893715
v -0.159057 -0.191606 -0.893721
v -0.146330 -0.199784 -0.893722
v -0.129523 -0.187722 -0.893720
v -0.134014 -0.171459 -0.893721
v -0.154211 -0.169322 -0.893726
v -0.160920 -0.177393 -0.893724
l 1457 1462
l 1458 1457
l 1455 1458
l 1459 1455
l 1454 1459
l 1460 1454
l 1456 1460
l 1461 1456
l 1462 1461
v -0.146485 -0.850422 -0.893721
v -0.129430 -0.840033 -0.893723
v -0.153179 -0.819701 -0.893725
v -0.158345 -0.842221 -0.893722
v -0.136310 -0.848160 -0.893719
v -0.128854 -0.829616 -0.893719
v -0.134135 -0.821236 -0.893727
v -0.142908 -0.817551 -0.893724
v -0.160219 -0.827941 -0.893726
l 1467 1463
l 1466 1471
l 1463 1466
l 1464 1467
l 1468 1464
l 1469 1468
l 1470 1469
l 1465 1470
l 1471 1465
v 0.294399 -1.538973 -0.747161
v 0.325769 -1.540947 -0.747167
v 0.301336 -1.531066 -0.747154
v 0.311488 -1.528949 -0.747154
v 0.319611 -1.558581 -0.747156
v 0.325570 -1.549810 -0.747161
v 0.308796 -1.561760 -0.747159
v 0.321102 -1.533423 -0.747156
v 0.296129 -1.553633 -0.747160
l 1472 1480
l 1475 1474
l 1479 1475
l 1477 1473
l 1478 1476
l 1474 1472
l 1480 1478
l 1473 1479
l 1476 1477
v -0.159740 -1.538973 -0.747162
v -0.145341 -1.561760 -0.747158
v -0.128373 -1.540949 -0.747161
v -0.152803 -1.531066 -0.747154
v -0.142650 -1.528949 -0.747154
v -0.134527 -1.558581 -0.747155
v -0.128593 -1.549939 -0.747162
v -0.133014 -1.533432 -0.747158
v -0.158009 -1.553633 -0.747158
l 1481 1489
l 1485 1484
l 1488 1485
l 1487 1483
l 1482 1486
l 1484 1481
l 1489 1482
l 1483 1488
l 1486 1487
v 0.036251 -0.383644 -0.392853
v 0.036246 -0.390050 -0.409623
v 0.036257 -0.415392 -0.390289
v 0.036261 -0.384111 -0.400856
v 0.036251 -0.401318 -0.412793
v 0.036257 -0.413606 -0.404641
v 0.036259 -0.397367 -0.380203
v 0.036250 -0.387443 -0.385654
v 0.036259 -0.408443 -0.382155
l 1491 1493
l 1494 1491
l 1495 1494
l 1497 1496
l 1492 1495
l 1498 1492
l 1496 1498
l 1490 1497
l 1493 1490
v -0.078737 -1.324166 -0.662691
v -0.078717 -1.291834 -0.662660
v -0.078740 -1.291727 -0.668779
v -0.078742 -1.318612 -0.653966
v -0.078735 -1.306675 -0.683096
v -0.078734 -1.307677 -0.650339
v -0.078739 -1.295662 -0.656210
v -0.078734 -1.296189 -0.678222
v -0.078734 -1.320439 -0.676700
l 1507 1503
l 1502 1499
l 1504 1502
l 1500 1505
l 1501 1500
l 1506 1501
l 1503 1506
l 1499 1507
l 1505 1504
v -0.078538 -1.291688 -0.667492
v -0.078538 -1.295308 -0.677011
v -0.078538 -1.309309 -0.682281
v -0.078538 -1.320637 -0.677837
v -0.078538 -1.323910 -0.667274
v -0.078538 -1.320677 -0.655715
v -0.078538 -1.310265 -0.651362
v -0.078538 -1.294748 -0.657348
v -0.050250 -1.292456 -0.661870
v -0.050250 -1.299364 -0.652926
v -0.050250 -1.311420 -0.650636
v -0.050250 -1.320629 -0.656198
v -0.050250 -1.323653 -0.669529
v -0.050250 -1.314125 -0.681881
v -0.050250 -1.300856 -0.681398
v -0.050250 -1.292806 -0.672677
vn -0.1410 -0.8187 -0.5567
vn -0.0036 -0.9790 0.2037
vn 0.1167 -0.9874 -0.1072
vn -0.1691 -0.6124 -0.7722
vn -0.1375 0.4976 -0.8564
vn -0.1143 -0.0125 -0.9934
vn -0.0657 0.6316 -0.7725
vn 0.0408 0.7923 -0.6087
vn 0.0565 0.8910 -0.4505
vn -0.0409 0.7711 0.6354
vn 0.0065 0.7435 0.6687
vn -0.1469 0.2339 0.9611
vn 0.1035 0.5592 0.8225
vn 0.0612 -0.1973 0.9784
vn -0.1193 -0.8102 0.5739
vn -0.0140 -0.8155 0.5785
s 1
usemtl 0.529412_0.549020_0.588235_0.000000_0.000000
f 1515//501 1508//502 1516//503
f 1516//503 1517//504 1515//501
f 1514//505 1515//501 1517//504
f 1517//504 1518//506 1514//505
f 1518//506 1519//507 1514//505
f 1513//508 1514//505 1519//507
f 1512//509 1513//508 1519//507
f 1519//507 1520//510 1512//509
f 1511//511 1512//509 1520//510
f 1520//510 1521//512 1510//513
f 1510//513 1511//511 1520//510
f 1521//512 1522//514 1510//513
f 1509//515 1510//513 1522//514
f 1522//514 1523//516 1509//515
f 1508//502 1509//515 1523//516
f 1523//516 1516//503 1508//502
v -0.613848 -0.177493 -0.341562
v -0.606933 -0.169239 -0.341562
v -0.594739 -0.167435 -0.341562
v -0.586129 -0.172777 -0.341562
v -0.582227 -0.182517 -0.341562
v -0.585750 -0.193329 -0.341562
v -0.596353 -0.199651 -0.341562
v -0.609571 -0.194465 -0.341562
v -0.614599 -0.184098 -0.313274
v -0.607798 -0.196915 -0.313274
v -0.596261 -0.199641 -0.313274
v -0.586733 -0.194610 -0.313274
v -0.582275 -0.185524 -0.313274
v -0.582606 -0.178569 -0.313274
v -0.587416 -0.171497 -0.313274
v -0.598198 -0.166977 -0.313274
v -0.609859 -0.171529 -0.313274
vn 0.9319 0.0232 -0.3621
vn 0.7349 0.5633 -0.3776
vn 0.8742 -0.4835 -0.0449
vn 0.3511 0.9362 0.0139
vn -0.3710 0.9286 0.0055
vn 0.1278 0.9917 -0.0169
vn -0.7262 0.6403 -0.2503
vn -0.7590 0.5727 -0.3099
vn -0.9262 0.3769 0.0135
vn -0.9639 -0.2634 -0.0379
vn -0.9646 -0.2621 -0.0289
vn -0.8085 -0.5873 0.0373
vn -0.9083 -0.4172 -0.0300
vn -0.4369 -0.8992 -0.0261
vn -0.2147 -0.9737 0.0757
vn 0.2740 -0.9590 -0.0720
vn 0.5408 -0.8363 0.0903
s 1
usemtl 0.529412_0.549020_0.588235_0.000000_0.000000
f 1532//517 1531//518 1524//519
f 1532//517 1533//520 1531//518
f 1533//520 1534//521 1530//522
f 1530//522 1531//518 1533//520
f 1534//521 1535//523 1529//524
f 1529//524 1530//522 1534//521
f 1535//523 1536//525 1529//524
f 1528//526 1529//524 1536//525
f 1536//525 1537//527 1528//526
f 1537//527 1538//528 1527//529
f 1527//529 1528//526 1537//527
f 1526//530 1527//529 1538//528
f 1538//528 1539//531 1526//530
f 1525//532 1526//530 1539//531
f 1539//531 1540//533 1525//532
f 1524//519 1525//532 1540//533
f 1540//533 1532//517 1524//519
v -0.044832 -1.500536 -0.684247
v -0.030275 -1.501316 -0.678628
v -0.017727 -1.500362 -0.685366
v -0.015529 -1.498975 -0.695114
v -0.021088 -1.497505 -0.705540
v -0.035513 -1.496931 -0.709622
v -0.046216 -1.498199 -0.700630
v -0.042666 -1.525433 -0.710039
v -0.030458 -1.524912 -0.713770
v -0.019557 -1.525714 -0.708127
v -0.015402 -1.527236 -0.697430
v -0.018759 -1.528590 -0.687902
v -0.028874 -1.529426 -0.681815
v -0.041400 -1.529058 -0.684552
v -0.047677 -1.527359 -0.696420
vn 0.8857 -0.0525 -0.4612
vn 0.5420 -0.1698 0.8230
vn 0.7023 0.0341 0.7111
vn 0.2444 -0.0025 0.9697
vn 0.1156 -0.1960 0.9738
vn -0.3339 0.0034 0.9426
vn -0.9252 -0.1272 0.3576
vn -0.9953 0.0064 -0.0970
vn -0.9775 0.0585 -0.2028
vn -0.8527 0.2153 -0.4761
vn -0.9262 0.0746 -0.3696
vn -0.1900 0.4903 -0.8506
vn -0.3464 0.2850 -0.8937
vn 0.3530 0.1584 -0.9221
vn 0.8939 0.2256 -0.3873
s 1
usemtl 0.529412_0.549020_0.588235_0.000000_0.000000
f 1555//534 1548//535 1547//536
f 1546//537 1547//536 1548//535
f 1548//535 1549//538 1546//537
f 1545//539 1546//537 1549//538
f 1549//538 1550//540 1545//539
f 1544//541 1545//539 1550//540
f 1550//540 1551//542 1544//541
f 1551//542 1552//543 1543//544
f 1543//544 1544//541 1551//542
f 1542//545 1543//544 1552//543
f 1552//543 1553//546 1542//545
f 1553//546 1554//547 1542//545
f 1541//548 1542//545 1554//547
f 1554//547 1555//534 1541//548
f 1547//536 1541//548 1555//534
v -0.128653 -0.836477 -0.646362
v -0.133566 -0.845872 -0.646362
v -0.143980 -0.850265 -0.646362
v -0.157898 -0.842612 -0.646362
v -0.160022 -0.827899 -0.646362
v -0.153916 -0.820236 -0.646362
v -0.143256 -0.817689 -0.646362
v -0.132276 -0.823384 -0.646362
v -0.128977 -0.828687 -0.646362
v -0.129440 -0.828321 -0.618074
v -0.136825 -0.819806 -0.618074
v -0.148486 -0.818038 -0.618074
v -0.158553 -0.825572 -0.618074
v -0.158363 -0.842366 -0.618074
v -0.142987 -0.849564 -0.618074
v -0.130326 -0.841275 -0.618074
vn -0.9504 -0.3101 0.0253
vn -0.9963 -0.0856 0.0056
vn -0.9899 -0.1409 0.0124
vn -0.8366 -0.5472 -0.0267
vn -0.6907 -0.7224 0.0327
vn -0.0806 -0.9765 -0.1996
vn 0.0210 -0.9978 0.0629
vn 0.6442 -0.7531 -0.1337
vn 0.7078 -0.7023 0.0767
vn 0.8598 -0.5085 0.0457
vn 0.9489 0.1811 -0.2586
vn 0.6746 0.5620 0.4787
vn 0.1051 0.9171 0.3846
vn -0.2738 0.9578 0.0877
vn -0.8213 0.5700 0.0226
vn -0.8300 0.5170 0.2095
s 1
usemtl 0.529412_0.549020_0.588235_0.000000_0.000000
f 1564//549 1556//550 1565//551
f 1563//552 1564//549 1565//551
f 1565//551 1566//553 1563//552
f 1562//554 1563//552 1566//553
f 1566//553 1567//555 1562//554
f 1561//556 1562//554 1567//555
f 1567//555 1568//557 1561//556
f 1560//558 1561//556 1568//557
f 1568//557 1569//559 1559//560
f 1559//560 1560//558 1568//557
f 1569//559 1570//561 1559//560
f 1558//562 1559//560 1570//561
f 1557//563 1558//562 1570//561
f 1570//561 1571//564 1557//563
f 1556//550 1557//563 1571//564
f 1571//564 1565//551 1556//550
v 0.036458 -0.385508 -0.403585
v 0.036458 -0.399000 -0.412267
v 0.036458 -0.411113 -0.408838
v 0.036458 -0.415471 -0.397213
v 0.036458 -0.409035 -0.382855
v 0.036458 -0.396343 -0.380450
v 0.036458 -0.389184 -0.383713
v 0.036458 -0.385358 -0.389155
v 0.064746 -0.384298 -0.392262
v 0.064746 -0.391835 -0.382142
v 0.064746 -0.398578 -0.379761
v 0.064746 -0.406912 -0.381611
v 0.064746 -0.415427 -0.391253
v 0.064746 -0.412392 -0.406331
v 0.064746 -0.399433 -0.412849
v 0.064746 -0.387735 -0.406583
vn 0.1836 -0.9135 -0.3630
vn 0.0150 -0.7833 -0.6214
vn 0.0218 -0.9958 0.0892
vn 0.0488 -0.7207 -0.6916
vn -0.0000 -0.6609 -0.7505
vn -0.0951 -0.3258 -0.9406
vn -0.0026 -0.1258 -0.9921
vn -0.0078 0.1582 -0.9874
vn -0.2667 0.6414 -0.7194
vn 0.0094 0.7882 -0.6153
vn -0.1083 0.8861 0.4506
vn -0.1609 0.5210 0.8382
vn 0.0544 0.6413 0.7654
vn 0.0382 0.3231 0.9456
vn -0.1983 0.1036 0.9746
vn 0.0284 -0.4699 0.8822
s 1
usemtl 0.529412_0.549020_0.588235_0.000000_0.000000
f 1580//565 1579//566 1572//567
f 1580//565 1581//568 1579//566
f 1578//569 1579//566 1581//568
f 1577//570 1578//569 1581//568
f 1581//568 1582//571 1577//570
f 1582//571 1583//572 1577//570
f 1576//573 1577//570 1583//572
f 1583//572 1584//574 1576//573
f 1575//575 1576//573 1584//574
f 1584//574 1585//576 1575//575
f 1574//577 1575//575 1585//576
f 1573//578 1574//577 1585//576
f 1585//576 1586//579 1573//578
f 1586//579 1587//580 1573//578
f 1572//567 1573//578 1587//580
f 1587//580 1580//565 1572//567
v -0.159853 -1.539802 -0.746960
v -0.152136 -1.530876 -0.746960
v -0.140563 -1.529444 -0.746960
v -0.132383 -1.534202 -0.746960
v -0.128418 -1.540683 -0.746960
v -0.128172 -1.547549 -0.746960
v -0.134726 -1.558488 -0.746960
v -0.145044 -1.561815 -0.746960
v -0.156667 -1.555348 -0.746960
v -0.160186 -1.548762 -0.718672
v -0.147705 -1.560646 -0.718672
v -0.131735 -1.554969 -0.718672
v -0.128357 -1.542127 -0.718672
v -0.136443 -1.531533 -0.718672
v -0.149694 -1.529842 -0.718672
v -0.158248 -1.536301 -0.718672
vn 0.9977 -0.0525 0.0428
vn 0.6305 0.7094 -0.3149
vn 0.9323 -0.3082 -0.1893
vn -0.0957 0.9458 0.3104
vn -0.0821 0.9865 0.1418
vn -0.3693 0.9185 0.1412
vn -0.9268 0.3563 0.1187
vn -0.9999 -0.0039 0.0110
vn -0.9870 -0.1021 0.1244
vn -0.9543 -0.2977 0.0270
vn -0.8677 -0.4966 0.0221
vn -0.7499 -0.6536 0.1028
vn 0.0170 -0.9999 -0.0017
vn -0.0219 -0.9984 0.0520
vn 0.7066 -0.7073 0.0225
vn 0.7059 -0.7057 -0.0608
s 1
usemtl 0.529412_0.549020_0.588235_0.000000_0.000000
f 1597//581 1596//582 1588//583
f 1597//581 1598//584 1596//582
f 1595//585 1596//582 1598//584
f 1594//586 1595//585 1598//584
f 1598//584 1599//587 1594//586
f 1593//588 1594//586 1599//587
f 1599//587 1600//589 1593//588
f 1592//590 1593//588 1600//589
f 1591//591 1592//590 1600//589
f 1600//589 1601//592 1591//591
f 1590//593 1591//591 1601//592
f 1601//592 1602//594 1590//593
f 1589//595 1590//593 1602//594
f 1602//594 1603//596 1589//595
f 1588//583 1589//595 1603//596
f 1603//596 1597//581 1588//583
v 0.262330 -1.054808 -0.633737
v 0.262330 -1.058813 -0.643943
v 0.262330 -1.071499 -0.649031
v 0.262330 -1.082898 -0.645204
v 0.262330 -1.086712 -0.634513
v 0.262330 -1.082376 -0.621305
v 0.262330 -1.070127 -0.617286
v 0.262330 -1.059358 -0.621814
v 0.262330 -1.055553 -0.627335
v 0.290618 -1.054972 -0.632750
v 0.290618 -1.060963 -0.620600
v 0.290618 -1.074940 -0.617728
v 0.290618 -1.086155 -0.626445
v 0.290618 -1.084208 -0.642118
v 0.290618 -1.071290 -0.649602
v 0.290618 -1.060000 -0.644924
vn 0.0344 -0.9207 -0.3888
vn 0.1154 -0.9916 -0.0579
vn 0.1684 -0.9625 -0.2127
vn 0.0097 -0.8301 -0.5575
vn 0.0036 -0.8312 -0.5559
vn -0.0221 -0.4102 -0.9117
vn 0.1003 0.5337 -0.8397
vn -0.1798 0.7656 -0.6177
vn 0.0416 0.8154 -0.5774
vn -0.0282 0.8725 0.4877
vn -0.0436 0.5390 0.8412
vn 0.0243 0.6858 0.7274
vn 0.2228 0.4012 0.8885
vn -0.2608 0.0582 0.9636
vn -0.0231 -0.9005 0.4342
vn 0.1551 -0.8701 0.4678
s 1
usemtl 0.529412_0.549020_0.588235_0.000000_0.000000
f 1612//597 1604//598 1613//599
f 1613//599 1614//600 1612//597
f 1611//601 1612//597 1614//600
f 1610//602 1611//601 1614//600
f 1614//600 1615//603 1610//602
f 1609//604 1610//602 1615//603
f 1615//603 1616//605 1609//604
f 1608//606 1609//604 1616//605
f 1616//605 1617//607 1608//606
f 1607//608 1608//606 1617//607
f 1606//609 1607//608 1617//607
f 1617//607 1618//610 1606//609
f 1618//610 1619//611 1606//609
f 1605//612 1606//609 1619//611
f 1619//611 1613//599 1604//598
f 1604//598 1605//612 1619//611
v -0.551966 -0.631949 -0.501920
v -0.551966 -0.626756 -0.511221
v -0.551966 -0.614484 -0.513624
v -0.551966 -0.601898 -0.503704
v -0.551966 -0.604147 -0.487413
v -0.551966 -0.614819 -0.481654
v -0.551966 -0.626834 -0.485513
v -0.580254 -0.632718 -0.493126
v -0.580254 -0.624161 -0.484118
v -0.580254 -0.610958 -0.482465
v -0.580254 -0.602903 -0.488945
v -0.580254 -0.600287 -0.499102
v -0.580254 -0.606199 -0.510299
v -0.580254 -0.620237 -0.513566
v -0.580254 -0.631635 -0.503516
vn -0.0065 0.6493 0.7605
vn 0.0291 0.9645 -0.2626
vn 0.1958 0.9457 -0.2595
vn -0.3429 0.6135 -0.7113
vn 0.1479 0.9050 -0.3988
vn 0.0652 -0.3269 -0.9428
vn 0.0201 -0.4851 -0.8742
vn 0.0215 -0.6303 -0.7761
vn 0.1422 -0.9020 -0.4075
vn 0.1664 -0.9860 -0.0024
vn 0.0955 -0.9946 -0.0402
vn -0.0024 -0.8145 0.5801
vn 0.1072 0.1848 0.9769
vn -0.2467 0.3781 0.8923
vn -0.0121 0.6485 0.7611
s 1
usemtl 0.529412_0.549020_0.588235_0.000000_0.000000
f 1634//613 1627//614 1620//615
f 1627//614 1628//616 1626//617
f 1626//617 1620//615 1627//614
f 1625//618 1626//617 1628//616
f 1628//616 1629//619 1625//618
f 1624//620 1625//618 1629//619
f 1629//619 1630//621 1624//620
f 1630//621 1631//622 1623//623
f 1623//623 1624//620 1630//621
f 1631//622 1632//624 1623//623
f 1622//625 1623//623 1632//624
f 1632//624 1633//626 1622//625
f 1621//627 1622//625 1633//626
f 1633//626 1634//613 1621//627
f 1620//615 1621//627 1634//613
v -0.211098 -0.842451 -0.613868
v -0.211098 -0.828011 -0.614034
v -0.211098 -0.817729 -0.601899
v -0.211098 -0.820017 -0.591359
v -0.211098 -0.824710 -0.585813
v -0.211098 -0.830701 -0.583655
v -0.211098 -0.842828 -0.586009
v -0.211098 -0.849645 -0.600386
v -0.239386 -0.848759 -0.605816
v -0.239386 -0.850009 -0.594973
v -0.239386 -0.841637 -0.586265
v -0.239386 -0.825960 -0.585409
v -0.239386 -0.818363 -0.594508
v -0.239386 -0.818237 -0.604150
v -0.239386 -0.827906 -0.614246
v -0.239386 -0.841192 -0.614675
vn 0.0449 0.6669 0.7438
vn 0.0290 0.9660 -0.2568
vn 0.0313 0.8802 -0.4735
vn -0.0218 0.8389 -0.5439
vn -0.1382 0.3845 -0.9127
vn -0.0548 -0.3039 -0.9511
vn -0.0559 -0.5661 -0.8224
vn 0.0003 -0.5384 -0.8427
vn -0.0104 -0.7270 -0.6865
vn -0.0953 -0.9754 -0.1989
vn 0.0141 -0.9995 -0.0295
vn -0.0428 -0.9879 0.1494
vn 0.0178 -0.8217 0.5696
vn 0.0576 0.0692 0.9959
vn 0.0861 0.4455 0.8911
vn 0.1050 0.6401 0.7611
s 1
usemtl 0.529412_0.549020_0.588235_0.000000_0.000000
f 1643//628 1644//629 1642//630
f 1644//629 1645//631 1642//630
f 1641//632 1642//630 1645//631
f 1640//633 1641//632 1645//631
f 1645//631 1646//634 1640//633
f 1639//635 1640//633 1646//634
f 1638//636 1639//635 1646//634
f 1646//634 1647//637 1638//636
f 1637//638 1638//636 1647//637
f 1647//637 1648//639 1637//638
f 1636//640 1637//638 1648//639
f 1648//639 1649//641 1636//640
f 1649//641 1650//642 1635//643
f 1635//643 1636//640 1649//641
f 1650//642 1643//628 1635//643
f 1642//630 1635//643 1643//628
v -0.158306 -0.192543 -0.893918
v -0.145092 -0.199788 -0.893918
v -0.134550 -0.195241 -0.893918
v -0.129175 -0.183318 -0.893918
v -0.133004 -0.172699 -0.893918
v -0.147686 -0.168088 -0.893918
v -0.160407 -0.176580 -0.893918
v -0.161467 -0.179870 -0.922206
v -0.154662 -0.169808 -0.922206
v -0.142829 -0.167208 -0.922206
v -0.133788 -0.171745 -0.922206
v -0.129820 -0.177534 -0.922206
v -0.129070 -0.184589 -0.922206
v -0.134280 -0.195226 -0.922206
v -0.145062 -0.199746 -0.922206
v -0.157632 -0.193531 -0.922206
vn 0.9291 -0.3626 0.0732
vn 0.7791 -0.6255 0.0420
vn 0.9975 0.0668 -0.0246
vn 0.7566 -0.6503 0.0674
vn -0.0950 -0.9260 0.3654
vn -0.3932 -0.9193 0.0130
vn -0.7860 -0.6147 0.0659
vn -0.8319 -0.5414 0.1221
vn -0.9214 -0.3887 0.0026
vn -0.9658 -0.2577 0.0280
vn -0.9940 -0.0044 0.1091
vn -0.8679 0.4954 0.0367
vn -0.4146 0.8873 0.2019
vn -0.2446 0.9693 0.0268
vn -0.1849 0.9808 -0.0621
vn 0.5177 0.7723 0.3681
s 1
usemtl 0.529412_0.549020_0.588235_0.000000_0.000000
f 1658//644 1657//645 1651//646
f 1658//644 1659//647 1657//645
f 1656//648 1657//645 1659//647
f 1659//647 1660//649 1656//648
f 1660//649 1661//650 1655//651
f 1655//651 1656//648 1660//649
f 1661//650 1662//652 1655//651
f 1654//653 1655//651 1662//652
f 1662//652 1663//654 1654//653
f 1663//654 1664//655 1653//656
f 1653//656 1654//653 1663//654
f 1664//655 1665//657 1653//656
f 1652//658 1653//656 1665//657
f 1665//657 1666//659 1651//646
f 1651//646 1652//658 1665//657
f 1666//659 1658//644 1651//646
v 0.014774 -1.075802 -0.648672
v 0.014774 -1.060077 -0.643954
v 0.014774 -1.056029 -0.627801
v 0.014774 -1.061146 -0.619984
v 0.014774 -1.068249 -0.617109
v 0.014774 -1.081671 -0.620979
v 0.014774 -1.086556 -0.636014
v -0.013514 -1.087095 -0.635471
v -0.013514 -1.082745 -0.621675
v -0.013514 -1.069949 -0.616992
v -0.013514 -1.060322 -0.621031
v -0.013514 -1.055415 -0.628274
v -0.013514 -1.057380 -0.641233
v -0.013514 -1.066889 -0.649096
v -0.013514 -1.079189 -0.647494
vn 0.1462 0.8432 0.5174
vn 0.0687 0.9088 -0.4115
vn 0.4986 0.8665 0.0227
vn -0.0144 0.2813 -0.9595
vn -0.0817 0.2337 -0.9689
vn 0.0209 -0.3956 -0.9182
vn 0.0330 -0.4235 -0.9053
vn -0.0853 -0.6278 -0.7737
vn -0.0314 -0.8690 -0.4938
vn 0.0226 -0.8825 -0.4697
vn 0.0844 -0.9949 0.0547
vn 0.2071 -0.3946 0.8952
vn 0.2159 -0.2504 0.9438
vn 0.1051 0.0348 0.9939
vn 0.0980 0.3319 0.9382
s 1
usemtl 0.529412_0.549020_0.588235_0.000000_0.000000
f 1674//660 1675//661 1673//662
f 1672//663 1673//662 1675//661
f 1675//661 1676//664 1672//663
f 1671//665 1672//663 1676//664
f 1676//664 1677//666 1671//665
f 1670//667 1671//665 1677//666
f 1669//668 1670//667 1677//666
f 1677//666 1678//669 1669//668
f 1678//669 1679//670 1669//668
f 1668//671 1669//668 1679//670
f 1679//670 1680//672 1668//671
f 1667//673 1668//671 1680//672
f 1680//672 1681//674 1667//673
f 1673//662 1667//673 1681//674
f 1681//674 1674//660 1673//662
v -0.273230 -0.224828 -0.316369
v -0.264303 -0.219235 -0.328307
v -0.253568 -0.218864 -0.329101
v -0.244720 -0.221379 -0.323734
v -0.241611 -0.226345 -0.313135
v -0.247727 -0.231174 -0.302824
v -0.258751 -0.232496 -0.300004
v -0.268977 -0.230661 -0.303921
v -0.272660 -0.202750 -0.296817
v -0.261237 -0.206611 -0.288577
v -0.248415 -0.205708 -0.290501
v -0.242881 -0.203236 -0.295785
v -0.241541 -0.199473 -0.303812
v -0.247601 -0.194614 -0.314183
v -0.259116 -0.193067 -0.317487
v -0.270750 -0.196246 -0.310701
vn 0.9405 -0.1922 -0.2803
vn 0.5307 -0.2549 0.8083
vn 0.8472 0.3517 -0.3982
vn 0.5402 0.3434 -0.7683
vn -0.0820 0.5987 -0.7967
vn 0.1914 0.6305 -0.7523
vn -0.7183 0.2652 -0.6432
vn -0.4448 0.4328 -0.7841
vn -0.8826 0.1719 -0.4375
vn -0.8921 0.1980 -0.4061
vn -0.9833 0.1817 -0.0120
vn -0.8047 -0.4213 0.4184
vn -0.6575 -0.0957 0.7473
vn -0.0502 -0.4294 0.9017
vn -0.1024 -0.3629 0.9262
vn 0.3106 -0.4938 0.8122
s 1
usemtl 0.529412_0.549020_0.588235_0.000000_0.000000
f 1682//675 1697//676 1690//677
f 1689//678 1682//675 1690//677
f 1690//677 1691//679 1689//678
f 1688//680 1689//678 1691//679
f 1691//679 1692//681 1687//682
f 1687//682 1688//680 1691//679
f 1692//681 1693//683 1686//684
f 1686//684 1687//682 1692//681
f 1693//683 1694//685 1686//684
f 1685//686 1686//684 1694//685
f 1694//685 1695//687 1685//686
f 1684//688 1685//686 1695//687
f 1695//687 1696//689 1684//688
f 1683//690 1684//688 1696//689
f 1696//689 1697//676 1683//690
f 1682//675 1683//690 1697//676
v -0.157912 -0.173182 -0.341562
v -0.147755 -0.167072 -0.341562
v -0.136073 -0.170181 -0.341562
v -0.130309 -0.176392 -0.341562
v -0.129091 -0.182517 -0.341562
v -0.133455 -0.194024 -0.341562
v -0.147046 -0.199602 -0.341562
v -0.158550 -0.191805 -0.341562
v -0.160287 -0.188231 -0.313274
v -0.147489 -0.199371 -0.313274
v -0.136561 -0.197225 -0.313274
v -0.130072 -0.189115 -0.313274
v -0.129725 -0.178641 -0.313274
v -0.135409 -0.170258 -0.313274
v -0.145062 -0.166977 -0.313274
v -0.157205 -0.172236 -0.313274
vn 0.9727 -0.2302 0.0295
vn -0.0705 0.9691 -0.2362
vn 0.5250 0.8511 0.0015
vn -0.2006 0.9787 0.0438
vn -0.5850 0.8008 -0.1282
vn -0.4234 0.9031 -0.0724
vn -0.8611 0.5074 0.0325
vn -0.9823 -0.1870 0.0035
vn -0.8890 -0.4579 -0.0073
vn -0.9173 -0.3981 0.0001
vn -0.7753 -0.6306 0.0366
vn -0.7393 -0.6733 0.0112
vn -0.2773 -0.9596 -0.0469
vn 0.3721 -0.9279 0.0222
vn 0.4525 -0.8911 -0.0353
vn 0.9549 -0.2224 -0.1969
s 1
usemtl 0.529412_0.549020_0.588235_0.000000_0.000000
f 1706//691 1707//692 1705//693
f 1704//694 1705//693 1707//692
f 1707//692 1708//695 1703//696
f 1703//696 1704//694 1707//692
f 1708//695 1709//697 1703//696
f 1702//698 1703//696 1709//697
f 1709//697 1710//699 1702//698
f 1701//700 1702//698 1710//699
f 1700//701 1701//700 1710//699
f 1710//699 1711//702 1700//701
f 1711//702 1712//703 1700//701
f 1699//704 1700//701 1712//703
f 1712//703 1713//705 1699//704
f 1698//706 1699//704 1713//705
f 1713//705 1706//691 1698//706
f 1705//693 1698//706 1706//691
v -0.156911 -1.554696 -0.893584
v -0.142791 -1.561626 -0.893584
v -0.133543 -1.557621 -0.893584
v -0.128356 -1.548357 -0.893584
v -0.128509 -1.540587 -0.893584
v -0.134727 -1.532250 -0.893584
v -0.149276 -1.530245 -0.893584
v -0.159579 -1.538854 -0.893584
v -0.160472 -1.541892 -0.921872
v -0.154910 -1.532735 -0.921872
v -0.143963 -1.529021 -0.921872
v -0.133925 -1.532725 -0.921872
v -0.128502 -1.541834 -0.921872
v -0.130657 -1.553770 -0.921872
v -0.142630 -1.561633 -0.921872
v -0.155932 -1.556128 -0.921872
vn 0.9410 -0.3378 0.0222
vn 0.8500 -0.5243 0.0515
vn 0.9991 0.0423 -0.0039
vn 0.8248 -0.5651 0.0176
vn 0.3665 -0.8662 0.3396
vn -0.3006 -0.9533 0.0307
vn -0.7811 -0.6243 -0.0109
vn -0.4165 -0.9051 0.0858
vn -0.9067 -0.4217 0.0103
vn -0.9692 -0.2461 0.0037
vn -1.0000 0.0015 0.0063
vn -0.9636 0.2626 -0.0498
vn -0.4640 0.8850 -0.0381
vn -0.3910 0.9176 -0.0713
vn 0.2357 0.9694 0.0680
vn 0.3037 0.9516 0.0469
s 1
usemtl 0.529412_0.549020_0.588235_0.000000_0.000000
f 1722//707 1721//708 1714//709
f 1722//707 1723//710 1721//708
f 1720//711 1721//708 1723//710
f 1723//710 1724//712 1720//711
f 1719//713 1720//711 1724//712
f 1724//712 1725//714 1719//713
f 1725//714 1726//715 1719//713
f 1718//716 1719//713 1726//715
f 1717//717 1718//716 1726//715
f 1726//715 1727//718 1717//717
f 1716//719 1717//717 1727//718
f 1727//718 1728//720 1716//719
f 1715//721 1716//719 1728//720
f 1728//720 1729//722 1715//721
f 1714//709 1715//721 1729//722
f 1729//722 1722//707 1714//709
v -0.078538 -0.844290 -0.586935
v -0.078538 -0.838037 -0.583532
v -0.078538 -0.826516 -0.585913
v -0.078538 -0.818313 -0.593910
v -0.078538 -0.817598 -0.600457
v -0.078538 -0.821173 -0.609912
v -0.078538 -0.829954 -0.615578
v -0.078538 -0.840763 -0.614673
v -0.078538 -0.849425 -0.601643
v -0.050250 -0.841757 -0.614000
v -0.050250 -0.830669 -0.615765
v -0.050250 -0.820359 -0.608819
v -0.050250 -0.818383 -0.595495
v -0.050250 -0.824057 -0.586312
v -0.050250 -0.831274 -0.583471
v -0.050250 -0.842614 -0.586046
v -0.050250 -0.849736 -0.600894
vn -0.3991 0.8994 -0.1784
vn -0.1487 0.2793 0.9486
vn 0.2900 0.7715 0.5663
vn 0.0308 0.2489 0.9680
vn -0.0016 -0.4445 0.8958
vn 0.0081 0.0251 0.9997
vn 0.0839 -0.9377 0.3371
vn 0.0154 -0.5802 0.8143
vn 0.0735 -0.9918 -0.1044
vn -0.0758 -0.8659 -0.4944
vn 0.0156 -0.9349 -0.3547
vn -0.0855 -0.7973 -0.5974
vn -0.0386 -0.6020 -0.7975
vn -0.1447 -0.2389 -0.9602
vn 0.0205 0.3479 -0.9373
vn 0.0204 0.2487 -0.9684
vn 0.0151 0.5053 -0.8628
s 1
usemtl 0.529412_0.549020_0.588235_0.000000_0.000000
f 1746//723 1739//724 1738//725
f 1737//726 1738//725 1739//724
f 1739//724 1740//727 1736//728
f 1736//728 1737//726 1739//724
f 1740//727 1741//729 1735//730
f 1735//730 1736//728 1740//727
f 1734//731 1735//730 1741//729
f 1741//729 1742//732 1734//731
f 1733//733 1734//731 1742//732
f 1732//734 1733//733 1742//732
f 1742//732 1743//735 1732//734
f 1743//735 1744//736 1732//734
f 1744//736 1745//737 1731//738
f 1731//738 1732//734 1744//736
f 1730//739 1731//738 1745//737
f 1745//737 1746//723 1738//725
f 1738//725 1730//739 1745//737
v -0.304410 -0.600886 -0.492552
v -0.304410 -0.601655 -0.502469
v -0.304410 -0.609670 -0.512913
v -0.304410 -0.620489 -0.513496
v -0.304410 -0.632362 -0.499483
v -0.304410 -0.626371 -0.484852
v -0.304410 -0.614841 -0.481640
v -0.304410 -0.604505 -0.486946
v -0.276122 -0.605816 -0.485886
v -0.276122 -0.617115 -0.481467
v -0.276122 -0.627358 -0.485490
v -0.276122 -0.633039 -0.496682
v -0.276122 -0.628200 -0.508756
v -0.276122 -0.613967 -0.514057
v -0.276122 -0.603202 -0.506466
v -0.276122 -0.600440 -0.494473
vn 0.0180 -0.3565 -0.9341
vn 0.0367 -0.8704 -0.4909
vn -0.1676 -0.7729 -0.6120
vn 0.0515 0.2028 -0.9779
vn -0.0253 0.3727 -0.9276
vn -0.1952 0.7785 -0.5965
vn -0.1009 0.9477 -0.3028
vn -0.1678 0.9436 -0.2853
vn -0.0547 0.9279 0.3689
vn -0.0816 0.0030 0.9967
vn 0.1323 -0.2712 0.9534
vn -0.0556 -0.5597 0.8268
vn 0.0777 -0.5606 0.8244
vn -0.0382 -0.9907 -0.1305
vn -0.0296 -0.9563 -0.2909
vn 0.0152 -0.9440 -0.3297
s 1
usemtl 0.529412_0.549020_0.588235_0.000000_0.000000
f 1753//740 1754//741 1755//742
f 1755//742 1756//743 1753//740
f 1752//744 1753//740 1756//743
f 1756//743 1757//745 1752//744
f 1757//745 1758//746 1751//747
f 1751//747 1752//744 1757//745
f 1758//746 1759//748 1751//747
f 1750//749 1751//747 1759//748
f 1759//748 1760//750 1750//749
f 1749//751 1750//749 1760//750
f 1760//750 1761//752 1749//751
f 1748//753 1749//751 1761//752
f 1761//752 1762//754 1748//753
f 1747//755 1748//753 1762//754
f 1762//754 1755//742 1754//741
f 1754//741 1747//755 1762//754
v -0.211098 -0.386380 -0.387006
v -0.211098 -0.393742 -0.381275
v -0.211098 -0.406941 -0.381769
v -0.211098 -0.415719 -0.394034
v -0.211098 -0.411507 -0.408131
v -0.211098 -0.401541 -0.412674
v -0.211098 -0.388310 -0.407393
v -0.211098 -0.383551 -0.396177
v -0.239386 -0.383777 -0.394535
v -0.239386 -0.390270 -0.408844
v -0.239386 -0.400248 -0.413122
v -0.239386 -0.408195 -0.410496
v -0.239386 -0.415448 -0.395201
v -0.239386 -0.408284 -0.382182
v -0.239386 -0.395196 -0.381020
v -0.239386 -0.387021 -0.386046
vn 0.0313 -0.9631 -0.2672
vn -0.0106 -0.9828 -0.1845
vn -0.1392 -0.8715 -0.4702
vn 0.0789 -0.2989 0.9510
vn -0.0001 -0.9414 0.3374
vn 0.1104 0.1819 0.9771
vn 0.0030 -0.0211 0.9998
vn -0.0003 0.3212 0.9470
vn -0.0627 0.5879 0.8065
vn -0.4067 0.8687 0.2827
vn -0.2268 0.9408 0.2521
vn 0.1186 0.4098 -0.9044
vn -0.0556 0.1588 -0.9857
vn -0.2778 -0.4674 -0.8393
vn -0.0239 -0.5612 -0.8273
vn 0.0752 -0.7421 -0.6660
s 1
usemtl 0.529412_0.549020_0.588235_0.000000_0.000000
f 1771//756 1770//757 1763//758
f 1771//756 1772//759 1769//760
f 1769//760 1770//757 1771//756
f 1768//761 1769//760 1772//759
f 1772//759 1773//762 1768//761
f 1773//762 1774//763 1768//761
f 1767//764 1768//761 1774//763
f 1774//763 1775//765 1767//764
f 1766//766 1767//764 1775//765
f 1775//765 1776//767 1765//768
f 1765//768 1766//766 1775//765
f 1776//767 1777//769 1765//768
f 1764//770 1765//768 1777//769
f 1777//769 1778//771 1763//758
f 1763//758 1764//770 1777//769
f 1778//771 1771//756 1763//758
v 0.294051 -1.540383 -0.746960
v 0.302002 -1.530876 -0.746960
v 0.313575 -1.529444 -0.746960
v 0.321755 -1.534202 -0.746960
v 0.325720 -1.540681 -0.746960
v 0.325967 -1.547549 -0.746960
v 0.319413 -1.558487 -0.746960
v 0.309097 -1.561815 -0.746960
v 0.297473 -1.555356 -0.746960
v 0.294460 -1.549922 -0.718672
v 0.307710 -1.561192 -0.718672
v 0.322403 -1.554969 -0.718672
v 0.325781 -1.542127 -0.718672
v 0.321466 -1.533745 -0.718672
v 0.307999 -1.529647 -0.718672
v 0.295702 -1.536634 -0.718672
vn 0.9984 -0.0468 0.0328
vn 0.4700 0.8818 -0.0389
vn 0.9299 -0.3287 -0.1651
vn -0.0305 0.9458 0.3234
vn -0.1466 0.9872 0.0626
vn -0.3808 0.9169 0.1193
vn -0.9250 0.3494 0.1493
vn -0.9997 0.0179 0.0166
vn -0.9541 -0.2942 0.0561
vn -0.9543 -0.2978 -0.0269
vn -0.8685 -0.4956 -0.0078
vn -0.7739 -0.6332 0.0092
vn -0.2725 -0.9544 0.1218
vn -0.4557 -0.8854 0.0921
vn 0.7080 -0.7045 0.0484
vn 0.6916 -0.7220 -0.0204
s 1
usemtl 0.529412_0.549020_0.588235_0.000000_0.000000
f 1788//772 1787//773 1779//774
f 1788//772 1789//775 1787//773
f 1786//776 1787//773 1789//775
f 1785//777 1786//776 1789//775
f 1789//775 1790//778 1785//777
f 1784//779 1785//777 1790//778
f 1790//778 1791//780 1784//779
f 1783//781 1784//779 1791//780
f 1782//782 1783//781 1791//780
f 1791//780 1792//783 1782//782
f 1792//783 1793//784 1781//785
f 1781//785 1782//782 1792//783
f 1780//786 1781//785 1793//784
f 1793//784 1794//787 1780//786
f 1779//774 1780//786 1794//787
f 1794//787 1788//772 1779//774
v -0.161141 -0.833020 -0.893918
v -0.153407 -0.847017 -0.893918
v -0.139910 -0.849626 -0.893918
v -0.133316 -0.846051 -0.893918
v -0.129379 -0.834785 -0.893918
v -0.134168 -0.821366 -0.893918
v -0.147310 -0.818404 -0.893918
v -0.158844 -0.824979 -0.893918
v -0.160802 -0.830493 -0.922206
v -0.154995 -0.821090 -0.922206
v -0.143465 -0.817645 -0.922206
v -0.134436 -0.821174 -0.922206
v -0.129445 -0.827532 -0.922206
v -0.128403 -0.835204 -0.922206
v -0.132123 -0.844383 -0.922206
v -0.141616 -0.850115 -0.922206
v -0.156002 -0.844790 -0.922206
vn 0.8391 -0.5432 0.0301
vn 0.9853 -0.1710 -0.0009
vn 0.9379 -0.3458 -0.0274
vn 0.7944 -0.6063 -0.0363
vn 0.5487 -0.8323 0.0794
vn -0.2932 -0.9509 0.0992
vn -0.7001 -0.7060 0.1075
vn -0.4813 -0.8764 0.0153
vn -0.9079 -0.4175 0.0378
vn -0.8790 -0.4190 0.2276
vn -0.9927 -0.0571 0.1063
vn -0.6710 0.7231 0.1639
vn -0.6870 0.7266 -0.0103
vn -0.4287 0.9034 -0.0088
vn -0.2959 0.9551 -0.0125
vn 0.0702 0.9971 0.0311
vn 0.9639 0.2615 -0.0500
s 1
usemtl 0.529412_0.549020_0.588235_0.000000_0.000000
f 1802//788 1795//789 1803//790
f 1803//790 1804//791 1802//788
f 1801//792 1802//788 1804//791
f 1804//791 1805//793 1801//792
f 1805//793 1806//794 1800//795
f 1800//795 1801//792 1805//793
f 1806//794 1807//796 1799//797
f 1799//797 1800//795 1806//794
f 1807//796 1808//798 1799//797
f 1808//798 1809//799 1799//797
f 1798//800 1799//797 1809//799
f 1797//801 1798//800 1809//799
f 1809//799 1810//802 1797//801
f 1796//803 1797//801 1810//802
f 1810//802 1811//804 1796//803
f 1795//789 1796//803 1811//804
f 1811//804 1803//790 1795//789
v -0.326428 -1.293967 -0.658314
v -0.326428 -1.300917 -0.652021
v -0.326428 -1.316461 -0.653454
v -0.326428 -1.324513 -0.663797
v -0.326428 -1.320469 -0.676631
v -0.326428 -1.306881 -0.683071
v -0.326428 -1.296805 -0.678642
v -0.326428 -1.291808 -0.668964
v -0.354716 -1.297948 -0.678757
v -0.354716 -1.312657 -0.682581
v -0.354716 -1.322392 -0.673880
v -0.354716 -1.320861 -0.656804
v -0.354716 -1.309354 -0.650360
v -0.354716 -1.298452 -0.653546
v -0.354716 -1.293841 -0.658106
v -0.354716 -1.292017 -0.664789
vn 0.0302 -0.9612 -0.2741
vn -0.1688 -0.8499 0.4991
vn -0.0768 -0.9273 0.3664
vn -0.2894 -0.7163 0.6349
vn 0.0264 -0.2705 0.9623
vn -0.0885 0.0881 0.9922
vn 0.1249 0.4080 0.9044
vn -0.2179 0.9733 0.0723
vn 0.0327 0.9580 -0.2848
vn -0.0206 0.9701 -0.2418
vn 0.3504 0.3500 -0.8687
vn 0.0160 -0.0829 -0.9964
vn 0.1039 -0.5199 -0.8479
vn 0.0282 -0.6864 -0.7266
vn 0.1437 -0.9026 -0.4058
vn -0.0000 -0.8291 -0.5591
s 1
usemtl 0.529412_0.549020_0.588235_0.000000_0.000000
f 1827//805 1820//806 1819//807
f 1818//808 1819//807 1820//806
f 1817//809 1818//808 1820//806
f 1820//806 1821//810 1817//809
f 1816//811 1817//809 1821//810
f 1821//810 1822//812 1816//811
f 1815//813 1816//811 1822//812
f 1822//812 1823//814 1815//813
f 1814//815 1815//813 1823//814
f 1823//814 1824//816 1814//815
f 1813//817 1814//815 1824//816
f 1824//816 1825//818 1813//817
f 1812//819 1813//817 1825//818
f 1825//818 1826//820 1812//819
f 1826//820 1827//805 1812//819
f 1819//807 1812//819 1827//805
v -0.049916 -1.540761 -0.711565
v -0.126116 -1.533815 -0.704161
v -0.049916 -1.533433 -0.703940
v -0.049916 -1.533029 -0.696945
v -0.126116 -1.534694 -0.693645
v -0.049916 -1.537475 -0.690794
v -0.126116 -1.541055 -0.688700
v -0.049916 -1.547967 -0.688084
v -0.126116 -1.553770 -0.691401
v -0.049916 -1.556726 -0.696922
v -0.126116 -1.555203 -0.705928
v -0.049916 -1.553263 -0.709816
v -0.126116 -1.543147 -0.712598
vn -0.1162 -0.9929 -0.0236
vn -0.1604 -0.0432 0.9861
vn 0.0424 -0.5958 0.8020
vn -0.1310 -0.8795 -0.4576
vn -0.0020 -0.9652 -0.2616
vn -0.2328 -0.1018 -0.9672
vn 0.0185 -0.7608 -0.6487
vn -0.0656 0.5237 -0.8494
vn 0.0130 0.0374 -0.9992
vn -0.3851 0.9176 0.0990
vn 0.1773 0.7777 -0.6032
vn 0.0140 0.3924 0.9197
vn -0.0072 -0.9910 0.1340
s 1
usemtl 0.231373_0.380392_0.705882_0.000000_0.000000
f 1829//821 1840//822 1828//823
f 1832//824 1829//821 1831//825
f 1834//826 1832//824 1833//827
f 1836//828 1834//826 1835//829
f 1838//830 1836//828 1837//831
f 1840//822 1838//830 1839//832
f 1839//832 1828//823 1840//822
f 1837//831 1839//832 1838//830
f 1835//829 1837//831 1836//828
f 1833//827 1835//829 1834//826
f 1831//825 1833//827 1832//824
f 1830//833 1831//825 1829//821
f 1828//823 1830//833 1829//821
v -0.126450 -0.823286 -0.605808
v -0.050250 -0.827637 -0.610617
v -0.126450 -0.832326 -0.612031
v -0.050250 -0.836045 -0.611899
v -0.126450 -0.843472 -0.606745
v -0.050250 -0.844993 -0.602775
v -0.126450 -0.840733 -0.590320
v -0.050250 -0.837312 -0.588690
v -0.126450 -0.826784 -0.589807
v -0.050250 -0.823139 -0.597765
v -0.126450 -0.821490 -0.597139
vn 0.0111 -0.4944 0.8692
vn 0.1378 -0.9734 0.1833
vn 0.0179 -0.6331 0.7738
vn 0.0113 0.0385 0.9992
vn -0.0173 -0.3714 0.9283
vn 0.4284 0.8983 -0.0981
vn -0.0260 0.5347 0.8446
vn 0.2350 -0.1853 -0.9542
vn -0.0547 0.9679 -0.2455
vn 0.0421 -0.7159 -0.6969
vn 0.0005 -0.9796 -0.2012
s 1
usemtl 0.231373_0.380392_0.705882_0.000000_0.000000
f 1842//834 1850//835 1841//836
f 1844//837 1842//834 1843//838
f 1846//839 1844//837 1845//840
f 1848//841 1846//839 1847//842
f 1850//835 1848//841 1849//843
f 1851//844 1841//836 1850//835
f 1849//843 1851//844 1850//835
f 1847//842 1849//843 1848//841
f 1845//840 1847//842 1846//839
f 1843//838 1845//840 1844//837
f 1841//836 1843//838 1842//834
v -0.239386 -0.830740 -0.611706
v -0.163186 -0.833533 -0.611015
v -0.239386 -0.843265 -0.605756
v -0.163186 -0.845949 -0.603012
v -0.163186 -0.843003 -0.591916
v -0.239386 -0.837718 -0.589116
v -0.163186 -0.831722 -0.587478
v -0.163186 -0.823851 -0.592174
v -0.239386 -0.824321 -0.591640
v -0.163186 -0.822062 -0.602490
v -0.239386 -0.822483 -0.603147
vn -0.0706 0.9945 0.0771
vn 0.0446 -0.5983 0.8000
vn -0.3254 0.5332 0.7809
vn -0.0470 0.9692 -0.2419
vn -0.0030 -0.4006 -0.9162
vn -0.1083 -0.0518 -0.9928
vn -0.0063 -0.7320 -0.6813
vn -0.0315 -0.8319 -0.5541
vn -0.0015 -0.9956 -0.0939
vn 0.0318 -0.7162 0.6972
vn 0.0483 -0.4485 0.8925
s 1
usemtl 0.231373_0.380392_0.705882_0.000000_0.000000
f 1855//845 1853//846 1854//847
f 1856//848 1855//845 1854//847
f 1858//849 1856//848 1857//850
f 1859//851 1858//849 1860//852
f 1861//853 1859//851 1860//852
f 1853//846 1861//853 1862//854
f 1862//854 1852//855 1853//846
f 1860//852 1862//854 1861//853
f 1857//850 1860//852 1858//849
f 1854//847 1857//850 1856//848
f 1852//855 1854//847 1853//846
v -0.239720 -0.185658 -0.282958
v -0.163520 -0.178825 -0.283026
v -0.239720 -0.174006 -0.287121
v -0.163520 -0.172489 -0.289299
v -0.163520 -0.171994 -0.299929
v -0.239720 -0.173538 -0.301199
v -0.163520 -0.180055 -0.306834
v -0.239720 -0.186108 -0.307017
v -0.163520 -0.192592 -0.302157
v -0.239720 -0.194488 -0.296014
v -0.163520 -0.189576 -0.285898
vn -0.0014 -0.3714 -0.9285
vn 0.0614 0.1895 -0.9800
vn -0.0190 -0.1043 -0.9944
vn -0.0692 -0.9962 -0.0533
vn -0.0231 -0.5209 -0.8533
vn -0.1486 -0.8013 0.5795
vn -0.2293 -0.9696 0.0858
vn 0.1304 0.0602 0.9896
vn 0.0385 0.4947 0.8682
vn -0.1512 0.1090 0.9825
vn -0.1524 0.8295 0.5373
s 1
usemtl 0.231373_0.380392_0.705882_0.000000_0.000000
f 1864//856 1873//857 1863//858
f 1866//859 1864//856 1865//860
f 1867//861 1866//859 1868//862
f 1869//863 1867//861 1868//862
f 1871//864 1869//863 1870//865
f 1873//857 1871//864 1872//866
f 1872//866 1863//858 1873//857
f 1870//865 1872//866 1871//864
f 1868//862 1870//865 1869//863
f 1865//860 1868//862 1866//859
f 1863//858 1865//860 1864//856
v -0.049916 -1.532557 -0.693690
v -0.049916 -1.555961 -0.691476
v -0.049916 -1.555959 -0.709066
v -0.049916 -1.562076 -0.701760
v -0.049916 -1.532586 -0.707164
v -0.049916 -1.542743 -0.685790
v -0.049916 -1.542674 -0.714899
vn 1.0000 -0.0000 -0.0000
s 1
usemtl 0.231373_0.380392_0.705882_0.000000_0.000000
f 1877//867 1876//867 1875//867
l 1880 1878
l 1874 1878
l 1880 1876
l 1874 1879
l 1875 1879
v -0.126450 -0.822626 -0.607993
v -0.126450 -0.846618 -0.605419
v -0.126450 -0.843431 -0.589728
v -0.126450 -0.821789 -0.592546
v -0.126450 -0.831578 -0.585067
v -0.126450 -0.835142 -0.614424
l 1883 1885
l 1884 1885
l 1881 1886
l 1882 1886
l 1882 1883
l 1884 1881
v -0.239386 -0.825253 -0.610548
v -0.239386 -0.837905 -0.613513
v -0.239386 -0.847961 -0.602479
v -0.239386 -0.840454 -0.587628
v -0.239386 -0.822743 -0.593675
v -0.239386 -0.824750 -0.588035
v -0.239386 -0.819222 -0.598753
vn -1.0000 -0.0000 -0.0000
s 1
usemtl 0.231373_0.380392_0.705882_0.000000_0.000000
f 1891//868 1892//868 1893//868
l 1890 1892
l 1887 1893
l 1889 1888
l 1889 1890
l 1887 1888
v -0.239720 -0.169172 -0.297570
v -0.239720 -0.193245 -0.305530
v -0.239720 -0.197058 -0.292682
v -0.239720 -0.177879 -0.281184
v -0.239720 -0.170510 -0.286547
v -0.239720 -0.180313 -0.308831
v -0.239720 -0.189729 -0.281515
l 1896 1895
l 1900 1897
l 1894 1898
l 1895 1899
l 1898 1897
l 1900 1896
l 1899 1894
v -0.049916 -1.560537 -0.705061
v -0.049916 -1.549471 -0.716279
v -0.049916 -1.533493 -0.710524
v -0.049916 -1.529163 -0.697273
v -0.049916 -1.557625 -0.689655
v -0.049916 -1.535672 -0.686964
v -0.049916 -1.546116 -0.683778
v -0.126116 -1.543257 -0.716497
v -0.126116 -1.556774 -0.711524
v -0.126116 -1.561845 -0.698807
v -0.126116 -1.553305 -0.686534
v -0.126116 -1.538810 -0.685355
v -0.126116 -1.530644 -0.692649
v -0.126116 -1.530570 -0.705446
vn 0.0724 -0.0285 -0.9970
vn -0.0339 0.3184 -0.9473
vn -0.0285 -0.4056 -0.9136
vn 0.1730 -0.8314 -0.5281
vn -0.1918 -0.9814 -0.0027
vn 0.0396 -0.9642 0.2621
vn -0.0981 -0.9351 0.3406
vn 0.2835 -0.5336 0.7968
vn -0.0040 0.0936 0.9956
vn 0.2173 0.2279 0.9491
vn -0.0226 0.7351 0.6776
vn 0.0056 0.8336 0.5524
vn -0.0057 0.9435 0.3313
vn 0.0404 0.9992 -0.0024
s 1
usemtl 0.231373_0.380392_0.705882_0.000000_0.000000
f 1908//869 1903//870 1902//871
f 1909//872 1902//871 1901//873
f 1910//874 1901//873 1905//875
f 1911//876 1905//875 1907//877
f 1912//878 1907//877 1906//879
f 1913//880 1906//879 1904//881
f 1914//882 1904//881 1903//870
f 1903//870 1908//869 1914//882
f 1904//881 1914//882 1913//880
f 1906//879 1913//880 1912//878
f 1907//877 1912//878 1911//876
f 1905//875 1911//876 1910//874
f 1901//873 1910//874 1909//872
f 1902//871 1909//872 1908//869
v -0.239386 -0.817847 -0.595805
v -0.239386 -0.829287 -0.615518
v -0.239386 -0.840416 -0.614788
v -0.239386 -0.824222 -0.586412
v -0.239386 -0.819724 -0.607721
v -0.239386 -0.849826 -0.603054
v -0.239386 -0.841019 -0.586177
v -0.163186 -0.821757 -0.610857
v -0.163186 -0.817794 -0.597954
v -0.163186 -0.823900 -0.586655
v -0.163186 -0.838727 -0.584408
v -0.163186 -0.849987 -0.597387
v -0.163186 -0.844880 -0.611658
v -0.163186 -0.831356 -0.615907
vn -0.0053 0.6431 -0.7658
vn 0.0205 0.4577 -0.8889
vn 0.0127 0.9724 -0.2331
vn -0.2377 0.9681 -0.0789
vn -0.0559 0.9335 0.3542
vn -0.0044 0.6916 0.7223
vn 0.1155 0.4641 0.8782
vn 0.2158 0.0408 0.9756
vn -0.0428 -0.8752 0.4819
vn 0.0198 -0.8861 -0.4630
vn -0.1433 -0.5215 -0.8411
vn 0.0094 -0.1929 -0.9812
vn -0.0865 -0.1212 -0.9889
vn 0.1564 0.0456 0.9866
s 1
usemtl 0.231373_0.380392_0.705882_0.000000_0.000000
f 1922//883 1916//884 1919//885
f 1923//886 1919//885 1915//887
f 1923//886 1915//887 1918//888
f 1924//889 1918//888 1921//890
f 1926//891 1921//890 1920//892
f 1927//893 1920//892 1917//894
f 1928//895 1917//894 1916//884
f 1917//894 1928//895 1927//893
f 1920//892 1927//893 1926//891
f 1921//890 1926//891 1925//896
f 1921//890 1925//896 1924//889
f 1918//888 1924//889 1923//886
f 1919//885 1923//886 1922//883
f 1916//884 1922//883 1928//895
v -0.126450 -0.831157 -0.583622
v -0.126450 -0.821578 -0.609663
v -0.126450 -0.844807 -0.587943
v -0.126450 -0.819925 -0.591865
v -0.126450 -0.837177 -0.615363
v -0.126450 -0.849684 -0.603226
v -0.050250 -0.819728 -0.590876
v -0.050250 -0.827294 -0.584794
v -0.050250 -0.842313 -0.586215
v -0.050250 -0.850344 -0.597726
v -0.050250 -0.844841 -0.611110
v -0.050250 -0.829760 -0.615646
v -0.050250 -0.819208 -0.604926
vn -0.0009 0.5960 0.8030
vn 0.0203 0.7296 0.6836
vn 0.0302 -0.1020 0.9943
vn -0.0338 -0.1063 0.9938
vn 0.0457 -0.9030 0.4272
vn -0.0180 -0.9589 0.2832
vn 0.1939 -0.9789 -0.0642
vn -0.1259 -0.3687 -0.9210
vn 0.1504 0.0851 -0.9849
vn -0.0299 0.4148 -0.9094
vn 0.1296 0.5467 -0.8272
vn -0.0224 0.9984 0.0514
vn 0.0009 0.8545 0.5194
s 1
usemtl 0.231373_0.380392_0.705882_0.000000_0.000000
f 1936//897 1932//898 1929//899
f 1937//900 1929//899 1931//901
f 1938//902 1931//901 1934//903
f 1939//904 1934//903 1933//905
f 1940//906 1933//905 1930//907
f 1941//908 1930//907 1932//898
f 1930//907 1941//908 1940//906
f 1933//905 1940//906 1939//904
f 1934//903 1939//904 1938//902
f 1931//901 1938//902 1937//900
f 1929//899 1937//900 1936//897
f 1932//898 1936//897 1935//909
f 1932//898 1935//909 1941//908
v -0.239720 -0.195099 -0.305277
v -0.239720 -0.198493 -0.288769
v -0.239720 -0.172686 -0.282532
v -0.239720 -0.166898 -0.291463
v -0.239720 -0.182173 -0.311357
v -0.239720 -0.169507 -0.302870
v -0.239720 -0.186959 -0.279216
v -0.163520 -0.191455 -0.281116
v -0.163520 -0.199126 -0.296031
v -0.163520 -0.189150 -0.310188
v -0.163520 -0.175754 -0.309541
v -0.163520 -0.167684 -0.298042
v -0.163520 -0.169837 -0.285379
v -0.163520 -0.178747 -0.278967
vn -0.1295 -0.3125 0.9410
vn 0.0357 0.1101 0.9933
vn 0.0757 -0.8483 0.5241
vn -0.1978 -0.9514 0.2361
vn 0.0671 -0.4734 -0.8783
vn -0.0373 -0.2046 -0.9781
vn 0.0391 0.2437 -0.9691
vn -0.0166 0.3054 -0.9521
vn 0.1735 0.9399 -0.2940
vn -0.1653 0.9862 0.0101
vn -0.0004 0.9769 0.2137
vn -0.1292 0.8101 0.5719
vn 0.2428 0.5960 0.7654
vn -0.0054 0.3918 0.9201
s 1
usemtl 0.231373_0.380392_0.705882_0.000000_0.000000
f 1949//910 1948//911 1943//912
f 1950//913 1943//912 1942//914
f 1951//915 1942//914 1946//916
f 1952//917 1946//916 1947//918
f 1953//919 1947//918 1945//920
f 1954//921 1945//920 1944//922
f 1955//923 1944//922 1948//911
f 1948//911 1949//910 1955//923
f 1944//922 1955//923 1954//921
f 1945//920 1954//921 1953//919
f 1947//918 1953//919 1952//917
f 1946//916 1952//917 1951//915
f 1942//914 1951//915 1950//913
f 1943//912 1950//913 1949//910
v -0.163186 -0.830514 -0.611945
v -0.163186 -0.846806 -0.605664
v -0.163186 -0.846566 -0.597700
v -0.163186 -0.840454 -0.587628
v -0.163186 -0.825761 -0.587663
v -0.163186 -0.823147 -0.608355
v -0.163186 -0.820130 -0.594403
v -0.163186 -0.835778 -0.614423
vn 1.0000 -0.0000 -0.0000
vn 1.0000 -0.0000 -0.0004
vn 1.0000 -0.0003 0.0002
vn 1.0000 -0.0003 0.0003
s 1
usemtl 0.231373_0.380392_0.705882_0.000000_0.000000
f 1959//924 1957//924 1958//924
f 1963//925 1961//926 1956//927
l 1961 1962
l 1960 1962
l 1959 1960
l 1963 1957
v -0.126116 -1.539243 -0.712952
v -0.126116 -1.532557 -0.693690
v -0.126116 -1.559127 -0.701031
v -0.126116 -1.554092 -0.711909
v -0.126116 -1.554243 -0.688436
v -0.126116 -1.542743 -0.685790
v -0.126116 -1.530218 -0.703810
l 1967 1966
l 1964 1967
l 1965 1970
l 1964 1970
l 1968 1966
l 1968 1969
l 1965 1969
v -0.050250 -0.824482 -0.610579
v -0.050250 -0.838457 -0.613349
v -0.050250 -0.847780 -0.601399
v -0.050250 -0.841807 -0.588087
v -0.050250 -0.823002 -0.590164
v -0.050250 -0.831578 -0.585067
v -0.050250 -0.819463 -0.600093
l 1975 1976
l 1977 1975
l 1974 1976
l 1974 1973
l 1972 1971
l 1977 1971
l 1972 1973
v -0.163520 -0.170599 -0.301588
v -0.163520 -0.194177 -0.303402
v -0.163520 -0.197101 -0.289366
v -0.163520 -0.181064 -0.309569
v -0.163520 -0.169849 -0.288769
v -0.163520 -0.175468 -0.281782
v -0.163520 -0.187377 -0.281164
l 1980 1979
l 1984 1980
l 1981 1979
l 1982 1983
l 1983 1984
l 1978 1982
l 1981 1978
v -0.047051 -1.527883 -0.694139
v -0.039077 -1.529423 -0.683288
v -0.028332 -1.529603 -0.681990
v -0.018152 -1.528508 -0.689679
v -0.040938 -1.525596 -0.710325
v -0.019979 -1.525747 -0.709101
v -0.016152 -1.526748 -0.702074
v -0.026717 -1.525209 -0.713060
l 1985 1986
l 1987 1986
l 1987 1988
l 1991 1988
l 1990 1991
l 1992 1990
l 1989 1992
l 1985 1989
v 0.290807 -1.055482 -0.637528
v 0.290813 -1.061315 -0.646194
v 0.290824 -1.072098 -0.649419
v 0.290812 -1.084748 -0.641178
v 0.290806 -1.085954 -0.626477
v 0.290819 -1.078126 -0.618512
v 0.290811 -1.058778 -0.622715
v 0.290804 -1.055050 -0.629830
v 0.290818 -1.067509 -0.617401
l 1994 1993
l 1996 1995
l 1997 1996
l 1998 1997
l 2001 1998
l 1999 2001
l 2000 1999
l 1993 2000
l 1994 1995
v -0.613706 -0.177208 -0.313081
v -0.607087 -0.169427 -0.313082
v -0.596905 -0.167164 -0.313079
v -0.588633 -0.170296 -0.313074
v -0.583544 -0.177200 -0.313076
v -0.582939 -0.187763 -0.313071
v -0.588812 -0.196380 -0.313077
v -0.599784 -0.199510 -0.313080
v -0.612145 -0.191249 -0.313078
l 2002 2010
l 2003 2002
l 2004 2003
l 2005 2004
l 2006 2005
l 2008 2007
l 2009 2008
l 2010 2009
l 2006 2007
v -0.013705 -1.084290 -0.641924
v -0.013713 -1.072414 -0.649503
v -0.013712 -1.062240 -0.646841
v -0.013712 -1.055852 -0.638720
v -0.013714 -1.055617 -0.628542
v -0.013714 -1.078718 -0.618798
v -0.013706 -1.086192 -0.627074
v -0.013713 -1.060320 -0.620921
v -0.013712 -1.068220 -0.617251
l 2012 2011
l 2013 2012
l 2014 2013
l 2018 2015
l 2019 2018
l 2017 2016
l 2011 2017
l 2014 2015
l 2019 2016
v -0.239590 -0.835682 -0.615674
v -0.239589 -0.823952 -0.612546
v -0.239589 -0.818255 -0.603922
v -0.239592 -0.823844 -0.587829
v -0.239587 -0.838422 -0.584144
v -0.239594 -0.847907 -0.591466
v -0.239589 -0.847988 -0.606610
v -0.239594 -0.817675 -0.596909
l 2020 2026
l 2021 2020
l 2022 2021
l 2027 2022
l 2023 2027
l 2024 2023
l 2026 2025
l 2024 2025
v -0.160554 -0.177159 -0.313078
v -0.153951 -0.169427 -0.313082
v -0.143769 -0.167164 -0.313079
v -0.135497 -0.170296 -0.313074
v -0.130406 -0.177179 -0.313079
v -0.129803 -0.187763 -0.313071
v -0.135675 -0.196380 -0.313078
v -0.146647 -0.199510 -0.313080
v -0.158972 -0.191315 -0.313080
l 2028 2036
l 2029 2028
l 2030 2029
l 2031 2030
l 2032 2031
l 2034 2033
l 2035 2034
l 2036 2035
l 2032 2033
v -0.129196 -0.838616 -0.617879
v -0.135020 -0.847010 -0.617882
v -0.145536 -0.850142 -0.617878
v -0.158237 -0.841918 -0.617880
v -0.159949 -0.827924 -0.617886
v -0.153106 -0.819934 -0.617880
v -0.143012 -0.817788 -0.617869
v -0.133569 -0.822199 -0.617879
v -0.128931 -0.829649 -0.617882
l 2038 2037
l 2039 2038
l 2040 2039
l 2041 2040
l 2042 2041
l 2043 2042
l 2044 2043
l 2045 2044
l 2045 2037
v -0.158184 -0.842066 -0.922404
v -0.145610 -0.850124 -0.922410
v -0.134958 -0.846950 -0.922409
v -0.129092 -0.838298 -0.922404
v -0.133048 -0.822876 -0.922410
v -0.142983 -0.817805 -0.922415
v -0.159940 -0.827920 -0.922409
v -0.128732 -0.830291 -0.922410
v -0.153314 -0.820071 -0.922412
l 2047 2046
l 2048 2047
l 2049 2048
l 2050 2053
l 2051 2050
l 2052 2046
l 2049 2053
l 2051 2054
l 2054 2052
v 0.064950 -0.384315 -0.400674
v 0.064939 -0.390192 -0.409388
v 0.064945 -0.401072 -0.412572
v 0.064946 -0.413252 -0.404743
v 0.064947 -0.415173 -0.390383
v 0.064946 -0.408515 -0.382521
v 0.064956 -0.398278 -0.380232
v 0.064951 -0.387834 -0.385928
v 0.064941 -0.383696 -0.393777
l 2056 2055
l 2057 2056
l 2058 2057
l 2059 2058
l 2060 2059
l 2061 2060
l 2063 2062
l 2055 2063
l 2061 2062
v -0.267667 -0.194707 -0.313522
v -0.254147 -0.193082 -0.316987
v -0.245428 -0.203879 -0.293939
v -0.262126 -0.206413 -0.288502
v -0.272533 -0.202005 -0.297935
v -0.254304 -0.206698 -0.287951
v -0.246340 -0.194783 -0.313332
v -0.242031 -0.198027 -0.306415
l 2065 2064
l 2071 2070
l 2066 2071
l 2069 2066
l 2067 2069
l 2068 2067
l 2068 2064
l 2065 2070
v -0.050042 -0.849325 -0.594243
v -0.050038 -0.842839 -0.586049
v -0.050048 -0.831949 -0.583644
v -0.050047 -0.818382 -0.594976
v -0.050044 -0.818747 -0.605478
v -0.050046 -0.835282 -0.615934
v -0.050046 -0.847072 -0.608202
v -0.050053 -0.823013 -0.587427
v -0.050049 -0.825075 -0.613358
l 2072 2078
l 2073 2072
l 2074 2073
l 2079 2074
l 2075 2079
l 2078 2077
l 2075 2076
l 2076 2080
l 2080 2077
v -0.275912 -0.606264 -0.510272
v -0.275917 -0.618385 -0.513883
v -0.275916 -0.630831 -0.504517
v -0.275919 -0.630703 -0.489809
v -0.275920 -0.621818 -0.482462
v -0.275918 -0.608480 -0.484422
v -0.275910 -0.601107 -0.492520
v -0.275913 -0.600646 -0.500610
l 2085 2084
l 2081 2082
l 2082 2083
l 2083 2084
l 2085 2086
l 2086 2087
l 2087 2088
l 2088 2081
v -0.239588 -0.387689 -0.385800
v -0.239594 -0.397532 -0.380415
v -0.239595 -0.408421 -0.382470
v -0.239592 -0.413350 -0.404562
v -0.239595 -0.400866 -0.412564
v -0.239599 -0.389525 -0.408714
v -0.239592 -0.383923 -0.397887
v -0.239590 -0.384373 -0.391007
v -0.239585 -0.415233 -0.390558
l 2090 2089
l 2091 2090
l 2097 2091
l 2092 2097
l 2093 2092
l 2096 2095
l 2089 2096
l 2093 2094
l 2094 2095
v 0.293968 -1.540995 -0.718473
v 0.299859 -1.532335 -0.718481
v 0.309857 -1.529080 -0.718476
v 0.324819 -1.539374 -0.718474
v 0.325280 -1.549890 -0.718469
v 0.297381 -1.555086 -0.718471
v 0.318933 -1.531851 -0.718477
v 0.319546 -1.558339 -0.718478
v 0.309504 -1.561684 -0.718484
l 2099 2098
l 2100 2099
l 2104 2100
l 2101 2104
l 2105 2102
l 2106 2105
l 2103 2106
l 2103 2098
l 2101 2102
v -0.158519 -1.552164 -0.922068
v -0.146062 -1.561358 -0.922063
v -0.134632 -1.558372 -0.922069
v -0.128782 -1.549686 -0.922079
v -0.132217 -1.534648 -0.922065
v -0.141042 -1.529432 -0.922056
v -0.151404 -1.530616 -0.922069
v -0.158815 -1.537629 -0.922070
v -0.128380 -1.541780 -0.922081
l 2108 2107
l 2109 2108
l 2110 2109
l 2111 2115
l 2112 2111
l 2114 2113
l 2110 2115
l 2112 2113
l 2114 2107
v -0.160145 -1.540920 -0.718472
v -0.154373 -1.532398 -0.718477
v -0.144280 -1.529080 -0.718476
v -0.129344 -1.539309 -0.718473
v -0.128858 -1.549890 -0.718470
v -0.156757 -1.555086 -0.718471
v -0.135206 -1.531852 -0.718477
v -0.134592 -1.558339 -0.718478
v -0.144653 -1.561688 -0.718481
l 2117 2116
l 2118 2117
l 2122 2118
l 2119 2122
l 2123 2120
l 2124 2123
l 2121 2124
l 2119 2120
l 2121 2116
v -0.050057 -1.292789 -0.672300
v -0.050054 -1.299289 -0.680419
v -0.050044 -1.310362 -0.682778
v -0.050055 -1.322053 -0.673929
v -0.050058 -1.322774 -0.659589
v -0.050049 -1.315626 -0.652295
v -0.050052 -1.305096 -0.650746
v -0.050054 -1.292536 -0.662031
v -0.050060 -1.297091 -0.654548
l 2125 2132
l 2126 2125
l 2128 2127
l 2129 2128
l 2130 2129
l 2131 2130
l 2133 2131
l 2132 2133
l 2126 2127
v -0.354911 -1.295647 -0.656284
v -0.354914 -1.304393 -0.650887
v -0.354909 -1.315855 -0.652543
v -0.354913 -1.321511 -0.674798
v -0.354924 -1.308960 -0.682899
v -0.354915 -1.298209 -0.679693
v -0.354906 -1.292353 -0.670841
v -0.354906 -1.291998 -0.663162
v -0.354915 -1.323328 -0.660860
l 2141 2140
l 2134 2141
l 2135 2134
l 2136 2135
l 2137 2142
l 2138 2137
l 2140 2139
l 2136 2142
l 2138 2139
v -0.158973 -0.191313 -0.922410
v -0.146278 -0.199522 -0.922407
v -0.129786 -0.187699 -0.922411
v -0.133729 -0.172273 -0.922413
v -0.160650 -0.177417 -0.922417
v -0.129392 -0.179680 -0.922407
v -0.135452 -0.196179 -0.922414
v -0.143974 -0.167145 -0.922408
v -0.153934 -0.169444 -0.922407
l 2144 2143
l 2149 2144
l 2145 2149
l 2146 2148
l 2151 2150
l 2147 2151
l 2147 2143
l 2145 2148
l 2146 2150
v -0.580462 -0.630930 -0.504436
v -0.580462 -0.619121 -0.513920
v -0.580460 -0.601611 -0.504033
v -0.580458 -0.601039 -0.493477
v -0.580461 -0.631118 -0.490348
v -0.580463 -0.605401 -0.485979
v -0.580463 -0.608113 -0.511741
v -0.580453 -0.613218 -0.481996
v -0.580465 -0.623602 -0.483160
l 2154 2158
l 2155 2154
l 2157 2155
l 2160 2159
l 2152 2153
l 2153 2158
l 2157 2159
l 2156 2152
l 2160 2156
v -0.355050 -1.318531 -0.655484
v -0.355050 -1.323500 -0.667325
v -0.355050 -1.314437 -0.680121
v -0.355050 -1.302687 -0.681700
v -0.355050 -1.293306 -0.660810
v -0.355050 -1.294778 -0.673633
v -0.355050 -1.302826 -0.652683
l 2162 2163
l 2163 2164
l 2164 2166
l 2166 2165
l 2165 2167
l 2161 2162
l 2167 2161
v -0.273309 -0.197447 -0.307347
v -0.249635 -0.194010 -0.314685
v -0.242847 -0.197576 -0.307072
v -0.259974 -0.206277 -0.288502
v -0.271400 -0.202112 -0.297393
v -0.246333 -0.203593 -0.294230
v -0.263658 -0.193845 -0.315039
vn -0.0008 -0.9054 -0.4247
vn -0.0014 -0.9054 -0.4247
vn -0.0016 -0.9053 -0.4248
s 1
usemtl 0.529412_0.549020_0.588235_0.000000_0.000000
f 2174//928 2172//929 2168//930
l 2170 2173
l 2173 2171
l 2171 2172
l 2169 2170
l 2174 2169
v 0.290952 -1.071906 -0.648499
v 0.290952 -1.081998 -0.622077
v 0.290952 -1.067287 -0.618616
v 0.290952 -1.056548 -0.627898
v 0.290952 -1.085536 -0.637039
v 0.290952 -1.058707 -0.641783
l 2179 2176
l 2176 2177
l 2178 2180
l 2177 2178
l 2180 2175
l 2175 2179
v -0.239720 -0.834344 -0.615128
v -0.239720 -0.849802 -0.595440
v -0.239720 -0.827715 -0.585619
v -0.239720 -0.820057 -0.591885
v -0.239720 -0.843699 -0.588530
v -0.239720 -0.847395 -0.606528
v -0.239720 -0.820298 -0.605146
vn 1.0000 -0.0000 -0.0000
s 1
usemtl 0.529412_0.549020_0.588235_0.000000_0.000000
f 2186//931 2185//931 2182//931
l 2184 2183
l 2183 2185
l 2186 2181
l 2187 2184
l 2181 2187
v -0.154666 -0.196988 -0.922540
v -0.157049 -0.172872 -0.922540
v -0.133844 -0.172832 -0.922540
v -0.144457 -0.168047 -0.922540
v -0.159717 -0.187576 -0.922540
v -0.130786 -0.186007 -0.922540
v -0.143103 -0.198062 -0.922540
vn -0.0000 -0.0000 1.0000
s 1
usemtl 0.529412_0.549020_0.588235_0.000000_0.000000
f 2194//932 2192//932 2188//932
l 2193 2190
l 2190 2191
l 2191 2189
l 2194 2193
l 2189 2192
v -0.049916 -0.829245 -0.584960
v -0.049916 -0.820695 -0.607313
v -0.049916 -0.832818 -0.615124
v -0.049916 -0.846998 -0.606627
v -0.049916 -0.844757 -0.589161
v -0.049916 -0.819750 -0.593792
l 2196 2197
l 2200 2196
l 2197 2198
l 2198 2199
l 2195 2200
l 2199 2195
v -0.046780 -1.527607 -0.697119
v -0.017121 -1.526821 -0.702659
v -0.019984 -1.525920 -0.708998
v -0.026663 -1.525440 -0.712426
v -0.039677 -1.525672 -0.710823
v -0.018657 -1.528659 -0.689694
v -0.039637 -1.529442 -0.684132
v -0.028537 -1.529639 -0.682773
vn -0.0041 0.9897 0.1434
vn -0.0017 0.9894 0.1453
vn -0.0024 0.9900 0.1407
s 1
usemtl 0.529412_0.549020_0.588235_0.000000_0.000000
f 2204//933 2202//934 2203//935
l 2206 2202
l 2204 2205
l 2206 2208
l 2205 2201
l 2201 2207
l 2207 2208
v -0.049916 -1.322585 -0.671004
v -0.049916 -1.314991 -0.653597
v -0.049916 -1.293597 -0.669081
v -0.049916 -1.298475 -0.654649
v -0.049916 -1.312751 -0.681477
v -0.049916 -1.302424 -0.681525
l 2209 2210
l 2210 2212
l 2213 2209
l 2212 2211
l 2214 2213
l 2211 2214
v -0.158715 -1.549964 -0.922206
v -0.138606 -1.560158 -0.922206
v -0.128610 -1.540921 -0.922206
v -0.134133 -1.533687 -0.922206
v -0.144837 -1.529964 -0.922206
v -0.155836 -1.534842 -0.922206
v -0.130836 -1.551520 -0.922206
v -0.147812 -1.560533 -0.922206
vn -0.0000 -0.0000 1.0000
s 1
usemtl 0.529412_0.549020_0.588235_0.000000_0.000000
f 2218//936 2221//936 2217//936
l 2218 2219
l 2219 2220
l 2220 2215
l 2215 2222
l 2222 2216
l 2216 2221
v -0.133431 -0.192323 -0.312940
v -0.146029 -0.198890 -0.312940
v -0.157330 -0.173858 -0.312940
v -0.158781 -0.190508 -0.312940
v -0.132412 -0.175652 -0.312940
v -0.145104 -0.167785 -0.312940
l 2227 2223
l 2223 2224
l 2224 2226
l 2226 2225
l 2225 2228
l 2228 2227
v -0.157976 -0.825418 -0.617740
v -0.135210 -0.821300 -0.617740
v -0.130277 -0.828018 -0.617740
v -0.145780 -0.818694 -0.617740
v -0.130238 -0.839084 -0.617740
v -0.159181 -0.838694 -0.617740
v -0.136923 -0.847535 -0.617740
v -0.148921 -0.848878 -0.617740
l 2229 2232
l 2234 2229
l 2232 2230
l 2231 2233
l 2230 2231
l 2236 2234
l 2233 2235
l 2235 2236
v 0.065080 -0.414084 -0.387898
v 0.065080 -0.385101 -0.389553
v 0.065080 -0.404234 -0.382144
v 0.065080 -0.384617 -0.397767
v 0.065080 -0.389700 -0.384965
v 0.065080 -0.391036 -0.408891
v 0.065080 -0.405353 -0.410873
v 0.065080 -0.414869 -0.398656
vn -1.0000 -0.0000 -0.0000
s 1
usemtl 0.529412_0.549020_0.588235_0.000000_0.000000
f 2239//937 2244//937 2237//937
f 2240//937 2241//937 2238//937
l 2239 2241
l 2240 2242
l 2243 2244
l 2242 2243
v 0.300301 -1.532784 -0.718338
v 0.322217 -1.535545 -0.718338
v 0.324879 -1.542689 -0.718338
v 0.320945 -1.555866 -0.718338
v 0.305395 -1.559624 -0.718338
v 0.294548 -1.544932 -0.718338
v 0.313523 -1.530424 -0.718338
l 2247 2248
l 2248 2249
l 2250 2245
l 2251 2246
l 2249 2250
l 2246 2247
l 2245 2251
v -0.154213 -1.532927 -0.718338
v -0.129259 -1.542688 -0.718338
v -0.133193 -1.555866 -0.718338
v -0.148743 -1.559624 -0.718338
v -0.159479 -1.544720 -0.718338
v -0.133657 -1.534037 -0.718338
v -0.144130 -1.529963 -0.718338
l 2253 2254
l 2254 2255
l 2256 2252
l 2255 2256
l 2257 2253
l 2252 2258
l 2258 2257
v -0.239720 -0.415053 -0.391858
v -0.239720 -0.399281 -0.412104
v -0.239720 -0.412384 -0.405120
v -0.239720 -0.388436 -0.406723
v -0.239720 -0.388703 -0.385182
v -0.239720 -0.384741 -0.394544
v -0.239720 -0.400835 -0.381383
v -0.239720 -0.411931 -0.385866
l 2261 2260
l 2260 2262
l 2263 2264
l 2262 2264
l 2259 2261
l 2263 2265
l 2265 2266
l 2266 2259
v -0.607787 -0.170795 -0.312940
v -0.595222 -0.168122 -0.312940
v -0.584784 -0.176622 -0.312940
v -0.612993 -0.187156 -0.312940
v -0.585137 -0.190811 -0.312940
v -0.598011 -0.198382 -0.312940
l 2269 2271
l 2271 2272
l 2270 2267
l 2272 2270
l 2268 2269
l 2267 2268
v -0.580588 -0.626434 -0.510170
v -0.580588 -0.619377 -0.483061
v -0.580588 -0.601138 -0.497660
v -0.580588 -0.606008 -0.486581
v -0.580588 -0.607436 -0.509901
v -0.580588 -0.631380 -0.495944
v -0.580588 -0.617981 -0.513812
l 2275 2276
l 2276 2274
l 2278 2273
l 2274 2278
l 2279 2277
l 2277 2275
l 2273 2279
v -0.275788 -0.601470 -0.499822
v -0.275788 -0.620000 -0.513186
v -0.275788 -0.617930 -0.482580
v -0.275788 -0.606091 -0.486629
v -0.275788 -0.630913 -0.503636
v -0.275788 -0.629716 -0.489529
v -0.275788 -0.608361 -0.510968
l 2284 2285
l 2285 2282
l 2282 2283
l 2283 2280
l 2281 2284
l 2286 2281
l 2280 2286
v -0.013848 -1.063799 -0.647977
v -0.013848 -1.055857 -0.627423
v -0.013848 -1.085935 -0.626039
v -0.013848 -1.061951 -0.620914
v -0.013848 -1.076034 -0.619028
v -0.013848 -1.085822 -0.635959
v -0.013848 -1.057440 -0.637965
v -0.013848 -1.073549 -0.648250
vn 1.0000 -0.0000 -0.0000
s 1
usemtl 0.529412_0.549020_0.588235_0.000000_0.000000
f 2290//938 2293//938 2288//938
f 2291//938 2289//938 2292//938
f 2293//938 2294//938 2287//938
l 2290 2291
l 2292 2294
v -0.151908 -0.847314 -0.922540
v -0.143888 -0.850380 -0.922540
v -0.129527 -0.830591 -0.922540
v -0.133940 -0.822402 -0.922540
v -0.153344 -0.820786 -0.922540
v -0.142803 -0.818619 -0.922540
v -0.134010 -0.844235 -0.922540
v -0.159990 -0.832329 -0.922540
vn -0.0000 -0.0000 1.0000
s 1
usemtl 0.529412_0.549020_0.588235_0.000000_0.000000
f 2301//939 2295//939 2296//939
l 2297 2298
l 2298 2300
l 2300 2299
l 2302 2295
l 2299 2302
l 2301 2297
v -0.013991 -1.083601 -0.639633
v -0.013981 -1.074049 -0.618723
v -0.013987 -1.083372 -0.624793
v -0.013987 -1.070641 -0.647940
v -0.013981 -1.060064 -0.643017
v -0.013985 -1.056425 -0.632646
v -0.013990 -1.062061 -0.621928
l 2304 2309
l 2306 2303
l 2308 2307
l 2309 2308
l 2305 2304
l 2303 2305
l 2307 2306
v -0.156147 -1.553001 -0.718204
v -0.129678 -1.545217 -0.718211
v -0.157146 -1.537705 -0.718206
v -0.148330 -1.531097 -0.718194
v -0.135911 -1.533751 -0.718201
v -0.133750 -1.555546 -0.718203
v -0.143719 -1.560166 -0.718199
l 2315 2311
l 2316 2315
l 2311 2314
l 2313 2312
l 2314 2313
l 2310 2316
l 2312 2310
v 0.324465 -1.545259 -0.718209
v 0.296976 -1.537739 -0.718208
v 0.305812 -1.531101 -0.718197
v 0.318152 -1.533703 -0.718199
v 0.320414 -1.555521 -0.718204
v 0.310419 -1.560166 -0.718199
v 0.297965 -1.552986 -0.718205
l 2321 2317
l 2322 2321
l 2317 2320
l 2319 2318
l 2320 2319
l 2323 2322
l 2318 2323
v -0.583815 -0.183154 -0.312808
v -0.601155 -0.168769 -0.312812
v -0.589147 -0.172285 -0.312812
v -0.587971 -0.193655 -0.312812
v -0.598543 -0.198057 -0.312808
v -0.610392 -0.174410 -0.312807
v -0.611173 -0.189307 -0.312808
l 2328 2327
l 2329 2330
l 2325 2329
l 2326 2325
l 2324 2326
l 2327 2324
l 2330 2328
v -0.355191 -1.293467 -0.667596
v -0.355187 -1.298595 -0.678086
v -0.355183 -1.297265 -0.656702
v -0.355189 -1.321360 -0.671127
v -0.355184 -1.309653 -0.681394
v -0.355177 -1.308253 -0.652043
v -0.355187 -1.318948 -0.656663
l 2336 2333
l 2337 2336
l 2335 2334
l 2332 2335
l 2331 2332
l 2333 2331
l 2334 2337
v -0.129796 -1.543520 -0.922338
v -0.137089 -1.532979 -0.922346
v -0.149902 -1.531603 -0.922349
v -0.157858 -1.538980 -0.922341
v -0.155526 -1.553848 -0.922344
v -0.142185 -1.559991 -0.922349
v -0.132822 -1.554498 -0.922345
l 2339 2338
l 2340 2339
l 2343 2342
l 2342 2341
l 2344 2343
l 2338 2344
l 2341 2340
v -0.148019 -0.168769 -0.312812
v -0.130682 -0.183257 -0.312810
v -0.136011 -0.172285 -0.312812
v -0.134835 -0.193655 -0.312812
v -0.145514 -0.198070 -0.312808
v -0.157278 -0.174438 -0.312801
v -0.158016 -0.189361 -0.312806
l 2349 2348
l 2350 2351
l 2345 2350
l 2347 2345
l 2346 2347
l 2348 2346
l 2351 2349
v -0.130019 -0.833902 -0.922682
v -0.148909 -0.819768 -0.922681
v -0.157489 -0.826357 -0.922679
v -0.144013 -0.848747 -0.922679
v -0.133979 -0.844035 -0.922685
v -0.156747 -0.841231 -0.922676
v -0.136105 -0.822501 -0.922682
l 2358 2352
l 2353 2358
l 2354 2353
l 2357 2354
l 2355 2357
l 2356 2355
l 2352 2356
v -0.049777 -0.846904 -0.592480
v -0.049783 -0.837639 -0.585466
v -0.049782 -0.821576 -0.607588
v -0.049785 -0.845545 -0.607465
v -0.049783 -0.826093 -0.587175
v -0.049790 -0.819658 -0.595888
v -0.049782 -0.832123 -0.614279
l 2362 2365
l 2359 2362
l 2360 2359
l 2363 2360
l 2364 2363
l 2361 2364
l 2365 2361
v 0.291092 -1.083925 -0.639063
v 0.291107 -1.056881 -0.628394
v 0.291088 -1.073905 -0.618690
v 0.291084 -1.071907 -0.648055
v 0.291096 -1.083106 -0.624426
v 0.291093 -1.056485 -0.634795
v 0.291087 -1.061383 -0.644335
v 0.291088 -1.061700 -0.622209
l 2370 2366
l 2367 2373
l 2372 2371
l 2368 2370
l 2373 2368
l 2371 2367
l 2369 2372
l 2366 2369
v -0.239840 -0.825607 -0.587490
v -0.239848 -0.819544 -0.596417
v -0.239847 -0.846960 -0.592794
v -0.239846 -0.845038 -0.608159
v -0.239844 -0.831607 -0.614349
v -0.239851 -0.821702 -0.607829
v -0.239846 -0.837308 -0.585415
l 2374 2375
l 2380 2374
l 2376 2380
l 2377 2376
l 2378 2377
l 2379 2378
l 2375 2379
v -0.157549 -0.826433 -0.617604
v -0.148915 -0.819753 -0.617614
v -0.134097 -0.844183 -0.617601
v -0.130020 -0.833909 -0.617609
v -0.143918 -0.848755 -0.617610
v -0.156818 -0.841097 -0.617611
v -0.135921 -0.822618 -0.617610
l 2381 2386
l 2387 2382
l 2384 2387
l 2383 2384
l 2385 2383
l 2386 2385
l 2382 2381
v -0.049773 -1.320766 -0.672673
v -0.049776 -1.298322 -0.655835
v -0.049769 -1.320393 -0.658481
v -0.049782 -1.310216 -0.652211
v -0.049779 -1.293345 -0.666247
v -0.049771 -1.297062 -0.676592
v -0.049779 -1.307444 -0.681430
l 2390 2388
l 2389 2391
l 2388 2394
l 2392 2389
l 2391 2390
l 2393 2392
l 2394 2393
v 0.065212 -0.411992 -0.403641
v 0.065207 -0.385293 -0.394886
v 0.065213 -0.412707 -0.388779
v 0.065211 -0.403407 -0.382117
v 0.065208 -0.388209 -0.405316
v 0.065214 -0.398519 -0.411019
v 0.065215 -0.391136 -0.384708
l 2398 2397
l 2401 2398
l 2399 2396
l 2400 2399
l 2395 2400
l 2397 2395
l 2396 2401
v -0.580713 -0.629324 -0.490203
v -0.580721 -0.601880 -0.498130
v -0.580718 -0.607819 -0.486516
v -0.580719 -0.620700 -0.483655
v -0.580718 -0.628803 -0.504841
v -0.580716 -0.616006 -0.512714
v -0.580724 -0.605940 -0.508105
l 2404 2403
l 2405 2404
l 2402 2405
l 2406 2402
l 2407 2406
l 2408 2407
l 2403 2408
v -0.275652 -0.606968 -0.509056
v -0.275654 -0.617434 -0.512697
v -0.275658 -0.628524 -0.489013
v -0.275655 -0.619128 -0.483306
v -0.275659 -0.629327 -0.503859
v -0.275659 -0.606901 -0.487339
v -0.275657 -0.601956 -0.499417
l 2411 2413
l 2412 2411
l 2414 2412
l 2415 2414
l 2409 2415
l 2410 2409
l 2413 2410
v -0.158173 -0.175730 -0.922684
v -0.149378 -0.169077 -0.922680
v -0.144754 -0.198148 -0.922681
v -0.134808 -0.193573 -0.922676
v -0.130687 -0.183219 -0.922682
v -0.136606 -0.171992 -0.922684
v -0.157388 -0.190614 -0.922677
l 2421 2420
l 2417 2421
l 2416 2417
l 2422 2416
l 2418 2422
l 2419 2418
l 2420 2419
v -0.239847 -0.385675 -0.391532
v -0.239841 -0.400791 -0.411205
v -0.239843 -0.411775 -0.387401
v -0.239845 -0.385319 -0.397972
v -0.239838 -0.402432 -0.381781
v -0.239844 -0.412592 -0.402412
v -0.239844 -0.390499 -0.407738
v -0.239840 -0.390671 -0.385197
l 2424 2428
l 2429 2424
l 2426 2429
l 2423 2426
l 2430 2423
l 2427 2430
l 2425 2427
l 2428 2425
v -0.045476 -1.528093 -0.694749
v -0.020514 -1.528797 -0.689737
v -0.029455 -1.529723 -0.682950
v -0.026262 -1.525721 -0.711363
v -0.018400 -1.526819 -0.703829
v -0.039557 -1.525938 -0.709903
v -0.036076 -1.529627 -0.683752
l 2432 2435
l 2436 2434
l 2431 2436
l 2437 2431
l 2433 2437
l 2432 2433
l 2434 2435
v -0.255272 -0.205918 -0.288956
v -0.243575 -0.197506 -0.306906
v -0.261649 -0.205630 -0.289559
v -0.264520 -0.194228 -0.313919
v -0.250054 -0.194262 -0.313834
v -0.246744 -0.203218 -0.294719
v -0.271412 -0.200791 -0.299892
l 2441 2444
l 2442 2441
l 2439 2442
l 2438 2443
l 2440 2438
l 2444 2440
l 2443 2439
v -0.616990 -0.173521 -0.281714
v -0.616990 -0.167208 -0.292249
v -0.616990 -0.172877 -0.306534
v -0.616990 -0.189803 -0.309526
v -0.616990 -0.199071 -0.295685
v -0.616990 -0.193643 -0.282146
v -0.616990 -0.183478 -0.278449
v -0.645278 -0.190331 -0.279730
v -0.645278 -0.197157 -0.286597
v -0.645278 -0.195907 -0.304355
v -0.645278 -0.182460 -0.310964
v -0.645278 -0.170533 -0.304682
v -0.645278 -0.167174 -0.292389
v -0.645278 -0.170058 -0.284851
v -0.645278 -0.179046 -0.279809
vn -0.1067 -0.1532 -0.9824
vn -0.0329 0.4015 -0.9153
vn 0.0716 0.2391 -0.9684
vn 0.0001 0.4024 -0.9155
vn -0.0310 0.7292 -0.6836
vn 0.0147 0.9389 -0.3438
vn -0.3654 0.7185 0.5918
vn 0.1681 0.6262 0.7613
vn -0.1598 -0.2493 0.9552
vn 0.3355 -0.8075 0.4851
vn 0.2784 -0.6100 0.7419
vn 0.0307 -0.9260 -0.3763
vn 0.1406 -0.9634 -0.2283
vn 0.0182 -0.7911 -0.6114
vn 0.0202 -0.8170 -0.5762
s 1
usemtl 0.529412_0.549020_0.588235_0.000000_0.000000
f 2451//940 2450//941 2459//942
f 2452//943 2459//942 2450//941
f 2453//944 2452//943 2450//941
f 2450//941 2449//945 2453//944
f 2454//946 2453//944 2449//945
f 2449//945 2448//947 2454//946
f 2455//948 2454//946 2448//947
f 2448//947 2447//949 2455//948
f 2456//950 2455//948 2447//949
f 2447//949 2446//951 2457//952
f 2457//952 2456//950 2447//949
f 2446//951 2445//953 2458//954
f 2458//954 2457//952 2446//951
f 2459//942 2458//954 2445//953
f 2445//953 2451//940 2459//942
v 0.322794 -1.052850 -0.642198
v 0.310913 -1.052850 -0.649099
v 0.295822 -1.052850 -0.641983
v 0.294131 -1.052850 -0.626375
v 0.303487 -1.052850 -0.617983
v 0.318032 -1.052850 -0.620023
v 0.325406 -1.052850 -0.632043
v 0.322790 -1.024560 -0.625281
v 0.316032 -1.024560 -0.618139
v 0.307513 -1.024560 -0.617181
v 0.295106 -1.024560 -0.625748
v 0.292903 -1.024560 -0.637845
v 0.300931 -1.024560 -0.646895
v 0.313548 -1.024560 -0.649068
v 0.323270 -1.024560 -0.640878
vn -0.9919 -0.0174 0.1262
vn -0.6476 -0.2473 -0.7207
vn -0.7263 0.1683 -0.6665
vn -0.4223 -0.0453 -0.9053
vn -0.1399 -0.0149 -0.9901
vn 0.5544 0.0160 -0.8321
vn 0.9916 -0.1222 -0.0435
vn 0.8075 0.0837 -0.5839
vn 0.9922 -0.0058 0.1247
vn 0.9588 -0.0171 0.2837
vn 0.1141 -0.1619 0.9802
vn -0.4369 -0.0895 0.8951
vn -0.2852 -0.2402 0.9279
vn -0.9026 0.0044 0.4304
vn -0.6784 0.0409 0.7336
s 1
usemtl 0.529412_0.549020_0.588235_0.000000_0.000000
f 2466//955 2465//956 2467//957
f 2468//958 2467//957 2465//956
f 2469//959 2468//958 2465//956
f 2465//956 2464//960 2469//959
f 2470//961 2469//959 2464//960
f 2464//960 2463//962 2470//961
f 2463//962 2462//963 2470//961
f 2471//964 2470//961 2462//963
f 2472//965 2471//964 2462//963
f 2462//963 2461//966 2472//965
f 2473//967 2472//965 2461//966
f 2461//966 2460//968 2474//969
f 2474//969 2473//967 2461//966
f 2460//968 2466//955 2474//969
f 2467//957 2474//969 2466//955
v 0.097142 -0.381663 -0.404846
v 0.088357 -0.381663 -0.411867
v 0.073173 -0.381663 -0.408754
v 0.066775 -0.381663 -0.395659
v 0.070348 -0.381663 -0.386030
v 0.080829 -0.381663 -0.380382
v 0.093364 -0.381663 -0.383623
v 0.099232 -0.381663 -0.393643
v 0.097789 -0.353375 -0.389168
v 0.091036 -0.353375 -0.381961
v 0.077257 -0.353375 -0.381896
v 0.068036 -0.353375 -0.389385
v 0.067032 -0.353375 -0.398452
v 0.078030 -0.353375 -0.411269
v 0.087537 -0.353375 -0.412516
v 0.096470 -0.353375 -0.404539
vn -0.9957 0.0658 0.0658
vn -0.8015 0.0053 -0.5980
vn -0.6351 0.2426 0.7333
vn -0.7743 0.0031 -0.6329
vn -0.5162 0.1367 -0.8455
vn -0.2331 -0.0160 -0.9723
vn 0.7110 0.1371 -0.6897
vn 0.7255 -0.1492 -0.6719
vn 0.9320 0.0160 -0.3621
vn 0.9596 -0.0147 -0.2810
vn 0.9991 0.0369 -0.0197
vn 0.8912 -0.0134 0.4534
vn -0.0334 0.0230 0.9992
vn -0.0765 -0.0936 0.9927
vn -0.2491 -0.0000 0.9685
vn -0.8029 0.2403 0.5455
s 1
usemtl 0.529412_0.549020_0.588235_0.000000_0.000000
f 2482//970 2483//971 2490//972
f 2482//970 2481//973 2483//971
f 2484//974 2483//971 2481//973
f 2481//973 2480//975 2484//974
f 2485//976 2484//974 2480//975
f 2480//975 2479//977 2485//976
f 2486//978 2485//976 2479//977
f 2479//977 2478//979 2486//978
f 2487//980 2486//978 2478//979
f 2478//979 2477//981 2487//980
f 2488//982 2487//980 2477//981
f 2477//981 2476//983 2488//982
f 2489//984 2488//982 2476//983
f 2490//972 2489//984 2476//983
f 2476//983 2475//985 2490//972
f 2475//985 2482//970 2490//972
v -0.019300 -0.853664 -0.591653
v -0.032714 -0.854344 -0.586858
v -0.045940 -0.853387 -0.593618
v -0.046985 -0.851570 -0.606476
v -0.034666 -0.849918 -0.618150
v -0.023537 -0.850196 -0.616184
v -0.015890 -0.852000 -0.603432
v -0.015563 -0.880294 -0.605380
v -0.018877 -0.878771 -0.616146
v -0.028005 -0.877937 -0.622048
v -0.038857 -0.878080 -0.621036
v -0.047634 -0.879753 -0.609210
v -0.044962 -0.881552 -0.596483
v -0.032852 -0.882432 -0.590264
v -0.020063 -0.881779 -0.594881
vn -0.6683 -0.1320 0.7321
vn -0.9252 0.0509 -0.3760
vn -0.8900 0.1586 0.4275
vn -0.5505 0.0779 0.8312
vn -0.0403 -0.1846 0.9820
vn -0.0488 -0.1164 0.9920
vn 0.5583 -0.3094 0.7698
vn 0.6617 0.1793 0.7280
vn 0.7975 -0.0279 0.6027
vn 0.9185 0.0903 -0.3850
vn 0.6499 0.2677 -0.7113
vn 0.5600 0.1651 -0.8118
vn -0.0102 0.4713 -0.8819
vn -0.4987 0.2045 -0.8423
vn -0.8442 0.1155 -0.5234
s 1
usemtl 0.529412_0.549020_0.588235_0.000000_0.000000
f 2499//986 2498//987 2497//988
f 2497//988 2496//989 2499//986
f 2500//990 2499//986 2496//989
f 2496//989 2495//991 2500//990
f 2501//992 2500//990 2495//991
f 2495//991 2494//993 2501//992
f 2502//994 2501//992 2494//993
f 2494//993 2493//995 2503//996
f 2503//996 2502//994 2494//993
f 2493//995 2492//997 2503//996
f 2504//998 2503//996 2492//997
f 2505//999 2504//998 2492//997
f 2492//997 2491//1000 2505//999
f 2491//1000 2497//988 2498//987
f 2498//987 2505//999 2491//1000
v -0.244320 -0.596064 -0.498673
v -0.253341 -0.593382 -0.504396
v -0.263982 -0.593594 -0.503944
v -0.273017 -0.598128 -0.494266
v -0.270248 -0.604380 -0.480922
v -0.256752 -0.606952 -0.475431
v -0.247795 -0.605680 -0.478146
v -0.242149 -0.601798 -0.486433
v -0.241149 -0.575205 -0.476516
v -0.243713 -0.577904 -0.470756
v -0.257660 -0.581118 -0.463897
v -0.271704 -0.578006 -0.470539
v -0.272039 -0.571868 -0.483640
v -0.259171 -0.567635 -0.492675
v -0.248354 -0.568725 -0.490347
v -0.241859 -0.572736 -0.481786
vn -0.9972 -0.0487 0.0573
vn -0.9904 0.0580 -0.1253
vn -0.9930 -0.0691 0.0962
vn -0.9028 0.2716 -0.3335
vn -0.6722 0.3788 -0.6362
vn 0.1042 0.7367 -0.6681
vn -0.2987 0.4399 -0.8469
vn 0.5041 0.3492 -0.7899
vn 0.9638 0.1702 -0.2051
vn 0.9852 0.0587 -0.1609
vn 0.6237 -0.2061 0.7540
vn 0.6191 -0.4430 0.6484
vn -0.1050 -0.3543 0.9292
vn -0.1267 -0.5495 0.8259
vn -0.7159 -0.2211 0.6623
vn -0.7054 -0.3360 0.6241
s 1
usemtl 0.529412_0.549020_0.588235_0.000000_0.000000
f 2513//1001 2514//1002 2521//1003
f 2515//1004 2514//1002 2513//1001
f 2513//1001 2512//1005 2515//1004
f 2516//1006 2515//1004 2512//1005
f 2512//1005 2511//1007 2516//1006
f 2511//1007 2510//1008 2516//1006
f 2517//1009 2516//1006 2510//1008
f 2510//1008 2509//1010 2517//1009
f 2518//1011 2517//1009 2509//1010
f 2509//1010 2508//1012 2518//1011
f 2519//1013 2518//1011 2508//1012
f 2508//1012 2507//1014 2519//1013
f 2520//1015 2519//1013 2507//1014
f 2507//1014 2506//1016 2520//1015
f 2521//1003 2520//1015 2506//1016
f 2506//1016 2513//1001 2521//1003
v -0.163186 -0.836513 -0.956731
v -0.163186 -0.847782 -0.948360
v -0.163186 -0.849052 -0.933979
v -0.163186 -0.839060 -0.925444
v -0.163186 -0.824729 -0.927360
v -0.163186 -0.817632 -0.939672
v -0.163186 -0.823689 -0.952830
v -0.191474 -0.823941 -0.952537
v -0.191474 -0.819678 -0.933761
v -0.191474 -0.826123 -0.925862
v -0.191474 -0.832704 -0.924228
v -0.191474 -0.843930 -0.927710
v -0.191474 -0.849522 -0.942580
v -0.191474 -0.839961 -0.955601
vn -0.0308 -0.1315 0.9908
vn -0.4624 -0.7280 0.5061
vn -0.2572 0.4117 0.8743
vn -0.2236 -0.3254 0.9188
vn 0.0879 -0.9686 0.2325
vn -0.0591 -0.7647 -0.6416
vn 0.2299 -0.5662 -0.7916
vn 0.0156 -0.4683 -0.8834
vn 0.0869 -0.2005 -0.9758
vn 0.2338 0.0870 -0.9684
vn -0.2228 0.5955 -0.7718
vn 0.0161 0.8098 -0.5865
vn -0.2046 0.9475 -0.2457
vn -0.0064 0.5923 0.8057
s 1
usemtl 0.529412_0.549020_0.588235_0.000000_0.000000
f 2522//1017 2529//1018 2535//1019
f 2522//1017 2528//1020 2529//1018
f 2528//1020 2527//1021 2529//1018
f 2530//1022 2529//1018 2527//1021
f 2527//1021 2526//1023 2530//1022
f 2531//1024 2530//1022 2526//1023
f 2532//1025 2531//1024 2526//1023
f 2526//1023 2525//1026 2532//1025
f 2533//1027 2532//1025 2525//1026
f 2525//1026 2524//1028 2533//1027
f 2534//1029 2533//1027 2524//1028
f 2524//1028 2523//1030 2534//1029
f 2535//1019 2534//1029 2523//1030
f 2523//1030 2522//1017 2535//1019
v 0.291286 -1.539074 -0.685436
v 0.291286 -1.531520 -0.690972
v 0.291286 -1.529282 -0.697324
v 0.291286 -1.534207 -0.711398
v 0.291286 -1.550706 -0.715368
v 0.291286 -1.561093 -0.701964
v 0.291286 -1.553673 -0.686447
v 0.262998 -1.546365 -0.683985
v 0.262998 -1.557876 -0.690348
v 0.262998 -1.559552 -0.707215
v 0.262998 -1.546508 -0.716567
v 0.262998 -1.533255 -0.710733
v 0.262998 -1.529368 -0.697067
v 0.262998 -1.531519 -0.690972
v 0.262998 -1.536247 -0.686571
vn 0.0007 -0.1286 -0.9917
vn 0.0945 -0.5752 -0.8125
vn 0.0092 0.2356 -0.9718
vn -0.2298 0.6523 -0.7222
vn 0.0151 0.9342 -0.3564
vn -0.0461 0.6207 0.7827
vn 0.0990 0.6341 0.7669
vn 0.0479 -0.2611 0.9641
vn 0.4018 -0.7841 0.4730
vn 0.3969 -0.5786 0.7125
vn -0.0233 -0.9441 -0.3287
vn 0.1293 -0.9661 -0.2234
vn -0.0004 -0.8477 -0.5304
vn -0.0000 -0.8404 -0.5419
vn 0.0475 -0.6740 -0.7372
s 1
usemtl 0.529412_0.549020_0.588235_0.000000_0.000000
f 2543//1031 2536//1032 2542//1033
f 2544//1034 2543//1031 2542//1033
f 2542//1033 2541//1035 2544//1034
f 2545//1036 2544//1034 2541//1035
f 2541//1035 2540//1037 2545//1036
f 2546//1038 2545//1036 2540//1037
f 2540//1037 2539//1039 2546//1038
f 2547//1040 2546//1038 2539//1039
f 2539//1039 2538//1041 2548//1042
f 2548//1042 2547//1040 2539//1039
f 2538//1041 2537//1043 2549//1044
f 2549//1044 2548//1042 2538//1041
f 2537//1043 2536//1032 2550//1045
f 2550//1045 2549//1044 2537//1043
f 2543//1031 2550//1045 2536//1032
v -0.126450 -0.842801 -0.586782
v -0.126450 -0.850080 -0.595284
v -0.126450 -0.848207 -0.606043
v -0.126450 -0.835755 -0.615975
v -0.126450 -0.822968 -0.611222
v -0.126450 -0.817737 -0.597505
v -0.126450 -0.823690 -0.586948
v -0.126450 -0.831324 -0.583242
v -0.098162 -0.826719 -0.585033
v -0.098162 -0.821277 -0.588859
v -0.098162 -0.818227 -0.595731
v -0.098162 -0.822378 -0.610532
v -0.098162 -0.836800 -0.615817
v -0.098162 -0.847995 -0.606223
v -0.098162 -0.848262 -0.591587
v -0.098162 -0.840170 -0.584595
vn 0.0089 -0.1480 -0.9889
vn 0.0751 -0.5367 -0.8404
vn -0.0293 0.0493 -0.9984
vn -0.0093 0.8645 -0.5026
vn -0.0614 -0.5223 -0.8506
vn -0.0005 -0.7481 -0.6636
vn -0.0124 -0.8985 -0.4387
vn -0.2341 -0.9634 -0.1303
vn 0.0201 -0.9759 0.2171
vn -0.0206 -0.3266 0.9449
vn -0.1152 0.3760 0.9194
vn -0.0228 -0.1072 0.9940
vn 0.0454 0.9978 -0.0474
vn -0.0057 0.5021 0.8648
vn 0.0004 0.9705 -0.2411
vn 0.0616 0.8183 -0.5714
s 1
usemtl 0.529412_0.549020_0.588235_0.000000_0.000000
f 2558//1046 2559//1047 2566//1048
f 2566//1048 2551//1049 2558//1046
f 2558//1046 2557//1050 2559//1047
f 2560//1051 2559//1047 2557//1050
f 2561//1052 2560//1051 2557//1050
f 2557//1050 2556//1053 2561//1052
f 2562//1054 2561//1052 2556//1053
f 2556//1053 2555//1055 2562//1054
f 2555//1055 2554//1056 2563//1057
f 2563//1057 2562//1054 2555//1055
f 2554//1056 2553//1058 2564//1059
f 2564//1059 2563//1057 2554//1056
f 2553//1058 2552//1060 2565//1061
f 2565//1061 2564//1059 2553//1058
f 2552//1060 2551//1049 2565//1061
f 2566//1048 2565//1061 2551//1049
v -0.272209 -0.847848 -0.613393
v -0.260847 -0.843794 -0.622045
v -0.249580 -0.844586 -0.620353
v -0.241657 -0.849569 -0.609718
v -0.242091 -0.853086 -0.602211
v -0.246002 -0.855489 -0.597082
v -0.260106 -0.857276 -0.593268
v -0.272122 -0.854007 -0.600244
v -0.267152 -0.881822 -0.607552
v -0.255074 -0.883098 -0.604829
v -0.246380 -0.881332 -0.608598
v -0.241740 -0.877530 -0.616716
v -0.246161 -0.871657 -0.629251
v -0.255013 -0.869237 -0.634417
v -0.263700 -0.869816 -0.633179
v -0.273283 -0.875081 -0.621941
vn 0.5909 -0.3091 0.7452
vn 0.8933 0.3121 -0.3233
vn 0.9520 -0.0085 -0.3059
vn 0.5065 0.1468 -0.8497
vn 0.4426 0.5702 -0.6921
vn -0.3914 0.4127 -0.8225
vn -0.7716 0.2257 -0.5947
vn -0.6302 0.1950 -0.7516
vn -0.9312 0.1377 -0.3375
vn -0.9313 0.1807 -0.3162
vn -0.9991 0.0027 -0.0428
vn -0.4956 -0.4514 0.7420
vn -0.2943 -0.3523 0.8884
vn -0.0776 -0.3998 0.9133
vn -0.1487 -0.4043 0.9025
vn 0.2242 -0.4514 0.8637
s 1
usemtl 0.529412_0.549020_0.588235_0.000000_0.000000
f 2567//1062 2574//1063 2582//1064
f 2575//1065 2582//1064 2574//1063
f 2574//1063 2573//1066 2575//1065
f 2576//1067 2575//1065 2573//1066
f 2573//1066 2572//1068 2576//1067
f 2577//1069 2576//1067 2572//1068
f 2578//1070 2577//1069 2572//1068
f 2572//1068 2571//1071 2578//1070
f 2571//1071 2570//1072 2578//1070
f 2579//1073 2578//1070 2570//1072
f 2570//1072 2569//1074 2579//1073
f 2569//1074 2568//1075 2580//1076
f 2580//1076 2579//1073 2569//1074
f 2581//1077 2580//1076 2568//1075
f 2568//1075 2567//1062 2581//1077
f 2582//1064 2581//1077 2567//1062
v -0.162852 -1.547160 -0.956295
v -0.162852 -1.559896 -0.946414
v -0.162852 -1.555554 -0.928480
v -0.162852 -1.540487 -0.924607
v -0.162852 -1.532521 -0.929666
v -0.162852 -1.529283 -0.937260
v -0.162852 -1.533149 -0.950513
v -0.191140 -1.540081 -0.956081
v -0.191140 -1.532140 -0.949061
v -0.191140 -1.529927 -0.934764
v -0.191140 -1.534678 -0.927452
v -0.191140 -1.542730 -0.923934
v -0.191140 -1.554630 -0.927226
v -0.191140 -1.560725 -0.943082
v -0.191140 -1.550124 -0.955408
vn 0.0007 -0.2824 0.9593
vn -0.0561 0.0559 0.9969
vn -0.0381 -0.2518 0.9670
vn 0.1208 -0.9412 0.3156
vn 0.3997 -0.6377 0.6585
vn -0.1972 -0.9746 0.1066
vn -0.0133 -0.8493 -0.5278
vn -0.0178 -0.8365 -0.5476
vn 0.0666 -0.5507 -0.8321
vn -0.0451 -0.5078 -0.8603
vn 0.1672 -0.1523 -0.9741
vn 0.1818 0.2763 -0.9437
vn 0.0249 0.2983 -0.9542
vn -0.0688 0.9607 -0.2689
vn -0.0179 0.6784 0.7345
s 1
usemtl 0.529412_0.549020_0.588235_0.000000_0.000000
f 2590//1078 2597//1079 2583//1080
f 2583//1080 2589//1081 2591//1082
f 2591//1082 2590//1078 2583//1080
f 2589//1081 2588//1083 2591//1082
f 2592//1084 2591//1082 2588//1083
f 2588//1083 2587//1085 2592//1084
f 2593//1086 2592//1084 2587//1085
f 2587//1085 2586//1087 2593//1086
f 2594//1088 2593//1086 2586//1087
f 2586//1087 2585//1089 2594//1088
f 2595//1090 2594//1088 2585//1089
f 2596//1091 2595//1090 2585//1089
f 2585//1089 2584//1092 2596//1091
f 2597//1079 2596//1091 2584//1092
f 2584//1092 2583//1080 2597//1079
v -0.276122 -0.168303 -0.289130
v -0.276122 -0.170775 -0.304825
v -0.276122 -0.186390 -0.310554
v -0.276122 -0.198790 -0.297471
v -0.276122 -0.192929 -0.281974
v -0.276122 -0.178572 -0.279401
v -0.304410 -0.173401 -0.281469
v -0.304410 -0.181502 -0.278628
v -0.304410 -0.192542 -0.281424
v -0.304410 -0.199136 -0.293799
v -0.304410 -0.191453 -0.308698
v -0.304410 -0.177420 -0.310043
v -0.304410 -0.169133 -0.303174
v -0.304410 -0.168154 -0.289941
vn 0.0566 -0.7743 -0.6303
vn 0.0008 -0.5769 -0.8168
vn 0.0175 -0.5823 -0.8128
vn 0.0056 -0.9843 0.1764
vn 0.2379 0.0923 -0.9669
vn 0.0591 0.3012 -0.9517
vn 0.0206 0.3192 -0.9475
vn -0.0389 0.8749 -0.4827
vn 0.1618 0.8014 0.5758
vn -0.1320 0.2503 0.9591
vn 0.0957 -0.1062 0.9897
vn 0.0053 -0.5794 0.8151
vn 0.2901 -0.8519 0.4359
vn 0.1182 -0.7679 0.6296
s 1
usemtl 0.529412_0.549020_0.588235_0.000000_0.000000
f 2598//1093 2603//1094 2604//1095
f 2604//1095 2611//1096 2598//1093
f 2605//1097 2604//1095 2603//1094
f 2603//1094 2602//1098 2605//1097
f 2606//1099 2605//1097 2602//1098
f 2607//1100 2606//1099 2602//1098
f 2602//1098 2601//1101 2607//1100
f 2608//1102 2607//1100 2601//1101
f 2601//1101 2600//1103 2608//1102
f 2609//1104 2608//1102 2600//1103
f 2600//1103 2599//1105 2609//1104
f 2610//1106 2609//1104 2599//1105
f 2599//1105 2598//1093 2611//1096
f 2611//1096 2610//1106 2599//1105
v -0.020285 -1.288393 -0.675100
v -0.036326 -1.287778 -0.679531
v -0.047040 -1.289354 -0.668307
v -0.044450 -1.291466 -0.653561
v -0.034093 -1.292186 -0.648242
v -0.021383 -1.291737 -0.651611
v -0.016010 -1.290514 -0.660253
v -0.015340 -1.262170 -0.658630
v -0.019310 -1.263411 -0.649814
v -0.031870 -1.264157 -0.644467
v -0.044902 -1.263353 -0.650228
v -0.047036 -1.261344 -0.664352
v -0.038782 -1.259826 -0.675111
v -0.024650 -1.259866 -0.674822
v -0.017389 -1.260852 -0.667857
vn -0.8563 0.1483 -0.4947
vn -0.9981 -0.0525 0.0324
vn -0.9263 0.0079 -0.3767
vn -0.7364 0.0617 -0.6737
vn -0.3435 0.1812 -0.9215
vn 0.4131 0.1382 -0.9001
vn 0.6819 0.2192 -0.6979
vn 0.6294 0.0956 -0.7712
vn 0.6928 -0.1984 0.6933
vn 0.9577 0.0498 -0.2834
vn 0.1691 -0.3555 0.9192
vn 0.5601 -0.2380 0.7935
vn -0.2824 0.0878 0.9553
vn -0.8735 -0.2856 0.3943
vn -0.8800 -0.2930 0.3738
s 1
usemtl 0.529412_0.549020_0.588235_0.000000_0.000000
f 2620//1107 2619//1108 2618//1109
f 2618//1109 2617//1110 2620//1107
f 2621//1111 2620//1107 2617//1110
f 2617//1110 2616//1112 2621//1111
f 2616//1112 2615//1113 2622//1114
f 2622//1114 2621//1111 2616//1112
f 2615//1113 2614//1115 2623//1116
f 2623//1116 2622//1114 2615//1113
f 2614//1115 2613//1117 2624//1118
f 2624//1118 2623//1116 2614//1115
f 2625//1119 2624//1118 2613//1117
f 2613//1117 2612//1120 2625//1119
f 2626//1121 2625//1119 2612//1120
f 2612//1120 2618//1109 2619//1108
f 2619//1108 2626//1121 2612//1120
v -0.611437 -0.635069 -0.507397
v -0.596077 -0.635069 -0.513899
v -0.584692 -0.635069 -0.505665
v -0.582438 -0.635069 -0.494064
v -0.586732 -0.635069 -0.486669
v -0.597144 -0.635069 -0.481567
v -0.607798 -0.635069 -0.484364
v -0.614602 -0.635069 -0.494426
v -0.612144 -0.663357 -0.488706
v -0.603861 -0.663357 -0.482404
v -0.594060 -0.663357 -0.482104
v -0.586577 -0.663357 -0.486444
v -0.582776 -0.663357 -0.494924
v -0.586129 -0.663357 -0.508502
v -0.597302 -0.663357 -0.513863
v -0.612486 -0.663357 -0.505083
vn 0.7395 -0.0132 -0.6730
vn 0.9986 -0.0405 -0.0329
vn 0.9206 -0.0019 -0.3906
vn 0.7064 0.1212 -0.6974
vn 0.1174 -0.0363 -0.9924
vn 0.1064 0.0509 -0.9930
vn -0.5094 0.0258 -0.8601
vn -0.5336 -0.1203 -0.8372
vn -0.6882 0.0765 -0.7215
vn -0.9100 0.0709 -0.4085
vn -0.9544 0.0112 -0.2982
vn -0.9720 -0.1088 0.2082
vn -0.7988 0.2486 0.5478
vn -0.3981 -0.2341 0.8870
vn -0.4352 0.0647 0.8980
vn 0.4176 0.0677 0.9061
s 1
usemtl 0.529412_0.549020_0.588235_0.000000_0.000000
f 2635//1122 2642//1123 2634//1124
f 2634//1124 2633//1125 2635//1122
f 2636//1126 2635//1122 2633//1125
f 2633//1125 2632//1127 2636//1126
f 2637//1128 2636//1126 2632//1127
f 2632//1127 2631//1129 2637//1128
f 2638//1130 2637//1128 2631//1129
f 2639//1131 2638//1130 2631//1129
f 2631//1129 2630//1132 2639//1131
f 2630//1132 2629//1133 2639//1131
f 2640//1134 2639//1131 2629//1133
f 2629//1133 2628//1135 2641//1136
f 2641//1136 2640//1134 2629//1133
f 2628//1135 2627//1137 2641//1136
f 2642//1123 2641//1136 2627//1137
f 2627//1137 2634//1124 2642//1123
v -0.271087 -0.387446 -0.379979
v -0.258575 -0.390216 -0.374065
v -0.247681 -0.388961 -0.376747
v -0.242044 -0.384000 -0.387334
v -0.248950 -0.377600 -0.401000
v -0.260868 -0.376629 -0.403071
v -0.272729 -0.381153 -0.393412
v -0.269775 -0.353523 -0.385708
v -0.257569 -0.350858 -0.391396
v -0.246753 -0.352626 -0.387624
v -0.241617 -0.356741 -0.378841
v -0.245127 -0.362026 -0.367560
v -0.259561 -0.364359 -0.362580
v -0.272768 -0.360540 -0.370731
vn 0.9851 0.0344 -0.1683
vn 0.3678 -0.5895 0.7192
vn 0.4449 -0.2364 0.8638
vn -0.2842 -0.4094 0.8669
vn -0.3648 -0.4079 0.8370
vn -0.8587 -0.2475 0.4487
vn -0.9079 -0.2252 0.3535
vn -0.9388 -0.3352 0.0789
vn -0.8341 0.4128 -0.3659
vn -0.4829 0.4390 -0.7577
vn -0.2977 0.4115 -0.8614
vn -0.0114 0.7728 -0.6346
vn 0.6128 0.3075 -0.7280
vn 0.9597 0.2367 -0.1518
s 1
usemtl 0.529412_0.549020_0.588235_0.000000_0.000000
f 2649//1138 2648//1139 2650//1140
f 2651//1141 2650//1140 2648//1139
f 2648//1139 2647//1142 2651//1141
f 2652//1143 2651//1141 2647//1142
f 2647//1142 2646//1144 2652//1143
f 2653//1145 2652//1143 2646//1144
f 2654//1146 2653//1145 2646//1144
f 2646//1144 2645//1147 2654//1146
f 2645//1147 2644//1148 2655//1149
f 2655//1149 2654//1146 2645//1147
f 2644//1148 2643//1150 2655//1149
f 2656//1151 2655//1149 2643//1150
f 2643//1150 2649//1138 2656//1151
f 2650//1140 2656//1151 2649//1138
v -0.162852 -1.539074 -0.685436
v -0.162852 -1.531520 -0.690972
v -0.162852 -1.529282 -0.697324
v -0.162852 -1.534207 -0.711398
v -0.162852 -1.550706 -0.715368
v -0.162852 -1.561093 -0.701964
v -0.162852 -1.553673 -0.686447
v -0.191140 -1.546365 -0.683985
v -0.191140 -1.557876 -0.690348
v -0.191140 -1.559552 -0.707215
v -0.191140 -1.546508 -0.716567
v -0.191140 -1.533255 -0.710733
v -0.191140 -1.529368 -0.697067
v -0.191140 -1.531519 -0.690972
v -0.191140 -1.536247 -0.686571
vn -0.0253 -0.1385 -0.9900
vn 0.0416 -0.5893 -0.8068
vn 0.0110 0.2357 -0.9718
vn -0.2259 0.6299 -0.7431
vn 0.0699 0.9351 -0.3475
vn -0.0471 0.6211 0.7823
vn 0.0990 0.6341 0.7669
vn 0.0245 -0.2501 0.9679
vn -0.2843 -0.8975 0.3370
vn 0.3970 -0.5788 0.7123
vn -0.0233 -0.9441 -0.3288
vn 0.1568 -0.9497 -0.2709
vn -0.0004 -0.8477 -0.5304
vn 0.0284 -0.8124 -0.5824
vn 0.0470 -0.6742 -0.7370
s 1
usemtl 0.529412_0.549020_0.588235_0.000000_0.000000
f 2664//1152 2657//1153 2663//1154
f 2665//1155 2664//1152 2663//1154
f 2663//1154 2662//1156 2665//1155
f 2666//1157 2665//1155 2662//1156
f 2662//1156 2661//1158 2666//1157
f 2667//1159 2666//1157 2661//1158
f 2661//1158 2660//1160 2667//1159
f 2668//1161 2667//1159 2660//1160
f 2660//1160 2659//1162 2669//1163
f 2669//1163 2668//1161 2660//1160
f 2659//1162 2658//1164 2670//1165
f 2670//1165 2669//1163 2659//1162
f 2658//1164 2657//1153 2671//1166
f 2671//1166 2670//1165 2658//1164
f 2664//1152 2671//1166 2657//1153
v -0.163854 -0.173521 -0.281714
v -0.163854 -0.167208 -0.292249
v -0.163854 -0.172877 -0.306534
v -0.163854 -0.189803 -0.309526
v -0.163854 -0.199071 -0.295685
v -0.163854 -0.193643 -0.282146
v -0.163854 -0.183478 -0.278449
v -0.192142 -0.190331 -0.279730
v -0.192142 -0.197157 -0.286597
v -0.192142 -0.195907 -0.304355
v -0.192142 -0.182460 -0.310964
v -0.192142 -0.170533 -0.304682
v -0.192142 -0.167174 -0.292389
v -0.192142 -0.170058 -0.284851
v -0.192142 -0.179046 -0.279809
vn -0.1067 -0.1532 -0.9824
vn 0.0269 0.4011 -0.9156
vn 0.0720 0.2390 -0.9683
vn 0.0001 0.4024 -0.9155
vn -0.0309 0.7291 -0.6837
vn 0.0852 0.9398 -0.3310
vn -0.3653 0.7181 0.5924
vn 0.1681 0.6262 0.7613
vn -0.1596 -0.2496 0.9551
vn 0.1907 -0.8958 0.4016
vn 0.2784 -0.6101 0.7418
vn -0.0392 -0.9251 -0.3776
vn 0.1405 -0.9634 -0.2283
vn 0.0182 -0.7911 -0.6114
vn -0.0006 -0.8182 -0.5749
s 1
usemtl 0.529412_0.549020_0.588235_0.000000_0.000000
f 2678//1167 2677//1168 2686//1169
f 2679//1170 2686//1169 2677//1168
f 2680//1171 2679//1170 2677//1168
f 2677//1168 2676//1172 2680//1171
f 2681//1173 2680//1171 2676//1172
f 2676//1172 2675//1174 2681//1173
f 2682//1175 2681//1173 2675//1174
f 2675//1174 2674//1176 2682//1175
f 2683//1177 2682//1175 2674//1176
f 2674//1176 2673//1178 2684//1179
f 2684//1179 2683//1177 2674//1176
f 2673//1178 2672//1180 2685//1181
f 2685//1181 2684//1179 2673//1178
f 2686//1169 2685//1181 2672//1180
f 2672//1180 2678//1167 2686//1169
v -0.387503 -1.289760 -0.659110
v -0.378325 -1.289760 -0.651299
v -0.363970 -1.289760 -0.653484
v -0.356848 -1.289760 -0.664518
v -0.359557 -1.289760 -0.675885
v -0.372001 -1.289760 -0.682656
v -0.387473 -1.289760 -0.673170
v -0.389087 -1.261470 -0.669106
v -0.378175 -1.261470 -0.681607
v -0.362648 -1.261470 -0.679255
v -0.356974 -1.261470 -0.670134
v -0.357004 -1.261470 -0.662339
v -0.360542 -1.261470 -0.656163
v -0.375597 -1.261470 -0.651307
v -0.387455 -1.261470 -0.658448
vn 0.6165 0.2626 0.7423
vn 0.9965 -0.0011 -0.0838
vn 0.9811 -0.1249 0.1478
vn -0.2770 -0.1824 0.9434
vn -0.7586 0.0768 0.6470
vn -0.9122 -0.0458 0.4071
vn -0.9982 0.0264 0.0543
vn -0.9881 -0.1500 -0.0326
vn -0.9614 -0.0488 -0.2707
vn -0.8594 -0.0062 -0.5113
vn -0.7693 -0.0212 -0.6385
vn 0.6203 0.0157 -0.7842
vn 0.1097 0.1990 -0.9738
vn 0.7450 0.0586 -0.6644
vn 0.9084 -0.0351 -0.4167
s 1
usemtl 0.529412_0.549020_0.588235_0.000000_0.000000
f 2695//1182 2694//1183 2693//1184
f 2693//1184 2692//1185 2695//1182
f 2696//1186 2695//1182 2692//1185
f 2692//1185 2691//1187 2696//1186
f 2697//1188 2696//1186 2691//1187
f 2691//1187 2690//1189 2697//1188
f 2698//1190 2697//1188 2690//1189
f 2699//1191 2698//1190 2690//1189
f 2690//1189 2689//1192 2699//1191
f 2700//1193 2699//1191 2689//1192
f 2689//1192 2688//1194 2700//1193
f 2688//1194 2687//1195 2700//1193
f 2701//1196 2700//1193 2687//1195
f 2694//1183 2701//1196 2687//1195
f 2687//1195 2693//1184 2694//1183
v -0.050250 -1.558823 -0.691683
v -0.050250 -1.545886 -0.683993
v -0.050250 -1.533495 -0.689429
v -0.050250 -1.529008 -0.700675
v -0.050250 -1.532619 -0.710518
v -0.050250 -1.544766 -0.716462
v -0.050250 -1.558978 -0.707858
v -0.078538 -1.557537 -0.709854
v -0.078538 -1.542954 -0.716452
v -0.078538 -1.531587 -0.709185
v -0.078538 -1.529071 -0.698637
v -0.078538 -1.531920 -0.690488
v -0.078538 -1.539607 -0.684972
v -0.078538 -1.551777 -0.685232
v -0.078538 -1.560377 -0.693977
vn 0.0532 0.9983 -0.0219
vn 0.3002 0.0028 0.9539
vn -0.0105 0.2923 0.9563
vn 0.0306 -0.4256 0.9044
vn 0.0552 -0.5536 0.8309
vn 0.0136 -0.9515 0.3073
vn 0.0104 -0.9596 0.2812
vn 0.0330 -0.9377 -0.3457
vn 0.0403 -0.9125 -0.4071
vn 0.0757 -0.7834 -0.6169
vn 0.2292 -0.2816 -0.9318
vn 0.0721 -0.1554 -0.9852
vn 0.0329 0.6029 -0.7971
vn -0.0087 0.5853 -0.8108
vn -0.0746 0.9971 0.0131
s 1
usemtl 0.529412_0.549020_0.588235_0.000000_0.000000
f 2708//1197 2707//1198 2709//1199
f 2710//1200 2709//1199 2707//1198
f 2707//1198 2706//1201 2710//1200
f 2711//1202 2710//1200 2706//1201
f 2706//1201 2705//1203 2711//1202
f 2712//1204 2711//1202 2705//1203
f 2705//1203 2704//1205 2712//1204
f 2713//1206 2712//1204 2704//1205
f 2714//1207 2713//1206 2704//1205
f 2704//1205 2703//1208 2714//1207
f 2715//1209 2714//1207 2703//1208
f 2703//1208 2702//1210 2715//1209
f 2716//1211 2715//1209 2702//1210
f 2702//1210 2708//1197 2716//1211
f 2709//1199 2716//1211 2708//1197
v -0.045757 -1.088333 -0.643337
v -0.036990 -1.087203 -0.651390
v -0.020940 -1.087766 -0.647363
v -0.015483 -1.089347 -0.636222
v -0.016465 -1.090359 -0.629396
v -0.021408 -1.091152 -0.623475
v -0.034738 -1.091647 -0.619885
v -0.045442 -1.090702 -0.626748
v -0.044955 -1.118828 -0.629843
v -0.035239 -1.119662 -0.623821
v -0.023183 -1.119359 -0.626047
v -0.018094 -1.118728 -0.630501
v -0.015635 -1.117774 -0.637396
v -0.019201 -1.116001 -0.649686
v -0.029620 -1.115094 -0.656296
v -0.039780 -1.115382 -0.654088
v -0.047123 -1.116912 -0.643363
vn 0.6113 -0.0469 0.7900
vn 0.6671 0.2048 -0.7163
vn 0.9566 0.0758 -0.2813
vn 0.6520 0.1208 -0.7485
vn -0.0740 0.1948 -0.9781
vn 0.4045 0.1319 -0.9050
vn -0.2063 0.0579 -0.9768
vn -0.7985 0.0625 -0.5987
vn -0.8265 0.1055 -0.5529
vn -0.9173 0.0857 -0.3889
vn -0.9501 0.0485 -0.3082
vn -0.9957 0.0229 -0.0896
vn -0.8851 -0.3194 0.3385
vn -0.3438 0.0083 0.9390
vn -0.1331 -0.1253 0.9831
vn 0.0954 -0.0833 0.9920
vn 0.3636 -0.1427 0.9206
s 1
usemtl 0.529412_0.549020_0.588235_0.000000_0.000000
f 2717//1212 2724//1213 2733//1214
f 2725//1215 2733//1214 2724//1213
f 2724//1213 2723//1216 2726//1217
f 2726//1217 2725//1215 2724//1213
f 2727//1218 2726//1217 2723//1216
f 2723//1216 2722//1219 2727//1218
f 2728//1220 2727//1218 2722//1219
f 2722//1219 2721//1221 2729//1222
f 2729//1222 2728//1220 2722//1219
f 2721//1221 2720//1223 2729//1222
f 2730//1224 2729//1222 2720//1223
f 2720//1223 2719//1225 2730//1224
f 2731//1226 2730//1224 2719//1225
f 2719//1225 2718//1227 2731//1226
f 2732//1228 2731//1226 2718//1227
f 2718//1227 2717//1212 2732//1228
f 2733//1214 2732//1228 2717//1212
v -0.163854 -0.194278 -0.951527
v -0.163854 -0.199365 -0.937199
v -0.163854 -0.196878 -0.930742
v -0.163854 -0.187127 -0.925287
v -0.163854 -0.172484 -0.928556
v -0.163854 -0.166896 -0.938182
v -0.163854 -0.168973 -0.947916
v -0.163854 -0.179856 -0.956553
v -0.192142 -0.173479 -0.952950
v -0.192142 -0.166935 -0.940969
v -0.192142 -0.170682 -0.930054
v -0.192142 -0.179093 -0.924769
v -0.192142 -0.192392 -0.927212
v -0.192142 -0.199079 -0.940475
v -0.192142 -0.190316 -0.954993
vn 0.1891 -0.1790 0.9655
vn -0.2128 -0.7833 0.5841
vn -0.1192 0.1063 0.9872
vn -0.0571 -0.9752 0.2139
vn -0.0333 -0.9885 -0.1476
vn -0.0963 -0.9748 -0.2011
vn 0.0198 -0.8104 -0.5855
vn 0.0275 -0.9051 -0.4243
vn 0.0386 -0.4515 -0.8914
vn 0.3735 0.1324 -0.9181
vn -0.2252 0.7154 -0.6614
vn -0.0011 0.7782 -0.6280
vn -0.0107 0.9292 -0.3694
vn -0.1678 0.9162 -0.3639
vn -0.0322 0.9587 0.2827
s 1
usemtl 0.529412_0.549020_0.588235_0.000000_0.000000
f 2741//1229 2742//1230 2748//1231
f 2741//1229 2740//1232 2742//1230
f 2743//1233 2742//1230 2740//1232
f 2740//1232 2739//1234 2743//1233
f 2739//1234 2738//1235 2744//1236
f 2744//1236 2743//1233 2739//1234
f 2745//1237 2744//1236 2738//1235
f 2738//1235 2737//1238 2745//1237
f 2746//1239 2745//1237 2737//1238
f 2737//1238 2736//1240 2746//1239
f 2736//1240 2735//1241 2747//1242
f 2747//1242 2746//1239 2736//1240
f 2735//1241 2734//1243 2747//1242
f 2748//1231 2747//1242 2734//1243
f 2734//1243 2741//1229 2748//1231
v 0.291632 -1.118071 -0.643775
v 0.304555 -1.118068 -0.653528
v 0.317938 -1.118084 -0.651956
v 0.326732 -1.118080 -0.644237
v 0.329829 -1.118086 -0.633076
v 0.322137 -1.118070 -0.617778
v 0.303511 -1.118064 -0.613092
v 0.293588 -1.118073 -0.619186
v 0.288649 -1.118078 -0.628597
v 0.328985 -1.118067 -0.626483
v 0.311335 -1.118083 -0.612311
l 2749 2757
l 2750 2749
l 2751 2750
l 2752 2751
l 2758 2753
l 2754 2758
l 2755 2756
l 2757 2756
l 2759 2754
l 2753 2752
l 2755 2759
v -0.551756 -0.174513 -0.313788
v -0.551759 -0.166067 -0.306592
v -0.551752 -0.162603 -0.294933
v -0.551755 -0.171940 -0.277919
v -0.551755 -0.185580 -0.274174
v -0.551761 -0.196074 -0.278364
v -0.551759 -0.202987 -0.288149
v -0.551756 -0.201145 -0.304632
v -0.551758 -0.187617 -0.315103
v -0.551762 -0.164279 -0.285944
l 2760 2761
l 2762 2761
l 2762 2769
l 2765 2764
l 2767 2766
l 2760 2768
l 2763 2769
l 2764 2763
l 2766 2765
l 2768 2767
v -0.353341 -1.354974 -0.659988
v -0.362595 -1.354980 -0.649220
v -0.376696 -1.354970 -0.646189
v -0.386464 -1.354977 -0.650735
v -0.392874 -1.354982 -0.660122
v -0.391478 -1.354977 -0.675298
v -0.379651 -1.354974 -0.686437
v -0.367465 -1.354963 -0.686877
v -0.357865 -1.354972 -0.681036
v -0.352720 -1.354989 -0.671205
l 2771 2770
l 2772 2771
l 2773 2772
l 2774 2773
l 2774 2775
l 2776 2775
l 2777 2776
l 2778 2777
l 2779 2778
l 2770 2779
v -0.045156 -1.352371 -0.688487
v -0.030645 -1.351614 -0.693929
v -0.020203 -1.352086 -0.690457
v -0.015542 -1.356203 -0.661369
v -0.033111 -1.357453 -0.652713
v -0.043609 -1.356946 -0.656237
v -0.051697 -1.355110 -0.669062
v -0.011104 -1.354182 -0.675524
v -0.051902 -1.353550 -0.680023
v -0.013773 -1.353000 -0.683935
v -0.025102 -1.357332 -0.653561
l 2788 2786
l 2780 2788
l 2782 2781
l 2782 2789
l 2789 2787
l 2783 2787
l 2784 2790
l 2781 2780
l 2785 2784
l 2786 2785
l 2790 2783
v -0.270782 -0.652525 -0.531889
v -0.256446 -0.650290 -0.536654
v -0.246018 -0.651816 -0.533423
v -0.241615 -0.664373 -0.506612
v -0.257907 -0.667949 -0.499000
v -0.269319 -0.666509 -0.502071
v -0.277601 -0.660971 -0.513868
v -0.237023 -0.658122 -0.519939
v -0.277753 -0.656259 -0.523926
v -0.249973 -0.667464 -0.500030
v -0.239717 -0.654550 -0.527589
l 2797 2799
l 2791 2799
l 2792 2791
l 2793 2792
l 2793 2801
l 2798 2801
l 2794 2798
l 2796 2797
l 2800 2794
l 2795 2800
l 2796 2795
v -0.098633 -0.173835 -0.313315
v -0.098625 -0.164537 -0.303611
v -0.098630 -0.162756 -0.291641
v -0.098625 -0.171041 -0.278837
v -0.098624 -0.185784 -0.274174
v -0.098625 -0.195904 -0.278227
v -0.098626 -0.202706 -0.287082
v -0.098628 -0.202208 -0.302454
v -0.098622 -0.188596 -0.314715
l 2810 2802
l 2803 2802
l 2804 2803
l 2805 2804
l 2806 2805
l 2807 2806
l 2809 2808
l 2808 2807
l 2810 2809
v -0.097956 -0.836333 -0.919838
v -0.097948 -0.847318 -0.924694
v -0.097965 -0.854121 -0.935090
v -0.097957 -0.851855 -0.950140
v -0.097951 -0.838226 -0.960757
v -0.097965 -0.825309 -0.959566
v -0.097961 -0.816566 -0.952089
v -0.097955 -0.813212 -0.940482
v -0.097954 -0.822443 -0.923695
v -0.097968 -0.814843 -0.931687
l 2812 2811
l 2814 2813
l 2815 2816
l 2816 2817
l 2818 2817
l 2813 2812
l 2815 2814
l 2820 2818
l 2819 2820
l 2811 2819
v 0.064531 -0.446890 -0.404692
v 0.078996 -0.446886 -0.416475
v 0.092921 -0.446884 -0.414840
v 0.100946 -0.446886 -0.407264
v 0.103992 -0.446883 -0.396171
v 0.094558 -0.446888 -0.379616
v 0.079565 -0.446890 -0.375845
v 0.069421 -0.446895 -0.380670
v 0.063299 -0.446890 -0.389843
v 0.102700 -0.446878 -0.388571
l 2823 2822
l 2823 2824
l 2824 2825
l 2830 2825
l 2826 2830
l 2821 2829
l 2822 2821
l 2827 2826
l 2828 2827
l 2829 2828
v -0.097631 -1.534515 -0.718139
v -0.097630 -1.526904 -0.710058
v -0.097633 -1.524544 -0.699021
v -0.097629 -1.532909 -0.684256
v -0.097627 -1.547960 -0.679592
v -0.097632 -1.557857 -0.683578
v -0.097638 -1.564883 -0.692860
v -0.097627 -1.564229 -0.707971
v -0.097634 -1.549458 -0.720173
v -0.097640 -1.525749 -0.692450
l 2831 2839
l 2832 2831
l 2832 2833
l 2833 2840
l 2834 2840
l 2836 2835
l 2836 2837
l 2838 2837
l 2839 2838
l 2835 2834
v 0.014971 -1.531582 -0.685185
v 0.014970 -1.546295 -0.679560
v 0.014970 -1.557777 -0.683522
v 0.014968 -1.564937 -0.693232
v 0.014973 -1.563543 -0.709348
v 0.014976 -1.550115 -0.720378
v 0.014971 -1.535740 -0.718701
v 0.014964 -1.527066 -0.710341
v 0.014967 -1.524509 -0.699533
v 0.014979 -1.525594 -0.692891
l 2850 2849
l 2850 2841
l 2843 2842
l 2844 2843
l 2844 2845
l 2846 2845
l 2848 2847
l 2849 2848
l 2842 2841
l 2847 2846
v -0.236874 -0.442474 -0.416260
v -0.243165 -0.448456 -0.403499
v -0.257671 -0.451264 -0.397502
v -0.269487 -0.449780 -0.400670
v -0.277583 -0.444312 -0.412328
v -0.270855 -0.435880 -0.430347
v -0.256513 -0.433626 -0.435160
v -0.246010 -0.435138 -0.431922
v -0.239154 -0.438355 -0.425044
v -0.277735 -0.439607 -0.422427
l 2852 2853
l 2853 2854
l 2855 2854
l 2858 2859
l 2851 2859
l 2852 2851
l 2860 2855
l 2856 2860
l 2857 2856
l 2858 2857
v -0.098623 -0.184489 -0.919865
v -0.098627 -0.195907 -0.923893
v -0.098625 -0.203018 -0.933956
v -0.098628 -0.201375 -0.950076
v -0.098624 -0.187763 -0.960728
v -0.098632 -0.174970 -0.959682
v -0.098631 -0.166145 -0.952373
v -0.098624 -0.171728 -0.923410
v -0.098620 -0.164853 -0.930595
v -0.098625 -0.162597 -0.940659
l 2862 2861
l 2864 2863
l 2864 2865
l 2865 2866
l 2866 2867
l 2870 2867
l 2869 2870
l 2868 2869
l 2861 2868
l 2863 2862
v -0.210889 -0.200648 -0.305552
v -0.210892 -0.187690 -0.315187
v -0.210889 -0.175382 -0.314175
v -0.210893 -0.166632 -0.307372
v -0.210894 -0.162654 -0.295987
v -0.210889 -0.171174 -0.278440
v -0.210889 -0.184411 -0.274073
v -0.210890 -0.196991 -0.279388
v -0.210887 -0.203737 -0.290483
v -0.210901 -0.163850 -0.286895
l 2872 2871
l 2875 2874
l 2875 2880
l 2878 2877
l 2879 2878
l 2871 2879
l 2873 2872
l 2874 2873
l 2876 2880
l 2877 2876
v -0.236991 -0.790663 -0.581708
v -0.243457 -0.785168 -0.593421
v -0.254409 -0.782804 -0.598490
v -0.269055 -0.784373 -0.595118
v -0.277632 -0.793347 -0.575979
v -0.269432 -0.798876 -0.564179
v -0.257663 -0.800355 -0.561023
v -0.241506 -0.796728 -0.568767
v -0.238594 -0.787776 -0.587894
v -0.277358 -0.788250 -0.586872
v -0.249911 -0.799844 -0.562080
l 2889 2881
l 2882 2889
l 2882 2883
l 2884 2883
l 2890 2884
l 2885 2890
l 2887 2886
l 2891 2887
l 2891 2888
l 2881 2888
l 2886 2885
v 0.356507 -1.535756 -0.718694
v 0.356505 -1.526910 -0.710056
v 0.356499 -1.524512 -0.699343
v 0.356508 -1.531348 -0.685625
v 0.356508 -1.547805 -0.679580
v 0.356512 -1.557913 -0.683622
v 0.356500 -1.564881 -0.692860
v 0.356505 -1.564331 -0.707684
v 0.356514 -1.550880 -0.720024
v 0.356520 -1.540867 -0.679678
l 2900 2892
l 2893 2892
l 2893 2894
l 2894 2895
l 2901 2895
l 2897 2896
l 2897 2898
l 2898 2899
l 2899 2900
l 2896 2901
v -0.191687 -0.835073 -0.620433
v -0.191679 -0.849448 -0.612752
v -0.191679 -0.854809 -0.598614
v -0.191681 -0.851101 -0.587796
v -0.191678 -0.842647 -0.580714
v -0.191675 -0.831406 -0.579008
v -0.191679 -0.820514 -0.583909
v -0.191685 -0.813425 -0.596153
v -0.191686 -0.815181 -0.608437
v -0.191686 -0.823425 -0.617708
v -0.191670 -0.815300 -0.589842
l 2903 2902
l 2905 2904
l 2906 2905
l 2908 2907
l 2912 2908
l 2909 2912
l 2904 2903
l 2907 2906
l 2910 2909
l 2911 2910
l 2902 2911
v -0.011146 -1.024500 -0.629136
v -0.020019 -1.022420 -0.643690
v -0.030510 -1.021900 -0.647307
v -0.045103 -1.022677 -0.641955
v -0.051733 -1.025425 -0.622556
v -0.043630 -1.027249 -0.609620
v -0.032982 -1.027727 -0.606063
v -0.015500 -1.026513 -0.614802
v -0.051909 -1.023890 -0.633343
v -0.025222 -1.027613 -0.606890
v -0.013861 -1.023319 -0.637458
l 2923 2913
l 2914 2923
l 2915 2914
l 2916 2915
l 2916 2921
l 2921 2917
l 2917 2918
l 2918 2919
l 2922 2919
l 2920 2913
l 2920 2922
v -0.051680 -0.788233 -0.588565
v -0.043561 -0.789989 -0.576030
v -0.033185 -0.790486 -0.572526
v -0.015745 -0.789307 -0.580891
v -0.011140 -0.787272 -0.595342
v -0.019965 -0.785184 -0.610117
v -0.030858 -0.784660 -0.613788
v -0.045148 -0.785430 -0.608334
v -0.051920 -0.786661 -0.599800
v -0.013812 -0.786075 -0.603810
v -0.025122 -0.790367 -0.573377
l 2925 2924
l 2927 2928
l 2933 2928
l 2929 2933
l 2929 2930
l 2932 2931
l 2924 2932
l 2926 2925
l 2934 2926
l 2927 2934
l 2931 2930
v -0.097627 -1.546706 -0.919525
v -0.097632 -1.557857 -0.923513
v -0.097638 -1.564883 -0.932796
v -0.097630 -1.564160 -0.948034
v -0.097633 -1.550635 -0.960023
v -0.097634 -1.536710 -0.959227
v -0.097638 -1.527985 -0.951806
v -0.097634 -1.524513 -0.941271
v -0.097628 -1.531975 -0.924730
v -0.097632 -1.525391 -0.933474
l 2936 2935
l 2936 2937
l 2939 2938
l 2939 2940
l 2941 2940
l 2942 2941
l 2943 2944
l 2935 2943
l 2938 2937
l 2944 2942
v -0.577761 -0.569839 -0.497879
v -0.580718 -0.569841 -0.508643
v -0.588999 -0.569840 -0.516433
v -0.603053 -0.569833 -0.517889
v -0.617062 -0.569836 -0.506328
v -0.618308 -0.569833 -0.491024
v -0.610954 -0.569832 -0.481243
v -0.599647 -0.569841 -0.477065
v -0.587998 -0.569838 -0.480102
v -0.580158 -0.569842 -0.488012
l 2948 2947
l 2950 2949
l 2951 2952
l 2952 2953
l 2953 2954
l 2945 2954
l 2946 2945
l 2947 2946
l 2949 2948
l 2951 2950
v -0.210764 -0.190904 -0.312376
v -0.210764 -0.177641 -0.312722
v -0.210764 -0.174564 -0.278269
v -0.210764 -0.185913 -0.276051
v -0.210764 -0.166155 -0.286694
v -0.210764 -0.198508 -0.283967
v -0.210764 -0.166347 -0.300869
v -0.210764 -0.201212 -0.300052
l 2959 2961
l 2958 2957
l 2960 2962
l 2957 2959
l 2956 2961
l 2960 2958
l 2955 2962
l 2955 2956
v -0.551632 -0.165937 -0.301997
v -0.551632 -0.165187 -0.289176
v -0.551632 -0.179844 -0.276388
v -0.551632 -0.192164 -0.278163
v -0.551632 -0.195313 -0.308814
v -0.551632 -0.170699 -0.279945
v -0.551632 -0.201703 -0.292618
v -0.551632 -0.176713 -0.312112
l 2966 2965
l 2966 2969
l 2969 2967
l 2968 2964
l 2965 2968
l 2970 2967
l 2970 2963
l 2964 2963
v -0.097494 -1.563175 -0.933560
v -0.097494 -1.550150 -0.958362
v -0.097494 -1.527566 -0.946921
v -0.097494 -1.531833 -0.924259
v -0.097494 -1.537006 -0.956478
v -0.097494 -1.528553 -0.933170
v -0.097494 -1.561865 -0.948931
v -0.097494 -1.543543 -0.922055
v -0.097494 -1.556187 -0.925505
vn 1.0000 -0.0000 -0.0000
s 1
usemtl 0.529412_0.549020_0.588235_0.000000_0.000000
f 2974//1244 2978//1244 2976//1244
l 2975 2972
l 2973 2975
l 2977 2971
l 2977 2972
l 2976 2973
l 2978 2979
l 2971 2979
v -0.392096 -1.355120 -0.666718
v -0.387800 -1.355120 -0.678082
v -0.361384 -1.355120 -0.680750
v -0.374340 -1.355120 -0.685481
v -0.372717 -1.355120 -0.648526
v -0.387351 -1.355120 -0.655091
v -0.361790 -1.355120 -0.651872
v -0.354879 -1.355120 -0.665542
l 2980 2985
l 2981 2980
l 2983 2981
l 2987 2982
l 2985 2984
l 2983 2982
l 2987 2986
l 2986 2984
v -0.097828 -0.830208 -0.959209
v -0.097828 -0.825546 -0.922991
v -0.097828 -0.821613 -0.955069
v -0.097828 -0.817587 -0.930819
v -0.097828 -0.816179 -0.945508
v -0.097828 -0.850848 -0.947698
v -0.097828 -0.841547 -0.957224
v -0.097828 -0.838495 -0.923141
v -0.097828 -0.851021 -0.931086
l 2988 2994
l 2992 2990
l 2989 2991
l 2988 2990
l 2993 2994
l 2991 2992
l 2989 2995
l 2993 2996
l 2996 2995
v -0.050431 -1.354067 -0.677519
v -0.021004 -1.352385 -0.689391
v -0.049250 -1.355567 -0.666878
v -0.014948 -1.353524 -0.681347
v -0.015415 -1.355801 -0.665099
v -0.039945 -1.357029 -0.656530
v -0.029906 -1.352031 -0.691876
v -0.028163 -1.357230 -0.655125
v -0.042851 -1.352628 -0.687676
l 3001 3000
l 3004 3001
l 3002 2999
l 2998 3003
l 3000 2998
l 3004 3002
l 3005 2997
l 3003 3005
l 2999 2997
v -0.022518 -1.022380 -0.643003
v -0.048618 -1.022910 -0.639225
v -0.029436 -1.027324 -0.608055
v -0.050021 -1.024016 -0.631532
v -0.048204 -1.025872 -0.618315
v -0.037764 -1.027183 -0.609055
v -0.018308 -1.026446 -0.614300
v -0.037713 -1.022252 -0.643930
v -0.015047 -1.023452 -0.635438
v -0.013106 -1.024449 -0.628402
vn 0.0022 0.9897 0.1432
vn 0.0039 0.9897 0.1428
vn 0.0011 0.9898 0.1422
s 1
usemtl 0.529412_0.549020_0.588235_0.000000_0.000000
f 3007//1245 3009//1246 3013//1247
l 3010 3009
l 3011 3010
l 3012 3008
l 3008 3011
l 3014 3015
l 3006 3013
l 3006 3014
l 3015 3012
v -0.275983 -0.656049 -0.524692
v -0.245292 -0.652919 -0.531374
v -0.240402 -0.654277 -0.528473
v -0.238824 -0.658608 -0.519230
v -0.243064 -0.664390 -0.506889
v -0.265411 -0.666521 -0.502338
v -0.275221 -0.661663 -0.512708
v -0.253897 -0.651475 -0.534457
v -0.253351 -0.667017 -0.501279
v -0.266761 -0.652533 -0.532197
vn 0.0002 -0.9055 -0.4243
vn -0.0003 -0.9055 -0.4244
s 1
usemtl 0.529412_0.549020_0.588235_0.000000_0.000000
f 3017//1248 3018//1249 3019//1248
l 3020 3024
l 3022 3021
l 3019 3020
l 3023 3025
l 3017 3023
l 3024 3021
l 3016 3025
l 3016 3022
v 0.356644 -1.540318 -0.682264
v 0.356644 -1.555124 -0.684665
v 0.356644 -1.562684 -0.692437
v 0.356644 -1.553028 -0.717418
v 0.356644 -1.530362 -0.689010
v 0.356644 -1.562932 -0.705187
v 0.356644 -1.538752 -0.717452
v 0.356644 -1.527282 -0.704197
l 3027 3026
l 3027 3028
l 3029 3031
l 3030 3033
l 3030 3026
l 3028 3031
l 3033 3032
l 3032 3029
v 0.289102 -1.118210 -0.639991
v 0.308206 -1.118210 -0.652753
v 0.318483 -1.118210 -0.649508
v 0.312339 -1.118210 -0.612612
v 0.303209 -1.118210 -0.615220
v 0.327812 -1.118210 -0.631964
v 0.321044 -1.118210 -0.619608
v 0.291307 -1.118210 -0.628617
v 0.325739 -1.118210 -0.641827
v 0.297178 -1.118210 -0.646931
vn -0.0000 -1.0000 -0.0000
s 1
usemtl 0.529412_0.549020_0.588235_0.000000_0.000000
f 3034//1250 3043//1250 3041//1250
f 3040//1250 3037//1250 3038//1250
l 3039 3042
l 3040 3039
l 3038 3041
l 3036 3035
l 3042 3036
l 3035 3043
v -0.098496 -0.165937 -0.301997
v -0.098496 -0.165187 -0.289176
v -0.098496 -0.179844 -0.276388
v -0.098496 -0.192164 -0.278163
v -0.098496 -0.195313 -0.308814
v -0.098496 -0.170699 -0.279945
v -0.098496 -0.201703 -0.292618
v -0.098496 -0.176713 -0.312112
l 3047 3046
l 3047 3050
l 3050 3048
l 3049 3045
l 3046 3049
l 3051 3048
l 3051 3044
l 3045 3044
v -0.580135 -0.569711 -0.500932
v -0.586824 -0.569711 -0.512763
v -0.597554 -0.569711 -0.478899
v -0.590318 -0.569711 -0.480231
v -0.614880 -0.569711 -0.489174
v -0.605513 -0.569711 -0.480378
v -0.582622 -0.569711 -0.488136
v -0.601138 -0.569711 -0.516301
v -0.615021 -0.569711 -0.506269
l 3056 3060
l 3057 3056
l 3055 3058
l 3059 3060
l 3054 3057
l 3055 3054
l 3053 3059
l 3052 3058
l 3053 3052
v -0.191808 -0.821016 -0.585815
v -0.191808 -0.832404 -0.580921
v -0.191808 -0.820447 -0.611978
v -0.191808 -0.815366 -0.596747
v -0.191808 -0.852334 -0.600661
v -0.191808 -0.845527 -0.585545
v -0.191808 -0.840275 -0.617208
v -0.191808 -0.849128 -0.611173
l 3062 3066
l 3061 3062
l 3064 3061
l 3066 3065
l 3063 3064
l 3063 3067
l 3065 3068
l 3068 3067
v 0.085266 -0.447021 -0.415825
v 0.095174 -0.447021 -0.380993
v 0.100560 -0.447021 -0.389416
v 0.076036 -0.447021 -0.379027
v 0.066768 -0.447021 -0.387622
v 0.098220 -0.447021 -0.405989
v 0.086522 -0.447021 -0.377899
v 0.063885 -0.447021 -0.399846
v 0.071685 -0.447021 -0.410856
l 3071 3074
l 3070 3071
l 3070 3075
l 3072 3073
l 3069 3074
l 3075 3072
l 3077 3076
l 3069 3077
l 3076 3073
v 0.015108 -1.526664 -0.705998
v 0.015108 -1.551280 -0.718145
v 0.015108 -1.536221 -0.716436
v 0.015108 -1.561771 -0.708506
v 0.015108 -1.550383 -0.682967
v 0.015108 -1.562935 -0.693387
v 0.015108 -1.527452 -0.694631
v 0.015108 -1.535300 -0.684118
l 3083 3081
l 3079 3081
l 3078 3080
l 3083 3082
l 3080 3079
l 3085 3084
l 3085 3082
l 3084 3078
v -0.238307 -0.790647 -0.581430
v -0.254697 -0.783243 -0.597235
v -0.275045 -0.788147 -0.586767
v -0.259904 -0.799662 -0.562187
v -0.253177 -0.799254 -0.563059
v -0.275868 -0.792961 -0.576492
v -0.268509 -0.797671 -0.566436
v -0.243572 -0.796530 -0.568873
v -0.266453 -0.784560 -0.594424
v -0.240760 -0.787805 -0.587497
v -0.245388 -0.785401 -0.592629
l 3091 3092
l 3093 3090
l 3089 3092
l 3094 3088
l 3088 3091
l 3090 3089
l 3087 3096
l 3087 3094
l 3086 3093
l 3096 3095
l 3086 3095
v -0.097494 -1.540318 -0.682264
v -0.097494 -1.555124 -0.684665
v -0.097494 -1.562684 -0.692437
v -0.097494 -1.553028 -0.717418
v -0.097494 -1.530362 -0.689010
v -0.097494 -1.562932 -0.705187
v -0.097494 -1.538752 -0.717452
v -0.097494 -1.527282 -0.704197
l 3098 3097
l 3098 3099
l 3100 3102
l 3101 3104
l 3101 3097
l 3099 3102
l 3104 3103
l 3103 3100
v -0.029589 -0.790364 -0.572514
v -0.023710 -0.784965 -0.610692
v -0.043470 -0.785251 -0.608664
v -0.013885 -0.787019 -0.596185
v -0.017340 -0.785733 -0.605265
v -0.033958 -0.784826 -0.611675
v -0.019244 -0.789280 -0.580179
v -0.048914 -0.786525 -0.599661
v -0.048506 -0.788644 -0.584678
v -0.037185 -0.789968 -0.575315
vn -0.0000 0.9901 0.1401
s 1
usemtl 0.529412_0.549020_0.588235_0.000000_0.000000
f 3105//1251 3111//1251 3114//1251
l 3108 3111
l 3109 3108
l 3106 3109
l 3107 3110
l 3107 3112
l 3106 3110
l 3114 3113
l 3113 3112
v -0.253500 -0.450440 -0.399578
v -0.265210 -0.450020 -0.400473
v -0.278251 -0.440657 -0.420459
v -0.274932 -0.445232 -0.410693
v -0.269292 -0.436702 -0.428902
v -0.253804 -0.434792 -0.432977
v -0.244028 -0.437178 -0.427884
v -0.239222 -0.441402 -0.418869
v -0.242848 -0.446826 -0.407290
vn -0.0000 -0.9056 -0.4242
vn 0.0007 -0.9058 -0.4237
s 1
usemtl 0.529412_0.549020_0.588235_0.000000_0.000000
f 3117//1252 3119//1252 3118//1253
l 3120 3121
l 3121 3122
l 3116 3115
l 3116 3118
l 3120 3119
l 3115 3123
l 3122 3123
v -0.098496 -0.197638 -0.927920
v -0.098496 -0.168925 -0.928214
v -0.098496 -0.180560 -0.959443
v -0.098496 -0.171295 -0.955270
v -0.098496 -0.165409 -0.944790
v -0.098496 -0.201648 -0.943667
v -0.098496 -0.192807 -0.956799
v -0.098496 -0.182799 -0.922023
l 3126 3127
l 3126 3130
l 3125 3128
l 3127 3128
l 3131 3125
l 3129 3130
l 3129 3124
l 3124 3131
v -0.097633 -1.535900 -0.713867
v -0.097624 -1.528672 -0.698442
v -0.097635 -1.559353 -0.707794
v -0.097629 -1.551717 -0.685041
v -0.097635 -1.529680 -0.705476
v -0.097637 -1.560029 -0.692881
v -0.097630 -1.547139 -0.716629
v -0.097628 -1.540705 -0.684448
v -0.097637 -1.531588 -0.691393
l 3140 3133
l 3139 3140
l 3134 3137
l 3133 3136
l 3135 3139
l 3137 3135
l 3132 3138
l 3136 3132
l 3138 3134
v -0.019152 -0.786046 -0.604005
v -0.024995 -0.785470 -0.608049
v -0.047660 -0.787849 -0.591246
v -0.029954 -0.789887 -0.576876
v -0.040491 -0.789560 -0.579161
v -0.015951 -0.786947 -0.597597
v -0.039351 -0.785612 -0.607052
v -0.018464 -0.788802 -0.584466
l 3144 3145
l 3146 3148
l 3141 3146
l 3147 3142
l 3145 3143
l 3148 3144
l 3142 3141
l 3143 3147
v 0.014975 -1.536788 -0.686966
v 0.014964 -1.559311 -0.691436
v 0.014977 -1.529127 -0.696125
v 0.014969 -1.534802 -0.713028
v 0.014969 -1.529215 -0.703864
v 0.014972 -1.547460 -0.716328
v 0.014965 -1.551305 -0.684881
v 0.014968 -1.560395 -0.705445
l 3149 3151
l 3155 3149
l 3150 3155
l 3151 3153
l 3156 3150
l 3154 3156
l 3152 3154
l 3153 3152
v -0.246201 -0.437348 -0.427232
v -0.254172 -0.449312 -0.401653
v -0.264570 -0.448863 -0.402642
v -0.254061 -0.435623 -0.430891
v -0.241783 -0.440620 -0.420220
v -0.243851 -0.445978 -0.408801
v -0.267503 -0.437076 -0.427802
v -0.273295 -0.443856 -0.413325
l 3162 3161
l 3158 3162
l 3164 3159
l 3163 3164
l 3160 3163
l 3161 3157
l 3159 3158
l 3157 3160
v -0.026706 -1.022628 -0.642252
v -0.038070 -1.026976 -0.611619
v -0.019734 -1.023209 -0.638144
v -0.029026 -1.027133 -0.610331
v -0.047312 -1.025331 -0.623215
v -0.019197 -1.026165 -0.617294
v -0.015969 -1.024209 -0.631150
v -0.040838 -1.023000 -0.639710
l 3165 3167
l 3166 3169
l 3170 3168
l 3171 3170
l 3167 3171
l 3172 3165
l 3168 3166
l 3169 3172
v -0.273582 -0.792133 -0.578558
v -0.245622 -0.786650 -0.590295
v -0.252512 -0.784879 -0.594056
v -0.255851 -0.798516 -0.564953
v -0.241850 -0.789634 -0.583915
v -0.266310 -0.797548 -0.566992
v -0.244458 -0.795346 -0.571713
v -0.266062 -0.785717 -0.592254
l 3180 3175
l 3173 3180
l 3176 3178
l 3179 3176
l 3177 3179
l 3174 3177
l 3175 3174
l 3178 3173
v 0.076187 -0.446896 -0.381379
v 0.086867 -0.446885 -0.380301
v 0.099491 -0.446883 -0.392856
v 0.093200 -0.446898 -0.409526
v 0.099078 -0.446885 -0.400796
v 0.095648 -0.446893 -0.385607
v 0.068522 -0.446889 -0.388651
v 0.081379 -0.446886 -0.412623
v 0.068699 -0.446883 -0.403004
l 3188 3189
l 3184 3188
l 3185 3184
l 3183 3185
l 3186 3183
l 3182 3186
l 3187 3181
l 3189 3187
l 3181 3182
v -0.191682 -0.834705 -0.583176
v -0.191680 -0.818725 -0.592627
v -0.191683 -0.850127 -0.596103
v -0.191668 -0.821433 -0.610324
v -0.191682 -0.846126 -0.609936
v -0.191686 -0.817419 -0.599753
v -0.191684 -0.844714 -0.587105
v -0.191688 -0.823915 -0.586687
v -0.191672 -0.832286 -0.616050
l 3194 3198
l 3196 3192
l 3190 3196
l 3197 3190
l 3191 3197
l 3195 3191
l 3193 3195
l 3198 3193
l 3192 3194
v -0.210887 -0.196879 -0.303121
v -0.210889 -0.167015 -0.291176
v -0.210888 -0.181949 -0.278429
v -0.210892 -0.192126 -0.280874
v -0.210887 -0.198783 -0.288924
v -0.210887 -0.184247 -0.311325
v -0.210895 -0.173343 -0.308068
v -0.210893 -0.167369 -0.299215
v -0.210885 -0.171432 -0.283593
l 3204 3199
l 3205 3204
l 3206 3205
l 3200 3206
l 3207 3200
l 3201 3207
l 3202 3201
l 3203 3202
l 3199 3203
v -0.098625 -0.166956 -0.291247
v -0.098630 -0.172757 -0.307611
v -0.098625 -0.170197 -0.284868
v -0.098623 -0.178864 -0.278990
v -0.098624 -0.197934 -0.287280
v -0.098629 -0.167212 -0.298437
v -0.098631 -0.189462 -0.279527
v -0.098633 -0.184163 -0.311180
v -0.098627 -0.197375 -0.302306
l 3209 3215
l 3213 3209
l 3208 3213
l 3211 3210
l 3212 3214
l 3215 3216
l 3210 3208
l 3214 3211
l 3216 3212
v -0.600464 -0.569841 -0.514115
v -0.586062 -0.569841 -0.487152
v -0.582219 -0.569842 -0.494454
v -0.605463 -0.569834 -0.482841
v -0.612975 -0.569833 -0.504614
v -0.613309 -0.569832 -0.490291
v -0.595017 -0.569841 -0.481763
v -0.582719 -0.569840 -0.502501
v -0.588700 -0.569839 -0.511158
l 3225 3224
l 3217 3225
l 3221 3217
l 3222 3221
l 3220 3222
l 3223 3220
l 3218 3223
l 3219 3218
l 3224 3219
v 0.356501 -1.529641 -0.705345
v 0.356497 -1.532253 -0.690272
v 0.356504 -1.528883 -0.697360
v 0.356506 -1.536009 -0.713947
v 0.356512 -1.551536 -0.684952
v 0.356498 -1.559533 -0.691752
v 0.356513 -1.547981 -0.716407
v 0.356513 -1.540734 -0.684430
v 0.356502 -1.560129 -0.706003
l 3233 3227
l 3230 3233
l 3231 3230
l 3232 3234
l 3228 3226
l 3227 3228
l 3229 3232
l 3226 3229
l 3234 3231
v -0.098627 -0.191179 -0.925985
v -0.098623 -0.198678 -0.934608
v -0.098636 -0.171942 -0.952386
v -0.098625 -0.180754 -0.924228
v -0.098627 -0.170917 -0.929835
v -0.098635 -0.183277 -0.956996
v -0.098628 -0.166942 -0.941261
v -0.098627 -0.196449 -0.949502
l 3236 3235
l 3242 3236
l 3240 3242
l 3235 3238
l 3237 3240
l 3241 3237
l 3239 3241
l 3238 3239
v -0.097964 -0.847090 -0.949488
v -0.097966 -0.817867 -0.935952
v -0.097962 -0.823247 -0.953166
v -0.097958 -0.849305 -0.934605
v -0.097965 -0.817813 -0.944130
v -0.097962 -0.841784 -0.926001
v -0.097957 -0.821883 -0.929277
v -0.097952 -0.831438 -0.924210
v -0.097957 -0.833929 -0.957028
l 3246 3248
l 3243 3246
l 3251 3243
l 3247 3245
l 3244 3247
l 3249 3244
l 3248 3250
l 3245 3251
l 3250 3249
v -0.097630 -1.535796 -0.953745
v -0.097624 -1.528672 -0.938378
v -0.097626 -1.551645 -0.924944
v -0.097634 -1.531051 -0.931987
v -0.097635 -1.529681 -0.945412
v -0.097633 -1.546967 -0.956576
v -0.097637 -1.560029 -0.932817
v -0.097631 -1.539772 -0.924786
v -0.097635 -1.559353 -0.947730
l 3260 3258
l 3255 3253
l 3258 3254
l 3252 3257
l 3253 3256
l 3259 3255
l 3254 3259
l 3257 3260
l 3256 3252
v -0.041308 -1.352675 -0.686369
v -0.028079 -1.352268 -0.689260
v -0.020296 -1.352820 -0.685224
v -0.015922 -1.353903 -0.677598
v -0.018749 -1.355785 -0.664233
v -0.040469 -1.356486 -0.659341
v -0.029954 -1.356827 -0.657045
v -0.047654 -1.354725 -0.671789
l 3261 3268
l 3264 3263
l 3265 3264
l 3263 3262
l 3262 3261
l 3267 3265
l 3266 3267
l 3268 3266
v -0.242319 -0.656596 -0.523212
v -0.252496 -0.665917 -0.503334
v -0.246857 -0.653733 -0.529353
v -0.254242 -0.652272 -0.532446
v -0.261158 -0.665906 -0.503347
v -0.267952 -0.653977 -0.528809
v -0.244145 -0.662569 -0.510463
v -0.272836 -0.661269 -0.513240
l 3274 3276
l 3272 3274
l 3271 3272
l 3269 3271
l 3275 3269
l 3270 3275
l 3273 3270
l 3276 3273
v -0.357525 -1.354966 -0.660429
v -0.381718 -1.354984 -0.652641
v -0.361872 -1.354992 -0.654578
v -0.371151 -1.354985 -0.650323
v -0.388486 -1.354981 -0.660745
v -0.373237 -1.354977 -0.683089
v -0.361527 -1.354985 -0.678598
v -0.356740 -1.354980 -0.668487
v -0.386874 -1.354973 -0.674609
l 3277 3284
l 3279 3277
l 3280 3279
l 3285 3281
l 3284 3283
l 3278 3280
l 3281 3278
l 3282 3285
l 3283 3282
v 0.325177 -1.118057 -0.628784
v 0.325073 -1.118078 -0.636750
v 0.312527 -1.118082 -0.617090
v 0.308057 -1.118072 -0.649671
v 0.318943 -1.118075 -0.646469
v 0.321632 -1.118075 -0.622570
v 0.301915 -1.118068 -0.618294
v 0.294146 -1.118074 -0.626174
v 0.295360 -1.118074 -0.641389
l 3289 3294
l 3286 3287
l 3288 3291
l 3292 3288
l 3293 3292
l 3294 3293
l 3290 3289
l 3287 3290
l 3291 3286
v -0.551762 -0.167244 -0.290281
v -0.551758 -0.171286 -0.283588
v -0.551756 -0.198371 -0.287909
v -0.551752 -0.174037 -0.308577
v -0.551755 -0.167545 -0.299379
v -0.551760 -0.191051 -0.280258
v -0.551756 -0.185247 -0.311249
v -0.551759 -0.180621 -0.278579
v -0.551756 -0.197316 -0.302473
l 3298 3301
l 3299 3298
l 3295 3299
l 3296 3295
l 3302 3296
l 3300 3302
l 3297 3300
l 3303 3297
l 3301 3303
v -0.211098 -0.190037 -0.309588
v -0.211098 -0.174100 -0.307596
v -0.211098 -0.167185 -0.294332
v -0.211098 -0.171465 -0.283465
v -0.211098 -0.180932 -0.278713
v -0.211098 -0.192297 -0.281316
v -0.211098 -0.198966 -0.296418
v -0.239386 -0.170651 -0.284457
v -0.239386 -0.179393 -0.278903
v -0.239386 -0.191277 -0.280973
v -0.239386 -0.198938 -0.296536
v -0.239386 -0.188772 -0.310206
v -0.239386 -0.176926 -0.310046
v -0.239386 -0.168486 -0.301729
v -0.239386 -0.166924 -0.292463
vn 0.0598 -0.9599 -0.2740
vn 0.0388 -0.5764 -0.8163
vn 0.0390 -0.8778 -0.4774
vn 0.0354 -0.4022 -0.9149
vn -0.0283 0.2337 -0.9719
vn 0.1473 -0.2740 -0.9504
vn 0.0098 0.7839 0.6209
vn -0.1139 0.8296 -0.5466
vn 0.0204 0.0474 0.9987
vn 0.0292 0.7213 0.6920
vn 0.1256 -0.5271 0.8404
vn 0.1721 -0.1917 0.9662
vn 0.0625 -0.9709 0.2313
vn 0.0652 -0.9712 -0.2293
vn -0.1633 0.7959 0.5831
s 1
usemtl 0.529412_0.549020_0.588235_0.000000_0.000000
f 3306//1254 3307//1255 3311//1256
f 3312//1257 3311//1256 3307//1255
f 3313//1258 3312//1257 3308//1259
f 3314//1260 3313//1258 3309//1261
f 3315//1262 3314//1260 3304//1263
f 3316//1264 3315//1262 3305//1265
f 3317//1266 3316//1264 3305//1265
f 3318//1267 3317//1266 3306//1254
f 3311//1256 3318//1267 3306//1254
f 3305//1265 3306//1254 3317//1266
f 3304//1263 3305//1265 3315//1262
f 3310//1268 3304//1263 3314//1260
f 3309//1261 3310//1268 3314//1260
f 3308//1259 3309//1261 3313//1258
f 3307//1255 3308//1259 3312//1257
v 0.069760 -0.446687 -0.404540
v 0.083160 -0.446687 -0.412828
v 0.094492 -0.446687 -0.408020
v 0.099376 -0.446687 -0.396238
v 0.096226 -0.446687 -0.386386
v 0.088342 -0.446687 -0.380894
v 0.078206 -0.446687 -0.380762
v 0.068766 -0.446687 -0.388711
v 0.099562 -0.418399 -0.396098
v 0.095881 -0.418399 -0.386031
v 0.086782 -0.418399 -0.380474
v 0.075462 -0.418399 -0.381942
v 0.067736 -0.418399 -0.390765
v 0.070346 -0.418399 -0.405620
v 0.084529 -0.418399 -0.412577
v 0.095535 -0.418399 -0.406999
vn -0.6245 0.0049 -0.7810
vn -0.9684 -0.0274 -0.2479
vn -0.9568 -0.0307 -0.2892
vn 0.0627 0.0241 -0.9977
vn -0.5638 0.0178 -0.8257
vn 0.6885 -0.0249 -0.7248
vn 0.0823 -0.0166 -0.9965
vn 0.9891 -0.1383 -0.0511
vn 0.7145 0.0027 -0.6997
vn 0.9710 -0.2365 0.0356
vn 0.8333 -0.4233 0.3556
vn -0.3201 -0.0448 0.9463
vn -0.9197 -0.0027 0.3927
vn -0.4162 -0.0137 0.9092
vn -0.1831 0.0451 0.9821
vn -0.6805 0.0239 -0.7323
s 1
usemtl 0.529412_0.549020_0.588235_0.000000_0.000000
f 3328//1269 3327//1270 3322//1271
f 3329//1272 3328//1269 3324//1273
f 3330//1274 3329//1272 3325//1275
f 3331//1276 3330//1274 3326//1277
f 3331//1276 3326//1277 3319//1278
f 3332//1279 3331//1276 3319//1278
f 3333//1280 3332//1279 3319//1278
f 3334//1281 3333//1280 3321//1282
f 3327//1270 3334//1281 3322//1271
f 3321//1282 3322//1271 3334//1281
f 3320//1283 3321//1282 3333//1280
f 3319//1278 3320//1283 3333//1280
f 3325//1275 3326//1277 3330//1274
f 3324//1273 3325//1275 3329//1272
f 3323//1284 3324//1273 3328//1269
f 3322//1271 3323//1284 3328//1269
v 0.296334 -1.117870 -0.642523
v 0.310782 -1.117870 -0.649345
v 0.321469 -1.117870 -0.643850
v 0.323691 -1.117870 -0.627718
v 0.318320 -1.117870 -0.619406
v 0.311684 -1.117870 -0.617059
v 0.302052 -1.117870 -0.618375
v 0.294065 -1.117870 -0.626472
v 0.325214 -1.089590 -0.632718
v 0.318254 -1.089590 -0.620028
v 0.304630 -1.089590 -0.617475
v 0.294435 -1.089590 -0.626967
v 0.296915 -1.089590 -0.643455
v 0.310174 -1.089590 -0.649659
v 0.320184 -1.089590 -0.645128
vn -0.3458 0.0241 -0.9380
vn -0.9603 -0.0410 0.2761
vn -0.7531 -0.0668 -0.6545
vn 0.1709 0.1478 -0.9741
vn -0.3313 0.0483 -0.9423
vn 0.7732 0.1314 -0.6204
vn 0.6050 0.1695 -0.7780
vn 0.8209 0.0651 -0.5674
vn 0.9966 0.0659 0.0502
vn 0.3642 0.0017 0.9313
vn -0.2499 0.0140 0.9682
vn -0.3604 -0.0481 0.9316
vn -0.5292 0.0570 0.8466
vn -0.8948 -0.1207 0.4298
vn -0.5607 0.0146 -0.8279
s 1
usemtl 0.529412_0.549020_0.588235_0.000000_0.000000
f 3344//1285 3343//1286 3338//1287
f 3345//1288 3344//1285 3340//1289
f 3346//1290 3345//1288 3341//1291
f 3346//1290 3342//1292 3335//1293
f 3347//1294 3346//1290 3335//1293
f 3348//1295 3347//1294 3336//1296
f 3349//1297 3348//1295 3336//1296
f 3343//1286 3349//1297 3337//1298
f 3337//1298 3338//1287 3343//1286
f 3336//1296 3337//1298 3349//1297
f 3335//1293 3336//1296 3347//1294
f 3341//1291 3342//1292 3346//1290
f 3340//1289 3341//1291 3345//1288
f 3339//1299 3340//1289 3344//1285
f 3338//1287 3339//1299 3344//1285
v -0.097828 -1.545813 -0.924056
v -0.097828 -1.559022 -0.931556
v -0.097828 -1.559608 -0.947179
v -0.097828 -1.548172 -0.956348
v -0.097828 -1.539446 -0.955890
v -0.097828 -1.531495 -0.948246
v -0.097828 -1.530461 -0.933455
v -0.097828 -1.535618 -0.926809
v -0.126116 -1.533038 -0.950666
v -0.126116 -1.529108 -0.938384
v -0.126116 -1.536036 -0.926911
v -0.126116 -1.547485 -0.923920
v -0.126116 -1.557839 -0.929540
v -0.126116 -1.560646 -0.943463
v -0.126116 -1.547550 -0.955955
vn -0.1725 -0.4913 0.8537
vn -0.1392 -0.2074 0.9683
vn 0.0253 -0.3741 0.9271
vn 0.1269 -0.9336 -0.3351
vn 0.3557 -0.8813 0.3110
vn 0.0232 -0.3192 -0.9474
vn -0.0462 -0.8302 -0.5556
vn 0.2015 0.2452 -0.9483
vn 0.0092 -0.1924 -0.9813
vn -0.0668 0.5880 -0.8061
vn -0.0949 0.9783 -0.1844
vn 0.2638 0.8960 -0.3572
vn 0.0154 0.6275 0.7785
vn -0.0090 -0.0174 0.9998
vn -0.1086 -0.5861 -0.8029
s 1
usemtl 0.529412_0.549020_0.588235_0.000000_0.000000
f 3358//1300 3364//1301 3354//1302
f 3359//1303 3358//1300 3355//1304
f 3360//1305 3359//1303 3356//1306
f 3361//1307 3360//1305 3350//1308
f 3362//1309 3361//1307 3350//1308
f 3363//1310 3362//1309 3351//1311
f 3364//1301 3363//1310 3352//1312
f 3352//1312 3353//1313 3364//1301
f 3351//1311 3352//1312 3363//1310
f 3350//1308 3351//1311 3362//1309
f 3357//1314 3350//1308 3360//1305
f 3356//1306 3357//1314 3360//1305
f 3355//1304 3356//1306 3359//1303
f 3354//1302 3355//1304 3358//1300
f 3353//1313 3354//1302 3364//1301
v -0.273338 -0.657752 -0.520267
v -0.264464 -0.652636 -0.531190
v -0.247419 -0.653974 -0.528333
v -0.241372 -0.659502 -0.516532
v -0.243908 -0.662860 -0.509365
v -0.250243 -0.665174 -0.504427
v -0.260550 -0.665747 -0.503204
v -0.270791 -0.663187 -0.508671
v -0.242118 -0.635844 -0.500358
v -0.245967 -0.638202 -0.495318
v -0.259892 -0.639955 -0.491577
v -0.272250 -0.636674 -0.498581
v -0.272599 -0.631054 -0.510577
v -0.260751 -0.626583 -0.520122
v -0.249400 -0.627386 -0.518403
v -0.241736 -0.632421 -0.507661
vn -0.9173 0.1688 -0.3606
vn -0.9984 -0.0286 -0.0480
vn -0.9774 0.0889 -0.1920
vn -0.7682 0.2739 -0.5787
vn -0.8802 0.2160 -0.4226
vn 0.4198 0.6388 -0.6448
vn -0.5881 0.3562 -0.7262
vn 0.9571 0.1743 -0.2313
vn 0.6390 0.3355 -0.6922
vn 0.6331 -0.1967 0.7486
vn 0.9713 0.0448 -0.2336
vn -0.0839 -0.4683 0.8796
vn 0.6525 -0.3439 0.6752
vn -0.6319 -0.5164 0.5780
vn -0.2123 -0.5594 0.8013
vn -0.0299 0.5929 -0.8047
s 1
usemtl 0.529412_0.549020_0.588235_0.000000_0.000000
f 3373//1315 3380//1316 3368//1317
f 3374//1318 3373//1315 3369//1319
f 3375//1320 3374//1318 3370//1321
f 3376//1322 3375//1320 3372//1323
f 3377//1324 3376//1322 3365//1325
f 3378//1326 3377//1324 3366//1327
f 3379//1328 3378//1326 3367//1329
f 3380//1316 3379//1328 3367//1329
f 3367//1329 3368//1317 3380//1316
f 3366//1327 3367//1329 3378//1326
f 3365//1325 3366//1327 3377//1324
f 3372//1323 3365//1325 3376//1322
f 3371//1330 3372//1323 3375//1320
f 3370//1321 3371//1330 3375//1320
f 3369//1319 3370//1321 3374//1318
f 3368//1317 3369//1319 3373//1315
v -0.098830 -0.191215 -0.925863
v -0.098830 -0.196205 -0.930372
v -0.098830 -0.198460 -0.945304
v -0.098830 -0.189591 -0.955698
v -0.098830 -0.175800 -0.955093
v -0.098830 -0.168852 -0.948321
v -0.098830 -0.167435 -0.936692
v -0.098830 -0.170114 -0.930446
v -0.098830 -0.180061 -0.925297
v -0.127118 -0.171561 -0.951148
v -0.127118 -0.167358 -0.937199
v -0.127118 -0.173079 -0.927814
v -0.127118 -0.183248 -0.924117
v -0.127118 -0.195500 -0.930272
v -0.127118 -0.197246 -0.947744
v -0.127118 -0.185136 -0.956843
vn 0.2224 0.3723 0.9011
vn -0.0291 -0.1243 0.9918
vn -0.0214 -0.1408 0.9898
vn -0.1824 -0.8977 0.4011
vn -0.2197 -0.9544 -0.2020
vn -0.0508 -0.9673 0.2486
vn 0.0315 -0.7798 -0.6252
vn -0.0181 -0.8919 -0.4519
vn 0.1546 -0.0488 -0.9868
vn -0.2025 0.2220 -0.9538
vn 0.0768 0.4951 -0.8654
vn -0.0366 0.5995 0.7995
vn -0.0640 0.9661 -0.2501
vn 0.0172 0.6968 -0.7171
vn -0.0081 0.4677 -0.8839
vn -0.0145 -0.8168 -0.5767
s 1
usemtl 0.529412_0.549020_0.588235_0.000000_0.000000
f 3384//1331 3385//1332 3396//1333
f 3390//1334 3396//1333 3385//1332
f 3391//1335 3390//1334 3386//1336
f 3392//1337 3391//1335 3387//1338
f 3393//1339 3392//1337 3389//1340
f 3394//1341 3393//1339 3389//1340
f 3395//1342 3394//1341 3383//1343
f 3396//1333 3395//1342 3384//1331
f 3383//1343 3384//1331 3395//1342
f 3382//1344 3383//1343 3394//1341
f 3381//1345 3382//1344 3394//1341
f 3389//1340 3381//1345 3394//1341
f 3388//1346 3389//1340 3392//1337
f 3387//1338 3388//1346 3392//1337
f 3386//1336 3387//1338 3391//1335
f 3385//1332 3386//1336 3390//1334
v 0.356310 -1.533388 -0.711098
v 0.356310 -1.530807 -0.694565
v 0.356310 -1.542054 -0.684260
v 0.356310 -1.556107 -0.688767
v 0.356310 -1.560496 -0.705096
v 0.356310 -1.548094 -0.716156
v 0.328022 -1.546069 -0.684047
v 0.328022 -1.557839 -0.689603
v 0.328022 -1.560645 -0.703527
v 0.328022 -1.548041 -0.716034
v 0.328022 -1.534527 -0.712643
v 0.328022 -1.529284 -0.702036
v 0.328022 -1.533927 -0.688876
vn 0.2170 0.6849 -0.6955
vn 0.0532 0.3309 -0.9422
vn 0.1549 0.3877 -0.9087
vn 0.0695 0.9520 -0.2982
vn 0.0410 -0.2472 0.9681
vn 0.0082 0.6724 0.7401
vn 0.0763 -0.7936 0.6036
vn 0.1100 -0.4412 0.8906
vn 0.0726 -0.9297 0.3612
vn 0.0405 -0.4678 -0.8829
vn 0.4165 -0.8612 -0.2914
vn 0.0539 -0.4311 -0.9007
vn -0.1877 -0.1716 0.9671
s 1
usemtl 0.529412_0.549020_0.588235_0.000000_0.000000
f 3404//1347 3403//1348 3400//1349
f 3405//1350 3404//1347 3400//1349
f 3406//1351 3405//1350 3401//1352
f 3407//1353 3406//1351 3397//1354
f 3408//1355 3407//1353 3397//1354
f 3409//1356 3408//1355 3398//1357
f 3403//1348 3409//1356 3399//1358
f 3398//1357 3399//1358 3409//1356
f 3397//1354 3398//1357 3408//1355
f 3402//1359 3397//1354 3406//1351
f 3401//1352 3402//1359 3406//1351
f 3400//1349 3401//1352 3405//1350
f 3399//1358 3400//1349 3403//1348
v -0.357278 -1.354780 -0.662320
v -0.361686 -1.354780 -0.654739
v -0.372104 -1.354780 -0.650524
v -0.384903 -1.354780 -0.655730
v -0.387208 -1.354780 -0.673157
v -0.373294 -1.354780 -0.682780
v -0.359187 -1.354780 -0.675143
v -0.382835 -1.326500 -0.679129
v -0.369881 -1.326500 -0.682895
v -0.360383 -1.326500 -0.677160
v -0.356664 -1.326500 -0.667969
v -0.358414 -1.326500 -0.659077
v -0.365000 -1.326500 -0.652498
v -0.377842 -1.326500 -0.651204
v -0.387821 -1.326500 -0.661073
vn 0.2978 0.0329 0.9541
vn 0.8493 0.2934 -0.4388
vn 0.9802 -0.1972 -0.0204
vn -0.3396 -0.0812 0.9371
vn -0.3107 -0.1129 0.9438
vn -0.6489 -0.1964 0.7351
vn -0.9964 -0.0211 -0.0818
vn -0.9554 -0.0811 0.2841
vn -0.9125 -0.0432 -0.4069
vn -0.7901 0.0171 -0.6128
vn -0.4805 0.1910 -0.8559
vn -0.7640 -0.0105 -0.6452
vn 0.4040 0.1917 -0.8944
vn -0.3069 -0.0570 -0.9500
vn 0.5142 -0.0199 -0.8575
s 1
usemtl 0.529412_0.549020_0.588235_0.000000_0.000000
f 3417//1360 3424//1361 3414//1362
f 3418//1363 3417//1360 3415//1364
f 3419//1365 3418//1363 3415//1364
f 3420//1366 3419//1365 3416//1367
f 3420//1366 3416//1367 3410//1368
f 3421//1369 3420//1366 3410//1368
f 3422//1370 3421//1369 3411//1371
f 3423//1372 3422//1370 3412//1373
f 3424//1361 3423//1372 3413//1374
f 3413//1374 3414//1362 3424//1361
f 3412//1373 3413//1374 3423//1372
f 3411//1371 3412//1373 3422//1370
f 3410//1368 3411//1371 3421//1369
f 3415//1364 3416//1367 3419//1365
f 3414//1362 3415//1364 3417//1360
v -0.584338 -0.570045 -0.505541
v -0.593049 -0.570045 -0.513345
v -0.606395 -0.570045 -0.511785
v -0.615043 -0.570045 -0.497934
v -0.608562 -0.570045 -0.485609
v -0.595048 -0.570045 -0.481895
v -0.588493 -0.570045 -0.484670
v -0.583424 -0.570045 -0.492144
v -0.614022 -0.598333 -0.492117
v -0.607392 -0.598333 -0.483993
v -0.597438 -0.598333 -0.481511
v -0.587417 -0.598333 -0.486053
v -0.582202 -0.598333 -0.496707
v -0.585101 -0.598333 -0.507055
v -0.598196 -0.598333 -0.513894
v -0.611786 -0.598333 -0.506646
vn 0.8838 0.0210 -0.4674
vn 0.9829 -0.0432 0.1791
vn 0.9830 0.1496 0.1069
vn 0.4409 0.1788 -0.8796
vn 0.3990 0.3121 -0.8622
vn -0.1362 0.1743 -0.9752
vn -0.8056 -0.1045 -0.5831
vn -0.3797 0.0083 -0.9251
vn -0.9884 0.0516 0.1430
vn -0.8332 0.0347 -0.5519
vn -0.5921 -0.0650 0.8033
vn -0.9921 0.0440 0.1173
vn -0.0220 -0.2810 0.9594
vn -0.5619 0.0023 0.8272
vn 0.1970 0.1784 0.9640
vn -0.5672 -0.0300 -0.8230
s 1
usemtl 0.529412_0.549020_0.588235_0.000000_0.000000
f 3433//1375 3440//1376 3428//1377
f 3434//1378 3433//1375 3429//1379
f 3435//1380 3434//1378 3429//1379
f 3436//1381 3435//1380 3430//1382
f 3437//1383 3436//1381 3432//1384
f 3438//1385 3437//1383 3425//1386
f 3439//1387 3438//1385 3426//1388
f 3440//1376 3439//1387 3427//1389
f 3427//1389 3428//1377 3440//1376
f 3426//1388 3427//1389 3439//1387
f 3425//1386 3426//1388 3438//1385
f 3432//1384 3425//1386 3437//1383
f 3431//1390 3432//1384 3436//1381
f 3430//1382 3431//1390 3436//1381
f 3429//1379 3430//1382 3435//1380
f 3428//1377 3429//1379 3433//1375
v -0.242237 -0.789653 -0.584337
v -0.251200 -0.785352 -0.593519
v -0.261654 -0.784958 -0.594363
v -0.272052 -0.788855 -0.586041
v -0.271939 -0.795178 -0.572546
v -0.258396 -0.798352 -0.565771
v -0.244717 -0.795848 -0.571114
v -0.241305 -0.792970 -0.577253
v -0.269808 -0.822098 -0.581763
v -0.259597 -0.824220 -0.577235
v -0.248127 -0.823004 -0.579831
v -0.243144 -0.820782 -0.584563
v -0.241500 -0.816879 -0.592905
v -0.245968 -0.812473 -0.602309
v -0.255844 -0.810452 -0.606622
v -0.266487 -0.811459 -0.604476
v -0.273674 -0.816779 -0.593117
vn 0.5388 0.3450 -0.7686
vn 0.9490 0.0638 -0.3086
vn 0.9376 0.2444 -0.2472
vn -0.1472 0.5165 -0.8436
vn 0.2775 0.6933 -0.6651
vn -0.6757 0.3392 -0.6545
vn -0.8913 0.1941 -0.4098
vn -0.8909 0.1918 -0.4118
vn -0.9766 0.1312 -0.1702
vn -0.9872 0.0503 -0.1516
vn -0.9615 0.0731 0.2650
vn -0.5579 -0.3366 0.7586
vn 0.0766 -0.5064 0.8589
vn -0.4871 -0.1747 0.8557
vn 0.5417 -0.5139 0.6652
vn 0.0857 -0.3955 0.9145
vn 0.6870 -0.1388 0.7133
s 1
usemtl 0.529412_0.549020_0.588235_0.000000_0.000000
f 3449//1391 3457//1392 3445//1393
f 3450//1394 3449//1391 3446//1395
f 3451//1396 3450//1394 3446//1395
f 3452//1397 3451//1396 3447//1398
f 3453//1399 3452//1397 3447//1398
f 3453//1399 3448//1400 3441//1401
f 3454//1402 3453//1399 3441//1401
f 3455//1403 3454//1402 3442//1404
f 3456//1405 3455//1403 3443//1406
f 3457//1392 3456//1405 3444//1407
f 3443//1406 3444//1407 3456//1405
f 3442//1404 3443//1406 3455//1403
f 3441//1401 3442//1404 3454//1402
f 3447//1398 3448//1400 3453//1399
f 3446//1395 3447//1398 3451//1396
f 3445//1393 3446//1395 3449//1391
f 3444//1407 3445//1393 3457//1392
v -0.191474 -0.847184 -0.608185
v -0.191474 -0.850089 -0.595925
v -0.191474 -0.840906 -0.585617
v -0.191474 -0.826245 -0.585224
v -0.191474 -0.820181 -0.590409
v -0.191474 -0.817575 -0.598783
v -0.191474 -0.822233 -0.611054
v -0.191474 -0.832778 -0.615789
v -0.163186 -0.825953 -0.585416
v -0.163186 -0.818495 -0.594122
v -0.163186 -0.818502 -0.604903
v -0.163186 -0.828313 -0.614754
v -0.163186 -0.845026 -0.610804
v -0.163186 -0.850115 -0.596504
v -0.163186 -0.840265 -0.585334
vn 0.0154 -0.6558 -0.7548
vn 0.0283 0.7945 -0.6067
vn 0.0420 -0.0877 -0.9953
vn 0.1084 -0.9673 -0.2293
vn -0.0223 -0.7763 -0.6300
vn 0.1960 -0.9019 0.3850
vn -0.0183 -0.9768 -0.2132
vn 0.1280 -0.5308 0.8377
vn -0.0414 -0.8738 0.4845
vn 0.2611 0.3453 0.9014
vn -0.2699 -0.0676 0.9605
vn 0.0265 0.9996 -0.0048
vn -0.0281 0.9932 0.1131
vn 0.0407 0.9127 -0.4067
vn 0.0052 -0.5919 -0.8060
s 1
usemtl 0.529412_0.549020_0.588235_0.000000_0.000000
f 3466//1408 3472//1409 3460//1410
f 3467//1411 3466//1408 3462//1412
f 3468//1413 3467//1411 3463//1414
f 3469//1415 3468//1413 3464//1416
f 3470//1417 3469//1415 3465//1418
f 3471//1419 3470//1417 3458//1420
f 3472//1409 3471//1419 3459//1421
f 3459//1421 3460//1410 3472//1409
f 3458//1420 3459//1421 3471//1419
f 3465//1418 3458//1420 3470//1417
f 3464//1416 3465//1418 3469//1415
f 3463//1414 3464//1416 3468//1413
f 3462//1412 3463//1414 3467//1411
f 3461//1422 3462//1412 3466//1408
f 3460//1410 3461//1422 3466//1408
v -0.047090 -1.353804 -0.676902
v -0.038219 -1.352234 -0.688065
v -0.019880 -1.352913 -0.683272
v -0.015635 -1.354684 -0.670893
v -0.021732 -1.356089 -0.660821
v -0.036270 -1.356545 -0.657408
v -0.044955 -1.355739 -0.663345
v -0.015395 -1.326374 -0.668985
v -0.017030 -1.327398 -0.661824
v -0.022049 -1.328152 -0.656342
v -0.035025 -1.328555 -0.653503
v -0.045444 -1.327613 -0.660256
v -0.045751 -1.325272 -0.676643
v -0.037045 -1.324102 -0.684971
v -0.020424 -1.324789 -0.680119
vn -0.8395 0.0910 -0.5357
vn -0.9929 0.0662 -0.0988
vn -0.9566 -0.0091 -0.2912
vn -0.7282 0.0543 -0.6832
vn -0.4825 -0.2364 -0.8434
vn -0.0850 0.0933 -0.9920
vn 0.6877 0.2140 -0.6938
vn 0.3616 0.1410 -0.9216
vn 0.5923 -0.1356 0.7942
vn 0.9640 0.0313 -0.2640
vn 0.3685 -0.1454 0.9182
vn 0.4478 -0.3596 0.8186
vn -0.1952 -0.1525 0.9688
vn -0.9605 -0.0673 0.2700
vn 0.6796 0.1256 -0.7228
s 1
usemtl 0.529412_0.549020_0.588235_0.000000_0.000000
f 3481//1423 3480//1424 3476//1425
f 3482//1426 3481//1423 3477//1427
f 3483//1428 3482//1426 3477//1427
f 3484//1429 3483//1428 3478//1430
f 3485//1431 3484//1429 3473//1432
f 3486//1433 3485//1431 3474//1434
f 3487//1435 3486//1433 3474//1434
f 3480//1424 3487//1435 3475//1436
f 3475//1436 3476//1425 3480//1424
f 3474//1434 3475//1436 3487//1435
f 3473//1432 3474//1434 3485//1431
f 3479//1437 3473//1432 3484//1429
f 3478//1430 3479//1437 3484//1429
f 3477//1427 3478//1430 3483//1428
f 3476//1425 3477//1427 3481//1423
v -0.046236 -0.788869 -0.585472
v -0.033819 -0.789927 -0.577987
v -0.019413 -0.789265 -0.582667
v -0.015784 -0.788413 -0.588686
v -0.015523 -0.787505 -0.595112
v -0.021337 -0.786052 -0.605388
v -0.033138 -0.785483 -0.609412
v -0.044841 -0.786556 -0.601828
v -0.015578 -0.815943 -0.596050
v -0.019628 -0.814313 -0.607580
v -0.030344 -0.813500 -0.613322
v -0.040630 -0.813848 -0.610859
v -0.047880 -0.815627 -0.598282
v -0.043263 -0.817432 -0.585509
v -0.032129 -0.818065 -0.581035
v -0.020786 -0.817471 -0.585241
vn -0.8784 -0.2352 0.4161
vn -0.9493 -0.0098 -0.3142
vn -0.9999 0.0099 0.0059
vn 0.0592 -0.2018 0.9776
vn -0.3931 -0.0419 0.9185
vn 0.3985 -0.1045 0.9112
vn 0.0240 0.0027 0.9997
vn 0.9560 -0.1084 -0.2727
vn 0.5921 0.1117 0.7981
vn 0.5217 0.0703 -0.8503
vn 0.9419 0.1905 -0.2767
vn -0.1867 0.3585 -0.9147
vn 0.0160 0.5730 -0.8194
vn -0.7883 0.1858 -0.5865
vn -0.8451 0.0497 -0.5323
vn -0.9596 0.0386 -0.2787
s 1
usemtl 0.529412_0.549020_0.588235_0.000000_0.000000
f 3497//1438 3496//1439 3492//1440
f 3498//1441 3497//1438 3493//1442
f 3499//1443 3498//1441 3494//1444
f 3500//1445 3499//1443 3495//1446
f 3501//1447 3500//1445 3488//1448
f 3502//1449 3501//1447 3489//1450
f 3503//1451 3502//1449 3489//1450
f 3496//1439 3503//1451 3490//1452
f 3491//1453 3492//1440 3496//1439
f 3490//1452 3491//1453 3496//1439
f 3489//1450 3490//1452 3503//1451
f 3488//1448 3489//1450 3501//1447
f 3495//1446 3488//1448 3500//1445
f 3494//1444 3495//1446 3499//1443
f 3493//1442 3494//1444 3498//1441
f 3492//1440 3493//1442 3497//1438
v -0.098162 -0.845124 -0.928783
v -0.098162 -0.849143 -0.944535
v -0.098162 -0.839874 -0.955857
v -0.098162 -0.826414 -0.955092
v -0.098162 -0.819329 -0.948108
v -0.098162 -0.817300 -0.940527
v -0.098162 -0.819453 -0.932916
v -0.098162 -0.829524 -0.925398
v -0.126450 -0.822172 -0.950751
v -0.126450 -0.818501 -0.935379
v -0.126450 -0.824767 -0.926840
v -0.126450 -0.833867 -0.924118
v -0.126450 -0.846144 -0.930241
v -0.126450 -0.848207 -0.946911
v -0.126450 -0.835755 -0.956843
vn 0.1293 0.2261 0.9655
vn -0.0341 -0.1212 0.9920
vn -0.0529 -0.1326 0.9898
vn -0.1163 -0.9661 0.2305
vn -0.0444 -0.8897 -0.4545
vn -0.0281 -0.9996 -0.0080
vn 0.1279 -0.6535 -0.7460
vn 0.0123 -0.9380 -0.3463
vn 0.1168 -0.0619 -0.9912
vn 0.0904 0.2077 -0.9740
vn 0.2834 0.5433 -0.7903
vn -0.0433 0.5776 0.8152
vn 0.0455 0.9516 -0.3039
vn -0.1565 0.8550 -0.4945
vn -0.1687 -0.9163 0.3633
s 1
usemtl 0.529412_0.549020_0.588235_0.000000_0.000000
f 3506//1454 3507//1455 3518//1456
f 3512//1457 3518//1456 3507//1455
f 3513//1458 3512//1457 3509//1459
f 3514//1460 3513//1458 3510//1461
f 3515//1462 3514//1460 3511//1463
f 3516//1464 3515//1462 3511//1463
f 3517//1465 3516//1464 3505//1466
f 3518//1456 3517//1465 3506//1454
f 3505//1466 3506//1454 3517//1465
f 3504//1467 3505//1466 3516//1464
f 3511//1463 3504//1467 3516//1464
f 3510//1461 3511//1463 3514//1460
f 3509//1459 3510//1461 3513//1458
f 3508//1468 3509//1459 3512//1457
f 3507//1455 3508//1468 3512//1457
v -0.015484 -1.024956 -0.627178
v -0.020832 -1.023369 -0.638404
v -0.035142 -1.022782 -0.642550
v -0.046245 -1.024081 -0.633300
v -0.046049 -1.026209 -0.618374
v -0.042140 -1.026913 -0.613657
v -0.031804 -1.027247 -0.610995
v -0.019312 -1.026501 -0.616310
v -0.047357 -1.052741 -0.632693
v -0.043184 -1.054680 -0.619030
v -0.032656 -1.055319 -0.614506
v -0.020610 -1.054706 -0.618870
v -0.015766 -1.053468 -0.627648
v -0.017712 -1.051843 -0.639025
v -0.025124 -1.050945 -0.645359
v -0.040047 -1.051018 -0.644785
vn 0.4730 0.1107 -0.8741
vn 0.9320 -0.0200 -0.3620
vn 0.8248 0.0826 -0.5594
vn -0.1884 0.1998 -0.9616
vn 0.3265 0.1326 -0.9359
vn -0.7633 0.2490 -0.5961
vn -0.9943 -0.1063 -0.0028
vn -0.8839 0.0738 -0.4617
vn -0.8555 -0.2495 0.4538
vn -0.9833 0.1735 0.0551
vn -0.0546 -0.1788 0.9824
vn -0.7961 0.0996 0.5969
vn 0.6406 -0.2361 0.7307
vn -0.0312 -0.0886 0.9956
vn 0.6154 -0.0474 0.7868
vn 0.6069 0.0881 -0.7899
s 1
usemtl 0.529412_0.549020_0.588235_0.000000_0.000000
f 3528//1469 3527//1470 3523//1471
f 3529//1472 3528//1469 3525//1473
f 3530//1474 3529//1472 3525//1473
f 3531//1475 3530//1474 3526//1476
f 3532//1477 3531//1475 3519//1478
f 3533//1479 3532//1477 3520//1480
f 3534//1481 3533//1479 3521//1482
f 3527//1470 3534//1481 3522//1483
f 3521//1482 3522//1483 3534//1481
f 3520//1480 3521//1482 3533//1479
f 3519//1478 3520//1480 3532//1477
f 3526//1476 3519//1478 3531//1475
f 3525//1473 3526//1476 3530//1474
f 3524//1484 3525//1473 3528//1469
f 3523//1471 3524//1484 3528//1469
f 3522//1483 3523//1471 3527//1470
v 0.014774 -1.529304 -0.696020
v 0.014774 -1.535620 -0.687319
v 0.014774 -1.546789 -0.683942
v 0.014774 -1.558722 -0.692016
v 0.014774 -1.559738 -0.707268
v 0.014774 -1.545049 -0.716315
v 0.014774 -1.531170 -0.707591
v -0.013514 -1.560726 -0.703477
v -0.013514 -1.549770 -0.715841
v -0.013514 -1.535883 -0.713530
v -0.013514 -1.529179 -0.702518
v -0.013514 -1.530721 -0.692433
v -0.013514 -1.539079 -0.685546
v -0.013514 -1.554739 -0.687437
vn -0.1908 0.0917 0.9773
vn -0.4041 0.9113 0.0787
vn 0.0490 0.6276 0.7770
vn -0.0116 -0.7653 0.6435
vn 0.1943 -0.2753 0.9415
vn -0.0169 -0.9944 -0.1048
vn 0.2956 -0.8407 0.4536
vn 0.1039 -0.9675 -0.2305
vn -0.0416 -0.8110 -0.5836
vn -0.2731 -0.2699 -0.9233
vn 0.0668 -0.7745 -0.6291
vn -0.1792 0.3623 -0.9147
vn -0.0236 -0.0810 -0.9964
vn 0.4059 0.7575 -0.5113
s 1
usemtl 0.529412_0.549020_0.588235_0.000000_0.000000
f 3543//1485 3542//1486 3539//1487
f 3544//1488 3543//1485 3540//1489
f 3545//1490 3544//1488 3541//1491
f 3545//1490 3541//1491 3535//1492
f 3546//1493 3545//1490 3535//1492
f 3547//1494 3546//1493 3536//1495
f 3548//1496 3547//1494 3537//1497
f 3542//1486 3548//1496 3538//1498
f 3538//1498 3539//1487 3542//1486
f 3537//1497 3538//1498 3548//1496
f 3536//1495 3537//1497 3547//1494
f 3535//1492 3536//1495 3546//1493
f 3540//1489 3541//1491 3544//1488
f 3539//1487 3540//1489 3543//1485
v -0.097828 -1.533388 -0.711098
v -0.097828 -1.530807 -0.694565
v -0.097828 -1.542054 -0.684260
v -0.097828 -1.556107 -0.688767
v -0.097828 -1.560496 -0.705096
v -0.097828 -1.548094 -0.716156
v -0.126116 -1.546069 -0.684047
v -0.126116 -1.557839 -0.689603
v -0.126116 -1.560645 -0.703527
v -0.126116 -1.548041 -0.716034
v -0.126116 -1.534527 -0.712643
v -0.126116 -1.529284 -0.702036
v -0.126116 -1.533927 -0.688876
vn 0.0290 0.6021 -0.7979
vn 0.0536 0.3310 -0.9421
vn 0.1548 0.3877 -0.9087
vn 0.0695 0.9519 -0.2983
vn -0.0205 -0.2486 0.9684
vn 0.0559 0.7008 0.7112
vn 0.0022 -0.8042 0.5944
vn 0.1403 -0.4956 0.8571
vn 0.0726 -0.9297 0.3611
vn 0.0399 -0.4680 -0.8828
vn 0.4166 -0.8613 -0.2910
vn 0.0540 -0.4311 -0.9007
vn -0.1172 -0.1853 0.9757
s 1
usemtl 0.529412_0.549020_0.588235_0.000000_0.000000
f 3556//1499 3555//1500 3552//1501
f 3557//1502 3556//1499 3552//1501
f 3558//1503 3557//1502 3553//1504
f 3559//1505 3558//1503 3549//1506
f 3560//1507 3559//1505 3549//1506
f 3561//1508 3560//1507 3550//1509
f 3555//1500 3561//1508 3551//1510
f 3550//1509 3551//1510 3561//1508
f 3549//1506 3550//1509 3560//1507
f 3554//1511 3549//1506 3558//1503
f 3553//1504 3554//1511 3558//1503
f 3552//1501 3553//1504 3557//1502
f 3551//1510 3552//1501 3555//1500
v -0.098830 -0.176091 -0.309230
v -0.098830 -0.169513 -0.304240
v -0.098830 -0.168077 -0.291707
v -0.098830 -0.178244 -0.279680
v -0.098830 -0.187868 -0.278850
v -0.098830 -0.194862 -0.283592
v -0.098830 -0.198460 -0.299636
v -0.098830 -0.190135 -0.309931
v -0.127118 -0.191811 -0.281356
v -0.127118 -0.198978 -0.296803
v -0.127118 -0.194452 -0.307417
v -0.127118 -0.183754 -0.310745
v -0.127118 -0.169632 -0.303562
v -0.127118 -0.167856 -0.290240
v -0.127118 -0.171911 -0.282750
v -0.127118 -0.178146 -0.279393
vn -0.0008 0.2429 -0.9700
vn 0.0732 -0.4505 -0.8898
vn 0.0754 -0.0467 -0.9961
vn -0.2495 0.9080 0.3365
vn -0.0331 0.6020 -0.7978
vn -0.0258 0.6422 0.7661
vn 0.0669 0.7559 0.6513
vn -0.0533 0.3199 0.9459
vn 0.0306 0.5987 0.8004
vn 0.0087 -0.6908 0.7230
vn -0.0725 -0.9285 0.3641
vn 0.0335 -0.8437 -0.5357
vn 0.1894 -0.9556 0.2258
vn 0.0011 -0.6682 -0.7440
vn -0.0151 -0.8282 0.5602
vn 0.0028 0.2868 -0.9580
s 1
usemtl 0.529412_0.549020_0.588235_0.000000_0.000000
f 3570//1512 3577//1513 3565//1514
f 3571//1515 3570//1512 3567//1516
f 3572//1517 3571//1515 3568//1518
f 3573//1519 3572//1517 3569//1520
f 3573//1519 3569//1520 3562//1521
f 3574//1522 3573//1519 3562//1521
f 3575//1523 3574//1522 3564//1524
f 3576//1525 3575//1523 3564//1524
f 3577//1513 3576//1525 3565//1514
f 3564//1524 3565//1514 3576//1525
f 3563//1526 3564//1524 3574//1522
f 3562//1521 3563//1526 3574//1522
f 3568//1518 3569//1520 3572//1517
f 3567//1516 3568//1518 3571//1515
f 3566//1527 3567//1516 3570//1512
f 3565//1514 3566//1527 3570//1512
v -0.241520 -0.443264 -0.414107
v -0.246075 -0.447192 -0.405721
v -0.255635 -0.449180 -0.401479
v -0.265988 -0.448282 -0.403394
v -0.273339 -0.442507 -0.415722
v -0.267266 -0.436618 -0.428294
v -0.255117 -0.435406 -0.430880
v -0.244821 -0.438169 -0.424981
v -0.273272 -0.415290 -0.407138
v -0.264663 -0.410392 -0.417595
v -0.248973 -0.410995 -0.416307
v -0.241545 -0.415719 -0.406222
v -0.242114 -0.419169 -0.398864
v -0.246306 -0.421703 -0.393450
v -0.259855 -0.423417 -0.389791
v -0.270914 -0.420891 -0.395184
vn 0.1658 -0.3059 0.9375
vn 0.7542 -0.2238 0.6173
vn 0.6899 -0.4838 0.5386
vn -0.4563 -0.0675 0.8873
vn 0.1011 -0.4446 0.8900
vn -0.9991 0.0423 -0.0097
vn -0.9215 -0.2725 0.2766
vn -0.9226 0.1605 -0.3507
vn -0.9264 0.1423 -0.3487
vn -0.7974 0.2642 -0.5425
vn -0.2954 0.3400 -0.8928
vn -0.5143 0.3702 -0.7736
vn 0.8855 0.2890 -0.3640
vn 0.4762 0.2160 -0.8524
vn 0.8734 0.0673 -0.4823
vn 0.0382 0.5444 -0.8380
s 1
usemtl 0.529412_0.549020_0.588235_0.000000_0.000000
f 3587//1528 3586//1529 3583//1530
f 3588//1531 3587//1528 3584//1532
f 3589//1533 3588//1531 3585//1534
f 3590//1535 3589//1533 3578//1536
f 3591//1537 3590//1535 3578//1536
f 3592//1538 3591//1537 3579//1539
f 3593//1540 3592//1538 3581//1541
f 3586//1529 3593//1540 3582//1542
f 3581//1541 3582//1542 3593//1540
f 3580//1543 3581//1541 3592//1538
f 3579//1539 3580//1543 3592//1538
f 3578//1536 3579//1539 3591//1537
f 3585//1534 3578//1536 3589//1533
f 3584//1532 3585//1534 3588//1531
f 3583//1530 3584//1532 3587//1528
f 3582//1542 3583//1530 3586//1529
v -0.551966 -0.176091 -0.309230
v -0.551966 -0.169513 -0.304240
v -0.551966 -0.168077 -0.291707
v -0.551966 -0.178244 -0.279680
v -0.551966 -0.187868 -0.278850
v -0.551966 -0.194862 -0.283592
v -0.551966 -0.198460 -0.299636
v -0.551966 -0.190135 -0.309931
v -0.580254 -0.191811 -0.281356
v -0.580254 -0.198978 -0.296803
v -0.580254 -0.194452 -0.307417
v -0.580254 -0.183754 -0.310745
v -0.580254 -0.169632 -0.303562
v -0.580254 -0.167856 -0.290240
v -0.580254 -0.171911 -0.282750
v -0.580254 -0.178146 -0.279393
vn -0.0008 0.2429 -0.9700
vn 0.0731 -0.4505 -0.8898
vn 0.0354 -0.0401 -0.9986
vn -0.2312 0.9076 0.3505
vn -0.0333 0.6020 -0.7978
vn -0.0257 0.6423 0.7660
vn 0.0375 0.7683 0.6389
vn -0.0533 0.3199 0.9460
vn 0.0306 0.5986 0.8005
vn 0.0087 -0.6907 0.7231
vn -0.0160 -0.9372 0.3485
vn 0.0335 -0.8437 -0.5357
vn 0.1888 -0.9556 0.2261
vn 0.0011 -0.6681 -0.7441
vn -0.0151 -0.8282 0.5602
vn -0.0131 0.2856 -0.9583
s 1
usemtl 0.529412_0.549020_0.588235_0.000000_0.000000
f 3602//1544 3609//1545 3597//1546
f 3603//1547 3602//1544 3599//1548
f 3604//1549 3603//1547 3600//1550
f 3605//1551 3604//1549 3601//1552
f 3605//1551 3601//1552 3594//1553
f 3606//1554 3605//1551 3594//1553
f 3607//1555 3606//1554 3596//1556
f 3608//1557 3607//1555 3596//1556
f 3609//1545 3608//1557 3597//1546
f 3596//1556 3597//1546 3608//1557
f 3595//1558 3596//1556 3606//1554
f 3594//1553 3595//1558 3606//1554
f 3600//1550 3601//1552 3604//1549
f 3599//1548 3600//1550 3603//1547
f 3598//1559 3599//1548 3602//1544
f 3597//1546 3598//1559 3602//1544
v -0.243571 -0.419682 -0.397300
v -0.263554 -0.422894 -0.390437
v -0.273050 -0.417887 -0.401130
v -0.267283 -0.411130 -0.415554
v -0.254282 -0.409728 -0.418526
v -0.242103 -0.414575 -0.408191
v -0.252550 -0.423032 -0.390136
v -0.246310 -0.411473 -0.414825
l 3610 3615
l 3616 3610
l 3616 3611
l 3611 3612
l 3612 3613
l 3614 3613
l 3614 3617
l 3615 3617
v -0.127327 -0.172803 -0.307307
v -0.127326 -0.171550 -0.283690
v -0.127319 -0.180724 -0.278841
v -0.127321 -0.197113 -0.302321
v -0.127328 -0.184296 -0.310943
v -0.127324 -0.167447 -0.290536
v -0.127323 -0.167416 -0.298235
v -0.127319 -0.198135 -0.288047
v -0.127327 -0.191025 -0.280544
l 3623 3624
l 3619 3620
l 3626 3620
l 3625 3621
l 3622 3618
l 3618 3624
l 3623 3619
l 3626 3625
l 3621 3622
v -0.047153 -0.816462 -0.593819
v -0.038015 -0.818085 -0.582348
v -0.020569 -0.817503 -0.586436
v -0.015824 -0.815603 -0.599881
v -0.026546 -0.813838 -0.612392
v -0.040819 -0.814196 -0.609828
v -0.030120 -0.818303 -0.580887
v -0.019371 -0.814491 -0.607740
l 3628 3627
l 3633 3628
l 3633 3629
l 3629 3630
l 3634 3630
l 3631 3634
l 3631 3632
l 3627 3632
v 0.070864 -0.418202 -0.406110
v 0.083183 -0.418204 -0.412683
v 0.092965 -0.418199 -0.409410
v 0.098805 -0.418198 -0.400724
v 0.094202 -0.418202 -0.384475
v 0.084919 -0.418198 -0.380225
v 0.073990 -0.418191 -0.383036
v 0.067357 -0.418204 -0.392278
v 0.098926 -0.418204 -0.391863
l 3635 3642
l 3635 3636
l 3637 3636
l 3637 3638
l 3639 3643
l 3638 3643
l 3639 3640
l 3640 3641
l 3641 3642
v -0.013716 -1.542611 -0.684255
v -0.013709 -1.553041 -0.685932
v -0.013703 -1.560216 -0.693806
v -0.013708 -1.558545 -0.708775
v -0.013717 -1.545726 -0.716480
v -0.013706 -1.529535 -0.704114
v -0.013704 -1.529368 -0.696195
v -0.013707 -1.533251 -0.689414
v -0.013702 -1.534901 -0.712799
l 3651 3650
l 3644 3651
l 3645 3644
l 3646 3645
l 3647 3646
l 3648 3652
l 3649 3652
l 3650 3649
l 3647 3648
v -0.126660 -0.839850 -0.925392
v -0.126658 -0.848468 -0.946291
v -0.126656 -0.836262 -0.956473
v -0.126656 -0.824753 -0.953977
v -0.126663 -0.818540 -0.945754
v -0.126658 -0.820958 -0.930800
v -0.126657 -0.829780 -0.924851
v -0.126661 -0.817703 -0.937862
v -0.126652 -0.848036 -0.932351
l 3653 3659
l 3661 3653
l 3654 3661
l 3655 3654
l 3656 3655
l 3657 3656
l 3660 3658
l 3657 3660
l 3658 3659
v -0.126309 -1.534710 -0.712641
v -0.126310 -1.529470 -0.703879
v -0.126317 -1.542804 -0.684227
v -0.126315 -1.553222 -0.686027
v -0.126306 -1.560180 -0.693499
v -0.126311 -1.559233 -0.707560
v -0.126322 -1.546566 -0.716306
v -0.126315 -1.529418 -0.696025
v -0.126304 -1.533561 -0.689062
l 3668 3662
l 3663 3662
l 3669 3670
l 3664 3670
l 3665 3664
l 3665 3666
l 3667 3666
l 3667 3668
l 3663 3669
v -0.162972 -0.834838 -0.615731
v -0.162975 -0.847786 -0.606980
v -0.162982 -0.848754 -0.592848
v -0.162979 -0.840943 -0.585106
v -0.162978 -0.829469 -0.584054
v -0.162973 -0.818042 -0.603076
v -0.162979 -0.823232 -0.587127
v -0.162979 -0.819126 -0.593004
v -0.162979 -0.823665 -0.612320
l 3673 3672
l 3674 3673
l 3675 3674
l 3671 3672
l 3675 3677
l 3677 3678
l 3678 3676
l 3679 3671
l 3676 3679
v -0.126315 -1.553223 -0.925961
v -0.126305 -1.560165 -0.933418
v -0.126312 -1.559221 -0.947488
v -0.126321 -1.546376 -0.956264
v -0.126311 -1.534632 -0.952498
v -0.126306 -1.529451 -0.943747
v -0.126312 -1.541731 -0.924489
v -0.126312 -1.529211 -0.936637
v -0.126308 -1.532468 -0.930238
l 3680 3681
l 3682 3681
l 3682 3683
l 3683 3684
l 3685 3684
l 3688 3687
l 3686 3688
l 3686 3680
l 3685 3687
v -0.016212 -1.052582 -0.635122
v -0.026657 -1.051070 -0.645969
v -0.040842 -1.051428 -0.643338
v -0.047032 -1.053730 -0.627062
v -0.037844 -1.055327 -0.615796
v -0.019281 -1.054509 -0.621527
v -0.019919 -1.051629 -0.641972
v -0.029270 -1.055514 -0.614567
l 3695 3689
l 3695 3690
l 3692 3691
l 3693 3692
l 3694 3696
l 3689 3694
l 3690 3691
l 3693 3696
v -0.127323 -0.197853 -0.946367
v -0.127327 -0.185101 -0.956375
v -0.127325 -0.172298 -0.952361
v -0.127321 -0.167194 -0.941333
v -0.127324 -0.179164 -0.924849
v -0.127321 -0.197316 -0.932148
v -0.127323 -0.189428 -0.925465
v -0.127327 -0.170438 -0.930663
l 3703 3701
l 3702 3703
l 3697 3702
l 3698 3697
l 3699 3700
l 3704 3700
l 3698 3699
l 3704 3701
v -0.239592 -0.196744 -0.302980
v -0.239592 -0.184318 -0.311048
v -0.239598 -0.173483 -0.307855
v -0.239593 -0.167627 -0.299150
v -0.239588 -0.180163 -0.278942
v -0.239596 -0.190364 -0.280225
v -0.239591 -0.198120 -0.288255
v -0.239594 -0.167293 -0.291152
v -0.239589 -0.171062 -0.284239
l 3707 3706
l 3708 3707
l 3708 3712
l 3709 3713
l 3711 3710
l 3705 3706
l 3709 3710
l 3711 3705
l 3712 3713
v -0.267236 -0.627810 -0.517024
v -0.254143 -0.626407 -0.520017
v -0.242108 -0.631233 -0.509710
v -0.245345 -0.637178 -0.497036
v -0.263672 -0.639545 -0.491991
v -0.273052 -0.634550 -0.502635
v -0.255218 -0.640053 -0.490861
v -0.246315 -0.628137 -0.516320
l 3719 3714
l 3715 3714
l 3721 3715
l 3716 3721
l 3720 3717
l 3720 3718
l 3716 3717
l 3718 3719
v -0.041505 -1.324373 -0.681709
v -0.028122 -1.323895 -0.685011
v -0.016736 -1.325293 -0.675279
v -0.017866 -1.327165 -0.662040
v -0.028199 -1.328329 -0.653587
v -0.038926 -1.328172 -0.654776
v -0.047199 -1.326568 -0.666224
v -0.021090 -1.324389 -0.681690
l 3722 3728
l 3723 3722
l 3723 3729
l 3724 3729
l 3725 3724
l 3726 3725
l 3726 3727
l 3728 3727
v -0.580463 -0.174165 -0.308348
v -0.580463 -0.167880 -0.289862
v -0.580455 -0.172666 -0.282413
v -0.580457 -0.180725 -0.278843
v -0.580458 -0.197089 -0.302338
v -0.580463 -0.185069 -0.311001
v -0.580452 -0.198166 -0.288105
v -0.580462 -0.167865 -0.299913
v -0.580459 -0.191092 -0.280574
l 3731 3737
l 3731 3732
l 3732 3733
l 3738 3733
l 3736 3734
l 3735 3730
l 3730 3737
l 3738 3736
l 3734 3735
v 0.327825 -1.536039 -0.713654
v 0.327830 -1.529974 -0.705693
v 0.327831 -1.533453 -0.689192
v 0.327822 -1.542804 -0.684226
v 0.327826 -1.553166 -0.685995
v 0.327839 -1.560142 -0.693419
v 0.327824 -1.559229 -0.707617
v 0.327821 -1.547297 -0.716337
v 0.327823 -1.529255 -0.696923
l 3740 3739
l 3747 3741
l 3742 3741
l 3743 3742
l 3743 3744
l 3745 3744
l 3745 3746
l 3746 3739
l 3740 3747
v -0.357973 -1.326298 -0.660662
v -0.369799 -1.326303 -0.650796
v -0.380084 -1.326301 -0.652068
v -0.387474 -1.326291 -0.659152
v -0.387305 -1.326301 -0.673101
v -0.374790 -1.326294 -0.682700
v -0.363180 -1.326291 -0.679672
v -0.357436 -1.326282 -0.671178
v -0.362579 -1.326310 -0.654012
l 3749 3756
l 3750 3749
l 3751 3750
l 3751 3752
l 3753 3752
l 3754 3753
l 3755 3754
l 3755 3748
l 3748 3756
v -0.241722 -0.816346 -0.594531
v -0.254251 -0.810789 -0.606395
v -0.267297 -0.812206 -0.603344
v -0.273000 -0.818953 -0.588945
v -0.263774 -0.823902 -0.578401
v -0.246390 -0.822082 -0.582278
v -0.256068 -0.824510 -0.577094
v -0.245810 -0.812756 -0.602155
l 3764 3757
l 3758 3764
l 3759 3758
l 3760 3759
l 3761 3760
l 3761 3763
l 3763 3762
l 3762 3757
v -0.582880 -0.598539 -0.502127
v -0.588852 -0.598546 -0.510958
v -0.600517 -0.598538 -0.513847
v -0.612895 -0.598534 -0.504254
v -0.612973 -0.598541 -0.490211
v -0.605461 -0.598546 -0.483140
v -0.595076 -0.598543 -0.482013
v -0.586127 -0.598540 -0.487452
v -0.582475 -0.598539 -0.494500
l 3773 3772
l 3766 3767
l 3767 3768
l 3768 3769
l 3769 3770
l 3771 3772
l 3773 3765
l 3765 3766
l 3770 3771
v 0.294873 -1.089383 -0.639857
v 0.306296 -1.089379 -0.649195
v 0.317371 -1.089383 -0.647197
v 0.324096 -1.089377 -0.639276
v 0.324651 -1.089378 -0.628882
v 0.320360 -1.089379 -0.621398
v 0.312352 -1.089386 -0.617335
v 0.302231 -1.089384 -0.618441
v 0.294646 -1.089395 -0.625524
l 3775 3774
l 3775 3776
l 3776 3777
l 3778 3777
l 3779 3778
l 3779 3780
l 3781 3780
l 3781 3782
l 3774 3782
v -0.162852 -0.825303 -0.586907
v -0.162852 -0.838120 -0.584824
v -0.162852 -0.848238 -0.595146
v -0.162852 -0.819243 -0.593815
v -0.162852 -0.818998 -0.603298
v -0.162852 -0.826879 -0.613470
v -0.162852 -0.842297 -0.611871
l 3785 3784
l 3784 3783
l 3783 3786
l 3786 3787
l 3788 3789
l 3787 3788
l 3789 3785
v -0.126450 -1.555854 -0.951055
v -0.126450 -1.542732 -0.955498
v -0.126450 -1.532025 -0.947357
v -0.126450 -1.544116 -0.925163
v -0.126450 -1.532083 -0.932209
v -0.126450 -1.555928 -0.928263
v -0.126450 -1.560532 -0.936911
l 3791 3792
l 3796 3790
l 3792 3794
l 3790 3791
l 3794 3793
l 3793 3795
l 3795 3796
v -0.017303 -1.052530 -0.636494
v -0.027353 -1.051255 -0.645620
v -0.040734 -1.051652 -0.642808
v -0.028067 -1.055497 -0.615659
v -0.046507 -1.053796 -0.627689
v -0.037925 -1.055417 -0.616203
v -0.018603 -1.054441 -0.623133
v -0.021878 -1.051725 -0.642355
vn -0.0122 0.9895 0.1438
vn 0.0019 0.9904 0.1383
vn -0.0021 0.9895 0.1444
s 1
usemtl 0.529412_0.549020_0.588235_0.000000_0.000000
f 3797//1560 3798//1561 3804//1562
l 3799 3801
l 3801 3802
l 3798 3799
l 3802 3800
l 3797 3803
l 3800 3803
v -0.126450 -1.537731 -0.685802
v -0.126450 -1.544155 -0.684888
v -0.126450 -1.557220 -0.690249
v -0.126450 -1.532083 -0.692273
v -0.126450 -1.560698 -0.702159
v -0.126450 -1.541558 -0.715740
v -0.126450 -1.552509 -0.713614
v -0.126450 -1.532275 -0.707624
vn 1.0000 -0.0000 -0.0000
s 1
usemtl 0.529412_0.549020_0.588235_0.000000_0.000000
f 3808//1563 3805//1563 3806//1563
l 3806 3807
l 3812 3808
l 3807 3809
l 3809 3811
l 3811 3810
l 3810 3812
v -0.357718 -1.326160 -0.663708
v -0.364481 -1.326160 -0.653703
v -0.388736 -1.326160 -0.665594
v -0.382482 -1.326160 -0.678811
v -0.369210 -1.326160 -0.681877
v -0.379695 -1.326160 -0.653401
v -0.359771 -1.326160 -0.674564
l 3818 3815
l 3815 3816
l 3816 3817
l 3817 3819
l 3819 3813
l 3813 3814
l 3814 3818
v -0.261140 -0.422865 -0.390181
v -0.272072 -0.418239 -0.400057
v -0.272961 -0.413770 -0.409600
v -0.242902 -0.414230 -0.408613
v -0.264303 -0.410704 -0.416141
v -0.250441 -0.410498 -0.416581
v -0.246905 -0.420706 -0.394794
vn -0.0003 -0.9056 -0.4240
vn 0.0001 -0.9057 -0.4239
vn -0.0005 -0.9054 -0.4245
s 1
usemtl 0.529412_0.549020_0.588235_0.000000_0.000000
f 3821//1564 3822//1565 3824//1566
l 3820 3821
l 3824 3825
l 3826 3823
l 3825 3823
l 3826 3820
v -0.251803 -0.811496 -0.605182
v -0.265477 -0.812114 -0.603865
v -0.273086 -0.815075 -0.597542
v -0.272173 -0.819153 -0.588837
v -0.263372 -0.823843 -0.578829
v -0.246811 -0.821885 -0.583005
v -0.255292 -0.824104 -0.578267
v -0.243209 -0.815443 -0.596755
vn 0.0012 0.9056 0.4242
vn -0.0007 0.9058 0.4238
vn 0.0007 0.9054 0.4246
vn -0.0004 0.9059 0.4235
vn 0.0005 0.9051 0.4253
vn 0.0003 0.9051 0.4252
s 1
usemtl 0.529412_0.549020_0.588235_0.000000_0.000000
f 3830//1567 3828//1568 3829//1569
f 3831//1570 3832//1571 3833//1572
l 3830 3831
l 3827 3828
l 3832 3834
l 3834 3827
v -0.126784 -0.848176 -0.943776
v -0.126784 -0.835887 -0.955875
v -0.126784 -0.821188 -0.947736
v -0.126784 -0.820479 -0.932674
v -0.126784 -0.830813 -0.925423
v -0.126784 -0.842692 -0.927725
l 3835 3836
l 3836 3837
l 3837 3838
l 3838 3839
l 3839 3840
l 3840 3835
v 0.298330 -1.089250 -0.645123
v 0.294137 -1.089250 -0.634779
v 0.323516 -1.089250 -0.636738
v 0.322557 -1.089250 -0.624736
v 0.314203 -1.089250 -0.618676
v 0.301248 -1.089250 -0.619843
v 0.310747 -1.089250 -0.648227
l 3847 3843
l 3843 3844
l 3844 3845
l 3845 3846
l 3846 3842
l 3842 3841
l 3841 3847
v -0.580588 -0.176484 -0.308533
v -0.580588 -0.168016 -0.298445
v -0.580588 -0.169701 -0.287280
v -0.580588 -0.194595 -0.284778
v -0.580588 -0.180402 -0.279701
v -0.580588 -0.199258 -0.296193
v -0.580588 -0.192671 -0.306651
l 3850 3852
l 3852 3851
l 3849 3850
l 3851 3853
l 3853 3854
l 3854 3848
l 3848 3849
v -0.016396 -1.325644 -0.671616
v -0.037533 -1.328028 -0.654829
v -0.046794 -1.326363 -0.666548
v -0.024351 -1.324114 -0.682539
v -0.021497 -1.327462 -0.658805
v -0.031003 -1.328130 -0.654032
v -0.039374 -1.324210 -0.681829
vn -0.0017 -0.9889 -0.1486
vn -0.0003 -0.9899 -0.1414
vn 0.0010 -0.9898 -0.1425
s 1
usemtl 0.529412_0.549020_0.588235_0.000000_0.000000
f 3859//1573 3856//1574 3860//1575
l 3858 3855
l 3855 3859
l 3861 3858
l 3856 3857
l 3857 3861
v -0.593474 -0.598667 -0.512668
v -0.614314 -0.598667 -0.497761
v -0.612679 -0.598667 -0.489412
v -0.584583 -0.598667 -0.491722
v -0.607887 -0.598667 -0.509901
v -0.602815 -0.598667 -0.483992
v -0.590445 -0.598667 -0.484274
v -0.584539 -0.598667 -0.504109
vn -0.0000 1.0000 -0.0000
s 1
usemtl 0.529412_0.549020_0.588235_0.000000_0.000000
f 3867//1576 3863//1576 3864//1576
l 3866 3863
l 3862 3866
l 3867 3868
l 3865 3869
l 3868 3865
l 3869 3862
v 0.087542 -0.418065 -0.411330
v 0.097693 -0.418065 -0.399908
v 0.079627 -0.418065 -0.381346
v 0.093145 -0.418065 -0.384775
v 0.068539 -0.418065 -0.393282
v 0.073468 -0.418065 -0.408425
l 3870 3871
l 3871 3873
l 3873 3872
l 3872 3874
l 3874 3875
l 3875 3870
v 0.327688 -1.537731 -0.685802
v 0.327688 -1.544155 -0.684888
v 0.327688 -1.557220 -0.690249
v 0.327688 -1.532083 -0.692273
v 0.327688 -1.560698 -0.702159
v 0.327688 -1.541558 -0.715740
v 0.327688 -1.552509 -0.713614
v 0.327688 -1.532275 -0.707624
vn 1.0000 -0.0000 -0.0000
s 1
usemtl 0.529412_0.549020_0.588235_0.000000_0.000000
f 3879//1577 3876//1577 3877//1577
l 3877 3878
l 3883 3879
l 3878 3880
l 3880 3882
l 3882 3881
l 3881 3883
v -0.019235 -0.814770 -0.606736
v -0.021619 -0.817570 -0.586922
v -0.016346 -0.815668 -0.600380
v -0.026139 -0.814103 -0.611440
v -0.039941 -0.814333 -0.609812
v -0.046291 -0.816681 -0.593213
v -0.036675 -0.818212 -0.582388
l 3886 3884
l 3884 3887
l 3890 3885
l 3885 3886
l 3887 3888
l 3888 3889
l 3889 3890
v -0.013848 -1.538195 -0.686364
v -0.013848 -1.548424 -0.715302
v -0.013848 -1.541277 -0.716274
v -0.013848 -1.553499 -0.687908
v -0.013848 -1.559462 -0.704805
v -0.013848 -1.530978 -0.694571
v -0.013848 -1.532285 -0.707955
vn 1.0000 -0.0000 -0.0000
s 1
usemtl 0.529412_0.549020_0.588235_0.000000_0.000000
f 3897//1578 3892//1578 3893//1578
l 3894 3895
l 3895 3892
l 3897 3896
l 3896 3891
l 3891 3894
v -0.239720 -0.180581 -0.311100
v -0.239720 -0.169478 -0.288130
v -0.239720 -0.198322 -0.288114
v -0.239720 -0.177037 -0.280282
v -0.239720 -0.171189 -0.303330
v -0.239720 -0.188671 -0.281070
v -0.239720 -0.198018 -0.297959
v -0.239720 -0.188238 -0.309476
vn 1.0000 -0.0000 -0.0000
s 1
usemtl 0.529412_0.549020_0.588235_0.000000_0.000000
f 3904//1579 3903//1579 3900//1579
f 3902//1579 3905//1579 3898//1579
l 3902 3899
l 3899 3901
l 3901 3903
l 3904 3905
v -0.127452 -0.176484 -0.308533
v -0.127452 -0.168016 -0.298445
v -0.127452 -0.169701 -0.287280
v -0.127452 -0.194595 -0.284778
v -0.127452 -0.180402 -0.279701
v -0.127452 -0.199258 -0.296193
v -0.127452 -0.192671 -0.306651
l 3908 3910
l 3910 3909
l 3907 3908
l 3909 3911
l 3911 3912
l 3912 3906
l 3906 3907
v -0.127452 -0.197111 -0.932931
v -0.127452 -0.170286 -0.931933
v -0.127452 -0.195717 -0.948574
v -0.127452 -0.181136 -0.955930
v -0.127452 -0.169175 -0.946065
v -0.127452 -0.183105 -0.925705
l 3916 3917
l 3915 3916
l 3917 3914
l 3914 3918
l 3918 3913
l 3913 3915
v -0.265558 -0.627487 -0.517403
v -0.250879 -0.627090 -0.518252
v -0.247179 -0.637534 -0.495961
v -0.242923 -0.631096 -0.509700
v -0.262164 -0.639330 -0.492123
v -0.271758 -0.635675 -0.499926
v -0.272847 -0.630874 -0.510176
l 3920 3922
l 3922 3921
l 3921 3923
l 3923 3924
l 3924 3925
l 3925 3919
l 3919 3920
v -0.246770 -0.821409 -0.584342
v -0.255333 -0.824107 -0.578544
v -0.244267 -0.815187 -0.597620
v -0.261635 -0.823833 -0.579187
v -0.252239 -0.811935 -0.604571
v -0.265341 -0.812544 -0.603256
v -0.271319 -0.819084 -0.589298
l 3929 3932
l 3928 3926
l 3927 3929
l 3926 3927
l 3930 3928
l 3931 3930
l 3932 3931
v -0.162724 -0.823677 -0.610374
v -0.162727 -0.819283 -0.599561
v -0.162718 -0.834692 -0.614368
v -0.162720 -0.824466 -0.588488
v -0.162718 -0.845280 -0.590148
v -0.162721 -0.835747 -0.584997
v -0.162722 -0.847025 -0.604715
l 3936 3938
l 3934 3936
l 3933 3934
l 3935 3933
l 3939 3935
l 3937 3939
l 3938 3937
v -0.126908 -0.834042 -0.955390
v -0.126904 -0.823822 -0.951340
v -0.126923 -0.819885 -0.934993
v -0.126912 -0.825129 -0.928985
v -0.126908 -0.837202 -0.926103
v -0.126906 -0.819177 -0.941441
v -0.126911 -0.846249 -0.932260
v -0.126911 -0.846425 -0.946908
l 3941 3940
l 3945 3941
l 3942 3945
l 3943 3942
l 3944 3943
l 3947 3946
l 3946 3944
l 3940 3947
v -0.021679 -1.327180 -0.659784
v -0.045504 -1.326236 -0.666384
v -0.039741 -1.324155 -0.681218
v -0.020918 -1.324363 -0.679588
v -0.035666 -1.327860 -0.655101
v -0.026207 -1.323936 -0.682786
v -0.017926 -1.325137 -0.674131
l 3949 3952
l 3953 3950
l 3950 3949
l 3951 3953
l 3954 3951
l 3952 3948
l 3948 3954
v -0.580714 -0.183464 -0.309715
v -0.580716 -0.172826 -0.305159
v -0.580717 -0.186618 -0.280468
v -0.580719 -0.195522 -0.286450
v -0.580718 -0.195795 -0.301310
v -0.580714 -0.168933 -0.292686
v -0.580717 -0.175608 -0.282300
l 3958 3957
l 3959 3958
l 3955 3959
l 3956 3955
l 3960 3956
l 3961 3960
l 3957 3961
v -0.127573 -0.171637 -0.303796
v -0.127576 -0.186587 -0.280436
v -0.127580 -0.195854 -0.287152
v -0.127579 -0.194969 -0.302668
v -0.127576 -0.181721 -0.309634
v -0.127580 -0.168951 -0.291895
v -0.127577 -0.175607 -0.282295
l 3965 3964
l 3966 3965
l 3962 3966
l 3967 3962
l 3963 3968
l 3964 3963
l 3968 3967
v -0.385063 -1.326032 -0.674002
v -0.362403 -1.326035 -0.677004
v -0.358270 -1.326030 -0.666742
v -0.364245 -1.326033 -0.655326
v -0.377021 -1.326028 -0.652481
v -0.385755 -1.326032 -0.659101
v -0.372091 -1.326032 -0.681529
l 3975 3969
l 3970 3975
l 3971 3970
l 3972 3971
l 3973 3972
l 3974 3973
l 3969 3974
v -0.025650 -0.814351 -0.610608
v -0.037243 -0.818185 -0.583531
v -0.026264 -0.818168 -0.583644
v -0.018194 -0.816998 -0.591929
v -0.018444 -0.815389 -0.603323
v -0.038034 -0.814425 -0.610128
v -0.045746 -0.816446 -0.595827
l 3981 3976
l 3982 3981
l 3980 3979
l 3976 3980
l 3977 3982
l 3978 3977
l 3979 3978
v -0.045508 -1.053923 -0.627828
v -0.029458 -1.055570 -0.615909
v -0.018392 -1.052676 -0.636710
v -0.026554 -1.051564 -0.644436
v -0.039491 -1.051781 -0.642896
v -0.035845 -1.055498 -0.616591
v -0.020762 -1.054687 -0.622431
l 3988 3983
l 3989 3984
l 3987 3986
l 3984 3988
l 3985 3989
l 3986 3985
l 3983 3987
v -0.127571 -0.171635 -0.949465
v -0.127581 -0.175019 -0.928472
v -0.127577 -0.181648 -0.955293
v -0.127579 -0.168710 -0.938276
v -0.127576 -0.187499 -0.926441
v -0.127580 -0.196386 -0.933510
v -0.127578 -0.194955 -0.948372
l 3990 3992
l 3993 3990
l 3991 3993
l 3994 3991
l 3995 3994
l 3996 3995
l 3992 3996
v 0.327547 -1.557749 -0.692204
v 0.327547 -1.530746 -0.698944
v 0.327551 -1.537001 -0.688228
v 0.327563 -1.548561 -0.685841
v 0.327555 -1.544408 -0.714951
v 0.327540 -1.534082 -0.709885
v 0.327548 -1.557754 -0.706680
l 4003 3997
l 4001 4003
l 3999 3998
l 4000 3999
l 4002 4001
l 3997 4000
l 3998 4002
v 0.323712 -1.089136 -0.631639
v 0.307717 -1.089129 -0.618604
v 0.296778 -1.089132 -0.625049
v 0.320830 -1.089130 -0.642141
v 0.310276 -1.089135 -0.647895
v 0.318550 -1.089128 -0.621918
v 0.297073 -1.089135 -0.640502
l 4009 4004
l 4005 4009
l 4006 4005
l 4010 4006
l 4008 4010
l 4007 4008
l 4004 4007
v 0.079035 -0.417935 -0.382168
v 0.070474 -0.417934 -0.388728
v 0.083729 -0.417934 -0.411190
v 0.097932 -0.417940 -0.396273
v 0.071013 -0.417939 -0.403365
v 0.093916 -0.417935 -0.406551
v 0.091973 -0.417937 -0.385006
l 4012 4011
l 4013 4015
l 4017 4014
l 4011 4017
l 4015 4012
l 4016 4013
l 4014 4016
v -0.255270 -0.422579 -0.390467
v -0.252203 -0.410414 -0.416432
v -0.261611 -0.422301 -0.391063
v -0.244312 -0.413594 -0.409672
v -0.265194 -0.410993 -0.415216
v -0.246712 -0.419876 -0.396247
v -0.271366 -0.417456 -0.401405
l 4019 4022
l 4021 4019
l 4023 4021
l 4018 4023
l 4022 4024
l 4020 4018
l 4024 4020
v -0.600240 -0.598796 -0.483319
v -0.583883 -0.598785 -0.499490
v -0.589065 -0.598794 -0.509231
v -0.599429 -0.598798 -0.512692
v -0.610456 -0.598798 -0.489049
v -0.588071 -0.598797 -0.487844
v -0.611186 -0.598794 -0.503906
l 4029 4031
l 4025 4029
l 4030 4025
l 4026 4030
l 4027 4026
l 4028 4027
l 4031 4028
v -0.126592 -1.557682 -0.692100
v -0.126579 -1.548523 -0.685830
v -0.126597 -1.534081 -0.709885
v -0.126589 -1.557723 -0.706764
v -0.126581 -1.544383 -0.714964
v -0.126585 -1.536435 -0.688783
v -0.126594 -1.530594 -0.699599
l 4035 4032
l 4036 4035
l 4033 4037
l 4034 4036
l 4032 4033
l 4038 4034
l 4037 4038
v -0.013978 -1.545653 -0.715108
v -0.013989 -1.557491 -0.691826
v -0.013987 -1.534445 -0.709939
v -0.013985 -1.530720 -0.698226
v -0.013979 -1.536583 -0.688505
v -0.013979 -1.548241 -0.685785
v -0.013985 -1.557951 -0.706429
l 4039 4045
l 4044 4043
l 4042 4041
l 4043 4042
l 4045 4040
l 4041 4039
l 4040 4044
v -0.126587 -1.535917 -0.929344
v -0.126590 -1.557688 -0.932029
v -0.126581 -1.545286 -0.955020
v -0.126581 -1.548735 -0.925832
v -0.126593 -1.535163 -0.950951
v -0.126594 -1.530587 -0.940970
v -0.126590 -1.557759 -0.946633
l 4050 4048
l 4049 4046
l 4052 4047
l 4048 4052
l 4051 4050
l 4046 4051
l 4047 4049
v -0.239843 -0.173854 -0.283860
v -0.239843 -0.185949 -0.280334
v -0.239840 -0.168555 -0.294941
v -0.239841 -0.182449 -0.309714
v -0.239842 -0.172543 -0.305046
v -0.239847 -0.195569 -0.286698
v -0.239845 -0.195208 -0.302326
l 4054 4053
l 4058 4054
l 4059 4058
l 4056 4059
l 4057 4056
l 4055 4057
l 4053 4055
v -0.271362 -0.634169 -0.502828
v -0.251651 -0.627239 -0.517634
v -0.243729 -0.630910 -0.509782
v -0.247180 -0.636885 -0.497020
v -0.260956 -0.638993 -0.492521
v -0.265457 -0.627730 -0.516565
l 4063 4062
l 4060 4064
l 4065 4060
l 4062 4061
l 4064 4063
l 4061 4065
v -0.048270 -1.531740 -0.693984
v -0.049582 -1.542711 -0.685979
v -0.049582 -1.553769 -0.688231
v -0.049582 -1.559222 -0.701315
v -0.049582 -1.552306 -0.713446
v -0.046836 -1.536278 -0.711186
v -0.014182 -1.556945 -0.708024
v -0.014182 -1.543282 -0.714614
v -0.015336 -1.531649 -0.704472
v -0.014182 -1.544233 -0.685779
v -0.014182 -1.556666 -0.691451
v -0.030762 -1.544962 -0.685384
v -0.021619 -1.537648 -0.687618
v -0.015506 -1.532871 -0.692657
v -0.022441 -1.535094 -0.711052
v -0.034386 -1.540031 -0.714163
v -0.048287 -1.530677 -0.700605
v -0.042905 -1.537475 -0.688305
vn 0.1915 -0.1385 0.9717
vn -0.0286 -0.0011 0.9996
vn -0.0535 0.3054 0.9507
vn 0.3209 0.5490 0.7718
vn -0.3928 0.8956 -0.2089
vn 0.2393 0.6881 -0.6850
vn -0.0400 0.3390 -0.9399
vn 0.2294 -0.0306 -0.9729
vn -0.0157 0.1683 -0.9856
vn 0.0024 -0.0137 -0.9999
vn 0.0507 -0.3896 -0.9196
vn -0.0174 -0.5699 -0.8215
vn -0.0143 -0.5755 0.8177
vn 0.0040 -0.5305 0.8477
vn -0.0143 -0.2627 0.9648
vn 0.0478 -0.0635 -0.9968
s 1
usemtl 0.529412_0.549020_0.588235_0.000000_0.000000
f 4073//1580 4071//1581 4070//1582
f 4070//1582 4072//1583 4073//1580
f 4072//1583 4070//1582 4069//1584
f 4069//1584 4076//1585 4072//1583
f 4076//1585 4069//1584 4068//1586
f 4068//1586 4075//1587 4076//1585
f 4075//1587 4068//1586 4067//1588
f 4075//1587 4077//1589 4078//1590
f 4078//1590 4079//1591 4075//1587
f 4073//1580 4074//1592 4080//1593
f 4073//1580 4080//1593 4081//1594
f 4081//1594 4071//1581 4073//1580
f 4083//1595 4077//1589 4067//1588
f 4075//1587 4067//1588 4077//1589
l 4074 4079
l 4071 4082
l 4066 4083
l 4066 4082
v -0.029167 -1.288589 -0.678536
v -0.019493 -1.289562 -0.671640
v -0.018351 -1.291360 -0.658924
v -0.027384 -1.292534 -0.650611
v -0.020185 -1.326897 -0.660452
v -0.029166 -1.327671 -0.654974
v -0.041075 -1.324700 -0.657490
v -0.039146 -1.321439 -0.681561
v -0.025779 -1.323802 -0.682335
v -0.017774 -1.325218 -0.672325
v -0.034937 -1.309389 -0.681603
v -0.045832 -1.324190 -0.670129
v -0.035989 -1.314554 -0.653266
v -0.033603 -1.308354 -0.651769
v -0.041546 -1.296624 -0.654396
v -0.046232 -1.292199 -0.659996
v -0.044920 -1.292015 -0.669817
v -0.036784 -1.297719 -0.679489
vn -0.1125 0.3470 -0.9311
vn -0.6111 0.0443 -0.7903
vn 0.0334 0.0903 -0.9954
vn -0.9722 0.2059 -0.1115
vn -0.9898 -0.0514 -0.1330
vn -0.6501 0.0027 0.7599
vn -0.1280 -0.2251 0.9659
vn -0.0885 -0.1402 0.9862
vn 0.2413 0.1555 -0.9579
vn 0.1364 0.0889 -0.9867
vn 0.1079 0.1644 -0.9805
vn 0.2363 0.1395 -0.9616
vn 0.0900 -0.1599 0.9830
vn 0.0181 -0.1422 0.9897
vn 0.1513 -0.1230 0.9808
s 1
usemtl 0.529412_0.549020_0.588235_0.000000_0.000000
f 4087//1596 4088//1597 4089//1598
f 4088//1597 4087//1596 4086//1599
f 4086//1599 4093//1600 4088//1597
f 4093//1600 4086//1599 4085//1601
f 4085//1601 4092//1602 4093//1600
f 4092//1602 4085//1601 4084//1603
f 4089//1598 4090//1604 4096//1605
f 4096//1605 4097//1606 4089//1598
f 4097//1606 4087//1596 4089//1598
f 4097//1606 4098//1607 4087//1596
f 4101//1608 4094//1609 4084//1603
f 4094//1609 4091//1610 4092//1602
f 4092//1602 4084//1603 4094//1609
l 4095 4091
l 4090 4095
l 4099 4100
l 4099 4098
l 4101 4100
v -0.160666 -0.841547 -0.927999
v -0.162518 -0.847615 -0.942828
v -0.162518 -0.836270 -0.954702
v -0.162518 -0.823867 -0.951219
v -0.162518 -0.819747 -0.945346
v -0.159601 -0.821673 -0.933366
v -0.127118 -0.822266 -0.948541
v -0.127508 -0.822036 -0.932760
v -0.127118 -0.847614 -0.938314
v -0.127118 -0.838410 -0.953669
v -0.134588 -0.845477 -0.931181
v -0.128355 -0.837888 -0.926417
v -0.128579 -0.829492 -0.926346
v -0.135019 -0.822156 -0.931575
v -0.146230 -0.819350 -0.937781
v -0.161291 -0.831308 -0.926149
v -0.147065 -0.848170 -0.936505
vn 0.1399 -0.9684 0.2063
vn 0.0132 -0.9954 0.0950
vn -0.0034 -0.9469 0.3215
vn 0.0108 -0.8157 0.5783
vn 0.0096 -0.2925 0.9562
vn 0.1800 0.7519 0.6342
vn -0.3700 0.9220 0.1141
vn 0.1650 0.8986 -0.4065
vn 0.0114 0.9325 -0.3609
vn 0.0789 0.7497 -0.6570
vn -0.0222 0.5782 -0.8156
vn 0.0169 -0.9884 -0.1512
vn -0.0143 -0.9258 -0.3778
vn -0.0179 -0.9932 -0.1149
vn 0.0166 0.8456 -0.5335
s 1
usemtl 0.529412_0.549020_0.588235_0.000000_0.000000
f 4108//1611 4107//1612 4106//1613
f 4108//1611 4106//1613 4105//1614
f 4104//1615 4111//1616 4108//1611
f 4108//1611 4105//1614 4104//1615
f 4111//1616 4104//1615 4103//1617
f 4103//1617 4110//1618 4111//1616
f 4110//1618 4118//1619 4112//1620
f 4112//1620 4113//1621 4110//1618
f 4109//1622 4115//1623 4116//1624
f 4116//1624 4108//1611 4109//1622
f 4116//1624 4107//1612 4108//1611
f 4103//1617 4102//1625 4118//1619
f 4110//1618 4103//1617 4118//1619
l 4114 4113
l 4109 4114
l 4107 4117
l 4102 4117
v -0.614080 -0.170313 -0.301517
v -0.616322 -0.168444 -0.293262
v -0.616322 -0.172984 -0.285049
v -0.616322 -0.187904 -0.281491
v -0.616322 -0.197596 -0.291791
v -0.580922 -0.189506 -0.281575
v -0.580922 -0.197334 -0.291807
v -0.580922 -0.169791 -0.290356
v -0.580922 -0.178654 -0.281002
v -0.596408 -0.168551 -0.296939
v -0.585290 -0.171182 -0.303154
v -0.582158 -0.180080 -0.309238
v -0.583379 -0.191700 -0.306576
v -0.596284 -0.198045 -0.297236
v -0.603718 -0.197458 -0.299585
v -0.614482 -0.190606 -0.306950
v -0.614818 -0.177775 -0.308495
v -0.602879 -0.168957 -0.298815
vn 0.2299 0.8595 -0.4565
vn -0.0583 0.9955 0.0742
vn -0.2883 0.5859 -0.7574
vn -0.0338 0.1494 -0.9882
vn 0.0676 -0.0792 -0.9946
vn -0.1118 -0.8594 -0.4989
vn 0.0654 -0.9979 -0.0022
vn -0.0036 -0.9948 -0.1014
vn 0.0323 -0.9931 0.1128
vn -0.0101 -0.9549 0.2968
vn -0.0239 0.9359 0.3513
vn 0.0222 0.9724 0.2323
vn -0.0450 0.9880 0.1479
vn 0.0077 0.9500 0.3123
vn 0.0411 -0.9958 0.0813
vn 0.0028 -1.0000 0.0052
s 1
usemtl 0.529412_0.549020_0.588235_0.000000_0.000000
f 4125//1626 4123//1627 4122//1628
f 4122//1628 4124//1629 4125//1626
f 4122//1628 4127//1630 4124//1629
f 4127//1630 4122//1628 4121//1631
f 4121//1631 4126//1632 4127//1630
f 4126//1632 4121//1631 4120//1633
f 4128//1634 4129//1635 4126//1632
f 4125//1626 4131//1636 4132//1637
f 4132//1637 4123//1627 4125//1626
f 4123//1627 4132//1637 4133//1638
f 4133//1638 4134//1639 4123//1627
f 4136//1640 4128//1634 4119//1641
f 4126//1632 4120//1633 4128//1634
f 4120//1633 4119//1641 4128//1634
l 4129 4130
l 4130 4131
l 4134 4135
l 4135 4119
v -0.162184 -1.559013 -0.942484
v -0.162184 -1.548951 -0.954312
v -0.162184 -1.537179 -0.952290
v -0.162184 -1.530826 -0.942178
v -0.126784 -1.536098 -0.951106
v -0.126784 -1.531801 -0.935686
v -0.126784 -1.559174 -0.939474
v -0.126784 -1.551012 -0.953274
v -0.135602 -1.557786 -0.932084
v -0.128318 -1.550877 -0.926599
v -0.128228 -1.540784 -0.926245
v -0.132069 -1.535578 -0.928841
v -0.136018 -1.532758 -0.932466
v -0.146696 -1.530735 -0.937481
v -0.158395 -1.534650 -0.930294
v -0.161024 -1.544430 -0.925622
v -0.158663 -1.554691 -0.928905
v -0.146279 -1.559752 -0.936441
vn -0.1464 -0.9891 -0.0176
vn 0.3420 -0.3930 0.8536
vn 0.2442 -0.9241 -0.2939
vn 0.0308 -0.8276 0.5605
vn -0.0168 -0.0795 0.9967
vn 0.0576 0.7687 0.6370
vn -0.3662 0.9303 0.0212
vn 0.1907 0.9257 -0.3267
vn 0.0010 0.9400 -0.3412
vn 0.1303 0.8437 -0.5208
vn 0.0143 0.6962 -0.7177
vn -0.0136 -0.5806 -0.8140
vn -0.0034 -0.6612 -0.7502
vn 0.0091 -0.7918 -0.6107
vn 0.0002 -0.9720 -0.2349
vn 0.0166 -0.9617 -0.2734
vn 0.0618 0.8555 -0.5141
s 1
usemtl 0.529412_0.549020_0.588235_0.000000_0.000000
f 4140//1642 4141//1643 4142//1644
f 4141//1643 4140//1642 4139//1645
f 4138//1646 4144//1647 4141//1643
f 4141//1643 4139//1645 4138//1646
f 4144//1647 4138//1646 4137//1648
f 4137//1648 4143//1649 4144//1647
f 4143//1649 4154//1650 4145//1651
f 4145//1651 4146//1652 4143//1649
f 4147//1653 4148//1654 4142//1644
f 4148//1654 4149//1655 4142//1644
f 4142//1644 4149//1655 4150//1656
f 4150//1656 4140//1642 4142//1644
f 4150//1656 4151//1657 4140//1642
f 4153//1658 4154//1650 4137//1648
f 4143//1649 4137//1648 4154//1650
l 4147 4146
l 4152 4151
l 4153 4152
v -0.160944 -0.170313 -0.301517
v -0.163186 -0.168444 -0.293262
v -0.163186 -0.172984 -0.285049
v -0.163186 -0.187904 -0.281491
v -0.163186 -0.197596 -0.291791
v -0.127786 -0.189506 -0.281575
v -0.127786 -0.197334 -0.291807
v -0.127786 -0.169791 -0.290356
v -0.127786 -0.178654 -0.281002
v -0.143272 -0.168551 -0.296939
v -0.132154 -0.171182 -0.303154
v -0.129022 -0.180081 -0.309238
v -0.130243 -0.191700 -0.306576
v -0.143148 -0.198045 -0.297235
v -0.150581 -0.197458 -0.299585
v -0.161346 -0.190606 -0.306950
v -0.161682 -0.177775 -0.308495
v -0.149745 -0.168958 -0.298817
vn 0.2299 0.8595 -0.4565
vn -0.0580 0.9956 0.0741
vn -0.2885 0.5857 -0.7574
vn -0.0339 0.1495 -0.9882
vn 0.0677 -0.0792 -0.9946
vn -0.1119 -0.8594 -0.4989
vn 0.0652 -0.9979 -0.0023
vn -0.0037 -0.9948 -0.1014
vn 0.0255 -0.9941 0.1050
vn -0.0101 -0.9549 0.2968
vn -0.0238 0.9360 0.3513
vn 0.0221 0.9724 0.2323
vn -0.0454 0.9879 0.1485
vn 0.0078 0.9500 0.3123
vn 0.0410 -0.9958 0.0817
vn 0.0028 -1.0000 0.0052
s 1
usemtl 0.529412_0.549020_0.588235_0.000000_0.000000
f 4161//1659 4159//1660 4158//1661
f 4158//1661 4160//1662 4161//1659
f 4158//1661 4163//1663 4160//1662
f 4163//1663 4158//1661 4157//1664
f 4157//1664 4162//1665 4163//1663
f 4162//1665 4157//1664 4156//1666
f 4164//1667 4165//1668 4162//1665
f 4161//1659 4167//1669 4168//1670
f 4168//1670 4159//1660 4161//1659
f 4159//1660 4168//1670 4169//1671
f 4169//1671 4170//1672 4159//1660
f 4172//1673 4164//1667 4155//1674
f 4162//1665 4156//1666 4164//1667
f 4156//1666 4155//1674 4164//1667
l 4165 4166
l 4166 4167
l 4170 4171
l 4171 4155
v -0.255363 -0.594529 -0.503524
v -0.246056 -0.596911 -0.498439
v -0.242855 -0.600339 -0.491121
v -0.246263 -0.604388 -0.482477
v -0.256974 -0.606892 -0.477134
v -0.270367 -0.604565 -0.483449
v -0.243934 -0.633682 -0.503392
v -0.248656 -0.637793 -0.494618
v -0.255357 -0.638874 -0.492312
v -0.266907 -0.635641 -0.494098
v -0.264421 -0.625211 -0.516271
v -0.250391 -0.627523 -0.516541
v -0.261641 -0.614442 -0.512718
v -0.271703 -0.630991 -0.505835
v -0.262805 -0.627626 -0.487563
v -0.258342 -0.623001 -0.484289
v -0.265668 -0.612206 -0.482321
v -0.271532 -0.600813 -0.493625
v -0.263829 -0.601684 -0.505818
v -0.258676 -0.609441 -0.511051
vn -0.3227 0.2916 -0.9005
vn 0.0111 0.4455 -0.8952
vn -0.5122 0.4157 -0.7515
vn -0.5997 0.3351 -0.7267
vn -0.9053 -0.1980 -0.3759
vn -0.9855 -0.1490 0.0818
vn -0.9227 -0.1963 0.3318
vn -0.1457 -0.4609 0.8754
vn -0.0420 -0.4288 0.9024
vn 0.2343 0.4206 -0.8765
vn 0.2232 0.4209 -0.8792
vn 0.0341 0.4351 -0.8998
vn 0.1260 0.4355 -0.8913
vn 0.1590 -0.4351 0.8862
vn 0.0339 -0.4384 0.8981
vn 0.0562 -0.4261 0.9029
vn 0.0877 -0.4106 0.9076
s 1
usemtl 0.529412_0.549020_0.588235_0.000000_0.000000
f 4181//1675 4177//1676 4176//1677
f 4176//1677 4180//1678 4181//1675
f 4176//1677 4179//1679 4180//1678
f 4179//1679 4176//1677 4175//1680
f 4179//1679 4175//1680 4174//1681
f 4174//1681 4184//1682 4179//1679
f 4184//1682 4174//1681 4173//1683
f 4181//1675 4182//1684 4187//1685
f 4181//1675 4187//1685 4188//1686
f 4188//1686 4177//1676 4181//1675
f 4188//1686 4189//1687 4177//1676
f 4191//1688 4192//1689 4173//1683
f 4185//1690 4183//1691 4184//1682
f 4184//1682 4192//1689 4185//1690
f 4184//1682 4173//1683 4192//1689
l 4186 4183
l 4182 4186
l 4178 4189
l 4178 4190
l 4190 4191
v -0.162184 -1.531809 -0.695727
v -0.162184 -1.541065 -0.686336
v -0.162184 -1.551551 -0.686987
v -0.162184 -1.559268 -0.696582
v -0.126784 -1.554471 -0.689803
v -0.126784 -1.560205 -0.701900
v -0.126784 -1.530420 -0.701124
v -0.126784 -1.532388 -0.693451
v -0.126784 -1.540539 -0.686488
v -0.130552 -1.533341 -0.708792
v -0.128112 -1.541919 -0.714595
v -0.129617 -1.553943 -0.711726
v -0.143081 -1.560225 -0.702024
v -0.151630 -1.559256 -0.705645
v -0.160077 -1.551951 -0.712696
v -0.160500 -1.538589 -0.713401
v -0.155853 -1.532458 -0.707668
v -0.144130 -1.530689 -0.703090
vn -0.0053 0.9974 -0.0723
vn 0.1795 0.1937 -0.9645
vn 0.1337 0.9910 -0.0061
vn 0.2414 0.3140 -0.9182
vn 0.0268 -0.0162 -0.9995
vn 0.0026 -0.5934 -0.8049
vn -0.1440 -0.9868 -0.0744
vn -0.0320 -0.9756 -0.2170
vn -0.0019 -0.9878 0.1560
vn 0.0789 -0.9429 0.3236
vn -0.0237 -0.9631 0.2680
vn -0.0129 0.9252 0.3792
vn -0.0241 0.9876 0.1549
vn 0.0031 0.9758 0.2186
vn 0.0121 -0.9729 0.2309
s 1
usemtl 0.529412_0.549020_0.588235_0.000000_0.000000
f 4196//1692 4197//1693 4198//1694
f 4197//1693 4196//1692 4195//1695
f 4194//1696 4201//1697 4197//1693
f 4197//1693 4195//1695 4194//1696
f 4193//1698 4200//1699 4201//1697
f 4201//1697 4194//1696 4193//1698
f 4193//1698 4199//1700 4200//1699
f 4210//1701 4202//1702 4199//1700
f 4198//1694 4204//1703 4205//1704
f 4205//1704 4196//1692 4198//1694
f 4205//1704 4206//1705 4196//1692
f 4210//1701 4193//1698 4209//1706
f 4199//1700 4193//1698 4210//1701
l 4202 4203
l 4204 4203
l 4207 4206
l 4208 4207
l 4208 4209
v -0.249939 -0.843156 -0.617171
v -0.264647 -0.844507 -0.618951
v -0.271579 -0.850012 -0.607198
v -0.262308 -0.855761 -0.594927
v -0.248939 -0.852308 -0.595184
v -0.271550 -0.819565 -0.588747
v -0.259285 -0.823851 -0.579596
v -0.250856 -0.812451 -0.603930
v -0.265496 -0.813089 -0.602569
v -0.255261 -0.825283 -0.611861
v -0.248359 -0.819832 -0.605778
v -0.243597 -0.817407 -0.596267
v -0.242955 -0.819747 -0.590238
v -0.246000 -0.824308 -0.585605
v -0.254415 -0.841216 -0.587073
v -0.244874 -0.850405 -0.599555
v -0.243294 -0.847852 -0.608695
v -0.253308 -0.832311 -0.614673
vn 0.0436 0.3059 -0.9511
vn 0.7298 0.3679 -0.5763
vn -0.0638 0.6406 -0.7652
vn 0.8699 -0.2485 0.4260
vn 0.1069 -0.3774 0.9199
vn 0.2452 -0.2873 0.9259
vn 0.0297 -0.4328 0.9010
vn -0.1234 -0.4176 0.9002
vn -0.5628 -0.2606 0.7845
vn -0.6589 -0.1661 0.7336
vn -0.8182 -0.2632 0.5111
vn -0.4863 0.3457 -0.8025
vn -0.3286 0.3826 -0.8635
vn -0.3513 0.4065 -0.8434
vn -0.4959 0.3692 -0.7860
vn -0.0777 -0.4058 0.9107
s 1
usemtl 0.529412_0.549020_0.588235_0.000000_0.000000
f 4214//1707 4216//1708 4217//1709
f 4216//1708 4214//1707 4213//1710
f 4213//1710 4219//1711 4216//1708
f 4219//1711 4213//1710 4212//1712
f 4219//1711 4212//1712 4211//1713
f 4220//1714 4218//1715 4219//1711
f 4218//1715 4220//1714 4221//1716
f 4221//1716 4222//1717 4218//1715
f 4224//1718 4225//1719 4217//1709
f 4225//1719 4214//1707 4217//1709
f 4225//1719 4215//1720 4214//1707
f 4215//1720 4225//1719 4226//1721
f 4228//1722 4220//1714 4211//1713
f 4219//1711 4211//1713 4220//1714
l 4223 4222
l 4224 4223
l 4226 4227
l 4211 4227
v -0.360672 -1.290430 -0.658319
v -0.366221 -1.290430 -0.653780
v -0.377739 -1.290430 -0.653056
v -0.386598 -1.290430 -0.661043
v -0.385866 -1.290430 -0.673952
v -0.371821 -1.290430 -0.680854
v -0.359976 -1.291841 -0.673579
v -0.387827 -1.325830 -0.666871
v -0.379936 -1.325830 -0.678653
v -0.364447 -1.323098 -0.678751
v -0.362783 -1.323313 -0.656474
v -0.374518 -1.325830 -0.652122
v -0.384851 -1.325830 -0.657796
v -0.366332 -1.315482 -0.653331
v -0.358668 -1.324384 -0.662648
v -0.358599 -1.324679 -0.669554
v -0.361835 -1.320379 -0.676345
v -0.369865 -1.306868 -0.681283
v -0.362953 -1.297098 -0.677618
v -0.358587 -1.291836 -0.664208
v -0.362740 -1.296865 -0.656112
v -0.369729 -1.307412 -0.652256
vn 0.0887 -0.1725 0.9810
vn -0.3692 0.1560 0.9161
vn 0.9543 0.0628 0.2922
vn 0.9919 -0.0589 -0.1127
vn 0.8806 0.2252 -0.4169
vn 0.7036 -0.1579 -0.6928
vn 0.1396 0.1766 -0.9743
vn -0.0196 -0.1857 -0.9824
vn -0.3031 -0.0123 -0.9529
vn -0.3437 0.0030 -0.9391
vn -0.4365 -0.0121 -0.8996
vn -0.4638 -0.1935 0.8645
vn -0.8459 0.0212 0.5329
vn -0.6049 -0.1483 0.7823
vn -0.3060 0.0146 0.9519
vn -0.5631 0.0226 0.8261
vn -0.6711 -0.0155 0.7412
vn -0.7979 -0.0234 -0.6024
vn -0.8736 0.0070 -0.4866
vn -0.8093 -0.0313 -0.5865
vn -0.5846 0.0648 -0.8088
s 1
usemtl 0.529412_0.549020_0.588235_0.000000_0.000000
f 4237//1723 4234//1724 4233//1725
f 4233//1725 4236//1726 4237//1723
f 4236//1726 4233//1725 4232//1727
f 4232//1727 4241//1728 4236//1726
f 4241//1728 4232//1727 4231//1729
f 4231//1729 4240//1730 4241//1728
f 4250//1731 4239//1732 4240//1730
f 4239//1732 4250//1731 4242//1733
f 4238//1734 4244//1735 4245//1736
f 4245//1736 4246//1737 4238//1734
f 4237//1723 4238//1734 4246//1737
f 4246//1737 4234//1724 4237//1723
f 4234//1724 4246//1737 4247//1738
f 4247//1738 4235//1739 4234//1724
f 4229//1740 4248//1741 4249//1742
f 4230//1743 4229//1740 4249//1742
f 4249//1742 4250//1731 4230//1743
f 4231//1729 4230//1743 4250//1731
f 4240//1730 4231//1729 4250//1731
l 4239 4243
l 4244 4243
l 4248 4235
v -0.589992 -0.631663 -0.509916
v -0.605113 -0.634401 -0.510123
v -0.613170 -0.634401 -0.497107
v -0.605983 -0.634401 -0.485642
v -0.591045 -0.632092 -0.485484
v -0.612540 -0.599001 -0.493251
v -0.605517 -0.599001 -0.484958
v -0.591775 -0.600650 -0.485277
v -0.584353 -0.599893 -0.501660
v -0.594669 -0.599001 -0.512053
v -0.608644 -0.599001 -0.507440
v -0.594994 -0.612751 -0.512344
v -0.587762 -0.603263 -0.508034
v -0.584573 -0.600554 -0.493148
v -0.587194 -0.604258 -0.488155
v -0.593576 -0.611206 -0.483904
v -0.594453 -0.621110 -0.483917
v -0.584722 -0.632702 -0.492587
v -0.584214 -0.633305 -0.500999
v -0.592972 -0.622853 -0.511094
vn 0.0992 -0.1063 -0.9894
vn 0.6883 0.0564 -0.7232
vn 0.0219 0.0115 -0.9997
vn 0.8522 0.0417 -0.5216
vn 0.9629 -0.2697 0.0066
vn 0.9727 0.1119 0.2034
vn 0.0053 -0.0608 0.9981
vn -0.2771 0.0020 0.9608
vn -0.2001 0.0088 0.9797
vn -0.5134 0.0288 0.8577
vn -0.8181 -0.0139 -0.5749
vn -0.7494 -0.0035 -0.6621
vn -0.7006 -0.0051 -0.7135
vn -0.1549 -0.0326 -0.9874
vn -0.3757 0.0027 -0.9268
vn -0.2367 0.2565 -0.9371
vn -0.8104 -0.0129 -0.5858
vn -0.8693 -0.0036 0.4943
vn -0.5192 -0.0397 0.8537
vn -0.4207 0.2114 0.8822
s 1
usemtl 0.529412_0.549020_0.588235_0.000000_0.000000
f 4254//1744 4257//1745 4258//1746
f 4254//1744 4256//1747 4257//1745
f 4256//1747 4254//1744 4253//1748
f 4253//1748 4261//1749 4256//1747
f 4261//1749 4253//1748 4252//1750
f 4252//1750 4260//1751 4261//1749
f 4262//1752 4263//1753 4260//1751
f 4264//1754 4265//1755 4258//1756
f 4258//1746 4266//1757 4267//1758
f 4267//1758 4255//1759 4254//1744
f 4267//1758 4254//1744 4258//1746
f 4255//1759 4267//1758 4268//1760
f 4269//1761 4270//1762 4251//1763
f 4270//1762 4252//1750 4251//1763
f 4260//1751 4270//1762 4262//1752
f 4260//1751 4252//1750 4270//1762
l 4259 4263
l 4264 4259
l 4269 4268
v -0.032659 -0.853554 -0.587670
v -0.021849 -0.852981 -0.591722
v -0.017761 -0.851175 -0.604496
v -0.025023 -0.849684 -0.615036
v -0.038302 -0.846223 -0.614587
v -0.019491 -0.815410 -0.604586
v -0.030286 -0.814423 -0.611568
v -0.028768 -0.818444 -0.583133
v -0.018777 -0.817302 -0.591203
v -0.032231 -0.835702 -0.584789
v -0.036984 -0.826593 -0.584537
v -0.043877 -0.819782 -0.589085
v -0.045265 -0.817475 -0.601845
v -0.037851 -0.822563 -0.611846
v -0.034674 -0.834730 -0.614576
v -0.045714 -0.849770 -0.604269
v -0.042515 -0.849919 -0.591571
v -0.036341 -0.840780 -0.586270
vn -0.0697 -0.1158 0.9908
vn -0.0325 -0.1171 0.9926
vn -0.3403 -0.3043 0.8897
vn -0.6473 0.0280 0.7617
vn -0.9525 -0.2544 -0.1677
vn -0.8938 0.3640 -0.2619
vn -0.4835 0.0397 -0.8744
vn -0.0998 0.1540 -0.9830
vn 0.0666 -0.0146 -0.9977
vn 0.0201 0.1409 -0.9898
vn 0.1172 0.1469 -0.9822
vn 0.1553 -0.1714 0.9729
vn 0.0274 -0.1446 0.9891
vn 0.4400 0.1432 -0.8865
vn 0.3505 0.0577 -0.9348
s 1
usemtl 0.529412_0.549020_0.588235_0.000000_0.000000
f 4277//1764 4275//1765 4274//1766
f 4274//1766 4276//1767 4277//1764
f 4276//1767 4274//1766 4273//1768
f 4273//1768 4279//1769 4276//1767
f 4279//1769 4273//1768 4272//1770
f 4272//1770 4278//1771 4279//1769
f 4278//1771 4272//1770 4271//1772
f 4278//1771 4280//1773 4281//1774
f 4277//1764 4284//1775 4285//1776
f 4285//1776 4275//1765 4277//1764
f 4271//1772 4287//1777 4288//1778
f 4288//1778 4280//1773 4271//1772
f 4278//1771 4271//1772 4280//1773
l 4282 4281
l 4282 4283
l 4283 4284
l 4286 4275
l 4287 4286
v -0.023193 -1.084423 -0.647188
v -0.034597 -1.086729 -0.649992
v -0.044988 -1.088128 -0.640090
v -0.039818 -1.090385 -0.624117
v -0.023586 -1.088157 -0.623455
v -0.044026 -1.054712 -0.623560
v -0.029338 -1.055636 -0.617034
v -0.027935 -1.051712 -0.644776
v -0.041908 -1.052359 -0.640202
v -0.023729 -1.060688 -0.644303
v -0.018570 -1.054187 -0.637042
v -0.017840 -1.055655 -0.626573
v -0.020735 -1.057720 -0.621172
v -0.024008 -1.064489 -0.619601
v -0.027489 -1.077373 -0.620028
v -0.018091 -1.087723 -0.629970
v -0.017762 -1.086611 -0.639186
v -0.028720 -1.071154 -0.647938
vn 0.1601 0.0967 -0.9824
vn 0.8519 0.4079 -0.3285
vn -0.3322 0.2110 -0.9193
vn 0.9150 -0.3981 -0.0648
vn 0.3380 -0.0120 0.9411
vn 0.0043 -0.1580 0.9874
vn -0.3211 -0.0096 0.9470
vn -0.2638 -0.1079 0.9585
vn -0.4494 -0.0025 0.8933
vn -0.6703 -0.1226 0.7319
vn -0.7069 0.0776 -0.7031
vn -0.5918 0.1291 -0.7956
vn -0.4152 0.0711 -0.9070
vn -0.3413 0.3941 -0.8533
vn -0.8071 0.0712 -0.5862
vn -0.2099 -0.1334 0.9686
s 1
usemtl 0.529412_0.549020_0.588235_0.000000_0.000000
f 4292//1779 4294//1780 4295//1781
f 4294//1780 4292//1779 4291//1782
f 4291//1782 4297//1783 4294//1780
f 4297//1783 4291//1782 4290//1784
f 4290//1784 4296//1785 4297//1783
f 4306//1786 4298//1787 4296//1785
f 4298//1787 4299//1788 4296//1785
f 4295//1781 4301//1789 4302//1790
f 4295//1781 4302//1790 4303//1791
f 4303//1791 4293//1792 4292//1779
f 4303//1791 4292//1779 4295//1781
f 4293//1792 4303//1791 4304//1793
f 4306//1786 4290//1784 4289//1794
f 4296//1785 4290//1784 4306//1786
l 4299 4300
l 4301 4300
l 4305 4304
l 4289 4305
v 0.086996 -0.382331 -0.410328
v 0.096658 -0.382331 -0.401785
v 0.095979 -0.382331 -0.389569
v 0.085435 -0.382331 -0.382150
v 0.070501 -0.382903 -0.388458
v 0.096447 -0.417731 -0.390269
v 0.091536 -0.417731 -0.384034
v 0.083135 -0.417731 -0.381841
v 0.077499 -0.415524 -0.409778
v 0.089970 -0.417731 -0.409392
v 0.097018 -0.417731 -0.401120
v 0.079499 -0.403967 -0.410842
v 0.069229 -0.416448 -0.398268
v 0.072784 -0.414349 -0.385826
v 0.080430 -0.402954 -0.381794
v 0.075295 -0.389558 -0.384138
v 0.068740 -0.383412 -0.397573
v 0.075178 -0.388414 -0.408494
v 0.082472 -0.399332 -0.411403
vn -0.1003 0.1626 -0.9816
vn -0.6263 -0.0122 -0.7795
vn -0.2560 -0.1137 -0.9600
vn -0.6850 0.0924 -0.7227
vn -0.9968 -0.0453 -0.0652
vn -0.9232 0.3270 0.2018
vn -0.9325 -0.3053 0.1930
vn -0.7179 -0.0560 0.6939
vn -0.0448 0.0413 0.9981
vn -0.0107 0.0094 0.9999
vn 0.4599 0.0254 -0.8876
vn 0.2654 -0.0178 -0.9640
vn 0.0948 0.0130 -0.9954
vn 0.1350 -0.0239 0.9906
vn 0.0294 -0.0053 0.9996
vn 0.0577 -0.0023 0.9983
s 1
usemtl 0.529412_0.549020_0.588235_0.000000_0.000000
f 4310//1795 4313//1796 4314//1797
f 4313//1796 4310//1795 4309//1798
f 4309//1798 4312//1799 4313//1796
f 4308//1800 4317//1801 4312//1799
f 4312//1799 4309//1798 4308//1800
f 4308//1800 4316//1802 4317//1801
f 4316//1802 4308//1800 4307//1803
f 4307//1803 4315//1804 4316//1802
f 4320//1805 4321//1806 4314//1797
f 4321//1806 4310//1795 4314//1797
f 4310//1795 4321//1806 4322//1807
f 4307//1803 4324//1808 4325//1809
f 4315//1804 4325//1809 4318//1810
f 4315//1804 4307//1803 4325//1809
l 4319 4315
l 4320 4319
l 4311 4322
l 4311 4323
l 4323 4324
v -0.161220 -0.191731 -0.928414
v -0.163186 -0.197001 -0.942829
v -0.163186 -0.185656 -0.954702
v -0.163186 -0.173253 -0.951219
v -0.163186 -0.169391 -0.946117
v -0.160568 -0.171191 -0.933609
v -0.127786 -0.175204 -0.952648
v -0.127786 -0.170094 -0.947636
v -0.129125 -0.170389 -0.935765
v -0.127786 -0.197164 -0.939803
v -0.127786 -0.188679 -0.953863
v -0.135258 -0.194864 -0.931183
v -0.128953 -0.187629 -0.926596
v -0.129616 -0.177972 -0.926780
v -0.139990 -0.169348 -0.935528
v -0.148353 -0.168751 -0.937787
v -0.160012 -0.176464 -0.927232
v -0.162138 -0.182145 -0.925925
v -0.147506 -0.197570 -0.936573
vn -0.0128 -0.9582 0.2858
vn -0.0092 -0.9835 0.1809
vn -0.0004 -0.9362 0.3515
vn 0.0129 -0.8495 0.5275
vn -0.0001 -0.8720 0.4896
vn 0.0595 -0.6774 0.7332
vn -0.0493 -0.1922 0.9801
vn 0.3693 0.5147 0.7738
vn -0.3961 0.8924 0.2163
vn 0.1623 0.9124 -0.3757
vn 0.0060 0.9301 -0.3672
vn 0.0405 0.8151 -0.5779
vn -0.0206 0.6654 -0.7462
vn -0.0335 -0.9873 -0.1553
vn -0.0084 -0.9996 -0.0267
vn 0.0183 0.8449 -0.5346
vn -0.0203 -0.4433 -0.8961
vn 0.0205 -0.3924 -0.9196
vn 0.0261 -0.4854 -0.8739
s 1
usemtl 0.529412_0.549020_0.588235_0.000000_0.000000
f 4334//1811 4331//1812 4330//1813
f 4329//1814 4333//1815 4334//1811
f 4334//1811 4330//1813 4329//1814
f 4329//1814 4332//1816 4333//1815
f 4332//1816 4329//1814 4328//1817
f 4328//1817 4336//1818 4332//1816
f 4336//1818 4328//1817 4327//1819
f 4327//1819 4335//1820 4336//1818
f 4335//1820 4344//1821 4337//1822
f 4337//1822 4338//1823 4335//1820
f 4334//1811 4340//1824 4341//1825
f 4341//1825 4331//1812 4334//1811
f 4327//1819 4326//1826 4344//1821
f 4335//1820 4327//1819 4344//1821
f 4342//1827 4343//1828 4331//1829
l 4339 4338
l 4334 4339
l 4326 4343
v 0.291954 -1.531809 -0.695727
v 0.291954 -1.541065 -0.686336
v 0.291954 -1.551551 -0.686987
v 0.291954 -1.559268 -0.696582
v 0.327354 -1.554471 -0.689803
v 0.327354 -1.560205 -0.701900
v 0.327354 -1.530420 -0.701124
v 0.327354 -1.532388 -0.693451
v 0.327354 -1.540539 -0.686488
v 0.323589 -1.533343 -0.708794
v 0.326026 -1.541919 -0.714595
v 0.324521 -1.553943 -0.711726
v 0.311056 -1.560225 -0.702023
v 0.302508 -1.559256 -0.705645
v 0.294061 -1.551951 -0.712696
v 0.293638 -1.538589 -0.713401
v 0.298285 -1.532458 -0.707668
v 0.310008 -1.530689 -0.703090
vn -0.0053 0.9974 -0.0723
vn 0.1795 0.1937 -0.9645
vn 0.1339 0.9910 -0.0055
vn 0.2413 0.3135 -0.9184
vn 0.0268 -0.0162 -0.9995
vn 0.0026 -0.5934 -0.8049
vn -0.1439 -0.9868 -0.0743
vn -0.0320 -0.9756 -0.2170
vn -0.0019 -0.9877 0.1561
vn 0.0790 -0.9437 0.3212
vn -0.0234 -0.9630 0.2684
vn -0.0134 0.9253 0.3790
vn -0.0239 0.9876 0.1549
vn 0.0030 0.9761 0.2174
vn 0.0121 -0.9729 0.2308
s 1
usemtl 0.529412_0.549020_0.588235_0.000000_0.000000
f 4348//1830 4349//1831 4350//1832
f 4349//1831 4348//1830 4347//1833
f 4346//1834 4353//1835 4349//1831
f 4349//1831 4347//1833 4346//1834
f 4345//1836 4352//1837 4353//1835
f 4353//1835 4346//1834 4345//1836
f 4345//1836 4351//1838 4352//1837
f 4362//1839 4354//1840 4351//1838
f 4350//1832 4356//1841 4357//1842
f 4357//1842 4348//1830 4350//1832
f 4357//1842 4358//1843 4348//1830
f 4362//1839 4345//1836 4361//1844
f 4351//1838 4345//1836 4362//1839
l 4354 4355
l 4356 4355
l 4359 4358
l 4360 4359
l 4360 4361
v -0.245839 -0.388698 -0.381456
v -0.258537 -0.390002 -0.376098
v -0.271181 -0.385914 -0.384824
v -0.265497 -0.379144 -0.399275
v -0.250863 -0.378505 -0.400639
v -0.271578 -0.416068 -0.403904
v -0.264647 -0.410562 -0.415657
v -0.249920 -0.408827 -0.413749
v -0.249123 -0.419137 -0.392148
v -0.262305 -0.421816 -0.391633
v -0.254611 -0.406666 -0.383447
v -0.244069 -0.416845 -0.397874
v -0.243257 -0.413751 -0.405856
v -0.255389 -0.395238 -0.410407
v -0.251707 -0.388312 -0.405907
v -0.245389 -0.383600 -0.397727
v -0.243043 -0.384995 -0.389086
v -0.247935 -0.395047 -0.381846
vn 0.1076 -0.3477 0.9314
vn 0.2022 -0.4069 0.8908
vn 0.0874 -0.4257 0.9006
vn 0.8555 -0.3122 0.4131
vn 0.6846 0.3431 -0.6431
vn 0.0443 0.3082 -0.9503
vn -0.2536 0.4995 -0.8283
vn -0.2330 0.3828 -0.8939
vn -0.3073 0.4121 -0.8577
vn -0.0847 -0.4136 0.9065
vn -0.4455 -0.3141 0.8384
vn -0.5058 -0.2732 0.8182
vn -0.6521 -0.3194 0.6875
vn -0.5240 0.3572 -0.7732
vn -0.4713 0.3629 -0.8039
s 1
usemtl 0.529412_0.549020_0.588235_0.000000_0.000000
f 4366//1845 4369//1846 4370//1847
f 4366//1845 4368//1848 4369//1846
f 4368//1848 4366//1845 4365//1849
f 4365//1849 4372//1850 4368//1848
f 4372//1850 4365//1849 4364//1851
f 4373//1852 4371//1853 4372//1850
f 4376//1854 4366//1845 4370//1847
f 4376//1854 4367//1855 4366//1845
f 4376//1854 4377//1856 4367//1855
f 4377//1856 4378//1857 4367//1855
f 4364//1851 4363//1858 4380//1859
f 4364//1851 4380//1859 4373//1852
f 4372//1850 4364//1851 4373//1852
l 4371 4374
l 4375 4374
l 4370 4375
l 4379 4378
l 4363 4379
v 0.313428 -1.053520 -0.646525
v 0.323492 -1.053520 -0.635424
v 0.317701 -1.053520 -0.622406
v 0.307351 -1.053520 -0.618336
v 0.321909 -1.088920 -0.626256
v 0.315747 -1.088920 -0.619930
v 0.306468 -1.088920 -0.618670
v 0.302308 -1.086721 -0.646254
v 0.314204 -1.088920 -0.646845
v 0.323053 -1.088920 -0.637214
v 0.305127 -1.075420 -0.647622
v 0.295083 -1.087330 -0.634497
v 0.298892 -1.084797 -0.622396
v 0.306551 -1.072741 -0.618554
v 0.305851 -1.067804 -0.618554
v 0.299136 -1.058383 -0.622838
v 0.294319 -1.054594 -0.634196
v 0.299540 -1.058694 -0.644138
v 0.307386 -1.069475 -0.648145
vn -0.1891 0.0136 -0.9819
vn -0.5352 0.0754 -0.8414
vn -0.1194 0.0826 -0.9894
vn -0.9850 0.0324 -0.1694
vn -0.9926 0.0639 -0.1028
vn -0.9894 -0.1206 0.0803
vn -0.3793 0.3670 0.8494
vn -0.0434 -0.0018 0.9991
vn 0.4853 0.0310 -0.8738
vn 0.1702 0.0119 -0.9853
vn 0.1702 -0.0125 -0.9853
vn 0.1898 0.0263 -0.9815
vn 0.2890 -0.0224 -0.9571
vn 0.2038 -0.0447 0.9780
vn 0.0937 0.0070 0.9956
vn 0.0523 -0.0015 0.9986
vn 0.0875 0.0134 0.9961
s 1
usemtl 0.529412_0.549020_0.588235_0.000000_0.000000
f 4383//1860 4386//1861 4387//1862
f 4383//1860 4385//1863 4386//1861
f 4385//1863 4383//1860 4382//1864
f 4382//1864 4390//1865 4385//1863
f 4390//1865 4382//1864 4381//1866
f 4381//1866 4389//1867 4390//1865
f 4393//1868 4394//1869 4387//1862
f 4394//1869 4384//1870 4383//1860
f 4394//1869 4383//1860 4387//1862
f 4395//1871 4396//1872 4384//1870
f 4394//1869 4395//1871 4384//1870
f 4398//1873 4399//1874 4381//1866
f 4391//1875 4388//1876 4389//1867
f 4389//1867 4399//1874 4391//1875
f 4389//1867 4381//1866 4399//1874
l 4392 4388
l 4392 4393
l 4397 4396
l 4397 4398
v -0.275454 -0.176517 -0.307630
v -0.275454 -0.169006 -0.297974
v -0.275454 -0.168704 -0.291582
v -0.275454 -0.172934 -0.284904
v -0.275454 -0.184246 -0.280253
v -0.271836 -0.195496 -0.286750
v -0.240054 -0.171799 -0.287011
v -0.240054 -0.179391 -0.280411
v -0.240054 -0.186538 -0.280686
v -0.242627 -0.187777 -0.308970
v -0.240054 -0.173295 -0.304381
v -0.254357 -0.180031 -0.309367
v -0.241478 -0.196767 -0.299224
v -0.245078 -0.195518 -0.286422
v -0.255051 -0.191898 -0.282536
v -0.260914 -0.192317 -0.283041
v -0.274112 -0.196584 -0.299614
v -0.272237 -0.188140 -0.308933
v -0.261877 -0.180673 -0.309570
vn -0.1498 0.2808 -0.9480
vn 0.0182 -0.2542 -0.9670
vn 0.0896 0.4797 -0.8728
vn -0.0640 -0.3040 -0.9505
vn 0.3703 -0.8618 -0.3466
vn -0.0000 -0.9703 -0.2420
vn 0.0296 -0.9994 0.0184
vn 0.2049 -0.4658 0.8608
vn -0.1656 -0.3425 0.9248
vn 0.0330 -0.2784 0.9599
vn -0.0138 -0.0218 0.9997
vn -0.0308 0.6519 -0.7577
vn -0.0328 0.5594 -0.8283
vn -0.0134 0.4547 -0.8905
vn 0.0234 0.4871 -0.8730
vn 0.0268 0.0267 0.9993
vn 0.0019 -0.0930 0.9957
s 1
usemtl 0.529412_0.549020_0.588235_0.000000_0.000000
f 4404//1877 4407//1878 4408//1879
f 4403//1880 4406//1881 4407//1878
f 4407//1878 4404//1877 4403//1880
f 4406//1881 4403//1880 4402//1882
f 4406//1881 4402//1882 4401//1883
f 4401//1883 4410//1884 4406//1881
f 4410//1884 4401//1883 4400//1885
f 4411//1886 4409//1887 4410//1884
f 4408//1879 4413//1888 4414//1889
f 4408//1879 4414//1889 4415//1890
f 4415//1890 4405//1891 4404//1877
f 4415//1890 4404//1877 4408//1879
f 4400//1885 4417//1892 4418//1893
f 4410//1884 4400//1885 4411//1886
f 4418//1893 4411//1886 4400//1885
l 4409 4412
l 4413 4412
l 4416 4405
l 4416 4417
v -0.127118 -0.847618 -0.595901
v -0.127118 -0.835486 -0.585624
v -0.127118 -0.822776 -0.590218
v -0.127118 -0.819143 -0.598918
v -0.162518 -0.823413 -0.589669
v -0.162518 -0.819205 -0.597259
v -0.159503 -0.821258 -0.606870
v -0.161005 -0.840970 -0.611851
v -0.162518 -0.847547 -0.595157
v -0.162518 -0.836312 -0.585586
v -0.150124 -0.848004 -0.604578
v -0.161159 -0.828586 -0.613427
v -0.146576 -0.819257 -0.601930
v -0.141379 -0.819282 -0.602864
v -0.132542 -0.821457 -0.607530
v -0.128606 -0.829341 -0.613687
v -0.129609 -0.841757 -0.611641
v -0.142315 -0.848687 -0.602205
vn 0.0175 -0.9119 -0.4101
vn -0.1348 -0.8274 -0.5452
vn -0.0793 -0.9813 -0.1756
vn 0.0024 -0.9942 0.1071
vn 0.0444 -0.3549 -0.9339
vn -0.0109 0.6410 -0.7674
vn 0.3451 0.8462 -0.4060
vn -0.0687 0.9953 0.0689
vn 0.0171 0.9839 0.1779
vn -0.0307 0.9799 0.1973
vn 0.0239 0.9581 0.2854
vn 0.0054 -0.9997 0.0228
vn 0.0268 -0.9989 0.0373
vn 0.0161 -0.9831 0.1824
vn 0.0044 -0.9650 0.2623
vn -0.0086 0.9421 0.3351
s 1
usemtl 0.529412_0.549020_0.588235_0.000000_0.000000
f 4421//1894 4423//1895 4424//1896
f 4424//1896 4422//1897 4421//1894
f 4423//1895 4421//1894 4420//1898
f 4420//1898 4428//1899 4423//1895
f 4419//1900 4427//1901 4428//1899
f 4428//1899 4420//1898 4419//1900
f 4427//1901 4436//1902 4429//1903
f 4429//1903 4426//1904 4427//1901
f 4431//1905 4424//1896 4425//1906
f 4431//1905 4422//1897 4424//1896
f 4431//1905 4432//1907 4422//1897
f 4432//1907 4433//1908 4422//1897
f 4419//1900 4435//1909 4436//1902
f 4427//1901 4419//1900 4436//1902
l 4430 4426
l 4430 4425
l 4433 4434
l 4434 4435
v -0.240054 -0.393786 -0.409802
v -0.241014 -0.385298 -0.397333
v -0.240054 -0.407033 -0.383312
v -0.254635 -0.394772 -0.410105
v -0.243349 -0.406904 -0.408903
v -0.240720 -0.413650 -0.402771
v -0.243010 -0.414091 -0.394006
v -0.254419 -0.406238 -0.383206
v -0.243478 -0.396607 -0.382191
v -0.241080 -0.388025 -0.388106
v -0.244662 -0.386646 -0.402594
vn -0.0010 -0.6370 0.7709
vn -0.0125 -0.0245 0.9996
vn -0.0511 -0.5703 0.8198
vn -0.0396 0.3265 -0.9444
vn -0.0216 0.7099 -0.7040
vn 0.0302 0.2278 -0.9732
vn -0.0223 0.1584 -0.9871
vn -0.0212 -0.7110 0.7029
s 1
usemtl 0.529412_0.549020_0.588235_0.000000_0.000000
f 4440//1910 4441//1911 4437//1912
f 4439//1913 4443//1914 4444//1915
f 4444//1915 4445//1916 4439//1913
f 4437//1912 4447//1917 4440//1910
l 4442 4441
l 4442 4443
l 4446 4445
l 4438 4446
l 4438 4447
v -0.253082 -0.205244 -0.289918
v -0.266310 -0.201825 -0.290439
v -0.265202 -0.192060 -0.312764
v -0.252337 -0.193602 -0.314770
v -0.254142 -0.193034 -0.283532
v -0.249344 -0.196928 -0.287534
v -0.244405 -0.199412 -0.296944
v -0.245012 -0.193808 -0.308147
v -0.248466 -0.187521 -0.309866
v -0.253957 -0.181038 -0.309613
v -0.261451 -0.180889 -0.309673
v -0.271791 -0.198120 -0.302048
v -0.261760 -0.193368 -0.283831
vn -0.3641 0.3716 -0.8540
vn -0.5558 0.3341 -0.7612
vn -0.2418 0.1996 -0.9496
vn -0.6531 0.3022 -0.6943
vn -0.6834 -0.2698 0.6783
vn -0.6124 -0.3302 0.7182
vn -0.3216 -0.5542 0.7678
vn -0.4118 -0.3743 0.8309
vn 0.0579 -0.4303 0.9008
vn 0.0574 -0.4017 0.9140
vn 0.1370 0.4423 -0.8863
vn 0.0766 0.4418 -0.8938
s 1
usemtl 0.529412_0.549020_0.588235_0.000000_0.000000
f 4452//1918 4453//1919 4448//1920
f 4448//1920 4453//1919 4454//1921
f 4455//1922 4456//1923 4451//1924
f 4456//1923 4457//1925 4451//1924
f 4458//1926 4450//1927 4451//1924
f 4451//1924 4457//1925 4458//1926
f 4448//1920 4449//1928 4460//1929
f 4448//1920 4460//1929 4452//1918
l 4455 4454
l 4459 4450
l 4459 4449
v -0.240054 -0.839518 -0.585925
v -0.240054 -0.826316 -0.612338
v -0.241126 -0.819530 -0.601282
v -0.254685 -0.838041 -0.585461
v -0.244649 -0.829575 -0.585630
v -0.241093 -0.822124 -0.591128
v -0.247166 -0.820428 -0.605703
v -0.254980 -0.826226 -0.612305
v -0.244532 -0.838014 -0.613364
v -0.240925 -0.847166 -0.606467
v -0.243500 -0.847495 -0.595119
vn -0.0132 0.2106 -0.9775
vn -0.0129 0.0251 -0.9996
vn -0.0233 0.2284 -0.9733
vn 0.1231 -0.6707 0.7315
vn -0.0013 -0.7861 0.6181
vn 0.0144 -0.6776 0.7352
vn -0.0183 -0.7785 0.6273
vn 0.0404 -0.2337 0.9715
vn -0.0259 0.6385 -0.7692
s 1
usemtl 0.529412_0.549020_0.588235_0.000000_0.000000
f 4464//1930 4465//1931 4461//1932
f 4462//1933 4467//1934 4468//1935
f 4462//1933 4463//1936 4467//1934
f 4462//1933 4468//1935 4469//1937
f 4461//1932 4471//1938 4464//1930
l 4466 4465
l 4463 4466
l 4470 4469
l 4471 4470
v 0.066510 -0.400380 -0.382013
v 0.065414 -0.400778 -0.410553
v 0.077759 -0.404949 -0.382345
v 0.068467 -0.410709 -0.386270
v 0.067011 -0.413734 -0.399322
v 0.074804 -0.407663 -0.409181
v 0.080144 -0.399240 -0.411085
v 0.075794 -0.393310 -0.409853
v 0.068038 -0.388061 -0.404902
v 0.066461 -0.385384 -0.395131
v 0.069301 -0.389636 -0.385930
v 0.080843 -0.398480 -0.381660
vn -0.1055 -0.2867 -0.9522
vn -0.0608 0.2556 -0.9649
vn -0.1870 0.0568 -0.9807
vn 0.0185 0.3937 -0.9190
vn -0.1826 -0.1848 0.9657
vn 0.0057 0.6147 0.7887
vn -0.0404 0.4616 0.8861
vn -0.0184 -0.2999 0.9538
vn -0.0128 -0.4347 0.9005
vn -0.0290 -0.5131 0.8578
vn 0.0211 -0.4494 -0.8931
s 1
usemtl 0.529412_0.549020_0.588235_0.000000_0.000000
f 4483//1939 4474//1940 4472//1941
f 4474//1940 4475//1942 4472//1941
f 4473//1943 4476//1944 4477//1945
f 4473//1943 4478//1946 4479//1947
f 4473//1943 4479//1947 4480//1948
f 4472//1941 4482//1949 4483//1939
f 4477//1945 4478//1946 4473//1943
l 4476 4475
l 4480 4481
l 4481 4482
v -0.132008 -0.177527 -0.923941
v -0.143123 -0.169108 -0.922874
v -0.158350 -0.189218 -0.923924
v -0.144713 -0.198020 -0.922874
v -0.132300 -0.188892 -0.923969
v -0.141925 -0.168902 -0.936697
v -0.135358 -0.172550 -0.929547
v -0.135754 -0.194537 -0.929977
v -0.142740 -0.198013 -0.937584
v -0.151308 -0.196647 -0.934234
v -0.158128 -0.176157 -0.924996
v -0.151028 -0.169672 -0.932127
vn -0.3578 -0.9176 0.1730
vn -0.3124 -0.9444 0.1022
vn -0.5141 -0.8575 0.0184
vn -0.6730 -0.7395 -0.0162
vn -0.1756 0.9788 0.1056
vn -0.4552 0.8903 -0.0122
vn -0.2933 0.9560 0.0054
vn -0.4469 0.8944 -0.0208
vn 0.1659 0.9854 0.0394
vn 0.3974 0.9175 -0.0174
vn 0.0449 -0.9985 -0.0315
s 1
usemtl 0.529412_0.549020_0.588235_0.000000_0.000000
f 4485//1950 4489//1951 4490//1952
f 4490//1952 4484//1953 4485//1950
f 4487//1954 4491//1955 4492//1956
f 4487//1954 4488//1957 4491//1955
f 4487//1954 4492//1956 4493//1958
f 4493//1958 4486//1959 4487//1954
f 4485//1950 4495//1960 4489//1951
l 4484 4488
l 4494 4486
l 4494 4495
v 0.310438 -1.559512 -0.718004
v 0.298215 -1.536132 -0.715802
v 0.307916 -1.530971 -0.716907
v 0.312695 -1.559811 -0.704122
v 0.321632 -1.553697 -0.714512
v 0.324077 -1.542411 -0.716780
v 0.319857 -1.534653 -0.714605
v 0.314137 -1.531341 -0.705186
v 0.305262 -1.531108 -0.705087
v 0.296191 -1.549126 -0.716454
v 0.302516 -1.558380 -0.708077
vn -0.2728 0.9361 -0.2218
vn -0.5367 0.8438 0.0022
vn 0.0079 0.9749 -0.2226
vn 0.0252 -0.9829 -0.1821
vn -0.2671 -0.9637 0.0002
vn -0.1961 -0.9688 -0.1516
vn 0.3583 -0.9329 -0.0359
vn 0.4407 -0.8976 -0.0026
vn 0.5475 0.8365 0.0216
vn 0.4025 0.9131 -0.0657
s 1
usemtl 0.529412_0.549020_0.588235_0.000000_0.000000
f 4499//1961 4500//1962 4496//1963
f 4498//1964 4502//1965 4503//1966
f 4498//1964 4503//1966 4504//1967
f 4504//1967 4497//1968 4498//1964
f 4496//1963 4505//1969 4506//1970
f 4496//1963 4506//1970 4499//1961
l 4501 4500
l 4501 4502
l 4505 4497
v -0.355384 -1.308149 -0.681328
v -0.355384 -1.305731 -0.652275
v -0.364836 -1.315285 -0.679340
v -0.356516 -1.321627 -0.671899
v -0.356199 -1.322423 -0.662571
v -0.361346 -1.316660 -0.655117
v -0.370390 -1.306427 -0.652049
v -0.364931 -1.300645 -0.653751
v -0.357312 -1.295384 -0.659685
v -0.356379 -1.294851 -0.671893
v -0.362719 -1.298610 -0.678140
v -0.370319 -1.305591 -0.681413
vn 0.0548 -0.4107 -0.9101
vn 0.0007 0.1584 -0.9874
vn -0.0231 -0.2882 -0.9573
vn 0.0278 -0.4812 -0.8762
vn 0.0078 -0.5163 -0.8564
vn 0.0467 -0.2415 0.9693
vn -0.0431 -0.4510 0.8915
vn -0.0295 -0.2860 0.9578
vn -0.0153 -0.4369 0.8994
vn 0.0278 0.0690 0.9972
s 1
usemtl 0.529412_0.549020_0.588235_0.000000_0.000000
f 4508//1971 4512//1972 4513//1973
f 4508//1971 4513//1973 4514//1974
f 4514//1974 4515//1975 4508//1971
f 4507//1976 4517//1977 4518//1978
f 4507//1976 4516//1979 4517//1977
f 4507//1976 4518//1978 4509//1980
l 4510 4509
l 4511 4510
l 4511 4512
l 4515 4516
v -0.580922 -0.610376 -0.484307
v -0.580922 -0.618255 -0.483430
v -0.580922 -0.615125 -0.512606
v -0.591653 -0.610301 -0.484401
v -0.583535 -0.604236 -0.490389
v -0.582029 -0.603186 -0.502982
v -0.587068 -0.606929 -0.509069
v -0.594938 -0.616603 -0.512401
v -0.583064 -0.627946 -0.506768
v -0.581970 -0.630296 -0.493614
v -0.593033 -0.619927 -0.484410
vn -0.0069 -0.4470 -0.8945
vn -0.0263 -0.4616 -0.8867
vn -0.0264 -0.2152 -0.9762
vn -0.0880 -0.0822 -0.9927
vn -0.0213 -0.5811 -0.8135
vn -0.0211 -0.4720 0.8814
vn -0.0485 -0.3055 0.9510
vn -0.0448 -0.2302 0.9721
vn -0.0102 0.2969 0.9548
vn -0.0227 0.5439 -0.8388
s 1
usemtl 0.529412_0.549020_0.588235_0.000000_0.000000
f 4522//1981 4519//1982 4520//1983
f 4520//1983 4529//1984 4522//1981
f 4522//1981 4523//1985 4519//1982
f 4525//1986 4526//1987 4521//1988
f 4526//1987 4527//1989 4521//1988
f 4520//1983 4528//1990 4529//1984
l 4523 4524
l 4524 4525
l 4528 4527
v -0.047160 -0.836417 -0.613732
v -0.047492 -0.845678 -0.591099
v -0.049582 -0.833673 -0.585031
v -0.037728 -0.826697 -0.612833
v -0.045739 -0.822362 -0.608713
v -0.048249 -0.819818 -0.597147
v -0.045302 -0.825079 -0.587801
v -0.035454 -0.833147 -0.584983
v -0.037304 -0.840868 -0.586530
v -0.048056 -0.847297 -0.603833
v -0.034589 -0.831748 -0.614253
vn -0.0085 -0.4675 0.8840
vn 0.0135 -0.5201 0.8540
vn 0.0104 -0.4343 0.9007
vn -0.0055 -0.5764 0.8172
vn 0.0414 -0.3886 -0.9205
vn -0.0379 -0.2792 -0.9595
vn -0.2160 0.1116 -0.9700
vn -0.0433 0.3459 -0.9373
vn 0.0143 0.4295 -0.9029
s 1
usemtl 0.529412_0.549020_0.588235_0.000000_0.000000
f 4533//1991 4534//1992 4530//1993
f 4530//1993 4540//1994 4533//1991
f 4536//1995 4537//1996 4532//1997
f 4532//1997 4537//1996 4538//1998
f 4538//1998 4531//1999 4532//1997
l 4534 4535
l 4535 4536
l 4539 4531
l 4539 4530
v -0.049582 -1.307832 -0.652310
v -0.047149 -1.296329 -0.675451
v -0.046876 -1.311019 -0.680661
v -0.037624 -1.315294 -0.653742
v -0.046544 -1.320132 -0.658233
v -0.047988 -1.321292 -0.671552
v -0.035685 -1.308715 -0.681433
v -0.037682 -1.300894 -0.679872
v -0.048463 -1.293595 -0.664929
v -0.046457 -1.297834 -0.656139
v -0.039721 -1.302847 -0.652694
v -0.034115 -1.308644 -0.651927
vn -0.0257 -0.1444 -0.9892
vn -0.0470 0.3487 -0.9360
vn -0.1880 0.0070 -0.9821
vn 0.0234 0.5090 -0.8605
vn -0.0405 -0.3257 0.9446
vn -0.1596 -0.3532 0.9218
vn 0.0163 -0.3693 0.9292
vn 0.0225 -0.5126 0.8583
vn 0.0164 -0.4483 -0.8937
vn 0.0240 -0.3248 -0.9455
s 1
usemtl 0.529412_0.549020_0.588235_0.000000_0.000000
f 4552//2000 4544//2001 4541//2002
f 4544//2001 4545//2003 4541//2002
f 4547//2004 4548//2005 4543//2006
f 4548//2005 4542//2007 4543//2006
f 4541//2002 4550//2008 4551//2009
f 4541//2002 4551//2009 4552//2000
l 4546 4545
l 4546 4543
l 4549 4542
l 4550 4549
v -0.015276 -1.059477 -0.624805
v -0.014182 -1.071669 -0.618487
v -0.017733 -1.079586 -0.620906
v -0.014182 -1.069976 -0.647881
v -0.014182 -1.063758 -0.646305
v -0.015193 -1.057414 -0.636848
v -0.028156 -1.072310 -0.618807
v -0.021161 -1.063024 -0.620872
v -0.021290 -1.060022 -0.642961
v -0.027709 -1.070127 -0.647526
v -0.015588 -1.083637 -0.639997
v -0.016341 -1.084506 -0.627097
vn 0.1959 -0.1199 -0.9733
vn -0.0958 0.3104 -0.9458
vn -0.0013 -0.3373 -0.9414
vn -0.0123 -0.3970 -0.9177
vn -0.0200 -0.4769 0.8787
vn -0.0151 -0.5702 0.8214
vn -0.0763 -0.4136 0.9073
vn 0.0027 -0.4941 0.8694
vn -0.0551 -0.2295 0.9718
vn -0.0237 0.3566 0.9340
vn -0.0291 0.3815 -0.9239
s 1
usemtl 0.529412_0.549020_0.588235_0.000000_0.000000
f 4554//2010 4559//2011 4560//2012
f 4560//2012 4553//2013 4554//2010
f 4557//2014 4561//2015 4562//2016
f 4557//2014 4558//2017 4561//2015
f 4556//2018 4557//2014 4562//2016
f 4562//2016 4563//2019 4556//2018
f 4559//2011 4554//2010 4555//2020
l 4553 4558
l 4564 4563
l 4564 4555
v -0.144468 -1.559684 -0.718004
v -0.155534 -1.535818 -0.715949
v -0.144829 -1.530969 -0.716907
v -0.141432 -1.559807 -0.704134
v -0.133025 -1.554543 -0.714360
v -0.129789 -1.544356 -0.716851
v -0.133458 -1.535549 -0.714559
v -0.140557 -1.531133 -0.704580
v -0.148875 -1.531107 -0.705085
v -0.157972 -1.549160 -0.716433
v -0.151622 -1.558380 -0.708077
vn -0.3552 0.9216 -0.1567
vn -0.5365 0.8439 0.0020
vn -0.0632 0.9759 -0.2088
vn 0.0316 -0.9898 -0.1390
vn -0.4114 -0.9115 0.0015
vn -0.2911 -0.9423 -0.1652
vn 0.1792 -0.9829 -0.0424
vn 0.4115 -0.9113 0.0101
vn 0.5476 0.8364 0.0216
vn 0.3922 0.9165 -0.0782
s 1
usemtl 0.529412_0.549020_0.588235_0.000000_0.000000
f 4568//2021 4569//2022 4565//2023
f 4567//2024 4571//2025 4572//2026
f 4567//2024 4572//2026 4573//2027
f 4573//2027 4566//2028 4567//2024
f 4565//2023 4574//2029 4575//2030
f 4565//2023 4575//2030 4568//2021
l 4570 4569
l 4571 4570
l 4574 4566
v 0.292937 -1.072971 -0.619147
v 0.293603 -1.060961 -0.643537
v 0.294222 -1.075932 -0.646884
v 0.308986 -1.071220 -0.648285
v 0.303777 -1.076001 -0.619158
v 0.294087 -1.082599 -0.623897
v 0.292986 -1.084628 -0.637199
v 0.304896 -1.074975 -0.647645
v 0.304958 -1.067519 -0.647670
v 0.292405 -1.056570 -0.633480
v 0.294750 -1.060452 -0.623301
v 0.306756 -1.069648 -0.618501
vn -0.1435 -0.2125 -0.9666
vn -0.0583 0.3852 -0.9210
vn -0.1936 -0.0033 -0.9811
vn 0.0149 0.4998 -0.8660
vn 0.0265 0.0477 0.9985
vn 0.0008 -0.0036 1.0000
vn -0.0382 -0.1689 0.9849
vn -0.0230 -0.0938 0.9953
vn 0.0077 -0.3139 0.9494
vn 0.0211 -0.4481 -0.8937
s 1
usemtl 0.529412_0.549020_0.588235_0.000000_0.000000
f 4587//2031 4580//2032 4576//2033
f 4580//2032 4581//2034 4576//2033
f 4583//2035 4579//2036 4584//2037
f 4578//2038 4583//2035 4584//2037
f 4584//2037 4577//2039 4578//2038
f 4576//2033 4586//2040 4587//2031
l 4581 4582
l 4582 4578
l 4577 4585
l 4586 4585
v -0.131677 -1.538648 -0.923634
v -0.138913 -1.531412 -0.922540
v -0.145263 -1.530710 -0.922540
v -0.142125 -1.559860 -0.922540
v -0.144159 -1.530901 -0.936510
v -0.134475 -1.534484 -0.929341
v -0.130960 -1.550486 -0.923726
v -0.134583 -1.556462 -0.929459
v -0.142479 -1.559866 -0.936470
v -0.155029 -1.554881 -0.925854
v -0.159130 -1.543511 -0.923499
v -0.155235 -1.535211 -0.925683
vn -0.3049 -0.9353 -0.1796
vn -0.4097 -0.9122 -0.0093
vn -0.1648 -0.9852 -0.0464
vn -0.4353 -0.9002 0.0138
vn -0.4441 -0.8960 0.0028
vn -0.2166 0.9570 0.1927
vn -0.5342 0.8452 -0.0184
vn -0.5105 0.8599 -0.0015
vn 0.1241 0.9127 -0.3893
vn 0.2680 0.9631 -0.0235
vn 0.4099 -0.9121 0.0008
s 1
usemtl 0.529412_0.549020_0.588235_0.000000_0.000000
f 4592//2041 4589//2042 4590//2043
f 4593//2044 4588//2045 4589//2042
f 4589//2042 4592//2041 4593//2044
f 4591//2046 4594//2047 4595//2048
f 4595//2048 4596//2049 4591//2046
f 4596//2049 4597//2050 4591//2046
f 4590//2043 4599//2051 4592//2041
l 4588 4594
l 4598 4597
l 4598 4599
v -0.148872 -0.196971 -0.310930
v -0.156104 -0.173237 -0.310415
v -0.145833 -0.168961 -0.311509
v -0.143501 -0.197769 -0.298918
v -0.134703 -0.193445 -0.308887
v -0.130826 -0.185174 -0.311373
v -0.133691 -0.174798 -0.309779
v -0.141611 -0.169092 -0.299126
v -0.149181 -0.168940 -0.298929
v -0.159326 -0.185530 -0.311235
v -0.152821 -0.196478 -0.302895
vn 0.0891 0.9566 -0.2775
vn -0.5052 0.8629 0.0125
vn 0.1537 0.9656 -0.2099
vn -0.0324 -0.9843 -0.1737
vn -0.4348 -0.9004 0.0111
vn -0.3460 -0.9309 -0.1169
vn 0.2913 -0.9548 -0.0588
vn 0.3975 -0.9174 0.0174
vn 0.4763 0.8787 0.0312
s 1
usemtl 0.529412_0.549020_0.588235_0.000000_0.000000
f 4603//2052 4604//2053 4600//2054
f 4602//2055 4606//2056 4607//2057
f 4602//2055 4607//2057 4608//2058
f 4608//2058 4601//2059 4602//2055
f 4610//2060 4603//2052 4600//2054
l 4604 4605
l 4606 4605
l 4609 4601
l 4609 4600
v -0.602008 -0.196971 -0.310930
v -0.609241 -0.173237 -0.310415
v -0.598969 -0.168961 -0.311509
v -0.596637 -0.197769 -0.298917
v -0.587839 -0.193445 -0.308887
v -0.583962 -0.185174 -0.311373
v -0.586827 -0.174797 -0.309779
v -0.594746 -0.169092 -0.299127
v -0.602316 -0.168940 -0.298929
v -0.612462 -0.185530 -0.311235
v -0.605959 -0.196478 -0.302896
vn 0.1150 0.9568 -0.2671
vn -0.5052 0.8629 0.0123
vn 0.1546 0.9657 -0.2084
vn -0.0325 -0.9843 -0.1738
vn -0.4355 -0.9001 0.0127
vn -0.3539 -0.9282 -0.1146
vn 0.2907 -0.9550 -0.0590
vn 0.3975 -0.9174 0.0174
vn 0.4499 0.8928 0.0208
s 1
usemtl 0.529412_0.549020_0.588235_0.000000_0.000000
f 4614//2061 4615//2062 4611//2063
f 4613//2064 4617//2065 4618//2066
f 4613//2064 4618//2066 4619//2067
f 4619//2067 4612//2068 4613//2064
f 4611//2063 4621//2069 4614//2061
l 4615 4616
l 4617 4616
l 4620 4612
l 4620 4611
v -0.272693 -0.628465 -0.490333
v -0.272280 -0.612643 -0.483718
v -0.273261 -0.602984 -0.501958
v -0.272430 -0.616847 -0.512399
v -0.262293 -0.626541 -0.486740
v -0.272133 -0.631688 -0.497058
v -0.273821 -0.627833 -0.506454
v -0.262222 -0.614355 -0.512598
v -0.261334 -0.607578 -0.509642
v -0.274407 -0.603981 -0.490544
v -0.272175 -0.607711 -0.485890
v -0.260527 -0.620612 -0.483566
vn -0.0248 0.9997 0.0013
vn 0.0224 0.9996 0.0195
vn 0.0262 0.9976 -0.0643
vn -0.0009 -0.4538 0.8911
vn 0.0182 -0.3759 0.9265
vn -0.0086 -0.5212 0.8534
vn 0.0122 -0.5978 0.8016
vn 0.0258 -0.5365 -0.8435
vn 0.0066 -0.6096 -0.7927
vn 0.0047 -0.6308 -0.7759
vn -0.0307 0.2868 -0.9575
vn 0.0021 0.0970 -0.9953
vn -0.0036 0.1975 -0.9803
vn -0.0309 0.4783 -0.8777
s 1
usemtl 0.529412_0.549020_0.588235_0.000000_0.000000
f 4627//2070 4628//2071 4622//2072
f 4625//2073 4629//2074 4630//2075
f 4630//2075 4624//2076 4625//2073
f 4623//2077 4631//2078 4632//2079
f 4622//2080 4623//2081 4633//2082
f 4622//2080 4633//2082 4626//2083
l 4628 4625
l 4624 4631
v -0.019608 -1.527561 -0.706234
v -0.028734 -1.525853 -0.711912
v -0.029526 -1.529874 -0.683479
v -0.029909 -1.539947 -0.714246
v -0.021500 -1.532695 -0.709207
v -0.018291 -1.530205 -0.694683
v -0.023383 -1.536530 -0.686589
v -0.029271 -1.544101 -0.685417
v -0.037363 -1.537079 -0.685116
v -0.045209 -1.530270 -0.693073
v -0.042899 -1.529490 -0.707240
vn -0.4626 -0.1120 0.8795
vn -0.3240 -0.0473 0.9449
vn -0.5156 -0.0920 0.8519
vn -0.6791 -0.1175 0.7246
vn -0.2966 0.0118 -0.9549
vn -0.4215 0.1009 -0.9012
vn -0.3746 0.1653 -0.9123
vn 0.1644 0.1539 -0.9743
vn 0.2324 -0.1359 0.9631
s 1
usemtl 0.529412_0.549020_0.588235_0.000000_0.000000
f 4635//2084 4637//2085 4638//2086
f 4638//2086 4634//2087 4635//2084
f 4636//2088 4640//2089 4641//2090
f 4636//2088 4641//2090 4642//2091
f 4637//2085 4635//2084 4644//2092
l 4634 4639
l 4640 4639
l 4643 4642
l 4644 4643
v -0.147703 -0.819851 -0.615615
v -0.136185 -0.845941 -0.615198
v -0.150304 -0.847259 -0.614486
v -0.148738 -0.819626 -0.603975
v -0.156176 -0.824417 -0.613931
v -0.158499 -0.836945 -0.615785
v -0.146082 -0.848564 -0.602978
v -0.138874 -0.847751 -0.606180
v -0.130629 -0.837722 -0.615886
v -0.130368 -0.830001 -0.616001
v -0.134511 -0.823532 -0.613952
v -0.142270 -0.819321 -0.602481
vn -0.2722 0.9621 -0.0150
vn -0.2853 0.9581 0.0239
vn -0.1944 0.9808 0.0154
vn -0.3114 0.9500 -0.0238
vn -0.1346 -0.9908 -0.0115
vn -0.3284 -0.9445 0.0002
vn -0.2842 -0.9586 -0.0204
vn 0.0487 -0.9988 -0.0035
s 1
usemtl 0.529412_0.549020_0.588235_0.000000_0.000000
f 4651//2093 4646//2094 4647//2095
f 4646//2094 4651//2093 4652//2096
f 4645//2097 4655//2098 4656//2099
f 4645//2097 4656//2099 4648//2100
l 4649 4645
l 4650 4649
l 4650 4647
l 4646 4653
l 4653 4654
l 4655 4654
v -0.131378 -0.828021 -0.924105
v -0.142457 -0.819722 -0.922874
v -0.142460 -0.848464 -0.922874
v -0.141484 -0.819458 -0.936944
v -0.134706 -0.823143 -0.929563
v -0.131347 -0.839079 -0.923936
v -0.134790 -0.844931 -0.929655
v -0.142401 -0.848581 -0.937507
v -0.153095 -0.845727 -0.928748
v -0.159214 -0.836310 -0.923851
v -0.156890 -0.825602 -0.925375
v -0.150004 -0.820129 -0.932213
vn -0.2928 -0.9399 0.1760
vn -0.3064 -0.9458 0.1075
vn -0.5226 -0.8522 0.0267
vn -0.6812 -0.7319 -0.0144
vn -0.2902 0.9473 0.1356
vn -0.5220 0.8530 -0.0019
vn -0.5164 0.8564 -0.0043
vn -0.3407 0.9395 0.0350
vn 0.1627 0.9866 0.0074
vn 0.0451 -0.9985 -0.0321
s 1
usemtl 0.529412_0.549020_0.588235_0.000000_0.000000
f 4658//2101 4660//2102 4661//2103
f 4661//2103 4657//2104 4658//2101
f 4659//2105 4662//2106 4663//2107
f 4663//2107 4664//2108 4659//2105
f 4659//2105 4664//2108 4665//2109
f 4658//2101 4668//2110 4660//2102
l 4657 4662
l 4666 4665
l 4667 4666
l 4667 4668
v -0.150114 -0.847920 -0.935303
v -0.158504 -0.839855 -0.926911
l 4669 4670
v 0.078275 -0.395168 -0.410524
v 0.069602 -0.386487 -0.402486
l 4672 4671
v -0.271995 -0.601677 -0.496420
v -0.264779 -0.604791 -0.506686
l 4673 4674
v -0.032933 -1.546449 -0.685335
v -0.038465 -1.540782 -0.686155
v -0.045928 -1.532232 -0.693046
l 4675 4676
l 4676 4677
v -0.155376 -0.171969 -0.304766
v -0.160067 -0.179016 -0.309479
v -0.149255 -0.168858 -0.298660
l 4679 4678
l 4680 4678
v -0.608541 -0.171991 -0.304789
v -0.613184 -0.178956 -0.309453
v -0.602389 -0.168860 -0.298662
l 4682 4681
l 4683 4681
v -0.036636 -1.301394 -0.680073
v -0.045374 -1.293907 -0.670908
l 4684 4685
v -0.159165 -0.189252 -0.926919
v -0.150718 -0.197331 -0.935366
l 4686 4687
v -0.246298 -0.393768 -0.382769
v -0.242659 -0.387591 -0.387349
v -0.253779 -0.402528 -0.381656
l 4688 4690
l 4688 4689
v -0.046424 -0.849022 -0.597410
v -0.035640 -0.839736 -0.585873
v -0.041681 -0.845300 -0.589742
l 4692 4693
l 4691 4693
v -0.242298 -0.847439 -0.607364
v -0.255012 -0.830208 -0.614222
v -0.245722 -0.841332 -0.612418
l 4696 4695
l 4694 4696
v -0.144815 -0.849007 -0.599709
v -0.136124 -0.845814 -0.608388
v -0.130054 -0.837943 -0.614438
l 4699 4698
l 4697 4698
v 0.304267 -1.066472 -0.647390
v 0.295510 -1.057679 -0.639353
l 4701 4700
v -0.154352 -1.533955 -0.710141
v -0.159028 -1.540902 -0.714829
v -0.148269 -1.530878 -0.704066
l 4703 4702
l 4702 4704
v -0.365003 -1.299992 -0.654552
v -0.358454 -1.293444 -0.662546
l 4706 4705
v -0.596042 -0.619298 -0.512700
v -0.586950 -0.628386 -0.506761
v -0.583228 -0.632099 -0.499516
l 4708 4707
l 4709 4708
v -0.149456 -1.559461 -0.935300
v -0.157886 -1.551710 -0.926875
l 4710 4711
v -0.266125 -0.185606 -0.309732
v -0.272062 -0.194223 -0.305387
v -0.260515 -0.179591 -0.309423
l 4712 4714
l 4713 4712
v -0.029745 -1.071268 -0.648258
v -0.020835 -1.080872 -0.644293
v -0.016594 -1.086168 -0.637330
l 4715 4716
l 4717 4716
v 0.299817 -1.533931 -0.710120
v 0.295112 -1.540852 -0.714789
v 0.305882 -1.530873 -0.704047
l 4718 4719
l 4718 4720
v -0.191333 -1.529659 -0.935132
v -0.191337 -1.559804 -0.932354
v -0.191343 -1.550617 -0.924653
v -0.191333 -1.529688 -0.945524
v -0.191347 -1.547283 -0.956573
v -0.191345 -1.537685 -0.925836
v -0.191343 -1.536187 -0.954006
v -0.191336 -1.559451 -0.947628
l 4728 4725
l 4725 4727
l 4723 4722
l 4724 4721
l 4727 4724
l 4722 4728
l 4726 4723
l 4721 4726
v -0.097969 -0.817595 -0.595979
v -0.097965 -0.823222 -0.612259
v -0.097965 -0.817813 -0.603263
v -0.097965 -0.820712 -0.589824
v -0.097952 -0.829592 -0.583745
v -0.097964 -0.840144 -0.584354
v -0.097958 -0.848536 -0.592084
v -0.097961 -0.834844 -0.615996
v -0.097962 -0.848052 -0.607105
l 4735 4734
l 4731 4730
l 4729 4731
l 4734 4733
l 4737 4735
l 4736 4737
l 4730 4736
l 4732 4729
l 4733 4732
v -0.246155 -0.871304 -0.630464
v -0.254185 -0.883384 -0.604708
v -0.254147 -0.869553 -0.634226
v -0.241826 -0.874526 -0.623612
v -0.262163 -0.883135 -0.605230
v -0.267959 -0.871282 -0.630534
v -0.245170 -0.880495 -0.610840
v -0.272800 -0.878563 -0.614989
l 4740 4743
l 4738 4740
l 4741 4738
l 4744 4741
l 4739 4744
l 4742 4739
l 4743 4745
l 4745 4742
v 0.262796 -1.529159 -0.696032
v 0.262813 -1.561033 -0.695003
v 0.262811 -1.529201 -0.703711
v 0.262804 -1.554612 -0.686589
v 0.262798 -1.543373 -0.683975
v 0.262800 -1.534798 -0.713015
v 0.262796 -1.545203 -0.716728
v 0.262803 -1.533205 -0.689115
v 0.262802 -1.558665 -0.709004
l 4753 4750
l 4748 4746
l 4752 4751
l 4746 4753
l 4751 4748
l 4754 4752
l 4747 4754
l 4750 4749
l 4749 4747
v -0.191694 -0.818015 -0.935247
v -0.191683 -0.847140 -0.949418
v -0.191682 -0.849663 -0.935263
v -0.191684 -0.843321 -0.926922
v -0.191683 -0.832890 -0.924052
v -0.191684 -0.822515 -0.928780
v -0.191675 -0.834023 -0.957026
v -0.191683 -0.817785 -0.943403
v -0.191666 -0.823295 -0.953189
l 4756 4761
l 4757 4756
l 4758 4757
l 4759 4758
l 4760 4759
l 4755 4760
l 4762 4755
l 4763 4762
l 4761 4763
v -0.304625 -0.167185 -0.290309
v -0.304619 -0.179831 -0.278722
v -0.304613 -0.198083 -0.287340
v -0.304620 -0.190211 -0.279839
v -0.304612 -0.170884 -0.284030
v -0.304617 -0.167012 -0.297481
v -0.304617 -0.171971 -0.306921
v -0.304615 -0.184178 -0.311059
v -0.304610 -0.197664 -0.301801
l 4764 4768
l 4769 4764
l 4770 4769
l 4771 4770
l 4772 4771
l 4766 4772
l 4767 4766
l 4765 4767
l 4768 4765
v -0.246202 -0.352490 -0.387460
v -0.254993 -0.364616 -0.361561
v -0.241881 -0.355623 -0.380745
v -0.254334 -0.350722 -0.391196
v -0.273229 -0.359115 -0.373288
v -0.263610 -0.364112 -0.362621
v -0.245092 -0.361647 -0.367894
v -0.267618 -0.352257 -0.387937
l 4778 4777
l 4779 4774
l 4775 4779
l 4773 4775
l 4776 4773
l 4780 4776
l 4777 4780
l 4774 4778
v -0.019737 -0.878761 -0.617726
v -0.015891 -0.879776 -0.610505
v -0.028527 -0.882649 -0.590222
v -0.038956 -0.882467 -0.591462
v -0.018135 -0.881563 -0.597846
v -0.040610 -0.878514 -0.619397
v -0.047352 -0.880855 -0.602807
v -0.026407 -0.878184 -0.621706
l 4783 4785
l 4786 4787
l 4788 4786
l 4781 4788
l 4785 4782
l 4784 4783
l 4787 4784
l 4782 4781
v -0.252472 -0.567618 -0.492242
v -0.254025 -0.581217 -0.463188
v -0.245619 -0.569370 -0.488512
v -0.241866 -0.572324 -0.482191
v -0.262988 -0.580828 -0.464027
v -0.245121 -0.578333 -0.469369
v -0.266604 -0.568685 -0.489952
v -0.273324 -0.575600 -0.475212
l 4791 4792
l 4795 4789
l 4796 4795
l 4790 4793
l 4794 4790
l 4792 4794
l 4789 4791
l 4793 4796
v -0.191343 -1.535841 -0.686580
v -0.191344 -1.544238 -0.683794
v -0.191334 -1.560968 -0.694797
v -0.191336 -1.554613 -0.686585
v -0.191334 -1.530309 -0.693460
v -0.191330 -1.529225 -0.703811
v -0.191339 -1.534797 -0.713017
v -0.191351 -1.545417 -0.716753
v -0.191337 -1.558665 -0.709006
l 4797 4798
l 4801 4797
l 4802 4801
l 4804 4803
l 4805 4804
l 4800 4799
l 4798 4800
l 4799 4805
l 4803 4802
v -0.046843 -1.262489 -0.654942
v -0.042445 -1.260089 -0.671910
v -0.028298 -1.259477 -0.676188
v -0.020503 -1.260051 -0.672293
v -0.029031 -1.264031 -0.643818
v -0.019099 -1.263073 -0.650819
v -0.015889 -1.261163 -0.664387
v -0.037332 -1.263933 -0.644740
l 4808 4809
l 4806 4807
l 4813 4806
l 4810 4813
l 4811 4810
l 4812 4811
l 4809 4812
l 4807 4808
v -0.018192 -1.118786 -0.631296
v -0.015928 -1.116995 -0.644121
v -0.020284 -1.115917 -0.651708
v -0.041037 -1.115740 -0.653007
v -0.027976 -1.119870 -0.623888
v -0.028257 -1.115352 -0.655801
v -0.039800 -1.119619 -0.625548
v -0.047688 -1.117783 -0.638505
l 4817 4821
l 4819 4817
l 4814 4815
l 4818 4814
l 4821 4820
l 4815 4816
l 4816 4819
l 4820 4818
v -0.356688 -1.261256 -0.663204
v -0.370059 -1.261253 -0.650583
v -0.360439 -1.261254 -0.656089
v -0.374274 -1.261259 -0.683143
v -0.388437 -1.261261 -0.660549
v -0.386623 -1.261262 -0.674925
v -0.381575 -1.261260 -0.652531
v -0.357138 -1.261261 -0.671242
v -0.363241 -1.261261 -0.680066
l 4826 4827
l 4828 4826
l 4823 4828
l 4824 4823
l 4822 4824
l 4829 4822
l 4830 4829
l 4825 4830
l 4827 4825
v 0.325355 -1.024355 -0.629614
v 0.324927 -1.024360 -0.637710
v 0.319031 -1.024358 -0.646400
v 0.306984 -1.024355 -0.649457
v 0.294590 -1.024359 -0.639943
v 0.302070 -1.024357 -0.618235
v 0.312524 -1.024357 -0.617107
v 0.321703 -1.024360 -0.622684
v 0.294408 -1.024355 -0.625415
l 4838 4837
l 4833 4832
l 4834 4833
l 4835 4834
l 4839 4835
l 4836 4839
l 4837 4836
l 4831 4838
l 4832 4831
v 0.099493 -0.353177 -0.392854
v 0.099027 -0.353175 -0.400898
v 0.093076 -0.353175 -0.409593
v 0.082139 -0.353179 -0.412790
v 0.074708 -0.353185 -0.382166
v 0.086053 -0.353175 -0.380246
v 0.067761 -0.353178 -0.390269
v 0.095852 -0.353175 -0.385864
v 0.069521 -0.353178 -0.404656
l 4840 4841
l 4842 4841
l 4843 4842
l 4848 4843
l 4846 4848
l 4844 4846
l 4845 4844
l 4847 4845
l 4840 4847
v -0.582660 -0.663563 -0.502252
v -0.582542 -0.663558 -0.493364
v -0.604792 -0.663560 -0.482673
v -0.613187 -0.663565 -0.490045
v -0.601357 -0.663561 -0.514118
v -0.613014 -0.663562 -0.504517
v -0.589410 -0.663561 -0.511565
v -0.590186 -0.663565 -0.484287
l 4853 4854
l 4855 4853
l 4850 4849
l 4856 4850
l 4851 4856
l 4852 4851
l 4854 4852
l 4849 4855
v -0.078741 -1.546814 -0.716554
v -0.078742 -1.534973 -0.713178
v -0.078736 -1.537164 -0.686532
v -0.078728 -1.560249 -0.693112
v -0.078728 -1.529312 -0.704279
v -0.078741 -1.552111 -0.685287
v -0.078734 -1.529413 -0.695360
v -0.078736 -1.559523 -0.707495
l 4863 4859
l 4860 4864
l 4862 4860
l 4861 4863
l 4857 4858
l 4864 4857
l 4859 4862
l 4858 4861
v -0.192357 -0.167212 -0.290373
v -0.192345 -0.198402 -0.288022
v -0.192344 -0.172739 -0.307590
v -0.192348 -0.171276 -0.283590
v -0.192346 -0.197405 -0.302248
v -0.192351 -0.191176 -0.280311
v -0.192348 -0.180564 -0.278593
v -0.192348 -0.167231 -0.298603
v -0.192342 -0.184470 -0.311179
l 4868 4871
l 4865 4868
l 4872 4865
l 4867 4872
l 4873 4867
l 4869 4873
l 4866 4869
l 4870 4866
l 4871 4870
v -0.192357 -0.167212 -0.936041
v -0.192347 -0.198374 -0.933628
v -0.192343 -0.172740 -0.953257
v -0.192347 -0.197482 -0.947815
v -0.192350 -0.191175 -0.925980
v -0.192347 -0.180613 -0.924248
v -0.192349 -0.171237 -0.929322
v -0.192344 -0.184418 -0.956847
v -0.192347 -0.167246 -0.944336
l 4877 4881
l 4875 4877
l 4878 4875
l 4879 4878
l 4880 4879
l 4874 4880
l 4882 4874
l 4876 4882
l 4881 4876
v -0.645488 -0.167215 -0.290375
v -0.645484 -0.171262 -0.283611
v -0.645480 -0.198361 -0.287914
v -0.645478 -0.172740 -0.307588
v -0.645484 -0.197424 -0.302200
v -0.645486 -0.191175 -0.280312
v -0.645483 -0.180660 -0.278580
v -0.645485 -0.167215 -0.298485
v -0.645479 -0.184326 -0.311182
l 4884 4889
l 4883 4884
l 4890 4883
l 4886 4890
l 4891 4886
l 4887 4891
l 4885 4887
l 4888 4885
l 4889 4888
v -0.253546 -0.843921 -0.588540
v -0.244463 -0.848712 -0.599620
l 4893 4892
v -0.046145 -0.847460 -0.606529
v -0.040556 -0.840894 -0.613082
v -0.034773 -0.834848 -0.614671
l 4894 4895
l 4895 4896
v -0.253574 -0.390103 -0.407590
v -0.242938 -0.385005 -0.393496
v -0.246892 -0.385727 -0.401276
l 4899 4898
l 4899 4897
v 0.068928 -0.385828 -0.391344
v 0.075313 -0.392190 -0.383645
v 0.081410 -0.398312 -0.381509
l 4900 4901
l 4902 4901
v -0.600366 -0.198263 -0.296624
v -0.605764 -0.196557 -0.301994
v -0.612593 -0.188813 -0.308836
l 4905 4904
l 4903 4904
v -0.140481 -0.819668 -0.603954
v -0.131497 -0.827678 -0.612999
l 4906 4907
v 0.307687 -1.069927 -0.618298
v 0.295003 -1.057194 -0.627792
v 0.301873 -1.064055 -0.620127
l 4909 4910
l 4910 4908
v -0.598622 -0.616701 -0.482887
v -0.593953 -0.621420 -0.483739
v -0.585178 -0.630175 -0.491795
l 4913 4912
l 4912 4911
v -0.045819 -1.295059 -0.659371
v -0.038860 -1.302955 -0.652706
v -0.033167 -1.308961 -0.651767
l 4914 4915
l 4916 4915
v -0.358303 -1.293339 -0.670649
v -0.362267 -1.297297 -0.677284
v -0.369143 -1.304120 -0.681136
l 4918 4917
l 4918 4919
v -0.160103 -0.179067 -0.925991
v -0.155516 -0.172080 -0.930559
v -0.149227 -0.168881 -0.936881
l 4921 4920
l 4921 4922
v -0.145779 -1.560325 -0.701602
v -0.158183 -1.551356 -0.714003
v -0.151145 -1.558797 -0.706912
l 4924 4925
l 4923 4925
v -0.272182 -0.198364 -0.296786
v -0.266781 -0.196618 -0.287820
v -0.260671 -0.192196 -0.282814
l 4927 4926
l 4927 4928
v -0.147704 -1.530755 -0.937083
v -0.159027 -1.540883 -0.925708
v -0.154288 -1.533947 -0.930450
l 4931 4930
l 4931 4929
v -0.147229 -0.198263 -0.296624
v -0.152627 -0.196557 -0.301994
v -0.159450 -0.188824 -0.308835
l 4934 4933
l 4932 4933
v 0.308359 -1.560325 -0.701602
v 0.295940 -1.551320 -0.714013
v 0.302948 -1.558780 -0.706953
l 4936 4937
l 4935 4937
v -0.036311 -1.539062 -0.713783
v -0.045188 -1.531295 -0.704818
l 4938 4939
v -0.259324 -0.621606 -0.483740
v -0.271693 -0.606391 -0.487034
v -0.265026 -0.615579 -0.482960
l 4942 4941
l 4942 4940
v -0.027840 -1.077284 -0.619606
v -0.018709 -1.085212 -0.628680
l 4944 4943
v -0.159454 -0.829750 -0.925961
v -0.154820 -0.822671 -0.930600
v -0.148697 -0.819523 -0.936753
l 4946 4945
l 4946 4947
v -0.588080 -0.606156 -0.508710
v -0.583872 -0.601982 -0.501928
v -0.594620 -0.612714 -0.512337
l 4948 4949
l 4948 4950
v 0.074865 -0.408261 -0.408946
v 0.068852 -0.414303 -0.401358
v 0.080312 -0.402823 -0.411149
l 4951 4953
l 4952 4951
v -0.257756 -0.406406 -0.382800
v -0.244355 -0.414786 -0.396459
v -0.253212 -0.410149 -0.385412
l 4956 4955
l 4956 4954
v -0.247179 -0.819843 -0.604980
v -0.242991 -0.818958 -0.597027
v -0.253713 -0.824242 -0.611060
l 4957 4959
l 4958 4957
v -0.131367 -1.538753 -0.713457
v -0.140389 -1.530981 -0.704419
l 4960 4961
v -0.134780 -0.193997 -0.929891
v -0.130706 -0.187190 -0.925749
v -0.141408 -0.197763 -0.936467
l 4962 4964
l 4963 4962
v -0.146181 -0.848926 -0.601089
v -0.151226 -0.847470 -0.606139
v -0.158680 -0.839614 -0.613591
l 4967 4966
l 4966 4965
v -0.021398 -1.059393 -0.642588
v -0.017123 -1.056072 -0.635081
v -0.027928 -1.065322 -0.646991
l 4968 4969
l 4970 4968
v -0.034427 -1.308537 -0.681737
v -0.040048 -1.314359 -0.680389
v -0.046144 -1.321549 -0.673711
l 4972 4971
l 4973 4972
v 0.300721 -1.079438 -0.645803
v 0.294775 -1.085434 -0.638342
v 0.306229 -1.073939 -0.647997
l 4974 4976
l 4975 4974
v -0.145484 -0.168330 -0.294908
v -0.140976 -0.169095 -0.299434
v -0.132108 -0.177129 -0.308298
l 4977 4978
l 4979 4978
v -0.266115 -0.618958 -0.512746
v -0.272066 -0.627590 -0.508392
v -0.260535 -0.612949 -0.512437
l 4980 4982
l 4980 4981
v -0.359915 -1.321303 -0.660250
v -0.369095 -1.312087 -0.652336
l 4983 4984
v -0.023733 -1.538981 -0.687084
v -0.017243 -1.531399 -0.694136
l 4986 4985
v -0.598621 -0.168330 -0.294907
v -0.585216 -0.177164 -0.308328
v -0.594096 -0.169101 -0.299447
l 4987 4989
l 4988 4989
v 0.322760 -1.538739 -0.713449
v 0.313817 -1.531001 -0.704480
l 4990 4991
v -0.134156 -0.844627 -0.929909
v -0.130025 -0.837788 -0.925752
v -0.140775 -0.848381 -0.936493
l 4992 4994
l 4993 4992
v -0.129808 -1.549534 -0.925530
v -0.140224 -1.559709 -0.935943
v -0.133978 -1.556199 -0.929703
l 4995 4997
l 4997 4996
v -0.245690 -0.190757 -0.307609
v -0.242305 -0.196842 -0.302540
v -0.254965 -0.179657 -0.309439
l 4998 5000
l 4999 4998
v -0.033614 -0.834370 -0.584705
v -0.038905 -0.828891 -0.585661
v -0.045932 -0.820808 -0.592497
l 5002 5001
l 5003 5002
v -0.272157 -0.631719 -0.499752
v -0.266750 -0.629926 -0.490798
v -0.260636 -0.625514 -0.485810
l 5005 5006
l 5005 5004
v -0.045452 -0.819715 -0.603710
v -0.037000 -0.826990 -0.612859
l 5007 5008
v -0.253527 -0.193314 -0.283746
v -0.244438 -0.198099 -0.294892
l 5010 5009
v -0.017124 -1.057151 -0.627299
v -0.023395 -1.064535 -0.620228
l 5012 5011
v -0.129080 -1.543847 -0.924834
v -0.132761 -1.536531 -0.928494
v -0.142325 -1.530539 -0.938060
l 5013 5014
l 5014 5015
v -0.142292 -0.819204 -0.938013
v -0.129370 -0.832826 -0.925113
v -0.132662 -0.825772 -0.928383
l 5017 5018
l 5016 5018
v -0.598173 -0.198379 -0.295347
v -0.583648 -0.186700 -0.309871
v -0.588824 -0.194305 -0.304722
l 5021 5020
l 5019 5021
v 0.309654 -1.560400 -0.700304
v 0.324422 -1.549322 -0.715063
v 0.318757 -1.556925 -0.709417
l 5024 5023
l 5022 5024
v -0.598165 -0.616237 -0.482900
v -0.583631 -0.601724 -0.494615
v -0.588885 -0.606995 -0.486889
l 5027 5026
l 5025 5027
v -0.159381 -0.829594 -0.614276
v -0.154569 -0.822498 -0.609450
v -0.148232 -0.819413 -0.603179
l 5029 5028
l 5029 5030
v -0.357685 -1.323560 -0.668280
v -0.361332 -1.319828 -0.675585
v -0.370974 -1.310230 -0.681596
l 5031 5032
l 5032 5033
v 0.079726 -0.403347 -0.381827
v 0.068556 -0.414588 -0.392029
v 0.073366 -0.409769 -0.384923
l 5036 5035
l 5036 5034
v -0.035162 -1.313373 -0.652754
v -0.046401 -1.323132 -0.664326
v -0.041637 -1.319312 -0.656706
l 5038 5039
l 5039 5037
v 0.305688 -1.074474 -0.618666
v 0.294498 -1.085696 -0.628637
v 0.299381 -1.080753 -0.621616
l 5041 5042
l 5042 5040
v -0.145028 -0.198379 -0.295358
v -0.130522 -0.186723 -0.309875
v -0.135700 -0.194315 -0.304707
l 5045 5044
l 5043 5045
v -0.144484 -1.560400 -0.700304
v -0.129717 -1.549308 -0.715074
v -0.135393 -1.556940 -0.709405
l 5048 5047
l 5046 5048
v -0.242279 -0.413544 -0.403964
v -0.245503 -0.407647 -0.408983
v -0.255069 -0.396194 -0.410893
l 5050 5051
l 5049 5050
v -0.027672 -1.539141 -0.713894
v -0.017061 -1.530139 -0.701907
v -0.021190 -1.533280 -0.709347
l 5053 5054
l 5054 5052
v -0.253574 -0.836321 -0.584952
v -0.246178 -0.827602 -0.586091
v -0.242657 -0.821570 -0.590629
l 5057 5056
l 5056 5055
v -0.142960 -0.168590 -0.938014
v -0.130041 -0.182223 -0.925104
v -0.133346 -0.175139 -0.928401
l 5059 5060
l 5058 5060
v -0.239386 -0.395368 -0.407787
v 0.065414 -0.402699 -0.408488
v -0.239386 -0.408363 -0.405074
v 0.065414 -0.411755 -0.397642
v -0.239386 -0.410895 -0.390770
v 0.065414 -0.404581 -0.385105
v -0.239386 -0.402839 -0.384313
v -0.239386 -0.391876 -0.387305
v 0.065414 -0.389543 -0.392288
v -0.239386 -0.388181 -0.399138
v 0.065414 -0.392022 -0.405848
vn 0.0097 0.0486 0.9988
vn 0.0092 -0.5201 0.8540
vn -0.0184 -0.0210 0.9996
vn 0.1805 0.8553 0.4857
vn -0.0309 0.3885 0.9209
vn 0.0180 0.6161 -0.7874
vn -0.0075 0.7857 -0.6186
vn 0.0420 -0.4506 -0.8917
vn 0.0163 -0.0712 -0.9973
vn -0.0306 -0.8813 0.4715
vn 0.0781 -0.4091 -0.9091
s 1
usemtl 0.439216_0.474510_0.501961_0.000000_0.000000
f 5062//2111 5071//2112 5061//2113
f 5064//2114 5062//2111 5063//2115
f 5066//2116 5064//2114 5065//2117
f 5069//2118 5066//2116 5067//2119
f 5071//2112 5069//2118 5070//2120
f 5070//2120 5061//2113 5071//2112
f 5068//2121 5070//2120 5069//2118
f 5067//2119 5068//2121 5069//2118
f 5065//2117 5067//2119 5066//2116
f 5063//2115 5065//2117 5064//2114
f 5061//2113 5063//2115 5062//2111
v -0.580588 -0.605662 -0.501918
v -0.275788 -0.605451 -0.501637
v -0.275788 -0.605240 -0.492408
v -0.580588 -0.609701 -0.487781
v -0.275788 -0.609803 -0.487740
v -0.580588 -0.623990 -0.488440
v -0.275788 -0.622852 -0.487254
v -0.275788 -0.628058 -0.499872
v -0.580588 -0.626103 -0.504478
v -0.275788 -0.620539 -0.509847
v -0.580588 -0.614783 -0.510196
v -0.275788 -0.613028 -0.510169
vn -0.0119 -0.9699 -0.2433
vn -0.0065 -0.3654 0.9308
vn -0.0075 -0.6381 0.7699
vn -0.0130 -0.8181 -0.5749
vn -0.0003 -0.9047 -0.4260
vn -0.0199 0.2326 -0.9724
vn -0.0153 -0.6634 -0.7481
vn -0.0125 0.4444 0.8957
vn 0.0150 0.9210 -0.3893
vn 0.0008 0.2194 0.9756
vn -0.0006 -0.2954 0.9554
vn -0.0056 0.2326 -0.9726
s 1
usemtl 0.439216_0.474510_0.501961_0.000000_0.000000
f 5072//2122 5082//2123 5073//2124
f 5075//2125 5072//2122 5074//2126
f 5077//2127 5075//2125 5076//2128
f 5080//2129 5077//2127 5079//2130
f 5082//2123 5080//2129 5081//2131
f 5081//2131 5083//2132 5082//2123
f 5079//2130 5081//2131 5080//2129
f 5078//2133 5079//2130 5077//2127
f 5076//2128 5078//2133 5077//2127
f 5074//2126 5076//2128 5075//2125
f 5073//2124 5074//2126 5072//2122
f 5083//2132 5073//2124 5082//2123
v -0.354716 -1.307209 -0.679152
v -0.049916 -1.305788 -0.678910
v -0.354716 -1.297982 -0.673562
v -0.049916 -1.296995 -0.671473
v -0.354716 -1.296021 -0.663512
v -0.049916 -1.298594 -0.658783
v -0.354716 -1.301745 -0.656088
v -0.049916 -1.308049 -0.654264
v -0.354716 -1.314894 -0.656740
v -0.049916 -1.319047 -0.663777
v -0.354716 -1.318687 -0.671164
v -0.049916 -1.316243 -0.676158
vn -0.0036 -0.5538 0.8327
vn -0.1940 -0.1315 0.9722
vn 0.0085 -0.4864 0.8737
vn -0.0022 -0.9122 -0.4098
vn 0.0099 -0.9980 -0.0625
vn -0.1139 -0.1874 -0.9757
vn 0.0125 -0.6440 -0.7649
vn -0.0215 0.3366 -0.9414
vn 0.0023 -0.1520 -0.9884
vn -0.0984 0.6406 0.7615
vn 0.0300 0.6330 -0.7735
vn 0.0016 0.4655 0.8851
s 1
usemtl 0.439216_0.474510_0.501961_0.000000_0.000000
f 5086//2134 5084//2135 5085//2136
f 5088//2137 5086//2134 5087//2138
f 5090//2139 5088//2137 5089//2140
f 5092//2141 5090//2139 5091//2142
f 5094//2143 5092//2141 5093//2144
f 5084//2135 5094//2143 5095//2145
f 5095//2145 5085//2136 5084//2135
f 5093//2144 5095//2145 5094//2143
f 5091//2142 5093//2144 5092//2141
f 5089//2140 5091//2142 5090//2139
f 5087//2138 5089//2140 5088//2137
f 5085//2136 5087//2138 5086//2134
v -0.580588 -0.192869 -0.300636
v -0.275788 -0.192516 -0.302552
v -0.275788 -0.180730 -0.306855
v -0.580588 -0.178912 -0.306377
v -0.275788 -0.172073 -0.299627
v -0.580588 -0.171328 -0.297446
v -0.580588 -0.171745 -0.289658
v -0.275788 -0.171577 -0.289935
v -0.275788 -0.176557 -0.284518
v -0.580588 -0.177872 -0.283818
v -0.580588 -0.190155 -0.285465
v -0.275788 -0.190006 -0.285694
vn 0.0026 -0.5866 0.8099
vn 0.0006 0.3989 0.9170
vn -0.0079 0.1554 0.9878
vn 0.0013 -0.9959 -0.0907
vn 0.0146 -0.6991 0.7149
vn 0.0001 -0.9034 -0.4288
vn -0.0004 -0.9285 -0.3713
vn 0.0013 -0.6084 -0.7936
vn 0.0031 0.1787 -0.9839
vn 0.0129 0.0704 -0.9974
vn -0.0079 0.5031 0.8642
vn -0.0004 -0.6573 -0.7536
s 1
usemtl 0.439216_0.474510_0.501961_0.000000_0.000000
f 5099//2146 5096//2147 5098//2148
f 5101//2149 5099//2146 5100//2150
f 5102//2151 5101//2149 5103//2152
f 5105//2153 5102//2151 5103//2152
f 5106//2154 5105//2153 5107//2155
f 5096//2147 5106//2154 5107//2155
f 5107//2155 5097//2156 5096//2147
f 5104//2157 5107//2155 5105//2153
f 5103//2152 5104//2157 5105//2153
f 5100//2150 5103//2152 5101//2149
f 5098//2148 5100//2150 5099//2146
f 5097//2156 5098//2148 5096//2147
v -0.156331 -0.836657 -0.617740
v -0.153930 -0.841062 -0.922540
v -0.147336 -0.846145 -0.617740
v -0.141105 -0.845554 -0.922540
v -0.136938 -0.843306 -0.617740
v -0.132850 -0.836117 -0.922540
v -0.132850 -0.831837 -0.617740
v -0.135572 -0.825445 -0.922540
v -0.140268 -0.822709 -0.617740
v -0.143321 -0.821639 -0.922540
v -0.152462 -0.824177 -0.617740
v -0.154398 -0.826469 -0.922540
vn -0.5294 0.8477 -0.0335
vn 0.3913 0.9199 -0.0243
vn 0.0394 0.9992 0.0097
vn -0.9969 -0.0759 -0.0186
vn -0.8042 0.5514 0.2219
vn -0.8214 -0.5567 -0.1243
vn -0.9082 -0.3733 0.1890
vn 0.2224 -0.9714 -0.0832
vn -0.1585 -0.9666 0.2012
vn 0.9728 -0.2187 -0.0766
vn 0.3865 -0.9223 0.0051
vn 0.9699 -0.2432 0.0150
s 1
usemtl 0.439216_0.474510_0.501961_0.000000_0.000000
f 5111//2158 5109//2159 5110//2160
f 5113//2161 5111//2158 5112//2162
f 5115//2163 5113//2161 5114//2164
f 5117//2165 5115//2163 5116//2166
f 5119//2167 5117//2165 5118//2168
f 5109//2159 5119//2167 5108//2169
f 5118//2168 5108//2169 5119//2167
f 5116//2166 5118//2168 5117//2165
f 5114//2164 5116//2166 5115//2163
f 5112//2162 5114//2164 5113//2161
f 5110//2160 5112//2162 5111//2158
f 5108//2169 5110//2160 5109//2159
v -0.013514 -1.543147 -0.712598
v 0.291286 -1.547806 -0.712606
v 0.291286 -1.556599 -0.703462
v -0.013514 -1.555204 -0.705928
v 0.291286 -1.553636 -0.691095
v -0.013514 -1.553770 -0.691401
v 0.291286 -1.540976 -0.688881
v -0.013514 -1.541055 -0.688700
v 0.291286 -1.534785 -0.693255
v -0.013514 -1.534014 -0.695569
v 0.291286 -1.534013 -0.703682
v -0.013514 -1.534202 -0.705743
v 0.291286 -1.540097 -0.711956
vn -0.0007 0.9536 -0.3009
vn 0.0013 0.1506 0.9886
vn -0.0099 0.3811 0.9245
vn -0.0085 0.4293 -0.9031
vn -0.0054 0.4555 -0.8902
vn -0.0071 -0.5609 -0.8279
vn 0.0004 -0.8368 -0.5475
vn 0.0001 -0.7896 -0.6136
vn 0.0083 -0.9826 -0.1855
vn 0.0001 -0.3951 0.9186
vn -0.0013 -0.7283 0.6853
vn -0.0030 -0.3355 0.9420
vn 0.0036 -0.5513 -0.8343
s 1
usemtl 0.439216_0.474510_0.501961_0.000000_0.000000
f 5122//2170 5121//2171 5123//2172
f 5124//2173 5122//2170 5125//2174
f 5126//2175 5124//2173 5125//2174
f 5128//2176 5126//2175 5129//2177
f 5130//2178 5128//2176 5129//2177
f 5132//2179 5130//2178 5131//2180
f 5121//2171 5132//2179 5120//2181
f 5131//2180 5120//2181 5132//2179
f 5129//2177 5131//2180 5130//2178
f 5127//2182 5129//2177 5126//2175
f 5125//2174 5127//2182 5126//2175
f 5123//2172 5125//2174 5122//2170
f 5120//2181 5123//2172 5121//2171
v 0.290952 -1.068874 -0.645407
v -0.013848 -1.079621 -0.641197
v 0.290952 -1.081493 -0.638194
v -0.013848 -1.081757 -0.626893
v 0.290952 -1.076104 -0.622766
v -0.013848 -1.070948 -0.621261
v 0.290952 -1.061925 -0.625177
v -0.013848 -1.061972 -0.624676
v 0.290952 -1.059654 -0.637032
v -0.013848 -1.059389 -0.634651
v -0.013848 -1.067021 -0.644944
vn 0.0978 0.9777 -0.1856
vn 0.0412 0.1803 0.9827
vn 0.0019 0.2240 0.9746
vn 0.0495 0.0206 -0.9986
vn -0.0166 0.9859 -0.1666
vn 0.0103 -0.8959 -0.4442
vn -0.0002 -0.4068 -0.9135
vn -0.0021 -0.7660 0.6428
vn -0.0069 -0.9733 -0.2293
vn -0.0037 -0.5695 0.8220
vn 0.0170 -0.6507 -0.7592
s 1
usemtl 0.439216_0.474510_0.501961_0.000000_0.000000
f 5135//2183 5133//2184 5134//2185
f 5137//2186 5135//2183 5136//2187
f 5139//2188 5137//2186 5138//2189
f 5141//2190 5139//2188 5142//2191
f 5133//2184 5141//2190 5143//2192
f 5142//2191 5143//2192 5141//2190
f 5140//2193 5142//2191 5139//2188
f 5138//2189 5140//2193 5139//2188
f 5136//2187 5138//2189 5137//2186
f 5134//2185 5136//2187 5135//2183
f 5143//2192 5134//2185 5133//2184
v -0.239386 -0.412139 -0.403097
v -0.239386 -0.390648 -0.385341
v -0.239386 -0.390693 -0.407299
v -0.239386 -0.398080 -0.381206
v -0.239386 -0.412602 -0.388506
v -0.239386 -0.406304 -0.382463
v -0.239386 -0.400495 -0.411242
v -0.239386 -0.385766 -0.394829
l 5145 5147
l 5147 5149
l 5151 5146
l 5146 5150
l 5144 5148
l 5148 5149
l 5151 5145
l 5144 5150
v -0.013514 -1.549011 -0.714331
v -0.013514 -1.558291 -0.705240
v -0.013514 -1.557988 -0.693207
v -0.013514 -1.538857 -0.687005
v -0.013514 -1.532557 -0.693690
v -0.013514 -1.537272 -0.712350
v -0.013514 -1.530218 -0.703810
v -0.013514 -1.548954 -0.685875
l 5156 5155
l 5157 5158
l 5155 5159
l 5154 5159
l 5156 5158
l 5153 5154
l 5152 5157
l 5152 5153
v -0.049916 -1.297476 -0.656919
v -0.049916 -1.311181 -0.652840
v -0.049916 -1.322106 -0.663334
v -0.049916 -1.316728 -0.677541
v -0.049916 -1.301883 -0.680191
v -0.049916 -1.292119 -0.661779
v -0.049916 -1.294313 -0.671006
vn 1.0000 -0.0000 -0.0000
s 1
usemtl 0.439216_0.474510_0.501961_0.000000_0.000000
f 5165//2194 5160//2194 5166//2194
l 5162 5161
l 5163 5164
l 5161 5160
l 5162 5163
l 5164 5166
v -0.275788 -0.604403 -0.505238
v -0.275788 -0.611144 -0.484528
v -0.275788 -0.623634 -0.485531
v -0.275788 -0.630715 -0.493863
v -0.275788 -0.627887 -0.506465
v -0.275788 -0.614605 -0.512504
v -0.275788 -0.601574 -0.495136
v -0.275788 -0.605197 -0.488809
l 5170 5169
l 5171 5170
l 5172 5171
l 5174 5173
l 5167 5172
l 5168 5174
l 5169 5168
l 5167 5173
v -0.275788 -0.177632 -0.307562
v -0.275788 -0.191653 -0.283082
v -0.275788 -0.197355 -0.296919
v -0.275788 -0.178070 -0.281069
v -0.275788 -0.169303 -0.299464
v -0.275788 -0.170190 -0.289060
v -0.275788 -0.188840 -0.308696
l 5177 5176
l 5178 5180
l 5176 5178
l 5181 5177
l 5179 5180
l 5175 5179
l 5175 5181
v -0.156866 -0.841893 -0.617740
v -0.145137 -0.847992 -0.617740
v -0.134310 -0.843315 -0.617740
v -0.135912 -0.822639 -0.617740
v -0.148644 -0.820201 -0.617740
v -0.157806 -0.828608 -0.617740
v -0.129618 -0.832992 -0.617740
l 5185 5188
l 5187 5186
l 5184 5188
l 5186 5185
l 5187 5182
l 5183 5184
l 5183 5182
v -0.013848 -1.083286 -0.640005
v -0.013848 -1.077427 -0.620799
v -0.013848 -1.057673 -0.628540
v -0.013848 -1.058020 -0.639313
v -0.013848 -1.064986 -0.620115
v -0.013848 -1.064883 -0.646397
v -0.013848 -1.073233 -0.648669
v -0.013848 -1.085282 -0.628860
l 5193 5190
l 5193 5191
l 5194 5192
l 5191 5192
l 5194 5195
l 5189 5195
l 5196 5189
l 5190 5196
v -0.013514 -1.538810 -0.685355
v -0.013514 -1.530570 -0.705446
v -0.013514 -1.530644 -0.692649
v -0.013514 -1.543257 -0.716497
v -0.013514 -1.553305 -0.686534
v -0.013514 -1.561845 -0.698807
v -0.013514 -1.556774 -0.711524
v 0.291286 -1.540099 -0.716277
v 0.291286 -1.530620 -0.706559
v 0.291286 -1.531432 -0.691485
v 0.291286 -1.540781 -0.684395
v 0.291286 -1.551346 -0.684862
v 0.291286 -1.560121 -0.694793
v 0.291286 -1.559111 -0.709514
v 0.291286 -1.549471 -0.716279
vn 0.0006 0.3215 -0.9469
vn 0.0239 -0.0461 -0.9987
vn 0.0124 0.9981 0.0609
vn -0.0011 0.7700 0.6380
vn 0.0008 0.8443 0.5359
vn 0.0013 0.5955 0.8034
vn 0.0036 0.1276 0.9918
vn 0.0068 -0.1867 0.9824
vn 0.0103 -0.9954 -0.0955
vn -0.0463 -0.9976 -0.0510
vn -0.0031 -0.8908 -0.4544
vn -0.0044 -0.4655 -0.8850
vn 0.0042 -0.7678 -0.6406
vn 0.0032 -0.2664 0.9639
vn 0.0084 0.7048 -0.7094
s 1
usemtl 0.439216_0.474510_0.501961_0.000000_0.000000
f 5204//2195 5200//2196 5198//2197
f 5206//2198 5198//2197 5199//2199
f 5206//2198 5199//2199 5197//2200
f 5207//2201 5197//2200 5201//2202
f 5209//2203 5201//2202 5202//2204
f 5209//2203 5202//2204 5203//2205
f 5211//2206 5203//2205 5200//2196
f 5200//2196 5204//2195 5211//2206
f 5203//2205 5211//2206 5210//2207
f 5203//2205 5210//2207 5209//2203
f 5201//2202 5209//2203 5208//2208
f 5201//2202 5208//2208 5207//2201
f 5197//2200 5207//2201 5206//2198
f 5198//2197 5206//2198 5205//2209
f 5198//2197 5205//2209 5204//2195
v -0.049916 -1.310348 -0.651015
v -0.049916 -1.323337 -0.663068
v -0.049916 -1.311946 -0.682320
v -0.049916 -1.322061 -0.675998
v -0.049916 -1.297208 -0.679114
v -0.049916 -1.295071 -0.657346
v -0.049916 -1.292066 -0.670895
v -0.354716 -1.309193 -0.683209
v -0.354716 -1.322402 -0.674208
v -0.354716 -1.323889 -0.661730
v -0.354716 -1.314870 -0.652143
v -0.354716 -1.299013 -0.653281
v -0.354716 -1.291730 -0.664206
v -0.354716 -1.295492 -0.676390
vn -0.0009 -0.6406 -0.7679
vn 0.0293 -0.5570 -0.8300
vn -0.0005 -0.8266 -0.5628
vn -0.0213 -0.9950 -0.0975
vn -0.0001 -0.6786 0.7345
vn -0.0114 0.2633 0.9646
vn 0.0289 0.2309 0.9726
vn -0.0059 0.9521 0.3057
vn 0.0139 0.9999 0.0072
vn -0.0122 0.9523 -0.3048
vn -0.0041 0.5076 -0.8616
vn 0.0044 0.7298 -0.6837
vn -0.1111 -0.2200 -0.9692
vn -0.0733 -0.9812 0.1787
s 1
usemtl 0.439216_0.474510_0.501961_0.000000_0.000000
f 5220//2210 5214//2211 5215//2212
f 5220//2210 5215//2212 5213//2213
f 5222//2214 5213//2213 5212//2215
f 5223//2216 5212//2215 5217//2217
f 5224//2218 5217//2217 5218//2219
f 5225//2220 5218//2219 5216//2221
f 5225//2220 5216//2221 5214//2211
f 5214//2211 5219//2222 5225//2220
f 5218//2219 5225//2220 5224//2218
f 5217//2217 5224//2218 5223//2216
f 5212//2215 5223//2216 5222//2214
f 5213//2213 5222//2214 5221//2223
f 5213//2213 5221//2223 5220//2210
f 5214//2211 5220//2210 5219//2222
v -0.275788 -0.623454 -0.513260
v -0.275788 -0.609326 -0.511269
v -0.275788 -0.631782 -0.500488
v -0.275788 -0.605034 -0.486474
v -0.275788 -0.621782 -0.483040
v -0.275788 -0.600162 -0.497611
v -0.580588 -0.612306 -0.514052
v -0.580588 -0.620377 -0.514061
v -0.580588 -0.630480 -0.506026
v -0.580588 -0.630608 -0.489454
v -0.580588 -0.622229 -0.482384
v -0.580588 -0.610261 -0.482836
v -0.580588 -0.600786 -0.494496
v -0.580588 -0.604068 -0.507716
vn -0.0009 -0.1100 -0.9939
vn -0.0137 0.0930 -0.9956
vn 0.0004 -0.4105 -0.9119
vn 0.0033 -0.6580 -0.7530
vn -0.1644 -0.8578 -0.4870
vn -0.0006 -0.7670 0.6417
vn -0.0580 0.0676 0.9960
vn 0.0039 0.2373 0.9714
vn -0.0066 0.8066 0.5911
vn 0.0077 0.8679 0.4966
vn -0.0107 0.9973 0.0732
vn 0.0060 0.9707 -0.2403
vn -0.1094 -0.4441 0.8893
vn -0.0004 0.2515 -0.9679
s 1
usemtl 0.439216_0.474510_0.501961_0.000000_0.000000
f 5233//2224 5227//2225 5226//2226
f 5234//2227 5226//2226 5228//2228
f 5235//2229 5228//2228 5230//2230
f 5237//2231 5230//2230 5229//2232
f 5238//2233 5229//2232 5231//2234
f 5239//2235 5231//2234 5227//2225
f 5231//2234 5239//2235 5238//2233
f 5229//2232 5238//2233 5237//2231
f 5230//2230 5237//2231 5236//2236
f 5230//2230 5236//2236 5235//2229
f 5228//2228 5235//2229 5234//2227
f 5226//2226 5234//2227 5233//2224
f 5227//2225 5233//2224 5232//2237
f 5227//2225 5232//2237 5239//2235
v -0.275788 -0.171821 -0.282982
v -0.275788 -0.197482 -0.286205
v -0.275788 -0.197540 -0.301528
v -0.275788 -0.184486 -0.279142
v -0.275788 -0.167736 -0.296157
v -0.275788 -0.188351 -0.310678
v -0.275788 -0.177372 -0.310269
v -0.580588 -0.198917 -0.296876
v -0.580588 -0.192453 -0.281769
v -0.580588 -0.176964 -0.279969
v -0.580588 -0.167488 -0.290682
v -0.580588 -0.170569 -0.304809
v -0.580588 -0.179919 -0.311370
v -0.580588 -0.188974 -0.310315
vn 0.0181 -0.9380 0.3462
vn -0.0087 -0.6903 -0.7235
vn -0.0135 -0.9214 0.3883
vn 0.0533 -0.3376 0.9398
vn -0.0194 0.2823 0.9591
vn 0.0287 0.5789 0.8149
vn -0.0155 0.7904 0.6124
vn 0.0065 0.8946 0.4469
vn -0.0691 0.8353 -0.5454
vn 0.0063 0.6459 -0.7634
vn -0.0111 0.3122 -0.9499
vn -0.0001 0.2151 -0.9766
vn -0.0006 -0.1796 -0.9837
vn 0.0064 -0.2644 -0.9644
s 1
usemtl 0.439216_0.474510_0.501961_0.000000_0.000000
f 5247//2238 5242//2239 5241//2240
f 5248//2241 5241//2240 5243//2242
f 5249//2243 5243//2242 5240//2244
f 5250//2245 5240//2244 5244//2246
f 5251//2247 5244//2246 5246//2248
f 5252//2249 5246//2248 5245//2250
f 5253//2251 5245//2250 5242//2239
f 5242//2239 5247//2238 5253//2251
f 5245//2250 5253//2251 5252//2249
f 5246//2248 5252//2249 5251//2247
f 5244//2246 5251//2247 5250//2245
f 5240//2244 5250//2245 5249//2243
f 5243//2242 5249//2243 5248//2241
f 5241//2240 5248//2241 5247//2238
v -0.130835 -0.825673 -0.617740
v -0.160060 -0.827675 -0.617740
v -0.129258 -0.839430 -0.617740
v -0.160505 -0.839052 -0.617740
v -0.145851 -0.818467 -0.617740
v -0.136496 -0.848216 -0.617740
v -0.150863 -0.848977 -0.617740
v -0.160576 -0.829337 -0.922540
v -0.152303 -0.819462 -0.922540
v -0.140601 -0.818036 -0.922540
v -0.133203 -0.821945 -0.922540
v -0.128955 -0.830391 -0.922540
v -0.131817 -0.843746 -0.922540
v -0.143255 -0.850243 -0.922540
v -0.157152 -0.844149 -0.922540
vn -0.9985 0.0470 0.0275
vn -0.9871 -0.1603 -0.0005
vn -0.9450 0.3268 -0.0101
vn -0.6937 0.7202 -0.0014
vn -0.3514 0.8836 -0.3096
vn 0.3886 0.9214 -0.0028
vn 0.9132 0.3898 -0.1191
vn 0.9270 0.3751 0.0057
vn 0.9931 -0.1146 -0.0253
vn 0.6547 -0.7508 0.0870
vn 0.3118 -0.9464 -0.0845
vn 0.2749 -0.9611 0.0258
vn -0.6296 -0.7765 -0.0247
vn -0.8663 -0.4519 0.2130
vn 0.6899 0.7239 -0.0002
s 1
usemtl 0.439216_0.474510_0.501961_0.000000_0.000000
f 5261//2252 5257//2253 5255//2254
f 5262//2255 5255//2254 5258//2256
f 5263//2257 5258//2256 5254//2258
f 5265//2259 5254//2258 5256//2260
f 5266//2261 5256//2260 5259//2262
f 5267//2263 5259//2262 5260//2264
f 5268//2265 5260//2264 5257//2253
f 5257//2253 5261//2252 5268//2265
f 5260//2264 5268//2265 5267//2263
f 5259//2262 5267//2263 5266//2261
f 5256//2260 5266//2261 5265//2259
f 5254//2258 5265//2259 5264//2266
f 5254//2258 5264//2266 5263//2257
f 5258//2256 5263//2257 5262//2255
f 5255//2254 5262//2255 5261//2252
v -0.239386 -0.400745 -0.380000
v -0.239386 -0.387857 -0.407539
v -0.239386 -0.388896 -0.384252
v -0.239386 -0.383622 -0.396219
v -0.239386 -0.411334 -0.384311
v -0.239386 -0.396848 -0.412485
v -0.239386 -0.416458 -0.394925
v -0.239386 -0.410034 -0.408714
v 0.065414 -0.387344 -0.405294
v 0.065414 -0.383681 -0.392464
v 0.065414 -0.387868 -0.385125
v 0.065414 -0.401592 -0.380673
v 0.065414 -0.415535 -0.392438
v 0.065414 -0.412742 -0.406773
v 0.065414 -0.401055 -0.412873
vn -0.1251 0.4038 -0.9062
vn 0.0004 0.3212 -0.9470
vn -0.0370 0.6367 -0.7702
vn 0.0258 0.9826 -0.1839
vn 0.0002 0.9702 0.2421
vn 0.0088 0.5297 0.8481
vn -0.0290 0.2774 0.9603
vn -0.0280 -0.2206 0.9750
vn 0.0003 -0.7957 0.6056
vn -0.0083 -0.9988 -0.0486
vn -0.0044 -0.9779 0.2089
vn -0.0044 -0.8908 -0.4544
vn -0.0010 -0.2089 -0.9779
vn 0.0140 -0.6166 -0.7872
vn 0.0001 0.7768 0.6298
s 1
usemtl 0.439216_0.474510_0.501961_0.000000_0.000000
f 5277//2267 5274//2268 5270//2269
f 5277//2267 5270//2269 5272//2270
f 5278//2271 5272//2270 5271//2272
f 5280//2273 5271//2272 5269//2274
f 5280//2273 5269//2274 5273//2275
f 5281//2276 5273//2275 5275//2277
f 5281//2276 5275//2277 5276//2278
f 5283//2279 5276//2278 5274//2268
f 5274//2268 5277//2267 5283//2279
f 5276//2278 5283//2279 5282//2280
f 5276//2278 5282//2280 5281//2276
f 5273//2275 5281//2276 5280//2273
f 5271//2272 5280//2273 5279//2281
f 5271//2272 5279//2281 5278//2271
f 5272//2270 5278//2271 5277//2267
v -0.013848 -1.062103 -0.619779
v -0.013848 -1.062969 -0.646962
v -0.013848 -1.075462 -0.617320
v -0.013848 -1.075556 -0.649071
v -0.013848 -1.086546 -0.638145
v -0.013848 -1.054878 -0.632961
v -0.013848 -1.085235 -0.624563
v 0.290952 -1.058086 -0.642161
v 0.290952 -1.054978 -0.628878
v 0.290952 -1.059752 -0.621328
v 0.290952 -1.069772 -0.616829
v 0.290952 -1.084730 -0.625791
v 0.290952 -1.084593 -0.642535
v 0.290952 -1.072567 -0.649532
vn -0.0080 0.9726 -0.2323
vn 0.0177 0.2996 -0.9539
vn 0.0451 0.9748 0.2185
vn 0.0003 0.9654 0.2606
vn 0.0639 0.3132 0.9475
vn -0.0013 0.2081 0.9781
vn -0.0003 -0.4179 0.9085
vn -0.0394 -0.5139 0.8569
vn -0.0119 -0.7616 0.6479
vn 0.0137 -0.9984 -0.0541
vn -0.0034 -0.6507 -0.7593
vn 0.0123 -0.5264 -0.8502
vn -0.0215 0.2364 -0.9714
vn 0.0024 0.7783 0.6279
s 1
usemtl 0.439216_0.474510_0.501961_0.000000_0.000000
f 5291//2282 5285//2283 5289//2284
f 5292//2285 5289//2284 5284//2286
f 5294//2287 5284//2286 5286//2288
f 5295//2289 5286//2288 5290//2290
f 5295//2289 5290//2290 5288//2291
f 5296//2292 5288//2291 5287//2293
f 5297//2294 5287//2293 5285//2283
f 5287//2293 5297//2294 5296//2292
f 5288//2291 5296//2292 5295//2289
f 5286//2288 5295//2289 5294//2287
f 5284//2286 5294//2287 5293//2295
f 5284//2286 5293//2295 5292//2285
f 5289//2284 5292//2285 5291//2282
f 5285//2283 5291//2282 5297//2294
v 0.291286 -1.549011 -0.714331
v 0.291286 -1.558291 -0.705240
v 0.291286 -1.557988 -0.693207
v 0.291286 -1.546430 -0.686158
v 0.291286 -1.532557 -0.693690
v 0.291286 -1.540363 -0.714794
v 0.291286 -1.532586 -0.707164
l 5302 5301
l 5303 5304
l 5302 5304
l 5298 5303
l 5300 5301
l 5299 5300
l 5298 5299
v -0.354716 -1.297442 -0.675856
v -0.354716 -1.297476 -0.656919
v -0.354716 -1.311181 -0.652840
v -0.354716 -1.322080 -0.666614
v -0.354716 -1.314079 -0.679723
v -0.354716 -1.305793 -0.683357
v -0.354716 -1.292985 -0.664571
vn -1.0000 -0.0000 -0.0000
s 1
usemtl 0.439216_0.474510_0.501961_0.000000_0.000000
f 5310//2296 5309//2296 5305//2296
l 5308 5307
l 5309 5308
l 5307 5306
l 5305 5311
l 5306 5311
v 0.290952 -1.083286 -0.640005
v 0.290952 -1.083208 -0.625998
v 0.290952 -1.072648 -0.618878
v 0.290952 -1.057673 -0.628540
v 0.290952 -1.059662 -0.641359
v 0.290952 -1.066822 -0.647342
v 0.290952 -1.062674 -0.621220
v 0.290952 -1.073233 -0.648669
l 5317 5316
l 5318 5315
l 5318 5314
l 5315 5316
l 5313 5314
l 5313 5312
l 5312 5319
l 5317 5319
v -0.157882 -0.838814 -0.922540
v -0.145282 -0.848328 -0.922540
v -0.132522 -0.839849 -0.922540
v -0.130930 -0.827703 -0.922540
v -0.151356 -0.822364 -0.922540
v -0.137407 -0.821148 -0.922540
l 5325 5323
l 5324 5320
l 5324 5325
l 5322 5323
l 5322 5321
l 5320 5321
v 0.065414 -0.397457 -0.410563
v 0.065414 -0.411208 -0.405252
v 0.065414 -0.412627 -0.389603
v 0.065414 -0.386202 -0.397188
v 0.065414 -0.390783 -0.407885
v 0.065414 -0.388522 -0.387139
v 0.065414 -0.395958 -0.382141
v 0.065414 -0.406304 -0.382463
l 5326 5330
l 5332 5333
l 5329 5330
l 5331 5332
l 5328 5333
l 5329 5331
l 5327 5328
l 5326 5327
v -0.580588 -0.604403 -0.505238
v -0.580588 -0.618951 -0.483954
v -0.580588 -0.629728 -0.491965
v -0.580588 -0.627887 -0.506465
v -0.580588 -0.614605 -0.512504
v -0.580588 -0.606891 -0.487213
v -0.580588 -0.601574 -0.495136
l 5336 5335
l 5337 5336
l 5338 5337
l 5339 5340
l 5335 5339
l 5334 5340
l 5338 5334
v -0.580588 -0.182404 -0.308838
v -0.580588 -0.169783 -0.298232
v -0.580588 -0.180511 -0.280895
v -0.580588 -0.196795 -0.288485
v -0.580588 -0.191310 -0.282503
v -0.580588 -0.170862 -0.287363
v -0.580588 -0.173888 -0.308739
v -0.580588 -0.194119 -0.303986
vn -1.0000 -0.0000 -0.0000
s 1
usemtl 0.439216_0.474510_0.501961_0.000000_0.000000
f 5347//2297 5341//2297 5342//2297
l 5348 5344
l 5343 5346
l 5345 5343
l 5346 5342
l 5345 5344
l 5341 5348
v -0.609803 -0.184391 -0.313274
v -0.604815 -0.172802 -0.414874
v -0.603785 -0.172000 -0.313274
v -0.593166 -0.172272 -0.313274
v -0.590887 -0.174629 -0.414874
v -0.586653 -0.181222 -0.313274
v -0.588288 -0.189791 -0.414874
v -0.591430 -0.193261 -0.313274
v -0.598330 -0.195716 -0.414874
v -0.602259 -0.195290 -0.313274
v -0.609555 -0.187137 -0.414874
vn 0.2591 -0.9658 -0.0028
vn 0.8157 -0.5783 0.0128
vn 0.2164 -0.9596 -0.1799
vn -0.1683 -0.9857 -0.0051
vn -0.9090 -0.4131 0.0554
vn -0.9416 -0.3142 -0.1209
vn -0.3115 0.9501 0.0156
vn -0.9423 0.2164 -0.2554
vn 0.1904 0.9737 0.1252
vn -0.1954 0.9800 -0.0385
vn 0.5926 0.8052 -0.0201
s 1
usemtl 0.768627_0.886275_0.952941_0.000000_0.000000
f 5351//2298 5349//2299 5350//2300
f 5352//2301 5351//2298 5350//2300
f 5354//2302 5352//2301 5353//2303
f 5356//2304 5354//2302 5355//2305
f 5358//2306 5356//2304 5357//2307
f 5349//2299 5358//2306 5359//2308
f 5357//2307 5359//2308 5358//2306
f 5355//2305 5357//2307 5356//2304
f 5353//2303 5355//2305 5354//2302
f 5350//2300 5353//2303 5352//2301
f 5359//2308 5350//2300 5349//2299
v 0.298215 -1.052850 -0.637580
v 0.299791 -0.951250 -0.640198
v 0.308694 -1.052850 -0.645608
v 0.314704 -0.951250 -0.643717
v 0.319147 -1.052850 -0.639932
v 0.320910 -0.951250 -0.630815
v 0.319676 -1.052850 -0.627152
v 0.315325 -0.951250 -0.622343
v 0.314179 -1.052850 -0.621566
v 0.304091 -0.951250 -0.622433
v 0.304592 -1.052850 -0.622191
v 0.296716 -0.951250 -0.629643
vn -0.7525 0.0765 0.6542
vn 0.1843 0.0998 0.9778
vn -0.1679 -0.0335 0.9852
vn -0.9480 0.3174 0.0227
vn -0.6737 -0.1430 0.7250
vn -0.6036 0.0061 -0.7973
vn -0.7216 -0.0037 -0.6923
vn -0.1295 0.0059 -0.9916
vn -0.4080 0.0001 -0.9130
vn 0.9572 -0.0006 -0.2895
vn 0.5116 -0.4567 -0.7278
vn 0.9487 -0.0921 -0.3025
s 1
usemtl 0.768627_0.886275_0.952941_0.000000_0.000000
f 5363//2309 5361//2310 5362//2311
f 5365//2312 5363//2309 5364//2313
f 5367//2314 5365//2312 5366//2315
f 5369//2316 5367//2314 5368//2317
f 5371//2318 5369//2316 5370//2319
f 5361//2310 5371//2318 5360//2320
f 5370//2319 5360//2320 5371//2318
f 5368//2317 5370//2319 5369//2316
f 5366//2315 5368//2317 5367//2314
f 5364//2313 5366//2315 5365//2312
f 5362//2311 5364//2313 5363//2309
f 5360//2320 5362//2311 5361//2310
v 0.299745 -1.538077 -0.718672
v 0.302333 -1.535488 -0.820272
v 0.309514 -1.533069 -0.718672
v 0.313544 -1.533623 -0.820272
v 0.319672 -1.538110 -0.718672
v 0.321434 -1.542050 -0.820272
v 0.321433 -1.548695 -0.718672
v 0.319856 -1.552236 -0.820272
v 0.313544 -1.557118 -0.718672
v 0.309513 -1.557671 -0.820272
v 0.300166 -1.551675 -0.718672
v 0.298714 -1.549139 -0.820272
vn 0.6903 -0.7233 0.0203
vn 0.3973 0.9161 0.0548
vn 0.9581 -0.2855 -0.0246
vn 0.0620 -0.9688 0.2401
vn 0.4415 -0.8967 -0.0322
vn -0.5948 -0.8037 0.0188
vn -0.2097 -0.9557 -0.2067
vn -0.9883 0.0588 0.1404
vn -0.9882 -0.0666 -0.1380
vn -0.4627 0.8861 0.0281
vn -0.5965 0.8023 -0.0218
vn -0.1771 0.9839 -0.0236
s 1
usemtl 0.768627_0.886275_0.952941_0.000000_0.000000
f 5372//2321 5382//2322 5383//2323
f 5374//2324 5372//2321 5373//2325
f 5376//2326 5374//2324 5375//2327
f 5378//2328 5376//2326 5377//2329
f 5380//2330 5378//2328 5379//2331
f 5382//2322 5380//2330 5381//2332
f 5381//2332 5383//2323 5382//2322
f 5379//2331 5381//2332 5380//2330
f 5377//2329 5379//2331 5378//2328
f 5375//2327 5377//2329 5376//2326
f 5373//2325 5375//2327 5374//2324
f 5383//2323 5373//2325 5372//2321
v -0.610796 -0.635069 -0.496641
v -0.606940 -0.736669 -0.489377
v -0.601914 -0.635069 -0.486534
v -0.594608 -0.736669 -0.486208
v -0.587792 -0.736669 -0.491193
v -0.587708 -0.635069 -0.493460
v -0.586698 -0.736669 -0.500357
v -0.589147 -0.635069 -0.506193
v -0.593458 -0.736669 -0.509278
v -0.601725 -0.635069 -0.508893
v -0.607289 -0.736669 -0.504830
vn 0.4909 -0.1282 -0.8618
vn 0.9859 -0.1643 0.0329
vn 0.9466 0.0717 -0.3145
vn -0.5441 0.0028 -0.8390
vn -0.1022 0.3060 -0.9465
vn -0.8491 0.0016 -0.5282
vn -0.9671 0.2089 -0.1451
vn -0.8154 -0.0227 0.5784
vn -0.5188 -0.0196 0.8547
vn -0.6511 0.0731 0.7555
vn -0.2684 0.0308 0.9628
s 1
usemtl 0.768627_0.886275_0.952941_0.000000_0.000000
f 5385//2333 5394//2334 5384//2335
f 5387//2336 5385//2333 5386//2337
f 5388//2338 5387//2336 5389//2339
f 5390//2340 5388//2338 5389//2339
f 5392//2341 5390//2340 5391//2342
f 5394//2334 5392//2341 5393//2343
f 5393//2343 5384//2335 5394//2334
f 5391//2342 5393//2343 5392//2341
f 5389//2339 5391//2342 5390//2340
f 5386//2337 5389//2339 5387//2336
f 5384//2335 5386//2337 5385//2333
v 0.297313 -1.089590 -0.629621
v 0.303678 -1.089590 -0.622045
v 0.304592 -1.191190 -0.622191
v 0.314179 -1.191190 -0.621566
v 0.312174 -1.089590 -0.621052
v 0.319676 -1.191190 -0.627152
v 0.319312 -1.089590 -0.626711
v 0.319147 -1.191190 -0.639932
v 0.317723 -1.089590 -0.641099
v 0.308694 -1.191190 -0.645608
v 0.302434 -1.089590 -0.642634
v 0.298215 -1.191190 -0.637580
vn 0.0771 -0.0214 -0.9968
vn 0.8812 -0.4547 0.1292
vn 0.8915 0.0054 -0.4529
vn -0.4080 0.0007 -0.9130
vn -0.1310 0.0032 -0.9914
vn -0.7851 0.0674 -0.6157
vn -0.6823 0.0024 -0.7311
vn -0.6061 0.0843 0.7909
vn -0.9554 0.0511 0.2908
vn -0.2469 -0.0070 0.9690
vn 0.0505 0.1891 0.9807
vn 0.2175 -0.0185 -0.9759
s 1
usemtl 0.768627_0.886275_0.952941_0.000000_0.000000
f 5397//2344 5406//2345 5395//2346
f 5398//2347 5397//2344 5399//2348
f 5400//2349 5398//2347 5401//2350
f 5402//2351 5400//2349 5403//2352
f 5404//2353 5402//2351 5403//2352
f 5406//2345 5404//2353 5405//2354
f 5405//2354 5395//2346 5406//2345
f 5403//2352 5405//2354 5404//2353
f 5401//2350 5403//2352 5400//2349
f 5399//2348 5401//2350 5398//2347
f 5396//2355 5399//2348 5397//2344
f 5395//2346 5396//2355 5397//2344
v -0.610796 -0.497067 -0.496641
v -0.607289 -0.598667 -0.504830
v -0.601725 -0.497067 -0.508893
v -0.592075 -0.598667 -0.508192
v -0.587595 -0.497067 -0.502138
v -0.586653 -0.598667 -0.495777
v -0.588818 -0.497067 -0.490378
v -0.594608 -0.598667 -0.486208
v -0.601914 -0.497067 -0.486534
v -0.606940 -0.598667 -0.489377
vn -0.3344 0.0943 0.9377
vn 0.9466 0.0717 -0.3145
vn 0.9909 -0.1210 0.0596
vn -0.9983 0.0348 0.0471
vn -0.7113 -0.1122 0.6939
vn -0.8757 0.1133 -0.4694
vn -0.9059 -0.1142 -0.4078
vn -0.1751 0.0704 -0.9820
vn -0.5859 -0.0218 -0.8101
vn 0.4908 -0.1281 -0.8618
s 1
usemtl 0.768627_0.886275_0.952941_0.000000_0.000000
f 5409//2356 5407//2357 5408//2358
f 5411//2359 5409//2356 5410//2360
f 5413//2361 5411//2359 5412//2362
f 5415//2363 5413//2361 5414//2364
f 5407//2357 5415//2363 5416//2365
f 5416//2365 5408//2358 5407//2357
f 5414//2364 5416//2365 5415//2363
f 5412//2362 5414//2364 5413//2361
f 5410//2360 5412//2362 5411//2359
f 5408//2358 5410//2360 5409//2356
v 0.071713 -0.418399 -0.398763
v 0.076453 -0.519999 -0.386863
v 0.076841 -0.418399 -0.385684
v 0.088010 -0.418399 -0.385197
v 0.090614 -0.519999 -0.386850
v 0.095271 -0.418399 -0.393876
v 0.095381 -0.519999 -0.398034
v 0.092036 -0.418399 -0.404793
v 0.088388 -0.519999 -0.407460
v 0.080837 -0.418399 -0.408412
v 0.074750 -0.519999 -0.404226
vn 0.2103 -0.0451 -0.9766
vn 0.4135 -0.1269 0.9016
vn 0.9614 0.0320 -0.2732
vn -0.8580 -0.0161 -0.5134
vn -0.0636 -0.0078 -0.9979
vn -0.9454 -0.1631 0.2823
vn -0.8853 0.0206 -0.4646
vn -0.6066 -0.0960 0.7891
vn -0.9125 0.0172 0.4086
vn -0.0825 0.0268 0.9962
vn 0.3165 -0.0214 -0.9484
s 1
usemtl 0.768627_0.886275_0.952941_0.000000_0.000000
f 5418//2366 5427//2367 5417//2368
f 5421//2369 5418//2366 5420//2370
f 5423//2371 5421//2369 5422//2372
f 5425//2373 5423//2371 5424//2374
f 5427//2367 5425//2373 5426//2375
f 5426//2375 5417//2368 5427//2367
f 5424//2374 5426//2375 5425//2373
f 5422//2372 5424//2374 5423//2371
f 5420//2370 5422//2372 5421//2369
f 5419//2376 5420//2370 5418//2366
f 5417//2368 5419//2376 5418//2366
v -0.381222 -1.326500 -0.658144
v -0.378349 -1.428100 -0.655796
v -0.368239 -1.428100 -0.655111
v -0.365606 -1.326500 -0.657988
v -0.361871 -1.428100 -0.661883
v -0.360495 -1.326500 -0.669017
v -0.362924 -1.428100 -0.673434
v -0.365868 -1.326500 -0.676541
v -0.374244 -1.428100 -0.678760
v -0.381108 -1.326500 -0.674613
v -0.384657 -1.428100 -0.667906
vn 0.1436 0.0092 -0.9896
vn 0.9292 -0.1019 -0.3551
vn 0.8548 0.2658 -0.4458
vn -0.4617 0.0677 -0.8845
vn -0.0458 0.1324 -0.9901
vn -0.9982 -0.0544 -0.0236
vn -0.9270 -0.1369 0.3491
vn -0.9842 -0.0007 0.1768
vn -0.2000 -0.0305 0.9793
vn -0.7122 0.0127 0.7019
vn 0.2326 0.0785 0.9694
s 1
usemtl 0.768627_0.886275_0.952941_0.000000_0.000000
f 5429//2377 5438//2378 5428//2379
f 5430//2380 5429//2377 5431//2381
f 5432//2382 5430//2380 5431//2381
f 5434//2383 5432//2382 5433//2384
f 5436//2385 5434//2383 5435//2386
f 5438//2378 5436//2385 5437//2387
f 5435//2386 5437//2387 5436//2385
f 5433//2384 5435//2386 5434//2383
f 5431//2381 5433//2384 5432//2382
f 5428//2379 5431//2381 5429//2377
f 5437//2387 5428//2379 5438//2378
v -0.383849 -1.289760 -0.670708
v -0.381108 -1.188160 -0.674613
v -0.372481 -1.289760 -0.679108
v -0.364524 -1.188160 -0.674660
v -0.362924 -1.289760 -0.673434
v -0.361193 -1.188160 -0.662551
v -0.360393 -1.289760 -0.665939
v -0.365425 -1.289760 -0.657483
v -0.367812 -1.188160 -0.655706
v -0.381222 -1.188160 -0.658144
v -0.379856 -1.289760 -0.657075
vn -0.9337 0.0353 0.3564
vn 0.2045 0.1328 0.9698
vn -0.2086 -0.0086 0.9780
vn -0.9260 0.0370 -0.3758
vn -0.9971 0.0012 -0.0757
vn -0.0733 0.2659 -0.9612
vn -0.8797 -0.0071 -0.4755
vn 0.9727 0.0825 -0.2167
vn 0.1093 -0.0156 -0.9939
vn 0.9685 -0.0538 -0.2433
vn -0.9540 0.0156 0.2995
s 1
usemtl 0.768627_0.886275_0.952941_0.000000_0.000000
f 5442//2388 5440//2389 5441//2390
f 5444//2391 5442//2388 5445//2392
f 5447//2393 5444//2391 5446//2394
f 5448//2395 5447//2393 5449//2396
f 5440//2389 5448//2395 5439//2397
f 5449//2396 5439//2397 5448//2395
f 5446//2394 5449//2396 5447//2393
f 5445//2392 5446//2394 5444//2391
f 5443//2398 5445//2392 5442//2388
f 5441//2390 5443//2398 5442//2388
f 5439//2397 5441//2390 5440//2389
v 0.070333 -0.280397 -0.396907
v 0.073311 -0.381997 -0.403068
v 0.078093 -0.280397 -0.406717
v 0.085392 -0.381997 -0.408412
v 0.092036 -0.280397 -0.404793
v 0.094310 -0.381997 -0.401667
v 0.095271 -0.280397 -0.393876
v 0.090024 -0.280397 -0.385949
v 0.092952 -0.381997 -0.389367
v 0.082276 -0.381997 -0.384137
v 0.077163 -0.280397 -0.386448
v 0.072669 -0.381997 -0.389560
vn 0.7373 0.2643 0.6217
vn 0.9996 -0.0007 0.0300
vn 0.9962 -0.0285 0.0821
vn -0.8450 0.0360 0.5336
vn -0.4386 -0.0212 0.8984
vn -0.9929 0.0417 0.1111
vn -0.9913 -0.0419 0.1249
vn -0.6030 0.0343 -0.7970
vn -0.9555 -0.1135 -0.2724
vn 0.7887 0.2482 -0.5624
vn -0.2740 -0.0320 -0.9612
vn 0.8981 -0.1644 -0.4080
s 1
usemtl 0.768627_0.886275_0.952941_0.000000_0.000000
f 5452//2399 5450//2400 5451//2401
f 5454//2402 5452//2399 5453//2403
f 5456//2404 5454//2402 5455//2405
f 5457//2406 5456//2404 5458//2407
f 5460//2408 5457//2406 5459//2409
f 5450//2400 5460//2408 5461//2410
f 5461//2410 5451//2401 5450//2400
f 5459//2409 5461//2410 5460//2408
f 5458//2407 5459//2409 5457//2406
f 5455//2405 5458//2407 5456//2404
f 5453//2403 5455//2405 5454//2402
f 5451//2401 5453//2403 5452//2399
v -0.612243 -0.635069 -0.495557
v -0.605711 -0.635069 -0.485263
v -0.585502 -0.635069 -0.500734
v -0.594831 -0.635069 -0.511956
v -0.607420 -0.635069 -0.509006
v -0.596087 -0.635069 -0.483290
v -0.587631 -0.635069 -0.487386
l 5466 5465
l 5462 5466
l 5465 5464
l 5462 5463
l 5463 5467
l 5464 5468
l 5468 5467
v 0.298484 -1.089590 -0.625382
v 0.319719 -1.089590 -0.623737
v 0.319654 -1.089590 -0.640775
v 0.301446 -1.089590 -0.644548
v 0.310799 -1.089590 -0.649979
v 0.292691 -1.089590 -0.636381
v 0.308854 -1.089590 -0.618020
vn -0.0000 1.0000 -0.0000
s 1
usemtl 0.768627_0.886275_0.952941_0.000000_0.000000
f 5474//2411 5469//2411 5472//2411
f 5473//2411 5472//2411 5471//2411
l 5469 5475
l 5471 5470
l 5470 5475
v 0.297195 -1.052850 -0.640803
v 0.308630 -1.052850 -0.647323
v 0.320561 -1.052850 -0.640180
v 0.319719 -1.052850 -0.623737
v 0.296997 -1.052850 -0.625782
v 0.306925 -1.052850 -0.618635
l 5480 5481
l 5479 5481
l 5477 5476
l 5476 5480
l 5477 5478
l 5478 5479
v -0.601884 -0.169546 -0.414874
v -0.589109 -0.172684 -0.414874
v -0.587095 -0.191137 -0.414874
v -0.609372 -0.191552 -0.414874
v -0.596087 -0.197989 -0.414874
v -0.612195 -0.177324 -0.414874
v -0.583480 -0.182155 -0.414874
l 5484 5488
l 5485 5486
l 5484 5486
l 5487 5482
l 5485 5487
l 5483 5488
l 5482 5483
v -0.607420 -0.598667 -0.509006
v -0.594831 -0.598667 -0.511956
v -0.586149 -0.598667 -0.504950
v -0.587464 -0.598667 -0.489823
v -0.606028 -0.598667 -0.486868
v -0.595914 -0.598667 -0.481372
v -0.613165 -0.598667 -0.498653
vn -0.0000 -1.0000 -0.0000
s 1
usemtl 0.768627_0.886275_0.952941_0.000000_0.000000
f 5493//2412 5492//2412 5494//2412
l 5493 5495
l 5495 5489
l 5489 5490
l 5490 5491
l 5491 5492
v 0.296260 -1.540131 -0.820272
v 0.307380 -1.531674 -0.820272
v 0.320396 -1.536433 -0.820272
v 0.320936 -1.553362 -0.820272
v 0.309654 -1.558805 -0.820272
v 0.298047 -1.553789 -0.820272
v 0.326256 -1.542654 -0.820272
vn -0.0000 -0.0000 -1.0000
s 1
usemtl 0.768627_0.886275_0.952941_0.000000_0.000000
f 5499//2413 5498//2413 5502//2413
l 5500 5501
l 5500 5499
l 5496 5497
l 5496 5501
l 5497 5498
v -0.383220 -1.326500 -0.658287
v -0.362175 -1.326500 -0.656013
v -0.359789 -1.326500 -0.668799
v -0.379033 -1.326500 -0.679856
v -0.387261 -1.326500 -0.670174
v -0.365988 -1.326500 -0.680170
v -0.370812 -1.326500 -0.652139
l 5505 5508
l 5508 5506
l 5507 5506
l 5503 5509
l 5503 5507
l 5509 5504
l 5505 5504
v 0.070561 -0.418399 -0.391238
v 0.095996 -0.418399 -0.390247
v 0.096156 -0.418399 -0.402404
v 0.087933 -0.418399 -0.410172
v 0.076444 -0.418399 -0.408910
v 0.069559 -0.418399 -0.402182
v 0.082232 -0.418399 -0.381635
v 0.091689 -0.418399 -0.382166
vn -0.0000 1.0000 -0.0000
s 1
usemtl 0.768627_0.886275_0.952941_0.000000_0.000000
f 5511//2414 5516//2414 5517//2414
l 5515 5510
l 5512 5513
l 5515 5514
l 5510 5516
l 5514 5513
l 5511 5512
v 0.076444 -0.381997 -0.408910
v 0.087933 -0.381997 -0.410172
v 0.096556 -0.381997 -0.400421
v 0.077765 -0.381997 -0.384382
v 0.086708 -0.381997 -0.380077
v 0.093972 -0.381997 -0.386146
v 0.068402 -0.381997 -0.397427
vn -0.0000 -1.0000 -0.0000
s 1
usemtl 0.768627_0.886275_0.952941_0.000000_0.000000
f 5523//2415 5522//2415 5521//2415
l 5521 5524
l 5524 5518
l 5518 5519
l 5519 5520
l 5520 5523
v -0.384530 -1.289760 -0.674753
v -0.372905 -1.289760 -0.680693
v -0.362274 -1.289760 -0.675820
v -0.361163 -1.289760 -0.660042
v -0.384722 -1.289760 -0.659980
v -0.375380 -1.289760 -0.652157
v -0.366882 -1.289760 -0.651180
vn -0.0000 -1.0000 -0.0000
s 1
usemtl 0.768627_0.886275_0.952941_0.000000_0.000000
f 5530//2416 5528//2416 5531//2416
l 5529 5530
l 5526 5525
l 5529 5525
l 5528 5527
l 5526 5527
v 0.306955 -1.089590 -0.649555
v 0.318116 -1.089590 -0.647068
v 0.294580 -1.089590 -0.640191
v 0.324862 -1.089590 -0.637898
v 0.306995 -1.089590 -0.616882
v 0.295024 -1.089590 -0.625287
v 0.321438 -1.089590 -0.623503
v 0.292910 -1.191190 -0.635805
v 0.304080 -1.191190 -0.648426
v 0.319881 -1.191190 -0.645311
v 0.325466 -1.191190 -0.632574
v 0.321173 -1.191190 -0.622282
v 0.308196 -1.191190 -0.617011
v 0.296553 -1.191190 -0.622544
vn -0.0851 0.3488 -0.9333
vn -0.7058 -0.0580 -0.7060
vn 0.0114 0.0127 -0.9999
vn 0.4006 0.0240 -0.9159
vn 0.8476 0.0124 -0.5304
vn 0.9150 -0.0036 -0.4035
vn 0.9850 0.0289 -0.1700
vn 0.4609 -0.0580 0.8855
vn 0.2648 -0.0110 0.9642
vn -0.2864 -0.0050 0.9581
vn -0.5777 0.0082 0.8162
vn -0.7255 -0.1015 0.6807
vn -0.9939 0.0086 0.1100
vn 0.8588 -0.0330 0.5112
s 1
usemtl 0.768627_0.886275_0.952941_0.000000_0.000000
f 5540//2417 5534//2418 5532//2419
f 5540//2417 5532//2419 5533//2420
f 5541//2421 5533//2420 5535//2422
f 5542//2423 5535//2422 5538//2424
f 5544//2425 5538//2424 5536//2426
f 5545//2427 5536//2426 5537//2428
f 5539//2429 5537//2428 5534//2418
f 5537//2428 5539//2429 5545//2427
f 5536//2426 5545//2427 5544//2425
f 5538//2424 5544//2425 5543//2430
f 5538//2424 5543//2430 5542//2423
f 5535//2422 5542//2423 5541//2421
f 5533//2420 5541//2421 5540//2417
f 5534//2418 5540//2417 5539//2429
v -0.609631 -0.635069 -0.509652
v -0.595309 -0.635069 -0.513920
v -0.613681 -0.635069 -0.493080
v -0.600470 -0.635069 -0.481745
v -0.587727 -0.635069 -0.485861
v -0.583975 -0.635069 -0.503529
v -0.614052 -0.736669 -0.500139
v -0.602734 -0.736669 -0.513564
v -0.587978 -0.736669 -0.510101
v -0.582135 -0.736669 -0.498120
v -0.585582 -0.736669 -0.487737
v -0.596156 -0.736669 -0.481774
v -0.607710 -0.736669 -0.484159
vn -0.8166 0.1380 -0.5605
vn -0.7787 -0.1242 0.6150
vn -0.5068 -0.0628 -0.8598
vn -0.0622 0.0710 -0.9955
vn 0.0446 -0.1183 -0.9920
vn 0.8032 0.0627 -0.5924
vn 0.9476 -0.3064 -0.0908
vn 0.9901 -0.0052 0.1404
vn 0.5020 -0.0573 0.8630
vn 0.4172 0.0123 0.9087
vn -0.4251 -0.1203 0.8971
vn -0.5025 0.0415 0.8636
vn 0.8653 -0.0365 0.4999
s 1
usemtl 0.768627_0.886275_0.952941_0.000000_0.000000
f 5552//2431 5548//2432 5546//2433
f 5553//2434 5546//2433 5547//2435
f 5554//2436 5547//2435 5551//2437
f 5555//2438 5551//2437 5550//2439
f 5557//2440 5550//2439 5549//2441
f 5558//2442 5549//2441 5548//2432
f 5548//2432 5552//2431 5558//2442
f 5549//2441 5558//2442 5557//2440
f 5550//2439 5557//2440 5556//2443
f 5550//2439 5556//2443 5555//2438
f 5551//2437 5555//2438 5554//2436
f 5547//2435 5554//2436 5553//2434
f 5546//2433 5553//2434 5552//2431
v 0.083789 -0.418399 -0.413161
v 0.071988 -0.418399 -0.406914
v 0.093342 -0.418399 -0.408120
v 0.098369 -0.418399 -0.390551
v 0.088602 -0.418399 -0.380929
v 0.071571 -0.418399 -0.386159
v 0.067791 -0.519999 -0.401086
v 0.078848 -0.519999 -0.412330
v 0.091382 -0.519999 -0.410306
v 0.099570 -0.519999 -0.397517
v 0.095440 -0.519999 -0.385682
v 0.084203 -0.519999 -0.379960
v 0.070456 -0.519999 -0.386321
vn -0.0645 0.0118 -0.9979
vn -0.4162 -0.0255 -0.9089
vn 0.0349 0.0011 -0.9994
vn 0.2426 0.0125 -0.9700
vn 0.9695 -0.1054 -0.2213
vn 0.9569 0.0407 -0.2876
vn 0.8701 -0.0314 0.4919
vn 0.7564 0.2135 0.6182
vn 0.4785 -0.0067 0.8781
vn -0.1656 0.0008 0.9862
vn -0.3604 -0.1291 0.9238
vn -0.9937 -0.0097 0.1119
vn -0.5582 -0.0684 0.8269
s 1
usemtl 0.768627_0.886275_0.952941_0.000000_0.000000
f 5566//2444 5560//2445 5559//2446
f 5567//2447 5559//2446 5561//2448
f 5568//2449 5561//2448 5562//2450
f 5569//2451 5562//2450 5563//2452
f 5570//2453 5563//2452 5564//2454
f 5565//2455 5564//2454 5560//2445
f 5564//2454 5565//2455 5571//2456
f 5564//2454 5571//2456 5570//2453
f 5563//2452 5570//2453 5569//2451
f 5562//2450 5569//2451 5568//2449
f 5561//2448 5568//2449 5567//2447
f 5559//2446 5567//2447 5566//2444
f 5560//2445 5566//2444 5565//2455
v -0.611188 -0.192267 -0.414874
v -0.595901 -0.199396 -0.414874
v -0.584202 -0.190910 -0.414874
v -0.605360 -0.168254 -0.414874
v -0.613294 -0.175826 -0.414874
v -0.594841 -0.167258 -0.414874
v -0.582203 -0.179984 -0.414874
v -0.585867 -0.172828 -0.414874
v -0.611368 -0.193324 -0.313274
v -0.598835 -0.199854 -0.313274
v -0.589161 -0.196932 -0.313274
v -0.582878 -0.188439 -0.313274
v -0.584639 -0.175059 -0.313274
v -0.594756 -0.167578 -0.313274
v -0.607710 -0.169604 -0.313274
v -0.614545 -0.179437 -0.313274
vn 0.0640 -0.9968 0.0473
vn -0.4309 -0.8915 0.1398
vn 0.4133 -0.9105 0.0145
vn 0.6973 -0.7167 -0.0044
vn 0.9548 -0.2955 0.0305
vn 0.9781 -0.1688 -0.1219
vn 0.9814 0.1922 -0.0008
vn 0.9724 0.2322 -0.0211
vn 0.7542 0.6403 -0.1457
vn -0.0110 0.9894 -0.1451
vn 0.2367 0.9586 -0.1586
vn -0.2577 0.9662 -0.0037
vn -0.6802 0.7330 -0.0073
vn -0.8260 0.5637 0.0012
vn -0.9982 -0.0588 -0.0077
vn -0.6142 -0.7548 0.2303
s 1
usemtl 0.768627_0.886275_0.952941_0.000000_0.000000
f 5581//2457 5572//2458 5573//2459
f 5582//2460 5573//2459 5574//2461
f 5583//2462 5574//2461 5578//2463
f 5584//2464 5578//2463 5579//2465
f 5585//2466 5579//2465 5577//2467
f 5585//2466 5577//2467 5575//2468
f 5586//2469 5575//2468 5576//2470
f 5587//2471 5576//2470 5572//2458
f 5576//2470 5587//2471 5586//2469
f 5575//2468 5586//2469 5585//2466
f 5579//2465 5585//2466 5584//2464
f 5578//2463 5584//2464 5583//2462
f 5574//2461 5583//2462 5582//2460
f 5573//2459 5582//2460 5581//2457
f 5572//2458 5581//2457 5580//2472
f 5572//2458 5580//2472 5587//2471
v -0.381330 -1.326500 -0.680499
v -0.389416 -1.326500 -0.669694
v -0.364833 -1.326500 -0.680863
v -0.383312 -1.326500 -0.655047
v -0.369371 -1.326500 -0.650841
v -0.360033 -1.326500 -0.656520
v -0.356872 -1.326500 -0.668142
v -0.389416 -1.428100 -0.663818
v -0.384198 -1.428100 -0.677880
v -0.366325 -1.428100 -0.681565
v -0.357330 -1.428100 -0.671852
v -0.356529 -1.428100 -0.663784
v -0.360622 -1.428100 -0.655877
v -0.372117 -1.428100 -0.650522
v -0.383606 -1.428100 -0.654062
vn -0.9422 0.0194 -0.3344
vn -0.9842 -0.1214 -0.1287
vn -0.0753 -0.0109 -0.9971
vn 0.2337 0.2722 -0.9334
vn 0.7132 -0.0108 -0.7009
vn 0.9672 0.0004 -0.2542
vn 0.9935 -0.0467 0.1036
vn 0.9829 -0.0011 0.1844
vn 0.8702 -0.0216 0.4922
vn 0.7996 0.0125 0.6004
vn 0.4311 -0.0019 0.9023
vn -0.2305 -0.0061 0.9730
vn -0.9243 -0.0605 0.3768
vn -0.9707 0.0152 0.2397
vn -0.7462 -0.0409 0.6645
s 1
usemtl 0.768627_0.886275_0.952941_0.000000_0.000000
f 5596//2473 5589//2474 5588//2475
f 5597//2476 5588//2475 5590//2477
f 5598//2478 5590//2477 5594//2479
f 5599//2480 5594//2479 5593//2481
f 5600//2482 5593//2481 5592//2483
f 5601//2484 5592//2483 5591//2485
f 5595//2486 5591//2485 5589//2474
f 5591//2485 5595//2486 5602//2487
f 5591//2485 5602//2487 5601//2484
f 5592//2483 5601//2484 5600//2482
f 5593//2481 5600//2482 5599//2480
f 5594//2479 5599//2480 5598//2478
f 5590//2477 5598//2478 5597//2476
f 5588//2475 5597//2476 5596//2473
f 5589//2474 5596//2473 5595//2486
v -0.372117 -1.289760 -0.650522
v -0.383606 -1.289760 -0.654062
v -0.360622 -1.289760 -0.655877
v -0.377428 -1.289760 -0.682129
v -0.388586 -1.289760 -0.669054
v -0.363985 -1.289760 -0.680623
v -0.357330 -1.289760 -0.671852
v -0.356529 -1.289760 -0.663784
v -0.389790 -1.188160 -0.667499
v -0.383312 -1.188160 -0.655047
v -0.369371 -1.188160 -0.650841
v -0.360033 -1.188160 -0.656520
v -0.356872 -1.188160 -0.668142
v -0.364833 -1.188160 -0.680863
v -0.382873 -1.188160 -0.678777
vn -0.9194 0.0093 0.3932
vn -0.9833 0.0542 0.1735
vn -0.5475 -0.0164 0.8366
vn -0.2305 -0.0061 0.9731
vn 0.4311 -0.0019 0.9023
vn 0.7996 0.0125 0.6004
vn 0.8702 -0.0216 0.4922
vn 0.9829 -0.0011 0.1843
vn 0.9935 -0.0467 0.1036
vn 0.9559 -0.1171 -0.2694
vn 0.6736 -0.0558 -0.7370
vn 0.6305 -0.0067 -0.7762
vn 0.0447 0.0033 -0.9990
vn -0.8649 -0.0371 -0.5005
vn -0.9995 0.0012 -0.0328
s 1
usemtl 0.768627_0.886275_0.952941_0.000000_0.000000
f 5612//2488 5607//2489 5604//2490
f 5612//2488 5604//2490 5603//2491
f 5613//2492 5603//2491 5605//2493
f 5614//2494 5605//2493 5610//2495
f 5615//2496 5610//2495 5609//2497
f 5616//2498 5609//2497 5608//2499
f 5616//2498 5608//2499 5606//2500
f 5617//2501 5606//2500 5607//2489
f 5607//2489 5611//2502 5617//2501
f 5606//2500 5617//2501 5616//2498
f 5609//2497 5616//2498 5615//2496
f 5610//2495 5615//2496 5614//2494
f 5605//2493 5614//2494 5613//2492
f 5603//2491 5613//2492 5612//2488
f 5607//2489 5612//2488 5611//2502
v 0.300199 -1.052850 -0.620325
v 0.319193 -1.052850 -0.620972
v 0.306238 -1.052850 -0.649355
v 0.294085 -1.052850 -0.638264
v 0.325466 -1.052850 -0.632574
v 0.319881 -1.052850 -0.645311
v 0.295024 -0.951250 -0.625287
v 0.306995 -0.951250 -0.616882
v 0.321438 -0.951250 -0.623503
v 0.324862 -0.951250 -0.637898
v 0.318116 -0.951250 -0.647068
v 0.306955 -0.951250 -0.649555
v 0.294580 -0.951250 -0.640191
vn -0.7154 -0.0328 0.6980
vn -0.7348 0.0862 -0.6728
vn -0.4259 0.3633 0.8286
vn 0.0854 -0.0301 0.9959
vn 0.2126 0.1580 0.9643
vn 0.9523 -0.0607 0.2990
vn 0.9903 0.0151 -0.1379
vn 0.9150 -0.0036 -0.4035
vn 0.8604 0.0179 -0.5092
vn 0.4011 0.0036 -0.9160
vn 0.0809 0.0030 -0.9967
vn -0.0399 0.0705 -0.9967
vn -0.6687 0.1694 -0.7240
s 1
usemtl 0.768627_0.886275_0.952941_0.000000_0.000000
f 5624//2503 5621//2504 5618//2505
f 5625//2506 5618//2505 5619//2507
f 5626//2508 5619//2507 5622//2509
f 5627//2510 5622//2509 5623//2511
f 5628//2512 5623//2511 5620//2513
f 5629//2514 5620//2513 5621//2504
f 5621//2504 5630//2515 5629//2514
f 5620//2513 5629//2514 5628//2512
f 5623//2511 5628//2512 5627//2510
f 5622//2509 5627//2510 5626//2508
f 5619//2507 5626//2508 5625//2506
f 5618//2505 5625//2506 5624//2503
f 5621//2504 5624//2503 5630//2515
v 0.312542 -1.561601 -0.820272
v 0.297722 -1.555761 -0.820272
v 0.322968 -1.554952 -0.820272
v 0.301336 -1.531074 -0.820272
v 0.294371 -1.539396 -0.820272
v 0.311679 -1.528950 -0.820272
v 0.321503 -1.533900 -0.820272
v 0.326212 -1.545570 -0.820272
v 0.297135 -1.554657 -0.718672
v 0.313017 -1.561512 -0.718672
v 0.322967 -1.555221 -0.718672
v 0.325851 -1.543125 -0.718672
v 0.323392 -1.535831 -0.718672
v 0.314925 -1.529973 -0.718672
v 0.301716 -1.530844 -0.718672
v 0.294769 -1.538278 -0.718672
vn -0.4195 -0.8522 -0.3128
vn -0.8827 0.4697 0.0178
vn -0.4006 -0.9087 -0.1179
vn 0.2624 -0.9645 -0.0310
vn 0.3339 -0.9426 0.0001
vn 0.9127 -0.4060 -0.0469
vn 0.9472 0.3199 0.0215
vn 0.9900 -0.1341 -0.0447
vn 0.8459 0.5333 0.0037
vn 0.5665 0.8240 -0.0073
vn -0.0339 0.9994 0.0041
vn -0.3223 0.9422 -0.0914
vn -0.6368 0.7710 0.0074
vn -0.8464 0.5325 0.0038
vn 0.8104 0.5859 0.0012
vn 0.7065 -0.7073 0.0255
s 1
usemtl 0.768627_0.886275_0.952941_0.000000_0.000000
f 5639//2516 5635//2517 5632//2518
f 5639//2516 5632//2518 5631//2519
f 5640//2520 5631//2519 5633//2521
f 5642//2522 5633//2521 5638//2523
f 5642//2522 5638//2523 5637//2524
f 5644//2525 5637//2524 5636//2526
f 5645//2527 5636//2526 5634//2528
f 5646//2529 5634//2528 5635//2517
f 5635//2517 5639//2516 5646//2529
f 5634//2528 5646//2529 5645//2527
f 5636//2526 5645//2527 5644//2525
f 5637//2524 5644//2525 5643//2530
f 5637//2524 5643//2530 5642//2522
f 5633//2521 5642//2522 5641//2531
f 5633//2521 5641//2531 5640//2520
f 5631//2519 5640//2520 5639//2516
v 0.077625 -0.381997 -0.380929
v 0.068576 -0.381997 -0.388412
v 0.093424 -0.381997 -0.384311
v 0.080854 -0.381997 -0.412424
v 0.067791 -0.381997 -0.401086
v 0.099570 -0.381997 -0.397517
v 0.093636 -0.381997 -0.409106
v 0.074407 -0.280397 -0.382692
v 0.091267 -0.280397 -0.382770
v 0.098709 -0.280397 -0.390374
v 0.099526 -0.280397 -0.397993
v 0.091373 -0.280397 -0.410441
v 0.079400 -0.280397 -0.412326
v 0.068032 -0.280397 -0.398694
vn -0.9360 -0.0755 0.3438
vn -0.7065 0.0066 -0.7076
vn -0.8071 -0.0012 0.5904
vn -0.7560 -0.0827 0.6494
vn -0.4220 0.0273 0.9062
vn 0.0683 -0.1437 0.9873
vn 0.8993 0.0216 0.4368
vn 0.9334 0.0010 0.3588
vn 0.9885 0.1063 0.1076
vn 0.9988 -0.0093 -0.0482
vn 0.7670 0.0029 -0.6416
vn 0.3245 -0.0511 -0.9445
vn 0.1752 0.0059 -0.9845
vn -0.1132 -0.0805 -0.9903
s 1
usemtl 0.768627_0.886275_0.952941_0.000000_0.000000
f 5660//2532 5651//2533 5648//2534
f 5654//2535 5648//2534 5647//2536
f 5655//2537 5647//2536 5649//2538
f 5656//2539 5649//2538 5652//2540
f 5657//2541 5652//2540 5653//2542
f 5658//2543 5653//2542 5650//2544
f 5659//2545 5650//2544 5651//2533
f 5651//2533 5660//2532 5659//2545
f 5650//2544 5659//2545 5658//2543
f 5653//2542 5658//2543 5657//2541
f 5652//2540 5657//2541 5656//2539
f 5649//2538 5656//2539 5655//2537
f 5647//2536 5655//2537 5654//2535
f 5648//2534 5654//2535 5660//2532
v -0.600590 -0.598667 -0.481694
v -0.589492 -0.598667 -0.484103
v -0.612152 -0.598667 -0.488483
v -0.583924 -0.598667 -0.489941
v -0.600182 -0.598667 -0.514385
v -0.612834 -0.598667 -0.504307
v -0.582135 -0.598667 -0.498120
v -0.587978 -0.598667 -0.510101
v -0.608040 -0.497067 -0.484383
v -0.595803 -0.497067 -0.481833
v -0.587589 -0.497067 -0.485297
v -0.583061 -0.497067 -0.492465
v -0.584639 -0.497067 -0.506220
v -0.595309 -0.497067 -0.513920
v -0.607710 -0.497067 -0.511675
v -0.614392 -0.497067 -0.497926
vn -0.9286 -0.0758 0.3633
vn -0.6321 0.0680 -0.7719
vn -0.7248 0.0089 0.6889
vn -0.4445 -0.0103 0.8957
vn 0.0605 0.0668 0.9959
vn 0.3278 -0.0145 0.9446
vn 0.6591 0.0009 0.7520
vn 0.8855 0.0035 0.4646
vn 0.8777 -0.0003 0.4792
vn 0.9982 0.0198 0.0570
vn 0.9737 -0.0215 -0.2269
vn 0.5200 0.1925 -0.8322
vn 0.0199 -0.0870 -0.9960
vn -0.0649 0.1003 -0.9928
vn -0.4237 -0.0046 -0.9058
vn 0.6639 0.0005 0.7478
s 1
usemtl 0.768627_0.886275_0.952941_0.000000_0.000000
f 5676//2546 5666//2547 5663//2548
f 5669//2549 5663//2548 5661//2550
f 5670//2551 5661//2550 5662//2552
f 5672//2553 5662//2552 5664//2554
f 5672//2553 5664//2554 5667//2555
f 5673//2556 5667//2555 5668//2557
f 5674//2558 5668//2557 5665//2559
f 5675//2560 5665//2559 5666//2547
f 5666//2547 5676//2546 5675//2560
f 5665//2559 5675//2560 5674//2558
f 5668//2557 5674//2558 5673//2556
f 5667//2555 5673//2556 5672//2553
f 5662//2552 5672//2553 5671//2561
f 5662//2552 5671//2561 5670//2551
f 5661//2550 5670//2551 5669//2549
f 5663//2548 5669//2549 5676//2546
v -0.191808 -0.849355 -0.950623
v -0.191808 -0.851544 -0.935606
v -0.191808 -0.830088 -0.958990
v -0.191808 -0.821178 -0.955332
v -0.191808 -0.839609 -0.959315
v -0.191808 -0.834740 -0.921802
v -0.191808 -0.823659 -0.924601
v -0.191808 -0.817392 -0.931064
v -0.191808 -0.815323 -0.944164
v -0.191808 -0.847443 -0.926393
l 5680 5685
l 5679 5680
l 5677 5681
l 5678 5677
l 5683 5684
l 5679 5681
l 5683 5682
l 5678 5686
l 5686 5682
l 5684 5685
v 0.262664 -1.536999 -0.684072
v 0.262664 -1.527254 -0.695407
v 0.262664 -1.529149 -0.709061
v 0.262664 -1.540029 -0.718238
v 0.262664 -1.553166 -0.717387
v 0.262664 -1.562170 -0.707935
v 0.262664 -1.553502 -0.683848
v 0.262664 -1.563334 -0.693711
v 0.262664 -1.528654 -0.687685
vn -1.0000 -0.0000 -0.0000
s 1
usemtl 0.529412_0.549020_0.588235_0.000000_0.000000
f 5695//2562 5688//2562 5687//2562
l 5689 5688
l 5693 5694
l 5692 5691
l 5693 5687
l 5692 5694
l 5690 5689
l 5691 5690
v 0.098430 -0.353041 -0.406738
v 0.067105 -0.353041 -0.386195
v 0.077798 -0.353041 -0.378374
v 0.094557 -0.353041 -0.381518
v 0.101233 -0.353041 -0.391628
v 0.087040 -0.353041 -0.415546
v 0.075765 -0.353041 -0.414029
v 0.066279 -0.353041 -0.402177
v 0.086236 -0.353041 -0.377621
l 5704 5699
l 5700 5699
l 5701 5702
l 5696 5701
l 5697 5698
l 5700 5696
l 5703 5697
l 5698 5704
l 5703 5702
v -0.191474 -1.552898 -0.957424
v -0.191474 -1.562170 -0.947871
v -0.191474 -1.553499 -0.923803
v -0.191474 -1.536966 -0.924042
v -0.191474 -1.527254 -0.935343
v -0.191474 -1.529150 -0.948997
v -0.191474 -1.539799 -0.958147
v -0.191474 -1.563334 -0.933647
v -0.191474 -1.528654 -0.927621
vn -1.0000 -0.0000 -0.0000
s 1
usemtl 0.529412_0.549020_0.588235_0.000000_0.000000
f 5713//2563 5709//2563 5708//2563
l 5711 5710
l 5706 5712
l 5711 5705
l 5706 5705
l 5707 5712
l 5710 5709
l 5708 5707
v -0.304744 -0.166454 -0.302291
v -0.304744 -0.187064 -0.312865
v -0.304744 -0.199684 -0.302476
v -0.304744 -0.180734 -0.276080
v -0.304744 -0.173696 -0.311841
v -0.304744 -0.168853 -0.282914
v -0.304744 -0.201797 -0.287868
v -0.304744 -0.164770 -0.290766
v -0.304744 -0.193812 -0.279385
l 5715 5718
l 5719 5717
l 5721 5714
l 5718 5714
l 5716 5720
l 5722 5720
l 5722 5717
l 5719 5721
l 5716 5715
v -0.274089 -0.360965 -0.369037
v -0.242931 -0.361860 -0.367126
v -0.252934 -0.349797 -0.392875
v -0.267158 -0.350757 -0.390827
v -0.252726 -0.365263 -0.359863
v -0.276572 -0.355332 -0.381056
v -0.262391 -0.365330 -0.359719
v -0.238698 -0.355686 -0.380305
v -0.243594 -0.351685 -0.388846
l 5729 5727
l 5726 5728
l 5723 5729
l 5727 5724
l 5724 5730
l 5731 5730
l 5725 5731
l 5726 5725
l 5723 5728
v -0.612471 -0.663691 -0.510400
v -0.580298 -0.663691 -0.501783
v -0.605565 -0.663691 -0.480903
v -0.616294 -0.663691 -0.493082
v -0.600459 -0.663691 -0.517364
v -0.589452 -0.663691 -0.481314
v -0.619284 -0.663691 -0.501340
v -0.588204 -0.663691 -0.513756
v -0.580390 -0.663691 -0.490369
vn -0.0000 -1.0000 -0.0000
s 1
usemtl 0.529412_0.549020_0.588235_0.000000_0.000000
f 5735//2564 5738//2564 5732//2564
l 5734 5735
l 5736 5739
l 5732 5736
l 5737 5740
l 5733 5740
l 5739 5733
l 5737 5734
v -0.014833 -1.260406 -0.668651
v -0.022784 -1.259325 -0.676296
v -0.039903 -1.259308 -0.676386
v -0.049913 -1.260835 -0.665619
v -0.039178 -1.264018 -0.643083
v -0.026986 -1.264136 -0.642269
v -0.016125 -1.262910 -0.650924
v -0.012421 -1.261401 -0.661525
v -0.048481 -1.262714 -0.652328
l 5746 5747
l 5742 5743
l 5749 5745
l 5747 5748
l 5742 5741
l 5745 5746
l 5748 5741
l 5744 5749
l 5743 5744
v -0.389736 -1.261140 -0.658752
v -0.379658 -1.261140 -0.649208
v -0.359152 -1.261140 -0.653004
v -0.354659 -1.261140 -0.666263
v -0.385347 -1.261140 -0.680235
v -0.368231 -1.261140 -0.648289
v -0.393635 -1.261140 -0.670095
v -0.359457 -1.261140 -0.678885
v -0.369659 -1.261140 -0.685389
vn -0.0000 1.0000 -0.0000
s 1
usemtl 0.529412_0.549020_0.588235_0.000000_0.000000
f 5756//2565 5750//2565 5754//2565
l 5751 5755
l 5757 5758
l 5758 5754
l 5750 5751
l 5757 5753
l 5755 5752
l 5752 5753
v 0.325863 -1.024230 -0.640436
v 0.311366 -1.024230 -0.651877
v 0.297506 -1.024230 -0.647791
v 0.295722 -1.024230 -0.620380
v 0.307166 -1.024230 -0.614529
v 0.325755 -1.024230 -0.624160
v 0.318785 -1.024230 -0.651821
v 0.290076 -1.024230 -0.635535
v 0.317438 -1.024230 -0.615644
vn -0.0000 1.0000 -0.0000
s 1
usemtl 0.529412_0.549020_0.588235_0.000000_0.000000
f 5765//2566 5760//2566 5759//2566
l 5763 5767
l 5767 5764
l 5760 5761
l 5766 5762
l 5764 5759
l 5762 5763
l 5761 5766
v -0.645612 -0.176273 -0.277566
v -0.645612 -0.164640 -0.295895
v -0.645612 -0.182316 -0.313621
v -0.645612 -0.195443 -0.308681
v -0.645612 -0.201648 -0.292497
v -0.645612 -0.191363 -0.278073
v -0.645612 -0.163125 -0.289316
v -0.645612 -0.167389 -0.283588
v -0.645612 -0.169539 -0.307912
vn -1.0000 -0.0000 -0.0000
s 1
usemtl 0.529412_0.549020_0.588235_0.000000_0.000000
f 5774//2567 5769//2567 5775//2567
l 5772 5773
l 5776 5769
l 5773 5768
l 5768 5775
l 5770 5776
l 5771 5770
l 5771 5772
v -0.017085 -0.882046 -0.595374
v -0.049514 -0.881365 -0.600188
v -0.038316 -0.878102 -0.623264
v -0.022083 -0.878260 -0.622148
v -0.014719 -0.879197 -0.615522
v -0.027063 -0.883049 -0.588282
v -0.039030 -0.882930 -0.589123
v -0.012363 -0.880489 -0.606372
v -0.050044 -0.879495 -0.613418
l 5780 5781
l 5782 5783
l 5777 5782
l 5785 5779
l 5780 5779
l 5784 5781
l 5777 5784
l 5778 5785
l 5783 5778
v -0.267937 -0.869952 -0.633677
v -0.247140 -0.869973 -0.633633
v -0.239031 -0.876183 -0.620378
v -0.243987 -0.881839 -0.608305
v -0.264874 -0.883860 -0.603992
v -0.256486 -0.868271 -0.637266
v -0.275426 -0.878580 -0.615262
v -0.276153 -0.873770 -0.625528
v -0.240227 -0.871794 -0.629746
v -0.254712 -0.884505 -0.602613
vn -0.0001 -0.9056 -0.4242
vn -0.0003 -0.9057 -0.4240
s 1
usemtl 0.529412_0.549020_0.588235_0.000000_0.000000
f 5794//2568 5788//2568 5787//2569
l 5790 5792
l 5786 5791
l 5792 5793
l 5793 5786
l 5791 5787
l 5788 5789
l 5795 5790
l 5789 5795
v -0.251865 -0.566606 -0.494085
v -0.267920 -0.567764 -0.491613
v -0.274639 -0.577328 -0.471198
v -0.252638 -0.581800 -0.461651
v -0.242209 -0.578833 -0.467986
v -0.239207 -0.573028 -0.480376
v -0.276706 -0.572072 -0.482418
v -0.265570 -0.581541 -0.462203
v -0.242010 -0.569287 -0.488362
l 5799 5800
l 5797 5796
l 5801 5804
l 5796 5804
l 5797 5802
l 5798 5803
l 5803 5799
l 5800 5801
l 5802 5798
v -0.042236 -1.115644 -0.654703
v -0.028446 -1.115154 -0.658124
v -0.018752 -1.115737 -0.654048
v -0.014807 -1.116589 -0.647997
v -0.013109 -1.117718 -0.640012
v -0.019601 -1.119684 -0.626101
v -0.036153 -1.120301 -0.621768
v -0.046463 -1.119294 -0.628877
v -0.050538 -1.117386 -0.642420
v -0.030776 -1.120685 -0.619075
vn -0.0010 -0.9901 -0.1402
vn 0.0017 -0.9902 -0.1399
vn 0.0015 -0.9899 -0.1421
s 1
usemtl 0.529412_0.549020_0.588235_0.000000_0.000000
f 5814//2570 5811//2571 5810//2572
l 5807 5808
l 5812 5811
l 5805 5806
l 5813 5805
l 5806 5807
l 5813 5812
l 5809 5808
l 5809 5810
v -0.192476 -0.187818 -0.958819
v -0.192476 -0.199306 -0.949522
v -0.192476 -0.201410 -0.935392
v -0.192476 -0.184162 -0.922377
v -0.192476 -0.171012 -0.955755
v -0.192476 -0.170897 -0.925481
v -0.192476 -0.165377 -0.944378
v -0.192476 -0.179337 -0.959683
v -0.192476 -0.197116 -0.926644
v -0.192476 -0.165719 -0.932186
l 5819 5822
l 5816 5817
l 5821 5819
l 5816 5815
l 5824 5820
l 5815 5822
l 5817 5823
l 5818 5820
l 5823 5818
l 5821 5824
v -0.191474 -1.536999 -0.684072
v -0.191474 -1.527254 -0.695407
v -0.191474 -1.529149 -0.709061
v -0.191474 -1.540029 -0.718238
v -0.191474 -1.553166 -0.717387
v -0.191474 -1.562170 -0.707935
v -0.191474 -1.553502 -0.683848
v -0.191474 -1.563334 -0.693711
v -0.191474 -1.528654 -0.687685
vn -1.0000 -0.0000 -0.0000
s 1
usemtl 0.529412_0.549020_0.588235_0.000000_0.000000
f 5833//2573 5826//2573 5825//2573
l 5827 5826
l 5831 5832
l 5830 5829
l 5831 5825
l 5830 5832
l 5828 5827
l 5829 5828
v -0.192476 -0.176273 -0.277566
v -0.192476 -0.164640 -0.295895
v -0.192476 -0.182316 -0.313621
v -0.192476 -0.195443 -0.308681
v -0.192476 -0.201648 -0.292497
v -0.192476 -0.191363 -0.278073
v -0.192476 -0.163125 -0.289316
v -0.192476 -0.167389 -0.283588
v -0.192476 -0.169539 -0.307912
vn -1.0000 -0.0000 -0.0000
s 1
usemtl 0.529412_0.549020_0.588235_0.000000_0.000000
f 5840//2574 5835//2574 5841//2574
l 5838 5839
l 5842 5835
l 5839 5834
l 5834 5841
l 5836 5842
l 5837 5836
l 5837 5838
v -0.097828 -0.852314 -0.599597
v -0.097828 -0.845490 -0.614143
v -0.097828 -0.832291 -0.618412
v -0.097828 -0.815718 -0.597609
v -0.097828 -0.822956 -0.584247
v -0.097828 -0.820447 -0.612882
v -0.097828 -0.834779 -0.580853
v -0.097828 -0.846041 -0.584992
l 5846 5847
l 5844 5845
l 5843 5850
l 5843 5844
l 5846 5848
l 5847 5849
l 5849 5850
l 5845 5848
v -0.078872 -1.550564 -0.682367
v -0.078872 -1.537209 -0.683920
v -0.078872 -1.527643 -0.694028
v -0.078872 -1.529889 -0.709725
v -0.078872 -1.552270 -0.717779
v -0.078872 -1.560618 -0.712504
v -0.078872 -1.563884 -0.700830
v -0.078872 -1.561136 -0.689571
v -0.078872 -1.541193 -0.719430
v -0.078872 -1.530608 -0.685374
vn -1.0000 -0.0000 -0.0000
s 1
usemtl 0.529412_0.549020_0.588235_0.000000_0.000000
f 5852//2575 5860//2575 5853//2575
l 5856 5855
l 5852 5851
l 5857 5856
l 5858 5857
l 5859 5855
l 5858 5851
l 5854 5853
l 5854 5859
v 0.076444 -0.280397 -0.408910
v 0.087933 -0.280397 -0.410172
v 0.096514 -0.280397 -0.398320
v 0.074684 -0.280397 -0.385605
v 0.086790 -0.280397 -0.381322
v 0.093671 -0.280397 -0.385270
v 0.068503 -0.280397 -0.399037
l 5864 5867
l 5861 5862
l 5865 5866
l 5864 5865
l 5863 5866
l 5862 5863
l 5867 5861
v 0.299917 -1.535384 -0.718672
v 0.313940 -1.531742 -0.718672
v 0.321877 -1.537075 -0.718672
v 0.323685 -1.547151 -0.718672
v 0.317415 -1.557076 -0.718672
v 0.307080 -1.559678 -0.718672
v 0.296786 -1.550749 -0.718672
l 5874 5873
l 5871 5870
l 5872 5873
l 5869 5868
l 5874 5868
l 5871 5872
l 5869 5870
v 0.074683 -0.519999 -0.385605
v 0.096513 -0.519999 -0.398320
v 0.090030 -0.519999 -0.409448
v 0.072704 -0.519999 -0.404565
v 0.066447 -0.519999 -0.394600
v 0.084024 -0.519999 -0.411582
v 0.093671 -0.519999 -0.385270
v 0.086790 -0.519999 -0.381322
vn -0.0000 -1.0000 -0.0000
s 1
usemtl 0.768627_0.886275_0.952941_0.000000_0.000000
f 5878//2576 5875//2576 5879//2576
l 5880 5877
l 5875 5882
l 5878 5880
l 5876 5877
l 5881 5882
l 5876 5881
v 0.301446 -0.951250 -0.644548
v 0.319654 -0.951250 -0.640775
v 0.319719 -0.951250 -0.623737
v 0.298484 -0.951250 -0.625382
v 0.308854 -0.951250 -0.618020
v 0.310799 -0.951250 -0.649979
v 0.292691 -0.951250 -0.636381
vn -0.0000 1.0000 -0.0000
s 1
usemtl 0.768627_0.886275_0.952941_0.000000_0.000000
f 5888//2577 5883//2577 5884//2577
f 5889//2577 5886//2577 5883//2577
l 5884 5885
l 5886 5887
l 5885 5887
v -0.379033 -1.188160 -0.679856
v -0.361767 -1.188160 -0.673628
v -0.361908 -1.188160 -0.657887
v -0.384013 -1.188160 -0.658731
v -0.371484 -1.188160 -0.652003
v -0.387261 -1.188160 -0.670174
l 5891 5890
l 5893 5894
l 5892 5894
l 5891 5892
l 5895 5890
l 5893 5895
v -0.600571 -0.497067 -0.510967
v -0.586149 -0.497067 -0.504950
v -0.585543 -0.497067 -0.492443
v -0.599285 -0.497067 -0.483615
v -0.611297 -0.497067 -0.493552
v -0.589678 -0.497067 -0.483942
v -0.613064 -0.497067 -0.506086
vn -0.0000 1.0000 -0.0000
s 1
usemtl 0.768627_0.886275_0.952941_0.000000_0.000000
f 5902//2578 5900//2578 5896//2578
f 5898//2578 5899//2578 5901//2578
l 5900 5899
l 5898 5897
l 5896 5897
v -0.378176 -1.428100 -0.654702
v -0.361908 -1.428100 -0.657887
v -0.361767 -1.428100 -0.673628
v -0.381626 -1.428100 -0.677732
v -0.387617 -1.428100 -0.666028
v -0.371260 -1.428100 -0.683479
v -0.366882 -1.428100 -0.651180
vn -0.0000 -1.0000 -0.0000
s 1
usemtl 0.768627_0.886275_0.952941_0.000000_0.000000
f 5903//2579 5904//2579 5909//2579
f 5905//2579 5906//2579 5908//2579
l 5906 5907
l 5903 5907
l 5905 5904
v -0.612619 -0.736669 -0.497565
v -0.605477 -0.736669 -0.486075
v -0.587334 -0.736669 -0.490906
v -0.586145 -0.736669 -0.505809
v -0.594831 -0.736669 -0.511956
v -0.607420 -0.736669 -0.509006
v -0.595914 -0.736669 -0.481372
vn -0.0000 -1.0000 -0.0000
s 1
usemtl 0.768627_0.886275_0.952941_0.000000_0.000000
f 5911//2580 5912//2580 5916//2580
l 5910 5915
l 5912 5913
l 5910 5911
l 5915 5914
l 5913 5914
v -0.600655 -0.169558 -0.313274
v -0.589109 -0.172684 -0.313274
v -0.588805 -0.192806 -0.313274
v -0.601155 -0.197413 -0.313274
v -0.611904 -0.187513 -0.313274
v -0.583480 -0.182155 -0.313274
v -0.610733 -0.173880 -0.313274
l 5917 5923
l 5920 5921
l 5919 5922
l 5918 5922
l 5921 5923
l 5917 5918
l 5919 5920
v 0.295964 -1.191190 -0.629121
v 0.308164 -1.191190 -0.619137
v 0.320840 -1.191190 -0.626294
v 0.315950 -1.191190 -0.645541
v 0.301446 -1.191190 -0.644548
v 0.324471 -1.191190 -0.638933
vn -0.0000 -1.0000 -0.0000
s 1
usemtl 0.768627_0.886275_0.952941_0.000000_0.000000
f 5929//2581 5926//2581 5927//2581
l 5928 5924
l 5924 5925
l 5928 5927
l 5925 5926
v 0.143886 -1.236320 -0.332608
v 0.474086 -1.236320 -0.332608
v 0.143886 -0.906118 -0.332608
l 5930 5932
l 5930 5931
v -0.081986 -0.565131 -0.095765
v 0.248214 -0.565131 -0.095765
v -0.081986 -0.234931 -0.095765
l 5933 5935
l 5933 5934
v -0.538184 -1.473230 -0.366109
v -0.207984 -1.143030 -0.366109
v -0.538184 -1.143030 -0.366109
l 5937 5938
l 5936 5938
v -0.763722 -0.781801 -0.197270
v -0.433522 -0.451601 -0.197270
v -0.763722 -0.451601 -0.197270
l 5940 5941
l 5939 5941
v -0.270922 -0.351046 -0.390524
v -0.258851 -0.366446 -0.357650
v -0.246123 -0.350247 -0.392234
v -0.269257 -0.364988 -0.360768
v -0.277504 -0.359577 -0.372317
v -0.241764 -0.362882 -0.365247
v -0.237035 -0.356537 -0.378792
v -0.256586 -0.348758 -0.395405
v -0.239693 -0.353029 -0.386281
v -0.251072 -0.366078 -0.358423
v -0.277771 -0.354746 -0.382603
l 5942 5952
l 5949 5942
l 5944 5949
l 5950 5944
l 5948 5950
l 5947 5948
l 5946 5945
l 5952 5946
l 5951 5947
l 5943 5951
l 5945 5943
v 0.092489 -0.353180 -0.378391
v 0.079793 -0.353174 -0.416781
v 0.101093 -0.353178 -0.407020
v 0.092805 -0.353180 -0.414912
v 0.067835 -0.353175 -0.382177
v 0.062746 -0.353178 -0.391817
v 0.065809 -0.353177 -0.407064
v 0.077627 -0.353179 -0.376265
v 0.103989 -0.353179 -0.396514
v 0.102226 -0.353176 -0.387610
l 5962 5961
l 5953 5962
l 5960 5953
l 5957 5960
l 5958 5957
l 5959 5958
l 5954 5959
l 5956 5954
l 5955 5956
l 5961 5955
v -0.015570 -1.263444 -0.648188
v -0.028324 -1.258862 -0.680562
v -0.011139 -1.261410 -0.662649
v -0.018304 -1.259519 -0.675884
v -0.043540 -1.259399 -0.676714
v -0.045497 -1.263965 -0.644508
v -0.052127 -1.262010 -0.658386
v -0.035080 -1.264608 -0.639789
v -0.013255 -1.260363 -0.669996
v -0.026110 -1.264573 -0.640163
v -0.051081 -1.260523 -0.668953
l 5972 5963
l 5968 5970
l 5967 5973
l 5964 5967
l 5971 5966
l 5963 5965
l 5969 5968
l 5973 5969
l 5966 5964
l 5965 5971
l 5970 5972
v -0.645481 -0.196756 -0.279082
v -0.645484 -0.162632 -0.294942
v -0.645481 -0.201395 -0.304249
v -0.645479 -0.203408 -0.289087
v -0.645480 -0.171695 -0.278072
v -0.645486 -0.166064 -0.306592
v -0.645481 -0.185796 -0.274185
v -0.645490 -0.187932 -0.315009
v -0.645484 -0.174443 -0.313776
v -0.645473 -0.164204 -0.286083
l 5974 5980
l 5977 5974
l 5976 5977
l 5981 5976
l 5982 5981
l 5979 5982
l 5975 5979
l 5983 5975
l 5978 5983
l 5980 5978
v -0.241506 -0.579433 -0.467021
v -0.254347 -0.565537 -0.496668
v -0.269505 -0.581598 -0.462411
v -0.236994 -0.573323 -0.480056
v -0.244327 -0.567486 -0.492505
v -0.269162 -0.567124 -0.493282
v -0.277577 -0.576156 -0.474019
v -0.258993 -0.583091 -0.459185
v -0.277320 -0.570934 -0.485147
v -0.250987 -0.582742 -0.459948
v -0.239152 -0.570057 -0.487002
l 5984 5987
l 5986 5991
l 5989 5992
l 5988 5985
l 5994 5988
l 5987 5994
l 5993 5984
l 5990 5986
l 5992 5990
l 5985 5989
l 5991 5993
v -0.613847 -0.663565 -0.483646
v -0.616022 -0.663566 -0.508338
v -0.601718 -0.663567 -0.518292
v -0.583455 -0.663566 -0.483593
v -0.604169 -0.663565 -0.477815
v -0.619015 -0.663566 -0.493546
v -0.587934 -0.663563 -0.515718
v -0.577896 -0.663562 -0.495627
v -0.579681 -0.663555 -0.506719
v -0.592944 -0.663561 -0.477828
v -0.579458 -0.663547 -0.489013
l 5995 6000
l 5999 5995
l 6004 5999
l 5998 6004
l 6005 5998
l 6003 6002
l 5997 6001
l 5996 5997
l 6000 5996
l 6002 6005
l 6001 6003
v -0.256518 -0.867573 -0.638457
v -0.269314 -0.883778 -0.603858
v -0.237026 -0.875471 -0.621595
v -0.241576 -0.881602 -0.608497
v -0.277597 -0.878181 -0.615813
v -0.270691 -0.869776 -0.633740
v -0.246008 -0.869081 -0.635216
v -0.257819 -0.885210 -0.600801
v -0.239718 -0.871828 -0.629377
v -0.249976 -0.884745 -0.601825
v -0.277738 -0.873548 -0.625726
l 6007 6010
l 6013 6007
l 6015 6013
l 6009 6015
l 6008 6009
l 6014 6008
l 6012 6014
l 6011 6006
l 6010 6016
l 6006 6012
l 6016 6011
v -0.097961 -0.823563 -0.582250
v -0.097961 -0.854570 -0.596292
v -0.097958 -0.837357 -0.620175
v -0.097968 -0.815503 -0.609458
v -0.097969 -0.849078 -0.585449
v -0.097954 -0.850507 -0.611410
v -0.097962 -0.813123 -0.598673
v -0.097951 -0.838352 -0.579318
v -0.097954 -0.824057 -0.617953
v -0.097964 -0.814889 -0.590740
l 6024 6017
l 6026 6017
l 6020 6023
l 6025 6020
l 6019 6025
l 6018 6022
l 6021 6018
l 6024 6021
l 6023 6026
l 6022 6019
v 0.318579 -1.024360 -0.615334
v 0.305655 -1.024357 -0.653626
v 0.329851 -1.024354 -0.633229
v 0.326806 -1.024358 -0.644108
v 0.318786 -1.024355 -0.651682
v 0.293876 -1.024358 -0.618884
v 0.288656 -1.024356 -0.628525
v 0.291672 -1.024361 -0.643813
v 0.303509 -1.024356 -0.613114
v 0.328142 -1.024359 -0.624571
l 6036 6029
l 6027 6036
l 6035 6027
l 6032 6035
l 6033 6032
l 6034 6033
l 6028 6034
l 6031 6028
l 6030 6031
l 6029 6030
v -0.030724 -1.114703 -0.660430
v -0.011109 -1.117277 -0.642018
v -0.015727 -1.119318 -0.627665
v -0.051696 -1.118214 -0.635414
v -0.045393 -1.115478 -0.654829
v -0.020075 -1.115208 -0.656857
v -0.033046 -1.120535 -0.619178
v -0.025104 -1.120419 -0.620057
v -0.043802 -1.120024 -0.622837
v -0.013772 -1.116087 -0.650435
v -0.051905 -1.116631 -0.646518
l 6045 6040
l 6039 6044
l 6038 6039
l 6041 6037
l 6043 6045
l 6044 6043
l 6046 6038
l 6042 6046
l 6037 6042
l 6047 6041
l 6040 6047
v -0.374102 -1.261258 -0.645917
v -0.391644 -1.261256 -0.674946
v -0.361197 -1.261259 -0.683902
v -0.376258 -1.261260 -0.686820
v -0.384751 -1.261263 -0.649463
v -0.354203 -1.261261 -0.675618
v -0.352322 -1.261258 -0.664760
v -0.362370 -1.261259 -0.648979
v -0.392393 -1.261260 -0.659107
v -0.355037 -1.261265 -0.655952
l 6051 6049
l 6050 6051
l 6053 6050
l 6054 6053
l 6057 6054
l 6055 6057
l 6048 6055
l 6052 6048
l 6056 6052
l 6049 6056
v 0.262804 -1.557972 -0.683671
v 0.262794 -1.525929 -0.707890
v 0.262804 -1.563433 -0.709668
v 0.262798 -1.565118 -0.693918
v 0.262796 -1.532051 -0.684749
v 0.262797 -1.546461 -0.679574
v 0.262795 -1.547686 -0.720477
v 0.262802 -1.532833 -0.716980
v 0.262802 -1.524753 -0.697020
l 6060 6061
l 6066 6059
l 6058 6063
l 6064 6060
l 6065 6064
l 6063 6062
l 6061 6058
l 6059 6065
l 6062 6066
v -0.192346 -0.202954 -0.288027
v -0.192339 -0.195851 -0.278182
v -0.192348 -0.162542 -0.293666
v -0.192344 -0.201354 -0.304315
v -0.192343 -0.171695 -0.278072
v -0.192350 -0.164917 -0.304646
v -0.192345 -0.185796 -0.274185
v -0.192354 -0.186821 -0.315072
v -0.192344 -0.172744 -0.312883
v -0.192337 -0.164204 -0.286083
l 6068 6073
l 6067 6068
l 6070 6067
l 6074 6070
l 6075 6074
l 6072 6075
l 6069 6072
l 6076 6069
l 6071 6076
l 6073 6071
v -0.191683 -0.816579 -0.952079
v -0.191689 -0.853308 -0.932757
v -0.191677 -0.825055 -0.959433
v -0.191678 -0.852820 -0.948127
v -0.191685 -0.835185 -0.919850
v -0.191686 -0.814893 -0.931936
v -0.191673 -0.813154 -0.941887
v -0.191685 -0.839485 -0.960282
v -0.191675 -0.846517 -0.923901
v -0.191676 -0.822328 -0.923406
l 6079 6084
l 6077 6079
l 6083 6077
l 6082 6083
l 6086 6082
l 6081 6086
l 6085 6081
l 6078 6085
l 6080 6078
l 6084 6080
v -0.078731 -1.549488 -0.720358
v -0.078744 -1.549372 -0.679824
v -0.078734 -1.565416 -0.694442
v -0.078734 -1.527087 -0.710402
v -0.078731 -1.563740 -0.709035
v -0.078723 -1.559535 -0.684969
v -0.078737 -1.535231 -0.718565
v -0.078732 -1.535160 -0.682562
v -0.078730 -1.524517 -0.699534
v -0.078725 -1.526544 -0.690886
l 6092 6088
l 6095 6090
l 6088 6094
l 6091 6089
l 6087 6091
l 6093 6087
l 6090 6093
l 6096 6095
l 6094 6096
l 6089 6092
v -0.191337 -1.526822 -0.949811
v -0.191341 -1.565940 -0.936561
v -0.191340 -1.534701 -0.958182
v -0.191338 -1.530999 -0.925123
v -0.191347 -1.547463 -0.960744
v -0.191342 -1.562356 -0.951386
v -0.191347 -1.551931 -0.920440
v -0.191330 -1.561271 -0.926691
v -0.191351 -1.540851 -0.919875
v -0.191338 -1.524753 -0.938003
v -0.191339 -1.526685 -0.930381
l 6099 6101
l 6106 6097
l 6107 6106
l 6103 6105
l 6104 6103
l 6105 6100
l 6101 6102
l 6097 6099
l 6100 6107
l 6098 6104
l 6102 6098
v -0.032827 -0.883290 -0.585597
v -0.051721 -0.880977 -0.602018
v -0.043046 -0.877990 -0.623076
v -0.028468 -0.877484 -0.626664
v -0.015825 -0.882105 -0.593995
v -0.043630 -0.882781 -0.589169
v -0.011128 -0.880058 -0.608468
v -0.017582 -0.878266 -0.621163
v -0.051421 -0.879263 -0.614105
v -0.025272 -0.883181 -0.586456
v -0.012710 -0.879146 -0.615012
l 6118 6114
l 6115 6118
l 6116 6110
l 6109 6116
l 6113 6109
l 6108 6113
l 6112 6117
l 6114 6112
l 6111 6115
l 6110 6111
l 6117 6108
v -0.192355 -0.163968 -0.948261
v -0.192355 -0.170816 -0.957256
v -0.192345 -0.203408 -0.934755
v -0.192343 -0.201356 -0.949984
v -0.192341 -0.187946 -0.920203
v -0.192353 -0.185590 -0.960733
v -0.192339 -0.197832 -0.925546
v -0.192345 -0.172662 -0.923312
v -0.192344 -0.162800 -0.937023
v -0.192334 -0.164680 -0.930711
l 6120 6124
l 6119 6120
l 6127 6119
l 6128 6127
l 6126 6128
l 6123 6126
l 6125 6123
l 6121 6125
l 6122 6121
l 6124 6122
v -0.191325 -1.561423 -0.686923
v -0.191341 -1.524531 -0.699336
v -0.191341 -1.536624 -0.681617
v -0.191337 -1.527278 -0.689710
v -0.191342 -1.562356 -0.711450
v -0.191341 -1.565939 -0.696625
v -0.191337 -1.526822 -0.709875
v -0.191349 -1.547577 -0.720795
v -0.191340 -1.534701 -0.718246
v -0.191351 -1.550864 -0.680283
l 6129 6138
l 6137 6136
l 6130 6135
l 6131 6132
l 6138 6131
l 6136 6133
l 6132 6130
l 6134 6129
l 6133 6134
l 6135 6137
v -0.304610 -0.184698 -0.274079
v -0.304615 -0.174619 -0.313721
v -0.304620 -0.170979 -0.278621
v -0.304614 -0.202697 -0.287335
v -0.304609 -0.164952 -0.304496
v -0.304617 -0.162651 -0.292442
v -0.304610 -0.189014 -0.314748
v -0.304616 -0.201794 -0.303458
v -0.304611 -0.195073 -0.277619
v -0.304612 -0.164229 -0.285980
l 6148 6141
l 6139 6141
l 6147 6139
l 6142 6147
l 6146 6142
l 6145 6146
l 6140 6145
l 6143 6140
l 6144 6143
l 6148 6144
v -0.042965 -1.290320 -0.663895
v -0.043903 -1.089610 -0.632004
v -0.035559 -1.291934 -0.652472
v -0.034526 -1.090665 -0.624547
v -0.023923 -1.291575 -0.655026
v -0.020790 -1.089801 -0.630649
v -0.019231 -1.290486 -0.662683
v -0.022107 -1.289304 -0.671088
v -0.023399 -1.087921 -0.643931
v -0.034142 -1.288592 -0.676125
v -0.039621 -1.087914 -0.643980
vn 0.0939 0.1479 -0.9845
vn 0.8174 0.0821 -0.5702
vn 0.6526 0.0906 -0.7522
vn -0.7979 0.0847 -0.5968
vn -0.9903 0.0199 -0.1377
vn -0.9870 0.0378 -0.1559
vn -0.9788 -0.0234 0.2034
vn -0.1075 -0.1451 0.9836
vn -0.1743 -0.0799 0.9814
vn 0.9287 0.0102 0.3708
vn 0.9127 0.0240 -0.4080
s 1
usemtl 0.901961_0.901961_0.901961_0.000000_0.000000
f 6151//2582 6149//2583 6152//2584
f 6153//2585 6151//2582 6152//2584
f 6155//2586 6153//2585 6154//2587
f 6156//2588 6155//2586 6154//2587
f 6158//2589 6156//2588 6157//2590
f 6149//2583 6158//2589 6159//2591
f 6157//2590 6159//2591 6158//2589
f 6154//2587 6157//2590 6156//2588
f 6152//2584 6154//2587 6153//2585
f 6150//2592 6152//2584 6149//2583
f 6159//2591 6150//2592 6149//2583
v -0.155424 -1.549139 -0.921872
v -0.153972 -1.551675 -0.718672
v -0.144624 -1.557672 -0.921872
v -0.140595 -1.557118 -0.718672
v -0.133659 -1.550723 -0.921872
v -0.132705 -1.548695 -0.718672
v -0.132105 -1.542154 -0.921872
v -0.133249 -1.539629 -0.718672
v -0.138999 -1.534670 -0.921872
v -0.144516 -1.533842 -0.718672
v -0.151805 -1.535488 -0.921872
v -0.155688 -1.539649 -0.718672
vn -0.2069 0.9779 -0.0315
vn 0.9581 -0.2858 -0.0171
vn 0.3521 0.9348 0.0469
vn -0.5358 0.8438 -0.0310
vn -0.4654 0.8850 0.0118
vn -0.9651 -0.2618 0.0006
vn -0.9998 -0.0199 0.0026
vn -0.7761 -0.6306 -0.0021
vn -0.9287 -0.3707 0.0022
vn 0.4094 -0.9111 -0.0469
vn -0.1329 -0.8777 0.4605
vn 0.8076 -0.5896 0.0126
s 1
usemtl 0.901961_0.901961_0.901961_0.000000_0.000000
f 6162//2593 6160//2594 6161//2595
f 6164//2596 6162//2593 6163//2597
f 6166//2598 6164//2596 6165//2599
f 6168//2600 6166//2598 6167//2601
f 6170//2602 6168//2600 6169//2603
f 6160//2594 6170//2602 6171//2604
f 6171//2604 6161//2595 6160//2594
f 6169//2603 6171//2604 6170//2602
f 6167//2601 6169//2603 6168//2600
f 6165//2599 6167//2601 6166//2598
f 6163//2597 6165//2599 6164//2596
f 6161//2595 6163//2597 6162//2593
v -0.268067 -0.419418 -0.397539
v -0.261802 -0.605234 -0.479884
v -0.257499 -0.421309 -0.393503
v -0.251992 -0.605121 -0.480128
v -0.246698 -0.418942 -0.398555
v -0.245785 -0.601278 -0.488329
v -0.245892 -0.415124 -0.406705
v -0.249964 -0.596292 -0.498973
v -0.254436 -0.411364 -0.414732
v -0.260272 -0.595208 -0.501287
v -0.267893 -0.413840 -0.409447
v -0.269114 -0.599450 -0.492232
vn 0.1763 0.3561 -0.9177
vn 0.8794 0.1757 -0.4424
vn 0.7327 0.2959 -0.6128
vn -0.6081 0.3260 -0.7238
vn 0.2771 0.6751 -0.6837
vn -0.9046 0.1439 -0.4013
vn -0.8954 0.2062 -0.3947
vn -0.8565 -0.2405 0.4567
vn -0.9994 0.0211 0.0278
vn 0.0536 -0.4322 0.9002
vn -0.4715 -0.3420 0.8129
vn 0.3965 -0.3670 0.8415
s 1
usemtl 0.901961_0.901961_0.901961_0.000000_0.000000
f 6173//2605 6183//2606 6172//2607
f 6175//2608 6173//2605 6174//2609
f 6177//2610 6175//2608 6176//2611
f 6179//2612 6177//2610 6178//2613
f 6181//2614 6179//2612 6180//2615
f 6183//2606 6181//2614 6182//2616
f 6180//2615 6182//2616 6181//2614
f 6178//2613 6180//2615 6179//2612
f 6176//2611 6178//2613 6177//2610
f 6174//2609 6176//2611 6175//2608
f 6172//2607 6174//2609 6173//2605
f 6182//2616 6172//2607 6183//2606
v -0.269242 -0.383849 -0.388445
v -0.270024 -0.201225 -0.299286
v -0.258813 -0.388872 -0.377723
v -0.261388 -0.204277 -0.292771
v -0.251304 -0.388350 -0.378836
v -0.248059 -0.203093 -0.295298
v -0.246542 -0.385768 -0.384348
v -0.245785 -0.198785 -0.304495
v -0.249090 -0.380302 -0.396016
v -0.252966 -0.194920 -0.312743
v -0.261078 -0.378702 -0.399430
v -0.266440 -0.196512 -0.309346
vn -0.0821 0.4214 -0.9031
vn 0.8119 0.2267 -0.5380
vn -0.3662 0.3307 -0.8698
vn -0.5054 0.3666 -0.7812
vn -0.8466 0.2212 -0.4841
vn -0.8061 0.2682 -0.5275
vn -0.9481 -0.1930 0.2528
vn -0.9968 0.0510 -0.0612
vn 0.0561 -0.4610 0.8856
vn -0.5686 -0.3273 0.7547
vn 0.9625 -0.0434 0.2680
vn 0.9599 0.1189 -0.2538
s 1
usemtl 0.901961_0.901961_0.901961_0.000000_0.000000
f 6186//2617 6184//2618 6187//2619
f 6188//2620 6186//2617 6187//2619
f 6190//2621 6188//2620 6189//2622
f 6192//2623 6190//2621 6191//2624
f 6194//2625 6192//2623 6193//2626
f 6184//2618 6194//2625 6195//2627
f 6193//2626 6195//2627 6194//2625
f 6191//2624 6193//2626 6192//2623
f 6189//2622 6191//2624 6190//2621
f 6187//2619 6189//2622 6188//2620
f 6185//2628 6187//2619 6184//2618
f 6195//2627 6185//2628 6184//2618
v -0.043620 -1.527317 -0.699175
v -0.043254 -1.326131 -0.670628
v -0.041483 -1.327484 -0.661071
v -0.037789 -1.529028 -0.687092
v -0.027375 -1.529161 -0.686151
v -0.031746 -1.327918 -0.658004
v -0.020824 -1.528287 -0.692326
v -0.020517 -1.326993 -0.664538
v -0.020983 -1.325519 -0.674953
v -0.022067 -1.526585 -0.704345
v -0.031168 -1.324615 -0.681336
v -0.035432 -1.525877 -0.709359
vn 0.7821 0.0920 -0.6163
vn 0.8077 0.2852 0.5161
vn 0.9413 0.0395 -0.3353
vn -0.4648 0.1928 -0.8641
vn -0.5942 0.1358 -0.7928
vn -0.7621 0.0963 -0.6403
vn -0.9871 -0.0852 0.1353
vn -0.9875 0.0201 -0.1561
vn 0.5836 -0.1198 0.8031
vn -0.2538 -0.1242 0.9592
vn -0.9793 -0.0563 0.1946
vn 0.7560 0.0915 -0.6482
s 1
usemtl 0.901961_0.901961_0.901961_0.000000_0.000000
f 6199//2629 6196//2630 6197//2631
f 6200//2632 6199//2629 6201//2633
f 6202//2634 6200//2632 6201//2633
f 6205//2635 6202//2634 6203//2636
f 6207//2637 6205//2635 6206//2638
f 6196//2630 6207//2637 6197//2631
f 6206//2638 6197//2631 6207//2637
f 6204//2639 6206//2638 6205//2635
f 6203//2636 6204//2639 6205//2635
f 6201//2633 6203//2636 6202//2634
f 6198//2640 6201//2633 6199//2629
f 6197//2631 6198//2640 6199//2629
v -0.042829 -1.053595 -0.629070
v -0.037897 -0.853667 -0.591643
v -0.033328 -1.055078 -0.618589
v -0.026648 -1.054981 -0.619254
v -0.026618 -0.853698 -0.591426
v -0.021624 -1.054300 -0.624089
v -0.019928 -0.852801 -0.597772
v -0.020499 -0.851503 -0.606944
v -0.023974 -1.052166 -0.639196
v -0.030481 -0.850441 -0.614456
v -0.036954 -1.051765 -0.642031
v -0.042414 -0.851599 -0.606271
vn -0.0252 0.1434 -0.9894
vn 0.7006 0.0430 -0.7123
vn 0.3452 0.1426 -0.9276
vn -0.4136 0.1278 -0.9014
vn -0.6020 0.1207 -0.7893
vn -0.7919 0.0735 -0.6062
vn -0.3198 -0.1654 0.9329
vn -0.9947 -0.0185 0.1010
vn 0.2386 -0.1451 0.9602
vn -0.2893 -0.1146 0.9504
vn 0.5905 -0.0773 0.8033
vn -0.9375 0.0476 -0.3446
s 1
usemtl 0.901961_0.901961_0.901961_0.000000_0.000000
f 6210//2641 6208//2642 6209//2643
f 6211//2644 6210//2641 6212//2645
f 6213//2646 6211//2644 6212//2645
f 6216//2647 6213//2646 6215//2648
f 6218//2649 6216//2647 6217//2650
f 6208//2642 6218//2649 6219//2651
f 6217//2650 6219//2651 6218//2649
f 6215//2648 6217//2650 6216//2647
f 6214//2652 6215//2648 6213//2646
f 6212//2645 6214//2652 6213//2646
f 6209//2643 6212//2645 6210//2641
f 6219//2651 6209//2643 6208//2642
v -0.268891 -0.815967 -0.594850
v -0.267505 -0.630668 -0.511401
v -0.260081 -0.812145 -0.603009
v -0.254813 -0.628243 -0.516578
v -0.248077 -0.814312 -0.598382
v -0.246542 -0.631267 -0.510123
v -0.247129 -0.635965 -0.500096
v -0.247420 -0.820070 -0.586092
v -0.255154 -0.822591 -0.580710
v -0.260645 -0.638129 -0.495475
v -0.263828 -0.821848 -0.582296
v -0.269249 -0.635672 -0.500720
vn -0.3946 -0.3767 0.8381
vn 0.3224 -0.3792 0.8673
vn 0.0054 -0.4956 0.8685
vn -0.9978 -0.0292 0.0604
vn -0.4595 -0.3858 0.8000
vn -0.9563 0.1217 -0.2658
vn -0.6745 0.3319 -0.6595
vn -0.3734 0.4014 -0.8363
vn 0.9055 0.1792 -0.3847
vn 0.3679 0.3548 -0.8596
vn 0.9320 0.1274 -0.3394
vn -0.1219 0.4587 -0.8802
s 1
usemtl 0.901961_0.901961_0.901961_0.000000_0.000000
f 6223//2653 6221//2654 6222//2655
f 6225//2656 6223//2653 6224//2657
f 6226//2658 6225//2656 6227//2659
f 6229//2660 6226//2658 6227//2659
f 6231//2661 6229//2660 6230//2662
f 6221//2654 6231//2661 6220//2663
f 6230//2662 6220//2663 6231//2661
f 6228//2664 6230//2662 6229//2660
f 6227//2659 6228//2664 6229//2660
f 6224//2657 6227//2659 6225//2656
f 6222//2655 6224//2657 6223//2653
f 6220//2663 6222//2655 6221//2654
v -0.269280 -0.203157 -0.295162
v -0.257754 -0.205796 -0.289529
v -0.246099 -0.202799 -0.295927
v -0.243470 -0.197417 -0.307414
v -0.250936 -0.194337 -0.313988
v -0.270718 -0.197201 -0.307875
v -0.261876 -0.193667 -0.315419
l 6237 6238
l 6236 6238
l 6233 6232
l 6234 6235
l 6236 6235
l 6237 6232
l 6234 6233
v -0.261293 -0.811715 -0.603926
v -0.244225 -0.815057 -0.596794
v -0.246413 -0.820705 -0.584737
v -0.268510 -0.820841 -0.584447
v -0.257248 -0.823640 -0.578473
v -0.271512 -0.815056 -0.596796
v -0.249899 -0.811679 -0.604003
l 6242 6243
l 6239 6245
l 6242 6244
l 6245 6240
l 6243 6241
l 6239 6244
l 6240 6241
v -0.020572 -0.853190 -0.595015
v -0.023619 -0.850548 -0.613698
v -0.038032 -0.850427 -0.614559
v -0.045254 -0.852740 -0.598200
v -0.047419 -0.851296 -0.608406
v -0.035114 -0.854147 -0.588253
v -0.015860 -0.851540 -0.606681
vn 0.0001 0.9901 0.1400
vn -0.0001 0.9901 0.1400
s 1
usemtl 0.901961_0.901961_0.901961_0.000000_0.000000
f 6250//2665 6249//2665 6248//2665
f 6247//2666 6246//2666 6252//2666
l 6247 6248
l 6249 6251
l 6246 6251
v -0.044049 -1.327402 -0.661650
v -0.032781 -1.328257 -0.655592
v -0.019658 -1.327230 -0.662866
v -0.024523 -1.324611 -0.681382
v -0.037436 -1.324441 -0.682575
v -0.044499 -1.325368 -0.676031
v -0.027387 -1.328575 -0.653335
v -0.016306 -1.325511 -0.674989
vn 0.0003 0.9902 0.1400
vn 0.0010 0.9903 0.1388
vn 0.0003 0.9901 0.1402
vn -0.0005 0.9903 0.1390
vn -0.0012 0.9902 0.1399
vn -0.0001 0.9902 0.1399
s 1
usemtl 0.901961_0.901961_0.901961_0.000000_0.000000
f 6259//2667 6255//2668 6254//2669
f 6256//2670 6255//2671 6260//2672
l 6257 6256
l 6258 6257
l 6254 6253
l 6258 6253
v -0.043730 -1.090234 -0.627600
v -0.033218 -1.091029 -0.621968
v -0.021611 -1.090478 -0.625867
v -0.025087 -1.087347 -0.647992
v -0.036001 -1.087150 -0.649385
v -0.044611 -1.088263 -0.641512
v -0.019300 -1.087999 -0.643400
v -0.016682 -1.089017 -0.636172
l 6266 6265
l 6264 6265
l 6262 6261
l 6262 6263
l 6267 6268
l 6266 6261
l 6264 6267
l 6263 6268
v -0.269370 -0.419464 -0.397441
v -0.257707 -0.422324 -0.391337
v -0.246203 -0.419517 -0.397328
v -0.245794 -0.412842 -0.411578
v -0.253438 -0.410688 -0.416174
v -0.267285 -0.412094 -0.413173
v -0.241152 -0.415210 -0.406523
vn 0.0001 0.9056 0.4242
s 1
usemtl 0.901961_0.901961_0.901961_0.000000_0.000000
f 6272//2673 6271//2673 6275//2673
l 6274 6273
l 6270 6271
l 6273 6272
l 6269 6274
l 6270 6269
v -0.154513 -1.555069 -0.718672
v -0.140989 -1.558924 -0.718672
v -0.131679 -1.551676 -0.718672
v -0.130278 -1.539969 -0.718672
v -0.137238 -1.533488 -0.718672
v -0.150769 -1.532975 -0.718672
v -0.159183 -1.543008 -0.718672
l 6281 6282
l 6276 6277
l 6277 6278
l 6278 6279
l 6281 6280
l 6276 6282
l 6280 6279
v -0.027670 -1.091308 -0.619995
v -0.036099 -1.086843 -0.651564
v -0.023419 -1.087128 -0.649549
v -0.046307 -1.088082 -0.642790
v -0.018586 -1.090453 -0.626037
v -0.015665 -1.088804 -0.637691
v -0.042266 -1.090701 -0.624280
v -0.042704 -1.288533 -0.676549
v -0.029876 -1.287989 -0.680378
v -0.018132 -1.289054 -0.672857
v -0.016047 -1.290907 -0.659741
v -0.023606 -1.292248 -0.650267
v -0.036434 -1.292471 -0.648703
v -0.047114 -1.290816 -0.660382
vn -0.5323 0.1219 -0.8377
vn -0.8033 0.0681 -0.5917
vn -0.4339 0.1034 -0.8950
vn -0.0791 0.1473 -0.9859
vn 0.3279 0.0863 -0.9407
vn 0.9202 0.1934 -0.3402
vn 0.9976 -0.0338 0.0611
vn 0.9054 -0.0109 0.4244
vn 0.8971 -0.0796 0.4346
vn 0.7090 -0.0891 0.6995
vn 0.3213 -0.1527 0.9346
vn -0.0528 -0.1343 0.9895
vn -0.4413 -0.3375 0.8315
vn -0.9791 0.0633 -0.1931
s 1
usemtl 0.901961_0.901961_0.901961_0.000000_0.000000
f 6290//2674 6286//2675 6284//2676
f 6291//2677 6284//2676 6285//2678
f 6292//2679 6285//2678 6288//2680
f 6293//2681 6288//2680 6287//2682
f 6294//2683 6287//2682 6283//2684
f 6295//2685 6283//2684 6289//2686
f 6296//2687 6289//2686 6286//2675
f 6289//2686 6296//2687 6295//2685
f 6283//2684 6295//2685 6294//2683
f 6287//2682 6294//2683 6293//2681
f 6288//2680 6293//2681 6292//2679
f 6285//2678 6292//2679 6291//2677
f 6284//2676 6291//2677 6290//2674
f 6286//2675 6290//2674 6296//2687
v -0.036095 -1.324083 -0.685112
v -0.047360 -1.327202 -0.663060
v -0.023417 -1.324369 -0.683097
v -0.046822 -1.325607 -0.674332
v -0.037946 -1.328360 -0.654861
v -0.022436 -1.328220 -0.655862
v -0.015665 -1.325960 -0.671838
v -0.016896 -1.327385 -0.661767
v -0.047137 -1.527256 -0.699611
v -0.035757 -1.525306 -0.713405
v -0.020589 -1.525888 -0.709277
v -0.015665 -1.527870 -0.695269
v -0.019242 -1.529067 -0.686792
v -0.028013 -1.529724 -0.682153
v -0.041327 -1.529420 -0.684312
vn -0.9021 -0.0756 0.4249
vn -0.9985 0.0183 0.0517
vn -0.2737 0.2906 -0.9169
vn 0.0319 0.1427 -0.9892
vn 0.2548 0.1337 -0.9577
vn 0.8880 0.0749 -0.4536
vn 0.9999 -0.0043 -0.0105
vn 0.9622 -0.0324 0.2702
vn 0.8943 -0.0617 0.4432
vn 0.7531 -0.0923 0.6514
vn 0.5909 -0.1176 0.7981
vn 0.4125 -0.1236 0.9025
vn -0.6878 -0.0762 0.7219
vn -0.9213 -0.0542 0.3851
vn -0.4835 -0.1307 0.8655
s 1
usemtl 0.901961_0.901961_0.901961_0.000000_0.000000
f 6305//2688 6300//2689 6297//2690
f 6306//2691 6297//2690 6299//2692
f 6307//2693 6299//2692 6303//2694
f 6308//2695 6303//2694 6304//2696
f 6309//2697 6304//2696 6302//2698
f 6310//2699 6302//2698 6301//2700
f 6305//2688 6301//2700 6298//2701
f 6305//2688 6298//2701 6300//2689
f 6301//2700 6305//2688 6311//2702
f 6301//2700 6311//2702 6310//2699
f 6302//2698 6310//2699 6309//2697
f 6304//2696 6309//2697 6308//2695
f 6303//2694 6308//2695 6307//2693
f 6299//2692 6307//2693 6306//2691
f 6297//2690 6306//2691 6305//2688
v -0.258850 -0.192684 -0.317518
v -0.269785 -0.195449 -0.311614
v -0.273549 -0.201838 -0.297977
v -0.263999 -0.205832 -0.289452
v -0.249029 -0.205655 -0.289830
v -0.241267 -0.199778 -0.302373
v -0.246302 -0.194802 -0.312996
v -0.243273 -0.203274 -0.294911
v -0.273325 -0.384877 -0.386251
v -0.268968 -0.378542 -0.399773
v -0.259317 -0.376714 -0.403674
v -0.246456 -0.378775 -0.399275
v -0.241213 -0.383792 -0.388567
v -0.244400 -0.387873 -0.379855
v -0.253148 -0.390417 -0.374425
v -0.264811 -0.390010 -0.375293
vn -0.2241 0.4106 -0.8839
vn -0.4901 0.3712 -0.7887
vn 0.0877 0.4231 -0.9018
vn 0.8851 0.1971 -0.4216
vn 0.6400 0.5723 -0.5128
vn 0.9959 -0.0353 0.0827
vn 0.9898 -0.0597 0.1291
vn 0.8641 -0.2132 0.4560
vn 0.7066 -0.2927 0.6442
vn 0.6130 -0.3354 0.7153
vn 0.0839 -0.4221 0.9026
vn -0.7088 -0.2994 0.6387
vn -0.8416 -0.2390 0.4843
vn -0.9138 -0.1536 0.3759
vn -0.2735 -0.4157 0.8674
vn -0.6098 0.3315 -0.7199
s 1
usemtl 0.901961_0.901961_0.901961_0.000000_0.000000
f 6322//2703 6313//2704 6312//2705
f 6323//2706 6312//2705 6318//2707
f 6323//2706 6318//2707 6317//2708
f 6324//2709 6317//2708 6319//2710
f 6325//2711 6319//2710 6316//2712
f 6326//2713 6316//2712 6315//2714
f 6320//2715 6315//2714 6314//2716
f 6320//2715 6314//2716 6313//2704
f 6315//2714 6320//2715 6327//2717
f 6315//2714 6327//2717 6326//2713
f 6316//2712 6326//2713 6325//2711
f 6319//2710 6325//2711 6324//2709
f 6317//2708 6324//2709 6323//2706
f 6312//2705 6323//2706 6322//2703
f 6313//2704 6322//2703 6321//2718
f 6313//2704 6321//2718 6320//2715
v -0.031624 -0.849840 -0.618706
v -0.043407 -0.850630 -0.613121
v -0.046307 -0.853134 -0.595413
v -0.034750 -0.854437 -0.586202
v -0.021831 -0.853967 -0.589519
v -0.015425 -0.852319 -0.601183
v -0.019814 -0.850635 -0.613084
v -0.047767 -1.053408 -0.630385
v -0.042415 -1.051577 -0.643363
v -0.031739 -1.051055 -0.647040
v -0.019540 -1.051877 -0.641233
v -0.016017 -1.053918 -0.626797
v -0.023622 -1.055336 -0.616760
v -0.038796 -1.055398 -0.616330
vn -0.9712 0.0562 -0.2317
vn -0.7743 -0.1149 0.6223
vn -0.4891 0.1155 -0.8646
vn -0.1804 0.1209 -0.9761
vn 0.1458 0.1457 -0.9785
vn 0.5001 0.1225 -0.8572
vn 0.9279 0.0607 -0.3679
vn 0.9937 0.0136 -0.1114
vn 0.8820 -0.0604 0.4673
vn 0.8144 -0.0861 0.5738
vn 0.2162 -0.1129 0.9698
vn -0.0070 -0.1431 0.9897
vn -0.3711 0.1664 0.9136
vn -0.5490 0.1097 -0.8286
s 1
usemtl 0.901961_0.901961_0.901961_0.000000_0.000000
f 6335//2719 6330//2720 6329//2721
f 6337//2722 6329//2721 6328//2723
f 6337//2722 6328//2723 6334//2724
f 6338//2725 6334//2724 6333//2726
f 6339//2727 6333//2726 6332//2728
f 6340//2729 6332//2728 6331//2730
f 6341//2731 6331//2730 6330//2720
f 6330//2720 6335//2719 6341//2731
f 6331//2730 6341//2731 6340//2729
f 6332//2728 6340//2729 6339//2727
f 6333//2726 6339//2727 6338//2725
f 6334//2724 6338//2725 6337//2722
f 6329//2721 6337//2722 6336//2732
f 6329//2721 6336//2732 6335//2719
v -0.256902 -0.423100 -0.389681
v -0.258851 -0.409353 -0.419023
v -0.272287 -0.419446 -0.397479
v -0.270720 -0.412521 -0.412262
v -0.246727 -0.421718 -0.392629
v -0.245719 -0.411897 -0.413594
v -0.241891 -0.417883 -0.400816
v -0.273007 -0.599018 -0.493153
v -0.263677 -0.593818 -0.504253
v -0.255786 -0.593326 -0.505305
v -0.246622 -0.595333 -0.501020
v -0.241196 -0.600455 -0.490086
v -0.246499 -0.605358 -0.479619
v -0.259324 -0.607336 -0.475399
v -0.269294 -0.605399 -0.479534
vn -0.2612 0.4099 -0.8739
vn -0.5161 0.3546 -0.7797
vn 0.0995 0.4177 -0.9031
vn 0.4616 0.3730 -0.8048
vn 0.9422 0.1312 -0.3083
vn 0.9870 0.0721 -0.1434
vn 0.9283 -0.1619 0.3346
vn 0.8665 -0.1789 0.4660
vn 0.6641 -0.3170 0.6771
vn 0.2887 -0.4271 0.8569
vn -0.6096 -0.3368 0.7176
vn -0.9505 -0.2466 0.1891
vn -0.9660 -0.0750 0.2475
vn -0.2311 -0.4254 0.8750
vn 0.1211 0.4207 -0.8991
s 1
usemtl 0.901961_0.901961_0.901961_0.000000_0.000000
f 6350//2733 6345//2734 6343//2735
f 6352//2736 6343//2735 6347//2737
f 6353//2738 6347//2737 6348//2739
f 6354//2740 6348//2739 6346//2741
f 6354//2740 6346//2741 6342//2742
f 6356//2743 6342//2742 6344//2744
f 6349//2745 6344//2744 6345//2734
f 6344//2744 6349//2745 6356//2743
f 6342//2742 6356//2743 6355//2746
f 6342//2742 6355//2746 6354//2740
f 6348//2739 6354//2740 6353//2738
f 6347//2737 6353//2738 6352//2736
f 6343//2735 6352//2736 6351//2747
f 6343//2735 6351//2747 6350//2733
f 6345//2734 6350//2733 6349//2745
v -0.141121 -1.561512 -0.718672
v -0.151653 -1.530468 -0.718672
v -0.159370 -1.538279 -0.718672
v -0.131171 -1.555221 -0.718672
v -0.128287 -1.543125 -0.718672
v -0.130746 -1.535831 -0.718672
v -0.139213 -1.529973 -0.718672
v -0.157004 -1.554657 -0.718672
v -0.159767 -1.539396 -0.921872
v -0.150248 -1.530254 -0.921872
v -0.137316 -1.530467 -0.921872
v -0.130416 -1.536150 -0.921872
v -0.127926 -1.545570 -0.921872
v -0.131170 -1.554952 -0.921872
v -0.141596 -1.561601 -0.921872
v -0.156416 -1.555761 -0.921872
vn -0.9982 0.0589 0.0128
vn -0.3796 -0.9029 -0.2019
vn -0.8410 0.5410 -0.0009
vn -0.0572 0.9971 0.0507
vn -0.5501 0.8350 0.0124
vn 0.5563 0.8310 0.0002
vn 0.8412 0.5407 -0.0009
vn 0.8105 0.5858 -0.0003
vn 0.9479 0.3185 0.0010
vn 0.9142 -0.4046 -0.0230
vn 0.7055 -0.7086 0.0108
vn 0.3335 -0.9427 0.0001
vn 0.2666 -0.9637 -0.0107
vn -0.3933 -0.9179 -0.0528
vn 0.9919 0.1269 -0.0091
vn 0.5212 0.8534 -0.0016
s 1
usemtl 0.901961_0.901961_0.901961_0.000000_0.000000
f 6365//2748 6364//2749 6359//2750
f 6366//2751 6359//2750 6358//2752
f 6366//2751 6358//2752 6363//2753
f 6368//2754 6363//2753 6362//2755
f 6368//2754 6362//2755 6361//2756
f 6370//2757 6361//2756 6360//2758
f 6370//2757 6360//2758 6357//2759
f 6371//2760 6357//2759 6364//2749
f 6364//2749 6365//2748 6372//2761
f 6364//2749 6372//2761 6371//2760
f 6357//2759 6371//2760 6370//2757
f 6361//2756 6370//2757 6369//2762
f 6361//2756 6369//2762 6368//2754
f 6363//2753 6368//2754 6367//2763
f 6363//2753 6367//2763 6366//2751
f 6359//2750 6366//2751 6365//2748
v -0.253149 -0.824059 -0.577577
v -0.266564 -0.823053 -0.579726
v -0.273081 -0.815560 -0.595719
v -0.262193 -0.810705 -0.606082
v -0.248521 -0.811862 -0.603612
v -0.244400 -0.821515 -0.583008
v -0.241213 -0.817434 -0.591720
v -0.273081 -0.635117 -0.501906
v -0.261868 -0.639972 -0.491542
v -0.249032 -0.639298 -0.492981
v -0.242000 -0.635497 -0.501094
v -0.243333 -0.630132 -0.512544
v -0.254112 -0.626547 -0.520200
v -0.266564 -0.627625 -0.517898
vn -0.8587 -0.2709 0.4350
vn -0.8610 0.2599 -0.4371
vn -0.3580 -0.3538 0.8641
vn -0.0605 -0.4403 0.8958
vn 0.3552 -0.3281 0.8753
vn 0.6456 -0.3271 0.6900
vn 0.7067 -0.2920 0.6445
vn 0.8952 -0.1931 0.4016
vn 0.9918 -0.0524 0.1166
vn 0.9814 0.0752 -0.1766
vn 0.8306 0.2805 -0.4811
vn 0.1416 0.2550 -0.9565
vn -0.0817 0.4880 -0.8690
vn -0.3742 0.3585 -0.8552
s 1
usemtl 0.901961_0.901961_0.901961_0.000000_0.000000
f 6380//2764 6375//2765 6374//2766
f 6381//2767 6374//2766 6373//2768
f 6382//2769 6373//2768 6378//2770
f 6383//2771 6378//2770 6379//2772
f 6384//2773 6379//2772 6377//2774
f 6385//2775 6377//2774 6376//2776
f 6386//2777 6376//2776 6375//2765
f 6375//2765 6380//2764 6386//2777
f 6376//2776 6386//2777 6385//2775
f 6377//2774 6385//2775 6384//2773
f 6379//2772 6384//2773 6383//2771
f 6378//2770 6383//2771 6382//2769
f 6373//2768 6382//2769 6381//2767
f 6374//2766 6381//2767 6380//2764
v -0.043364 -1.054423 -0.623233
v -0.020431 -1.054450 -0.623040
v -0.018669 -1.052579 -0.636253
v -0.025769 -1.051512 -0.643817
v -0.045377 -1.052512 -0.636721
v -0.036255 -1.051450 -0.644265
v -0.032147 -1.055432 -0.616074
l 6391 6392
l 6390 6392
l 6389 6390
l 6393 6387
l 6388 6393
l 6387 6391
l 6389 6388
v -0.157352 -1.550749 -0.921872
v -0.147058 -1.559678 -0.921872
v -0.135176 -1.555614 -0.921872
v -0.130025 -1.544748 -0.921872
v -0.133757 -1.536445 -0.921872
v -0.154222 -1.535385 -0.921872
v -0.140888 -1.531054 -0.921872
l 6396 6395
l 6400 6399
l 6398 6400
l 6394 6395
l 6399 6394
l 6397 6398
l 6396 6397
v -0.045184 -1.290686 -0.661301
v -0.036380 -1.292214 -0.650499
v -0.026632 -1.292098 -0.651322
v -0.017868 -1.290755 -0.660811
v -0.034676 -1.288482 -0.676894
v -0.046249 -1.289064 -0.672786
v -0.020729 -1.288909 -0.673874
v -0.015766 -1.289644 -0.668660
vn 0.0002 -0.9902 -0.1398
vn 0.0004 -0.9901 -0.1403
vn 0.0001 -0.9904 -0.1385
vn 0.0011 -0.9901 -0.1407
vn 0.0008 -0.9902 -0.1399
vn -0.0006 -0.9901 -0.1407
s 1
usemtl 0.901961_0.901961_0.901961_0.000000_0.000000
f 6405//2778 6401//2779 6406//2780
f 6408//2781 6404//2782 6407//2783
l 6402 6403
l 6405 6407
l 6403 6404
l 6401 6402
v -0.268599 -0.603853 -0.482835
v -0.245652 -0.603069 -0.484506
v -0.252399 -0.594919 -0.501903
v -0.263001 -0.594550 -0.502690
v -0.271512 -0.598083 -0.495149
v -0.244286 -0.597190 -0.497056
v -0.257753 -0.606928 -0.476270
l 6412 6413
l 6411 6412
l 6411 6414
l 6410 6415
l 6410 6414
l 6409 6415
l 6413 6409
v -0.271120 -0.384942 -0.386111
v -0.260368 -0.389558 -0.376259
v -0.245332 -0.385861 -0.384149
v -0.249755 -0.378692 -0.399451
v -0.264433 -0.378640 -0.399563
v -0.242308 -0.381090 -0.394335
v -0.249901 -0.389984 -0.375347
vn 0.0001 -0.9056 -0.4241
vn -0.0001 -0.9055 -0.4242
s 1
usemtl 0.901961_0.901961_0.901961_0.000000_0.000000
f 6422//2784 6417//2784 6418//2784
f 6421//2785 6418//2785 6419//2785
l 6420 6419
l 6416 6417
l 6420 6416
v -0.043646 -1.528591 -0.690180
v -0.032950 -1.529475 -0.683925
v -0.021443 -1.528896 -0.688022
v -0.017317 -1.527442 -0.698291
v -0.021078 -1.526158 -0.707380
v -0.039497 -1.525926 -0.709013
v -0.046409 -1.527130 -0.700481
v -0.028966 -1.525416 -0.712618
l 6428 6430
l 6424 6425
l 6424 6423
l 6428 6429
l 6430 6427
l 6427 6426
l 6425 6426
l 6429 6423
v -0.261928 -0.627541 -0.518077
v -0.250726 -0.628015 -0.517065
v -0.243470 -0.631059 -0.510567
v -0.246535 -0.636516 -0.498919
v -0.268134 -0.637108 -0.497656
v -0.257753 -0.639892 -0.491713
v -0.271660 -0.631169 -0.510332
l 6435 6436
l 6432 6431
l 6432 6433
l 6434 6436
l 6434 6433
l 6431 6437
l 6435 6437
v 0.025616 -0.832813 -0.928327
v -0.126784 -0.825813 -0.931203
v 0.025616 -0.824678 -0.932043
v -0.126784 -0.821443 -0.938021
v 0.025616 -0.822670 -0.943856
v -0.126784 -0.822492 -0.945298
v -0.126784 -0.829371 -0.951974
v 0.025616 -0.834455 -0.952723
v -0.126784 -0.842973 -0.947411
v 0.025616 -0.844467 -0.947316
v 0.025616 -0.844100 -0.934784
v -0.126784 -0.840772 -0.931450
vn -0.0032 -0.6839 -0.7296
vn 0.0022 -0.3344 -0.9424
vn 0.0032 -0.7596 -0.6504
vn 0.0169 -0.9914 -0.1298
vn 0.0101 0.2507 0.9680
vn -0.0027 -0.5040 0.8637
vn -0.0302 0.7111 0.7024
vn -0.0980 0.4655 0.8796
vn -0.0070 0.9995 -0.0312
vn -0.0316 0.1320 -0.9907
vn 0.0123 -0.9821 0.1879
vn 0.0003 -0.9776 -0.2103
s 1
usemtl 0.647059_0.647059_0.647059_0.000000_0.000000
f 6440//2786 6438//2787 6439//2788
f 6442//2789 6440//2786 6439//2788
f 6445//2790 6442//2789 6444//2791
f 6447//2792 6445//2790 6446//2793
f 6448//2794 6447//2792 6446//2793
f 6438//2787 6448//2794 6449//2795
f 6446//2793 6449//2795 6448//2794
f 6444//2791 6446//2793 6445//2790
f 6443//2796 6444//2791 6442//2789
f 6441//2797 6443//2796 6442//2789
f 6439//2788 6441//2797 6442//2789
f 6449//2795 6439//2788 6438//2787
v -0.127452 -0.182881 -0.952724
v 0.024948 -0.194454 -0.943693
v -0.127452 -0.194283 -0.944357
v 0.024948 -0.189594 -0.930210
v -0.127452 -0.190360 -0.930365
v -0.127452 -0.178452 -0.929286
v 0.024948 -0.176668 -0.930052
v -0.127452 -0.171774 -0.936109
v 0.024948 -0.171251 -0.938416
v -0.127452 -0.172849 -0.946834
v 0.024948 -0.179696 -0.950952
vn -0.0011 0.9600 -0.2801
vn 0.5093 0.1151 0.8529
vn 0.0216 0.5740 0.8186
vn -0.0032 0.1332 -0.9911
vn -0.0056 0.8342 -0.5515
vn 0.0038 -0.7004 -0.7137
vn -0.0041 -0.0433 -0.9991
vn 0.0540 -0.9548 -0.2922
vn -0.0055 -0.8175 -0.5759
vn 0.0017 -0.9762 0.2167
vn 0.0376 -0.3072 0.9509
s 1
usemtl 0.647059_0.647059_0.647059_0.000000_0.000000
f 6451//2798 6460//2799 6452//2800
f 6453//2801 6451//2798 6454//2802
f 6456//2803 6453//2801 6455//2804
f 6458//2805 6456//2803 6457//2806
f 6460//2799 6458//2805 6459//2807
f 6459//2807 6450//2808 6460//2799
f 6457//2806 6459//2807 6458//2805
f 6455//2804 6457//2806 6456//2803
f 6454//2802 6455//2804 6453//2801
f 6452//2800 6454//2802 6451//2798
f 6450//2808 6452//2800 6460//2799
v -0.314918 -1.542449 -0.952199
v -0.162518 -1.545849 -0.952392
v -0.162518 -1.535484 -0.947558
v -0.314918 -1.533623 -0.944130
v -0.162518 -1.533622 -0.936352
v -0.314918 -1.534172 -0.934484
v -0.314918 -1.541938 -0.928431
v -0.162518 -1.541371 -0.928536
v -0.162518 -1.552032 -0.929973
v -0.314918 -1.553848 -0.931770
v -0.162518 -1.556458 -0.943749
v -0.314918 -1.554467 -0.947110
vn -0.0035 -0.9987 0.0510
vn -0.0056 -0.5052 0.8630
vn 0.1181 -0.9065 0.4055
vn -0.0020 -0.8006 -0.5992
vn 0.0132 -0.9999 -0.0093
vn -0.0629 0.0977 -0.9932
vn 0.0037 -0.5864 -0.8100
vn -0.1050 0.9635 -0.2463
vn -0.0034 0.2961 -0.9551
vn -0.0232 0.4090 0.9123
vn 0.0114 0.9523 -0.3051
vn 0.0207 -0.1789 0.9836
s 1
usemtl 0.647059_0.647059_0.647059_0.000000_0.000000
f 6464//2809 6461//2810 6463//2811
f 6466//2812 6464//2809 6465//2813
f 6467//2814 6466//2812 6468//2815
f 6470//2816 6467//2814 6469//2817
f 6472//2818 6470//2816 6471//2819
f 6461//2810 6472//2818 6462//2820
f 6471//2819 6462//2820 6472//2818
f 6469//2817 6471//2819 6470//2816
f 6468//2815 6469//2817 6467//2814
f 6465//2813 6468//2815 6466//2812
f 6463//2811 6465//2813 6464//2809
f 6462//2820 6463//2811 6461//2810
v 0.025950 -1.545849 -0.952392
v -0.126450 -1.550528 -0.950192
v 0.025950 -1.556458 -0.943749
v -0.126450 -1.557119 -0.936352
v 0.025950 -1.550228 -0.929363
v -0.126450 -1.547473 -0.928394
v 0.025950 -1.538076 -0.930333
v -0.126450 -1.535487 -0.932920
v 0.025950 -1.534477 -0.943761
v -0.126450 -1.534806 -0.945832
vn 0.1196 0.9637 -0.2387
vn 0.0202 -0.3280 0.9444
vn -0.0983 0.8517 0.5147
vn 0.0771 0.8322 -0.5491
vn -0.0219 0.8846 -0.4658
vn 0.0372 -0.4194 -0.9070
vn -0.0142 -0.2858 -0.9582
vn 0.0359 -0.9742 -0.2230
vn -0.1459 -0.6560 -0.7405
vn -0.0888 -0.4797 0.8729
s 1
usemtl 0.647059_0.647059_0.647059_0.000000_0.000000
f 6475//2821 6473//2822 6474//2823
f 6477//2824 6475//2821 6476//2825
f 6479//2826 6477//2824 6478//2827
f 6481//2828 6479//2826 6480//2829
f 6473//2822 6481//2828 6482//2830
f 6482//2830 6474//2823 6473//2822
f 6480//2829 6482//2830 6481//2828
f 6478//2827 6480//2829 6479//2826
f 6476//2825 6478//2827 6477//2824
f 6474//2823 6476//2825 6475//2821
v -0.162518 -0.845051 -0.943910
v -0.314918 -0.843232 -0.947741
v -0.162518 -0.836045 -0.952767
v -0.314918 -0.832326 -0.952899
v -0.162518 -0.825010 -0.948425
v -0.314918 -0.823286 -0.946676
v -0.314918 -0.821490 -0.938007
v -0.314918 -0.826585 -0.930749
v -0.162518 -0.826884 -0.931751
v -0.314918 -0.840591 -0.931177
v -0.162518 -0.841022 -0.930489
vn -0.0052 -0.3722 0.9282
vn -0.0135 0.5046 0.8632
vn 0.0554 -0.0282 0.9981
vn 0.0211 -0.9762 0.2160
vn 0.0137 -0.5355 0.8445
vn 0.0002 -0.9796 -0.2009
vn 0.0169 -0.9828 -0.1838
vn 0.0068 -0.7485 -0.6631
vn -0.0359 0.0626 -0.9974
vn 0.0103 0.9647 -0.2630
vn -0.1077 0.7791 -0.6176
s 1
usemtl 0.647059_0.647059_0.647059_0.000000_0.000000
f 6486//2831 6484//2832 6485//2833
f 6488//2834 6486//2831 6487//2835
f 6489//2836 6488//2834 6491//2837
f 6490//2838 6489//2836 6491//2837
f 6492//2839 6490//2838 6491//2837
f 6484//2832 6492//2839 6483//2840
f 6493//2841 6483//2840 6492//2839
f 6491//2837 6493//2841 6492//2839
f 6487//2835 6491//2837 6488//2834
f 6485//2833 6487//2835 6486//2831
f 6483//2840 6485//2833 6484//2832
v -0.315920 -0.182881 -0.952724
v -0.163520 -0.194454 -0.943693
v -0.315920 -0.194283 -0.944357
v -0.163520 -0.189594 -0.930210
v -0.315920 -0.190360 -0.930365
v -0.315920 -0.178452 -0.929286
v -0.163520 -0.176668 -0.930052
v -0.315920 -0.171774 -0.936109
v -0.163520 -0.171251 -0.938416
v -0.315920 -0.172849 -0.946834
v -0.163520 -0.179696 -0.950952
vn -0.0011 0.9600 -0.2801
vn 0.5093 0.1151 0.8529
vn 0.0216 0.5740 0.8186
vn -0.0032 0.1332 -0.9911
vn -0.0056 0.8342 -0.5515
vn 0.0038 -0.7004 -0.7137
vn -0.0041 -0.0433 -0.9991
vn 0.0540 -0.9548 -0.2922
vn -0.0055 -0.8175 -0.5759
vn 0.0017 -0.9762 0.2167
vn 0.0376 -0.3072 0.9509
s 1
usemtl 0.647059_0.647059_0.647059_0.000000_0.000000
f 6495//2842 6504//2843 6496//2844
f 6497//2845 6495//2842 6498//2846
f 6500//2847 6497//2845 6499//2848
f 6502//2849 6500//2847 6501//2850
f 6504//2843 6502//2849 6503//2851
f 6503//2851 6494//2852 6504//2843
f 6501//2850 6503//2851 6502//2849
f 6499//2848 6501//2850 6500//2847
f 6498//2846 6499//2848 6497//2845
f 6496//2844 6498//2846 6495//2842
f 6494//2852 6496//2844 6504//2843
v -0.162518 -0.844577 -0.949091
v -0.162518 -0.831739 -0.954898
v -0.162518 -0.821748 -0.948291
v -0.162518 -0.824813 -0.929674
v -0.162518 -0.846157 -0.933448
v -0.162518 -0.835850 -0.925856
v -0.162518 -0.819450 -0.937846
l 6509 6510
l 6505 6506
l 6508 6511
l 6508 6510
l 6505 6509
l 6506 6507
l 6507 6511
v -0.127452 -0.185164 -0.954773
v -0.127452 -0.196242 -0.946413
v -0.127452 -0.185164 -0.926378
v -0.127452 -0.169102 -0.939026
v -0.127452 -0.173060 -0.950734
v -0.127452 -0.174695 -0.928892
v -0.127452 -0.196334 -0.933435
l 6516 6512
l 6517 6515
l 6515 6516
l 6513 6518
l 6514 6518
l 6514 6517
l 6512 6513
v -0.162518 -1.537379 -0.951971
v -0.162518 -1.531082 -0.940094
v -0.162518 -1.536230 -0.929652
v -0.162518 -1.548058 -0.925932
v -0.162518 -1.556702 -0.931512
v -0.162518 -1.557963 -0.945784
v -0.162518 -1.548680 -0.954680
v -0.162518 -1.540877 -0.924029
vn 1.0000 -0.0000 -0.0000
s 1
usemtl 0.647059_0.647059_0.647059_0.000000_0.000000
f 6522//2853 6521//2853 6526//2853
l 6525 6524
l 6522 6523
l 6519 6520
l 6524 6523
l 6525 6519
l 6521 6520
v -0.126450 -1.557963 -0.945783
v -0.126450 -1.556702 -0.931512
v -0.126450 -1.548058 -0.925932
v -0.126450 -1.538781 -0.927281
v -0.126450 -1.531082 -0.940094
v -0.126450 -1.537379 -0.951971
v -0.126450 -1.533452 -0.931581
v -0.126450 -1.548680 -0.954680
l 6531 6532
l 6534 6532
l 6533 6530
l 6533 6531
l 6528 6529
l 6534 6527
l 6529 6530
l 6527 6528
v -0.315920 -0.185164 -0.954773
v -0.315920 -0.196242 -0.946413
v -0.315920 -0.185164 -0.926378
v -0.315920 -0.169102 -0.939026
v -0.315920 -0.173060 -0.950734
v -0.315920 -0.174695 -0.928892
v -0.315920 -0.196334 -0.933435
l 6539 6535
l 6540 6538
l 6538 6539
l 6536 6541
l 6537 6541
l 6537 6540
l 6535 6536
v -0.126784 -0.823795 -0.931264
v -0.126784 -0.820770 -0.946103
v -0.126784 -0.845812 -0.947578
v -0.126784 -0.847735 -0.935753
v -0.126784 -0.837679 -0.927148
v -0.126784 -0.827787 -0.953971
v -0.126784 -0.835696 -0.955298
l 6546 6545
l 6544 6548
l 6544 6545
l 6542 6543
l 6547 6543
l 6547 6548
l 6542 6546
v -0.126450 -1.531880 -0.949313
v -0.126450 -1.542606 -0.956416
v -0.126450 -1.532434 -0.929580
v -0.126450 -1.557357 -0.950403
v -0.126450 -1.552120 -0.925138
v -0.126450 -1.529164 -0.936924
v -0.126450 -1.539396 -0.924957
v -0.126450 -1.560262 -0.933752
v 0.025950 -1.534169 -0.952344
v 0.025950 -1.529044 -0.943157
v 0.025950 -1.532372 -0.930449
v 0.025950 -1.544271 -0.923783
v 0.025950 -1.557585 -0.929750
v 0.025950 -1.560135 -0.946408
v 0.025950 -1.546285 -0.956389
vn -0.1316 0.5593 -0.8185
vn 0.0055 0.3725 -0.9280
vn 0.0125 0.9559 -0.2933
vn -0.0911 0.9955 -0.0256
vn 0.0044 0.9653 0.2612
vn -0.1486 0.9149 0.3753
vn -0.0002 0.7769 0.6296
vn 0.0016 0.4907 0.8713
vn -0.0293 -0.1328 0.9907
vn 0.0086 -0.2482 0.9687
vn -0.0132 -0.5143 0.8575
vn 0.1452 -0.8530 0.5013
vn -0.0173 -0.9997 -0.0182
vn 0.0182 -0.3919 -0.9198
vn -0.0467 0.1473 -0.9880
s 1
usemtl 0.647059_0.647059_0.647059_0.000000_0.000000
f 6557//2854 6550//2855 6549//2856
f 6558//2857 6549//2856 6554//2858
f 6559//2859 6554//2858 6551//2860
f 6559//2859 6551//2860 6555//2861
f 6560//2862 6555//2861 6553//2863
f 6561//2864 6553//2863 6556//2865
f 6562//2866 6556//2865 6552//2867
f 6563//2868 6552//2867 6550//2855
f 6552//2867 6563//2868 6562//2866
f 6556//2865 6562//2866 6561//2864
f 6553//2863 6561//2864 6560//2862
f 6555//2861 6560//2862 6559//2859
f 6554//2858 6559//2859 6558//2857
f 6549//2856 6558//2857 6557//2854
f 6550//2855 6557//2854 6563//2868
v -0.127452 -0.173936 -0.954109
v -0.127452 -0.171110 -0.929193
v -0.127452 -0.196552 -0.949280
v -0.127452 -0.182086 -0.924605
v -0.127452 -0.167340 -0.940977
v -0.127452 -0.185355 -0.957012
v -0.127452 -0.196370 -0.930791
v 0.024948 -0.174785 -0.954471
v 0.024948 -0.167359 -0.943888
v 0.024948 -0.167876 -0.934156
v 0.024948 -0.172827 -0.927924
v 0.024948 -0.188372 -0.925673
v 0.024948 -0.199380 -0.935447
v 0.024948 -0.197972 -0.947573
v 0.024948 -0.187100 -0.956634
vn -0.0036 0.2818 -0.9595
vn -0.0030 0.0161 -0.9999
vn 0.1307 0.5253 -0.8408
vn -0.0236 0.8586 -0.5120
vn -0.0008 0.9288 0.3706
vn 0.0029 0.7309 0.6825
vn -0.0010 0.7348 0.6783
vn 0.0043 0.4312 0.9023
vn -0.0332 -0.6483 0.7607
vn 0.0572 -0.9541 0.2940
vn 0.0007 -0.9524 0.3049
vn 0.0675 -0.5822 -0.8102
vn -0.0073 -0.4242 -0.9055
vn 0.0217 -0.9883 -0.1508
vn 0.0003 0.9277 0.3732
s 1
usemtl 0.647059_0.647059_0.647059_0.000000_0.000000
f 6571//2869 6569//2870 6564//2871
f 6572//2872 6564//2871 6568//2873
f 6574//2874 6568//2873 6565//2875
f 6574//2874 6565//2875 6567//2876
f 6575//2877 6567//2876 6570//2878
f 6576//2879 6570//2878 6566//2880
f 6578//2881 6566//2880 6569//2870
f 6566//2880 6578//2881 6577//2882
f 6566//2880 6577//2882 6576//2879
f 6570//2878 6576//2879 6575//2877
f 6567//2876 6575//2877 6574//2874
f 6568//2873 6574//2874 6573//2883
f 6568//2873 6573//2883 6572//2872
f 6564//2871 6572//2872 6571//2869
f 6569//2870 6571//2869 6578//2881
v -0.162518 -1.561512 -0.943603
v -0.162518 -1.550446 -0.955316
v -0.162518 -1.553053 -0.926212
v -0.162518 -1.561011 -0.934217
v -0.162518 -1.529973 -0.945511
v -0.162518 -1.541128 -0.923965
v -0.162518 -1.538622 -0.955388
v -0.162518 -1.532372 -0.930449
v -0.314918 -1.554082 -0.954320
v -0.314918 -1.561020 -0.941260
v -0.314918 -1.551384 -0.925766
v -0.314918 -1.535766 -0.926950
v -0.314918 -1.529164 -0.936924
v -0.314918 -1.530467 -0.947408
v -0.314918 -1.540632 -0.955593
vn -0.0275 -0.9148 -0.4029
vn 0.1983 -0.6601 -0.7245
vn 0.0081 -0.9937 -0.1122
vn 0.0001 -0.9366 0.3503
vn 0.0311 -0.7630 0.6457
vn 0.0116 0.0475 0.9988
vn 0.0014 0.2529 0.9675
vn 0.1357 0.6560 0.7425
vn -0.1629 0.9393 0.3020
vn 0.0045 0.9985 0.0553
vn -0.0168 0.8242 -0.5661
vn -0.0099 0.5964 -0.8026
vn 0.0876 0.5066 -0.8577
vn -0.0060 0.9428 -0.3333
vn -0.0208 -0.4204 -0.9071
s 1
usemtl 0.647059_0.647059_0.647059_0.000000_0.000000
f 6588//2884 6580//2885 6579//2886
f 6588//2884 6579//2886 6582//2887
f 6588//2884 6582//2887 6581//2888
f 6589//2889 6581//2888 6584//2890
f 6590//2891 6584//2890 6586//2892
f 6591//2893 6586//2892 6583//2894
f 6593//2895 6583//2894 6585//2896
f 6593//2895 6585//2896 6580//2885
f 6583//2894 6593//2895 6592//2897
f 6583//2894 6592//2897 6591//2893
f 6586//2892 6591//2893 6590//2891
f 6584//2890 6590//2891 6589//2889
f 6581//2888 6589//2889 6588//2884
f 6580//2885 6588//2884 6587//2898
f 6580//2885 6587//2898 6593//2895
v -0.162518 -0.844437 -0.928122
v -0.162518 -0.850344 -0.938594
v -0.162518 -0.821885 -0.930584
v -0.162518 -0.841622 -0.954148
v -0.162518 -0.833718 -0.923981
v -0.162518 -0.817557 -0.943951
v -0.162518 -0.824503 -0.953443
v -0.314918 -0.849853 -0.935928
v -0.314918 -0.837999 -0.925278
v -0.314918 -0.823081 -0.928517
v -0.314918 -0.817733 -0.941069
v -0.314918 -0.823831 -0.953577
v -0.314918 -0.835043 -0.956869
v -0.314918 -0.847338 -0.949355
vn 0.0553 -0.8906 0.4514
vn -0.0343 -0.9835 0.1777
vn -0.0064 -0.8409 0.5412
vn 0.0098 0.1419 0.9898
vn 0.0152 -0.0694 0.9975
vn 0.1134 0.9689 0.2199
vn -0.0059 0.9566 -0.2912
vn 0.0016 0.9814 -0.1922
vn -0.0061 0.8036 -0.5952
vn -0.0022 0.1679 -0.9858
vn -0.0783 -0.7968 -0.5992
vn 0.0064 -0.9740 -0.2264
vn -0.0219 0.4983 -0.8667
vn -0.0256 0.8324 0.5537
s 1
usemtl 0.647059_0.647059_0.647059_0.000000_0.000000
f 6601//2899 6595//2900 6594//2901
f 6602//2902 6594//2901 6598//2903
f 6602//2902 6598//2903 6596//2904
f 6604//2905 6596//2904 6599//2906
f 6604//2905 6599//2906 6600//2907
f 6606//2908 6600//2907 6597//2909
f 6607//2910 6597//2909 6595//2900
f 6595//2900 6601//2899 6607//2910
f 6597//2909 6607//2910 6606//2908
f 6600//2907 6606//2908 6605//2911
f 6600//2907 6605//2911 6604//2905
f 6596//2904 6604//2905 6603//2912
f 6596//2904 6603//2912 6602//2902
f 6594//2901 6602//2902 6601//2899
v -0.315920 -0.173936 -0.954109
v -0.315920 -0.171110 -0.929193
v -0.315920 -0.196552 -0.949280
v -0.315920 -0.182086 -0.924605
v -0.315920 -0.167340 -0.940977
v -0.315920 -0.185355 -0.957012
v -0.315920 -0.196370 -0.930791
v -0.163520 -0.174785 -0.954471
v -0.163520 -0.167359 -0.943888
v -0.163520 -0.167876 -0.934156
v -0.163520 -0.172827 -0.927924
v -0.163520 -0.188372 -0.925673
v -0.163520 -0.199380 -0.935447
v -0.163520 -0.197972 -0.947573
v -0.163520 -0.187100 -0.956634
vn -0.0036 0.2818 -0.9595
vn -0.0030 0.0161 -0.9999
vn 0.1307 0.5253 -0.8408
vn -0.0236 0.8586 -0.5120
vn -0.0008 0.9288 0.3706
vn 0.0029 0.7309 0.6825
vn -0.0010 0.7348 0.6783
vn 0.0043 0.4312 0.9023
vn -0.0332 -0.6483 0.7607
vn 0.0572 -0.9541 0.2940
vn 0.0007 -0.9524 0.3049
vn 0.0675 -0.5822 -0.8102
vn -0.0073 -0.4242 -0.9055
vn 0.0217 -0.9883 -0.1508
vn 0.0003 0.9277 0.3732
s 1
usemtl 0.647059_0.647059_0.647059_0.000000_0.000000
f 6615//2913 6613//2914 6608//2915
f 6616//2916 6608//2915 6612//2917
f 6618//2918 6612//2917 6609//2919
f 6618//2918 6609//2919 6611//2920
f 6619//2921 6611//2920 6614//2922
f 6620//2923 6614//2922 6610//2924
f 6622//2925 6610//2924 6613//2914
f 6610//2924 6622//2925 6621//2926
f 6610//2924 6621//2926 6620//2923
f 6614//2922 6620//2923 6619//2921
f 6611//2920 6619//2921 6618//2918
f 6612//2917 6618//2918 6617//2927
f 6612//2917 6617//2927 6616//2916
f 6608//2915 6616//2916 6615//2913
f 6613//2914 6615//2913 6622//2925
v -0.126784 -0.844148 -0.928239
v -0.126784 -0.829337 -0.924816
v -0.126784 -0.846599 -0.949733
v -0.126784 -0.850479 -0.937632
v -0.126784 -0.819503 -0.932676
v -0.126784 -0.817252 -0.941714
v -0.126784 -0.830240 -0.956634
v -0.126784 -0.820565 -0.949891
v 0.025616 -0.844222 -0.928425
v 0.025616 -0.849015 -0.944375
v 0.025616 -0.837712 -0.956633
v 0.025616 -0.829339 -0.956641
v 0.025616 -0.820155 -0.947686
v 0.025616 -0.820177 -0.931712
v 0.025616 -0.828899 -0.924829
vn -0.0526 -0.3486 0.9358
vn -0.0033 0.4254 0.9050
vn -0.0047 -0.8335 0.5525
vn -0.0008 -0.9830 0.1838
vn -0.1077 -0.9690 0.2222
vn 0.0390 -0.3060 -0.9512
vn -0.0003 -0.1158 -0.9933
vn 0.0026 0.3198 -0.9475
vn 0.0011 0.6244 -0.7811
vn -0.0254 0.9213 -0.3881
vn -0.0013 0.9988 -0.0496
vn -0.0122 0.9412 0.3375
vn 0.0006 0.7216 0.6923
vn 0.0024 0.3936 0.9193
vn 0.0012 0.2711 -0.9626
s 1
usemtl 0.647059_0.647059_0.647059_0.000000_0.000000
f 6631//2928 6624//2929 6623//2930
f 6631//2928 6623//2930 6626//2931
f 6632//2932 6626//2931 6625//2933
f 6633//2934 6625//2933 6629//2935
f 6635//2936 6629//2935 6630//2937
f 6635//2936 6630//2937 6628//2938
f 6635//2936 6628//2938 6627//2939
f 6636//2940 6627//2939 6624//2929
f 6624//2929 6637//2941 6636//2940
f 6627//2939 6636//2940 6635//2936
f 6629//2935 6635//2936 6634//2942
f 6629//2935 6634//2942 6633//2934
f 6625//2933 6633//2934 6632//2932
f 6626//2931 6632//2932 6631//2928
f 6624//2929 6631//2928 6637//2941
v 0.025616 -0.825275 -0.929501
v 0.025616 -0.820770 -0.946103
v 0.025616 -0.845812 -0.947578
v 0.025616 -0.847735 -0.935753
v 0.025616 -0.837679 -0.927148
v 0.025616 -0.835696 -0.955298
v 0.025616 -0.827787 -0.953971
v 0.025616 -0.820095 -0.935670
l 6642 6641
l 6645 6639
l 6643 6640
l 6644 6643
l 6644 6639
l 6638 6645
l 6640 6641
l 6638 6642
v 0.025950 -1.557962 -0.945783
v 0.025950 -1.556702 -0.931512
v 0.025950 -1.545738 -0.925985
v 0.025950 -1.533762 -0.931862
v 0.025950 -1.533145 -0.946559
v 0.025950 -1.541434 -0.954425
v 0.025950 -1.548680 -0.954680
l 6652 6651
l 6651 6650
l 6647 6648
l 6650 6649
l 6648 6649
l 6646 6647
l 6652 6646
v 0.024948 -0.185164 -0.954773
v 0.024948 -0.196242 -0.946413
v 0.024948 -0.185164 -0.926378
v 0.024948 -0.169237 -0.937060
v 0.024948 -0.172120 -0.949006
v 0.024948 -0.174695 -0.928892
v 0.024948 -0.196334 -0.933435
l 6657 6653
l 6655 6658
l 6658 6656
l 6655 6659
l 6657 6656
l 6654 6659
l 6653 6654
v -0.314918 -1.541348 -0.954021
v -0.314918 -1.531742 -0.944525
v -0.314918 -1.532411 -0.933558
v -0.314918 -1.539963 -0.927333
v -0.314918 -1.558611 -0.940241
v -0.314918 -1.552801 -0.953051
v -0.314918 -1.552247 -0.927002
l 6664 6665
l 6660 6665
l 6663 6666
l 6664 6666
l 6662 6663
l 6661 6660
l 6661 6662
v -0.314918 -0.844577 -0.949091
v -0.314918 -0.831739 -0.954898
v -0.314918 -0.821748 -0.948291
v -0.314918 -0.843504 -0.930779
v -0.314918 -0.850643 -0.938759
v -0.314918 -0.831578 -0.925935
v -0.314918 -0.823002 -0.931032
v -0.314918 -0.819450 -0.937846
vn -1.0000 -0.0000 -0.0000
s 1
usemtl 0.647059_0.647059_0.647059_0.000000_0.000000
f 6671//2943 6670//2943 6667//2943
l 6673 6674
l 6667 6668
l 6669 6674
l 6672 6670
l 6673 6672
l 6668 6669
v -0.163520 -0.185164 -0.954773
v -0.163520 -0.196242 -0.946413
v -0.163520 -0.185164 -0.926378
v -0.163520 -0.169237 -0.937060
v -0.163520 -0.172120 -0.949006
v -0.163520 -0.174695 -0.928892
v -0.163520 -0.196334 -0.933435
l 6679 6675
l 6677 6680
l 6680 6678
l 6677 6681
l 6679 6678
l 6676 6681
l 6675 6676
v -0.275660 -0.195988 -0.300913
v -0.275656 -0.184029 -0.309699
v -0.275654 -0.186027 -0.280340
v -0.275661 -0.173593 -0.306044
v -0.275664 -0.168644 -0.296407
v -0.275668 -0.173477 -0.284351
v -0.275662 -0.195056 -0.285824
l 6683 6682
l 6685 6683
l 6686 6685
l 6688 6684
l 6682 6688
l 6687 6686
l 6684 6687
v -0.045725 -1.089104 -0.634452
v -0.020585 -1.090088 -0.627559
v -0.037307 -1.090875 -0.622099
v -0.018497 -1.088039 -0.641997
v -0.026472 -1.087016 -0.649386
v -0.039031 -1.087166 -0.648365
v -0.030220 -1.091055 -0.620861
l 6690 6692
l 6692 6693
l 6694 6693
l 6689 6694
l 6689 6691
l 6695 6691
l 6690 6695
v -0.163391 -0.196759 -0.298673
v -0.163394 -0.183573 -0.280103
v -0.163387 -0.174486 -0.306763
v -0.163391 -0.168741 -0.297275
v -0.163389 -0.193460 -0.284077
v -0.163390 -0.172744 -0.284707
v -0.163388 -0.185775 -0.309422
v -0.163395 -0.168754 -0.290823
l 6702 6698
l 6703 6699
l 6701 6697
l 6697 6700
l 6702 6696
l 6699 6698
l 6701 6703
l 6696 6700
v -0.126910 -0.821343 -0.607218
v -0.126906 -0.832398 -0.614210
v -0.126906 -0.846349 -0.606088
v -0.126910 -0.846189 -0.591303
v -0.126906 -0.837199 -0.585254
v -0.126906 -0.826217 -0.587077
v -0.126904 -0.819694 -0.595692
l 6706 6705
l 6707 6706
l 6708 6709
l 6709 6710
l 6708 6707
l 6705 6704
l 6704 6710
v 0.071296 -0.382134 -0.403813
v 0.084057 -0.382131 -0.411175
v 0.094388 -0.382133 -0.405846
v 0.097825 -0.382135 -0.394745
v 0.091400 -0.382135 -0.384423
v 0.079193 -0.382133 -0.382136
v 0.070475 -0.382133 -0.388714
l 6713 6712
l 6714 6715
l 6715 6716
l 6717 6716
l 6712 6711
l 6714 6713
l 6711 6717
v -0.162724 -0.845531 -0.948462
v -0.162727 -0.824956 -0.929120
v -0.162724 -0.837299 -0.926131
v -0.162722 -0.832528 -0.955306
v -0.162720 -0.822658 -0.950103
v -0.162725 -0.846616 -0.933003
v -0.162727 -0.819195 -0.939744
l 6718 6721
l 6722 6721
l 6724 6722
l 6724 6719
l 6723 6720
l 6718 6723
l 6720 6719
v -0.020566 -1.291565 -0.656088
v -0.045542 -1.290838 -0.661320
v -0.018417 -1.289557 -0.670357
v -0.035944 -1.292392 -0.650125
v -0.039590 -1.288704 -0.676350
v -0.026325 -1.288478 -0.677878
v -0.029456 -1.292497 -0.649425
l 6726 6729
l 6730 6729
l 6730 6727
l 6727 6725
l 6726 6728
l 6731 6725
l 6728 6731
v -0.610859 -0.634613 -0.504681
v -0.587893 -0.634613 -0.508118
v -0.597848 -0.634611 -0.512720
v -0.611409 -0.634612 -0.490442
v -0.602520 -0.634610 -0.483641
v -0.590531 -0.634615 -0.485787
v -0.583807 -0.634614 -0.498055
v -0.584847 -0.634609 -0.491577
l 6733 6734
l 6739 6738
l 6733 6738
l 6732 6734
l 6735 6732
l 6737 6736
l 6739 6737
l 6736 6735
v -0.271416 -0.385085 -0.386114
v -0.260989 -0.389904 -0.375836
v -0.251588 -0.378165 -0.400900
v -0.246700 -0.387439 -0.381094
v -0.265194 -0.378577 -0.400013
v -0.243880 -0.381510 -0.393758
l 6741 6743
l 6742 6744
l 6745 6742
l 6740 6741
l 6744 6740
l 6743 6745
v -0.271315 -0.851493 -0.604523
v -0.264579 -0.844851 -0.618689
v -0.261619 -0.856244 -0.594361
v -0.247603 -0.854238 -0.598650
v -0.243357 -0.848557 -0.610768
v -0.250330 -0.844796 -0.618807
l 6750 6751
l 6747 6751
l 6746 6747
l 6746 6748
l 6749 6748
l 6750 6749
v 0.291757 -1.534047 -0.709792
v 0.291760 -1.548648 -0.685876
v 0.291756 -1.557725 -0.692137
v 0.291758 -1.530594 -0.699474
v 0.291763 -1.557888 -0.706414
v 0.291751 -1.544661 -0.714972
v 0.291754 -1.536481 -0.688753
l 6752 6757
l 6755 6752
l 6758 6755
l 6753 6758
l 6754 6753
l 6754 6756
l 6756 6757
v -0.045538 -0.852119 -0.599208
v -0.022025 -0.853077 -0.592482
v -0.017902 -0.851027 -0.606982
v -0.024780 -0.849888 -0.615081
v -0.038601 -0.849938 -0.614703
v -0.035613 -0.853710 -0.588017
l 6764 6760
l 6762 6761
l 6762 6763
l 6764 6759
l 6761 6760
l 6759 6763
v -0.163389 -0.196763 -0.944386
v -0.163386 -0.192783 -0.929287
v -0.163393 -0.168792 -0.941306
v -0.163393 -0.181932 -0.925835
v -0.163387 -0.185822 -0.955077
v -0.163385 -0.174395 -0.952381
v -0.163390 -0.172550 -0.930295
l 6768 6766
l 6769 6770
l 6765 6766
l 6769 6765
l 6767 6770
l 6771 6767
l 6768 6771
v -0.162376 -1.556726 -0.930772
v -0.162379 -1.558430 -0.945179
v -0.162384 -1.535151 -0.950940
v -0.162383 -1.547213 -0.925554
v -0.162383 -1.546306 -0.954889
v -0.162379 -1.530592 -0.941013
v -0.162387 -1.535249 -0.929765
l 6772 6775
l 6773 6772
l 6774 6776
l 6777 6774
l 6777 6778
l 6775 6778
l 6776 6773
v -0.363133 -1.290221 -0.656264
v -0.375500 -1.290224 -0.652123
v -0.385013 -1.290218 -0.657982
v -0.385799 -1.290213 -0.672610
v -0.358336 -1.290226 -0.668163
v -0.363584 -1.290208 -0.678135
v -0.373935 -1.290218 -0.681550
l 6779 6783
l 6780 6779
l 6781 6780
l 6782 6781
l 6782 6785
l 6784 6785
l 6784 6783
v -0.162380 -1.533550 -0.708999
v -0.162380 -1.531011 -0.697190
v -0.162377 -1.556726 -0.690836
v -0.162379 -1.558412 -0.705300
v -0.162382 -1.547105 -0.685612
v -0.162388 -1.545492 -0.714858
v -0.162391 -1.537027 -0.687950
l 6786 6791
l 6787 6786
l 6792 6787
l 6790 6792
l 6788 6790
l 6789 6788
l 6791 6789
v -0.246648 -0.604072 -0.482669
v -0.265247 -0.595248 -0.501515
v -0.271373 -0.601826 -0.487458
v -0.252272 -0.594643 -0.502791
v -0.244369 -0.597808 -0.496047
v -0.261746 -0.606541 -0.477396
v -0.255326 -0.606835 -0.476757
l 6794 6796
l 6793 6797
l 6794 6795
l 6797 6796
l 6799 6793
l 6798 6799
l 6795 6798
v -0.049784 -1.549184 -0.686133
v -0.049773 -1.557225 -0.707644
v -0.049782 -1.543223 -0.714824
v -0.049771 -1.533062 -0.708504
v -0.049782 -1.530710 -0.698274
v -0.049775 -1.536986 -0.688257
v -0.049774 -1.558340 -0.693125
l 6805 6800
l 6806 6800
l 6806 6801
l 6802 6801
l 6803 6802
l 6804 6803
l 6805 6804
v -0.616523 -0.183361 -0.309465
v -0.616527 -0.173811 -0.283717
v -0.616525 -0.196259 -0.300240
v -0.616529 -0.185095 -0.280208
v -0.616524 -0.194652 -0.285354
v -0.616525 -0.172112 -0.304518
v -0.616528 -0.168565 -0.294076
l 6812 6807
l 6812 6813
l 6810 6808
l 6811 6810
l 6808 6813
l 6809 6811
l 6807 6809
v 0.297004 -1.053316 -0.640407
v 0.309805 -1.053299 -0.648060
v 0.319820 -1.053310 -0.643390
v 0.323691 -1.053307 -0.632435
v 0.317292 -1.053308 -0.621262
v 0.304861 -1.053307 -0.619025
v 0.296257 -1.053315 -0.625699
l 6817 6818
l 6820 6819
l 6814 6820
l 6815 6814
l 6816 6815
l 6817 6816
l 6819 6818
v -0.156905 -0.184044 -0.312940
v -0.156419 -0.187137 -0.922540
v -0.149310 -0.195186 -0.312940
v -0.145194 -0.195716 -0.922540
v -0.138294 -0.193262 -0.312940
v -0.134613 -0.187542 -0.922540
v -0.133518 -0.181221 -0.312940
v -0.134791 -0.176346 -0.922540
v -0.140030 -0.172272 -0.312940
v -0.141925 -0.171677 -0.922540
v -0.152483 -0.173165 -0.922540
v -0.150649 -0.172000 -0.312940
vn -0.2433 0.9689 -0.0446
vn 0.5793 0.8151 0.0013
vn 0.6067 0.7919 0.0699
vn -0.9991 -0.0413 -0.0065
vn -0.3079 0.9514 -0.0017
vn -0.8403 -0.5421 0.0001
vn -0.9092 -0.4161 0.0161
vn 0.1448 -0.9894 -0.0056
vn -0.6972 -0.7169 0.0065
vn 0.8077 -0.5713 -0.1457
vn 0.2218 -0.9751 -0.0012
vn 0.8270 -0.5623 -0.0010
s 1
usemtl 0.972549_0.529412_0.003922_0.000000_0.000000
f 6824//2944 6822//2945 6823//2946
f 6826//2947 6824//2944 6825//2948
f 6828//2949 6826//2947 6827//2950
f 6830//2951 6828//2949 6829//2952
f 6831//2953 6830//2951 6832//2954
f 6822//2945 6831//2953 6821//2955
f 6832//2954 6821//2955 6831//2953
f 6829//2952 6832//2954 6830//2951
f 6827//2950 6829//2952 6828//2949
f 6825//2948 6827//2950 6826//2947
f 6823//2946 6825//2948 6824//2944
f 6821//2955 6823//2946 6822//2945
v -0.157050 -0.191097 -0.312940
v -0.145040 -0.197410 -0.312940
v -0.136171 -0.194400 -0.312940
v -0.132841 -0.175753 -0.312940
v -0.152117 -0.171915 -0.312940
v -0.161695 -0.178860 -0.312940
v -0.138588 -0.170296 -0.312940
v -0.130921 -0.184619 -0.312940
vn -0.0000 -0.0000 1.0000
s 1
usemtl 0.972549_0.529412_0.003922_0.000000_0.000000
f 6833//2956 6837//2956 6838//2956
l 6839 6836
l 6837 6839
l 6834 6833
l 6836 6840
l 6834 6835
l 6835 6840
v -0.154574 -0.169604 -0.312940
v -0.161231 -0.178284 -0.312940
v -0.131503 -0.175059 -0.312940
v -0.142173 -0.167359 -0.312940
v -0.158340 -0.193051 -0.312940
v -0.145699 -0.199854 -0.312940
v -0.136025 -0.196932 -0.312940
v -0.129743 -0.188440 -0.312940
v -0.158118 -0.173139 -0.922540
v -0.147046 -0.166894 -0.922540
v -0.134842 -0.171178 -0.922540
v -0.129067 -0.179984 -0.922540
v -0.131066 -0.190910 -0.922540
v -0.145051 -0.199259 -0.922540
v -0.160062 -0.188596 -0.922540
vn -0.6602 0.7511 0.0051
vn -0.9237 0.3829 -0.0097
vn -0.3678 0.9299 -0.0069
vn -0.2499 0.9683 0.0028
vn -0.0021 0.9998 -0.0178
vn 0.8042 0.5943 0.0052
vn 0.9732 0.2298 -0.0039
vn 0.9814 0.1922 -0.0001
vn 0.9896 -0.1187 -0.0811
vn 0.9472 -0.3205 0.0036
vn 0.6971 -0.7170 0.0003
vn 0.3884 -0.9212 0.0208
vn 0.0951 -0.9955 0.0020
vn -0.5426 -0.8400 0.0010
vn -0.9972 0.0747 0.0090
s 1
usemtl 0.972549_0.529412_0.003922_0.000000_0.000000
f 6849//2957 6842//2958 6841//2959
f 6850//2960 6841//2959 6844//2961
f 6851//2962 6844//2961 6843//2963
f 6852//2964 6843//2963 6848//2965
f 6853//2966 6848//2965 6847//2967
f 6854//2968 6847//2967 6846//2969
f 6854//2968 6846//2969 6845//2970
f 6855//2971 6845//2970 6842//2958
f 6845//2970 6855//2971 6854//2968
f 6847//2967 6854//2968 6853//2966
f 6848//2965 6853//2966 6852//2964
f 6843//2963 6852//2964 6851//2962
f 6844//2961 6851//2962 6850//2960
f 6841//2959 6850//2960 6849//2957
f 6842//2958 6849//2957 6855//2971
v -0.157050 -0.191097 -0.922540
v -0.145040 -0.197410 -0.922540
v -0.131691 -0.181736 -0.922540
v -0.155116 -0.173586 -0.922540
v -0.142277 -0.168834 -0.922540
v -0.134164 -0.173144 -0.922540
v -0.135079 -0.193759 -0.922540
l 6857 6856
l 6859 6860
l 6858 6861
l 6862 6858
l 6861 6860
l 6856 6859
l 6857 6862
v 0.103626 -0.353375 -0.391919
v 0.097493 -0.353375 -0.381265
v 0.089911 -0.353375 -0.376315
v 0.081996 -0.353375 -0.375444
v 0.071342 -0.353375 -0.379024
v 0.064064 -0.353375 -0.387579
v 0.063752 -0.353375 -0.402912
v 0.075413 -0.353375 -0.415682
v 0.088711 -0.353375 -0.416651
v 0.100604 -0.353375 -0.406961
v 0.090995 -0.446687 -0.416142
v 0.099387 -0.446687 -0.408756
v 0.103987 -0.446687 -0.394119
v 0.099019 -0.446687 -0.382877
v 0.092002 -0.446687 -0.377147
v 0.084230 -0.446687 -0.375445
v 0.071928 -0.386206 -0.414032
v 0.062956 -0.375119 -0.400774
v 0.063608 -0.375926 -0.388551
v 0.066489 -0.379485 -0.383184
v 0.073467 -0.388109 -0.377969
v 0.080295 -0.396546 -0.375373
v 0.080656 -0.402499 -0.375436
v 0.073065 -0.412450 -0.377886
v 0.073264 -0.446687 -0.377867
v 0.066440 -0.420638 -0.383491
v 0.065112 -0.446687 -0.385603
v 0.062540 -0.425458 -0.396680
v 0.063170 -0.446687 -0.400820
v 0.066809 -0.420183 -0.409831
v 0.071345 -0.446687 -0.413801
v 0.074009 -0.411284 -0.415470
v 0.083132 -0.446687 -0.417296
v 0.080656 -0.400622 -0.417406
vn 0.1044 -0.0420 -0.9937
vn 0.3627 0.0154 -0.9318
vn 0.1313 0.0521 -0.9900
vn 0.5192 0.0096 -0.8546
vn 0.9941 -0.0458 -0.0986
vn 0.9841 0.1432 -0.1055
vn 0.9189 -0.0389 0.3925
vn 0.9171 0.0965 0.3869
vn 0.4847 -0.0315 0.8741
vn 0.4559 0.0466 0.8888
vn 0.2983 -0.0126 0.9544
vn 0.1995 -0.0049 0.9799
vn 0.0574 0.0137 0.9983
vn -0.1732 -0.0233 -0.9846
vn -0.1620 0.0149 -0.9867
vn -0.7213 0.0163 -0.6924
vn -0.7204 -0.0690 -0.6901
vn -0.9956 0.0114 0.0932
vn -0.8665 -0.0533 0.4964
vn -0.8231 -0.0273 0.5672
vn -0.7753 -0.0112 0.6315
vn -0.7110 0.0208 0.7029
vn -0.5589 -0.1443 0.8166
vn -0.1220 -0.0169 0.9924
vn -0.1679 -0.0013 0.9858
vn -0.3421 -0.1406 0.9291
vn -0.5600 0.0009 0.8285
vn -0.7134 -0.1349 0.6877
vn -0.8227 0.1297 0.5534
vn -0.9338 -0.0809 0.3487
vn -0.8119 0.0581 -0.5809
vn -0.8207 0.0714 -0.5668
vn -0.4341 0.0297 -0.9004
vn -0.4621 0.0694 -0.8841
s 1
usemtl 0.529412_0.549020_0.588235_0.000000_0.000000
f 6871//2972 6873//2973 6895//2974
f 6871//2972 6874//2975 6873//2973
f 6874//2975 6871//2972 6872//2976
f 6872//2976 6875//2977 6874//2975
f 6875//2977 6872//2976 6863//2978
f 6863//2978 6876//2979 6875//2977
f 6876//2979 6863//2978 6864//2980
f 6864//2980 6877//2981 6876//2979
f 6877//2981 6864//2980 6865//2982
f 6865//2982 6878//2983 6877//2981
f 6878//2983 6865//2982 6866//2984
f 6870//2985 6896//2986 6879//2987
f 6879//2987 6869//2988 6870//2985
f 6869//2988 6879//2987 6880//2989
f 6880//2989 6881//2990 6868//2991
f 6868//2991 6869//2988 6880//2989
f 6881//2990 6882//2992 6868//2991
f 6867//2993 6882//2992 6883//2994
f 6867//2993 6868//2991 6882//2992
f 6866//2984 6867//2993 6883//2994
f 6866//2984 6883//2994 6884//2995
f 6884//2995 6885//2996 6866//2984
f 6885//2996 6878//2983 6866//2984
f 6885//2996 6887//2997 6878//2983
f 6887//2997 6885//2996 6886//2998
f 6887//2997 6886//2998 6888//2999
f 6888//2999 6889//3000 6887//2997
f 6888//2999 6890//3001 6889//3000
f 6890//3001 6891//3002 6889//3000
f 6891//3002 6890//3001 6892//3003
f 6893//3004 6891//3002 6892//3003
f 6892//3003 6894//3005 6893//3004
f 6894//3005 6896//2986 6895//2974
f 6895//2974 6893//3004 6894//3005
f 6896//2986 6870//2985 6871//2972
f 6871//2972 6895//2974 6896//2986
v -0.078538 -1.564507 -0.707441
v -0.078538 -1.551332 -0.720022
v -0.078538 -1.536990 -0.719556
v -0.078538 -1.527717 -0.711467
v -0.078538 -1.524564 -0.698523
v -0.078538 -1.527592 -0.688830
v -0.078538 -1.534141 -0.682560
v -0.078538 -1.546022 -0.679430
v -0.078538 -1.557786 -0.683399
v -0.078538 -1.565198 -0.693111
v 0.014774 -1.561078 -0.686368
v 0.014774 -1.566062 -0.698737
v 0.014774 -1.559729 -0.714832
v 0.014774 -1.545816 -0.721297
v -0.038077 -1.543069 -0.679526
v -0.050073 -1.532915 -0.683264
v -0.055730 -1.527483 -0.689013
v -0.057075 -1.524737 -0.700611
v -0.049765 -1.528887 -0.713527
v -0.036710 -1.537959 -0.719951
v 0.014774 -1.534924 -0.718521
v -0.022739 -1.535273 -0.718874
v -0.013657 -1.528653 -0.713180
v 0.014774 -1.527034 -0.710538
v -0.007349 -1.524745 -0.704404
v 0.014774 -1.524385 -0.699612
v -0.005746 -1.524575 -0.696305
v -0.008801 -1.528207 -0.688275
v 0.014774 -1.530116 -0.686464
v -0.017141 -1.536003 -0.681369
v -0.025228 -1.542907 -0.679280
v 0.014774 -1.547148 -0.679958
vn -0.0804 -0.3123 0.9466
vn 0.0915 -0.2522 0.9633
vn 0.2199 -0.5599 0.7988
vn -0.0334 -0.8117 0.5832
vn -0.0139 -0.9135 0.4066
vn 0.0307 -0.9489 0.3142
vn 0.1472 -0.9866 -0.0700
vn -0.1086 -0.4463 -0.8883
vn -0.0168 -0.0268 -0.9995
vn -0.0180 0.1273 -0.9917
vn -0.0270 0.2850 0.9581
vn -0.0343 0.6584 0.7519
vn -0.0196 0.6477 0.7616
vn -0.0299 0.7628 0.6459
vn -0.0448 0.9178 0.3944
vn 0.1336 0.9424 0.3065
vn -0.0535 0.9734 -0.2227
vn 0.1633 0.7687 -0.6185
vn 0.0081 0.8071 -0.5904
vn -0.0096 0.5756 -0.8177
vn 0.0358 0.3652 -0.9302
vn 0.0656 0.6469 -0.7597
vn 0.1404 0.3846 -0.9123
vn 0.0663 0.8223 -0.5652
vn -0.1042 0.7949 -0.5977
vn 0.0604 0.9950 -0.0793
vn -0.0603 0.9979 -0.0230
vn -0.0686 0.9830 0.1701
vn -0.3721 0.6985 0.6113
vn -0.1217 0.8837 0.4520
vn -0.0567 0.4573 0.8875
vn -0.0321 0.0761 0.9966
s 1
usemtl 0.529412_0.549020_0.588235_0.000000_0.000000
f 6928//3006 6904//3007 6905//3008
f 6905//3008 6907//3009 6928//3006
f 6907//3009 6905//3008 6906//3010
f 6906//3010 6908//3011 6907//3009
f 6908//3011 6906//3010 6897//3012
f 6897//3012 6909//3013 6908//3011
f 6909//3013 6897//3012 6898//3014
f 6898//3014 6910//3015 6909//3013
f 6911//3016 6903//3017 6904//3007
f 6903//3017 6911//3016 6912//3018
f 6913//3019 6902//3020 6903//3017
f 6903//3017 6912//3018 6913//3019
f 6914//3021 6901//3022 6902//3020
f 6902//3020 6913//3019 6914//3021
f 6900//3023 6901//3022 6914//3021
f 6914//3021 6915//3024 6900//3023
f 6899//3025 6915//3024 6916//3026
f 6899//3025 6900//3023 6915//3024
f 6898//3014 6899//3025 6916//3026
f 6916//3026 6910//3015 6898//3014
f 6916//3026 6917//3027 6910//3015
f 6917//3027 6916//3026 6918//3028
f 6918//3028 6919//3029 6917//3027
f 6919//3029 6920//3030 6917//3027
f 6919//3029 6921//3031 6920//3030
f 6921//3031 6922//3032 6920//3030
f 6921//3031 6923//3033 6922//3032
f 6925//3034 6923//3033 6924//3035
f 6925//3034 6922//3032 6923//3033
f 6924//3035 6926//3036 6925//3034
f 6928//3006 6925//3034 6926//3036
f 6928//3006 6926//3036 6927//3037
f 6928//3006 6927//3037 6911//3016
f 6904//3007 6928//3006 6911//3016
v -0.391870 -1.261470 -0.676750
v -0.382672 -1.261470 -0.684790
v -0.363529 -1.261470 -0.684807
v -0.353191 -1.261470 -0.673478
v -0.353161 -1.261470 -0.660246
v -0.359477 -1.261470 -0.650764
v -0.369663 -1.261470 -0.646038
v -0.383684 -1.261470 -0.649095
v -0.393286 -1.261470 -0.664094
v -0.377156 -1.354780 -0.646298
v -0.389102 -1.354780 -0.653445
v -0.393458 -1.354780 -0.669678
v -0.381006 -1.354780 -0.685564
v -0.370037 -1.305672 -0.645838
v -0.362599 -1.295172 -0.648464
v -0.355995 -1.287007 -0.654613
v -0.352411 -1.282580 -0.662135
v -0.352344 -1.282500 -0.670318
v -0.356447 -1.287568 -0.679738
v -0.363506 -1.296292 -0.685573
v -0.370136 -1.307752 -0.687691
v -0.365292 -1.354780 -0.686256
v -0.363194 -1.320350 -0.685438
v -0.356356 -1.354780 -0.679448
v -0.354659 -1.330900 -0.676092
v -0.352272 -1.354780 -0.669855
v -0.352114 -1.334044 -0.664959
v -0.353033 -1.354780 -0.659982
v -0.355922 -1.329339 -0.654635
v -0.361496 -1.354780 -0.650039
v -0.363938 -1.319431 -0.647713
vn 0.0207 0.0849 0.9962
vn 0.3014 0.0055 0.9535
vn -0.2913 -0.0674 0.9543
vn -0.6766 0.1842 0.7130
vn -0.9891 -0.0921 -0.1153
vn -0.8778 0.0794 -0.4723
vn -0.8781 -0.0187 -0.4781
vn -0.7550 0.0569 -0.6533
vn -0.0394 -0.0455 -0.9982
vn 0.1678 0.0471 0.9847
vn 0.5609 0.0282 0.8274
vn 0.7714 -0.0271 0.6357
vn 0.8850 0.0202 0.4651
vn 0.9802 -0.0999 0.1707
vn 0.9917 0.0027 0.1286
vn 0.9994 -0.0333 0.0101
vn 0.8409 -0.0350 -0.5401
vn 0.8473 -0.0418 -0.5294
vn 0.4392 -0.2595 -0.8601
vn 0.5013 -0.0627 -0.8630
vn 0.1576 -0.0060 -0.9875
vn 0.5146 -0.0568 -0.8555
vn 0.5064 -0.1089 -0.8554
vn 0.9031 -0.2497 -0.3494
vn 0.8824 -0.0838 -0.4630
vn 0.9992 0.0312 -0.0239
vn 0.9749 -0.0614 0.2141
vn 0.9028 0.0545 0.4267
vn 0.8950 0.0354 0.4447
vn 0.1899 0.0673 0.9795
vn 0.4580 0.0517 0.8874
s 1
usemtl 0.529412_0.549020_0.588235_0.000000_0.000000
f 6938//3038 6935//3039 6936//3040
f 6936//3040 6939//3041 6938//3038
f 6939//3041 6936//3040 6937//3042
f 6937//3042 6940//3043 6939//3041
f 6940//3043 6937//3042 6929//3044
f 6940//3043 6929//3044 6930//3045
f 6930//3045 6941//3046 6940//3043
f 6935//3039 6942//3047 6943//3048
f 6943//3048 6934//3049 6935//3039
f 6934//3049 6943//3048 6944//3050
f 6944//3050 6933//3051 6934//3049
f 6933//3051 6944//3050 6945//3052
f 6933//3051 6945//3052 6946//3053
f 6932//3054 6933//3051 6946//3053
f 6946//3053 6947//3055 6932//3054
f 6947//3055 6931//3056 6932//3054
f 6947//3055 6948//3057 6931//3056
f 6930//3045 6931//3056 6949//3058
f 6949//3058 6941//3046 6930//3045
f 6949//3058 6950//3059 6941//3046
f 6950//3059 6949//3058 6951//3060
f 6953//3061 6952//3062 6950//3059
f 6951//3060 6953//3061 6950//3059
f 6953//3061 6954//3063 6952//3062
f 6954//3063 6953//3061 6955//3064
f 6956//3065 6954//3063 6955//3064
f 6955//3064 6957//3066 6956//3065
f 6958//3067 6956//3065 6957//3066
f 6957//3066 6959//3068 6958//3067
f 6959//3068 6942//3047 6958//3067
f 6938//3038 6958//3067 6942//3047
f 6935//3039 6938//3038 6942//3047
f 6948//3057 6949//3058 6931//3056
v -0.191140 -1.544446 -0.679270
v -0.191140 -1.556179 -0.682302
v -0.191140 -1.564883 -0.693711
v -0.191140 -1.564880 -0.708067
v -0.191140 -1.555033 -0.718495
v -0.191140 -1.538857 -0.720228
v -0.191140 -1.529375 -0.713907
v -0.191140 -1.524979 -0.705971
v -0.191140 -1.524972 -0.695828
v -0.191140 -1.532795 -0.683795
v -0.097828 -1.524280 -0.698005
v -0.097828 -1.530390 -0.686222
v -0.097828 -1.538602 -0.680166
v -0.097828 -1.549781 -0.680360
v -0.097828 -1.563707 -0.690592
v -0.147190 -1.524379 -0.702817
v -0.158568 -1.527591 -0.711701
v -0.165121 -1.532458 -0.717003
v -0.169888 -1.545349 -0.720861
v -0.163483 -1.559597 -0.715678
v -0.150073 -1.565804 -0.705029
v -0.097828 -1.566089 -0.703709
v -0.137154 -1.565712 -0.706234
v -0.126134 -1.559992 -0.715156
v -0.097828 -1.557716 -0.716573
v -0.119003 -1.548979 -0.720922
v -0.097828 -1.542802 -0.721112
v -0.120491 -1.537379 -0.719719
v -0.097828 -1.532655 -0.717014
v -0.126745 -1.529834 -0.714658
v -0.097828 -1.525575 -0.706963
v -0.136528 -1.525283 -0.706740
vn 0.0121 0.9998 0.0161
vn -0.1056 0.9221 0.3723
vn -0.0000 0.9960 0.0889
vn 0.0304 0.3729 0.9274
vn -0.0006 0.3018 0.9534
vn 0.1035 0.1957 0.9752
vn -0.0680 0.0303 0.9972
vn -0.1468 -0.6931 0.7057
vn -0.0281 -0.6620 0.7490
vn 0.0333 -0.9986 0.0411
vn -0.0456 -0.9424 -0.3314
vn -0.0495 0.9896 -0.1351
vn 0.0142 0.9285 -0.3711
vn -0.0706 0.8308 -0.5521
vn 0.0819 0.6632 -0.7439
vn -0.0989 0.5108 -0.8540
vn -0.0165 0.4688 -0.8831
vn -0.1975 0.2119 -0.9571
vn 0.0580 -0.7199 -0.6917
vn -0.0634 -0.5817 -0.8109
vn 0.0758 -0.9264 -0.3689
vn 0.0614 -0.9611 -0.2693
vn 0.0316 -0.9611 -0.2745
vn -0.0560 -0.9233 -0.3800
vn -0.0569 -0.3081 -0.9496
vn -0.0030 0.0032 -1.0000
vn 0.0065 0.2603 -0.9655
vn 0.0570 0.2073 -0.9766
vn -0.0070 0.7493 -0.6622
vn -0.0342 0.7253 -0.6876
vn -0.0168 0.9992 -0.0360
vn -0.1316 0.9448 -0.3002
s 1
usemtl 0.529412_0.549020_0.588235_0.000000_0.000000
f 6968//3069 6971//3070 6970//3071
f 6971//3070 6968//3069 6969//3072
f 6969//3072 6972//3073 6971//3070
f 6972//3073 6969//3072 6960//3074
f 6960//3074 6973//3075 6972//3073
f 6973//3075 6960//3074 6961//3076
f 6961//3076 6974//3077 6973//3075
f 6974//3077 6961//3076 6962//3078
f 6962//3078 6981//3079 6974//3077
f 6975//3080 6967//3081 6968//3069
f 6967//3081 6975//3080 6976//3082
f 6976//3082 6966//3083 6967//3081
f 6976//3082 6977//3084 6966//3083
f 6977//3084 6965//3085 6966//3083
f 6965//3085 6977//3084 6978//3086
f 6964//3087 6965//3085 6978//3086
f 6978//3086 6979//3088 6964//3087
f 6963//3089 6964//3087 6979//3088
f 6963//3089 6979//3088 6980//3090
f 6962//3078 6963//3089 6980//3090
f 6980//3090 6981//3079 6962//3078
f 6980//3090 6982//3091 6981//3079
f 6983//3092 6984//3093 6981//3079
f 6981//3079 6982//3091 6983//3092
f 6984//3093 6983//3092 6985//3094
f 6985//3094 6986//3095 6984//3093
f 6986//3095 6985//3094 6987//3096
f 6988//3097 6986//3095 6987//3096
f 6987//3096 6989//3098 6988//3097
f 6990//3099 6988//3097 6989//3098
f 6990//3099 6989//3098 6991//3100
f 6991//3100 6975//3080 6990//3099
f 6968//3069 6970//3071 6975//3080
f 6970//3071 6990//3099 6975//3080
v -0.052820 -1.117893 -0.636405
v -0.046722 -1.119379 -0.625891
v -0.033037 -1.120348 -0.619027
v -0.022061 -1.120012 -0.621410
v -0.013898 -1.118931 -0.629054
v -0.011136 -1.118055 -0.635248
v -0.011005 -1.117098 -0.642018
v -0.015156 -1.115636 -0.652356
v -0.024093 -1.114684 -0.659094
v -0.037415 -1.114614 -0.659589
v -0.050412 -1.116210 -0.648294
v -0.033021 -1.022120 -0.647238
v -0.048151 -1.023292 -0.638949
v -0.053067 -1.024863 -0.627843
v -0.049375 -1.026498 -0.616282
v -0.037411 -1.027855 -0.606678
v -0.029891 -1.068998 -0.654251
v -0.021950 -1.080807 -0.653093
v -0.012257 -1.094290 -0.643321
v -0.011569 -1.096849 -0.631293
v -0.015170 -1.093484 -0.623291
v -0.022816 -1.084944 -0.616201
v -0.029663 -1.072506 -0.612163
v -0.023096 -1.027675 -0.607961
v -0.022047 -1.061802 -0.613031
v -0.015669 -1.053283 -0.617030
v -0.014416 -1.026676 -0.615016
v -0.011435 -1.046904 -0.624709
v -0.011005 -1.025338 -0.624489
v -0.011346 -1.045467 -0.634088
v -0.012831 -1.023785 -0.635466
v -0.015611 -1.049421 -0.643761
v -0.020111 -1.022587 -0.643939
v -0.022339 -1.056906 -0.650264
vn -0.0457 0.2157 -0.9754
vn -0.4403 0.1596 -0.8835
vn 0.1588 0.1039 -0.9818
vn -0.9945 0.0693 -0.0786
vn -0.9984 -0.0403 -0.0391
vn -0.9891 0.0251 0.1449
vn -0.9807 -0.0956 0.1706
vn -0.3843 -0.0203 0.9230
vn -0.0571 -0.2027 0.9776
vn 0.0529 -0.1440 0.9882
vn 0.1083 0.1094 -0.9881
vn 0.1465 0.0478 -0.9881
vn 0.6912 0.0251 -0.7222
vn 0.6776 0.0958 -0.7291
vn 0.9848 -0.0860 -0.1511
vn 0.9947 -0.0105 0.1024
vn 0.9938 -0.0758 0.0819
vn 0.9709 0.0022 0.2395
vn 0.9118 -0.0502 0.4076
vn 0.6431 -0.1597 0.7490
vn 0.8023 -0.0369 0.5958
vn 0.4803 0.0455 0.8759
vn 0.0937 -0.1012 0.9904
vn 0.5858 -0.1394 0.7984
vn 0.5089 -0.0667 0.8582
vn 0.7976 -0.0406 0.6018
vn 0.9008 -0.0819 0.4264
vn 0.9082 -0.0189 0.4182
vn 0.9943 -0.0930 -0.0524
vn 0.9996 0.0033 -0.0288
vn 0.8319 0.0070 -0.5549
vn 0.8176 0.0415 -0.5743
vn 0.6449 0.0164 -0.7641
vn 0.4199 0.0207 -0.9073
s 1
usemtl 0.529412_0.549020_0.588235_0.000000_0.000000
f 7001//3101 7004//3102 7003//3103
f 7004//3102 7001//3101 7002//3104
f 7002//3104 7005//3105 7004//3102
f 7005//3105 7002//3104 6992//3106
f 6992//3106 7006//3107 7005//3105
f 7006//3107 6992//3106 6993//3108
f 6993//3108 7007//3109 7006//3107
f 7007//3109 6993//3108 6994//3110
f 7008//3111 7000//3112 7001//3101
f 7008//3111 7009//3113 7000//3112
f 7009//3113 6999//3114 7000//3112
f 7009//3113 7010//3115 6999//3114
f 7010//3115 6998//3116 6999//3114
f 7010//3115 7011//3117 6998//3116
f 6997//3118 6998//3116 7011//3117
f 6996//3119 6997//3118 7011//3117
f 6995//3120 7012//3121 7013//3122
f 6995//3120 6996//3119 7012//3121
f 6994//3110 6995//3120 7013//3122
f 6994//3110 7013//3122 7014//3123
f 7014//3123 7007//3109 6994//3110
f 7014//3123 7015//3124 7007//3109
f 7015//3124 7014//3123 7016//3125
f 7016//3125 7017//3126 7015//3124
f 7017//3126 7018//3127 7015//3124
f 7017//3126 7019//3128 7018//3127
f 7019//3128 7020//3129 7018//3127
f 7020//3129 7019//3128 7021//3130
f 7022//3131 7020//3129 7021//3130
f 7022//3131 7021//3130 7023//3132
f 7024//3133 7022//3131 7023//3132
f 7023//3132 7025//3134 7024//3133
f 7003//3103 7024//3133 7025//3134
f 7003//3103 7025//3134 7008//3111
f 7001//3101 7003//3103 7008//3111
f 7011//3117 7012//3121 6996//3119
v -0.012210 -0.879247 -0.612781
v -0.020081 -0.877741 -0.623436
v -0.031863 -0.877248 -0.626917
v -0.044508 -0.877843 -0.622710
v -0.052185 -0.879860 -0.608445
v -0.048608 -0.881949 -0.593672
v -0.039673 -0.882903 -0.586932
v -0.028507 -0.883074 -0.585719
v -0.018304 -0.882415 -0.590379
v -0.011989 -0.881114 -0.599582
v -0.016171 -0.789645 -0.579984
v -0.010884 -0.787777 -0.593193
v -0.016195 -0.785910 -0.606392
v -0.028505 -0.784878 -0.613694
v -0.036733 -0.842795 -0.580166
v -0.043207 -0.850326 -0.584038
v -0.048946 -0.856582 -0.590468
v -0.052397 -0.858903 -0.604500
v -0.048224 -0.852104 -0.615752
v -0.041018 -0.842489 -0.620145
v -0.034500 -0.833863 -0.620889
v -0.037817 -0.823863 -0.618814
v -0.039672 -0.785049 -0.612481
v -0.044205 -0.816491 -0.614598
v -0.050426 -0.786581 -0.601649
v -0.051069 -0.809479 -0.603586
v -0.052175 -0.809951 -0.590490
v -0.051775 -0.788721 -0.586519
v -0.048183 -0.815906 -0.583595
v -0.045463 -0.790022 -0.577317
v -0.041413 -0.824951 -0.579400
v -0.031866 -0.790663 -0.572779
v -0.034091 -0.834587 -0.578588
vn -0.1268 -0.3367 0.9330
vn -0.0577 -0.1391 0.9886
vn 0.4752 -0.1034 0.8738
vn 0.8880 -0.1550 0.4329
vn 0.9686 0.1239 0.2155
vn 0.9830 -0.0834 0.1636
vn 0.8913 0.2915 -0.3473
vn 0.8871 -0.1067 -0.4491
vn 0.3822 0.1738 -0.9076
vn 0.0387 0.1058 -0.9936
vn -0.1903 0.2304 -0.9543
vn -0.0352 -0.2087 0.9773
vn -0.2416 -0.0135 0.9703
vn -0.1496 -0.1658 0.9748
vn -0.6259 -0.1290 0.7692
vn -0.7007 -0.1087 0.7051
vn -0.7011 -0.1839 0.6890
vn -0.9300 -0.0180 0.3672
vn -0.8456 0.1022 -0.5240
vn -0.8533 0.1104 -0.5096
vn -0.4419 0.1512 -0.8842
vn -0.4782 0.1611 -0.8634
vn -0.1604 0.1742 -0.9716
vn -0.3085 0.1444 -0.9402
vn -0.2446 0.0862 -0.9658
vn -0.6153 0.2378 -0.7515
vn -0.6720 0.1005 -0.7337
vn -0.9998 -0.0105 0.0192
vn -0.8854 -0.1031 0.4532
vn -0.9155 -0.1247 0.3826
vn -0.8365 -0.1016 0.5384
vn -0.6320 -0.2717 0.7258
vn -0.4745 -0.1870 0.8602
s 1
usemtl 0.529412_0.549020_0.588235_0.000000_0.000000
f 7057//3135 7033//3136 7034//3137
f 7034//3137 7036//3138 7057//3135
f 7036//3138 7034//3137 7035//3139
f 7035//3139 7037//3140 7036//3138
f 7037//3140 7035//3139 7026//3141
f 7026//3141 7038//3142 7037//3140
f 7038//3142 7026//3141 7027//3143
f 7027//3143 7039//3144 7038//3142
f 7039//3144 7027//3143 7028//3145
f 7040//3146 7032//3147 7033//3136
f 7058//3148 7040//3146 7033//3136
f 7032//3147 7040//3146 7041//3149
f 7041//3149 7031//3150 7032//3147
f 7031//3150 7041//3149 7042//3151
f 7043//3152 7030//3153 7031//3150
f 7042//3151 7043//3152 7031//3150
f 7044//3154 7029//3155 7030//3153
f 7044//3154 7045//3156 7029//3155
f 7028//3145 7029//3155 7045//3156
f 7046//3157 7039//3144 7028//3145
f 7046//3157 7047//3158 7048//3159
f 7046//3157 7048//3159 7039//3144
f 7048//3159 7047//3158 7049//3160
f 7049//3160 7050//3161 7048//3159
f 7049//3160 7051//3162 7050//3161
f 7053//3163 7051//3162 7052//3164
f 7051//3162 7053//3163 7050//3161
f 7053//3163 7052//3164 7054//3165
f 7055//3166 7053//3163 7054//3165
f 7054//3165 7056//3167 7055//3166
f 7057//3135 7055//3166 7056//3167
f 7056//3167 7058//3148 7057//3135
f 7033//3136 7057//3135 7058//3148
f 7045//3156 7046//3157 7028//3145
f 7043//3152 7044//3154 7030//3153
v -0.617689 -0.663357 -0.489122
v -0.606201 -0.663357 -0.478951
v -0.589865 -0.663357 -0.478958
v -0.580639 -0.663357 -0.487077
v -0.577876 -0.663357 -0.493328
v -0.577745 -0.663357 -0.500162
v -0.581895 -0.663357 -0.510610
v -0.590831 -0.663357 -0.517416
v -0.606162 -0.663357 -0.516900
v -0.618463 -0.663357 -0.503448
v -0.608207 -0.570045 -0.515954
v -0.618892 -0.570045 -0.502357
v -0.617064 -0.570045 -0.488117
v -0.608439 -0.570045 -0.479355
v -0.590862 -0.626291 -0.517252
v -0.580162 -0.639516 -0.507478
v -0.577710 -0.642542 -0.495669
v -0.581077 -0.638384 -0.486215
v -0.591087 -0.626012 -0.478488
v -0.596148 -0.614267 -0.476941
v -0.597462 -0.570045 -0.476952
v -0.587991 -0.603564 -0.479705
v -0.586823 -0.570045 -0.480547
v -0.581694 -0.570045 -0.485077
v -0.582567 -0.596860 -0.484148
v -0.578718 -0.570045 -0.491231
v -0.578465 -0.591791 -0.491914
v -0.578118 -0.570045 -0.502448
v -0.578092 -0.591329 -0.502330
v -0.583387 -0.570045 -0.512368
v -0.582313 -0.596545 -0.511332
v -0.589094 -0.604925 -0.516761
v -0.593022 -0.570045 -0.518155
v -0.596408 -0.614363 -0.518913
vn -0.0997 -0.0291 -0.9946
vn 0.0155 -0.0285 -0.9995
vn -0.7984 0.1978 -0.5687
vn -0.9976 -0.0268 0.0632
vn -0.9792 0.0192 0.2018
vn -0.7531 -0.0283 0.6573
vn -0.0081 0.0193 0.9998
vn -0.3004 -0.0093 0.9538
vn 0.2532 0.0379 0.9667
vn 0.5586 0.0369 -0.8286
vn 0.5148 -0.0594 -0.8552
vn 0.1244 -0.0151 -0.9921
vn 0.6608 -0.0885 -0.7453
vn 0.9642 -0.0442 -0.2616
vn 0.9986 -0.0514 0.0104
vn 0.9648 -0.0081 0.2630
vn 0.9718 -0.0290 0.2339
vn 0.9123 -0.0393 0.4077
vn 0.8585 0.0541 0.5100
vn 0.6088 -0.0468 0.7920
vn 0.4280 0.1369 0.8934
vn 0.1334 0.0102 0.9910
vn 0.5242 0.0908 0.8467
vn 0.6614 0.0190 0.7498
vn 0.8152 0.0344 0.5782
vn 0.8118 0.0211 0.5836
vn 0.8987 0.0869 0.4298
vn 0.9919 -0.0758 0.1024
vn 0.9591 -0.2191 -0.1792
vn 0.5687 -0.0407 -0.8216
vn 0.7974 -0.1015 -0.5949
vn 0.9002 0.0686 -0.4300
vn 0.5289 -0.0464 -0.8474
vn 0.3710 0.0264 -0.9282
s 1
usemtl 0.529412_0.549020_0.588235_0.000000_0.000000
f 7069//3168 7067//3169 7068//3170
f 7068//3170 7070//3171 7069//3168
f 7070//3171 7068//3170 7059//3172
f 7059//3172 7071//3173 7070//3171
f 7071//3173 7059//3172 7060//3174
f 7060//3174 7072//3175 7071//3173
f 7060//3174 7079//3176 7072//3175
f 7073//3177 7066//3178 7067//3169
f 7092//3179 7073//3177 7067//3169
f 7073//3177 7065//3180 7066//3178
f 7065//3180 7073//3177 7074//3181
f 7074//3181 7064//3182 7065//3180
f 7064//3182 7074//3181 7075//3183
f 7063//3184 7064//3182 7075//3183
f 7062//3185 7063//3184 7075//3183
f 7075//3183 7076//3186 7062//3185
f 7061//3187 7076//3186 7077//3188
f 7061//3187 7062//3185 7076//3186
f 7077//3188 7078//3189 7060//3174
f 7060//3174 7061//3187 7077//3188
f 7078//3189 7079//3176 7060//3174
f 7080//3190 7081//3191 7079//3176
f 7079//3176 7078//3189 7080//3190
f 7081//3191 7080//3190 7083//3192
f 7083//3192 7082//3193 7081//3191
f 7083//3192 7084//3194 7082//3193
f 7083//3192 7085//3195 7084//3194
f 7084//3194 7085//3195 7087//3196
f 7088//3197 7087//3196 7089//3198
f 7088//3197 7086//3199 7087//3196
f 7089//3198 7090//3200 7088//3197
f 7091//3201 7088//3197 7090//3200
f 7090//3200 7092//3179 7091//3201
f 7067//3169 7069//3168 7092//3179
f 7069//3168 7091//3201 7092//3179
f 7087//3196 7086//3199 7084//3194
v 0.262998 -1.544446 -0.679270
v 0.262998 -1.556179 -0.682302
v 0.262998 -1.564883 -0.693711
v 0.262998 -1.564880 -0.708067
v 0.262998 -1.555033 -0.718495
v 0.262998 -1.538857 -0.720228
v 0.262998 -1.529375 -0.713907
v 0.262998 -1.524979 -0.705971
v 0.262998 -1.524972 -0.695828
v 0.262998 -1.532795 -0.683795
v 0.356310 -1.524280 -0.698005
v 0.356310 -1.530390 -0.686222
v 0.356310 -1.538602 -0.680166
v 0.356310 -1.549781 -0.680360
v 0.356310 -1.561501 -0.686607
v 0.356310 -1.565849 -0.698084
v 0.306948 -1.524379 -0.702817
v 0.295561 -1.527594 -0.711709
v 0.289017 -1.532458 -0.717003
v 0.284250 -1.545349 -0.720860
v 0.290655 -1.559598 -0.715678
v 0.304069 -1.565804 -0.705026
v 0.316986 -1.565712 -0.706235
v 0.356310 -1.559403 -0.715144
v 0.328003 -1.559993 -0.715156
v 0.335135 -1.548979 -0.720922
v 0.356310 -1.544226 -0.721101
v 0.333646 -1.537376 -0.719718
v 0.356310 -1.532655 -0.717014
v 0.327394 -1.529835 -0.714658
v 0.356310 -1.525575 -0.706963
v 0.317613 -1.525284 -0.706743
vn 0.0125 0.9998 0.0166
vn -0.1261 0.9136 0.3866
vn -0.0001 0.9962 0.0873
vn 0.0305 0.3734 0.9272
vn -0.0001 0.2999 0.9540
vn 0.1046 0.1948 0.9753
vn -0.1013 0.0503 0.9936
vn 0.0799 -0.3981 0.9139
vn -0.0277 -0.6572 0.7532
vn 0.1117 -0.8264 0.5520
vn -0.1388 -0.9749 -0.1741
vn -0.0495 0.9896 -0.1352
vn 0.0145 0.9285 -0.3712
vn -0.0700 0.8305 -0.5527
vn 0.0762 0.6608 -0.7467
vn -0.0992 0.5109 -0.8539
vn -0.0165 0.4688 -0.8831
vn -0.1974 0.2120 -0.9571
vn 0.0393 -0.7228 -0.6899
vn -0.0615 -0.5812 -0.8114
vn 0.0754 -0.9272 -0.3668
vn 0.0633 -0.9611 -0.2688
vn 0.0160 -0.9629 -0.2693
vn -0.2885 -0.5552 -0.7801
vn -0.0071 -0.5123 -0.8587
vn -0.0744 0.1885 -0.9793
vn 0.0066 0.2545 -0.9670
vn 0.0068 0.1951 -0.9808
vn -0.0066 0.7395 -0.6732
vn -0.0342 0.7252 -0.6877
vn -0.0169 0.9992 -0.0359
vn -0.1318 0.9448 -0.3001
s 1
usemtl 0.529412_0.549020_0.588235_0.000000_0.000000
f 7101//3202 7104//3203 7103//3204
f 7104//3203 7101//3202 7102//3205
f 7102//3205 7105//3206 7104//3203
f 7105//3206 7102//3205 7093//3207
f 7093//3207 7106//3208 7105//3206
f 7106//3208 7093//3207 7094//3209
f 7094//3209 7107//3210 7106//3208
f 7107//3210 7094//3209 7095//3211
f 7095//3211 7108//3212 7107//3210
f 7109//3213 7100//3214 7101//3202
f 7100//3214 7109//3213 7110//3215
f 7110//3215 7099//3216 7100//3214
f 7110//3215 7111//3217 7099//3216
f 7111//3217 7098//3218 7099//3216
f 7098//3218 7111//3217 7112//3219
f 7097//3220 7098//3218 7112//3219
f 7112//3219 7113//3221 7097//3220
f 7096//3222 7097//3220 7113//3221
f 7096//3222 7113//3221 7114//3223
f 7095//3211 7096//3222 7114//3223
f 7114//3223 7108//3212 7095//3211
f 7114//3223 7115//3224 7108//3212
f 7115//3224 7116//3225 7108//3212
f 7116//3225 7115//3224 7117//3226
f 7116//3225 7117//3226 7118//3227
f 7118//3227 7119//3228 7116//3225
f 7119//3228 7118//3227 7120//3229
f 7121//3230 7119//3228 7120//3229
f 7120//3229 7122//3231 7121//3230
f 7123//3232 7121//3230 7122//3231
f 7123//3232 7122//3231 7124//3233
f 7124//3233 7109//3213 7123//3232
f 7101//3202 7103//3204 7109//3213
f 7103//3204 7123//3232 7109//3213
v -0.304410 -0.170198 -0.279288
v -0.304410 -0.185697 -0.274153
v -0.304410 -0.197021 -0.278958
v -0.304410 -0.203287 -0.288283
v -0.304410 -0.201867 -0.303552
v -0.304410 -0.191057 -0.314442
v -0.304410 -0.178797 -0.315286
v -0.304410 -0.166270 -0.306402
v -0.304410 -0.162495 -0.292559
v -0.211098 -0.168451 -0.308866
v -0.211098 -0.162364 -0.294783
v -0.211098 -0.163701 -0.286936
v -0.211098 -0.170993 -0.278435
v -0.211098 -0.184619 -0.273946
v -0.258209 -0.174690 -0.314287
v -0.263790 -0.179057 -0.315609
v -0.271034 -0.185375 -0.315935
v -0.278380 -0.193011 -0.313650
v -0.283171 -0.201757 -0.304121
v -0.278423 -0.203946 -0.290391
v -0.269053 -0.199719 -0.281542
v -0.260553 -0.194605 -0.276989
v -0.211098 -0.196098 -0.278355
v -0.249286 -0.198039 -0.279726
v -0.211098 -0.203297 -0.288314
v -0.240741 -0.202651 -0.286189
v -0.235139 -0.204359 -0.293218
v -0.232407 -0.201016 -0.305568
v -0.211098 -0.201850 -0.303588
v -0.211098 -0.191028 -0.314454
v -0.239338 -0.190514 -0.314766
v -0.211098 -0.180965 -0.315861
v -0.251121 -0.179606 -0.315571
vn 0.0121 0.4323 -0.9017
vn 0.0172 0.0739 -0.9971
vn 0.0541 0.9735 -0.2223
vn -0.0653 0.9932 0.0963
vn 0.0590 0.9507 0.3044
vn -0.0201 0.9415 0.3363
vn 0.0898 0.8732 0.4789
vn 0.0070 0.2177 0.9760
vn -0.0173 -0.3533 0.9354
vn 0.0044 -0.2410 0.9705
vn -0.0101 -0.7750 0.6318
vn -0.0195 0.4073 -0.9131
vn -0.1315 0.1643 -0.9776
vn -0.0253 -0.1506 -0.9883
vn 0.1590 -0.3709 -0.9150
vn -0.1867 -0.4277 -0.8844
vn 0.3479 -0.9064 -0.2396
vn -0.0668 -0.9978 0.0011
vn -0.0106 -0.8814 0.4723
vn 0.1128 -0.9289 0.3526
vn 0.0449 -0.8452 0.5326
vn 0.0744 -0.5015 0.8620
vn 0.0094 -0.5204 0.8539
vn 0.1506 -0.6340 0.7585
vn 0.0470 -0.9174 0.3953
vn -0.1332 -0.9397 0.3149
vn -0.0114 -0.9820 0.1887
vn -0.0268 -0.9982 -0.0541
vn -0.0121 -0.5659 -0.8244
vn -0.0024 -0.2499 -0.9683
vn 0.0043 -0.1341 -0.9910
vn 0.0311 -0.0042 -0.9995
vn -0.1086 0.1824 -0.9772
s 1
usemtl 0.529412_0.549020_0.588235_0.000000_0.000000
f 7134//3234 7131//3235 7132//3236
f 7132//3236 7135//3237 7134//3234
f 7135//3237 7132//3236 7133//3238
f 7133//3238 7136//3239 7135//3237
f 7136//3239 7133//3238 7125//3240
f 7125//3240 7137//3241 7136//3239
f 7137//3241 7125//3240 7126//3242
f 7126//3242 7138//3243 7137//3241
f 7126//3242 7147//3244 7138//3243
f 7139//3245 7140//3246 7131//3235
f 7131//3235 7140//3246 7141//3247
f 7141//3247 7130//3248 7131//3235
f 7130//3248 7141//3247 7142//3249
f 7143//3250 7129//3251 7130//3248
f 7130//3248 7142//3249 7143//3250
f 7128//3252 7129//3251 7143//3250
f 7143//3250 7144//3253 7128//3252
f 7144//3253 7145//3254 7128//3252
f 7127//3255 7128//3252 7145//3254
f 7126//3242 7127//3255 7146//3256
f 7146//3256 7147//3244 7126//3242
f 7146//3256 7148//3257 7147//3244
f 7150//3258 7149//3259 7147//3244
f 7148//3257 7150//3258 7147//3244
f 7150//3258 7151//3260 7149//3259
f 7151//3260 7153//3261 7149//3259
f 7153//3261 7151//3260 7152//3262
f 7154//3263 7153//3261 7152//3262
f 7154//3263 7152//3262 7155//3264
f 7156//3265 7155//3264 7157//3266
f 7156//3265 7154//3263 7155//3264
f 7134//3234 7156//3265 7157//3266
f 7131//3235 7134//3234 7139//3245
f 7157//3266 7139//3245 7134//3234
f 7145//3254 7146//3256 7127//3255
v -0.192142 -0.173734 -0.958784
v -0.192142 -0.163577 -0.947265
v -0.192142 -0.165310 -0.931019
v -0.192142 -0.176638 -0.920682
v -0.192142 -0.188925 -0.920446
v -0.192142 -0.199977 -0.927922
v -0.192142 -0.203521 -0.943856
v -0.192142 -0.191958 -0.959102
v -0.098830 -0.203037 -0.946058
v -0.098830 -0.194169 -0.958578
v -0.098830 -0.182209 -0.961427
v -0.098830 -0.172434 -0.958698
v -0.098830 -0.164380 -0.948115
v -0.151608 -0.203593 -0.935415
v -0.164020 -0.198280 -0.925577
v -0.170634 -0.186584 -0.920224
v -0.167724 -0.172437 -0.922580
v -0.155585 -0.164143 -0.932403
v -0.144978 -0.162248 -0.938759
v -0.098830 -0.164415 -0.931786
v -0.133073 -0.164833 -0.930529
v -0.123635 -0.172239 -0.922894
v -0.098830 -0.171542 -0.923107
v -0.119727 -0.179242 -0.919724
v -0.098830 -0.181113 -0.919697
v -0.119581 -0.185106 -0.919613
v -0.098830 -0.193157 -0.922129
v -0.123281 -0.194383 -0.922607
v -0.130717 -0.200783 -0.928625
v -0.098830 -0.201921 -0.930753
v -0.138871 -0.203846 -0.935223
vn 0.0098 -0.9976 0.0682
vn 0.0220 -0.9875 0.1563
vn 0.3436 -0.4294 -0.8352
vn -0.0454 -0.3712 -0.9274
vn -0.2076 0.1032 -0.9727
vn 0.0607 0.6711 -0.7388
vn -0.0257 0.4554 -0.8899
vn -0.1280 0.7681 -0.6274
vn 0.0154 0.9991 -0.0401
vn -0.0321 -0.9384 0.3440
vn -0.0249 -0.6446 0.7641
vn -0.0334 -0.6446 0.7638
vn -0.1980 -0.4774 0.8561
vn -0.0986 -0.0476 0.9940
vn 0.1462 0.2942 0.9445
vn 0.0316 0.4215 0.9063
vn 0.1118 0.9874 0.1123
vn 0.0815 0.8185 0.5687
vn 0.0200 0.9970 0.0745
vn -0.0051 0.8223 0.5690
vn -0.0033 0.8242 0.5663
vn 0.0163 0.3936 0.9192
vn 0.0880 0.4558 0.8857
vn -0.0333 0.2605 0.9649
vn -0.0053 0.1794 0.9838
vn -0.0326 0.0201 0.9993
vn -0.1434 -0.5767 0.8043
vn -0.1410 -0.6543 0.7429
vn -0.0784 -0.8201 0.5667
vn -0.0495 -0.7769 0.6277
vn -0.0408 -0.9711 0.2350
s 1
usemtl 0.529412_0.549020_0.588235_0.000000_0.000000
f 7166//3267 7164//3268 7165//3269
f 7165//3269 7167//3270 7166//3267
f 7165//3269 7168//3271 7167//3270
f 7168//3271 7165//3269 7158//3272
f 7158//3272 7169//3273 7168//3271
f 7158//3272 7170//3274 7169//3273
f 7170//3274 7158//3272 7159//3275
f 7171//3276 7163//3277 7164//3268
f 7163//3277 7171//3276 7172//3278
f 7173//3279 7162//3280 7163//3277
f 7163//3277 7172//3278 7173//3279
f 7161//3281 7162//3280 7173//3279
f 7174//3282 7160//3283 7161//3281
f 7160//3283 7174//3282 7175//3284
f 7160//3283 7175//3284 7176//3285
f 7159//3275 7160//3283 7176//3285
f 7176//3285 7170//3274 7159//3275
f 7176//3285 7177//3286 7170//3274
f 7177//3286 7176//3285 7178//3287
f 7177//3286 7178//3287 7179//3288
f 7179//3288 7180//3289 7177//3286
f 7179//3288 7182//3290 7180//3289
f 7182//3290 7179//3288 7181//3291
f 7181//3291 7183//3292 7182//3290
f 7184//3293 7182//3290 7183//3292
f 7183//3292 7185//3294 7184//3293
f 7187//3295 7184//3293 7185//3294
f 7185//3294 7186//3296 7187//3295
f 7187//3295 7186//3296 7188//3297
f 7166//3267 7187//3295 7188//3297
f 7188//3297 7171//3276 7166//3267
f 7164//3268 7166//3267 7171//3276
f 7173//3279 7174//3282 7161//3281
v -0.012283 -1.263024 -0.652509
v -0.018275 -1.264171 -0.644388
v -0.028467 -1.264833 -0.639709
v -0.041588 -1.264501 -0.642062
v -0.050932 -1.263170 -0.651478
v -0.051242 -1.261022 -0.666665
v -0.040667 -1.259281 -0.678983
v -0.028506 -1.259031 -0.680743
v -0.016828 -1.259932 -0.674365
v -0.011009 -1.261612 -0.662488
v -0.030729 -1.351388 -0.694048
v -0.020085 -1.351893 -0.690489
v -0.012030 -1.353556 -0.678730
v -0.012831 -1.355561 -0.664544
v -0.020111 -1.356760 -0.656071
v -0.030765 -1.357262 -0.652527
v -0.034486 -1.305070 -0.687533
v -0.042291 -1.292862 -0.682846
v -0.051624 -1.283108 -0.669439
v -0.052403 -1.283722 -0.658222
v -0.046351 -1.292510 -0.649486
v -0.036846 -1.304933 -0.645543
v -0.034392 -1.313459 -0.646328
v -0.041689 -1.322750 -0.649917
v -0.041732 -1.356921 -0.654927
v -0.049882 -1.355838 -0.662583
v -0.048632 -1.330416 -0.656996
v -0.052437 -1.333268 -0.670417
v -0.051826 -1.353708 -0.677651
v -0.048180 -1.326193 -0.682870
v -0.042636 -1.351818 -0.691015
v -0.041426 -1.317171 -0.687058
vn 0.1419 -0.0572 -0.9882
vn 0.3967 0.1694 -0.9022
vn 0.0925 0.2842 -0.9543
vn 0.8848 0.0560 -0.4625
vn 0.9844 0.1705 0.0433
vn 0.9967 -0.0590 0.0557
vn 0.9748 -0.0808 0.2078
vn 0.8356 -0.0807 0.5433
vn 0.7512 -0.1791 0.6353
vn 0.3921 -0.1030 0.9141
vn -0.0227 -0.1645 0.9861
vn -0.1425 -0.1628 0.9763
vn -0.2002 0.1723 -0.9645
vn -0.2323 0.0312 -0.9721
vn -0.7310 0.1620 -0.6629
vn -0.9576 -0.2837 -0.0508
vn -0.9958 -0.0789 -0.0467
vn -0.9941 -0.0125 0.1076
vn -0.8244 -0.1297 0.5510
vn -0.8378 -0.1018 0.5364
vn -0.3040 -0.3133 0.8997
vn -0.2465 -0.2293 0.9416
vn -0.1600 -0.1661 0.9730
vn -0.3766 0.0036 0.9264
vn -0.5091 -0.1762 0.8425
vn -0.6734 -0.1816 0.7167
vn -0.8167 0.0433 0.5754
vn -0.9303 -0.0755 0.3590
vn -0.8315 0.2646 -0.4884
vn -0.8085 0.1827 -0.5594
vn -0.3587 0.2338 -0.9037
vn -0.4896 0.2086 -0.8466
s 1
usemtl 0.529412_0.549020_0.588235_0.000000_0.000000
f 7196//3298 7200//3299 7199//3300
f 7200//3299 7196//3298 7197//3301
f 7197//3301 7201//3302 7200//3299
f 7201//3302 7197//3301 7198//3303
f 7201//3302 7198//3303 7189//3304
f 7189//3304 7202//3305 7201//3302
f 7202//3305 7189//3304 7190//3306
f 7190//3306 7203//3307 7202//3305
f 7203//3307 7190//3306 7191//3308
f 7191//3308 7204//3309 7203//3307
f 7205//3310 7195//3311 7196//3298
f 7205//3310 7206//3312 7195//3311
f 7206//3312 7194//3313 7195//3311
f 7206//3312 7207//3314 7194//3313
f 7194//3313 7207//3314 7208//3315
f 7193//3316 7194//3313 7208//3315
f 7208//3315 7209//3317 7193//3316
f 7192//3318 7193//3316 7209//3317
f 7192//3318 7209//3317 7210//3319
f 7210//3319 7211//3320 7191//3308
f 7191//3308 7192//3318 7210//3319
f 7211//3320 7204//3309 7191//3308
f 7211//3320 7213//3321 7204//3309
f 7213//3321 7211//3320 7212//3322
f 7212//3322 7215//3323 7213//3321
f 7215//3323 7214//3324 7213//3321
f 7215//3323 7216//3325 7214//3324
f 7216//3325 7217//3326 7214//3324
f 7217//3326 7216//3325 7218//3327
f 7219//3328 7217//3326 7218//3327
f 7218//3327 7220//3329 7219//3328
f 7220//3329 7205//3310 7219//3328
f 7199//3300 7219//3328 7205//3310
f 7196//3298 7199//3300 7205//3310
v -0.191474 -0.823171 -0.958579
v -0.191474 -0.817801 -0.954350
v -0.191474 -0.814192 -0.947265
v -0.191474 -0.815924 -0.931020
v -0.191474 -0.826151 -0.920988
v -0.191474 -0.836222 -0.919697
v -0.191474 -0.846668 -0.923848
v -0.191474 -0.853965 -0.935002
v -0.191474 -0.850894 -0.952018
v -0.191474 -0.836242 -0.961201
v -0.098162 -0.848231 -0.955654
v -0.098162 -0.835085 -0.961429
v -0.098162 -0.827170 -0.960701
v -0.098162 -0.818396 -0.953783
v -0.098162 -0.813006 -0.943991
v -0.151007 -0.854188 -0.935361
v -0.163974 -0.848254 -0.925075
v -0.170234 -0.834985 -0.920008
v -0.166632 -0.822400 -0.922924
v -0.154109 -0.814543 -0.933055
v -0.144858 -0.812754 -0.939807
v -0.098162 -0.815008 -0.932996
v -0.133215 -0.815250 -0.931185
v -0.122450 -0.823722 -0.922476
v -0.098162 -0.825177 -0.921509
v -0.118891 -0.835272 -0.919595
v -0.098162 -0.837375 -0.919967
v -0.122612 -0.844997 -0.922606
v -0.098162 -0.848425 -0.925338
v -0.130051 -0.851399 -0.928627
v -0.137446 -0.854267 -0.934609
v -0.098162 -0.854372 -0.939487
vn -0.0556 -0.9622 0.2667
vn 0.0096 -0.8537 0.5207
vn 0.1845 -0.9455 -0.2682
vn -0.0390 -0.4722 -0.8806
vn 0.2588 -0.2629 -0.9295
vn -0.0051 0.1805 -0.9836
vn 0.0756 0.5498 -0.8319
vn -0.0183 0.3103 -0.9505
vn -0.1728 0.5607 -0.8098
vn -0.0000 0.7388 -0.6739
vn 0.0499 0.9987 0.0093
vn -0.0176 0.9851 -0.1709
vn 0.0425 0.9954 0.0861
vn -0.0557 -0.6326 0.7725
vn -0.0463 -0.4496 0.8920
vn -0.0303 -0.9394 0.3414
vn -0.2894 -0.0575 0.9555
vn -0.1288 0.0393 0.9909
vn 0.0648 0.5116 0.8568
vn 0.0184 0.4765 0.8790
vn 0.1676 0.9790 0.1162
vn 0.1594 0.8297 0.5350
vn 0.0051 0.9995 0.0314
vn 0.0342 0.7935 0.6076
vn 0.0410 0.3360 0.9410
vn 0.0091 0.2219 0.9750
vn 0.1874 -0.0315 0.9818
vn -0.0215 -0.4406 0.8974
vn -0.0612 -0.4141 0.9082
vn -0.1272 -0.7738 0.6205
vn -0.0567 -0.8072 0.5875
vn -0.0350 -0.9542 0.2972
s 1
usemtl 0.529412_0.549020_0.588235_0.000000_0.000000
f 7252//3330 7228//3331 7229//3332
f 7229//3332 7231//3333 7252//3330
f 7231//3333 7229//3332 7230//3334
f 7230//3334 7232//3335 7231//3333
f 7232//3335 7230//3334 7221//3336
f 7221//3336 7233//3337 7232//3335
f 7221//3336 7234//3338 7233//3337
f 7234//3338 7221//3336 7222//3339
f 7234//3338 7222//3339 7223//3340
f 7223//3340 7235//3341 7234//3338
f 7223//3340 7242//3342 7235//3341
f 7237//3343 7227//3344 7228//3331
f 7228//3331 7236//3345 7237//3343
f 7237//3343 7238//3346 7227//3344
f 7238//3346 7226//3347 7227//3344
f 7225//3348 7226//3347 7238//3346
f 7225//3348 7238//3346 7239//3349
f 7239//3349 7224//3350 7225//3348
f 7224//3350 7239//3349 7240//3351
f 7240//3351 7241//3352 7224//3350
f 7223//3340 7224//3350 7241//3352
f 7241//3352 7242//3342 7223//3340
f 7241//3352 7243//3353 7242//3342
f 7242//3342 7243//3353 7244//3354
f 7244//3354 7245//3355 7242//3342
f 7246//3356 7247//3357 7245//3355
f 7244//3354 7246//3356 7245//3355
f 7246//3356 7248//3358 7247//3357
f 7249//3359 7247//3357 7248//3358
f 7248//3358 7250//3360 7249//3359
f 7252//3330 7249//3359 7250//3360
f 7252//3330 7250//3360 7251//3361
f 7251//3361 7236//3345 7252//3330
f 7228//3331 7252//3330 7236//3345
v -0.645278 -0.192158 -0.275840
v -0.645278 -0.202328 -0.287328
v -0.645278 -0.203353 -0.301627
v -0.645278 -0.193906 -0.312399
v -0.645278 -0.178872 -0.315418
v -0.645278 -0.168212 -0.309281
v -0.645278 -0.162764 -0.294928
v -0.645278 -0.164580 -0.284973
v -0.645278 -0.169823 -0.279004
v -0.645278 -0.181071 -0.274033
v -0.551966 -0.162146 -0.293740
v -0.551966 -0.166467 -0.283427
v -0.551966 -0.176621 -0.274845
v -0.551966 -0.189904 -0.275558
v -0.551966 -0.203047 -0.289463
v -0.604648 -0.162786 -0.299782
v -0.612616 -0.165558 -0.306230
v -0.619254 -0.170486 -0.311601
v -0.623995 -0.182426 -0.315439
v -0.619294 -0.196180 -0.311634
v -0.610305 -0.202241 -0.304359
v -0.601459 -0.204352 -0.297516
v -0.551966 -0.203459 -0.301701
v -0.590563 -0.203515 -0.301428
v -0.551966 -0.195708 -0.311176
v -0.579539 -0.197330 -0.310347
v -0.572771 -0.185575 -0.315824
v -0.551966 -0.181072 -0.315780
v -0.574631 -0.175361 -0.314319
v -0.551966 -0.170643 -0.311614
v -0.581341 -0.167497 -0.308887
v -0.551966 -0.163565 -0.301559
v -0.588575 -0.163789 -0.303035
v -0.597496 -0.162220 -0.296296
vn 0.0771 0.9794 0.1867
vn -0.0052 0.9567 0.2911
vn 0.0188 0.9994 0.0281
vn -0.0000 0.8956 0.4449
vn 0.2003 0.6943 0.6913
vn -0.0590 0.4146 0.9081
vn 0.1686 0.1042 0.9802
vn -0.1020 -0.0776 0.9918
vn 0.0366 -0.2792 0.9595
vn 0.0250 -0.9991 0.0343
vn 0.0069 -0.9960 -0.0894
vn -0.0283 0.9963 -0.0810
vn 0.0484 0.9495 -0.3100
vn 0.0070 0.8307 -0.5567
vn -0.0300 0.5416 -0.8401
vn 0.1196 0.6821 -0.7214
vn 0.0520 0.3900 -0.9194
vn -0.1700 0.1381 -0.9757
vn 0.0076 -0.7969 -0.6040
vn 0.1387 -0.5912 -0.7945
vn 0.0338 -0.8361 -0.5475
vn 0.0082 -0.9833 -0.1821
vn 0.0097 -0.9894 -0.1451
vn -0.0608 -0.9563 -0.2860
vn 0.0126 -0.9212 -0.3889
vn 0.0982 -0.9060 -0.4117
vn -0.0652 -0.2474 -0.9667
vn -0.0090 0.0115 -0.9999
vn -0.0074 0.2633 -0.9647
vn 0.0078 0.2175 -0.9760
vn -0.0356 0.7551 -0.6547
vn -0.0428 0.7293 -0.6829
vn 0.0079 0.9892 -0.1465
vn -0.0456 0.9292 -0.3667
s 1
usemtl 0.529412_0.549020_0.588235_0.000000_0.000000
f 7259//3362 7264//3363 7263//3364
f 7264//3363 7259//3362 7260//3365
f 7264//3363 7260//3365 7261//3366
f 7261//3366 7265//3367 7264//3363
f 7265//3367 7261//3366 7262//3368
f 7262//3368 7266//3369 7265//3367
f 7266//3369 7262//3368 7253//3370
f 7266//3369 7253//3370 7254//3371
f 7254//3371 7267//3372 7266//3369
f 7286//3373 7268//3374 7259//3362
f 7259//3362 7268//3374 7269//3375
f 7269//3375 7258//3376 7259//3362
f 7258//3376 7269//3375 7270//3377
f 7271//3378 7257//3379 7258//3376
f 7258//3376 7270//3377 7271//3378
f 7256//3380 7257//3379 7271//3378
f 7271//3378 7272//3381 7256//3380
f 7272//3381 7273//3382 7256//3380
f 7255//3383 7256//3380 7273//3382
f 7254//3371 7255//3383 7274//3384
f 7274//3384 7267//3372 7254//3371
f 7274//3384 7276//3385 7267//3372
f 7276//3385 7275//3386 7267//3372
f 7278//3387 7277//3388 7275//3386
f 7275//3386 7276//3385 7278//3387
f 7278//3387 7279//3389 7277//3388
f 7279//3389 7280//3390 7277//3388
f 7280//3390 7279//3389 7281//3391
f 7282//3392 7280//3390 7281//3391
f 7281//3391 7283//3393 7282//3392
f 7284//3394 7282//3392 7283//3393
f 7284//3394 7283//3393 7285//3395
f 7284//3394 7285//3395 7286//3373
f 7259//3362 7263//3364 7286//3373
f 7263//3364 7284//3394 7286//3373
f 7273//3382 7274//3384 7255//3383
v -0.236877 -0.575406 -0.476087
v -0.241024 -0.579835 -0.466632
v -0.252184 -0.582932 -0.460023
v -0.266510 -0.582495 -0.460955
v -0.276580 -0.578155 -0.470220
v -0.276298 -0.570821 -0.485874
v -0.265545 -0.566180 -0.495782
v -0.254379 -0.565660 -0.496891
v -0.242703 -0.568391 -0.491061
v -0.237317 -0.572036 -0.483280
v -0.252272 -0.650604 -0.535528
v -0.240286 -0.653937 -0.528413
v -0.237451 -0.659896 -0.515693
v -0.240849 -0.664411 -0.506056
v -0.249123 -0.666885 -0.500774
v -0.259471 -0.605820 -0.516138
v -0.266031 -0.599206 -0.511152
v -0.273205 -0.593316 -0.502823
v -0.278388 -0.593257 -0.487848
v -0.276233 -0.600429 -0.478820
v -0.269685 -0.610622 -0.476136
v -0.260371 -0.623025 -0.477702
v -0.263394 -0.667531 -0.499393
v -0.265011 -0.633232 -0.483777
v -0.273009 -0.665071 -0.504645
v -0.272022 -0.639278 -0.491278
v -0.276757 -0.641826 -0.499654
v -0.278180 -0.658943 -0.517728
v -0.278051 -0.638177 -0.511205
v -0.271178 -0.652237 -0.532040
v -0.270662 -0.624096 -0.519738
v -0.263430 -0.650265 -0.536251
v -0.262053 -0.612752 -0.518872
vn 0.0181 0.4166 -0.9089
vn -0.0167 0.4267 -0.9042
vn 0.8549 0.1901 -0.4827
vn 0.9053 0.1930 -0.3784
vn 0.9622 0.1647 -0.2167
vn 0.9124 0.0484 0.4064
vn 0.9980 0.0306 -0.0549
vn 0.8674 -0.2164 0.4481
vn 0.7762 -0.2677 0.5709
vn 0.6176 -0.1334 0.7751
vn -0.0198 -0.4382 0.8987
vn -0.0680 0.4451 -0.8929
vn -0.4334 0.2299 -0.8714
vn -0.4717 0.3950 -0.7884
vn -0.6161 0.4006 -0.6782
vn -0.8049 0.0082 -0.5934
vn -0.9674 -0.1598 0.1967
vn -0.7827 -0.2914 0.5500
vn -0.8893 -0.2067 0.4080
vn -0.7197 -0.3355 0.6079
vn -0.2030 -0.4790 0.8540
vn -0.1331 -0.4360 0.8901
vn -0.4309 -0.3901 0.8137
vn -0.1702 -0.4794 0.8609
vn -0.7012 -0.3494 0.6215
vn -0.6769 -0.2139 0.7043
vn -0.8367 -0.2756 0.4732
vn -0.9389 -0.1058 0.3276
vn -0.8175 0.2298 -0.5281
vn -0.4612 0.3521 -0.8144
vn -0.6085 0.4984 -0.6175
vn -0.2449 0.4434 -0.8622
vn -0.2451 0.3871 -0.8889
s 1
usemtl 0.529412_0.549020_0.588235_0.000000_0.000000
f 7297//3396 7294//3397 7295//3398
f 7295//3398 7298//3399 7297//3396
f 7298//3399 7295//3398 7296//3400
f 7296//3400 7299//3401 7298//3399
f 7299//3401 7296//3400 7287//3402
f 7299//3401 7287//3402 7288//3403
f 7288//3403 7300//3404 7299//3401
f 7288//3403 7301//3405 7300//3404
f 7301//3405 7288//3403 7289//3406
f 7302//3407 7293//3408 7294//3397
f 7293//3408 7302//3407 7303//3409
f 7304//3410 7292//3411 7293//3408
f 7293//3408 7303//3409 7304//3410
f 7304//3410 7305//3412 7292//3411
f 7291//3413 7292//3411 7305//3412
f 7291//3413 7305//3412 7306//3414
f 7306//3414 7307//3415 7291//3413
f 7290//3416 7291//3413 7307//3415
f 7289//3406 7290//3416 7308//3417
f 7308//3417 7309//3418 7301//3405
f 7308//3417 7301//3405 7289//3406
f 7308//3417 7310//3419 7309//3418
f 7312//3420 7311//3421 7309//3418
f 7310//3419 7312//3420 7309//3418
f 7311//3421 7312//3420 7313//3422
f 7313//3422 7314//3423 7311//3421
f 7314//3423 7313//3422 7315//3424
f 7316//3425 7314//3423 7315//3424
f 7315//3424 7317//3426 7316//3425
f 7316//3425 7317//3426 7319//3427
f 7318//3428 7316//3425 7319//3427
f 7297//3396 7318//3428 7319//3427
f 7294//3397 7297//3396 7302//3407
f 7319//3427 7302//3407 7297//3396
f 7307//3415 7308//3417 7290//3416
v -0.191140 -1.534881 -0.958071
v -0.191140 -1.525584 -0.946924
v -0.191140 -1.527320 -0.930682
v -0.191140 -1.538649 -0.920348
v -0.191140 -1.550934 -0.920111
v -0.191140 -1.561988 -0.927591
v -0.191140 -1.565528 -0.943534
v -0.191140 -1.561582 -0.953974
v -0.191140 -1.553977 -0.959079
v -0.097828 -1.562039 -0.952764
v -0.097828 -1.552055 -0.960146
v -0.097828 -1.540833 -0.960743
v -0.097828 -1.532555 -0.957083
v -0.097828 -1.525688 -0.945694
v -0.150189 -1.565698 -0.935417
v -0.162506 -1.560641 -0.925657
v -0.169700 -1.547806 -0.919836
v -0.166461 -1.534110 -0.922457
v -0.154983 -1.526252 -0.931744
v -0.145250 -1.524170 -0.939130
v -0.132876 -1.526641 -0.930846
v -0.097828 -1.526826 -0.930391
v -0.097828 -1.530775 -0.924800
v -0.097828 -1.536569 -0.921178
v -0.121736 -1.535688 -0.921833
v -0.118576 -1.547119 -0.919276
v -0.097828 -1.547933 -0.919432
v -0.097828 -1.558085 -0.923529
v -0.122793 -1.556973 -0.922688
v -0.129691 -1.562782 -0.928271
v -0.136955 -1.565613 -0.934148
v -0.097828 -1.565488 -0.935821
vn 0.2294 -0.9423 -0.2437
vn -0.0352 -0.7064 -0.7070
vn -0.1501 -0.9876 -0.0469
vn 0.0001 -0.8089 -0.5879
vn 0.0480 -0.5790 -0.8139
vn 0.0081 -0.1342 -0.9909
vn -0.0426 -0.0388 -0.9983
vn 0.0608 0.7160 -0.6954
vn -0.0159 0.5785 -0.8156
vn -0.1772 0.9777 0.1127
vn 0.1927 0.9764 -0.0976
vn -0.0317 -0.9420 0.3342
vn -0.0260 -0.6478 0.7614
vn -0.0200 -0.6362 0.7712
vn -0.1493 -0.4850 0.8617
vn -0.1113 -0.0567 0.9922
vn 0.1434 0.4199 0.8962
vn 0.0135 0.4334 0.9011
vn 0.0915 0.9945 0.0502
vn 0.0531 0.8011 0.5962
vn 0.0141 0.9985 0.0525
vn -0.1850 0.9620 0.2009
vn 0.0372 0.7918 0.6097
vn 0.1690 0.6731 0.7200
vn 0.0050 0.6531 0.7573
vn 0.0458 0.1252 0.9911
vn -0.0852 -0.2823 0.9555
vn 0.1570 -0.2544 0.9543
vn -0.1601 -0.5689 0.8067
vn -0.1277 -0.4327 0.8924
vn -0.0339 -0.7657 0.6423
vn -0.0406 -0.9521 0.3030
s 1
usemtl 0.529412_0.549020_0.588235_0.000000_0.000000
f 7326//3429 7329//3430 7351//3431
f 7329//3430 7326//3429 7327//3432
f 7329//3430 7327//3432 7328//3433
f 7328//3433 7330//3434 7329//3430
f 7328//3433 7331//3435 7330//3434
f 7331//3435 7328//3433 7320//3436
f 7320//3436 7332//3437 7331//3435
f 7320//3436 7333//3438 7332//3437
f 7333//3438 7320//3436 7321//3439
f 7334//3440 7325//3441 7326//3429
f 7325//3441 7334//3440 7335//3442
f 7336//3443 7324//3444 7325//3441
f 7325//3441 7335//3442 7336//3443
f 7323//3445 7324//3444 7336//3443
f 7337//3446 7322//3447 7323//3445
f 7337//3446 7338//3448 7322//3447
f 7322//3447 7338//3448 7339//3449
f 7321//3439 7322//3447 7339//3449
f 7339//3449 7333//3438 7321//3439
f 7339//3449 7340//3450 7333//3438
f 7340//3450 7341//3451 7333//3438
f 7341//3451 7340//3450 7344//3452
f 7344//3452 7342//3453 7341//3451
f 7344//3452 7343//3454 7342//3453
f 7345//3455 7346//3456 7343//3454
f 7343//3454 7344//3452 7345//3455
f 7347//3457 7346//3456 7345//3455
f 7345//3455 7348//3458 7347//3457
f 7348//3458 7349//3459 7347//3457
f 7351//3431 7347//3457 7349//3459
f 7351//3431 7349//3459 7350//3460
f 7350//3460 7334//3440 7351//3431
f 7326//3429 7351//3431 7334//3440
f 7336//3443 7337//3446 7323//3445
v 0.329948 -1.024560 -0.633056
v 0.326990 -1.024560 -0.622448
v 0.318171 -1.024560 -0.614357
v 0.307864 -1.024560 -0.612287
v 0.297214 -1.024560 -0.615867
v 0.289935 -1.024560 -0.624423
v 0.289849 -1.024560 -0.640462
v 0.299136 -1.024560 -0.651798
v 0.308959 -1.024560 -0.654344
v 0.315766 -1.024560 -0.653427
v 0.324671 -1.024560 -0.646607
v 0.322226 -1.117870 -0.648808
v 0.329946 -1.117870 -0.635488
v 0.327429 -1.117870 -0.623454
v 0.319179 -1.117870 -0.614749
v 0.310485 -1.117870 -0.612340
v 0.305757 -1.067227 -0.654227
v 0.298439 -1.058183 -0.651280
v 0.288817 -1.046292 -0.637742
v 0.289477 -1.047109 -0.625398
v 0.296576 -1.055882 -0.616523
v 0.306368 -1.068369 -0.612265
v 0.303797 -1.077635 -0.612760
v 0.299135 -1.117870 -0.614711
v 0.297106 -1.085890 -0.615732
v 0.292492 -1.091608 -0.620139
v 0.290984 -1.117870 -0.622447
v 0.288478 -1.096563 -0.633762
v 0.289191 -1.117870 -0.638071
v 0.292865 -1.091139 -0.646916
v 0.297217 -1.117870 -0.650643
v 0.299481 -1.082969 -0.652109
v 0.306593 -1.073632 -0.654238
v 0.307984 -1.117870 -0.654185
vn -0.1540 0.0545 -0.9866
vn 0.0889 0.0194 -0.9959
vn 0.3318 -0.0141 -0.9432
vn 0.3034 0.0872 -0.9489
vn 0.9538 -0.0557 -0.2952
vn 0.9617 0.1161 -0.2484
vn 0.9810 -0.0420 0.1893
vn 0.7185 0.0042 0.6955
vn 0.9372 -0.1087 0.3314
vn 0.3807 -0.1438 0.9134
vn 0.4125 0.0710 0.9082
vn -0.0061 0.1865 0.9824
vn 0.0841 0.0768 0.9935
vn -0.1698 0.0492 -0.9843
vn -0.1330 0.0477 -0.9900
vn -0.3376 0.0110 -0.9412
vn -0.7372 0.0157 -0.6755
vn -0.7108 0.0216 -0.7031
vn -0.9958 0.0184 0.0894
vn -0.8220 -0.0165 0.5693
vn -0.9694 -0.0335 0.2432
vn -0.7486 -0.0420 0.6617
vn -0.3960 0.1047 0.9123
vn -0.1938 -0.0183 0.9809
vn -0.2539 -0.0376 0.9665
vn -0.6336 0.0026 0.7736
vn -0.5950 -0.0556 0.8018
vn -0.6872 -0.0390 0.7254
vn -0.7946 0.0271 0.6066
vn -0.9309 -0.0433 0.3627
vn -0.8093 0.0130 -0.5872
vn -0.7933 0.1091 -0.5989
vn -0.4380 0.0225 -0.8987
vn -0.4266 0.1318 -0.8948
s 1
usemtl 0.529412_0.549020_0.588235_0.000000_0.000000
f 7385//3461 7360//3462 7361//3463
f 7361//3463 7363//3464 7385//3461
f 7363//3464 7361//3463 7362//3465
f 7362//3465 7364//3466 7363//3464
f 7364//3466 7362//3465 7352//3467
f 7352//3467 7365//3468 7364//3466
f 7365//3468 7352//3467 7353//3469
f 7365//3468 7353//3469 7354//3470
f 7354//3470 7366//3471 7365//3468
f 7354//3470 7367//3472 7366//3471
f 7367//3472 7354//3470 7355//3473
f 7384//3474 7368//3475 7360//3462
f 7359//3476 7368//3475 7369//3477
f 7368//3475 7359//3476 7360//3462
f 7369//3477 7358//3478 7359//3476
f 7358//3478 7369//3477 7370//3479
f 7357//3480 7370//3479 7371//3481
f 7357//3480 7358//3478 7370//3479
f 7371//3481 7372//3482 7357//3480
f 7356//3483 7357//3480 7372//3482
f 7355//3473 7356//3483 7372//3482
f 7373//3484 7367//3472 7355//3473
f 7373//3484 7374//3485 7367//3472
f 7374//3485 7375//3486 7367//3472
f 7375//3486 7374//3485 7376//3487
f 7377//3488 7378//3489 7375//3486
f 7376//3487 7377//3488 7375//3486
f 7378//3489 7377//3488 7379//3490
f 7379//3490 7380//3491 7378//3489
f 7380//3491 7379//3490 7381//3492
f 7382//3493 7380//3491 7381//3492
f 7381//3492 7383//3494 7382//3493
f 7383//3494 7384//3474 7385//3461
f 7385//3461 7382//3493 7383//3494
f 7360//3462 7385//3461 7384//3474
f 7372//3482 7373//3484 7355//3473
v -0.278203 -0.355384 -0.381737
v -0.270992 -0.351184 -0.390704
v -0.256636 -0.348887 -0.395606
v -0.245983 -0.350405 -0.392365
v -0.238704 -0.354035 -0.384617
v -0.236591 -0.357773 -0.376637
v -0.238688 -0.361514 -0.368653
v -0.245956 -0.365151 -0.360890
v -0.256595 -0.366676 -0.357633
v -0.267570 -0.365657 -0.359810
v -0.277103 -0.360556 -0.370697
v -0.263388 -0.450862 -0.397887
v -0.273012 -0.448401 -0.403141
v -0.278179 -0.442273 -0.416221
v -0.272985 -0.436149 -0.429294
v -0.262225 -0.433627 -0.434678
v -0.249163 -0.398606 -0.374428
v -0.241885 -0.388157 -0.375523
v -0.238187 -0.381593 -0.378761
v -0.236971 -0.375955 -0.387264
v -0.241026 -0.375872 -0.399251
v -0.248305 -0.381447 -0.408552
v -0.255125 -0.388537 -0.414206
v -0.248967 -0.434243 -0.433362
v -0.248222 -0.402826 -0.418214
v -0.239752 -0.437695 -0.425994
v -0.238786 -0.417636 -0.414089
v -0.236596 -0.422930 -0.409168
v -0.236756 -0.442289 -0.416188
v -0.238184 -0.424755 -0.400647
v -0.241242 -0.447613 -0.404823
v -0.245809 -0.420792 -0.386896
v -0.252151 -0.450866 -0.397880
v -0.254422 -0.408997 -0.377595
vn -0.0701 -0.4290 0.9006
vn 0.2491 -0.3860 0.8883
vn -0.3627 -0.3928 0.8451
vn -0.6239 -0.3455 0.7010
vn -0.9971 -0.0756 -0.0057
vn -0.9349 0.1623 -0.3158
vn -0.9765 0.1030 -0.1892
vn -0.8607 0.2398 -0.4492
vn -0.6187 0.2467 -0.7459
vn 0.0145 0.4626 -0.8864
vn 0.1838 0.4333 -0.8823
vn 0.4515 -0.3343 0.8273
vn 0.6868 -0.3173 0.6539
vn 0.2099 -0.3997 0.8923
vn 0.8039 -0.2208 0.5522
vn 0.9599 -0.0837 0.2674
vn 0.9511 -0.1259 0.2821
vn 0.9897 -0.0063 0.1431
vn 0.9945 0.1017 -0.0251
vn 0.7994 0.3126 -0.5131
vn 0.8345 0.1474 -0.5309
vn 0.4474 0.2803 -0.8493
vn 0.4792 0.3114 -0.8206
vn 0.1502 0.4152 -0.8972
vn 0.6474 0.2804 -0.7087
vn 0.2537 0.2048 -0.9454
vn 0.9610 0.0996 -0.2580
vn 0.9321 0.0960 -0.3492
vn 0.9842 0.0692 -0.1629
vn 0.9919 0.0804 -0.0988
vn 0.9945 -0.0311 0.0997
vn 0.5877 -0.3259 0.7406
vn 0.6020 -0.2886 0.7445
vn 0.2196 -0.2737 0.9364
s 1
usemtl 0.529412_0.549020_0.588235_0.000000_0.000000
f 7397//3495 7394//3496 7395//3497
f 7395//3497 7398//3498 7397//3495
f 7398//3498 7395//3497 7396//3499
f 7396//3499 7399//3500 7398//3498
f 7399//3500 7396//3499 7386//3501
f 7399//3500 7386//3501 7387//3502
f 7387//3502 7400//3503 7399//3500
f 7387//3502 7401//3504 7400//3503
f 7401//3504 7387//3502 7388//3505
f 7402//3506 7393//3507 7394//3496
f 7394//3496 7419//3508 7402//3506
f 7393//3507 7402//3506 7403//3509
f 7403//3509 7392//3510 7393//3507
f 7403//3509 7404//3511 7392//3510
f 7392//3510 7404//3511 7405//3512
f 7405//3512 7391//3513 7392//3510
f 7390//3514 7391//3513 7405//3512
f 7405//3512 7406//3515 7390//3514
f 7389//3516 7390//3514 7406//3515
f 7406//3515 7407//3517 7389//3516
f 7388//3505 7389//3516 7407//3517
f 7408//3518 7401//3504 7388//3505
f 7408//3518 7409//3519 7401//3504
f 7409//3519 7408//3518 7410//3520
f 7412//3521 7411//3522 7409//3519
f 7410//3520 7412//3521 7409//3519
f 7412//3521 7414//3523 7411//3522
f 7414//3523 7412//3521 7413//3524
f 7414//3523 7413//3524 7415//3525
f 7416//3526 7414//3523 7415//3525
f 7415//3525 7417//3527 7416//3526
f 7418//3528 7416//3526 7417//3527
f 7418//3528 7417//3527 7419//3508
f 7394//3496 7397//3495 7419//3508
f 7397//3495 7418//3528 7419//3508
f 7407//3517 7408//3518 7388//3505
v -0.278180 -0.876217 -0.619518
v -0.273013 -0.882345 -0.606437
v -0.263392 -0.884806 -0.601183
v -0.252152 -0.884811 -0.601174
v -0.244925 -0.883394 -0.604198
v -0.239771 -0.880824 -0.609683
v -0.236755 -0.876235 -0.619479
v -0.239753 -0.871640 -0.629287
v -0.248968 -0.868188 -0.636656
v -0.261128 -0.867433 -0.638267
v -0.272101 -0.869787 -0.633242
v -0.269231 -0.784559 -0.595213
v -0.277470 -0.788403 -0.587008
v -0.277697 -0.793597 -0.575921
v -0.269522 -0.799104 -0.564166
v -0.250186 -0.834171 -0.621336
v -0.239019 -0.851302 -0.617301
v -0.236529 -0.858022 -0.610206
v -0.238569 -0.858834 -0.602532
v -0.247435 -0.853302 -0.588514
v -0.254593 -0.843617 -0.581138
v -0.254429 -0.800276 -0.561664
v -0.247123 -0.829806 -0.577640
v -0.241732 -0.821890 -0.578824
v -0.240458 -0.796692 -0.569314
v -0.237311 -0.813247 -0.584398
v -0.236713 -0.792690 -0.577856
v -0.237224 -0.809127 -0.592942
v -0.237861 -0.788875 -0.586000
v -0.241444 -0.810032 -0.603301
v -0.244173 -0.784933 -0.594415
v -0.248226 -0.815318 -0.611776
v -0.254370 -0.782935 -0.598679
v -0.255551 -0.822931 -0.617718
vn 0.0304 0.4133 -0.9101
vn -0.8065 0.3281 -0.4918
vn 0.2629 0.4439 -0.8566
vn -0.5162 0.3208 -0.7941
vn -0.9194 0.1680 -0.3556
vn -0.9408 0.1809 -0.2868
vn -0.8072 -0.3116 0.5013
vn -0.6392 -0.3402 0.6897
vn -0.4586 -0.4663 0.7565
vn -0.1187 -0.3667 0.9227
vn 0.4968 -0.4467 0.7441
vn 0.0454 0.4155 -0.9084
vn 0.6687 0.2609 -0.6963
vn 0.1471 0.3990 -0.9051
vn 0.9710 0.0564 -0.2324
vn 0.9232 0.0521 -0.3807
vn 0.9851 -0.0777 0.1534
vn 0.9988 -0.0002 0.0481
vn 0.9687 -0.1868 0.1636
vn 0.7442 -0.3231 0.5846
vn 0.6071 -0.2734 0.7461
vn 0.5980 -0.3847 0.7031
vn 0.3562 -0.3003 0.8848
vn 0.1895 -0.4158 0.8895
vn 0.5601 -0.3605 0.7459
vn 0.7701 -0.2739 0.5762
vn 0.9100 -0.1789 0.3740
vn 0.9941 -0.0328 0.1033
vn 0.9983 0.0118 0.0564
vn 0.9998 0.0162 -0.0075
vn 0.8317 0.2314 -0.5047
vn 0.8331 0.2112 -0.5113
vn 0.4918 0.3570 -0.7941
vn 0.4726 0.2989 -0.8291
s 1
usemtl 0.529412_0.549020_0.588235_0.000000_0.000000
f 7429//3529 7431//3530 7452//3531
f 7431//3530 7429//3529 7430//3532
f 7431//3530 7430//3532 7420//3533
f 7420//3533 7432//3534 7431//3530
f 7420//3533 7433//3535 7432//3534
f 7433//3535 7420//3533 7421//3536
f 7421//3536 7434//3537 7433//3535
f 7434//3537 7421//3536 7422//3538
f 7422//3538 7441//3539 7434//3537
f 7435//3540 7428//3541 7429//3529
f 7453//3542 7435//3540 7429//3529
f 7436//3543 7427//3544 7428//3541
f 7428//3541 7435//3540 7436//3543
f 7436//3543 7426//3545 7427//3544
f 7436//3543 7437//3546 7426//3545
f 7426//3545 7437//3546 7438//3547
f 7425//3548 7426//3545 7438//3547
f 7438//3547 7439//3549 7424//3550
f 7424//3550 7425//3548 7438//3547
f 7423//3551 7424//3550 7439//3549
f 7422//3538 7423//3551 7440//3552
f 7440//3552 7441//3539 7422//3538
f 7441//3539 7440//3552 7442//3553
f 7441//3539 7442//3553 7443//3554
f 7443//3554 7444//3555 7441//3539
f 7443//3554 7445//3556 7444//3555
f 7445//3556 7446//3557 7444//3555
f 7446//3557 7445//3556 7447//3558
f 7447//3558 7448//3559 7446//3557
f 7448//3559 7447//3558 7449//3560
f 7450//3561 7448//3559 7449//3560
f 7449//3560 7451//3562 7450//3561
f 7452//3531 7450//3561 7451//3562
f 7451//3562 7453//3542 7452//3531
f 7429//3529 7452//3531 7453//3542
f 7439//3549 7440//3552 7423//3551
v -0.098162 -0.819946 -0.584862
v -0.098162 -0.813262 -0.595121
v -0.098162 -0.813577 -0.604181
v -0.098162 -0.819525 -0.614940
v -0.098162 -0.829443 -0.620210
v -0.098162 -0.844488 -0.617216
v -0.098162 -0.854202 -0.605348
v -0.098162 -0.852679 -0.591076
v -0.098162 -0.838387 -0.579764
v -0.191474 -0.854128 -0.596384
v -0.191474 -0.846668 -0.582978
v -0.191474 -0.836224 -0.578829
v -0.191474 -0.822400 -0.582669
v -0.191474 -0.813738 -0.594106
v -0.137002 -0.854233 -0.606031
v -0.127963 -0.849793 -0.613343
v -0.119346 -0.837707 -0.620315
v -0.120679 -0.826598 -0.619239
v -0.128769 -0.817320 -0.612692
v -0.137002 -0.813758 -0.606031
v -0.144508 -0.812890 -0.601785
v -0.191474 -0.813749 -0.605347
v -0.157957 -0.815764 -0.610338
v -0.191474 -0.819549 -0.614962
v -0.165200 -0.820857 -0.616195
v -0.191474 -0.831753 -0.620338
v -0.170245 -0.834243 -0.620281
v -0.164975 -0.847389 -0.616016
v -0.191474 -0.848033 -0.614524
v -0.156601 -0.852818 -0.609240
v -0.144763 -0.854963 -0.602311
vn -0.0556 -0.9916 0.1165
vn 0.0402 -0.5191 0.8537
vn 0.0680 -0.9715 -0.2271
vn -0.1645 0.1425 0.9760
vn 0.0093 -0.2523 0.9676
vn -0.0122 0.2170 0.9761
vn -0.0310 0.8770 0.4795
vn 0.0197 0.9948 0.1000
vn -0.0139 0.9827 0.1847
vn 0.0462 0.9979 -0.0447
vn -0.0768 -0.9244 -0.3736
vn 0.0237 -0.9897 -0.1414
vn -0.0015 -0.9493 -0.3142
vn 0.0958 -0.9015 -0.4220
vn -0.1869 -0.2756 -0.9429
vn 0.0062 0.0081 -0.9999
vn -0.0743 0.3127 -0.9469
vn 0.1311 0.5246 -0.8412
vn -0.0105 0.8093 -0.5873
vn -0.0874 0.7751 -0.6258
vn -0.0708 0.9473 -0.3126
vn -0.0137 0.9947 -0.1014
vn 0.0134 0.9045 -0.4262
vn -0.0376 0.8225 -0.5676
vn -0.0283 0.8160 -0.5774
vn -0.0409 0.4571 -0.8885
vn 0.0072 0.3667 -0.9303
vn 0.0280 -0.4125 -0.9105
vn 0.2862 -0.7025 -0.6516
vn 0.1037 -0.6880 -0.7183
vn 0.0897 -0.9066 -0.4124
s 1
usemtl 0.529412_0.549020_0.588235_0.000000_0.000000
f 7461//3563 7464//3564 7463//3565
f 7464//3564 7461//3563 7462//3566
f 7462//3566 7465//3567 7464//3564
f 7462//3566 7466//3568 7465//3567
f 7466//3568 7462//3566 7454//3569
f 7454//3569 7467//3570 7466//3568
f 7467//3570 7454//3569 7455//3571
f 7467//3570 7455//3571 7456//3572
f 7460//3573 7484//3574 7468//3575
f 7460//3573 7468//3575 7469//3576
f 7469//3576 7459//3577 7460//3573
f 7469//3576 7470//3578 7459//3577
f 7458//3579 7459//3577 7470//3578
f 7458//3579 7470//3578 7471//3580
f 7457//3581 7458//3579 7471//3580
f 7457//3581 7471//3580 7472//3582
f 7456//3572 7457//3581 7472//3582
f 7456//3572 7472//3582 7473//3583
f 7456//3572 7473//3583 7474//3584
f 7474//3584 7475//3585 7467//3570
f 7474//3584 7467//3570 7456//3572
f 7475//3585 7474//3584 7476//3586
f 7476//3586 7477//3587 7475//3585
f 7477//3587 7476//3586 7478//3588
f 7478//3588 7479//3589 7477//3587
f 7478//3588 7480//3590 7479//3589
f 7482//3591 7479//3589 7480//3590
f 7482//3591 7480//3590 7481//3592
f 7481//3592 7483//3593 7482//3591
f 7483//3593 7484//3574 7463//3565
f 7463//3565 7482//3591 7483//3593
f 7484//3574 7460//3573 7461//3563
f 7461//3563 7463//3565 7484//3574
v -0.192142 -0.192158 -0.275840
v -0.192142 -0.202047 -0.286238
v -0.192142 -0.203598 -0.300511
v -0.192142 -0.193906 -0.312399
v -0.192142 -0.178872 -0.315418
v -0.192142 -0.168212 -0.309281
v -0.192142 -0.162975 -0.300589
v -0.192142 -0.162961 -0.290438
v -0.192142 -0.169823 -0.279004
v -0.192142 -0.181071 -0.274033
v -0.098830 -0.162146 -0.293740
v -0.098830 -0.164416 -0.286118
v -0.098830 -0.172553 -0.276903
v -0.098830 -0.187774 -0.274964
v -0.098830 -0.197991 -0.279499
v -0.098830 -0.203047 -0.289463
v -0.151513 -0.162787 -0.299784
v -0.159481 -0.165557 -0.306231
v -0.166117 -0.170486 -0.311600
v -0.170814 -0.182225 -0.315403
v -0.166158 -0.196181 -0.311634
v -0.157168 -0.202241 -0.304359
v -0.147282 -0.204326 -0.297745
v -0.098830 -0.203459 -0.301701
v -0.136140 -0.203202 -0.302469
v -0.098830 -0.195708 -0.311176
v -0.126025 -0.196938 -0.310654
v -0.119635 -0.185576 -0.315823
v -0.098830 -0.181072 -0.315780
v -0.121496 -0.175359 -0.314318
v -0.098830 -0.170643 -0.311614
v -0.128206 -0.167497 -0.308888
v -0.098830 -0.163565 -0.301559
v -0.135439 -0.163789 -0.303035
v -0.144360 -0.162220 -0.296297
vn -0.0001 1.0000 -0.0011
vn -0.0247 0.9595 0.2807
vn 0.0188 0.9994 0.0281
vn 0.1940 0.6685 0.7180
vn -0.1651 0.5362 0.8278
vn 0.0129 0.3061 0.9519
vn -0.0162 -0.5206 0.8537
vn 0.0275 -0.2687 0.9628
vn 0.0387 -0.6870 0.7257
vn -0.0172 -0.6812 0.7319
vn -0.0008 -0.9916 -0.1294
vn 0.0387 0.9987 -0.0345
vn -0.0212 0.9324 -0.3608
vn -0.0301 0.9959 -0.0848
vn -0.1084 0.8316 -0.5446
vn -0.1384 0.5250 -0.8397
vn 0.1297 0.6724 -0.7287
vn 0.0554 0.3934 -0.9177
vn -0.1747 0.1528 -0.9727
vn 0.0149 -0.8011 -0.5983
vn 0.1413 -0.5944 -0.7917
vn 0.0366 -0.8369 -0.5461
vn 0.0311 -0.9932 -0.1121
vn 0.0042 -0.9908 -0.1352
vn 0.0084 -0.9246 -0.3809
vn 0.0136 -0.9277 -0.3732
vn 0.0721 -0.9035 -0.4225
vn -0.0618 -0.2476 -0.9669
vn -0.0076 0.0211 -0.9997
vn -0.0074 0.2633 -0.9647
vn 0.0311 0.2245 -0.9740
vn -0.0357 0.7552 -0.6546
vn -0.0429 0.7293 -0.6828
vn 0.0124 0.9892 -0.1459
vn -0.0456 0.9292 -0.3667
s 1
usemtl 0.529412_0.549020_0.588235_0.000000_0.000000
f 7492//3594 7496//3595 7495//3596
f 7496//3595 7492//3594 7493//3597
f 7493//3597 7497//3598 7496//3595
f 7497//3598 7493//3597 7494//3599
f 7494//3599 7498//3600 7497//3598
f 7498//3600 7494//3599 7485//3601
f 7498//3600 7485//3601 7486//3602
f 7486//3602 7499//3603 7498//3600
f 7486//3602 7500//3604 7499//3603
f 7501//3605 7491//3606 7492//3594
f 7519//3607 7501//3605 7492//3594
f 7491//3606 7501//3605 7502//3608
f 7502//3608 7490//3609 7491//3606
f 7490//3609 7502//3608 7503//3610
f 7504//3611 7489//3612 7490//3609
f 7490//3609 7503//3610 7504//3611
f 7488//3613 7489//3612 7504//3611
f 7504//3611 7505//3614 7488//3613
f 7505//3614 7506//3615 7488//3613
f 7487//3616 7488//3613 7506//3615
f 7486//3602 7487//3616 7507//3617
f 7507//3617 7500//3604 7486//3602
f 7507//3617 7508//3618 7500//3604
f 7508//3618 7507//3617 7509//3619
f 7511//3620 7510//3621 7508//3618
f 7508//3618 7509//3619 7511//3620
f 7511//3620 7512//3622 7510//3621
f 7512//3622 7513//3623 7510//3621
f 7512//3622 7514//3624 7513//3623
f 7515//3625 7513//3623 7514//3624
f 7514//3624 7516//3626 7515//3625
f 7517//3627 7515//3625 7516//3626
f 7517//3627 7516//3626 7518//3628
f 7517//3627 7518//3628 7519//3607
f 7492//3594 7495//3596 7519//3607
f 7495//3596 7517//3627 7519//3607
f 7506//3615 7507//3617 7487//3616
v -0.122720 -0.180416 -0.917770
v -0.127182 -0.171317 -0.922078
v -0.138568 -0.163325 -0.933563
l 7520 7521
l 7522 7521
v -0.351034 -1.330401 -0.672164
v -0.356833 -1.324424 -0.681275
v -0.349078 -1.330431 -0.667445
v -0.367738 -1.313384 -0.687306
l 7525 7523
l 7523 7524
l 7524 7526
v -0.008914 -1.048563 -0.628339
v -0.011309 -1.051942 -0.621571
v -0.019942 -1.061990 -0.614021
v -0.029726 -1.072064 -0.612053
l 7528 7527
l 7528 7529
l 7529 7530
v -0.118822 -0.833976 -0.919313
v -0.122199 -0.830414 -0.917917
v -0.127240 -0.821078 -0.922779
v -0.138814 -0.813633 -0.934568
l 7533 7532
l 7531 7532
l 7534 7533
v 0.307621 -1.072578 -0.612062
v 0.286640 -1.093585 -0.628720
v 0.290282 -1.089677 -0.620805
v 0.295941 -1.084305 -0.615821
v 0.302429 -1.077525 -0.612947
l 7537 7536
l 7537 7538
l 7538 7539
l 7535 7539
v -0.257754 -0.625715 -0.478677
v -0.275594 -0.638268 -0.493178
v -0.269311 -0.634946 -0.486268
v -0.279829 -0.638900 -0.502696
v -0.262534 -0.629688 -0.481121
l 7541 7543
l 7542 7541
l 7542 7544
l 7540 7544
v 0.082381 -0.400792 -0.375182
v 0.060777 -0.422322 -0.391862
v 0.064533 -0.418383 -0.383907
v 0.070468 -0.412680 -0.378754
v 0.077163 -0.405919 -0.375978
l 7547 7546
l 7548 7547
l 7548 7549
l 7545 7549
v -0.233952 -0.203974 -0.303797
v -0.237274 -0.205727 -0.296295
v -0.245376 -0.202187 -0.284136
v -0.253011 -0.196439 -0.278186
l 7550 7551
l 7551 7552
l 7553 7552
v -0.575670 -0.185892 -0.317692
v -0.586841 -0.201104 -0.306915
v -0.578605 -0.193132 -0.315296
v -0.596395 -0.204469 -0.297185
l 7554 7556
l 7556 7555
l 7555 7557
v -0.240107 -0.823955 -0.580047
v -0.246634 -0.831861 -0.578263
v -0.234383 -0.813490 -0.589467
v -0.235942 -0.816615 -0.584905
v -0.253727 -0.839228 -0.579142
l 7561 7560
l 7558 7561
l 7558 7559
l 7559 7562
v -0.585371 -0.603620 -0.480931
v -0.575433 -0.593785 -0.496583
v -0.577633 -0.595718 -0.489752
v -0.595394 -0.613511 -0.476926
l 7564 7565
l 7565 7563
l 7566 7563
v -0.118488 -1.545370 -0.918979
v -0.121884 -1.541844 -0.917541
v -0.126891 -1.532454 -0.922431
v -0.138455 -1.525041 -0.934185
l 7568 7569
l 7567 7568
l 7570 7569
v -0.122491 -0.185915 -0.317657
v -0.133705 -0.201104 -0.306916
v -0.125487 -0.193128 -0.315318
v -0.143260 -0.204469 -0.297185
l 7571 7573
l 7573 7572
l 7572 7574
v -0.032946 -1.312050 -0.645885
v -0.054019 -1.330961 -0.665150
v -0.044206 -1.322899 -0.650790
v -0.050175 -1.327796 -0.656437
v -0.037724 -1.316581 -0.647264
l 7578 7577
l 7576 7578
l 7579 7577
l 7575 7579
v 0.332696 -1.547892 -0.723014
v 0.321507 -1.563149 -0.712250
v 0.329748 -1.555098 -0.720717
v 0.311640 -1.566498 -0.702397
l 7580 7582
l 7581 7582
l 7583 7581
v -0.256323 -0.392252 -0.416169
v -0.234993 -0.419163 -0.408947
v -0.239512 -0.411195 -0.415281
v -0.250101 -0.398433 -0.417643
l 7587 7586
l 7585 7586
l 7584 7587
v -0.031882 -0.831001 -0.620744
v -0.054511 -0.810502 -0.597300
v -0.052468 -0.812662 -0.605507
v -0.046461 -0.816861 -0.613785
v -0.040550 -0.822826 -0.617675
l 7591 7590
l 7589 7590
l 7591 7592
l 7588 7592
v -0.121446 -1.547906 -0.723025
v -0.132613 -1.563134 -0.712266
v -0.124370 -1.555027 -0.720759
v -0.142500 -1.566498 -0.702395
l 7593 7595
l 7594 7595
l 7596 7594
v -0.008471 -1.522628 -0.698423
v -0.014518 -1.526061 -0.711390
v -0.020890 -1.531819 -0.717130
v -0.010352 -1.522627 -0.703751
v -0.028225 -1.538827 -0.720490
l 7597 7600
l 7598 7600
l 7598 7599
l 7601 7599
v -0.145969 -0.812767 -0.600800
v -0.167055 -0.829366 -0.622046
v -0.163359 -0.821525 -0.618281
v -0.157745 -0.816663 -0.613110
v -0.151110 -0.813635 -0.605972
l 7604 7603
l 7605 7606
l 7604 7605
l 7602 7606
v -0.122947 -1.552089 -0.918361
v -0.121034 -1.546554 -0.917523
v -0.140291 -1.566149 -0.935864
v -0.133622 -1.564039 -0.929481
v -0.127359 -1.559268 -0.922880
l 7611 7610
l 7611 7607
l 7607 7608
l 7610 7609
v -0.140574 -1.524520 -0.704390
v -0.133366 -1.526917 -0.711303
v -0.124406 -1.536194 -0.720686
v -0.121108 -1.544164 -0.723071
l 7614 7615
l 7612 7613
l 7613 7614
v -0.246386 -0.417980 -0.384546
v -0.253367 -0.412639 -0.379362
v -0.237664 -0.422267 -0.396608
v -0.234323 -0.421061 -0.404993
l 7616 7618
l 7618 7619
l 7616 7617
v 0.313563 -1.524520 -0.704390
v 0.320773 -1.526923 -0.711348
v 0.329731 -1.536140 -0.720638
v 0.332988 -1.544224 -0.723108
l 7622 7623
l 7620 7621
l 7621 7622
v -0.033444 -1.306493 -0.687916
v -0.040808 -1.314245 -0.687177
v -0.048594 -1.322141 -0.683629
v -0.053598 -1.328974 -0.675653
l 7627 7626
l 7624 7625
l 7626 7625
v -0.049140 -0.818698 -0.583601
v -0.054016 -0.812949 -0.591517
v -0.035971 -0.832933 -0.578518
v -0.042538 -0.826038 -0.579685
l 7628 7631
l 7631 7630
l 7629 7628
v -0.029462 -1.545969 -0.679095
v -0.011432 -1.525955 -0.688523
v -0.008824 -1.522948 -0.695204
v -0.019640 -1.535555 -0.681192
l 7635 7632
l 7633 7635
l 7633 7634
v -0.133521 -0.165290 -0.306732
v -0.125314 -0.174496 -0.315373
v -0.140689 -0.162688 -0.299779
v -0.122006 -0.182528 -0.317652
l 7639 7637
l 7636 7638
l 7636 7637
v -0.587842 -0.605866 -0.516582
v -0.581394 -0.599398 -0.511752
v -0.576788 -0.594953 -0.504290
v -0.594184 -0.612401 -0.518689
v -0.575252 -0.593806 -0.498562
l 7641 7640
l 7641 7642
l 7642 7644
l 7640 7643
v -0.246931 -0.816283 -0.612017
v -0.235851 -0.811637 -0.595912
v -0.253357 -0.821311 -0.616723
v -0.240435 -0.812532 -0.604926
v -0.234221 -0.813059 -0.590523
l 7645 7648
l 7648 7646
l 7646 7649
l 7645 7647
v -0.586717 -0.165249 -0.306672
v -0.578613 -0.174164 -0.315248
v -0.593825 -0.162688 -0.299779
v -0.575220 -0.182262 -0.317665
l 7653 7651
l 7650 7652
l 7650 7651
v 0.081839 -0.401271 -0.417594
v 0.066702 -0.416237 -0.411290
v 0.061341 -0.421765 -0.402285
v 0.074295 -0.408957 -0.415778
l 7657 7655
l 7656 7655
l 7654 7657
v -0.231875 -0.202547 -0.304104
v -0.256656 -0.175422 -0.314587
v -0.240817 -0.193074 -0.314539
v -0.235296 -0.202044 -0.308086
v -0.251166 -0.180686 -0.316031
l 7660 7662
l 7660 7661
l 7659 7662
l 7658 7661
v -0.257753 -0.607687 -0.517158
v -0.269065 -0.619198 -0.519385
v -0.275062 -0.626203 -0.517812
v -0.279790 -0.634302 -0.512060
v -0.262653 -0.612250 -0.518681
l 7665 7666
l 7664 7667
l 7665 7664
l 7667 7663
v -0.134638 -0.201996 -0.929743
v -0.128397 -0.197293 -0.923305
v -0.123786 -0.189705 -0.918659
v -0.122100 -0.184026 -0.917710
v -0.141245 -0.204145 -0.936169
l 7669 7668
l 7670 7671
l 7668 7672
l 7670 7669
v -0.134030 -0.852660 -0.929853
v -0.127691 -0.847861 -0.923260
v -0.123110 -0.840274 -0.918613
v -0.140582 -0.854760 -0.936172
v -0.121450 -0.834652 -0.917732
l 7674 7673
l 7674 7675
l 7677 7675
l 7673 7676
v 0.292785 -1.086906 -0.648517
v 0.287284 -1.092937 -0.639303
v 0.305019 -1.075013 -0.654116
v 0.298775 -1.081509 -0.652204
l 7679 7678
l 7681 7680
l 7678 7681
v -0.144819 -0.855223 -0.599707
v -0.166054 -0.840796 -0.620996
v -0.149576 -0.854669 -0.604576
v -0.157839 -0.851243 -0.612844
l 7685 7683
l 7685 7684
l 7682 7684
v -0.028021 -1.064604 -0.653398
v -0.014485 -1.052298 -0.644605
v -0.010350 -1.048584 -0.636910
v -0.008709 -1.048235 -0.631195
v -0.021160 -1.057948 -0.650281
l 7687 7690
l 7688 7687
l 7688 7689
l 7686 7690
v -0.361139 -1.319821 -0.648623
v -0.368777 -1.312264 -0.645990
v -0.352902 -1.328619 -0.657787
v -0.349519 -1.330766 -0.665674
l 7693 7691
l 7694 7693
l 7692 7691
