# path: all parts in one mesh, textured by path.png
mtllib path.mtl
o path
usemtl path
v -0.376579 0.021907 -0.364882
v -0.380816 0.021487 -0.364882
v -0.384891 0.020240 -0.364882
v -0.388649 0.018214 -0.364882
v -0.391941 0.015490 -0.364882
v -0.394641 0.012172 -0.364882
v -0.396651 0.008383 -0.364882
v -0.397886 0.004273 -0.364882
v -0.398305 0.000000 -0.364882
v -0.398305 0.000000 -0.408792
v -0.397886 -0.004273 -0.364882
v -0.396651 -0.008383 -0.364882
v -0.394641 -0.012172 -0.364882
v -0.391941 -0.015490 -0.364882
v -0.388649 -0.018216 -0.364882
v -0.384891 -0.020240 -0.364882
v -0.380816 -0.021487 -0.364882
v -0.376579 -0.021907 -0.364882
v -0.372340 -0.021487 -0.364882
v -0.368264 -0.020240 -0.364882
v -0.364509 -0.018214 -0.364882
v -0.361217 -0.015490 -0.364882
v -0.358513 -0.012172 -0.364882
v -0.356507 -0.008383 -0.364882
v -0.355269 -0.004273 -0.364882
v -0.354853 0.000000 -0.364882
v -0.354853 0.000000 -0.408792
v -0.355269 0.004273 -0.364882
v -0.356507 0.008383 -0.364882
v -0.358513 0.012172 -0.364882
v -0.361217 0.015490 -0.364882
v -0.364509 0.018214 -0.364882
v -0.368264 0.020240 -0.364882
v -0.372340 0.021487 -0.364882
v -0.376579 0.024099 -0.364882
v -0.381241 0.023635 -0.364882
v -0.385724 0.022264 -0.364882
v -0.389855 0.020038 -0.364882
v -0.393477 0.017041 -0.364882
v -0.396449 0.013388 -0.364882
v -0.398657 0.009223 -0.364882
v -0.400016 0.004701 -0.364882
v -0.400476 0.000000 -0.364882
v -0.400016 -0.004701 -0.364882
v -0.398657 -0.009223 -0.364882
v -0.396449 -0.013388 -0.364882
v -0.393477 -0.017041 -0.364882
v -0.389855 -0.020038 -0.364882
v -0.385724 -0.022264 -0.364882
v -0.381241 -0.023635 -0.364882
v -0.376579 -0.024099 -0.364882
v -0.371917 -0.023635 -0.364882
v -0.367432 -0.022264 -0.364882
v -0.363301 -0.020038 -0.364882
v -0.359681 -0.017041 -0.364882
v -0.356707 -0.013388 -0.364882
v -0.354499 -0.009223 -0.364882
v -0.353140 -0.004701 -0.364882
v -0.352680 0.000000 -0.364882
v -0.353140 0.004701 -0.364882
v -0.354499 0.009223 -0.364882
v -0.356707 0.013388 -0.364882
v -0.359681 0.017041 -0.364882
v -0.363301 0.020038 -0.364882
v -0.367432 0.022264 -0.364882
v -0.371917 0.023635 -0.364882
v -0.376579 0.024099 -0.350245
v -0.381241 0.023635 -0.350245
v -0.385724 0.022264 -0.350245
v -0.389855 0.020038 -0.350245
v -0.393477 0.017041 -0.350245
v -0.396449 0.013388 -0.350245
v -0.398657 0.009223 -0.350245
v -0.400016 0.004701 -0.350245
v -0.400476 0.000000 -0.350245
v -0.400016 -0.004701 -0.350245
v -0.398657 -0.009223 -0.350245
v -0.396449 -0.013388 -0.350245
v -0.393477 -0.017041 -0.350245
v -0.389855 -0.020038 -0.350245
v -0.385724 -0.022264 -0.350245
v -0.381241 -0.023635 -0.350245
v -0.376579 -0.024099 -0.350245
v -0.371917 -0.023635 -0.350245
v -0.367432 -0.022264 -0.350245
v -0.363301 -0.020038 -0.350245
v -0.359681 -0.017041 -0.350245
v -0.356707 -0.013388 -0.350245
v -0.354499 -0.009223 -0.350245
v -0.353140 -0.004701 -0.350245
v -0.352680 0.000000 -0.350245
v -0.353140 0.004701 -0.350245
v -0.354499 0.009223 -0.350245
v -0.356707 0.013388 -0.350245
v -0.359681 0.017041 -0.350245
v -0.363301 0.020038 -0.350245
v -0.367432 0.022264 -0.350245
v -0.371917 0.023635 -0.350245
v -0.376579 0.029210 -0.430747
v -0.376579 -0.029210 -0.430747
v -0.380816 0.029210 -0.430325
v -0.380816 -0.029210 -0.430325
v -0.384891 0.029210 -0.429076
v -0.384891 -0.029210 -0.429076
v -0.388649 0.029210 -0.427047
v -0.388649 -0.029210 -0.427047
v -0.391941 0.029210 -0.424316
v -0.391941 -0.029210 -0.424316
v -0.394641 0.029210 -0.420990
v -0.394641 -0.029210 -0.420990
v -0.396651 0.029210 -0.417193
v -0.396651 -0.029210 -0.417193
v -0.397886 0.029210 -0.413074
v -0.397886 -0.029210 -0.413074
v -0.398305 0.029210 -0.408792
v -0.398305 -0.029210 -0.408792
v -0.397886 0.029210 -0.404509
v -0.397886 -0.029210 -0.404509
v -0.396651 0.029210 -0.400390
v -0.396651 -0.029210 -0.400390
v -0.394641 0.029210 -0.396594
v -0.394641 -0.029210 -0.396594
v -0.391941 0.029210 -0.393268
v -0.391941 -0.029210 -0.393268
v -0.388649 0.029210 -0.390536
v -0.388649 -0.029210 -0.390536
v -0.384891 0.029210 -0.388508
v -0.384891 -0.029210 -0.388508
v -0.380816 0.029210 -0.387258
v -0.380816 -0.029210 -0.387258
v -0.376579 0.029210 -0.386837
v -0.376579 -0.029210 -0.386837
v -0.372340 0.029210 -0.387258
v -0.372340 -0.029210 -0.387258
v -0.368264 0.029210 -0.388508
v -0.368264 -0.029210 -0.388508
v -0.364509 0.029210 -0.390536
v -0.364509 -0.029210 -0.390536
v -0.361217 0.029210 -0.393268
v -0.361217 -0.029210 -0.393268
v -0.358513 0.029210 -0.396594
v -0.358513 -0.029210 -0.396594
v -0.356507 0.029210 -0.400390
v -0.356507 -0.029210 -0.400390
v -0.355269 0.029210 -0.404509
v -0.355269 -0.029210 -0.404509
v -0.354853 0.029210 -0.408792
v -0.354853 -0.029210 -0.408792
v -0.355269 0.029210 -0.413074
v -0.355269 -0.029210 -0.413074
v -0.356507 0.029210 -0.417193
v -0.356507 -0.029210 -0.417193
v -0.358513 0.029210 -0.420990
v -0.358513 -0.029210 -0.420990
v -0.361217 0.029210 -0.424316
v -0.361217 -0.029210 -0.424316
v -0.364509 0.029210 -0.427047
v -0.364509 -0.029210 -0.427047
v -0.368264 0.029210 -0.429076
v -0.368264 -0.029210 -0.429076
v -0.372340 0.029210 -0.430325
v -0.372340 -0.029210 -0.430325
v -0.376579 0.029210 -0.432944
v -0.381241 0.029210 -0.432478
v -0.385724 0.029210 -0.431104
v -0.389855 0.029210 -0.428873
v -0.393477 0.029210 -0.425869
v -0.396449 0.029210 -0.422209
v -0.398657 0.029210 -0.418035
v -0.400016 0.029210 -0.413503
v -0.400476 0.029210 -0.408792
v -0.400016 0.029210 -0.404080
v -0.398657 0.029210 -0.399549
v -0.396449 0.029210 -0.395374
v -0.393477 0.029210 -0.391714
v -0.389855 0.029210 -0.388711
v -0.385724 0.029210 -0.386479
v -0.381241 0.029210 -0.385106
v -0.376579 0.029210 -0.384642
v -0.371917 0.029210 -0.385106
v -0.367432 0.029210 -0.386479
v -0.363301 0.029210 -0.388711
v -0.359681 0.029210 -0.391714
v -0.356707 0.029210 -0.395374
v -0.354499 0.029210 -0.399549
v -0.353140 0.029210 -0.404080
v -0.352680 0.029210 -0.408792
v -0.353140 0.029210 -0.413503
v -0.354499 0.029210 -0.418035
v -0.356707 0.029210 -0.422209
v -0.359681 0.029210 -0.425869
v -0.363301 0.029210 -0.428873
v -0.367432 0.029210 -0.431104
v -0.371917 0.029210 -0.432478
v -0.376579 0.043815 -0.432944
v -0.381241 0.043815 -0.432478
v -0.385724 0.043815 -0.431104
v -0.389855 0.043815 -0.428873
v -0.393477 0.043815 -0.425869
v -0.396449 0.043815 -0.422209
v -0.398657 0.043815 -0.418035
v -0.400016 0.043815 -0.413503
v -0.400476 0.043815 -0.408792
v -0.400016 0.043815 -0.404080
v -0.398657 0.043815 -0.399549
v -0.396449 0.043815 -0.395374
v -0.393477 0.043815 -0.391714
v -0.389855 0.043815 -0.388711
v -0.385724 0.043815 -0.386479
v -0.381241 0.043815 -0.385106
v -0.376579 0.043815 -0.384642
v -0.371917 0.043815 -0.385106
v -0.367432 0.043815 -0.386479
v -0.363301 0.043815 -0.388711
v -0.359681 0.043815 -0.391714
v -0.356707 0.043815 -0.395374
v -0.354499 0.043815 -0.399549
v -0.353140 0.043815 -0.404080
v -0.352680 0.043815 -0.408792
v -0.353140 0.043815 -0.413503
v -0.354499 0.043815 -0.418035
v -0.356707 0.043815 -0.422209
v -0.359681 0.043815 -0.425869
v -0.363301 0.043815 -0.428873
v -0.367432 0.043815 -0.431104
v -0.371917 0.043815 -0.432478
v -0.376579 -0.029210 -0.432944
v -0.381241 -0.029210 -0.432478
v -0.385724 -0.029210 -0.431104
v -0.389855 -0.029210 -0.428873
v -0.393477 -0.029210 -0.425869
v -0.396449 -0.029210 -0.422209
v -0.398657 -0.029210 -0.418035
v -0.400016 -0.029210 -0.413503
v -0.400476 -0.029210 -0.408792
v -0.400016 -0.029210 -0.404080
v -0.398657 -0.029210 -0.399549
v -0.396449 -0.029210 -0.395374
v -0.393477 -0.029210 -0.391714
v -0.389855 -0.029210 -0.388711
v -0.385724 -0.029210 -0.386479
v -0.381241 -0.029210 -0.385106
v -0.376579 -0.029210 -0.384642
v -0.371917 -0.029210 -0.385106
v -0.367432 -0.029210 -0.386479
v -0.363301 -0.029210 -0.388711
v -0.359681 -0.029210 -0.391714
v -0.356707 -0.029210 -0.395374
v -0.354499 -0.029210 -0.399549
v -0.353140 -0.029210 -0.404080
v -0.352680 -0.029210 -0.408792
v -0.353140 -0.029210 -0.413503
v -0.354499 -0.029210 -0.418035
v -0.356707 -0.029210 -0.422209
v -0.359681 -0.029210 -0.425869
v -0.363301 -0.029210 -0.428873
v -0.367432 -0.029210 -0.431104
v -0.371917 -0.029210 -0.432478
v -0.376579 -0.043815 -0.432944
v -0.381241 -0.043815 -0.432478
v -0.385724 -0.043815 -0.431104
v -0.389855 -0.043815 -0.428873
v -0.393477 -0.043815 -0.425869
v -0.396449 -0.043815 -0.422209
v -0.398657 -0.043815 -0.418035
v -0.400016 -0.043815 -0.413503
v -0.400476 -0.043815 -0.408792
v -0.400016 -0.043815 -0.404080
v -0.398657 -0.043815 -0.399549
v -0.396449 -0.043815 -0.395374
v -0.393477 -0.043815 -0.391714
v -0.389855 -0.043815 -0.388711
v -0.385724 -0.043815 -0.386479
v -0.381241 -0.043815 -0.385106
v -0.376579 -0.043815 -0.384642
v -0.371917 -0.043815 -0.385106
v -0.367432 -0.043815 -0.386479
v -0.363301 -0.043815 -0.388711
v -0.359681 -0.043815 -0.391714
v -0.356707 -0.043815 -0.395374
v -0.354499 -0.043815 -0.399549
v -0.353140 -0.043815 -0.404080
v -0.352680 -0.043815 -0.408792
v -0.353140 -0.043815 -0.413503
v -0.354499 -0.043815 -0.418035
v -0.356707 -0.043815 -0.422209
v -0.359681 -0.043815 -0.425869
v -0.363301 -0.043815 -0.428873
v -0.367432 -0.043815 -0.431104
v -0.371917 -0.043815 -0.432478
v -0.376579 0.021907 -0.386837
v -0.384891 -0.020240 -0.388508
v -0.361217 0.015490 -0.393268
v -0.380816 0.021487 -0.387258
v -0.380816 -0.021487 -0.387258
v -0.364509 0.018214 -0.390536
v -0.394641 0.012172 -0.396594
v -0.394641 -0.012172 -0.396594
v -0.384891 0.020240 -0.388508
v -0.368264 0.020240 -0.388508
v -0.391941 -0.015490 -0.393268
v -0.376579 -0.021907 -0.386837
v -0.391941 0.015490 -0.393268
v -0.388649 0.018214 -0.390536
v -0.372340 -0.021487 -0.387258
v -0.368264 -0.020240 -0.388508
v -0.388649 -0.018216 -0.390536
v -0.364509 -0.018214 -0.390536
v -0.372340 0.021487 -0.387258
v -0.361217 -0.015490 -0.393268
v -0.396651 0.008383 -0.400390
v -0.358513 -0.012172 -0.396594
v -0.397886 0.004273 -0.404509
v -0.356507 -0.008383 -0.400390
v -0.397886 -0.004273 -0.404509
v -0.355269 -0.004273 -0.404509
v -0.396651 -0.008383 -0.400390
v -0.355269 0.004273 -0.404509
v -0.356507 0.008383 -0.400390
v -0.358513 0.012172 -0.396594
v -0.359198 0.000000 -0.389338
v -0.359198 0.000000 -0.038056
v -0.359531 -0.003420 -0.389338
v -0.359531 -0.003420 -0.038056
v -0.360520 -0.006707 -0.389338
v -0.360520 -0.006707 -0.038056
v -0.362126 -0.009736 -0.389338
v -0.362126 -0.009736 -0.038056
v -0.364288 -0.012392 -0.389338
v -0.364288 -0.012392 -0.038056
v -0.366921 -0.014573 -0.389338
v -0.366921 -0.014573 -0.038056
v -0.369927 -0.016192 -0.389338
v -0.369927 -0.016192 -0.038056
v -0.373189 -0.017188 -0.389338
v -0.373189 -0.017188 -0.038056
v -0.376579 -0.017526 -0.389338
v -0.376579 -0.017526 -0.038056
v -0.379969 -0.017188 -0.389338
v -0.379969 -0.017188 -0.038056
v -0.383228 -0.016192 -0.389338
v -0.383228 -0.016192 -0.038056
v -0.386234 -0.014573 -0.389338
v -0.386234 -0.014573 -0.038056
v -0.388868 -0.012392 -0.389338
v -0.388868 -0.012392 -0.038056
v -0.391030 -0.009736 -0.389338
v -0.391030 -0.009736 -0.038056
v -0.392635 -0.006707 -0.389338
v -0.392635 -0.006707 -0.038056
v -0.393624 -0.003420 -0.389338
v -0.393624 -0.003420 -0.038056
v -0.393958 0.000000 -0.389338
v -0.393958 0.000000 -0.038056
v -0.393624 0.003420 -0.389338
v -0.393624 0.003420 -0.038056
v -0.392635 0.006707 -0.389338
v -0.392635 0.006707 -0.038056
v -0.391030 0.009736 -0.389338
v -0.391030 0.009736 -0.038056
v -0.388868 0.012392 -0.389338
v -0.388868 0.012392 -0.038056
v -0.386234 0.014573 -0.389338
v -0.386234 0.014573 -0.038056
v -0.383228 0.016192 -0.389338
v -0.383228 0.016192 -0.038056
v -0.379969 0.017188 -0.389338
v -0.379969 0.017188 -0.038056
v -0.376579 0.017526 -0.389338
v -0.376579 0.017526 -0.038056
v -0.373189 0.017188 -0.389338
v -0.373189 0.017188 -0.038056
v -0.369927 0.016192 -0.389338
v -0.369927 0.016192 -0.038056
v -0.366921 0.014573 -0.389338
v -0.366921 0.014573 -0.038056
v -0.364288 0.012392 -0.389338
v -0.364288 0.012392 -0.038056
v -0.362126 0.009736 -0.389338
v -0.362126 0.009736 -0.038056
v -0.360520 0.006707 -0.389338
v -0.360520 0.006707 -0.038056
v -0.359531 0.003420 -0.389338
v -0.359531 0.003420 -0.038056
v -0.376579 -0.021907 -0.068364
v -0.380816 -0.021487 -0.068364
v -0.384891 -0.020240 -0.068364
v -0.388649 -0.018214 -0.068364
v -0.391941 -0.015490 -0.068364
v -0.394641 -0.012172 -0.068364
v -0.396651 -0.008383 -0.068364
v -0.397886 -0.004273 -0.068364
v -0.398305 0.000000 -0.068364
v -0.398305 0.000000 -0.024454
v -0.397886 0.004273 -0.068364
v -0.396651 0.008383 -0.068364
v -0.394641 0.012172 -0.068364
v -0.391941 0.015490 -0.068364
v -0.388649 0.018216 -0.068364
v -0.384891 0.020240 -0.068364
v -0.380816 0.021487 -0.068364
v -0.376579 0.021907 -0.068364
v -0.372340 0.021487 -0.068364
v -0.368264 0.020240 -0.068364
v -0.364509 0.018216 -0.068364
v -0.361217 0.015490 -0.068364
v -0.358513 0.012172 -0.068364
v -0.356507 0.008383 -0.068364
v -0.355269 0.004273 -0.068364
v -0.354853 0.000000 -0.068364
v -0.354853 0.000000 -0.024454
v -0.355269 -0.004273 -0.068364
v -0.356507 -0.008383 -0.068364
v -0.358513 -0.012172 -0.068364
v -0.361217 -0.015490 -0.068364
v -0.364509 -0.018214 -0.068364
v -0.368264 -0.020240 -0.068364
v -0.372340 -0.021487 -0.068364
v -0.376579 -0.024099 -0.068364
v -0.381241 -0.023635 -0.068364
v -0.385724 -0.022264 -0.068364
v -0.389855 -0.020038 -0.068364
v -0.393477 -0.017041 -0.068364
v -0.396449 -0.013388 -0.068364
v -0.398657 -0.009223 -0.068364
v -0.400016 -0.004701 -0.068364
v -0.400476 0.000000 -0.068364
v -0.400016 0.004701 -0.068364
v -0.398657 0.009223 -0.068364
v -0.396449 0.013388 -0.068364
v -0.393477 0.017041 -0.068364
v -0.389855 0.020038 -0.068364
v -0.385724 0.022264 -0.068364
v -0.381241 0.023635 -0.068364
v -0.376579 0.024099 -0.068364
v -0.371917 0.023635 -0.068364
v -0.367432 0.022264 -0.068364
v -0.363301 0.020038 -0.068364
v -0.359681 0.017041 -0.068364
v -0.356707 0.013388 -0.068364
v -0.354499 0.009223 -0.068364
v -0.353140 0.004701 -0.068364
v -0.352680 0.000000 -0.068364
v -0.353140 -0.004701 -0.068364
v -0.354499 -0.009223 -0.068364
v -0.356707 -0.013388 -0.068364
v -0.359681 -0.017041 -0.068364
v -0.363301 -0.020038 -0.068364
v -0.367432 -0.022264 -0.068364
v -0.371917 -0.023635 -0.068364
v -0.376579 -0.024099 -0.083001
v -0.381241 -0.023635 -0.083001
v -0.385724 -0.022264 -0.083001
v -0.389855 -0.020038 -0.083001
v -0.393477 -0.017041 -0.083001
v -0.396449 -0.013388 -0.083001
v -0.398657 -0.009223 -0.083001
v -0.400016 -0.004701 -0.083001
v -0.400476 0.000000 -0.083001
v -0.400016 0.004701 -0.083001
v -0.398657 0.009223 -0.083001
v -0.396449 0.013388 -0.083001
v -0.393477 0.017041 -0.083001
v -0.389855 0.020038 -0.083001
v -0.385724 0.022264 -0.083001
v -0.381241 0.023635 -0.083001
v -0.376579 0.024099 -0.083001
v -0.371917 0.023635 -0.083001
v -0.367432 0.022264 -0.083001
v -0.363301 0.020038 -0.083001
v -0.359681 0.017041 -0.083001
v -0.356707 0.013388 -0.083001
v -0.354499 0.009223 -0.083001
v -0.353140 0.004701 -0.083001
v -0.352680 0.000000 -0.083001
v -0.353140 -0.004701 -0.083001
v -0.354499 -0.009223 -0.083001
v -0.356707 -0.013388 -0.083001
v -0.359681 -0.017041 -0.083001
v -0.363301 -0.020038 -0.083001
v -0.367432 -0.022264 -0.083001
v -0.371917 -0.023635 -0.083001
v -0.376579 -0.029210 -0.002499
v -0.376579 0.029210 -0.002499
v -0.380816 -0.029210 -0.002923
v -0.380816 0.029210 -0.002923
v -0.384891 -0.029210 -0.004172
v -0.384891 0.029210 -0.004172
v -0.388649 -0.029210 -0.006200
v -0.388649 0.029210 -0.006200
v -0.391941 -0.029210 -0.008930
v -0.391941 0.029210 -0.008930
v -0.394641 -0.029210 -0.012258
v -0.394641 0.029210 -0.012258
v -0.396651 -0.029210 -0.016052
v -0.396651 0.029210 -0.016052
v -0.397886 -0.029210 -0.020171
v -0.397886 0.029210 -0.020171
v -0.398305 -0.029210 -0.024454
v -0.398305 0.029210 -0.024454
v -0.397886 -0.029210 -0.028739
v -0.397886 0.029210 -0.028739
v -0.396651 -0.029210 -0.032858
v -0.396651 0.029210 -0.032858
v -0.394641 -0.029210 -0.036652
v -0.394641 0.029210 -0.036652
v -0.391941 -0.029210 -0.039980
v -0.391941 0.029210 -0.039980
v -0.388649 -0.029210 -0.042709
v -0.388649 0.029210 -0.042709
v -0.384891 -0.029210 -0.044738
v -0.384891 0.029210 -0.044738
v -0.380816 -0.029210 -0.045987
v -0.380816 0.029210 -0.045987
v -0.376579 -0.029210 -0.046409
v -0.376579 0.029210 -0.046409
v -0.372340 -0.029210 -0.045987
v -0.372340 0.029210 -0.045987
v -0.368264 -0.029210 -0.044738
v -0.368264 0.029210 -0.044738
v -0.364509 -0.029210 -0.042709
v -0.364509 0.029210 -0.042709
v -0.361217 -0.029210 -0.039980
v -0.361217 0.029210 -0.039980
v -0.358513 -0.029210 -0.036652
v -0.358513 0.029210 -0.036652
v -0.356507 -0.029210 -0.032858
v -0.356507 0.029210 -0.032858
v -0.355269 -0.029210 -0.028739
v -0.355269 0.029210 -0.028739
v -0.354853 -0.029210 -0.024454
v -0.354853 0.029210 -0.024454
v -0.355269 -0.029210 -0.020171
v -0.355269 0.029210 -0.020171
v -0.356507 -0.029210 -0.016052
v -0.356507 0.029210 -0.016052
v -0.358513 -0.029210 -0.012258
v -0.358513 0.029210 -0.012258
v -0.361217 -0.029210 -0.008930
v -0.361217 0.029210 -0.008930
v -0.364509 -0.029210 -0.006200
v -0.364509 0.029210 -0.006200
v -0.368264 -0.029210 -0.004172
v -0.368264 0.029210 -0.004172
v -0.372340 -0.029210 -0.002923
v -0.372340 0.029210 -0.002923
v -0.376579 -0.029210 -0.000304
v -0.381241 -0.029210 -0.000768
v -0.385724 -0.029210 -0.002144
v -0.389855 -0.029210 -0.004375
v -0.393477 -0.029210 -0.007378
v -0.396449 -0.029210 -0.011036
v -0.398657 -0.029210 -0.015213
v -0.400016 -0.029210 -0.019742
v -0.400476 -0.029210 -0.024454
v -0.400016 -0.029210 -0.029167
v -0.398657 -0.029210 -0.033697
v -0.396449 -0.029210 -0.037871
v -0.393477 -0.029210 -0.041531
v -0.389855 -0.029210 -0.044535
v -0.385724 -0.029210 -0.046766
v -0.381241 -0.029210 -0.048142
v -0.376579 -0.029210 -0.048606
v -0.371917 -0.029210 -0.048142
v -0.367432 -0.029210 -0.046766
v -0.363301 -0.029210 -0.044535
v -0.359681 -0.029210 -0.041531
v -0.356707 -0.029210 -0.037871
v -0.354499 -0.029210 -0.033697
v -0.353140 -0.029210 -0.029167
v -0.352680 -0.029210 -0.024454
v -0.353140 -0.029210 -0.019742
v -0.354499 -0.029210 -0.015213
v -0.356707 -0.029210 -0.011036
v -0.359681 -0.029210 -0.007378
v -0.363301 -0.029210 -0.004375
v -0.367432 -0.029210 -0.002144
v -0.371917 -0.029210 -0.000768
v -0.376579 -0.043815 -0.000304
v -0.381241 -0.043815 -0.000768
v -0.385724 -0.043815 -0.002144
v -0.389855 -0.043815 -0.004375
v -0.393477 -0.043815 -0.007378
v -0.396449 -0.043815 -0.011036
v -0.398657 -0.043815 -0.015213
v -0.400016 -0.043815 -0.019742
v -0.400476 -0.043815 -0.024454
v -0.400016 -0.043815 -0.029167
v -0.398657 -0.043815 -0.033697
v -0.396449 -0.043815 -0.037871
v -0.393477 -0.043815 -0.041531
v -0.389855 -0.043815 -0.044535
v -0.385724 -0.043815 -0.046766
v -0.381241 -0.043815 -0.048142
v -0.376579 -0.043815 -0.048606
v -0.371917 -0.043815 -0.048142
v -0.367432 -0.043815 -0.046766
v -0.363301 -0.043815 -0.044535
v -0.359681 -0.043815 -0.041531
v -0.356707 -0.043815 -0.037871
v -0.354499 -0.043815 -0.033697
v -0.353140 -0.043815 -0.029167
v -0.352680 -0.043815 -0.024454
v -0.353140 -0.043815 -0.019742
v -0.354499 -0.043815 -0.015213
v -0.356707 -0.043815 -0.011036
v -0.359681 -0.043815 -0.007378
v -0.363301 -0.043815 -0.004375
v -0.367432 -0.043815 -0.002144
v -0.371917 -0.043815 -0.000768
v -0.376579 0.029210 -0.000304
v -0.381241 0.029210 -0.000768
v -0.385724 0.029210 -0.002144
v -0.389855 0.029210 -0.004375
v -0.393477 0.029210 -0.007378
v -0.396449 0.029210 -0.011036
v -0.398657 0.029210 -0.015213
v -0.400016 0.029210 -0.019742
v -0.400476 0.029210 -0.024454
v -0.400016 0.029210 -0.029167
v -0.398657 0.029210 -0.033697
v -0.396449 0.029210 -0.037871
v -0.393477 0.029210 -0.041531
v -0.389855 0.029210 -0.044535
v -0.385724 0.029210 -0.046766
v -0.381241 0.029210 -0.048142
v -0.376579 0.029210 -0.048606
v -0.371917 0.029210 -0.048142
v -0.367432 0.029210 -0.046766
v -0.363301 0.029210 -0.044535
v -0.359681 0.029210 -0.041531
v -0.356707 0.029210 -0.037871
v -0.354499 0.029210 -0.033697
v -0.353140 0.029210 -0.029167
v -0.352680 0.029210 -0.024454
v -0.353140 0.029210 -0.019742
v -0.354499 0.029210 -0.015213
v -0.356707 0.029210 -0.011036
v -0.359681 0.029210 -0.007378
v -0.363301 0.029210 -0.004375
v -0.367432 0.029210 -0.002144
v -0.371917 0.029210 -0.000768
v -0.376579 0.043815 -0.000304
v -0.381241 0.043815 -0.000768
v -0.385724 0.043815 -0.002144
v -0.389855 0.043815 -0.004375
v -0.393477 0.043815 -0.007378
v -0.396449 0.043815 -0.011036
v -0.398657 0.043815 -0.015213
v -0.400016 0.043815 -0.019742
v -0.400476 0.043815 -0.024454
v -0.400016 0.043815 -0.029167
v -0.398657 0.043815 -0.033697
v -0.396449 0.043815 -0.037871
v -0.393477 0.043815 -0.041531
v -0.389855 0.043815 -0.044535
v -0.385724 0.043815 -0.046766
v -0.381241 0.043815 -0.048142
v -0.376579 0.043815 -0.048606
v -0.371917 0.043815 -0.048142
v -0.367432 0.043815 -0.046766
v -0.363301 0.043815 -0.044535
v -0.359681 0.043815 -0.041531
v -0.356707 0.043815 -0.037871
v -0.354499 0.043815 -0.033697
v -0.353140 0.043815 -0.029167
v -0.352680 0.043815 -0.024454
v -0.353140 0.043815 -0.019742
v -0.354499 0.043815 -0.015213
v -0.356707 0.043815 -0.011036
v -0.359681 0.043815 -0.007378
v -0.363301 0.043815 -0.004375
v -0.367432 0.043815 -0.002144
v -0.371917 0.043815 -0.000768
v -0.376579 -0.021907 -0.046409
v -0.384891 0.020240 -0.044738
v -0.361217 -0.015490 -0.039980
v -0.380816 -0.021487 -0.045987
v -0.380816 0.021487 -0.045987
v -0.364509 -0.018214 -0.042709
v -0.394641 -0.012172 -0.036652
v -0.394641 0.012172 -0.036652
v -0.384891 -0.020240 -0.044738
v -0.368264 -0.020240 -0.044738
v -0.391941 0.015490 -0.039980
v -0.376579 0.021907 -0.046409
v -0.391941 -0.015490 -0.039980
v -0.388649 -0.018214 -0.042709
v -0.372340 0.021487 -0.045987
v -0.368264 0.020240 -0.044738
v -0.388649 0.018214 -0.042709
v -0.364509 0.018216 -0.042709
v -0.372340 -0.021487 -0.045987
v -0.361217 0.015490 -0.039980
v -0.396651 -0.008383 -0.032858
v -0.358513 0.012172 -0.036652
v -0.397886 -0.004273 -0.028739
v -0.356507 0.008383 -0.032858
v -0.397886 0.004273 -0.028739
v -0.355269 0.004273 -0.028739
v -0.396651 0.008383 -0.032858
v -0.355269 -0.004273 -0.028739
v -0.356507 -0.008383 -0.032858
v -0.358513 -0.012172 -0.036652
v 0.376579 -0.021907 -0.357565
v 0.380818 -0.021487 -0.357565
v 0.384891 -0.020240 -0.357565
v 0.388649 -0.018216 -0.357565
v 0.391941 -0.015490 -0.357565
v 0.394643 -0.012172 -0.357565
v 0.396651 -0.008383 -0.357565
v 0.397886 -0.004273 -0.357565
v 0.398305 0.000000 -0.357565
v 0.398305 0.000000 -0.401476
v 0.397886 0.004273 -0.357565
v 0.396651 0.008383 -0.357565
v 0.394643 0.012172 -0.357565
v 0.391941 0.015490 -0.357565
v 0.388649 0.018214 -0.357565
v 0.384891 0.020240 -0.357565
v 0.380818 0.021487 -0.357565
v 0.376579 0.021907 -0.357565
v 0.372340 0.021487 -0.357565
v 0.368264 0.020240 -0.357565
v 0.364509 0.018214 -0.357565
v 0.361217 0.015490 -0.357565
v 0.358515 0.012172 -0.357565
v 0.356507 0.008383 -0.357565
v 0.355269 0.004273 -0.357565
v 0.354853 0.000000 -0.357565
v 0.354853 0.000000 -0.401476
v 0.355269 -0.004273 -0.357565
v 0.356507 -0.008383 -0.357565
v 0.358515 -0.012172 -0.357565
v 0.361217 -0.015490 -0.357565
v 0.364509 -0.018216 -0.357565
v 0.368264 -0.020240 -0.357565
v 0.372340 -0.021487 -0.357565
v 0.376579 -0.024099 -0.357565
v 0.381241 -0.023635 -0.357565
v 0.385724 -0.022264 -0.357565
v 0.389855 -0.020038 -0.357565
v 0.393477 -0.017041 -0.357565
v 0.396449 -0.013388 -0.357565
v 0.398657 -0.009223 -0.357565
v 0.400016 -0.004701 -0.357565
v 0.400476 0.000000 -0.357565
v 0.400016 0.004701 -0.357565
v 0.398657 0.009223 -0.357565
v 0.396449 0.013388 -0.357565
v 0.393477 0.017041 -0.357565
v 0.389855 0.020038 -0.357565
v 0.385724 0.022264 -0.357565
v 0.381241 0.023635 -0.357565
v 0.376579 0.024099 -0.357565
v 0.371917 0.023635 -0.357565
v 0.367432 0.022264 -0.357565
v 0.363301 0.020038 -0.357565
v 0.359681 0.017041 -0.357565
v 0.356707 0.013388 -0.357565
v 0.354499 0.009223 -0.357565
v 0.353140 0.004701 -0.357565
v 0.352680 0.000000 -0.357565
v 0.353140 -0.004701 -0.357565
v 0.354499 -0.009223 -0.357565
v 0.356707 -0.013388 -0.357565
v 0.359681 -0.017041 -0.357565
v 0.363301 -0.020038 -0.357565
v 0.367432 -0.022264 -0.357565
v 0.371917 -0.023635 -0.357565
v 0.376579 -0.024099 -0.342929
v 0.381241 -0.023635 -0.342929
v 0.385724 -0.022264 -0.342929
v 0.389855 -0.020038 -0.342929
v 0.393477 -0.017041 -0.342929
v 0.396449 -0.013388 -0.342929
v 0.398657 -0.009223 -0.342929
v 0.400016 -0.004701 -0.342929
v 0.400476 0.000000 -0.342929
v 0.400016 0.004701 -0.342929
v 0.398657 0.009223 -0.342929
v 0.396449 0.013388 -0.342929
v 0.393477 0.017041 -0.342929
v 0.389855 0.020038 -0.342929
v 0.385724 0.022264 -0.342929
v 0.381241 0.023635 -0.342929
v 0.376579 0.024099 -0.342929
v 0.371917 0.023635 -0.342929
v 0.367432 0.022264 -0.342929
v 0.363301 0.020038 -0.342929
v 0.359681 0.017041 -0.342929
v 0.356707 0.013388 -0.342929
v 0.354499 0.009223 -0.342929
v 0.353140 0.004701 -0.342929
v 0.352680 0.000000 -0.342929
v 0.353140 -0.004701 -0.342929
v 0.354499 -0.009223 -0.342929
v 0.356707 -0.013388 -0.342929
v 0.359681 -0.017041 -0.342929
v 0.363301 -0.020038 -0.342929
v 0.367432 -0.022264 -0.342929
v 0.371917 -0.023635 -0.342929
v 0.376579 -0.029210 -0.423431
v 0.376579 0.029210 -0.423431
v 0.380818 -0.029210 -0.423009
v 0.380818 0.029210 -0.423009
v 0.384891 -0.029210 -0.421757
v 0.384891 0.029210 -0.421757
v 0.388649 -0.029210 -0.419729
v 0.388649 0.029210 -0.419729
v 0.391941 -0.029210 -0.417000
v 0.391941 0.029210 -0.417000
v 0.394643 -0.029210 -0.413671
v 0.394643 0.029210 -0.413671
v 0.396651 -0.029210 -0.409877
v 0.396651 0.029210 -0.409877
v 0.397886 -0.029210 -0.405758
v 0.397886 0.029210 -0.405758
v 0.398305 -0.029210 -0.401476
v 0.398305 0.029210 -0.401476
v 0.397886 -0.029210 -0.397191
v 0.397886 0.029210 -0.397191
v 0.396651 -0.029210 -0.393072
v 0.396651 0.029210 -0.393072
v 0.394643 -0.029210 -0.389278
v 0.394643 0.029210 -0.389278
v 0.391941 -0.029210 -0.385949
v 0.391941 0.029210 -0.385949
v 0.388649 -0.029210 -0.383220
v 0.388649 0.029210 -0.383220
v 0.384891 -0.029210 -0.381192
v 0.384891 0.029210 -0.381192
v 0.380818 -0.029210 -0.379942
v 0.380818 0.029210 -0.379942
v 0.376579 -0.029210 -0.379521
v 0.376579 0.029210 -0.379521
v 0.372340 -0.029210 -0.379942
v 0.372340 0.029210 -0.379942
v 0.368264 -0.029210 -0.381192
v 0.368264 0.029210 -0.381192
v 0.364509 -0.029210 -0.383220
v 0.364509 0.029210 -0.383220
v 0.361217 -0.029210 -0.385949
v 0.361217 0.029210 -0.385949
v 0.358515 -0.029210 -0.389278
v 0.358515 0.029210 -0.389278
v 0.356507 -0.029210 -0.393072
v 0.356507 0.029210 -0.393072
v 0.355269 -0.029210 -0.397191
v 0.355269 0.029210 -0.397191
v 0.354853 -0.029210 -0.401476
v 0.354853 0.029210 -0.401476
v 0.355269 -0.029210 -0.405758
v 0.355269 0.029210 -0.405758
v 0.356507 -0.029210 -0.409877
v 0.356507 0.029210 -0.409877
v 0.358515 -0.029210 -0.413671
v 0.358515 0.029210 -0.413671
v 0.361217 -0.029210 -0.417000
v 0.361217 0.029210 -0.417000
v 0.364509 -0.029210 -0.419729
v 0.364509 0.029210 -0.419729
v 0.368264 -0.029210 -0.421757
v 0.368264 0.029210 -0.421757
v 0.372340 -0.029210 -0.423009
v 0.372340 0.029210 -0.423009
v 0.376579 -0.029210 -0.425625
v 0.381241 -0.029210 -0.425162
v 0.385724 -0.029210 -0.423786
v 0.389855 -0.029210 -0.421555
v 0.393477 -0.029210 -0.418551
v 0.396449 -0.029210 -0.414893
v 0.398657 -0.029210 -0.410716
v 0.400016 -0.029210 -0.406187
v 0.400476 -0.029210 -0.401476
v 0.400016 -0.029210 -0.396762
v 0.398657 -0.029210 -0.392233
v 0.396449 -0.029210 -0.388058
v 0.393477 -0.029210 -0.384398
v 0.389855 -0.029210 -0.381395
v 0.385724 -0.029210 -0.379163
v 0.381241 -0.029210 -0.377787
v 0.376579 -0.029210 -0.377324
v 0.371917 -0.029210 -0.377787
v 0.367432 -0.029210 -0.379163
v 0.363301 -0.029210 -0.381395
v 0.359681 -0.029210 -0.384398
v 0.356707 -0.029210 -0.388058
v 0.354499 -0.029210 -0.392233
v 0.353140 -0.029210 -0.396762
v 0.352680 -0.029210 -0.401476
v 0.353140 -0.029210 -0.406187
v 0.354499 -0.029210 -0.410716
v 0.356707 -0.029210 -0.414893
v 0.359681 -0.029210 -0.418551
v 0.363301 -0.029210 -0.421555
v 0.367432 -0.029210 -0.423786
v 0.371917 -0.029210 -0.425162
v 0.376579 -0.043815 -0.425625
v 0.381241 -0.043815 -0.425162
v 0.385724 -0.043815 -0.423786
v 0.389855 -0.043815 -0.421555
v 0.393477 -0.043815 -0.418551
v 0.396449 -0.043815 -0.414893
v 0.398657 -0.043815 -0.410716
v 0.400016 -0.043815 -0.406187
v 0.400476 -0.043815 -0.401476
v 0.400016 -0.043815 -0.396762
v 0.398657 -0.043815 -0.392233
v 0.396449 -0.043815 -0.388058
v 0.393477 -0.043815 -0.384398
v 0.389855 -0.043815 -0.381395
v 0.385724 -0.043815 -0.379163
v 0.381241 -0.043815 -0.377787
v 0.376579 -0.043815 -0.377324
v 0.371917 -0.043815 -0.377787
v 0.367432 -0.043815 -0.379163
v 0.363301 -0.043815 -0.381395
v 0.359681 -0.043815 -0.384398
v 0.356707 -0.043815 -0.388058
v 0.354499 -0.043815 -0.392233
v 0.353140 -0.043815 -0.396762
v 0.352680 -0.043815 -0.401476
v 0.353140 -0.043815 -0.406187
v 0.354499 -0.043815 -0.410716
v 0.356707 -0.043815 -0.414893
v 0.359681 -0.043815 -0.418551
v 0.363301 -0.043815 -0.421555
v 0.367432 -0.043815 -0.423786
v 0.371917 -0.043815 -0.425162
v 0.376579 0.029210 -0.425625
v 0.381241 0.029210 -0.425162
v 0.385724 0.029210 -0.423786
v 0.389855 0.029210 -0.421555
v 0.393477 0.029210 -0.418551
v 0.396449 0.029210 -0.414893
v 0.398657 0.029210 -0.410716
v 0.400016 0.029210 -0.406187
v 0.400476 0.029210 -0.401476
v 0.400016 0.029210 -0.396762
v 0.398657 0.029210 -0.392233
v 0.396449 0.029210 -0.388058
v 0.393477 0.029210 -0.384398
v 0.389855 0.029210 -0.381395
v 0.385724 0.029210 -0.379163
v 0.381241 0.029210 -0.377787
v 0.376579 0.029210 -0.377324
v 0.371917 0.029210 -0.377787
v 0.367432 0.029210 -0.379163
v 0.363301 0.029210 -0.381395
v 0.359681 0.029210 -0.384398
v 0.356707 0.029210 -0.388058
v 0.354499 0.029210 -0.392233
v 0.353140 0.029210 -0.396762
v 0.352680 0.029210 -0.401476
v 0.353140 0.029210 -0.406187
v 0.354499 0.029210 -0.410716
v 0.356707 0.029210 -0.414893
v 0.359681 0.029210 -0.418551
v 0.363301 0.029210 -0.421555
v 0.367432 0.029210 -0.423786
v 0.371917 0.029210 -0.425162
v 0.376579 0.043815 -0.425625
v 0.381241 0.043815 -0.425162
v 0.385724 0.043815 -0.423786
v 0.389855 0.043815 -0.421555
v 0.393477 0.043815 -0.418551
v 0.396449 0.043815 -0.414893
v 0.398657 0.043815 -0.410716
v 0.400016 0.043815 -0.406187
v 0.400476 0.043815 -0.401476
v 0.400016 0.043815 -0.396762
v 0.398657 0.043815 -0.392233
v 0.396449 0.043815 -0.388058
v 0.393477 0.043815 -0.384398
v 0.389855 0.043815 -0.381395
v 0.385724 0.043815 -0.379163
v 0.381241 0.043815 -0.377787
v 0.376579 0.043815 -0.377324
v 0.371917 0.043815 -0.377787
v 0.367432 0.043815 -0.379163
v 0.363301 0.043815 -0.381395
v 0.359681 0.043815 -0.384398
v 0.356707 0.043815 -0.388058
v 0.354499 0.043815 -0.392233
v 0.353140 0.043815 -0.396762
v 0.352680 0.043815 -0.401476
v 0.353140 0.043815 -0.406187
v 0.354499 0.043815 -0.410716
v 0.356707 0.043815 -0.414893
v 0.359681 0.043815 -0.418551
v 0.363301 0.043815 -0.421555
v 0.367432 0.043815 -0.423786
v 0.371917 0.043815 -0.425162
v 0.376579 -0.021907 -0.379521
v 0.384891 0.020240 -0.381192
v 0.361217 -0.015490 -0.385949
v 0.380818 -0.021487 -0.379942
v 0.380818 0.021487 -0.379942
v 0.364509 -0.018216 -0.383220
v 0.394643 -0.012172 -0.389278
v 0.394643 0.012172 -0.389278
v 0.384891 -0.020240 -0.381192
v 0.368264 -0.020240 -0.381192
v 0.391941 0.015490 -0.385949
v 0.376579 0.021907 -0.379521
v 0.391941 -0.015490 -0.385949
v 0.388649 -0.018216 -0.383220
v 0.372340 0.021487 -0.379942
v 0.368264 0.020240 -0.381192
v 0.388649 0.018214 -0.383220
v 0.364509 0.018214 -0.383220
v 0.372340 -0.021487 -0.379942
v 0.361217 0.015490 -0.385949
v 0.396651 -0.008383 -0.393072
v 0.358515 0.012172 -0.389278
v 0.397886 -0.004273 -0.397191
v 0.356507 0.008383 -0.393072
v 0.397886 0.004273 -0.397191
v 0.355269 0.004273 -0.397191
v 0.396651 0.008383 -0.393072
v 0.355269 -0.004273 -0.397191
v 0.356507 -0.008383 -0.393072
v 0.358515 -0.012172 -0.389278
v -0.359198 0.175260 -0.024882
v -0.359198 -0.175260 -0.024882
v -0.359531 0.175260 -0.028308
v -0.359531 -0.175260 -0.028308
v -0.360520 0.175260 -0.031604
v -0.360520 -0.175260 -0.031604
v -0.362126 0.175260 -0.034640
v -0.362126 -0.175260 -0.034640
v -0.364288 0.175260 -0.037302
v -0.364288 -0.175260 -0.037302
v -0.366921 0.175260 -0.039487
v -0.366921 -0.175260 -0.039487
v -0.369927 0.175260 -0.041110
v -0.369927 -0.175260 -0.041110
v -0.373189 0.175260 -0.042108
v -0.373189 -0.175260 -0.042108
v -0.376579 0.175260 -0.042447
v -0.376579 -0.175260 -0.042447
v -0.379969 0.175260 -0.042108
v -0.379969 -0.175260 -0.042108
v -0.383228 0.175260 -0.041110
v -0.383228 -0.175260 -0.041110
v -0.386234 0.175260 -0.039487
v -0.386234 -0.175260 -0.039487
v -0.388868 0.175260 -0.037302
v -0.388868 -0.175260 -0.037302
v -0.391030 0.175260 -0.034640
v -0.391030 -0.175260 -0.034640
v -0.392635 0.175260 -0.031604
v -0.392635 -0.175260 -0.031604
v -0.393624 0.175260 -0.028308
v -0.393624 -0.175260 -0.028308
v -0.393958 0.175260 -0.024882
v -0.393958 -0.175260 -0.024882
v -0.393624 0.175260 -0.021455
v -0.393624 -0.175260 -0.021455
v -0.392635 0.175260 -0.018161
v -0.392635 -0.175260 -0.018161
v -0.391030 0.175260 -0.015123
v -0.391030 -0.175260 -0.015123
v -0.388868 0.175260 -0.012463
v -0.388868 -0.175260 -0.012463
v -0.386234 0.175260 -0.010278
v -0.386234 -0.175260 -0.010278
v -0.383228 0.175260 -0.008655
v -0.383228 -0.175260 -0.008655
v -0.379969 0.175260 -0.007655
v -0.379969 -0.175260 -0.007655
v -0.376579 0.175260 -0.007318
v -0.376579 -0.175260 -0.007318
v -0.373189 0.175260 -0.007655
v -0.373189 -0.175260 -0.007655
v -0.369927 0.175260 -0.008655
v -0.369927 -0.175260 -0.008655
v -0.366921 0.175260 -0.010278
v -0.366921 -0.175260 -0.010278
v -0.364288 0.175260 -0.012463
v -0.364288 -0.175260 -0.012463
v -0.362126 0.175260 -0.015123
v -0.362126 -0.175260 -0.015123
v -0.360520 0.175260 -0.018161
v -0.360520 -0.175260 -0.018161
v -0.359531 0.175260 -0.021455
v -0.359531 -0.175260 -0.021455
v 0.359198 0.000000 -0.382019
v 0.359198 0.000000 -0.038056
v 0.359531 0.003420 -0.382019
v 0.359531 0.003420 -0.038056
v 0.360520 0.006707 -0.382019
v 0.360520 0.006707 -0.038056
v 0.362126 0.009736 -0.382019
v 0.362128 0.009736 -0.038056
v 0.364288 0.012392 -0.382019
v 0.364288 0.012392 -0.038056
v 0.366921 0.014573 -0.382019
v 0.366921 0.014573 -0.038056
v 0.369927 0.016192 -0.382019
v 0.369927 0.016192 -0.038056
v 0.373186 0.017188 -0.382019
v 0.373189 0.017188 -0.038056
v 0.376579 0.017526 -0.382019
v 0.376579 0.017526 -0.038056
v 0.379969 0.017188 -0.382019
v 0.379969 0.017188 -0.038056
v 0.383228 0.016192 -0.382019
v 0.383228 0.016192 -0.038056
v 0.386234 0.014573 -0.382019
v 0.386234 0.014573 -0.038056
v 0.388868 0.012392 -0.382019
v 0.388868 0.012392 -0.038056
v 0.391030 0.009736 -0.382019
v 0.391030 0.009736 -0.038056
v 0.392635 0.006707 -0.382019
v 0.392635 0.006707 -0.038056
v 0.393624 0.003420 -0.382019
v 0.393624 0.003420 -0.038056
v 0.393958 0.000000 -0.382019
v 0.393958 0.000000 -0.038056
v 0.393624 -0.003420 -0.382019
v 0.393624 -0.003420 -0.038056
v 0.392635 -0.006707 -0.382019
v 0.392635 -0.006707 -0.038056
v 0.391030 -0.009736 -0.382019
v 0.391030 -0.009736 -0.038056
v 0.388868 -0.012392 -0.382019
v 0.388868 -0.012392 -0.038056
v 0.386234 -0.014573 -0.382019
v 0.386234 -0.014573 -0.038056
v 0.383228 -0.016192 -0.382019
v 0.383228 -0.016192 -0.038056
v 0.379969 -0.017188 -0.382019
v 0.379969 -0.017188 -0.038056
v 0.376579 -0.017526 -0.382019
v 0.376579 -0.017526 -0.038056
v 0.373186 -0.017188 -0.382019
v 0.373189 -0.017188 -0.038056
v 0.369927 -0.016192 -0.382019
v 0.369927 -0.016192 -0.038056
v 0.366921 -0.014573 -0.382019
v 0.366921 -0.014573 -0.038056
v 0.364288 -0.012392 -0.382019
v 0.364288 -0.012392 -0.038056
v 0.362126 -0.009736 -0.382019
v 0.362128 -0.009736 -0.038056
v 0.360520 -0.006707 -0.382019
v 0.360520 -0.006707 -0.038056
v 0.359531 -0.003420 -0.382019
v 0.359531 -0.003420 -0.038056
v 0.376579 0.021907 -0.068366
v 0.380818 0.021487 -0.068366
v 0.384891 0.020240 -0.068366
v 0.388649 0.018214 -0.068366
v 0.391941 0.015490 -0.068366
v 0.394643 0.012172 -0.068366
v 0.396651 0.008383 -0.068366
v 0.397886 0.004273 -0.068366
v 0.398305 0.000000 -0.068366
v 0.398305 0.000000 -0.024456
v 0.397886 -0.004273 -0.068366
v 0.396651 -0.008383 -0.068366
v 0.394643 -0.012172 -0.068366
v 0.391941 -0.015490 -0.068366
v 0.388649 -0.018216 -0.068366
v 0.384891 -0.020240 -0.068366
v 0.380818 -0.021487 -0.068366
v 0.376579 -0.021907 -0.068366
v 0.372340 -0.021487 -0.068366
v 0.368264 -0.020240 -0.068366
v 0.364509 -0.018216 -0.068366
v 0.361217 -0.015490 -0.068366
v 0.358515 -0.012172 -0.068366
v 0.356507 -0.008383 -0.068366
v 0.355269 -0.004273 -0.068366
v 0.354853 0.000000 -0.068366
v 0.354853 0.000000 -0.024456
v 0.355269 0.004273 -0.068366
v 0.356507 0.008383 -0.068366
v 0.358515 0.012172 -0.068366
v 0.361217 0.015490 -0.068366
v 0.364509 0.018214 -0.068366
v 0.368264 0.020240 -0.068366
v 0.372340 0.021487 -0.068366
v 0.376579 0.024099 -0.068366
v 0.381241 0.023635 -0.068366
v 0.385724 0.022264 -0.068366
v 0.389855 0.020038 -0.068366
v 0.393477 0.017041 -0.068366
v 0.396449 0.013388 -0.068366
v 0.398657 0.009223 -0.068366
v 0.400016 0.004701 -0.068366
v 0.400476 0.000000 -0.068366
v 0.400016 -0.004701 -0.068366
v 0.398657 -0.009223 -0.068366
v 0.396449 -0.013388 -0.068366
v 0.393477 -0.017041 -0.068366
v 0.389855 -0.020038 -0.068366
v 0.385724 -0.022264 -0.068366
v 0.381241 -0.023635 -0.068366
v 0.376579 -0.024099 -0.068366
v 0.371917 -0.023635 -0.068366
v 0.367432 -0.022264 -0.068366
v 0.363301 -0.020038 -0.068366
v 0.359681 -0.017041 -0.068366
v 0.356707 -0.013388 -0.068366
v 0.354499 -0.009223 -0.068366
v 0.353140 -0.004701 -0.068366
v 0.352680 0.000000 -0.068366
v 0.353140 0.004701 -0.068366
v 0.354499 0.009223 -0.068366
v 0.356707 0.013388 -0.068366
v 0.359681 0.017041 -0.068366
v 0.363301 0.020038 -0.068366
v 0.367432 0.022264 -0.068366
v 0.371917 0.023635 -0.068366
v 0.376579 0.024099 -0.083003
v 0.381241 0.023635 -0.083003
v 0.385724 0.022264 -0.083003
v 0.389855 0.020038 -0.083003
v 0.393477 0.017041 -0.083003
v 0.396449 0.013388 -0.083003
v 0.398657 0.009223 -0.083003
v 0.400016 0.004701 -0.083003
v 0.400476 0.000000 -0.083003
v 0.400016 -0.004701 -0.083003
v 0.398657 -0.009223 -0.083003
v 0.396449 -0.013388 -0.083003
v 0.393477 -0.017041 -0.083003
v 0.389855 -0.020038 -0.083003
v 0.385724 -0.022264 -0.083003
v 0.381241 -0.023635 -0.083003
v 0.376579 -0.024099 -0.083003
v 0.371917 -0.023635 -0.083003
v 0.367432 -0.022264 -0.083003
v 0.363301 -0.020038 -0.083003
v 0.359681 -0.017041 -0.083003
v 0.356707 -0.013388 -0.083003
v 0.354499 -0.009223 -0.083003
v 0.353140 -0.004701 -0.083003
v 0.352680 0.000000 -0.083003
v 0.353140 0.004701 -0.083003
v 0.354499 0.009223 -0.083003
v 0.356707 0.013388 -0.083003
v 0.359681 0.017041 -0.083003
v 0.363301 0.020038 -0.083003
v 0.367432 0.022264 -0.083003
v 0.371917 0.023635 -0.083003
v 0.376579 0.029210 -0.002501
v 0.376579 -0.029210 -0.002501
v 0.380818 0.029210 -0.002923
v 0.380818 -0.029210 -0.002923
v 0.384891 0.029210 -0.004172
v 0.384891 -0.029210 -0.004172
v 0.388649 0.029210 -0.006200
v 0.388649 -0.029210 -0.006200
v 0.391941 0.029210 -0.008932
v 0.391941 -0.029210 -0.008932
v 0.394643 0.029210 -0.012258
v 0.394643 -0.029210 -0.012258
v 0.396651 0.029210 -0.016054
v 0.396651 -0.029210 -0.016054
v 0.397886 0.029210 -0.020173
v 0.397886 -0.029210 -0.020173
v 0.398305 0.029210 -0.024456
v 0.398305 -0.029210 -0.024456
v 0.397886 0.029210 -0.028739
v 0.397886 -0.029210 -0.028739
v 0.396651 0.029210 -0.032858
v 0.396651 -0.029210 -0.032858
v 0.394643 0.029210 -0.036654
v 0.394643 -0.029210 -0.036654
v 0.391941 0.029210 -0.039980
v 0.391941 -0.029210 -0.039980
v 0.388649 0.029210 -0.042712
v 0.388649 -0.029210 -0.042712
v 0.384891 0.029210 -0.044740
v 0.384891 -0.029210 -0.044740
v 0.380818 0.029210 -0.045989
v 0.380818 -0.029210 -0.045989
v 0.376579 0.029210 -0.046411
v 0.376579 -0.029210 -0.046411
v 0.372340 0.029210 -0.045989
v 0.372340 -0.029210 -0.045989
v 0.368264 0.029210 -0.044740
v 0.368264 -0.029210 -0.044740
v 0.364509 0.029210 -0.042712
v 0.364509 -0.029210 -0.042712
v 0.361217 0.029210 -0.039980
v 0.361217 -0.029210 -0.039980
v 0.358515 0.029210 -0.036654
v 0.358515 -0.029210 -0.036654
v 0.356507 0.029210 -0.032858
v 0.356507 -0.029210 -0.032858
v 0.355269 0.029210 -0.028739
v 0.355269 -0.029210 -0.028739
v 0.354853 0.029210 -0.024456
v 0.354853 -0.029210 -0.024456
v 0.355269 0.029210 -0.020173
v 0.355269 -0.029210 -0.020173
v 0.356507 0.029210 -0.016054
v 0.356507 -0.029210 -0.016054
v 0.358515 0.029210 -0.012258
v 0.358515 -0.029210 -0.012258
v 0.361217 0.029210 -0.008932
v 0.361217 -0.029210 -0.008932
v 0.364509 0.029210 -0.006200
v 0.364509 -0.029210 -0.006200
v 0.368264 0.029210 -0.004172
v 0.368264 -0.029210 -0.004172
v 0.372340 0.029210 -0.002923
v 0.372340 -0.029210 -0.002923
v 0.376579 0.029210 -0.000304
v 0.381241 0.029210 -0.000770
v 0.385724 0.029210 -0.002144
v 0.389855 0.029210 -0.004375
v 0.393477 0.029210 -0.007378
v 0.396449 0.029210 -0.011039
v 0.398657 0.029210 -0.015213
v 0.400016 0.029210 -0.019745
v 0.400476 0.029210 -0.024456
v 0.400016 0.029210 -0.029167
v 0.398657 0.029210 -0.033699
v 0.396449 0.029210 -0.037873
v 0.393477 0.029210 -0.041534
v 0.389855 0.029210 -0.044537
v 0.385724 0.029210 -0.046768
v 0.381241 0.029210 -0.048142
v 0.376579 0.029210 -0.048606
v 0.371917 0.029210 -0.048142
v 0.367432 0.029210 -0.046768
v 0.363301 0.029210 -0.044537
v 0.359681 0.029210 -0.041534
v 0.356707 0.029210 -0.037873
v 0.354499 0.029210 -0.033699
v 0.353140 0.029210 -0.029167
v 0.352680 0.029210 -0.024456
v 0.353140 0.029210 -0.019745
v 0.354499 0.029210 -0.015213
v 0.356707 0.029210 -0.011039
v 0.359681 0.029210 -0.007378
v 0.363301 0.029210 -0.004375
v 0.367432 0.029210 -0.002144
v 0.371917 0.029210 -0.000770
v 0.376579 0.043815 -0.000304
v 0.381241 0.043815 -0.000770
v 0.385724 0.043815 -0.002144
v 0.389855 0.043815 -0.004375
v 0.393477 0.043815 -0.007378
v 0.396449 0.043815 -0.011039
v 0.398657 0.043815 -0.015213
v 0.400016 0.043815 -0.019745
v 0.400476 0.043815 -0.024456
v 0.400016 0.043815 -0.029167
v 0.398657 0.043815 -0.033699
v 0.396449 0.043815 -0.037873
v 0.393477 0.043815 -0.041534
v 0.389855 0.043815 -0.044537
v 0.385724 0.043815 -0.046768
v 0.381241 0.043815 -0.048142
v 0.376579 0.043815 -0.048606
v 0.371917 0.043815 -0.048142
v 0.367432 0.043815 -0.046768
v 0.363301 0.043815 -0.044537
v 0.359681 0.043815 -0.041534
v 0.356707 0.043815 -0.037873
v 0.354499 0.043815 -0.033699
v 0.353140 0.043815 -0.029167
v 0.352680 0.043815 -0.024456
v 0.353140 0.043815 -0.019745
v 0.354499 0.043815 -0.015213
v 0.356707 0.043815 -0.011039
v 0.359681 0.043815 -0.007378
v 0.363301 0.043815 -0.004375
v 0.367432 0.043815 -0.002144
v 0.371917 0.043815 -0.000770
v 0.376579 -0.029210 -0.000304
v 0.381241 -0.029210 -0.000770
v 0.385724 -0.029210 -0.002144
v 0.389855 -0.029210 -0.004375
v 0.393477 -0.029210 -0.007378
v 0.396449 -0.029210 -0.011039
v 0.398657 -0.029210 -0.015213
v 0.400016 -0.029210 -0.019745
v 0.400476 -0.029210 -0.024456
v 0.400016 -0.029210 -0.029167
v 0.398657 -0.029210 -0.033699
v 0.396449 -0.029210 -0.037873
v 0.393477 -0.029210 -0.041534
v 0.389855 -0.029210 -0.044537
v 0.385724 -0.029210 -0.046768
v 0.381241 -0.029210 -0.048142
v 0.376579 -0.029210 -0.048606
v 0.371917 -0.029210 -0.048142
v 0.367432 -0.029210 -0.046768
v 0.363301 -0.029210 -0.044537
v 0.359681 -0.029210 -0.041534
v 0.356707 -0.029210 -0.037873
v 0.354499 -0.029210 -0.033699
v 0.353140 -0.029210 -0.029167
v 0.352680 -0.029210 -0.024456
v 0.353140 -0.029210 -0.019745
v 0.354499 -0.029210 -0.015213
v 0.356707 -0.029210 -0.011039
v 0.359681 -0.029210 -0.007378
v 0.363301 -0.029210 -0.004375
v 0.367432 -0.029210 -0.002144
v 0.371917 -0.029210 -0.000770
v 0.376579 -0.043815 -0.000304
v 0.381241 -0.043815 -0.000770
v 0.385724 -0.043815 -0.002144
v 0.389855 -0.043815 -0.004375
v 0.393477 -0.043815 -0.007378
v 0.396449 -0.043815 -0.011039
v 0.398657 -0.043815 -0.015213
v 0.400016 -0.043815 -0.019745
v 0.400476 -0.043815 -0.024456
v 0.400016 -0.043815 -0.029167
v 0.398657 -0.043815 -0.033699
v 0.396449 -0.043815 -0.037873
v 0.393477 -0.043815 -0.041534
v 0.389855 -0.043815 -0.044537
v 0.385724 -0.043815 -0.046768
v 0.381241 -0.043815 -0.048142
v 0.376579 -0.043815 -0.048606
v 0.371917 -0.043815 -0.048142
v 0.367432 -0.043815 -0.046768
v 0.363301 -0.043815 -0.044537
v 0.359681 -0.043815 -0.041534
v 0.356707 -0.043815 -0.037873
v 0.354499 -0.043815 -0.033699
v 0.353140 -0.043815 -0.029167
v 0.352680 -0.043815 -0.024456
v 0.353140 -0.043815 -0.019745
v 0.354499 -0.043815 -0.015213
v 0.356707 -0.043815 -0.011039
v 0.359681 -0.043815 -0.007378
v 0.363301 -0.043815 -0.004375
v 0.367432 -0.043815 -0.002144
v 0.371917 -0.043815 -0.000770
v 0.376579 0.021907 -0.046411
v 0.384891 -0.020240 -0.044740
v 0.361217 0.015490 -0.039980
v 0.380818 0.021487 -0.045989
v 0.380818 -0.021487 -0.045989
v 0.364509 0.018214 -0.042712
v 0.394643 0.012172 -0.036654
v 0.394643 -0.012172 -0.036654
v 0.384891 0.020240 -0.044740
v 0.368264 0.020240 -0.044740
v 0.391941 -0.015490 -0.039980
v 0.376579 -0.021907 -0.046411
v 0.391941 0.015490 -0.039980
v 0.388649 0.018214 -0.042712
v 0.372340 -0.021487 -0.045989
v 0.368264 -0.020240 -0.044740
v 0.388649 -0.018216 -0.042712
v 0.364509 -0.018216 -0.042712
v 0.372340 0.021487 -0.045989
v 0.361217 -0.015490 -0.039980
v 0.396651 0.008383 -0.032858
v 0.358515 -0.012172 -0.036654
v 0.397886 0.004273 -0.028739
v 0.356507 -0.008383 -0.032858
v 0.397886 -0.004273 -0.028739
v 0.355269 -0.004273 -0.028739
v 0.396651 -0.008383 -0.032858
v 0.355269 0.004273 -0.028739
v 0.356507 0.008383 -0.032858
v 0.358515 0.012172 -0.036654
v 0.359198 -0.175260 -0.024882
v 0.359198 0.175260 -0.024882
v 0.359531 -0.175260 -0.028310
v 0.359531 0.175260 -0.028310
v 0.360520 -0.175260 -0.031604
v 0.360520 0.175260 -0.031604
v 0.362126 -0.175260 -0.034642
v 0.362128 0.175260 -0.034642
v 0.364288 -0.175260 -0.037302
v 0.364288 0.175260 -0.037302
v 0.366921 -0.175260 -0.039487
v 0.366921 0.175260 -0.039487
v 0.369927 -0.175260 -0.041110
v 0.369927 0.175260 -0.041110
v 0.373189 -0.175260 -0.042110
v 0.373189 0.175260 -0.042110
v 0.376579 -0.175260 -0.042447
v 0.376579 0.175260 -0.042447
v 0.379969 -0.175260 -0.042110
v 0.379969 0.175260 -0.042110
v 0.383228 -0.175260 -0.041110
v 0.383228 0.175260 -0.041110
v 0.386234 -0.175260 -0.039487
v 0.386234 0.175260 -0.039487
v 0.388868 -0.175260 -0.037302
v 0.388868 0.175260 -0.037302
v 0.391030 -0.175260 -0.034642
v 0.391030 0.175260 -0.034642
v 0.392635 -0.175260 -0.031604
v 0.392635 0.175260 -0.031604
v 0.393624 -0.175260 -0.028310
v 0.393624 0.175260 -0.028310
v 0.393958 -0.175260 -0.024882
v 0.393958 0.175260 -0.024882
v 0.393624 -0.175260 -0.021457
v 0.393624 0.175260 -0.021457
v 0.392635 -0.175260 -0.018161
v 0.392635 0.175260 -0.018161
v 0.391030 -0.175260 -0.015125
v 0.391030 0.175260 -0.015125
v 0.388868 -0.175260 -0.012463
v 0.388868 0.175260 -0.012463
v 0.386234 -0.175260 -0.010278
v 0.386234 0.175260 -0.010278
v 0.383228 -0.175260 -0.008655
v 0.383228 0.175260 -0.008655
v 0.379969 -0.175260 -0.007657
v 0.379969 0.175260 -0.007657
v 0.376579 -0.175260 -0.007318
v 0.376579 0.175260 -0.007318
v 0.373189 -0.175260 -0.007657
v 0.373189 0.175260 -0.007657
v 0.369927 -0.175260 -0.008655
v 0.369927 0.175260 -0.008655
v 0.366921 -0.175260 -0.010278
v 0.366921 0.175260 -0.010278
v 0.364288 -0.175260 -0.012463
v 0.364288 0.175260 -0.012463
v 0.362126 -0.175260 -0.015125
v 0.362128 0.175260 -0.015125
v 0.360520 -0.175260 -0.018161
v 0.360520 0.175260 -0.018161
v 0.359531 -0.175260 -0.021457
v 0.359531 0.175260 -0.021457
v -0.521417 -0.087630 -0.440566
v -0.538370 -0.085946 -0.440566
v -0.554673 -0.080960 -0.440566
v -0.569696 -0.072862 -0.440566
v -0.582866 -0.061964 -0.440566
v -0.593674 -0.048684 -0.440566
v -0.601703 -0.033534 -0.440566
v -0.606648 -0.017096 -0.440566
v -0.608318 0.000000 -0.440566
v -0.606648 0.017096 -0.440566
v -0.601703 0.033534 -0.440566
v -0.593674 0.048684 -0.440566
v -0.582866 0.061964 -0.440566
v -0.569696 0.072862 -0.440566
v -0.554673 0.080960 -0.440566
v -0.538370 0.085946 -0.440566
v -0.521417 0.087630 -0.440566
v -0.000000 -0.087630 -0.440566
v -0.000000 0.087630 -0.440566
v 0.016953 0.085946 -0.440566
v 0.033256 0.080960 -0.440566
v 0.048279 0.072862 -0.440566
v 0.061449 0.061964 -0.440566
v 0.072257 0.048684 -0.440566
v 0.080288 0.033534 -0.440566
v 0.085233 0.017096 -0.440566
v 0.086903 0.000000 -0.440566
v 0.085233 -0.017096 -0.440566
v 0.080288 -0.033534 -0.440566
v 0.072257 -0.048684 -0.440566
v 0.061449 -0.061964 -0.440566
v 0.048279 -0.072862 -0.440566
v 0.033256 -0.080960 -0.440566
v 0.016953 -0.085946 -0.440566
v -0.521417 -0.087630 -0.433248
v -0.538370 -0.085946 -0.433248
v -0.554673 -0.080960 -0.433248
v -0.569696 -0.072862 -0.433248
v -0.582866 -0.061964 -0.433248
v -0.593674 -0.048684 -0.433248
v -0.601703 -0.033534 -0.433248
v -0.606648 -0.017096 -0.433248
v -0.608318 0.000000 -0.433248
v -0.606648 0.017096 -0.433248
v -0.601703 0.033534 -0.433248
v -0.593674 0.048684 -0.433248
v -0.582866 0.061964 -0.433248
v -0.569696 0.072862 -0.433248
v -0.554673 0.080960 -0.433248
v -0.538370 0.085946 -0.433248
v -0.521417 0.087630 -0.433248
v -0.000000 -0.087630 -0.433248
v -0.000000 0.087630 -0.433248
v 0.016953 0.085946 -0.433248
v 0.033256 0.080960 -0.433248
v 0.048279 0.072862 -0.433248
v 0.061449 0.061964 -0.433248
v 0.072257 0.048684 -0.433248
v 0.080288 0.033534 -0.433248
v 0.085233 0.017096 -0.433248
v 0.086903 0.000000 -0.433248
v 0.085233 -0.017096 -0.433248
v 0.080288 -0.033534 -0.433248
v 0.072257 -0.048684 -0.433248
v 0.061449 -0.061964 -0.433248
v 0.048279 -0.072862 -0.433248
v 0.033256 -0.080960 -0.433248
v 0.016953 -0.085946 -0.433248
v 0.521417 0.087630 -0.433248
v 0.538370 0.085946 -0.433248
v 0.554673 0.080960 -0.433248
v 0.569696 0.072862 -0.433248
v 0.582866 0.061964 -0.433248
v 0.593674 0.048684 -0.433248
v 0.601703 0.033534 -0.433248
v 0.606648 0.017096 -0.433248
v 0.608318 0.000000 -0.433248
v 0.606648 -0.017096 -0.433248
v 0.601703 -0.033536 -0.433248
v 0.593674 -0.048684 -0.433248
v 0.582866 -0.061964 -0.433248
v 0.569696 -0.072862 -0.433248
v 0.554673 -0.080960 -0.433248
v 0.538370 -0.085946 -0.433248
v 0.521417 -0.087630 -0.433248
v -0.000000 0.087630 -0.433248
v -0.000000 -0.087630 -0.433248
v -0.016953 -0.085946 -0.433248
v -0.033256 -0.080960 -0.433248
v -0.048279 -0.072862 -0.433248
v -0.061449 -0.061964 -0.433248
v -0.072257 -0.048684 -0.433248
v -0.080286 -0.033534 -0.433248
v -0.085233 -0.017096 -0.433248
v -0.086903 0.000000 -0.433248
v -0.085233 0.017096 -0.433248
v -0.080286 0.033536 -0.433248
v -0.072257 0.048684 -0.433248
v -0.061449 0.061964 -0.433248
v -0.048279 0.072862 -0.433248
v -0.033256 0.080960 -0.433248
v -0.016953 0.085946 -0.433248
v 0.521417 0.087630 -0.425929
v 0.538370 0.085946 -0.425929
v 0.554673 0.080960 -0.425929
v 0.569696 0.072862 -0.425929
v 0.582866 0.061964 -0.425929
v 0.593674 0.048684 -0.425929
v 0.601703 0.033534 -0.425929
v 0.606648 0.017096 -0.425929
v 0.608318 0.000000 -0.425929
v 0.606648 -0.017096 -0.425929
v 0.601703 -0.033536 -0.425929
v 0.593674 -0.048684 -0.425929
v 0.582866 -0.061964 -0.425929
v 0.569696 -0.072862 -0.425929
v 0.554673 -0.080960 -0.425929
v 0.538370 -0.085946 -0.425929
v 0.521417 -0.087630 -0.425929
v -0.000000 0.087630 -0.425929
v -0.000000 -0.087630 -0.425929
v -0.016953 -0.085946 -0.425929
v -0.033256 -0.080960 -0.425929
v -0.048279 -0.072862 -0.425929
v -0.061449 -0.061964 -0.425929
v -0.072257 -0.048684 -0.425929
v -0.080286 -0.033534 -0.425929
v -0.085233 -0.017096 -0.425929
v -0.086903 0.000000 -0.425929
v -0.085233 0.017096 -0.425929
v -0.080286 0.033536 -0.425929
v -0.072257 0.048684 -0.425929
v -0.061449 0.061964 -0.425929
v -0.048279 0.072862 -0.425929
v -0.033256 0.080960 -0.425929
v -0.016953 0.085946 -0.425929
v -0.520251 -0.001173 -0.442574
v -0.519264 -0.002171 -0.442104
v -0.518604 -0.002834 -0.441398
v -0.518374 -0.003068 -0.440566
v -0.519770 0.000000 -0.442574
v -0.518374 0.000000 -0.442104
v -0.517440 0.000000 -0.441398
v -0.517114 0.000000 -0.440566
v -0.520251 0.001173 -0.442574
v -0.519264 0.002171 -0.442104
v -0.518604 0.002834 -0.441398
v -0.518374 0.003068 -0.440566
v -0.521417 0.000000 -0.442740
v -0.521417 0.001661 -0.442574
v -0.521417 0.003068 -0.442104
v -0.521417 0.004009 -0.441398
v -0.521417 0.004340 -0.440566
v -0.522581 0.001173 -0.442574
v -0.523567 0.002171 -0.442104
v -0.524227 0.002834 -0.441398
v -0.524460 0.003068 -0.440566
v -0.523064 0.000000 -0.442574
v -0.524460 0.000000 -0.442104
v -0.525391 0.000000 -0.441398
v -0.525718 0.000000 -0.440566
v -0.522581 -0.001173 -0.442574
v -0.523567 -0.002171 -0.442104
v -0.524227 -0.002834 -0.441398
v -0.524460 -0.003068 -0.440566
v -0.521417 -0.001661 -0.442574
v -0.521417 -0.003068 -0.442104
v -0.521417 -0.004009 -0.441398
v -0.521417 -0.004340 -0.440566
v -0.464646 0.001173 -0.442574
v -0.465633 0.002171 -0.442104
v -0.466293 0.002834 -0.441398
v -0.466523 0.003068 -0.440566
v -0.465127 0.000000 -0.442574
v -0.466523 0.000000 -0.442104
v -0.467457 0.000000 -0.441398
v -0.467783 0.000000 -0.440566
v -0.464646 -0.001173 -0.442574
v -0.465633 -0.002171 -0.442104
v -0.466293 -0.002834 -0.441398
v -0.466523 -0.003068 -0.440566
v -0.463480 0.000000 -0.442740
v -0.463480 -0.001661 -0.442574
v -0.463480 -0.003068 -0.442104
v -0.463480 -0.004009 -0.441398
v -0.463480 -0.004340 -0.440566
v -0.462316 -0.001173 -0.442574
v -0.461329 -0.002171 -0.442104
v -0.460669 -0.002834 -0.441398
v -0.460439 -0.003068 -0.440566
v -0.461833 0.000000 -0.442574
v -0.460439 0.000000 -0.442104
v -0.459505 0.000000 -0.441398
v -0.459179 0.000000 -0.440566
v -0.462316 0.001173 -0.442574
v -0.461329 0.002171 -0.442104
v -0.460669 0.002834 -0.441398
v -0.460439 0.003068 -0.440566
v -0.463480 0.001661 -0.442574
v -0.463480 0.003068 -0.442104
v -0.463480 0.004009 -0.441398
v -0.463480 0.004340 -0.440566
v -0.578188 -0.001173 -0.442574
v -0.577199 -0.002171 -0.442104
v -0.576541 -0.002834 -0.441398
v -0.576309 -0.003068 -0.440566
v -0.577705 0.000000 -0.442574
v -0.576309 0.000000 -0.442104
v -0.575375 0.000000 -0.441398
v -0.575048 0.000000 -0.440566
v -0.578188 0.001173 -0.442574
v -0.577199 0.002171 -0.442104
v -0.576541 0.002834 -0.441398
v -0.576309 0.003068 -0.440566
v -0.579352 0.000000 -0.442740
v -0.579352 0.001661 -0.442574
v -0.579352 0.003068 -0.442104
v -0.579352 0.004009 -0.441398
v -0.579352 0.004340 -0.440566
v -0.580515 0.001173 -0.442574
v -0.581502 0.002171 -0.442104
v -0.582162 0.002834 -0.441398
v -0.582395 0.003068 -0.440566
v -0.580998 0.000000 -0.442574
v -0.582395 0.000000 -0.442104
v -0.583326 0.000000 -0.441398
v -0.583655 0.000000 -0.440566
v -0.580515 -0.001173 -0.442574
v -0.581502 -0.002171 -0.442104
v -0.582162 -0.002834 -0.441398
v -0.582395 -0.003068 -0.440566
v -0.579352 -0.001661 -0.442574
v -0.579352 -0.003068 -0.442104
v -0.579352 -0.004009 -0.441398
v -0.579352 -0.004340 -0.440566
v -0.560735 -0.041308 -0.442574
v -0.559339 -0.041308 -0.442104
v -0.558408 -0.041308 -0.441398
v -0.558079 -0.041308 -0.440566
v -0.561218 -0.040135 -0.442574
v -0.560229 -0.039139 -0.442104
v -0.559572 -0.038474 -0.441398
v -0.559339 -0.038240 -0.440566
v -0.562382 -0.039647 -0.442574
v -0.562382 -0.038240 -0.442104
v -0.562382 -0.037299 -0.441398
v -0.562382 -0.036970 -0.440566
v -0.562382 -0.041308 -0.442740
v -0.563546 -0.040135 -0.442574
v -0.564535 -0.039139 -0.442104
v -0.565193 -0.038474 -0.441398
v -0.565425 -0.038240 -0.440566
v -0.564029 -0.041308 -0.442574
v -0.565425 -0.041308 -0.442104
v -0.566359 -0.041308 -0.441398
v -0.566685 -0.041308 -0.440566
v -0.563546 -0.042483 -0.442574
v -0.564535 -0.043479 -0.442104
v -0.565193 -0.044144 -0.441398
v -0.565425 -0.044378 -0.440566
v -0.562382 -0.042971 -0.442574
v -0.562382 -0.044378 -0.442104
v -0.562382 -0.045317 -0.441398
v -0.562382 -0.045648 -0.440566
v -0.561218 -0.042483 -0.442574
v -0.560229 -0.043479 -0.442104
v -0.559572 -0.044144 -0.441398
v -0.559339 -0.044378 -0.440566
v -0.520251 -0.057247 -0.442574
v -0.519264 -0.056249 -0.442104
v -0.518604 -0.055586 -0.441398
v -0.518374 -0.055352 -0.440566
v -0.521417 -0.056759 -0.442574
v -0.521417 -0.055352 -0.442104
v -0.521417 -0.054411 -0.441398
v -0.521417 -0.054080 -0.440566
v -0.522581 -0.057247 -0.442574
v -0.523567 -0.056249 -0.442104
v -0.524227 -0.055586 -0.441398
v -0.524460 -0.055352 -0.440566
v -0.521417 -0.058420 -0.442740
v -0.523064 -0.058420 -0.442574
v -0.524460 -0.058420 -0.442104
v -0.525391 -0.058420 -0.441398
v -0.525718 -0.058420 -0.440566
v -0.522581 -0.059595 -0.442574
v -0.523567 -0.060591 -0.442104
v -0.524227 -0.061256 -0.441398
v -0.524460 -0.061488 -0.440566
v -0.521417 -0.060081 -0.442574
v -0.521417 -0.061488 -0.442104
v -0.521417 -0.062429 -0.441398
v -0.521417 -0.062758 -0.440566
v -0.520251 -0.059595 -0.442574
v -0.519264 -0.060591 -0.442104
v -0.518604 -0.061256 -0.441398
v -0.518374 -0.061488 -0.440566
v -0.519770 -0.058420 -0.442574
v -0.518374 -0.058420 -0.442104
v -0.517440 -0.058420 -0.441398
v -0.517114 -0.058420 -0.440566
v -0.480449 -0.039647 -0.442574
v -0.480449 -0.038240 -0.442104
v -0.480449 -0.037299 -0.441398
v -0.480449 -0.036970 -0.440566
v -0.481613 -0.040135 -0.442574
v -0.482602 -0.039139 -0.442104
v -0.483260 -0.038474 -0.441398
v -0.483492 -0.038240 -0.440566
v -0.482096 -0.041308 -0.442574
v -0.483492 -0.041308 -0.442104
v -0.484426 -0.041308 -0.441398
v -0.484753 -0.041308 -0.440566
v -0.480449 -0.041308 -0.442740
v -0.481613 -0.042483 -0.442574
v -0.482602 -0.043479 -0.442104
v -0.483260 -0.044144 -0.441398
v -0.483492 -0.044378 -0.440566
v -0.480449 -0.042971 -0.442574
v -0.480449 -0.044378 -0.442104
v -0.480449 -0.045317 -0.441398
v -0.480449 -0.045648 -0.440566
v -0.479285 -0.042483 -0.442574
v -0.478299 -0.043479 -0.442104
v -0.477639 -0.044144 -0.441398
v -0.477406 -0.044378 -0.440566
v -0.478802 -0.041308 -0.442574
v -0.477406 -0.041308 -0.442104
v -0.476475 -0.041308 -0.441398
v -0.476146 -0.041308 -0.440566
v -0.479285 -0.040135 -0.442574
v -0.478299 -0.039139 -0.442104
v -0.477639 -0.038474 -0.441398
v -0.477406 -0.038240 -0.440566
v -0.482096 0.041308 -0.442574
v -0.483492 0.041308 -0.442104
v -0.484426 0.041308 -0.441398
v -0.484753 0.041308 -0.440566
v -0.481613 0.040135 -0.442574
v -0.482602 0.039139 -0.442104
v -0.483260 0.038474 -0.441398
v -0.483492 0.038240 -0.440566
v -0.480449 0.039647 -0.442574
v -0.480449 0.038240 -0.442104
v -0.480449 0.037299 -0.441398
v -0.480449 0.036970 -0.440566
v -0.480449 0.041308 -0.442740
v -0.479285 0.040135 -0.442574
v -0.478299 0.039139 -0.442104
v -0.477639 0.038474 -0.441398
v -0.477406 0.038240 -0.440566
v -0.478802 0.041308 -0.442574
v -0.477406 0.041308 -0.442104
v -0.476475 0.041308 -0.441398
v -0.476146 0.041308 -0.440566
v -0.479285 0.042483 -0.442574
v -0.478299 0.043479 -0.442104
v -0.477639 0.044144 -0.441398
v -0.477406 0.044378 -0.440566
v -0.480449 0.042971 -0.442574
v -0.480449 0.044378 -0.442104
v -0.480449 0.045317 -0.441398
v -0.480449 0.045648 -0.440566
v -0.481613 0.042483 -0.442574
v -0.482602 0.043479 -0.442104
v -0.483260 0.044144 -0.441398
v -0.483492 0.044378 -0.440566
v -0.522581 0.057247 -0.442574
v -0.523567 0.056249 -0.442104
v -0.524227 0.055586 -0.441398
v -0.524460 0.055352 -0.440566
v -0.521417 0.056759 -0.442574
v -0.521417 0.055352 -0.442104
v -0.521417 0.054411 -0.441398
v -0.521417 0.054080 -0.440566
v -0.520251 0.057247 -0.442574
v -0.519264 0.056249 -0.442104
v -0.518604 0.055586 -0.441398
v -0.518374 0.055352 -0.440566
v -0.521417 0.058420 -0.442740
v -0.519770 0.058420 -0.442574
v -0.518374 0.058420 -0.442104
v -0.517440 0.058420 -0.441398
v -0.517114 0.058420 -0.440566
v -0.520251 0.059595 -0.442574
v -0.519264 0.060591 -0.442104
v -0.518604 0.061256 -0.441398
v -0.518374 0.061488 -0.440566
v -0.521417 0.060081 -0.442574
v -0.521417 0.061488 -0.442104
v -0.521417 0.062429 -0.441398
v -0.521417 0.062758 -0.440566
v -0.522581 0.059595 -0.442574
v -0.523567 0.060591 -0.442104
v -0.524227 0.061256 -0.441398
v -0.524460 0.061488 -0.440566
v -0.523064 0.058420 -0.442574
v -0.524460 0.058420 -0.442104
v -0.525391 0.058420 -0.441398
v -0.525718 0.058420 -0.440566
v -0.562382 0.039647 -0.442574
v -0.562382 0.038240 -0.442104
v -0.562382 0.037299 -0.441398
v -0.562382 0.036970 -0.440566
v -0.561218 0.040135 -0.442574
v -0.560232 0.039139 -0.442104
v -0.559572 0.038474 -0.441398
v -0.559339 0.038240 -0.440566
v -0.560735 0.041308 -0.442574
v -0.559339 0.041308 -0.442104
v -0.558408 0.041308 -0.441398
v -0.558079 0.041308 -0.440566
v -0.562382 0.041308 -0.442740
v -0.561218 0.042483 -0.442574
v -0.560232 0.043479 -0.442104
v -0.559572 0.044144 -0.441398
v -0.559339 0.044378 -0.440566
v -0.562382 0.042971 -0.442574
v -0.562382 0.044378 -0.442104
v -0.562382 0.045317 -0.441398
v -0.562382 0.045648 -0.440566
v -0.563546 0.042483 -0.442574
v -0.564535 0.043479 -0.442104
v -0.565193 0.044144 -0.441398
v -0.565425 0.044378 -0.440566
v -0.564029 0.041308 -0.442574
v -0.565425 0.041308 -0.442104
v -0.566359 0.041308 -0.441398
v -0.566685 0.041308 -0.440566
v -0.563546 0.040135 -0.442574
v -0.564535 0.039139 -0.442104
v -0.565193 0.038474 -0.441398
v -0.565425 0.038240 -0.440566
v 0.001164 -0.001173 -0.442574
v 0.002153 -0.002171 -0.442104
v 0.002811 -0.002834 -0.441398
v 0.003043 -0.003068 -0.440566
v 0.001647 0.000000 -0.442574
v 0.003043 0.000000 -0.442104
v 0.003977 0.000000 -0.441398
v 0.004303 0.000000 -0.440566
v 0.001164 0.001173 -0.442574
v 0.002153 0.002171 -0.442104
v 0.002811 0.002834 -0.441398
v 0.003043 0.003068 -0.440566
v -0.000000 0.000000 -0.442742
v -0.000000 0.001661 -0.442574
v -0.000000 0.003068 -0.442104
v -0.000000 0.004009 -0.441398
v -0.000000 0.004340 -0.440566
v -0.001164 0.001173 -0.442574
v -0.002153 0.002171 -0.442104
v -0.002811 0.002834 -0.441398
v -0.003043 0.003068 -0.440566
v -0.001647 0.000000 -0.442574
v -0.003043 0.000000 -0.442104
v -0.003977 0.000000 -0.441398
v -0.004303 0.000000 -0.440566
v -0.001164 -0.001173 -0.442574
v -0.002153 -0.002171 -0.442104
v -0.002811 -0.002834 -0.441398
v -0.003043 -0.003068 -0.440566
v -0.000000 -0.001661 -0.442574
v -0.000000 -0.003068 -0.442104
v -0.000000 -0.004009 -0.441398
v -0.000000 -0.004340 -0.440566
v -0.056771 -0.001173 -0.442574
v -0.055784 -0.002171 -0.442104
v -0.055124 -0.002834 -0.441398
v -0.054892 -0.003068 -0.440566
v -0.056288 0.000000 -0.442574
v -0.054892 0.000000 -0.442104
v -0.053960 0.000000 -0.441398
v -0.053631 0.000000 -0.440566
v -0.056771 0.001173 -0.442574
v -0.055784 0.002171 -0.442104
v -0.055124 0.002834 -0.441398
v -0.054892 0.003068 -0.440566
v -0.057935 0.000000 -0.442742
v -0.057935 0.001661 -0.442574
v -0.057935 0.003068 -0.442104
v -0.057935 0.004009 -0.441398
v -0.057935 0.004340 -0.440566
v -0.059098 0.001173 -0.442574
v -0.060087 0.002171 -0.442104
v -0.060745 0.002834 -0.441398
v -0.060978 0.003068 -0.440566
v -0.059581 0.000000 -0.442574
v -0.060978 0.000000 -0.442104
v -0.061911 0.000000 -0.441398
v -0.062238 0.000000 -0.440566
v -0.059098 -0.001173 -0.442574
v -0.060087 -0.002171 -0.442104
v -0.060745 -0.002834 -0.441398
v -0.060978 -0.003068 -0.440566
v -0.057935 -0.001661 -0.442574
v -0.057935 -0.003068 -0.442104
v -0.057935 -0.004009 -0.441398
v -0.057935 -0.004340 -0.440566
v -0.039318 -0.041308 -0.442574
v -0.037925 -0.041308 -0.442104
v -0.036991 -0.041308 -0.441398
v -0.036664 -0.041308 -0.440566
v -0.039801 -0.040135 -0.442574
v -0.038815 -0.039139 -0.442104
v -0.038155 -0.038474 -0.441398
v -0.037925 -0.038240 -0.440566
v -0.040965 -0.039647 -0.442574
v -0.040965 -0.038240 -0.442104
v -0.040965 -0.037299 -0.441398
v -0.040965 -0.036970 -0.440566
v -0.040965 -0.041308 -0.442742
v -0.042131 -0.040135 -0.442574
v -0.043118 -0.039139 -0.442104
v -0.043778 -0.038474 -0.441398
v -0.044008 -0.038240 -0.440566
v -0.042612 -0.041308 -0.442574
v -0.044008 -0.041308 -0.442104
v -0.044942 -0.041308 -0.441398
v -0.045269 -0.041308 -0.440566
v -0.042131 -0.042483 -0.442574
v -0.043118 -0.043479 -0.442104
v -0.043778 -0.044144 -0.441398
v -0.044008 -0.044378 -0.440566
v -0.040965 -0.042971 -0.442574
v -0.040965 -0.044378 -0.442104
v -0.040965 -0.045317 -0.441398
v -0.040965 -0.045648 -0.440566
v -0.039801 -0.042483 -0.442574
v -0.038815 -0.043479 -0.442104
v -0.038155 -0.044144 -0.441398
v -0.037925 -0.044378 -0.440566
v 0.001164 -0.057247 -0.442574
v 0.002153 -0.056249 -0.442104
v 0.002811 -0.055586 -0.441398
v 0.003043 -0.055352 -0.440566
v -0.000000 -0.056759 -0.442574
v -0.000000 -0.055352 -0.442104
v -0.000000 -0.054411 -0.441398
v -0.000000 -0.054080 -0.440566
v -0.001164 -0.057247 -0.442574
v -0.002153 -0.056249 -0.442104
v -0.002811 -0.055586 -0.441398
v -0.003043 -0.055352 -0.440566
v -0.000000 -0.058420 -0.442742
v -0.001647 -0.058420 -0.442574
v -0.003043 -0.058420 -0.442104
v -0.003977 -0.058420 -0.441398
v -0.004303 -0.058420 -0.440566
v -0.001164 -0.059595 -0.442574
v -0.002153 -0.060591 -0.442104
v -0.002811 -0.061256 -0.441398
v -0.003043 -0.061488 -0.440566
v -0.000000 -0.060081 -0.442574
v -0.000000 -0.061488 -0.442104
v -0.000000 -0.062429 -0.441398
v -0.000000 -0.062758 -0.440566
v 0.001164 -0.059595 -0.442574
v 0.002153 -0.060591 -0.442104
v 0.002811 -0.061256 -0.441398
v 0.003043 -0.061488 -0.440566
v 0.001647 -0.058420 -0.442574
v 0.003043 -0.058420 -0.442104
v 0.003977 -0.058420 -0.441398
v 0.004303 -0.058420 -0.440566
v 0.040965 -0.039647 -0.442574
v 0.040965 -0.038240 -0.442104
v 0.040965 -0.037299 -0.441398
v 0.040965 -0.036970 -0.440566
v 0.039801 -0.040135 -0.442574
v 0.038815 -0.039139 -0.442104
v 0.038155 -0.038474 -0.441398
v 0.037922 -0.038240 -0.440566
v 0.039318 -0.041308 -0.442574
v 0.037922 -0.041308 -0.442104
v 0.036991 -0.041308 -0.441398
v 0.036664 -0.041308 -0.440566
v 0.040965 -0.041308 -0.442742
v 0.039801 -0.042483 -0.442574
v 0.038815 -0.043479 -0.442104
v 0.038155 -0.044144 -0.441398
v 0.037922 -0.044378 -0.440566
v 0.040965 -0.042971 -0.442574
v 0.040965 -0.044378 -0.442104
v 0.040965 -0.045317 -0.441398
v 0.040965 -0.045648 -0.440566
v 0.042131 -0.042483 -0.442574
v 0.043118 -0.043479 -0.442104
v 0.043778 -0.044144 -0.441398
v 0.044008 -0.044378 -0.440566
v 0.042612 -0.041308 -0.442574
v 0.044008 -0.041308 -0.442104
v 0.044942 -0.041308 -0.441398
v 0.045269 -0.041308 -0.440566
v 0.042131 -0.040135 -0.442574
v 0.043118 -0.039139 -0.442104
v 0.043778 -0.038474 -0.441398
v 0.044008 -0.038240 -0.440566
v 0.056771 0.001173 -0.442574
v 0.055782 0.002171 -0.442104
v 0.055124 0.002834 -0.441398
v 0.054892 0.003068 -0.440566
v 0.056288 0.000000 -0.442574
v 0.054892 0.000000 -0.442104
v 0.053960 0.000000 -0.441398
v 0.053631 0.000000 -0.440566
v 0.056771 -0.001173 -0.442574
v 0.055782 -0.002171 -0.442104
v 0.055124 -0.002834 -0.441398
v 0.054892 -0.003068 -0.440566
v 0.057935 0.000000 -0.442742
v 0.057935 -0.001661 -0.442574
v 0.057935 -0.003068 -0.442104
v 0.057935 -0.004009 -0.441398
v 0.057935 -0.004340 -0.440566
v 0.059098 -0.001173 -0.442574
v 0.060087 -0.002171 -0.442104
v 0.060745 -0.002834 -0.441398
v 0.060978 -0.003068 -0.440566
v 0.059581 0.000000 -0.442574
v 0.060978 0.000000 -0.442104
v 0.061911 0.000000 -0.441398
v 0.062238 0.000000 -0.440566
v 0.059098 0.001173 -0.442574
v 0.060087 0.002171 -0.442104
v 0.060745 0.002834 -0.441398
v 0.060978 0.003068 -0.440566
v 0.057935 0.001661 -0.442574
v 0.057935 0.003068 -0.442104
v 0.057935 0.004009 -0.441398
v 0.057935 0.004340 -0.440566
v 0.039318 0.041308 -0.442574
v 0.037922 0.041308 -0.442104
v 0.036991 0.041308 -0.441398
v 0.036664 0.041308 -0.440566
v 0.039801 0.040135 -0.442574
v 0.038815 0.039139 -0.442104
v 0.038155 0.038474 -0.441398
v 0.037922 0.038240 -0.440566
v 0.040965 0.039647 -0.442574
v 0.040965 0.038240 -0.442104
v 0.040965 0.037299 -0.441398
v 0.040965 0.036970 -0.440566
v 0.040965 0.041308 -0.442742
v 0.042131 0.040135 -0.442574
v 0.043118 0.039139 -0.442104
v 0.043778 0.038474 -0.441398
v 0.044008 0.038240 -0.440566
v 0.042612 0.041308 -0.442574
v 0.044008 0.041308 -0.442104
v 0.044942 0.041308 -0.441398
v 0.045269 0.041308 -0.440566
v 0.042131 0.042483 -0.442574
v 0.043118 0.043479 -0.442104
v 0.043778 0.044144 -0.441398
v 0.044008 0.044378 -0.440566
v 0.040965 0.042971 -0.442574
v 0.040965 0.044378 -0.442104
v 0.040965 0.045317 -0.441398
v 0.040965 0.045648 -0.440566
v 0.039801 0.042483 -0.442574
v 0.038815 0.043479 -0.442104
v 0.038155 0.044144 -0.441398
v 0.037922 0.044378 -0.440566
v -0.001164 0.057247 -0.442574
v -0.002153 0.056249 -0.442104
v -0.002811 0.055586 -0.441398
v -0.003043 0.055352 -0.440566
v -0.000000 0.056759 -0.442574
v -0.000000 0.055352 -0.442104
v -0.000000 0.054411 -0.441398
v -0.000000 0.054080 -0.440566
v 0.001164 0.057247 -0.442574
v 0.002153 0.056249 -0.442104
v 0.002811 0.055586 -0.441398
v 0.003043 0.055352 -0.440566
v -0.000000 0.058420 -0.442742
v 0.001647 0.058420 -0.442574
v 0.003043 0.058420 -0.442104
v 0.003977 0.058420 -0.441398
v 0.004303 0.058420 -0.440566
v 0.001164 0.059595 -0.442574
v 0.002153 0.060591 -0.442104
v 0.002811 0.061256 -0.441398
v 0.003043 0.061488 -0.440566
v -0.000000 0.060081 -0.442574
v -0.000000 0.061488 -0.442104
v -0.000000 0.062429 -0.441398
v -0.000000 0.062758 -0.440566
v -0.001164 0.059595 -0.442574
v -0.002153 0.060591 -0.442104
v -0.002811 0.061256 -0.441398
v -0.003043 0.061488 -0.440566
v -0.001647 0.058420 -0.442574
v -0.003043 0.058420 -0.442104
v -0.003977 0.058420 -0.441398
v -0.004303 0.058420 -0.440566
v -0.040965 0.039647 -0.442574
v -0.040965 0.038240 -0.442104
v -0.040965 0.037299 -0.441398
v -0.040965 0.036970 -0.440566
v -0.039801 0.040135 -0.442574
v -0.038815 0.039139 -0.442104
v -0.038155 0.038474 -0.441398
v -0.037925 0.038240 -0.440566
v -0.039318 0.041308 -0.442574
v -0.037925 0.041308 -0.442104
v -0.036991 0.041308 -0.441398
v -0.036664 0.041308 -0.440566
v -0.040965 0.041308 -0.442742
v -0.039801 0.042483 -0.442574
v -0.038815 0.043479 -0.442104
v -0.038155 0.044144 -0.441398
v -0.037925 0.044378 -0.440566
v -0.040965 0.042971 -0.442574
v -0.040965 0.044378 -0.442104
v -0.040965 0.045317 -0.441398
v -0.040965 0.045648 -0.440566
v -0.042131 0.042483 -0.442574
v -0.043118 0.043479 -0.442104
v -0.043778 0.044144 -0.441398
v -0.044008 0.044378 -0.440566
v -0.042612 0.041308 -0.442574
v -0.044008 0.041308 -0.442104
v -0.044942 0.041308 -0.441398
v -0.045269 0.041308 -0.440566
v -0.042131 0.040135 -0.442574
v -0.043118 0.039139 -0.442104
v -0.043778 0.038474 -0.441398
v -0.044008 0.038240 -0.440566
v -0.343549 -0.033304 -0.442574
v -0.342562 -0.034302 -0.442104
v -0.341902 -0.034965 -0.441398
v -0.341672 -0.035199 -0.440566
v -0.343068 -0.032131 -0.442574
v -0.341672 -0.032131 -0.442104
v -0.340738 -0.032131 -0.441398
v -0.340411 -0.032131 -0.440566
v -0.343549 -0.030956 -0.442574
v -0.342562 -0.029962 -0.442104
v -0.341902 -0.029295 -0.441398
v -0.341672 -0.029063 -0.440566
v -0.344715 -0.032131 -0.442740
v -0.344715 -0.030470 -0.442574
v -0.344715 -0.029063 -0.442104
v -0.344715 -0.028122 -0.441398
v -0.344715 -0.027791 -0.440566
v -0.345879 -0.030956 -0.442574
v -0.346865 -0.029962 -0.442104
v -0.347525 -0.029295 -0.441398
v -0.347758 -0.029063 -0.440566
v -0.346362 -0.032131 -0.442574
v -0.347758 -0.032131 -0.442104
v -0.348689 -0.032131 -0.441398
v -0.349016 -0.032131 -0.440566
v -0.345879 -0.033304 -0.442574
v -0.346865 -0.034302 -0.442104
v -0.347525 -0.034965 -0.441398
v -0.347758 -0.035199 -0.440566
v -0.344715 -0.033792 -0.442574
v -0.344715 -0.035199 -0.442104
v -0.344715 -0.036140 -0.441398
v -0.344715 -0.036471 -0.440566
v -0.343549 0.030956 -0.442574
v -0.342562 0.029962 -0.442104
v -0.341902 0.029295 -0.441398
v -0.341672 0.029063 -0.440566
v -0.343068 0.032131 -0.442574
v -0.341672 0.032131 -0.442104
v -0.340738 0.032131 -0.441398
v -0.340411 0.032131 -0.440566
v -0.343549 0.033304 -0.442574
v -0.342562 0.034302 -0.442104
v -0.341902 0.034965 -0.441398
v -0.341672 0.035199 -0.440566
v -0.344715 0.032131 -0.442740
v -0.344715 0.033792 -0.442574
v -0.344715 0.035199 -0.442104
v -0.344715 0.036140 -0.441398
v -0.344715 0.036471 -0.440566
v -0.345879 0.033304 -0.442574
v -0.346865 0.034302 -0.442104
v -0.347525 0.034965 -0.441398
v -0.347758 0.035199 -0.440566
v -0.346362 0.032131 -0.442574
v -0.347758 0.032131 -0.442104
v -0.348689 0.032131 -0.441398
v -0.349016 0.032131 -0.440566
v -0.345879 0.030956 -0.442574
v -0.346865 0.029962 -0.442104
v -0.347525 0.029295 -0.441398
v -0.347758 0.029063 -0.440566
v -0.344715 0.030470 -0.442574
v -0.344715 0.029063 -0.442104
v -0.344715 0.028122 -0.441398
v -0.344715 0.027791 -0.440566
v -0.407277 0.030956 -0.442574
v -0.406290 0.029962 -0.442104
v -0.405630 0.029295 -0.441398
v -0.405400 0.029063 -0.440566
v -0.406796 0.032131 -0.442574
v -0.405400 0.032131 -0.442104
v -0.404467 0.032131 -0.441398
v -0.404140 0.032131 -0.440566
v -0.407277 0.033304 -0.442574
v -0.406290 0.034302 -0.442104
v -0.405630 0.034965 -0.441398
v -0.405400 0.035199 -0.440566
v -0.408443 0.032131 -0.442740
v -0.408443 0.033792 -0.442574
v -0.408443 0.035199 -0.442104
v -0.408443 0.036140 -0.441398
v -0.408443 0.036471 -0.440566
v -0.409607 0.033304 -0.442574
v -0.410594 0.034302 -0.442104
v -0.411254 0.034965 -0.441398
v -0.411486 0.035199 -0.440566
v -0.410090 0.032131 -0.442574
v -0.411486 0.032131 -0.442104
v -0.412418 0.032131 -0.441398
v -0.412746 0.032131 -0.440566
v -0.409607 0.030956 -0.442574
v -0.410594 0.029962 -0.442104
v -0.411254 0.029295 -0.441398
v -0.411486 0.029063 -0.440566
v -0.408443 0.030470 -0.442574
v -0.408443 0.029063 -0.442104
v -0.408443 0.028122 -0.441398
v -0.408443 0.027791 -0.440566
v -0.407277 -0.033304 -0.442574
v -0.406290 -0.034302 -0.442104
v -0.405630 -0.034965 -0.441398
v -0.405400 -0.035199 -0.440566
v -0.406796 -0.032131 -0.442574
v -0.405400 -0.032131 -0.442104
v -0.404467 -0.032131 -0.441398
v -0.404140 -0.032131 -0.440566
v -0.407277 -0.030956 -0.442574
v -0.406290 -0.029962 -0.442104
v -0.405630 -0.029295 -0.441398
v -0.405400 -0.029063 -0.440566
v -0.408443 -0.032131 -0.442740
v -0.408443 -0.030470 -0.442574
v -0.408443 -0.029063 -0.442104
v -0.408443 -0.028122 -0.441398
v -0.408443 -0.027791 -0.440566
v -0.409607 -0.030956 -0.442574
v -0.410594 -0.029962 -0.442104
v -0.411254 -0.029295 -0.441398
v -0.411486 -0.029063 -0.440566
v -0.410090 -0.032131 -0.442574
v -0.411486 -0.032131 -0.442104
v -0.412418 -0.032131 -0.441398
v -0.412746 -0.032131 -0.440566
v -0.409607 -0.033304 -0.442574
v -0.410594 -0.034302 -0.442104
v -0.411254 -0.034965 -0.441398
v -0.411486 -0.035199 -0.440566
v -0.408443 -0.033792 -0.442574
v -0.408443 -0.035199 -0.442104
v -0.408443 -0.036140 -0.441398
v -0.408443 -0.036471 -0.440566
v 0.520251 0.001173 -0.435258
v 0.519264 0.002169 -0.434785
v 0.518604 0.002834 -0.434080
v 0.518374 0.003068 -0.433248
v 0.519770 0.000000 -0.435258
v 0.518374 0.000000 -0.434785
v 0.517440 0.000000 -0.434080
v 0.517114 0.000000 -0.433248
v 0.520251 -0.001173 -0.435258
v 0.519264 -0.002171 -0.434785
v 0.518604 -0.002834 -0.434080
v 0.518374 -0.003068 -0.433248
v 0.521417 0.000000 -0.435424
v 0.521417 -0.001661 -0.435258
v 0.521417 -0.003068 -0.434785
v 0.521417 -0.004009 -0.434080
v 0.521417 -0.004340 -0.433248
v 0.522581 -0.001173 -0.435258
v 0.523567 -0.002171 -0.434785
v 0.524227 -0.002834 -0.434080
v 0.524460 -0.003068 -0.433248
v 0.523064 0.000000 -0.435258
v 0.524460 0.000000 -0.434785
v 0.525391 0.000000 -0.434080
v 0.525718 0.000000 -0.433248
v 0.522581 0.001173 -0.435258
v 0.523567 0.002169 -0.434785
v 0.524227 0.002834 -0.434080
v 0.524460 0.003068 -0.433248
v 0.521417 0.001661 -0.435258
v 0.521417 0.003068 -0.434785
v 0.521417 0.004009 -0.434080
v 0.521417 0.004340 -0.433248
v 0.578188 0.001173 -0.435258
v 0.577201 0.002169 -0.434785
v 0.576541 0.002834 -0.434080
v 0.576309 0.003068 -0.433248
v 0.577705 0.000000 -0.435258
v 0.576309 0.000000 -0.434785
v 0.575375 0.000000 -0.434080
v 0.575048 0.000000 -0.433248
v 0.578188 -0.001173 -0.435258
v 0.577201 -0.002171 -0.434785
v 0.576541 -0.002834 -0.434080
v 0.576309 -0.003068 -0.433248
v 0.579352 0.000000 -0.435424
v 0.579352 -0.001661 -0.435258
v 0.579352 -0.003068 -0.434785
v 0.579352 -0.004009 -0.434080
v 0.579352 -0.004340 -0.433248
v 0.580515 -0.001173 -0.435258
v 0.581502 -0.002171 -0.434785
v 0.582162 -0.002834 -0.434080
v 0.582395 -0.003068 -0.433248
v 0.580998 0.000000 -0.435258
v 0.582395 0.000000 -0.434785
v 0.583326 0.000000 -0.434080
v 0.583655 0.000000 -0.433248
v 0.580515 0.001173 -0.435258
v 0.581502 0.002169 -0.434785
v 0.582162 0.002834 -0.434080
v 0.582395 0.003068 -0.433248
v 0.579352 0.001661 -0.435258
v 0.579352 0.003068 -0.434785
v 0.579352 0.004009 -0.434080
v 0.579352 0.004340 -0.433248
v 0.560735 0.041308 -0.435258
v 0.559339 0.041308 -0.434785
v 0.558405 0.041308 -0.434080
v 0.558079 0.041308 -0.433248
v 0.561218 0.040135 -0.435258
v 0.560232 0.039139 -0.434785
v 0.559572 0.038474 -0.434080
v 0.559339 0.038240 -0.433248
v 0.562382 0.039647 -0.435258
v 0.562382 0.038240 -0.434785
v 0.562382 0.037299 -0.434080
v 0.562382 0.036970 -0.433248
v 0.562382 0.041308 -0.435424
v 0.563546 0.040135 -0.435258
v 0.564535 0.039139 -0.434785
v 0.565193 0.038474 -0.434080
v 0.565425 0.038240 -0.433248
v 0.564029 0.041308 -0.435258
v 0.565425 0.041308 -0.434785
v 0.566359 0.041308 -0.434080
v 0.566685 0.041308 -0.433248
v 0.563546 0.042483 -0.435258
v 0.564535 0.043479 -0.434785
v 0.565193 0.044144 -0.434080
v 0.565425 0.044378 -0.433248
v 0.562382 0.042971 -0.435258
v 0.562382 0.044378 -0.434785
v 0.562382 0.045317 -0.434080
v 0.562382 0.045648 -0.433248
v 0.561218 0.042483 -0.435258
v 0.560232 0.043479 -0.434785
v 0.559572 0.044144 -0.434080
v 0.559339 0.044378 -0.433248
v 0.520251 0.057247 -0.435258
v 0.519264 0.056249 -0.434785
v 0.518604 0.055586 -0.434080
v 0.518374 0.055352 -0.433248
v 0.521417 0.056759 -0.435258
v 0.521417 0.055352 -0.434785
v 0.521417 0.054411 -0.434080
v 0.521417 0.054080 -0.433248
v 0.522581 0.057247 -0.435258
v 0.523567 0.056249 -0.434785
v 0.524227 0.055586 -0.434080
v 0.524460 0.055352 -0.433248
v 0.521417 0.058420 -0.435424
v 0.523064 0.058420 -0.435258
v 0.524460 0.058420 -0.434785
v 0.525391 0.058420 -0.434080
v 0.525718 0.058420 -0.433248
v 0.522581 0.059595 -0.435258
v 0.523567 0.060591 -0.434785
v 0.524227 0.061256 -0.434080
v 0.524460 0.061488 -0.433248
v 0.521417 0.060081 -0.435258
v 0.521417 0.061488 -0.434785
v 0.521417 0.062429 -0.434080
v 0.521417 0.062758 -0.433248
v 0.520251 0.059595 -0.435258
v 0.519264 0.060591 -0.434785
v 0.518604 0.061256 -0.434080
v 0.518374 0.061488 -0.433248
v 0.519770 0.058420 -0.435258
v 0.518374 0.058420 -0.434785
v 0.517440 0.058420 -0.434080
v 0.517114 0.058420 -0.433248
v 0.480449 0.039647 -0.435258
v 0.480449 0.038240 -0.434785
v 0.480449 0.037299 -0.434080
v 0.480449 0.036970 -0.433248
v 0.481613 0.040135 -0.435258
v 0.482602 0.039139 -0.434785
v 0.483260 0.038474 -0.434080
v 0.483492 0.038240 -0.433248
v 0.482096 0.041308 -0.435258
v 0.483492 0.041308 -0.434785
v 0.484426 0.041308 -0.434080
v 0.484753 0.041308 -0.433248
v 0.480449 0.041308 -0.435424
v 0.481613 0.042483 -0.435258
v 0.482602 0.043479 -0.434785
v 0.483260 0.044144 -0.434080
v 0.483492 0.044378 -0.433248
v 0.480449 0.042971 -0.435258
v 0.480449 0.044378 -0.434785
v 0.480449 0.045317 -0.434080
v 0.480449 0.045648 -0.433248
v 0.479285 0.042483 -0.435258
v 0.478296 0.043479 -0.434785
v 0.477639 0.044144 -0.434080
v 0.477406 0.044378 -0.433248
v 0.478802 0.041308 -0.435258
v 0.477406 0.041308 -0.434785
v 0.476475 0.041308 -0.434080
v 0.476146 0.041308 -0.433248
v 0.479285 0.040135 -0.435258
v 0.478296 0.039139 -0.434785
v 0.477639 0.038474 -0.434080
v 0.477406 0.038240 -0.433248
v 0.464646 -0.001173 -0.435258
v 0.465633 -0.002171 -0.434785
v 0.466293 -0.002834 -0.434080
v 0.466523 -0.003068 -0.433248
v 0.465127 0.000000 -0.435258
v 0.466523 0.000000 -0.434785
v 0.467457 0.000000 -0.434080
v 0.467783 0.000000 -0.433248
v 0.464646 0.001173 -0.435258
v 0.465633 0.002171 -0.434785
v 0.466293 0.002834 -0.434080
v 0.466523 0.003068 -0.433248
v 0.463480 0.000000 -0.435424
v 0.463480 0.001661 -0.435258
v 0.463480 0.003068 -0.434785
v 0.463480 0.004009 -0.434080
v 0.463480 0.004340 -0.433248
v 0.462316 0.001173 -0.435258
v 0.461329 0.002171 -0.434785
v 0.460669 0.002834 -0.434080
v 0.460437 0.003068 -0.433248
v 0.461833 0.000000 -0.435258
v 0.460437 0.000000 -0.434785
v 0.459505 0.000000 -0.434080
v 0.459179 0.000000 -0.433248
v 0.462316 -0.001173 -0.435258
v 0.461329 -0.002171 -0.434785
v 0.460669 -0.002834 -0.434080
v 0.460437 -0.003068 -0.433248
v 0.463480 -0.001661 -0.435258
v 0.463480 -0.003068 -0.434785
v 0.463480 -0.004009 -0.434080
v 0.463480 -0.004340 -0.433248
v 0.482096 -0.041308 -0.435258
v 0.483492 -0.041308 -0.434785
v 0.484426 -0.041308 -0.434080
v 0.484753 -0.041308 -0.433248
v 0.481613 -0.040135 -0.435258
v 0.482602 -0.039141 -0.434785
v 0.483260 -0.038474 -0.434080
v 0.483492 -0.038240 -0.433248
v 0.480449 -0.039647 -0.435258
v 0.480449 -0.038240 -0.434785
v 0.480449 -0.037299 -0.434080
v 0.480449 -0.036970 -0.433248
v 0.480449 -0.041308 -0.435424
v 0.479285 -0.040135 -0.435258
v 0.478299 -0.039141 -0.434785
v 0.477639 -0.038474 -0.434080
v 0.477406 -0.038240 -0.433248
v 0.478802 -0.041308 -0.435258
v 0.477406 -0.041308 -0.434785
v 0.476475 -0.041308 -0.434080
v 0.476146 -0.041308 -0.433248
v 0.479285 -0.042483 -0.435258
v 0.478299 -0.043479 -0.434785
v 0.477639 -0.044144 -0.434080
v 0.477406 -0.044378 -0.433248
v 0.480449 -0.042971 -0.435258
v 0.480449 -0.044378 -0.434785
v 0.480449 -0.045317 -0.434080
v 0.480449 -0.045648 -0.433248
v 0.481613 -0.042483 -0.435258
v 0.482602 -0.043479 -0.434785
v 0.483260 -0.044144 -0.434080
v 0.483492 -0.044378 -0.433248
v 0.522581 -0.057247 -0.435258
v 0.523567 -0.056249 -0.434785
v 0.524227 -0.055586 -0.434080
v 0.524460 -0.055352 -0.433248
v 0.521417 -0.056759 -0.435258
v 0.521417 -0.055352 -0.434785
v 0.521417 -0.054411 -0.434080
v 0.521417 -0.054080 -0.433248
v 0.520251 -0.057247 -0.435258
v 0.519264 -0.056249 -0.434785
v 0.518604 -0.055586 -0.434080
v 0.518374 -0.055352 -0.433248
v 0.521417 -0.058420 -0.435424
v 0.519770 -0.058420 -0.435258
v 0.518374 -0.058420 -0.434785
v 0.517440 -0.058420 -0.434080
v 0.517114 -0.058420 -0.433248
v 0.520251 -0.059595 -0.435258
v 0.519264 -0.060591 -0.434785
v 0.518604 -0.061256 -0.434080
v 0.518374 -0.061488 -0.433248
v 0.521417 -0.060081 -0.435258
v 0.521417 -0.061488 -0.434785
v 0.521417 -0.062429 -0.434080
v 0.521417 -0.062758 -0.433248
v 0.522581 -0.059595 -0.435258
v 0.523567 -0.060591 -0.434785
v 0.524227 -0.061256 -0.434080
v 0.524460 -0.061488 -0.433248
v 0.523064 -0.058420 -0.435258
v 0.524460 -0.058420 -0.434785
v 0.525391 -0.058420 -0.434080
v 0.525718 -0.058420 -0.433248
v 0.562382 -0.039647 -0.435258
v 0.562382 -0.038240 -0.434785
v 0.562382 -0.037299 -0.434080
v 0.562382 -0.036970 -0.433248
v 0.561218 -0.040135 -0.435258
v 0.560232 -0.039139 -0.434785
v 0.559572 -0.038474 -0.434080
v 0.559339 -0.038240 -0.433248
v 0.560735 -0.041308 -0.435258
v 0.559339 -0.041308 -0.434785
v 0.558405 -0.041308 -0.434080
v 0.558079 -0.041308 -0.433248
v 0.562382 -0.041308 -0.435424
v 0.561218 -0.042483 -0.435258
v 0.560232 -0.043479 -0.434785
v 0.559572 -0.044144 -0.434080
v 0.559339 -0.044378 -0.433248
v 0.562382 -0.042971 -0.435258
v 0.562382 -0.044378 -0.434785
v 0.562382 -0.045317 -0.434080
v 0.562382 -0.045648 -0.433248
v 0.563546 -0.042483 -0.435258
v 0.564535 -0.043479 -0.434785
v 0.565193 -0.044144 -0.434080
v 0.565425 -0.044378 -0.433248
v 0.564029 -0.041308 -0.435258
v 0.565425 -0.041308 -0.434785
v 0.566359 -0.041308 -0.434080
v 0.566685 -0.041308 -0.433248
v 0.563546 -0.040135 -0.435258
v 0.564535 -0.039139 -0.434785
v 0.565193 -0.038474 -0.434080
v 0.565425 -0.038240 -0.433248
v 0.343549 0.033304 -0.435258
v 0.342562 0.034300 -0.434785
v 0.341902 0.034965 -0.434080
v 0.341672 0.035199 -0.433248
v 0.343068 0.032131 -0.435258
v 0.341672 0.032131 -0.434785
v 0.340738 0.032131 -0.434080
v 0.340411 0.032131 -0.433248
v 0.343549 0.030956 -0.435258
v 0.342562 0.029962 -0.434785
v 0.341902 0.029295 -0.434080
v 0.341672 0.029063 -0.433248
v 0.344715 0.032131 -0.435424
v 0.344715 0.030470 -0.435258
v 0.344715 0.029063 -0.434785
v 0.344715 0.028122 -0.434080
v 0.344715 0.027791 -0.433248
v 0.345879 0.030956 -0.435258
v 0.346865 0.029962 -0.434785
v 0.347525 0.029295 -0.434080
v 0.347758 0.029063 -0.433248
v 0.346362 0.032131 -0.435258
v 0.347758 0.032131 -0.434785
v 0.348689 0.032131 -0.434080
v 0.349016 0.032131 -0.433248
v 0.345879 0.033304 -0.435258
v 0.346865 0.034300 -0.434785
v 0.347525 0.034965 -0.434080
v 0.347758 0.035199 -0.433248
v 0.344715 0.033792 -0.435258
v 0.344715 0.035199 -0.434785
v 0.344715 0.036140 -0.434080
v 0.344715 0.036471 -0.433248
v 0.343549 -0.030956 -0.435258
v 0.342562 -0.029962 -0.434785
v 0.341902 -0.029295 -0.434080
v 0.341672 -0.029063 -0.433248
v 0.343068 -0.032131 -0.435258
v 0.341672 -0.032131 -0.434785
v 0.340738 -0.032131 -0.434080
v 0.340411 -0.032131 -0.433248
v 0.343549 -0.033304 -0.435258
v 0.342562 -0.034302 -0.434785
v 0.341902 -0.034965 -0.434080
v 0.341672 -0.035199 -0.433248
v 0.344715 -0.032131 -0.435424
v 0.344715 -0.033792 -0.435258
v 0.344715 -0.035199 -0.434785
v 0.344715 -0.036140 -0.434080
v 0.344715 -0.036471 -0.433248
v 0.345879 -0.033304 -0.435258
v 0.346865 -0.034302 -0.434785
v 0.347525 -0.034965 -0.434080
v 0.347758 -0.035199 -0.433248
v 0.346362 -0.032131 -0.435258
v 0.347758 -0.032131 -0.434785
v 0.348689 -0.032131 -0.434080
v 0.349016 -0.032131 -0.433248
v 0.345879 -0.030956 -0.435258
v 0.346865 -0.029962 -0.434785
v 0.347525 -0.029295 -0.434080
v 0.347758 -0.029063 -0.433248
v 0.344715 -0.030470 -0.435258
v 0.344715 -0.029063 -0.434785
v 0.344715 -0.028122 -0.434080
v 0.344715 -0.027791 -0.433248
v 0.407277 -0.030956 -0.435258
v 0.406293 -0.029962 -0.434785
v 0.405630 -0.029295 -0.434080
v 0.405400 -0.029063 -0.433248
v 0.406796 -0.032131 -0.435258
v 0.405400 -0.032131 -0.434785
v 0.404467 -0.032131 -0.434080
v 0.404140 -0.032131 -0.433248
v 0.407277 -0.033304 -0.435258
v 0.406293 -0.034302 -0.434785
v 0.405630 -0.034965 -0.434080
v 0.405400 -0.035199 -0.433248
v 0.408443 -0.032131 -0.435424
v 0.408443 -0.033792 -0.435258
v 0.408443 -0.035199 -0.434785
v 0.408443 -0.036140 -0.434080
v 0.408443 -0.036471 -0.433248
v 0.409607 -0.033304 -0.435258
v 0.410594 -0.034302 -0.434785
v 0.411254 -0.034965 -0.434080
v 0.411486 -0.035199 -0.433248
v 0.410090 -0.032131 -0.435258
v 0.411486 -0.032131 -0.434785
v 0.412418 -0.032131 -0.434080
v 0.412746 -0.032131 -0.433248
v 0.409607 -0.030956 -0.435258
v 0.410594 -0.029962 -0.434785
v 0.411254 -0.029295 -0.434080
v 0.411486 -0.029063 -0.433248
v 0.408443 -0.030470 -0.435258
v 0.408443 -0.029063 -0.434785
v 0.408443 -0.028122 -0.434080
v 0.408443 -0.027791 -0.433248
v 0.407277 0.033304 -0.435258
v 0.406293 0.034300 -0.434785
v 0.405630 0.034965 -0.434080
v 0.405400 0.035199 -0.433248
v 0.406796 0.032131 -0.435258
v 0.405400 0.032131 -0.434785
v 0.404467 0.032131 -0.434080
v 0.404140 0.032131 -0.433248
v 0.407277 0.030956 -0.435258
v 0.406293 0.029962 -0.434785
v 0.405630 0.029295 -0.434080
v 0.405400 0.029063 -0.433248
v 0.408443 0.032131 -0.435424
v 0.408443 0.030470 -0.435258
v 0.408443 0.029063 -0.434785
v 0.408443 0.028122 -0.434080
v 0.408443 0.027791 -0.433248
v 0.409607 0.030956 -0.435258
v 0.410594 0.029962 -0.434785
v 0.411254 0.029295 -0.434080
v 0.411486 0.029063 -0.433248
v 0.410090 0.032131 -0.435258
v 0.411486 0.032131 -0.434785
v 0.412418 0.032131 -0.434080
v 0.412746 0.032131 -0.433248
v 0.409607 0.033304 -0.435258
v 0.410594 0.034300 -0.434785
v 0.411254 0.034965 -0.434080
v 0.411486 0.035199 -0.433248
v 0.408443 0.033792 -0.435258
v 0.408443 0.035199 -0.434785
v 0.408443 0.036140 -0.434080
v 0.408443 0.036471 -0.433248
vt 0.205729 0.500000
vt 0.208333 0.562500
vt 0.205729 0.563701
vt 0.203125 0.500000
vt 0.203125 0.567257
vt 0.200521 0.500000
vt 0.200521 0.573033
vt 0.197917 0.500000
vt 0.197917 0.580806
vt 0.195312 0.500000
vt 0.195312 0.590277
vt 0.192708 0.500000
vt 0.192708 0.601082
vt 0.190104 0.500000
vt 0.190104 0.612807
vt 0.187500 0.500000
vt 0.187500 0.625000
vt 0.184896 0.612807
vt 0.182292 0.601082
vt 0.184896 0.500000
vt 0.179688 0.590277
vt 0.182292 0.500000
vt 0.177083 0.580806
vt 0.179688 0.500000
vt 0.174479 0.573033
vt 0.177083 0.500000
vt 0.171875 0.567257
vt 0.174479 0.500000
vt 0.169271 0.563701
vt 0.171875 0.500000
vt 0.166667 0.562500
vt 0.169271 0.500000
vt 0.164062 0.500000
vt 0.164062 0.563701
vt 0.161458 0.500000
vt 0.161458 0.567257
vt 0.158854 0.500000
vt 0.158854 0.573033
vt 0.156250 0.500000
vt 0.156250 0.580806
vt 0.153646 0.500000
vt 0.153646 0.590277
vt 0.151042 0.500000
vt 0.151042 0.601082
vt 0.148438 0.500000
vt 0.148438 0.612807
vt 0.145833 0.500000
vt 0.145833 0.625000
vt 0.143229 0.612807
vt 0.143229 0.500000
vt 0.140625 0.601082
vt 0.140625 0.500000
vt 0.138021 0.590277
vt 0.138021 0.500000
vt 0.135417 0.580806
vt 0.135417 0.500000
vt 0.132812 0.573033
vt 0.132812 0.500000
vt 0.130208 0.567257
vt 0.130208 0.500000
vt 0.127604 0.563701
vt 0.125000 0.562500
vt 0.127604 0.500000
vt 0.166667 0.500000
vt 0.208333 0.500000
vt 0.125000 0.500000
vt 0.195154 0.382067
vt 0.169022 0.414539
vt 0.179846 0.492933
vt 0.208333 0.625000
vt 0.205729 0.625000
vt 0.203125 0.625000
vt 0.200521 0.625000
vt 0.197917 0.625000
vt 0.195312 0.625000
vt 0.192708 0.625000
vt 0.190104 0.625000
vt 0.184896 0.625000
vt 0.182292 0.580438
vt 0.184896 0.571645
vt 0.182292 0.544562
vt 0.182292 0.625000
vt 0.179688 0.588542
vt 0.179688 0.536458
vt 0.179688 0.625000
vt 0.177083 0.595646
vt 0.177083 0.529354
vt 0.177083 0.625000
vt 0.174479 0.601475
vt 0.174479 0.523525
vt 0.174479 0.625000
vt 0.171875 0.605807
vt 0.171875 0.519193
vt 0.171875 0.625000
vt 0.169271 0.608474
vt 0.169271 0.516526
vt 0.169271 0.625000
vt 0.166667 0.609375
vt 0.166667 0.515625
vt 0.164062 0.625000
vt 0.166667 0.625000
vt 0.164062 0.516526
vt 0.161458 0.625000
vt 0.164062 0.608474
vt 0.161458 0.519193
vt 0.158854 0.625000
vt 0.161458 0.605807
vt 0.158854 0.523525
vt 0.156250 0.625000
vt 0.158854 0.601475
vt 0.156250 0.529354
vt 0.153646 0.625000
vt 0.156250 0.595646
vt 0.153646 0.536458
vt 0.151042 0.625000
vt 0.153646 0.588542
vt 0.151042 0.544562
vt 0.148438 0.625000
vt 0.151042 0.580438
vt 0.148438 0.553355
vt 0.145833 0.562500
vt 0.143229 0.625000
vt 0.140625 0.625000
vt 0.138021 0.625000
vt 0.135417 0.625000
vt 0.132812 0.625000
vt 0.130208 0.625000
vt 0.127604 0.625000
vt 0.205978 0.460461
vt 0.125000 0.625000
vt 0.159976 0.395073
vt 0.159976 0.479927
vt 0.131691 0.479927
vt 0.165833 0.437500
vt 0.183598 0.496347
vt 0.187500 0.497500
vt 0.191402 0.496347
vt 0.195154 0.492933
vt 0.198611 0.487388
vt 0.201642 0.479927
vt 0.204129 0.470834
vt 0.207116 0.449206
vt 0.207500 0.437500
vt 0.207116 0.425794
vt 0.205978 0.414539
vt 0.204129 0.404166
vt 0.201642 0.395073
vt 0.198611 0.387612
vt 0.191402 0.378653
vt 0.187500 0.377500
vt 0.183598 0.378653
vt 0.179846 0.382067
vt 0.176389 0.387612
vt 0.173358 0.395073
vt 0.170871 0.404166
vt 0.167884 0.425794
vt 0.167500 0.437500
vt 0.167884 0.449206
vt 0.169022 0.460461
vt 0.170871 0.470834
vt 0.173358 0.479927
vt 0.176389 0.487388
vt 0.184896 0.553355
vt 0.148438 0.571645
vt 0.129204 0.470834
vt 0.127356 0.460461
vt 0.126218 0.449206
vt 0.125833 0.437500
vt 0.126218 0.425794
vt 0.127356 0.414539
vt 0.129204 0.404166
vt 0.131691 0.395073
vt 0.134722 0.387612
vt 0.138180 0.382067
vt 0.141931 0.378653
vt 0.145833 0.377500
vt 0.149735 0.378653
vt 0.153487 0.382067
vt 0.156945 0.387612
vt 0.162463 0.404166
vt 0.164311 0.414539
vt 0.165449 0.425794
vt 0.165449 0.449206
vt 0.164311 0.460461
vt 0.162463 0.470834
vt 0.156945 0.487388
vt 0.153487 0.492933
vt 0.149735 0.496347
vt 0.145833 0.497500
vt 0.141931 0.496347
vt 0.138180 0.492933
vt 0.134722 0.487388
vt 0.208333 0.625000
vt 0.205729 0.500000
vt 0.208333 0.500000
vt 0.205729 0.625000
vt 0.203125 0.500000
vt 0.203125 0.625000
vt 0.200521 0.500000
vt 0.200521 0.625000
vt 0.197917 0.500000
vt 0.197917 0.625000
vt 0.195312 0.500000
vt 0.195312 0.625000
vt 0.192708 0.500000
vt 0.192708 0.625000
vt 0.190104 0.500000
vt 0.190104 0.625000
vt 0.187500 0.500000
vt 0.187500 0.625000
vt 0.184896 0.500000
vt 0.184896 0.625000
vt 0.182292 0.500000
vt 0.182292 0.625000
vt 0.179688 0.500000
vt 0.179688 0.625000
vt 0.177083 0.500000
vt 0.177083 0.625000
vt 0.174479 0.500000
vt 0.174479 0.625000
vt 0.171875 0.500000
vt 0.171875 0.625000
vt 0.169271 0.500000
vt 0.169271 0.625000
vt 0.166667 0.500000
vt 0.166667 0.625000
vt 0.164062 0.500000
vt 0.164062 0.625000
vt 0.161458 0.500000
vt 0.161458 0.625000
vt 0.158854 0.500000
vt 0.158854 0.625000
vt 0.156250 0.500000
vt 0.156250 0.625000
vt 0.153646 0.500000
vt 0.153646 0.625000
vt 0.151042 0.500000
vt 0.151042 0.625000
vt 0.148438 0.500000
vt 0.148438 0.625000
vt 0.145833 0.500000
vt 0.145833 0.625000
vt 0.143229 0.500000
vt 0.143229 0.625000
vt 0.140625 0.500000
vt 0.140625 0.625000
vt 0.138021 0.500000
vt 0.138021 0.625000
vt 0.135417 0.500000
vt 0.135417 0.625000
vt 0.132812 0.500000
vt 0.132812 0.625000
vt 0.130208 0.500000
vt 0.138180 0.382067
vt 0.164311 0.414539
vt 0.153487 0.492933
vt 0.130208 0.625000
vt 0.127604 0.500000
vt 0.127604 0.625000
vt 0.125000 0.500000
vt 0.191402 0.378653
vt 0.167884 0.425794
vt 0.183598 0.496347
vt 0.149735 0.496347
vt 0.145833 0.497500
vt 0.141931 0.496347
vt 0.138180 0.492933
vt 0.134722 0.487388
vt 0.131691 0.479927
vt 0.129204 0.470834
vt 0.127356 0.460461
vt 0.126218 0.449206
vt 0.125833 0.437500
vt 0.126218 0.425794
vt 0.127356 0.414539
vt 0.129204 0.404166
vt 0.131691 0.395073
vt 0.134722 0.387612
vt 0.141931 0.378653
vt 0.145833 0.377500
vt 0.149735 0.378653
vt 0.153487 0.382067
vt 0.156945 0.387612
vt 0.159976 0.395073
vt 0.162463 0.404166
vt 0.165449 0.425794
vt 0.165833 0.437500
vt 0.165449 0.449206
vt 0.164311 0.460461
vt 0.162463 0.470834
vt 0.159976 0.479927
vt 0.156945 0.487388
vt 0.125000 0.625000
vt 0.187500 0.497500
vt 0.191402 0.496347
vt 0.195154 0.492933
vt 0.198611 0.487388
vt 0.201642 0.479927
vt 0.204129 0.470834
vt 0.205978 0.460461
vt 0.207116 0.449206
vt 0.207500 0.437500
vt 0.207116 0.425794
vt 0.205978 0.414539
vt 0.204129 0.404166
vt 0.201642 0.395073
vt 0.198611 0.387612
vt 0.195154 0.382067
vt 0.187500 0.377500
vt 0.183598 0.378653
vt 0.179846 0.382067
vt 0.176389 0.387612
vt 0.173358 0.395073
vt 0.170871 0.404166
vt 0.169022 0.414539
vt 0.167500 0.437500
vt 0.167884 0.449206
vt 0.169022 0.460461
vt 0.170871 0.470834
vt 0.173358 0.479927
vt 0.176389 0.487388
vt 0.179846 0.492933
vt 0.205729 0.500000
vt 0.208333 0.562500
vt 0.205729 0.563701
vt 0.203125 0.500000
vt 0.203125 0.567257
vt 0.200521 0.500000
vt 0.200521 0.573033
vt 0.197917 0.500000
vt 0.197917 0.580806
vt 0.195312 0.500000
vt 0.195312 0.590277
vt 0.192708 0.500000
vt 0.192708 0.601082
vt 0.190104 0.500000
vt 0.190104 0.612807
vt 0.187500 0.500000
vt 0.187500 0.625000
vt 0.184896 0.612807
vt 0.182292 0.601082
vt 0.184896 0.500000
vt 0.179688 0.590277
vt 0.182292 0.500000
vt 0.177083 0.580806
vt 0.179688 0.500000
vt 0.174479 0.573033
vt 0.177083 0.500000
vt 0.171875 0.567257
vt 0.174479 0.500000
vt 0.169271 0.563701
vt 0.171875 0.500000
vt 0.166667 0.562500
vt 0.169271 0.500000
vt 0.164062 0.500000
vt 0.164062 0.563701
vt 0.161458 0.500000
vt 0.161458 0.567257
vt 0.158854 0.500000
vt 0.158854 0.573033
vt 0.156250 0.500000
vt 0.156250 0.580806
vt 0.153646 0.500000
vt 0.153646 0.590277
vt 0.151042 0.500000
vt 0.151042 0.601082
vt 0.148438 0.500000
vt 0.148438 0.612807
vt 0.145833 0.500000
vt 0.145833 0.625000
vt 0.143229 0.612807
vt 0.143229 0.500000
vt 0.140625 0.601082
vt 0.140625 0.500000
vt 0.138021 0.590277
vt 0.138021 0.500000
vt 0.135417 0.580806
vt 0.135417 0.500000
vt 0.132812 0.573033
vt 0.132812 0.500000
vt 0.130208 0.567257
vt 0.130208 0.500000
vt 0.127604 0.563701
vt 0.125000 0.562500
vt 0.127604 0.500000
vt 0.166667 0.500000
vt 0.208333 0.500000
vt 0.125000 0.500000
vt 0.195154 0.382067
vt 0.169022 0.414539
vt 0.179846 0.492933
vt 0.208333 0.625000
vt 0.205729 0.625000
vt 0.203125 0.625000
vt 0.200521 0.625000
vt 0.197917 0.625000
vt 0.195312 0.625000
vt 0.192708 0.625000
vt 0.190104 0.625000
vt 0.184896 0.625000
vt 0.182292 0.580438
vt 0.184896 0.571645
vt 0.182292 0.544562
vt 0.182292 0.625000
vt 0.179688 0.588542
vt 0.179688 0.536458
vt 0.179688 0.625000
vt 0.177083 0.595646
vt 0.177083 0.529354
vt 0.177083 0.625000
vt 0.174479 0.601475
vt 0.174479 0.523525
vt 0.174479 0.625000
vt 0.171875 0.605807
vt 0.171875 0.519193
vt 0.171875 0.625000
vt 0.169271 0.608474
vt 0.169271 0.516526
vt 0.169271 0.625000
vt 0.166667 0.609375
vt 0.166667 0.515625
vt 0.164062 0.625000
vt 0.166667 0.625000
vt 0.164062 0.516526
vt 0.161458 0.625000
vt 0.164062 0.608474
vt 0.161458 0.519193
vt 0.158854 0.625000
vt 0.161458 0.605807
vt 0.158854 0.523525
vt 0.156250 0.625000
vt 0.158854 0.601475
vt 0.156250 0.529354
vt 0.153646 0.625000
vt 0.156250 0.595646
vt 0.153646 0.536458
vt 0.151042 0.625000
vt 0.153646 0.588542
vt 0.151042 0.544562
vt 0.148438 0.625000
vt 0.151042 0.580438
vt 0.148438 0.553355
vt 0.145833 0.562500
vt 0.143229 0.625000
vt 0.140625 0.625000
vt 0.138021 0.625000
vt 0.135417 0.625000
vt 0.132812 0.625000
vt 0.130208 0.625000
vt 0.127604 0.625000
vt 0.205978 0.460461
vt 0.125000 0.625000
vt 0.159976 0.395073
vt 0.159976 0.479927
vt 0.131691 0.479927
vt 0.165833 0.437500
vt 0.183598 0.496347
vt 0.187500 0.497500
vt 0.191402 0.496347
vt 0.195154 0.492933
vt 0.198611 0.487388
vt 0.201642 0.479927
vt 0.204129 0.470834
vt 0.207116 0.449206
vt 0.207500 0.437500
vt 0.207116 0.425794
vt 0.205978 0.414539
vt 0.204129 0.404166
vt 0.201642 0.395073
vt 0.198611 0.387612
vt 0.191402 0.378653
vt 0.187500 0.377500
vt 0.183598 0.378653
vt 0.179846 0.382067
vt 0.176389 0.387612
vt 0.173358 0.395073
vt 0.170871 0.404166
vt 0.167884 0.425794
vt 0.167500 0.437500
vt 0.167884 0.449206
vt 0.169022 0.460461
vt 0.170871 0.470834
vt 0.173358 0.479927
vt 0.176389 0.487388
vt 0.184896 0.553355
vt 0.148438 0.571645
vt 0.129204 0.470834
vt 0.127356 0.460461
vt 0.126218 0.449206
vt 0.125833 0.437500
vt 0.126218 0.425794
vt 0.127356 0.414539
vt 0.129204 0.404166
vt 0.131691 0.395073
vt 0.134722 0.387612
vt 0.138180 0.382067
vt 0.141931 0.378653
vt 0.145833 0.377500
vt 0.149735 0.378653
vt 0.153487 0.382067
vt 0.156945 0.387612
vt 0.162463 0.404166
vt 0.164311 0.414539
vt 0.165449 0.425794
vt 0.165449 0.449206
vt 0.164311 0.460461
vt 0.162463 0.470834
vt 0.156945 0.487388
vt 0.153487 0.492933
vt 0.149735 0.496347
vt 0.145833 0.497500
vt 0.141931 0.496347
vt 0.138180 0.492933
vt 0.134722 0.487388
vt 0.205729 0.500000
vt 0.208333 0.562500
vt 0.205729 0.563701
vt 0.203125 0.500000
vt 0.203125 0.567257
vt 0.200521 0.500000
vt 0.200521 0.573033
vt 0.197917 0.500000
vt 0.197917 0.580806
vt 0.195312 0.500000
vt 0.195312 0.590277
vt 0.192708 0.500000
vt 0.192708 0.601082
vt 0.190104 0.500000
vt 0.190104 0.612807
vt 0.187500 0.500000
vt 0.187500 0.625000
vt 0.184896 0.612807
vt 0.182292 0.601082
vt 0.184896 0.500000
vt 0.179688 0.590277
vt 0.182292 0.500000
vt 0.177083 0.580806
vt 0.179688 0.500000
vt 0.174479 0.573033
vt 0.177083 0.500000
vt 0.171875 0.567257
vt 0.174479 0.500000
vt 0.169271 0.563701
vt 0.171875 0.500000
vt 0.166667 0.562500
vt 0.169271 0.500000
vt 0.164062 0.500000
vt 0.164062 0.563701
vt 0.161458 0.500000
vt 0.161458 0.567257
vt 0.158854 0.500000
vt 0.158854 0.573033
vt 0.156250 0.500000
vt 0.156250 0.580806
vt 0.153646 0.500000
vt 0.153646 0.590277
vt 0.151042 0.500000
vt 0.151042 0.601082
vt 0.148438 0.500000
vt 0.148438 0.612807
vt 0.145833 0.500000
vt 0.145833 0.625000
vt 0.143229 0.612807
vt 0.143229 0.500000
vt 0.140625 0.601082
vt 0.140625 0.500000
vt 0.138021 0.590277
vt 0.138021 0.500000
vt 0.135417 0.580806
vt 0.135417 0.500000
vt 0.132812 0.573033
vt 0.132812 0.500000
vt 0.130208 0.567257
vt 0.130208 0.500000
vt 0.127604 0.563701
vt 0.125000 0.562500
vt 0.127604 0.500000
vt 0.166667 0.500000
vt 0.208333 0.500000
vt 0.125000 0.500000
vt 0.195154 0.382067
vt 0.169022 0.414539
vt 0.179846 0.492933
vt 0.208333 0.625000
vt 0.205729 0.625000
vt 0.203125 0.625000
vt 0.200521 0.625000
vt 0.197917 0.625000
vt 0.195312 0.625000
vt 0.192708 0.625000
vt 0.190104 0.625000
vt 0.184896 0.625000
vt 0.182292 0.580438
vt 0.184896 0.571645
vt 0.182292 0.544562
vt 0.182292 0.625000
vt 0.179688 0.588542
vt 0.179688 0.536458
vt 0.179688 0.625000
vt 0.177083 0.595646
vt 0.177083 0.529354
vt 0.177083 0.625000
vt 0.174479 0.601475
vt 0.174479 0.523525
vt 0.174479 0.625000
vt 0.171875 0.605807
vt 0.171875 0.519193
vt 0.171875 0.625000
vt 0.169271 0.608474
vt 0.169271 0.516526
vt 0.169271 0.625000
vt 0.166667 0.609375
vt 0.166667 0.515625
vt 0.164062 0.625000
vt 0.166667 0.625000
vt 0.164062 0.516526
vt 0.161458 0.625000
vt 0.164062 0.608474
vt 0.161458 0.519193
vt 0.158854 0.625000
vt 0.161458 0.605807
vt 0.158854 0.523525
vt 0.156250 0.625000
vt 0.158854 0.601475
vt 0.156250 0.529354
vt 0.153646 0.625000
vt 0.156250 0.595646
vt 0.153646 0.536458
vt 0.151042 0.625000
vt 0.153646 0.588542
vt 0.151042 0.544562
vt 0.148438 0.625000
vt 0.151042 0.580438
vt 0.148438 0.553355
vt 0.145833 0.562500
vt 0.143229 0.625000
vt 0.140625 0.625000
vt 0.138021 0.625000
vt 0.135417 0.625000
vt 0.132812 0.625000
vt 0.130208 0.625000
vt 0.127604 0.625000
vt 0.205978 0.460461
vt 0.125000 0.625000
vt 0.159976 0.395073
vt 0.159976 0.479927
vt 0.131691 0.479927
vt 0.165833 0.437500
vt 0.183598 0.496347
vt 0.187500 0.497500
vt 0.191402 0.496347
vt 0.195154 0.492933
vt 0.198611 0.487388
vt 0.201642 0.479927
vt 0.204129 0.470834
vt 0.207116 0.449206
vt 0.207500 0.437500
vt 0.207116 0.425794
vt 0.205978 0.414539
vt 0.204129 0.404166
vt 0.201642 0.395073
vt 0.198611 0.387612
vt 0.191402 0.378653
vt 0.187500 0.377500
vt 0.183598 0.378653
vt 0.179846 0.382067
vt 0.176389 0.387612
vt 0.173358 0.395073
vt 0.170871 0.404166
vt 0.167884 0.425794
vt 0.167500 0.437500
vt 0.167884 0.449206
vt 0.169022 0.460461
vt 0.170871 0.470834
vt 0.173358 0.479927
vt 0.176389 0.487388
vt 0.184896 0.553355
vt 0.148438 0.571645
vt 0.129204 0.470834
vt 0.127356 0.460461
vt 0.126218 0.449206
vt 0.125833 0.437500
vt 0.126218 0.425794
vt 0.127356 0.414539
vt 0.129204 0.404166
vt 0.131691 0.395073
vt 0.134722 0.387612
vt 0.138180 0.382067
vt 0.141931 0.378653
vt 0.145833 0.377500
vt 0.149735 0.378653
vt 0.153487 0.382067
vt 0.156945 0.387612
vt 0.162463 0.404166
vt 0.164311 0.414539
vt 0.165449 0.425794
vt 0.165449 0.449206
vt 0.164311 0.460461
vt 0.162463 0.470834
vt 0.156945 0.487388
vt 0.153487 0.492933
vt 0.149735 0.496347
vt 0.145833 0.497500
vt 0.141931 0.496347
vt 0.138180 0.492933
vt 0.134722 0.487388
vt 0.208333 0.625000
vt 0.205729 0.500000
vt 0.208333 0.500000
vt 0.205729 0.625000
vt 0.203125 0.500000
vt 0.203125 0.625000
vt 0.200521 0.500000
vt 0.200521 0.625000
vt 0.197917 0.500000
vt 0.197917 0.625000
vt 0.195312 0.500000
vt 0.195312 0.625000
vt 0.192708 0.500000
vt 0.192708 0.625000
vt 0.190104 0.500000
vt 0.190104 0.625000
vt 0.187500 0.500000
vt 0.187500 0.625000
vt 0.184896 0.500000
vt 0.184896 0.625000
vt 0.182292 0.500000
vt 0.182292 0.625000
vt 0.179688 0.500000
vt 0.179688 0.625000
vt 0.177083 0.500000
vt 0.177083 0.625000
vt 0.174479 0.500000
vt 0.171875 0.625000
vt 0.171875 0.500000
vt 0.169271 0.500000
vt 0.169271 0.625000
vt 0.166667 0.500000
vt 0.166667 0.625000
vt 0.164062 0.500000
vt 0.164062 0.625000
vt 0.161458 0.500000
vt 0.158854 0.625000
vt 0.158854 0.500000
vt 0.156250 0.500000
vt 0.156250 0.625000
vt 0.153646 0.500000
vt 0.153646 0.625000
vt 0.151042 0.500000
vt 0.151042 0.625000
vt 0.148438 0.500000
vt 0.148438 0.625000
vt 0.145833 0.500000
vt 0.145833 0.625000
vt 0.143229 0.500000
vt 0.143229 0.625000
vt 0.140625 0.500000
vt 0.140625 0.625000
vt 0.138021 0.500000
vt 0.138021 0.625000
vt 0.135417 0.500000
vt 0.135417 0.625000
vt 0.132812 0.500000
vt 0.132812 0.625000
vt 0.130208 0.500000
vt 0.138180 0.382067
vt 0.164311 0.414539
vt 0.153487 0.492933
vt 0.130208 0.625000
vt 0.127604 0.500000
vt 0.127604 0.625000
vt 0.125000 0.500000
vt 0.191402 0.378653
vt 0.167884 0.425794
vt 0.183598 0.496347
vt 0.174479 0.625000
vt 0.161458 0.625000
vt 0.149735 0.496347
vt 0.145833 0.497500
vt 0.141931 0.496347
vt 0.138180 0.492933
vt 0.134722 0.487388
vt 0.131691 0.479927
vt 0.129204 0.470834
vt 0.127356 0.460461
vt 0.126218 0.449206
vt 0.125833 0.437500
vt 0.126218 0.425794
vt 0.127356 0.414539
vt 0.129204 0.404166
vt 0.131691 0.395073
vt 0.134722 0.387612
vt 0.141931 0.378653
vt 0.145833 0.377500
vt 0.149735 0.378653
vt 0.153487 0.382067
vt 0.156945 0.387612
vt 0.159976 0.395073
vt 0.162463 0.404166
vt 0.165449 0.425794
vt 0.165833 0.437500
vt 0.165449 0.449206
vt 0.164311 0.460461
vt 0.162463 0.470834
vt 0.159976 0.479927
vt 0.156945 0.487388
vt 0.125000 0.625000
vt 0.187500 0.497500
vt 0.191402 0.496347
vt 0.195154 0.492933
vt 0.198611 0.487388
vt 0.201642 0.479927
vt 0.204129 0.470834
vt 0.205978 0.460461
vt 0.207116 0.449206
vt 0.207500 0.437500
vt 0.207116 0.425794
vt 0.205978 0.414539
vt 0.204129 0.404166
vt 0.201642 0.395073
vt 0.198611 0.387612
vt 0.195154 0.382067
vt 0.187500 0.377500
vt 0.183598 0.378653
vt 0.179846 0.382067
vt 0.176389 0.387612
vt 0.173358 0.395073
vt 0.170871 0.404166
vt 0.169022 0.414539
vt 0.167500 0.437500
vt 0.167884 0.449206
vt 0.169022 0.460461
vt 0.170871 0.470834
vt 0.173358 0.479927
vt 0.176389 0.487388
vt 0.179846 0.492933
vt 0.208333 0.625000
vt 0.205729 0.500000
vt 0.208333 0.500000
vt 0.205729 0.625000
vt 0.203125 0.500000
vt 0.203125 0.625000
vt 0.200521 0.500000
vt 0.200521 0.625000
vt 0.197917 0.500000
vt 0.197917 0.625000
vt 0.195312 0.500000
vt 0.195312 0.625000
vt 0.192708 0.500000
vt 0.192708 0.625000
vt 0.190104 0.500000
vt 0.190104 0.625000
vt 0.187500 0.500000
vt 0.187500 0.625000
vt 0.184896 0.500000
vt 0.184896 0.625000
vt 0.182292 0.500000
vt 0.182292 0.625000
vt 0.179688 0.500000
vt 0.179688 0.625000
vt 0.177083 0.500000
vt 0.177083 0.625000
vt 0.174479 0.500000
vt 0.174479 0.625000
vt 0.171875 0.500000
vt 0.171875 0.625000
vt 0.169271 0.500000
vt 0.169271 0.625000
vt 0.166667 0.500000
vt 0.166667 0.625000
vt 0.164062 0.500000
vt 0.164062 0.625000
vt 0.161458 0.500000
vt 0.161458 0.625000
vt 0.158854 0.500000
vt 0.158854 0.625000
vt 0.156250 0.500000
vt 0.156250 0.625000
vt 0.153646 0.500000
vt 0.153646 0.625000
vt 0.151042 0.500000
vt 0.151042 0.625000
vt 0.148438 0.500000
vt 0.148438 0.625000
vt 0.145833 0.500000
vt 0.145833 0.625000
vt 0.143229 0.500000
vt 0.143229 0.625000
vt 0.140625 0.500000
vt 0.140625 0.625000
vt 0.138021 0.500000
vt 0.138021 0.625000
vt 0.135417 0.500000
vt 0.135417 0.625000
vt 0.132812 0.500000
vt 0.132812 0.625000
vt 0.130208 0.500000
vt 0.138180 0.382067
vt 0.164311 0.414539
vt 0.153487 0.492933
vt 0.130208 0.625000
vt 0.127604 0.500000
vt 0.127604 0.625000
vt 0.125000 0.500000
vt 0.191402 0.378653
vt 0.167884 0.425794
vt 0.183598 0.496347
vt 0.149735 0.496347
vt 0.145833 0.497500
vt 0.141931 0.496347
vt 0.138180 0.492933
vt 0.134722 0.487388
vt 0.131691 0.479927
vt 0.129204 0.470834
vt 0.127356 0.460461
vt 0.126218 0.449206
vt 0.125833 0.437500
vt 0.126218 0.425794
vt 0.127356 0.414539
vt 0.129204 0.404166
vt 0.131691 0.395073
vt 0.134722 0.387612
vt 0.141931 0.378653
vt 0.145833 0.377500
vt 0.149735 0.378653
vt 0.153487 0.382067
vt 0.156945 0.387612
vt 0.159976 0.395073
vt 0.162463 0.404166
vt 0.165449 0.425794
vt 0.165833 0.437500
vt 0.165449 0.449206
vt 0.164311 0.460461
vt 0.162463 0.470834
vt 0.159976 0.479927
vt 0.156945 0.487388
vt 0.125000 0.625000
vt 0.187500 0.497500
vt 0.191402 0.496347
vt 0.195154 0.492933
vt 0.198611 0.487388
vt 0.201642 0.479927
vt 0.204129 0.470834
vt 0.205978 0.460461
vt 0.207116 0.449206
vt 0.207500 0.437500
vt 0.207116 0.425794
vt 0.205978 0.414539
vt 0.204129 0.404166
vt 0.201642 0.395073
vt 0.198611 0.387612
vt 0.195154 0.382067
vt 0.187500 0.377500
vt 0.183598 0.378653
vt 0.179846 0.382067
vt 0.176389 0.387612
vt 0.173358 0.395073
vt 0.170871 0.404166
vt 0.169022 0.414539
vt 0.167500 0.437500
vt 0.167884 0.449206
vt 0.169022 0.460461
vt 0.170871 0.470834
vt 0.173358 0.479927
vt 0.176389 0.487388
vt 0.179846 0.492933
vt 0.205729 0.500000
vt 0.208333 0.562500
vt 0.205729 0.563701
vt 0.203125 0.500000
vt 0.203125 0.567257
vt 0.200521 0.500000
vt 0.200521 0.573033
vt 0.197917 0.500000
vt 0.197917 0.580806
vt 0.195312 0.500000
vt 0.195312 0.590277
vt 0.192708 0.500000
vt 0.192708 0.601082
vt 0.190104 0.500000
vt 0.190104 0.612807
vt 0.187500 0.500000
vt 0.187500 0.625000
vt 0.184896 0.612807
vt 0.182292 0.601082
vt 0.184896 0.500000
vt 0.179688 0.590277
vt 0.182292 0.500000
vt 0.177083 0.580806
vt 0.179688 0.500000
vt 0.174479 0.573033
vt 0.177083 0.500000
vt 0.171875 0.567257
vt 0.174479 0.500000
vt 0.169271 0.563701
vt 0.171875 0.500000
vt 0.166667 0.562500
vt 0.169271 0.500000
vt 0.164062 0.500000
vt 0.164062 0.563701
vt 0.161458 0.500000
vt 0.161458 0.567257
vt 0.158854 0.500000
vt 0.158854 0.573033
vt 0.156250 0.500000
vt 0.156250 0.580806
vt 0.153646 0.500000
vt 0.153646 0.590277
vt 0.151042 0.500000
vt 0.151042 0.601082
vt 0.148438 0.500000
vt 0.148438 0.612807
vt 0.145833 0.500000
vt 0.145833 0.625000
vt 0.143229 0.612807
vt 0.143229 0.500000
vt 0.140625 0.601082
vt 0.140625 0.500000
vt 0.138021 0.590277
vt 0.138021 0.500000
vt 0.135417 0.580806
vt 0.135417 0.500000
vt 0.132812 0.573033
vt 0.132812 0.500000
vt 0.130208 0.567257
vt 0.130208 0.500000
vt 0.127604 0.563701
vt 0.125000 0.562500
vt 0.127604 0.500000
vt 0.166667 0.500000
vt 0.208333 0.500000
vt 0.125000 0.500000
vt 0.195154 0.382067
vt 0.169022 0.414539
vt 0.179846 0.492933
vt 0.208333 0.625000
vt 0.205729 0.625000
vt 0.203125 0.625000
vt 0.200521 0.625000
vt 0.197917 0.625000
vt 0.195312 0.625000
vt 0.192708 0.625000
vt 0.190104 0.625000
vt 0.184896 0.625000
vt 0.182292 0.580438
vt 0.184896 0.571645
vt 0.182292 0.544562
vt 0.182292 0.625000
vt 0.179688 0.588542
vt 0.179688 0.536458
vt 0.179688 0.625000
vt 0.177083 0.595646
vt 0.177083 0.529354
vt 0.177083 0.625000
vt 0.174479 0.601475
vt 0.174479 0.523525
vt 0.174479 0.625000
vt 0.171875 0.605807
vt 0.171875 0.519193
vt 0.171875 0.625000
vt 0.169271 0.608474
vt 0.169271 0.516526
vt 0.169271 0.625000
vt 0.166667 0.609375
vt 0.166667 0.515625
vt 0.164062 0.625000
vt 0.166667 0.625000
vt 0.164062 0.516526
vt 0.161458 0.625000
vt 0.164062 0.608474
vt 0.161458 0.519193
vt 0.158854 0.625000
vt 0.161458 0.605807
vt 0.158854 0.523525
vt 0.156250 0.625000
vt 0.158854 0.601475
vt 0.156250 0.529354
vt 0.153646 0.625000
vt 0.156250 0.595646
vt 0.153646 0.536458
vt 0.151042 0.625000
vt 0.153646 0.588542
vt 0.151042 0.544562
vt 0.148438 0.625000
vt 0.151042 0.580438
vt 0.148438 0.553355
vt 0.145833 0.562500
vt 0.143229 0.625000
vt 0.140625 0.625000
vt 0.138021 0.625000
vt 0.135417 0.625000
vt 0.132812 0.625000
vt 0.130208 0.625000
vt 0.127604 0.625000
vt 0.205978 0.460461
vt 0.125000 0.625000
vt 0.159976 0.395073
vt 0.159976 0.479927
vt 0.131691 0.479927
vt 0.165833 0.437500
vt 0.183598 0.496347
vt 0.187500 0.497500
vt 0.191402 0.496347
vt 0.195154 0.492933
vt 0.198611 0.487388
vt 0.201642 0.479927
vt 0.204129 0.470834
vt 0.207116 0.449206
vt 0.207500 0.437500
vt 0.207116 0.425794
vt 0.205978 0.414539
vt 0.204129 0.404166
vt 0.201642 0.395073
vt 0.198611 0.387612
vt 0.191402 0.378653
vt 0.187500 0.377500
vt 0.183598 0.378653
vt 0.179846 0.382067
vt 0.176389 0.387612
vt 0.173358 0.395073
vt 0.170871 0.404166
vt 0.167884 0.425794
vt 0.167500 0.437500
vt 0.167884 0.449206
vt 0.169022 0.460461
vt 0.170871 0.470834
vt 0.173358 0.479927
vt 0.176389 0.487388
vt 0.184896 0.553355
vt 0.148438 0.571645
vt 0.129204 0.470834
vt 0.127356 0.460461
vt 0.126218 0.449206
vt 0.125833 0.437500
vt 0.126218 0.425794
vt 0.127356 0.414539
vt 0.129204 0.404166
vt 0.131691 0.395073
vt 0.134722 0.387612
vt 0.138180 0.382067
vt 0.141931 0.378653
vt 0.145833 0.377500
vt 0.149735 0.378653
vt 0.153487 0.382067
vt 0.156945 0.387612
vt 0.162463 0.404166
vt 0.164311 0.414539
vt 0.165449 0.425794
vt 0.165449 0.449206
vt 0.164311 0.460461
vt 0.162463 0.470834
vt 0.156945 0.487388
vt 0.153487 0.492933
vt 0.149735 0.496347
vt 0.145833 0.497500
vt 0.141931 0.496347
vt 0.138180 0.492933
vt 0.134722 0.487388
vt 0.208333 0.625000
vt 0.205729 0.500000
vt 0.208333 0.500000
vt 0.205729 0.625000
vt 0.203125 0.500000
vt 0.203125 0.625000
vt 0.200521 0.500000
vt 0.200521 0.625000
vt 0.197917 0.500000
vt 0.197917 0.625000
vt 0.195312 0.500000
vt 0.195312 0.625000
vt 0.192708 0.500000
vt 0.192708 0.625000
vt 0.190104 0.500000
vt 0.190104 0.625000
vt 0.187500 0.500000
vt 0.187500 0.625000
vt 0.184896 0.500000
vt 0.184896 0.625000
vt 0.182292 0.500000
vt 0.182292 0.625000
vt 0.179688 0.500000
vt 0.179688 0.625000
vt 0.177083 0.500000
vt 0.177083 0.625000
vt 0.174479 0.500000
vt 0.171875 0.625000
vt 0.171875 0.500000
vt 0.169271 0.500000
vt 0.169271 0.625000
vt 0.166667 0.500000
vt 0.166667 0.625000
vt 0.164062 0.500000
vt 0.164062 0.625000
vt 0.161458 0.500000
vt 0.158854 0.625000
vt 0.158854 0.500000
vt 0.156250 0.500000
vt 0.156250 0.625000
vt 0.153646 0.500000
vt 0.153646 0.625000
vt 0.151042 0.500000
vt 0.151042 0.625000
vt 0.148438 0.500000
vt 0.148438 0.625000
vt 0.145833 0.500000
vt 0.145833 0.625000
vt 0.143229 0.500000
vt 0.143229 0.625000
vt 0.140625 0.500000
vt 0.140625 0.625000
vt 0.138021 0.500000
vt 0.138021 0.625000
vt 0.135417 0.500000
vt 0.135417 0.625000
vt 0.132812 0.500000
vt 0.132812 0.625000
vt 0.130208 0.500000
vt 0.138180 0.382067
vt 0.164311 0.414539
vt 0.153487 0.492933
vt 0.130208 0.625000
vt 0.127604 0.500000
vt 0.127604 0.625000
vt 0.125000 0.500000
vt 0.191402 0.378653
vt 0.167884 0.425794
vt 0.183598 0.496347
vt 0.174479 0.625000
vt 0.161458 0.625000
vt 0.149735 0.496347
vt 0.145833 0.497500
vt 0.141931 0.496347
vt 0.138180 0.492933
vt 0.134722 0.487388
vt 0.131691 0.479927
vt 0.129204 0.470834
vt 0.127356 0.460461
vt 0.126218 0.449206
vt 0.125833 0.437500
vt 0.126218 0.425794
vt 0.127356 0.414539
vt 0.129204 0.404166
vt 0.131691 0.395073
vt 0.134722 0.387612
vt 0.141931 0.378653
vt 0.145833 0.377500
vt 0.149735 0.378653
vt 0.153487 0.382067
vt 0.156945 0.387612
vt 0.159976 0.395073
vt 0.162463 0.404166
vt 0.165449 0.425794
vt 0.165833 0.437500
vt 0.165449 0.449206
vt 0.164311 0.460461
vt 0.162463 0.470834
vt 0.159976 0.479927
vt 0.156945 0.487388
vt 0.125000 0.625000
vt 0.187500 0.497500
vt 0.191402 0.496347
vt 0.195154 0.492933
vt 0.198611 0.487388
vt 0.201642 0.479927
vt 0.204129 0.470834
vt 0.205978 0.460461
vt 0.207116 0.449206
vt 0.207500 0.437500
vt 0.207116 0.425794
vt 0.205978 0.414539
vt 0.204129 0.404166
vt 0.201642 0.395073
vt 0.198611 0.387612
vt 0.195154 0.382067
vt 0.187500 0.377500
vt 0.183598 0.378653
vt 0.179846 0.382067
vt 0.176389 0.387612
vt 0.173358 0.395073
vt 0.170871 0.404166
vt 0.169022 0.414539
vt 0.167500 0.437500
vt 0.167884 0.449206
vt 0.169022 0.460461
vt 0.170871 0.470834
vt 0.173358 0.479927
vt 0.176389 0.487388
vt 0.179846 0.492933
vt 0.458333 0.375000
vt 0.458333 0.375000
vt 0.854167 0.500000
vt 0.843750 0.531250
vt 0.843750 0.500000
vt 0.854167 0.562500
vt 0.843750 0.593750
vt 0.843750 0.562500
vt 0.854167 0.531250
vt 0.854167 0.593750
vt 0.848958 0.625000
vt 0.833333 0.562500
vt 0.833333 0.531250
vt 0.838542 0.625000
vt 0.833333 0.593750
vt 0.833333 0.500000
vt 0.822917 0.562500
vt 0.822917 0.531250
vt 0.828125 0.625000
vt 0.822917 0.593750
vt 0.822917 0.500000
vt 0.817708 0.625000
vt 0.812500 0.593750
vt 0.812500 0.500000
vt 0.812500 0.562500
vt 0.812500 0.531250
vt 0.802083 0.531250
vt 0.802083 0.500000
vt 0.802083 0.593750
vt 0.802083 0.562500
vt 0.807292 0.625000
vt 0.791667 0.531250
vt 0.796875 0.625000
vt 0.791667 0.593750
vt 0.791667 0.500000
vt 0.791667 0.562500
vt 0.875000 0.531250
vt 0.864583 0.562500
vt 0.864583 0.531250
vt 0.875000 0.593750
vt 0.869792 0.625000
vt 0.864583 0.593750
vt 0.875000 0.500000
vt 0.864583 0.500000
vt 0.875000 0.562500
vt 0.859375 0.625000
vt 0.854167 0.500000
vt 0.843750 0.531250
vt 0.843750 0.500000
vt 0.854167 0.562500
vt 0.843750 0.593750
vt 0.843750 0.562500
vt 0.854167 0.531250
vt 0.854167 0.593750
vt 0.848958 0.625000
vt 0.833333 0.562500
vt 0.833333 0.531250
vt 0.838542 0.625000
vt 0.833333 0.593750
vt 0.833333 0.500000
vt 0.822917 0.562500
vt 0.822917 0.531250
vt 0.828125 0.625000
vt 0.822917 0.593750
vt 0.822917 0.500000
vt 0.817708 0.625000
vt 0.812500 0.593750
vt 0.812500 0.500000
vt 0.812500 0.562500
vt 0.812500 0.531250
vt 0.802083 0.500000
vt 0.802083 0.593750
vt 0.802083 0.562500
vt 0.802083 0.531250
vt 0.807292 0.625000
vt 0.791667 0.531250
vt 0.796875 0.625000
vt 0.791667 0.593750
vt 0.791667 0.500000
vt 0.791667 0.562500
vt 0.875000 0.531250
vt 0.864583 0.562500
vt 0.864583 0.531250
vt 0.875000 0.593750
vt 0.869792 0.625000
vt 0.864583 0.593750
vt 0.875000 0.500000
vt 0.864583 0.500000
vt 0.875000 0.562500
vt 0.859375 0.625000
vt 0.854167 0.500000
vt 0.843750 0.531250
vt 0.843750 0.500000
vt 0.854167 0.562500
vt 0.843750 0.593750
vt 0.843750 0.562500
vt 0.854167 0.531250
vt 0.854167 0.593750
vt 0.848958 0.625000
vt 0.833333 0.562500
vt 0.833333 0.531250
vt 0.838542 0.625000
vt 0.833333 0.593750
vt 0.833333 0.500000
vt 0.822917 0.562500
vt 0.822917 0.531250
vt 0.828125 0.625000
vt 0.822917 0.593750
vt 0.822917 0.500000
vt 0.817708 0.625000
vt 0.812500 0.593750
vt 0.812500 0.500000
vt 0.812500 0.562500
vt 0.812500 0.531250
vt 0.802083 0.500000
vt 0.802083 0.593750
vt 0.802083 0.562500
vt 0.802083 0.531250
vt 0.807292 0.625000
vt 0.791667 0.531250
vt 0.796875 0.625000
vt 0.791667 0.593750
vt 0.791667 0.500000
vt 0.791667 0.562500
vt 0.875000 0.531250
vt 0.864583 0.562500
vt 0.864583 0.531250
vt 0.875000 0.593750
vt 0.869792 0.625000
vt 0.864583 0.593750
vt 0.875000 0.500000
vt 0.864583 0.500000
vt 0.875000 0.562500
vt 0.859375 0.625000
vt 0.854167 0.531250
vt 0.843750 0.500000
vt 0.854167 0.500000
vt 0.854167 0.593750
vt 0.843750 0.562500
vt 0.854167 0.562500
vt 0.843750 0.531250
vt 0.848958 0.625000
vt 0.843750 0.593750
vt 0.833333 0.593750
vt 0.833333 0.562500
vt 0.833333 0.531250
vt 0.838542 0.625000
vt 0.833333 0.500000
vt 0.822917 0.531250
vt 0.828125 0.625000
vt 0.822917 0.593750
vt 0.822917 0.500000
vt 0.822917 0.562500
vt 0.817708 0.625000
vt 0.812500 0.593750
vt 0.812500 0.500000
vt 0.812500 0.562500
vt 0.812500 0.531250
vt 0.802083 0.500000
vt 0.802083 0.562500
vt 0.802083 0.531250
vt 0.807292 0.625000
vt 0.802083 0.593750
vt 0.791667 0.562500
vt 0.791667 0.531250
vt 0.796875 0.625000
vt 0.791667 0.593750
vt 0.791667 0.500000
vt 0.875000 0.562500
vt 0.864583 0.531250
vt 0.875000 0.531250
vt 0.875000 0.593750
vt 0.869792 0.625000
vt 0.864583 0.593750
vt 0.864583 0.500000
vt 0.875000 0.500000
vt 0.864583 0.562500
vt 0.859375 0.625000
vt 0.854167 0.500000
vt 0.843750 0.531250
vt 0.843750 0.500000
vt 0.854167 0.562500
vt 0.843750 0.593750
vt 0.843750 0.562500
vt 0.854167 0.531250
vt 0.854167 0.593750
vt 0.848958 0.625000
vt 0.833333 0.562500
vt 0.833333 0.531250
vt 0.838542 0.625000
vt 0.833333 0.593750
vt 0.833333 0.500000
vt 0.822917 0.562500
vt 0.822917 0.531250
vt 0.828125 0.625000
vt 0.822917 0.593750
vt 0.822917 0.500000
vt 0.817708 0.625000
vt 0.812500 0.593750
vt 0.812500 0.500000
vt 0.812500 0.562500
vt 0.812500 0.531250
vt 0.802083 0.531250
vt 0.802083 0.500000
vt 0.802083 0.593750
vt 0.802083 0.562500
vt 0.807292 0.625000
vt 0.791667 0.531250
vt 0.796875 0.625000
vt 0.791667 0.593750
vt 0.791667 0.500000
vt 0.791667 0.562500
vt 0.875000 0.531250
vt 0.864583 0.562500
vt 0.864583 0.531250
vt 0.875000 0.593750
vt 0.869792 0.625000
vt 0.864583 0.593750
vt 0.875000 0.500000
vt 0.864583 0.500000
vt 0.875000 0.562500
vt 0.859375 0.625000
vt 0.854167 0.531250
vt 0.843750 0.500000
vt 0.854167 0.500000
vt 0.854167 0.593750
vt 0.843750 0.562500
vt 0.854167 0.562500
vt 0.843750 0.531250
vt 0.848958 0.625000
vt 0.843750 0.593750
vt 0.833333 0.593750
vt 0.833333 0.562500
vt 0.833333 0.531250
vt 0.838542 0.625000
vt 0.833333 0.500000
vt 0.822917 0.531250
vt 0.828125 0.625000
vt 0.822917 0.593750
vt 0.822917 0.500000
vt 0.822917 0.562500
vt 0.817708 0.625000
vt 0.812500 0.593750
vt 0.812500 0.531250
vt 0.812500 0.500000
vt 0.812500 0.562500
vt 0.802083 0.500000
vt 0.802083 0.562500
vt 0.802083 0.531250
vt 0.807292 0.625000
vt 0.802083 0.593750
vt 0.791667 0.562500
vt 0.791667 0.531250
vt 0.796875 0.625000
vt 0.791667 0.593750
vt 0.791667 0.500000
vt 0.875000 0.562500
vt 0.864583 0.531250
vt 0.875000 0.531250
vt 0.875000 0.593750
vt 0.869792 0.625000
vt 0.864583 0.593750
vt 0.864583 0.500000
vt 0.875000 0.500000
vt 0.864583 0.562500
vt 0.859375 0.625000
vt 0.854167 0.531250
vt 0.843750 0.500000
vt 0.854167 0.500000
vt 0.854167 0.593750
vt 0.843750 0.562500
vt 0.854167 0.562500
vt 0.843750 0.531250
vt 0.848958 0.625000
vt 0.843750 0.593750
vt 0.833333 0.593750
vt 0.833333 0.562500
vt 0.833333 0.531250
vt 0.838542 0.625000
vt 0.833333 0.500000
vt 0.822917 0.531250
vt 0.828125 0.625000
vt 0.822917 0.593750
vt 0.822917 0.500000
vt 0.822917 0.562500
vt 0.817708 0.625000
vt 0.812500 0.593750
vt 0.812500 0.531250
vt 0.812500 0.500000
vt 0.812500 0.562500
vt 0.802083 0.500000
vt 0.802083 0.562500
vt 0.802083 0.531250
vt 0.807292 0.625000
vt 0.802083 0.593750
vt 0.791667 0.562500
vt 0.791667 0.531250
vt 0.796875 0.625000
vt 0.791667 0.593750
vt 0.791667 0.500000
vt 0.875000 0.562500
vt 0.864583 0.531250
vt 0.875000 0.531250
vt 0.875000 0.593750
vt 0.869792 0.625000
vt 0.864583 0.593750
vt 0.864583 0.500000
vt 0.875000 0.500000
vt 0.864583 0.562500
vt 0.859375 0.625000
vt 0.854167 0.500000
vt 0.843750 0.531250
vt 0.843750 0.500000
vt 0.854167 0.562500
vt 0.843750 0.593750
vt 0.843750 0.562500
vt 0.854167 0.531250
vt 0.854167 0.593750
vt 0.848958 0.625000
vt 0.833333 0.562500
vt 0.833333 0.531250
vt 0.838542 0.625000
vt 0.833333 0.593750
vt 0.833333 0.500000
vt 0.822917 0.562500
vt 0.822917 0.531250
vt 0.828125 0.625000
vt 0.822917 0.593750
vt 0.822917 0.500000
vt 0.817708 0.625000
vt 0.812500 0.593750
vt 0.812500 0.500000
vt 0.812500 0.562500
vt 0.812500 0.531250
vt 0.802083 0.531250
vt 0.802083 0.500000
vt 0.802083 0.593750
vt 0.802083 0.562500
vt 0.807292 0.625000
vt 0.791667 0.531250
vt 0.796875 0.625000
vt 0.791667 0.593750
vt 0.791667 0.500000
vt 0.791667 0.562500
vt 0.875000 0.531250
vt 0.864583 0.562500
vt 0.864583 0.531250
vt 0.875000 0.593750
vt 0.869792 0.625000
vt 0.864583 0.593750
vt 0.875000 0.500000
vt 0.864583 0.500000
vt 0.875000 0.562500
vt 0.859375 0.625000
vt 0.854167 0.500000
vt 0.843750 0.531250
vt 0.843750 0.500000
vt 0.854167 0.593750
vt 0.843750 0.562500
vt 0.854167 0.562500
vt 0.854167 0.531250
vt 0.848958 0.625000
vt 0.843750 0.593750
vt 0.833333 0.562500
vt 0.833333 0.531250
vt 0.838542 0.625000
vt 0.833333 0.593750
vt 0.833333 0.500000
vt 0.822917 0.562500
vt 0.822917 0.531250
vt 0.828125 0.625000
vt 0.822917 0.593750
vt 0.822917 0.500000
vt 0.817708 0.625000
vt 0.812500 0.593750
vt 0.812500 0.531250
vt 0.812500 0.500000
vt 0.812500 0.562500
vt 0.802083 0.500000
vt 0.802083 0.593750
vt 0.802083 0.562500
vt 0.802083 0.531250
vt 0.807292 0.625000
vt 0.791667 0.562500
vt 0.791667 0.531250
vt 0.796875 0.625000
vt 0.791667 0.593750
vt 0.791667 0.500000
vt 0.875000 0.562500
vt 0.864583 0.531250
vt 0.875000 0.531250
vt 0.875000 0.593750
vt 0.869792 0.625000
vt 0.864583 0.593750
vt 0.864583 0.500000
vt 0.875000 0.500000
vt 0.864583 0.562500
vt 0.859375 0.625000
vt 0.854167 0.500000
vt 0.843750 0.531250
vt 0.843750 0.500000
vt 0.854167 0.562500
vt 0.843750 0.593750
vt 0.843750 0.562500
vt 0.854167 0.531250
vt 0.854167 0.593750
vt 0.848958 0.625000
vt 0.833333 0.562500
vt 0.833333 0.531250
vt 0.838542 0.625000
vt 0.833333 0.593750
vt 0.833333 0.500000
vt 0.822917 0.562500
vt 0.822917 0.531250
vt 0.828125 0.625000
vt 0.822917 0.593750
vt 0.822917 0.500000
vt 0.817708 0.625000
vt 0.812500 0.593750
vt 0.812500 0.500000
vt 0.812500 0.562500
vt 0.812500 0.531250
vt 0.802083 0.531250
vt 0.802083 0.500000
vt 0.802083 0.593750
vt 0.802083 0.562500
vt 0.807292 0.625000
vt 0.791667 0.531250
vt 0.796875 0.625000
vt 0.791667 0.593750
vt 0.791667 0.500000
vt 0.791667 0.562500
vt 0.875000 0.531250
vt 0.864583 0.562500
vt 0.864583 0.531250
vt 0.875000 0.593750
vt 0.869792 0.625000
vt 0.864583 0.593750
vt 0.875000 0.500000
vt 0.864583 0.500000
vt 0.875000 0.562500
vt 0.859375 0.625000
vt 0.854167 0.500000
vt 0.843750 0.531250
vt 0.843750 0.500000
vt 0.854167 0.562500
vt 0.843750 0.593750
vt 0.843750 0.562500
vt 0.854167 0.531250
vt 0.854167 0.593750
vt 0.848958 0.625000
vt 0.833333 0.562500
vt 0.833333 0.531250
vt 0.838542 0.625000
vt 0.833333 0.593750
vt 0.833333 0.500000
vt 0.822917 0.562500
vt 0.822917 0.531250
vt 0.828125 0.625000
vt 0.822917 0.593750
vt 0.822917 0.500000
vt 0.817708 0.625000
vt 0.812500 0.593750
vt 0.812500 0.500000
vt 0.812500 0.562500
vt 0.812500 0.531250
vt 0.802083 0.531250
vt 0.802083 0.500000
vt 0.802083 0.593750
vt 0.802083 0.562500
vt 0.807292 0.625000
vt 0.791667 0.531250
vt 0.796875 0.625000
vt 0.791667 0.593750
vt 0.791667 0.500000
vt 0.791667 0.562500
vt 0.875000 0.531250
vt 0.864583 0.562500
vt 0.864583 0.531250
vt 0.875000 0.593750
vt 0.869792 0.625000
vt 0.864583 0.593750
vt 0.875000 0.500000
vt 0.864583 0.500000
vt 0.875000 0.562500
vt 0.859375 0.625000
vt 0.854167 0.531250
vt 0.843750 0.500000
vt 0.854167 0.500000
vt 0.854167 0.593750
vt 0.843750 0.562500
vt 0.854167 0.562500
vt 0.843750 0.531250
vt 0.848958 0.625000
vt 0.843750 0.593750
vt 0.833333 0.593750
vt 0.833333 0.562500
vt 0.833333 0.531250
vt 0.838542 0.625000
vt 0.833333 0.500000
vt 0.822917 0.531250
vt 0.828125 0.625000
vt 0.822917 0.593750
vt 0.822917 0.500000
vt 0.822917 0.562500
vt 0.817708 0.625000
vt 0.812500 0.593750
vt 0.812500 0.531250
vt 0.812500 0.500000
vt 0.812500 0.562500
vt 0.802083 0.500000
vt 0.802083 0.562500
vt 0.802083 0.531250
vt 0.807292 0.625000
vt 0.802083 0.593750
vt 0.791667 0.562500
vt 0.791667 0.531250
vt 0.796875 0.625000
vt 0.791667 0.593750
vt 0.791667 0.500000
vt 0.875000 0.562500
vt 0.864583 0.531250
vt 0.875000 0.531250
vt 0.875000 0.593750
vt 0.869792 0.625000
vt 0.864583 0.593750
vt 0.864583 0.500000
vt 0.875000 0.500000
vt 0.864583 0.562500
vt 0.859375 0.625000
vt 0.854167 0.500000
vt 0.843750 0.531250
vt 0.843750 0.500000
vt 0.854167 0.562500
vt 0.843750 0.593750
vt 0.843750 0.562500
vt 0.854167 0.531250
vt 0.854167 0.593750
vt 0.848958 0.625000
vt 0.833333 0.562500
vt 0.833333 0.531250
vt 0.838542 0.625000
vt 0.833333 0.593750
vt 0.833333 0.500000
vt 0.822917 0.562500
vt 0.822917 0.531250
vt 0.828125 0.625000
vt 0.822917 0.593750
vt 0.822917 0.500000
vt 0.817708 0.625000
vt 0.812500 0.593750
vt 0.812500 0.500000
vt 0.812500 0.562500
vt 0.812500 0.531250
vt 0.802083 0.531250
vt 0.802083 0.500000
vt 0.802083 0.593750
vt 0.802083 0.562500
vt 0.807292 0.625000
vt 0.791667 0.531250
vt 0.796875 0.625000
vt 0.791667 0.593750
vt 0.791667 0.500000
vt 0.791667 0.562500
vt 0.875000 0.531250
vt 0.864583 0.562500
vt 0.864583 0.531250
vt 0.875000 0.593750
vt 0.869792 0.625000
vt 0.864583 0.593750
vt 0.875000 0.500000
vt 0.864583 0.500000
vt 0.875000 0.562500
vt 0.859375 0.625000
vt 0.854167 0.531250
vt 0.843750 0.500000
vt 0.854167 0.500000
vt 0.854167 0.593750
vt 0.843750 0.562500
vt 0.854167 0.562500
vt 0.843750 0.531250
vt 0.848958 0.625000
vt 0.843750 0.593750
vt 0.833333 0.593750
vt 0.833333 0.562500
vt 0.833333 0.531250
vt 0.838542 0.625000
vt 0.833333 0.500000
vt 0.822917 0.531250
vt 0.828125 0.625000
vt 0.822917 0.593750
vt 0.822917 0.500000
vt 0.822917 0.562500
vt 0.817708 0.625000
vt 0.812500 0.593750
vt 0.812500 0.531250
vt 0.812500 0.500000
vt 0.812500 0.562500
vt 0.802083 0.500000
vt 0.802083 0.562500
vt 0.802083 0.531250
vt 0.807292 0.625000
vt 0.802083 0.593750
vt 0.791667 0.562500
vt 0.791667 0.531250
vt 0.796875 0.625000
vt 0.791667 0.593750
vt 0.791667 0.500000
vt 0.875000 0.562500
vt 0.864583 0.531250
vt 0.875000 0.531250
vt 0.875000 0.593750
vt 0.869792 0.625000
vt 0.864583 0.593750
vt 0.864583 0.500000
vt 0.875000 0.500000
vt 0.864583 0.562500
vt 0.859375 0.625000
vt 0.854167 0.500000
vt 0.843750 0.531250
vt 0.843750 0.500000
vt 0.854167 0.562500
vt 0.843750 0.593750
vt 0.843750 0.562500
vt 0.854167 0.531250
vt 0.854167 0.593750
vt 0.848958 0.625000
vt 0.833333 0.562500
vt 0.833333 0.531250
vt 0.838542 0.625000
vt 0.833333 0.593750
vt 0.833333 0.500000
vt 0.822917 0.562500
vt 0.822917 0.531250
vt 0.828125 0.625000
vt 0.822917 0.593750
vt 0.822917 0.500000
vt 0.817708 0.625000
vt 0.812500 0.593750
vt 0.812500 0.500000
vt 0.812500 0.562500
vt 0.812500 0.531250
vt 0.802083 0.531250
vt 0.802083 0.500000
vt 0.802083 0.593750
vt 0.802083 0.562500
vt 0.807292 0.625000
vt 0.791667 0.531250
vt 0.796875 0.625000
vt 0.791667 0.593750
vt 0.791667 0.500000
vt 0.791667 0.562500
vt 0.875000 0.531250
vt 0.864583 0.562500
vt 0.864583 0.531250
vt 0.875000 0.593750
vt 0.869792 0.625000
vt 0.864583 0.593750
vt 0.875000 0.500000
vt 0.864583 0.500000
vt 0.875000 0.562500
vt 0.859375 0.625000
vt 0.854167 0.531250
vt 0.843750 0.500000
vt 0.854167 0.500000
vt 0.854167 0.593750
vt 0.843750 0.562500
vt 0.854167 0.562500
vt 0.843750 0.531250
vt 0.848958 0.625000
vt 0.843750 0.593750
vt 0.833333 0.593750
vt 0.833333 0.562500
vt 0.833333 0.531250
vt 0.838542 0.625000
vt 0.833333 0.500000
vt 0.822917 0.531250
vt 0.828125 0.625000
vt 0.822917 0.593750
vt 0.822917 0.500000
vt 0.822917 0.562500
vt 0.817708 0.625000
vt 0.812500 0.593750
vt 0.812500 0.531250
vt 0.812500 0.500000
vt 0.812500 0.562500
vt 0.802083 0.500000
vt 0.802083 0.562500
vt 0.802083 0.531250
vt 0.807292 0.625000
vt 0.802083 0.593750
vt 0.791667 0.562500
vt 0.791667 0.531250
vt 0.796875 0.625000
vt 0.791667 0.593750
vt 0.791667 0.500000
vt 0.875000 0.562500
vt 0.864583 0.531250
vt 0.875000 0.531250
vt 0.875000 0.593750
vt 0.869792 0.625000
vt 0.864583 0.593750
vt 0.864583 0.500000
vt 0.875000 0.500000
vt 0.864583 0.562500
vt 0.859375 0.625000
vt 0.854167 0.500000
vt 0.843750 0.531250
vt 0.843750 0.500000
vt 0.854167 0.562500
vt 0.843750 0.593750
vt 0.843750 0.562500
vt 0.854167 0.531250
vt 0.854167 0.593750
vt 0.848958 0.625000
vt 0.833333 0.562500
vt 0.833333 0.531250
vt 0.838542 0.625000
vt 0.833333 0.593750
vt 0.833333 0.500000
vt 0.822917 0.562500
vt 0.822917 0.531250
vt 0.828125 0.625000
vt 0.822917 0.593750
vt 0.822917 0.500000
vt 0.817708 0.625000
vt 0.812500 0.593750
vt 0.812500 0.500000
vt 0.812500 0.562500
vt 0.812500 0.531250
vt 0.802083 0.531250
vt 0.802083 0.500000
vt 0.802083 0.593750
vt 0.802083 0.562500
vt 0.807292 0.625000
vt 0.791667 0.531250
vt 0.796875 0.625000
vt 0.791667 0.593750
vt 0.791667 0.500000
vt 0.791667 0.562500
vt 0.875000 0.531250
vt 0.864583 0.562500
vt 0.864583 0.531250
vt 0.875000 0.593750
vt 0.869792 0.625000
vt 0.864583 0.593750
vt 0.875000 0.500000
vt 0.864583 0.500000
vt 0.875000 0.562500
vt 0.859375 0.625000
vt 0.854167 0.531250
vt 0.843750 0.500000
vt 0.854167 0.500000
vt 0.854167 0.593750
vt 0.843750 0.562500
vt 0.854167 0.562500
vt 0.843750 0.531250
vt 0.848958 0.625000
vt 0.843750 0.593750
vt 0.833333 0.562500
vt 0.833333 0.531250
vt 0.838542 0.625000
vt 0.833333 0.593750
vt 0.833333 0.500000
vt 0.822917 0.562500
vt 0.822917 0.531250
vt 0.828125 0.625000
vt 0.822917 0.593750
vt 0.822917 0.500000
vt 0.817708 0.625000
vt 0.812500 0.593750
vt 0.812500 0.531250
vt 0.812500 0.500000
vt 0.812500 0.562500
vt 0.802083 0.500000
vt 0.802083 0.593750
vt 0.802083 0.562500
vt 0.802083 0.531250
vt 0.807292 0.625000
vt 0.791667 0.562500
vt 0.791667 0.531250
vt 0.796875 0.625000
vt 0.791667 0.593750
vt 0.791667 0.500000
vt 0.875000 0.562500
vt 0.864583 0.531250
vt 0.875000 0.531250
vt 0.875000 0.593750
vt 0.869792 0.625000
vt 0.864583 0.593750
vt 0.864583 0.500000
vt 0.875000 0.500000
vt 0.864583 0.562500
vt 0.859375 0.625000
vt 0.854167 0.500000
vt 0.843750 0.531250
vt 0.843750 0.500000
vt 0.854167 0.562500
vt 0.843750 0.593750
vt 0.843750 0.562500
vt 0.854167 0.531250
vt 0.854167 0.593750
vt 0.848958 0.625000
vt 0.833333 0.562500
vt 0.833333 0.531250
vt 0.838542 0.625000
vt 0.833333 0.593750
vt 0.833333 0.500000
vt 0.822917 0.562500
vt 0.822917 0.531250
vt 0.828125 0.625000
vt 0.822917 0.593750
vt 0.822917 0.500000
vt 0.817708 0.625000
vt 0.812500 0.593750
vt 0.812500 0.500000
vt 0.812500 0.562500
vt 0.812500 0.531250
vt 0.802083 0.531250
vt 0.802083 0.500000
vt 0.802083 0.562500
vt 0.807292 0.625000
vt 0.802083 0.593750
vt 0.791667 0.562500
vt 0.791667 0.531250
vt 0.796875 0.625000
vt 0.791667 0.593750
vt 0.791667 0.500000
vt 0.875000 0.562500
vt 0.864583 0.531250
vt 0.875000 0.531250
vt 0.875000 0.593750
vt 0.869792 0.625000
vt 0.864583 0.593750
vt 0.875000 0.500000
vt 0.864583 0.500000
vt 0.864583 0.562500
vt 0.859375 0.625000
vt 0.854167 0.500000
vt 0.843750 0.531250
vt 0.843750 0.500000
vt 0.854167 0.562500
vt 0.843750 0.593750
vt 0.843750 0.562500
vt 0.854167 0.531250
vt 0.854167 0.593750
vt 0.848958 0.625000
vt 0.833333 0.562500
vt 0.833333 0.531250
vt 0.838542 0.625000
vt 0.833333 0.593750
vt 0.833333 0.500000
vt 0.822917 0.562500
vt 0.822917 0.531250
vt 0.828125 0.625000
vt 0.822917 0.593750
vt 0.822917 0.500000
vt 0.817708 0.625000
vt 0.812500 0.593750
vt 0.812500 0.500000
vt 0.812500 0.562500
vt 0.812500 0.531250
vt 0.802083 0.531250
vt 0.802083 0.500000
vt 0.802083 0.562500
vt 0.807292 0.625000
vt 0.802083 0.593750
vt 0.791667 0.562500
vt 0.791667 0.531250
vt 0.796875 0.625000
vt 0.791667 0.593750
vt 0.791667 0.500000
vt 0.875000 0.562500
vt 0.864583 0.531250
vt 0.875000 0.531250
vt 0.875000 0.593750
vt 0.869792 0.625000
vt 0.864583 0.593750
vt 0.875000 0.500000
vt 0.864583 0.500000
vt 0.864583 0.562500
vt 0.859375 0.625000
vt 0.854167 0.500000
vt 0.843750 0.531250
vt 0.843750 0.500000
vt 0.854167 0.562500
vt 0.843750 0.593750
vt 0.843750 0.562500
vt 0.854167 0.531250
vt 0.854167 0.593750
vt 0.848958 0.625000
vt 0.833333 0.562500
vt 0.833333 0.531250
vt 0.838542 0.625000
vt 0.833333 0.593750
vt 0.833333 0.500000
vt 0.822917 0.562500
vt 0.822917 0.531250
vt 0.828125 0.625000
vt 0.822917 0.593750
vt 0.822917 0.500000
vt 0.817708 0.625000
vt 0.812500 0.593750
vt 0.812500 0.500000
vt 0.812500 0.562500
vt 0.812500 0.531250
vt 0.802083 0.531250
vt 0.802083 0.500000
vt 0.802083 0.593750
vt 0.802083 0.562500
vt 0.807292 0.625000
vt 0.791667 0.531250
vt 0.796875 0.625000
vt 0.791667 0.593750
vt 0.791667 0.500000
vt 0.791667 0.562500
vt 0.875000 0.531250
vt 0.864583 0.562500
vt 0.864583 0.531250
vt 0.875000 0.593750
vt 0.869792 0.625000
vt 0.864583 0.593750
vt 0.875000 0.500000
vt 0.864583 0.500000
vt 0.875000 0.562500
vt 0.859375 0.625000
vt 0.854167 0.500000
vt 0.843750 0.531250
vt 0.843750 0.500000
vt 0.854167 0.562500
vt 0.843750 0.593750
vt 0.843750 0.562500
vt 0.854167 0.531250
vt 0.854167 0.593750
vt 0.848958 0.625000
vt 0.833333 0.562500
vt 0.833333 0.531250
vt 0.838542 0.625000
vt 0.833333 0.593750
vt 0.833333 0.500000
vt 0.822917 0.562500
vt 0.822917 0.531250
vt 0.828125 0.625000
vt 0.822917 0.593750
vt 0.822917 0.500000
vt 0.817708 0.625000
vt 0.812500 0.593750
vt 0.812500 0.500000
vt 0.812500 0.562500
vt 0.812500 0.531250
vt 0.802083 0.531250
vt 0.802083 0.500000
vt 0.802083 0.593750
vt 0.802083 0.562500
vt 0.807292 0.625000
vt 0.791667 0.531250
vt 0.796875 0.625000
vt 0.791667 0.593750
vt 0.791667 0.500000
vt 0.791667 0.562500
vt 0.875000 0.531250
vt 0.864583 0.562500
vt 0.864583 0.531250
vt 0.875000 0.593750
vt 0.869792 0.625000
vt 0.864583 0.593750
vt 0.875000 0.500000
vt 0.864583 0.500000
vt 0.875000 0.562500
vt 0.859375 0.625000
vt 0.854167 0.500000
vt 0.843750 0.531250
vt 0.843750 0.500000
vt 0.854167 0.593750
vt 0.843750 0.562500
vt 0.854167 0.562500
vt 0.854167 0.531250
vt 0.848958 0.625000
vt 0.843750 0.593750
vt 0.833333 0.593750
vt 0.833333 0.562500
vt 0.833333 0.531250
vt 0.838542 0.625000
vt 0.833333 0.500000
vt 0.822917 0.531250
vt 0.828125 0.625000
vt 0.822917 0.593750
vt 0.822917 0.500000
vt 0.822917 0.562500
vt 0.817708 0.625000
vt 0.812500 0.593750
vt 0.812500 0.500000
vt 0.812500 0.562500
vt 0.812500 0.531250
vt 0.802083 0.531250
vt 0.802083 0.500000
vt 0.802083 0.593750
vt 0.802083 0.562500
vt 0.807292 0.625000
vt 0.791667 0.531250
vt 0.796875 0.625000
vt 0.791667 0.593750
vt 0.791667 0.500000
vt 0.791667 0.562500
vt 0.875000 0.531250
vt 0.864583 0.562500
vt 0.864583 0.531250
vt 0.875000 0.593750
vt 0.869792 0.625000
vt 0.864583 0.593750
vt 0.875000 0.500000
vt 0.864583 0.500000
vt 0.875000 0.562500
vt 0.859375 0.625000
vt 0.854167 0.500000
vt 0.843750 0.531250
vt 0.843750 0.500000
vt 0.854167 0.593750
vt 0.843750 0.562500
vt 0.854167 0.562500
vt 0.854167 0.531250
vt 0.848958 0.625000
vt 0.843750 0.593750
vt 0.833333 0.593750
vt 0.833333 0.562500
vt 0.833333 0.531250
vt 0.838542 0.625000
vt 0.833333 0.500000
vt 0.822917 0.531250
vt 0.828125 0.625000
vt 0.822917 0.593750
vt 0.822917 0.500000
vt 0.822917 0.562500
vt 0.817708 0.625000
vt 0.812500 0.593750
vt 0.812500 0.500000
vt 0.812500 0.562500
vt 0.812500 0.531250
vt 0.802083 0.500000
vt 0.802083 0.593750
vt 0.802083 0.562500
vt 0.802083 0.531250
vt 0.807292 0.625000
vt 0.791667 0.531250
vt 0.796875 0.625000
vt 0.791667 0.593750
vt 0.791667 0.500000
vt 0.791667 0.562500
vt 0.875000 0.531250
vt 0.864583 0.562500
vt 0.864583 0.531250
vt 0.875000 0.593750
vt 0.869792 0.625000
vt 0.864583 0.593750
vt 0.875000 0.500000
vt 0.864583 0.500000
vt 0.875000 0.562500
vt 0.859375 0.625000
vt 0.854167 0.531250
vt 0.843750 0.500000
vt 0.854167 0.500000
vt 0.854167 0.593750
vt 0.843750 0.562500
vt 0.854167 0.562500
vt 0.843750 0.531250
vt 0.848958 0.625000
vt 0.843750 0.593750
vt 0.833333 0.593750
vt 0.833333 0.562500
vt 0.833333 0.531250
vt 0.838542 0.625000
vt 0.833333 0.500000
vt 0.822917 0.531250
vt 0.828125 0.625000
vt 0.822917 0.593750
vt 0.822917 0.500000
vt 0.822917 0.562500
vt 0.817708 0.625000
vt 0.812500 0.593750
vt 0.812500 0.500000
vt 0.812500 0.562500
vt 0.812500 0.531250
vt 0.802083 0.500000
vt 0.802083 0.562500
vt 0.802083 0.531250
vt 0.807292 0.625000
vt 0.802083 0.593750
vt 0.791667 0.562500
vt 0.791667 0.531250
vt 0.796875 0.625000
vt 0.791667 0.593750
vt 0.791667 0.500000
vt 0.875000 0.562500
vt 0.864583 0.531250
vt 0.875000 0.531250
vt 0.875000 0.593750
vt 0.869792 0.625000
vt 0.864583 0.593750
vt 0.864583 0.500000
vt 0.875000 0.500000
vt 0.864583 0.562500
vt 0.859375 0.625000
vt 0.854167 0.500000
vt 0.843750 0.531250
vt 0.843750 0.500000
vt 0.854167 0.562500
vt 0.843750 0.593750
vt 0.843750 0.562500
vt 0.854167 0.531250
vt 0.854167 0.593750
vt 0.848958 0.625000
vt 0.833333 0.593750
vt 0.833333 0.562500
vt 0.833333 0.531250
vt 0.838542 0.625000
vt 0.833333 0.500000
vt 0.822917 0.562500
vt 0.822917 0.531250
vt 0.828125 0.625000
vt 0.822917 0.593750
vt 0.822917 0.500000
vt 0.817708 0.625000
vt 0.812500 0.593750
vt 0.812500 0.500000
vt 0.812500 0.562500
vt 0.812500 0.531250
vt 0.802083 0.531250
vt 0.802083 0.500000
vt 0.802083 0.593750
vt 0.802083 0.562500
vt 0.807292 0.625000
vt 0.791667 0.531250
vt 0.796875 0.625000
vt 0.791667 0.593750
vt 0.791667 0.500000
vt 0.791667 0.562500
vt 0.875000 0.531250
vt 0.864583 0.562500
vt 0.864583 0.531250
vt 0.875000 0.593750
vt 0.869792 0.625000
vt 0.864583 0.593750
vt 0.875000 0.500000
vt 0.864583 0.500000
vt 0.875000 0.562500
vt 0.859375 0.625000
vt 0.854167 0.531250
vt 0.843750 0.500000
vt 0.854167 0.500000
vt 0.854167 0.593750
vt 0.843750 0.562500
vt 0.854167 0.562500
vt 0.843750 0.531250
vt 0.848958 0.625000
vt 0.843750 0.593750
vt 0.833333 0.593750
vt 0.833333 0.562500
vt 0.833333 0.531250
vt 0.838542 0.625000
vt 0.833333 0.500000
vt 0.822917 0.531250
vt 0.828125 0.625000
vt 0.822917 0.593750
vt 0.822917 0.500000
vt 0.822917 0.562500
vt 0.817708 0.625000
vt 0.812500 0.593750
vt 0.812500 0.531250
vt 0.812500 0.500000
vt 0.812500 0.562500
vt 0.802083 0.500000
vt 0.802083 0.562500
vt 0.802083 0.531250
vt 0.807292 0.625000
vt 0.802083 0.593750
vt 0.791667 0.562500
vt 0.791667 0.531250
vt 0.796875 0.625000
vt 0.791667 0.593750
vt 0.791667 0.500000
vt 0.875000 0.562500
vt 0.864583 0.531250
vt 0.875000 0.531250
vt 0.875000 0.593750
vt 0.869792 0.625000
vt 0.864583 0.593750
vt 0.864583 0.500000
vt 0.875000 0.500000
vt 0.864583 0.562500
vt 0.859375 0.625000
vt 0.854167 0.500000
vt 0.843750 0.531250
vt 0.843750 0.500000
vt 0.854167 0.562500
vt 0.843750 0.593750
vt 0.843750 0.562500
vt 0.854167 0.531250
vt 0.854167 0.593750
vt 0.848958 0.625000
vt 0.833333 0.562500
vt 0.833333 0.531250
vt 0.838542 0.625000
vt 0.833333 0.593750
vt 0.833333 0.500000
vt 0.822917 0.562500
vt 0.822917 0.531250
vt 0.828125 0.625000
vt 0.822917 0.593750
vt 0.822917 0.500000
vt 0.817708 0.625000
vt 0.812500 0.593750
vt 0.812500 0.500000
vt 0.812500 0.562500
vt 0.812500 0.531250
vt 0.802083 0.500000
vt 0.802083 0.562500
vt 0.802083 0.531250
vt 0.807292 0.625000
vt 0.802083 0.593750
vt 0.791667 0.562500
vt 0.791667 0.531250
vt 0.796875 0.625000
vt 0.791667 0.593750
vt 0.791667 0.500000
vt 0.875000 0.562500
vt 0.864583 0.531250
vt 0.875000 0.531250
vt 0.875000 0.593750
vt 0.869792 0.625000
vt 0.864583 0.593750
vt 0.875000 0.500000
vt 0.864583 0.500000
vt 0.864583 0.562500
vt 0.859375 0.625000
vt 0.854167 0.531250
vt 0.843750 0.500000
vt 0.854167 0.500000
vt 0.854167 0.593750
vt 0.843750 0.562500
vt 0.854167 0.562500
vt 0.843750 0.531250
vt 0.848958 0.625000
vt 0.843750 0.593750
vt 0.833333 0.562500
vt 0.833333 0.531250
vt 0.838542 0.625000
vt 0.833333 0.593750
vt 0.833333 0.500000
vt 0.822917 0.562500
vt 0.822917 0.531250
vt 0.828125 0.625000
vt 0.822917 0.593750
vt 0.822917 0.500000
vt 0.817708 0.625000
vt 0.812500 0.593750
vt 0.812500 0.531250
vt 0.812500 0.500000
vt 0.812500 0.562500
vt 0.802083 0.500000
vt 0.802083 0.593750
vt 0.802083 0.562500
vt 0.802083 0.531250
vt 0.807292 0.625000
vt 0.791667 0.531250
vt 0.796875 0.625000
vt 0.791667 0.593750
vt 0.791667 0.500000
vt 0.791667 0.562500
vt 0.875000 0.562500
vt 0.864583 0.531250
vt 0.875000 0.531250
vt 0.875000 0.593750
vt 0.869792 0.625000
vt 0.864583 0.593750
vt 0.864583 0.500000
vt 0.875000 0.500000
vt 0.864583 0.562500
vt 0.859375 0.625000
vt 0.854167 0.500000
vt 0.843750 0.531250
vt 0.843750 0.500000
vt 0.854167 0.562500
vt 0.843750 0.593750
vt 0.843750 0.562500
vt 0.854167 0.531250
vt 0.854167 0.593750
vt 0.848958 0.625000
vt 0.833333 0.562500
vt 0.833333 0.531250
vt 0.838542 0.625000
vt 0.833333 0.593750
vt 0.833333 0.500000
vt 0.822917 0.562500
vt 0.822917 0.531250
vt 0.828125 0.625000
vt 0.822917 0.593750
vt 0.822917 0.500000
vt 0.817708 0.625000
vt 0.812500 0.593750
vt 0.812500 0.500000
vt 0.812500 0.562500
vt 0.812500 0.531250
vt 0.802083 0.531250
vt 0.802083 0.500000
vt 0.802083 0.593750
vt 0.802083 0.562500
vt 0.807292 0.625000
vt 0.791667 0.531250
vt 0.796875 0.625000
vt 0.791667 0.593750
vt 0.791667 0.500000
vt 0.791667 0.562500
vt 0.875000 0.531250
vt 0.864583 0.562500
vt 0.864583 0.531250
vt 0.875000 0.593750
vt 0.869792 0.625000
vt 0.864583 0.593750
vt 0.875000 0.500000
vt 0.864583 0.500000
vt 0.875000 0.562500
vt 0.859375 0.625000
vt 0.854167 0.500000
vt 0.843750 0.531250
vt 0.843750 0.500000
vt 0.854167 0.593750
vt 0.843750 0.562500
vt 0.854167 0.562500
vt 0.854167 0.531250
vt 0.848958 0.625000
vt 0.843750 0.593750
vt 0.833333 0.562500
vt 0.833333 0.531250
vt 0.838542 0.625000
vt 0.833333 0.593750
vt 0.833333 0.500000
vt 0.822917 0.562500
vt 0.822917 0.531250
vt 0.828125 0.625000
vt 0.822917 0.593750
vt 0.822917 0.500000
vt 0.817708 0.625000
vt 0.812500 0.593750
vt 0.812500 0.531250
vt 0.812500 0.500000
vt 0.812500 0.562500
vt 0.802083 0.500000
vt 0.802083 0.593750
vt 0.802083 0.562500
vt 0.802083 0.531250
vt 0.807292 0.625000
vt 0.791667 0.562500
vt 0.791667 0.531250
vt 0.796875 0.625000
vt 0.791667 0.593750
vt 0.791667 0.500000
vt 0.875000 0.562500
vt 0.864583 0.531250
vt 0.875000 0.531250
vt 0.875000 0.593750
vt 0.869792 0.625000
vt 0.864583 0.593750
vt 0.864583 0.500000
vt 0.875000 0.500000
vt 0.864583 0.562500
vt 0.859375 0.625000
vt 0.854167 0.500000
vt 0.843750 0.531250
vt 0.843750 0.500000
vt 0.854167 0.562500
vt 0.843750 0.593750
vt 0.843750 0.562500
vt 0.854167 0.531250
vt 0.854167 0.593750
vt 0.848958 0.625000
vt 0.833333 0.593750
vt 0.833333 0.562500
vt 0.833333 0.531250
vt 0.838542 0.625000
vt 0.833333 0.500000
vt 0.822917 0.531250
vt 0.828125 0.625000
vt 0.822917 0.593750
vt 0.822917 0.500000
vt 0.822917 0.562500
vt 0.817708 0.625000
vt 0.812500 0.593750
vt 0.812500 0.500000
vt 0.812500 0.562500
vt 0.812500 0.531250
vt 0.802083 0.531250
vt 0.802083 0.500000
vt 0.802083 0.593750
vt 0.802083 0.562500
vt 0.807292 0.625000
vt 0.791667 0.531250
vt 0.796875 0.625000
vt 0.791667 0.593750
vt 0.791667 0.500000
vt 0.791667 0.562500
vt 0.875000 0.531250
vt 0.864583 0.562500
vt 0.864583 0.531250
vt 0.875000 0.593750
vt 0.869792 0.625000
vt 0.864583 0.593750
vt 0.875000 0.500000
vt 0.864583 0.500000
vt 0.875000 0.562500
vt 0.859375 0.625000
vt 0.854167 0.500000
vt 0.843750 0.531250
vt 0.843750 0.500000
vt 0.854167 0.562500
vt 0.843750 0.593750
vt 0.843750 0.562500
vt 0.854167 0.531250
vt 0.854167 0.593750
vt 0.848958 0.625000
vt 0.833333 0.593750
vt 0.833333 0.562500
vt 0.833333 0.531250
vt 0.838542 0.625000
vt 0.833333 0.500000
vt 0.822917 0.531250
vt 0.828125 0.625000
vt 0.822917 0.593750
vt 0.822917 0.500000
vt 0.822917 0.562500
vt 0.817708 0.625000
vt 0.812500 0.593750
vt 0.812500 0.500000
vt 0.812500 0.562500
vt 0.812500 0.531250
vt 0.802083 0.531250
vt 0.802083 0.500000
vt 0.802083 0.593750
vt 0.802083 0.562500
vt 0.807292 0.625000
vt 0.791667 0.531250
vt 0.796875 0.625000
vt 0.791667 0.593750
vt 0.791667 0.500000
vt 0.791667 0.562500
vt 0.875000 0.531250
vt 0.864583 0.562500
vt 0.864583 0.531250
vt 0.875000 0.593750
vt 0.869792 0.625000
vt 0.864583 0.593750
vt 0.875000 0.500000
vt 0.864583 0.500000
vt 0.875000 0.562500
vt 0.859375 0.625000
vt 0.854167 0.500000
vt 0.843750 0.531250
vt 0.843750 0.500000
vt 0.854167 0.593750
vt 0.843750 0.562500
vt 0.854167 0.562500
vt 0.854167 0.531250
vt 0.848958 0.625000
vt 0.843750 0.593750
vt 0.833333 0.593750
vt 0.833333 0.562500
vt 0.833333 0.531250
vt 0.838542 0.625000
vt 0.833333 0.500000
vt 0.822917 0.531250
vt 0.828125 0.625000
vt 0.822917 0.593750
vt 0.822917 0.500000
vt 0.822917 0.562500
vt 0.817708 0.625000
vt 0.812500 0.593750
vt 0.812500 0.500000
vt 0.812500 0.562500
vt 0.812500 0.531250
vt 0.802083 0.531250
vt 0.802083 0.500000
vt 0.802083 0.593750
vt 0.802083 0.562500
vt 0.807292 0.625000
vt 0.791667 0.531250
vt 0.796875 0.625000
vt 0.791667 0.593750
vt 0.791667 0.500000
vt 0.791667 0.562500
vt 0.875000 0.531250
vt 0.864583 0.562500
vt 0.864583 0.531250
vt 0.875000 0.593750
vt 0.869792 0.625000
vt 0.864583 0.593750
vt 0.875000 0.500000
vt 0.864583 0.500000
vt 0.875000 0.562500
vt 0.859375 0.625000
vt 0.854167 0.500000
vt 0.843750 0.531250
vt 0.843750 0.500000
vt 0.854167 0.593750
vt 0.843750 0.562500
vt 0.854167 0.562500
vt 0.854167 0.531250
vt 0.848958 0.625000
vt 0.843750 0.593750
vt 0.833333 0.593750
vt 0.833333 0.562500
vt 0.833333 0.531250
vt 0.838542 0.625000
vt 0.833333 0.500000
vt 0.822917 0.531250
vt 0.828125 0.625000
vt 0.822917 0.593750
vt 0.822917 0.500000
vt 0.822917 0.562500
vt 0.817708 0.625000
vt 0.812500 0.593750
vt 0.812500 0.500000
vt 0.812500 0.562500
vt 0.812500 0.531250
vt 0.802083 0.531250
vt 0.802083 0.500000
vt 0.802083 0.593750
vt 0.802083 0.562500
vt 0.807292 0.625000
vt 0.791667 0.531250
vt 0.796875 0.625000
vt 0.791667 0.593750
vt 0.791667 0.500000
vt 0.791667 0.562500
vt 0.875000 0.531250
vt 0.864583 0.562500
vt 0.864583 0.531250
vt 0.875000 0.593750
vt 0.869792 0.625000
vt 0.864583 0.593750
vt 0.875000 0.500000
vt 0.864583 0.500000
vt 0.875000 0.562500
vt 0.859375 0.625000
vn -0.0989 0.9951 -0.0000
vn -0.2925 0.9563 -0.0000
vn -0.4746 0.8802 -0.0000
vn -0.6377 0.7703 -0.0000
vn -0.6375 0.7705 -0.0000
vn -0.7757 0.6311 -0.0000
vn -0.7754 0.6315 -0.0000
vn -0.8836 0.4683 -0.0000
vn -0.8833 0.4688 -0.0000
vn -0.9576 0.2881 -0.0000
vn -0.9577 0.2878 -0.0000
vn -0.9952 0.0975 -0.0000
vn -0.9952 -0.0975 -0.0000
vn -0.9953 -0.0970 -0.0000
vn -0.9577 -0.2878 -0.0000
vn -0.8833 -0.4688 -0.0000
vn -0.8835 -0.4684 -0.0000
vn -0.7757 -0.6311 -0.0000
vn -0.7754 -0.6315 -0.0000
vn -0.6378 -0.7702 -0.0000
vn -0.6374 -0.7705 -0.0000
vn -0.4745 -0.8803 -0.0000
vn -0.4742 -0.8804 -0.0000
vn -0.2925 -0.9563 -0.0000
vn -0.0989 -0.9951 -0.0000
vn 0.0988 -0.9951 -0.0000
vn 0.2925 -0.9563 -0.0000
vn 0.4748 -0.8801 -0.0000
vn 0.6375 -0.7705 -0.0000
vn 0.7752 -0.6317 -0.0000
vn 0.8838 -0.4679 -0.0000
vn 0.8836 -0.4682 -0.0000
vn 0.8836 -0.4683 -0.0000
vn 0.9575 -0.2883 -0.0000
vn 0.9575 -0.2883 -0.0000
vn 0.9953 -0.0970 -0.0000
vn 0.9953 0.0970 -0.0000
vn 0.9575 0.2883 -0.0000
vn 0.9575 0.2883 -0.0000
vn 0.8838 0.4679 -0.0000
vn 0.8836 0.4682 -0.0000
vn 0.7752 0.6317 -0.0000
vn 0.6375 0.7705 -0.0000
vn 0.4748 0.8801 -0.0000
vn 0.2925 0.9563 -0.0000
vn 0.0988 0.9951 -0.0000
vn -0.0000 -0.0000 -1.0000
vn 0.6377 0.7703 -0.0000
vn -0.0000 -0.0000 1.0000
vn -0.0987 -0.9951 -0.0000
vn -0.0988 -0.9951 -0.0000
vn -0.4744 0.8803 -0.0000
vn -0.4745 0.8803 -0.0000
vn 0.4745 0.8803 -0.0000
vn 0.4744 0.8803 -0.0000
vn 0.0987 -0.9951 -0.0000
vn -0.6374 0.7705 -0.0000
vn -0.6377 0.7703 -0.0000
vn 0.2923 0.9563 -0.0000
vn 0.2923 -0.9563 -0.0000
vn 0.0987 0.9951 -0.0000
vn 0.4744 -0.8803 -0.0000
vn 0.4745 -0.8803 -0.0000
vn -0.8835 0.4684 -0.0000
vn 0.6377 -0.7703 -0.0000
vn -0.9577 0.2879 -0.0000
vn 0.7755 -0.6314 -0.0000
vn -0.9952 0.0974 -0.0000
vn 0.8835 -0.4684 -0.0000
vn -0.9952 -0.0974 -0.0000
vn 0.9577 -0.2879 -0.0000
vn -0.9577 -0.2879 -0.0000
vn -0.9576 -0.2882 -0.0000
vn 0.9952 -0.0974 -0.0000
vn 0.9952 0.0974 -0.0000
vn 0.9577 0.2879 -0.0000
vn -0.6377 -0.7703 -0.0000
vn 0.8835 0.4684 -0.0000
vn -0.4744 -0.8803 -0.0000
vn -0.0988 0.9951 -0.0000
vn -0.0987 0.9951 -0.0000
vn 0.7755 0.6314 -0.0000
vn -0.2924 -0.9563 -0.0000
vn -0.2924 0.9563 -0.0000
vn -0.0991 -0.0000 -0.9951
vn -0.2931 -0.0000 -0.9561
vn -0.4750 -0.0000 -0.8800
vn -0.6386 -0.0000 -0.7695
vn -0.7764 -0.0000 -0.6303
vn -0.7761 -0.0000 -0.6307
vn -0.8837 -0.0000 -0.4680
vn -0.8838 -0.0000 -0.4679
vn -0.9579 -0.0000 -0.2872
vn -0.9953 -0.0000 -0.0968
vn -0.9579 -0.0000 0.2872
vn -0.8838 -0.0000 0.4679
vn -0.7764 -0.0000 0.6303
vn -0.6386 -0.0000 0.7695
vn -0.4750 -0.0000 0.8800
vn -0.2931 -0.0000 0.9561
vn -0.0991 -0.0000 0.9951
vn 0.0990 -0.0000 0.9951
vn 0.2931 -0.0000 0.9561
vn 0.4752 -0.0000 0.8799
vn 0.4749 -0.0000 0.8800
vn 0.6386 -0.0000 0.7695
vn 0.7763 -0.0000 0.6304
vn 0.7762 -0.0000 0.6305
vn 0.7761 -0.0000 0.6306
vn 0.8840 -0.0000 0.4675
vn 0.8842 -0.0000 0.4671
vn 0.9577 -0.0000 0.2877
vn 0.9953 -0.0000 0.0970
vn 0.4688 -0.0000 -0.8833
vn 0.9953 -0.0000 -0.0971
vn 0.9577 -0.0000 -0.2877
vn 0.8840 -0.0000 -0.4675
vn 0.8842 -0.0000 -0.4671
vn 0.7763 -0.0000 -0.6304
vn 0.7761 -0.0000 -0.6306
vn 0.6386 -0.0000 -0.7695
vn 0.4752 -0.0000 -0.8799
vn -0.0000 1.0000 -0.0000
vn 0.2931 -0.0000 -0.9561
vn 0.0990 -0.0000 -0.9951
vn -0.0000 -1.0000 -0.0000
vn 0.6385 -0.0000 -0.7696
vn -0.0989 -0.0000 0.9951
vn -0.4753 -0.0000 -0.8798
vn -0.4752 -0.0000 -0.8799
vn 0.4753 -0.0000 -0.8798
vn 0.0989 -0.0000 0.9951
vn -0.6382 -0.0000 -0.7698
vn 0.2929 -0.0000 -0.9561
vn 0.2929 -0.0000 0.9561
vn -0.7761 -0.0000 -0.6306
vn 0.0994 -0.0000 -0.9950
vn 0.4753 -0.0000 0.8798
vn -0.8839 -0.0000 -0.4676
vn 0.6385 -0.0000 0.7696
vn -0.9578 -0.0000 -0.2873
vn 0.7765 -0.0000 0.6302
vn 0.7765 -0.0000 0.6301
vn -0.9953 -0.0000 -0.0972
vn 0.8839 -0.0000 0.4676
vn -0.9953 -0.0000 0.0972
vn 0.9578 -0.0000 0.2873
vn -0.9578 -0.0000 0.2873
vn 0.9953 -0.0000 0.0972
vn -0.8839 -0.0000 0.4676
vn 0.9953 -0.0000 -0.0972
vn -0.7761 -0.0000 0.6306
vn 0.9578 -0.0000 -0.2873
vn -0.6382 -0.0000 0.7698
vn 0.8839 -0.0000 -0.4676
vn -0.4753 -0.0000 0.8798
vn -0.0990 -0.0000 -0.9951
vn -0.0989 -0.0000 -0.9951
vn -0.2930 -0.0000 0.9561
vn -0.2930 -0.0000 -0.9561
vn 0.7765 -0.0000 -0.6302
vn -0.9953 -0.0000 0.0970
vn -0.4688 -0.0000 -0.8833
vn -0.8836 -0.4683 -0.0000
vn 0.8836 0.4683 -0.0000
vn 0.0001 -0.0000 1.0000
vn -0.0001 -0.0000 1.0000
vn -0.9576 0.2882 -0.0000
vn 0.9953 -0.0000 0.0968
vn 0.4689 -0.0000 -0.8833
vn 0.9953 -0.0000 0.0971
vn 0.4689 0.0002 -0.8833
vn 0.4749 -0.0000 -0.8800
vn -0.6385 -0.0000 -0.7696
vn 0.0989 -0.0000 -0.9951
vn 0.9577 -0.0000 0.2876
vn -0.6385 -0.0000 0.7696
vn -0.9953 -0.0000 0.0973
vn -0.4687 -0.0000 -0.8834
vn -0.4687 -0.0002 -0.8834
vn 0.9953 -0.0970 -0.0000
vn 0.9953 -0.0971 -0.0000
vn 0.9952 -0.0974 -0.0000
vn 0.9576 -0.2881 -0.0000
vn 0.9576 -0.2882 -0.0000
vn 0.8836 -0.4683 -0.0000
vn 0.7756 -0.6312 -0.0000
vn 0.7753 -0.6316 -0.0000
vn 0.6377 -0.7703 -0.0000
vn 0.6377 -0.7703 -0.0000
vn 0.4742 -0.8804 -0.0000
vn 0.4745 -0.8802 -0.0000
vn 0.2920 -0.9564 -0.0000
vn 0.0989 -0.9951 -0.0000
vn 0.0988 -0.9951 -0.0000
vn -0.0992 -0.9951 -0.0000
vn -0.0989 -0.9951 -0.0000
vn -0.2922 -0.9564 -0.0000
vn -0.4742 -0.8804 -0.0000
vn -0.4745 -0.8802 -0.0000
vn -0.6377 -0.7703 -0.0000
vn -0.7756 -0.6312 -0.0000
vn -0.8836 -0.4683 -0.0000
vn -0.9576 -0.2881 -0.0000
vn -0.9576 -0.2882 -0.0000
vn -0.9953 -0.0970 -0.0000
vn -0.9953 -0.0971 -0.0000
vn -0.9952 -0.0974 -0.0000
vn -0.9953 0.0971 -0.0000
vn -0.9953 0.0970 -0.0000
vn -0.9952 0.0975 -0.0000
vn -0.9576 0.2882 -0.0000
vn -0.9576 0.2881 -0.0000
vn -0.8836 0.4683 -0.0000
vn -0.7756 0.6312 -0.0000
vn -0.6377 0.7703 -0.0000
vn -0.4742 0.8804 -0.0000
vn -0.2922 0.9564 -0.0000
vn -0.0992 0.9951 -0.0000
vn -0.0988 0.9951 -0.0000
vn 0.0989 0.9951 -0.0000
vn 0.0988 0.9951 -0.0000
vn 0.2920 0.9564 -0.0000
vn 0.4742 0.8804 -0.0000
vn 0.6377 0.7703 -0.0000
vn 0.6377 0.7703 -0.0000
vn 0.7753 0.6316 -0.0000
vn 0.7754 0.6315 -0.0000
vn 0.8836 0.4683 -0.0000
vn -0.0000 -0.0000 1.0000
vn 0.9576 0.2882 -0.0000
vn 0.9576 0.2881 -0.0000
vn 0.9953 0.0971 -0.0000
vn 0.9953 0.0970 -0.0000
vn 0.9952 0.0975 -0.0000
vn -0.0000 -0.0000 -1.0000
vn 0.7754 -0.6315 -0.0000
vn -0.0988 -0.9951 -0.0000
vn -0.7754 -0.6315 -0.0000
vn -0.7754 0.6315 -0.0000
vn -0.4745 0.8802 -0.0000
vn -0.0989 0.9951 -0.0000
vn 0.4745 0.8802 -0.0000
vn 0.7756 0.6312 -0.0000
vn 0.0001 -0.0000 -1.0000
vn -0.0001 -0.0000 -1.0000
vn -0.0989 -0.9951 -0.0000
vn -0.2925 -0.9563 -0.0000
vn -0.4746 -0.8802 -0.0000
vn -0.6375 -0.7705 -0.0000
vn -0.7755 -0.6314 -0.0000
vn -0.7757 -0.6311 -0.0000
vn -0.8835 -0.4684 -0.0000
vn -0.8833 -0.4687 -0.0000
vn -0.9577 -0.2878 -0.0000
vn -0.9576 -0.2881 -0.0000
vn -0.9952 -0.0975 -0.0000
vn -0.9952 0.0975 -0.0000
vn -0.9953 0.0972 -0.0000
vn -0.9577 0.2878 -0.0000
vn -0.8836 0.4683 -0.0000
vn -0.8833 0.4687 -0.0000
vn -0.8833 0.4688 -0.0000
vn -0.7757 0.6311 -0.0000
vn -0.6375 0.7704 -0.0000
vn -0.6378 0.7702 0.0001
vn -0.6375 0.7705 -0.0000
vn -0.4745 0.8802 0.0001
vn -0.4742 0.8804 -0.0000
vn -0.2925 0.9563 -0.0000
vn -0.0989 0.9951 -0.0000
vn 0.0988 0.9951 -0.0000
vn 0.2925 0.9563 -0.0000
vn 0.4744 0.8803 -0.0000
vn 0.6378 0.7702 -0.0000
vn 0.7756 0.6312 -0.0000
vn 0.7752 0.6317 -0.0000
vn 0.7754 0.6315 -0.0000
vn 0.8836 0.4682 -0.0000
vn 0.8838 0.4679 -0.0000
vn 0.9575 0.2883 -0.0000
vn 0.9953 0.0969 -0.0000
vn 0.9953 0.0970 -0.0000
vn 0.9953 -0.0969 -0.0000
vn 0.9953 -0.0970 -0.0000
vn 0.9575 -0.2883 -0.0000
vn 0.8836 -0.4682 -0.0000
vn 0.8838 -0.4679 -0.0000
vn 0.7756 -0.6312 -0.0000
vn 0.7752 -0.6317 -0.0000
vn 0.6375 -0.7705 -0.0000
vn 0.4748 -0.8801 -0.0000
vn 0.4745 -0.8802 -0.0000
vn 0.2925 -0.9563 -0.0000
vn 0.0988 -0.9951 -0.0000
vn -0.0000 -0.0000 1.0000
vn 0.6377 -0.7703 -0.0000
vn -0.0000 -0.0000 -1.0000
vn -0.0988 0.9951 -0.0000
vn -0.4745 -0.8803 -0.0000
vn -0.4744 -0.8803 -0.0000
vn 0.4745 -0.8803 -0.0000
vn 0.4744 -0.8803 -0.0000
vn 0.4747 -0.8801 -0.0000
vn 0.0987 0.9951 -0.0000
vn 0.0992 0.9951 -0.0000
vn -0.6374 -0.7705 -0.0000
vn 0.2923 -0.9563 -0.0000
vn 0.2923 0.9563 -0.0000
vn 0.0987 -0.9951 -0.0000
vn 0.4745 0.8803 -0.0000
vn 0.6377 0.7703 -0.0000
vn -0.9577 -0.2879 -0.0000
vn 0.7755 0.6314 -0.0000
vn -0.9952 -0.0974 -0.0000
vn 0.8835 0.4684 -0.0000
vn -0.9952 0.0974 -0.0000
vn 0.9577 0.2879 -0.0000
vn -0.9577 0.2879 -0.0000
vn 0.9952 0.0974 -0.0000
vn -0.8835 0.4684 -0.0000
vn 0.9952 -0.0974 -0.0000
vn -0.7755 0.6314 -0.0000
vn 0.9577 -0.2879 -0.0000
vn -0.6374 0.7705 -0.0000
vn 0.8835 -0.4684 -0.0000
vn -0.4744 0.8803 -0.0000
vn -0.4745 0.8803 -0.0000
vn -0.0988 -0.9951 -0.0000
vn 0.7755 -0.6314 -0.0000
vn -0.2924 0.9563 -0.0000
vn -0.2924 -0.9563 -0.0000
vn -0.0993 -0.0000 0.9951
vn -0.0996 -0.0000 0.9950
vn -0.2931 -0.0000 0.9561
vn -0.4750 -0.0000 0.8800
vn -0.6383 -0.0000 0.7698
vn -0.7763 -0.0000 0.6304
vn -0.8839 -0.0000 0.4677
vn -0.9579 -0.0000 0.2872
vn -0.9953 -0.0000 0.0970
vn -0.9579 -0.0000 -0.2872
vn -0.8839 -0.0000 -0.4677
vn -0.7764 -0.0000 -0.6303
vn -0.7762 -0.0000 -0.6304
vn -0.7763 -0.0000 -0.6304
vn -0.6383 -0.0000 -0.7698
vn -0.4750 -0.0000 -0.8800
vn -0.2931 -0.0000 -0.9561
vn -0.0991 -0.0000 -0.9951
vn 0.0990 -0.0000 -0.9951
vn 0.2931 -0.0000 -0.9561
vn 0.4749 -0.0000 -0.8800
vn 0.4752 -0.0000 -0.8799
vn 0.4748 -0.0000 -0.8801
vn 0.6383 -0.0000 -0.7698
vn 0.7764 -0.0000 -0.6303
vn 0.7761 -0.0000 -0.6307
vn 0.8841 -0.0000 -0.4673
vn 0.9577 -0.0000 -0.2877
vn 0.9953 -0.0000 -0.0969
vn 0.4333 -0.0000 -0.9013
vn 0.9953 -0.0000 0.0968
vn 0.9577 -0.0000 0.2877
vn 0.8841 -0.0000 0.4673
vn 0.8839 -0.0000 0.4676
vn 0.7761 -0.0000 0.6307
vn 0.7763 -0.0000 0.6304
vn 0.6383 -0.0000 0.7698
vn 0.4752 -0.0000 0.8799
vn -0.0000 -1.0000 -0.0000
vn 0.2931 -0.0000 0.9561
vn 0.0988 -0.0000 0.9951
vn 0.0989 -0.0000 0.9951
vn -0.0000 1.0000 -0.0000
vn 0.6385 -0.0000 0.7696
vn -0.0989 -0.0000 -0.9951
vn -0.4752 -0.0000 0.8799
vn 0.4753 -0.0000 0.8798
vn 0.0989 -0.0000 -0.9951
vn -0.6382 -0.0000 0.7698
vn 0.2933 -0.0000 0.9560
vn 0.2933 -0.0000 -0.9560
vn -0.7762 -0.0000 0.6305
vn 0.0992 -0.0000 0.9951
vn 0.0994 -0.0000 0.9950
vn 0.4753 -0.0000 -0.8798
vn -0.8840 -0.0000 0.4674
vn -0.8839 -0.0000 0.4677
vn 0.6385 -0.0000 -0.7696
vn -0.9578 -0.0000 0.2874
vn 0.7765 -0.0000 -0.6302
vn 0.7761 -0.0000 -0.6306
vn -0.9953 -0.0000 0.0972
vn 0.8839 -0.0000 -0.4676
vn -0.9953 -0.0000 -0.0971
vn 0.9578 -0.0000 -0.2874
vn -0.9578 -0.0000 -0.2874
vn 0.9953 -0.0000 -0.0971
vn -0.8839 -0.0000 -0.4676
vn 0.9953 -0.0000 0.0972
vn 0.9578 -0.0000 0.2874
vn -0.6382 -0.0000 -0.7698
vn 0.8840 -0.0000 0.4674
vn -0.4752 -0.0000 -0.8799
vn -0.0992 -0.0000 0.9951
vn 0.7761 -0.0000 0.6306
vn 0.7762 -0.0000 0.6304
vn 0.7760 -0.0000 0.6308
vn -0.2935 -0.0000 -0.9560
vn -0.2935 -0.0000 0.9560
vn -0.4753 -0.0000 -0.8798
vn -0.8838 -0.0000 0.4678
vn -0.9953 -0.0000 -0.0969
vn -0.4333 -0.0000 -0.9013
vn -0.8836 -0.4682 -0.0000
vn -0.8836 0.4682 -0.0000
vn 0.4741 0.8805 -0.0000
vn 0.7754 -0.6315 -0.0000
vn -0.7754 -0.6315 -0.0000
vn 0.0992 -0.9951 -0.0000
vn 0.4747 0.8801 -0.0000
vn -0.9576 -0.2882 -0.0000
vn -0.9576 0.2882 -0.0000
vn -0.7762 -0.0000 0.6304
vn 0.9953 -0.0000 -0.0967
vn 0.4334 -0.0001 -0.9012
vn 0.4334 -0.0000 -0.9012
vn 0.0987 -0.0000 0.9951
vn -0.6386 -0.0000 0.7695
vn -0.9953 -0.0000 -0.0972
vn -0.4334 0.0001 -0.9012
vn -0.4334 -0.0000 -0.9012
vn 0.0988 -0.9951 -0.0000
vn 0.2926 -0.9562 -0.0000
vn 0.4742 -0.8804 -0.0000
vn 0.4746 -0.8802 -0.0000
vn 0.6378 -0.7702 -0.0000
vn 0.6374 -0.7705 -0.0000
vn 0.6375 -0.7704 -0.0000
vn 0.7754 -0.6314 -0.0000
vn 0.8836 -0.4683 -0.0000
vn 0.8836 -0.4683 -0.0000
vn 0.8838 -0.4679 -0.0000
vn 0.9577 -0.2878 -0.0000
vn 0.9953 -0.0972 -0.0000
vn 0.9952 -0.0975 -0.0000
vn 0.9953 0.0972 -0.0000
vn 0.9952 0.0975 -0.0000
vn 0.9577 0.2878 -0.0000
vn 0.8836 0.4683 -0.0000
vn 0.8837 0.4680 -0.0000
vn 0.7754 0.6314 -0.0000
vn 0.6375 0.7705 -0.0000
vn 0.4746 0.8802 -0.0000
vn 0.2926 0.9562 -0.0000
vn 0.0988 0.9951 -0.0000
vn -0.0988 0.9951 -0.0000
vn -0.2925 0.9563 -0.0000
vn -0.4748 0.8801 -0.0000
vn -0.6375 0.7705 -0.0000
vn -0.7754 0.6314 -0.0000
vn -0.8836 0.4683 -0.0000
vn -0.9575 0.2883 -0.0000
vn -0.9953 0.0969 -0.0000
vn -0.9953 0.0970 -0.0000
vn -0.9953 -0.0969 -0.0000
vn -0.9953 -0.0970 -0.0000
vn -0.9575 -0.2883 -0.0000
vn -0.8836 -0.4683 -0.0000
vn -0.7754 -0.6314 -0.0000
vn -0.6378 -0.7702 -0.0000
vn -0.4744 -0.8803 -0.0000
vn -0.2925 -0.9563 -0.0000
vn -0.0988 -0.9951 -0.0000
vn -0.0000 -0.0000 -1.0000
vn -0.6377 -0.7703 -0.0000
vn -0.0000 -0.0000 1.0000
vn 0.0992 0.9951 -0.0000
vn 0.4744 -0.8803 -0.0000
vn 0.4745 -0.8803 -0.0000
vn -0.4745 -0.8803 -0.0000
vn -0.0987 0.9951 -0.0000
vn -0.2923 -0.9563 -0.0000
vn -0.2923 0.9563 -0.0000
vn 0.7757 -0.6311 -0.0000
vn -0.0987 -0.9951 -0.0000
vn -0.4744 0.8803 -0.0000
vn -0.4745 0.8803 -0.0000
vn 0.8837 -0.4681 -0.0000
vn 0.8835 -0.4684 -0.0000
vn -0.6377 0.7703 -0.0000
vn 0.9577 -0.2879 -0.0000
vn -0.7755 0.6314 -0.0000
vn 0.9952 -0.0974 -0.0000
vn -0.8835 0.4684 -0.0000
vn 0.9952 0.0974 -0.0000
vn -0.9577 0.2879 -0.0000
vn 0.9577 0.2879 -0.0000
vn -0.9952 0.0974 -0.0000
vn 0.8837 0.4681 -0.0000
vn 0.8835 0.4684 -0.0000
vn -0.9952 -0.0974 -0.0000
vn 0.7757 0.6311 -0.0000
vn -0.9577 -0.2879 -0.0000
vn 0.6374 0.7705 -0.0000
vn -0.8835 -0.4684 -0.0000
vn 0.4745 0.8803 -0.0000
vn 0.4744 0.8803 -0.0000
vn 0.0992 -0.9951 -0.0000
vn -0.7758 -0.6310 -0.0000
vn 0.2924 0.9563 -0.0000
vn 0.2924 -0.9563 -0.0000
vn 0.0990 -0.0000 -0.9951
vn 0.2938 -0.0000 -0.9559
vn 0.2934 -0.0000 -0.9560
vn 0.4750 -0.0000 -0.8800
vn 0.4753 -0.0000 -0.8798
vn 0.6383 -0.0000 -0.7698
vn 0.7763 -0.0000 -0.6303
vn 0.8839 -0.0000 -0.4677
vn 0.8838 -0.0000 -0.4678
vn 0.9579 -0.0000 -0.2872
vn 0.9953 -0.0000 -0.0973
vn 0.9579 -0.0000 0.2872
vn 0.8838 -0.0000 0.4678
vn 0.8840 -0.0000 0.4675
vn 0.8841 -0.0000 0.4673
vn 0.7763 -0.0000 0.6303
vn 0.7761 -0.0000 0.6307
vn 0.7763 -0.0000 0.6304
vn 0.6383 -0.0000 0.7698
vn 0.4750 -0.0000 0.8800
vn 0.4753 -0.0000 0.8798
vn 0.2932 -0.0000 0.9561
vn 0.2933 -0.0000 0.9560
vn 0.0990 -0.0000 0.9951
vn -0.0990 -0.0000 0.9951
vn -0.2931 -0.0000 0.9561
vn -0.4752 -0.0000 0.8799
vn -0.6383 -0.0000 0.7698
vn -0.6386 -0.0000 0.7696
vn -0.7763 -0.0000 0.6303
vn -0.7763 -0.0000 0.6304
vn -0.8838 -0.0000 0.4678
vn -0.9578 -0.0000 0.2874
vn -0.9577 -0.0000 0.2877
vn -0.9953 -0.0000 0.0970
vn -0.4687 -0.0000 -0.8834
vn -0.9953 -0.0000 -0.0968
vn -0.9577 -0.0000 -0.2877
vn -0.8838 -0.0000 -0.4678
vn -0.8839 -0.0000 -0.4677
vn -0.7763 -0.0000 -0.6303
vn -0.6383 -0.0000 -0.7698
vn -0.4752 -0.0000 -0.8799
vn -0.0000 -1.0000 -0.0000
vn -0.2936 -0.0000 -0.9559
vn -0.2933 -0.0000 -0.9560
vn -0.0990 -0.0000 -0.9951
vn -0.0000 1.0000 -0.0000
vn -0.6385 -0.0000 -0.7696
vn 0.0989 -0.0000 0.9951
vn 0.4752 -0.0000 -0.8799
vn -0.0989 -0.0000 0.9951
vn 0.6382 -0.0000 -0.7698
vn -0.2933 -0.0000 0.9560
vn 0.7762 -0.0000 -0.6305
vn -0.0992 -0.0000 -0.9951
vn -0.0989 -0.0000 -0.9951
vn -0.4753 -0.0000 0.8798
vn 0.8840 -0.0000 -0.4674
vn -0.6385 -0.0000 0.7696
vn 0.9578 -0.0000 -0.2874
vn -0.7764 -0.0000 0.6303
vn -0.7765 -0.0000 0.6302
vn -0.7761 -0.0000 0.6306
vn 0.9953 -0.0000 -0.0972
vn -0.8839 -0.0000 0.4676
vn 0.9953 -0.0000 0.0971
vn 0.9578 -0.0000 0.2874
vn -0.9953 -0.0000 0.0971
vn 0.8839 -0.0000 0.4676
vn -0.9953 -0.0000 -0.0972
vn 0.7764 -0.0000 0.6303
vn -0.9578 -0.0000 -0.2874
vn 0.6382 -0.0000 0.7698
vn -0.8839 -0.0000 -0.4677
vn -0.8840 -0.0000 -0.4674
vn 0.4752 -0.0000 0.8799
vn 0.0989 -0.0000 -0.9951
vn 0.0992 -0.0000 -0.9951
vn -0.7762 -0.0000 -0.6304
vn -0.7760 -0.0000 -0.6308
vn 0.2935 -0.0000 0.9560
vn 0.2935 -0.0000 -0.9560
vn -0.7763 -0.0000 -0.6304
vn 0.7761 -0.0000 -0.6306
vn -0.7765 -0.0000 0.6301
vn 0.9953 -0.0000 0.0970
vn 0.4687 -0.0000 -0.8834
vn -0.0003 -0.0000 1.0000
vn -0.0001 -0.0000 1.0000
vn 0.0001 -0.0000 1.0000
vn 0.9576 0.2882 -0.0000
vn -0.9576 -0.2882 -0.0000
vn -0.7755 -0.6314 -0.0000
vn 0.8840 -0.0000 -0.4675
vn -0.9953 -0.0000 0.0967
vn -0.4687 0.0001 -0.8834
vn 0.0993 -0.0000 -0.9951
vn -0.0993 -0.0000 -0.9951
vn 0.9953 -0.0000 0.0972
vn 0.9953 -0.0000 0.0969
vn 0.4687 -0.0001 -0.8834
vn 0.4687 0.0001 -0.8834
vn 0.9953 -0.0000 -0.0972
vn 0.9953 -0.0000 -0.0969
vn 0.9578 -0.0000 -0.2874
vn 0.8840 -0.0000 -0.4675
vn 0.7763 -0.0000 -0.6304
vn 0.6385 -0.0000 -0.7696
vn 0.4750 -0.0000 -0.8800
vn 0.2926 -0.0000 -0.9562
vn 0.0991 -0.0000 -0.9951
vn 0.0990 -0.0000 -0.9951
vn 0.0994 -0.0000 -0.9950
vn -0.0991 -0.0000 -0.9951
vn -0.0990 -0.0000 -0.9951
vn -0.2928 -0.0000 -0.9562
vn -0.4750 -0.0000 -0.8800
vn -0.6383 -0.0000 -0.7698
vn -0.7761 -0.0000 -0.6307
vn -0.7763 -0.0000 -0.6304
vn -0.8840 -0.0000 -0.4675
vn -0.9578 -0.0000 -0.2874
vn -0.9953 -0.0000 -0.0969
vn -0.9953 -0.0000 -0.0973
vn -0.9953 -0.0000 0.0972
vn -0.9578 -0.0000 0.2875
vn -0.8839 -0.0000 0.4676
vn -0.8840 -0.0000 0.4675
vn -0.7760 -0.0000 0.6308
vn -0.7763 -0.0000 0.6304
vn -0.6385 -0.0000 0.7696
vn -0.4750 -0.0000 0.8800
vn -0.2931 -0.0000 0.9561
vn -0.0988 -0.0000 0.9951
vn 0.0992 -0.0000 0.9951
vn 0.0991 -0.0000 0.9951
vn 0.2933 -0.0000 0.9560
vn 0.4750 -0.0000 0.8800
vn 0.6385 -0.0000 0.7696
vn 0.7760 -0.0000 0.6308
vn 0.8840 -0.0000 0.4675
vn 0.8841 -0.0000 0.4672
vn -0.0000 -1.0000 -0.0000
vn 0.9578 -0.0000 0.2875
vn 0.9953 -0.0000 0.0968
vn -0.0000 1.0000 -0.0000
vn -0.7760 -0.0000 -0.6308
vn -0.8841 -0.0000 0.4672
vn -0.7762 -0.0000 0.6305
vn -0.0992 -0.0000 0.9951
vn 0.7762 -0.0000 0.6305
vn 0.9953 -0.0000 0.0972
vn -0.9953 0.0970 -0.0000
vn -0.9952 0.0974 -0.0000
vn -0.9576 0.2881 -0.0000
vn -0.9576 0.2882 -0.0000
vn -0.8833 0.4688 -0.0000
vn -0.8836 0.4683 -0.0000
vn -0.7756 0.6312 -0.0000
vn -0.7753 0.6316 -0.0000
vn -0.6377 0.7703 -0.0000
vn -0.6377 0.7703 -0.0000
vn -0.4742 0.8804 -0.0000
vn -0.2920 0.9564 -0.0000
vn -0.2922 0.9564 -0.0000
vn -0.0989 0.9951 -0.0000
vn -0.0988 0.9951 -0.0000
vn 0.0989 0.9951 -0.0000
vn 0.0992 0.9951 -0.0000
vn 0.2922 0.9564 -0.0000
vn 0.4742 0.8804 -0.0000
vn 0.6377 0.7703 -0.0000
vn 0.7756 0.6312 -0.0000
vn 0.8836 0.4683 -0.0000
vn 0.9576 0.2881 -0.0000
vn 0.9576 0.2882 -0.0000
vn 0.9953 0.0970 -0.0000
vn 0.9953 0.0971 -0.0000
vn 0.9953 -0.0971 -0.0000
vn 0.9953 -0.0970 -0.0000
vn 0.9952 -0.0974 -0.0000
vn 0.9576 -0.2882 -0.0000
vn 0.9576 -0.2881 -0.0000
vn 0.8836 -0.4683 -0.0000
vn 0.7756 -0.6312 -0.0000
vn 0.6375 -0.7705 -0.0000
vn 0.6377 -0.7703 -0.0000
vn 0.4742 -0.8804 -0.0000
vn 0.2922 -0.9564 -0.0000
vn 0.0992 -0.9951 -0.0000
vn 0.0989 -0.9951 -0.0000
vn -0.0989 -0.9951 -0.0000
vn -0.0992 -0.9951 -0.0000
vn -0.0988 -0.9951 -0.0000
vn -0.2920 -0.9564 -0.0000
vn -0.2922 -0.9564 -0.0000
vn -0.4742 -0.8804 -0.0000
vn -0.6377 -0.7703 -0.0000
vn -0.6377 -0.7703 -0.0000
vn -0.7756 -0.6312 -0.0000
vn -0.8833 -0.4688 -0.0000
vn -0.8836 -0.4683 -0.0000
vn -0.0000 -0.0000 1.0000
vn -0.9576 -0.2882 -0.0000
vn -0.9576 -0.2881 -0.0000
vn -0.9953 -0.0970 -0.0000
vn -0.9952 -0.0974 -0.0000
vn -0.0000 -0.0000 -1.0000
vn -0.8834 0.4685 -0.0000
vn -0.7756 -0.6313 -0.0000
vn 0.0002 -0.0000 -1.0000
vn 0.0001 -0.0000 -1.0000
vn -0.0002 -0.0000 -1.0000
vn -0.0001 -0.0000 -1.0000
vn 0.0988 0.9951 -0.0000
vn 0.2926 0.9562 -0.0000
vn 0.2923 0.9563 -0.0000
vn 0.4746 0.8802 -0.0000
vn 0.6375 0.7705 -0.0000
vn 0.7754 0.6314 -0.0000
vn 0.8836 0.4683 -0.0000
vn 0.9577 0.2878 -0.0000
vn 0.9576 0.2881 -0.0000
vn 0.9953 0.0971 -0.0000
vn 0.9953 0.0972 -0.0000
vn 0.9952 0.0975 -0.0000
vn 0.9952 -0.0975 -0.0000
vn 0.9953 -0.0971 -0.0000
vn 0.9576 -0.2881 -0.0000
vn 0.9577 -0.2878 -0.0000
vn 0.8836 -0.4683 -0.0000
vn 0.7754 -0.6314 -0.0000
vn 0.6378 -0.7702 -0.0000
vn 0.4742 -0.8804 -0.0000
vn 0.2926 -0.9562 -0.0000
vn 0.0988 -0.9951 -0.0000
vn -0.0988 -0.9951 -0.0000
vn -0.2925 -0.9563 -0.0000
vn -0.4744 -0.8803 -0.0000
vn -0.6378 -0.7702 -0.0000
vn -0.7754 -0.6314 -0.0000
vn -0.7757 -0.6312 -0.0000
vn -0.8836 -0.4683 -0.0000
vn -0.8836 -0.4683 -0.0000
vn -0.9575 -0.2883 -0.0000
vn -0.9953 -0.0970 -0.0000
vn -0.9953 0.0970 -0.0000
vn -0.9575 0.2883 -0.0000
vn -0.8836 0.4683 -0.0000
vn -0.8836 0.4683 -0.0000
vn -0.7754 0.6314 -0.0000
vn -0.7757 0.6312 -0.0000
vn -0.6375 0.7705 -0.0000
vn -0.6377 0.7703 -0.0000
vn -0.4748 0.8801 -0.0000
vn -0.2925 0.9563 -0.0000
vn -0.0988 0.9951 -0.0000
vn -0.0000 -0.0000 1.0000
vn -0.0000 -0.0000 -1.0000
vn 0.0987 -0.9951 -0.0000
vn 0.4744 0.8803 -0.0000
vn -0.4745 0.8803 -0.0000
vn -0.4747 0.8801 -0.0000
vn -0.0987 -0.9951 -0.0000
vn 0.6374 0.7705 -0.0000
vn -0.2923 0.9563 -0.0000
vn -0.2923 -0.9563 -0.0000
vn 0.7754 0.6315 -0.0000
vn -0.0987 0.9951 -0.0000
vn -0.4745 -0.8803 -0.0000
vn -0.4747 -0.8801 -0.0000
vn 0.8835 0.4684 -0.0000
vn 0.8837 0.4681 -0.0000
vn -0.6377 -0.7703 -0.0000
vn 0.9577 0.2879 -0.0000
vn -0.7755 -0.6314 -0.0000
vn 0.9952 0.0974 -0.0000
vn -0.8835 -0.4684 -0.0000
vn 0.9952 -0.0974 -0.0000
vn -0.9577 -0.2879 -0.0000
vn 0.9577 -0.2879 -0.0000
vn -0.9952 -0.0974 -0.0000
vn 0.8835 -0.4684 -0.0000
vn 0.8837 -0.4681 -0.0000
vn -0.9952 0.0974 -0.0000
vn 0.7754 -0.6315 -0.0000
vn 0.7753 -0.6315 -0.0000
vn -0.9577 0.2879 -0.0000
vn 0.6374 -0.7705 -0.0000
vn -0.8835 0.4684 -0.0000
vn 0.4744 -0.8803 -0.0000
vn 0.0987 0.9951 -0.0000
vn -0.7755 0.6314 -0.0000
vn 0.2924 -0.9563 -0.0000
vn 0.2924 0.9563 -0.0000
vn 0.0993 -0.0000 0.9951
vn 0.2932 -0.0000 0.9561
vn 0.4750 -0.0000 0.8800
vn 0.6386 -0.0000 0.7695
vn 0.7761 -0.0000 0.6306
vn 0.7763 -0.0000 0.6303
vn 0.8840 -0.0000 0.4675
vn 0.9579 -0.0000 0.2872
vn 0.9953 -0.0000 0.0973
vn 0.9579 -0.0000 -0.2872
vn 0.8840 -0.0000 -0.4675
vn 0.7763 -0.0000 -0.6303
vn 0.7761 -0.0000 -0.6306
vn 0.6386 -0.0000 -0.7695
vn 0.6383 -0.0000 -0.7697
vn 0.4750 -0.0000 -0.8800
vn 0.4753 -0.0000 -0.8798
vn 0.2932 -0.0000 -0.9561
vn 0.0990 -0.0000 -0.9951
vn -0.0990 -0.0000 -0.9951
vn -0.2931 -0.0000 -0.9561
vn -0.4749 -0.0000 -0.8800
vn -0.4752 -0.0000 -0.8799
vn -0.4748 -0.0000 -0.8801
vn -0.6386 -0.0000 -0.7695
vn -0.7761 -0.0000 -0.6306
vn -0.7763 -0.0000 -0.6303
vn -0.8840 -0.0000 -0.4675
vn -0.9577 -0.0000 -0.2877
vn -0.9953 -0.0000 -0.0969
vn -0.4333 -0.0000 -0.9013
vn -0.9953 -0.0000 0.0971
vn -0.9577 -0.0000 0.2877
vn -0.8840 -0.0000 0.4675
vn -0.7761 -0.0000 0.6306
vn -0.6386 -0.0000 0.7695
vn -0.4752 -0.0000 0.8799
vn -0.0000 1.0000 -0.0000
vn -0.2931 -0.0000 0.9561
vn -0.0990 -0.0000 0.9951
vn -0.0000 -1.0000 -0.0000
vn -0.6385 -0.0000 0.7696
vn 0.0989 -0.0000 -0.9951
vn 0.4752 -0.0000 0.8799
vn -0.4753 -0.0000 0.8798
vn -0.0989 -0.0000 -0.9951
vn 0.6382 -0.0000 0.7698
vn -0.2929 -0.0000 0.9561
vn -0.2929 -0.0000 -0.9561
vn 0.7764 -0.0000 0.6303
vn 0.7761 -0.0000 0.6306
vn 0.7761 -0.0000 0.6307
vn -0.0989 -0.0000 0.9951
vn -0.0994 -0.0000 0.9950
vn -0.4753 -0.0000 -0.8798
vn 0.8839 -0.0000 0.4676
vn 0.8841 -0.0000 0.4673
vn -0.6385 -0.0000 -0.7696
vn 0.9578 -0.0000 0.2873
vn -0.7765 -0.0000 -0.6302
vn 0.9953 -0.0000 0.0972
vn -0.8839 -0.0000 -0.4676
vn 0.9953 -0.0000 -0.0972
vn -0.9578 -0.0000 -0.2873
vn 0.9578 -0.0000 -0.2873
vn -0.9953 -0.0000 -0.0972
vn 0.8839 -0.0000 -0.4676
vn -0.9953 -0.0000 0.0972
vn 0.7761 -0.0000 -0.6306
vn 0.7764 -0.0000 -0.6303
vn -0.9578 -0.0000 0.2873
vn 0.6382 -0.0000 -0.7698
vn -0.8839 -0.0000 0.4676
vn 0.4752 -0.0000 -0.8799
vn 0.0990 -0.0000 0.9951
vn 0.0994 -0.0000 0.9950
vn -0.7761 -0.0000 0.6306
vn -0.7764 0.0001 0.6302
vn 0.2930 -0.0000 -0.9561
vn 0.2930 -0.0000 0.9561
vn 0.7761 -0.0000 -0.6307
vn 0.8842 -0.0000 0.4671
vn 0.9953 -0.0000 -0.0969
vn 0.4333 -0.0000 -0.9013
vn 0.6377 0.7703 -0.0000
vn 0.7753 0.6315 -0.0000
vn 0.6378 -0.7702 0.0001
vn -0.9953 -0.0000 -0.0968
vn -0.4334 -0.0000 -0.9012
vn -0.9953 -0.0000 -0.0971
vn -0.2932 -0.0000 0.9561
vn 0.0989 -0.0000 0.9951
vn 0.9953 -0.0000 -0.0970
vn 0.9953 -0.0000 -0.0973
vn 0.4334 -0.0000 -0.9012
vn 0.4334 -0.0001 -0.9012
vn -0.9953 -0.0000 -0.0968
vn -0.9953 -0.0000 -0.0972
vn -0.9578 -0.0000 -0.2875
vn -0.8839 -0.0000 -0.4677
vn -0.8840 -0.0000 -0.4675
vn -0.8841 -0.0000 -0.4672
vn -0.7763 -0.0000 -0.6303
vn -0.7760 -0.0000 -0.6308
vn -0.7762 -0.0000 -0.6305
vn -0.6385 -0.0000 -0.7696
vn -0.4750 -0.0000 -0.8800
vn -0.2933 -0.0000 -0.9560
vn -0.0988 -0.0000 -0.9951
vn -0.0991 -0.0000 -0.9951
vn 0.0988 -0.0000 -0.9951
vn 0.0991 -0.0000 -0.9951
vn 0.2931 -0.0000 -0.9561
vn 0.4750 -0.0000 -0.8800
vn 0.6383 -0.0000 -0.7698
vn 0.7762 -0.0000 -0.6305
vn 0.8839 -0.0000 -0.4676
vn 0.8840 -0.0000 -0.4675
vn 0.9578 -0.0000 -0.2875
vn 0.9953 -0.0000 -0.0972
vn 0.9953 -0.0000 0.0969
vn 0.9953 -0.0000 0.0973
vn 0.9578 -0.0000 0.2874
vn 0.8840 -0.0000 0.4675
vn 0.7761 -0.0000 0.6307
vn 0.7763 -0.0000 0.6304
vn 0.6385 -0.0000 0.7696
vn 0.4750 -0.0000 0.8800
vn 0.2928 -0.0000 0.9562
vn 0.0990 -0.0000 0.9951
vn 0.0991 -0.0000 0.9951
vn -0.0990 -0.0000 0.9951
vn -0.0991 -0.0000 0.9951
vn -0.0994 -0.0000 0.9950
vn -0.2926 -0.0000 0.9562
vn -0.4750 -0.0000 0.8800
vn -0.6385 -0.0000 0.7696
vn -0.7762 -0.0000 0.6304
vn -0.7761 -0.0000 0.6307
vn -0.7763 -0.0000 0.6304
vn -0.8837 -0.0000 0.4680
vn -0.8840 -0.0000 0.4675
vn -0.0000 1.0000 -0.0000
vn -0.9578 -0.0000 0.2874
vn -0.9953 -0.0000 0.0972
vn -0.9953 -0.0000 0.0969
vn -0.0000 -1.0000 -0.0000
vn 0.7760 -0.0000 -0.6308
vn -0.8839 -0.0000 0.4677
vn -0.0000 -0.0000 1.0000
vn -0.0000 -0.0000 -1.0000
vn -0.8835 0.4684 -0.0000
vn 0.4745 -0.8803 -0.0000
vn 0.0988 0.9951 -0.0000
vn -0.7756 0.6312 -0.0000
vn 0.2925 -0.9563 -0.0000
vn 0.2925 0.9563 -0.0000
vn -0.6375 0.7704 -0.0000
vn 0.0988 -0.9951 -0.0000
vn 0.4745 0.8803 -0.0000
vn -0.4745 0.8803 -0.0000
vn -0.0988 -0.9951 -0.0000
vn 0.6375 0.7704 -0.0000
vn -0.2925 0.9563 -0.0000
vn -0.2925 -0.9563 -0.0000
vn 0.7756 0.6312 -0.0000
vn -0.0988 0.9951 -0.0000
vn -0.4745 -0.8803 -0.0000
vn 0.8836 0.4683 -0.0000
vn -0.0000 -1.0000 -0.0000
vn -0.6375 -0.7704 -0.0000
vn 0.9576 0.2881 -0.0000
vn -0.0000 1.0000 -0.0000
vn -0.7756 -0.6312 -0.0000
vn 0.9953 0.0972 -0.0000
vn -0.8835 -0.4684 -0.0000
vn 0.9953 -0.0972 -0.0000
vn -0.9576 -0.2881 -0.0000
vn 0.9576 -0.2881 -0.0000
vn -0.9953 -0.0972 -0.0000
vn 0.8836 -0.4683 -0.0000
vn -0.9953 0.0972 -0.0000
vn 0.7756 -0.6312 -0.0000
vn -0.9576 0.2881 -0.0000
vn 0.6375 -0.7704 -0.0000
vn -0.0000 -0.0000 1.0000
vn -0.0000 -0.0000 -1.0000
vn 0.8836 -0.4683 -0.0000
vn 0.8836 -0.4683 -0.0000
vn -0.4745 0.8803 -0.0000
vn -0.0988 -0.9951 -0.0000
vn 0.7756 -0.6312 -0.0000
vn -0.2925 0.9563 -0.0000
vn -0.2925 -0.9563 -0.0000
vn 0.6375 -0.7704 -0.0000
vn -0.0988 0.9951 -0.0000
vn -0.4745 -0.8803 -0.0000
vn 0.4745 -0.8803 -0.0000
vn 0.0988 0.9951 -0.0000
vn -0.6375 -0.7704 -0.0000
vn 0.2925 -0.9563 -0.0000
vn 0.2925 0.9563 -0.0000
vn -0.7756 -0.6312 -0.0000
vn 0.0988 -0.9951 -0.0000
vn 0.4745 0.8803 -0.0000
vn -0.8836 -0.4683 -0.0000
vn -0.0000 1.0000 -0.0000
vn 0.6375 0.7704 -0.0000
vn -0.9576 -0.2881 -0.0000
vn -0.0000 -1.0000 -0.0000
vn 0.7756 0.6312 -0.0000
vn -0.9953 -0.0972 -0.0000
vn 0.8836 0.4683 -0.0000
vn -0.9953 0.0972 -0.0000
vn 0.9576 0.2882 -0.0000
vn -0.9576 0.2880 -0.0000
vn 0.9953 0.0972 -0.0000
vn -0.8836 0.4683 -0.0000
vn -0.8836 0.4683 -0.0000
vn 0.9953 -0.0972 -0.0000
vn -0.7756 0.6312 -0.0000
vn 0.9576 -0.2882 -0.0000
vn -0.6375 0.7704 -0.0000
vn 0.3619 -0.8665 -0.3437
vn 0.3619 -0.8664 -0.3439
vn 0.1315 -0.3146 -0.9401
vn 0.1314 -0.3147 -0.9400
vn 0.1314 -0.3147 -0.9401
vn 0.2428 -0.5822 -0.7759
vn 0.2431 -0.5822 -0.7759
vn 0.2430 -0.5821 -0.7760
vn 0.0416 -0.0993 -0.9942
vn 0.3170 -0.1301 -0.9395
vn 0.3170 -0.1300 -0.9395
vn 0.5856 -0.2404 -0.7741
vn 0.5854 -0.2403 -0.7743
vn 0.5857 -0.2406 -0.7740
vn 0.1003 -0.0413 -0.9941
vn 0.8692 -0.3570 -0.3420
vn 0.8692 -0.3571 -0.3419
vn 0.5855 0.2404 -0.7742
vn 0.5856 0.2404 -0.7741
vn 0.5857 0.2406 -0.7740
vn 0.1003 0.0413 -0.9941
vn 0.8693 0.3571 -0.3419
vn 0.8692 0.3570 -0.3420
vn 0.8693 0.3570 -0.3420
vn 0.3170 0.1301 -0.9395
vn 0.3170 0.1300 -0.9395
vn 0.0416 0.0993 -0.9942
vn 0.3619 0.8665 -0.3438
vn 0.3619 0.8664 -0.3439
vn 0.1314 0.3147 -0.9400
vn 0.1314 0.3147 -0.9401
vn 0.2431 0.5822 -0.7759
vn 0.2430 0.5819 -0.7761
vn 0.2430 0.5821 -0.7760
vn -0.3619 0.8665 -0.3437
vn -0.3619 0.8665 -0.3438
vn -0.1314 0.3147 -0.9400
vn -0.1314 0.3146 -0.9401
vn -0.2429 0.5819 -0.7761
vn -0.2430 0.5821 -0.7760
vn -0.2431 0.5822 -0.7759
vn -0.0416 0.0993 -0.9942
vn -0.5857 0.2406 -0.7740
vn -0.5855 0.2404 -0.7742
vn -0.5857 0.2405 -0.7740
vn -0.1001 0.0413 -0.9941
vn -0.8692 0.3570 -0.3420
vn -0.8694 0.3570 -0.3416
vn -0.8692 0.3570 -0.3421
vn -0.3170 0.1302 -0.9394
vn -0.3170 0.1301 -0.9395
vn -0.5855 -0.2404 -0.7742
vn -0.5858 -0.2406 -0.7739
vn -0.5857 -0.2405 -0.7740
vn -0.1001 -0.0413 -0.9941
vn -0.8692 -0.3571 -0.3420
vn -0.8692 -0.3570 -0.3420
vn -0.3170 -0.1302 -0.9394
vn -0.3170 -0.1301 -0.9395
vn -0.0000 -0.0000 1.0000
vn -0.3619 -0.8665 -0.3437
vn -0.3619 -0.8665 -0.3438
vn -0.1315 -0.3146 -0.9401
vn -0.1314 -0.3147 -0.9400
vn -0.1314 -0.3147 -0.9401
vn -0.2431 -0.5821 -0.7759
vn -0.2429 -0.5819 -0.7761
vn -0.2431 -0.5822 -0.7759
vn -0.0417 -0.0993 -0.9942
vn 0.3619 -0.8665 -0.3438
vn 0.2430 -0.5819 -0.7761
vn 0.3173 -0.1304 -0.9393
vn 0.5854 -0.2402 -0.7744
vn 0.5854 0.2402 -0.7744
vn 0.8692 0.3571 -0.3419
vn 0.3173 0.1304 -0.9393
vn 0.3620 0.8665 -0.3437
vn -0.3619 0.8666 -0.3437
vn -0.1315 0.3146 -0.9401
vn -0.2428 0.5820 -0.7761
vn -0.5854 0.2403 -0.7743
vn -0.8692 0.3571 -0.3419
vn -0.3173 0.1303 -0.9393
vn -0.5854 -0.2403 -0.7743
vn -0.8692 -0.3571 -0.3419
vn -0.3173 -0.1303 -0.9393
vn -0.3620 -0.8665 -0.3437
vn -0.2428 -0.5820 -0.7761
vn -0.3619 0.8665 -0.3437
vn -0.3619 0.8665 -0.3438
vn -0.1314 0.3147 -0.9400
vn -0.1315 0.3146 -0.9401
vn -0.1314 0.3147 -0.9401
vn -0.2428 0.5822 -0.7759
vn -0.2431 0.5821 -0.7759
vn -0.2431 0.5822 -0.7759
vn -0.0416 0.0993 -0.9942
vn -0.3171 0.1303 -0.9394
vn -0.3170 0.1301 -0.9395
vn -0.3170 0.1300 -0.9395
vn -0.5856 0.2404 -0.7741
vn -0.5855 0.2404 -0.7742
vn -0.5857 0.2405 -0.7740
vn -0.1001 0.0411 -0.9941
vn -0.8693 0.3570 -0.3420
vn -0.8692 0.3571 -0.3420
vn -0.5855 -0.2404 -0.7742
vn -0.5856 -0.2404 -0.7741
vn -0.5857 -0.2405 -0.7740
vn -0.1001 -0.0411 -0.9941
vn -0.8692 -0.3571 -0.3420
vn -0.8693 -0.3570 -0.3418
vn -0.8693 -0.3570 -0.3419
vn -0.3170 -0.1301 -0.9395
vn -0.3171 -0.1303 -0.9394
vn -0.3170 -0.1300 -0.9395
vn -0.0416 -0.0993 -0.9942
vn -0.3619 -0.8665 -0.3438
vn -0.3619 -0.8665 -0.3437
vn -0.1314 -0.3147 -0.9400
vn -0.1314 -0.3147 -0.9401
vn -0.2431 -0.5822 -0.7759
vn -0.2429 -0.5820 -0.7761
vn 0.3619 -0.8665 -0.3437
vn 0.1314 -0.3147 -0.9400
vn 0.1314 -0.3147 -0.9401
vn 0.2430 -0.5822 -0.7759
vn 0.2431 -0.5821 -0.7759
vn 0.2431 -0.5822 -0.7759
vn 0.0416 -0.0993 -0.9942
vn 0.5856 -0.2404 -0.7741
vn 0.5855 -0.2404 -0.7742
vn 0.5857 -0.2405 -0.7740
vn 0.1001 -0.0413 -0.9941
vn 0.8693 -0.3570 -0.3419
vn 0.8692 -0.3571 -0.3419
vn 0.8693 -0.3570 -0.3418
vn 0.3171 -0.1303 -0.9394
vn 0.3172 -0.1303 -0.9394
vn 0.3170 -0.1300 -0.9395
vn 0.5855 0.2405 -0.7742
vn 0.5856 0.2404 -0.7741
vn 0.5857 0.2405 -0.7740
vn 0.1001 0.0413 -0.9941
vn 0.8692 0.3571 -0.3420
vn 0.8693 0.3570 -0.3419
vn 0.3172 0.1303 -0.9394
vn 0.3171 0.1303 -0.9394
vn 0.3170 0.1300 -0.9395
vn -0.0000 -0.0000 1.0000
vn 0.3619 0.8665 -0.3437
vn 0.1314 0.3148 -0.9400
vn 0.1314 0.3147 -0.9400
vn 0.1314 0.3147 -0.9401
vn 0.2431 0.5821 -0.7759
vn 0.2430 0.5822 -0.7759
vn 0.0417 0.0993 -0.9942
vn -0.2425 0.5820 -0.7762
vn -0.3172 0.1303 -0.9394
vn -0.5853 0.2402 -0.7744
vn -0.8692 0.3571 -0.3419
vn -0.5853 -0.2402 -0.7744
vn -0.8692 -0.3571 -0.3419
vn -0.3172 -0.1303 -0.9394
vn -0.3620 -0.8665 -0.3437
vn -0.2425 -0.5820 -0.7762
vn 0.3619 -0.8665 -0.3438
vn 0.2428 -0.5820 -0.7761
vn 0.5854 -0.2403 -0.7743
vn 0.3169 -0.1305 -0.9394
vn 0.5854 0.2403 -0.7743
vn 0.8692 0.3571 -0.3419
vn 0.3169 0.1305 -0.9394
vn 0.3620 0.8664 -0.3439
vn 0.2428 0.5820 -0.7761
vn 0.3619 -0.8665 -0.3437
vn 0.3619 -0.8665 -0.3438
vn 0.1314 -0.3147 -0.9400
vn 0.1314 -0.3147 -0.9401
vn 0.2429 -0.5823 -0.7758
vn 0.2431 -0.5821 -0.7759
vn 0.2431 -0.5821 -0.7759
vn 0.0416 -0.0993 -0.9942
vn 0.3171 -0.1303 -0.9394
vn 0.3170 -0.1302 -0.9394
vn 0.3170 -0.1301 -0.9395
vn 0.5857 -0.2406 -0.7740
vn 0.5855 -0.2403 -0.7742
vn 0.5857 -0.2405 -0.7740
vn 0.1001 -0.0413 -0.9941
vn 0.8693 -0.3570 -0.3420
vn 0.8692 -0.3571 -0.3419
vn 0.8692 -0.3570 -0.3420
vn 0.5855 0.2403 -0.7742
vn 0.5857 0.2406 -0.7740
vn 0.5857 0.2405 -0.7740
vn 0.1001 0.0413 -0.9941
vn 0.8692 0.3571 -0.3419
vn 0.8692 0.3570 -0.3420
vn 0.3170 0.1302 -0.9394
vn 0.3171 0.1303 -0.9394
vn 0.3170 0.1301 -0.9395
vn 0.0417 0.0993 -0.9942
vn 0.3619 0.8665 -0.3437
vn 0.3619 0.8665 -0.3438
vn 0.1314 0.3147 -0.9400
vn 0.1315 0.3146 -0.9401
vn 0.1314 0.3147 -0.9401
vn 0.2432 0.5822 -0.7758
vn 0.2429 0.5819 -0.7761
vn 0.2431 0.5821 -0.7759
vn -0.3619 0.8665 -0.3437
vn -0.3619 0.8665 -0.3438
vn -0.1314 0.3147 -0.9400
vn -0.1314 0.3147 -0.9401
vn -0.2430 0.5822 -0.7759
vn -0.2432 0.5822 -0.7758
vn -0.2431 0.5821 -0.7759
vn -0.0416 0.0993 -0.9942
vn -0.5857 0.2406 -0.7740
vn -0.5855 0.2403 -0.7742
vn -0.5857 0.2405 -0.7740
vn -0.1001 0.0413 -0.9941
vn -0.8693 0.3570 -0.3420
vn -0.8692 0.3570 -0.3420
vn -0.3170 0.1302 -0.9394
vn -0.3170 0.1301 -0.9395
vn -0.5854 -0.2402 -0.7743
vn -0.5857 -0.2406 -0.7740
vn -0.5857 -0.2405 -0.7740
vn -0.1001 -0.0413 -0.9941
vn -0.8693 -0.3570 -0.3420
vn -0.8692 -0.3570 -0.3420
vn -0.3170 -0.1302 -0.9394
vn -0.3170 -0.1301 -0.9395
vn -0.0000 -0.0000 1.0000
vn -0.3619 -0.8665 -0.3437
vn -0.3619 -0.8665 -0.3438
vn -0.1314 -0.3147 -0.9400
vn -0.1314 -0.3146 -0.9401
vn -0.2431 -0.5821 -0.7759
vn -0.2428 -0.5819 -0.7762
vn -0.2430 -0.5821 -0.7760
vn -0.0417 -0.0993 -0.9942
vn 0.2425 -0.5820 -0.7762
vn 0.3171 -0.1304 -0.9394
vn 0.5854 -0.2403 -0.7743
vn 0.5854 0.2403 -0.7743
vn 0.3171 0.1304 -0.9394
vn 0.3620 0.8665 -0.3437
vn 0.1314 0.3148 -0.9400
vn 0.2425 0.5820 -0.7762
vn -0.2431 0.5820 -0.7760
vn -0.5854 0.2403 -0.7743
vn -0.3171 0.1304 -0.9394
vn -0.5854 -0.2403 -0.7743
vn -0.3171 -0.1304 -0.9394
vn -0.2431 -0.5820 -0.7760
vn 0.8692 -0.3571 -0.3419
vn 0.8692 -0.3571 -0.3420
vn 0.3171 -0.1303 -0.9394
vn 0.3170 -0.1301 -0.9395
vn 0.5856 -0.2405 -0.7741
vn 0.5854 -0.2403 -0.7743
vn 0.5856 -0.2406 -0.7741
vn 0.1001 -0.0412 -0.9941
vn 0.3171 0.1303 -0.9394
vn 0.3170 0.1302 -0.9394
vn 0.3170 0.1301 -0.9395
vn 0.5854 0.2403 -0.7743
vn 0.5857 0.2405 -0.7740
vn 0.5857 0.2406 -0.7740
vn 0.1002 0.0413 -0.9941
vn 0.8692 0.3571 -0.3419
vn 0.8692 0.3571 -0.3420
vn 0.8691 0.3571 -0.3422
vn 0.2431 0.5821 -0.7759
vn 0.2432 0.5820 -0.7760
vn 0.2430 0.5822 -0.7759
vn 0.0416 0.0993 -0.9942
vn 0.3619 0.8665 -0.3438
vn 0.3620 0.8666 -0.3436
vn 0.3619 0.8665 -0.3437
vn 0.1314 0.3147 -0.9401
vn 0.1314 0.3148 -0.9400
vn -0.0416 0.0993 -0.9942
vn -0.3619 0.8666 -0.3437
vn -0.3619 0.8665 -0.3437
vn -0.1314 0.3147 -0.9400
vn -0.1314 0.3146 -0.9401
vn -0.1313 0.3148 -0.9400
vn -0.2427 0.5820 -0.7761
vn -0.2434 0.5821 -0.7758
vn -0.2430 0.5822 -0.7759
vn -0.8692 0.3571 -0.3419
vn -0.8693 0.3571 -0.3419
vn -0.8692 0.3571 -0.3420
vn -0.3171 0.1303 -0.9394
vn -0.3171 0.1301 -0.9394
vn -0.5856 0.2405 -0.7741
vn -0.5857 0.2401 -0.7742
vn -0.5856 0.2406 -0.7741
vn -0.1002 0.0413 -0.9941
vn -0.5854 -0.2402 -0.7744
vn -0.5857 -0.2406 -0.7740
vn -0.5856 -0.2406 -0.7741
vn -0.1001 -0.0412 -0.9941
vn -0.8693 -0.3571 -0.3419
vn -0.8692 -0.3571 -0.3421
vn -0.8692 -0.3571 -0.3420
vn -0.3170 -0.1301 -0.9395
vn -0.3171 -0.1303 -0.9394
vn -0.2431 -0.5822 -0.7759
vn -0.2430 -0.5820 -0.7760
vn -0.2431 -0.5821 -0.7759
vn -0.0416 -0.0992 -0.9942
vn -0.3619 -0.8665 -0.3437
vn -0.3619 -0.8665 -0.3438
vn -0.1314 -0.3147 -0.9401
vn -0.1314 -0.3147 -0.9400
vn -0.0000 -0.0000 1.0000
vn 0.3619 -0.8665 -0.3437
vn 0.3619 -0.8665 -0.3438
vn 0.1314 -0.3148 -0.9400
vn 0.1314 -0.3146 -0.9401
vn 0.1314 -0.3147 -0.9401
vn 0.2430 -0.5820 -0.7760
vn 0.2431 -0.5821 -0.7759
vn 0.2431 -0.5825 -0.7756
vn 0.0416 -0.0992 -0.9942
vn 0.3172 -0.1303 -0.9394
vn 0.5856 -0.2402 -0.7742
vn 0.3172 0.1303 -0.9394
vn 0.5855 0.2402 -0.7743
vn 0.2431 0.5818 -0.7761
vn 0.1315 0.3147 -0.9400
vn -0.1315 0.3147 -0.9400
vn -0.2431 0.5818 -0.7761
vn -0.3173 0.1303 -0.9393
vn -0.5854 0.2402 -0.7743
vn -0.5854 -0.2402 -0.7743
vn -0.8693 -0.3571 -0.3418
vn -0.3171 -0.1304 -0.9394
vn -0.2429 -0.5820 -0.7761
vn -0.1315 -0.3147 -0.9400
vn 0.1315 -0.3147 -0.9400
vn 0.2429 -0.5820 -0.7761
vn 0.8692 0.3571 -0.3419
vn 0.8692 0.3570 -0.3421
vn 0.8692 0.3570 -0.3420
vn 0.3171 0.1302 -0.9394
vn 0.3170 0.1301 -0.9395
vn 0.5853 0.2401 -0.7745
vn 0.5856 0.2404 -0.7741
vn 0.5857 0.2406 -0.7740
vn 0.1002 0.0411 -0.9941
vn 0.1314 0.3147 -0.9400
vn 0.1314 0.3147 -0.9401
vn 0.2431 0.5822 -0.7759
vn 0.2431 0.5818 -0.7761
vn 0.2431 0.5821 -0.7759
vn 0.0415 0.0993 -0.9942
vn 0.3619 0.8665 -0.3438
vn 0.3619 0.8665 -0.3437
vn -0.2430 0.5819 -0.7761
vn -0.2431 0.5821 -0.7759
vn -0.2431 0.5822 -0.7759
vn -0.0416 0.0993 -0.9942
vn -0.3619 0.8665 -0.3437
vn -0.3619 0.8664 -0.3439
vn -0.1314 0.3147 -0.9400
vn -0.1314 0.3147 -0.9401
vn -0.1002 0.0413 -0.9941
vn -0.8692 0.3570 -0.3420
vn -0.8694 0.3570 -0.3416
vn -0.3170 0.1302 -0.9394
vn -0.3171 0.1301 -0.9394
vn -0.5857 0.2406 -0.7740
vn -0.5855 0.2404 -0.7742
vn -0.5857 0.2405 -0.7740
vn -0.8692 -0.3571 -0.3419
vn -0.8692 -0.3570 -0.3420
vn -0.8693 -0.3569 -0.3421
vn -0.3171 -0.1303 -0.9394
vn -0.3170 -0.1302 -0.9394
vn -0.3170 -0.1301 -0.9395
vn -0.5855 -0.2404 -0.7742
vn -0.5856 -0.2406 -0.7741
vn -0.1001 -0.0412 -0.9941
vn -0.2429 -0.5821 -0.7760
vn -0.2431 -0.5820 -0.7760
vn -0.2432 -0.5822 -0.7758
vn -0.0414 -0.0993 -0.9942
vn -0.3619 -0.8665 -0.3437
vn -0.1312 -0.3145 -0.9401
vn -0.1315 -0.3146 -0.9401
vn -0.1314 -0.3146 -0.9401
vn 0.2431 -0.5820 -0.7760
vn 0.2427 -0.5821 -0.7760
vn 0.2432 -0.5822 -0.7758
vn 0.0413 -0.0993 -0.9942
vn 0.3619 -0.8665 -0.3437
vn 0.1314 -0.3147 -0.9400
vn 0.1314 -0.3147 -0.9401
vn -0.0000 -0.0000 1.0000
vn 0.8692 -0.3570 -0.3420
vn 0.8692 -0.3571 -0.3419
vn 0.3171 -0.1302 -0.9394
vn 0.3172 -0.1303 -0.9394
vn 0.3171 -0.1301 -0.9394
vn 0.5853 -0.2402 -0.7744
vn 0.5856 -0.2404 -0.7741
vn 0.5856 -0.2405 -0.7741
vn 0.1002 -0.0413 -0.9941
vn 0.3171 0.1303 -0.9394
vn 0.5855 0.2403 -0.7742
vn 0.1315 0.3146 -0.9401
vn 0.2429 0.5819 -0.7761
vn -0.2427 0.5820 -0.7761
vn -0.3619 0.8665 -0.3438
vn -0.1315 0.3147 -0.9400
vn -0.8692 0.3571 -0.3419
vn -0.3171 0.1304 -0.9394
vn -0.5854 0.2403 -0.7743
vn -0.8693 -0.3571 -0.3418
vn -0.3172 -0.1303 -0.9394
vn -0.5854 -0.2403 -0.7743
vn -0.2430 -0.5820 -0.7760
vn -0.3619 -0.8665 -0.3438
vn -0.1315 -0.3148 -0.9400
vn 0.2429 -0.5819 -0.7761
vn 0.1316 -0.3148 -0.9400
vn 0.3172 -0.1303 -0.9394
vn 0.5855 -0.2403 -0.7742
vn 0.3619 0.8665 -0.3438
vn 0.3619 0.8665 -0.3439
vn 0.1314 0.3145 -0.9401
vn 0.1315 0.3146 -0.9401
vn 0.1314 0.3146 -0.9401
vn 0.2431 0.5821 -0.7759
vn 0.2429 0.5821 -0.7760
vn 0.2430 0.5823 -0.7758
vn 0.0416 0.0993 -0.9942
vn -0.1314 0.3147 -0.9400
vn -0.1314 0.3147 -0.9401
vn -0.1314 0.3146 -0.9401
vn -0.2427 0.5820 -0.7761
vn -0.2434 0.5821 -0.7758
vn -0.2430 0.5822 -0.7759
vn -0.0416 0.0993 -0.9942
vn -0.3619 0.8665 -0.3437
vn -0.3619 0.8665 -0.3438
vn -0.5856 0.2405 -0.7741
vn -0.5854 0.2404 -0.7743
vn -0.5857 0.2406 -0.7740
vn -0.0997 0.0410 -0.9942
vn -0.8692 0.3570 -0.3420
vn -0.8693 0.3570 -0.3420
vn -0.8692 0.3570 -0.3421
vn -0.3171 0.1303 -0.9394
vn -0.3171 0.1301 -0.9394
vn -0.1001 -0.0412 -0.9941
vn -0.8692 -0.3571 -0.3419
vn -0.8692 -0.3570 -0.3420
vn -0.8692 -0.3570 -0.3421
vn -0.3170 -0.1301 -0.9395
vn -0.3171 -0.1303 -0.9394
vn -0.5854 -0.2402 -0.7744
vn -0.5857 -0.2406 -0.7740
vn -0.3619 -0.8665 -0.3437
vn -0.3619 -0.8665 -0.3438
vn -0.1314 -0.3147 -0.9401
vn -0.1315 -0.3146 -0.9401
vn -0.2431 -0.5822 -0.7758
vn -0.2430 -0.5820 -0.7760
vn -0.2431 -0.5821 -0.7759
vn -0.0416 -0.0992 -0.9942
vn 0.2430 -0.5819 -0.7761
vn 0.2431 -0.5822 -0.7758
vn 0.2433 -0.5823 -0.7757
vn 0.0416 -0.0992 -0.9942
vn 0.3619 -0.8665 -0.3438
vn 0.3619 -0.8665 -0.3437
vn 0.1315 -0.3146 -0.9401
vn 0.1314 -0.3145 -0.9401
vn 0.1314 -0.3146 -0.9401
vn 0.5855 -0.2404 -0.7742
vn 0.5854 -0.2403 -0.7743
vn 0.5854 -0.2402 -0.7743
vn 0.1001 -0.0412 -0.9941
vn 0.8692 -0.3570 -0.3420
vn 0.8692 -0.3571 -0.3419
vn 0.8693 -0.3570 -0.3420
vn 0.3170 -0.1302 -0.9394
vn 0.3170 -0.1301 -0.9395
vn 0.3172 -0.1302 -0.9394
vn -0.0000 -0.0000 1.0000
vn 0.8692 0.3571 -0.3419
vn 0.8692 0.3570 -0.3420
vn 0.3170 0.1302 -0.9394
vn 0.3170 0.1301 -0.9395
vn 0.5856 0.2404 -0.7741
vn 0.5855 0.2405 -0.7742
vn 0.5857 0.2406 -0.7740
vn 0.1002 0.0413 -0.9941
vn 0.3619 0.8665 -0.3437
vn 0.1315 0.3147 -0.9400
vn 0.2430 0.5819 -0.7761
vn -0.1315 0.3147 -0.9400
vn -0.2431 0.5818 -0.7761
vn -0.5855 0.2403 -0.7742
vn -0.8692 0.3572 -0.3418
vn -0.3173 0.1303 -0.9393
vn -0.8693 -0.3571 -0.3419
vn -0.3171 -0.1304 -0.9394
vn -0.5855 -0.2403 -0.7742
vn -0.1315 -0.3147 -0.9400
vn -0.2429 -0.5819 -0.7761
vn 0.2429 -0.5820 -0.7761
vn 0.1315 -0.3147 -0.9400
vn 0.5854 -0.2403 -0.7743
vn 0.8692 -0.3571 -0.3420
vn 0.3172 -0.1303 -0.9394
vn 0.3172 0.1303 -0.9394
vn 0.5854 0.2402 -0.7743
vn -0.8692 0.3570 -0.3420
vn -0.8693 0.3570 -0.3420
vn -0.3171 0.1303 -0.9394
vn -0.3170 0.1301 -0.9395
vn -0.5857 0.2406 -0.7740
vn -0.5854 0.2402 -0.7744
vn -0.5858 0.2407 -0.7739
vn -0.1001 0.0412 -0.9941
vn -0.3171 -0.1303 -0.9394
vn -0.3170 -0.1302 -0.9394
vn -0.3170 -0.1301 -0.9395
vn -0.5854 -0.2404 -0.7743
vn -0.5856 -0.2405 -0.7741
vn -0.5857 -0.2406 -0.7740
vn -0.1002 -0.0413 -0.9941
vn -0.8692 -0.3572 -0.3418
vn -0.8692 -0.3570 -0.3420
vn -0.2434 -0.5821 -0.7758
vn -0.2427 -0.5820 -0.7761
vn -0.2430 -0.5822 -0.7759
vn -0.0416 -0.0993 -0.9942
vn -0.3619 -0.8665 -0.3438
vn -0.3620 -0.8666 -0.3436
vn -0.1314 -0.3147 -0.9401
vn -0.1314 -0.3147 -0.9400
vn 0.0416 -0.0993 -0.9942
vn 0.3619 -0.8665 -0.3437
vn 0.3619 -0.8665 -0.3438
vn 0.1315 -0.3146 -0.9401
vn 0.1314 -0.3146 -0.9401
vn 0.1314 -0.3147 -0.9401
vn 0.2429 -0.5821 -0.7760
vn 0.2433 -0.5819 -0.7760
vn 0.2430 -0.5824 -0.7757
vn 0.8692 -0.3570 -0.3420
vn 0.8692 -0.3571 -0.3419
vn 0.8692 -0.3570 -0.3421
vn 0.3170 -0.1302 -0.9394
vn 0.3171 -0.1302 -0.9394
vn 0.3171 -0.1301 -0.9394
vn 0.5854 -0.2405 -0.7743
vn 0.5855 -0.2405 -0.7742
vn 0.5853 -0.2404 -0.7744
vn 0.1002 -0.0413 -0.9941
vn 0.5852 0.2405 -0.7744
vn 0.5852 0.2407 -0.7744
vn 0.5853 0.2408 -0.7742
vn 0.1001 0.0412 -0.9941
vn 0.8692 0.3571 -0.3419
vn 0.8692 0.3570 -0.3420
vn 0.3171 0.1303 -0.9394
vn 0.3170 0.1302 -0.9394
vn 0.3171 0.1301 -0.9394
vn 0.2431 0.5822 -0.7758
vn 0.2430 0.5820 -0.7760
vn 0.2432 0.5822 -0.7758
vn 0.0416 0.0992 -0.9942
vn 0.3619 0.8665 -0.3437
vn 0.3619 0.8665 -0.3439
vn 0.1314 0.3145 -0.9401
vn 0.1315 0.3146 -0.9401
vn 0.1314 0.3146 -0.9401
vn -0.0000 -0.0000 1.0000
vn -0.3619 0.8665 -0.3438
vn -0.3619 0.8665 -0.3437
vn -0.1315 0.3146 -0.9401
vn -0.1314 0.3147 -0.9401
vn -0.2430 0.5819 -0.7761
vn -0.2431 0.5822 -0.7759
vn -0.2431 0.5821 -0.7759
vn -0.0416 0.0992 -0.9942
vn -0.8692 0.3572 -0.3418
vn -0.3172 0.1303 -0.9394
vn -0.5855 0.2403 -0.7742
vn -0.3172 -0.1303 -0.9394
vn -0.5855 -0.2403 -0.7742
vn -0.8692 -0.3571 -0.3420
vn -0.2431 -0.5818 -0.7761
vn -0.3619 -0.8665 -0.3437
vn -0.1315 -0.3147 -0.9400
vn 0.1315 -0.3147 -0.9400
vn 0.2430 -0.5819 -0.7761
vn 0.3173 -0.1303 -0.9393
vn 0.5854 -0.2402 -0.7743
vn 0.5850 0.2406 -0.7745
vn 0.8692 0.3571 -0.3420
vn 0.3171 0.1304 -0.9394
vn 0.2429 0.5820 -0.7761
vn 0.1315 0.3147 -0.9400
vn -0.1315 0.3147 -0.9400
vn -0.2429 0.5819 -0.7761
vn -0.8692 -0.3571 -0.3419
vn -0.8692 -0.3570 -0.3420
vn -0.3170 -0.1302 -0.9394
vn -0.3171 -0.1303 -0.9394
vn -0.3168 -0.1300 -0.9395
vn -0.5856 -0.2404 -0.7741
vn -0.5857 -0.2406 -0.7740
vn -0.5857 -0.2405 -0.7740
vn -0.1002 -0.0413 -0.9941
vn -0.1315 -0.3146 -0.9401
vn -0.1314 -0.3147 -0.9400
vn -0.1314 -0.3147 -0.9401
vn -0.2431 -0.5821 -0.7759
vn -0.2430 -0.5819 -0.7761
vn -0.2431 -0.5822 -0.7759
vn -0.0416 -0.0993 -0.9942
vn -0.3619 -0.8665 -0.3437
vn -0.3619 -0.8664 -0.3439
vn 0.2431 -0.5818 -0.7761
vn 0.2430 -0.5820 -0.7760
vn 0.2430 -0.5819 -0.7761
vn 0.0415 -0.0993 -0.9942
vn 0.3619 -0.8665 -0.3437
vn 0.3619 -0.8665 -0.3438
vn 0.1315 -0.3148 -0.9400
vn 0.1002 -0.0411 -0.9941
vn 0.8692 -0.3570 -0.3420
vn 0.8692 -0.3571 -0.3419
vn 0.3172 -0.1303 -0.9394
vn 0.3170 -0.1301 -0.9395
vn 0.5853 -0.2405 -0.7743
vn 0.5852 -0.2403 -0.7745
vn 0.5853 -0.2405 -0.7743
vn 0.8693 0.3571 -0.3419
vn 0.8692 0.3570 -0.3420
vn 0.3172 0.1303 -0.9394
vn 0.3171 0.1303 -0.9394
vn 0.5853 0.2405 -0.7743
vn 0.5852 0.2404 -0.7744
vn 0.1002 0.0413 -0.9941
vn 0.2431 0.5820 -0.7760
vn 0.2430 0.5820 -0.7760
vn 0.0413 0.0993 -0.9942
vn 0.3619 0.8665 -0.3437
vn 0.1315 0.3148 -0.9400
vn -0.2431 0.5820 -0.7760
vn -0.2432 0.5821 -0.7759
vn -0.2433 0.5823 -0.7757
vn -0.0414 0.0993 -0.9942
vn -0.3619 0.8666 -0.3436
vn -0.3619 0.8665 -0.3437
vn -0.3619 0.8665 -0.3438
vn -0.1314 0.3146 -0.9401
vn -0.1314 0.3147 -0.9401
vn -0.0000 -0.0000 1.0000
vn -0.8692 0.3570 -0.3420
vn -0.8692 0.3571 -0.3419
vn -0.3170 0.1302 -0.9394
vn -0.3171 0.1301 -0.9394
vn -0.5855 0.2404 -0.7742
vn -0.5857 0.2406 -0.7740
vn -0.1001 0.0412 -0.9941
vn -0.3173 -0.1303 -0.9393
vn -0.5854 -0.2403 -0.7743
vn -0.1315 -0.3147 -0.9400
vn -0.2427 -0.5820 -0.7761
vn -0.3619 -0.8665 -0.3438
vn 0.2429 -0.5819 -0.7761
vn 0.1316 -0.3146 -0.9401
vn 0.8692 -0.3571 -0.3420
vn 0.3171 -0.1303 -0.9394
vn 0.5851 -0.2405 -0.7745
vn 0.8692 0.3571 -0.3419
vn 0.5852 0.2405 -0.7744
vn 0.2429 0.5819 -0.7761
vn 0.1314 0.3147 -0.9400
vn -0.2430 0.5820 -0.7760
vn -0.1315 0.3148 -0.9400
vn -0.8692 0.3571 -0.3420
vn -0.3172 0.1303 -0.9394
vn -0.5854 0.2403 -0.7743
vn -0.3619 -0.8665 -0.3437
vn -0.1314 -0.3147 -0.9401
vn -0.1315 -0.3146 -0.9401
vn -0.2434 -0.5821 -0.7758
vn -0.2427 -0.5820 -0.7761
vn -0.2430 -0.5822 -0.7759
vn -0.0416 -0.0993 -0.9942
vn 0.1315 -0.3148 -0.9400
vn 0.1314 -0.3147 -0.9400
vn 0.1315 -0.3146 -0.9401
vn 0.2429 -0.5821 -0.7760
vn 0.2430 -0.5820 -0.7760
vn 0.0416 -0.0993 -0.9942
vn 0.3619 -0.8666 -0.3436
vn 0.3619 -0.8665 -0.3437
vn 0.3619 -0.8666 -0.3437
vn 0.5854 -0.2407 -0.7742
vn 0.5855 -0.2404 -0.7742
vn 0.1002 -0.0413 -0.9941
vn 0.8692 -0.3571 -0.3419
vn 0.8693 -0.3571 -0.3419
vn 0.8692 -0.3571 -0.3420
vn 0.3172 -0.1303 -0.9394
vn 0.3171 -0.1304 -0.9394
vn 0.1001 0.0412 -0.9941
vn 0.8692 0.3571 -0.3419
vn 0.8692 0.3571 -0.3420
vn 0.3173 0.1303 -0.9393
vn 0.3171 0.1304 -0.9394
vn 0.3171 0.1300 -0.9394
vn 0.5855 0.2404 -0.7742
vn 0.5855 0.2405 -0.7742
vn 0.5854 0.2404 -0.7743
vn 0.3619 0.8665 -0.3437
vn 0.3619 0.8665 -0.3438
vn 0.1314 0.3147 -0.9400
vn 0.1315 0.3148 -0.9400
vn 0.2430 0.5819 -0.7761
vn 0.2430 0.5820 -0.7760
vn 0.2429 0.5822 -0.7759
vn 0.0416 0.0992 -0.9942
vn -0.2430 0.5819 -0.7761
vn -0.2431 0.5822 -0.7759
vn -0.2431 0.5821 -0.7759
vn -0.0416 0.0992 -0.9942
vn -0.3619 0.8665 -0.3437
vn -0.1314 0.3147 -0.9400
vn -0.1314 0.3147 -0.9401
vn -0.5857 0.2406 -0.7740
vn -0.5857 0.2405 -0.7740
vn -0.5856 0.2406 -0.7741
vn -0.1001 0.0412 -0.9941
vn -0.8692 0.3571 -0.3419
vn -0.8692 0.3570 -0.3420
vn -0.8692 0.3571 -0.3420
vn -0.3171 0.1303 -0.9394
vn -0.3170 0.1301 -0.9395
vn -0.0000 -0.0000 1.0000
vn -0.8693 -0.3570 -0.3420
vn -0.8692 -0.3571 -0.3420
vn -0.8691 -0.3571 -0.3422
vn -0.3171 -0.1303 -0.9394
vn -0.3170 -0.1302 -0.9394
vn -0.3170 -0.1301 -0.9395
vn -0.5857 -0.2401 -0.7742
vn -0.5856 -0.2405 -0.7741
vn -0.5856 -0.2406 -0.7741
vn -0.1002 -0.0413 -0.9941
vn -0.1315 -0.3147 -0.9400
vn -0.2431 -0.5818 -0.7761
vn 0.1315 -0.3147 -0.9400
vn 0.2433 -0.5819 -0.7760
vn 0.5851 -0.2407 -0.7744
vn 0.3173 -0.1303 -0.9393
vn 0.5853 0.2405 -0.7743
vn 0.1315 0.3146 -0.9401
vn -0.2429 0.5820 -0.7761
vn -0.3619 0.8665 -0.3438
vn -0.1315 0.3147 -0.9400
vn -0.5854 0.2402 -0.7743
vn -0.8693 0.3571 -0.3418
vn -0.3172 0.1303 -0.9394
vn -0.3172 -0.1303 -0.9394
vn -0.5854 -0.2402 -0.7743
vn 0.3619 -0.8665 -0.3437
vn 0.3619 -0.8665 -0.3438
vn 0.1314 -0.3147 -0.9400
vn 0.1314 -0.3146 -0.9401
vn 0.2429 -0.5819 -0.7761
vn 0.2431 -0.5821 -0.7759
vn 0.0415 -0.0994 -0.9942
vn 0.3170 -0.1302 -0.9394
vn 0.3171 -0.1302 -0.9394
vn 0.3170 -0.1301 -0.9395
vn 0.5857 -0.2406 -0.7740
vn 0.5855 -0.2403 -0.7742
vn 0.1002 -0.0412 -0.9941
vn 0.8692 -0.3570 -0.3420
vn 0.8692 -0.3571 -0.3419
vn 0.8693 -0.3570 -0.3420
vn 0.5855 0.2403 -0.7742
vn 0.5857 0.2406 -0.7740
vn 0.5857 0.2405 -0.7740
vn 0.1002 0.0412 -0.9941
vn 0.8692 0.3571 -0.3419
vn 0.8692 0.3570 -0.3420
vn 0.8693 0.3570 -0.3420
vn 0.3171 0.1302 -0.9394
vn 0.3170 0.1302 -0.9394
vn 0.3170 0.1301 -0.9395
vn 0.0416 0.0993 -0.9942
vn 0.3619 0.8665 -0.3437
vn 0.3619 0.8665 -0.3438
vn 0.1314 0.3147 -0.9400
vn 0.1314 0.3147 -0.9401
vn 0.2431 0.5821 -0.7759
vn 0.2429 0.5819 -0.7761
vn 0.2431 0.5821 -0.7759
vn -0.3619 0.8665 -0.3437
vn -0.3619 0.8665 -0.3438
vn -0.1314 0.3147 -0.9400
vn -0.1314 0.3146 -0.9401
vn -0.2429 0.5819 -0.7761
vn -0.2431 0.5821 -0.7759
vn -0.0415 0.0994 -0.9942
vn -0.5857 0.2406 -0.7740
vn -0.5855 0.2403 -0.7742
vn -0.1002 0.0412 -0.9941
vn -0.8692 0.3570 -0.3420
vn -0.8692 0.3571 -0.3419
vn -0.8693 0.3570 -0.3420
vn -0.3170 0.1302 -0.9394
vn -0.3171 0.1302 -0.9394
vn -0.3170 0.1301 -0.9395
vn -0.5855 -0.2403 -0.7742
vn -0.5857 -0.2406 -0.7740
vn -0.5857 -0.2405 -0.7740
vn -0.1002 -0.0412 -0.9941
vn -0.8692 -0.3571 -0.3419
vn -0.8692 -0.3570 -0.3420
vn -0.8693 -0.3570 -0.3420
vn -0.3171 -0.1302 -0.9394
vn -0.3170 -0.1302 -0.9394
vn -0.3170 -0.1301 -0.9395
vn -0.0000 -0.0000 1.0000
vn -0.3619 -0.8665 -0.3437
vn -0.3619 -0.8665 -0.3438
vn -0.1314 -0.3147 -0.9400
vn -0.1314 -0.3147 -0.9401
vn -0.2431 -0.5821 -0.7759
vn -0.2429 -0.5819 -0.7761
vn -0.2431 -0.5821 -0.7759
vn -0.0416 -0.0993 -0.9942
vn 0.1315 -0.3146 -0.9401
vn 0.2425 -0.5820 -0.7762
vn 0.3171 -0.1304 -0.9394
vn 0.5854 -0.2402 -0.7744
vn 0.5854 0.2402 -0.7744
vn 0.3171 0.1304 -0.9394
vn 0.3620 0.8665 -0.3437
vn 0.2425 0.5820 -0.7762
vn -0.1315 0.3146 -0.9401
vn -0.2425 0.5820 -0.7762
vn -0.5854 0.2402 -0.7744
vn -0.3171 0.1304 -0.9394
vn -0.5854 -0.2402 -0.7744
vn -0.3171 -0.1304 -0.9394
vn -0.3620 -0.8665 -0.3437
vn -0.2425 -0.5820 -0.7762
vn 0.3619 -0.8665 -0.3437
vn 0.3619 -0.8665 -0.3438
vn 0.1314 -0.3147 -0.9400
vn 0.1315 -0.3146 -0.9401
vn 0.1314 -0.3147 -0.9401
vn 0.2429 -0.5819 -0.7761
vn 0.2431 -0.5821 -0.7759
vn 0.2431 -0.5822 -0.7759
vn 0.0415 -0.0994 -0.9942
vn 0.3172 -0.1303 -0.9394
vn 0.3171 -0.1303 -0.9394
vn 0.3170 -0.1301 -0.9395
vn 0.5855 -0.2405 -0.7742
vn 0.5856 -0.2405 -0.7741
vn 0.5857 -0.2405 -0.7740
vn 0.1002 -0.0412 -0.9941
vn 0.8693 -0.3570 -0.3420
vn 0.8692 -0.3571 -0.3419
vn 0.5855 0.2404 -0.7742
vn 0.5857 0.2406 -0.7740
vn 0.5857 0.2405 -0.7740
vn 0.1002 0.0412 -0.9941
vn 0.8692 0.3571 -0.3419
vn 0.8693 0.3570 -0.3420
vn 0.8692 0.3570 -0.3420
vn 0.3171 0.1303 -0.9394
vn 0.3172 0.1303 -0.9394
vn 0.3170 0.1301 -0.9395
vn 0.0416 0.0993 -0.9942
vn 0.3619 0.8665 -0.3437
vn 0.3619 0.8665 -0.3438
vn 0.1315 0.3146 -0.9401
vn 0.1314 0.3147 -0.9400
vn 0.1314 0.3147 -0.9401
vn 0.2431 0.5821 -0.7759
vn 0.2430 0.5822 -0.7759
vn 0.2431 0.5822 -0.7759
vn -0.3619 0.8665 -0.3437
vn -0.3619 0.8665 -0.3438
vn -0.1314 0.3147 -0.9400
vn -0.1314 0.3146 -0.9401
vn -0.2429 0.5819 -0.7761
vn -0.2431 0.5821 -0.7759
vn -0.2431 0.5822 -0.7759
vn -0.0415 0.0991 -0.9942
vn -0.5856 0.2405 -0.7741
vn -0.5855 0.2403 -0.7742
vn -0.5857 0.2406 -0.7740
vn -0.1002 0.0412 -0.9941
vn -0.8692 0.3570 -0.3420
vn -0.8692 0.3572 -0.3418
vn -0.3170 0.1302 -0.9394
vn -0.3171 0.1303 -0.9394
vn -0.3171 0.1302 -0.9394
vn -0.5855 -0.2403 -0.7742
vn -0.5856 -0.2405 -0.7741
vn -0.5856 -0.2404 -0.7741
vn -0.1002 -0.0412 -0.9941
vn -0.8692 -0.3571 -0.3419
vn -0.8692 -0.3570 -0.3420
vn -0.3171 -0.1303 -0.9394
vn -0.3170 -0.1302 -0.9394
vn -0.3171 -0.1302 -0.9394
vn -0.0000 -0.0000 1.0000
vn -0.3619 -0.8665 -0.3437
vn -0.3619 -0.8665 -0.3438
vn -0.1314 -0.3147 -0.9400
vn -0.1314 -0.3147 -0.9401
vn -0.2431 -0.5821 -0.7759
vn -0.2429 -0.5823 -0.7758
vn -0.2431 -0.5821 -0.7759
vn -0.0416 -0.0993 -0.9942
vn 0.2428 -0.5820 -0.7761
vn 0.3171 -0.1304 -0.9394
vn 0.5854 -0.2403 -0.7743
vn 0.5854 0.2403 -0.7743
vn 0.3171 0.1304 -0.9394
vn 0.3620 0.8665 -0.3436
vn 0.2428 0.5820 -0.7761
vn -0.2428 0.5820 -0.7761
vn -0.5853 0.2402 -0.7744
vn -0.8692 0.3571 -0.3419
vn -0.3171 0.1304 -0.9394
vn -0.5853 -0.2402 -0.7744
vn -0.3171 -0.1304 -0.9394
vn -0.3620 -0.8665 -0.3436
vn -0.1316 -0.3146 -0.9401
vn -0.2428 -0.5820 -0.7761
vn 0.8692 -0.3570 -0.3420
vn 0.8692 -0.3571 -0.3420
vn 0.8693 -0.3570 -0.3420
vn 0.3171 -0.1302 -0.9394
vn 0.3168 -0.1300 -0.9395
vn 0.3171 -0.1301 -0.9394
vn 0.5853 -0.2402 -0.7744
vn 0.5855 -0.2405 -0.7742
vn 0.5854 -0.2402 -0.7744
vn 0.1002 -0.0412 -0.9941
vn 0.3168 0.1302 -0.9395
vn 0.3167 0.1301 -0.9396
vn 0.3170 0.1300 -0.9395
vn 0.5855 0.2404 -0.7742
vn 0.5853 0.2403 -0.7744
vn 0.5857 0.2406 -0.7740
vn 0.1002 0.0412 -0.9941
vn 0.8692 0.3571 -0.3420
vn 0.8692 0.3570 -0.3420
vn 0.8692 0.3570 -0.3421
vn 0.2433 0.5819 -0.7760
vn 0.2429 0.5821 -0.7760
vn 0.2430 0.5823 -0.7758
vn 0.0415 0.0993 -0.9942
vn 0.3619 0.8664 -0.3440
vn 0.3619 0.8666 -0.3437
vn 0.3619 0.8665 -0.3438
vn 0.1314 0.3146 -0.9401
vn 0.1315 0.3146 -0.9401
vn -0.0415 0.0993 -0.9942
vn -0.3619 0.8665 -0.3437
vn -0.3620 0.8665 -0.3436
vn -0.3617 0.8665 -0.3439
vn -0.1315 0.3146 -0.9401
vn -0.1314 0.3147 -0.9401
vn -0.1314 0.3146 -0.9401
vn -0.2431 0.5820 -0.7760
vn -0.2431 0.5822 -0.7758
vn -0.8692 0.3570 -0.3420
vn -0.8692 0.3571 -0.3420
vn -0.3170 0.1301 -0.9395
vn -0.3171 0.1301 -0.9394
vn -0.3170 0.1300 -0.9395
vn -0.5853 0.2403 -0.7744
vn -0.5855 0.2404 -0.7742
vn -0.5853 0.2404 -0.7744
vn -0.1001 0.0412 -0.9941
vn -0.5854 -0.2403 -0.7743
vn -0.5853 -0.2402 -0.7744
vn -0.5857 -0.2406 -0.7740
vn -0.1001 -0.0412 -0.9941
vn -0.8692 -0.3571 -0.3419
vn -0.8693 -0.3570 -0.3420
vn -0.8692 -0.3570 -0.3420
vn -0.3171 -0.1303 -0.9394
vn -0.3171 -0.1302 -0.9394
vn -0.3168 -0.1298 -0.9396
vn -0.2429 -0.5823 -0.7758
vn -0.2430 -0.5820 -0.7760
vn -0.2432 -0.5822 -0.7758
vn -0.0415 -0.0993 -0.9942
vn -0.3619 -0.8665 -0.3437
vn -0.3619 -0.8665 -0.3438
vn -0.1314 -0.3146 -0.9401
vn -0.1314 -0.3147 -0.9400
vn -0.0000 -0.0000 1.0000
vn 0.3619 -0.8665 -0.3438
vn 0.3619 -0.8665 -0.3439
vn 0.3619 -0.8665 -0.3437
vn 0.1315 -0.3146 -0.9401
vn 0.1314 -0.3146 -0.9401
vn 0.1314 -0.3147 -0.9401
vn 0.2430 -0.5819 -0.7761
vn 0.2431 -0.5822 -0.7758
vn 0.2429 -0.5822 -0.7759
vn 0.0415 -0.0993 -0.9942
vn 0.8693 -0.3571 -0.3418
vn 0.3170 -0.1302 -0.9394
vn 0.5856 -0.2404 -0.7741
vn 0.3172 0.1303 -0.9394
vn 0.5855 0.2403 -0.7742
vn 0.3619 0.8665 -0.3437
vn 0.1315 0.3147 -0.9400
vn -0.2431 0.5818 -0.7761
vn -0.8692 0.3571 -0.3419
vn -0.3172 0.1303 -0.9394
vn -0.5855 0.2403 -0.7742
vn -0.5855 -0.2403 -0.7742
vn -0.8693 -0.3570 -0.3418
vn -0.3172 -0.1304 -0.9393
vn -0.2429 -0.5820 -0.7761
vn -0.1315 -0.3146 -0.9401
vn 0.1315 -0.3147 -0.9400
vn 0.2429 -0.5820 -0.7761
vn 0.8692 0.3571 -0.3419
vn 0.8692 0.3570 -0.3420
vn 0.3171 0.1302 -0.9394
vn 0.3171 0.1303 -0.9394
vn 0.3170 0.1301 -0.9395
vn 0.5855 0.2406 -0.7742
vn 0.5857 0.2406 -0.7740
vn 0.1002 0.0412 -0.9941
vn 0.1314 0.3147 -0.9400
vn 0.1314 0.3147 -0.9401
vn 0.2431 0.5821 -0.7759
vn 0.2430 0.5820 -0.7760
vn 0.2431 0.5822 -0.7759
vn 0.0415 0.0993 -0.9942
vn 0.3619 0.8665 -0.3437
vn 0.3619 0.8665 -0.3438
vn -0.2430 0.5819 -0.7761
vn -0.2431 0.5821 -0.7759
vn -0.2431 0.5821 -0.7759
vn -0.0415 0.0994 -0.9942
vn -0.3619 0.8665 -0.3437
vn -0.3619 0.8665 -0.3438
vn -0.1314 0.3147 -0.9400
vn -0.1314 0.3147 -0.9401
vn -0.1002 0.0412 -0.9941
vn -0.8692 0.3570 -0.3420
vn -0.8692 0.3571 -0.3419
vn -0.3171 0.1303 -0.9394
vn -0.3171 0.1302 -0.9394
vn -0.3171 0.1302 -0.9394
vn -0.5857 0.2406 -0.7740
vn -0.5855 0.2403 -0.7742
vn -0.8692 -0.3572 -0.3418
vn -0.8691 -0.3571 -0.3422
vn -0.8692 -0.3570 -0.3420
vn -0.3172 -0.1305 -0.9393
vn -0.3171 -0.1303 -0.9394
vn -0.3172 -0.1306 -0.9393
vn -0.5854 -0.2402 -0.7744
vn -0.5859 -0.2407 -0.7738
vn -0.5856 -0.2406 -0.7741
vn -0.0999 -0.0410 -0.9942
vn -0.2431 -0.5821 -0.7759
vn -0.2431 -0.5820 -0.7760
vn -0.2431 -0.5821 -0.7759
vn -0.0415 -0.0994 -0.9942
vn -0.3619 -0.8665 -0.3437
vn -0.1314 -0.3147 -0.9401
vn -0.1315 -0.3146 -0.9401
vn -0.1314 -0.3146 -0.9401
vn 0.2431 -0.5820 -0.7760
vn 0.2429 -0.5824 -0.7758
vn 0.2431 -0.5821 -0.7759
vn 0.0415 -0.0993 -0.9942
vn 0.3619 -0.8665 -0.3437
vn 0.3619 -0.8665 -0.3438
vn 0.1314 -0.3146 -0.9401
vn 0.1313 -0.3146 -0.9401
vn 0.1313 -0.3148 -0.9400
vn -0.0000 -0.0000 1.0000
vn 0.8691 -0.3571 -0.3422
vn 0.8692 -0.3571 -0.3420
vn 0.8692 -0.3570 -0.3420
vn 0.3171 -0.1303 -0.9394
vn 0.3172 -0.1303 -0.9394
vn 0.3171 -0.1302 -0.9394
vn 0.5856 -0.2405 -0.7741
vn 0.5854 -0.2402 -0.7744
vn 0.5858 -0.2407 -0.7739
vn 0.0999 -0.0410 -0.9942
vn 0.8693 0.3571 -0.3419
vn 0.3172 0.1303 -0.9394
vn 0.5853 0.2402 -0.7744
vn 0.1315 0.3147 -0.9400
vn 0.2428 0.5820 -0.7761
vn -0.2428 0.5820 -0.7761
vn -0.1315 0.3147 -0.9400
vn -0.3173 0.1303 -0.9393
vn -0.5853 0.2402 -0.7744
vn -0.3173 -0.1308 -0.9393
vn -0.5856 -0.2404 -0.7741
vn -0.2428 -0.5820 -0.7761
vn -0.1315 -0.3148 -0.9400
vn 0.2428 -0.5820 -0.7761
vn 0.1315 -0.3148 -0.9400
vn 0.8692 -0.3571 -0.3419
vn 0.3171 -0.1304 -0.9394
vn 0.5856 -0.2404 -0.7741
vn 0.3616 0.8666 -0.3440
vn 0.3619 0.8665 -0.3437
vn 0.1314 0.3146 -0.9401
vn 0.1314 0.3147 -0.9400
vn 0.2431 0.5820 -0.7760
vn 0.2431 0.5824 -0.7757
vn 0.0415 0.0993 -0.9942
vn -0.1315 0.3146 -0.9401
vn -0.1314 0.3146 -0.9401
vn -0.1314 0.3147 -0.9401
vn -0.2429 0.5821 -0.7760
vn -0.2433 0.5819 -0.7760
vn -0.2431 0.5822 -0.7758
vn -0.0415 0.0994 -0.9942
vn -0.3619 0.8666 -0.3437
vn -0.3619 0.8665 -0.3437
vn -0.5854 0.2405 -0.7743
vn -0.5855 0.2405 -0.7742
vn -0.5855 0.2405 -0.7742
vn -0.1002 0.0412 -0.9941
vn -0.8692 0.3570 -0.3421
vn -0.8692 0.3571 -0.3419
vn -0.8692 0.3570 -0.3420
vn -0.3170 0.1302 -0.9394
vn -0.3171 0.1303 -0.9394
vn -0.3172 0.1302 -0.9394
vn -0.1002 -0.0412 -0.9941
vn -0.8693 -0.3570 -0.3420
vn -0.8692 -0.3569 -0.3421
vn -0.8692 -0.3570 -0.3420
vn -0.3170 -0.1302 -0.9394
vn -0.3171 -0.1303 -0.9394
vn -0.3170 -0.1301 -0.9395
vn -0.5858 -0.2406 -0.7739
vn -0.5855 -0.2404 -0.7742
vn -0.5857 -0.2406 -0.7740
vn -0.3619 -0.8665 -0.3437
vn -0.3619 -0.8665 -0.3438
vn -0.1314 -0.3145 -0.9401
vn -0.1315 -0.3146 -0.9401
vn -0.1314 -0.3147 -0.9401
vn -0.2431 -0.5822 -0.7758
vn -0.2430 -0.5819 -0.7761
vn -0.2432 -0.5822 -0.7758
vn -0.0415 -0.0993 -0.9942
vn 0.2430 -0.5819 -0.7761
vn 0.2429 -0.5823 -0.7758
vn 0.2432 -0.5822 -0.7758
vn 0.0415 -0.0993 -0.9942
vn 0.3619 -0.8665 -0.3437
vn 0.3618 -0.8665 -0.3438
vn 0.1314 -0.3147 -0.9400
vn 0.1314 -0.3146 -0.9401
vn 0.5855 -0.2404 -0.7742
vn 0.5855 -0.2405 -0.7742
vn 0.5856 -0.2406 -0.7741
vn 0.1001 -0.0412 -0.9941
vn 0.8692 -0.3570 -0.3420
vn 0.8692 -0.3571 -0.3419
vn 0.3170 -0.1301 -0.9395
vn 0.3171 -0.1301 -0.9394
vn -0.0000 -0.0000 1.0000
vn 0.8693 0.3571 -0.3419
vn 0.8693 0.3570 -0.3420
vn 0.8692 0.3570 -0.3421
vn 0.3170 0.1301 -0.9395
vn 0.3167 0.1300 -0.9396
vn 0.5855 0.2404 -0.7742
vn 0.5855 0.2405 -0.7742
vn 0.5857 0.2406 -0.7740
vn 0.1001 0.0412 -0.9941
vn 0.3619 0.8665 -0.3438
vn 0.1315 0.3146 -0.9401
vn 0.2431 0.5818 -0.7761
vn -0.1315 0.3147 -0.9400
vn -0.5854 0.2402 -0.7743
vn -0.3171 0.1304 -0.9394
vn -0.8693 -0.3571 -0.3418
vn -0.3172 -0.1303 -0.9394
vn -0.5855 -0.2403 -0.7742
vn -0.1315 -0.3147 -0.9400
vn -0.2429 -0.5820 -0.7761
vn 0.2429 -0.5820 -0.7761
vn 0.3619 -0.8665 -0.3438
vn 0.1315 -0.3146 -0.9401
vn 0.5855 -0.2403 -0.7742
vn 0.8693 -0.3570 -0.3418
vn 0.3172 -0.1303 -0.9394
vn 0.8692 0.3571 -0.3419
vn 0.3171 0.1304 -0.9394
vn 0.5855 0.2403 -0.7742
vn -0.3619 0.8665 -0.3437
vn -0.3619 0.8665 -0.3438
vn -0.1314 0.3147 -0.9400
vn -0.1314 0.3147 -0.9401
vn -0.2429 0.5819 -0.7761
vn -0.2431 0.5821 -0.7759
vn -0.2431 0.5822 -0.7759
vn -0.0415 0.0994 -0.9942
vn -0.3170 0.1302 -0.9394
vn -0.3171 0.1303 -0.9394
vn -0.3171 0.1302 -0.9394
vn -0.5856 0.2405 -0.7741
vn -0.5855 0.2404 -0.7742
vn -0.5857 0.2406 -0.7740
vn -0.1002 0.0412 -0.9941
vn -0.8693 0.3570 -0.3420
vn -0.8692 0.3571 -0.3419
vn -0.5855 -0.2404 -0.7742
vn -0.5856 -0.2405 -0.7741
vn -0.5857 -0.2406 -0.7740
vn -0.1002 -0.0412 -0.9941
vn -0.8692 -0.3571 -0.3419
vn -0.8693 -0.3570 -0.3420
vn -0.8692 -0.3570 -0.3420
vn -0.3171 -0.1303 -0.9394
vn -0.3170 -0.1302 -0.9394
vn -0.3171 -0.1302 -0.9394
vn -0.0416 -0.0993 -0.9942
vn -0.3619 -0.8665 -0.3437
vn -0.3619 -0.8665 -0.3438
vn -0.1314 -0.3147 -0.9400
vn -0.1314 -0.3147 -0.9401
vn -0.2432 -0.5822 -0.7758
vn -0.2429 -0.5821 -0.7760
vn -0.2431 -0.5821 -0.7759
vn 0.3619 -0.8665 -0.3437
vn 0.3619 -0.8665 -0.3438
vn 0.1314 -0.3147 -0.9400
vn 0.1314 -0.3146 -0.9401
vn 0.2429 -0.5819 -0.7761
vn 0.2431 -0.5821 -0.7759
vn 0.2431 -0.5822 -0.7759
vn 0.0415 -0.0991 -0.9942
vn 0.5856 -0.2405 -0.7741
vn 0.5855 -0.2403 -0.7742
vn 0.5857 -0.2406 -0.7740
vn 0.1002 -0.0412 -0.9941
vn 0.8692 -0.3570 -0.3420
vn 0.8692 -0.3572 -0.3418
vn 0.3170 -0.1302 -0.9394
vn 0.3171 -0.1303 -0.9394
vn 0.3171 -0.1302 -0.9394
vn 0.5855 0.2403 -0.7742
vn 0.5856 0.2405 -0.7741
vn 0.5856 0.2404 -0.7741
vn 0.1002 0.0412 -0.9941
vn 0.8692 0.3571 -0.3419
vn 0.8692 0.3570 -0.3420
vn 0.3171 0.1303 -0.9394
vn 0.3170 0.1302 -0.9394
vn 0.3171 0.1302 -0.9394
vn -0.0000 -0.0000 1.0000
vn 0.3619 0.8665 -0.3437
vn 0.3619 0.8665 -0.3438
vn 0.1314 0.3147 -0.9400
vn 0.1314 0.3147 -0.9401
vn 0.2431 0.5821 -0.7759
vn 0.2429 0.5823 -0.7758
vn 0.2431 0.5821 -0.7759
vn 0.0416 0.0993 -0.9942
vn -0.1315 0.3146 -0.9401
vn -0.2428 0.5820 -0.7761
vn -0.3171 0.1304 -0.9394
vn -0.5854 0.2403 -0.7743
vn -0.5854 -0.2403 -0.7743
vn -0.3171 -0.1304 -0.9394
vn -0.3620 -0.8665 -0.3436
vn -0.2428 -0.5820 -0.7761
vn 0.2428 -0.5820 -0.7761
vn 0.5853 -0.2402 -0.7744
vn 0.8692 -0.3571 -0.3419
vn 0.3171 -0.1304 -0.9394
vn 0.5853 0.2402 -0.7744
vn 0.3171 0.1304 -0.9394
vn 0.3620 0.8665 -0.3436
vn 0.1316 0.3146 -0.9401
vn 0.2428 0.5820 -0.7761
vn -0.8692 0.3570 -0.3420
vn -0.8692 0.3571 -0.3419
vn -0.3170 0.1302 -0.9394
vn -0.3171 0.1301 -0.9394
vn -0.5855 0.2404 -0.7742
vn -0.5854 0.2402 -0.7744
vn -0.1002 0.0412 -0.9941
vn -0.3170 -0.1302 -0.9394
vn -0.3171 -0.1303 -0.9394
vn -0.3170 -0.1301 -0.9395
vn -0.5854 -0.2403 -0.7743
vn -0.5855 -0.2405 -0.7742
vn -0.5857 -0.2406 -0.7740
vn -0.1002 -0.0412 -0.9941
vn -0.8694 -0.3570 -0.3416
vn -0.8692 -0.3570 -0.3420
vn -0.2433 -0.5819 -0.7760
vn -0.2429 -0.5821 -0.7760
vn -0.2430 -0.5823 -0.7758
vn -0.0415 -0.0993 -0.9942
vn -0.3619 -0.8665 -0.3438
vn -0.3619 -0.8666 -0.3437
vn -0.3619 -0.8665 -0.3437
vn -0.1314 -0.3146 -0.9401
vn -0.1315 -0.3146 -0.9401
vn 0.0415 -0.0993 -0.9942
vn 0.3619 -0.8665 -0.3437
vn 0.3620 -0.8665 -0.3436
vn 0.3617 -0.8665 -0.3439
vn 0.1315 -0.3146 -0.9401
vn 0.1314 -0.3147 -0.9401
vn 0.1314 -0.3146 -0.9401
vn 0.2431 -0.5820 -0.7760
vn 0.2431 -0.5822 -0.7758
vn 0.8692 -0.3570 -0.3420
vn 0.8692 -0.3571 -0.3420
vn 0.3170 -0.1301 -0.9395
vn 0.3171 -0.1301 -0.9394
vn 0.3170 -0.1300 -0.9395
vn 0.5853 -0.2403 -0.7744
vn 0.5855 -0.2404 -0.7742
vn 0.5853 -0.2404 -0.7744
vn 0.1001 -0.0412 -0.9941
vn 0.5854 0.2403 -0.7743
vn 0.5853 0.2402 -0.7744
vn 0.5857 0.2406 -0.7740
vn 0.1001 0.0412 -0.9941
vn 0.8692 0.3571 -0.3419
vn 0.8693 0.3570 -0.3420
vn 0.8692 0.3570 -0.3420
vn 0.3171 0.1303 -0.9394
vn 0.3171 0.1302 -0.9394
vn 0.3168 0.1298 -0.9396
vn 0.2429 0.5823 -0.7758
vn 0.2430 0.5820 -0.7760
vn 0.2432 0.5822 -0.7758
vn 0.0415 0.0993 -0.9942
vn 0.3619 0.8665 -0.3437
vn 0.3619 0.8665 -0.3438
vn 0.1314 0.3146 -0.9401
vn 0.1314 0.3147 -0.9400
vn -0.0000 -0.0000 1.0000
vn -0.3619 0.8665 -0.3437
vn -0.1315 0.3146 -0.9401
vn -0.1314 0.3146 -0.9401
vn -0.1314 0.3147 -0.9401
vn -0.2430 0.5819 -0.7761
vn -0.2431 0.5822 -0.7758
vn -0.2429 0.5822 -0.7759
vn -0.0415 0.0993 -0.9942
vn -0.8693 0.3571 -0.3418
vn -0.3172 0.1303 -0.9394
vn -0.5855 0.2403 -0.7742
vn -0.3173 -0.1303 -0.9393
vn -0.5854 -0.2402 -0.7743
vn -0.8692 -0.3571 -0.3420
vn -0.1315 -0.3147 -0.9400
vn 0.2431 -0.5818 -0.7761
vn 0.8692 -0.3571 -0.3419
vn 0.3172 -0.1303 -0.9394
vn 0.5855 -0.2403 -0.7742
vn 0.5855 0.2403 -0.7742
vn 0.8693 0.3570 -0.3418
vn 0.3172 0.1304 -0.9393
vn 0.2429 0.5820 -0.7761
vn 0.1315 0.3146 -0.9401
vn -0.1315 0.3147 -0.9400
vn -0.2429 0.5820 -0.7761
vn -0.8692 -0.3571 -0.3419
vn -0.8692 -0.3570 -0.3420
vn -0.3171 -0.1302 -0.9394
vn -0.3171 -0.1303 -0.9394
vn -0.3170 -0.1301 -0.9395
vn -0.5855 -0.2406 -0.7742
vn -0.5857 -0.2406 -0.7740
vn -0.1002 -0.0412 -0.9941
vn -0.1314 -0.3147 -0.9400
vn -0.1314 -0.3147 -0.9401
vn -0.2431 -0.5821 -0.7759
vn -0.2430 -0.5820 -0.7760
vn -0.2431 -0.5822 -0.7759
vn -0.0415 -0.0993 -0.9942
vn -0.3619 -0.8665 -0.3437
vn -0.3619 -0.8665 -0.3438
vn 0.2430 -0.5819 -0.7761
vn 0.2431 -0.5821 -0.7759
vn 0.2431 -0.5821 -0.7759
vn 0.0415 -0.0994 -0.9942
vn 0.3619 -0.8665 -0.3437
vn 0.3619 -0.8665 -0.3438
vn 0.1314 -0.3147 -0.9400
vn 0.1314 -0.3147 -0.9401
vn 0.1002 -0.0412 -0.9941
vn 0.8692 -0.3570 -0.3420
vn 0.8692 -0.3571 -0.3419
vn 0.3171 -0.1303 -0.9394
vn 0.3171 -0.1302 -0.9394
vn 0.3171 -0.1302 -0.9394
vn 0.5857 -0.2406 -0.7740
vn 0.5855 -0.2403 -0.7742
vn 0.8692 0.3572 -0.3418
vn 0.8691 0.3571 -0.3422
vn 0.8692 0.3570 -0.3420
vn 0.3171 0.1303 -0.9394
vn 0.3170 0.1301 -0.9395
vn 0.5854 0.2402 -0.7744
vn 0.5859 0.2407 -0.7738
vn 0.5856 0.2406 -0.7741
vn 0.1002 0.0412 -0.9941
vn 0.2431 0.5821 -0.7759
vn 0.2431 0.5820 -0.7760
vn 0.2431 0.5821 -0.7759
vn 0.0415 0.0994 -0.9942
vn 0.3619 0.8665 -0.3437
vn 0.1314 0.3147 -0.9401
vn 0.1315 0.3146 -0.9401
vn 0.1314 0.3146 -0.9401
vn -0.2431 0.5820 -0.7760
vn -0.2429 0.5824 -0.7758
vn -0.2431 0.5821 -0.7759
vn -0.0415 0.0993 -0.9942
vn -0.3619 0.8665 -0.3437
vn -0.3619 0.8665 -0.3438
vn -0.1314 0.3146 -0.9401
vn -0.1313 0.3146 -0.9401
vn -0.1313 0.3148 -0.9400
vn -0.0000 -0.0000 1.0000
vn -0.8691 0.3571 -0.3422
vn -0.8692 0.3571 -0.3420
vn -0.8692 0.3570 -0.3420
vn -0.3171 0.1303 -0.9394
vn -0.3172 0.1303 -0.9394
vn -0.3171 0.1302 -0.9394
vn -0.5856 0.2405 -0.7741
vn -0.5854 0.2402 -0.7744
vn -0.5858 0.2407 -0.7739
vn -0.0999 0.0410 -0.9942
vn -0.8693 -0.3571 -0.3419
vn -0.3172 -0.1303 -0.9394
vn -0.5853 -0.2402 -0.7744
vn -0.1315 -0.3147 -0.9400
vn -0.2428 -0.5820 -0.7761
vn 0.2428 -0.5820 -0.7761
vn 0.1315 -0.3147 -0.9400
vn 0.3173 -0.1303 -0.9393
vn 0.5853 -0.2402 -0.7744
vn 0.3172 0.1303 -0.9394
vn 0.5856 0.2404 -0.7741
vn 0.2428 0.5820 -0.7761
vn 0.1315 0.3148 -0.9400
vn -0.2428 0.5820 -0.7761
vn -0.1315 0.3148 -0.9400
vn -0.8692 0.3571 -0.3419
vn -0.3171 0.1304 -0.9394
vn -0.5856 0.2404 -0.7741
vn -0.3616 -0.8666 -0.3440
vn -0.3619 -0.8665 -0.3437
vn -0.1314 -0.3146 -0.9401
vn -0.1314 -0.3147 -0.9400
vn -0.2431 -0.5820 -0.7760
vn -0.2431 -0.5824 -0.7757
vn -0.0415 -0.0993 -0.9942
vn 0.1315 -0.3148 -0.9400
vn 0.1314 -0.3148 -0.9400
vn 0.1314 -0.3147 -0.9400
vn 0.2429 -0.5821 -0.7760
vn 0.2430 -0.5820 -0.7760
vn 0.0415 -0.0994 -0.9942
vn 0.3619 -0.8665 -0.3437
vn 0.3619 -0.8666 -0.3437
vn 0.3619 -0.8665 -0.3438
vn 0.5853 -0.2403 -0.7744
vn 0.5854 -0.2405 -0.7743
vn 0.5854 -0.2404 -0.7743
vn 0.1002 -0.0412 -0.9941
vn 0.8692 -0.3570 -0.3420
vn 0.8693 -0.3571 -0.3419
vn 0.8693 -0.3570 -0.3420
vn 0.3172 -0.1303 -0.9394
vn 0.3171 -0.1304 -0.9394
vn 0.1002 0.0412 -0.9941
vn 0.8692 0.3571 -0.3420
vn 0.8692 0.3570 -0.3420
vn 0.3171 0.1303 -0.9394
vn 0.3171 0.1304 -0.9394
vn 0.5853 0.2405 -0.7743
vn 0.5852 0.2405 -0.7744
vn 0.5854 0.2404 -0.7743
vn 0.3619 0.8665 -0.3439
vn 0.3619 0.8665 -0.3437
vn 0.3618 0.8664 -0.3442
vn 0.1314 0.3148 -0.9400
vn 0.1315 0.3148 -0.9400
vn 0.1314 0.3147 -0.9400
vn 0.2430 0.5819 -0.7761
vn 0.2430 0.5819 -0.7761
vn 0.2431 0.5818 -0.7761
vn 0.0415 0.0993 -0.9942
vn -0.2430 0.5819 -0.7761
vn -0.2429 0.5823 -0.7758
vn -0.2432 0.5822 -0.7758
vn -0.0415 0.0993 -0.9942
vn -0.3619 0.8665 -0.3437
vn -0.3618 0.8665 -0.3438
vn -0.1314 0.3147 -0.9400
vn -0.1314 0.3146 -0.9401
vn -0.5855 0.2404 -0.7742
vn -0.5855 0.2405 -0.7742
vn -0.5856 0.2406 -0.7741
vn -0.1001 0.0412 -0.9941
vn -0.8692 0.3570 -0.3420
vn -0.8692 0.3571 -0.3419
vn -0.3170 0.1301 -0.9395
vn -0.3171 0.1301 -0.9394
vn -0.0000 -0.0000 1.0000
vn -0.8693 -0.3571 -0.3419
vn -0.8693 -0.3570 -0.3420
vn -0.8692 -0.3570 -0.3421
vn -0.3170 -0.1301 -0.9395
vn -0.3167 -0.1300 -0.9396
vn -0.5855 -0.2404 -0.7742
vn -0.5855 -0.2405 -0.7742
vn -0.5857 -0.2406 -0.7740
vn -0.1001 -0.0412 -0.9941
vn -0.3619 -0.8665 -0.3438
vn -0.1315 -0.3146 -0.9401
vn -0.2431 -0.5818 -0.7761
vn 0.1316 -0.3146 -0.9401
vn 0.2433 -0.5819 -0.7760
vn 0.5851 -0.2406 -0.7745
vn 0.8692 -0.3571 -0.3419
vn 0.3169 -0.1305 -0.9394
vn 0.8693 0.3571 -0.3418
vn 0.3172 0.1303 -0.9394
vn 0.5852 0.2405 -0.7744
vn 0.2430 0.5820 -0.7760
vn -0.2429 0.5820 -0.7761
vn -0.3619 0.8665 -0.3438
vn -0.1315 0.3146 -0.9401
vn -0.5855 0.2403 -0.7742
vn -0.8693 0.3570 -0.3418
vn -0.3172 0.1303 -0.9394
vn -0.8692 -0.3571 -0.3419
vn -0.3171 -0.1304 -0.9394
vn -0.5855 -0.2403 -0.7742
vn 0.3619 -0.8665 -0.3437
vn 0.1315 -0.3146 -0.9401
vn 0.1314 -0.3147 -0.9401
vn 0.2428 -0.5822 -0.7759
vn 0.2431 -0.5822 -0.7758
vn 0.2431 -0.5822 -0.7759
vn 0.0415 -0.0993 -0.9942
vn 0.3171 -0.1303 -0.9394
vn 0.3171 -0.1302 -0.9394
vn 0.3169 -0.1301 -0.9395
vn 0.5856 -0.2404 -0.7741
vn 0.5855 -0.2403 -0.7742
vn 0.5857 -0.2405 -0.7740
vn 0.1003 -0.0413 -0.9941
vn 0.8692 -0.3570 -0.3420
vn 0.8692 -0.3571 -0.3419
vn 0.5855 0.2403 -0.7742
vn 0.5855 0.2404 -0.7742
vn 0.5857 0.2406 -0.7740
vn 0.1001 0.0410 -0.9941
vn 0.8692 0.3571 -0.3419
vn 0.8692 0.3570 -0.3420
vn 0.3170 0.1301 -0.9395
vn 0.3171 0.1303 -0.9394
vn 0.3168 0.1300 -0.9395
vn 0.0414 0.0993 -0.9942
vn 0.3619 0.8666 -0.3437
vn 0.3620 0.8665 -0.3436
vn 0.3619 0.8665 -0.3437
vn 0.1314 0.3146 -0.9401
vn 0.1313 0.3145 -0.9401
vn 0.2431 0.5821 -0.7759
vn 0.2429 0.5821 -0.7760
vn 0.2432 0.5823 -0.7758
vn -0.3619 0.8666 -0.3437
vn -0.3619 0.8665 -0.3437
vn -0.3619 0.8665 -0.3438
vn -0.1314 0.3147 -0.9400
vn -0.1314 0.3148 -0.9400
vn -0.1315 0.3149 -0.9400
vn -0.2430 0.5820 -0.7760
vn -0.2431 0.5820 -0.7760
vn -0.0414 0.0993 -0.9942
vn -0.5856 0.2405 -0.7741
vn -0.5853 0.2405 -0.7743
vn -0.1001 0.0412 -0.9941
vn -0.8692 0.3570 -0.3420
vn -0.8693 0.3570 -0.3418
vn -0.8693 0.3569 -0.3421
vn -0.3171 0.1304 -0.9394
vn -0.3170 0.1300 -0.9395
vn -0.5853 -0.2405 -0.7743
vn -0.5852 -0.2405 -0.7744
vn -0.5856 -0.2405 -0.7741
vn -0.1001 -0.0413 -0.9941
vn -0.8694 -0.3570 -0.3416
vn -0.8692 -0.3570 -0.3420
vn -0.3171 -0.1304 -0.9394
vn -0.3172 -0.1303 -0.9394
vn -0.0000 -0.0000 1.0000
vn -0.3619 -0.8665 -0.3437
vn -0.3619 -0.8665 -0.3438
vn -0.1315 -0.3148 -0.9400
vn -0.1314 -0.3148 -0.9400
vn -0.2430 -0.5820 -0.7760
vn -0.2430 -0.5819 -0.7761
vn -0.2431 -0.5820 -0.7760
vn -0.0416 -0.0993 -0.9942
vn 0.1314 -0.3147 -0.9400
vn 0.2428 -0.5820 -0.7761
vn 0.3171 -0.1304 -0.9394
vn 0.5855 -0.2401 -0.7743
vn 0.8693 -0.3571 -0.3419
vn 0.5854 0.2402 -0.7743
vn 0.8692 0.3571 -0.3421
vn 0.3172 0.1303 -0.9394
vn 0.3619 0.8665 -0.3438
vn 0.1314 0.3148 -0.9400
vn 0.2431 0.5818 -0.7761
vn -0.3620 0.8665 -0.3436
vn -0.1315 0.3147 -0.9400
vn -0.2433 0.5819 -0.7760
vn -0.5853 0.2405 -0.7743
vn -0.8693 0.3571 -0.3418
vn -0.3172 0.1303 -0.9394
vn -0.5852 -0.2405 -0.7744
vn -0.8693 -0.3571 -0.3419
vn -0.1315 -0.3146 -0.9401
vn -0.2427 -0.5820 -0.7761
vn 0.3619 -0.8665 -0.3438
vn 0.3619 -0.8665 -0.3437
vn 0.1314 -0.3146 -0.9401
vn 0.1313 -0.3145 -0.9401
vn 0.2429 -0.5820 -0.7761
vn 0.2431 -0.5821 -0.7759
vn 0.2431 -0.5822 -0.7759
vn 0.0414 -0.0993 -0.9942
vn 0.3170 -0.1301 -0.9395
vn 0.3171 -0.1303 -0.9394
vn 0.3168 -0.1300 -0.9395
vn 0.5856 -0.2405 -0.7741
vn 0.5854 -0.2402 -0.7743
vn 0.5857 -0.2406 -0.7740
vn 0.1001 -0.0410 -0.9941
vn 0.8692 -0.3570 -0.3420
vn 0.8692 -0.3571 -0.3419
vn 0.5856 0.2403 -0.7742
vn 0.5856 0.2404 -0.7741
vn 0.5857 0.2405 -0.7740
vn 0.1001 0.0411 -0.9941
vn 0.8693 0.3571 -0.3419
vn 0.8692 0.3570 -0.3420
vn 0.8692 0.3570 -0.3421
vn 0.3171 0.1302 -0.9394
vn 0.3169 0.1301 -0.9395
vn 0.0415 0.0993 -0.9942
vn 0.3619 0.8665 -0.3437
vn 0.1314 0.3146 -0.9401
vn 0.1314 0.3147 -0.9400
vn 0.1314 0.3147 -0.9401
vn 0.2431 0.5822 -0.7759
vn 0.2428 0.5822 -0.7759
vn 0.2431 0.5821 -0.7759
vn -0.3619 0.8665 -0.3437
vn -0.3619 0.8665 -0.3438
vn -0.1315 0.3148 -0.9400
vn -0.2430 0.5818 -0.7762
vn -0.2430 0.5820 -0.7760
vn -0.2431 0.5820 -0.7760
vn -0.0416 0.0993 -0.9942
vn -0.5853 0.2405 -0.7743
vn -0.5854 0.2405 -0.7743
vn -0.1001 0.0413 -0.9941
vn -0.8692 0.3570 -0.3420
vn -0.8694 0.3570 -0.3416
vn -0.3172 0.1303 -0.9394
vn -0.5853 -0.2405 -0.7743
vn -0.5852 -0.2405 -0.7744
vn -0.5856 -0.2405 -0.7741
vn -0.1001 -0.0412 -0.9941
vn -0.8692 -0.3571 -0.3420
vn -0.8692 -0.3570 -0.3420
vn -0.3172 -0.1303 -0.9394
vn -0.3169 -0.1303 -0.9395
vn -0.0000 -0.0000 1.0000
vn -0.3620 -0.8665 -0.3436
vn -0.3619 -0.8665 -0.3437
vn -0.3619 -0.8665 -0.3438
vn -0.1315 -0.3149 -0.9400
vn -0.1315 -0.3148 -0.9400
vn -0.2430 -0.5820 -0.7760
vn -0.0414 -0.0993 -0.9942
vn 0.1314 -0.3148 -0.9400
vn 0.2431 -0.5818 -0.7761
vn 0.3172 -0.1303 -0.9394
vn 0.8692 -0.3571 -0.3421
vn 0.5855 0.2401 -0.7743
vn 0.3171 0.1303 -0.9394
vn 0.2428 0.5820 -0.7761
vn -0.1314 0.3147 -0.9400
vn -0.2427 0.5820 -0.7761
vn -0.5852 0.2405 -0.7744
vn -0.8693 0.3571 -0.3419
vn -0.3171 0.1304 -0.9394
vn -0.5852 -0.2405 -0.7744
vn -0.8693 -0.3571 -0.3418
vn -0.1312 -0.3146 -0.9401
vn -0.2433 -0.5819 -0.7760
vn 0.3619 -0.8665 -0.3438
vn 0.3619 -0.8666 -0.3437
vn 0.3619 -0.8665 -0.3437
vn 0.1314 -0.3146 -0.9401
vn 0.1314 -0.3145 -0.9401
vn 0.2429 -0.5820 -0.7761
vn 0.2431 -0.5821 -0.7759
vn 0.2432 -0.5822 -0.7758
vn 0.0414 -0.0993 -0.9942
vn 0.3171 -0.1303 -0.9394
vn 0.3168 -0.1300 -0.9395
vn 0.5855 -0.2404 -0.7742
vn 0.5855 -0.2403 -0.7742
vn 0.5857 -0.2406 -0.7740
vn 0.0997 -0.0411 -0.9942
vn 0.8692 -0.3571 -0.3420
vn 0.8692 -0.3571 -0.3419
vn 0.5853 0.2401 -0.7745
vn 0.5855 0.2404 -0.7742
vn 0.5857 0.2405 -0.7740
vn 0.0998 0.0411 -0.9942
vn 0.8692 0.3571 -0.3420
vn 0.3171 0.1303 -0.9394
vn 0.3171 0.1302 -0.9394
vn 0.3169 0.1301 -0.9395
vn 0.0415 0.0993 -0.9942
vn 0.3619 0.8665 -0.3437
vn 0.3619 0.8666 -0.3437
vn 0.3619 0.8665 -0.3438
vn 0.1314 0.3146 -0.9401
vn 0.1314 0.3147 -0.9400
vn 0.2431 0.5822 -0.7759
vn 0.2430 0.5820 -0.7760
vn 0.2430 0.5821 -0.7760
vn -0.3619 0.8665 -0.3437
vn -0.3619 0.8665 -0.3438
vn -0.1314 0.3147 -0.9400
vn -0.1314 0.3147 -0.9401
vn -0.1314 0.3146 -0.9401
vn -0.2430 0.5819 -0.7761
vn -0.2431 0.5821 -0.7759
vn -0.2430 0.5822 -0.7759
vn -0.0416 0.0993 -0.9942
vn -0.5857 0.2406 -0.7740
vn -0.5856 0.2404 -0.7741
vn -0.5857 0.2405 -0.7740
vn -0.1001 0.0413 -0.9941
vn -0.8692 0.3570 -0.3420
vn -0.8692 0.3571 -0.3419
vn -0.3171 0.1303 -0.9394
vn -0.3172 0.1302 -0.9394
vn -0.5856 -0.2408 -0.7740
vn -0.5856 -0.2405 -0.7741
vn -0.5857 -0.2406 -0.7740
vn -0.1001 -0.0412 -0.9941
vn -0.8692 -0.3571 -0.3419
vn -0.8693 -0.3570 -0.3420
vn -0.8691 -0.3570 -0.3423
vn -0.3169 -0.1303 -0.9395
vn -0.3172 -0.1303 -0.9394
vn -0.3169 -0.1302 -0.9395
vn -0.0000 -0.0000 1.0000
vn -0.3620 -0.8665 -0.3436
vn -0.3619 -0.8666 -0.3437
vn -0.3619 -0.8665 -0.3438
vn -0.1314 -0.3147 -0.9401
vn -0.1314 -0.3147 -0.9400
vn -0.2430 -0.5820 -0.7760
vn -0.2429 -0.5819 -0.7761
vn -0.2431 -0.5821 -0.7759
vn -0.0414 -0.0993 -0.9942
vn 0.1314 -0.3148 -0.9400
vn 0.2431 -0.5818 -0.7761
vn 0.3172 -0.1303 -0.9394
vn 0.5854 -0.2402 -0.7743
vn 0.8692 -0.3571 -0.3421
vn 0.5855 0.2401 -0.7743
vn 0.8692 0.3571 -0.3419
vn 0.3172 0.1303 -0.9394
vn 0.2428 0.5820 -0.7761
vn -0.2428 0.5820 -0.7761
vn -0.5855 0.2403 -0.7742
vn -0.3170 0.1302 -0.9394
vn -0.5854 -0.2402 -0.7743
vn -0.8694 -0.3570 -0.3415
vn -0.3170 -0.1301 -0.9395
vn -0.3620 -0.8665 -0.3437
vn -0.1316 -0.3148 -0.9400
vn 0.3619 -0.8665 -0.3437
vn 0.3619 -0.8664 -0.3439
vn 0.1314 -0.3147 -0.9400
vn 0.1314 -0.3147 -0.9401
vn 0.2431 -0.5818 -0.7761
vn 0.2431 -0.5821 -0.7759
vn 0.2430 -0.5821 -0.7760
vn 0.0415 -0.0993 -0.9942
vn 0.3170 -0.1301 -0.9395
vn 0.3171 -0.1302 -0.9394
vn 0.3171 -0.1301 -0.9394
vn 0.5855 -0.2404 -0.7742
vn 0.5856 -0.2403 -0.7742
vn 0.5857 -0.2405 -0.7740
vn 0.1003 -0.0413 -0.9941
vn 0.8692 -0.3571 -0.3420
vn 0.8693 -0.3571 -0.3419
vn 0.8692 -0.3571 -0.3419
vn 0.5854 0.2402 -0.7743
vn 0.5855 0.2404 -0.7742
vn 0.5856 0.2406 -0.7741
vn 0.1001 0.0410 -0.9941
vn 0.8692 0.3571 -0.3419
vn 0.8692 0.3571 -0.3420
vn 0.3170 0.1301 -0.9395
vn 0.3168 0.1300 -0.9395
vn 0.0414 0.0993 -0.9942
vn 0.3619 0.8666 -0.3437
vn 0.3619 0.8665 -0.3437
vn 0.3619 0.8665 -0.3438
vn 0.1314 0.3146 -0.9401
vn 0.1315 0.3146 -0.9401
vn 0.1314 0.3145 -0.9401
vn 0.2431 0.5821 -0.7759
vn 0.2429 0.5820 -0.7761
vn 0.2431 0.5822 -0.7758
vn -0.3619 0.8666 -0.3437
vn -0.3620 0.8665 -0.3436
vn -0.3619 0.8665 -0.3438
vn -0.1314 0.3147 -0.9400
vn -0.1314 0.3147 -0.9401
vn -0.1315 0.3144 -0.9401
vn -0.2429 0.5821 -0.7760
vn -0.2431 0.5820 -0.7760
vn -0.2431 0.5822 -0.7758
vn -0.0414 0.0993 -0.9942
vn -0.5853 0.2403 -0.7744
vn -0.5856 0.2408 -0.7740
vn -0.5857 0.2406 -0.7740
vn -0.1001 0.0412 -0.9941
vn -0.8694 0.3570 -0.3416
vn -0.8694 0.3571 -0.3415
vn -0.8693 0.3570 -0.3418
vn -0.3171 0.1303 -0.9394
vn -0.3169 0.1303 -0.9395
vn -0.3169 0.1302 -0.9395
vn -0.5856 -0.2405 -0.7741
vn -0.5857 -0.2406 -0.7740
vn -0.5857 -0.2405 -0.7740
vn -0.1001 -0.0413 -0.9941
vn -0.8692 -0.3571 -0.3419
vn -0.8692 -0.3570 -0.3420
vn -0.3170 -0.1302 -0.9394
vn -0.3171 -0.1303 -0.9394
vn -0.3170 -0.1301 -0.9395
vn -0.0000 -0.0000 1.0000
vn -0.3619 -0.8665 -0.3437
vn -0.3619 -0.8665 -0.3438
vn -0.1314 -0.3147 -0.9401
vn -0.1314 -0.3147 -0.9400
vn -0.1314 -0.3146 -0.9401
vn -0.2431 -0.5821 -0.7759
vn -0.2430 -0.5822 -0.7759
vn -0.2430 -0.5822 -0.7759
vn -0.0416 -0.0993 -0.9942
vn 0.1314 -0.3148 -0.9400
vn 0.2428 -0.5820 -0.7761
vn 0.3172 -0.1303 -0.9394
vn 0.5855 -0.2401 -0.7743
vn 0.3172 0.1303 -0.9394
vn 0.1314 0.3148 -0.9400
vn 0.2431 0.5818 -0.7761
vn -0.1316 0.3148 -0.9400
vn -0.2429 0.5819 -0.7761
vn -0.5854 0.2402 -0.7743
vn -0.8694 0.3571 -0.3414
vn -0.5855 -0.2403 -0.7742
vn -0.3169 -0.1303 -0.9395
vn -0.2428 -0.5820 -0.7761
vn -0.3619 0.8665 -0.3437
vn -0.3619 0.8665 -0.3438
vn -0.3619 0.8664 -0.3439
vn -0.1316 0.3149 -0.9400
vn -0.1316 0.3148 -0.9400
vn -0.1317 0.3148 -0.9400
vn -0.2431 0.5820 -0.7760
vn -0.2431 0.5816 -0.7763
vn -0.2431 0.5819 -0.7761
vn -0.0416 0.0994 -0.9942
vn -0.3173 0.1305 -0.9393
vn -0.3173 0.1304 -0.9393
vn -0.5853 0.2403 -0.7744
vn -0.5853 0.2405 -0.7743
vn -0.5855 0.2404 -0.7742
vn -0.0995 0.0409 -0.9942
vn -0.8693 0.3570 -0.3419
vn -0.8692 0.3571 -0.3420
vn -0.8692 0.3570 -0.3421
vn -0.5853 -0.2403 -0.7744
vn -0.5853 -0.2404 -0.7744
vn -0.5855 -0.2404 -0.7742
vn -0.0995 -0.0409 -0.9942
vn -0.8692 -0.3571 -0.3419
vn -0.8692 -0.3570 -0.3420
vn -0.3172 -0.1303 -0.9394
vn -0.3173 -0.1303 -0.9393
vn -0.0416 -0.0994 -0.9942
vn -0.3619 -0.8665 -0.3437
vn -0.3619 -0.8665 -0.3438
vn -0.3619 -0.8664 -0.3439
vn -0.1315 -0.3149 -0.9400
vn -0.1315 -0.3148 -0.9400
vn -0.1314 -0.3147 -0.9400
vn -0.2431 -0.5820 -0.7760
vn -0.2431 -0.5819 -0.7761
vn 0.3619 -0.8665 -0.3437
vn 0.1316 -0.3148 -0.9400
vn 0.1314 -0.3148 -0.9400
vn 0.1314 -0.3150 -0.9399
vn 0.2430 -0.5822 -0.7759
vn 0.2431 -0.5822 -0.7759
vn 0.2431 -0.5821 -0.7759
vn 0.0417 -0.0994 -0.9942
vn 0.5858 -0.2406 -0.7739
vn 0.5856 -0.2404 -0.7741
vn 0.5857 -0.2405 -0.7740
vn 0.0998 -0.0410 -0.9942
vn 0.8692 -0.3570 -0.3420
vn 0.8693 -0.3571 -0.3419
vn 0.3172 -0.1303 -0.9394
vn 0.3172 -0.1303 -0.9394
vn 0.5855 0.2404 -0.7742
vn 0.5855 0.2405 -0.7742
vn 0.5855 0.2406 -0.7741
vn 0.1002 0.0413 -0.9941
vn 0.8694 0.3570 -0.3416
vn 0.8692 0.3570 -0.3420
vn 0.3173 0.1303 -0.9393
vn 0.3174 0.1305 -0.9393
vn -0.0000 -0.0000 1.0000
vn 0.3619 0.8665 -0.3437
vn 0.1316 0.3148 -0.9400
vn 0.1316 0.3149 -0.9400
vn 0.2433 0.5819 -0.7760
vn 0.2428 0.5821 -0.7760
vn 0.0417 0.0994 -0.9942
vn -0.1316 0.3150 -0.9399
vn -0.2431 0.5813 -0.7765
vn -0.5849 0.2405 -0.7746
vn -0.8692 0.3571 -0.3419
vn -0.5852 -0.2405 -0.7744
vn -0.3171 -0.1304 -0.9394
vn -0.1317 -0.3148 -0.9400
vn -0.2430 -0.5819 -0.7761
vn 0.3619 -0.8665 -0.3438
vn 0.1316 -0.3149 -0.9400
vn 0.2427 -0.5820 -0.7761
vn 0.5854 -0.2402 -0.7743
vn 0.8692 -0.3571 -0.3419
vn 0.8692 0.3571 -0.3419
vn 0.3171 0.1304 -0.9394
vn -0.3619 0.8665 -0.3437
vn -0.1316 0.3148 -0.9400
vn -0.1317 0.3149 -0.9400
vn -0.1317 0.3150 -0.9399
vn -0.2433 0.5819 -0.7760
vn -0.2431 0.5816 -0.7763
vn -0.0417 0.0993 -0.9942
vn -0.3173 0.1303 -0.9393
vn -0.3174 0.1305 -0.9393
vn -0.3173 0.1304 -0.9393
vn -0.5851 0.2407 -0.7744
vn -0.5854 0.2404 -0.7743
vn -0.5853 0.2405 -0.7743
vn -0.0999 0.0411 -0.9941
vn -0.8692 0.3570 -0.3420
vn -0.8692 0.3571 -0.3419
vn -0.5855 -0.2404 -0.7742
vn -0.5854 -0.2407 -0.7742
vn -0.5853 -0.2405 -0.7743
vn -0.0999 -0.0411 -0.9941
vn -0.8692 -0.3571 -0.3419
vn -0.8693 -0.3570 -0.3420
vn -0.8692 -0.3570 -0.3420
vn -0.3173 -0.1304 -0.9393
vn -0.3172 -0.1303 -0.9394
vn -0.3173 -0.1303 -0.9393
vn -0.0417 -0.0993 -0.9942
vn -0.3619 -0.8665 -0.3437
vn -0.1314 -0.3147 -0.9400
vn -0.1315 -0.3148 -0.9400
vn -0.1314 -0.3148 -0.9400
vn -0.2430 -0.5820 -0.7760
vn -0.2431 -0.5820 -0.7760
vn 0.3619 -0.8666 -0.3437
vn 0.3619 -0.8665 -0.3437
vn 0.1314 -0.3147 -0.9400
vn 0.1314 -0.3148 -0.9400
vn 0.1314 -0.3147 -0.9401
vn 0.2430 -0.5823 -0.7758
vn 0.2431 -0.5822 -0.7759
vn 0.0417 -0.0993 -0.9942
vn 0.5857 -0.2406 -0.7740
vn 0.5855 -0.2403 -0.7742
vn 0.5857 -0.2405 -0.7740
vn 0.0995 -0.0409 -0.9942
vn 0.8692 -0.3570 -0.3420
vn 0.8693 -0.3570 -0.3420
vn 0.3172 -0.1303 -0.9394
vn 0.3171 -0.1303 -0.9394
vn 0.3172 -0.1302 -0.9394
vn 0.5855 0.2406 -0.7741
vn 0.5855 0.2405 -0.7742
vn 0.5856 0.2406 -0.7741
vn 0.0995 0.0409 -0.9942
vn 0.8693 0.3570 -0.3420
vn 0.8692 0.3570 -0.3420
vn 0.8693 0.3570 -0.3419
vn 0.3173 0.1303 -0.9393
vn 0.3172 0.1303 -0.9394
vn -0.0000 -0.0000 1.0000
vn 0.3619 0.8665 -0.3437
vn 0.1317 0.3149 -0.9400
vn 0.1316 0.3148 -0.9400
vn 0.2433 0.5819 -0.7760
vn 0.2428 0.5820 -0.7761
vn 0.0417 0.0993 -0.9942
vn -0.1316 0.3149 -0.9400
vn -0.2432 0.5817 -0.7762
vn -0.5851 -0.2405 -0.7745
vn -0.8691 -0.3571 -0.3422
vn -0.3172 -0.1303 -0.9394
vn -0.2427 -0.5820 -0.7761
vn 0.3619 -0.8665 -0.3438
vn 0.1316 -0.3146 -0.9401
vn 0.2427 -0.5820 -0.7761
vn 0.5854 -0.2402 -0.7743
vn 0.5854 0.2404 -0.7743
vn 0.3171 0.1303 -0.9394
vn 0.1316 0.3146 -0.9401
vn -0.8693 0.3570 -0.3420
vn -0.8693 0.3571 -0.3419
vn -0.8691 0.3571 -0.3422
vn -0.3173 0.1303 -0.9393
vn -0.3172 0.1303 -0.9394
vn -0.3173 0.1305 -0.9393
vn -0.5852 0.2405 -0.7744
vn -0.5853 0.2405 -0.7743
vn -0.5850 0.2406 -0.7745
vn -0.1002 0.0412 -0.9941
vn -0.3173 -0.1304 -0.9393
vn -0.3171 -0.1303 -0.9394
vn -0.5854 -0.2405 -0.7743
vn -0.5853 -0.2404 -0.7744
vn -0.5853 -0.2405 -0.7743
vn -0.1002 -0.0413 -0.9941
vn -0.8693 -0.3571 -0.3419
vn -0.8693 -0.3570 -0.3420
vn -0.8692 -0.3570 -0.3420
vn -0.2433 -0.5819 -0.7760
vn -0.2430 -0.5820 -0.7760
vn -0.0416 -0.0994 -0.9942
vn -0.3619 -0.8665 -0.3437
vn -0.1316 -0.3148 -0.9400
vn -0.1314 -0.3147 -0.9400
vn -0.1314 -0.3148 -0.9400
vn 0.0413 -0.0992 -0.9942
vn 0.3619 -0.8665 -0.3438
vn 0.3619 -0.8665 -0.3437
vn 0.1315 -0.3146 -0.9401
vn 0.1314 -0.3147 -0.9401
vn 0.1313 -0.3148 -0.9400
vn 0.2432 -0.5820 -0.7760
vn 0.2434 -0.5821 -0.7758
vn 0.2435 -0.5822 -0.7757
vn 0.8692 -0.3570 -0.3420
vn 0.8693 -0.3570 -0.3420
vn 0.3171 -0.1303 -0.9394
vn 0.3171 -0.1301 -0.9394
vn 0.5856 -0.2405 -0.7741
vn 0.5854 -0.2404 -0.7743
vn 0.5856 -0.2405 -0.7741
vn 0.1002 -0.0413 -0.9941
vn 0.5855 0.2405 -0.7742
vn 0.5859 0.2407 -0.7738
vn 0.5856 0.2404 -0.7741
vn 0.1002 0.0412 -0.9941
vn 0.8693 0.3573 -0.3415
vn 0.8692 0.3570 -0.3420
vn 0.3173 0.1302 -0.9393
vn 0.3171 0.1302 -0.9394
vn 0.3172 0.1302 -0.9394
vn 0.2431 0.5822 -0.7759
vn 0.2429 0.5821 -0.7760
vn 0.2431 0.5821 -0.7759
vn 0.0416 0.0992 -0.9942
vn 0.3619 0.8665 -0.3437
vn 0.1314 0.3148 -0.9400
vn 0.1314 0.3147 -0.9400
vn 0.1313 0.3148 -0.9400
vn -0.0000 -0.0000 1.0000
vn -0.3619 0.8665 -0.3437
vn -0.3619 0.8665 -0.3438
vn -0.1314 0.3147 -0.9400
vn -0.2430 0.5820 -0.7760
vn -0.2431 0.5820 -0.7760
vn -0.0416 0.0992 -0.9942
vn -0.5853 0.2405 -0.7743
vn -0.3172 -0.1303 -0.9394
vn -0.5853 -0.2403 -0.7744
vn -0.3619 -0.8666 -0.3437
vn -0.1315 -0.3147 -0.9400
vn 0.1314 -0.3148 -0.9400
vn 0.2431 -0.5819 -0.7761
vn 0.8693 -0.3571 -0.3419
vn 0.3172 -0.1303 -0.9394
vn 0.5853 -0.2402 -0.7744
vn 0.5854 0.2402 -0.7744
vn 0.8693 0.3571 -0.3418
vn 0.3172 0.1303 -0.9394
vn 0.2428 0.5820 -0.7761
vn 0.1316 0.3149 -0.9400
vn -0.8693 -0.3571 -0.3419
vn -0.8692 -0.3570 -0.3420
vn -0.3172 -0.1303 -0.9394
vn -0.3173 -0.1303 -0.9393
vn -0.5854 -0.2405 -0.7743
vn -0.5853 -0.2404 -0.7744
vn -0.5855 -0.2404 -0.7742
vn -0.1002 -0.0411 -0.9941
vn -0.1314 -0.3147 -0.9400
vn -0.1315 -0.3148 -0.9400
vn -0.1314 -0.3150 -0.9399
vn -0.2431 -0.5820 -0.7760
vn -0.2430 -0.5820 -0.7760
vn -0.2431 -0.5818 -0.7761
vn -0.0416 -0.0994 -0.9942
vn -0.3619 -0.8666 -0.3436
vn -0.3619 -0.8665 -0.3437
vn -0.3620 -0.8664 -0.3440
vn 0.2430 -0.5822 -0.7759
vn 0.2431 -0.5822 -0.7759
vn 0.2433 -0.5823 -0.7757
vn 0.0417 -0.0994 -0.9942
vn 0.3619 -0.8665 -0.3437
vn 0.3619 -0.8665 -0.3438
vn 0.1314 -0.3147 -0.9400
vn 0.1314 -0.3148 -0.9400
vn 0.1314 -0.3150 -0.9400
vn 0.0998 -0.0409 -0.9942
vn 0.8693 -0.3570 -0.3420
vn 0.8694 -0.3570 -0.3416
vn 0.8692 -0.3570 -0.3420
vn 0.3174 -0.1304 -0.9393
vn 0.3174 -0.1305 -0.9393
vn 0.3172 -0.1302 -0.9394
vn 0.5858 -0.2406 -0.7739
vn 0.5856 -0.2405 -0.7741
vn 0.5857 -0.2405 -0.7740
vn 0.8693 0.3570 -0.3418
vn 0.8694 0.3565 -0.3420
vn 0.8693 0.3569 -0.3421
vn 0.3172 0.1303 -0.9394
vn 0.3171 0.1303 -0.9394
vn 0.3171 0.1301 -0.9394
vn 0.5855 0.2404 -0.7742
vn 0.5855 0.2404 -0.7742
vn 0.5858 0.2406 -0.7739
vn 0.1002 0.0412 -0.9941
vn 0.2429 0.5821 -0.7760
vn 0.2428 0.5821 -0.7760
vn 0.2434 0.5823 -0.7757
vn 0.0414 0.0994 -0.9942
vn 0.3619 0.8665 -0.3437
vn 0.3619 0.8665 -0.3438
vn 0.1313 0.3148 -0.9400
vn 0.1314 0.3147 -0.9400
vn 0.1315 0.3149 -0.9400
vn -0.2432 0.5819 -0.7760
vn -0.2430 0.5820 -0.7760
vn -0.0414 0.0994 -0.9942
vn -0.3619 0.8665 -0.3437
vn -0.1314 0.3147 -0.9400
vn -0.1315 0.3148 -0.9400
vn -0.0000 -0.0000 1.0000
vn -0.8693 0.3570 -0.3420
vn -0.8692 0.3571 -0.3419
vn -0.8692 0.3570 -0.3420
vn -0.3174 0.1304 -0.9393
vn -0.3173 0.1303 -0.9393
vn -0.5851 0.2406 -0.7745
vn -0.5853 0.2405 -0.7743
vn -0.5855 0.2404 -0.7742
vn -0.0998 0.0409 -0.9942
vn -0.8692 -0.3571 -0.3419
vn -0.3171 -0.1304 -0.9394
vn -0.5851 -0.2405 -0.7745
vn -0.1317 -0.3148 -0.9400
vn -0.2430 -0.5819 -0.7761
vn 0.2427 -0.5820 -0.7761
vn 0.1316 -0.3148 -0.9400
vn 0.8692 -0.3571 -0.3419
vn 0.3173 -0.1304 -0.9393
vn 0.5855 -0.2404 -0.7742
vn 0.8693 0.3571 -0.3418
vn 0.5854 0.2403 -0.7743
vn 0.2427 0.5820 -0.7761
vn 0.3620 0.8665 -0.3437
vn -0.2430 0.5819 -0.7761
vn -0.1314 0.3148 -0.9400
vn -0.3172 0.1303 -0.9394
vn -0.5851 0.2405 -0.7745
vn -0.3619 -0.8665 -0.3437
vn -0.3619 -0.8665 -0.3438
vn -0.1314 -0.3148 -0.9400
vn -0.1315 -0.3146 -0.9401
vn -0.1314 -0.3147 -0.9401
vn -0.2431 -0.5821 -0.7759
vn -0.2432 -0.5820 -0.7760
vn -0.2435 -0.5822 -0.7757
vn -0.0412 -0.0992 -0.9942
vn 0.1316 -0.3148 -0.9400
vn 0.1314 -0.3147 -0.9401
vn 0.1314 -0.3148 -0.9400
vn 0.2432 -0.5820 -0.7760
vn 0.2431 -0.5821 -0.7759
vn 0.2429 -0.5822 -0.7759
vn 0.0416 -0.0993 -0.9942
vn 0.3619 -0.8666 -0.3437
vn 0.3619 -0.8665 -0.3437
vn 0.3619 -0.8665 -0.3438
vn 0.5855 -0.2406 -0.7741
vn 0.5854 -0.2404 -0.7743
vn 0.5857 -0.2406 -0.7740
vn 0.0998 -0.0410 -0.9942
vn 0.8692 -0.3570 -0.3420
vn 0.8693 -0.3570 -0.3420
vn 0.3172 -0.1303 -0.9394
vn 0.3172 -0.1302 -0.9394
vn 0.1002 0.0412 -0.9941
vn 0.8693 0.3570 -0.3420
vn 0.8692 0.3570 -0.3420
vn 0.3171 0.1303 -0.9394
vn 0.3172 0.1303 -0.9394
vn 0.3172 0.1302 -0.9394
vn 0.5855 0.2405 -0.7742
vn 0.5857 0.2406 -0.7740
vn 0.5856 0.2405 -0.7741
vn 0.3619 0.8665 -0.3437
vn 0.3619 0.8665 -0.3438
vn 0.1314 0.3147 -0.9401
vn 0.1314 0.3147 -0.9400
vn 0.2431 0.5822 -0.7759
vn 0.2429 0.5822 -0.7759
vn 0.2431 0.5825 -0.7756
vn 0.0416 0.0992 -0.9942
vn -0.2429 0.5822 -0.7759
vn -0.2431 0.5822 -0.7759
vn -0.2431 0.5825 -0.7756
vn -0.0416 0.0992 -0.9942
vn -0.3619 0.8665 -0.3438
vn -0.3619 0.8665 -0.3437
vn -0.1314 0.3147 -0.9400
vn -0.1314 0.3147 -0.9401
vn -0.5857 0.2405 -0.7740
vn -0.5854 0.2404 -0.7743
vn -0.5857 0.2406 -0.7740
vn -0.1002 0.0412 -0.9941
vn -0.8691 0.3570 -0.3423
vn -0.3172 0.1303 -0.9394
vn -0.3171 0.1301 -0.9394
vn -0.0000 -0.0000 1.0000
vn -0.8692 -0.3571 -0.3419
vn -0.8692 -0.3570 -0.3420
vn -0.3173 -0.1303 -0.9393
vn -0.3172 -0.1303 -0.9394
vn -0.3171 -0.1301 -0.9394
vn -0.5856 -0.2404 -0.7741
vn -0.5856 -0.2405 -0.7741
vn -0.5855 -0.2406 -0.7741
vn -0.1002 -0.0413 -0.9941
vn -0.2431 -0.5819 -0.7761
vn 0.1316 -0.3149 -0.9400
vn 0.2431 -0.5819 -0.7761
vn 0.5854 -0.2403 -0.7743
vn 0.8692 -0.3572 -0.3418
vn 0.3171 -0.1304 -0.9394
vn 0.8693 0.3571 -0.3419
vn 0.3172 0.1303 -0.9394
vn 0.5854 0.2402 -0.7744
vn 0.1315 0.3148 -0.9400
vn 0.2428 0.5820 -0.7761
vn -0.2428 0.5820 -0.7761
vn -0.1314 0.3148 -0.9400
vn -0.5857 0.2403 -0.7741
vn -0.8690 0.3570 -0.3425
vn -0.3173 0.1303 -0.9393
vn -0.3171 -0.1303 -0.9394
vn -0.5855 -0.2403 -0.7742
vn 0.3619 -0.8665 -0.3438
vn 0.3620 -0.8664 -0.3439
vn 0.1314 -0.3147 -0.9400
vn 0.1314 -0.3147 -0.9401
vn 0.2428 -0.5822 -0.7759
vn 0.2431 -0.5822 -0.7759
vn 0.2431 -0.5821 -0.7759
vn 0.0416 -0.0993 -0.9942
vn 0.3172 -0.1303 -0.9394
vn 0.3171 -0.1302 -0.9394
vn 0.3173 -0.1301 -0.9394
vn 0.5856 -0.2404 -0.7741
vn 0.5855 -0.2404 -0.7742
vn 0.5857 -0.2405 -0.7740
vn 0.0998 -0.0410 -0.9942
vn 0.8693 -0.3570 -0.3420
vn 0.8693 -0.3570 -0.3418
vn 0.5855 0.2404 -0.7742
vn 0.5856 0.2404 -0.7741
vn 0.5857 0.2405 -0.7740
vn 0.1002 0.0411 -0.9941
vn 0.8692 0.3571 -0.3420
vn 0.8693 0.3570 -0.3420
vn 0.3171 0.1302 -0.9394
vn 0.3172 0.1303 -0.9394
vn 0.3173 0.1301 -0.9394
vn 0.0416 0.0993 -0.9942
vn 0.3619 0.8665 -0.3437
vn 0.3619 0.8665 -0.3438
vn 0.1314 0.3147 -0.9401
vn 0.1314 0.3147 -0.9400
vn 0.2431 0.5822 -0.7759
vn 0.2428 0.5822 -0.7759
vn 0.2431 0.5821 -0.7759
vn -0.3619 0.8665 -0.3437
vn -0.1316 0.3149 -0.9400
vn -0.1316 0.3148 -0.9400
vn -0.1315 0.3148 -0.9400
vn -0.2430 0.5818 -0.7762
vn -0.2430 0.5820 -0.7760
vn -0.2430 0.5819 -0.7761
vn -0.0417 0.0993 -0.9942
vn -0.5852 0.2405 -0.7744
vn -0.5854 0.2405 -0.7743
vn -0.5855 0.2405 -0.7742
vn -0.0996 0.0409 -0.9942
vn -0.8691 0.3570 -0.3423
vn -0.8691 0.3570 -0.3423
vn -0.3172 0.1303 -0.9394
vn -0.3173 0.1304 -0.9393
vn -0.5854 -0.2405 -0.7743
vn -0.5853 -0.2405 -0.7743
vn -0.5855 -0.2405 -0.7742
vn -0.0996 -0.0409 -0.9942
vn -0.8693 -0.3571 -0.3419
vn -0.8692 -0.3570 -0.3420
vn -0.3173 -0.1304 -0.9393
vn -0.3172 -0.1303 -0.9394
vn -0.0000 -0.0000 1.0000
vn -0.3619 -0.8665 -0.3437
vn -0.1316 -0.3148 -0.9400
vn -0.1316 -0.3149 -0.9400
vn -0.1315 -0.3148 -0.9400
vn -0.2430 -0.5819 -0.7761
vn -0.2430 -0.5822 -0.7759
vn -0.2431 -0.5820 -0.7760
vn -0.0417 -0.0993 -0.9942
vn 0.1316 -0.3148 -0.9400
vn 0.2424 -0.5820 -0.7762
vn 0.3172 -0.1303 -0.9394
vn 0.5853 -0.2401 -0.7745
vn 0.8693 -0.3571 -0.3419
vn 0.5853 0.2401 -0.7745
vn 0.8693 0.3571 -0.3419
vn 0.3172 0.1303 -0.9394
vn 0.1316 0.3148 -0.9400
vn 0.2424 0.5820 -0.7762
vn -0.3619 0.8665 -0.3438
vn -0.1314 0.3147 -0.9400
vn -0.2427 0.5820 -0.7761
vn -0.5852 -0.2405 -0.7744
vn -0.3619 -0.8665 -0.3438
vn -0.1314 -0.3147 -0.9400
vn -0.2427 -0.5820 -0.7761
vn 0.8693 -0.3570 -0.3420
vn 0.8691 -0.3570 -0.3423
vn 0.8691 -0.3571 -0.3423
vn 0.3172 -0.1303 -0.9394
vn 0.3173 -0.1302 -0.9393
vn 0.3172 -0.1302 -0.9394
vn 0.5859 -0.2407 -0.7738
vn 0.5854 -0.2402 -0.7743
vn 0.5857 -0.2406 -0.7740
vn 0.1002 -0.0412 -0.9941
vn 0.3173 0.1302 -0.9393
vn 0.3171 0.1303 -0.9394
vn 0.3174 0.1304 -0.9393
vn 0.5856 0.2403 -0.7742
vn 0.5855 0.2404 -0.7742
vn 0.5855 0.2405 -0.7742
vn 0.0997 0.0410 -0.9942
vn 0.8693 0.3570 -0.3420
vn 0.8692 0.3570 -0.3420
vn 0.2431 0.5816 -0.7763
vn 0.2433 0.5818 -0.7761
vn 0.2428 0.5821 -0.7760
vn 0.0413 0.0995 -0.9942
vn 0.3619 0.8665 -0.3438
vn 0.3619 0.8665 -0.3437
vn 0.1317 0.3149 -0.9400
vn 0.1316 0.3148 -0.9400
vn -0.0416 0.0993 -0.9942
vn -0.3619 0.8666 -0.3437
vn -0.3619 0.8665 -0.3437
vn -0.1316 0.3148 -0.9400
vn -0.1317 0.3149 -0.9400
vn -0.2433 0.5816 -0.7762
vn -0.2431 0.5816 -0.7763
vn -0.2428 0.5820 -0.7761
vn -0.8693 0.3570 -0.3420
vn -0.8692 0.3571 -0.3419
vn -0.3172 0.1303 -0.9394
vn -0.3172 0.1304 -0.9393
vn -0.5851 0.2407 -0.7744
vn -0.5852 0.2405 -0.7744
vn -0.5855 0.2404 -0.7742
vn -0.1002 0.0413 -0.9941
vn -0.5853 -0.2405 -0.7743
vn -0.5855 -0.2405 -0.7742
vn -0.5855 -0.2404 -0.7742
vn -0.1002 -0.0412 -0.9941
vn -0.8692 -0.3571 -0.3419
vn -0.8692 -0.3570 -0.3420
vn -0.3172 -0.1303 -0.9394
vn -0.3173 -0.1303 -0.9393
vn -0.3173 -0.1305 -0.9393
vn -0.2431 -0.5818 -0.7761
vn -0.2430 -0.5820 -0.7760
vn -0.2429 -0.5822 -0.7759
vn -0.0416 -0.0992 -0.9942
vn -0.3619 -0.8665 -0.3437
vn -0.3619 -0.8665 -0.3438
vn -0.1314 -0.3147 -0.9400
vn -0.1315 -0.3149 -0.9400
vn -0.0000 -0.0000 1.0000
vn 0.3619 -0.8665 -0.3437
vn 0.3618 -0.8665 -0.3440
vn 0.1316 -0.3148 -0.9400
vn 0.1315 -0.3148 -0.9400
vn 0.1314 -0.3147 -0.9401
vn 0.2429 -0.5822 -0.7759
vn 0.2431 -0.5822 -0.7759
vn 0.2431 -0.5825 -0.7756
vn 0.0416 -0.0992 -0.9942
vn 0.3171 -0.1304 -0.9394
vn 0.5854 -0.2402 -0.7744
vn 0.5856 0.2404 -0.7741
vn 0.8692 0.3571 -0.3420
vn 0.2430 0.5817 -0.7763
vn 0.1315 0.3148 -0.9400
vn -0.1316 0.3150 -0.9399
vn -0.2431 0.5814 -0.7765
vn -0.3174 0.1305 -0.9393
vn -0.5846 0.2408 -0.7748
vn -0.5853 -0.2405 -0.7743
vn -0.8692 -0.3571 -0.3420
vn 0.1316 -0.3149 -0.9400
vn 0.2428 -0.5820 -0.7761
vn 0.8692 0.3571 -0.3419
vn 0.8692 0.3570 -0.3421
vn 0.3172 0.1303 -0.9394
vn 0.3171 0.1303 -0.9394
vn 0.3170 0.1300 -0.9395
vn 0.5855 0.2404 -0.7742
vn 0.5858 0.2406 -0.7739
vn 0.5857 0.2405 -0.7740
vn 0.1002 0.0413 -0.9941
vn 0.1314 0.3148 -0.9400
vn 0.1314 0.3147 -0.9401
vn 0.1314 0.3150 -0.9400
vn 0.2431 0.5822 -0.7759
vn 0.2430 0.5822 -0.7759
vn 0.2432 0.5822 -0.7758
vn 0.0417 0.0994 -0.9942
vn 0.3619 0.8665 -0.3437
vn 0.3619 0.8665 -0.3438
vn -0.2430 0.5820 -0.7760
vn -0.2431 0.5820 -0.7760
vn -0.2431 0.5820 -0.7760
vn -0.0415 0.0990 -0.9942
vn -0.3619 0.8665 -0.3437
vn -0.3619 0.8665 -0.3438
vn -0.3620 0.8664 -0.3440
vn -0.1315 0.3148 -0.9400
vn -0.1314 0.3147 -0.9400
vn -0.0998 0.0410 -0.9942
vn -0.8693 0.3570 -0.3420
vn -0.8693 0.3571 -0.3419
vn -0.8692 0.3570 -0.3420
vn -0.3173 0.1303 -0.9393
vn -0.3172 0.1303 -0.9394
vn -0.5852 0.2405 -0.7744
vn -0.5854 0.2407 -0.7742
vn -0.5855 0.2404 -0.7742
vn -0.8692 -0.3571 -0.3419
vn -0.8692 -0.3570 -0.3420
vn -0.3173 -0.1303 -0.9393
vn -0.3172 -0.1303 -0.9394
vn -0.5853 -0.2405 -0.7743
vn -0.5852 -0.2405 -0.7744
vn -0.5855 -0.2404 -0.7742
vn -0.0998 -0.0409 -0.9942
vn -0.2431 -0.5820 -0.7760
vn -0.2430 -0.5820 -0.7760
vn -0.0414 -0.0994 -0.9942
vn -0.3619 -0.8665 -0.3437
vn -0.1314 -0.3147 -0.9400
vn -0.1314 -0.3150 -0.9399
vn 0.2428 -0.5821 -0.7760
vn 0.2433 -0.5822 -0.7758
vn 0.2434 -0.5823 -0.7757
vn 0.0414 -0.0994 -0.9942
vn 0.3619 -0.8665 -0.3437
vn 0.3619 -0.8665 -0.3438
vn 0.1314 -0.3147 -0.9400
vn 0.1313 -0.3148 -0.9400
vn -0.0000 -0.0000 1.0000
vn 0.8693 -0.3570 -0.3419
vn 0.8693 -0.3571 -0.3419
vn 0.8693 -0.3568 -0.3421
vn 0.3172 -0.1303 -0.9394
vn 0.3171 -0.1303 -0.9394
vn 0.3171 -0.1301 -0.9394
vn 0.5855 -0.2404 -0.7742
vn 0.5856 -0.2405 -0.7741
vn 0.5857 -0.2405 -0.7740
vn 0.0995 -0.0407 -0.9942
vn 0.3172 0.1303 -0.9394
vn 0.1316 0.3149 -0.9400
vn 0.2427 0.5820 -0.7761
vn -0.2430 0.5819 -0.7761
vn -0.1317 0.3148 -0.9400
vn -0.8692 0.3571 -0.3420
vn -0.3171 0.1304 -0.9394
vn -0.5851 0.2405 -0.7745
vn -0.3171 -0.1304 -0.9394
vn -0.5851 -0.2406 -0.7745
vn -0.2430 -0.5819 -0.7761
vn -0.3620 -0.8665 -0.3437
vn -0.1314 -0.3148 -0.9400
vn 0.2427 -0.5820 -0.7761
vn 0.1315 -0.3149 -0.9400
vn 0.8692 -0.3571 -0.3420
vn 0.5854 -0.2403 -0.7743
vn 0.3619 0.8665 -0.3437
vn 0.1314 0.3148 -0.9400
vn 0.1316 0.3148 -0.9400
vn 0.1313 0.3148 -0.9400
vn 0.2434 0.5821 -0.7758
vn 0.2432 0.5820 -0.7760
vn 0.2435 0.5822 -0.7757
vn 0.0416 0.0994 -0.9942
vn -0.1314 0.3147 -0.9400
vn -0.1314 0.3148 -0.9400
vn -0.2429 0.5821 -0.7760
vn -0.2433 0.5819 -0.7760
vn -0.2430 0.5820 -0.7760
vn -0.0413 0.0995 -0.9942
vn -0.3619 0.8665 -0.3437
vn -0.5852 0.2404 -0.7744
vn -0.5854 0.2405 -0.7743
vn -0.5853 0.2405 -0.7743
vn -0.1002 0.0413 -0.9941
vn -0.8692 0.3570 -0.3420
vn -0.8693 0.3570 -0.3420
vn -0.3172 0.1303 -0.9394
vn -0.3173 0.1305 -0.9393
vn -0.1002 -0.0412 -0.9941
vn -0.8693 -0.3571 -0.3419
vn -0.8693 -0.3570 -0.3420
vn -0.8693 -0.3570 -0.3419
vn -0.3172 -0.1303 -0.9394
vn -0.3173 -0.1303 -0.9393
vn -0.3173 -0.1305 -0.9393
vn -0.5850 -0.2406 -0.7745
vn -0.5852 -0.2405 -0.7744
vn -0.3619 -0.8665 -0.3437
vn -0.1316 -0.3148 -0.9400
vn -0.1314 -0.3148 -0.9400
vn -0.1314 -0.3147 -0.9400
vn -0.2431 -0.5822 -0.7758
vn -0.2430 -0.5820 -0.7760
vn -0.2429 -0.5822 -0.7759
vn -0.0416 -0.0992 -0.9942
vn 0.2429 -0.5821 -0.7760
vn 0.2431 -0.5822 -0.7759
vn 0.2431 -0.5821 -0.7759
vn 0.0416 -0.0992 -0.9942
vn 0.3619 -0.8665 -0.3437
vn 0.1316 -0.3148 -0.9400
vn 0.1314 -0.3148 -0.9400
vn 0.1313 -0.3148 -0.9400
vn 0.5859 -0.2407 -0.7738
vn 0.5854 -0.2402 -0.7743
vn 0.5856 -0.2404 -0.7741
vn 0.1002 -0.0412 -0.9941
vn 0.8692 -0.3570 -0.3420
vn 0.8691 -0.3571 -0.3422
vn 0.3172 -0.1303 -0.9394
vn 0.3173 -0.1302 -0.9393
vn 0.3171 -0.1301 -0.9394
vn -0.0000 -0.0000 1.0000
vn 0.8693 0.3570 -0.3420
vn 0.8692 0.3570 -0.3420
vn 0.3172 0.1303 -0.9394
vn 0.3170 0.1302 -0.9394
vn 0.3171 0.1301 -0.9394
vn 0.5854 0.2404 -0.7743
vn 0.5856 0.2405 -0.7741
vn 0.5857 0.2405 -0.7740
vn 0.1002 0.0413 -0.9941
vn 0.1316 0.3149 -0.9400
vn 0.2431 0.5819 -0.7761
vn -0.5851 0.2407 -0.7744
vn -0.3173 0.1304 -0.9393
vn -0.8692 -0.3571 -0.3419
vn -0.5853 -0.2405 -0.7743
vn -0.1315 -0.3147 -0.9400
vn 0.2428 -0.5820 -0.7761
vn 0.3619 -0.8665 -0.3438
vn 0.5854 -0.2402 -0.7744
vn 0.3172 -0.1303 -0.9394
vn 0.3172 0.1303 -0.9394
vn 0.5853 0.2402 -0.7744
vn -0.3619 0.8665 -0.3437
vn -0.1316 0.3150 -0.9399
vn -0.1316 0.3149 -0.9400
vn -0.2431 0.5820 -0.7760
vn -0.0416 0.0993 -0.9942
vn -0.3171 0.1303 -0.9394
vn -0.3173 0.1302 -0.9393
vn -0.5855 0.2405 -0.7742
vn -0.5854 0.2404 -0.7743
vn -0.5856 0.2407 -0.7740
vn -0.0995 0.0407 -0.9942
vn -0.8693 0.3570 -0.3418
vn -0.8693 0.3570 -0.3420
vn -0.8692 0.3570 -0.3420
vn -0.5854 -0.2404 -0.7743
vn -0.5853 -0.2405 -0.7743
vn -0.5856 -0.2405 -0.7741
vn -0.1002 -0.0413 -0.9941
vn -0.8693 -0.3570 -0.3419
vn -0.8693 -0.3570 -0.3420
vn -0.8692 -0.3570 -0.3420
vn -0.3172 -0.1303 -0.9394
vn -0.0414 -0.0994 -0.9942
vn -0.3619 -0.8665 -0.3437
vn -0.1314 -0.3147 -0.9400
vn -0.1315 -0.3148 -0.9400
vn -0.2430 -0.5819 -0.7761
vn -0.2431 -0.5821 -0.7759
vn -0.2431 -0.5820 -0.7760
vn 0.3619 -0.8665 -0.3437
vn 0.1315 -0.3146 -0.9401
vn 0.1314 -0.3147 -0.9401
vn 0.2429 -0.5821 -0.7760
vn 0.2431 -0.5822 -0.7759
vn 0.2432 -0.5822 -0.7758
vn 0.0414 -0.0993 -0.9942
vn 0.5853 -0.2403 -0.7744
vn 0.5855 -0.2405 -0.7742
vn 0.5857 -0.2406 -0.7740
vn 0.0999 -0.0410 -0.9942
vn 0.8693 -0.3570 -0.3419
vn 0.8691 -0.3572 -0.3421
vn 0.8693 -0.3569 -0.3421
vn 0.3172 -0.1303 -0.9394
vn 0.3171 -0.1301 -0.9394
vn 0.5855 0.2404 -0.7742
vn 0.5855 0.2405 -0.7742
vn 0.5856 0.2407 -0.7740
vn 0.0998 0.0409 -0.9942
vn 0.8692 0.3571 -0.3419
vn 0.8692 0.3570 -0.3420
vn 0.3173 0.1303 -0.9393
vn 0.3171 0.1303 -0.9394
vn 0.3172 0.1303 -0.9394
vn -0.0000 -0.0000 1.0000
vn 0.3619 0.8665 -0.3437
vn 0.3619 0.8665 -0.3438
vn 0.1316 0.3148 -0.9400
vn 0.1316 0.3149 -0.9400
vn 0.2433 0.5819 -0.7760
vn 0.2430 0.5819 -0.7761
vn 0.0416 0.0993 -0.9942
vn -0.1316 0.3148 -0.9400
vn -0.2431 0.5817 -0.7762
vn -0.5854 0.2403 -0.7743
vn -0.8693 0.3571 -0.3419
vn -0.5852 -0.2406 -0.7744
vn -0.8692 -0.3571 -0.3419
vn -0.3173 -0.1302 -0.9393
vn -0.2431 -0.5819 -0.7761
vn 0.1314 -0.3148 -0.9400
vn 0.2427 -0.5820 -0.7761
vn 0.5855 -0.2403 -0.7742
vn 0.8692 -0.3571 -0.3419
vn 0.3173 -0.1304 -0.9393
vn 0.8693 0.3571 -0.3419
vn 0.3172 0.1304 -0.9393
vn 0.1315 0.3148 -0.9400
vn -0.3619 0.8665 -0.3437
vn -0.1316 0.3148 -0.9400
vn -0.1316 0.3149 -0.9400
vn -0.2427 0.5818 -0.7763
vn -0.2430 0.5817 -0.7763
vn -0.2427 0.5820 -0.7761
vn -0.0414 0.0994 -0.9942
vn -0.3171 0.1303 -0.9394
vn -0.3173 0.1302 -0.9393
vn -0.5855 0.2405 -0.7742
vn -0.5856 0.2405 -0.7741
vn -0.0998 0.0409 -0.9942
vn -0.8693 0.3570 -0.3420
vn -0.8693 0.3570 -0.3419
vn -0.8692 0.3570 -0.3420
vn -0.5853 -0.2403 -0.7744
vn -0.5852 -0.2405 -0.7744
vn -0.5854 -0.2404 -0.7743
vn -0.1002 -0.0415 -0.9941
vn -0.8693 -0.3570 -0.3418
vn -0.8692 -0.3570 -0.3420
vn -0.3172 -0.1303 -0.9394
vn -0.0415 -0.0994 -0.9942
vn -0.3619 -0.8665 -0.3437
vn -0.1314 -0.3147 -0.9400
vn -0.1315 -0.3148 -0.9400
vn -0.2431 -0.5820 -0.7760
vn -0.2431 -0.5818 -0.7761
vn 0.3619 -0.8665 -0.3437
vn 0.3619 -0.8665 -0.3438
vn 0.1316 -0.3148 -0.9400
vn 0.1314 -0.3147 -0.9400
vn 0.1314 -0.3146 -0.9401
vn 0.2430 -0.5822 -0.7759
vn 0.2431 -0.5821 -0.7759
vn 0.2432 -0.5822 -0.7758
vn 0.0413 -0.0992 -0.9942
vn 0.5858 -0.2406 -0.7739
vn 0.5855 -0.2404 -0.7742
vn 0.5857 -0.2405 -0.7740
vn 0.0999 -0.0410 -0.9942
vn 0.8692 -0.3570 -0.3420
vn 0.8692 -0.3571 -0.3420
vn 0.8692 -0.3570 -0.3421
vn 0.3172 -0.1303 -0.9394
vn 0.3171 -0.1302 -0.9394
vn 0.5855 0.2405 -0.7742
vn 0.5855 0.2406 -0.7741
vn 0.5855 0.2405 -0.7742
vn 0.1002 0.0412 -0.9941
vn 0.8691 0.3572 -0.3421
vn 0.8692 0.3570 -0.3420
vn 0.8693 0.3569 -0.3421
vn 0.3173 0.1303 -0.9393
vn 0.3171 0.1302 -0.9394
vn 0.3172 0.1303 -0.9394
vn -0.0000 -0.0000 1.0000
vn 0.3619 0.8665 -0.3437
vn 0.3618 0.8665 -0.3439
vn 0.1316 0.3148 -0.9400
vn 0.2429 0.5813 -0.7766
vn 0.2429 0.5818 -0.7762
vn 0.2429 0.5819 -0.7761
vn 0.0414 0.0993 -0.9942
vn -0.1315 0.3149 -0.9400
vn -0.2431 0.5817 -0.7762
vn -0.5854 0.2403 -0.7743
vn -0.8692 0.3571 -0.3419
vn -0.8693 -0.3571 -0.3419
vn -0.3171 -0.1304 -0.9394
vn -0.1317 -0.3148 -0.9400
vn -0.2430 -0.5819 -0.7761
vn 0.2427 -0.5820 -0.7761
vn 0.5854 -0.2403 -0.7743
vn 0.8693 -0.3571 -0.3419
vn 0.3172 -0.1304 -0.9393
vn 0.5855 0.2404 -0.7742
vn 0.8692 0.3571 -0.3419
vn 0.3171 0.1304 -0.9394
vn 0.1314 0.3148 -0.9400
vn 0.2431 0.5817 -0.7762
vn -0.3619 0.8665 -0.3438
vn -0.3619 0.8665 -0.3437
vn -0.1316 0.3148 -0.9400
vn -0.1317 0.3149 -0.9400
vn -0.2429 0.5819 -0.7761
vn -0.2431 0.5814 -0.7764
vn -0.2431 0.5820 -0.7760
vn -0.0414 0.0994 -0.9942
vn -0.3172 0.1304 -0.9393
vn -0.3173 0.1305 -0.9393
vn -0.5851 0.2405 -0.7745
vn -0.5853 0.2405 -0.7743
vn -0.5855 0.2404 -0.7742
vn -0.0996 0.0408 -0.9942
vn -0.8693 0.3570 -0.3420
vn -0.8693 0.3570 -0.3418
vn -0.8692 0.3570 -0.3420
vn -0.5852 -0.2404 -0.7744
vn -0.5853 -0.2405 -0.7743
vn -0.5855 -0.2404 -0.7742
vn -0.0996 -0.0408 -0.9942
vn -0.8693 -0.3570 -0.3420
vn -0.8692 -0.3570 -0.3421
vn -0.8692 -0.3570 -0.3420
vn -0.3172 -0.1303 -0.9394
vn -0.0415 -0.0994 -0.9942
vn -0.3619 -0.8665 -0.3437
vn -0.3619 -0.8666 -0.3437
vn -0.3619 -0.8665 -0.3438
vn -0.1314 -0.3147 -0.9400
vn -0.1315 -0.3148 -0.9400
vn -0.2431 -0.5820 -0.7760
vn -0.2431 -0.5818 -0.7761
vn 0.3619 -0.8665 -0.3437
vn 0.3619 -0.8665 -0.3438
vn 0.1314 -0.3147 -0.9400
vn 0.1316 -0.3149 -0.9400
vn 0.1314 -0.3150 -0.9400
vn 0.2430 -0.5822 -0.7759
vn 0.2431 -0.5822 -0.7759
vn 0.2432 -0.5822 -0.7758
vn 0.0416 -0.0994 -0.9942
vn 0.5858 -0.2406 -0.7739
vn 0.5855 -0.2404 -0.7742
vn 0.5857 -0.2405 -0.7740
vn 0.0998 -0.0410 -0.9942
vn 0.8693 -0.3570 -0.3420
vn 0.8692 -0.3570 -0.3420
vn 0.3171 -0.1303 -0.9394
vn 0.3172 -0.1303 -0.9394
vn 0.3171 -0.1301 -0.9394
vn 0.5855 0.2405 -0.7742
vn 0.5855 0.2406 -0.7741
vn 0.5855 0.2405 -0.7742
vn 0.1002 0.0412 -0.9941
vn 0.8693 0.3570 -0.3420
vn 0.8691 0.3570 -0.3423
vn 0.3173 0.1303 -0.9393
vn 0.3171 0.1302 -0.9394
vn 0.3174 0.1305 -0.9393
vn -0.0000 -0.0000 1.0000
vn 0.3619 0.8665 -0.3437
vn 0.3619 0.8666 -0.3437
vn 0.1316 0.3148 -0.9400
vn 0.1317 0.3149 -0.9400
vn 0.2431 0.5817 -0.7762
vn 0.2429 0.5818 -0.7762
vn 0.2429 0.5819 -0.7761
vn 0.0414 0.0994 -0.9942
vn -0.1316 0.3149 -0.9400
vn -0.5849 0.2405 -0.7746
vn -0.5853 -0.2406 -0.7743
vn -0.8693 -0.3570 -0.3419
vn -0.3170 -0.1304 -0.9394
vn -0.2427 -0.5820 -0.7761
vn 0.2428 -0.5820 -0.7761
vn 0.5856 -0.2404 -0.7741
vn 0.8692 -0.3571 -0.3419
vn 0.3172 -0.1303 -0.9394
vn 0.5855 0.2404 -0.7742
vn 0.8692 0.3571 -0.3419
vn 0.3171 0.1303 -0.9394
vn 0.1314 0.3150 -0.9399
vn 0.2431 0.5817 -0.7762
vn -0.3619 0.8666 -0.3437
vn -0.3619 0.8665 -0.3437
vn -0.3621 0.8662 -0.3443
vn -0.1316 0.3148 -0.9400
vn -0.1315 0.3147 -0.9400
vn -0.1317 0.3149 -0.9400
vn -0.2431 0.5818 -0.7761
vn -0.2431 0.5817 -0.7762
vn -0.2431 0.5819 -0.7761
vn -0.0416 0.0994 -0.9942
vn -0.3173 0.1305 -0.9393
vn -0.3172 0.1304 -0.9393
vn -0.5850 0.2405 -0.7746
vn -0.5854 0.2406 -0.7742
vn -0.5855 0.2404 -0.7742
vn -0.0995 0.0407 -0.9942
vn -0.8693 0.3570 -0.3420
vn -0.8693 0.3570 -0.3418
vn -0.5853 -0.2404 -0.7744
vn -0.5852 -0.2405 -0.7744
vn -0.5854 -0.2403 -0.7743
vn -0.0998 -0.0409 -0.9942
vn -0.8693 -0.3570 -0.3420
vn -0.8692 -0.3570 -0.3420
vn -0.3173 -0.1303 -0.9393
vn -0.3172 -0.1303 -0.9394
vn -0.0414 -0.0994 -0.9942
vn -0.3619 -0.8665 -0.3437
vn -0.3619 -0.8665 -0.3438
vn -0.1314 -0.3147 -0.9400
vn -0.1314 -0.3148 -0.9400
vn -0.2431 -0.5820 -0.7760
vn -0.2430 -0.5820 -0.7760
vn 0.3619 -0.8665 -0.3438
vn 0.3619 -0.8665 -0.3437
vn 0.1314 -0.3147 -0.9400
vn 0.1313 -0.3148 -0.9400
vn 0.1314 -0.3147 -0.9401
vn 0.2431 -0.5817 -0.7762
vn 0.2431 -0.5822 -0.7759
vn 0.0414 -0.0994 -0.9942
vn 0.5856 -0.2405 -0.7741
vn 0.5855 -0.2404 -0.7742
vn 0.5857 -0.2406 -0.7740
vn 0.0996 -0.0408 -0.9942
vn 0.8692 -0.3570 -0.3420
vn 0.8693 -0.3570 -0.3420
vn 0.8691 -0.3570 -0.3423
vn 0.3172 -0.1303 -0.9394
vn 0.3172 -0.1303 -0.9394
vn 0.3170 -0.1300 -0.9395
vn 0.5856 0.2405 -0.7741
vn 0.5855 0.2405 -0.7742
vn 0.5856 0.2407 -0.7740
vn 0.1002 0.0413 -0.9941
vn 0.8693 0.3570 -0.3420
vn 0.8692 0.3570 -0.3420
vn 0.3171 0.1303 -0.9394
vn 0.3173 0.1303 -0.9393
vn -0.0000 -0.0000 1.0000
vn 0.3619 0.8665 -0.3437
vn 0.3619 0.8665 -0.3438
vn 0.1317 0.3149 -0.9400
vn 0.1316 0.3150 -0.9399
vn 0.1316 0.3148 -0.9400
vn 0.2433 0.5819 -0.7760
vn 0.2428 0.5821 -0.7760
vn 0.0416 0.0994 -0.9942
vn -0.1316 0.3150 -0.9399
vn -0.2430 0.5812 -0.7766
vn -0.5849 0.2405 -0.7746
vn -0.8693 0.3570 -0.3419
vn -0.5852 -0.2405 -0.7744
vn -0.8693 -0.3570 -0.3418
vn -0.2430 -0.5819 -0.7761
vn 0.3619 -0.8666 -0.3437
vn 0.1315 -0.3149 -0.9400
vn 0.2429 -0.5819 -0.7761
vn 0.8692 -0.3571 -0.3419
vn 0.5855 0.2404 -0.7742
vn 0.8692 0.3571 -0.3419
vn 0.3171 0.1302 -0.9394
vn 0.1316 0.3149 -0.9400
f 2/1/1 291/2/1 294/3/1
f 3/4/2 294/3/2 299/5/2
f 4/6/3 299/5/3 304/7/3
f 5/8/4 304/7/5 303/9/5
f 6/10/6 303/9/6 297/11/7
f 7/12/8 297/11/8 311/13/9
f 8/14/10 311/13/11 313/15/11
f 9/16/12 313/15/12 10/17/12
f 315/18/13 9/16/13 10/17/14
f 317/19/15 11/20/15 315/18/15
f 298/21/16 12/22/17 317/19/16
f 301/23/18 13/24/19 298/21/18
f 307/25/20 14/26/20 301/23/21
f 292/27/22 15/28/23 307/25/23
f 295/29/24 16/30/24 292/27/24
f 302/31/25 17/32/25 295/29/25
f 19/33/26 302/31/26 305/34/26
f 20/35/27 305/34/27 306/36/27
f 21/37/28 306/36/28 308/38/28
f 22/39/29 308/38/29 310/40/29
f 23/41/30 310/40/30 312/42/30
f 24/43/31 312/42/32 314/44/33
f 25/45/34 314/44/35 316/46/35
f 26/47/36 316/46/36 27/48/36
f 26/47/37 318/49/37 28/50/37
f 28/50/38 319/51/39 29/52/38
f 29/52/40 320/53/41 30/54/41
f 30/54/42 293/55/42 31/56/42
f 31/56/43 296/57/43 32/58/43
f 32/58/44 300/59/44 33/60/44
f 309/61/45 33/60/45 300/59/45
f 291/62/46 34/63/46 309/61/46
f 3/4/47 36/1/47 2/1/47
f 64/58/48 95/56/48 63/56/48
f 12/22/47 46/24/47 45/22/47
f 21/37/47 55/39/47 54/37/47
f 32/58/47 63/56/47 31/56/47
f 7/12/47 42/14/47 41/12/47
f 17/32/47 51/64/47 50/32/47
f 28/50/47 59/47/47 26/47/47
f 3/4/47 38/6/47 37/4/47
f 13/24/47 47/26/47 46/24/47
f 23/41/47 55/39/47 22/39/47
f 33/60/47 64/58/47 32/58/47
f 8/14/47 43/16/47 42/14/47
f 19/33/47 51/64/47 18/64/47
f 29/52/47 60/50/47 28/50/47
f 4/6/47 39/8/47 38/6/47
f 15/28/47 47/26/47 14/26/47
f 23/41/47 57/43/47 56/41/47
f 33/60/47 66/63/47 65/60/47
f 11/20/47 43/16/47 9/16/47
f 20/35/47 52/33/47 19/33/47
f 30/54/47 61/52/47 29/52/47
f 6/10/47 39/8/47 5/8/47
f 15/28/47 49/30/47 48/28/47
f 24/43/47 58/45/47 57/43/47
f 2/1/47 35/65/47 1/65/47
f 34/63/47 35/66/47 66/63/47
f 12/22/47 44/20/47 11/20/47
f 20/35/47 54/37/47 53/35/47
f 30/54/47 63/56/47 62/54/47
f 7/12/47 40/10/47 6/10/47
f 16/30/47 50/32/47 49/30/47
f 25/45/47 59/47/47 58/45/47
f 81/67/49 89/68/49 97/69/49
f 51/64/50 82/32/51 50/32/50
f 38/6/52 69/4/53 37/4/52
f 65/60/54 96/58/55 64/58/54
f 52/33/26 83/64/26 51/64/56
f 39/8/57 70/6/58 38/6/57
f 66/63/59 97/60/59 65/60/59
f 53/35/60 84/33/60 52/33/60
f 40/10/6 71/8/6 39/8/6
f 35/66/46 98/63/46 66/63/61
f 54/37/62 85/35/63 53/35/62
f 41/12/64 72/10/64 40/10/64
f 55/39/65 86/37/65 54/37/65
f 42/14/66 73/12/66 41/12/66
f 56/41/67 87/39/67 55/39/67
f 43/16/68 74/14/68 42/14/68
f 57/43/69 88/41/69 56/41/69
f 44/20/70 75/16/70 43/16/70
f 58/45/71 89/43/71 57/43/71
f 45/22/72 76/20/72 44/20/73
f 59/47/74 90/45/74 58/45/74
f 46/24/17 77/22/17 45/22/17
f 60/50/75 91/47/75 59/47/75
f 47/26/18 78/24/18 46/24/18
f 61/52/76 92/50/76 60/50/76
f 48/28/21 79/26/77 47/26/21
f 62/54/78 93/52/78 61/52/78
f 49/30/22 80/28/79 48/28/22
f 36/1/80 67/65/81 35/65/80
f 63/56/82 94/54/82 62/54/82
f 50/32/83 81/30/83 49/30/83
f 37/4/84 68/1/84 36/1/84
f 100/70/85 101/1/85 99/65/85
f 102/71/86 103/4/86 101/1/86
f 104/72/87 105/6/87 103/4/87
f 106/73/88 107/8/88 105/6/88
f 108/74/89 109/10/89 107/8/90
f 110/75/91 111/12/92 109/10/92
f 112/76/93 113/14/93 111/12/93
f 114/77/94 115/16/94 113/14/94
f 118/78/95 317/79/95 315/80/95
f 117/20/95 311/81/95 119/22/95
f 120/82/96 298/83/96 317/79/96
f 119/22/96 297/84/96 121/24/96
f 122/85/97 301/86/97 298/83/97
f 121/24/97 303/87/97 123/26/97
f 124/88/98 307/89/98 301/86/98
f 123/26/98 304/90/98 125/28/98
f 126/91/99 292/92/99 307/89/99
f 125/28/99 299/93/99 127/30/99
f 128/94/100 295/95/100 292/92/100
f 127/30/100 294/96/100 129/32/100
f 130/97/101 302/98/101 295/95/101
f 129/32/101 291/99/101 131/64/101
f 134/100/102 302/98/102 132/101/102
f 133/33/102 291/99/102 309/102/102
f 136/103/103 305/104/103 134/100/103
f 135/35/103 309/102/103 300/105/103
f 138/106/104 306/107/105 136/103/104
f 137/37/104 300/105/105 296/108/104
f 140/109/106 308/110/106 138/106/106
f 139/39/106 296/108/106 293/111/106
f 142/112/107 310/113/108 140/109/109
f 141/41/107 293/111/108 320/114/107
f 144/115/110 312/116/110 142/112/110
f 143/43/110 320/114/110 319/117/111
f 146/118/112 314/119/112 144/115/112
f 145/45/112 319/117/112 318/120/112
f 148/48/113 147/47/113 27/121/114
f 148/48/115 149/50/115 147/47/115
f 150/122/116 151/52/116 149/50/116
f 152/123/117 153/54/118 151/52/118
f 154/124/119 155/56/119 153/54/120
f 156/125/121 157/58/121 155/56/121
f 158/126/122 159/60/122 157/58/122
f 112/76/123 232/75/123 233/76/123
f 160/127/124 161/63/124 159/60/124
f 162/128/125 99/66/125 161/63/125
f 101/1/126 165/4/126 164/1/126
f 192/58/127 223/56/127 191/56/127
f 119/22/126 174/24/126 173/22/126
f 137/37/126 183/39/126 182/37/126
f 157/58/126 191/56/126 155/56/126
f 111/12/126 170/14/126 169/12/126
f 129/32/126 179/64/126 178/32/126
f 149/50/126 187/47/126 147/47/126
f 105/6/126 165/4/126 103/4/126
f 121/24/126 175/26/126 174/24/126
f 139/39/126 184/41/126 183/39/126
f 157/58/126 193/60/126 192/58/126
f 113/14/126 171/16/126 170/14/126
f 133/33/126 179/64/126 131/64/126
f 151/52/126 188/50/126 149/50/126
f 105/6/126 167/8/126 166/6/126
f 125/28/126 175/26/126 123/26/126
f 143/43/126 184/41/126 141/41/126
f 161/63/126 193/60/126 159/60/126
f 117/20/126 171/16/126 115/16/126
f 135/35/126 180/33/126 133/33/126
f 153/54/126 189/52/126 151/52/126
f 107/8/126 168/10/126 167/8/126
f 125/28/126 177/30/126 176/28/126
f 143/43/126 186/45/126 185/43/126
f 101/1/126 163/65/126 99/65/126
f 161/63/126 163/66/126 194/63/126
f 119/22/126 172/20/126 117/20/126
f 137/37/126 181/35/126 135/35/126
f 155/56/126 190/54/126 153/54/126
f 111/12/126 168/10/126 109/10/126
f 127/30/126 178/32/126 177/30/126
f 145/45/126 187/47/126 186/45/126
f 217/68/123 225/69/123 201/129/123
f 179/64/128 210/32/128 178/32/128
f 166/6/129 197/4/130 165/4/129
f 193/60/131 224/58/131 192/58/122
f 180/33/132 211/64/132 179/64/132
f 167/8/133 198/6/133 166/6/133
f 194/63/134 225/60/134 193/60/134
f 181/35/135 212/33/135 180/33/135
f 168/10/136 199/8/89 167/8/136
f 163/66/125 226/63/125 194/63/137
f 182/37/138 213/35/138 181/35/138
f 169/12/139 200/10/139 168/10/139
f 183/39/140 214/37/140 182/37/140
f 170/14/141 201/12/141 169/12/141
f 184/41/142 215/39/142 183/39/143
f 171/16/144 202/14/144 170/14/144
f 185/43/145 216/41/145 184/41/145
f 172/20/146 203/16/146 171/16/146
f 186/45/147 217/43/147 185/43/147
f 173/22/148 204/20/148 172/20/148
f 187/47/149 218/45/149 186/45/149
f 174/24/150 205/22/150 173/22/150
f 188/50/151 219/47/151 187/47/151
f 175/26/97 206/24/97 174/24/152
f 189/52/153 220/50/153 188/50/153
f 176/28/154 207/26/154 175/26/154
f 190/54/155 221/52/155 189/52/155
f 177/30/156 208/28/156 176/28/156
f 164/1/157 195/65/157 163/65/158
f 191/56/120 222/54/120 190/54/120
f 178/32/159 209/30/159 177/30/159
f 165/4/160 196/1/160 164/1/160
f 248/112/145 281/115/145 249/115/145
f 128/94/123 242/97/123 130/97/123
f 146/118/123 251/48/123 148/48/123
f 102/71/123 229/72/123 104/72/123
f 120/82/123 238/85/123 122/85/123
f 138/106/123 247/109/123 140/109/123
f 158/126/123 255/125/123 256/126/123
f 112/76/123 234/77/123 114/77/123
f 130/97/123 243/101/123 132/101/123
f 150/122/123 251/48/123 252/122/123
f 106/73/123 229/72/123 230/73/123
f 122/85/123 239/88/123 124/88/123
f 140/109/123 248/112/123 142/112/123
f 158/126/123 257/127/123 160/127/123
f 114/77/123 235/17/123 116/17/123
f 134/100/123 243/101/123 244/100/123
f 152/123/123 252/122/123 253/123/123
f 106/73/123 231/74/123 108/74/123
f 126/91/123 239/88/123 240/91/123
f 144/115/123 248/112/123 249/115/123
f 162/128/123 257/127/123 258/128/123
f 118/78/123 235/17/123 236/78/123
f 136/103/123 244/100/123 245/103/123
f 154/124/123 253/123/123 254/124/123
f 108/74/123 232/75/123 110/75/123
f 126/91/123 241/94/123 128/94/123
f 144/115/123 250/118/123 146/118/123
f 102/71/123 227/70/123 228/71/123
f 162/128/123 227/130/123 100/130/123
f 120/82/123 236/78/123 237/82/123
f 138/106/123 245/103/123 246/106/123
f 156/125/123 254/124/123 255/125/123
f 271/131/126 263/132/126 287/133/126
f 235/17/146 268/78/146 236/78/146
f 249/115/147 282/118/147 250/118/147
f 236/78/148 269/82/148 237/82/148
f 250/118/149 283/48/149 251/48/149
f 237/82/150 270/85/150 238/85/150
f 251/48/151 284/122/151 252/122/151
f 238/85/97 271/88/97 239/88/97
f 252/122/153 285/123/153 253/123/153
f 239/88/154 272/91/154 240/91/154
f 253/123/155 286/124/155 254/124/155
f 240/91/156 273/94/156 241/94/156
f 227/70/157 260/71/157 228/71/158
f 254/124/120 287/125/120 255/125/161
f 241/94/159 274/97/159 242/97/159
f 228/71/160 261/72/160 229/72/160
f 255/125/127 288/126/127 256/126/127
f 242/97/128 275/101/128 243/101/128
f 229/72/130 262/73/129 230/73/130
f 256/126/131 289/127/131 257/127/131
f 243/101/132 276/100/132 244/100/132
f 230/73/133 263/74/133 231/74/133
f 257/127/134 290/128/134 258/128/134
f 244/100/135 277/103/135 245/103/135
f 231/74/90 264/75/89 232/75/89
f 258/128/125 259/130/125 227/130/137
f 245/103/138 278/106/138 246/106/138
f 232/75/139 265/76/139 233/76/139
f 246/106/140 279/109/140 247/109/140
f 233/76/141 266/77/141 234/77/141
f 247/109/142 280/112/142 248/112/142
f 234/77/144 267/17/144 235/17/144
f 115/16/162 116/17/162 10/134/163
f 2/1/1 1/65/1 291/2/1
f 3/4/2 2/1/2 294/3/2
f 4/6/3 3/4/3 299/5/3
f 5/8/4 4/6/5 304/7/5
f 6/10/6 5/8/7 303/9/6
f 7/12/8 6/10/8 297/11/8
f 8/14/10 7/12/11 311/13/11
f 9/16/12 8/14/12 313/15/12
f 315/18/13 11/20/13 9/16/13
f 317/19/15 12/22/15 11/20/15
f 298/21/16 13/24/164 12/22/17
f 301/23/18 14/26/19 13/24/19
f 307/25/20 15/28/20 14/26/20
f 292/27/22 16/30/22 15/28/23
f 295/29/24 17/32/24 16/30/24
f 302/31/25 18/64/25 17/32/25
f 19/33/26 18/64/26 302/31/26
f 20/35/27 19/33/27 305/34/27
f 21/37/28 20/35/28 306/36/28
f 22/39/29 21/37/29 308/38/29
f 23/41/30 22/39/30 310/40/30
f 24/43/31 23/41/32 312/42/32
f 25/45/34 24/43/34 314/44/35
f 26/47/36 25/45/36 316/46/36
f 26/47/37 27/48/37 318/49/37
f 28/50/38 318/49/39 319/51/39
f 29/52/40 319/51/165 320/53/41
f 30/54/42 320/53/42 293/55/42
f 31/56/43 293/55/43 296/57/43
f 32/58/44 296/57/44 300/59/44
f 309/61/45 34/63/45 33/60/45
f 291/62/46 1/66/46 34/63/46
f 3/4/47 37/4/47 36/1/47
f 64/58/48 96/58/48 95/56/48
f 12/22/47 13/24/47 46/24/47
f 21/37/47 22/39/47 55/39/47
f 32/58/47 64/58/47 63/56/47
f 7/12/47 8/14/47 42/14/47
f 17/32/47 18/64/47 51/64/47
f 28/50/47 60/50/47 59/47/47
f 3/4/47 4/6/47 38/6/47
f 13/24/47 14/26/47 47/26/47
f 23/41/47 56/41/47 55/39/47
f 33/60/47 65/60/47 64/58/47
f 8/14/47 9/16/47 43/16/47
f 19/33/47 52/33/47 51/64/47
f 29/52/47 61/52/47 60/50/47
f 4/6/47 5/8/47 39/8/47
f 15/28/47 48/28/47 47/26/47
f 23/41/47 24/43/47 57/43/47
f 33/60/47 34/63/47 66/63/47
f 11/20/47 44/20/47 43/16/47
f 20/35/47 53/35/47 52/33/47
f 30/54/47 62/54/47 61/52/47
f 6/10/47 40/10/47 39/8/47
f 15/28/47 16/30/47 49/30/47
f 24/43/47 25/45/47 58/45/47
f 2/1/47 36/1/47 35/65/47
f 34/63/47 1/66/47 35/66/47
f 12/22/47 45/22/47 44/20/47
f 20/35/47 21/37/47 54/37/47
f 30/54/47 31/56/47 63/56/47
f 7/12/47 41/12/47 40/10/47
f 16/30/47 17/32/47 50/32/47
f 25/45/47 26/47/47 59/47/47
f 97/69/49 98/135/49 67/136/49
f 67/136/49 68/137/49 69/138/49
f 69/138/49 70/139/49 71/140/49
f 71/140/49 72/141/166 73/129/49
f 73/129/49 74/142/49 75/143/49
f 75/143/49 76/144/49 77/145/49
f 77/145/49 78/146/166 79/147/49
f 79/147/49 80/148/49 81/67/49
f 81/67/49 82/149/49 83/150/49
f 83/150/49 84/151/49 85/152/49
f 85/152/49 86/153/49 87/154/49
f 87/154/49 88/155/167 89/68/49
f 89/68/49 90/156/49 91/157/49
f 91/157/49 92/158/49 93/159/49
f 93/159/49 94/160/167 95/161/49
f 95/161/49 96/162/49 97/69/49
f 97/69/49 67/136/49 69/138/49
f 69/138/49 71/140/49 73/129/49
f 73/129/49 75/143/49 77/145/49
f 77/145/49 79/147/49 81/67/49
f 81/67/49 83/150/49 85/152/49
f 85/152/49 87/154/49 89/68/49
f 89/68/49 91/157/49 93/159/49
f 93/159/49 95/161/49 97/69/49
f 97/69/49 69/138/49 73/129/49
f 73/129/49 77/145/49 81/67/49
f 81/67/49 85/152/49 89/68/49
f 89/68/49 93/159/49 97/69/49
f 97/69/49 73/129/49 81/67/49
f 51/64/50 83/64/51 82/32/51
f 38/6/52 70/6/53 69/4/53
f 65/60/54 97/60/55 96/58/55
f 52/33/26 84/33/56 83/64/26
f 39/8/57 71/8/57 70/6/58
f 66/63/59 98/63/59 97/60/59
f 53/35/60 85/35/60 84/33/60
f 40/10/6 72/10/6 71/8/6
f 35/66/46 67/66/61 98/63/46
f 54/37/62 86/37/63 85/35/63
f 41/12/64 73/12/64 72/10/64
f 55/39/65 87/39/65 86/37/65
f 42/14/66 74/14/168 73/12/66
f 56/41/67 88/41/67 87/39/67
f 43/16/68 75/16/68 74/14/68
f 57/43/69 89/43/69 88/41/69
f 44/20/70 76/20/70 75/16/70
f 58/45/71 90/45/71 89/43/71
f 45/22/72 77/22/72 76/20/72
f 59/47/74 91/47/74 90/45/74
f 46/24/17 78/24/17 77/22/17
f 60/50/75 92/50/75 91/47/75
f 47/26/18 79/26/18 78/24/18
f 61/52/76 93/52/76 92/50/76
f 48/28/21 80/28/21 79/26/77
f 62/54/78 94/54/78 93/52/78
f 49/30/22 81/30/79 80/28/79
f 36/1/80 68/1/81 67/65/81
f 63/56/82 95/56/82 94/54/82
f 50/32/83 82/32/83 81/30/83
f 37/4/84 69/4/84 68/1/84
f 100/70/85 102/71/85 101/1/85
f 102/71/86 104/72/86 103/4/86
f 104/72/87 106/73/129 105/6/87
f 106/73/88 108/74/88 107/8/88
f 108/74/89 110/75/90 109/10/89
f 110/75/91 112/76/91 111/12/92
f 112/76/93 114/77/93 113/14/93
f 114/77/94 116/17/94 115/16/94
f 118/78/95 120/82/95 317/79/95
f 117/20/95 313/163/95 311/81/95
f 120/82/96 122/85/96 298/83/96
f 119/22/96 311/81/96 297/84/96
f 122/85/97 124/88/97 301/86/97
f 121/24/97 297/84/97 303/87/97
f 124/88/98 126/91/98 307/89/98
f 123/26/98 303/87/98 304/90/98
f 126/91/99 128/94/99 292/92/99
f 125/28/99 304/90/99 299/93/99
f 128/94/100 130/97/100 295/95/100
f 127/30/100 299/93/100 294/96/100
f 130/97/101 132/101/101 302/98/101
f 129/32/101 294/96/101 291/99/101
f 134/100/102 305/104/102 302/98/102
f 133/33/102 131/64/102 291/99/102
f 136/103/103 306/107/103 305/104/103
f 135/35/103 133/33/103 309/102/103
f 138/106/104 308/110/104 306/107/105
f 137/37/104 135/35/104 300/105/105
f 140/109/106 310/113/106 308/110/106
f 139/39/106 137/37/106 296/108/106
f 142/112/107 312/116/107 310/113/108
f 141/41/107 139/39/109 293/111/108
f 144/115/110 314/119/111 312/116/110
f 143/43/110 141/41/110 320/114/110
f 146/118/112 316/164/112 314/119/112
f 145/45/112 143/43/112 319/117/112
f 147/47/169 145/45/169 318/120/169
f 27/121/170 316/164/169 146/118/171
f 147/47/169 318/120/169 27/121/172
f 27/121/170 146/118/171 148/48/171
f 148/48/115 150/122/115 149/50/115
f 150/122/116 152/123/116 151/52/116
f 152/123/117 154/124/117 153/54/118
f 154/124/119 156/125/120 155/56/119
f 156/125/121 158/126/121 157/58/121
f 158/126/122 160/127/173 159/60/122
f 112/76/123 110/75/123 232/75/123
f 160/127/124 162/128/124 161/63/124
f 162/128/125 100/130/125 99/66/125
f 101/1/126 103/4/126 165/4/126
f 192/58/127 224/58/127 223/56/127
f 119/22/126 121/24/126 174/24/126
f 137/37/126 139/39/126 183/39/126
f 157/58/126 192/58/126 191/56/126
f 111/12/126 113/14/126 170/14/126
f 129/32/126 131/64/126 179/64/126
f 149/50/126 188/50/126 187/47/126
f 105/6/126 166/6/126 165/4/126
f 121/24/126 123/26/126 175/26/126
f 139/39/126 141/41/126 184/41/126
f 157/58/126 159/60/126 193/60/126
f 113/14/126 115/16/126 171/16/126
f 133/33/126 180/33/126 179/64/126
f 151/52/126 189/52/126 188/50/126
f 105/6/126 107/8/126 167/8/126
f 125/28/126 176/28/126 175/26/126
f 143/43/126 185/43/126 184/41/126
f 161/63/126 194/63/126 193/60/126
f 117/20/126 172/20/126 171/16/126
f 135/35/126 181/35/126 180/33/126
f 153/54/126 190/54/126 189/52/126
f 107/8/126 109/10/126 168/10/126
f 125/28/126 127/30/126 177/30/126
f 143/43/126 145/45/126 186/45/126
f 101/1/126 164/1/126 163/65/126
f 161/63/126 99/66/126 163/66/126
f 119/22/126 173/22/126 172/20/126
f 137/37/126 182/37/126 181/35/126
f 155/56/126 191/56/126 190/54/126
f 111/12/126 169/12/126 168/10/126
f 127/30/126 129/32/126 178/32/126
f 145/45/126 147/47/126 187/47/126
f 201/129/123 202/142/123 203/143/123
f 203/143/123 204/144/123 205/145/123
f 205/145/123 206/146/123 207/147/123
f 207/147/123 208/148/123 209/67/123
f 209/67/123 210/149/123 211/150/123
f 211/150/123 212/151/123 213/152/123
f 213/152/123 214/153/123 215/154/123
f 215/154/123 216/155/123 217/68/123
f 217/68/123 218/156/123 219/157/123
f 219/157/123 220/158/123 221/159/123
f 221/159/123 222/160/123 223/161/123
f 223/161/123 224/162/123 225/69/123
f 225/69/123 226/135/123 195/136/123
f 195/136/123 196/137/123 197/138/123
f 197/138/123 198/139/123 199/140/123
f 199/140/123 200/141/123 201/129/123
f 201/129/123 203/143/123 205/145/123
f 205/145/123 207/147/123 209/67/123
f 209/67/123 211/150/123 213/152/123
f 213/152/123 215/154/123 217/68/123
f 217/68/123 219/157/123 221/159/123
f 221/159/123 223/161/123 225/69/123
f 225/69/123 195/136/123 197/138/123
f 197/138/123 199/140/123 201/129/123
f 201/129/123 205/145/123 209/67/123
f 209/67/123 213/152/123 217/68/123
f 217/68/123 221/159/123 225/69/123
f 225/69/123 197/138/123 201/129/123
f 201/129/123 209/67/123 217/68/123
f 179/64/128 211/64/128 210/32/128
f 166/6/129 198/6/130 197/4/130
f 193/60/131 225/60/131 224/58/131
f 180/33/132 212/33/132 211/64/132
f 167/8/133 199/8/174 198/6/133
f 194/63/134 226/63/134 225/60/134
f 181/35/135 213/35/135 212/33/135
f 168/10/136 200/10/89 199/8/89
f 163/66/125 195/66/175 226/63/125
f 182/37/138 214/37/138 213/35/138
f 169/12/139 201/12/139 200/10/139
f 183/39/140 215/39/140 214/37/140
f 170/14/141 202/14/141 201/12/141
f 184/41/142 216/41/143 215/39/142
f 171/16/144 203/16/144 202/14/144
f 185/43/145 217/43/145 216/41/145
f 172/20/146 204/20/146 203/16/146
f 186/45/147 218/45/176 217/43/147
f 173/22/148 205/22/148 204/20/148
f 187/47/149 219/47/149 218/45/149
f 174/24/150 206/24/150 205/22/150
f 188/50/151 220/50/151 219/47/151
f 175/26/97 207/26/97 206/24/97
f 189/52/153 221/52/153 220/50/153
f 176/28/154 208/28/177 207/26/154
f 190/54/155 222/54/155 221/52/155
f 177/30/156 209/30/156 208/28/156
f 164/1/157 196/1/158 195/65/157
f 191/56/120 223/56/161 222/54/120
f 178/32/159 210/32/159 209/30/159
f 165/4/160 197/4/160 196/1/160
f 248/112/145 280/112/145 281/115/145
f 128/94/123 241/94/123 242/97/123
f 146/118/123 250/118/123 251/48/123
f 102/71/123 228/71/123 229/72/123
f 120/82/123 237/82/123 238/85/123
f 138/106/123 246/106/123 247/109/123
f 158/126/123 156/125/123 255/125/123
f 112/76/123 233/76/123 234/77/123
f 130/97/123 242/97/123 243/101/123
f 150/122/123 148/48/123 251/48/123
f 106/73/123 104/72/123 229/72/123
f 122/85/123 238/85/123 239/88/123
f 140/109/123 247/109/123 248/112/123
f 158/126/123 256/126/123 257/127/123
f 114/77/123 234/77/123 235/17/123
f 134/100/123 132/101/123 243/101/123
f 152/123/123 150/122/123 252/122/123
f 106/73/123 230/73/123 231/74/123
f 126/91/123 124/88/123 239/88/123
f 144/115/123 142/112/123 248/112/123
f 162/128/123 160/127/123 257/127/123
f 118/78/123 116/17/123 235/17/123
f 136/103/123 134/100/123 244/100/123
f 154/124/123 152/123/123 253/123/123
f 108/74/123 231/74/123 232/75/123
f 126/91/123 240/91/123 241/94/123
f 144/115/123 249/115/123 250/118/123
f 102/71/123 100/70/123 227/70/123
f 162/128/123 258/128/123 227/130/123
f 120/82/123 118/78/123 236/78/123
f 138/106/123 136/103/123 245/103/123
f 156/125/123 154/124/123 254/124/123
f 287/133/126 286/165/126 285/166/126
f 285/166/126 284/167/126 283/168/126
f 283/168/126 282/169/126 281/170/126
f 281/170/126 280/171/126 279/172/126
f 279/172/126 278/173/126 277/174/126
f 277/174/126 276/175/126 275/176/126
f 275/176/126 274/177/126 273/178/126
f 273/178/126 272/179/126 271/131/126
f 271/131/126 270/180/126 269/181/126
f 269/181/126 268/182/126 267/134/126
f 267/134/126 266/183/126 265/184/126
f 265/184/126 264/185/126 263/132/126
f 263/132/126 262/186/126 261/187/126
f 261/187/126 260/188/126 259/189/126
f 259/189/126 290/190/126 289/191/126
f 289/191/126 288/192/126 287/133/126
f 287/133/126 285/166/126 283/168/126
f 283/168/126 281/170/126 279/172/126
f 279/172/126 277/174/126 275/176/126
f 275/176/126 273/178/126 271/131/126
f 271/131/126 269/181/126 267/134/126
f 267/134/126 265/184/126 263/132/126
f 263/132/126 261/187/126 259/189/126
f 259/189/126 289/191/126 287/133/126
f 287/133/126 283/168/126 279/172/126
f 279/172/126 275/176/126 271/131/126
f 271/131/126 267/134/126 263/132/126
f 263/132/126 259/189/126 287/133/126
f 287/133/126 279/172/126 271/131/126
f 235/17/146 267/17/146 268/78/146
f 249/115/147 281/115/147 282/118/147
f 236/78/148 268/78/148 269/82/148
f 250/118/149 282/118/149 283/48/149
f 237/82/150 269/82/150 270/85/150
f 251/48/151 283/48/151 284/122/151
f 238/85/97 270/85/152 271/88/97
f 252/122/153 284/122/153 285/123/153
f 239/88/154 271/88/177 272/91/154
f 253/123/155 285/123/155 286/124/155
f 240/91/156 272/91/156 273/94/156
f 227/70/157 259/70/158 260/71/157
f 254/124/120 286/124/120 287/125/120
f 241/94/159 273/94/159 274/97/159
f 228/71/160 260/71/160 261/72/160
f 255/125/127 287/125/127 288/126/127
f 242/97/128 274/97/128 275/101/128
f 229/72/130 261/72/129 262/73/129
f 256/126/131 288/126/122 289/127/131
f 243/101/132 275/101/132 276/100/132
f 230/73/133 262/73/133 263/74/133
f 257/127/134 289/127/134 290/128/134
f 244/100/135 276/100/135 277/103/135
f 231/74/90 263/74/136 264/75/89
f 258/128/125 290/128/175 259/130/125
f 245/103/138 277/103/138 278/106/138
f 232/75/139 264/75/139 265/76/139
f 246/106/140 278/106/140 279/109/140
f 233/76/141 265/76/141 266/77/141
f 247/109/142 279/109/143 280/112/142
f 234/77/144 266/77/144 267/17/144
f 313/163/178 117/20/178 115/16/178
f 116/17/178 118/78/178 315/80/178
f 10/134/179 313/163/178 115/16/178
f 116/17/162 315/80/162 10/134/180
f 322/193/181 323/194/182 321/195/183
f 324/196/184 325/197/185 323/194/185
f 326/198/186 327/199/186 325/197/186
f 328/200/187 329/201/188 327/199/187
f 330/202/189 331/203/190 329/201/190
f 332/204/191 333/205/191 331/203/192
f 334/206/193 335/207/193 333/205/193
f 336/208/194 337/209/194 335/207/195
f 338/210/196 339/211/196 337/209/197
f 340/212/198 341/213/198 339/211/198
f 342/214/199 343/215/199 341/213/200
f 344/216/201 345/217/201 343/215/201
f 346/218/202 347/219/202 345/217/202
f 348/220/203 349/221/203 347/219/203
f 350/222/204 351/223/205 349/221/205
f 352/224/206 353/225/207 351/223/208
f 354/226/209 355/227/210 353/225/211
f 356/228/212 357/229/213 355/227/213
f 358/230/214 359/231/214 357/229/214
f 360/232/215 361/233/215 359/231/215
f 362/234/216 363/235/216 361/233/216
f 364/236/217 365/237/217 363/235/217
f 366/238/218 367/239/218 365/237/218
f 368/240/219 369/241/219 367/239/220
f 370/242/221 371/243/221 369/241/222
f 372/244/223 373/245/223 371/243/223
f 374/246/224 375/247/224 373/245/224
f 376/248/225 377/249/226 375/247/226
f 378/250/227 379/251/228 377/249/227
f 380/252/229 381/253/229 379/251/229
f 358/254/230 342/255/230 326/256/230
f 382/257/231 383/258/232 381/253/232
f 384/259/233 321/260/234 383/258/235
f 351/261/236 367/262/236 383/263/236
f 322/193/181 324/196/181 323/194/182
f 324/196/184 326/198/184 325/197/185
f 326/198/186 328/200/186 327/199/186
f 328/200/187 330/202/237 329/201/188
f 330/202/189 332/204/189 331/203/190
f 332/204/191 334/206/191 333/205/191
f 334/206/193 336/208/193 335/207/193
f 336/208/194 338/210/195 337/209/194
f 338/210/196 340/212/238 339/211/196
f 340/212/198 342/214/198 341/213/198
f 342/214/199 344/216/199 343/215/199
f 344/216/201 346/218/201 345/217/201
f 346/218/202 348/220/239 347/219/202
f 348/220/203 350/222/203 349/221/203
f 350/222/204 352/224/204 351/223/205
f 352/224/206 354/226/206 353/225/207
f 354/226/209 356/228/209 355/227/210
f 356/228/212 358/230/212 357/229/213
f 358/230/214 360/232/214 359/231/214
f 360/232/215 362/234/240 361/233/215
f 362/234/216 364/236/216 363/235/216
f 364/236/217 366/238/241 365/237/217
f 366/238/218 368/240/218 367/239/218
f 368/240/219 370/242/242 369/241/219
f 370/242/221 372/244/222 371/243/221
f 372/244/223 374/246/223 373/245/223
f 374/246/224 376/248/243 375/247/224
f 376/248/225 378/250/225 377/249/226
f 378/250/227 380/252/244 379/251/228
f 380/252/229 382/257/229 381/253/229
f 326/256/230 324/264/230 322/265/230
f 322/265/230 384/266/230 382/267/230
f 382/267/230 380/268/230 378/269/230
f 378/269/230 376/270/230 374/271/230
f 374/271/230 372/272/230 370/273/230
f 370/273/230 368/274/230 366/275/230
f 366/275/230 364/276/230 362/277/230
f 362/277/230 360/278/230 358/254/230
f 358/254/230 356/279/230 354/280/230
f 354/280/230 352/281/230 350/282/230
f 350/282/230 348/283/230 346/284/230
f 346/284/230 344/285/230 342/255/230
f 342/255/230 340/286/230 338/287/230
f 338/287/230 336/288/230 334/289/230
f 334/289/230 332/290/230 330/291/230
f 330/291/230 328/292/230 326/256/230
f 326/256/230 322/265/230 382/267/230
f 382/267/230 378/269/230 374/271/230
f 374/271/230 370/273/230 366/275/230
f 366/275/230 362/277/230 358/254/230
f 358/254/230 354/280/230 350/282/230
f 350/282/230 346/284/230 342/255/230
f 342/255/230 338/287/230 334/289/230
f 334/289/230 330/291/230 326/256/230
f 326/256/230 382/267/230 374/271/230
f 374/271/230 366/275/230 358/254/230
f 358/254/230 350/282/230 342/255/230
f 342/255/230 334/289/230 326/256/230
f 326/256/230 374/271/230 358/254/230
f 382/257/231 384/259/231 383/258/232
f 384/259/233 322/293/233 321/260/234
f 383/263/236 321/294/236 323/295/236
f 323/295/236 325/296/245 327/297/236
f 327/297/236 329/298/236 331/299/236
f 331/299/236 333/300/236 335/301/236
f 335/301/236 337/302/236 339/303/236
f 339/303/236 341/304/236 343/305/236
f 343/305/236 345/306/236 347/307/236
f 347/307/236 349/308/246 351/261/236
f 351/261/236 353/309/236 355/310/236
f 355/310/236 357/311/246 359/312/236
f 359/312/236 361/313/236 363/314/236
f 363/314/236 365/315/236 367/262/236
f 367/262/236 369/316/236 371/317/236
f 371/317/236 373/318/236 375/319/236
f 375/319/236 377/320/236 379/321/236
f 379/321/236 381/322/245 383/263/236
f 383/263/236 323/295/236 327/297/236
f 327/297/236 331/299/236 335/301/236
f 335/301/236 339/303/236 343/305/236
f 343/305/236 347/307/236 351/261/236
f 351/261/236 355/310/236 359/312/236
f 359/312/236 363/314/236 367/262/236
f 367/262/236 371/317/236 375/319/236
f 375/319/236 379/321/236 383/263/236
f 383/263/236 327/297/236 335/301/236
f 335/301/236 343/305/236 351/261/236
f 351/261/236 359/312/236 367/262/236
f 367/262/236 375/319/236 383/263/236
f 383/263/236 335/301/236 351/261/236
f 386/323/247 675/324/247 678/325/247
f 387/326/248 678/325/248 683/327/248
f 388/328/249 683/327/249 688/329/249
f 389/330/250 688/329/250 687/331/250
f 390/332/251 687/331/252 681/333/252
f 391/334/253 681/333/254 695/335/254
f 392/336/255 695/335/256 697/337/255
f 393/338/257 697/337/257 394/339/257
f 699/340/258 393/338/259 394/339/258
f 701/341/260 395/342/260 699/340/260
f 682/343/261 396/344/262 701/341/263
f 685/345/264 397/346/264 682/343/264
f 691/347/265 398/348/266 685/345/267
f 676/349/268 399/350/269 691/347/268
f 679/351/270 400/352/270 676/349/270
f 686/353/271 401/354/271 679/351/271
f 403/355/272 686/353/272 689/356/272
f 404/357/273 689/356/273 690/358/273
f 405/359/274 690/358/274 692/360/274
f 406/361/275 692/360/275 694/362/275
f 407/363/276 694/362/277 696/364/278
f 408/365/279 696/364/280 698/366/279
f 409/367/281 698/366/281 700/368/281
f 410/369/282 700/368/283 411/370/283
f 410/369/284 702/371/285 412/372/284
f 412/372/286 703/373/286 413/374/286
f 413/374/287 704/375/288 414/376/287
f 414/376/289 677/377/290 415/378/289
f 415/378/291 680/379/291 416/380/291
f 416/380/292 684/381/292 417/382/293
f 693/383/294 417/382/294 684/381/294
f 675/384/295 418/385/295 693/383/295
f 387/326/296 420/323/296 386/323/296
f 448/380/297 479/378/297 447/378/297
f 396/344/296 430/346/296 429/344/296
f 405/359/296 439/361/296 438/359/296
f 416/380/296 447/378/296 415/378/296
f 391/334/296 426/336/296 425/334/296
f 401/354/296 435/386/296 434/354/296
f 412/372/296 443/369/296 410/369/296
f 387/326/296 422/328/296 421/326/296
f 397/346/296 431/348/296 430/346/296
f 407/363/296 439/361/296 406/361/296
f 417/382/296 448/380/296 416/380/296
f 392/336/296 427/338/296 426/336/296
f 402/386/296 436/355/296 435/386/296
f 413/374/296 444/372/296 412/372/296
f 388/328/296 423/330/296 422/328/296
f 399/350/296 431/348/296 398/348/296
f 407/363/296 441/365/296 440/363/296
f 418/385/296 449/382/296 417/382/296
f 395/342/296 427/338/296 393/338/296
f 403/355/296 437/357/296 436/355/296
f 414/376/296 445/374/296 413/374/296
f 390/332/296 423/330/296 389/330/296
f 399/350/296 433/352/296 432/350/296
f 408/365/296 442/367/296 441/365/296
f 386/323/296 419/387/296 385/387/296
f 385/388/296 450/385/296 418/385/296
f 396/344/296 428/342/296 395/342/296
f 405/359/296 437/357/296 404/357/296
f 414/376/296 447/378/296 446/376/296
f 391/334/296 424/332/296 390/332/296
f 400/352/296 434/354/296 433/352/296
f 409/367/296 443/369/296 442/367/296
f 465/389/298 473/390/298 481/391/298
f 435/386/299 466/354/299 434/354/299
f 422/328/300 453/326/301 421/326/300
f 449/382/302 480/380/303 448/380/304
f 436/355/305 467/386/272 435/386/306
f 423/330/307 454/328/307 422/328/307
f 450/385/308 481/382/308 449/382/308
f 437/357/309 468/355/309 436/355/309
f 424/332/252 455/330/251 423/330/252
f 419/388/295 482/385/310 450/385/295
f 438/359/274 469/357/311 437/357/274
f 425/334/253 456/332/253 424/332/253
f 439/361/312 470/359/312 438/359/312
f 426/336/313 457/334/313 425/334/313
f 440/363/314 471/361/314 439/361/314
f 427/338/315 458/336/315 426/336/315
f 441/365/316 472/363/316 440/363/316
f 428/342/317 459/338/317 427/338/317
f 442/367/318 473/365/318 441/365/318
f 429/344/319 460/342/319 428/342/319
f 443/369/320 474/367/320 442/367/320
f 430/346/321 461/344/321 429/344/321
f 444/372/322 475/369/322 443/369/322
f 431/348/264 462/346/323 430/346/264
f 445/374/324 476/372/324 444/372/324
f 432/350/325 463/348/325 431/348/325
f 446/376/326 477/374/326 445/374/326
f 433/352/327 464/350/328 432/350/327
f 420/323/329 451/387/329 419/387/329
f 447/378/330 478/376/330 446/376/330
f 434/354/331 465/352/331 433/352/331
f 421/326/332 452/323/332 420/323/332
f 484/392/333 485/323/333 483/387/334
f 486/393/335 487/326/335 485/323/335
f 488/394/336 489/328/336 487/326/336
f 490/395/337 491/330/337 489/328/337
f 492/396/338 493/332/338 491/330/338
f 494/397/339 495/334/339 493/332/339
f 496/398/340 497/336/340 495/334/340
f 498/399/341 499/338/341 497/336/341
f 502/400/342 701/401/342 699/402/342
f 501/342/342 695/403/342 503/344/342
f 504/404/343 682/405/343 701/401/343
f 503/344/343 681/406/343 505/346/343
f 506/407/344 685/408/345 682/405/346
f 505/346/344 687/409/345 507/348/346
f 508/410/347 691/411/347 685/408/347
f 507/348/347 688/412/347 509/350/347
f 510/413/348 676/414/348 691/411/348
f 509/350/348 683/415/348 511/352/348
f 512/416/349 679/417/349 676/414/349
f 511/352/349 678/418/349 513/354/349
f 514/419/350 686/420/350 679/417/350
f 513/354/350 675/421/350 515/386/350
f 518/422/351 686/420/351 516/423/351
f 517/355/351 675/421/351 693/424/351
f 520/425/352 689/426/352 518/422/352
f 519/357/352 693/424/352 684/427/352
f 522/428/353 690/429/354 520/425/354
f 521/359/353 684/427/354 680/430/355
f 524/431/356 692/432/356 522/428/356
f 523/361/356 680/430/356 677/433/356
f 526/434/357 694/435/358 524/431/358
f 525/363/357 677/433/358 704/436/358
f 528/437/359 696/438/359 526/434/359
f 527/365/359 704/436/359 703/439/359
f 530/440/360 698/441/360 528/437/360
f 529/367/360 703/439/360 702/442/360
f 532/370/361 531/369/361 411/443/362
f 532/370/363 533/372/363 531/369/363
f 534/444/364 535/374/364 533/372/364
f 536/445/365 537/376/365 535/374/366
f 538/446/367 539/378/367 537/376/368
f 540/447/369 541/380/369 539/378/369
f 542/448/370 543/382/370 541/380/370
f 496/398/371 616/397/371 617/398/371
f 544/449/372 545/385/372 543/382/372
f 546/450/373 483/388/374 545/385/374
f 487/326/375 548/323/375 485/323/375
f 576/380/376 607/378/376 575/378/376
f 503/344/375 558/346/375 557/344/375
f 521/359/375 567/361/375 566/359/375
f 541/380/375 575/378/375 539/378/375
f 495/334/375 554/336/375 553/334/375
f 513/354/375 563/386/375 562/354/375
f 533/372/375 571/369/375 531/369/375
f 489/328/375 549/326/375 487/326/375
f 505/346/375 559/348/375 558/346/375
f 523/361/375 568/363/375 567/361/375
f 541/380/375 577/382/375 576/380/375
f 497/336/375 555/338/375 554/336/375
f 515/386/375 564/355/375 563/386/375
f 535/374/375 572/372/375 533/372/375
f 489/328/375 551/330/375 550/328/375
f 509/350/375 559/348/375 507/348/375
f 527/365/375 568/363/375 525/363/375
f 545/385/375 577/382/375 543/382/375
f 501/342/375 555/338/375 499/338/375
f 517/355/375 565/357/375 564/355/375
f 537/376/375 573/374/375 535/374/375
f 491/330/375 552/332/375 551/330/375
f 509/350/375 561/352/375 560/350/375
f 527/365/375 570/367/375 569/365/375
f 483/387/375 548/323/375 547/387/375
f 483/388/375 578/385/375 545/385/375
f 503/344/375 556/342/375 501/342/375
f 521/359/375 565/357/375 519/357/375
f 539/378/375 574/376/375 537/376/375
f 495/334/375 552/332/375 493/332/375
f 511/352/375 562/354/375 561/352/375
f 529/367/375 571/369/375 570/367/375
f 601/390/371 609/391/371 585/451/371
f 563/386/377 594/354/377 562/354/377
f 550/328/378 581/326/378 549/326/378
f 577/382/379 608/380/379 576/380/379
f 564/355/380 595/386/380 563/386/380
f 551/330/381 582/328/381 550/328/381
f 578/385/382 609/382/382 577/382/382
f 565/357/383 596/355/383 564/355/383
f 552/332/384 583/330/384 551/330/384
f 547/388/385 610/385/385 578/385/386
f 566/359/387 597/357/387 565/357/387
f 553/334/388 584/332/389 552/332/389
f 567/361/390 598/359/390 566/359/390
f 554/336/391 585/334/391 553/334/391
f 568/363/392 599/361/392 567/361/393
f 555/338/394 586/336/394 554/336/394
f 569/365/395 600/363/395 568/363/395
f 556/342/396 587/338/396 555/338/396
f 570/367/397 601/365/397 569/365/397
f 557/344/398 588/342/398 556/342/398
f 571/369/399 602/367/399 570/367/399
f 558/346/400 589/344/400 557/344/400
f 572/372/401 603/369/401 571/369/401
f 559/348/344 590/346/344 558/346/344
f 573/374/402 604/372/402 572/372/402
f 560/350/403 591/348/403 559/348/403
f 574/376/404 605/374/404 573/374/404
f 561/352/405 592/350/405 560/350/405
f 548/323/406 579/387/406 547/387/406
f 575/378/407 606/376/408 574/376/409
f 562/354/410 593/352/410 561/352/410
f 549/326/411 580/323/411 548/323/411
f 632/434/395 665/437/395 633/437/395
f 512/416/371 626/419/371 514/419/371
f 530/440/371 635/370/371 532/370/371
f 488/394/371 612/393/371 613/394/371
f 504/404/371 622/407/371 506/407/371
f 522/428/371 631/431/371 524/431/371
f 542/448/371 639/447/371 640/448/371
f 496/398/371 618/399/371 498/399/371
f 514/419/371 627/423/371 516/423/371
f 534/444/371 635/370/371 636/444/371
f 490/395/371 613/394/371 614/395/371
f 506/407/371 623/410/371 508/410/371
f 524/431/371 632/434/371 526/434/371
f 542/448/371 641/449/371 544/449/371
f 498/399/371 619/339/371 500/339/371
f 516/423/371 628/422/371 518/422/371
f 536/445/371 636/444/371 637/445/371
f 490/395/371 615/396/371 492/396/371
f 510/413/371 623/410/371 624/413/371
f 528/437/371 632/434/371 633/437/371
f 546/450/371 641/449/371 642/450/371
f 502/400/371 619/339/371 620/400/371
f 518/422/371 629/425/371 520/425/371
f 538/446/371 637/445/371 638/446/371
f 492/396/371 616/397/371 494/397/371
f 510/413/371 625/416/371 512/416/371
f 528/437/371 634/440/371 530/440/371
f 484/392/371 612/393/371 486/393/371
f 484/452/371 642/450/371 611/452/371
f 504/404/371 620/400/371 621/404/371
f 522/428/371 629/425/371 630/428/371
f 540/447/371 638/446/371 639/447/371
f 655/453/375 647/454/375 671/455/375
f 619/339/396 652/400/396 620/400/396
f 633/437/397 666/440/397 634/440/397
f 620/400/398 653/404/398 621/404/398
f 634/440/399 667/370/399 635/370/399
f 621/404/400 654/407/400 622/407/400
f 635/370/401 668/444/401 636/444/401
f 622/407/344 655/410/344 623/410/344
f 636/444/402 669/445/402 637/445/402
f 623/410/403 656/413/403 624/413/403
f 637/445/404 670/446/404 638/446/404
f 624/413/405 657/416/405 625/416/412
f 611/392/406 644/393/406 612/393/406
f 638/446/408 671/447/407 639/447/407
f 625/416/410 658/419/410 626/419/410
f 612/393/411 645/394/411 613/394/411
f 639/447/376 672/448/376 640/448/376
f 626/419/377 659/423/377 627/423/377
f 613/394/378 646/395/378 614/395/378
f 640/448/379 673/449/379 641/449/379
f 627/423/380 660/422/380 628/422/380
f 614/395/381 647/396/381 615/396/381
f 641/449/382 674/450/382 642/450/382
f 628/422/383 661/425/383 629/425/383
f 615/396/384 648/397/384 616/397/384
f 642/450/385 643/452/385 611/452/386
f 629/425/387 662/428/387 630/428/387
f 616/397/389 649/398/388 617/398/413
f 630/428/390 663/431/390 631/431/390
f 617/398/391 650/399/391 618/399/391
f 631/431/392 664/434/392 632/434/392
f 618/399/394 651/339/394 619/339/394
f 499/338/414 500/339/414 394/456/415
f 386/323/247 385/387/247 675/324/247
f 387/326/248 386/323/248 678/325/248
f 388/328/249 387/326/249 683/327/249
f 389/330/250 388/328/250 688/329/250
f 390/332/251 389/330/252 687/331/252
f 391/334/253 390/332/416 681/333/254
f 392/336/255 391/334/255 695/335/256
f 393/338/257 392/336/257 697/337/257
f 699/340/258 395/342/258 393/338/259
f 701/341/260 396/344/260 395/342/260
f 682/343/261 397/346/417 396/344/262
f 685/345/264 398/348/264 397/346/264
f 691/347/265 399/350/266 398/348/266
f 676/349/268 400/352/269 399/350/269
f 679/351/270 401/354/270 400/352/270
f 686/353/271 402/386/271 401/354/271
f 403/355/272 402/386/272 686/353/272
f 404/357/273 403/355/273 689/356/273
f 405/359/274 404/357/418 690/358/274
f 406/361/275 405/359/275 692/360/275
f 407/363/276 406/361/276 694/362/277
f 408/365/279 407/363/279 696/364/280
f 409/367/281 408/365/281 698/366/281
f 410/369/282 409/367/282 700/368/283
f 410/369/284 411/370/285 702/371/285
f 412/372/286 702/371/286 703/373/286
f 413/374/287 703/373/287 704/375/288
f 414/376/289 704/375/419 677/377/290
f 415/378/291 677/377/291 680/379/291
f 416/380/292 680/379/292 684/381/292
f 693/383/294 418/385/294 417/382/294
f 675/384/295 385/388/295 418/385/295
f 387/326/296 421/326/296 420/323/296
f 448/380/297 480/380/297 479/378/297
f 396/344/296 397/346/296 430/346/296
f 405/359/296 406/361/296 439/361/296
f 416/380/296 448/380/296 447/378/296
f 391/334/296 392/336/296 426/336/296
f 401/354/296 402/386/296 435/386/296
f 412/372/296 444/372/296 443/369/296
f 387/326/296 388/328/296 422/328/296
f 397/346/296 398/348/296 431/348/296
f 407/363/296 440/363/296 439/361/296
f 417/382/296 449/382/296 448/380/296
f 392/336/296 393/338/296 427/338/296
f 402/386/296 403/355/296 436/355/296
f 413/374/296 445/374/296 444/372/296
f 388/328/296 389/330/296 423/330/296
f 399/350/296 432/350/296 431/348/296
f 407/363/296 408/365/296 441/365/296
f 418/385/296 450/385/296 449/382/296
f 395/342/296 428/342/296 427/338/296
f 403/355/296 404/357/296 437/357/296
f 414/376/296 446/376/296 445/374/296
f 390/332/296 424/332/296 423/330/296
f 399/350/296 400/352/296 433/352/296
f 408/365/296 409/367/296 442/367/296
f 386/323/296 420/323/296 419/387/296
f 385/388/296 419/388/296 450/385/296
f 396/344/296 429/344/296 428/342/296
f 405/359/296 438/359/296 437/357/296
f 414/376/296 415/378/296 447/378/296
f 391/334/296 425/334/296 424/332/296
f 400/352/296 401/354/296 434/354/296
f 409/367/296 410/369/296 443/369/296
f 481/391/298 482/457/298 451/458/298
f 451/458/298 452/459/298 453/460/298
f 453/460/298 454/461/298 455/462/298
f 455/462/298 456/463/298 457/451/298
f 457/451/298 458/464/298 459/465/298
f 459/465/298 460/466/298 461/467/298
f 461/467/298 462/468/298 463/469/298
f 463/469/298 464/470/298 465/389/298
f 465/389/298 466/471/298 467/472/298
f 467/472/298 468/473/298 469/474/298
f 469/474/298 470/475/298 471/476/298
f 471/476/298 472/477/298 473/390/298
f 473/390/298 474/478/298 475/479/298
f 475/479/298 476/480/298 477/481/298
f 477/481/298 478/482/298 479/483/298
f 479/483/298 480/484/298 481/391/298
f 481/391/298 451/458/298 453/460/298
f 453/460/298 455/462/298 457/451/298
f 457/451/298 459/465/298 461/467/298
f 461/467/298 463/469/298 465/389/298
f 465/389/298 467/472/298 469/474/298
f 469/474/298 471/476/298 473/390/298
f 473/390/298 475/479/298 477/481/298
f 477/481/298 479/483/298 481/391/298
f 481/391/298 453/460/298 457/451/298
f 457/451/298 461/467/298 465/389/298
f 465/389/298 469/474/298 473/390/298
f 473/390/298 477/481/298 481/391/298
f 481/391/298 457/451/298 465/389/298
f 435/386/299 467/386/299 466/354/299
f 422/328/300 454/328/301 453/326/301
f 449/382/302 481/382/303 480/380/303
f 436/355/305 468/355/272 467/386/272
f 423/330/307 455/330/307 454/328/307
f 450/385/308 482/385/308 481/382/308
f 437/357/309 469/357/309 468/355/309
f 424/332/252 456/332/420 455/330/251
f 419/388/295 451/388/421 482/385/310
f 438/359/274 470/359/422 469/357/311
f 425/334/253 457/334/253 456/332/253
f 439/361/312 471/361/312 470/359/312
f 426/336/313 458/336/423 457/334/313
f 440/363/314 472/363/314 471/361/314
f 427/338/315 459/338/315 458/336/315
f 441/365/316 473/365/316 472/363/316
f 428/342/317 460/342/317 459/338/317
f 442/367/318 474/367/318 473/365/318
f 429/344/319 461/344/424 460/342/319
f 443/369/320 475/369/320 474/367/320
f 430/346/321 462/346/321 461/344/321
f 444/372/322 476/372/322 475/369/322
f 431/348/264 463/348/264 462/346/323
f 445/374/324 477/374/324 476/372/324
f 432/350/325 464/350/325 463/348/325
f 446/376/326 478/376/326 477/374/326
f 433/352/327 465/352/328 464/350/328
f 420/323/329 452/323/329 451/387/329
f 447/378/330 479/378/330 478/376/330
f 434/354/331 466/354/331 465/352/331
f 421/326/332 453/326/332 452/323/332
f 484/392/333 486/393/334 485/323/333
f 486/393/335 488/394/335 487/326/335
f 488/394/336 490/395/336 489/328/336
f 490/395/337 492/396/337 491/330/337
f 492/396/338 494/397/425 493/332/338
f 494/397/339 496/398/339 495/334/339
f 496/398/340 498/399/340 497/336/340
f 498/399/341 500/339/341 499/338/341
f 502/400/342 504/404/342 701/401/342
f 501/342/342 697/485/342 695/403/342
f 504/404/343 506/407/343 682/405/343
f 503/344/343 695/403/343 681/406/343
f 506/407/344 508/410/346 685/408/345
f 505/346/344 681/406/346 687/409/345
f 508/410/347 510/413/347 691/411/347
f 507/348/347 687/409/347 688/412/347
f 510/413/348 512/416/348 676/414/348
f 509/350/348 688/412/348 683/415/348
f 512/416/349 514/419/349 679/417/349
f 511/352/349 683/415/349 678/418/349
f 514/419/350 516/423/350 686/420/350
f 513/354/350 678/418/350 675/421/350
f 518/422/351 689/426/351 686/420/351
f 517/355/351 515/386/351 675/421/351
f 520/425/352 690/429/352 689/426/352
f 519/357/352 517/355/352 693/424/352
f 522/428/353 692/432/354 690/429/354
f 521/359/353 519/357/354 684/427/354
f 524/431/356 694/435/356 692/432/356
f 523/361/356 521/359/390 680/430/356
f 526/434/357 696/438/358 694/435/358
f 525/363/357 523/361/358 677/433/358
f 528/437/359 698/441/359 696/438/359
f 527/365/359 525/363/359 704/436/359
f 530/440/360 700/486/360 698/441/360
f 529/367/360 527/365/360 703/439/360
f 531/369/426 529/367/426 702/442/426
f 411/443/427 700/486/426 530/440/426
f 531/369/426 702/442/426 411/443/428
f 411/443/427 530/440/426 532/370/426
f 532/370/363 534/444/363 533/372/363
f 534/444/364 536/445/364 535/374/364
f 536/445/365 538/446/366 537/376/365
f 538/446/367 540/447/368 539/378/367
f 540/447/369 542/448/369 541/380/369
f 542/448/370 544/449/370 543/382/370
f 496/398/371 494/397/371 616/397/371
f 544/449/372 546/450/372 545/385/372
f 546/450/373 484/452/429 483/388/374
f 487/326/375 549/326/375 548/323/375
f 576/380/376 608/380/376 607/378/376
f 503/344/375 505/346/375 558/346/375
f 521/359/375 523/361/375 567/361/375
f 541/380/375 576/380/375 575/378/375
f 495/334/375 497/336/375 554/336/375
f 513/354/375 515/386/375 563/386/375
f 533/372/375 572/372/375 571/369/375
f 489/328/375 550/328/375 549/326/375
f 505/346/375 507/348/375 559/348/375
f 523/361/375 525/363/375 568/363/375
f 541/380/375 543/382/375 577/382/375
f 497/336/375 499/338/375 555/338/375
f 515/386/375 517/355/375 564/355/375
f 535/374/375 573/374/375 572/372/375
f 489/328/375 491/330/375 551/330/375
f 509/350/375 560/350/375 559/348/375
f 527/365/375 569/365/375 568/363/375
f 545/385/375 578/385/375 577/382/375
f 501/342/375 556/342/375 555/338/375
f 517/355/375 519/357/375 565/357/375
f 537/376/375 574/376/375 573/374/375
f 491/330/375 493/332/375 552/332/375
f 509/350/375 511/352/375 561/352/375
f 527/365/375 529/367/375 570/367/375
f 483/387/375 485/323/375 548/323/375
f 483/388/375 547/388/375 578/385/375
f 503/344/375 557/344/375 556/342/375
f 521/359/375 566/359/375 565/357/375
f 539/378/375 575/378/375 574/376/375
f 495/334/375 553/334/375 552/332/375
f 511/352/375 513/354/375 562/354/375
f 529/367/375 531/369/375 571/369/375
f 585/451/371 586/464/371 587/465/371
f 587/465/371 588/466/371 589/467/371
f 589/467/371 590/468/371 591/469/371
f 591/469/371 592/470/371 593/389/371
f 593/389/371 594/471/371 595/472/371
f 595/472/371 596/473/371 597/474/371
f 597/474/371 598/475/371 599/476/371
f 599/476/371 600/477/371 601/390/371
f 601/390/371 602/478/371 603/479/371
f 603/479/371 604/480/371 605/481/371
f 605/481/371 606/482/371 607/483/371
f 607/483/371 608/484/371 609/391/371
f 609/391/371 610/457/371 579/458/371
f 579/458/371 580/459/371 581/460/371
f 581/460/371 582/461/371 583/462/371
f 583/462/371 584/463/371 585/451/371
f 585/451/371 587/465/371 589/467/371
f 589/467/371 591/469/371 593/389/371
f 593/389/371 595/472/371 597/474/371
f 597/474/371 599/476/371 601/390/371
f 601/390/371 603/479/371 605/481/371
f 605/481/371 607/483/371 609/391/371
f 609/391/371 579/458/371 581/460/371
f 581/460/371 583/462/371 585/451/371
f 585/451/371 589/467/371 593/389/371
f 593/389/371 597/474/371 601/390/371
f 601/390/371 605/481/371 609/391/371
f 609/391/371 581/460/371 585/451/371
f 585/451/371 593/389/371 601/390/371
f 563/386/377 595/386/377 594/354/377
f 550/328/378 582/328/378 581/326/378
f 577/382/379 609/382/379 608/380/379
f 564/355/380 596/355/380 595/386/380
f 551/330/381 583/330/430 582/328/381
f 578/385/382 610/385/382 609/382/382
f 565/357/383 597/357/383 596/355/383
f 552/332/384 584/332/384 583/330/384
f 547/388/385 579/388/385 610/385/385
f 566/359/387 598/359/387 597/357/387
f 553/334/388 585/334/413 584/332/389
f 567/361/390 599/361/390 598/359/390
f 554/336/391 586/336/391 585/334/391
f 568/363/392 600/363/392 599/361/392
f 555/338/394 587/338/394 586/336/394
f 569/365/395 601/365/395 600/363/395
f 556/342/396 588/342/396 587/338/396
f 570/367/397 602/367/397 601/365/397
f 557/344/398 589/344/398 588/342/398
f 571/369/399 603/369/399 602/367/399
f 558/346/400 590/346/400 589/344/400
f 572/372/401 604/372/401 603/369/401
f 559/348/344 591/348/344 590/346/344
f 573/374/402 605/374/402 604/372/402
f 560/350/403 592/350/403 591/348/403
f 574/376/404 606/376/404 605/374/404
f 561/352/405 593/352/412 592/350/405
f 548/323/406 580/323/406 579/387/406
f 575/378/407 607/378/407 606/376/408
f 562/354/410 594/354/410 593/352/410
f 549/326/411 581/326/411 580/323/411
f 632/434/395 664/434/395 665/437/395
f 512/416/371 625/416/371 626/419/371
f 530/440/371 634/440/371 635/370/371
f 488/394/371 486/393/371 612/393/371
f 504/404/371 621/404/371 622/407/371
f 522/428/371 630/428/371 631/431/371
f 542/448/371 540/447/371 639/447/371
f 496/398/371 617/398/371 618/399/371
f 514/419/371 626/419/371 627/423/371
f 534/444/371 532/370/371 635/370/371
f 490/395/371 488/394/371 613/394/371
f 506/407/371 622/407/371 623/410/371
f 524/431/371 631/431/371 632/434/371
f 542/448/371 640/448/371 641/449/371
f 498/399/371 618/399/371 619/339/371
f 516/423/371 627/423/371 628/422/371
f 536/445/371 534/444/371 636/444/371
f 490/395/371 614/395/371 615/396/371
f 510/413/371 508/410/371 623/410/371
f 528/437/371 526/434/371 632/434/371
f 546/450/371 544/449/371 641/449/371
f 502/400/371 500/339/371 619/339/371
f 518/422/371 628/422/371 629/425/371
f 538/446/371 536/445/371 637/445/371
f 492/396/371 615/396/371 616/397/371
f 510/413/371 624/413/371 625/416/371
f 528/437/371 633/437/371 634/440/371
f 484/392/371 611/392/371 612/393/371
f 484/452/371 546/450/371 642/450/371
f 504/404/371 502/400/371 620/400/371
f 522/428/371 520/425/371 629/425/371
f 540/447/371 538/446/371 638/446/371
f 671/455/375 670/487/375 669/488/375
f 669/488/375 668/489/375 667/490/375
f 667/490/375 666/491/375 665/492/375
f 665/492/375 664/493/375 663/494/375
f 663/494/375 662/495/375 661/496/375
f 661/496/375 660/497/375 659/498/375
f 659/498/375 658/499/375 657/500/375
f 657/500/375 656/501/375 655/453/375
f 655/453/375 654/502/375 653/503/375
f 653/503/375 652/504/375 651/456/375
f 651/456/375 650/505/375 649/506/375
f 649/506/375 648/507/375 647/454/375
f 647/454/375 646/508/375 645/509/375
f 645/509/375 644/510/375 643/511/375
f 643/511/375 674/512/375 673/513/375
f 673/513/375 672/514/375 671/455/375
f 671/455/375 669/488/375 667/490/375
f 667/490/375 665/492/375 663/494/375
f 663/494/375 661/496/375 659/498/375
f 659/498/375 657/500/375 655/453/375
f 655/453/375 653/503/375 651/456/375
f 651/456/375 649/506/375 647/454/375
f 647/454/375 645/509/375 643/511/375
f 643/511/375 673/513/375 671/455/375
f 671/455/375 667/490/375 663/494/375
f 663/494/375 659/498/375 655/453/375
f 655/453/375 651/456/375 647/454/375
f 647/454/375 643/511/375 671/455/375
f 671/455/375 663/494/375 655/453/375
f 619/339/396 651/339/396 652/400/396
f 633/437/397 665/437/397 666/440/397
f 620/400/398 652/400/398 653/404/398
f 634/440/399 666/440/399 667/370/399
f 621/404/400 653/404/400 654/407/400
f 635/370/401 667/370/401 668/444/401
f 622/407/344 654/407/344 655/410/344
f 636/444/402 668/444/402 669/445/402
f 623/410/403 655/410/403 656/413/403
f 637/445/404 669/445/404 670/446/404
f 624/413/405 656/413/405 657/416/405
f 611/392/406 643/392/406 644/393/406
f 638/446/408 670/446/409 671/447/407
f 625/416/410 657/416/410 658/419/410
f 612/393/411 644/393/411 645/394/411
f 639/447/376 671/447/376 672/448/376
f 626/419/377 658/419/377 659/423/377
f 613/394/378 645/394/378 646/395/378
f 640/448/379 672/448/379 673/449/379
f 627/423/380 659/423/380 660/422/380
f 614/395/381 646/395/381 647/396/381
f 641/449/382 673/449/382 674/450/382
f 628/422/383 660/422/383 661/425/383
f 615/396/384 647/396/384 648/397/384
f 642/450/385 674/450/385 643/452/385
f 629/425/387 661/425/387 662/428/387
f 616/397/389 648/397/389 649/398/388
f 630/428/390 662/428/390 663/431/390
f 617/398/391 649/398/391 650/399/391
f 631/431/392 663/431/393 664/434/392
f 618/399/394 650/399/394 651/339/394
f 697/485/431 501/342/431 499/338/431
f 500/339/431 502/400/431 699/402/431
f 394/456/432 697/485/431 499/338/431
f 500/339/431 699/402/431 394/456/433
f 706/515/434 995/516/434 998/517/434
f 707/518/435 998/517/435 1003/519/435
f 708/520/436 1003/519/437 1008/521/436
f 709/522/438 1008/521/439 1007/523/440
f 710/524/441 1007/523/441 1001/525/441
f 711/526/442 1001/525/443 1015/527/444
f 712/528/445 1015/527/445 1017/529/445
f 713/530/446 1017/529/446 714/531/447
f 1019/532/448 713/530/448 714/531/449
f 1021/533/450 715/534/450 1019/532/450
f 1002/535/451 716/536/452 1021/533/451
f 1005/537/453 717/538/453 1002/535/453
f 1011/539/454 718/540/454 1005/537/454
f 996/541/455 719/542/455 1011/539/455
f 999/543/456 720/544/456 996/541/456
f 1006/545/457 721/546/457 999/543/457
f 723/547/458 1006/545/458 1009/548/458
f 724/549/459 1009/548/459 1010/550/459
f 725/551/460 1010/550/460 1012/552/460
f 726/553/461 1012/552/461 1014/554/461
f 727/555/462 1014/554/462 1016/556/462
f 728/557/463 1016/556/463 1018/558/463
f 729/559/464 1018/558/464 1020/560/464
f 730/561/465 1020/560/466 731/562/466
f 730/561/467 1022/563/468 732/564/467
f 732/564/469 1023/565/469 733/566/469
f 733/566/470 1024/567/470 734/568/470
f 734/568/471 997/569/471 735/570/471
f 735/570/472 1000/571/472 736/572/472
f 736/572/473 1004/573/473 737/574/473
f 1013/575/474 737/574/474 1004/573/474
f 995/576/475 738/577/475 1013/575/475
f 706/515/476 741/518/476 740/515/476
f 768/572/477 799/570/477 767/570/477
f 717/538/476 749/536/476 716/536/476
f 725/551/476 759/553/476 758/551/476
f 736/572/476 767/570/476 735/570/476
f 712/528/476 745/526/476 711/526/476
f 722/578/476 754/546/476 721/546/476
f 730/561/476 764/564/476 763/561/476
f 708/520/476 741/518/476 707/518/476
f 717/538/476 751/540/476 750/538/476
f 727/555/476 759/553/476 726/553/476
f 736/572/476 769/574/476 768/572/476
f 713/530/476 746/528/476 712/528/476
f 723/547/476 755/578/476 722/578/476
f 732/564/476 765/566/476 764/564/476
f 708/520/476 743/522/476 742/520/476
f 718/540/476 752/542/476 751/540/476
f 728/557/476 760/555/476 727/555/476
f 737/574/476 770/577/476 769/574/476
f 715/534/476 747/530/476 713/530/476
f 724/549/476 756/547/476 723/547/476
f 733/566/476 766/568/476 765/566/476
f 710/524/476 743/522/476 709/522/476
f 720/544/476 752/542/476 719/542/476
f 728/557/476 762/559/476 761/557/476
f 705/579/476 740/515/476 739/579/476
f 738/577/476 739/580/476 770/577/476
f 716/536/476 748/534/476 715/534/476
f 724/549/476 758/551/476 757/549/476
f 735/570/476 766/568/476 734/568/476
f 710/524/476 745/526/476 744/524/476
f 721/546/476 753/544/476 720/544/476
f 729/559/476 763/561/476 762/559/476
f 785/581/478 793/582/478 801/583/478
f 755/578/457 786/546/457 754/546/479
f 742/520/480 773/518/481 741/518/480
f 769/574/482 800/572/473 768/572/482
f 756/547/483 787/578/483 755/578/458
f 743/522/439 774/520/439 742/520/439
f 770/577/484 801/574/484 769/574/484
f 757/549/485 788/547/485 756/547/485
f 744/524/486 775/522/486 743/522/486
f 739/580/487 802/577/487 770/577/475
f 758/551/488 789/549/489 757/549/488
f 745/526/490 776/524/490 744/524/491
f 759/553/492 790/551/492 758/551/492
f 746/528/493 777/526/493 745/526/493
f 760/555/494 791/553/494 759/553/494
f 747/530/495 778/528/495 746/528/495
f 761/557/496 792/555/496 760/555/496
f 748/534/497 779/530/497 747/530/497
f 762/559/498 793/557/498 761/557/498
f 749/536/499 780/534/499 748/534/499
f 763/561/500 794/559/500 762/559/500
f 750/538/501 781/536/501 749/536/502
f 764/564/503 795/561/503 763/561/503
f 751/540/504 782/538/504 750/538/504
f 765/566/505 796/564/505 764/564/505
f 752/542/506 783/540/506 751/540/506
f 766/568/507 797/566/507 765/566/507
f 753/544/508 784/542/509 752/542/508
f 740/515/434 771/579/434 739/579/510
f 767/570/511 798/568/511 766/568/511
f 754/546/512 785/544/512 753/544/512
f 741/518/513 772/515/513 740/515/513
f 804/584/514 805/515/514 803/579/514
f 806/585/515 807/518/515 805/515/516
f 808/586/517 809/520/517 807/518/518
f 810/587/519 811/522/519 809/520/519
f 812/588/520 813/524/520 811/522/520
f 814/589/521 815/526/522 813/524/522
f 816/590/523 817/528/523 815/526/523
f 818/591/524 819/530/524 817/528/524
f 822/592/525 1021/593/525 1019/594/525
f 821/534/525 1015/595/525 823/536/525
f 824/596/526 1002/597/527 1021/593/528
f 823/536/526 1001/598/527 825/538/526
f 826/599/529 1005/600/529 1002/597/530
f 825/538/529 1007/601/529 827/540/531
f 828/602/532 1011/603/532 1005/600/532
f 827/540/532 1008/604/532 829/542/532
f 830/605/533 996/606/533 1011/603/533
f 829/542/533 1003/607/534 831/544/533
f 832/608/535 999/609/535 996/606/536
f 831/544/535 998/610/535 833/546/535
f 834/611/537 1006/612/537 999/609/537
f 833/546/537 995/613/537 835/578/537
f 838/614/538 1006/612/538 836/615/538
f 837/547/538 995/613/538 1013/616/538
f 840/617/539 1009/618/539 838/614/539
f 839/549/539 1013/616/539 1004/619/539
f 842/620/540 1010/621/540 840/617/540
f 841/551/540 1004/619/540 1000/622/540
f 844/623/541 1012/624/541 842/620/542
f 843/553/541 1000/622/541 997/625/541
f 846/626/543 1014/627/543 844/623/544
f 845/555/543 997/625/543 1024/628/543
f 848/629/545 1016/630/545 846/626/545
f 847/557/545 1024/628/545 1023/631/545
f 850/632/546 1018/633/547 848/629/547
f 849/559/546 1023/631/547 1022/634/547
f 852/562/548 851/561/548 731/635/549
f 852/562/550 853/564/550 851/561/550
f 854/636/551 855/566/551 853/564/551
f 856/637/552 857/568/553 855/566/553
f 858/638/554 859/570/554 857/568/554
f 860/639/555 861/572/555 859/570/555
f 862/640/556 863/574/556 861/572/556
f 814/589/557 937/590/557 816/590/557
f 864/641/558 865/577/558 863/574/559
f 866/642/560 803/580/560 865/577/560
f 805/515/561 869/518/561 868/515/561
f 896/572/562 927/570/562 895/570/562
f 823/536/561 878/538/561 877/536/561
f 841/551/561 887/553/561 886/551/561
f 861/572/561 895/570/561 859/570/561
f 815/526/561 874/528/561 873/526/561
f 835/578/561 882/546/561 833/546/561
f 853/564/561 891/561/561 851/561/561
f 809/520/561 869/518/561 807/518/561
f 825/538/561 879/540/561 878/538/561
f 845/555/561 887/553/561 843/553/561
f 861/572/561 897/574/561 896/572/561
f 817/528/561 875/530/561 874/528/561
f 837/547/561 883/578/561 835/578/561
f 855/566/561 892/564/561 853/564/561
f 811/522/561 870/520/561 809/520/561
f 827/540/561 880/542/561 879/540/561
f 847/557/561 888/555/561 845/555/561
f 865/577/561 897/574/561 863/574/561
f 821/534/561 875/530/561 819/530/561
f 839/549/561 884/547/561 837/547/561
f 855/566/561 894/568/561 893/566/561
f 813/524/561 871/522/561 811/522/561
f 829/542/561 881/544/561 880/542/561
f 847/557/561 890/559/561 889/557/561
f 803/579/561 868/515/561 867/579/561
f 865/577/561 867/580/561 898/577/561
f 823/536/561 876/534/561 821/534/561
f 841/551/561 885/549/561 839/549/561
f 859/570/561 894/568/561 857/568/561
f 813/524/561 873/526/561 872/524/561
f 833/546/561 881/544/561 831/544/561
f 849/559/561 891/561/561 890/559/561
f 921/582/557 929/583/557 905/643/557
f 883/578/563 914/546/563 882/546/563
f 870/520/564 901/518/564 869/518/564
f 897/574/556 928/572/556 896/572/556
f 884/547/565 915/578/565 883/578/565
f 871/522/566 902/520/566 870/520/566
f 898/577/559 929/574/559 897/574/559
f 885/549/567 916/547/567 884/547/567
f 872/524/568 903/522/568 871/522/568
f 867/580/569 930/577/570 898/577/569
f 886/551/540 917/549/571 885/549/540
f 873/526/572 904/524/572 872/524/572
f 887/553/573 918/551/573 886/551/573
f 874/528/574 905/526/574 873/526/574
f 888/555/575 919/553/576 887/553/577
f 875/530/578 906/528/578 874/528/578
f 889/557/579 920/555/579 888/555/579
f 876/534/580 907/530/580 875/530/580
f 890/559/546 921/557/546 889/557/546
f 877/536/581 908/534/581 876/534/581
f 891/561/582 922/559/582 890/559/582
f 878/538/583 909/536/583 877/536/583
f 892/564/584 923/561/584 891/561/584
f 879/540/585 910/538/585 878/538/585
f 893/566/586 924/564/586 892/564/586
f 880/542/587 911/540/587 879/540/532
f 894/568/588 925/566/589 893/566/588
f 881/544/534 912/542/590 880/542/534
f 868/515/591 899/579/592 867/579/592
f 895/570/593 926/568/594 894/568/593
f 882/546/595 913/544/595 881/544/595
f 869/518/596 900/515/596 868/515/596
f 952/626/579 985/629/579 953/629/579
f 834/611/557 945/608/557 946/611/557
f 850/632/557 955/562/557 852/562/557
f 806/585/557 933/586/557 808/586/557
f 824/596/557 942/599/557 826/599/557
f 842/620/557 951/623/557 844/623/557
f 862/640/557 959/639/557 960/640/557
f 816/590/557 938/591/557 818/591/557
f 836/615/557 946/611/557 947/615/557
f 854/636/557 955/562/557 956/636/557
f 810/587/557 933/586/557 934/587/557
f 826/599/557 943/602/557 828/602/557
f 846/626/557 951/623/557 952/626/557
f 862/640/557 961/641/557 864/641/557
f 818/591/557 939/531/557 820/531/557
f 838/614/557 947/615/557 948/614/557
f 856/637/557 956/636/557 957/637/557
f 812/588/557 934/587/557 935/588/557
f 828/602/557 944/605/557 830/605/557
f 848/629/557 952/626/557 953/629/557
f 866/642/557 961/641/557 962/642/557
f 822/592/557 939/531/557 940/592/557
f 840/617/557 948/614/557 949/617/557
f 856/637/557 958/638/557 858/638/557
f 814/589/557 935/588/557 936/589/557
f 830/605/557 945/608/557 832/608/557
f 848/629/557 954/632/557 850/632/557
f 804/584/557 932/585/557 806/585/557
f 866/642/557 931/644/557 804/644/557
f 824/596/557 940/592/557 941/596/557
f 842/620/557 949/617/557 950/620/557
f 860/639/557 958/638/557 959/639/557
f 975/645/561 967/646/561 991/647/561
f 939/531/580 972/592/580 940/592/580
f 953/629/546 986/632/546 954/632/546
f 940/592/581 973/596/581 941/596/581
f 954/632/582 987/562/582 955/562/582
f 941/596/583 974/599/583 942/599/583
f 955/562/584 988/636/584 956/636/584
f 942/599/585 975/602/585 943/602/585
f 956/636/586 989/637/586 957/637/586
f 943/602/587 976/605/587 944/605/587
f 957/637/589 990/638/588 958/638/588
f 944/605/590 977/608/534 945/608/590
f 931/584/592 964/585/591 932/585/591
f 958/638/594 991/639/593 959/639/597
f 945/608/595 978/611/595 946/611/595
f 932/585/596 965/586/596 933/586/596
f 959/639/562 992/640/562 960/640/562
f 946/611/563 979/615/563 947/615/563
f 933/586/564 966/587/564 934/587/564
f 960/640/556 993/641/556 961/641/556
f 947/615/565 980/614/565 948/614/565
f 934/587/566 967/588/566 935/588/566
f 961/641/559 994/642/559 962/642/559
f 948/614/567 981/617/567 949/617/567
f 935/588/568 968/589/568 936/589/598
f 962/642/570 963/644/569 931/644/570
f 949/617/571 982/620/540 950/620/571
f 936/589/572 969/590/572 937/590/572
f 950/620/573 983/623/573 951/623/573
f 937/590/574 970/591/574 938/591/574
f 951/623/576 984/626/575 952/626/599
f 938/591/578 971/531/578 939/531/578
f 819/530/600 820/531/600 714/648/601
f 706/515/434 705/579/434 995/516/434
f 707/518/435 706/515/435 998/517/435
f 708/520/436 707/518/436 1003/519/437
f 709/522/438 708/520/438 1008/521/439
f 710/524/441 709/522/441 1007/523/441
f 711/526/442 710/524/442 1001/525/443
f 712/528/445 711/526/445 1015/527/445
f 713/530/446 712/528/446 1017/529/446
f 1019/532/448 715/534/448 713/530/448
f 1021/533/450 716/536/450 715/534/450
f 1002/535/451 717/538/451 716/536/452
f 1005/537/453 718/540/453 717/538/453
f 1011/539/454 719/542/454 718/540/454
f 996/541/455 720/544/455 719/542/455
f 999/543/456 721/546/456 720/544/456
f 1006/545/457 722/578/457 721/546/457
f 723/547/458 722/578/458 1006/545/458
f 724/549/459 723/547/459 1009/548/459
f 725/551/460 724/549/460 1010/550/460
f 726/553/461 725/551/461 1012/552/461
f 727/555/462 726/553/462 1014/554/462
f 728/557/463 727/555/463 1016/556/463
f 729/559/464 728/557/464 1018/558/464
f 730/561/465 729/559/465 1020/560/466
f 730/561/467 731/562/468 1022/563/468
f 732/564/469 1022/563/469 1023/565/469
f 733/566/470 1023/565/470 1024/567/470
f 734/568/471 1024/567/471 997/569/471
f 735/570/472 997/569/472 1000/571/472
f 736/572/473 1000/571/473 1004/573/473
f 1013/575/474 738/577/474 737/574/474
f 995/576/475 705/580/475 738/577/475
f 706/515/476 707/518/476 741/518/476
f 768/572/477 800/572/477 799/570/477
f 717/538/476 750/538/476 749/536/476
f 725/551/476 726/553/476 759/553/476
f 736/572/476 768/572/476 767/570/476
f 712/528/476 746/528/476 745/526/476
f 722/578/476 755/578/476 754/546/476
f 730/561/476 732/564/476 764/564/476
f 708/520/476 742/520/476 741/518/476
f 717/538/476 718/540/476 751/540/476
f 727/555/476 760/555/476 759/553/476
f 736/572/476 737/574/476 769/574/476
f 713/530/476 747/530/476 746/528/476
f 723/547/476 756/547/476 755/578/476
f 732/564/476 733/566/476 765/566/476
f 708/520/476 709/522/476 743/522/476
f 718/540/476 719/542/476 752/542/476
f 728/557/476 761/557/476 760/555/476
f 737/574/476 738/577/476 770/577/476
f 715/534/476 748/534/476 747/530/476
f 724/549/476 757/549/476 756/547/476
f 733/566/476 734/568/476 766/568/476
f 710/524/476 744/524/476 743/522/476
f 720/544/476 753/544/476 752/542/476
f 728/557/476 729/559/476 762/559/476
f 705/579/476 706/515/476 740/515/476
f 738/577/476 705/580/476 739/580/476
f 716/536/476 749/536/476 748/534/476
f 724/549/476 725/551/476 758/551/476
f 735/570/476 767/570/476 766/568/476
f 710/524/476 711/526/476 745/526/476
f 721/546/476 754/546/476 753/544/476
f 729/559/476 730/561/476 763/561/476
f 801/583/478 802/649/478 771/650/478
f 771/650/478 772/651/478 773/652/478
f 773/652/478 774/653/478 775/654/478
f 775/654/478 776/655/602 777/643/478
f 777/643/478 778/656/603 779/657/478
f 779/657/478 780/658/603 781/659/478
f 781/659/478 782/660/602 783/661/478
f 783/661/478 784/662/478 785/581/478
f 785/581/478 786/663/478 787/664/478
f 787/664/478 788/665/478 789/666/478
f 789/666/478 790/667/478 791/668/478
f 791/668/478 792/669/603 793/582/478
f 793/582/478 794/670/604 795/671/478
f 795/671/478 796/672/604 797/673/478
f 797/673/478 798/674/603 799/675/478
f 799/675/478 800/676/478 801/583/478
f 801/583/478 771/650/478 773/652/478
f 773/652/478 775/654/478 777/643/478
f 777/643/478 779/657/478 781/659/478
f 781/659/478 783/661/478 785/581/478
f 785/581/478 787/664/478 789/666/478
f 789/666/478 791/668/478 793/582/478
f 793/582/478 795/671/478 797/673/478
f 797/673/478 799/675/478 801/583/478
f 801/583/478 773/652/478 777/643/478
f 777/643/478 781/659/478 785/581/478
f 785/581/478 789/666/478 793/582/478
f 793/582/478 797/673/478 801/583/478
f 801/583/478 777/643/478 785/581/478
f 755/578/457 787/578/457 786/546/457
f 742/520/480 774/520/481 773/518/481
f 769/574/482 801/574/473 800/572/473
f 756/547/483 788/547/483 787/578/483
f 743/522/439 775/522/439 774/520/439
f 770/577/484 802/577/484 801/574/484
f 757/549/485 789/549/485 788/547/485
f 744/524/486 776/524/486 775/522/486
f 739/580/487 771/580/487 802/577/487
f 758/551/488 790/551/489 789/549/489
f 745/526/490 777/526/491 776/524/490
f 759/553/492 791/553/492 790/551/492
f 746/528/493 778/528/493 777/526/493
f 760/555/494 792/555/494 791/553/494
f 747/530/495 779/530/495 778/528/495
f 761/557/496 793/557/496 792/555/496
f 748/534/497 780/534/497 779/530/497
f 762/559/498 794/559/498 793/557/498
f 749/536/499 781/536/605 780/534/499
f 763/561/500 795/561/500 794/559/500
f 750/538/501 782/538/502 781/536/501
f 764/564/503 796/564/503 795/561/503
f 751/540/504 783/540/504 782/538/504
f 765/566/505 797/566/606 796/564/505
f 752/542/506 784/542/506 783/540/506
f 766/568/507 798/568/507 797/566/507
f 753/544/508 785/544/509 784/542/509
f 740/515/434 772/515/434 771/579/434
f 767/570/511 799/570/607 798/568/511
f 754/546/512 786/546/512 785/544/512
f 741/518/513 773/518/513 772/515/513
f 804/584/514 806/585/514 805/515/514
f 806/585/515 808/586/516 807/518/515
f 808/586/517 810/587/518 809/520/517
f 810/587/519 812/588/519 811/522/519
f 812/588/520 814/589/520 813/524/520
f 814/589/521 816/590/608 815/526/522
f 816/590/523 818/591/523 817/528/523
f 818/591/524 820/531/524 819/530/524
f 822/592/525 824/596/525 1021/593/525
f 821/534/525 1017/677/525 1015/595/525
f 824/596/526 826/599/526 1002/597/527
f 823/536/526 1015/595/528 1001/598/527
f 826/599/529 828/602/531 1005/600/529
f 825/538/529 1001/598/530 1007/601/529
f 828/602/532 830/605/532 1011/603/532
f 827/540/532 1007/601/532 1008/604/532
f 830/605/533 832/608/533 996/606/533
f 829/542/533 1008/604/533 1003/607/534
f 832/608/535 834/611/535 999/609/535
f 831/544/535 1003/607/536 998/610/535
f 834/611/537 836/615/537 1006/612/537
f 833/546/537 998/610/537 995/613/537
f 838/614/538 1009/618/538 1006/612/538
f 837/547/538 835/578/538 995/613/538
f 840/617/539 1010/621/539 1009/618/539
f 839/549/539 837/547/539 1013/616/539
f 842/620/540 1012/624/540 1010/621/540
f 841/551/540 839/549/540 1004/619/540
f 844/623/541 1014/627/541 1012/624/541
f 843/553/541 841/551/541 1000/622/541
f 846/626/543 1016/630/543 1014/627/543
f 845/555/543 843/553/544 997/625/543
f 848/629/545 1018/633/545 1016/630/545
f 847/557/545 845/555/545 1024/628/545
f 850/632/546 1020/678/547 1018/633/547
f 849/559/546 847/557/547 1023/631/547
f 851/561/609 849/559/609 1022/634/609
f 731/635/549 1020/678/609 850/632/609
f 851/561/609 1022/634/609 731/635/610
f 731/635/549 850/632/609 852/562/609
f 852/562/550 854/636/550 853/564/550
f 854/636/551 856/637/551 855/566/551
f 856/637/552 858/638/552 857/568/553
f 858/638/554 860/639/554 859/570/554
f 860/639/555 862/640/555 861/572/555
f 862/640/556 864/641/556 863/574/556
f 814/589/557 936/589/557 937/590/557
f 864/641/558 866/642/559 865/577/558
f 866/642/560 804/644/560 803/580/560
f 805/515/561 807/518/561 869/518/561
f 896/572/562 928/572/562 927/570/562
f 823/536/561 825/538/561 878/538/561
f 841/551/561 843/553/561 887/553/561
f 861/572/561 896/572/561 895/570/561
f 815/526/561 817/528/561 874/528/561
f 835/578/561 883/578/561 882/546/561
f 853/564/561 892/564/561 891/561/561
f 809/520/561 870/520/561 869/518/561
f 825/538/561 827/540/561 879/540/561
f 845/555/561 888/555/561 887/553/561
f 861/572/561 863/574/561 897/574/561
f 817/528/561 819/530/561 875/530/561
f 837/547/561 884/547/561 883/578/561
f 855/566/561 893/566/561 892/564/561
f 811/522/561 871/522/561 870/520/561
f 827/540/561 829/542/561 880/542/561
f 847/557/561 889/557/561 888/555/561
f 865/577/561 898/577/561 897/574/561
f 821/534/561 876/534/561 875/530/561
f 839/549/561 885/549/561 884/547/561
f 855/566/561 857/568/561 894/568/561
f 813/524/561 872/524/561 871/522/561
f 829/542/561 831/544/561 881/544/561
f 847/557/561 849/559/561 890/559/561
f 803/579/561 805/515/561 868/515/561
f 865/577/561 803/580/561 867/580/561
f 823/536/561 877/536/561 876/534/561
f 841/551/561 886/551/561 885/549/561
f 859/570/561 895/570/561 894/568/561
f 813/524/561 815/526/561 873/526/561
f 833/546/561 882/546/561 881/544/561
f 849/559/561 851/561/561 891/561/561
f 905/643/557 906/656/557 907/657/557
f 907/657/557 908/658/557 909/659/557
f 909/659/557 910/660/557 911/661/557
f 911/661/557 912/662/557 913/581/557
f 913/581/557 914/663/557 915/664/557
f 915/664/557 916/665/557 917/666/557
f 917/666/557 918/667/557 919/668/557
f 919/668/557 920/669/557 921/582/557
f 921/582/557 922/670/557 923/671/557
f 923/671/557 924/672/557 925/673/557
f 925/673/557 926/674/557 927/675/557
f 927/675/557 928/676/557 929/583/557
f 929/583/557 930/649/557 899/650/557
f 899/650/557 900/651/557 901/652/557
f 901/652/557 902/653/557 903/654/557
f 903/654/557 904/655/557 905/643/557
f 905/643/557 907/657/557 909/659/557
f 909/659/557 911/661/557 913/581/557
f 913/581/557 915/664/557 917/666/557
f 917/666/557 919/668/557 921/582/557
f 921/582/557 923/671/557 925/673/557
f 925/673/557 927/675/557 929/583/557
f 929/583/557 899/650/557 901/652/557
f 901/652/557 903/654/557 905/643/557
f 905/643/557 909/659/557 913/581/557
f 913/581/557 917/666/557 921/582/557
f 921/582/557 925/673/557 929/583/557
f 929/583/557 901/652/557 905/643/557
f 905/643/557 913/581/557 921/582/557
f 883/578/563 915/578/563 914/546/563
f 870/520/564 902/520/564 901/518/564
f 897/574/556 929/574/556 928/572/556
f 884/547/565 916/547/565 915/578/565
f 871/522/566 903/522/566 902/520/566
f 898/577/559 930/577/559 929/574/559
f 885/549/567 917/549/567 916/547/567
f 872/524/568 904/524/598 903/522/568
f 867/580/569 899/580/569 930/577/570
f 886/551/540 918/551/571 917/549/571
f 873/526/572 905/526/572 904/524/572
f 887/553/573 919/553/573 918/551/573
f 874/528/574 906/528/574 905/526/574
f 888/555/575 920/555/599 919/553/576
f 875/530/578 907/530/578 906/528/578
f 889/557/579 921/557/579 920/555/579
f 876/534/580 908/534/580 907/530/580
f 890/559/546 922/559/546 921/557/546
f 877/536/581 909/536/581 908/534/581
f 891/561/582 923/561/582 922/559/582
f 878/538/583 910/538/583 909/536/583
f 892/564/584 924/564/584 923/561/584
f 879/540/585 911/540/585 910/538/585
f 893/566/586 925/566/586 924/564/586
f 880/542/587 912/542/587 911/540/587
f 894/568/588 926/568/588 925/566/589
f 881/544/534 913/544/590 912/542/590
f 868/515/591 900/515/611 899/579/592
f 895/570/593 927/570/597 926/568/594
f 882/546/595 914/546/595 913/544/595
f 869/518/596 901/518/596 900/515/596
f 952/626/579 984/626/579 985/629/579
f 834/611/557 832/608/557 945/608/557
f 850/632/557 954/632/557 955/562/557
f 806/585/557 932/585/557 933/586/557
f 824/596/557 941/596/557 942/599/557
f 842/620/557 950/620/557 951/623/557
f 862/640/557 860/639/557 959/639/557
f 816/590/557 937/590/557 938/591/557
f 836/615/557 834/611/557 946/611/557
f 854/636/557 852/562/557 955/562/557
f 810/587/557 808/586/557 933/586/557
f 826/599/557 942/599/557 943/602/557
f 846/626/557 844/623/557 951/623/557
f 862/640/557 960/640/557 961/641/557
f 818/591/557 938/591/557 939/531/557
f 838/614/557 836/615/557 947/615/557
f 856/637/557 854/636/557 956/636/557
f 812/588/557 810/587/557 934/587/557
f 828/602/557 943/602/557 944/605/557
f 848/629/557 846/626/557 952/626/557
f 866/642/557 864/641/557 961/641/557
f 822/592/557 820/531/557 939/531/557
f 840/617/557 838/614/557 948/614/557
f 856/637/557 957/637/557 958/638/557
f 814/589/557 812/588/557 935/588/557
f 830/605/557 944/605/557 945/608/557
f 848/629/557 953/629/557 954/632/557
f 804/584/557 931/584/557 932/585/557
f 866/642/557 962/642/557 931/644/557
f 824/596/557 822/592/557 940/592/557
f 842/620/557 840/617/557 949/617/557
f 860/639/557 858/638/557 958/638/557
f 991/647/561 990/679/561 989/680/561
f 989/680/561 988/681/561 987/682/561
f 987/682/561 986/683/561 985/684/561
f 985/684/561 984/685/561 983/686/561
f 983/686/561 982/687/561 981/688/561
f 981/688/561 980/689/561 979/690/561
f 979/690/561 978/691/561 977/692/561
f 977/692/561 976/693/561 975/645/561
f 975/645/561 974/694/561 973/695/561
f 973/695/561 972/696/561 971/648/561
f 971/648/561 970/697/561 969/698/561
f 969/698/561 968/699/561 967/646/561
f 967/646/561 966/700/561 965/701/561
f 965/701/561 964/702/561 963/703/561
f 963/703/561 994/704/561 993/705/561
f 993/705/561 992/706/561 991/647/561
f 991/647/561 989/680/561 987/682/561
f 987/682/561 985/684/561 983/686/561
f 983/686/561 981/688/561 979/690/561
f 979/690/561 977/692/561 975/645/561
f 975/645/561 973/695/561 971/648/561
f 971/648/561 969/698/561 967/646/561
f 967/646/561 965/701/561 963/703/561
f 963/703/561 993/705/561 991/647/561
f 991/647/561 987/682/561 983/686/561
f 983/686/561 979/690/561 975/645/561
f 975/645/561 971/648/561 967/646/561
f 967/646/561 963/703/561 991/647/561
f 991/647/561 983/686/561 975/645/561
f 939/531/580 971/531/580 972/592/580
f 953/629/546 985/629/546 986/632/546
f 940/592/581 972/592/581 973/596/581
f 954/632/582 986/632/582 987/562/582
f 941/596/583 973/596/583 974/599/583
f 955/562/584 987/562/584 988/636/584
f 942/599/585 974/599/585 975/602/585
f 956/636/586 988/636/586 989/637/586
f 943/602/587 975/602/532 976/605/587
f 957/637/589 989/637/588 990/638/588
f 944/605/590 976/605/534 977/608/534
f 931/584/592 963/584/592 964/585/591
f 958/638/594 990/638/593 991/639/593
f 945/608/595 977/608/595 978/611/595
f 932/585/596 964/585/596 965/586/596
f 959/639/562 991/639/562 992/640/562
f 946/611/563 978/611/563 979/615/563
f 933/586/564 965/586/564 966/587/564
f 960/640/556 992/640/556 993/641/556
f 947/615/565 979/615/565 980/614/565
f 934/587/566 966/587/566 967/588/566
f 961/641/559 993/641/559 994/642/559
f 948/614/567 980/614/567 981/617/567
f 935/588/568 967/588/568 968/589/568
f 962/642/570 994/642/612 963/644/569
f 949/617/571 981/617/540 982/620/540
f 936/589/572 968/589/572 969/590/572
f 950/620/573 982/620/573 983/623/573
f 937/590/574 969/590/574 970/591/574
f 951/623/576 983/623/577 984/626/575
f 938/591/578 970/591/578 971/531/578
f 1017/677/613 821/534/614 819/530/613
f 820/531/614 822/592/614 1019/594/614
f 714/648/615 1017/677/613 819/530/613
f 820/531/613 1019/594/613 714/648/616
f 1026/707/617 1027/708/617 1025/709/618
f 1028/710/619 1029/711/619 1027/708/619
f 1030/712/620 1031/713/620 1029/711/620
f 1032/714/621 1033/715/621 1031/713/621
f 1034/716/622 1035/717/622 1033/715/622
f 1036/718/623 1037/719/623 1035/717/623
f 1038/720/624 1039/721/624 1037/719/624
f 1040/722/625 1041/723/626 1039/721/627
f 1042/724/628 1043/725/628 1041/723/629
f 1044/726/630 1045/727/630 1043/725/630
f 1046/728/631 1047/729/631 1045/727/631
f 1048/730/632 1049/731/632 1047/729/632
f 1050/732/633 1051/733/634 1049/731/634
f 1051/733/635 1054/734/635 1053/735/635
f 1054/734/636 1055/736/636 1053/735/636
f 1056/737/637 1057/738/637 1055/736/638
f 1058/739/639 1059/740/639 1057/738/639
f 1060/741/640 1061/742/640 1059/740/640
f 1061/742/641 1064/743/642 1063/744/642
f 1064/743/643 1065/745/643 1063/744/644
f 1066/746/645 1067/747/645 1065/745/645
f 1068/748/646 1069/749/646 1067/747/646
f 1070/750/647 1071/751/647 1069/749/647
f 1072/752/648 1073/753/648 1071/751/648
f 1074/754/649 1075/755/650 1073/753/650
f 1076/756/651 1077/757/651 1075/755/651
f 1078/758/652 1079/759/652 1077/757/652
f 1080/760/653 1081/761/653 1079/759/653
f 1082/762/654 1083/763/654 1081/761/654
f 1084/764/655 1085/765/655 1083/763/656
f 1062/766/657 1046/767/657 1030/768/657
f 1086/769/658 1087/770/658 1085/765/658
f 1088/771/659 1025/772/659 1087/770/659
f 1055/773/660 1071/774/660 1087/775/660
f 1026/707/617 1028/710/618 1027/708/617
f 1028/710/619 1030/712/619 1029/711/619
f 1030/712/620 1032/714/620 1031/713/620
f 1032/714/621 1034/716/621 1033/715/621
f 1034/716/622 1036/718/622 1035/717/622
f 1036/718/623 1038/720/623 1037/719/623
f 1038/720/624 1040/722/624 1039/721/624
f 1040/722/625 1042/724/625 1041/723/626
f 1042/724/628 1044/726/628 1043/725/628
f 1044/726/630 1046/728/630 1045/727/630
f 1046/728/631 1048/730/631 1047/729/631
f 1048/730/632 1050/732/632 1049/731/632
f 1050/732/633 1052/776/661 1051/733/634
f 1051/733/635 1052/776/635 1054/734/635
f 1054/734/636 1056/737/636 1055/736/636
f 1056/737/637 1058/739/637 1057/738/637
f 1058/739/639 1060/741/639 1059/740/639
f 1060/741/640 1062/777/640 1061/742/640
f 1061/742/641 1062/777/662 1064/743/642
f 1064/743/643 1066/746/663 1065/745/643
f 1066/746/645 1068/748/645 1067/747/645
f 1068/748/646 1070/750/646 1069/749/646
f 1070/750/647 1072/752/647 1071/751/647
f 1072/752/648 1074/754/664 1073/753/648
f 1074/754/649 1076/756/649 1075/755/650
f 1076/756/651 1078/758/651 1077/757/651
f 1078/758/652 1080/760/652 1079/759/652
f 1080/760/653 1082/762/653 1081/761/653
f 1082/762/654 1084/764/665 1083/763/654
f 1084/764/655 1086/769/656 1085/765/655
f 1030/768/657 1028/778/657 1026/779/657
f 1026/779/657 1088/780/657 1086/781/657
f 1086/781/657 1084/782/657 1082/783/657
f 1082/783/657 1080/784/657 1078/785/657
f 1078/785/657 1076/786/657 1074/787/657
f 1074/787/657 1072/788/657 1070/789/657
f 1070/789/657 1068/790/657 1066/791/657
f 1066/791/657 1064/792/657 1062/766/657
f 1062/766/657 1060/793/657 1058/794/657
f 1058/794/657 1056/795/657 1054/796/657
f 1054/796/657 1052/797/657 1050/798/657
f 1050/798/657 1048/799/657 1046/767/657
f 1046/767/657 1044/800/657 1042/801/657
f 1042/801/657 1040/802/657 1038/803/657
f 1038/803/657 1036/804/657 1034/805/657
f 1034/805/657 1032/806/657 1030/768/657
f 1030/768/657 1026/779/657 1086/781/657
f 1086/781/657 1082/783/657 1078/785/657
f 1078/785/657 1074/787/657 1070/789/657
f 1070/789/657 1066/791/657 1062/766/657
f 1062/766/657 1058/794/657 1054/796/657
f 1054/796/657 1050/798/657 1046/767/657
f 1046/767/657 1042/801/657 1038/803/657
f 1038/803/657 1034/805/657 1030/768/657
f 1030/768/657 1086/781/657 1078/785/657
f 1078/785/657 1070/789/657 1062/766/657
f 1062/766/657 1054/796/657 1046/767/657
f 1046/767/657 1038/803/657 1030/768/657
f 1030/768/657 1078/785/657 1062/766/657
f 1086/769/658 1088/771/658 1087/770/658
f 1088/771/659 1026/807/666 1025/772/659
f 1087/775/660 1025/808/660 1027/809/660
f 1027/809/660 1029/810/660 1031/811/660
f 1031/811/660 1033/812/660 1035/813/660
f 1035/813/660 1037/814/660 1039/815/660
f 1039/815/660 1041/816/660 1043/817/660
f 1043/817/660 1045/818/660 1047/819/660
f 1047/819/660 1049/820/660 1051/821/660
f 1051/821/660 1053/822/660 1055/773/660
f 1055/773/660 1057/823/660 1059/824/660
f 1059/824/660 1061/825/660 1063/826/660
f 1063/826/660 1065/827/660 1067/828/660
f 1067/828/660 1069/829/660 1071/774/660
f 1071/774/660 1073/830/660 1075/831/660
f 1075/831/660 1077/832/660 1079/833/660
f 1079/833/660 1081/834/660 1083/835/660
f 1083/835/660 1085/836/660 1087/775/660
f 1087/775/660 1027/809/660 1031/811/660
f 1031/811/660 1035/813/660 1039/815/660
f 1039/815/660 1043/817/660 1047/819/660
f 1047/819/660 1051/821/660 1055/773/660
f 1055/773/660 1059/824/660 1063/826/660
f 1063/826/660 1067/828/660 1071/774/660
f 1071/774/660 1075/831/660 1079/833/660
f 1079/833/660 1083/835/660 1087/775/660
f 1087/775/660 1031/811/660 1039/815/660
f 1039/815/660 1047/819/660 1055/773/660
f 1055/773/660 1063/826/660 1071/774/660
f 1071/774/660 1079/833/660 1087/775/660
f 1087/775/660 1039/815/660 1055/773/660
f 1090/837/667 1091/838/667 1089/839/668
f 1092/840/669 1093/841/670 1091/838/670
f 1094/842/671 1095/843/672 1093/841/672
f 1096/844/673 1097/845/674 1095/843/674
f 1098/846/675 1099/847/676 1097/845/676
f 1100/848/677 1101/849/677 1099/847/677
f 1102/850/678 1103/851/679 1101/849/679
f 1104/852/680 1105/853/681 1103/851/681
f 1106/854/682 1107/855/683 1105/853/683
f 1108/856/684 1109/857/684 1107/855/684
f 1110/858/685 1111/859/685 1109/857/685
f 1112/860/686 1113/861/686 1111/859/686
f 1114/862/687 1115/863/687 1113/861/687
f 1116/864/688 1117/865/688 1115/863/688
f 1118/866/689 1119/867/690 1117/865/690
f 1120/868/691 1121/869/692 1119/867/692
f 1122/870/693 1123/871/694 1121/869/695
f 1124/872/696 1125/873/697 1123/871/697
f 1126/874/698 1127/875/698 1125/873/698
f 1128/876/699 1129/877/699 1127/875/699
f 1130/878/700 1131/879/701 1129/877/701
f 1132/880/702 1133/881/702 1131/879/702
f 1134/882/703 1135/883/703 1133/881/703
f 1136/884/704 1137/885/705 1135/883/705
f 1138/886/706 1139/887/707 1137/885/708
f 1140/888/709 1141/889/710 1139/887/710
f 1142/890/711 1143/891/711 1141/889/711
f 1144/892/712 1145/893/713 1143/891/713
f 1146/894/714 1147/895/714 1145/893/714
f 1148/896/715 1149/897/716 1147/895/716
f 1126/898/717 1110/899/717 1094/900/717
f 1150/901/718 1151/902/719 1149/897/719
f 1152/903/720 1089/904/720 1151/902/721
f 1119/905/722 1135/906/722 1151/907/722
f 1090/837/667 1092/840/667 1091/838/667
f 1092/840/669 1094/842/669 1093/841/670
f 1094/842/671 1096/844/723 1095/843/672
f 1096/844/673 1098/846/673 1097/845/674
f 1098/846/675 1100/848/675 1099/847/676
f 1100/848/677 1102/850/677 1101/849/677
f 1102/850/678 1104/852/678 1103/851/679
f 1104/852/680 1106/854/680 1105/853/681
f 1106/854/682 1108/856/682 1107/855/683
f 1108/856/684 1110/858/684 1109/857/684
f 1110/858/685 1112/860/685 1111/859/685
f 1112/860/686 1114/862/686 1113/861/686
f 1114/862/687 1116/864/687 1115/863/687
f 1116/864/688 1118/866/688 1117/865/688
f 1118/866/689 1120/868/689 1119/867/690
f 1120/868/691 1122/870/691 1121/869/692
f 1122/870/693 1124/872/693 1123/871/694
f 1124/872/696 1126/874/696 1125/873/697
f 1126/874/698 1128/876/698 1127/875/698
f 1128/876/699 1130/878/699 1129/877/699
f 1130/878/700 1132/880/700 1131/879/701
f 1132/880/702 1134/882/702 1133/881/702
f 1134/882/703 1136/884/703 1135/883/703
f 1136/884/704 1138/886/704 1137/885/705
f 1138/886/706 1140/888/707 1139/887/707
f 1140/888/709 1142/890/709 1141/889/710
f 1142/890/711 1144/892/711 1143/891/711
f 1144/892/712 1146/894/712 1145/893/713
f 1146/894/714 1148/896/724 1147/895/714
f 1148/896/715 1150/901/715 1149/897/716
f 1094/900/717 1092/908/717 1090/909/717
f 1090/909/717 1152/910/717 1150/911/717
f 1150/911/717 1148/912/717 1146/913/717
f 1146/913/717 1144/914/717 1142/915/717
f 1142/915/717 1140/916/717 1138/917/717
f 1138/917/717 1136/918/717 1134/919/717
f 1134/919/717 1132/920/717 1130/921/717
f 1130/921/717 1128/922/717 1126/898/717
f 1126/898/717 1124/923/717 1122/924/717
f 1122/924/717 1120/925/717 1118/926/717
f 1118/926/717 1116/927/717 1114/928/717
f 1114/928/717 1112/929/717 1110/899/717
f 1110/899/717 1108/930/717 1106/931/717
f 1106/931/717 1104/932/717 1102/933/717
f 1102/933/717 1100/934/717 1098/935/717
f 1098/935/717 1096/936/717 1094/900/717
f 1094/900/717 1090/909/717 1150/911/717
f 1150/911/717 1146/913/717 1142/915/717
f 1142/915/717 1138/917/717 1134/919/717
f 1134/919/717 1130/921/717 1126/898/717
f 1126/898/717 1122/924/717 1118/926/717
f 1118/926/717 1114/928/717 1110/899/717
f 1110/899/717 1106/931/717 1102/933/717
f 1102/933/717 1098/935/717 1094/900/717
f 1094/900/717 1150/911/717 1142/915/717
f 1142/915/717 1134/919/717 1126/898/717
f 1126/898/717 1118/926/717 1110/899/717
f 1110/899/717 1102/933/717 1094/900/717
f 1094/900/717 1142/915/717 1126/898/717
f 1150/901/718 1152/903/718 1151/902/719
f 1152/903/720 1090/937/720 1089/904/720
f 1151/907/722 1089/938/722 1091/939/722
f 1091/939/722 1093/940/725 1095/941/722
f 1095/941/722 1097/942/722 1099/943/722
f 1099/943/722 1101/944/722 1103/945/722
f 1103/945/722 1105/946/722 1107/947/722
f 1107/947/722 1109/948/722 1111/949/722
f 1111/949/722 1113/950/722 1115/951/722
f 1115/951/722 1117/952/726 1119/905/722
f 1119/905/722 1121/953/722 1123/954/722
f 1123/954/722 1125/955/727 1127/956/722
f 1127/956/722 1129/957/722 1131/958/722
f 1131/958/722 1133/959/722 1135/906/722
f 1135/906/722 1137/960/722 1139/961/722
f 1139/961/722 1141/962/722 1143/963/722
f 1143/963/722 1145/964/722 1147/965/722
f 1147/965/722 1149/966/728 1151/907/722
f 1151/907/722 1091/939/722 1095/941/722
f 1095/941/722 1099/943/722 1103/945/722
f 1103/945/722 1107/947/722 1111/949/722
f 1111/949/722 1115/951/722 1119/905/722
f 1119/905/722 1123/954/722 1127/956/722
f 1127/956/722 1131/958/722 1135/906/722
f 1135/906/722 1139/961/722 1143/963/722
f 1143/963/722 1147/965/722 1151/907/722
f 1151/907/722 1095/941/722 1103/945/722
f 1103/945/722 1111/949/722 1119/905/722
f 1119/905/722 1127/956/722 1135/906/722
f 1135/906/722 1143/963/722 1151/907/722
f 1151/907/722 1103/945/722 1119/905/722
f 1154/967/729 1443/968/729 1446/969/729
f 1155/970/730 1446/969/730 1451/971/731
f 1156/972/732 1451/971/732 1456/973/732
f 1157/974/733 1456/973/733 1455/975/733
f 1158/976/734 1455/975/734 1449/977/734
f 1159/978/735 1449/977/735 1463/979/735
f 1160/980/736 1463/979/736 1465/981/737
f 1161/982/738 1465/981/739 1162/983/740
f 1467/984/741 1161/982/741 1162/983/742
f 1469/985/743 1163/986/744 1467/984/743
f 1450/987/745 1164/988/745 1469/985/745
f 1453/989/746 1165/990/746 1450/987/746
f 1459/991/747 1166/992/747 1453/989/747
f 1444/993/748 1167/994/748 1459/991/748
f 1447/995/749 1168/996/749 1444/993/749
f 1454/997/750 1169/998/750 1447/995/750
f 1171/999/751 1454/997/751 1457/1000/751
f 1172/1001/752 1457/1000/752 1458/1002/752
f 1173/1003/753 1458/1002/753 1460/1004/753
f 1174/1005/754 1460/1004/754 1462/1006/754
f 1175/1007/755 1462/1006/756 1464/1008/756
f 1176/1009/757 1464/1008/758 1466/1010/758
f 1177/1011/759 1466/1010/759 1468/1012/759
f 1178/1013/760 1468/1012/760 1179/1014/760
f 1178/1013/761 1470/1015/761 1180/1016/761
f 1180/1016/762 1471/1017/762 1181/1018/762
f 1181/1018/763 1472/1019/764 1182/1020/763
f 1182/1020/765 1445/1021/766 1183/1022/765
f 1183/1022/767 1448/1023/768 1184/1024/767
f 1184/1024/769 1452/1025/769 1185/1026/769
f 1461/1027/770 1185/1026/770 1452/1025/770
f 1443/1028/771 1186/1029/771 1461/1027/771
f 1154/967/772 1189/970/772 1188/967/772
f 1216/1024/768 1247/1022/768 1215/1022/768
f 1165/990/772 1197/988/772 1164/988/772
f 1173/1003/772 1207/1005/772 1206/1003/772
f 1184/1024/772 1215/1022/772 1183/1022/772
f 1159/978/772 1194/980/772 1193/978/772
f 1170/1030/772 1202/998/772 1169/998/772
f 1180/1016/772 1211/1013/772 1178/1013/772
f 1155/970/772 1190/972/772 1189/970/772
f 1165/990/772 1199/992/772 1198/990/772
f 1175/1007/772 1207/1005/772 1174/1005/772
f 1185/1026/772 1216/1024/772 1184/1024/772
f 1160/980/772 1195/982/772 1194/980/772
f 1171/999/772 1203/1030/772 1170/1030/772
f 1181/1018/772 1212/1016/772 1180/1016/772
f 1156/972/772 1191/974/772 1190/972/772
f 1167/994/772 1199/992/772 1166/992/772
f 1176/1009/772 1208/1007/772 1175/1007/772
f 1185/1026/772 1218/1029/772 1217/1026/772
f 1161/982/772 1196/986/772 1195/982/772
f 1172/1001/772 1204/999/772 1171/999/772
f 1181/1018/772 1214/1020/772 1213/1018/772
f 1158/976/772 1191/974/772 1157/974/772
f 1167/994/772 1201/996/772 1200/994/772
f 1177/1011/772 1209/1009/772 1176/1009/772
f 1153/1031/772 1188/967/772 1187/1031/772
f 1186/1029/772 1187/1032/772 1218/1029/772
f 1163/986/772 1197/988/772 1196/986/772
f 1173/1003/772 1205/1001/772 1172/1001/772
f 1182/1020/772 1215/1022/772 1214/1020/772
f 1158/976/772 1193/978/772 1192/976/772
f 1169/998/772 1201/996/772 1168/996/772
f 1178/1013/772 1210/1011/772 1177/1011/772
f 1233/1033/773 1241/1034/773 1249/1035/773
f 1203/1030/774 1234/998/750 1202/998/774
f 1190/972/775 1221/970/775 1189/970/775
f 1217/1026/776 1248/1024/776 1216/1024/777
f 1204/999/751 1235/1030/751 1203/1030/778
f 1191/974/779 1222/972/779 1190/972/779
f 1218/1029/780 1249/1026/780 1217/1026/780
f 1205/1001/781 1236/999/781 1204/999/781
f 1192/976/782 1223/974/782 1191/974/782
f 1187/1032/771 1250/1029/771 1218/1029/783
f 1206/1003/784 1237/1001/785 1205/1001/784
f 1193/978/786 1224/976/786 1192/976/787
f 1207/1005/788 1238/1003/788 1206/1003/788
f 1194/980/789 1225/978/789 1193/978/789
f 1208/1007/790 1239/1005/790 1207/1005/790
f 1195/982/791 1226/980/791 1194/980/791
f 1209/1009/792 1240/1007/792 1208/1007/792
f 1196/986/793 1227/982/793 1195/982/793
f 1210/1011/794 1241/1009/794 1209/1009/794
f 1197/988/795 1228/986/795 1196/986/795
f 1211/1013/796 1242/1011/796 1210/1011/796
f 1198/990/797 1229/988/797 1197/988/798
f 1212/1016/799 1243/1013/799 1211/1013/799
f 1199/992/800 1230/990/800 1198/990/801
f 1213/1018/802 1244/1016/802 1212/1016/802
f 1200/994/803 1231/992/803 1199/992/803
f 1214/1020/804 1245/1018/804 1213/1018/804
f 1201/996/805 1232/994/805 1200/994/805
f 1188/967/729 1219/1031/806 1187/1031/729
f 1215/1022/807 1246/1020/807 1214/1020/807
f 1202/998/808 1233/996/808 1201/996/808
f 1189/970/809 1220/967/809 1188/967/809
f 1252/1036/810 1253/967/810 1251/1031/810
f 1254/1037/811 1255/970/811 1253/967/811
f 1256/1038/812 1257/972/812 1255/970/812
f 1258/1039/813 1259/974/813 1257/972/813
f 1260/1040/814 1261/976/815 1259/974/815
f 1262/1041/816 1263/978/816 1261/976/816
f 1264/1042/817 1265/980/817 1263/978/817
f 1266/1043/818 1267/982/818 1265/980/818
f 1270/1044/819 1469/1045/819 1467/1046/819
f 1269/986/819 1463/1047/819 1271/988/819
f 1272/1048/820 1450/1049/820 1469/1045/820
f 1271/988/820 1449/1050/820 1273/990/820
f 1274/1051/821 1453/1052/822 1450/1049/822
f 1273/990/821 1455/1053/822 1275/992/822
f 1276/1054/823 1459/1055/823 1453/1052/823
f 1275/992/823 1456/1056/824 1277/994/823
f 1278/1057/825 1444/1058/826 1459/1055/825
f 1277/994/825 1451/1059/825 1279/996/825
f 1280/1060/827 1447/1061/827 1444/1058/827
f 1279/996/827 1446/1062/827 1281/998/827
f 1282/1063/828 1454/1064/828 1447/1061/828
f 1281/998/828 1443/1065/828 1283/1030/828
f 1286/1066/829 1454/1064/829 1284/1067/829
f 1285/999/829 1443/1065/829 1461/1068/829
f 1288/1069/830 1457/1070/830 1286/1066/830
f 1287/1001/830 1461/1068/830 1452/1071/830
f 1290/1072/831 1458/1073/832 1288/1069/832
f 1289/1003/832 1452/1071/831 1448/1074/833
f 1292/1075/834 1460/1076/834 1290/1072/834
f 1291/1005/834 1448/1074/834 1445/1077/834
f 1294/1078/835 1462/1079/836 1292/1075/835
f 1293/1007/835 1445/1077/836 1472/1080/835
f 1296/1081/837 1464/1082/837 1294/1078/837
f 1295/1009/837 1472/1080/837 1471/1083/837
f 1298/1084/838 1466/1085/838 1296/1081/838
f 1297/1011/838 1471/1083/838 1470/1086/838
f 1300/1014/839 1299/1013/839 1179/1087/840
f 1300/1014/841 1301/1016/841 1299/1013/841
f 1302/1088/842 1303/1018/842 1301/1016/842
f 1304/1089/843 1305/1020/843 1303/1018/843
f 1306/1090/844 1307/1022/844 1305/1020/844
f 1308/1091/845 1309/1024/845 1307/1022/845
f 1310/1092/846 1311/1026/846 1309/1024/846
f 1262/1041/847 1385/1042/847 1264/1042/847
f 1312/1093/848 1313/1029/848 1311/1026/848
f 1314/1094/849 1251/1032/849 1313/1029/849
f 1253/967/850 1317/970/850 1316/967/850
f 1344/1024/851 1375/1022/851 1343/1022/851
f 1271/988/850 1326/990/850 1325/988/850
f 1289/1003/850 1335/1005/850 1334/1003/850
f 1309/1024/850 1343/1022/850 1307/1022/850
f 1263/978/850 1322/980/850 1321/978/850
f 1283/1030/850 1330/998/850 1281/998/850
f 1301/1016/850 1339/1013/850 1299/1013/850
f 1257/972/850 1317/970/850 1255/970/850
f 1273/990/850 1327/992/850 1326/990/850
f 1293/1007/850 1335/1005/850 1291/1005/850
f 1309/1024/850 1345/1026/850 1344/1024/850
f 1265/980/850 1323/982/850 1322/980/850
f 1285/999/850 1331/1030/850 1283/1030/850
f 1303/1018/850 1340/1016/850 1301/1016/850
f 1257/972/850 1319/974/850 1318/972/850
f 1277/994/850 1327/992/850 1275/992/850
f 1295/1009/850 1336/1007/850 1293/1007/850
f 1311/1026/850 1346/1029/850 1345/1026/850
f 1269/986/850 1323/982/850 1267/982/850
f 1287/1001/850 1332/999/850 1285/999/850
f 1303/1018/850 1342/1020/850 1341/1018/850
f 1261/976/850 1319/974/850 1259/974/850
f 1277/994/850 1329/996/850 1328/994/850
f 1295/1009/850 1338/1011/850 1337/1009/850
f 1251/1031/850 1316/967/850 1315/1031/850
f 1251/1032/850 1346/1029/850 1313/1029/850
f 1271/988/850 1324/986/850 1269/986/850
f 1289/1003/850 1333/1001/850 1287/1001/850
f 1307/1022/850 1342/1020/850 1305/1020/850
f 1261/976/850 1321/978/850 1320/976/850
f 1281/998/850 1329/996/850 1279/996/850
f 1297/1011/850 1339/1013/850 1338/1011/850
f 1369/1034/847 1377/1035/847 1353/1095/847
f 1331/1030/852 1362/998/852 1330/998/852
f 1318/972/853 1349/970/853 1317/970/853
f 1345/1026/854 1376/1024/854 1344/1024/854
f 1332/999/855 1363/1030/855 1331/1030/855
f 1319/974/856 1350/972/856 1318/972/856
f 1346/1029/857 1377/1026/857 1345/1026/857
f 1333/1001/858 1364/999/858 1332/999/858
f 1320/976/859 1351/974/860 1319/974/861
f 1315/1032/862 1378/1029/862 1346/1029/863
f 1334/1003/864 1365/1001/864 1333/1001/864
f 1321/978/865 1352/976/865 1320/976/866
f 1335/1005/867 1366/1003/867 1334/1003/867
f 1322/980/868 1353/978/868 1321/978/868
f 1336/1007/869 1367/1005/869 1335/1005/869
f 1323/982/870 1354/980/870 1322/980/870
f 1337/1009/871 1368/1007/871 1336/1007/871
f 1324/986/872 1355/982/872 1323/982/872
f 1338/1011/873 1369/1009/873 1337/1009/873
f 1325/988/874 1356/986/874 1324/986/874
f 1339/1013/875 1370/1011/875 1338/1011/875
f 1326/990/876 1357/988/876 1325/988/876
f 1340/1016/877 1371/1013/877 1339/1013/877
f 1327/992/878 1358/990/879 1326/990/878
f 1341/1018/880 1372/1016/880 1340/1016/880
f 1328/994/881 1359/992/881 1327/992/881
f 1341/1018/882 1374/1020/882 1373/1018/882
f 1329/996/883 1360/994/883 1328/994/883
f 1316/967/884 1347/1031/885 1315/1031/885
f 1342/1020/886 1375/1022/886 1374/1020/887
f 1330/998/888 1361/996/888 1329/996/888
f 1317/970/889 1348/967/889 1316/967/889
f 1400/1078/871 1433/1081/871 1401/1081/871
f 1282/1063/847 1393/1060/847 1394/1063/847
f 1298/1084/847 1403/1014/847 1300/1014/847
f 1254/1037/847 1381/1038/847 1256/1038/847
f 1272/1048/847 1390/1051/847 1274/1051/847
f 1290/1072/847 1399/1075/847 1292/1075/847
f 1310/1092/847 1407/1091/847 1408/1092/847
f 1264/1042/847 1386/1043/847 1266/1043/847
f 1284/1067/847 1394/1063/847 1395/1067/847
f 1302/1088/847 1403/1014/847 1404/1088/847
f 1258/1039/847 1381/1038/847 1382/1039/847
f 1274/1051/847 1391/1054/847 1276/1054/847
f 1294/1078/847 1399/1075/847 1400/1078/847
f 1310/1092/847 1409/1093/847 1312/1093/847
f 1266/1043/847 1387/983/847 1268/983/847
f 1286/1066/847 1395/1067/847 1396/1066/847
f 1304/1089/847 1404/1088/847 1405/1089/847
f 1258/1039/847 1383/1040/847 1260/1040/847
f 1278/1057/847 1391/1054/847 1392/1057/847
f 1296/1081/847 1400/1078/847 1401/1081/847
f 1312/1093/847 1410/1094/847 1314/1094/847
f 1270/1044/847 1387/983/847 1388/1044/847
f 1288/1069/847 1396/1066/847 1397/1069/847
f 1304/1089/847 1406/1090/847 1306/1090/847
f 1262/1041/847 1383/1040/847 1384/1041/847
f 1278/1057/847 1393/1060/847 1280/1060/847
f 1296/1081/847 1402/1084/847 1298/1084/847
f 1252/1036/847 1380/1037/847 1254/1037/847
f 1252/1096/847 1410/1094/847 1379/1096/847
f 1272/1048/847 1388/1044/847 1389/1048/847
f 1290/1072/847 1397/1069/847 1398/1072/847
f 1308/1091/847 1406/1090/847 1407/1091/847
f 1423/1097/850 1415/1098/850 1439/1099/850
f 1387/983/872 1420/1044/872 1388/1044/872
f 1401/1081/873 1434/1084/873 1402/1084/873
f 1388/1044/874 1421/1048/874 1389/1048/874
f 1402/1084/875 1435/1014/875 1403/1014/875
f 1389/1048/876 1422/1051/876 1390/1051/876
f 1403/1014/877 1436/1088/877 1404/1088/877
f 1390/1051/878 1423/1054/879 1391/1054/890
f 1404/1088/880 1437/1089/880 1405/1089/880
f 1391/1054/881 1424/1057/881 1392/1057/881
f 1405/1089/882 1438/1090/882 1406/1090/882
f 1392/1057/883 1425/1060/883 1393/1060/883
f 1379/1036/884 1412/1037/885 1380/1037/885
f 1406/1090/886 1439/1091/886 1407/1091/886
f 1393/1060/888 1426/1063/888 1394/1063/888
f 1380/1037/889 1413/1038/889 1381/1038/889
f 1407/1091/851 1440/1092/851 1408/1092/851
f 1394/1063/852 1427/1067/852 1395/1067/852
f 1381/1038/853 1414/1039/853 1382/1039/853
f 1408/1092/854 1441/1093/854 1409/1093/854
f 1395/1067/855 1428/1066/855 1396/1066/855
f 1382/1039/856 1415/1040/856 1383/1040/856
f 1409/1093/857 1442/1094/857 1410/1094/857
f 1396/1066/858 1429/1069/858 1397/1069/858
f 1383/1040/861 1416/1041/861 1384/1041/861
f 1410/1094/862 1411/1096/862 1379/1096/863
f 1397/1069/864 1430/1072/864 1398/1072/864
f 1384/1041/866 1417/1042/891 1385/1042/865
f 1398/1072/867 1431/1075/867 1399/1075/867
f 1385/1042/868 1418/1043/868 1386/1043/868
f 1399/1075/869 1432/1078/869 1400/1078/869
f 1386/1043/870 1419/983/870 1387/983/870
f 1267/982/892 1268/983/892 1162/1100/893
f 1154/967/729 1153/1031/729 1443/968/729
f 1155/970/730 1154/967/730 1446/969/730
f 1156/972/732 1155/970/732 1451/971/732
f 1157/974/733 1156/972/733 1456/973/733
f 1158/976/734 1157/974/734 1455/975/734
f 1159/978/735 1158/976/735 1449/977/735
f 1160/980/736 1159/978/736 1463/979/736
f 1161/982/738 1160/980/740 1465/981/739
f 1467/984/741 1163/986/741 1161/982/741
f 1469/985/743 1164/988/744 1163/986/744
f 1450/987/745 1165/990/745 1164/988/745
f 1453/989/746 1166/992/746 1165/990/746
f 1459/991/747 1167/994/747 1166/992/747
f 1444/993/748 1168/996/748 1167/994/748
f 1447/995/749 1169/998/749 1168/996/749
f 1454/997/750 1170/1030/750 1169/998/750
f 1171/999/751 1170/1030/751 1454/997/751
f 1172/1001/752 1171/999/752 1457/1000/752
f 1173/1003/753 1172/1001/753 1458/1002/753
f 1174/1005/754 1173/1003/754 1460/1004/754
f 1175/1007/755 1174/1005/755 1462/1006/756
f 1176/1009/757 1175/1007/757 1464/1008/758
f 1177/1011/759 1176/1009/759 1466/1010/759
f 1178/1013/760 1177/1011/760 1468/1012/760
f 1178/1013/761 1179/1014/761 1470/1015/761
f 1180/1016/762 1470/1015/762 1471/1017/762
f 1181/1018/763 1471/1017/764 1472/1019/764
f 1182/1020/765 1472/1019/766 1445/1021/766
f 1183/1022/767 1445/1021/767 1448/1023/768
f 1184/1024/769 1448/1023/776 1452/1025/769
f 1461/1027/770 1186/1029/770 1185/1026/770
f 1443/1028/771 1153/1032/771 1186/1029/771
f 1154/967/772 1155/970/772 1189/970/772
f 1216/1024/768 1248/1024/768 1247/1022/768
f 1165/990/772 1198/990/772 1197/988/772
f 1173/1003/772 1174/1005/772 1207/1005/772
f 1184/1024/772 1216/1024/772 1215/1022/772
f 1159/978/772 1160/980/772 1194/980/772
f 1170/1030/772 1203/1030/772 1202/998/772
f 1180/1016/772 1212/1016/772 1211/1013/772
f 1155/970/772 1156/972/772 1190/972/772
f 1165/990/772 1166/992/772 1199/992/772
f 1175/1007/772 1208/1007/772 1207/1005/772
f 1185/1026/772 1217/1026/772 1216/1024/772
f 1160/980/772 1161/982/772 1195/982/772
f 1171/999/772 1204/999/772 1203/1030/772
f 1181/1018/772 1213/1018/772 1212/1016/772
f 1156/972/772 1157/974/772 1191/974/772
f 1167/994/772 1200/994/772 1199/992/772
f 1176/1009/772 1209/1009/772 1208/1007/772
f 1185/1026/772 1186/1029/772 1218/1029/772
f 1161/982/772 1163/986/772 1196/986/772
f 1172/1001/772 1205/1001/772 1204/999/772
f 1181/1018/772 1182/1020/772 1214/1020/772
f 1158/976/772 1192/976/772 1191/974/772
f 1167/994/772 1168/996/772 1201/996/772
f 1177/1011/772 1210/1011/772 1209/1009/772
f 1153/1031/772 1154/967/772 1188/967/772
f 1186/1029/772 1153/1032/772 1187/1032/772
f 1163/986/772 1164/988/772 1197/988/772
f 1173/1003/772 1206/1003/772 1205/1001/772
f 1182/1020/772 1183/1022/772 1215/1022/772
f 1158/976/772 1159/978/772 1193/978/772
f 1169/998/772 1202/998/772 1201/996/772
f 1178/1013/772 1211/1013/772 1210/1011/772
f 1249/1035/773 1250/1101/773 1219/1102/773
f 1219/1102/773 1220/1103/773 1221/1104/773
f 1221/1104/773 1222/1105/773 1223/1106/773
f 1223/1106/773 1224/1107/773 1225/1095/773
f 1225/1095/773 1226/1108/773 1227/1109/773
f 1227/1109/773 1228/1110/773 1229/1111/773
f 1229/1111/773 1230/1112/773 1231/1113/773
f 1231/1113/773 1232/1114/773 1233/1033/773
f 1233/1033/773 1234/1115/773 1235/1116/773
f 1235/1116/773 1236/1117/773 1237/1118/773
f 1237/1118/773 1238/1119/773 1239/1120/773
f 1239/1120/773 1240/1121/773 1241/1034/773
f 1241/1034/773 1242/1122/773 1243/1123/773
f 1243/1123/773 1244/1124/773 1245/1125/773
f 1245/1125/773 1246/1126/773 1247/1127/773
f 1247/1127/773 1248/1128/773 1249/1035/773
f 1249/1035/773 1219/1102/773 1221/1104/773
f 1221/1104/773 1223/1106/773 1225/1095/773
f 1225/1095/773 1227/1109/773 1229/1111/773
f 1229/1111/773 1231/1113/773 1233/1033/773
f 1233/1033/773 1235/1116/773 1237/1118/773
f 1237/1118/773 1239/1120/773 1241/1034/773
f 1241/1034/773 1243/1123/773 1245/1125/773
f 1245/1125/773 1247/1127/773 1249/1035/773
f 1249/1035/773 1221/1104/773 1225/1095/773
f 1225/1095/773 1229/1111/773 1233/1033/773
f 1233/1033/773 1237/1118/773 1241/1034/773
f 1241/1034/773 1245/1125/773 1249/1035/773
f 1249/1035/773 1225/1095/773 1233/1033/773
f 1203/1030/774 1235/1030/750 1234/998/750
f 1190/972/775 1222/972/775 1221/970/775
f 1217/1026/776 1249/1026/776 1248/1024/776
f 1204/999/751 1236/999/778 1235/1030/751
f 1191/974/779 1223/974/894 1222/972/779
f 1218/1029/780 1250/1029/780 1249/1026/780
f 1205/1001/781 1237/1001/781 1236/999/781
f 1192/976/782 1224/976/895 1223/974/782
f 1187/1032/771 1219/1032/783 1250/1029/771
f 1206/1003/784 1238/1003/784 1237/1001/785
f 1193/978/786 1225/978/786 1224/976/786
f 1207/1005/788 1239/1005/788 1238/1003/788
f 1194/980/789 1226/980/789 1225/978/789
f 1208/1007/790 1240/1007/790 1239/1005/790
f 1195/982/791 1227/982/791 1226/980/791
f 1209/1009/792 1241/1009/792 1240/1007/792
f 1196/986/793 1228/986/793 1227/982/793
f 1210/1011/794 1242/1011/794 1241/1009/794
f 1197/988/795 1229/988/795 1228/986/795
f 1211/1013/796 1243/1013/796 1242/1011/796
f 1198/990/797 1230/990/797 1229/988/797
f 1212/1016/799 1244/1016/799 1243/1013/799
f 1199/992/800 1231/992/800 1230/990/800
f 1213/1018/802 1245/1018/802 1244/1016/802
f 1200/994/803 1232/994/896 1231/992/803
f 1214/1020/804 1246/1020/804 1245/1018/804
f 1201/996/805 1233/996/805 1232/994/805
f 1188/967/729 1220/967/806 1219/1031/806
f 1215/1022/807 1247/1022/807 1246/1020/807
f 1202/998/808 1234/998/808 1233/996/808
f 1189/970/809 1221/970/809 1220/967/809
f 1252/1036/810 1254/1037/810 1253/967/810
f 1254/1037/811 1256/1038/811 1255/970/811
f 1256/1038/812 1258/1039/812 1257/972/812
f 1258/1039/813 1260/1040/813 1259/974/813
f 1260/1040/814 1262/1041/814 1261/976/815
f 1262/1041/816 1264/1042/816 1263/978/816
f 1264/1042/817 1266/1043/817 1265/980/817
f 1266/1043/818 1268/983/818 1267/982/818
f 1270/1044/819 1272/1048/819 1469/1045/819
f 1269/986/819 1465/1129/819 1463/1047/819
f 1272/1048/820 1274/1051/820 1450/1049/820
f 1271/988/820 1463/1047/820 1449/1050/820
f 1274/1051/821 1276/1054/822 1453/1052/822
f 1273/990/821 1449/1050/822 1455/1053/822
f 1276/1054/823 1278/1057/823 1459/1055/823
f 1275/992/823 1455/1053/823 1456/1056/824
f 1278/1057/825 1280/1060/825 1444/1058/826
f 1277/994/825 1456/1056/825 1451/1059/825
f 1280/1060/827 1282/1063/827 1447/1061/827
f 1279/996/827 1451/1059/827 1446/1062/827
f 1282/1063/828 1284/1067/828 1454/1064/828
f 1281/998/828 1446/1062/828 1443/1065/828
f 1286/1066/829 1457/1070/829 1454/1064/829
f 1285/999/829 1283/1030/829 1443/1065/829
f 1288/1069/830 1458/1073/830 1457/1070/830
f 1287/1001/830 1285/999/830 1461/1068/830
f 1290/1072/831 1460/1076/832 1458/1073/832
f 1289/1003/832 1287/1001/832 1452/1071/831
f 1292/1075/834 1462/1079/834 1460/1076/834
f 1291/1005/834 1289/1003/834 1448/1074/834
f 1294/1078/835 1464/1082/835 1462/1079/836
f 1293/1007/835 1291/1005/835 1445/1077/836
f 1296/1081/837 1466/1085/837 1464/1082/837
f 1295/1009/837 1293/1007/837 1472/1080/837
f 1298/1084/838 1468/1130/838 1466/1085/838
f 1297/1011/838 1295/1009/838 1471/1083/838
f 1299/1013/897 1297/1011/897 1470/1086/897
f 1179/1087/898 1468/1130/897 1298/1084/897
f 1299/1013/897 1470/1086/897 1179/1087/898
f 1179/1087/898 1298/1084/897 1300/1014/899
f 1300/1014/841 1302/1088/841 1301/1016/841
f 1302/1088/842 1304/1089/842 1303/1018/842
f 1304/1089/843 1306/1090/843 1305/1020/843
f 1306/1090/844 1308/1091/844 1307/1022/844
f 1308/1091/845 1310/1092/845 1309/1024/845
f 1310/1092/846 1312/1093/846 1311/1026/846
f 1262/1041/847 1384/1041/847 1385/1042/847
f 1312/1093/848 1314/1094/848 1313/1029/848
f 1314/1094/849 1252/1096/849 1251/1032/849
f 1253/967/850 1255/970/850 1317/970/850
f 1344/1024/851 1376/1024/851 1375/1022/851
f 1271/988/850 1273/990/850 1326/990/850
f 1289/1003/850 1291/1005/850 1335/1005/850
f 1309/1024/850 1344/1024/850 1343/1022/850
f 1263/978/850 1265/980/850 1322/980/850
f 1283/1030/850 1331/1030/850 1330/998/850
f 1301/1016/850 1340/1016/850 1339/1013/850
f 1257/972/850 1318/972/850 1317/970/850
f 1273/990/850 1275/992/850 1327/992/850
f 1293/1007/850 1336/1007/850 1335/1005/850
f 1309/1024/850 1311/1026/850 1345/1026/850
f 1265/980/850 1267/982/850 1323/982/850
f 1285/999/850 1332/999/850 1331/1030/850
f 1303/1018/850 1341/1018/850 1340/1016/850
f 1257/972/850 1259/974/850 1319/974/850
f 1277/994/850 1328/994/850 1327/992/850
f 1295/1009/850 1337/1009/850 1336/1007/850
f 1311/1026/850 1313/1029/850 1346/1029/850
f 1269/986/850 1324/986/850 1323/982/850
f 1287/1001/850 1333/1001/850 1332/999/850
f 1303/1018/850 1305/1020/850 1342/1020/850
f 1261/976/850 1320/976/850 1319/974/850
f 1277/994/850 1279/996/850 1329/996/850
f 1295/1009/850 1297/1011/850 1338/1011/850
f 1251/1031/850 1253/967/850 1316/967/850
f 1251/1032/850 1315/1032/850 1346/1029/850
f 1271/988/850 1325/988/850 1324/986/850
f 1289/1003/850 1334/1003/850 1333/1001/850
f 1307/1022/850 1343/1022/850 1342/1020/850
f 1261/976/850 1263/978/850 1321/978/850
f 1281/998/850 1330/998/850 1329/996/850
f 1297/1011/850 1299/1013/850 1339/1013/850
f 1353/1095/847 1354/1108/847 1355/1109/847
f 1355/1109/847 1356/1110/847 1357/1111/847
f 1357/1111/847 1358/1112/847 1359/1113/847
f 1359/1113/847 1360/1114/847 1361/1033/847
f 1361/1033/847 1362/1115/847 1363/1116/847
f 1363/1116/847 1364/1117/847 1365/1118/847
f 1365/1118/847 1366/1119/847 1367/1120/847
f 1367/1120/847 1368/1121/847 1369/1034/847
f 1369/1034/847 1370/1122/847 1371/1123/847
f 1371/1123/847 1372/1124/847 1373/1125/847
f 1373/1125/847 1374/1126/847 1375/1127/847
f 1375/1127/847 1376/1128/847 1377/1035/847
f 1377/1035/847 1378/1101/847 1347/1102/847
f 1347/1102/847 1348/1103/847 1349/1104/847
f 1349/1104/847 1350/1105/847 1351/1106/847
f 1351/1106/847 1352/1107/847 1353/1095/847
f 1353/1095/847 1355/1109/847 1357/1111/847
f 1357/1111/847 1359/1113/847 1361/1033/847
f 1361/1033/847 1363/1116/847 1365/1118/847
f 1365/1118/847 1367/1120/847 1369/1034/847
f 1369/1034/847 1371/1123/847 1373/1125/847
f 1373/1125/847 1375/1127/847 1377/1035/847
f 1377/1035/847 1347/1102/847 1349/1104/847
f 1349/1104/847 1351/1106/847 1353/1095/847
f 1353/1095/847 1357/1111/847 1361/1033/847
f 1361/1033/847 1365/1118/847 1369/1034/847
f 1369/1034/847 1373/1125/847 1377/1035/847
f 1377/1035/847 1349/1104/847 1353/1095/847
f 1353/1095/847 1361/1033/847 1369/1034/847
f 1331/1030/852 1363/1030/852 1362/998/852
f 1318/972/853 1350/972/853 1349/970/853
f 1345/1026/854 1377/1026/854 1376/1024/854
f 1332/999/855 1364/999/855 1363/1030/855
f 1319/974/856 1351/974/813 1350/972/856
f 1346/1029/857 1378/1029/900 1377/1026/857
f 1333/1001/858 1365/1001/858 1364/999/858
f 1320/976/859 1352/976/860 1351/974/860
f 1315/1032/862 1347/1032/862 1378/1029/862
f 1334/1003/864 1366/1003/864 1365/1001/864
f 1321/978/865 1353/978/865 1352/976/865
f 1335/1005/867 1367/1005/867 1366/1003/867
f 1322/980/868 1354/980/868 1353/978/868
f 1336/1007/869 1368/1007/869 1367/1005/869
f 1323/982/870 1355/982/870 1354/980/870
f 1337/1009/871 1369/1009/871 1368/1007/871
f 1324/986/872 1356/986/872 1355/982/872
f 1338/1011/873 1370/1011/873 1369/1009/873
f 1325/988/874 1357/988/874 1356/986/874
f 1339/1013/875 1371/1013/875 1370/1011/875
f 1326/990/876 1358/990/876 1357/988/876
f 1340/1016/877 1372/1016/877 1371/1013/877
f 1327/992/878 1359/992/879 1358/990/879
f 1341/1018/880 1373/1018/880 1372/1016/880
f 1328/994/881 1360/994/881 1359/992/881
f 1341/1018/882 1342/1020/882 1374/1020/882
f 1329/996/883 1361/996/883 1360/994/883
f 1316/967/884 1348/967/901 1347/1031/885
f 1342/1020/886 1343/1022/886 1375/1022/886
f 1330/998/888 1362/998/888 1361/996/888
f 1317/970/889 1349/970/889 1348/967/889
f 1400/1078/871 1432/1078/871 1433/1081/871
f 1282/1063/847 1280/1060/847 1393/1060/847
f 1298/1084/847 1402/1084/847 1403/1014/847
f 1254/1037/847 1380/1037/847 1381/1038/847
f 1272/1048/847 1389/1048/847 1390/1051/847
f 1290/1072/847 1398/1072/847 1399/1075/847
f 1310/1092/847 1308/1091/847 1407/1091/847
f 1264/1042/847 1385/1042/847 1386/1043/847
f 1284/1067/847 1282/1063/847 1394/1063/847
f 1302/1088/847 1300/1014/847 1403/1014/847
f 1258/1039/847 1256/1038/847 1381/1038/847
f 1274/1051/847 1390/1051/847 1391/1054/847
f 1294/1078/847 1292/1075/847 1399/1075/847
f 1310/1092/847 1408/1092/847 1409/1093/847
f 1266/1043/847 1386/1043/847 1387/983/847
f 1286/1066/847 1284/1067/847 1395/1067/847
f 1304/1089/847 1302/1088/847 1404/1088/847
f 1258/1039/847 1382/1039/847 1383/1040/847
f 1278/1057/847 1276/1054/847 1391/1054/847
f 1296/1081/847 1294/1078/847 1400/1078/847
f 1312/1093/847 1409/1093/847 1410/1094/847
f 1270/1044/847 1268/983/847 1387/983/847
f 1288/1069/847 1286/1066/847 1396/1066/847
f 1304/1089/847 1405/1089/847 1406/1090/847
f 1262/1041/847 1260/1040/847 1383/1040/847
f 1278/1057/847 1392/1057/847 1393/1060/847
f 1296/1081/847 1401/1081/847 1402/1084/847
f 1252/1036/847 1379/1036/847 1380/1037/847
f 1252/1096/847 1314/1094/847 1410/1094/847
f 1272/1048/847 1270/1044/847 1388/1044/847
f 1290/1072/847 1288/1069/847 1397/1069/847
f 1308/1091/847 1306/1090/847 1406/1090/847
f 1439/1099/850 1438/1131/850 1437/1132/850
f 1437/1132/850 1436/1133/850 1435/1134/850
f 1435/1134/850 1434/1135/850 1433/1136/850
f 1433/1136/850 1432/1137/850 1431/1138/850
f 1431/1138/850 1430/1139/850 1429/1140/850
f 1429/1140/850 1428/1141/850 1427/1142/850
f 1427/1142/850 1426/1143/850 1425/1144/850
f 1425/1144/850 1424/1145/850 1423/1097/850
f 1423/1097/850 1422/1146/850 1421/1147/850
f 1421/1147/850 1420/1148/850 1419/1100/850
f 1419/1100/850 1418/1149/850 1417/1150/850
f 1417/1150/850 1416/1151/850 1415/1098/850
f 1415/1098/850 1414/1152/850 1413/1153/850
f 1413/1153/850 1412/1154/850 1411/1155/850
f 1411/1155/850 1442/1156/850 1441/1157/850
f 1441/1157/850 1440/1158/850 1439/1099/850
f 1439/1099/850 1437/1132/850 1435/1134/850
f 1435/1134/850 1433/1136/850 1431/1138/850
f 1431/1138/850 1429/1140/850 1427/1142/850
f 1427/1142/850 1425/1144/850 1423/1097/850
f 1423/1097/850 1421/1147/850 1419/1100/850
f 1419/1100/850 1417/1150/850 1415/1098/850
f 1415/1098/850 1413/1153/850 1411/1155/850
f 1411/1155/850 1441/1157/850 1439/1099/850
f 1439/1099/850 1435/1134/850 1431/1138/850
f 1431/1138/850 1427/1142/850 1423/1097/850
f 1423/1097/850 1419/1100/850 1415/1098/850
f 1415/1098/850 1411/1155/850 1439/1099/850
f 1439/1099/850 1431/1138/850 1423/1097/850
f 1387/983/872 1419/983/872 1420/1044/872
f 1401/1081/873 1433/1081/873 1434/1084/873
f 1388/1044/874 1420/1044/874 1421/1048/874
f 1402/1084/875 1434/1084/875 1435/1014/875
f 1389/1048/876 1421/1048/876 1422/1051/876
f 1403/1014/877 1435/1014/877 1436/1088/877
f 1390/1051/878 1422/1051/878 1423/1054/879
f 1404/1088/880 1436/1088/880 1437/1089/880
f 1391/1054/881 1423/1054/881 1424/1057/881
f 1405/1089/882 1437/1089/882 1438/1090/882
f 1392/1057/883 1424/1057/826 1425/1060/883
f 1379/1036/884 1411/1036/901 1412/1037/885
f 1406/1090/886 1438/1090/886 1439/1091/886
f 1393/1060/888 1425/1060/888 1426/1063/888
f 1380/1037/889 1412/1037/889 1413/1038/889
f 1407/1091/851 1439/1091/851 1440/1092/851
f 1394/1063/852 1426/1063/852 1427/1067/852
f 1381/1038/853 1413/1038/853 1414/1039/853
f 1408/1092/854 1440/1092/854 1441/1093/854
f 1395/1067/855 1427/1067/855 1428/1066/855
f 1382/1039/856 1414/1039/856 1415/1040/856
f 1409/1093/857 1441/1093/857 1442/1094/857
f 1396/1066/858 1428/1066/858 1429/1069/858
f 1383/1040/861 1415/1040/861 1416/1041/861
f 1410/1094/862 1442/1094/862 1411/1096/862
f 1397/1069/864 1429/1069/864 1430/1072/864
f 1384/1041/866 1416/1041/866 1417/1042/891
f 1398/1072/867 1430/1072/867 1431/1075/867
f 1385/1042/868 1417/1042/868 1418/1043/868
f 1399/1075/869 1431/1075/869 1432/1078/869
f 1386/1043/870 1418/1043/870 1419/983/870
f 1465/1129/902 1269/986/903 1267/982/903
f 1268/983/903 1270/1044/903 1467/1046/903
f 1162/1100/904 1465/1129/902 1267/982/903
f 1268/983/903 1467/1046/903 1162/1100/905
f 1474/1159/906 1475/1160/906 1473/1161/907
f 1476/1162/908 1477/1163/908 1475/1160/908
f 1478/1164/909 1479/1165/910 1477/1163/911
f 1480/1166/912 1481/1167/913 1479/1165/914
f 1482/1168/915 1483/1169/915 1481/1167/915
f 1484/1170/916 1485/1171/916 1483/1169/916
f 1486/1172/917 1487/1173/917 1485/1171/917
f 1488/1174/918 1489/1175/919 1487/1173/918
f 1490/1176/920 1491/1177/921 1489/1175/920
f 1492/1178/922 1493/1179/922 1491/1177/922
f 1494/1180/923 1495/1181/923 1493/1179/923
f 1496/1182/924 1497/1183/924 1495/1181/924
f 1498/1184/925 1499/1185/925 1497/1183/925
f 1499/1185/926 1502/1186/927 1501/1187/927
f 1502/1186/928 1503/1188/928 1501/1187/928
f 1504/1189/929 1505/1190/929 1503/1188/929
f 1506/1191/930 1507/1192/930 1505/1190/931
f 1508/1193/932 1509/1194/932 1507/1192/932
f 1509/1194/933 1512/1195/933 1511/1196/933
f 1512/1195/934 1513/1197/935 1511/1196/935
f 1514/1198/936 1515/1199/936 1513/1197/936
f 1516/1200/937 1517/1201/937 1515/1199/937
f 1518/1202/938 1519/1203/938 1517/1201/938
f 1520/1204/939 1521/1205/939 1519/1203/940
f 1522/1206/941 1523/1207/942 1521/1205/943
f 1524/1208/944 1525/1209/944 1523/1207/944
f 1526/1210/945 1527/1211/945 1525/1209/945
f 1528/1212/946 1529/1213/946 1527/1211/946
f 1530/1214/947 1531/1215/948 1529/1213/949
f 1532/1216/950 1533/1217/951 1531/1215/951
f 1510/1218/952 1494/1219/952 1478/1220/952
f 1534/1221/953 1535/1222/953 1533/1217/953
f 1536/1223/954 1473/1224/954 1535/1222/955
f 1503/1225/956 1519/1226/956 1535/1227/956
f 1474/1159/906 1476/1162/907 1475/1160/906
f 1476/1162/908 1478/1164/908 1477/1163/908
f 1478/1164/909 1480/1166/909 1479/1165/910
f 1480/1166/912 1482/1168/912 1481/1167/913
f 1482/1168/915 1484/1170/915 1483/1169/915
f 1484/1170/916 1486/1172/916 1485/1171/916
f 1486/1172/917 1488/1174/917 1487/1173/917
f 1488/1174/918 1490/1176/919 1489/1175/919
f 1490/1176/920 1492/1178/921 1491/1177/921
f 1492/1178/922 1494/1180/922 1493/1179/922
f 1494/1180/923 1496/1182/923 1495/1181/923
f 1496/1182/924 1498/1184/924 1497/1183/924
f 1498/1184/925 1500/1228/957 1499/1185/925
f 1499/1185/926 1500/1228/927 1502/1186/927
f 1502/1186/928 1504/1189/928 1503/1188/928
f 1504/1189/929 1506/1191/929 1505/1190/929
f 1506/1191/930 1508/1193/930 1507/1192/930
f 1508/1193/932 1510/1229/932 1509/1194/932
f 1509/1194/933 1510/1229/933 1512/1195/933
f 1512/1195/934 1514/1198/935 1513/1197/935
f 1514/1198/936 1516/1200/936 1515/1199/936
f 1516/1200/937 1518/1202/937 1517/1201/937
f 1518/1202/938 1520/1204/938 1519/1203/938
f 1520/1204/939 1522/1206/940 1521/1205/939
f 1522/1206/941 1524/1208/942 1523/1207/942
f 1524/1208/944 1526/1210/944 1525/1209/944
f 1526/1210/945 1528/1212/945 1527/1211/945
f 1528/1212/946 1530/1214/946 1529/1213/946
f 1530/1214/947 1532/1216/949 1531/1215/948
f 1532/1216/950 1534/1221/958 1533/1217/951
f 1478/1220/952 1476/1230/952 1474/1231/952
f 1474/1231/952 1536/1232/952 1534/1233/952
f 1534/1233/952 1532/1234/952 1530/1235/952
f 1530/1235/952 1528/1236/952 1526/1237/952
f 1526/1237/952 1524/1238/952 1522/1239/952
f 1522/1239/952 1520/1240/952 1518/1241/952
f 1518/1241/952 1516/1242/952 1514/1243/952
f 1514/1243/952 1512/1244/952 1510/1218/952
f 1510/1218/952 1508/1245/952 1506/1246/952
f 1506/1246/952 1504/1247/952 1502/1248/952
f 1502/1248/952 1500/1249/952 1498/1250/952
f 1498/1250/952 1496/1251/952 1494/1219/952
f 1494/1219/952 1492/1252/952 1490/1253/952
f 1490/1253/952 1488/1254/952 1486/1255/952
f 1486/1255/952 1484/1256/952 1482/1257/952
f 1482/1257/952 1480/1258/952 1478/1220/952
f 1478/1220/952 1474/1231/952 1534/1233/952
f 1534/1233/952 1530/1235/952 1526/1237/952
f 1526/1237/952 1522/1239/952 1518/1241/952
f 1518/1241/952 1514/1243/952 1510/1218/952
f 1510/1218/952 1506/1246/952 1502/1248/952
f 1502/1248/952 1498/1250/952 1494/1219/952
f 1494/1219/952 1490/1253/952 1486/1255/952
f 1486/1255/952 1482/1257/952 1478/1220/952
f 1478/1220/952 1534/1233/952 1526/1237/952
f 1526/1237/952 1518/1241/952 1510/1218/952
f 1510/1218/952 1502/1248/952 1494/1219/952
f 1494/1219/952 1486/1255/952 1478/1220/952
f 1478/1220/952 1526/1237/952 1510/1218/952
f 1534/1221/953 1536/1223/953 1535/1222/953
f 1536/1223/954 1474/1259/955 1473/1224/954
f 1535/1227/956 1473/1260/956 1475/1261/956
f 1475/1261/956 1477/1262/956 1479/1263/956
f 1479/1263/956 1481/1264/956 1483/1265/956
f 1483/1265/956 1485/1266/956 1487/1267/956
f 1487/1267/956 1489/1268/956 1491/1269/956
f 1491/1269/956 1493/1270/956 1495/1271/956
f 1495/1271/956 1497/1272/956 1499/1273/956
f 1499/1273/956 1501/1274/956 1503/1225/956
f 1503/1225/956 1505/1275/956 1507/1276/956
f 1507/1276/956 1509/1277/956 1511/1278/956
f 1511/1278/956 1513/1279/956 1515/1280/956
f 1515/1280/956 1517/1281/956 1519/1226/956
f 1519/1226/956 1521/1282/956 1523/1283/956
f 1523/1283/956 1525/1284/956 1527/1285/956
f 1527/1285/956 1529/1286/956 1531/1287/956
f 1531/1287/956 1533/1288/956 1535/1227/956
f 1535/1227/956 1475/1261/956 1479/1263/956
f 1479/1263/956 1483/1265/956 1487/1267/956
f 1487/1267/956 1491/1269/956 1495/1271/956
f 1495/1271/956 1499/1273/956 1503/1225/956
f 1503/1225/956 1507/1276/956 1511/1278/956
f 1511/1278/956 1515/1280/956 1519/1226/956
f 1519/1226/956 1523/1283/956 1527/1285/956
f 1527/1285/956 1531/1287/956 1535/1227/956
f 1535/1227/956 1479/1263/956 1487/1267/956
f 1487/1267/956 1495/1271/956 1503/1225/956
f 1503/1225/956 1511/1278/956 1519/1226/956
f 1519/1226/956 1527/1285/956 1535/1227/956
f 1535/1227/956 1487/1267/956 1503/1225/956
f 1570/1289/959 1553/1289/959 1545/1289/959
f 1575/1289/960 1592/1289/960 1600/1289/960
f 1566/1289/961 1599/1289/961 1565/1289/961
f 1551/1289/962 1584/1289/962 1550/1289/962
f 1538/1289/963 1571/1289/963 1537/1289/963
f 1567/1289/964 1600/1289/964 1566/1289/964
f 1552/1289/965 1585/1289/965 1551/1289/965
f 1539/1289/966 1572/1289/966 1538/1289/966
f 1568/1289/967 1601/1289/967 1567/1289/967
f 1553/1289/968 1586/1289/968 1552/1289/968
f 1540/1289/969 1573/1289/969 1539/1289/969
f 1569/1289/970 1602/1289/970 1568/1289/970
f 1556/1289/971 1589/1289/971 1555/1289/971
f 1541/1289/972 1574/1289/972 1540/1289/972
f 1570/1289/973 1603/1289/973 1569/1289/973
f 1557/1289/974 1590/1289/974 1556/1289/974
f 1542/1289/975 1575/1289/975 1541/1289/975
f 1554/1289/976 1604/1289/976 1570/1289/976
f 1558/1289/977 1591/1289/977 1557/1289/977
f 1543/1289/978 1576/1289/978 1542/1289/978
f 1555/1289/979 1587/1289/979 1553/1289/979
f 1559/1289/980 1592/1289/980 1558/1289/980
f 1544/1289/981 1577/1289/981 1543/1289/981
f 1537/1289/982 1588/1289/982 1554/1289/982
f 1560/1289/983 1593/1289/983 1559/1289/983
f 1545/1289/984 1578/1289/984 1544/1289/984
f 1561/1289/985 1594/1289/985 1560/1289/985
f 1546/1289/986 1579/1289/986 1545/1289/986
f 1562/1289/987 1595/1289/987 1561/1289/987
f 1547/1289/988 1580/1289/988 1546/1289/988
f 1563/1289/989 1596/1289/989 1562/1289/989
f 1548/1289/990 1581/1289/990 1547/1289/990
f 1564/1289/991 1597/1289/991 1563/1289/991
f 1549/1289/992 1582/1289/992 1548/1289/992
f 1565/1289/993 1598/1289/993 1564/1289/993
f 1550/1289/994 1583/1289/994 1549/1289/994
f 1539/1289/959 1538/1289/959 1537/1289/959
f 1537/1289/959 1554/1289/959 1570/1289/959
f 1570/1289/959 1569/1289/959 1568/1289/959
f 1568/1289/959 1567/1289/959 1566/1289/959
f 1566/1289/959 1565/1289/959 1564/1289/959
f 1564/1289/959 1563/1289/959 1562/1289/959
f 1562/1289/959 1561/1289/959 1560/1289/959
f 1560/1289/959 1559/1289/959 1558/1289/959
f 1558/1289/959 1557/1289/959 1556/1289/959
f 1556/1289/959 1555/1289/959 1553/1289/959
f 1553/1289/959 1552/1289/959 1551/1289/959
f 1551/1289/959 1550/1289/959 1549/1289/959
f 1549/1289/959 1548/1289/959 1547/1289/959
f 1547/1289/959 1546/1289/959 1545/1289/959
f 1545/1289/959 1544/1289/959 1543/1289/959
f 1543/1289/959 1542/1289/959 1541/1289/959
f 1541/1289/959 1540/1289/959 1539/1289/959
f 1539/1289/959 1537/1289/959 1570/1289/959
f 1570/1289/959 1568/1289/959 1566/1289/959
f 1566/1289/959 1564/1289/959 1562/1289/959
f 1562/1289/959 1560/1289/959 1558/1289/959
f 1558/1289/959 1556/1289/959 1553/1289/959
f 1553/1289/959 1551/1289/959 1549/1289/959
f 1549/1289/959 1547/1289/959 1545/1289/959
f 1545/1289/959 1543/1289/959 1541/1289/959
f 1541/1289/959 1539/1289/959 1570/1289/959
f 1570/1289/959 1566/1289/959 1562/1289/959
f 1562/1289/959 1558/1289/959 1553/1289/959
f 1553/1289/959 1549/1289/959 1545/1289/959
f 1545/1289/959 1541/1289/959 1570/1289/959
f 1570/1289/959 1562/1289/959 1553/1289/959
f 1571/1289/960 1572/1289/960 1573/1289/960
f 1573/1289/960 1574/1289/960 1575/1289/960
f 1575/1289/960 1576/1289/960 1577/1289/960
f 1577/1289/960 1578/1289/960 1579/1289/960
f 1579/1289/960 1580/1289/960 1581/1289/960
f 1581/1289/960 1582/1289/960 1583/1289/960
f 1583/1289/960 1584/1289/960 1585/1289/960
f 1585/1289/960 1586/1289/960 1587/1289/960
f 1587/1289/960 1589/1289/960 1590/1289/960
f 1590/1289/960 1591/1289/960 1592/1289/960
f 1592/1289/960 1593/1289/960 1594/1289/960
f 1594/1289/960 1595/1289/960 1596/1289/960
f 1596/1289/960 1597/1289/960 1598/1289/960
f 1598/1289/960 1599/1289/960 1600/1289/960
f 1600/1289/960 1601/1289/960 1602/1289/960
f 1602/1289/960 1603/1289/960 1604/1289/960
f 1604/1289/960 1588/1289/960 1571/1289/960
f 1571/1289/960 1573/1289/960 1575/1289/960
f 1575/1289/960 1577/1289/960 1579/1289/960
f 1579/1289/960 1581/1289/960 1583/1289/960
f 1583/1289/960 1585/1289/960 1587/1289/960
f 1587/1289/960 1590/1289/960 1592/1289/960
f 1592/1289/960 1594/1289/960 1596/1289/960
f 1596/1289/960 1598/1289/960 1600/1289/960
f 1600/1289/960 1602/1289/960 1604/1289/960
f 1604/1289/960 1571/1289/960 1575/1289/960
f 1575/1289/960 1579/1289/960 1583/1289/960
f 1583/1289/960 1587/1289/960 1592/1289/960
f 1592/1289/960 1596/1289/960 1600/1289/960
f 1600/1289/960 1604/1289/960 1575/1289/960
f 1575/1289/960 1583/1289/960 1592/1289/960
f 1566/1289/961 1600/1289/961 1599/1289/961
f 1551/1289/962 1585/1289/962 1584/1289/962
f 1538/1289/963 1572/1289/963 1571/1289/963
f 1567/1289/964 1601/1289/964 1600/1289/964
f 1552/1289/965 1586/1289/965 1585/1289/965
f 1539/1289/966 1573/1289/966 1572/1289/966
f 1568/1289/967 1602/1289/967 1601/1289/967
f 1553/1289/968 1587/1289/968 1586/1289/968
f 1540/1289/969 1574/1289/969 1573/1289/969
f 1569/1289/970 1603/1289/970 1602/1289/970
f 1556/1289/971 1590/1289/971 1589/1289/971
f 1541/1289/972 1575/1289/972 1574/1289/972
f 1570/1289/973 1604/1289/973 1603/1289/973
f 1557/1289/974 1591/1289/974 1590/1289/974
f 1542/1289/975 1576/1289/975 1575/1289/975
f 1554/1289/976 1588/1289/976 1604/1289/976
f 1558/1289/977 1592/1289/977 1591/1289/977
f 1543/1289/978 1577/1289/978 1576/1289/978
f 1555/1289/979 1589/1289/979 1587/1289/979
f 1559/1289/980 1593/1289/980 1592/1289/980
f 1544/1289/981 1578/1289/981 1577/1289/981
f 1537/1289/982 1571/1289/982 1588/1289/982
f 1560/1289/983 1594/1289/983 1593/1289/983
f 1545/1289/984 1579/1289/984 1578/1289/984
f 1561/1289/985 1595/1289/985 1594/1289/985
f 1546/1289/986 1580/1289/986 1579/1289/986
f 1562/1289/987 1596/1289/987 1595/1289/987
f 1547/1289/988 1581/1289/988 1580/1289/988
f 1563/1289/989 1597/1289/989 1596/1289/989
f 1548/1289/990 1582/1289/990 1581/1289/990
f 1564/1289/991 1598/1289/991 1597/1289/991
f 1549/1289/992 1583/1289/992 1582/1289/992
f 1565/1289/993 1599/1289/993 1598/1289/993
f 1550/1289/994 1584/1289/994 1583/1289/994
f 1638/1290/995 1621/1290/995 1613/1290/995
f 1643/1290/996 1660/1290/996 1668/1290/996
f 1634/1290/997 1667/1290/998 1633/1290/998
f 1619/1290/999 1652/1290/999 1618/1290/999
f 1606/1290/1000 1639/1290/1000 1605/1290/1000
f 1635/1290/1001 1668/1290/1001 1634/1290/1001
f 1620/1290/1002 1653/1290/1002 1619/1290/1002
f 1607/1290/1003 1640/1290/1003 1606/1290/1003
f 1636/1290/1004 1669/1290/1004 1635/1290/1004
f 1621/1290/1005 1654/1290/1005 1620/1290/1005
f 1608/1290/1006 1641/1290/1006 1607/1290/1006
f 1637/1290/1007 1670/1290/1007 1636/1290/1007
f 1624/1290/1008 1657/1290/1008 1623/1290/1008
f 1609/1290/1009 1642/1290/1009 1608/1290/1009
f 1638/1290/1010 1671/1290/1010 1637/1290/1010
f 1625/1290/1011 1658/1290/1011 1624/1290/1011
f 1610/1290/1012 1643/1290/1012 1609/1290/1012
f 1622/1290/1013 1672/1290/1013 1638/1290/1013
f 1626/1290/1014 1659/1290/1014 1625/1290/1014
f 1611/1290/1015 1644/1290/1015 1610/1290/1015
f 1623/1290/1016 1655/1290/1016 1621/1290/1016
f 1627/1290/1017 1660/1290/1017 1626/1290/1017
f 1612/1290/1018 1645/1290/1018 1611/1290/1018
f 1605/1290/1019 1656/1290/1019 1622/1290/1019
f 1628/1290/1020 1661/1290/1020 1627/1290/1020
f 1613/1290/1021 1646/1290/1021 1612/1290/1021
f 1629/1290/1022 1662/1290/1022 1628/1290/1022
f 1614/1290/1023 1647/1290/1023 1613/1290/1023
f 1630/1290/1024 1663/1290/1024 1629/1290/1024
f 1615/1290/1025 1648/1290/1025 1614/1290/1025
f 1631/1290/1026 1664/1290/1026 1630/1290/1026
f 1616/1290/1027 1649/1290/1028 1615/1290/1028
f 1632/1290/1029 1665/1290/1029 1631/1290/1029
f 1617/1290/1030 1650/1290/1030 1616/1290/1030
f 1633/1290/1031 1666/1290/1031 1632/1290/1031
f 1618/1290/1032 1651/1290/1032 1617/1290/1032
f 1607/1290/995 1606/1290/995 1605/1290/995
f 1605/1290/995 1622/1290/995 1638/1290/995
f 1638/1290/995 1637/1290/995 1636/1290/995
f 1636/1290/995 1635/1290/995 1634/1290/995
f 1634/1290/995 1633/1290/995 1632/1290/995
f 1632/1290/995 1631/1290/995 1630/1290/995
f 1630/1290/995 1629/1290/995 1628/1290/995
f 1628/1290/995 1627/1290/995 1626/1290/995
f 1626/1290/995 1625/1290/995 1624/1290/995
f 1624/1290/995 1623/1290/995 1621/1290/995
f 1621/1290/995 1620/1290/995 1619/1290/995
f 1619/1290/995 1618/1290/995 1617/1290/995
f 1617/1290/995 1616/1290/995 1615/1290/995
f 1615/1290/995 1614/1290/995 1613/1290/995
f 1613/1290/995 1612/1290/995 1611/1290/995
f 1611/1290/995 1610/1290/995 1609/1290/995
f 1609/1290/995 1608/1290/995 1607/1290/995
f 1607/1290/995 1605/1290/995 1638/1290/995
f 1638/1290/995 1636/1290/995 1634/1290/995
f 1634/1290/995 1632/1290/995 1630/1290/995
f 1630/1290/995 1628/1290/995 1626/1290/995
f 1626/1290/995 1624/1290/995 1621/1290/995
f 1621/1290/995 1619/1290/995 1617/1290/995
f 1617/1290/995 1615/1290/995 1613/1290/995
f 1613/1290/995 1611/1290/995 1609/1290/995
f 1609/1290/995 1607/1290/995 1638/1290/995
f 1638/1290/995 1634/1290/995 1630/1290/995
f 1630/1290/995 1626/1290/995 1621/1290/995
f 1621/1290/995 1617/1290/995 1613/1290/995
f 1613/1290/995 1609/1290/995 1638/1290/995
f 1638/1290/995 1630/1290/995 1621/1290/995
f 1639/1290/996 1640/1290/996 1641/1290/996
f 1641/1290/996 1642/1290/996 1643/1290/996
f 1643/1290/996 1644/1290/996 1645/1290/996
f 1645/1290/996 1646/1290/996 1647/1290/996
f 1647/1290/996 1648/1290/996 1649/1290/996
f 1649/1290/996 1650/1290/996 1651/1290/996
f 1651/1290/996 1652/1290/996 1653/1290/996
f 1653/1290/996 1654/1290/996 1655/1290/996
f 1655/1290/996 1657/1290/996 1658/1290/996
f 1658/1290/996 1659/1290/996 1660/1290/996
f 1660/1290/996 1661/1290/996 1662/1290/996
f 1662/1290/996 1663/1290/996 1664/1290/996
f 1664/1290/996 1665/1290/996 1666/1290/996
f 1666/1290/996 1667/1290/996 1668/1290/996
f 1668/1290/996 1669/1290/996 1670/1290/996
f 1670/1290/996 1671/1290/996 1672/1290/996
f 1672/1290/996 1656/1290/996 1639/1290/996
f 1639/1290/996 1641/1290/996 1643/1290/996
f 1643/1290/996 1645/1290/996 1647/1290/996
f 1647/1290/996 1649/1290/996 1651/1290/996
f 1651/1290/996 1653/1290/996 1655/1290/996
f 1655/1290/996 1658/1290/996 1660/1290/996
f 1660/1290/996 1662/1290/996 1664/1290/996
f 1664/1290/996 1666/1290/996 1668/1290/996
f 1668/1290/996 1670/1290/996 1672/1290/996
f 1672/1290/996 1639/1290/996 1643/1290/996
f 1643/1290/996 1647/1290/996 1651/1290/996
f 1651/1290/996 1655/1290/996 1660/1290/996
f 1660/1290/996 1664/1290/996 1668/1290/996
f 1668/1290/996 1672/1290/996 1643/1290/996
f 1643/1290/996 1651/1290/996 1660/1290/996
f 1634/1290/997 1668/1290/997 1667/1290/998
f 1619/1290/999 1653/1290/999 1652/1290/999
f 1606/1290/1000 1640/1290/1000 1639/1290/1000
f 1635/1290/1001 1669/1290/1001 1668/1290/1001
f 1620/1290/1002 1654/1290/1002 1653/1290/1002
f 1607/1290/1003 1641/1290/1003 1640/1290/1003
f 1636/1290/1004 1670/1290/1004 1669/1290/1004
f 1621/1290/1005 1655/1290/1005 1654/1290/1005
f 1608/1290/1006 1642/1290/1006 1641/1290/1006
f 1637/1290/1007 1671/1290/1007 1670/1290/1007
f 1624/1290/1008 1658/1290/1008 1657/1290/1008
f 1609/1290/1009 1643/1290/1009 1642/1290/1009
f 1638/1290/1010 1672/1290/1010 1671/1290/1010
f 1625/1290/1011 1659/1290/1011 1658/1290/1011
f 1610/1290/1012 1644/1290/1012 1643/1290/1012
f 1622/1290/1013 1656/1290/1013 1672/1290/1013
f 1626/1290/1014 1660/1290/1014 1659/1290/1014
f 1611/1290/1015 1645/1290/1015 1644/1290/1015
f 1623/1290/1016 1657/1290/1016 1655/1290/1016
f 1627/1290/1017 1661/1290/1017 1660/1290/1017
f 1612/1290/1018 1646/1290/1018 1645/1290/1018
f 1605/1290/1019 1639/1290/1019 1656/1290/1019
f 1628/1290/1020 1662/1290/1020 1661/1290/1020
f 1613/1290/1021 1647/1290/1021 1646/1290/1021
f 1629/1290/1022 1663/1290/1022 1662/1290/1022
f 1614/1290/1023 1648/1290/1023 1647/1290/1023
f 1630/1290/1024 1664/1290/1024 1663/1290/1024
f 1615/1290/1025 1649/1290/1025 1648/1290/1025
f 1631/1290/1026 1665/1290/1026 1664/1290/1026
f 1616/1290/1027 1650/1290/1027 1649/1290/1028
f 1632/1290/1029 1666/1290/1029 1665/1290/1029
f 1617/1290/1030 1651/1290/1030 1650/1290/1030
f 1633/1290/1031 1667/1290/1031 1666/1290/1031
f 1618/1290/1032 1652/1290/1032 1651/1290/1032
f 1705/1291/1033 1675/1292/1033 1676/1293/1034
f 1703/1294/1035 1673/1295/1036 1674/1296/1037
f 1704/1297/1038 1674/1296/1039 1675/1292/1040
f 1702/1298/1041 1685/1299/1041 1673/1295/1041
f 1673/1295/1042 1678/1300/1042 1674/1296/1043
f 1674/1296/1044 1679/1301/1045 1675/1292/1046
f 1673/1295/1047 1685/1302/1047 1677/1303/1047
f 1675/1292/1048 1680/1304/1049 1676/1293/1048
f 1679/1301/1050 1682/1305/1051 1683/1306/1052
f 1677/1303/1053 1685/1307/1053 1681/1308/1053
f 1680/1304/1054 1683/1306/1055 1684/1309/1056
f 1678/1300/1057 1681/1308/1057 1682/1305/1058
f 1681/1308/1059 1685/1310/1059 1686/1311/1059
f 1683/1306/1060 1689/1312/1060 1684/1309/1061
f 1681/1308/1062 1687/1313/1062 1682/1305/1063
f 1682/1305/1064 1688/1314/1065 1683/1306/1066
f 1689/1312/1067 1692/1315/1067 1693/1316/1068
f 1687/1313/1069 1690/1317/1069 1691/1318/1070
f 1688/1314/1071 1691/1318/1072 1692/1315/1073
f 1686/1311/1074 1685/1319/1074 1690/1317/1074
f 1691/1318/1075 1696/1320/1076 1692/1315/1077
f 1690/1317/1078 1685/1321/1078 1694/1322/1078
f 1692/1315/1079 1697/1323/1080 1693/1316/1081
f 1690/1317/1082 1695/1324/1082 1691/1318/1083
f 1696/1325/1084 1699/1326/1085 1700/1327/1086
f 1694/1328/1087 1685/1329/1087 1698/1330/1087
f 1697/1331/1088 1700/1327/1089 1701/1332/1089
f 1695/1333/1090 1698/1330/1090 1699/1326/1091
f 1689/1312/1092 1697/1331/1092 1705/1291/1092
f 1700/1327/1093 1705/1291/1093 1701/1332/1094
f 1698/1330/1095 1703/1294/1096 1699/1326/1097
f 1699/1326/1098 1704/1297/1099 1700/1327/1100
f 1698/1330/1101 1685/1334/1101 1702/1298/1101
f 1705/1291/1033 1704/1297/1102 1675/1292/1033
f 1703/1294/1035 1702/1298/1036 1673/1295/1036
f 1704/1297/1038 1703/1294/1103 1674/1296/1039
f 1673/1295/1042 1677/1303/1104 1678/1300/1042
f 1674/1296/1044 1678/1300/1105 1679/1301/1045
f 1675/1292/1048 1679/1301/1049 1680/1304/1049
f 1679/1301/1050 1678/1300/1106 1682/1305/1051
f 1680/1304/1054 1679/1301/1107 1683/1306/1055
f 1678/1300/1057 1677/1303/1108 1681/1308/1057
f 1683/1306/1060 1688/1314/1109 1689/1312/1060
f 1681/1308/1062 1686/1311/1062 1687/1313/1062
f 1682/1305/1064 1687/1313/1065 1688/1314/1065
f 1689/1312/1067 1688/1314/1110 1692/1315/1067
f 1687/1313/1069 1686/1311/1111 1690/1317/1069
f 1688/1314/1071 1687/1313/1112 1691/1318/1072
f 1691/1318/1075 1695/1324/1113 1696/1320/1076
f 1692/1315/1079 1696/1320/1114 1697/1323/1080
f 1690/1317/1082 1694/1322/1115 1695/1324/1082
f 1696/1325/1084 1695/1333/1116 1699/1326/1085
f 1697/1331/1088 1696/1325/1117 1700/1327/1089
f 1695/1333/1090 1694/1328/1118 1698/1330/1090
f 1705/1291/1092 1676/1293/1092 1680/1304/1092
f 1680/1304/1092 1684/1309/1092 1689/1312/1092
f 1689/1312/1092 1693/1316/1092 1697/1331/1092
f 1697/1331/1092 1701/1332/1092 1705/1291/1092
f 1705/1291/1092 1680/1304/1092 1689/1312/1092
f 1700/1327/1093 1704/1297/1119 1705/1291/1093
f 1698/1330/1095 1702/1298/1095 1703/1294/1096
f 1699/1326/1098 1703/1294/1120 1704/1297/1099
f 1738/1335/1121 1708/1336/1122 1709/1337/1122
f 1736/1338/1123 1706/1339/1124 1707/1340/1125
f 1737/1341/1126 1707/1340/1127 1708/1336/1128
f 1735/1342/1129 1718/1343/1129 1706/1339/1129
f 1706/1339/1130 1711/1344/1131 1707/1340/1132
f 1707/1340/1133 1712/1345/1134 1708/1336/1135
f 1706/1339/1136 1718/1346/1136 1710/1347/1136
f 1708/1336/1137 1713/1348/1138 1709/1337/1137
f 1712/1345/1139 1715/1349/1140 1716/1350/1141
f 1710/1347/1142 1718/1351/1142 1714/1352/1142
f 1713/1348/1143 1716/1350/1144 1717/1353/1145
f 1711/1344/1146 1714/1352/1147 1715/1349/1148
f 1714/1352/1149 1718/1354/1149 1719/1355/1149
f 1716/1350/1150 1722/1356/1151 1717/1353/1150
f 1714/1352/1152 1720/1357/1152 1715/1349/1153
f 1715/1349/1154 1721/1358/1155 1716/1350/1154
f 1721/1358/1156 1726/1359/1156 1722/1356/1156
f 1720/1357/1157 1723/1360/1157 1724/1361/1158
f 1721/1358/1159 1724/1361/1160 1725/1362/1161
f 1719/1355/1162 1718/1363/1162 1723/1360/1162
f 1724/1361/1163 1729/1364/1164 1725/1362/1165
f 1723/1360/1166 1718/1365/1166 1727/1366/1166
f 1725/1362/1167 1730/1367/1168 1726/1359/1169
f 1723/1360/1170 1728/1368/1171 1724/1361/1172
f 1729/1369/1173 1732/1370/1174 1733/1371/1175
f 1727/1372/1176 1718/1373/1176 1731/1374/1176
f 1730/1375/1177 1733/1371/1178 1734/1376/1178
f 1728/1377/1179 1731/1374/1180 1732/1370/1181
f 1722/1356/1182 1730/1375/1182 1738/1335/1182
f 1734/1376/1183 1737/1341/1183 1738/1335/1183
f 1731/1374/1184 1736/1338/1185 1732/1370/1186
f 1732/1370/1187 1737/1341/1188 1733/1371/1188
f 1731/1374/1189 1718/1378/1189 1735/1342/1189
f 1738/1335/1121 1737/1341/1121 1708/1336/1122
f 1736/1338/1123 1735/1342/1123 1706/1339/1124
f 1737/1341/1126 1736/1338/1190 1707/1340/1127
f 1706/1339/1130 1710/1347/1191 1711/1344/1131
f 1707/1340/1133 1711/1344/1192 1712/1345/1134
f 1708/1336/1137 1712/1345/1193 1713/1348/1138
f 1712/1345/1139 1711/1344/1194 1715/1349/1140
f 1713/1348/1143 1712/1345/1195 1716/1350/1144
f 1711/1344/1146 1710/1347/1196 1714/1352/1147
f 1716/1350/1150 1721/1358/1197 1722/1356/1151
f 1714/1352/1152 1719/1355/1152 1720/1357/1152
f 1715/1349/1154 1720/1357/1198 1721/1358/1155
f 1721/1358/1156 1725/1362/1199 1726/1359/1156
f 1720/1357/1157 1719/1355/1157 1723/1360/1157
f 1721/1358/1159 1720/1357/1200 1724/1361/1160
f 1724/1361/1163 1728/1368/1201 1729/1364/1164
f 1725/1362/1167 1729/1364/1168 1730/1367/1168
f 1723/1360/1170 1727/1366/1202 1728/1368/1171
f 1729/1369/1173 1728/1377/1203 1732/1370/1174
f 1730/1375/1177 1729/1369/1204 1733/1371/1178
f 1728/1377/1179 1727/1372/1205 1731/1374/1180
f 1738/1335/1182 1709/1337/1182 1713/1348/1182
f 1713/1348/1182 1717/1353/1182 1722/1356/1182
f 1722/1356/1182 1726/1359/1182 1730/1375/1182
f 1730/1375/1182 1734/1376/1182 1738/1335/1182
f 1738/1335/1182 1713/1348/1182 1722/1356/1182
f 1734/1376/1183 1733/1371/1206 1737/1341/1183
f 1731/1374/1184 1735/1342/1185 1736/1338/1185
f 1732/1370/1187 1736/1338/1207 1737/1341/1188
f 1771/1379/1208 1741/1380/1208 1742/1381/1209
f 1769/1382/1210 1739/1383/1210 1740/1384/1211
f 1770/1385/1212 1740/1384/1213 1741/1380/1214
f 1768/1386/1215 1751/1387/1215 1739/1383/1215
f 1739/1383/1216 1744/1388/1217 1740/1384/1218
f 1740/1384/1219 1745/1389/1220 1741/1380/1221
f 1739/1383/1222 1751/1390/1222 1743/1391/1222
f 1741/1380/1223 1746/1392/1224 1742/1381/1225
f 1745/1389/1226 1748/1393/1227 1749/1394/1228
f 1743/1391/1229 1751/1395/1229 1747/1396/1229
f 1746/1392/1230 1749/1394/1231 1750/1397/1231
f 1744/1388/1232 1747/1396/1233 1748/1393/1234
f 1747/1396/1235 1751/1398/1235 1752/1399/1235
f 1749/1394/1236 1755/1400/1236 1750/1397/1237
f 1747/1396/1238 1753/1401/1239 1748/1393/1240
f 1748/1393/1241 1754/1402/1242 1749/1394/1243
f 1754/1402/1244 1759/1403/1245 1755/1400/1244
f 1753/1401/1246 1756/1404/1246 1757/1405/1247
f 1754/1402/1248 1757/1405/1249 1758/1406/1250
f 1752/1399/1251 1751/1407/1251 1756/1404/1251
f 1757/1405/1252 1762/1408/1253 1758/1406/1254
f 1756/1404/1255 1751/1409/1255 1760/1410/1255
f 1758/1406/1256 1763/1411/1256 1759/1403/1257
f 1756/1404/1258 1761/1412/1258 1757/1405/1259
f 1762/1413/1260 1765/1414/1261 1766/1415/1262
f 1760/1416/1263 1751/1417/1263 1764/1418/1263
f 1763/1419/1264 1766/1415/1265 1767/1420/1264
f 1761/1421/1266 1764/1418/1266 1765/1414/1267
f 1755/1400/1268 1763/1419/1268 1771/1379/1268
f 1767/1420/1269 1770/1385/1270 1771/1379/1269
f 1764/1418/1271 1769/1382/1271 1765/1414/1272
f 1765/1414/1273 1770/1385/1274 1766/1415/1275
f 1764/1418/1276 1751/1422/1276 1768/1386/1276
f 1771/1379/1208 1770/1385/1208 1741/1380/1208
f 1769/1382/1210 1768/1386/1210 1739/1383/1210
f 1770/1385/1212 1769/1382/1277 1740/1384/1213
f 1739/1383/1216 1743/1391/1278 1744/1388/1217
f 1740/1384/1219 1744/1388/1279 1745/1389/1220
f 1741/1380/1223 1745/1389/1224 1746/1392/1224
f 1745/1389/1226 1744/1388/1280 1748/1393/1227
f 1746/1392/1230 1745/1389/1230 1749/1394/1231
f 1744/1388/1232 1743/1391/1281 1747/1396/1233
f 1749/1394/1236 1754/1402/1282 1755/1400/1236
f 1747/1396/1238 1752/1399/1283 1753/1401/1239
f 1748/1393/1241 1753/1401/1284 1754/1402/1242
f 1754/1402/1244 1758/1406/1245 1759/1403/1245
f 1753/1401/1246 1752/1399/1246 1756/1404/1246
f 1754/1402/1248 1753/1401/1285 1757/1405/1249
f 1757/1405/1252 1761/1412/1286 1762/1408/1253
f 1758/1406/1256 1762/1408/1256 1763/1411/1256
f 1756/1404/1258 1760/1410/1287 1761/1412/1258
f 1762/1413/1260 1761/1421/1288 1765/1414/1261
f 1763/1419/1264 1762/1413/1264 1766/1415/1265
f 1761/1421/1266 1760/1416/1289 1764/1418/1266
f 1771/1379/1268 1742/1381/1268 1746/1392/1268
f 1746/1392/1268 1750/1397/1268 1755/1400/1268
f 1755/1400/1268 1759/1403/1268 1763/1419/1268
f 1763/1419/1268 1767/1420/1268 1771/1379/1268
f 1771/1379/1268 1746/1392/1268 1755/1400/1268
f 1767/1420/1269 1766/1415/1269 1770/1385/1270
f 1764/1418/1271 1768/1386/1271 1769/1382/1271
f 1765/1414/1273 1769/1382/1290 1770/1385/1274
f 1803/1423/1291 1775/1424/1291 1804/1425/1292
f 1801/1426/1293 1773/1427/1293 1802/1428/1294
f 1802/1428/1295 1774/1429/1296 1803/1423/1297
f 1801/1426/1298 1784/1430/1298 1772/1431/1298
f 1773/1427/1299 1776/1432/1300 1777/1433/1301
f 1774/1429/1302 1777/1433/1303 1778/1434/1304
f 1772/1431/1305 1784/1435/1305 1776/1432/1305
f 1775/1424/1306 1778/1434/1307 1779/1436/1308
f 1777/1433/1309 1782/1437/1310 1778/1434/1311
f 1776/1432/1312 1784/1438/1312 1780/1439/1312
f 1778/1434/1313 1783/1440/1314 1779/1436/1315
f 1776/1432/1316 1781/1441/1317 1777/1433/1316
f 1780/1439/1318 1784/1442/1318 1785/1443/1318
f 1782/1437/1319 1788/1444/1320 1783/1440/1320
f 1781/1441/1321 1785/1443/1322 1786/1445/1323
f 1782/1437/1324 1786/1445/1325 1787/1446/1326
f 1787/1446/1327 1792/1447/1328 1788/1444/1329
f 1785/1443/1330 1790/1448/1330 1786/1445/1331
f 1786/1445/1332 1791/1449/1333 1787/1446/1334
f 1785/1443/1335 1784/1450/1335 1789/1451/1335
f 1791/1449/1336 1794/1452/1337 1795/1453/1338
f 1789/1451/1339 1784/1454/1339 1793/1455/1339
f 1792/1447/1340 1795/1453/1341 1796/1456/1342
f 1790/1448/1343 1793/1455/1344 1794/1452/1343
f 1794/1457/1345 1799/1458/1346 1795/1459/1347
f 1793/1460/1348 1784/1461/1348 1797/1462/1348
f 1795/1459/1349 1800/1463/1350 1796/1464/1349
f 1793/1460/1351 1798/1465/1352 1794/1457/1351
f 1788/1444/1353 1796/1464/1353 1804/1425/1353
f 1800/1463/1354 1803/1423/1354 1804/1425/1355
f 1798/1465/1356 1801/1426/1357 1802/1428/1358
f 1799/1458/1359 1802/1428/1360 1803/1423/1361
f 1797/1462/1362 1784/1466/1362 1801/1426/1362
f 1803/1423/1291 1774/1429/1291 1775/1424/1291
f 1801/1426/1293 1772/1431/1363 1773/1427/1293
f 1802/1428/1295 1773/1427/1364 1774/1429/1296
f 1773/1427/1299 1772/1431/1365 1776/1432/1300
f 1774/1429/1302 1773/1427/1366 1777/1433/1303
f 1775/1424/1306 1774/1429/1306 1778/1434/1307
f 1777/1433/1309 1781/1441/1367 1782/1437/1310
f 1778/1434/1313 1782/1437/1315 1783/1440/1314
f 1776/1432/1316 1780/1439/1368 1781/1441/1317
f 1782/1437/1319 1787/1446/1320 1788/1444/1320
f 1781/1441/1321 1780/1439/1369 1785/1443/1322
f 1782/1437/1324 1781/1441/1370 1786/1445/1325
f 1787/1446/1327 1791/1449/1328 1792/1447/1328
f 1785/1443/1330 1789/1451/1371 1790/1448/1330
f 1786/1445/1332 1790/1448/1372 1791/1449/1333
f 1791/1449/1336 1790/1448/1373 1794/1452/1337
f 1792/1447/1340 1791/1449/1374 1795/1453/1341
f 1790/1448/1343 1789/1451/1375 1793/1455/1344
f 1794/1457/1345 1798/1465/1376 1799/1458/1346
f 1795/1459/1349 1799/1458/1350 1800/1463/1350
f 1793/1460/1351 1797/1462/1377 1798/1465/1352
f 1804/1425/1353 1775/1424/1353 1779/1436/1353
f 1779/1436/1353 1783/1440/1353 1788/1444/1353
f 1788/1444/1353 1792/1447/1353 1796/1464/1353
f 1796/1464/1353 1800/1463/1353 1804/1425/1353
f 1804/1425/1353 1779/1436/1353 1788/1444/1353
f 1800/1463/1354 1799/1458/1355 1803/1423/1354
f 1798/1465/1356 1797/1462/1378 1801/1426/1357
f 1799/1458/1359 1798/1465/1379 1802/1428/1360
f 1837/1467/1380 1807/1468/1381 1808/1469/1382
f 1835/1470/1383 1805/1471/1384 1806/1472/1384
f 1836/1473/1385 1806/1472/1386 1807/1468/1387
f 1834/1474/1388 1817/1475/1388 1805/1471/1388
f 1805/1471/1389 1810/1476/1389 1806/1472/1390
f 1806/1472/1391 1811/1477/1392 1807/1468/1393
f 1805/1471/1394 1817/1478/1394 1809/1479/1394
f 1807/1468/1395 1812/1480/1396 1808/1469/1395
f 1811/1477/1397 1814/1481/1398 1815/1482/1399
f 1809/1479/1400 1817/1483/1400 1813/1484/1400
f 1812/1480/1401 1815/1482/1401 1816/1485/1402
f 1810/1476/1403 1813/1484/1404 1814/1481/1404
f 1813/1484/1405 1817/1486/1405 1818/1487/1405
f 1815/1482/1406 1821/1488/1407 1816/1485/1406
f 1813/1484/1408 1819/1489/1408 1814/1481/1409
f 1814/1481/1410 1820/1490/1411 1815/1482/1412
f 1821/1488/1413 1824/1491/1414 1825/1492/1415
f 1819/1489/1416 1822/1493/1417 1823/1494/1418
f 1820/1490/1419 1823/1494/1419 1824/1491/1420
f 1818/1487/1421 1817/1495/1421 1822/1493/1421
f 1823/1494/1422 1828/1496/1423 1824/1491/1424
f 1822/1493/1425 1817/1497/1425 1826/1498/1425
f 1824/1491/1426 1829/1499/1426 1825/1492/1426
f 1822/1493/1427 1827/1500/1428 1823/1494/1429
f 1828/1501/1430 1831/1502/1431 1832/1503/1432
f 1826/1504/1433 1817/1505/1433 1830/1506/1433
f 1829/1507/1434 1832/1503/1434 1833/1508/1434
f 1827/1509/1435 1830/1506/1436 1831/1502/1436
f 1821/1488/1437 1829/1507/1437 1837/1467/1437
f 1832/1503/1438 1837/1467/1439 1833/1508/1438
f 1830/1506/1440 1835/1470/1441 1831/1502/1442
f 1831/1502/1443 1836/1473/1444 1832/1503/1445
f 1830/1506/1446 1817/1510/1446 1834/1474/1446
f 1837/1467/1380 1836/1473/1380 1807/1468/1381
f 1835/1470/1383 1834/1474/1447 1805/1471/1384
f 1836/1473/1385 1835/1470/1448 1806/1472/1386
f 1805/1471/1389 1809/1479/1449 1810/1476/1389
f 1806/1472/1391 1810/1476/1450 1811/1477/1392
f 1807/1468/1395 1811/1477/1396 1812/1480/1396
f 1811/1477/1397 1810/1476/1451 1814/1481/1398
f 1812/1480/1401 1811/1477/1452 1815/1482/1401
f 1810/1476/1403 1809/1479/1453 1813/1484/1404
f 1815/1482/1406 1820/1490/1454 1821/1488/1407
f 1813/1484/1408 1818/1487/1455 1819/1489/1408
f 1814/1481/1410 1819/1489/1456 1820/1490/1411
f 1821/1488/1413 1820/1490/1457 1824/1491/1414
f 1819/1489/1416 1818/1487/1458 1822/1493/1417
f 1820/1490/1419 1819/1489/1459 1823/1494/1419
f 1823/1494/1422 1827/1500/1460 1828/1496/1423
f 1824/1491/1426 1828/1496/1461 1829/1499/1426
f 1822/1493/1427 1826/1498/1462 1827/1500/1428
f 1828/1501/1430 1827/1509/1463 1831/1502/1431
f 1829/1507/1434 1828/1501/1434 1832/1503/1434
f 1827/1509/1435 1826/1504/1464 1830/1506/1436
f 1837/1467/1437 1808/1469/1437 1812/1480/1437
f 1812/1480/1437 1816/1485/1437 1821/1488/1437
f 1821/1488/1437 1825/1492/1437 1829/1507/1437
f 1829/1507/1437 1833/1508/1437 1837/1467/1437
f 1837/1467/1437 1812/1480/1437 1821/1488/1437
f 1832/1503/1438 1836/1473/1439 1837/1467/1439
f 1830/1506/1440 1834/1474/1465 1835/1470/1441
f 1831/1502/1443 1835/1470/1466 1836/1473/1444
f 1869/1511/1467 1841/1512/1467 1870/1513/1468
f 1867/1514/1469 1839/1515/1470 1868/1516/1471
f 1868/1516/1472 1840/1517/1473 1869/1511/1474
f 1867/1514/1475 1850/1518/1475 1838/1519/1475
f 1839/1515/1476 1842/1520/1477 1843/1521/1478
f 1840/1517/1479 1843/1521/1480 1844/1522/1481
f 1838/1519/1482 1850/1523/1482 1842/1520/1482
f 1841/1512/1483 1844/1522/1484 1845/1524/1484
f 1843/1521/1485 1848/1525/1486 1844/1522/1487
f 1842/1520/1488 1850/1526/1488 1846/1527/1488
f 1844/1522/1489 1849/1528/1490 1845/1524/1491
f 1842/1520/1492 1847/1529/1492 1843/1521/1493
f 1846/1527/1494 1850/1530/1494 1851/1531/1494
f 1849/1528/1495 1853/1532/1496 1854/1533/1497
f 1847/1529/1498 1851/1531/1499 1852/1534/1498
f 1848/1525/1500 1852/1534/1501 1853/1532/1501
f 1853/1532/1502 1858/1535/1503 1854/1533/1503
f 1851/1531/1504 1856/1536/1505 1852/1534/1504
f 1852/1534/1506 1857/1537/1507 1853/1532/1508
f 1851/1531/1509 1850/1538/1509 1855/1539/1509
f 1857/1537/1510 1860/1540/1511 1861/1541/1512
f 1855/1539/1513 1850/1542/1513 1859/1543/1513
f 1858/1535/1514 1861/1541/1515 1862/1544/1515
f 1856/1536/1516 1859/1543/1517 1860/1540/1518
f 1860/1545/1519 1865/1546/1520 1861/1547/1521
f 1859/1548/1522 1850/1549/1522 1863/1550/1522
f 1861/1547/1523 1866/1551/1524 1862/1552/1525
f 1859/1548/1526 1864/1553/1527 1860/1545/1528
f 1854/1533/1529 1862/1552/1529 1870/1513/1529
f 1866/1551/1530 1869/1511/1531 1870/1513/1531
f 1864/1553/1532 1867/1514/1532 1868/1516/1533
f 1865/1546/1534 1868/1516/1535 1869/1511/1536
f 1863/1550/1537 1850/1554/1537 1867/1514/1537
f 1869/1511/1467 1840/1517/1538 1841/1512/1467
f 1867/1514/1469 1838/1519/1539 1839/1515/1470
f 1868/1516/1472 1839/1515/1540 1840/1517/1473
f 1839/1515/1476 1838/1519/1541 1842/1520/1477
f 1840/1517/1479 1839/1515/1542 1843/1521/1480
f 1841/1512/1483 1840/1517/1484 1844/1522/1484
f 1843/1521/1485 1847/1529/1543 1848/1525/1486
f 1844/1522/1489 1848/1525/1544 1849/1528/1490
f 1842/1520/1492 1846/1527/1545 1847/1529/1492
f 1849/1528/1495 1848/1525/1546 1853/1532/1496
f 1847/1529/1498 1846/1527/1547 1851/1531/1499
f 1848/1525/1500 1847/1529/1548 1852/1534/1501
f 1853/1532/1502 1857/1537/1502 1858/1535/1503
f 1851/1531/1504 1855/1539/1549 1856/1536/1505
f 1852/1534/1506 1856/1536/1550 1857/1537/1507
f 1857/1537/1510 1856/1536/1551 1860/1540/1511
f 1858/1535/1514 1857/1537/1515 1861/1541/1515
f 1856/1536/1516 1855/1539/1552 1859/1543/1517
f 1860/1545/1519 1864/1553/1553 1865/1546/1520
f 1861/1547/1523 1865/1546/1554 1866/1551/1524
f 1859/1548/1526 1863/1550/1555 1864/1553/1527
f 1870/1513/1529 1841/1512/1529 1845/1524/1529
f 1845/1524/1529 1849/1528/1529 1854/1533/1529
f 1854/1533/1529 1858/1535/1529 1862/1552/1529
f 1862/1552/1529 1866/1551/1529 1870/1513/1529
f 1870/1513/1529 1845/1524/1529 1854/1533/1529
f 1866/1551/1530 1865/1546/1530 1869/1511/1531
f 1864/1553/1532 1863/1550/1556 1867/1514/1532
f 1865/1546/1534 1864/1553/1557 1868/1516/1535
f 1902/1555/1558 1874/1556/1559 1903/1557/1558
f 1900/1558/1560 1872/1559/1560 1901/1560/1561
f 1901/1560/1562 1873/1561/1563 1902/1555/1564
f 1900/1558/1565 1883/1562/1565 1871/1563/1565
f 1872/1559/1566 1875/1564/1567 1876/1565/1568
f 1873/1561/1569 1876/1565/1570 1877/1566/1571
f 1871/1563/1572 1883/1567/1572 1875/1564/1572
f 1874/1556/1573 1877/1566/1574 1878/1568/1574
f 1876/1565/1575 1881/1569/1576 1877/1566/1577
f 1875/1564/1578 1883/1570/1578 1879/1571/1578
f 1877/1566/1579 1882/1572/1580 1878/1568/1579
f 1875/1564/1581 1880/1573/1582 1876/1565/1581
f 1879/1571/1583 1883/1574/1583 1884/1575/1583
f 1882/1572/1584 1886/1576/1585 1887/1577/1584
f 1880/1573/1586 1884/1575/1587 1885/1578/1588
f 1881/1569/1589 1885/1578/1590 1886/1576/1591
f 1886/1576/1592 1891/1579/1593 1887/1577/1594
f 1884/1575/1595 1889/1580/1596 1885/1578/1597
f 1885/1578/1598 1890/1581/1599 1886/1576/1600
f 1884/1575/1601 1883/1582/1601 1888/1583/1601
f 1890/1581/1602 1893/1584/1603 1894/1585/1604
f 1888/1583/1605 1883/1586/1605 1892/1587/1605
f 1891/1579/1606 1894/1585/1607 1895/1588/1607
f 1889/1580/1608 1892/1587/1609 1893/1584/1610
f 1893/1589/1611 1898/1590/1612 1894/1591/1613
f 1892/1592/1614 1883/1593/1614 1896/1594/1614
f 1894/1591/1615 1899/1595/1615 1895/1596/1616
f 1892/1592/1617 1897/1597/1618 1893/1589/1619
f 1887/1577/1620 1895/1596/1620 1903/1557/1620
f 1899/1595/1621 1902/1555/1622 1903/1557/1621
f 1897/1597/1623 1900/1558/1624 1901/1560/1624
f 1898/1590/1625 1901/1560/1626 1902/1555/1627
f 1896/1594/1628 1883/1598/1628 1900/1558/1628
f 1902/1555/1558 1873/1561/1629 1874/1556/1559
f 1900/1558/1560 1871/1563/1630 1872/1559/1560
f 1901/1560/1562 1872/1559/1631 1873/1561/1563
f 1872/1559/1566 1871/1563/1632 1875/1564/1567
f 1873/1561/1569 1872/1559/1633 1876/1565/1570
f 1874/1556/1573 1873/1561/1634 1877/1566/1574
f 1876/1565/1575 1880/1573/1635 1881/1569/1576
f 1877/1566/1579 1881/1569/1636 1882/1572/1580
f 1875/1564/1581 1879/1571/1637 1880/1573/1582
f 1882/1572/1584 1881/1569/1585 1886/1576/1585
f 1880/1573/1586 1879/1571/1638 1884/1575/1587
f 1881/1569/1589 1880/1573/1639 1885/1578/1590
f 1886/1576/1592 1890/1581/1593 1891/1579/1593
f 1884/1575/1595 1888/1583/1640 1889/1580/1596
f 1885/1578/1598 1889/1580/1641 1890/1581/1599
f 1890/1581/1602 1889/1580/1642 1893/1584/1603
f 1891/1579/1606 1890/1581/1643 1894/1585/1607
f 1889/1580/1608 1888/1583/1644 1892/1587/1609
f 1893/1589/1611 1897/1597/1645 1898/1590/1612
f 1894/1591/1615 1898/1590/1615 1899/1595/1615
f 1892/1592/1617 1896/1594/1646 1897/1597/1618
f 1903/1557/1620 1874/1556/1620 1878/1568/1620
f 1878/1568/1620 1882/1572/1620 1887/1577/1620
f 1887/1577/1620 1891/1579/1620 1895/1596/1620
f 1895/1596/1620 1899/1595/1620 1903/1557/1620
f 1903/1557/1620 1878/1568/1620 1887/1577/1620
f 1899/1595/1621 1898/1590/1622 1902/1555/1622
f 1897/1597/1623 1896/1594/1647 1900/1558/1624
f 1898/1590/1625 1897/1597/1648 1901/1560/1626
f 1936/1599/1649 1906/1600/1650 1907/1601/1650
f 1934/1602/1651 1904/1603/1652 1905/1604/1653
f 1935/1605/1654 1905/1604/1655 1906/1600/1656
f 1933/1606/1657 1916/1607/1657 1904/1603/1657
f 1904/1603/1658 1909/1608/1659 1905/1604/1660
f 1905/1604/1661 1910/1609/1662 1906/1600/1663
f 1904/1603/1664 1916/1610/1664 1908/1611/1664
f 1906/1600/1665 1911/1612/1665 1907/1601/1666
f 1910/1609/1667 1913/1613/1668 1914/1614/1669
f 1908/1611/1670 1916/1615/1670 1912/1616/1670
f 1911/1612/1671 1914/1614/1671 1915/1617/1672
f 1908/1611/1673 1913/1613/1673 1909/1608/1673
f 1912/1616/1674 1916/1618/1674 1917/1619/1674
f 1914/1614/1675 1920/1620/1676 1915/1617/1675
f 1912/1616/1677 1918/1621/1678 1913/1613/1677
f 1914/1614/1679 1918/1621/1680 1919/1622/1681
f 1920/1620/1682 1923/1623/1683 1924/1624/1683
f 1918/1621/1684 1921/1625/1685 1922/1626/1685
f 1918/1621/1686 1923/1623/1687 1919/1622/1686
f 1917/1619/1688 1916/1627/1688 1921/1625/1688
f 1922/1626/1689 1927/1628/1690 1923/1623/1690
f 1921/1625/1691 1916/1629/1691 1925/1630/1691
f 1923/1623/1692 1928/1631/1692 1924/1624/1692
f 1922/1626/1693 1925/1630/1693 1926/1632/1693
f 1927/1633/1694 1930/1634/1695 1931/1635/1696
f 1925/1636/1697 1916/1637/1697 1929/1638/1697
f 1928/1639/1698 1931/1635/1699 1932/1640/1700
f 1926/1641/1701 1929/1638/1701 1930/1634/1702
f 1920/1620/1703 1928/1639/1703 1936/1599/1703
f 1931/1635/1704 1936/1599/1705 1932/1640/1704
f 1929/1638/1706 1934/1602/1706 1930/1634/1707
f 1930/1634/1708 1935/1605/1708 1931/1635/1709
f 1929/1638/1710 1916/1642/1710 1933/1606/1710
f 1936/1599/1649 1935/1605/1649 1906/1600/1650
f 1934/1602/1651 1933/1606/1711 1904/1603/1652
f 1935/1605/1654 1934/1602/1712 1905/1604/1655
f 1904/1603/1658 1908/1611/1713 1909/1608/1659
f 1905/1604/1661 1909/1608/1714 1910/1609/1662
f 1906/1600/1665 1910/1609/1715 1911/1612/1665
f 1910/1609/1667 1909/1608/1716 1913/1613/1668
f 1911/1612/1671 1910/1609/1671 1914/1614/1671
f 1908/1611/1673 1912/1616/1717 1913/1613/1673
f 1914/1614/1675 1919/1622/1718 1920/1620/1676
f 1912/1616/1677 1917/1619/1719 1918/1621/1678
f 1914/1614/1679 1913/1613/1720 1918/1621/1680
f 1920/1620/1682 1919/1622/1721 1923/1623/1683
f 1918/1621/1684 1917/1619/1685 1921/1625/1685
f 1918/1621/1686 1922/1626/1722 1923/1623/1687
f 1922/1626/1689 1926/1632/1723 1927/1628/1690
f 1923/1623/1692 1927/1628/1692 1928/1631/1692
f 1922/1626/1693 1921/1625/1724 1925/1630/1693
f 1927/1633/1694 1926/1641/1725 1930/1634/1695
f 1928/1639/1698 1927/1633/1699 1931/1635/1699
f 1926/1641/1701 1925/1636/1726 1929/1638/1701
f 1936/1599/1703 1907/1601/1703 1911/1612/1703
f 1911/1612/1703 1915/1617/1703 1920/1620/1703
f 1920/1620/1703 1924/1624/1703 1928/1639/1703
f 1928/1639/1703 1932/1640/1703 1936/1599/1703
f 1936/1599/1703 1911/1612/1703 1920/1620/1703
f 1931/1635/1704 1935/1605/1727 1936/1599/1705
f 1929/1638/1706 1933/1606/1728 1934/1602/1706
f 1930/1634/1708 1934/1602/1729 1935/1605/1708
f 1969/1643/1730 1939/1644/1730 1940/1645/1730
f 1966/1646/1731 1938/1647/1732 1967/1648/1731
f 1967/1648/1733 1939/1644/1734 1968/1649/1735
f 1966/1646/1736 1949/1650/1736 1937/1651/1736
f 1937/1651/1737 1942/1652/1738 1938/1647/1739
f 1939/1644/1740 1942/1652/1741 1943/1653/1740
f 1937/1651/1742 1949/1654/1742 1941/1655/1742
f 1939/1644/1743 1944/1656/1744 1940/1645/1745
f 1943/1653/1746 1946/1657/1747 1947/1658/1747
f 1941/1655/1748 1949/1659/1748 1945/1660/1748
f 1943/1653/1749 1948/1661/1750 1944/1656/1751
f 1941/1655/1752 1946/1657/1752 1942/1652/1753
f 1945/1660/1754 1949/1662/1754 1950/1663/1754
f 1948/1661/1755 1952/1664/1756 1953/1665/1756
f 1946/1657/1757 1950/1663/1758 1951/1666/1759
f 1946/1657/1760 1952/1664/1761 1947/1658/1762
f 1952/1664/1763 1957/1667/1764 1953/1665/1763
f 1951/1666/1765 1954/1668/1766 1955/1669/1765
f 1951/1666/1767 1956/1670/1768 1952/1664/1769
f 1950/1663/1770 1949/1671/1770 1954/1668/1770
f 1956/1670/1771 1959/1672/1772 1960/1673/1773
f 1954/1668/1774 1949/1674/1774 1958/1675/1774
f 1957/1667/1775 1960/1673/1775 1961/1676/1775
f 1955/1669/1776 1958/1675/1777 1959/1672/1777
f 1959/1677/1778 1964/1678/1779 1960/1679/1780
f 1958/1680/1781 1949/1681/1781 1962/1682/1781
f 1960/1679/1782 1965/1683/1783 1961/1684/1784
f 1958/1680/1785 1963/1685/1785 1959/1677/1786
f 1953/1665/1787 1961/1684/1787 1969/1643/1787
f 1965/1683/1788 1968/1649/1789 1969/1643/1790
f 1963/1685/1791 1966/1646/1792 1967/1648/1793
f 1964/1678/1794 1967/1648/1795 1968/1649/1796
f 1962/1682/1797 1949/1686/1797 1966/1646/1797
f 1969/1643/1730 1968/1649/1730 1939/1644/1730
f 1966/1646/1731 1937/1651/1798 1938/1647/1732
f 1967/1648/1733 1938/1647/1799 1939/1644/1734
f 1937/1651/1737 1941/1655/1800 1942/1652/1738
f 1939/1644/1740 1938/1647/1801 1942/1652/1741
f 1939/1644/1743 1943/1653/1745 1944/1656/1744
f 1943/1653/1746 1942/1652/1802 1946/1657/1747
f 1943/1653/1749 1947/1658/1749 1948/1661/1750
f 1941/1655/1752 1945/1660/1803 1946/1657/1752
f 1948/1661/1755 1947/1658/1755 1952/1664/1756
f 1946/1657/1757 1945/1660/1758 1950/1663/1758
f 1946/1657/1760 1951/1666/1804 1952/1664/1761
f 1952/1664/1763 1956/1670/1764 1957/1667/1764
f 1951/1666/1765 1950/1663/1805 1954/1668/1766
f 1951/1666/1767 1955/1669/1768 1956/1670/1768
f 1956/1670/1771 1955/1669/1806 1959/1672/1772
f 1957/1667/1775 1956/1670/1807 1960/1673/1775
f 1955/1669/1776 1954/1668/1808 1958/1675/1777
f 1959/1677/1778 1963/1685/1809 1964/1678/1779
f 1960/1679/1782 1964/1678/1810 1965/1683/1783
f 1958/1680/1785 1962/1682/1811 1963/1685/1785
f 1969/1643/1787 1940/1645/1787 1944/1656/1787
f 1944/1656/1787 1948/1661/1787 1953/1665/1787
f 1953/1665/1787 1957/1667/1787 1961/1684/1787
f 1961/1684/1787 1965/1683/1787 1969/1643/1787
f 1969/1643/1787 1944/1656/1787 1953/1665/1787
f 1965/1683/1788 1964/1678/1788 1968/1649/1789
f 1963/1685/1791 1962/1682/1812 1966/1646/1792
f 1964/1678/1794 1963/1685/1813 1967/1648/1795
f 2002/1687/1814 1972/1688/1814 1973/1689/1815
f 2000/1690/1816 1970/1691/1816 1971/1692/1817
f 2001/1693/1818 1971/1692/1819 1972/1688/1819
f 1999/1694/1820 1982/1695/1820 1970/1691/1820
f 1970/1691/1821 1975/1696/1822 1971/1692/1823
f 1971/1692/1824 1976/1697/1825 1972/1688/1824
f 1970/1691/1826 1982/1698/1826 1974/1699/1826
f 1972/1688/1827 1977/1700/1828 1973/1689/1829
f 1976/1697/1830 1979/1701/1831 1980/1702/1832
f 1974/1699/1833 1982/1703/1833 1978/1704/1833
f 1977/1700/1834 1980/1702/1835 1981/1705/1836
f 1975/1696/1837 1978/1704/1838 1979/1701/1839
f 1978/1704/1840 1982/1706/1840 1983/1707/1840
f 1980/1702/1841 1986/1708/1841 1981/1705/1842
f 1978/1704/1843 1984/1709/1843 1979/1701/1844
f 1979/1701/1845 1985/1710/1846 1980/1702/1847
f 1986/1708/1848 1989/1711/1848 1990/1712/1849
f 1984/1709/1850 1987/1713/1850 1988/1714/1851
f 1985/1710/1852 1988/1714/1853 1989/1711/1853
f 1983/1707/1854 1982/1715/1854 1987/1713/1854
f 1988/1714/1855 1993/1716/1856 1989/1711/1855
f 1987/1713/1857 1982/1717/1857 1991/1718/1857
f 1989/1711/1858 1994/1719/1859 1990/1712/1860
f 1987/1713/1861 1992/1720/1862 1988/1714/1863
f 1993/1721/1864 1996/1722/1865 1997/1723/1866
f 1991/1724/1867 1982/1725/1867 1995/1726/1867
f 1994/1727/1868 1997/1723/1869 1998/1728/1870
f 1992/1729/1871 1995/1726/1872 1996/1722/1873
f 1986/1708/1874 1994/1727/1874 2002/1687/1874
f 1997/1723/1875 2002/1687/1875 1998/1728/1876
f 1995/1726/1877 2000/1690/1877 1996/1722/1878
f 1996/1722/1879 2001/1693/1880 1997/1723/1881
f 1995/1726/1882 1982/1730/1882 1999/1694/1882
f 2002/1687/1814 2001/1693/1814 1972/1688/1814
f 2000/1690/1816 1999/1694/1883 1970/1691/1816
f 2001/1693/1818 2000/1690/1884 1971/1692/1819
f 1970/1691/1821 1974/1699/1885 1975/1696/1822
f 1971/1692/1824 1975/1696/1886 1976/1697/1825
f 1972/1688/1827 1976/1697/1828 1977/1700/1828
f 1976/1697/1830 1975/1696/1887 1979/1701/1831
f 1977/1700/1834 1976/1697/1834 1980/1702/1835
f 1975/1696/1837 1974/1699/1888 1978/1704/1838
f 1980/1702/1841 1985/1710/1889 1986/1708/1841
f 1978/1704/1843 1983/1707/1843 1984/1709/1843
f 1979/1701/1845 1984/1709/1890 1985/1710/1846
f 1986/1708/1848 1985/1710/1848 1989/1711/1848
f 1984/1709/1850 1983/1707/1891 1987/1713/1850
f 1985/1710/1852 1984/1709/1892 1988/1714/1853
f 1988/1714/1855 1992/1720/1893 1993/1716/1856
f 1989/1711/1858 1993/1716/1859 1994/1719/1859
f 1987/1713/1861 1991/1718/1894 1992/1720/1862
f 1993/1721/1864 1992/1729/1895 1996/1722/1865
f 1994/1727/1868 1993/1721/1868 1997/1723/1869
f 1992/1729/1871 1991/1724/1896 1995/1726/1872
f 2002/1687/1874 1973/1689/1874 1977/1700/1874
f 1977/1700/1874 1981/1705/1874 1986/1708/1874
f 1986/1708/1874 1990/1712/1874 1994/1727/1874
f 1994/1727/1874 1998/1728/1874 2002/1687/1874
f 2002/1687/1874 1977/1700/1874 1986/1708/1874
f 1997/1723/1875 2001/1693/1897 2002/1687/1875
f 1995/1726/1877 1999/1694/1877 2000/1690/1877
f 1996/1722/1879 2000/1690/1898 2001/1693/1880
f 2035/1731/1899 2005/1732/1899 2006/1733/1900
f 2033/1734/1901 2003/1735/1902 2004/1736/1903
f 2034/1737/1904 2004/1736/1905 2005/1732/1906
f 2032/1738/1907 2015/1739/1907 2003/1735/1907
f 2003/1735/1908 2008/1740/1909 2004/1736/1910
f 2004/1736/1911 2009/1741/1912 2005/1732/1913
f 2003/1735/1914 2015/1742/1914 2007/1743/1914
f 2005/1732/1915 2010/1744/1916 2006/1733/1915
f 2009/1741/1917 2012/1745/1918 2013/1746/1919
f 2007/1743/1920 2015/1747/1920 2011/1748/1920
f 2010/1744/1921 2013/1746/1922 2014/1749/1923
f 2008/1740/1924 2011/1748/1925 2012/1745/1926
f 2011/1748/1927 2015/1750/1927 2016/1751/1927
f 2013/1746/1928 2019/1752/1928 2014/1749/1929
f 2011/1748/1930 2017/1753/1931 2012/1745/1932
f 2012/1745/1933 2018/1754/1934 2013/1746/1935
f 2019/1752/1936 2022/1755/1936 2023/1756/1937
f 2017/1753/1938 2020/1757/1938 2021/1758/1939
f 2018/1754/1940 2021/1758/1941 2022/1755/1942
f 2016/1751/1943 2015/1759/1943 2020/1757/1943
f 2021/1758/1944 2026/1760/1945 2022/1755/1946
f 2020/1757/1947 2015/1761/1947 2024/1762/1947
f 2022/1755/1948 2027/1763/1949 2023/1756/1948
f 2020/1757/1950 2025/1764/1951 2021/1758/1952
f 2026/1765/1953 2029/1766/1954 2030/1767/1955
f 2024/1768/1956 2015/1769/1956 2028/1770/1956
f 2027/1771/1957 2030/1767/1958 2031/1772/1958
f 2025/1773/1959 2028/1770/1960 2029/1766/1961
f 2019/1752/1962 2027/1771/1962 2035/1731/1962
f 2030/1767/1963 2035/1731/1963 2031/1772/1964
f 2028/1770/1965 2033/1734/1965 2029/1766/1966
f 2029/1766/1967 2034/1737/1968 2030/1767/1969
f 2028/1770/1970 2015/1774/1970 2032/1738/1970
f 2035/1731/1899 2034/1737/1899 2005/1732/1899
f 2033/1734/1901 2032/1738/1902 2003/1735/1902
f 2034/1737/1904 2033/1734/1971 2004/1736/1905
f 2003/1735/1908 2007/1743/1972 2008/1740/1909
f 2004/1736/1911 2008/1740/1973 2009/1741/1912
f 2005/1732/1915 2009/1741/1916 2010/1744/1916
f 2009/1741/1917 2008/1740/1974 2012/1745/1918
f 2010/1744/1921 2009/1741/1921 2013/1746/1922
f 2008/1740/1924 2007/1743/1975 2011/1748/1925
f 2013/1746/1928 2018/1754/1976 2019/1752/1928
f 2011/1748/1930 2016/1751/1931 2017/1753/1931
f 2012/1745/1933 2017/1753/1977 2018/1754/1934
f 2019/1752/1936 2018/1754/1936 2022/1755/1936
f 2017/1753/1938 2016/1751/1938 2020/1757/1938
f 2018/1754/1940 2017/1753/1978 2021/1758/1941
f 2021/1758/1944 2025/1764/1979 2026/1760/1945
f 2022/1755/1948 2026/1760/1980 2027/1763/1949
f 2020/1757/1950 2024/1762/1981 2025/1764/1951
f 2026/1765/1953 2025/1773/1982 2029/1766/1954
f 2027/1771/1957 2026/1765/1957 2030/1767/1958
f 2025/1773/1959 2024/1768/1983 2028/1770/1960
f 2035/1731/1962 2006/1733/1962 2010/1744/1962
f 2010/1744/1962 2014/1749/1962 2019/1752/1962
f 2019/1752/1962 2023/1756/1962 2027/1771/1962
f 2027/1771/1962 2031/1772/1962 2035/1731/1962
f 2035/1731/1962 2010/1744/1962 2019/1752/1962
f 2030/1767/1963 2034/1737/1984 2035/1731/1963
f 2028/1770/1965 2032/1738/1985 2033/1734/1965
f 2029/1766/1967 2033/1734/1986 2034/1737/1968
f 2067/1775/1987 2039/1776/1988 2068/1777/1989
f 2065/1778/1990 2037/1779/1991 2066/1780/1992
f 2066/1780/1993 2038/1781/1994 2067/1775/1995
f 2065/1778/1996 2048/1782/1996 2036/1783/1996
f 2037/1779/1997 2040/1784/1998 2041/1785/1999
f 2038/1781/2000 2041/1785/2001 2042/1786/2002
f 2036/1783/2003 2048/1787/2003 2040/1784/2003
f 2039/1776/2004 2042/1786/2005 2043/1788/2006
f 2041/1785/2007 2046/1789/2008 2042/1786/2009
f 2040/1784/2010 2048/1790/2010 2044/1791/2010
f 2042/1786/2011 2047/1792/2012 2043/1788/2013
f 2040/1784/2014 2045/1793/2015 2041/1785/2014
f 2044/1791/2016 2048/1794/2016 2049/1795/2016
f 2047/1792/2017 2051/1796/2018 2052/1797/2019
f 2045/1793/2020 2049/1795/2021 2050/1798/2022
f 2046/1789/2023 2050/1798/2023 2051/1796/2024
f 2051/1796/2025 2056/1799/2026 2052/1797/2025
f 2049/1795/2027 2054/1800/2028 2050/1798/2029
f 2050/1798/2030 2055/1801/2031 2051/1796/2032
f 2049/1795/2033 2048/1802/2033 2053/1803/2033
f 2055/1801/2034 2058/1804/2035 2059/1805/2036
f 2053/1803/2037 2048/1806/2037 2057/1807/2037
f 2056/1799/2038 2059/1805/2039 2060/1808/2040
f 2054/1800/2041 2057/1807/2042 2058/1804/2043
f 2058/1809/2044 2063/1810/2045 2059/1811/2046
f 2057/1812/2047 2048/1813/2047 2061/1814/2047
f 2059/1811/2048 2064/1815/2048 2060/1816/2049
f 2057/1812/2050 2062/1817/2051 2058/1809/2050
f 2052/1797/2052 2060/1816/2052 2068/1777/2052
f 2064/1815/2053 2067/1775/2054 2068/1777/2055
f 2062/1817/2056 2065/1778/2057 2066/1780/2058
f 2063/1810/2059 2066/1780/2060 2067/1775/2061
f 2061/1814/2062 2048/1818/2062 2065/1778/2062
f 2067/1775/1987 2038/1781/2063 2039/1776/1988
f 2065/1778/1990 2036/1783/2064 2037/1779/1991
f 2066/1780/1993 2037/1779/2065 2038/1781/1994
f 2037/1779/1997 2036/1783/2066 2040/1784/1998
f 2038/1781/2000 2037/1779/2067 2041/1785/2001
f 2039/1776/2004 2038/1781/2004 2042/1786/2005
f 2041/1785/2007 2045/1793/2007 2046/1789/2008
f 2042/1786/2011 2046/1789/2068 2047/1792/2012
f 2040/1784/2014 2044/1791/2069 2045/1793/2015
f 2047/1792/2017 2046/1789/2017 2051/1796/2018
f 2045/1793/2020 2044/1791/2020 2049/1795/2021
f 2046/1789/2023 2045/1793/2070 2050/1798/2023
f 2051/1796/2025 2055/1801/2071 2056/1799/2026
f 2049/1795/2027 2053/1803/2072 2054/1800/2028
f 2050/1798/2030 2054/1800/2073 2055/1801/2031
f 2055/1801/2034 2054/1800/2074 2058/1804/2035
f 2056/1799/2038 2055/1801/2075 2059/1805/2039
f 2054/1800/2041 2053/1803/2076 2057/1807/2042
f 2058/1809/2044 2062/1817/2077 2063/1810/2045
f 2059/1811/2048 2063/1810/2049 2064/1815/2048
f 2057/1812/2050 2061/1814/2078 2062/1817/2051
f 2068/1777/2052 2039/1776/2052 2043/1788/2052
f 2043/1788/2052 2047/1792/2052 2052/1797/2052
f 2052/1797/2052 2056/1799/2052 2060/1816/2052
f 2060/1816/2052 2064/1815/2052 2068/1777/2052
f 2068/1777/2052 2043/1788/2052 2052/1797/2052
f 2064/1815/2053 2063/1810/2055 2067/1775/2054
f 2062/1817/2056 2061/1814/2079 2065/1778/2057
f 2063/1810/2059 2062/1817/2080 2066/1780/2060
f 2101/1819/2081 2071/1820/2082 2072/1821/2082
f 2099/1822/2083 2069/1823/2084 2070/1824/2085
f 2100/1825/2086 2070/1824/2087 2071/1820/2087
f 2098/1826/2088 2081/1827/2088 2069/1823/2088
f 2069/1823/2089 2074/1828/2089 2070/1824/2090
f 2070/1824/2091 2075/1829/2092 2071/1820/2093
f 2069/1823/2094 2081/1830/2094 2073/1831/2094
f 2071/1820/2095 2076/1832/2095 2072/1821/2096
f 2075/1829/2097 2078/1833/2098 2079/1834/2099
f 2073/1831/2100 2081/1835/2100 2077/1836/2100
f 2076/1832/2101 2079/1834/2102 2080/1837/2102
f 2074/1828/2103 2077/1836/2103 2078/1833/2104
f 2077/1836/2105 2081/1838/2105 2082/1839/2105
f 2079/1834/2106 2085/1840/2107 2080/1837/2106
f 2077/1836/2108 2083/1841/2109 2078/1833/2110
f 2078/1833/2111 2084/1842/2112 2079/1834/2111
f 2085/1840/2113 2088/1843/2114 2089/1844/2115
f 2083/1841/2116 2086/1845/2117 2087/1846/2118
f 2084/1842/2119 2087/1846/2120 2088/1843/2121
f 2082/1839/2122 2081/1847/2122 2086/1845/2122
f 2087/1846/2123 2092/1848/2124 2088/1843/2125
f 2086/1845/2126 2081/1849/2126 2090/1850/2126
f 2088/1843/2127 2093/1851/2127 2089/1844/2127
f 2086/1845/2128 2091/1852/2129 2087/1846/2130
f 2092/1853/2131 2095/1854/2132 2096/1855/2133
f 2090/1856/2134 2081/1857/2134 2094/1858/2134
f 2093/1859/2135 2096/1855/2135 2097/1860/2136
f 2091/1861/2137 2094/1858/2138 2095/1854/2139
f 2085/1840/2140 2093/1859/2140 2101/1819/2140
f 2096/1855/2141 2101/1819/2142 2097/1860/2143
f 2094/1858/2144 2099/1822/2145 2095/1854/2146
f 2095/1854/2147 2100/1825/2148 2096/1855/2149
f 2094/1858/2150 2081/1862/2150 2098/1826/2150
f 2101/1819/2081 2100/1825/2151 2071/1820/2082
f 2099/1822/2083 2098/1826/2152 2069/1823/2084
f 2100/1825/2086 2099/1822/2153 2070/1824/2087
f 2069/1823/2089 2073/1831/2154 2074/1828/2089
f 2070/1824/2091 2074/1828/2155 2075/1829/2092
f 2071/1820/2095 2075/1829/2095 2076/1832/2095
f 2075/1829/2097 2074/1828/2156 2078/1833/2098
f 2076/1832/2101 2075/1829/2101 2079/1834/2102
f 2074/1828/2103 2073/1831/2157 2077/1836/2103
f 2079/1834/2106 2084/1842/2107 2085/1840/2107
f 2077/1836/2108 2082/1839/2158 2083/1841/2109
f 2078/1833/2111 2083/1841/2159 2084/1842/2112
f 2085/1840/2113 2084/1842/2113 2088/1843/2114
f 2083/1841/2116 2082/1839/2160 2086/1845/2117
f 2084/1842/2119 2083/1841/2161 2087/1846/2120
f 2087/1846/2123 2091/1852/2162 2092/1848/2124
f 2088/1843/2127 2092/1848/2127 2093/1851/2127
f 2086/1845/2128 2090/1850/2163 2091/1852/2129
f 2092/1853/2131 2091/1861/2164 2095/1854/2132
f 2093/1859/2135 2092/1853/2135 2096/1855/2135
f 2091/1861/2137 2090/1856/2165 2094/1858/2138
f 2101/1819/2140 2072/1821/2140 2076/1832/2140
f 2076/1832/2140 2080/1837/2140 2085/1840/2140
f 2085/1840/2140 2089/1844/2140 2093/1859/2140
f 2093/1859/2140 2097/1860/2140 2101/1819/2140
f 2101/1819/2140 2076/1832/2140 2085/1840/2140
f 2096/1855/2141 2100/1825/2166 2101/1819/2142
f 2094/1858/2144 2098/1826/2167 2099/1822/2145
f 2095/1854/2147 2099/1822/2168 2100/1825/2148
f 2133/1863/2169 2105/1864/2170 2134/1865/2170
f 2131/1866/2171 2103/1867/2172 2132/1868/2171
f 2132/1868/2173 2104/1869/2173 2133/1863/2174
f 2131/1866/2175 2114/1870/2175 2102/1871/2175
f 2103/1867/2176 2106/1872/2177 2107/1873/2178
f 2104/1869/2179 2107/1873/2180 2108/1874/2181
f 2102/1871/2182 2114/1875/2182 2106/1872/2182
f 2105/1864/2183 2108/1874/2184 2109/1876/2184
f 2107/1873/2185 2112/1877/2186 2108/1874/2187
f 2106/1872/2188 2114/1878/2188 2110/1879/2188
f 2108/1874/2189 2113/1880/2190 2109/1876/2191
f 2106/1872/2192 2111/1881/2193 2107/1873/2194
f 2110/1879/2195 2114/1882/2195 2115/1883/2195
f 2113/1880/2196 2117/1884/2197 2118/1885/2198
f 2111/1881/2199 2115/1883/2200 2116/1886/2201
f 2112/1877/2202 2116/1886/2203 2117/1884/2204
f 2117/1884/2205 2122/1887/2206 2118/1885/2206
f 2115/1883/2207 2120/1888/2208 2116/1886/2209
f 2116/1886/2210 2121/1889/2211 2117/1884/2212
f 2115/1883/2213 2114/1890/2213 2119/1891/2213
f 2121/1889/2214 2124/1892/2215 2125/1893/2216
f 2119/1891/2217 2114/1894/2217 2123/1895/2217
f 2122/1887/2218 2125/1893/2218 2126/1896/2219
f 2120/1888/2220 2123/1895/2221 2124/1892/2221
f 2124/1897/2222 2129/1898/2223 2125/1899/2224
f 2123/1900/2225 2114/1901/2225 2127/1902/2225
f 2125/1899/2226 2130/1903/2227 2126/1904/2226
f 2123/1900/2228 2128/1905/2229 2124/1897/2229
f 2118/1885/2230 2126/1904/2230 2134/1865/2230
f 2130/1903/2231 2133/1863/2232 2134/1865/2233
f 2128/1905/2234 2131/1866/2234 2132/1868/2235
f 2129/1898/2236 2132/1868/2237 2133/1863/2238
f 2127/1902/2239 2114/1906/2239 2131/1866/2239
f 2133/1863/2169 2104/1869/2240 2105/1864/2170
f 2131/1866/2171 2102/1871/2241 2103/1867/2172
f 2132/1868/2173 2103/1867/2242 2104/1869/2173
f 2103/1867/2176 2102/1871/2243 2106/1872/2177
f 2104/1869/2179 2103/1867/2180 2107/1873/2180
f 2105/1864/2183 2104/1869/2183 2108/1874/2184
f 2107/1873/2185 2111/1881/2244 2112/1877/2186
f 2108/1874/2189 2112/1877/2190 2113/1880/2190
f 2106/1872/2192 2110/1879/2245 2111/1881/2193
f 2113/1880/2196 2112/1877/2246 2117/1884/2197
f 2111/1881/2199 2110/1879/2247 2115/1883/2200
f 2112/1877/2202 2111/1881/2248 2116/1886/2203
f 2117/1884/2205 2121/1889/2205 2122/1887/2206
f 2115/1883/2207 2119/1891/2249 2120/1888/2208
f 2116/1886/2210 2120/1888/2250 2121/1889/2211
f 2121/1889/2214 2120/1888/2251 2124/1892/2215
f 2122/1887/2218 2121/1889/2252 2125/1893/2218
f 2120/1888/2220 2119/1891/2253 2123/1895/2221
f 2124/1897/2222 2128/1905/2254 2129/1898/2223
f 2125/1899/2226 2129/1898/2255 2130/1903/2227
f 2123/1900/2228 2127/1902/2256 2128/1905/2229
f 2134/1865/2230 2105/1864/2230 2109/1876/2230
f 2109/1876/2230 2113/1880/2230 2118/1885/2230
f 2118/1885/2230 2122/1887/2230 2126/1904/2230
f 2126/1904/2230 2130/1903/2230 2134/1865/2230
f 2134/1865/2230 2109/1876/2230 2118/1885/2230
f 2130/1903/2231 2129/1898/2257 2133/1863/2232
f 2128/1905/2234 2127/1902/2258 2131/1866/2234
f 2129/1898/2236 2128/1905/2259 2132/1868/2237
f 2167/1907/2260 2137/1908/2260 2138/1909/2261
f 2165/1910/2262 2135/1911/2262 2136/1912/2263
f 2166/1913/2264 2136/1912/2265 2137/1908/2266
f 2164/1914/2267 2147/1915/2267 2135/1911/2267
f 2135/1911/2268 2140/1916/2269 2136/1912/2270
f 2136/1912/2271 2141/1917/2272 2137/1908/2273
f 2135/1911/2274 2147/1918/2274 2139/1919/2274
f 2137/1908/2275 2142/1920/2276 2138/1909/2275
f 2141/1917/2277 2144/1921/2278 2145/1922/2279
f 2139/1919/2280 2147/1923/2280 2143/1924/2280
f 2142/1920/2281 2145/1922/2282 2146/1925/2283
f 2140/1916/2284 2143/1924/2285 2144/1921/2286
f 2143/1924/2287 2147/1926/2287 2148/1927/2287
f 2145/1922/2288 2151/1928/2288 2146/1925/2289
f 2143/1924/2290 2149/1929/2290 2144/1921/2291
f 2144/1921/2292 2150/1930/2293 2145/1922/2294
f 2151/1928/2295 2154/1931/2295 2155/1932/2296
f 2149/1929/2297 2152/1933/2297 2153/1934/2298
f 2150/1930/2299 2153/1934/2300 2154/1931/2301
f 2148/1927/2302 2147/1935/2302 2152/1933/2302
f 2153/1934/2303 2158/1936/2304 2154/1931/2305
f 2152/1933/2306 2147/1937/2306 2156/1938/2306
f 2154/1931/2307 2159/1939/2308 2155/1932/2307
f 2152/1933/2309 2157/1940/2310 2153/1934/2311
f 2158/1941/2312 2161/1942/2313 2162/1943/2314
f 2156/1944/2315 2147/1945/2315 2160/1946/2315
f 2159/1947/2316 2162/1943/2317 2163/1948/2317
f 2157/1949/2318 2160/1946/2319 2161/1942/2320
f 2151/1928/2321 2159/1947/2321 2167/1907/2321
f 2162/1943/2322 2167/1907/2322 2163/1948/2323
f 2160/1946/2324 2165/1910/2324 2161/1942/2325
f 2161/1942/2326 2166/1913/2327 2162/1943/2328
f 2160/1946/2329 2147/1950/2329 2164/1914/2329
f 2167/1907/2260 2166/1913/2260 2137/1908/2260
f 2165/1910/2262 2164/1914/2330 2135/1911/2262
f 2166/1913/2264 2165/1910/2331 2136/1912/2265
f 2135/1911/2268 2139/1919/2332 2140/1916/2269
f 2136/1912/2271 2140/1916/2333 2141/1917/2272
f 2137/1908/2275 2141/1917/2276 2142/1920/2276
f 2141/1917/2277 2140/1916/2334 2144/1921/2278
f 2142/1920/2281 2141/1917/2281 2145/1922/2282
f 2140/1916/2284 2139/1919/2335 2143/1924/2285
f 2145/1922/2288 2150/1930/2336 2151/1928/2288
f 2143/1924/2290 2148/1927/2290 2149/1929/2290
f 2144/1921/2292 2149/1929/2337 2150/1930/2293
f 2151/1928/2295 2150/1930/2295 2154/1931/2295
f 2149/1929/2297 2148/1927/2297 2152/1933/2297
f 2150/1930/2299 2149/1929/2338 2153/1934/2300
f 2153/1934/2303 2157/1940/2339 2158/1936/2304
f 2154/1931/2307 2158/1936/2340 2159/1939/2308
f 2152/1933/2309 2156/1938/2341 2157/1940/2310
f 2158/1941/2312 2157/1949/2342 2161/1942/2313
f 2159/1947/2316 2158/1941/2316 2162/1943/2317
f 2157/1949/2318 2156/1944/2343 2160/1946/2319
f 2167/1907/2321 2138/1909/2321 2142/1920/2321
f 2142/1920/2321 2146/1925/2321 2151/1928/2321
f 2151/1928/2321 2155/1932/2321 2159/1947/2321
f 2159/1947/2321 2163/1948/2321 2167/1907/2321
f 2167/1907/2321 2142/1920/2321 2151/1928/2321
f 2162/1943/2322 2166/1913/2344 2167/1907/2322
f 2160/1946/2324 2164/1914/2345 2165/1910/2324
f 2161/1942/2326 2165/1910/2346 2166/1913/2327
f 2199/1951/2347 2171/1952/2348 2200/1953/2347
f 2197/1954/2349 2169/1955/2349 2198/1956/2350
f 2198/1956/2351 2170/1957/2351 2199/1951/2352
f 2197/1954/2353 2180/1958/2353 2168/1959/2353
f 2169/1955/2354 2172/1960/2355 2173/1961/2356
f 2170/1957/2357 2173/1961/2358 2174/1962/2359
f 2168/1959/2360 2180/1963/2360 2172/1960/2360
f 2171/1952/2361 2174/1962/2362 2175/1964/2362
f 2173/1961/2363 2178/1965/2364 2174/1962/2365
f 2172/1960/2366 2180/1966/2366 2176/1967/2366
f 2174/1962/2367 2179/1968/2368 2175/1964/2369
f 2172/1960/2370 2177/1969/2371 2173/1961/2370
f 2176/1967/2372 2180/1970/2372 2181/1971/2372
f 2179/1968/2373 2183/1972/2374 2184/1973/2375
f 2177/1969/2376 2181/1971/2377 2182/1974/2378
f 2178/1965/2379 2182/1974/2379 2183/1972/2380
f 2183/1972/2381 2188/1975/2382 2184/1973/2381
f 2181/1971/2383 2186/1976/2384 2182/1974/2385
f 2182/1974/2386 2187/1977/2387 2183/1972/2388
f 2181/1971/2389 2180/1978/2389 2185/1979/2389
f 2187/1977/2390 2190/1980/2391 2191/1981/2392
f 2185/1979/2393 2180/1982/2393 2189/1983/2393
f 2188/1975/2394 2191/1981/2395 2192/1984/2396
f 2186/1976/2397 2189/1983/2398 2190/1980/2399
f 2190/1985/2400 2195/1986/2401 2191/1987/2402
f 2189/1988/2403 2180/1989/2403 2193/1990/2403
f 2191/1987/2404 2196/1991/2404 2192/1992/2405
f 2189/1988/2406 2194/1993/2407 2190/1985/2406
f 2184/1973/2408 2192/1992/2408 2200/1953/2408
f 2196/1991/2409 2199/1951/2409 2200/1953/2409
f 2194/1993/2410 2197/1954/2411 2198/1956/2412
f 2195/1986/2413 2198/1956/2414 2199/1951/2415
f 2193/1990/2416 2180/1994/2416 2197/1954/2416
f 2199/1951/2347 2170/1957/2417 2171/1952/2348
f 2197/1954/2349 2168/1959/2418 2169/1955/2349
f 2198/1956/2351 2169/1955/2419 2170/1957/2351
f 2169/1955/2354 2168/1959/2420 2172/1960/2355
f 2170/1957/2357 2169/1955/2421 2173/1961/2358
f 2171/1952/2361 2170/1957/2422 2174/1962/2362
f 2173/1961/2363 2177/1969/2363 2178/1965/2364
f 2174/1962/2367 2178/1965/2369 2179/1968/2368
f 2172/1960/2370 2176/1967/2423 2177/1969/2371
f 2179/1968/2373 2178/1965/2373 2183/1972/2374
f 2177/1969/2376 2176/1967/2376 2181/1971/2377
f 2178/1965/2379 2177/1969/2424 2182/1974/2379
f 2183/1972/2381 2187/1977/2425 2188/1975/2382
f 2181/1971/2383 2185/1979/2426 2186/1976/2384
f 2182/1974/2386 2186/1976/2427 2187/1977/2387
f 2187/1977/2390 2186/1976/2428 2190/1980/2391
f 2188/1975/2394 2187/1977/2429 2191/1981/2395
f 2186/1976/2397 2185/1979/2430 2189/1983/2398
f 2190/1985/2400 2194/1993/2431 2195/1986/2401
f 2191/1987/2404 2195/1986/2405 2196/1991/2404
f 2189/1988/2406 2193/1990/2432 2194/1993/2407
f 2200/1953/2408 2171/1952/2408 2175/1964/2408
f 2175/1964/2408 2179/1968/2408 2184/1973/2408
f 2184/1973/2408 2188/1975/2408 2192/1992/2408
f 2192/1992/2408 2196/1991/2408 2200/1953/2408
f 2200/1953/2408 2175/1964/2408 2184/1973/2408
f 2196/1991/2409 2195/1986/2409 2199/1951/2409
f 2194/1993/2410 2193/1990/2433 2197/1954/2411
f 2195/1986/2413 2194/1993/2434 2198/1956/2414
f 2233/1995/2435 2203/1996/2436 2204/1997/2436
f 2231/1998/2437 2201/1999/2438 2202/2000/2439
f 2232/2001/2440 2202/2000/2441 2203/1996/2441
f 2230/2002/2442 2213/2003/2442 2201/1999/2442
f 2201/1999/2443 2206/2004/2443 2202/2000/2444
f 2202/2000/2445 2207/2005/2446 2203/1996/2447
f 2201/1999/2448 2213/2006/2448 2205/2007/2448
f 2203/1996/2449 2208/2008/2449 2204/1997/2450
f 2207/2005/2451 2210/2009/2452 2211/2010/2453
f 2205/2007/2454 2213/2011/2454 2209/2012/2454
f 2208/2008/2455 2211/2010/2456 2212/2013/2456
f 2206/2004/2457 2209/2012/2457 2210/2009/2458
f 2209/2012/2459 2213/2014/2459 2214/2015/2459
f 2211/2010/2460 2217/2016/2461 2212/2013/2460
f 2209/2012/2462 2215/2017/2463 2210/2009/2464
f 2210/2009/2465 2216/2018/2466 2211/2010/2465
f 2217/2016/2467 2220/2019/2468 2221/2020/2469
f 2215/2017/2470 2218/2021/2470 2219/2022/2471
f 2216/2018/2472 2219/2022/2473 2220/2019/2474
f 2214/2015/2475 2213/2023/2475 2218/2021/2475
f 2219/2022/2476 2224/2024/2477 2220/2019/2478
f 2218/2021/2479 2213/2025/2479 2222/2026/2479
f 2220/2019/2480 2225/2027/2480 2221/2020/2480
f 2218/2021/2481 2223/2028/2482 2219/2022/2483
f 2224/2029/2484 2227/2030/2485 2228/2031/2486
f 2222/2032/2487 2213/2033/2487 2226/2034/2487
f 2225/2035/2488 2228/2031/2488 2229/2036/2489
f 2223/2037/2490 2226/2034/2491 2227/2030/2492
f 2217/2016/2493 2225/2035/2493 2233/1995/2493
f 2228/2031/2494 2233/1995/2495 2229/2036/2496
f 2226/2034/2497 2231/1998/2498 2227/2030/2499
f 2227/2030/2500 2232/2001/2501 2228/2031/2502
f 2226/2034/2503 2213/2038/2503 2230/2002/2503
f 2233/1995/2435 2232/2001/2504 2203/1996/2436
f 2231/1998/2437 2230/2002/2505 2201/1999/2438
f 2232/2001/2440 2231/1998/2506 2202/2000/2441
f 2201/1999/2443 2205/2007/2507 2206/2004/2443
f 2202/2000/2445 2206/2004/2508 2207/2005/2446
f 2203/1996/2449 2207/2005/2449 2208/2008/2449
f 2207/2005/2451 2206/2004/2509 2210/2009/2452
f 2208/2008/2455 2207/2005/2455 2211/2010/2456
f 2206/2004/2457 2205/2007/2510 2209/2012/2457
f 2211/2010/2460 2216/2018/2461 2217/2016/2461
f 2209/2012/2462 2214/2015/2511 2215/2017/2463
f 2210/2009/2465 2215/2017/2512 2216/2018/2466
f 2217/2016/2467 2216/2018/2467 2220/2019/2468
f 2215/2017/2470 2214/2015/2513 2218/2021/2470
f 2216/2018/2472 2215/2017/2514 2219/2022/2473
f 2219/2022/2476 2223/2028/2515 2224/2024/2477
f 2220/2019/2480 2224/2024/2480 2225/2027/2480
f 2218/2021/2481 2222/2026/2516 2223/2028/2482
f 2224/2029/2484 2223/2037/2517 2227/2030/2485
f 2225/2035/2488 2224/2029/2488 2228/2031/2488
f 2223/2037/2490 2222/2032/2518 2226/2034/2491
f 2233/1995/2493 2204/1997/2493 2208/2008/2493
f 2208/2008/2493 2212/2013/2493 2217/2016/2493
f 2217/2016/2493 2221/2020/2493 2225/2035/2493
f 2225/2035/2493 2229/2036/2493 2233/1995/2493
f 2233/1995/2493 2208/2008/2493 2217/2016/2493
f 2228/2031/2494 2232/2001/2519 2233/1995/2495
f 2226/2034/2497 2230/2002/2520 2231/1998/2498
f 2227/2030/2500 2231/1998/2521 2232/2001/2501
f 2265/2039/2522 2237/2040/2523 2266/2041/2523
f 2263/2042/2524 2235/2043/2525 2264/2044/2524
f 2264/2044/2526 2236/2045/2526 2265/2039/2527
f 2263/2042/2528 2246/2046/2528 2234/2047/2528
f 2234/2047/2529 2239/2048/2530 2235/2043/2531
f 2236/2045/2532 2239/2048/2533 2240/2049/2533
f 2234/2047/2534 2246/2050/2534 2238/2051/2534
f 2237/2040/2535 2240/2049/2536 2241/2052/2537
f 2240/2049/2538 2243/2053/2539 2244/2054/2540
f 2238/2051/2541 2246/2055/2541 2242/2056/2541
f 2240/2049/2542 2245/2057/2543 2241/2052/2544
f 2238/2051/2545 2243/2053/2546 2239/2048/2545
f 2242/2056/2547 2246/2058/2547 2247/2059/2547
f 2245/2057/2548 2249/2060/2549 2250/2061/2549
f 2243/2053/2550 2247/2059/2551 2248/2062/2550
f 2243/2053/2552 2249/2060/2553 2244/2054/2554
f 2249/2060/2555 2254/2063/2556 2250/2061/2557
f 2248/2062/2558 2251/2064/2559 2252/2065/2560
f 2248/2062/2561 2253/2066/2562 2249/2060/2563
f 2247/2059/2564 2246/2067/2564 2251/2064/2564
f 2253/2066/2565 2256/2068/2566 2257/2069/2567
f 2251/2064/2568 2246/2070/2568 2255/2071/2568
f 2254/2063/2569 2257/2069/2569 2258/2072/2570
f 2252/2065/2571 2255/2071/2572 2256/2068/2572
f 2256/2073/2573 2261/2074/2574 2257/2075/2575
f 2255/2076/2576 2246/2077/2576 2259/2078/2576
f 2257/2075/2577 2262/2079/2578 2258/2080/2577
f 2255/2076/2579 2260/2081/2580 2256/2073/2580
f 2250/2061/2581 2258/2080/2581 2266/2041/2581
f 2262/2079/2582 2265/2039/2583 2266/2041/2584
f 2260/2081/2585 2263/2042/2585 2264/2044/2586
f 2261/2074/2587 2264/2044/2588 2265/2039/2589
f 2259/2078/2590 2246/2082/2590 2263/2042/2590
f 2265/2039/2522 2236/2045/2591 2237/2040/2523
f 2263/2042/2524 2234/2047/2592 2235/2043/2525
f 2264/2044/2526 2235/2043/2593 2236/2045/2526
f 2234/2047/2529 2238/2051/2594 2239/2048/2530
f 2236/2045/2532 2235/2043/2595 2239/2048/2533
f 2237/2040/2535 2236/2045/2536 2240/2049/2536
f 2240/2049/2538 2239/2048/2596 2243/2053/2539
f 2240/2049/2542 2244/2054/2597 2245/2057/2543
f 2238/2051/2545 2242/2056/2598 2243/2053/2546
f 2245/2057/2548 2244/2054/2599 2249/2060/2549
f 2243/2053/2550 2242/2056/2600 2247/2059/2551
f 2243/2053/2552 2248/2062/2601 2249/2060/2553
f 2249/2060/2555 2253/2066/2556 2254/2063/2556
f 2248/2062/2558 2247/2059/2560 2251/2064/2559
f 2248/2062/2561 2252/2065/2602 2253/2066/2562
f 2253/2066/2565 2252/2065/2603 2256/2068/2566
f 2254/2063/2569 2253/2066/2604 2257/2069/2569
f 2252/2065/2571 2251/2064/2605 2255/2071/2572
f 2256/2073/2573 2260/2081/2606 2261/2074/2574
f 2257/2075/2577 2261/2074/2607 2262/2079/2578
f 2255/2076/2579 2259/2078/2608 2260/2081/2580
f 2266/2041/2581 2237/2040/2581 2241/2052/2581
f 2241/2052/2581 2245/2057/2581 2250/2061/2581
f 2250/2061/2581 2254/2063/2581 2258/2080/2581
f 2258/2080/2581 2262/2079/2581 2266/2041/2581
f 2266/2041/2581 2241/2052/2581 2250/2061/2581
f 2262/2079/2582 2261/2074/2609 2265/2039/2583
f 2260/2081/2585 2259/2078/2610 2263/2042/2585
f 2261/2074/2587 2260/2081/2611 2264/2044/2588
f 2299/2083/2612 2269/2084/2612 2270/2085/2612
f 2297/2086/2613 2267/2087/2614 2268/2088/2614
f 2298/2089/2615 2268/2088/2616 2269/2084/2617
f 2296/2090/2618 2279/2091/2618 2267/2087/2618
f 2267/2087/2619 2272/2092/2620 2268/2088/2621
f 2268/2088/2622 2273/2093/2623 2269/2084/2624
f 2267/2087/2625 2279/2094/2625 2271/2095/2625
f 2269/2084/2626 2274/2096/2627 2270/2085/2626
f 2273/2093/2628 2276/2097/2629 2277/2098/2630
f 2271/2095/2631 2279/2099/2631 2275/2100/2631
f 2274/2096/2632 2277/2098/2633 2278/2101/2633
f 2272/2092/2634 2275/2100/2635 2276/2097/2636
f 2275/2100/2637 2279/2102/2637 2280/2103/2637
f 2277/2098/2638 2283/2104/2639 2278/2101/2640
f 2275/2100/2641 2281/2105/2641 2276/2097/2642
f 2276/2097/2643 2282/2106/2644 2277/2098/2645
f 2283/2104/2646 2286/2107/2647 2287/2108/2648
f 2280/2103/2649 2285/2109/2650 2281/2105/2651
f 2282/2106/2652 2285/2109/2652 2286/2107/2653
f 2280/2103/2654 2279/2110/2654 2284/2111/2654
f 2286/2107/2655 2289/2112/2656 2290/2113/2655
f 2284/2111/2657 2279/2114/2657 2288/2115/2657
f 2286/2107/2658 2291/2116/2659 2287/2108/2660
f 2284/2111/2661 2289/2112/2661 2285/2109/2662
f 2289/2117/2663 2294/2118/2664 2290/2119/2665
f 2288/2120/2666 2279/2121/2666 2292/2122/2666
f 2291/2123/2667 2294/2118/2668 2295/2124/2668
f 2289/2117/2669 2292/2122/2670 2293/2125/2669
f 2283/2104/2671 2291/2123/2671 2299/2083/2671
f 2294/2118/2672 2299/2083/2672 2295/2124/2673
f 2293/2125/2674 2296/2090/2675 2297/2086/2674
f 2293/2125/2676 2298/2089/2677 2294/2118/2678
f 2292/2122/2679 2279/2126/2679 2296/2090/2679
f 2299/2083/2612 2298/2089/2612 2269/2084/2612
f 2297/2086/2613 2296/2090/2680 2267/2087/2614
f 2298/2089/2615 2297/2086/2681 2268/2088/2616
f 2267/2087/2619 2271/2095/2682 2272/2092/2620
f 2268/2088/2622 2272/2092/2683 2273/2093/2623
f 2269/2084/2626 2273/2093/2684 2274/2096/2627
f 2273/2093/2628 2272/2092/2685 2276/2097/2629
f 2274/2096/2632 2273/2093/2686 2277/2098/2633
f 2272/2092/2634 2271/2095/2687 2275/2100/2635
f 2277/2098/2638 2282/2106/2688 2283/2104/2639
f 2275/2100/2641 2280/2103/2689 2281/2105/2641
f 2276/2097/2643 2281/2105/2690 2282/2106/2644
f 2283/2104/2646 2282/2106/2691 2286/2107/2647
f 2280/2103/2649 2284/2111/2692 2285/2109/2650
f 2282/2106/2652 2281/2105/2693 2285/2109/2652
f 2286/2107/2655 2285/2109/2694 2289/2112/2656
f 2286/2107/2658 2290/2113/2695 2291/2116/2659
f 2284/2111/2661 2288/2115/2696 2289/2112/2661
f 2289/2117/2663 2293/2125/2697 2294/2118/2664
f 2291/2123/2667 2290/2119/2698 2294/2118/2668
f 2289/2117/2669 2288/2120/2669 2292/2122/2670
f 2299/2083/2671 2270/2085/2671 2274/2096/2671
f 2274/2096/2671 2278/2101/2671 2283/2104/2671
f 2283/2104/2671 2287/2108/2671 2291/2123/2671
f 2291/2123/2671 2295/2124/2671 2299/2083/2671
f 2299/2083/2671 2274/2096/2671 2283/2104/2671
f 2294/2118/2672 2298/2089/2672 2299/2083/2672
f 2293/2125/2674 2292/2122/2699 2296/2090/2675
f 2293/2125/2676 2297/2086/2700 2298/2089/2677
f 2332/2127/2701 2302/2128/2702 2303/2129/2701
f 2330/2130/2703 2300/2131/2703 2301/2132/2704
f 2331/2133/2705 2301/2132/2706 2302/2128/2707
f 2329/2134/2708 2312/2135/2708 2300/2131/2708
f 2300/2131/2709 2305/2136/2710 2301/2132/2711
f 2301/2132/2712 2306/2137/2713 2302/2128/2714
f 2300/2131/2715 2312/2138/2715 2304/2139/2715
f 2302/2128/2716 2307/2140/2717 2303/2129/2716
f 2306/2137/2718 2309/2141/2719 2310/2142/2720
f 2304/2139/2721 2312/2143/2721 2308/2144/2721
f 2307/2140/2722 2310/2142/2723 2311/2145/2724
f 2305/2136/2725 2308/2144/2725 2309/2141/2726
f 2308/2144/2727 2312/2146/2727 2313/2147/2727
f 2310/2142/2728 2316/2148/2728 2311/2145/2728
f 2308/2144/2729 2314/2149/2730 2309/2141/2731
f 2309/2141/2732 2315/2150/2733 2310/2142/2734
f 2316/2148/2735 2319/2151/2735 2320/2152/2736
f 2313/2147/2737 2318/2153/2737 2314/2149/2737
f 2315/2150/2738 2318/2153/2739 2319/2151/2740
f 2313/2147/2741 2312/2154/2741 2317/2155/2741
f 2319/2151/2742 2322/2156/2742 2323/2157/2743
f 2317/2155/2744 2312/2158/2744 2321/2159/2744
f 2319/2151/2745 2324/2160/2746 2320/2152/2745
f 2317/2155/2747 2322/2156/2747 2318/2153/2747
f 2322/2161/2748 2327/2162/2749 2323/2163/2750
f 2321/2164/2751 2312/2165/2751 2325/2166/2751
f 2324/2167/2752 2327/2162/2753 2328/2168/2753
f 2322/2161/2754 2325/2166/2754 2326/2169/2755
f 2316/2148/2756 2324/2167/2756 2332/2127/2756
f 2327/2162/2757 2332/2127/2758 2328/2168/2759
f 2326/2169/2760 2329/2134/2761 2330/2130/2760
f 2326/2169/2762 2331/2133/2762 2327/2162/2762
f 2325/2166/2763 2312/2170/2763 2329/2134/2763
f 2332/2127/2701 2331/2133/2702 2302/2128/2702
f 2330/2130/2703 2329/2134/2764 2300/2131/2703
f 2331/2133/2705 2330/2130/2765 2301/2132/2706
f 2300/2131/2709 2304/2139/2766 2305/2136/2710
f 2301/2132/2712 2305/2136/2713 2306/2137/2713
f 2302/2128/2716 2306/2137/2767 2307/2140/2717
f 2306/2137/2718 2305/2136/2768 2309/2141/2719
f 2307/2140/2722 2306/2137/2722 2310/2142/2723
f 2305/2136/2725 2304/2139/2769 2308/2144/2725
f 2310/2142/2728 2315/2150/2728 2316/2148/2728
f 2308/2144/2729 2313/2147/2730 2314/2149/2730
f 2309/2141/2732 2314/2149/2770 2315/2150/2733
f 2316/2148/2735 2315/2150/2735 2319/2151/2735
f 2313/2147/2737 2317/2155/2771 2318/2153/2737
f 2315/2150/2738 2314/2149/2772 2318/2153/2739
f 2319/2151/2742 2318/2153/2773 2322/2156/2742
f 2319/2151/2745 2323/2157/2774 2324/2160/2746
f 2317/2155/2747 2321/2159/2775 2322/2156/2747
f 2322/2161/2748 2326/2169/2776 2327/2162/2749
f 2324/2167/2752 2323/2163/2777 2327/2162/2753
f 2322/2161/2754 2321/2164/2754 2325/2166/2754
f 2332/2127/2756 2303/2129/2756 2307/2140/2756
f 2307/2140/2756 2311/2145/2756 2316/2148/2756
f 2316/2148/2756 2320/2152/2756 2324/2167/2756
f 2324/2167/2756 2328/2168/2756 2332/2127/2756
f 2332/2127/2756 2307/2140/2756 2316/2148/2756
f 2327/2162/2757 2331/2133/2757 2332/2127/2758
f 2326/2169/2760 2325/2166/2778 2329/2134/2761
f 2326/2169/2762 2330/2130/2779 2331/2133/2762
f 2365/2171/2780 2335/2172/2781 2336/2173/2782
f 2363/2174/2783 2333/2175/2783 2334/2176/2784
f 2364/2177/2785 2334/2176/2786 2335/2172/2787
f 2362/2178/2788 2345/2179/2788 2333/2175/2788
f 2333/2175/2789 2338/2180/2789 2334/2176/2790
f 2334/2176/2791 2339/2181/2792 2335/2172/2793
f 2333/2175/2794 2345/2182/2794 2337/2183/2794
f 2335/2172/2795 2340/2184/2796 2336/2173/2795
f 2339/2181/2797 2342/2185/2798 2343/2186/2799
f 2337/2183/2800 2345/2187/2800 2341/2188/2800
f 2340/2184/2801 2343/2186/2801 2344/2189/2801
f 2338/2180/2802 2341/2188/2803 2342/2185/2804
f 2341/2188/2805 2345/2190/2805 2346/2191/2805
f 2343/2186/2806 2349/2192/2807 2344/2189/2808
f 2341/2188/2809 2347/2193/2810 2342/2185/2809
f 2342/2185/2811 2348/2194/2812 2343/2186/2813
f 2349/2192/2814 2352/2195/2814 2353/2196/2815
f 2347/2193/2816 2350/2197/2817 2351/2198/2818
f 2348/2194/2819 2351/2198/2820 2352/2195/2821
f 2346/2191/2822 2345/2199/2822 2350/2197/2822
f 2351/2198/2823 2356/2200/2824 2352/2195/2825
f 2350/2197/2826 2345/2201/2826 2354/2202/2826
f 2352/2195/2827 2357/2203/2828 2353/2196/2827
f 2350/2197/2829 2355/2204/2829 2351/2198/2830
f 2356/2205/2831 2359/2206/2832 2360/2207/2833
f 2354/2208/2834 2345/2209/2834 2358/2210/2834
f 2357/2211/2835 2360/2207/2836 2361/2212/2837
f 2355/2213/2838 2358/2210/2839 2359/2206/2840
f 2349/2192/2841 2357/2211/2841 2365/2171/2841
f 2360/2207/2842 2365/2171/2843 2361/2212/2844
f 2358/2210/2845 2363/2174/2846 2359/2206/2845
f 2359/2206/2847 2364/2177/2848 2360/2207/2849
f 2358/2210/2850 2345/2214/2850 2362/2178/2850
f 2365/2171/2780 2364/2177/2780 2335/2172/2781
f 2363/2174/2783 2362/2178/2851 2333/2175/2783
f 2364/2177/2785 2363/2174/2852 2334/2176/2786
f 2333/2175/2789 2337/2183/2853 2338/2180/2789
f 2334/2176/2791 2338/2180/2854 2339/2181/2792
f 2335/2172/2795 2339/2181/2855 2340/2184/2796
f 2339/2181/2797 2338/2180/2856 2342/2185/2798
f 2340/2184/2801 2339/2181/2857 2343/2186/2801
f 2338/2180/2802 2337/2183/2858 2341/2188/2803
f 2343/2186/2806 2348/2194/2806 2349/2192/2807
f 2341/2188/2809 2346/2191/2810 2347/2193/2810
f 2342/2185/2811 2347/2193/2859 2348/2194/2812
f 2349/2192/2814 2348/2194/2814 2352/2195/2814
f 2347/2193/2816 2346/2191/2816 2350/2197/2817
f 2348/2194/2819 2347/2193/2860 2351/2198/2820
f 2351/2198/2823 2355/2204/2861 2356/2200/2824
f 2352/2195/2827 2356/2200/2828 2357/2203/2828
f 2350/2197/2829 2354/2202/2862 2355/2204/2829
f 2356/2205/2831 2355/2213/2863 2359/2206/2832
f 2357/2211/2835 2356/2205/2864 2360/2207/2836
f 2355/2213/2838 2354/2208/2865 2358/2210/2839
f 2365/2171/2841 2336/2173/2841 2340/2184/2841
f 2340/2184/2841 2344/2189/2841 2349/2192/2841
f 2349/2192/2841 2353/2196/2841 2357/2211/2841
f 2357/2211/2841 2361/2212/2841 2365/2171/2841
f 2365/2171/2841 2340/2184/2841 2349/2192/2841
f 2360/2207/2842 2364/2177/2866 2365/2171/2843
f 2358/2210/2845 2362/2178/2867 2363/2174/2846
f 2359/2206/2847 2363/2174/2848 2364/2177/2848
f 2398/2215/2868 2368/2216/2868 2369/2217/2869
f 2396/2218/2870 2366/2219/2871 2367/2220/2871
f 2397/2221/2872 2367/2220/2873 2368/2216/2874
f 2395/2222/2875 2378/2223/2875 2366/2219/2875
f 2366/2219/2876 2371/2224/2877 2367/2220/2878
f 2367/2220/2879 2372/2225/2880 2368/2216/2881
f 2366/2219/2882 2378/2226/2882 2370/2227/2882
f 2368/2216/2883 2373/2228/2884 2369/2217/2885
f 2372/2225/2886 2375/2229/2887 2376/2230/2888
f 2370/2227/2889 2378/2231/2889 2374/2232/2889
f 2373/2228/2890 2376/2230/2891 2377/2233/2890
f 2371/2224/2892 2374/2232/2892 2375/2229/2893
f 2374/2232/2894 2378/2234/2894 2379/2235/2894
f 2376/2230/2895 2382/2236/2896 2377/2233/2897
f 2374/2232/2898 2380/2237/2899 2375/2229/2900
f 2375/2229/2901 2381/2238/2902 2376/2230/2903
f 2382/2236/2904 2385/2239/2905 2386/2240/2906
f 2380/2237/2907 2383/2241/2908 2384/2242/2909
f 2381/2238/2910 2384/2242/2911 2385/2239/2912
f 2379/2235/2913 2378/2243/2913 2383/2241/2913
f 2384/2242/2914 2389/2244/2915 2385/2239/2916
f 2383/2241/2917 2378/2245/2917 2387/2246/2917
f 2385/2239/2918 2390/2247/2919 2386/2240/2920
f 2383/2241/2921 2388/2248/2922 2384/2242/2923
f 2389/2249/2924 2392/2250/2925 2393/2251/2926
f 2387/2252/2927 2378/2253/2927 2391/2254/2927
f 2390/2255/2928 2393/2251/2929 2394/2256/2929
f 2388/2257/2930 2391/2254/2931 2392/2250/2932
f 2382/2236/2933 2390/2255/2933 2398/2215/2933
f 2393/2251/2934 2398/2215/2935 2394/2256/2934
f 2391/2254/2936 2396/2218/2937 2392/2250/2938
f 2392/2250/2939 2397/2221/2940 2393/2251/2941
f 2391/2254/2942 2378/2258/2942 2395/2222/2942
f 2398/2215/2868 2397/2221/2868 2368/2216/2868
f 2396/2218/2870 2395/2222/2943 2366/2219/2871
f 2397/2221/2872 2396/2218/2944 2367/2220/2873
f 2366/2219/2876 2370/2227/2945 2371/2224/2877
f 2367/2220/2879 2371/2224/2946 2372/2225/2880
f 2368/2216/2883 2372/2225/2885 2373/2228/2884
f 2372/2225/2886 2371/2224/2886 2375/2229/2887
f 2373/2228/2890 2372/2225/2891 2376/2230/2891
f 2371/2224/2892 2370/2227/2947 2374/2232/2892
f 2376/2230/2895 2381/2238/2896 2382/2236/2896
f 2374/2232/2898 2379/2235/2948 2380/2237/2899
f 2375/2229/2901 2380/2237/2949 2381/2238/2902
f 2382/2236/2904 2381/2238/2904 2385/2239/2905
f 2380/2237/2907 2379/2235/2950 2383/2241/2908
f 2381/2238/2910 2380/2237/2951 2384/2242/2911
f 2384/2242/2914 2388/2248/2952 2389/2244/2915
f 2385/2239/2918 2389/2244/2953 2390/2247/2919
f 2383/2241/2921 2387/2246/2921 2388/2248/2922
f 2389/2249/2924 2388/2257/2954 2392/2250/2925
f 2390/2255/2928 2389/2249/2928 2393/2251/2929
f 2388/2257/2930 2387/2252/2955 2391/2254/2931
f 2398/2215/2933 2369/2217/2933 2373/2228/2933
f 2373/2228/2933 2377/2233/2933 2382/2236/2933
f 2382/2236/2933 2386/2240/2933 2390/2255/2933
f 2390/2255/2933 2394/2256/2933 2398/2215/2933
f 2398/2215/2933 2373/2228/2933 2382/2236/2933
f 2393/2251/2934 2397/2221/2934 2398/2215/2935
f 2391/2254/2936 2395/2222/2937 2396/2218/2937
f 2392/2250/2939 2396/2218/2956 2397/2221/2940
f 2431/2259/2957 2401/2260/2958 2402/2261/2959
f 2428/2262/2960 2400/2263/2961 2429/2264/2962
f 2429/2264/2963 2401/2260/2964 2430/2265/2965
f 2428/2262/2966 2411/2266/2966 2399/2267/2966
f 2400/2263/2967 2403/2268/2967 2404/2269/2968
f 2401/2260/2969 2404/2269/2970 2405/2270/2971
f 2399/2267/2972 2411/2271/2972 2403/2268/2972
f 2401/2260/2973 2406/2272/2974 2402/2261/2975
f 2404/2269/2976 2409/2273/2977 2405/2270/2978
f 2403/2268/2979 2411/2274/2979 2407/2275/2979
f 2406/2272/2980 2409/2273/2981 2410/2276/2981
f 2404/2269/2982 2407/2275/2983 2408/2277/2982
f 2407/2275/2984 2411/2278/2984 2412/2279/2984
f 2409/2273/2985 2415/2280/2986 2410/2276/2987
f 2408/2277/2988 2412/2279/2989 2413/2281/2990
f 2408/2277/2991 2414/2282/2992 2409/2273/2991
f 2415/2280/2993 2418/2283/2993 2419/2284/2993
f 2413/2281/2994 2416/2285/2995 2417/2286/2996
f 2414/2282/2997 2417/2286/2998 2418/2283/2999
f 2412/2279/3000 2411/2287/3000 2416/2285/3000
f 2417/2286/3001 2422/2288/3002 2418/2283/3003
f 2416/2285/3004 2411/2289/3004 2420/2290/3004
f 2418/2283/3005 2423/2291/3006 2419/2284/3005
f 2416/2285/3007 2421/2292/3008 2417/2286/3008
f 2422/2293/3009 2425/2294/3010 2426/2295/3011
f 2420/2296/3012 2411/2297/3012 2424/2298/3012
f 2423/2299/3013 2426/2295/3014 2427/2300/3014
f 2420/2296/3015 2425/2294/3015 2421/2301/3016
f 2415/2280/3017 2423/2299/3017 2431/2259/3017
f 2426/2295/3018 2431/2259/3018 2427/2300/3018
f 2424/2298/3019 2429/2264/3019 2425/2294/3020
f 2426/2295/3021 2429/2264/3021 2430/2265/3022
f 2424/2298/3023 2411/2302/3023 2428/2262/3023
f 2431/2259/2957 2430/2265/2957 2401/2260/2958
f 2428/2262/2960 2399/2267/3024 2400/2263/2961
f 2429/2264/2963 2400/2263/3025 2401/2260/2964
f 2400/2263/2967 2399/2267/2967 2403/2268/2967
f 2401/2260/2969 2400/2263/3026 2404/2269/2970
f 2401/2260/2973 2405/2270/3027 2406/2272/2974
f 2404/2269/2976 2408/2277/3028 2409/2273/2977
f 2406/2272/2980 2405/2270/2980 2409/2273/2981
f 2404/2269/2982 2403/2268/3029 2407/2275/2983
f 2409/2273/2985 2414/2282/2986 2415/2280/2986
f 2408/2277/2988 2407/2275/3030 2412/2279/2989
f 2408/2277/2991 2413/2281/3031 2414/2282/2992
f 2415/2280/2993 2414/2282/3032 2418/2283/2993
f 2413/2281/2994 2412/2279/3033 2416/2285/2995
f 2414/2282/2997 2413/2281/3034 2417/2286/2998
f 2417/2286/3001 2421/2292/3035 2422/2288/3002
f 2418/2283/3005 2422/2288/3036 2423/2291/3006
f 2416/2285/3007 2420/2290/3007 2421/2292/3008
f 2422/2293/3009 2421/2301/3009 2425/2294/3010
f 2423/2299/3013 2422/2293/3037 2426/2295/3014
f 2420/2296/3015 2424/2298/3038 2425/2294/3015
f 2431/2259/3017 2402/2261/3017 2406/2272/3017
f 2406/2272/3017 2410/2276/3017 2415/2280/3017
f 2415/2280/3017 2419/2284/3017 2423/2299/3017
f 2423/2299/3017 2427/2300/3017 2431/2259/3017
f 2431/2259/3017 2406/2272/3017 2415/2280/3017
f 2426/2295/3018 2430/2265/3018 2431/2259/3018
f 2424/2298/3019 2428/2262/3020 2429/2264/3019
f 2426/2295/3021 2425/2294/3021 2429/2264/3021
f 2464/2303/3039 2434/2304/3039 2435/2305/3039
f 2461/2306/3040 2433/2307/3041 2462/2308/3042
f 2462/2308/3043 2434/2304/3044 2463/2309/3043
f 2461/2306/3045 2444/2310/3045 2432/2311/3045
f 2433/2307/3046 2436/2312/3047 2437/2313/3048
f 2434/2304/3049 2437/2313/3050 2438/2314/3051
f 2432/2311/3052 2444/2315/3052 2436/2312/3052
f 2434/2304/3053 2439/2316/3054 2435/2305/3053
f 2437/2313/3055 2442/2317/3056 2438/2314/3057
f 2436/2312/3058 2444/2318/3058 2440/2319/3058
f 2439/2316/3059 2442/2317/3060 2443/2320/3061
f 2437/2313/3062 2440/2319/3063 2441/2321/3064
f 2440/2319/3065 2444/2322/3065 2445/2323/3065
f 2442/2317/3066 2448/2324/3066 2443/2320/3066
f 2441/2321/3067 2445/2323/3068 2446/2325/3069
f 2441/2321/3070 2447/2326/3070 2442/2317/3071
f 2447/2326/3072 2452/2327/3073 2448/2324/3073
f 2446/2325/3074 2449/2328/3075 2450/2329/3076
f 2447/2326/3077 2450/2329/3078 2451/2330/3078
f 2445/2323/3079 2444/2331/3079 2449/2328/3079
f 2450/2329/3080 2455/2332/3081 2451/2330/3082
f 2449/2328/3083 2444/2333/3083 2453/2334/3083
f 2451/2330/3084 2456/2335/3085 2452/2327/3084
f 2449/2328/3086 2454/2336/3087 2450/2329/3088
f 2455/2337/3089 2458/2338/3090 2459/2339/3091
f 2453/2340/3092 2444/2341/3092 2457/2342/3092
f 2456/2343/3093 2459/2339/3094 2460/2344/3095
f 2453/2340/3096 2458/2338/3096 2454/2345/3097
f 2448/2324/3098 2456/2343/3098 2464/2303/3098
f 2459/2339/3099 2464/2303/3099 2460/2344/3099
f 2457/2342/3100 2462/2308/3101 2458/2338/3101
f 2459/2339/3102 2462/2308/3102 2463/2309/3103
f 2457/2342/3104 2444/2346/3104 2461/2306/3104
f 2464/2303/3039 2463/2309/3039 2434/2304/3039
f 2461/2306/3040 2432/2311/3105 2433/2307/3041
f 2462/2308/3043 2433/2307/3106 2434/2304/3044
f 2433/2307/3046 2432/2311/3046 2436/2312/3047
f 2434/2304/3049 2433/2307/3049 2437/2313/3050
f 2434/2304/3053 2438/2314/3054 2439/2316/3054
f 2437/2313/3055 2441/2321/3107 2442/2317/3056
f 2439/2316/3059 2438/2314/3108 2442/2317/3060
f 2437/2313/3062 2436/2312/3109 2440/2319/3063
f 2442/2317/3066 2447/2326/3066 2448/2324/3066
f 2441/2321/3067 2440/2319/3067 2445/2323/3068
f 2441/2321/3070 2446/2325/3110 2447/2326/3070
f 2447/2326/3072 2451/2330/3111 2452/2327/3073
f 2446/2325/3074 2445/2323/3112 2449/2328/3075
f 2447/2326/3077 2446/2325/3113 2450/2329/3078
f 2450/2329/3080 2454/2336/3114 2455/2332/3081
f 2451/2330/3084 2455/2332/3084 2456/2335/3085
f 2449/2328/3086 2453/2334/3086 2454/2336/3087
f 2455/2337/3089 2454/2345/3115 2458/2338/3090
f 2456/2343/3093 2455/2337/3094 2459/2339/3094
f 2453/2340/3096 2457/2342/3116 2458/2338/3096
f 2464/2303/3098 2435/2305/3098 2439/2316/3098
f 2439/2316/3098 2443/2320/3098 2448/2324/3098
f 2448/2324/3098 2452/2327/3098 2456/2343/3098
f 2456/2343/3098 2460/2344/3098 2464/2303/3098
f 2464/2303/3098 2439/2316/3098 2448/2324/3098
f 2459/2339/3099 2463/2309/3099 2464/2303/3099
f 2457/2342/3100 2461/2306/3117 2462/2308/3101
f 2459/2339/3102 2458/2338/3102 2462/2308/3102
f 2496/2347/3118 2468/2348/3119 2497/2349/3120
f 2494/2350/3121 2466/2351/3122 2495/2352/3123
f 2496/2347/3124 2466/2351/3125 2467/2353/3126
f 2494/2350/3127 2477/2354/3127 2465/2355/3127
f 2466/2351/3128 2469/2356/3129 2470/2357/3128
f 2466/2351/3130 2471/2358/3131 2467/2353/3132
f 2465/2355/3133 2477/2359/3133 2469/2356/3133
f 2468/2348/3134 2471/2358/3135 2472/2360/3136
f 2470/2357/3137 2475/2361/3138 2471/2358/3137
f 2469/2356/3139 2477/2362/3139 2473/2363/3139
f 2471/2358/3140 2476/2364/3140 2472/2360/3140
f 2470/2357/3141 2473/2363/3142 2474/2365/3143
f 2473/2363/3144 2477/2366/3144 2478/2367/3144
f 2475/2361/3145 2481/2368/3146 2476/2364/3146
f 2474/2365/3147 2478/2367/3148 2479/2369/3149
f 2475/2361/3150 2479/2369/3151 2480/2370/3152
f 2480/2370/3153 2485/2371/3154 2481/2368/3153
f 2478/2367/3155 2483/2372/3155 2479/2369/3156
f 2479/2369/3157 2484/2373/3158 2480/2370/3159
f 2478/2367/3160 2477/2374/3160 2482/2375/3160
f 2484/2373/3161 2487/2376/3162 2488/2377/3163
f 2482/2375/3164 2477/2378/3164 2486/2379/3164
f 2485/2371/3165 2488/2377/3166 2489/2380/3166
f 2483/2372/3167 2486/2379/3168 2487/2376/3169
f 2487/2381/3170 2492/2382/3171 2488/2383/3172
f 2486/2384/3173 2477/2385/3173 2490/2386/3173
f 2488/2383/3174 2493/2387/3174 2489/2388/3174
f 2486/2384/3175 2491/2389/3176 2487/2381/3177
f 2481/2368/3178 2489/2388/3178 2497/2349/3178
f 2493/2387/3179 2496/2347/3179 2497/2349/3180
f 2490/2386/3181 2495/2352/3181 2491/2389/3181
f 2492/2382/3182 2495/2352/3183 2496/2347/3183
f 2490/2386/3184 2477/2390/3184 2494/2350/3184
f 2496/2347/3118 2467/2353/3120 2468/2348/3119
f 2494/2350/3121 2465/2355/3121 2466/2351/3122
f 2496/2347/3124 2495/2352/3185 2466/2351/3125
f 2466/2351/3128 2465/2355/3186 2469/2356/3129
f 2466/2351/3130 2470/2357/3187 2471/2358/3131
f 2468/2348/3134 2467/2353/3136 2471/2358/3135
f 2470/2357/3137 2474/2365/3137 2475/2361/3138
f 2471/2358/3140 2475/2361/3188 2476/2364/3140
f 2470/2357/3141 2469/2356/3189 2473/2363/3142
f 2475/2361/3145 2480/2370/3146 2481/2368/3146
f 2474/2365/3147 2473/2363/3190 2478/2367/3148
f 2475/2361/3150 2474/2365/3191 2479/2369/3151
f 2480/2370/3153 2484/2373/3192 2485/2371/3154
f 2478/2367/3155 2482/2375/3193 2483/2372/3155
f 2479/2369/3157 2483/2372/3194 2484/2373/3158
f 2484/2373/3161 2483/2372/3195 2487/2376/3162
f 2485/2371/3165 2484/2373/3196 2488/2377/3166
f 2483/2372/3167 2482/2375/3197 2486/2379/3168
f 2487/2381/3170 2491/2389/3198 2492/2382/3171
f 2488/2383/3174 2492/2382/3174 2493/2387/3174
f 2486/2384/3175 2490/2386/3199 2491/2389/3176
f 2497/2349/3178 2468/2348/3178 2472/2360/3178
f 2472/2360/3178 2476/2364/3178 2481/2368/3178
f 2481/2368/3178 2485/2371/3178 2489/2388/3178
f 2489/2388/3178 2493/2387/3178 2497/2349/3178
f 2497/2349/3178 2472/2360/3178 2481/2368/3178
f 2493/2387/3179 2492/2382/3180 2496/2347/3179
f 2490/2386/3181 2494/2350/3181 2495/2352/3181
f 2492/2382/3182 2491/2389/3182 2495/2352/3183
f 2530/2391/3200 2500/2392/3201 2501/2393/3201
f 2528/2394/3202 2498/2395/3202 2499/2396/3203
f 2528/2394/3204 2500/2392/3205 2529/2397/3206
f 2527/2398/3207 2510/2399/3207 2498/2395/3207
f 2499/2396/3208 2502/2400/3209 2503/2401/3210
f 2499/2396/3211 2504/2402/3212 2500/2392/3213
f 2498/2395/3214 2510/2403/3214 2502/2400/3214
f 2500/2392/3215 2505/2404/3216 2501/2393/3217
f 2504/2402/3218 2507/2405/3219 2508/2406/3220
f 2502/2400/3221 2510/2407/3221 2506/2408/3221
f 2505/2404/3222 2508/2406/3222 2509/2409/3223
f 2503/2401/3224 2506/2408/3225 2507/2405/3226
f 2506/2408/3227 2510/2410/3227 2511/2411/3227
f 2508/2406/3228 2514/2412/3229 2509/2409/3230
f 2506/2408/3231 2512/2413/3232 2507/2405/3233
f 2507/2405/3234 2513/2414/3235 2508/2406/3236
f 2514/2412/3237 2517/2415/3238 2518/2416/3239
f 2512/2413/3240 2515/2417/3241 2516/2418/3242
f 2513/2414/3243 2516/2418/3244 2517/2415/3245
f 2511/2411/3246 2510/2419/3246 2515/2417/3246
f 2516/2418/3247 2521/2420/3248 2517/2415/3249
f 2515/2417/3250 2510/2421/3250 2519/2422/3250
f 2517/2415/3251 2522/2423/3251 2518/2416/3252
f 2515/2417/3253 2520/2424/3254 2516/2418/3255
f 2521/2425/3256 2524/2426/3257 2525/2427/3257
f 2519/2428/3258 2510/2429/3258 2523/2430/3258
f 2522/2431/3259 2525/2427/3259 2526/2432/3259
f 2519/2428/3260 2524/2426/3260 2520/2433/3261
f 2514/2412/3262 2522/2431/3262 2530/2391/3262
f 2525/2427/3263 2530/2391/3264 2526/2432/3265
f 2523/2430/3266 2528/2394/3267 2524/2426/3267
f 2525/2427/3268 2528/2394/3269 2529/2397/3270
f 2523/2430/3271 2510/2434/3271 2527/2398/3271
f 2530/2391/3200 2529/2397/3272 2500/2392/3201
f 2528/2394/3202 2527/2398/3273 2498/2395/3202
f 2528/2394/3204 2499/2396/3274 2500/2392/3205
f 2499/2396/3208 2498/2395/3275 2502/2400/3209
f 2499/2396/3211 2503/2401/3276 2504/2402/3212
f 2500/2392/3215 2504/2402/3216 2505/2404/3216
f 2504/2402/3218 2503/2401/3277 2507/2405/3219
f 2505/2404/3222 2504/2402/3222 2508/2406/3222
f 2503/2401/3224 2502/2400/3278 2506/2408/3225
f 2508/2406/3228 2513/2414/3279 2514/2412/3229
f 2506/2408/3231 2511/2411/3280 2512/2413/3232
f 2507/2405/3234 2512/2413/3281 2513/2414/3235
f 2514/2412/3237 2513/2414/3282 2517/2415/3238
f 2512/2413/3240 2511/2411/3240 2515/2417/3241
f 2513/2414/3243 2512/2413/3283 2516/2418/3244
f 2516/2418/3247 2520/2424/3284 2521/2420/3248
f 2517/2415/3251 2521/2420/3285 2522/2423/3251
f 2515/2417/3253 2519/2422/3255 2520/2424/3254
f 2521/2425/3256 2520/2433/3286 2524/2426/3257
f 2522/2431/3259 2521/2425/3259 2525/2427/3259
f 2519/2428/3260 2523/2430/3287 2524/2426/3260
f 2530/2391/3262 2501/2393/3262 2505/2404/3262
f 2505/2404/3262 2509/2409/3262 2514/2412/3262
f 2514/2412/3262 2518/2416/3262 2522/2431/3262
f 2522/2431/3262 2526/2432/3262 2530/2391/3262
f 2530/2391/3262 2505/2404/3262 2514/2412/3262
f 2525/2427/3263 2529/2397/3264 2530/2391/3264
f 2523/2430/3266 2527/2398/3288 2528/2394/3267
f 2525/2427/3268 2524/2426/3289 2528/2394/3269
f 2562/2435/3290 2534/2436/3291 2563/2437/3291
f 2560/2438/3292 2532/2439/3293 2561/2440/3294
f 2561/2440/3295 2533/2441/3296 2562/2435/3297
f 2560/2438/3298 2543/2442/3298 2531/2443/3298
f 2532/2439/3299 2535/2444/3300 2536/2445/3301
f 2533/2441/3302 2536/2445/3303 2537/2446/3304
f 2531/2443/3305 2543/2447/3305 2535/2444/3305
f 2534/2436/3306 2537/2446/3307 2538/2448/3308
f 2536/2445/3309 2541/2449/3310 2537/2446/3311
f 2535/2444/3312 2543/2450/3312 2539/2451/3312
f 2537/2446/3313 2542/2452/3314 2538/2448/3314
f 2535/2444/3315 2540/2453/3315 2536/2445/3316
f 2539/2451/3317 2543/2454/3317 2544/2455/3317
f 2542/2452/3318 2546/2456/3319 2547/2457/3319
f 2540/2453/3320 2544/2455/3321 2545/2458/3322
f 2541/2449/3323 2545/2458/3324 2546/2456/3325
f 2546/2456/3326 2551/2459/3326 2547/2457/3327
f 2544/2455/3328 2549/2460/3329 2545/2458/3328
f 2545/2458/3330 2550/2461/3331 2546/2456/3332
f 2544/2455/3333 2543/2462/3333 2548/2463/3333
f 2550/2461/3334 2553/2464/3335 2554/2465/3336
f 2548/2463/3337 2543/2466/3337 2552/2467/3337
f 2551/2459/3338 2554/2465/3339 2555/2468/3339
f 2549/2460/3340 2552/2467/3341 2553/2464/3341
f 2553/2469/3342 2558/2470/3343 2554/2471/3344
f 2552/2472/3345 2543/2473/3345 2556/2474/3345
f 2554/2471/3346 2559/2475/3346 2555/2476/3346
f 2552/2472/3347 2557/2477/3347 2553/2469/3348
f 2547/2457/3349 2555/2476/3349 2563/2437/3349
f 2559/2475/3350 2562/2435/3351 2563/2437/3351
f 2557/2477/3352 2560/2438/3353 2561/2440/3354
f 2558/2470/3355 2561/2440/3356 2562/2435/3357
f 2556/2474/3358 2543/2478/3358 2560/2438/3358
f 2562/2435/3290 2533/2441/3290 2534/2436/3291
f 2560/2438/3292 2531/2443/3294 2532/2439/3293
f 2561/2440/3295 2532/2439/3359 2533/2441/3296
f 2532/2439/3299 2531/2443/3360 2535/2444/3300
f 2533/2441/3302 2532/2439/3361 2536/2445/3303
f 2534/2436/3306 2533/2441/3306 2537/2446/3307
f 2536/2445/3309 2540/2453/3362 2541/2449/3310
f 2537/2446/3313 2541/2449/3363 2542/2452/3314
f 2535/2444/3315 2539/2451/3364 2540/2453/3315
f 2542/2452/3318 2541/2449/3365 2546/2456/3319
f 2540/2453/3320 2539/2451/3366 2544/2455/3321
f 2541/2449/3323 2540/2453/3367 2545/2458/3324
f 2546/2456/3326 2550/2461/3326 2551/2459/3326
f 2544/2455/3328 2548/2463/3368 2549/2460/3329
f 2545/2458/3330 2549/2460/3369 2550/2461/3331
f 2550/2461/3334 2549/2460/3370 2553/2464/3335
f 2551/2459/3338 2550/2461/3339 2554/2465/3339
f 2549/2460/3340 2548/2463/3371 2552/2467/3341
f 2553/2469/3342 2557/2477/3372 2558/2470/3343
f 2554/2471/3346 2558/2470/3373 2559/2475/3346
f 2552/2472/3347 2556/2474/3374 2557/2477/3347
f 2563/2437/3349 2534/2436/3349 2538/2448/3349
f 2538/2448/3349 2542/2452/3349 2547/2457/3349
f 2547/2457/3349 2551/2459/3349 2555/2476/3349
f 2555/2476/3349 2559/2475/3349 2563/2437/3349
f 2563/2437/3349 2538/2448/3349 2547/2457/3349
f 2559/2475/3350 2558/2470/3350 2562/2435/3351
f 2557/2477/3352 2556/2474/3375 2560/2438/3353
f 2558/2470/3355 2557/2477/3376 2561/2440/3356
f 2596/2479/3377 2566/2480/3377 2567/2481/3378
f 2594/2482/3379 2564/2483/3380 2565/2484/3380
f 2595/2485/3381 2565/2484/3382 2566/2480/3383
f 2593/2486/3384 2576/2487/3384 2564/2483/3384
f 2564/2483/3385 2569/2488/3386 2565/2484/3387
f 2565/2484/3388 2570/2489/3389 2566/2480/3390
f 2564/2483/3391 2576/2490/3391 2568/2491/3391
f 2566/2480/3392 2571/2492/3393 2567/2481/3393
f 2570/2489/3394 2573/2493/3395 2574/2494/3396
f 2568/2491/3397 2576/2495/3397 2572/2496/3397
f 2571/2492/3398 2574/2494/3399 2575/2497/3399
f 2569/2488/3400 2572/2496/3401 2573/2493/3402
f 2572/2496/3403 2576/2498/3403 2577/2499/3403
f 2574/2494/3404 2580/2500/3405 2575/2497/3405
f 2572/2496/3406 2578/2501/3407 2573/2493/3406
f 2573/2493/3408 2579/2502/3409 2574/2494/3410
f 2579/2502/3411 2584/2503/3411 2580/2500/3411
f 2577/2499/3412 2582/2504/3413 2578/2501/3414
f 2579/2502/3415 2582/2504/3416 2583/2505/3417
f 2577/2499/3418 2576/2506/3418 2581/2507/3418
f 2583/2505/3419 2586/2508/3420 2587/2509/3421
f 2581/2507/3422 2576/2510/3422 2585/2511/3422
f 2583/2505/3423 2588/2512/3424 2584/2503/3423
f 2581/2507/3425 2586/2508/3426 2582/2504/3425
f 2586/2513/3427 2591/2514/3428 2587/2515/3429
f 2585/2516/3430 2576/2517/3430 2589/2518/3430
f 2588/2519/3431 2591/2514/3432 2592/2520/3432
f 2586/2513/3433 2589/2518/3434 2590/2521/3434
f 2580/2500/3435 2588/2519/3435 2596/2479/3435
f 2592/2520/3436 2595/2485/3436 2596/2479/3436
f 2590/2521/3437 2593/2486/3438 2594/2482/3439
f 2590/2521/3440 2595/2485/3441 2591/2514/3442
f 2589/2518/3443 2576/2522/3443 2593/2486/3443
f 2596/2479/3377 2595/2485/3377 2566/2480/3377
f 2594/2482/3379 2593/2486/3444 2564/2483/3380
f 2595/2485/3381 2594/2482/3445 2565/2484/3382
f 2564/2483/3385 2568/2491/3446 2569/2488/3386
f 2565/2484/3388 2569/2488/3447 2570/2489/3389
f 2566/2480/3392 2570/2489/3448 2571/2492/3393
f 2570/2489/3394 2569/2488/3449 2573/2493/3395
f 2571/2492/3398 2570/2489/3450 2574/2494/3399
f 2569/2488/3400 2568/2491/3451 2572/2496/3401
f 2574/2494/3404 2579/2502/3404 2580/2500/3405
f 2572/2496/3406 2577/2499/3452 2578/2501/3407
f 2573/2493/3408 2578/2501/3453 2579/2502/3409
f 2579/2502/3411 2583/2505/3454 2584/2503/3411
f 2577/2499/3412 2581/2507/3455 2582/2504/3413
f 2579/2502/3415 2578/2501/3456 2582/2504/3416
f 2583/2505/3419 2582/2504/3419 2586/2508/3420
f 2583/2505/3423 2587/2509/3424 2588/2512/3424
f 2581/2507/3425 2585/2511/3426 2586/2508/3426
f 2586/2513/3427 2590/2521/3457 2591/2514/3428
f 2588/2519/3431 2587/2515/3431 2591/2514/3432
f 2586/2513/3433 2585/2516/3433 2589/2518/3434
f 2596/2479/3435 2567/2481/3435 2571/2492/3435
f 2571/2492/3435 2575/2497/3435 2580/2500/3435
f 2580/2500/3435 2584/2503/3435 2588/2519/3435
f 2588/2519/3435 2592/2520/3435 2596/2479/3435
f 2596/2479/3435 2571/2492/3435 2580/2500/3435
f 2592/2520/3436 2591/2514/3458 2595/2485/3436
f 2590/2521/3437 2589/2518/3459 2593/2486/3438
f 2590/2521/3440 2594/2482/3460 2595/2485/3441
f 2628/2523/3461 2600/2524/3462 2629/2525/3463
f 2626/2526/3464 2598/2527/3465 2627/2528/3466
f 2627/2528/3467 2599/2529/3468 2628/2523/3469
f 2626/2526/3470 2609/2530/3470 2597/2531/3470
f 2597/2531/3471 2602/2532/3472 2598/2527/3473
f 2599/2529/3474 2602/2532/3475 2603/2533/3476
f 2597/2531/3477 2609/2534/3477 2601/2535/3477
f 2600/2524/3478 2603/2533/3479 2604/2536/3479
f 2603/2533/3480 2606/2537/3481 2607/2538/3482
f 2601/2535/3483 2609/2539/3483 2605/2540/3483
f 2603/2533/3484 2608/2541/3485 2604/2536/3484
f 2601/2535/3486 2606/2537/3487 2602/2532/3487
f 2605/2540/3488 2609/2542/3488 2610/2543/3488
f 2608/2541/3489 2612/2544/3489 2613/2545/3490
f 2605/2540/3491 2611/2546/3492 2606/2537/3491
f 2606/2537/3493 2612/2544/3494 2607/2538/3495
f 2612/2544/3496 2617/2547/3497 2613/2545/3496
f 2611/2546/3498 2614/2548/3499 2615/2549/3499
f 2612/2544/3500 2615/2549/3501 2616/2550/3502
f 2610/2543/3503 2609/2551/3503 2614/2548/3503
f 2615/2549/3504 2620/2552/3505 2616/2550/3506
f 2614/2548/3507 2609/2553/3507 2618/2554/3507
f 2617/2547/3508 2620/2552/3509 2621/2555/3509
f 2615/2549/3510 2618/2554/3511 2619/2556/3512
f 2619/2557/3513 2624/2558/3514 2620/2559/3515
f 2618/2560/3516 2609/2561/3516 2622/2562/3516
f 2620/2559/3517 2625/2563/3517 2621/2564/3518
f 2619/2557/3519 2622/2562/3519 2623/2565/3520
f 2613/2545/3521 2621/2564/3521 2629/2525/3521
f 2625/2563/3522 2628/2523/3522 2629/2525/3523
f 2623/2565/3524 2626/2526/3525 2627/2528/3526
f 2624/2558/3527 2627/2528/3528 2628/2523/3529
f 2622/2562/3530 2609/2566/3530 2626/2526/3530
f 2628/2523/3461 2599/2529/3462 2600/2524/3462
f 2626/2526/3464 2597/2531/3531 2598/2527/3465
f 2627/2528/3467 2598/2527/3532 2599/2529/3468
f 2597/2531/3471 2601/2535/3472 2602/2532/3472
f 2599/2529/3474 2598/2527/3533 2602/2532/3475
f 2600/2524/3478 2599/2529/3534 2603/2533/3479
f 2603/2533/3480 2602/2532/3535 2606/2537/3481
f 2603/2533/3484 2607/2538/3485 2608/2541/3485
f 2601/2535/3486 2605/2540/3536 2606/2537/3487
f 2608/2541/3489 2607/2538/3489 2612/2544/3489
f 2605/2540/3491 2610/2543/3537 2611/2546/3492
f 2606/2537/3493 2611/2546/3538 2612/2544/3494
f 2612/2544/3496 2616/2550/3497 2617/2547/3497
f 2611/2546/3498 2610/2543/3539 2614/2548/3499
f 2612/2544/3500 2611/2546/3540 2615/2549/3501
f 2615/2549/3504 2619/2556/3541 2620/2552/3505
f 2617/2547/3508 2616/2550/3542 2620/2552/3509
f 2615/2549/3510 2614/2548/3511 2618/2554/3511
f 2619/2557/3513 2623/2565/3514 2624/2558/3514
f 2620/2559/3517 2624/2558/3517 2625/2563/3517
f 2619/2557/3519 2618/2560/3519 2622/2562/3519
f 2629/2525/3521 2600/2524/3521 2604/2536/3521
f 2604/2536/3521 2608/2541/3521 2613/2545/3521
f 2613/2545/3521 2617/2547/3521 2621/2564/3521
f 2621/2564/3521 2625/2563/3521 2629/2525/3521
f 2629/2525/3521 2604/2536/3521 2613/2545/3521
f 2625/2563/3522 2624/2558/3522 2628/2523/3522
f 2623/2565/3524 2622/2562/3543 2626/2526/3525
f 2624/2558/3527 2623/2565/3544 2627/2528/3528
f 2662/2567/3545 2632/2568/3546 2633/2569/3546
f 2660/2570/3547 2630/2571/3548 2631/2572/3549
f 2661/2573/3550 2631/2572/3551 2632/2568/3552
f 2659/2574/3553 2642/2575/3553 2630/2571/3553
f 2630/2571/3554 2635/2576/3555 2631/2572/3556
f 2631/2572/3557 2636/2577/3558 2632/2568/3559
f 2630/2571/3560 2642/2578/3560 2634/2579/3560
f 2632/2568/3561 2637/2580/3561 2633/2569/3562
f 2636/2577/3563 2639/2581/3564 2640/2582/3565
f 2634/2579/3566 2642/2583/3566 2638/2584/3566
f 2637/2580/3567 2640/2582/3568 2641/2585/3569
f 2634/2579/3570 2639/2581/3571 2635/2576/3570
f 2638/2584/3572 2642/2586/3572 2643/2587/3572
f 2640/2582/3573 2646/2588/3574 2641/2585/3575
f 2638/2584/3576 2644/2589/3577 2639/2581/3576
f 2640/2582/3578 2644/2589/3579 2645/2590/3580
f 2646/2588/3581 2649/2591/3582 2650/2592/3582
f 2644/2589/3583 2647/2593/3584 2648/2594/3583
f 2644/2589/3585 2649/2591/3586 2645/2590/3587
f 2643/2587/3588 2642/2595/3588 2647/2593/3588
f 2648/2594/3589 2653/2596/3590 2649/2591/3589
f 2647/2593/3591 2642/2597/3591 2651/2598/3591
f 2649/2591/3592 2654/2599/3592 2650/2592/3592
f 2648/2594/3593 2651/2598/3593 2652/2600/3594
f 2653/2601/3595 2656/2602/3596 2657/2603/3597
f 2651/2604/3598 2642/2605/3598 2655/2606/3598
f 2654/2607/3599 2657/2603/3599 2658/2608/3600
f 2652/2609/3601 2655/2606/3602 2656/2602/3602
f 2646/2588/3603 2654/2607/3603 2662/2567/3603
f 2657/2603/3604 2662/2567/3605 2658/2608/3606
f 2655/2606/3607 2660/2570/3608 2656/2602/3609
f 2656/2602/3610 2661/2573/3611 2657/2603/3612
f 2655/2606/3613 2642/2610/3613 2659/2574/3613
f 2662/2567/3545 2661/2573/3545 2632/2568/3546
f 2660/2570/3547 2659/2574/3614 2630/2571/3548
f 2661/2573/3550 2660/2570/3550 2631/2572/3551
f 2630/2571/3554 2634/2579/3615 2635/2576/3555
f 2631/2572/3557 2635/2576/3616 2636/2577/3558
f 2632/2568/3561 2636/2577/3561 2637/2580/3561
f 2636/2577/3563 2635/2576/3617 2639/2581/3564
f 2637/2580/3567 2636/2577/3567 2640/2582/3568
f 2634/2579/3570 2638/2584/3618 2639/2581/3571
f 2640/2582/3573 2645/2590/3619 2646/2588/3574
f 2638/2584/3576 2643/2587/3620 2644/2589/3577
f 2640/2582/3578 2639/2581/3621 2644/2589/3579
f 2646/2588/3581 2645/2590/3581 2649/2591/3582
f 2644/2589/3583 2643/2587/3622 2647/2593/3584
f 2644/2589/3585 2648/2594/3623 2649/2591/3586
f 2648/2594/3589 2652/2600/3624 2653/2596/3590
f 2649/2591/3592 2653/2596/3625 2654/2599/3592
f 2648/2594/3593 2647/2593/3626 2651/2598/3593
f 2653/2601/3595 2652/2609/3627 2656/2602/3596
f 2654/2607/3599 2653/2601/3599 2657/2603/3599
f 2652/2609/3601 2651/2604/3628 2655/2606/3602
f 2662/2567/3603 2633/2569/3603 2637/2580/3603
f 2637/2580/3603 2641/2585/3603 2646/2588/3603
f 2646/2588/3603 2650/2592/3603 2654/2607/3603
f 2654/2607/3603 2658/2608/3603 2662/2567/3603
f 2662/2567/3603 2637/2580/3603 2646/2588/3603
f 2657/2603/3604 2661/2573/3629 2662/2567/3605
f 2655/2606/3607 2659/2574/3607 2660/2570/3608
f 2656/2602/3610 2660/2570/3630 2661/2573/3611
f 2695/2611/3631 2665/2612/3631 2666/2613/3631
f 2692/2614/3632 2664/2615/3633 2693/2616/3634
f 2693/2616/3635 2665/2612/3636 2694/2617/3637
f 2692/2614/3638 2675/2618/3638 2663/2619/3638
f 2663/2619/3639 2668/2620/3639 2664/2615/3640
f 2665/2612/3641 2668/2620/3642 2669/2621/3643
f 2663/2619/3644 2675/2622/3644 2667/2623/3644
f 2665/2612/3645 2670/2624/3645 2666/2613/3645
f 2669/2621/3646 2672/2625/3647 2673/2626/3648
f 2667/2623/3649 2675/2627/3649 2671/2628/3649
f 2669/2621/3650 2674/2629/3651 2670/2624/3650
f 2667/2623/3652 2672/2625/3653 2668/2620/3653
f 2671/2628/3654 2675/2630/3654 2676/2631/3654
f 2674/2629/3655 2678/2632/3656 2679/2633/3657
f 2672/2625/3658 2676/2631/3659 2677/2634/3660
f 2672/2625/3661 2678/2632/3662 2673/2626/3661
f 2678/2632/3663 2683/2635/3663 2679/2633/3663
f 2677/2634/3664 2680/2636/3665 2681/2637/3666
f 2677/2634/3667 2682/2638/3668 2678/2632/3669
f 2676/2631/3670 2675/2639/3670 2680/2636/3670
f 2682/2638/3671 2685/2640/3672 2686/2641/3673
f 2680/2636/3674 2675/2642/3674 2684/2643/3674
f 2683/2635/3675 2686/2641/3675 2687/2644/3675
f 2681/2637/3676 2684/2643/3677 2685/2640/3678
f 2685/2645/3679 2690/2646/3680 2686/2647/3681
f 2684/2648/3682 2675/2649/3682 2688/2650/3682
f 2686/2647/3683 2691/2651/3683 2687/2652/3684
f 2684/2648/3685 2689/2653/3686 2685/2645/3687
f 2679/2633/3688 2687/2652/3688 2695/2611/3688
f 2691/2651/3689 2694/2617/3690 2695/2611/3690
f 2689/2653/3691 2692/2614/3692 2693/2616/3693
f 2690/2646/3694 2693/2616/3695 2694/2617/3696
f 2688/2650/3697 2675/2654/3697 2692/2614/3697
f 2695/2611/3631 2694/2617/3631 2665/2612/3631
f 2692/2614/3632 2663/2619/3698 2664/2615/3633
f 2693/2616/3635 2664/2615/3699 2665/2612/3636
f 2663/2619/3639 2667/2623/3639 2668/2620/3639
f 2665/2612/3641 2664/2615/3642 2668/2620/3642
f 2665/2612/3645 2669/2621/3645 2670/2624/3645
f 2669/2621/3646 2668/2620/3700 2672/2625/3647
f 2669/2621/3650 2673/2626/3650 2674/2629/3651
f 2667/2623/3652 2671/2628/3701 2672/2625/3653
f 2674/2629/3655 2673/2626/3702 2678/2632/3656
f 2672/2625/3658 2671/2628/3659 2676/2631/3659
f 2672/2625/3661 2677/2634/3703 2678/2632/3662
f 2678/2632/3663 2682/2638/3663 2683/2635/3663
f 2677/2634/3664 2676/2631/3704 2680/2636/3665
f 2677/2634/3667 2681/2637/3668 2682/2638/3668
f 2682/2638/3671 2681/2637/3705 2685/2640/3672
f 2683/2635/3675 2682/2638/3706 2686/2641/3675
f 2681/2637/3676 2680/2636/3677 2684/2643/3677
f 2685/2645/3679 2689/2653/3707 2690/2646/3680
f 2686/2647/3683 2690/2646/3684 2691/2651/3683
f 2684/2648/3685 2688/2650/3708 2689/2653/3686
f 2695/2611/3688 2666/2613/3688 2670/2624/3688
f 2670/2624/3688 2674/2629/3688 2679/2633/3688
f 2679/2633/3688 2683/2635/3688 2687/2652/3688
f 2687/2652/3688 2691/2651/3688 2695/2611/3688
f 2695/2611/3688 2670/2624/3688 2679/2633/3688
f 2691/2651/3689 2690/2646/3689 2694/2617/3690
f 2689/2653/3691 2688/2650/3709 2692/2614/3692
f 2690/2646/3694 2689/2653/3710 2693/2616/3695
f 2728/2655/3711 2698/2656/3711 2699/2657/3711
f 2726/2658/3712 2696/2659/3712 2697/2660/3713
f 2726/2658/3714 2698/2656/3714 2727/2661/3714
f 2725/2662/3715 2708/2663/3715 2696/2659/3715
f 2697/2660/3716 2700/2664/3716 2701/2665/3717
f 2697/2660/3718 2702/2666/3719 2698/2656/3720
f 2696/2659/3721 2708/2667/3721 2700/2664/3721
f 2698/2656/3722 2703/2668/3723 2699/2657/3724
f 2701/2665/3725 2706/2669/3726 2702/2666/3727
f 2700/2664/3728 2708/2670/3728 2704/2671/3728
f 2703/2668/3729 2706/2669/3730 2707/2672/3731
f 2701/2665/3732 2704/2671/3732 2705/2673/3732
f 2704/2671/3733 2708/2674/3733 2709/2675/3733
f 2706/2669/3734 2712/2676/3734 2707/2672/3734
f 2705/2673/3735 2709/2675/3735 2710/2677/3736
f 2705/2673/3737 2711/2678/3738 2706/2669/3739
f 2712/2676/3740 2715/2679/3740 2716/2680/3740
f 2710/2677/3741 2713/2681/3742 2714/2682/3742
f 2711/2678/3743 2714/2682/3744 2715/2679/3745
f 2709/2675/3746 2708/2683/3746 2713/2681/3746
f 2714/2682/3747 2719/2684/3748 2715/2679/3749
f 2713/2681/3750 2708/2685/3750 2717/2686/3750
f 2715/2679/3751 2720/2687/3752 2716/2680/3753
f 2713/2681/3754 2718/2688/3754 2714/2682/3755
f 2719/2689/3756 2722/2690/3757 2723/2691/3758
f 2717/2692/3759 2708/2693/3759 2721/2694/3759
f 2720/2695/3760 2723/2691/3761 2724/2696/3761
f 2717/2692/3762 2722/2690/3763 2718/2697/3764
f 2712/2676/3765 2720/2695/3765 2728/2655/3765
f 2723/2691/3766 2728/2655/3766 2724/2696/3767
f 2721/2694/3768 2726/2658/3768 2722/2690/3769
f 2723/2691/3770 2726/2658/3770 2727/2661/3771
f 2721/2694/3772 2708/2698/3772 2725/2662/3772
f 2728/2655/3711 2727/2661/3711 2698/2656/3711
f 2726/2658/3712 2725/2662/3773 2696/2659/3712
f 2726/2658/3714 2697/2660/3774 2698/2656/3714
f 2697/2660/3716 2696/2659/3716 2700/2664/3716
f 2697/2660/3718 2701/2665/3775 2702/2666/3719
f 2698/2656/3722 2702/2666/3776 2703/2668/3723
f 2701/2665/3725 2705/2673/3777 2706/2669/3726
f 2703/2668/3729 2702/2666/3778 2706/2669/3730
f 2701/2665/3732 2700/2664/3779 2704/2671/3732
f 2706/2669/3734 2711/2678/3734 2712/2676/3734
f 2705/2673/3735 2704/2671/3735 2709/2675/3735
f 2705/2673/3737 2710/2677/3780 2711/2678/3738
f 2712/2676/3740 2711/2678/3740 2715/2679/3740
f 2710/2677/3741 2709/2675/3781 2713/2681/3742
f 2711/2678/3743 2710/2677/3782 2714/2682/3744
f 2714/2682/3747 2718/2688/3783 2719/2684/3748
f 2715/2679/3751 2719/2684/3784 2720/2687/3752
f 2713/2681/3754 2717/2686/3785 2718/2688/3754
f 2719/2689/3756 2718/2697/3756 2722/2690/3757
f 2720/2695/3760 2719/2689/3786 2723/2691/3761
f 2717/2692/3762 2721/2694/3787 2722/2690/3763
f 2728/2655/3765 2699/2657/3765 2703/2668/3765
f 2703/2668/3765 2707/2672/3765 2712/2676/3765
f 2712/2676/3765 2716/2680/3765 2720/2695/3765
f 2720/2695/3765 2724/2696/3765 2728/2655/3765
f 2728/2655/3765 2703/2668/3765 2712/2676/3765
f 2723/2691/3766 2727/2661/3766 2728/2655/3766
f 2721/2694/3768 2725/2662/3788 2726/2658/3768
f 2723/2691/3770 2722/2690/3770 2726/2658/3770
f 2761/2699/3789 2731/2700/3789 2732/2701/3789
f 2759/2702/3790 2729/2703/3791 2730/2704/3790
f 2759/2702/3792 2731/2700/3793 2760/2705/3794
f 2758/2706/3795 2741/2707/3795 2729/2703/3795
f 2730/2704/3796 2733/2708/3796 2734/2709/3797
f 2730/2704/3798 2735/2710/3799 2731/2700/3798
f 2729/2703/3800 2741/2711/3800 2733/2708/3800
f 2731/2700/3801 2736/2712/3802 2732/2701/3803
f 2734/2709/3804 2739/2713/3805 2735/2710/3806
f 2733/2708/3807 2741/2714/3807 2737/2715/3807
f 2736/2712/3808 2739/2713/3809 2740/2716/3809
f 2734/2709/3810 2737/2715/3810 2738/2717/3810
f 2737/2715/3811 2741/2718/3811 2742/2719/3811
f 2739/2713/3812 2745/2720/3812 2740/2716/3812
f 2738/2717/3813 2742/2719/3814 2743/2721/3814
f 2738/2717/3815 2744/2722/3816 2739/2713/3815
f 2745/2720/3817 2748/2723/3817 2749/2724/3818
f 2743/2721/3819 2746/2725/3820 2747/2726/3821
f 2744/2722/3822 2747/2726/3823 2748/2723/3824
f 2742/2719/3825 2741/2727/3825 2746/2725/3825
f 2747/2726/3826 2752/2728/3827 2748/2723/3828
f 2746/2725/3829 2741/2729/3829 2750/2730/3829
f 2748/2723/3830 2753/2731/3831 2749/2724/3832
f 2746/2725/3833 2751/2732/3833 2747/2726/3834
f 2752/2733/3835 2755/2734/3836 2756/2735/3837
f 2750/2736/3838 2741/2737/3838 2754/2738/3838
f 2753/2739/3839 2756/2735/3840 2757/2740/3841
f 2750/2736/3842 2755/2734/3843 2751/2741/3844
f 2745/2720/3845 2753/2739/3845 2761/2699/3845
f 2756/2735/3846 2761/2699/3847 2757/2740/3846
f 2754/2738/3848 2759/2702/3848 2755/2734/3848
f 2756/2735/3849 2759/2702/3850 2760/2705/3851
f 2754/2738/3852 2741/2742/3852 2758/2706/3852
f 2761/2699/3789 2760/2705/3789 2731/2700/3789
f 2759/2702/3790 2758/2706/3853 2729/2703/3791
f 2759/2702/3792 2730/2704/3854 2731/2700/3793
f 2730/2704/3796 2729/2703/3796 2733/2708/3796
f 2730/2704/3798 2734/2709/3855 2735/2710/3799
f 2731/2700/3801 2735/2710/3856 2736/2712/3802
f 2734/2709/3804 2738/2717/3805 2739/2713/3805
f 2736/2712/3808 2735/2710/3857 2739/2713/3809
f 2734/2709/3810 2733/2708/3858 2737/2715/3810
f 2739/2713/3812 2744/2722/3812 2745/2720/3812
f 2738/2717/3813 2737/2715/3859 2742/2719/3814
f 2738/2717/3815 2743/2721/3860 2744/2722/3816
f 2745/2720/3817 2744/2722/3817 2748/2723/3817
f 2743/2721/3819 2742/2719/3819 2746/2725/3820
f 2744/2722/3822 2743/2721/3861 2747/2726/3823
f 2747/2726/3826 2751/2732/3862 2752/2728/3827
f 2748/2723/3830 2752/2728/3863 2753/2731/3831
f 2746/2725/3833 2750/2730/3864 2751/2732/3833
f 2752/2733/3835 2751/2741/3865 2755/2734/3836
f 2753/2739/3839 2752/2733/3866 2756/2735/3840
f 2750/2736/3842 2754/2738/3867 2755/2734/3843
f 2761/2699/3845 2732/2701/3845 2736/2712/3845
f 2736/2712/3845 2740/2716/3845 2745/2720/3845
f 2745/2720/3845 2749/2724/3845 2753/2739/3845
f 2753/2739/3845 2757/2740/3845 2761/2699/3845
f 2761/2699/3845 2736/2712/3845 2745/2720/3845
f 2756/2735/3846 2760/2705/3846 2761/2699/3847
f 2754/2738/3848 2758/2706/3868 2759/2702/3848
f 2756/2735/3849 2755/2734/3869 2759/2702/3850
f 2794/2743/3870 2764/2744/3871 2765/2745/3870
f 2791/2746/3872 2763/2747/3872 2792/2748/3873
f 2792/2748/3874 2764/2744/3875 2793/2749/3876
f 2791/2746/3877 2774/2750/3877 2762/2751/3877
f 2763/2747/3878 2766/2752/3879 2767/2753/3878
f 2764/2744/3880 2767/2753/3881 2768/2754/3882
f 2762/2751/3883 2774/2755/3883 2766/2752/3883
f 2764/2744/3884 2769/2756/3885 2765/2745/3886
f 2767/2753/3887 2772/2757/3888 2768/2754/3889
f 2766/2752/3890 2774/2758/3890 2770/2759/3890
f 2769/2756/3891 2772/2757/3892 2773/2760/3893
f 2767/2753/3894 2770/2759/3894 2771/2761/3894
f 2770/2759/3895 2774/2762/3895 2775/2763/3895
f 2772/2757/3896 2778/2764/3897 2773/2760/3898
f 2771/2761/3899 2775/2763/3899 2776/2765/3900
f 2771/2761/3901 2777/2766/3902 2772/2757/3901
f 2778/2764/3903 2781/2767/3903 2782/2768/3904
f 2776/2765/3905 2779/2769/3906 2780/2770/3907
f 2777/2766/3908 2780/2770/3909 2781/2767/3910
f 2775/2763/3911 2774/2771/3911 2779/2769/3911
f 2780/2770/3912 2785/2772/3913 2781/2767/3914
f 2779/2769/3915 2774/2773/3915 2783/2774/3915
f 2781/2767/3916 2786/2775/3916 2782/2768/3917
f 2779/2769/3918 2784/2776/3919 2780/2770/3920
f 2785/2777/3921 2788/2778/3922 2789/2779/3923
f 2783/2780/3924 2774/2781/3924 2787/2782/3924
f 2786/2783/3925 2789/2779/3925 2790/2784/3926
f 2783/2780/3927 2788/2778/3928 2784/2785/3929
f 2778/2764/3930 2786/2783/3930 2794/2743/3930
f 2789/2779/3931 2794/2743/3932 2790/2784/3931
f 2787/2782/3933 2792/2748/3933 2788/2778/3934
f 2789/2779/3935 2792/2748/3936 2793/2749/3937
f 2787/2782/3938 2774/2786/3938 2791/2746/3938
f 2794/2743/3870 2793/2749/3870 2764/2744/3871
f 2791/2746/3872 2762/2751/3939 2763/2747/3872
f 2792/2748/3874 2763/2747/3875 2764/2744/3875
f 2763/2747/3878 2762/2751/3879 2766/2752/3879
f 2764/2744/3880 2763/2747/3940 2767/2753/3881
f 2764/2744/3884 2768/2754/3884 2769/2756/3885
f 2767/2753/3887 2771/2761/3941 2772/2757/3888
f 2769/2756/3891 2768/2754/3942 2772/2757/3892
f 2767/2753/3894 2766/2752/3943 2770/2759/3894
f 2772/2757/3896 2777/2766/3896 2778/2764/3897
f 2771/2761/3899 2770/2759/3899 2775/2763/3899
f 2771/2761/3901 2776/2765/3944 2777/2766/3902
f 2778/2764/3903 2777/2766/3903 2781/2767/3903
f 2776/2765/3905 2775/2763/3906 2779/2769/3906
f 2777/2766/3908 2776/2765/3945 2780/2770/3909
f 2780/2770/3912 2784/2776/3946 2785/2772/3913
f 2781/2767/3916 2785/2772/3947 2786/2775/3916
f 2779/2769/3918 2783/2774/3948 2784/2776/3919
f 2785/2777/3921 2784/2785/3949 2788/2778/3922
f 2786/2783/3925 2785/2777/3950 2789/2779/3925
f 2783/2780/3927 2787/2782/3951 2788/2778/3928
f 2794/2743/3930 2765/2745/3930 2769/2756/3930
f 2769/2756/3930 2773/2760/3930 2778/2764/3930
f 2778/2764/3930 2782/2768/3930 2786/2783/3930
f 2786/2783/3930 2790/2784/3930 2794/2743/3930
f 2794/2743/3930 2769/2756/3930 2778/2764/3930
f 2789/2779/3931 2793/2749/3931 2794/2743/3932
f 2787/2782/3933 2791/2746/3952 2792/2748/3933
f 2789/2779/3935 2788/2778/3953 2792/2748/3936
f 2827/2787/3954 2797/2788/3955 2798/2789/3956
f 2824/2790/3957 2796/2791/3958 2825/2792/3959
f 2825/2792/3960 2797/2788/3961 2826/2793/3962
f 2824/2790/3963 2807/2794/3963 2795/2795/3963
f 2796/2791/3964 2799/2796/3965 2800/2797/3965
f 2797/2788/3966 2800/2797/3967 2801/2798/3968
f 2795/2795/3969 2807/2799/3969 2799/2796/3969
f 2797/2788/3970 2802/2800/3971 2798/2789/3970
f 2800/2797/3972 2805/2801/3973 2801/2798/3974
f 2799/2796/3975 2807/2802/3975 2803/2803/3975
f 2802/2800/3976 2805/2801/3977 2806/2804/3977
f 2800/2797/3978 2803/2803/3978 2804/2805/3979
f 2803/2803/3980 2807/2806/3980 2808/2807/3980
f 2805/2801/3981 2811/2808/3982 2806/2804/3981
f 2804/2805/3983 2808/2807/3983 2809/2809/3984
f 2804/2805/3985 2810/2810/3986 2805/2801/3985
f 2811/2808/3987 2814/2811/3988 2815/2812/3988
f 2809/2809/3989 2812/2813/3990 2813/2814/3991
f 2810/2810/3992 2813/2814/3993 2814/2811/3993
f 2808/2807/3994 2807/2815/3994 2812/2813/3994
f 2813/2814/3995 2818/2816/3996 2814/2811/3997
f 2812/2813/3998 2807/2817/3998 2816/2818/3998
f 2814/2811/3999 2819/2819/4000 2815/2812/4001
f 2812/2813/4002 2817/2820/4003 2813/2814/4004
f 2818/2821/4005 2821/2822/4006 2822/2823/4007
f 2816/2824/4008 2807/2825/4008 2820/2826/4008
f 2819/2827/4009 2822/2823/4010 2823/2828/4010
f 2816/2824/4011 2821/2822/4011 2817/2829/4012
f 2811/2808/4013 2819/2827/4013 2827/2787/4013
f 2822/2823/4014 2827/2787/4015 2823/2828/4015
f 2820/2826/4016 2825/2792/4017 2821/2822/4018
f 2822/2823/4019 2825/2792/4019 2826/2793/4020
f 2820/2826/4021 2807/2830/4021 2824/2790/4021
f 2827/2787/3954 2826/2793/3955 2797/2788/3955
f 2824/2790/3957 2795/2795/4022 2796/2791/3958
f 2825/2792/3960 2796/2791/4023 2797/2788/3961
f 2796/2791/3964 2795/2795/3964 2799/2796/3965
f 2797/2788/3966 2796/2791/4024 2800/2797/3967
f 2797/2788/3970 2801/2798/4025 2802/2800/3971
f 2800/2797/3972 2804/2805/4026 2805/2801/3973
f 2802/2800/3976 2801/2798/4027 2805/2801/3977
f 2800/2797/3978 2799/2796/3979 2803/2803/3978
f 2805/2801/3981 2810/2810/3981 2811/2808/3982
f 2804/2805/3983 2803/2803/3983 2808/2807/3983
f 2804/2805/3985 2809/2809/4028 2810/2810/3986
f 2811/2808/3987 2810/2810/4029 2814/2811/3988
f 2809/2809/3989 2808/2807/4030 2812/2813/3990
f 2810/2810/3992 2809/2809/4031 2813/2814/3993
f 2813/2814/3995 2817/2820/3996 2818/2816/3996
f 2814/2811/3999 2818/2816/4032 2819/2819/4000
f 2812/2813/4002 2816/2818/4003 2817/2820/4003
f 2818/2821/4005 2817/2829/4033 2821/2822/4006
f 2819/2827/4009 2818/2821/4034 2822/2823/4010
f 2816/2824/4011 2820/2826/4035 2821/2822/4011
f 2827/2787/4013 2798/2789/4013 2802/2800/4013
f 2802/2800/4013 2806/2804/4013 2811/2808/4013
f 2811/2808/4013 2815/2812/4013 2819/2827/4013
f 2819/2827/4013 2823/2828/4013 2827/2787/4013
f 2827/2787/4013 2802/2800/4013 2811/2808/4013
f 2822/2823/4014 2826/2793/4014 2827/2787/4015
f 2820/2826/4016 2824/2790/4036 2825/2792/4017
f 2822/2823/4019 2821/2822/4019 2825/2792/4019
