# Blender 5.0.0
# www.blender.org
o torpedo.003
v -0.001158 -0.007622 -0.001301
v 0.001437 -0.007622 0.000983
v -0.000903 -0.007622 -0.001458
v 0.001269 -0.007622 -0.000990
v 0.000820 -0.007622 -0.001385
v 0.001437 -0.007622 -0.000741
v 0.001062 -0.007622 -0.001206
v 0.001561 -0.007622 -0.000468
v 0.000553 -0.007622 -0.001520
v 0.000266 -0.007622 -0.001608
v 0.001636 -0.007622 -0.000178
v -0.000032 -0.007622 -0.001646
v 0.001662 -0.007622 0.000122
v -0.000624 -0.007622 -0.001570
v 0.001561 -0.007622 0.000710
v 0.001636 -0.007622 0.000420
v -0.000331 -0.007622 -0.001633
v -0.001572 -0.007622 -0.000869
v -0.001718 -0.007622 -0.000606
v 0.000820 -0.007622 0.001627
v 0.001062 -0.007622 0.001448
v 0.001269 -0.007622 0.001232
v -0.001383 -0.007622 -0.001102
v -0.001818 -0.007622 -0.000325
v 0.000266 -0.007622 0.001849
v 0.000553 -0.007622 0.001762
v -0.001818 -0.007622 0.000566
v -0.000624 -0.007622 0.001812
v -0.000331 -0.007622 0.001875
v -0.001868 -0.007622 0.000271
v -0.000032 -0.007622 0.001888
v -0.001868 -0.007622 -0.000029
v -0.001572 -0.007622 0.001111
v -0.001383 -0.007622 0.001344
v -0.001158 -0.007622 0.001542
v -0.000903 -0.007622 0.001700
v -0.001718 -0.007622 0.000850
v -0.002773 -0.104871 0.000348
v -0.002119 -0.105280 0.000645
v -0.002697 -0.104871 0.000795
v 0.001569 -0.104366 0.002842
v 0.001297 -0.104871 0.002400
v 0.001662 -0.104871 0.002130
v 0.001085 -0.104366 0.003085
v 0.001243 -0.103780 0.003480
v 0.002710 -0.103780 0.002395
v 0.003054 -0.103780 0.001886
v 0.002958 -0.103130 0.002595
v 0.001791 -0.103780 0.003204
v 0.002004 -0.104366 0.002519
v 0.003607 -0.103130 0.001433
v 0.003798 -0.102435 0.001501
v 0.003509 -0.102435 0.002141
v 0.003775 -0.103130 0.000786
v 0.003975 -0.102435 0.000821
v 0.003332 -0.103130 0.002042
v 0.003832 -0.103130 0.000122
v 0.004035 -0.102435 0.000122
v 0.001233 -0.105580 0.000595
v 0.000604 -0.105765 0.000243
v 0.001294 -0.105580 0.000361
v 0.000669 -0.105280 0.002051
v 0.000891 -0.104871 0.002604
v 0.000457 -0.104871 0.002737
v -0.000890 -0.104871 0.002680
v -0.000371 -0.105280 0.002183
v -0.000447 -0.104871 0.002776
v 0.000007 -0.104871 0.002795
v 0.000331 -0.105280 0.002153
v 0.001709 -0.105280 0.001135
v 0.001854 -0.105280 0.000814
v 0.002230 -0.104871 0.001426
v 0.000614 -0.105765 0.000122
v 0.001314 -0.105580 0.000122
v -0.001698 -0.104871 0.002273
v -0.002039 -0.104871 0.001973
v -0.001343 -0.105280 0.001792
v 0.000984 -0.105280 0.001891
v 0.000832 -0.105580 0.001188
v 0.001267 -0.105280 0.001682
v -0.001401 -0.105580 0.000706
v -0.000764 -0.105765 0.000418
v -0.000704 -0.105765 0.000525
v -0.002324 -0.104871 0.001620
v -0.001608 -0.105280 0.001560
v -0.002545 -0.104871 -0.000982
v -0.002119 -0.105280 -0.000403
v -0.002697 -0.104871 -0.000553
v -0.000825 -0.105765 0.000182
v -0.001522 -0.105580 0.000000
v -0.000825 -0.105765 0.000060
v -0.001608 -0.105280 -0.001318
v -0.002039 -0.104871 -0.001731
v -0.001698 -0.104871 -0.002031
v -0.000764 -0.105765 -0.000176
v -0.001284 -0.105580 -0.000675
v -0.000704 -0.105765 -0.000282
v -0.000715 -0.105280 -0.001867
v -0.000890 -0.104871 -0.002438
v -0.000447 -0.104871 -0.002534
v -0.000746 -0.105580 -0.001148
v -0.000431 -0.105765 -0.000523
v -0.000535 -0.105765 -0.000459
v 0.000891 -0.104871 -0.002363
v 0.000331 -0.105280 -0.001912
v 0.000457 -0.104871 -0.002495
v -0.000046 -0.105580 -0.001299
v -0.000076 -0.105765 -0.000599
v -0.000198 -0.105765 -0.000594
v 0.001662 -0.104871 -0.001888
v 0.000984 -0.105280 -0.001650
v 0.001297 -0.104871 -0.002158
v 0.000669 -0.105280 -0.001807
v 0.001976 -0.104871 -0.001559
v 0.002230 -0.104871 -0.001184
v 0.001511 -0.105280 -0.001185
v 0.001267 -0.105280 -0.001440
v 0.000604 -0.105765 -0.000001
v 0.000523 -0.105765 -0.000231
v 0.000454 -0.105765 -0.000332
v 0.001134 -0.105580 -0.000572
v 0.001854 -0.105280 -0.000572
v 0.002417 -0.104871 -0.000771
v 0.002531 -0.104871 -0.000331
v 0.001233 -0.105580 -0.000353
v 0.000573 -0.105765 -0.000119
v 0.001294 -0.105580 -0.000119
v 0.001973 -0.105280 0.000122
v 0.002570 -0.104871 0.000122
v 0.001943 -0.105280 -0.000231
v 0.003042 -0.104366 -0.000419
v 0.003513 -0.103780 0.000122
v 0.003088 -0.104366 0.000122
v 0.003461 -0.103780 -0.000491
v 0.003775 -0.103130 -0.000544
v 0.000370 -0.105765 -0.000420
v 0.000999 -0.105580 -0.000772
v 0.001709 -0.105280 -0.000893
v 0.000638 -0.105580 -0.001089
v 0.000271 -0.105765 -0.000493
v 0.000162 -0.105765 -0.000548
v 0.000832 -0.105580 -0.000946
v 0.000193 -0.105580 -0.001268
v 0.000045 -0.105765 -0.000583
v 0.000423 -0.105580 -0.001198
v -0.000018 -0.105280 -0.001956
v 0.000007 -0.104871 -0.002553
v -0.000107 -0.105827 0.000122
v 0.002906 -0.104366 -0.000944
v 0.003306 -0.103780 -0.001085
v 0.003607 -0.103130 -0.001191
v 0.003975 -0.102435 -0.000579
v -0.000371 -0.105280 -0.001940
v 0.002683 -0.104366 -0.001437
v 0.003054 -0.103780 -0.001644
v 0.003798 -0.102435 -0.001258
v 0.003332 -0.103130 -0.001800
v -0.000318 -0.105765 -0.000569
v -0.000287 -0.105580 -0.001288
v 0.002379 -0.104366 -0.001885
v 0.002710 -0.103780 -0.002153
v 0.003509 -0.102435 -0.001899
v 0.002958 -0.103130 -0.002353
v -0.000523 -0.105580 -0.001238
v 0.002004 -0.104366 -0.002278
v 0.002285 -0.103780 -0.002596
v 0.002495 -0.103130 -0.002836
v 0.003116 -0.102435 -0.002480
v -0.001043 -0.105280 -0.001736
v -0.001312 -0.104871 -0.002269
v 0.001569 -0.104366 -0.002600
v 0.001791 -0.103780 -0.002962
v 0.002630 -0.102435 -0.002988
v 0.001958 -0.103130 -0.003233
v -0.001343 -0.105280 -0.001551
v 0.001085 -0.104366 -0.002844
v 0.001243 -0.103780 -0.003238
v 0.002065 -0.102435 -0.003406
v 0.001362 -0.103130 -0.003534
v -0.000952 -0.105580 -0.001022
v -0.000627 -0.105765 -0.000378
v 0.000567 -0.104366 -0.003001
v 0.000656 -0.103780 -0.003418
v 0.001438 -0.102435 -0.003722
v 0.000723 -0.103130 -0.003729
v -0.001132 -0.105580 -0.000861
v 0.000029 -0.104366 -0.003070
v 0.000047 -0.103780 -0.003495
v 0.000766 -0.102435 -0.003928
v 0.000061 -0.103130 -0.003814
v -0.002324 -0.104871 -0.001378
v -0.001829 -0.105280 -0.001043
v -0.000512 -0.104366 -0.003047
v -0.000566 -0.103780 -0.003470
v 0.000069 -0.102435 -0.004016
v -0.000607 -0.103130 -0.003786
v -0.002001 -0.105280 -0.000736
v -0.001042 -0.104366 -0.002934
v -0.001167 -0.103780 -0.003340
v -0.000633 -0.102435 -0.003987
v -0.001260 -0.103130 -0.003644
v -0.000804 -0.105765 -0.000061
v -0.001401 -0.105580 -0.000464
v -0.001545 -0.104366 -0.002732
v -0.001736 -0.103780 -0.003111
v -0.001319 -0.102435 -0.003839
v -0.001880 -0.103130 -0.003396
v -0.001482 -0.105580 -0.000237
v -0.002006 -0.104366 -0.002448
v -0.002259 -0.103780 -0.002790
v -0.001971 -0.102435 -0.003577
v -0.002449 -0.103130 -0.003046
v -0.002178 -0.105280 -0.000055
v -0.002773 -0.104871 -0.000106
v -0.002413 -0.104366 -0.002090
v -0.002720 -0.103780 -0.002384
v -0.002950 -0.103130 -0.002604
v -0.002569 -0.102435 -0.003209
v -0.002178 -0.105280 0.000297
v -0.002754 -0.104366 -0.001667
v -0.003106 -0.103780 -0.001906
v -0.003097 -0.102435 -0.002744
v -0.003370 -0.103130 -0.002085
v -0.000804 -0.105765 0.000303
v -0.001522 -0.105580 0.000241
v -0.003018 -0.104366 -0.001194
v -0.003405 -0.103780 -0.001370
v -0.003695 -0.103130 -0.001501
v -0.003538 -0.102435 -0.002198
v -0.001482 -0.105580 0.000479
v -0.003199 -0.104366 -0.000684
v -0.003610 -0.103780 -0.000791
v -0.003880 -0.102435 -0.001585
v -0.003918 -0.103130 -0.000872
v -0.002001 -0.105280 0.000977
v -0.002545 -0.104871 0.001223
v -0.003290 -0.104366 -0.000149
v -0.003713 -0.103780 -0.000186
v -0.004031 -0.103130 -0.000213
v -0.004114 -0.102435 -0.000923
v -0.001829 -0.105280 0.001285
v -0.003290 -0.104366 0.000393
v -0.003713 -0.103780 0.000428
v -0.004233 -0.102435 -0.000230
v -0.004031 -0.103130 0.000455
v -0.001284 -0.105580 0.000917
v -0.000627 -0.105765 0.000620
v -0.003199 -0.104366 0.000926
v -0.003610 -0.103780 0.001033
v -0.004233 -0.102435 0.000472
v -0.003918 -0.103130 0.001114
v -0.000535 -0.105765 0.000701
v -0.001132 -0.105580 0.001105
v -0.003018 -0.104366 0.001438
v -0.003405 -0.103780 0.001612
v -0.004114 -0.102435 0.001164
v -0.003695 -0.103130 0.001743
v -0.000018 -0.105280 0.002198
v -0.002754 -0.104366 0.001911
v -0.003106 -0.103780 0.002148
v -0.003880 -0.102435 0.001827
v -0.003370 -0.103130 0.002326
v -0.001312 -0.104871 0.002511
v -0.001043 -0.105280 0.001977
v -0.002413 -0.104366 0.002332
v -0.002720 -0.103780 0.002626
v -0.003538 -0.102435 0.002440
v -0.002950 -0.103130 0.002846
v -0.002006 -0.104366 0.002690
v -0.000952 -0.105580 0.001263
v -0.002259 -0.103780 0.003031
v -0.003097 -0.102435 0.002988
v -0.002449 -0.103130 0.003287
v -0.000715 -0.105280 0.002109
v -0.001545 -0.104366 0.002974
v -0.000746 -0.105580 0.001390
v -0.000431 -0.105765 0.000765
v -0.001736 -0.103780 0.003353
v -0.002569 -0.102435 0.003452
v -0.001880 -0.103130 0.003638
v -0.001042 -0.104366 0.003176
v -0.000318 -0.105765 0.000811
v -0.000523 -0.105580 0.001480
v -0.001167 -0.103780 0.003582
v -0.001971 -0.102435 0.003819
v -0.001260 -0.103130 0.003887
v -0.000512 -0.104366 0.003291
v -0.000198 -0.105765 0.000836
v -0.000287 -0.105580 0.001530
v -0.000566 -0.103780 0.003711
v -0.001319 -0.102435 0.004081
v -0.000607 -0.103130 0.004027
v 0.000029 -0.104366 0.003314
v -0.000076 -0.105765 0.000841
v -0.000046 -0.105580 0.001541
v 0.000047 -0.103780 0.003737
v -0.000633 -0.102435 0.004229
v 0.000061 -0.103130 0.004056
v 0.000567 -0.104366 0.003244
v 0.000045 -0.105765 0.000827
v 0.000193 -0.105580 0.001510
v 0.000656 -0.103780 0.003659
v 0.000069 -0.102435 0.004259
v 0.000723 -0.103130 0.003971
v 0.000162 -0.105765 0.000790
v 0.000423 -0.105580 0.001439
v 0.000766 -0.102435 0.004169
v 0.001362 -0.103130 0.003775
v 0.000271 -0.105765 0.000735
v 0.000638 -0.105580 0.001331
v 0.001438 -0.102435 0.003964
v 0.001958 -0.103130 0.003475
v 0.000370 -0.105765 0.000662
v 0.002379 -0.104366 0.002129
v 0.002285 -0.103780 0.002838
v 0.002065 -0.102435 0.003647
v 0.002495 -0.103130 0.003077
v 0.001511 -0.105280 0.001427
v 0.000454 -0.105765 0.000574
v 0.000999 -0.105580 0.001014
v 0.001976 -0.104871 0.001803
v 0.002630 -0.102435 0.003230
v 0.000523 -0.105765 0.000473
v 0.001134 -0.105580 0.000814
v 0.002683 -0.104366 0.001679
v 0.003116 -0.102435 0.002724
v 0.002417 -0.104871 0.001013
v 0.000573 -0.105765 0.000361
v 0.002906 -0.104366 0.001185
v 0.003306 -0.103780 0.001327
v 0.001943 -0.105280 0.000472
v 0.002531 -0.104871 0.000573
v 0.003042 -0.104366 0.000661
v 0.003461 -0.103780 0.000733
v -0.003421 -0.079477 -0.006454
v -0.002263 -0.079477 -0.006919
v -0.003230 -0.084084 -0.006074
v -0.003564 -0.074863 -0.006735
v -0.002355 -0.074863 -0.007222
v -0.004485 -0.079477 -0.005799
v -0.004673 -0.074863 -0.006053
v -0.001082 -0.074863 -0.007496
v -0.001042 -0.079477 -0.007182
v -0.002138 -0.084084 -0.006512
v 0.000206 -0.079477 -0.007235
v -0.000988 -0.084084 -0.006760
v -0.002416 -0.070242 -0.007419
v -0.001108 -0.070242 -0.007701
v 0.000219 -0.074863 -0.007551
v 0.001445 -0.079477 -0.007077
v 0.000188 -0.084084 -0.006810
v 0.001355 -0.084084 -0.006661
v 0.002639 -0.079477 -0.006710
v 0.001511 -0.074863 -0.007385
v 0.003754 -0.079477 -0.006149
v 0.002480 -0.084084 -0.006315
v 0.002757 -0.074863 -0.007004
v 0.004758 -0.079477 -0.005406
v 0.003531 -0.084084 -0.005787
v 0.003920 -0.074863 -0.006418
v 0.004967 -0.074863 -0.005644
v 0.002834 -0.070242 -0.007197
v 0.004028 -0.070242 -0.006594
v 0.005868 -0.074863 -0.004703
v 0.005622 -0.079477 -0.004505
v 0.004477 -0.084084 -0.005087
v 0.006597 -0.074863 -0.003624
v 0.005291 -0.084084 -0.004237
v 0.006321 -0.079477 -0.003470
v 0.005950 -0.084084 -0.003262
v 0.006836 -0.079477 -0.002332
v 0.006778 -0.070242 -0.003725
v 0.006029 -0.070242 -0.004833
v 0.007150 -0.079477 -0.001123
v 0.006434 -0.084084 -0.002190
v 0.007134 -0.074863 -0.002437
v 0.007462 -0.074863 -0.001177
v 0.004035 -0.102435 0.000122
v 0.003975 -0.102435 -0.000579
v 0.004898 -0.097859 0.000122
v 0.007256 -0.079477 0.000122
v 0.006731 -0.084084 -0.001052
v 0.004826 -0.097859 -0.000725
v 0.003798 -0.102435 -0.001258
v 0.006831 -0.084084 0.000122
v 0.005652 -0.093275 0.000122
v 0.005569 -0.093275 -0.000852
v 0.006296 -0.088683 0.000122
v 0.004920 -0.093275 -0.002687
v 0.005930 -0.088683 -0.002012
v 0.005323 -0.093275 -0.001797
v 0.006204 -0.088683 -0.000961
v 0.001355 -0.084084 0.006902
v 0.001445 -0.079477 0.007319
v 0.000206 -0.079477 0.007477
v 0.007573 -0.074863 0.000122
v 0.007666 -0.070242 -0.001212
v 0.007779 -0.070242 0.000122
v 0.007762 -0.065613 -0.001228
v 0.007877 -0.065613 0.000122
v 0.007865 -0.060976 0.000122
v 0.007750 -0.060976 -0.001226
v 0.007744 -0.056332 0.000122
v 0.007451 -0.051680 -0.000854
v 0.007513 -0.051680 0.000122
v 0.007631 -0.056332 -0.001206
v -0.005800 -0.070242 -0.005336
v -0.004796 -0.070242 -0.006219
v -0.005651 -0.074863 -0.005192
v -0.004232 -0.084084 -0.005456
v -0.005115 -0.084084 -0.004679
v -0.005422 -0.079477 -0.004974
v -0.006469 -0.074863 -0.004179
v -0.006816 -0.079477 -0.002912
v -0.007104 -0.074863 -0.003042
v -0.006207 -0.079477 -0.004002
v -0.006428 -0.084084 -0.002737
v -0.005854 -0.084084 -0.003764
v -0.007538 -0.074863 -0.001814
v -0.007232 -0.079477 -0.001734
v -0.007738 -0.070242 -0.001866
v -0.007293 -0.070242 -0.003127
v -0.006820 -0.084084 -0.001627
v -0.007443 -0.079477 0.000745
v -0.007758 -0.074863 0.000772
v -0.007758 -0.074863 -0.000530
v -0.007443 -0.079477 -0.000504
v -0.007019 -0.084084 0.000710
v -0.007019 -0.084084 -0.000466
v -0.007232 -0.079477 0.001976
v -0.007538 -0.074863 0.002056
v -0.007964 -0.070242 0.000790
v -0.007738 -0.070242 0.002108
v -0.006816 -0.079477 0.003154
v -0.007104 -0.074863 0.003284
v -0.006820 -0.084084 0.001869
v -0.006428 -0.084084 0.002978
v -0.006207 -0.079477 0.004244
v -0.006469 -0.074863 0.004421
v -0.005651 -0.074863 0.005434
v -0.005800 -0.070242 0.005577
v -0.006640 -0.070242 0.004538
v -0.005854 -0.084084 0.004006
v -0.005115 -0.084084 0.004921
v -0.005422 -0.079477 0.005216
v -0.003564 -0.074863 0.006978
v -0.004673 -0.074863 0.006295
v -0.003421 -0.079477 0.006695
v -0.004485 -0.079477 0.006041
v -0.003230 -0.084084 0.006315
v -0.004232 -0.084084 0.005698
v -0.002263 -0.079477 0.007161
v -0.002355 -0.074863 0.007463
v -0.002416 -0.070242 0.007661
v -0.003657 -0.070242 0.007163
v -0.001042 -0.079477 0.007424
v -0.001082 -0.074863 0.007738
v -0.002138 -0.084084 0.006754
v -0.000988 -0.084084 0.007002
v 0.000188 -0.084084 0.007052
v 0.003250 -0.088683 0.005573
v 0.003531 -0.084084 0.006028
v 0.002480 -0.084084 0.006559
v 0.001242 -0.088683 0.006380
v 0.003975 -0.102435 0.000821
v 0.004826 -0.097859 0.000967
v 0.004123 -0.088683 0.004927
v 0.005569 -0.093275 0.001094
v 0.004612 -0.097859 0.001788
v 0.003798 -0.102435 0.001501
v 0.000219 -0.074863 0.007793
v 0.002639 -0.079477 0.006954
v 0.001511 -0.074863 0.007629
v 0.005323 -0.093275 0.002039
v 0.001555 -0.070242 0.007830
v 0.000228 -0.070242 0.008001
v 0.004758 -0.079477 0.005648
v 0.004967 -0.074863 0.005886
v 0.003920 -0.074863 0.006660
v 0.004079 -0.065613 0.006919
v 0.004028 -0.070242 0.006837
v 0.005104 -0.070242 0.006041
v 0.002757 -0.074863 0.007246
v 0.002834 -0.070242 0.007438
v 0.006105 -0.065613 0.005136
v 0.005160 -0.060976 0.006105
v 0.005168 -0.065613 0.006114
v 0.004073 -0.060976 0.006909
v 0.007295 -0.056332 0.002736
v 0.006747 -0.056332 0.003949
v 0.007410 -0.060976 0.002777
v 0.006096 -0.060976 0.005129
v 0.006853 -0.060976 0.004010
v 0.006001 -0.056332 0.005053
v 0.007451 -0.051680 0.001098
v 0.007631 -0.056332 0.001448
v 0.007265 -0.051680 0.002051
v 0.004612 -0.097859 -0.001546
v 0.003509 -0.102435 -0.001899
v 0.004262 -0.097859 -0.002319
v 0.007329 -0.070242 -0.002505
v 0.007421 -0.065613 -0.002539
v 0.007410 -0.060976 -0.002535
v 0.007263 -0.051680 -0.001814
v 0.007295 -0.056332 -0.002494
v 0.002630 -0.102435 -0.002988
v 0.002065 -0.102435 -0.003406
v 0.003200 -0.097859 -0.003635
v 0.003116 -0.102435 -0.002480
v 0.003787 -0.097859 -0.003023
v 0.005483 -0.088683 -0.003001
v 0.006863 -0.065613 -0.003773
v 0.006105 -0.065613 -0.004895
v 0.006096 -0.060976 -0.004887
v 0.006853 -0.060976 -0.003766
v 0.006956 -0.051680 -0.002741
v 0.006747 -0.056332 -0.003708
v 0.000766 -0.102435 -0.003928
v 0.000069 -0.102435 -0.004016
v 0.000948 -0.097859 -0.004771
v -0.005844 -0.093275 -0.000367
v -0.006302 -0.088683 -0.001492
v -0.005679 -0.093275 -0.001330
v 0.004373 -0.093275 -0.003495
v 0.004875 -0.088683 -0.003901
v 0.006001 -0.056332 -0.004811
v 0.005999 -0.051680 -0.004438
v 0.006533 -0.051680 -0.003619
v 0.002517 -0.097859 -0.004140
v 0.003698 -0.093275 -0.004202
v 0.004123 -0.088683 -0.004685
v 0.005104 -0.070242 -0.005799
v 0.005168 -0.065613 -0.005872
v 0.005160 -0.060976 -0.005863
v 0.005366 -0.051680 -0.005182
v 0.005080 -0.056332 -0.005772
v 0.001438 -0.102435 -0.003722
v 0.001759 -0.097859 -0.004523
v 0.002912 -0.093275 -0.004781
v 0.003250 -0.088683 -0.005331
v 0.004079 -0.065613 -0.006677
v 0.002870 -0.065613 -0.007287
v 0.002866 -0.060976 -0.007276
v 0.004073 -0.060976 -0.006667
v 0.004643 -0.051680 -0.005838
v 0.004009 -0.056332 -0.006563
v 0.002040 -0.093275 -0.005222
v 0.002281 -0.088683 -0.005819
v 0.002820 -0.056332 -0.007164
v 0.002977 -0.051680 -0.006847
v 0.003843 -0.051680 -0.006395
v 0.000106 -0.097859 -0.004879
v -0.000633 -0.102435 -0.003987
v 0.001242 -0.088683 -0.006138
v 0.001106 -0.093275 -0.005508
v 0.001555 -0.070242 -0.007587
v 0.001575 -0.065613 -0.007683
v 0.001573 -0.060976 -0.007672
v 0.002059 -0.051680 -0.007185
v 0.001547 -0.056332 -0.007553
v -0.001971 -0.102435 -0.003577
v -0.001572 -0.097859 -0.004664
v -0.001319 -0.102435 -0.003839
v -0.000742 -0.097859 -0.004843
v 0.000165 -0.088683 -0.006276
v 0.000138 -0.093275 -0.005632
v 0.000228 -0.070242 -0.007757
v 0.000232 -0.065613 -0.007856
v -0.001121 -0.065613 -0.007798
v -0.001119 -0.060976 -0.007786
v 0.000232 -0.060976 -0.007844
v 0.001107 -0.051680 -0.007401
v 0.000227 -0.056332 -0.007723
v -0.000838 -0.093275 -0.005591
v -0.000920 -0.088683 -0.006230
v -0.001104 -0.056332 -0.007666
v -0.000839 -0.051680 -0.007463
v 0.000137 -0.051680 -0.007495
v -0.003538 -0.102435 -0.002198
v -0.003720 -0.097859 -0.003341
v -0.003097 -0.102435 -0.002744
v -0.002569 -0.102435 -0.003209
v -0.002360 -0.097859 -0.004347
v -0.001981 -0.088683 -0.006001
v -0.001793 -0.093275 -0.005385
v -0.002444 -0.065613 -0.007513
v -0.002441 -0.060976 -0.007500
v -0.001804 -0.051680 -0.007307
v -0.002405 -0.056332 -0.007385
v -0.003082 -0.097859 -0.003903
v -0.002699 -0.093275 -0.005021
v -0.002989 -0.088683 -0.005596
v -0.003657 -0.070242 -0.006921
v -0.003701 -0.065613 -0.007008
v -0.003695 -0.060976 -0.006997
v -0.002740 -0.051680 -0.007029
v -0.003641 -0.056332 -0.006889
v -0.003531 -0.093275 -0.004509
v -0.003914 -0.088683 -0.005027
v -0.004854 -0.065613 -0.006298
v -0.004847 -0.060976 -0.006288
v -0.004775 -0.056332 -0.006191
v -0.003632 -0.051680 -0.006634
v -0.004467 -0.051680 -0.006128
v -0.003880 -0.102435 -0.001585
v -0.004114 -0.102435 -0.000923
v -0.004667 -0.097859 -0.001940
v -0.004253 -0.097859 -0.002682
v -0.004729 -0.088683 -0.004309
v -0.004264 -0.093275 -0.003863
v -0.005870 -0.065613 -0.005403
v -0.005862 -0.060976 -0.005394
v -0.005231 -0.051680 -0.005518
v -0.005774 -0.056332 -0.005311
v -0.004877 -0.093275 -0.003104
v -0.005411 -0.088683 -0.003464
v -0.006640 -0.070242 -0.004294
v -0.006721 -0.065613 -0.004349
v -0.006711 -0.060976 -0.004343
v -0.005910 -0.051680 -0.004817
v -0.006611 -0.056332 -0.004275
v -0.004233 -0.102435 -0.000230
v -0.004233 -0.102435 0.000472
v -0.005093 -0.097859 -0.000304
v -0.004950 -0.097859 -0.001140
v -0.005941 -0.088683 -0.002516
v -0.005354 -0.093275 -0.002251
v -0.007381 -0.065613 -0.003168
v -0.007371 -0.060976 -0.003162
v -0.007260 -0.056332 -0.003113
v -0.006493 -0.051680 -0.004035
v -0.007832 -0.065613 -0.001891
v -0.007821 -0.060976 -0.001888
v -0.007339 -0.051680 -0.002278
v -0.007704 -0.056332 -0.001857
v -0.006972 -0.051680 -0.003185
v -0.003880 -0.102435 0.001827
v -0.004950 -0.097859 0.001382
v -0.004114 -0.102435 0.001164
v -0.006486 -0.088683 -0.000422
v -0.007964 -0.070242 -0.000548
v -0.008061 -0.065613 -0.000556
v -0.008050 -0.060976 -0.000555
v -0.007586 -0.051680 -0.001333
v -0.007929 -0.056332 -0.000544
v -0.005093 -0.097859 0.000545
v -0.004667 -0.097859 0.002182
v -0.003538 -0.102435 0.002440
v 0.004262 -0.097859 0.002561
v 0.003509 -0.102435 0.002141
v -0.005844 -0.093275 0.000609
v -0.006486 -0.088683 0.000664
v -0.008061 -0.065613 0.000798
v -0.008050 -0.060976 0.000797
v -0.007929 -0.056332 0.000788
v -0.007711 -0.051680 -0.000366
v -0.005679 -0.093275 0.001572
v -0.006302 -0.088683 0.001734
v -0.007832 -0.065613 0.002133
v -0.007821 -0.060976 0.002130
v -0.007704 -0.056332 0.002099
v -0.007711 -0.051680 0.000611
v -0.007586 -0.051680 0.001579
v -0.003097 -0.102435 0.002988
v -0.002569 -0.102435 0.003452
v -0.003720 -0.097859 0.003585
v -0.004253 -0.097859 0.002923
v -0.005941 -0.088683 0.002758
v -0.005354 -0.093275 0.002493
v -0.007293 -0.070242 0.003369
v -0.007381 -0.065613 0.003409
v -0.007371 -0.060976 0.003404
v -0.007337 -0.051680 0.002524
v -0.007260 -0.056332 0.003354
v -0.001971 -0.102435 0.003819
v -0.003082 -0.097859 0.004144
v -0.004877 -0.093275 0.003345
v -0.005411 -0.088683 0.003706
v -0.006721 -0.065613 0.004591
v -0.006711 -0.060976 0.004585
v -0.006611 -0.056332 0.004517
v -0.006971 -0.051680 0.003429
v -0.001319 -0.102435 0.004081
v -0.002360 -0.097859 0.004591
v -0.004264 -0.093275 0.004105
v -0.004729 -0.088683 0.004552
v -0.005870 -0.065613 0.005645
v -0.005862 -0.060976 0.005638
v -0.005774 -0.056332 0.005553
v -0.006492 -0.051680 0.004278
v -0.005908 -0.051680 0.005062
v -0.003531 -0.093275 0.004750
v -0.003914 -0.088683 0.005268
v -0.004796 -0.070242 0.006461
v -0.004854 -0.065613 0.006540
v -0.004847 -0.060976 0.006530
v -0.005228 -0.051680 0.005763
v -0.004775 -0.056332 0.006433
v -0.000633 -0.102435 0.004229
v 0.000069 -0.102435 0.004259
v -0.000742 -0.097859 0.005085
v -0.001572 -0.097859 0.004906
v -0.002989 -0.088683 0.005838
v -0.002699 -0.093275 0.005262
v -0.003695 -0.060976 0.007239
v -0.003641 -0.056332 0.007131
v -0.004465 -0.051680 0.006371
v -0.003701 -0.065613 0.007250
v 0.000766 -0.102435 0.004169
v 0.000106 -0.097859 0.005121
v -0.001793 -0.093275 0.005627
v -0.001981 -0.088683 0.006243
v -0.002444 -0.065613 0.007754
v -0.002441 -0.060976 0.007744
v -0.002405 -0.056332 0.007627
v -0.003631 -0.051680 0.006878
v -0.002737 -0.051680 0.007273
v -0.000838 -0.093275 0.005832
v -0.000920 -0.088683 0.006471
v -0.001108 -0.070242 0.007943
v -0.001121 -0.065613 0.008040
v -0.001119 -0.060976 0.008028
v -0.001800 -0.051680 0.007551
v -0.001104 -0.056332 0.007908
v 0.001438 -0.102435 0.003964
v 0.002065 -0.102435 0.003647
v 0.001759 -0.097859 0.004764
v 0.000948 -0.097859 0.005013
v 0.000165 -0.088683 0.006518
v 0.000138 -0.093275 0.005874
v 0.000232 -0.060976 0.008086
v 0.000227 -0.056332 0.007964
v -0.000837 -0.051680 0.007706
v 0.000232 -0.065613 0.008097
v 0.002517 -0.097859 0.004382
v 0.002630 -0.102435 0.003230
v 0.001106 -0.093275 0.005750
v 0.002281 -0.088683 0.006063
v 0.001575 -0.065613 0.007925
v 0.001573 -0.060976 0.007914
v 0.001547 -0.056332 0.007795
v 0.000138 -0.051680 0.007737
v 0.001111 -0.051680 0.007643
v 0.003116 -0.102435 0.002724
v 0.003200 -0.097859 0.003879
v 0.002040 -0.093275 0.005464
v 0.004009 -0.056332 0.006807
v 0.003754 -0.079477 0.006391
v 0.002870 -0.065613 0.007529
v 0.002866 -0.060976 0.007519
v 0.002064 -0.051680 0.007425
v 0.002820 -0.056332 0.007405
v 0.002912 -0.093275 0.005025
v 0.002979 -0.051680 0.007088
v 0.005930 -0.088683 0.002254
v 0.005950 -0.084084 0.003504
v 0.005483 -0.088683 0.003243
v 0.003787 -0.097859 0.003266
v 0.004477 -0.084084 0.005329
v 0.003698 -0.093275 0.004444
v 0.005080 -0.056332 0.006014
v 0.003844 -0.051680 0.006637
v 0.004646 -0.051680 0.006077
v 0.004875 -0.088683 0.004143
v 0.004373 -0.093275 0.003739
v 0.005291 -0.084084 0.004479
v 0.005622 -0.079477 0.004747
v 0.005868 -0.074863 0.004945
v 0.006029 -0.070242 0.005075
v 0.005369 -0.051680 0.005420
v 0.004920 -0.093275 0.002929
v 0.006321 -0.079477 0.003712
v 0.006597 -0.074863 0.003866
v 0.006778 -0.070242 0.003967
v 0.006863 -0.065613 0.004014
v 0.006001 -0.051680 0.004678
v 0.006434 -0.084084 0.002432
v 0.006836 -0.079477 0.002574
v 0.007134 -0.074863 0.002679
v 0.007329 -0.070242 0.002749
v 0.007421 -0.065613 0.002780
v 0.007750 -0.060976 0.001468
v 0.006533 -0.051680 0.003860
v 0.006957 -0.051680 0.002979
v 0.006204 -0.088683 0.001203
v 0.006731 -0.084084 0.001293
v 0.007150 -0.079477 0.001365
v 0.007462 -0.074863 0.001419
v 0.007666 -0.070242 0.001454
v 0.007762 -0.065613 0.001470
v -0.002874 -0.039994 -0.006234
v -0.002740 -0.051680 -0.007029
v -0.003632 -0.051680 -0.006634
v -0.004620 -0.000002 -0.002209
v -0.004740 -0.012927 -0.003011
v -0.005203 -0.012927 -0.002183
v -0.004619 -0.040181 -0.005153
v -0.005231 -0.051680 -0.005518
v -0.005910 -0.051680 -0.004817
v -0.005519 -0.012927 -0.001288
v -0.004932 -0.000002 -0.001467
v -0.003666 -0.000002 -0.003504
v -0.004194 -0.000002 -0.002895
v -0.003337 -0.039894 -0.006005
v -0.000674 -0.000002 -0.004927
v -0.001740 -0.013399 -0.005249
v -0.001466 -0.000002 -0.004774
v -0.006945 -0.038767 0.000703
v -0.006271 -0.025849 -0.000404
v -0.006945 -0.038767 -0.000461
v -0.006094 -0.025849 -0.001438
v -0.006748 -0.038767 -0.001608
v -0.005792 -0.038767 0.003964
v -0.005908 -0.051680 0.005062
v -0.005061 -0.038767 0.004869
v -0.005123 -0.000002 0.000925
v -0.005679 -0.012927 0.000595
v -0.005519 -0.012927 0.001530
v -0.005744 -0.025849 0.002669
v -0.006360 -0.038767 0.002949
v -0.005228 -0.051680 0.005763
v -0.003940 -0.013399 0.004221
v -0.004740 -0.012927 0.003253
v -0.004573 -0.025849 0.004402
v -0.004194 -0.000002 0.003137
v -0.003666 -0.000002 0.003746
v -0.006492 -0.051680 0.004278
v -0.005203 -0.012927 0.002424
v -0.005232 -0.025849 0.003585
v 0.005233 -0.038767 0.004432
v 0.003981 -0.025849 0.004765
v 0.004427 -0.038767 0.005273
v -0.004465 -0.051680 0.006371
v -0.004619 -0.040181 0.005397
v -0.000978 -0.038767 0.006928
v 0.000185 -0.038767 0.006977
v -0.000892 -0.025849 0.006258
v -0.000674 -0.000002 0.005169
v -0.000817 -0.012927 0.005668
v 0.000131 -0.012927 0.005708
v -0.002419 -0.040181 0.006667
v -0.002058 -0.026792 0.006041
v -0.001740 -0.013399 0.005491
v 0.001072 -0.012927 0.005588
v 0.000931 -0.000002 0.005094
v 0.000132 -0.000002 0.005195
v 0.007451 -0.051680 0.001098
v 0.006791 -0.039961 0.000775
v 0.006718 -0.040181 0.001392
v 0.001339 -0.038767 0.006830
v 0.001111 -0.051680 0.007643
v -0.001466 -0.000002 0.005016
v 0.002826 -0.012927 0.004883
v 0.001705 -0.000002 0.004867
v 0.001979 -0.012927 0.005310
v 0.002452 -0.038767 0.006490
v 0.003491 -0.038767 0.005965
v 0.002200 -0.025849 0.005863
v 0.007265 -0.051680 0.002051
v 0.003137 -0.025849 0.005390
v 0.004707 -0.025849 0.004008
v 0.005885 -0.038767 0.003468
v 0.006533 -0.051680 0.003860
v 0.005361 -0.013399 0.001392
v 0.005167 -0.012927 0.001984
v 0.005996 -0.026792 0.001392
v 0.006364 -0.038767 0.002407
v 0.005295 -0.025849 0.003138
v 0.004812 -0.000002 0.001392
v 0.006957 -0.051680 0.002979
v 0.004776 -0.012927 0.002848
v 0.004245 -0.012927 0.003634
v 0.003681 -0.000002 0.003507
v 0.003588 -0.012927 0.004320
v 0.005727 -0.025849 0.002182
v 0.007513 -0.051680 0.000122
v 0.006818 -0.039881 0.000122
v 0.004646 -0.051680 0.006077
v 0.001197 -0.025849 0.006169
v 0.002433 -0.000002 0.004520
v 0.000156 -0.025849 0.006302
v -0.002737 -0.051680 0.007273
v -0.001800 -0.051680 0.007551
v -0.002874 -0.039994 0.006476
v -0.003338 -0.039894 0.006246
v -0.003795 -0.039895 0.005982
v -0.003631 -0.051680 0.006878
v -0.004226 -0.039994 0.005695
v -0.006094 -0.025849 0.001680
v -0.006748 -0.038767 0.001850
v -0.006271 -0.025849 0.000646
v -0.005679 -0.012927 -0.000353
v -0.005187 -0.000002 0.000122
v -0.007586 -0.051680 0.001579
v -0.005744 -0.025849 -0.002427
v -0.006360 -0.038767 -0.002705
v -0.005123 -0.000002 -0.000683
v -0.006972 -0.051680 -0.003185
v -0.005792 -0.038767 -0.003722
v -0.007339 -0.051680 -0.002278
v -0.005061 -0.038767 -0.004627
v -0.004258 -0.026792 -0.004529
v -0.006493 -0.051680 -0.004035
v -0.004467 -0.051680 -0.006128
v -0.004226 -0.039994 -0.005453
v -0.004573 -0.025849 -0.004160
v 0.000156 -0.025849 -0.006060
v 0.000131 -0.012927 -0.005467
v 0.001072 -0.012927 -0.005346
v 0.001705 -0.000002 -0.004625
v 0.001979 -0.012927 -0.005068
v 0.000132 -0.000002 -0.004953
v 0.000931 -0.000002 -0.004852
v 0.003098 -0.000002 -0.003821
v 0.003588 -0.012927 -0.004076
v 0.002826 -0.012927 -0.004641
v 0.002433 -0.000002 -0.004278
v 0.004776 -0.012927 -0.002606
v 0.004245 -0.012927 -0.003393
v 0.004169 -0.000002 -0.002623
v 0.003681 -0.000002 -0.003265
v 0.006364 -0.038767 -0.002165
v 0.005885 -0.038767 -0.003226
v 0.005727 -0.025849 -0.001940
v 0.005233 -0.038767 -0.004190
v 0.005999 -0.051680 -0.004438
v 0.005996 -0.026792 -0.001148
v 0.006718 -0.040181 -0.001148
v 0.007451 -0.051680 -0.000854
v 0.007263 -0.051680 -0.001814
v 0.006792 -0.039960 -0.000533
v 0.004427 -0.038767 -0.005031
v 0.005366 -0.051680 -0.005182
v 0.005167 -0.012927 -0.001742
v 0.004549 -0.000002 -0.001911
v 0.005361 -0.013399 -0.001148
v 0.004812 -0.000002 -0.001148
v 0.004707 -0.025849 -0.003766
v 0.003491 -0.038767 -0.005723
v 0.002977 -0.051680 -0.006847
v 0.002452 -0.038767 -0.006246
v 0.003981 -0.025849 -0.004523
v 0.001339 -0.038767 -0.006588
v 0.002200 -0.025849 -0.005619
v 0.002059 -0.051680 -0.007185
v -0.002058 -0.026792 -0.005799
v -0.000817 -0.012927 -0.005426
v 0.000185 -0.038767 -0.006735
v 0.001197 -0.025849 -0.005927
v -0.000978 -0.038767 -0.006686
v -0.000892 -0.025849 -0.006016
v -0.003795 -0.039894 -0.005740
v -0.002419 -0.040181 -0.006423
v -0.001804 -0.051680 -0.007307
v -0.000839 -0.051680 -0.007463
v 0.006956 -0.051680 -0.002741
v 0.006533 -0.051680 -0.003619
v 0.005295 -0.025849 -0.002896
v 0.004643 -0.051680 -0.005838
v 0.003843 -0.051680 -0.006395
v 0.003137 -0.025849 -0.005146
v 0.001107 -0.051680 -0.007401
v 0.000137 -0.051680 -0.007495
v -0.003940 -0.013399 -0.003979
v -0.005232 -0.025849 -0.003344
v -0.007586 -0.051680 -0.001333
v -0.007711 -0.051680 -0.000366
v -0.007711 -0.051680 0.000611
v -0.004932 -0.000002 0.001709
v -0.004620 -0.000002 0.002453
v -0.007337 -0.051680 0.002524
v -0.006971 -0.051680 0.003429
v -0.004258 -0.026792 0.004771
v -0.000837 -0.051680 0.007706
v 0.000138 -0.051680 0.007737
v 0.002064 -0.051680 0.007425
v 0.003098 -0.000002 0.004063
v 0.002979 -0.051680 0.007088
v 0.003844 -0.051680 0.006637
v 0.004169 -0.000002 0.002864
v 0.005369 -0.051680 0.005420
v 0.006001 -0.051680 0.004678
v 0.004549 -0.000002 0.002153
v -0.001822 -0.000002 0.003523
v -0.003666 -0.000002 0.003746
v -0.001466 -0.000002 0.005016
v 0.004812 -0.000002 0.001392
v 0.008847 -0.000002 0.001392
v 0.004812 -0.000002 -0.001148
v 0.003220 -0.000002 0.001980
v 0.002858 -0.000002 0.002515
v 0.004169 -0.000002 0.002864
v 0.000931 -0.000002 -0.004852
v 0.001314 -0.000002 -0.003414
v 0.001705 -0.000002 -0.004625
v 0.008847 -0.000002 -0.001148
v -0.003666 -0.000002 -0.003504
v -0.001822 -0.000002 -0.003281
v -0.001466 -0.000002 -0.004774
v -0.001222 -0.000002 -0.003522
v -0.000591 -0.000002 -0.003658
v 0.000931 -0.000002 0.005094
v 0.000696 -0.000002 0.003845
v 0.000132 -0.000002 0.005195
v -0.002372 -0.000002 -0.002942
v -0.002857 -0.000002 -0.002515
v -0.003578 -0.000002 0.001690
v -0.003794 -0.000002 0.001082
v -0.004932 -0.000002 0.001709
v -0.003903 -0.000002 -0.000202
v -0.003794 -0.000002 -0.000838
v -0.005123 -0.000002 -0.000683
v -0.004620 -0.000002 0.002453
v -0.003263 -0.000002 0.002254
v -0.003484 -0.000002 -0.008267
v -0.005683 -0.000002 -0.006997
v -0.004194 -0.000002 0.003137
v -0.003903 -0.000002 0.000444
v -0.005123 -0.000002 0.000925
v -0.002372 -0.000002 0.003184
v -0.002857 -0.000002 0.002757
v -0.001222 -0.000002 0.003764
v -0.005187 -0.000002 0.000122
v -0.004932 -0.000002 -0.001467
v -0.003578 -0.000002 -0.001448
v -0.000674 -0.000002 0.005169
v 0.000055 -0.000002 0.003927
v 0.001705 -0.000002 0.004867
v 0.001314 -0.000002 0.003656
v -0.003263 -0.000002 -0.002013
v -0.004620 -0.000002 -0.002209
v 0.001891 -0.000002 0.003365
v 0.002433 -0.000002 0.004520
v -0.005683 -0.000002 0.007241
v -0.003484 -0.000002 0.008511
v 0.000055 -0.000002 -0.003686
v -0.000674 -0.000002 -0.004927
v 0.003098 -0.000002 0.004063
v 0.002411 -0.000002 0.002981
v 0.003681 -0.000002 0.003507
v 0.004549 -0.000002 0.002153
v 0.003486 -0.000002 0.001390
v 0.000132 -0.000002 -0.004953
v 0.000696 -0.000002 -0.003604
v 0.002411 -0.000002 -0.002739
v 0.003681 -0.000002 -0.003265
v 0.003098 -0.000002 -0.003821
v 0.003649 -0.000002 0.000765
v 0.002858 -0.000002 -0.002273
v 0.004169 -0.000002 -0.002623
v 0.003703 -0.000002 0.000122
v 0.004549 -0.000002 -0.001911
v 0.003220 -0.000002 -0.001737
v 0.003486 -0.000002 -0.001148
v 0.001891 -0.000002 -0.003123
v 0.002433 -0.000002 -0.004278
v -0.000591 -0.000002 0.003900
v -0.004194 -0.000002 -0.002895
v 0.003649 -0.000002 -0.000523
v 0.001662 -0.007622 0.000122
v 0.003649 -0.000002 -0.000523
v 0.001636 -0.007622 -0.000178
v 0.003220 -0.000002 -0.001737
v 0.001561 -0.007622 -0.000468
v 0.003486 -0.000002 -0.001148
v 0.001891 -0.000002 -0.003123
v 0.001062 -0.007622 -0.001206
v 0.002411 -0.000002 -0.002739
v 0.002858 -0.000002 -0.002273
v 0.001269 -0.007622 -0.000990
v 0.001437 -0.007622 -0.000741
v 0.000696 -0.000002 -0.003604
v 0.000055 -0.000002 -0.003686
v 0.000266 -0.007622 -0.001608
v 0.000820 -0.007622 -0.001385
v 0.001314 -0.000002 -0.003414
v 0.000553 -0.007622 -0.001520
v -0.000624 -0.007622 -0.001570
v -0.001222 -0.000002 -0.003522
v -0.001822 -0.000002 -0.003281
v -0.000331 -0.007622 -0.001633
v -0.000032 -0.007622 -0.001646
v -0.000591 -0.000002 -0.003658
v -0.003263 -0.000002 -0.002013
v -0.001383 -0.007622 -0.001102
v -0.002857 -0.000002 -0.002515
v -0.002372 -0.000002 -0.002942
v -0.001158 -0.007622 -0.001301
v -0.000903 -0.007622 -0.001458
v -0.003794 -0.000002 -0.000838
v -0.003903 -0.000002 -0.000202
v -0.001818 -0.007622 -0.000325
v -0.001572 -0.007622 -0.000869
v -0.003578 -0.000002 -0.001448
v -0.001718 -0.007622 -0.000606
v -0.001818 -0.007622 0.000566
v -0.003794 -0.000002 0.001082
v -0.003578 -0.000002 0.001690
v -0.001868 -0.007622 0.000271
v -0.001868 -0.007622 -0.000029
v -0.003903 -0.000002 0.000444
v -0.002372 -0.000002 0.003184
v -0.001383 -0.007622 0.001344
v -0.002857 -0.000002 0.002757
v -0.003263 -0.000002 0.002254
v -0.001572 -0.007622 0.001111
v -0.001718 -0.007622 0.000850
v -0.001222 -0.000002 0.003764
v -0.000591 -0.000002 0.003900
v -0.000624 -0.007622 0.001812
v -0.001158 -0.007622 0.001542
v -0.001822 -0.000002 0.003523
v -0.000903 -0.007622 0.001700
v 0.000055 -0.000002 0.003927
v 0.000696 -0.000002 0.003845
v -0.000032 -0.007622 0.001888
v -0.000331 -0.007622 0.001875
v 0.001314 -0.000002 0.003656
v 0.000266 -0.007622 0.001849
v 0.000553 -0.007622 0.001762
v 0.001891 -0.000002 0.003365
v 0.002411 -0.000002 0.002981
v 0.000820 -0.007622 0.001627
v 0.002858 -0.000002 0.002515
v 0.001062 -0.007622 0.001448
v 0.001269 -0.007622 0.001232
v 0.003220 -0.000002 0.001980
v 0.003486 -0.000002 0.001390
v 0.001437 -0.007622 0.000983
v 0.003649 -0.000002 0.000765
v 0.001561 -0.007622 0.000710
v 0.001636 -0.007622 0.000420
v 0.003703 -0.000002 0.000122
v 0.007707 -0.037089 0.001392
v 0.008606 -0.033976 -0.001148
v 0.008606 -0.033976 0.001392
v 0.006818 -0.039881 0.000122
v 0.007707 -0.037089 -0.001148
v 0.006792 -0.039960 -0.000533
v 0.006718 -0.040181 -0.001148
v 0.006791 -0.039961 0.000775
v 0.010136 -0.027689 -0.001148
v 0.009416 -0.030843 0.001392
v 0.009416 -0.030843 -0.001148
v 0.006718 -0.040181 0.001392
v 0.010136 -0.027689 0.001392
v 0.010767 -0.024515 -0.001148
v 0.010767 -0.024515 0.001392
v 0.011308 -0.021321 -0.001148
v 0.011308 -0.021321 0.001392
v 0.011760 -0.018106 -0.001149
v 0.011760 -0.018106 0.001391
v 0.008606 -0.033976 0.001392
v 0.005996 -0.026792 0.001392
v 0.007707 -0.037089 0.001392
v 0.011327 -0.014456 0.001392
v 0.011760 -0.018106 0.001391
v 0.011601 -0.015340 0.001391
v 0.006718 -0.040181 0.001392
v 0.009416 -0.030843 0.001392
v 0.009894 -0.012089 0.001392
v 0.010767 -0.024515 0.001392
v 0.010465 -0.012816 0.001392
v 0.010136 -0.027689 0.001392
v 0.011766 -0.016253 0.001391
v 0.011820 -0.017179 0.001391
v 0.011308 -0.021321 0.001392
v 0.010946 -0.013610 0.001392
v 0.008847 -0.000002 0.001392
v 0.009261 -0.003788 0.001392
v 0.009464 -0.000052 0.001392
v 0.007530 -0.007214 0.001392
v 0.007654 -0.006437 0.001392
v 0.004812 -0.000002 0.001392
v 0.009236 -0.011434 0.001392
v 0.007896 -0.005689 0.001392
v 0.008688 -0.010870 0.001392
v 0.008234 -0.010230 0.001392
v 0.007528 -0.008000 0.001392
v 0.005361 -0.013399 0.001392
v 0.007646 -0.008777 0.001392
v 0.007884 -0.009526 0.001392
v 0.008250 -0.004987 0.001392
v 0.010634 -0.000447 0.001392
v 0.010065 -0.000202 0.001392
v 0.010589 -0.002954 0.001392
v 0.009892 -0.003319 0.001392
v 0.012108 -0.002565 0.001391
v 0.011616 -0.001195 0.001391
v 0.011333 -0.002701 0.001392
v 0.011156 -0.000781 0.001392
v 0.012322 -0.002258 0.001391
v 0.012322 -0.002384 0.001391
v 0.012329 -0.002300 0.001391
v 0.012329 -0.002343 0.001391
v 0.012308 -0.002218 0.001391
v 0.012307 -0.002424 0.001391
v 0.012286 -0.002461 0.001391
v 0.012259 -0.002494 0.001391
v 0.012190 -0.002543 0.001391
v 0.012227 -0.002521 0.001391
v 0.012004 -0.001679 0.001391
v 0.012150 -0.002557 0.001391
v 0.008709 -0.004348 0.001392
v 0.011760 -0.018106 -0.001149
v 0.011767 -0.016257 -0.001149
v 0.011820 -0.017179 -0.001149
v 0.008688 -0.010870 -0.001148
v 0.009416 -0.030843 -0.001148
v 0.005996 -0.026792 -0.001148
v 0.011602 -0.015343 -0.001149
v 0.007654 -0.006434 -0.001148
v 0.007530 -0.007211 -0.001148
v 0.004812 -0.000002 -0.001148
v 0.010467 -0.012819 -0.001148
v 0.010947 -0.013612 -0.001148
v 0.011308 -0.021321 -0.001148
v 0.011327 -0.014456 -0.001148
v 0.010136 -0.027689 -0.001148
v 0.010767 -0.024515 -0.001148
v 0.009894 -0.012089 -0.001148
v 0.007707 -0.037089 -0.001148
v 0.008606 -0.033976 -0.001148
v 0.007883 -0.009524 -0.001148
v 0.008233 -0.010229 -0.001148
v 0.005361 -0.013399 -0.001148
v 0.007527 -0.007997 -0.001148
v 0.007646 -0.008775 -0.001148
v 0.007897 -0.005686 -0.001148
v 0.008847 -0.000002 -0.001148
v 0.008252 -0.004985 -0.001148
v 0.010065 -0.000202 -0.001148
v 0.009894 -0.003319 -0.001148
v 0.009464 -0.000052 -0.001148
v 0.009263 -0.003787 -0.001148
v 0.008711 -0.004346 -0.001148
v 0.011333 -0.002701 -0.001148
v 0.010590 -0.002954 -0.001148
v 0.011156 -0.000781 -0.001148
v 0.010634 -0.000447 -0.001148
v 0.012004 -0.001679 -0.001149
v 0.012308 -0.002218 -0.001149
v 0.012190 -0.002543 -0.001149
v 0.011616 -0.001195 -0.001149
v 0.012322 -0.002384 -0.001149
v 0.012329 -0.002300 -0.001149
v 0.012329 -0.002343 -0.001149
v 0.012322 -0.002258 -0.001149
v 0.012307 -0.002424 -0.001149
v 0.012286 -0.002461 -0.001149
v 0.012259 -0.002494 -0.001149
v 0.012227 -0.002521 -0.001149
v 0.012150 -0.002557 -0.001149
v 0.012108 -0.002565 -0.001149
v 0.006718 -0.040181 -0.001148
v 0.009236 -0.011434 -0.001148
v 0.010947 -0.013612 -0.001148
v 0.011327 -0.014456 0.001392
v 0.011327 -0.014456 -0.001148
v 0.010467 -0.012819 -0.001148
v 0.010946 -0.013610 0.001392
v 0.010465 -0.012816 0.001392
v 0.009894 -0.012089 -0.001148
v 0.009236 -0.011434 -0.001148
v 0.009894 -0.012089 0.001392
v 0.009236 -0.011434 0.001392
v 0.011601 -0.015340 0.001391
v 0.011766 -0.016253 0.001391
v 0.011602 -0.015343 -0.001149
v 0.011820 -0.017179 0.001391
v 0.011767 -0.016257 -0.001149
v 0.011820 -0.017179 -0.001149
v 0.011760 -0.018106 0.001391
v 0.011760 -0.018106 -0.001149
v 0.008688 -0.010870 0.001392
v 0.009236 -0.011434 0.001392
v 0.009236 -0.011434 -0.001148
v 0.007646 -0.008777 0.001392
v 0.007884 -0.009526 0.001392
v 0.007883 -0.009524 -0.001148
v 0.008234 -0.010230 0.001392
v 0.008688 -0.010870 -0.001148
v 0.008233 -0.010229 -0.001148
v 0.007530 -0.007211 -0.001148
v 0.007654 -0.006437 0.001392
v 0.007530 -0.007214 0.001392
v 0.007646 -0.008775 -0.001148
v 0.007527 -0.007997 -0.001148
v 0.007528 -0.008000 0.001392
v 0.008250 -0.004987 0.001392
v 0.008252 -0.004985 -0.001148
v 0.008709 -0.004348 0.001392
v 0.007896 -0.005689 0.001392
v 0.007654 -0.006434 -0.001148
v 0.007897 -0.005686 -0.001148
v 0.009892 -0.003319 0.001392
v 0.009263 -0.003787 -0.001148
v 0.009894 -0.003319 -0.001148
v 0.009261 -0.003788 0.001392
v 0.008711 -0.004346 -0.001148
v 0.010590 -0.002954 -0.001148
v 0.010589 -0.002954 0.001392
v 0.011333 -0.002701 -0.001148
v 0.011333 -0.002701 0.001392
v 0.012108 -0.002565 0.001391
v 0.012108 -0.002565 -0.001149
v 0.012286 -0.002461 0.001391
v 0.012307 -0.002424 -0.001149
v 0.012307 -0.002424 0.001391
v 0.012322 -0.002384 0.001391
v 0.012322 -0.002384 -0.001149
v 0.012329 -0.002343 -0.001149
v 0.012329 -0.002343 0.001391
v 0.012329 -0.002300 -0.001149
v 0.012329 -0.002300 0.001391
v 0.012322 -0.002258 0.001391
v 0.012322 -0.002258 -0.001149
v 0.012308 -0.002218 -0.001149
v 0.012308 -0.002218 0.001391
v 0.012286 -0.002461 -0.001149
v 0.012259 -0.002494 0.001391
v 0.012259 -0.002494 -0.001149
v 0.012227 -0.002521 -0.001149
v 0.012227 -0.002521 0.001391
v 0.012190 -0.002543 0.001391
v 0.012190 -0.002543 -0.001149
v 0.012150 -0.002557 0.001391
v 0.012150 -0.002557 -0.001149
v 0.012108 -0.002565 0.001391
v 0.012108 -0.002565 -0.001149
v 0.010634 -0.000447 -0.001148
v 0.010634 -0.000447 0.001392
v 0.011156 -0.000781 0.001392
v 0.010065 -0.000202 -0.001148
v 0.010065 -0.000202 0.001392
v 0.009464 -0.000052 0.001392
v 0.009464 -0.000052 -0.001148
v 0.008847 -0.000002 -0.001148
v 0.008847 -0.000002 0.001392
v 0.011156 -0.000781 -0.001148
v 0.011616 -0.001195 0.001391
v 0.011616 -0.001195 -0.001149
v 0.012004 -0.001679 0.001391
v 0.012004 -0.001679 -0.001149
v 0.012308 -0.002218 0.001391
v 0.012308 -0.002218 -0.001149
v -0.005113 -0.037089 0.006252
v -0.003795 -0.039895 0.005982
v -0.002913 -0.037089 0.007522
v -0.003338 -0.039894 0.006246
v -0.002874 -0.039994 0.006476
v -0.002419 -0.040181 0.006667
v -0.004226 -0.039994 0.005695
v -0.003363 -0.033976 0.008302
v -0.005968 -0.030843 0.007732
v -0.005563 -0.033976 0.007032
v -0.003768 -0.030843 0.009002
v -0.004619 -0.040181 0.005397
v -0.004128 -0.027689 0.009627
v -0.006328 -0.027689 0.008357
v -0.004443 -0.024515 0.010173
v -0.006643 -0.024515 0.008903
v -0.004714 -0.021321 0.010642
v -0.006914 -0.021321 0.009372
v -0.004940 -0.018106 0.011033
v -0.007140 -0.018106 0.009763
v -0.005563 -0.033976 0.007032
v -0.004258 -0.026792 0.004771
v -0.005113 -0.037089 0.006252
v -0.006923 -0.014456 0.009388
v -0.007140 -0.018106 0.009763
v -0.007060 -0.015340 0.009625
v -0.004619 -0.040181 0.005397
v -0.005968 -0.030843 0.007732
v -0.006207 -0.012089 0.008148
v -0.006643 -0.024515 0.008903
v -0.006492 -0.012816 0.008642
v -0.006328 -0.027689 0.008357
v -0.007143 -0.016253 0.009768
v -0.007170 -0.017179 0.009814
v -0.006914 -0.021321 0.009372
v -0.006733 -0.013610 0.009058
v -0.005683 -0.000002 0.007241
v -0.005890 -0.003788 0.007598
v -0.005992 -0.000052 0.007776
v -0.005025 -0.007214 0.006099
v -0.005087 -0.006437 0.006206
v -0.003666 -0.000002 0.003746
v -0.005878 -0.011434 0.007577
v -0.005208 -0.005689 0.006416
v -0.005604 -0.010870 0.007102
v -0.005377 -0.010230 0.006709
v -0.005024 -0.008000 0.006097
v -0.003940 -0.013399 0.004221
v -0.005083 -0.008777 0.006200
v -0.005202 -0.009526 0.006406
v -0.005385 -0.004987 0.006723
v -0.006577 -0.000447 0.008788
v -0.006292 -0.000202 0.008295
v -0.006554 -0.002954 0.008748
v -0.006206 -0.003319 0.008145
v -0.007314 -0.002565 0.010064
v -0.007068 -0.001195 0.009638
v -0.006927 -0.002701 0.009393
v -0.006838 -0.000781 0.009239
v -0.007421 -0.002258 0.010249
v -0.007421 -0.002384 0.010249
v -0.007424 -0.002300 0.010256
v -0.007424 -0.002343 0.010256
v -0.007414 -0.002218 0.010238
v -0.007413 -0.002424 0.010238
v -0.007403 -0.002461 0.010218
v -0.007389 -0.002494 0.010195
v -0.007355 -0.002543 0.010135
v -0.007373 -0.002521 0.010167
v -0.007262 -0.001679 0.009974
v -0.007335 -0.002557 0.010100
v -0.005614 -0.004348 0.007120
v -0.004940 -0.018106 0.011033
v -0.004944 -0.016257 0.011039
v -0.004970 -0.017179 0.011085
v -0.003404 -0.010870 0.008373
v -0.003768 -0.030843 0.009002
v -0.002058 -0.026792 0.006041
v -0.004861 -0.015343 0.010897
v -0.002887 -0.006434 0.007477
v -0.002825 -0.007211 0.007369
v -0.001466 -0.000002 0.005016
v -0.004294 -0.012819 0.009914
v -0.004534 -0.013612 0.010329
v -0.004714 -0.021321 0.010642
v -0.004723 -0.014456 0.010658
v -0.004128 -0.027689 0.009627
v -0.004443 -0.024515 0.010173
v -0.004007 -0.012089 0.009418
v -0.002913 -0.037089 0.007522
v -0.003363 -0.033976 0.008302
v -0.003002 -0.009524 0.007675
v -0.003177 -0.010229 0.007978
v -0.001740 -0.013399 0.005491
v -0.002824 -0.007997 0.007367
v -0.002883 -0.008775 0.007470
v -0.003008 -0.005686 0.007687
v -0.003484 -0.000002 0.008511
v -0.003186 -0.004985 0.007994
v -0.004093 -0.000202 0.009565
v -0.004007 -0.003319 0.009418
v -0.003792 -0.000052 0.009046
v -0.003691 -0.003787 0.008870
v -0.003415 -0.004346 0.008392
v -0.004727 -0.002701 0.010663
v -0.004355 -0.002954 0.010020
v -0.004638 -0.000781 0.010509
v -0.004377 -0.000447 0.010058
v -0.005062 -0.001679 0.011244
v -0.005214 -0.002218 0.011507
v -0.005155 -0.002543 0.011405
v -0.004868 -0.001195 0.010908
v -0.005221 -0.002384 0.011519
v -0.005225 -0.002300 0.011526
v -0.005225 -0.002343 0.011526
v -0.005221 -0.002258 0.011519
v -0.005214 -0.002424 0.011507
v -0.005203 -0.002461 0.011488
v -0.005190 -0.002494 0.011465
v -0.005173 -0.002521 0.011437
v -0.005135 -0.002557 0.011371
v -0.005114 -0.002565 0.011335
v -0.002419 -0.040181 0.006667
v -0.003678 -0.011434 0.008847
v -0.004534 -0.013612 0.010329
v -0.006923 -0.014456 0.009388
v -0.004723 -0.014456 0.010658
v -0.004294 -0.012819 0.009914
v -0.006733 -0.013610 0.009058
v -0.006492 -0.012816 0.008642
v -0.004007 -0.012089 0.009418
v -0.003678 -0.011434 0.008847
v -0.006207 -0.012089 0.008148
v -0.005878 -0.011434 0.007577
v -0.007060 -0.015340 0.009625
v -0.007143 -0.016253 0.009768
v -0.004861 -0.015343 0.010897
v -0.007170 -0.017179 0.009814
v -0.004944 -0.016257 0.011039
v -0.004970 -0.017179 0.011085
v -0.007140 -0.018106 0.009763
v -0.004940 -0.018106 0.011033
v -0.005878 -0.011434 0.007577
v -0.003404 -0.010870 0.008373
v -0.005604 -0.010870 0.007102
v -0.003002 -0.009524 0.007675
v -0.005377 -0.010230 0.006709
v -0.003177 -0.010229 0.007978
v -0.002825 -0.007211 0.007369
v -0.005024 -0.008000 0.006097
v -0.002824 -0.007997 0.007367
v -0.002883 -0.008775 0.007470
v -0.005083 -0.008777 0.006200
v -0.005202 -0.009526 0.006406
v -0.003008 -0.005686 0.007687
v -0.003186 -0.004985 0.007994
v -0.005208 -0.005689 0.006416
v -0.005025 -0.007214 0.006099
v -0.002887 -0.006434 0.007477
v -0.005087 -0.006437 0.006206
v -0.005890 -0.003788 0.007598
v -0.003691 -0.003787 0.008870
v -0.004007 -0.003319 0.009418
v -0.005614 -0.004348 0.007120
v -0.005385 -0.004987 0.006723
v -0.003415 -0.004346 0.008392
v -0.004355 -0.002954 0.010020
v -0.006206 -0.003319 0.008145
v -0.004727 -0.002701 0.010663
v -0.006554 -0.002954 0.008748
v -0.006927 -0.002701 0.009393
v -0.005114 -0.002565 0.011335
v -0.007314 -0.002565 0.010064
v -0.003678 -0.011434 0.008847
v -0.007403 -0.002461 0.010218
v -0.005214 -0.002424 0.011507
v -0.007413 -0.002424 0.010238
v -0.007421 -0.002384 0.010249
v -0.005221 -0.002384 0.011519
v -0.005225 -0.002343 0.011526
v -0.007424 -0.002343 0.010256
v -0.005225 -0.002300 0.011526
v -0.007424 -0.002300 0.010256
v -0.007421 -0.002258 0.010249
v -0.005221 -0.002258 0.011519
v -0.005214 -0.002218 0.011507
v -0.007414 -0.002218 0.010238
v -0.005203 -0.002461 0.011488
v -0.007389 -0.002494 0.010195
v -0.005190 -0.002494 0.011465
v -0.005173 -0.002521 0.011437
v -0.007373 -0.002521 0.010167
v -0.007355 -0.002543 0.010135
v -0.005155 -0.002543 0.011405
v -0.007335 -0.002557 0.010100
v -0.005135 -0.002557 0.011371
v -0.007314 -0.002565 0.010064
v -0.005114 -0.002565 0.011335
v -0.004377 -0.000447 0.010058
v -0.006577 -0.000447 0.008788
v -0.006838 -0.000781 0.009239
v -0.004093 -0.000202 0.009565
v -0.006292 -0.000202 0.008295
v -0.005992 -0.000052 0.007776
v -0.003792 -0.000052 0.009046
v -0.003484 -0.000002 0.008511
v -0.005683 -0.000002 0.007241
v -0.004638 -0.000781 0.010509
v -0.007068 -0.001195 0.009638
v -0.004868 -0.001195 0.010908
v -0.007262 -0.001679 0.009974
v -0.005062 -0.001679 0.011244
v -0.007414 -0.002218 0.010238
v -0.005214 -0.002218 0.011507
v -0.003337 -0.039894 -0.006005
v -0.005113 -0.037089 -0.006011
v -0.002913 -0.037089 -0.007281
v -0.003795 -0.039894 -0.005740
v -0.004619 -0.040181 -0.005153
v -0.004226 -0.039994 -0.005453
v -0.002874 -0.039994 -0.006234
v -0.002419 -0.040181 -0.006423
v -0.003768 -0.030843 -0.008761
v -0.003363 -0.033976 -0.008058
v -0.005968 -0.030843 -0.007491
v -0.005563 -0.033976 -0.006788
v -0.006328 -0.027689 -0.008113
v -0.004128 -0.027689 -0.009383
v -0.006643 -0.024515 -0.008661
v -0.004443 -0.024515 -0.009931
v -0.006914 -0.021321 -0.009130
v -0.004714 -0.021321 -0.010400
v -0.007140 -0.018106 -0.009521
v -0.004940 -0.018106 -0.010791
v -0.003363 -0.033976 -0.008058
v -0.002058 -0.026792 -0.005799
v -0.002913 -0.037089 -0.007281
v -0.004723 -0.014456 -0.010416
v -0.004940 -0.018106 -0.010791
v -0.004861 -0.015340 -0.010653
v -0.002419 -0.040181 -0.006423
v -0.003768 -0.030843 -0.008761
v -0.004007 -0.012089 -0.009174
v -0.004443 -0.024515 -0.009931
v -0.004293 -0.012816 -0.009670
v -0.004128 -0.027689 -0.009383
v -0.004943 -0.016253 -0.010797
v -0.004970 -0.017179 -0.010843
v -0.004714 -0.021321 -0.010400
v -0.004533 -0.013610 -0.010086
v -0.003484 -0.000002 -0.008267
v -0.003690 -0.003788 -0.008627
v -0.003792 -0.000052 -0.008802
v -0.002825 -0.007214 -0.007128
v -0.002887 -0.006437 -0.007235
v -0.001466 -0.000002 -0.004774
v -0.003678 -0.011434 -0.008605
v -0.003008 -0.005689 -0.007444
v -0.003404 -0.010870 -0.008129
v -0.003177 -0.010230 -0.007737
v -0.002824 -0.008000 -0.007126
v -0.001740 -0.013399 -0.005249
v -0.002883 -0.008777 -0.007229
v -0.003002 -0.009526 -0.007434
v -0.003185 -0.004987 -0.007750
v -0.004377 -0.000447 -0.009816
v -0.004093 -0.000202 -0.009323
v -0.004355 -0.002954 -0.009777
v -0.004006 -0.003319 -0.009174
v -0.005114 -0.002565 -0.011093
v -0.004868 -0.001195 -0.010667
v -0.004727 -0.002701 -0.010421
v -0.004638 -0.000781 -0.010267
v -0.005221 -0.002258 -0.011278
v -0.005221 -0.002384 -0.011278
v -0.005225 -0.002300 -0.011284
v -0.005225 -0.002343 -0.011284
v -0.005214 -0.002218 -0.011265
v -0.005214 -0.002424 -0.011265
v -0.005203 -0.002461 -0.011247
v -0.005190 -0.002494 -0.011223
v -0.005155 -0.002543 -0.011163
v -0.005173 -0.002521 -0.011195
v -0.005062 -0.001679 -0.011002
v -0.005135 -0.002557 -0.011129
v -0.003414 -0.004348 -0.008149
v -0.007140 -0.018106 -0.009521
v -0.007143 -0.016257 -0.009527
v -0.007170 -0.017179 -0.009573
v -0.005604 -0.010870 -0.006859
v -0.005968 -0.030843 -0.007491
v -0.004258 -0.026792 -0.004529
v -0.007061 -0.015343 -0.009383
v -0.005087 -0.006434 -0.005965
v -0.005025 -0.007211 -0.005858
v -0.003666 -0.000002 -0.003504
v -0.006493 -0.012819 -0.008402
v -0.006733 -0.013612 -0.008817
v -0.006914 -0.021321 -0.009130
v -0.006923 -0.014456 -0.009146
v -0.006328 -0.027689 -0.008113
v -0.006643 -0.024515 -0.008661
v -0.006207 -0.012089 -0.007904
v -0.005113 -0.037089 -0.006011
v -0.005563 -0.033976 -0.006788
v -0.005201 -0.009524 -0.006163
v -0.005376 -0.010229 -0.006467
v -0.003940 -0.013399 -0.003979
v -0.005023 -0.007997 -0.005855
v -0.005083 -0.008775 -0.005958
v -0.005208 -0.005686 -0.006175
v -0.005683 -0.000002 -0.006997
v -0.005386 -0.004985 -0.006483
v -0.006292 -0.000202 -0.008053
v -0.006207 -0.003319 -0.007904
v -0.005992 -0.000052 -0.007532
v -0.005891 -0.003787 -0.007358
v -0.005615 -0.004346 -0.006880
v -0.006927 -0.002701 -0.009151
v -0.006555 -0.002954 -0.008508
v -0.006838 -0.000781 -0.008997
v -0.006577 -0.000447 -0.008546
v -0.007262 -0.001679 -0.009732
v -0.007414 -0.002218 -0.009995
v -0.007355 -0.002543 -0.009893
v -0.007068 -0.001195 -0.009397
v -0.007421 -0.002384 -0.010008
v -0.007424 -0.002300 -0.010014
v -0.007424 -0.002343 -0.010014
v -0.007421 -0.002258 -0.010008
v -0.007413 -0.002424 -0.009995
v -0.007403 -0.002461 -0.009977
v -0.007389 -0.002494 -0.009953
v -0.007373 -0.002521 -0.009925
v -0.007335 -0.002557 -0.009859
v -0.007314 -0.002565 -0.009823
v -0.004619 -0.040181 -0.005153
v -0.005878 -0.011434 -0.007335
v -0.006733 -0.013612 -0.008817
v -0.004723 -0.014456 -0.010416
v -0.006923 -0.014456 -0.009146
v -0.006493 -0.012819 -0.008402
v -0.004533 -0.013610 -0.010086
v -0.004293 -0.012816 -0.009670
v -0.006207 -0.012089 -0.007904
v -0.005878 -0.011434 -0.007335
v -0.004007 -0.012089 -0.009174
v -0.003678 -0.011434 -0.008605
v -0.004861 -0.015340 -0.010653
v -0.004943 -0.016253 -0.010797
v -0.007061 -0.015343 -0.009383
v -0.004970 -0.017179 -0.010843
v -0.007143 -0.016257 -0.009527
v -0.007170 -0.017179 -0.009573
v -0.004940 -0.018106 -0.010791
v -0.007140 -0.018106 -0.009521
v -0.003678 -0.011434 -0.008605
v -0.005604 -0.010870 -0.006859
v -0.003404 -0.010870 -0.008129
v -0.005201 -0.009524 -0.006163
v -0.003177 -0.010230 -0.007737
v -0.005376 -0.010229 -0.006467
v -0.005025 -0.007211 -0.005858
v -0.002824 -0.008000 -0.007126
v -0.005023 -0.007997 -0.005855
v -0.005083 -0.008775 -0.005958
v -0.002883 -0.008777 -0.007229
v -0.003002 -0.009526 -0.007434
v -0.005208 -0.005686 -0.006175
v -0.005386 -0.004985 -0.006483
v -0.003008 -0.005689 -0.007444
v -0.002825 -0.007214 -0.007128
v -0.005087 -0.006434 -0.005965
v -0.002887 -0.006437 -0.007235
v -0.003690 -0.003788 -0.008627
v -0.005891 -0.003787 -0.007358
v -0.006207 -0.003319 -0.007904
v -0.003414 -0.004348 -0.008149
v -0.003185 -0.004987 -0.007750
v -0.005615 -0.004346 -0.006880
v -0.006555 -0.002954 -0.008508
v -0.004006 -0.003319 -0.009174
v -0.006927 -0.002701 -0.009151
v -0.004355 -0.002954 -0.009777
v -0.004727 -0.002701 -0.010421
v -0.007314 -0.002565 -0.009823
v -0.005114 -0.002565 -0.011093
v -0.005878 -0.011434 -0.007335
v -0.005203 -0.002461 -0.011247
v -0.007413 -0.002424 -0.009995
v -0.005214 -0.002424 -0.011265
v -0.005221 -0.002384 -0.011278
v -0.007421 -0.002384 -0.010008
v -0.007424 -0.002343 -0.010014
v -0.005225 -0.002343 -0.011284
v -0.007424 -0.002300 -0.010014
v -0.005225 -0.002300 -0.011284
v -0.005221 -0.002258 -0.011278
v -0.007421 -0.002258 -0.010008
v -0.007414 -0.002218 -0.009995
v -0.005214 -0.002218 -0.011265
v -0.007403 -0.002461 -0.009977
v -0.005190 -0.002494 -0.011223
v -0.007389 -0.002494 -0.009953
v -0.007373 -0.002521 -0.009925
v -0.005173 -0.002521 -0.011195
v -0.005155 -0.002543 -0.011163
v -0.007355 -0.002543 -0.009893
v -0.005135 -0.002557 -0.011129
v -0.007335 -0.002557 -0.009859
v -0.005114 -0.002565 -0.011093
v -0.007314 -0.002565 -0.009823
v -0.006577 -0.000447 -0.008546
v -0.004377 -0.000447 -0.009816
v -0.004638 -0.000781 -0.010267
v -0.006292 -0.000202 -0.008053
v -0.004093 -0.000202 -0.009323
v -0.003792 -0.000052 -0.008802
v -0.005992 -0.000052 -0.007532
v -0.005683 -0.000002 -0.006997
v -0.003484 -0.000002 -0.008267
v -0.006838 -0.000781 -0.008997
v -0.004868 -0.001195 -0.010667
v -0.007068 -0.001195 -0.009397
v -0.005062 -0.001679 -0.011002
v -0.007262 -0.001679 -0.009732
v -0.005214 -0.002218 -0.011265
v -0.007414 -0.002218 -0.009995
vn -0.0000 1.0000 -0.0000
vn -0.0000 1.0000 0.0001
vn -0.0000 1.0000 -0.0002
vn -0.0000 1.0000 -0.0001
vn -0.0000 1.0000 0.0003
vn -0.6313 -0.7737 0.0537
vn -0.4763 -0.8705 0.1240
vn -0.6131 -0.7737 0.1596
vn 0.3966 -0.6542 0.6440
vn 0.3322 -0.7737 0.5395
vn 0.4186 -0.7737 0.4756
vn 0.2820 -0.6543 0.7017
vn 0.3195 -0.5155 0.7951
vn 0.6667 -0.5155 0.5383
vn 0.7481 -0.5155 0.4179
vn 0.7254 -0.3616 0.5857
vn 0.4493 -0.5155 0.7297
vn 0.4997 -0.6541 0.5678
vn 0.8791 -0.3615 0.3106
vn 0.9243 -0.1973 0.3266
vn 0.8558 -0.1973 0.4781
vn 0.9189 -0.3616 0.1576
vn 0.9662 -0.1973 0.1657
vn 0.8139 -0.3617 0.4547
vn 0.9323 -0.3616 -0.0000
vn 0.9803 -0.1974 -0.0000
vn 0.3172 -0.9417 0.1121
vn 0.1682 -0.9853 0.0288
vn 0.3315 -0.9417 0.0568
vn 0.1835 -0.8705 0.4567
vn 0.2363 -0.7736 0.5879
vn 0.1335 -0.7737 0.6194
vn -0.1855 -0.7737 0.6058
vn -0.0625 -0.8704 0.4883
vn -0.0805 -0.7737 0.6284
vn 0.0269 -0.7737 0.6330
vn 0.1037 -0.8705 0.4812
vn 0.4297 -0.8705 0.2400
vn 0.4641 -0.8705 0.1640
vn 0.5531 -0.7737 0.3090
vn 0.1707 -0.9853 -0.0000
vn 0.3364 -0.9417 -0.0000
vn -0.3767 -0.7737 0.5094
vn -0.4574 -0.7737 0.4384
vn -0.2927 -0.8705 0.3957
vn 0.2580 -0.8705 0.4191
vn 0.2222 -0.9417 0.2525
vn 0.3252 -0.8705 0.3695
vn -0.3065 -0.9417 0.1386
vn -0.1555 -0.9853 0.0703
vn -0.1414 -0.9853 0.0956
vn -0.5249 -0.7737 0.3548
vn -0.3553 -0.8705 0.3406
vn -0.5773 -0.7737 -0.2610
vn -0.4764 -0.8704 -0.1240
vn -0.6131 -0.7737 -0.1596
vn -0.1701 -0.9853 0.0145
vn -0.3353 -0.9417 -0.0285
vn -0.1701 -0.9853 -0.0145
vn -0.3553 -0.8705 -0.3406
vn -0.4574 -0.7737 -0.4384
vn -0.3767 -0.7737 -0.5094
vn -0.1556 -0.9853 -0.0703
vn -0.2787 -0.9417 -0.1883
vn -0.1414 -0.9853 -0.0956
vn -0.1441 -0.8705 -0.4706
vn -0.1855 -0.7737 -0.6058
vn -0.0805 -0.7737 -0.6284
vn -0.1514 -0.9417 -0.3004
vn -0.0769 -0.9853 -0.1524
vn -0.1015 -0.9853 -0.1372
vn 0.2362 -0.7737 -0.5879
vn 0.1037 -0.8704 -0.4812
vn 0.1335 -0.7736 -0.6194
vn 0.0143 -0.9417 -0.3361
vn 0.0072 -0.9853 -0.1705
vn -0.0217 -0.9853 -0.1693
vn 0.4186 -0.7737 -0.4756
vn 0.2580 -0.8705 -0.4191
vn 0.3322 -0.7736 -0.5395
vn 0.1835 -0.8705 -0.4567
vn 0.4929 -0.7737 -0.3980
vn 0.5531 -0.7737 -0.3090
vn 0.3829 -0.8705 -0.3092
vn 0.3252 -0.8705 -0.3695
vn 0.1682 -0.9853 -0.0288
vn 0.1490 -0.9853 -0.0833
vn 0.1328 -0.9853 -0.1072
vn 0.2937 -0.9417 -0.1641
vn 0.4641 -0.8705 -0.1640
vn 0.5974 -0.7736 -0.2111
vn 0.6244 -0.7737 -0.1071
vn 0.3172 -0.9417 -0.1121
vn 0.1609 -0.9853 -0.0569
vn 0.3315 -0.9417 -0.0568
vn 0.4922 -0.8705 -0.0000
vn 0.6336 -0.7737 -0.0000
vn 0.4851 -0.8705 -0.0832
vn 0.7454 -0.6542 -0.1278
vn 0.8570 -0.5154 -0.0000
vn 0.7564 -0.6542 -0.0000
vn 0.8446 -0.5154 -0.1448
vn 0.9189 -0.3617 -0.1576
vn 0.1128 -0.9853 -0.1281
vn 0.2617 -0.9417 -0.2113
vn 0.4297 -0.8705 -0.2401
vn 0.1764 -0.9417 -0.2865
vn 0.0895 -0.9853 -0.1454
vn 0.0636 -0.9853 -0.1584
vn 0.2222 -0.9417 -0.2525
vn 0.0708 -0.9417 -0.3288
vn 0.0360 -0.9853 -0.1668
vn 0.1255 -0.9417 -0.3122
vn 0.0209 -0.8705 -0.4918
vn 0.0269 -0.7737 -0.6330
vn -0.0000 -1.0000 -0.0000
vn 0.7131 -0.6542 -0.2520
vn 0.8079 -0.5155 -0.2855
vn 0.8790 -0.3617 -0.3106
vn 0.9662 -0.1973 -0.1657
vn -0.0625 -0.8705 -0.4882
vn 0.6603 -0.6541 -0.3689
vn 0.7481 -0.5155 -0.4179
vn 0.9243 -0.1973 -0.3266
vn 0.8139 -0.3616 -0.4547
vn -0.0500 -0.9853 -0.1632
vn -0.0427 -0.9417 -0.3337
vn 0.5884 -0.6543 -0.4751
vn 0.6667 -0.5155 -0.5383
vn 0.8559 -0.1973 -0.4781
vn 0.7254 -0.3616 -0.5857
vn -0.0985 -0.9417 -0.3216
vn 0.4997 -0.6542 -0.5677
vn 0.5661 -0.5155 -0.6433
vn 0.6159 -0.3617 -0.6998
vn 0.7627 -0.1974 -0.6159
vn -0.2216 -0.8705 -0.4395
vn -0.2852 -0.7737 -0.5657
vn 0.3966 -0.6542 -0.6440
vn 0.4493 -0.5155 -0.7297
vn 0.6477 -0.1973 -0.7359
vn 0.4888 -0.3617 -0.7939
vn -0.2926 -0.8705 -0.3957
vn 0.2820 -0.6541 -0.7018
vn 0.3195 -0.5155 -0.7951
vn 0.5140 -0.1973 -0.8348
vn 0.3476 -0.3616 -0.8651
vn -0.2000 -0.9417 -0.2704
vn -0.1232 -0.9853 -0.1181
vn 0.1593 -0.6541 -0.7394
vn 0.1805 -0.5156 -0.8376
vn 0.3655 -0.1973 -0.9096
vn 0.1964 -0.3616 -0.9114
vn -0.2429 -0.9417 -0.2328
vn 0.0321 -0.6542 -0.7556
vn 0.0364 -0.5155 -0.8561
vn 0.2065 -0.1973 -0.9583
vn 0.0396 -0.3616 -0.9315
vn -0.5249 -0.7737 -0.3548
vn -0.4078 -0.8705 -0.2756
vn -0.0961 -0.6542 -0.7502
vn -0.1088 -0.5155 -0.8500
vn 0.0416 -0.1973 -0.9795
vn -0.1184 -0.3616 -0.9248
vn -0.4485 -0.8705 -0.2027
vn -0.2215 -0.6542 -0.7232
vn -0.2509 -0.5155 -0.8193
vn -0.1245 -0.1973 -0.9724
vn -0.2730 -0.3616 -0.8915
vn -0.1652 -0.9853 -0.0430
vn -0.3065 -0.9417 -0.1387
vn -0.3405 -0.6543 -0.6753
vn -0.3858 -0.5155 -0.7651
vn -0.2871 -0.1973 -0.9374
vn -0.4197 -0.3617 -0.8325
vn -0.3256 -0.9417 -0.0848
vn -0.4497 -0.6542 -0.6081
vn -0.5095 -0.5155 -0.6890
vn -0.4413 -0.1974 -0.8754
vn -0.5544 -0.3617 -0.7496
vn -0.4904 -0.8705 -0.0417
vn -0.6313 -0.7737 -0.0537
vn -0.5460 -0.6542 -0.5233
vn -0.6186 -0.5155 -0.5929
vn -0.6731 -0.3617 -0.6451
vn -0.5829 -0.1973 -0.7882
vn -0.4904 -0.8705 0.0417
vn -0.6266 -0.6542 -0.4235
vn -0.7099 -0.5155 -0.4798
vn -0.7078 -0.1973 -0.6783
vn -0.7724 -0.3616 -0.5221
vn -0.1652 -0.9853 0.0430
vn -0.3352 -0.9417 0.0285
vn -0.6892 -0.6541 -0.3116
vn -0.7808 -0.5155 -0.3530
vn -0.8496 -0.3616 -0.3840
vn -0.8122 -0.1973 -0.5490
vn -0.3255 -0.9417 0.0848
vn -0.7319 -0.6542 -0.1906
vn -0.8292 -0.5155 -0.2159
vn -0.8933 -0.1974 -0.4038
vn -0.9022 -0.3617 -0.2349
vn -0.4485 -0.8705 0.2028
vn -0.5773 -0.7737 0.2610
vn -0.7536 -0.6542 -0.0641
vn -0.8538 -0.5155 -0.0727
vn -0.9290 -0.3616 -0.0791
vn -0.9487 -0.1973 -0.2470
vn -0.4078 -0.8705 0.2756
vn -0.7536 -0.6542 0.0641
vn -0.8538 -0.5155 0.0727
vn -0.9768 -0.1974 -0.0831
vn -0.9290 -0.3615 0.0791
vn -0.2787 -0.9417 0.1885
vn -0.1232 -0.9853 0.1181
vn -0.7319 -0.6542 0.1906
vn -0.8292 -0.5155 0.2159
vn -0.9768 -0.1973 0.0831
vn -0.9022 -0.3617 0.2349
vn -0.1015 -0.9853 0.1372
vn -0.2428 -0.9417 0.2327
vn -0.6892 -0.6542 0.3115
vn -0.7808 -0.5155 0.3530
vn -0.9487 -0.1973 0.2470
vn -0.8496 -0.3616 0.3840
vn 0.0209 -0.8705 0.4918
vn -0.6266 -0.6542 0.4235
vn -0.7100 -0.5155 0.4798
vn -0.8933 -0.1973 0.4038
vn -0.7724 -0.3616 0.5221
vn -0.2852 -0.7737 0.5658
vn -0.2216 -0.8705 0.4395
vn -0.5460 -0.6542 0.5233
vn -0.6187 -0.5154 0.5929
vn -0.8122 -0.1973 0.5490
vn -0.6731 -0.3615 0.6451
vn -0.4497 -0.6542 0.6081
vn -0.2000 -0.9417 0.2705
vn -0.5095 -0.5155 0.6889
vn -0.7078 -0.1974 0.6783
vn -0.5544 -0.3616 0.7496
vn -0.1441 -0.8705 0.4706
vn -0.3405 -0.6542 0.6753
vn -0.1514 -0.9417 0.3004
vn -0.0768 -0.9853 0.1524
vn -0.3858 -0.5155 0.7651
vn -0.5829 -0.1973 0.7882
vn -0.4197 -0.3617 0.8325
vn -0.2215 -0.6542 0.7232
vn -0.0500 -0.9853 0.1633
vn -0.0985 -0.9417 0.3216
vn -0.2509 -0.5155 0.8194
vn -0.4414 -0.1973 0.8754
vn -0.2730 -0.3616 0.8915
vn -0.0961 -0.6542 0.7502
vn -0.0217 -0.9853 0.1693
vn -0.0427 -0.9417 0.3337
vn -0.1088 -0.5154 0.8500
vn -0.2871 -0.1973 0.9374
vn -0.1184 -0.3616 0.9248
vn 0.0321 -0.6542 0.7556
vn 0.0072 -0.9853 0.1705
vn 0.0143 -0.9417 0.3360
vn 0.0364 -0.5155 0.8561
vn -0.1245 -0.1973 0.9724
vn 0.0396 -0.3617 0.9315
vn 0.1593 -0.6542 0.7394
vn 0.0360 -0.9853 0.1669
vn 0.0709 -0.9417 0.3288
vn 0.1805 -0.5156 0.8376
vn 0.0416 -0.1974 0.9794
vn 0.1964 -0.3617 0.9114
vn 0.0636 -0.9853 0.1584
vn 0.1254 -0.9417 0.3121
vn 0.2065 -0.1973 0.9583
vn 0.3476 -0.3616 0.8651
vn 0.0895 -0.9853 0.1453
vn 0.1764 -0.9417 0.2865
vn 0.3655 -0.1973 0.9096
vn 0.4889 -0.3615 0.7939
vn 0.1128 -0.9853 0.1281
vn 0.5884 -0.6542 0.4751
vn 0.5661 -0.5153 0.6434
vn 0.5140 -0.1973 0.8348
vn 0.6160 -0.3616 0.6999
vn 0.3830 -0.8704 0.3092
vn 0.1328 -0.9853 0.1073
vn 0.2617 -0.9417 0.2113
vn 0.4929 -0.7737 0.3980
vn 0.6477 -0.1973 0.7359
vn 0.1490 -0.9853 0.0832
vn 0.2937 -0.9417 0.1640
vn 0.6603 -0.6542 0.3688
vn 0.7627 -0.1974 0.6159
vn 0.5974 -0.7736 0.2111
vn 0.1609 -0.9853 0.0569
vn 0.7131 -0.6542 0.2520
vn 0.8080 -0.5155 0.2855
vn 0.4852 -0.8704 0.0832
vn 0.6244 -0.7737 0.1071
vn 0.7455 -0.6542 0.1278
vn 0.8446 -0.5155 0.1448
vn -0.4486 -0.0801 -0.8901
vn -0.2917 -0.0802 -0.9531
vn -0.4475 -0.1037 -0.8882
vn -0.4496 -0.0565 -0.8915
vn -0.2923 -0.0565 -0.9547
vn -0.5928 -0.0801 -0.8014
vn -0.5936 -0.0565 -0.8028
vn -0.1269 -0.0565 -0.9903
vn -0.1266 -0.0802 -0.9887
vn -0.2915 -0.1037 -0.9509
vn 0.0425 -0.0801 -0.9959
vn -0.1264 -0.1036 -0.9865
vn -0.2925 -0.0329 -0.9557
vn -0.1271 -0.0329 -0.9913
vn 0.0423 -0.0565 -0.9975
vn 0.2099 -0.0801 -0.9744
vn 0.0420 -0.1036 -0.9937
vn 0.2096 -0.1037 -0.9723
vn 0.3717 -0.0802 -0.9249
vn 0.2103 -0.0565 -0.9760
vn 0.5227 -0.0801 -0.8488
vn 0.3707 -0.1037 -0.9229
vn 0.3723 -0.0565 -0.9264
vn 0.6586 -0.0801 -0.7482
vn 0.5213 -0.1037 -0.8470
vn 0.5235 -0.0565 -0.8501
vn 0.6597 -0.0565 -0.7494
vn 0.3727 -0.0328 -0.9274
vn 0.5241 -0.0328 -0.8510
vn 0.7770 -0.0565 -0.6270
vn 0.7756 -0.0801 -0.6262
vn 0.6573 -0.1038 -0.7464
vn 0.8716 -0.0565 -0.4870
vn 0.7740 -0.1037 -0.6247
vn 0.8702 -0.0801 -0.4862
vn 0.8684 -0.1037 -0.4849
vn 0.9399 -0.0802 -0.3320
vn 0.8725 -0.0329 -0.4874
vn 0.7777 -0.0329 -0.6277
vn 0.9824 -0.0801 -0.1686
vn 0.9378 -0.1037 -0.3314
vn 0.9413 -0.0565 -0.3327
vn 0.9840 -0.0565 -0.1688
vn 0.9803 -0.1973 -0.0000
vn 0.9848 -0.1737 -0.0000
vn 0.9968 -0.0801 -0.0000
vn 0.9803 -0.1036 -0.1684
vn 0.9706 -0.1737 -0.1666
vn 0.9946 -0.1036 -0.0000
vn 0.9886 -0.1505 -0.0000
vn 0.9744 -0.1505 -0.1671
vn 0.9919 -0.1271 -0.0000
vn 0.8629 -0.1505 -0.4825
vn 0.9352 -0.1272 -0.3304
vn 0.9322 -0.1505 -0.3293
vn 0.9776 -0.1273 -0.1674
vn 0.2095 -0.1037 0.9723
vn 0.2099 -0.0802 0.9744
vn 0.0426 -0.0800 0.9959
vn 0.9984 -0.0565 -0.0000
vn 0.9851 -0.0329 -0.1688
vn 0.9995 -0.0328 -0.0000
vn 0.9856 -0.0092 -0.1690
vn 1.0000 -0.0092 -0.0000
vn 0.9999 0.0143 -0.0000
vn 0.9855 0.0143 -0.1688
vn 0.9993 0.0379 -0.0000
vn 0.9899 0.0617 -0.1276
vn 0.9981 0.0617 -0.0000
vn 0.9849 0.0380 -0.1689
vn -0.7216 -0.0328 -0.6915
vn -0.5943 -0.0329 -0.8035
vn -0.7208 -0.0565 -0.6908
vn -0.5917 -0.1037 -0.7995
vn -0.7182 -0.1037 -0.6881
vn -0.7196 -0.0802 -0.6897
vn -0.8273 -0.0565 -0.5589
vn -0.9083 -0.0801 -0.4105
vn -0.9098 -0.0565 -0.4112
vn -0.8258 -0.0802 -0.5582
vn -0.9063 -0.1037 -0.4097
vn -0.8239 -0.1037 -0.5571
vn -0.9662 -0.0565 -0.2515
vn -0.9646 -0.0801 -0.2511
vn -0.9673 -0.0328 -0.2517
vn -0.9108 -0.0329 -0.4116
vn -0.9625 -0.1037 -0.2506
vn -0.9932 -0.0801 0.0845
vn -0.9948 -0.0565 0.0846
vn -0.9948 -0.0565 -0.0846
vn -0.9932 -0.0801 -0.0846
vn -0.9910 -0.1037 0.0844
vn -0.9910 -0.1037 -0.0844
vn -0.9645 -0.0800 0.2515
vn -0.9662 -0.0565 0.2516
vn -0.9959 -0.0328 0.0848
vn -0.9673 -0.0329 0.2517
vn -0.9083 -0.0802 0.4105
vn -0.9098 -0.0565 0.4112
vn -0.9625 -0.1037 0.2507
vn -0.9063 -0.1037 0.4097
vn -0.8258 -0.0801 0.5582
vn -0.8272 -0.0565 0.5591
vn -0.7208 -0.0565 0.6908
vn -0.7216 -0.0328 0.6915
vn -0.8279 -0.0328 0.5599
vn -0.8241 -0.1037 0.5569
vn -0.7180 -0.1037 0.6883
vn -0.7197 -0.0802 0.6897
vn -0.4493 -0.0565 0.8916
vn -0.5938 -0.0565 0.8027
vn -0.4487 -0.0802 0.8901
vn -0.5929 -0.0801 0.8013
vn -0.4478 -0.1037 0.8881
vn -0.5914 -0.1037 0.7997
vn -0.2920 -0.0801 0.9530
vn -0.2923 -0.0565 0.9547
vn -0.2928 -0.0329 0.9556
vn -0.4500 -0.0329 0.8924
vn -0.1266 -0.0801 0.9887
vn -0.1269 -0.0565 0.9903
vn -0.2914 -0.1037 0.9510
vn -0.1264 -0.1037 0.9865
vn 0.0424 -0.1036 0.9937
vn 0.5203 -0.1272 0.8445
vn 0.5213 -0.1038 0.8470
vn 0.3707 -0.1037 0.9229
vn 0.2089 -0.1271 0.9696
vn 0.9706 -0.1737 0.1666
vn 0.6552 -0.1272 0.7446
vn 0.9744 -0.1505 0.1671
vn 0.9285 -0.1743 0.3280
vn 0.0423 -0.0565 0.9975
vn 0.3717 -0.0801 0.9249
vn 0.2103 -0.0565 0.9760
vn 0.9322 -0.1505 0.3293
vn 0.2107 -0.0328 0.9770
vn 0.0424 -0.0329 0.9986
vn 0.6585 -0.0801 0.7483
vn 0.6597 -0.0565 0.7494
vn 0.5235 -0.0565 0.8501
vn 0.5243 -0.0092 0.8515
vn 0.5239 -0.0329 0.8512
vn 0.6603 -0.0329 0.7503
vn 0.3723 -0.0565 0.9264
vn 0.3727 -0.0329 0.9274
vn 0.7781 -0.0092 0.6281
vn 0.6605 0.0143 0.7507
vn 0.6606 -0.0092 0.7506
vn 0.5244 0.0144 0.8514
vn 0.9422 0.0379 0.3329
vn 0.8724 0.0381 0.4873
vn 0.9429 0.0144 0.3329
vn 0.7779 0.0143 0.6283
vn 0.8729 0.0143 0.4877
vn 0.7775 0.0380 0.6278
vn 0.9899 0.0617 0.1276
vn 0.9849 0.0380 0.1689
vn 0.9654 0.0617 0.2532
vn 0.9286 -0.1737 -0.3279
vn 0.8597 -0.1736 -0.4803
vn 0.9424 -0.0329 -0.3330
vn 0.9429 -0.0093 -0.3330
vn 0.9429 0.0143 -0.3329
vn 0.9654 0.0617 -0.2532
vn 0.9422 0.0380 -0.3329
vn 0.6508 -0.1737 -0.7391
vn 0.7627 -0.1973 -0.6159
vn 0.7664 -0.1736 -0.6185
vn 0.8660 -0.1272 -0.4837
vn 0.8730 -0.0093 -0.4877
vn 0.7780 -0.0093 -0.6282
vn 0.7779 0.0144 -0.6283
vn 0.8729 0.0144 -0.4876
vn 0.9251 0.0617 -0.3746
vn 0.8724 0.0381 -0.4873
vn 0.2075 -0.1740 -0.9626
vn -0.9851 -0.1505 -0.0838
vn -0.9599 -0.1271 -0.2498
vn -0.9568 -0.1504 -0.2488
vn 0.7692 -0.1505 -0.6211
vn 0.7715 -0.1271 -0.6233
vn 0.7775 0.0381 -0.6278
vn 0.7999 0.0617 -0.5970
vn 0.8697 0.0617 -0.4898
vn 0.5162 -0.1736 -0.8387
vn 0.6532 -0.1505 -0.7421
vn 0.6552 -0.1272 -0.7446
vn 0.6603 -0.0329 -0.7503
vn 0.6604 -0.0092 -0.7508
vn 0.6605 0.0143 -0.7507
vn 0.7170 0.0617 -0.6944
vn 0.6602 0.0381 -0.7501
vn 0.3655 -0.1973 -0.9097
vn 0.3670 -0.1736 -0.9139
vn 0.5180 -0.1504 -0.8420
vn 0.5203 -0.1273 -0.8444
vn 0.5243 -0.0092 -0.8515
vn 0.3728 -0.0092 -0.9279
vn 0.3730 0.0143 -0.9277
vn 0.5244 0.0143 -0.8514
vn 0.6223 0.0617 -0.7803
vn 0.5239 0.0381 -0.8509
vn 0.3687 -0.1505 -0.9173
vn 0.3699 -0.1272 -0.9203
vn 0.3726 0.0380 -0.9272
vn 0.4040 0.0617 -0.9127
vn 0.5174 0.0617 -0.8535
vn 0.0419 -0.1737 -0.9839
vn 0.2089 -0.1272 -0.9696
vn 0.2083 -0.1505 -0.9664
vn 0.2103 -0.0328 -0.9771
vn 0.2108 -0.0093 -0.9775
vn 0.2104 0.0143 -0.9775
vn 0.2840 0.0617 -0.9568
vn 0.2105 0.0381 -0.9768
vn -0.4414 -0.1973 -0.8754
vn -0.2881 -0.1737 -0.9417
vn -0.1251 -0.1737 -0.9768
vn 0.0422 -0.1272 -0.9910
vn 0.0422 -0.1506 -0.9877
vn 0.0424 -0.0329 -0.9986
vn 0.0424 -0.0091 -0.9991
vn -0.1272 -0.0093 -0.9918
vn -0.1272 0.0143 -0.9918
vn 0.0423 0.0144 -0.9990
vn 0.1593 0.0617 -0.9853
vn 0.0424 0.0379 -0.9984
vn -0.1254 -0.1506 -0.9806
vn -0.1261 -0.1271 -0.9838
vn -0.1269 0.0381 -0.9912
vn -0.0958 0.0617 -0.9935
vn 0.0320 0.0617 -0.9976
vn -0.7108 -0.1737 -0.6816
vn -0.4433 -0.1737 -0.8794
vn -0.2903 -0.1275 -0.9484
vn -0.2895 -0.1505 -0.9453
vn -0.2927 -0.0092 -0.9562
vn -0.2928 0.0143 -0.9561
vn -0.2221 0.0617 -0.9731
vn -0.2926 0.0380 -0.9555
vn -0.5856 -0.1737 -0.7918
vn -0.4451 -0.1509 -0.8826
vn -0.4463 -0.1272 -0.8858
vn -0.4500 -0.0329 -0.8924
vn -0.4502 -0.0092 -0.8929
vn -0.4501 0.0143 -0.8929
vn -0.3447 0.0617 -0.9367
vn -0.4499 0.0379 -0.8923
vn -0.5880 -0.1505 -0.7947
vn -0.5899 -0.1272 -0.7974
vn -0.5945 -0.0092 -0.8041
vn -0.5945 0.0143 -0.8040
vn -0.5942 0.0379 -0.8034
vn -0.4617 0.0617 -0.8849
vn -0.5710 0.0617 -0.8186
vn -0.8933 -0.1973 -0.4038
vn -0.8974 -0.1737 -0.4057
vn -0.8159 -0.1737 -0.5515
vn -0.7161 -0.1272 -0.6863
vn -0.7139 -0.1505 -0.6839
vn -0.7219 -0.0092 -0.6919
vn -0.7219 0.0143 -0.6918
vn -0.6710 0.0617 -0.7389
vn -0.7214 0.0380 -0.6914
vn -0.8189 -0.1505 -0.5538
vn -0.8217 -0.1271 -0.5555
vn -0.8280 -0.0329 -0.5597
vn -0.8284 -0.0093 -0.5600
vn -0.8284 0.0143 -0.5600
vn -0.7600 0.0617 -0.6470
vn -0.8279 0.0379 -0.5596
vn -0.9768 -0.1973 -0.0831
vn -0.9813 -0.1737 -0.0833
vn -0.9531 -0.1737 -0.2479
vn -0.9039 -0.1271 -0.4084
vn -0.9008 -0.1505 -0.4072
vn -0.9112 -0.0092 -0.4118
vn -0.9111 0.0143 -0.4119
vn -0.9106 0.0379 -0.4116
vn -0.8365 0.0617 -0.5445
vn -0.9677 -0.0093 -0.2519
vn -0.9676 0.0143 -0.2520
vn -0.9472 0.0617 -0.3145
vn -0.9670 0.0380 -0.2518
vn -0.8992 0.0617 -0.4331
vn -0.9530 -0.1737 0.2480
vn -0.9883 -0.1272 -0.0843
vn -0.9959 -0.0328 -0.0848
vn -0.9964 -0.0093 -0.0848
vn -0.9963 0.0142 -0.0849
vn -0.9797 0.0617 -0.1908
vn -0.9957 0.0380 -0.0847
vn -0.9812 -0.1737 0.0836
vn -0.8973 -0.1737 0.4058
vn 0.8598 -0.1736 0.4802
vn 0.8559 -0.1973 0.4781
vn -0.9851 -0.1505 0.0838
vn -0.9883 -0.1271 0.0843
vn -0.9964 -0.0093 0.0848
vn -0.9963 0.0143 0.0849
vn -0.9957 0.0378 0.0847
vn -0.9960 0.0617 -0.0639
vn -0.9568 -0.1505 0.2489
vn -0.9599 -0.1271 0.2498
vn -0.9677 -0.0093 0.2520
vn -0.9676 0.0143 0.2521
vn -0.9670 0.0381 0.2518
vn -0.9960 0.0617 0.0639
vn -0.9797 0.0617 0.1908
vn -0.7078 -0.1973 0.6783
vn -0.7108 -0.1736 0.6817
vn -0.8158 -0.1737 0.5516
vn -0.9039 -0.1272 0.4084
vn -0.9008 -0.1505 0.4074
vn -0.9107 -0.0328 0.4117
vn -0.9112 -0.0092 0.4119
vn -0.9111 0.0143 0.4119
vn -0.9472 0.0617 0.3145
vn -0.9106 0.0380 0.4116
vn -0.5856 -0.1737 0.7917
vn -0.8190 -0.1505 0.5537
vn -0.8218 -0.1272 0.5555
vn -0.8285 -0.0093 0.5599
vn -0.8285 0.0143 0.5599
vn -0.8279 0.0379 0.5596
vn -0.8992 0.0617 0.4331
vn -0.4437 -0.1737 0.8792
vn -0.7139 -0.1505 0.6839
vn -0.7161 -0.1272 0.6863
vn -0.7219 -0.0092 0.6920
vn -0.7219 0.0143 0.6918
vn -0.7214 0.0380 0.6914
vn -0.8365 0.0617 0.5445
vn -0.7600 0.0617 0.6470
vn -0.5878 -0.1505 0.7949
vn -0.5899 -0.1272 0.7974
vn -0.5943 -0.0329 0.8035
vn -0.5948 -0.0093 0.8038
vn -0.5945 0.0144 0.8040
vn -0.6710 0.0617 0.7389
vn -0.5942 0.0379 0.8034
vn 0.0416 -0.1973 0.9795
vn -0.1251 -0.1737 0.9768
vn -0.2883 -0.1743 0.9415
vn -0.4467 -0.1272 0.8856
vn -0.4453 -0.1505 0.8826
vn -0.4501 0.0143 0.8929
vn -0.4499 0.0379 0.8923
vn -0.5710 0.0617 0.8186
vn -0.4499 -0.0092 0.8930
vn 0.0418 -0.1740 0.9839
vn -0.2895 -0.1505 0.9453
vn -0.2906 -0.1272 0.9484
vn -0.2928 -0.0092 0.9561
vn -0.2929 0.0143 0.9560
vn -0.2926 0.0380 0.9555
vn -0.4617 0.0617 0.8849
vn -0.3447 0.0617 0.9367
vn -0.1258 -0.1505 0.9806
vn -0.1256 -0.1273 0.9839
vn -0.1271 -0.0329 0.9913
vn -0.1272 -0.0093 0.9918
vn -0.1269 0.0143 0.9918
vn -0.2221 0.0617 0.9731
vn -0.1270 0.0380 0.9912
vn 0.3655 -0.1973 0.9097
vn 0.3674 -0.1737 0.9137
vn 0.2079 -0.1737 0.9626
vn 0.0418 -0.1272 0.9910
vn 0.0417 -0.1505 0.9877
vn 0.0423 0.0143 0.9990
vn 0.0424 0.0380 0.9984
vn -0.0958 0.0617 0.9935
vn 0.0421 -0.0092 0.9991
vn 0.5162 -0.1737 0.8386
vn 0.2083 -0.1506 0.9664
vn 0.3699 -0.1271 0.9203
vn 0.2108 -0.0092 0.9775
vn 0.2104 0.0143 0.9775
vn 0.2105 0.0380 0.9769
vn 0.0320 0.0617 0.9976
vn 0.1593 0.0617 0.9853
vn 0.7627 -0.1973 0.6159
vn 0.6504 -0.1737 0.7395
vn 0.3687 -0.1506 0.9173
vn 0.5239 0.0380 0.8509
vn 0.5227 -0.0801 0.8488
vn 0.3728 -0.0093 0.9279
vn 0.3730 0.0144 0.9277
vn 0.2840 0.0617 0.9568
vn 0.3726 0.0381 0.9272
vn 0.5183 -0.1505 0.8418
vn 0.4040 0.0617 0.9127
vn 0.9353 -0.1273 0.3302
vn 0.8682 -0.1037 0.4852
vn 0.8660 -0.1272 0.4836
vn 0.7663 -0.1737 0.6186
vn 0.6571 -0.1037 0.7466
vn 0.6533 -0.1505 0.7420
vn 0.6602 0.0380 0.7501
vn 0.5174 0.0617 0.8535
vn 0.6223 0.0617 0.7803
vn 0.7717 -0.1272 0.6232
vn 0.7693 -0.1505 0.6209
vn 0.7740 -0.1037 0.6247
vn 0.7756 -0.0801 0.6261
vn 0.7768 -0.0566 0.6272
vn 0.7777 -0.0329 0.6277
vn 0.7170 0.0617 0.6944
vn 0.8629 -0.1506 0.4825
vn 0.8701 -0.0802 0.4863
vn 0.8716 -0.0565 0.4870
vn 0.8725 -0.0329 0.4875
vn 0.8730 -0.0093 0.4876
vn 0.7999 0.0617 0.5970
vn 0.9378 -0.1037 0.3313
vn 0.9399 -0.0801 0.3320
vn 0.9413 -0.0565 0.3327
vn 0.9424 -0.0329 0.3330
vn 0.9428 -0.0093 0.3332
vn 0.9855 0.0143 0.1689
vn 0.8697 0.0617 0.4898
vn 0.9251 0.0617 0.3746
vn 0.9776 -0.1273 0.1674
vn 0.9803 -0.1037 0.1683
vn 0.9825 -0.0801 0.1682
vn 0.9840 -0.0566 0.1689
vn 0.9851 -0.0328 0.1688
vn 0.9856 -0.0093 0.1690
vn -0.3986 0.0560 -0.9154
vn -0.8879 0.0365 -0.4586
vn -0.8277 0.0428 -0.5595
vn -0.9104 0.0422 -0.4117
vn -0.6490 0.0561 -0.7587
vn -0.7601 0.0615 -0.6469
vn -0.9668 0.0421 -0.2520
vn -0.9493 0.0365 -0.3123
vn -0.7002 0.0365 -0.7130
vn -0.8042 0.0365 -0.5933
vn -0.4658 0.0560 -0.8831
vn -0.1117 0.0366 -0.9931
vn -0.2909 0.0430 -0.9558
vn -0.2674 0.0365 -0.9629
vn -0.9949 0.0555 0.0846
vn -0.9952 0.0491 -0.0846
vn -0.9948 0.0561 -0.0846
vn -0.9665 0.0491 -0.2518
vn -0.9662 0.0558 -0.2516
vn -0.8272 0.0554 0.5591
vn -0.7208 0.0554 0.6909
vn -0.9867 0.0365 0.1581
vn -0.9955 0.0421 0.0846
vn -0.9669 0.0425 0.2518
vn -0.9100 0.0491 0.4117
vn -0.9098 0.0556 0.4113
vn -0.6710 0.0616 0.7389
vn -0.6823 0.0430 0.7298
vn -0.8277 0.0428 0.5595
vn -0.7211 0.0491 0.6911
vn -0.8042 0.0365 0.5933
vn -0.7002 0.0365 0.7130
vn -0.9104 0.0422 0.4116
vn -0.8276 0.0491 0.5592
vn 0.7770 0.0560 0.6270
vn 0.6597 0.0491 0.7499
vn 0.6596 0.0558 0.7495
vn -0.6490 0.0561 0.7587
vn -0.1269 0.0554 0.9904
vn 0.0423 0.0556 0.9976
vn -0.1269 0.0491 0.9907
vn -0.1117 0.0366 0.9931
vn -0.1268 0.0428 0.9910
vn 0.0423 0.0426 0.9982
vn -0.3326 0.0561 0.9414
vn -0.3126 0.0496 0.9486
vn -0.2909 0.0430 0.9558
vn 0.2104 0.0428 0.9767
vn 0.2042 0.0365 0.9782
vn 0.0468 0.0365 0.9982
vn 0.9940 0.0560 0.0941
vn 0.9816 0.0561 0.1827
vn 0.2103 0.0556 0.9761
vn -0.2674 0.0365 0.9629
vn 0.5240 0.0432 0.8506
vn 0.3564 0.0365 0.9336
vn 0.3727 0.0430 0.9270
vn 0.3723 0.0560 0.9264
vn 0.5236 0.0559 0.8502
vn 0.3726 0.0491 0.9267
vn 0.9655 0.0617 0.2532
vn 0.5238 0.0491 0.8504
vn 0.7770 0.0491 0.6276
vn 0.8716 0.0558 0.4871
vn 0.9731 0.0430 0.2261
vn 0.9420 0.0428 0.3328
vn 0.9778 0.0496 0.2037
vn 0.9414 0.0554 0.3326
vn 0.8720 0.0491 0.4870
vn 0.9676 0.0365 0.2499
vn 0.9251 0.0616 0.3746
vn 0.8722 0.0425 0.4873
vn 0.7773 0.0425 0.6277
vn 0.7451 0.0365 0.6660
vn 0.6598 0.0428 0.7502
vn 0.9417 0.0491 0.3328
vn 0.9981 0.0616 -0.0000
vn 0.9984 0.0560 -0.0000
vn 0.2105 0.0491 0.9764
vn 0.4997 0.0365 0.8654
vn 0.0425 0.0491 0.9979
vn -0.3447 0.0616 0.9367
vn -0.3987 0.0560 0.9154
vn -0.4659 0.0560 0.8831
vn -0.5318 0.0560 0.8450
vn -0.5935 0.0561 0.8029
vn -0.9665 0.0491 0.2518
vn -0.9662 0.0557 0.2516
vn -0.9952 0.0491 0.0846
vn -0.9955 0.0421 -0.0849
vn -0.9993 0.0365 -0.0000
vn -0.9797 0.0616 0.1908
vn -0.9101 0.0491 -0.4115
vn -0.9098 0.0555 -0.4113
vn -0.9867 0.0365 -0.1581
vn -0.8271 0.0554 -0.5594
vn -0.7208 0.0554 -0.6909
vn -0.6652 0.0496 -0.7450
vn -0.5934 0.0560 -0.8029
vn -0.7211 0.0491 -0.6911
vn 0.0425 0.0491 -0.9979
vn 0.0422 0.0428 -0.9982
vn 0.2103 0.0426 -0.9767
vn 0.3564 0.0365 -0.9336
vn 0.3725 0.0428 -0.9270
vn 0.0468 0.0365 -0.9982
vn 0.2042 0.0365 -0.9782
vn 0.6303 0.0365 -0.7755
vn 0.6600 0.0428 -0.7500
vn 0.5239 0.0424 -0.8507
vn 0.4997 0.0366 -0.8654
vn 0.8723 0.0421 -0.4872
vn 0.7771 0.0422 -0.6280
vn 0.8411 0.0365 -0.5397
vn 0.7451 0.0365 -0.6660
vn 0.9414 0.0554 -0.3326
vn 0.8717 0.0553 -0.4869
vn 0.9417 0.0491 -0.3328
vn 0.7768 0.0556 -0.6272
vn 0.9778 0.0496 -0.2037
vn 0.9816 0.0561 -0.1827
vn 0.9940 0.0560 -0.0943
vn 0.6593 0.0559 -0.7498
vn 0.7170 0.0616 -0.6944
vn 0.9420 0.0428 -0.3328
vn 0.9159 0.0365 -0.3998
vn 0.9731 0.0430 -0.2261
vn 0.9676 0.0365 -0.2499
vn 0.7770 0.0491 -0.6276
vn 0.5237 0.0556 -0.8501
vn 0.4040 0.0615 -0.9127
vn 0.3725 0.0562 -0.9263
vn 0.6597 0.0491 -0.7499
vn 0.2101 0.0558 -0.9761
vn 0.3726 0.0491 -0.9267
vn -0.3125 0.0496 -0.9486
vn -0.1266 0.0424 -0.9910
vn 0.0425 0.0556 -0.9975
vn 0.2102 0.0491 -0.9764
vn -0.1268 0.0554 -0.9904
vn -0.1269 0.0491 -0.9907
vn -0.5318 0.0559 -0.8450
vn -0.3326 0.0561 -0.9414
vn 0.8720 0.0491 -0.4871
vn 0.5238 0.0491 -0.8504
vn -0.6823 0.0430 -0.7298
vn -0.8274 0.0493 -0.5594
vn -0.9961 0.0616 0.0639
vn -0.9493 0.0365 0.3123
vn -0.8879 0.0365 0.4586
vn -0.6652 0.0496 0.7450
vn -0.0959 0.0617 0.9935
vn 0.6303 0.0365 0.7755
vn 0.4040 0.0616 0.9127
vn 0.8411 0.0365 0.5397
vn 0.7170 0.0616 0.6944
vn 0.9159 0.0365 0.3998
vn -0.9659 0.2588 -0.0001
vn -0.9521 0.2588 0.1629
vn -0.9520 0.2588 0.1634
vn -0.8434 0.2588 0.4708
vn -0.9107 0.2589 0.3218
vn -0.9107 0.2588 0.3218
vn -0.5062 0.2588 0.8227
vn -0.6382 0.2588 0.7251
vn -0.6381 0.2588 0.7251
vn -0.7515 0.2589 0.6068
vn -0.7518 0.2589 0.6065
vn -0.8432 0.2588 0.4712
vn -0.2035 0.2588 0.9443
vn -0.0405 0.2588 0.9651
vn -0.2034 0.2588 0.9443
vn -0.5069 0.2587 0.8222
vn -0.3603 0.2588 0.8962
vn -0.3601 0.2588 0.8963
vn 0.2825 0.2588 0.9237
vn 0.2828 0.2588 0.9236
vn 0.4350 0.2588 0.8624
vn 0.1229 0.2588 0.9581
vn -0.0409 0.2588 0.9651
vn 0.1228 0.2588 0.9581
vn 0.8003 0.2588 0.5409
vn 0.6973 0.2588 0.6685
vn 0.6972 0.2588 0.6686
vn 0.5746 0.2588 0.7764
vn 0.5744 0.2588 0.7766
vn 0.4347 0.2588 0.8626
vn 0.9347 0.2588 0.2435
vn 0.9625 0.2588 0.0817
vn 0.9348 0.2588 0.2433
vn 0.8005 0.2588 0.5405
vn 0.8801 0.2588 0.3980
vn 0.8802 0.2588 0.3979
vn 0.9348 0.2588 -0.2433
vn 0.9346 0.2589 -0.2438
vn 0.8802 0.2588 -0.3979
vn 0.9624 0.2588 -0.0820
vn 0.9624 0.2588 0.0819
vn 0.9624 0.2589 -0.0817
vn 0.5746 0.2588 -0.7764
vn 0.6973 0.2588 -0.6685
vn 0.6975 0.2588 -0.6683
vn 0.8004 0.2588 -0.5408
vn 0.8002 0.2588 -0.5411
vn 0.2828 0.2588 -0.9236
vn 0.1224 0.2588 -0.9581
vn 0.2825 0.2588 -0.9237
vn 0.5744 0.2588 -0.7766
vn 0.4350 0.2588 -0.8624
vn 0.4349 0.2588 -0.8625
vn -0.0413 0.2588 -0.9650
vn -0.2033 0.2588 -0.9443
vn -0.0409 0.2588 -0.9651
vn 0.1227 0.2588 -0.9581
vn -0.3600 0.2588 -0.8963
vn -0.2035 0.2588 -0.9442
vn -0.3601 0.2588 -0.8963
vn -0.5062 0.2588 -0.8227
vn -0.6381 0.2588 -0.7251
vn -0.5065 0.2588 -0.8225
vn -0.7516 0.2588 -0.6068
vn -0.6382 0.2588 -0.7251
vn -0.7518 0.2589 -0.6065
vn -0.8432 0.2589 -0.4711
vn -0.9107 0.2588 -0.3218
vn -0.8431 0.2588 -0.4715
vn -0.9520 0.2588 -0.1631
vn -0.9107 0.2589 -0.3219
vn -0.9520 0.2588 -0.1633
vn -0.9659 0.2588 -0.0000
vn 0.9568 -0.2909 0.0002
vn 0.9645 -0.2639 -0.0000
vn 0.9489 -0.3155 -0.0000
vn 0.9567 -0.2910 -0.0002
vn 0.9487 -0.3162 -0.0000
vn 0.9481 -0.3181 -0.0000
vn 0.9780 -0.2088 -0.0000
vn 0.9716 -0.2365 -0.0000
vn 0.9835 -0.1810 -0.0000
vn 0.9882 -0.1531 -0.0000
vn 0.9922 -0.1250 -0.0000
vn 0.9921 -0.1251 -0.0000
vn -0.0000 -0.0000 1.0000
vn 0.0001 -0.0000 1.0000
vn -0.0001 -0.0000 1.0000
vn 0.0002 -0.0000 1.0000
vn -0.0000 -0.0000 -1.0000
vn 0.0001 -0.0000 -1.0000
vn -0.0001 -0.0000 -1.0000
vn -0.0002 -0.0000 -1.0000
vn 0.8853 0.4650 -0.0000
vn 0.9352 0.3540 -0.0000
vn 0.8226 0.5687 -0.0001
vn 0.8855 0.4646 -0.0001
vn 0.8224 0.5690 -0.0000
vn 0.7474 0.6643 -0.0000
vn 0.6610 0.7504 -0.0000
vn 0.7473 0.6644 -0.0000
vn 0.9714 0.2374 0.0001
vn 0.9930 0.1183 0.0002
vn 0.9714 0.2373 0.0001
vn 1.0000 -0.0033 0.0001
vn 0.9930 0.1178 0.0001
vn 1.0000 -0.0036 -0.0000
vn 0.7687 0.6396 -0.0000
vn 0.9739 0.2271 -0.0000
vn 0.9270 0.3751 -0.0001
vn 0.9273 0.3744 0.0001
vn 0.8581 0.5135 -0.0001
vn 0.7689 0.6394 -0.0000
vn 0.8582 0.5133 -0.0001
vn 0.9967 -0.0810 -0.0001
vn 0.9724 -0.2331 -0.0000
vn 0.9968 -0.0804 -0.0003
vn 0.9739 0.2270 -0.0000
vn 0.9973 0.0740 -0.0001
vn 0.9972 0.0742 -0.0002
vn 0.8551 -0.5185 0.0001
vn 0.8547 -0.5192 0.0003
vn 0.7645 -0.6446 0.0001
vn 0.9247 -0.3806 -0.0000
vn 0.9723 -0.2339 -0.0001
vn 0.9248 -0.3806 -0.0000
vn 0.5318 -0.8469 0.0003
vn 0.6557 -0.7550 0.0001
vn 0.5316 -0.8470 0.0003
vn 0.6562 -0.7545 0.0001
vn 0.7642 -0.6450 0.0002
vn 0.3945 -0.9189 0.0001
vn 0.3946 -0.9189 -0.0000
vn 0.2483 -0.9687 -0.0000
vn 0.2482 -0.9687 -0.0000
vn 0.0955 -0.9954 -0.0000
vn 0.8204 -0.5718 -0.0000
vn 0.9068 -0.4216 -0.0000
vn 0.9065 -0.4222 -0.0000
vn 0.9660 -0.2585 -0.0000
vn 0.9961 -0.0883 -0.0000
vn 0.9964 0.0850 -0.0000
vn 0.9964 0.0845 -0.0000
vn 0.9669 0.2551 -0.0000
vn 0.9669 0.2552 -0.0000
vn 0.9084 0.4182 -0.0000
vn 0.9083 0.4183 -0.0000
vn 0.7099 -0.7043 -0.0000
vn 0.5777 -0.8163 -0.0000
vn 0.5773 -0.8165 -0.0000
vn 0.4278 -0.9039 -0.0000
vn 0.4282 -0.9037 -0.0000
vn 0.2655 -0.9641 -0.0000
vn 0.0956 -0.9954 -0.0000
vn 0.4691 0.8832 -0.0000
vn 0.4688 0.8833 -0.0000
vn 0.6060 0.7955 -0.0000
vn 0.3199 0.9475 -0.0000
vn 0.1620 0.9868 -0.0000
vn 0.7270 0.6866 -0.0000
vn 0.8285 0.5599 -0.0000
vn 0.8286 0.5598 -0.0000
vn 0.9083 0.4184 -0.0000
vn -0.4785 -0.2909 0.8285
vn -0.4744 -0.3157 0.8217
vn -0.4783 -0.2911 0.8286
vn -0.4743 -0.3165 0.8215
vn -0.4740 -0.3182 0.8210
vn -0.4822 -0.2639 0.8353
vn -0.4858 -0.2365 0.8415
vn -0.4740 -0.3181 0.8210
vn -0.4889 -0.2089 0.8470
vn -0.4889 -0.2089 0.8469
vn -0.4917 -0.1810 0.8517
vn -0.4940 -0.1532 0.8558
vn -0.4941 -0.1532 0.8558
vn -0.4961 -0.1250 0.8592
vn -0.8660 -0.0000 -0.5001
vn -0.8661 -0.0000 -0.4999
vn -0.8660 -0.0000 -0.5000
vn -0.8659 0.0001 -0.5003
vn -0.8661 -0.0001 -0.4999
vn -0.8661 -0.0000 -0.4998
vn -0.8659 -0.0000 -0.5002
vn -0.8660 0.0001 -0.5000
vn -0.8659 0.0001 -0.5001
vn -0.8659 -0.0000 -0.5003
vn -0.8658 -0.0001 -0.5004
vn -0.8659 0.0001 -0.5002
vn -0.8660 0.0001 -0.5001
vn -0.8662 0.0001 -0.4997
vn 0.8659 -0.0001 0.5001
vn 0.8660 -0.0000 0.5000
vn 0.8660 -0.0000 0.5001
vn 0.8659 -0.0000 0.5001
vn 0.8661 -0.0000 0.4999
vn 0.8662 -0.0000 0.4997
vn 0.8660 0.0001 0.5001
vn 0.8662 -0.0000 0.4998
vn 0.8658 -0.0000 0.5003
vn 0.8660 -0.0001 0.5000
vn 0.8659 0.0001 0.5003
vn 0.8661 0.0001 0.4998
vn 0.8661 0.0001 0.4999
vn 0.8659 -0.0001 0.5002
vn 0.8657 -0.0000 0.5005
vn 0.8659 -0.0000 0.5002
vn 0.8660 -0.0001 0.5001
vn 0.8658 -0.0002 0.5004
vn -0.4427 0.4645 0.7670
vn -0.4677 0.3537 0.8100
vn -0.4113 0.5688 0.7122
vn -0.4427 0.4654 0.7665
vn -0.4113 0.5690 0.7121
vn -0.3737 0.6644 0.6473
vn -0.3305 0.7505 0.5723
vn -0.3736 0.6645 0.6472
vn -0.3305 0.7504 0.5724
vn -0.4858 0.2375 0.8412
vn -0.4968 0.1181 0.8598
vn -0.4858 0.2376 0.8411
vn -0.5001 -0.0034 0.8660
vn -0.4967 0.1178 0.8599
vn -0.5001 -0.0036 0.8659
vn -0.3305 0.7505 0.5724
vn -0.3843 0.6398 0.6656
vn -0.3844 0.6394 0.6658
vn -0.4636 0.3745 0.8030
vn -0.4290 0.5133 0.7433
vn -0.4291 0.5131 0.7434
vn -0.4982 -0.0809 0.8633
vn -0.4986 0.0744 0.8636
vn -0.4986 0.0742 0.8636
vn -0.4870 0.2270 0.8434
vn -0.4870 0.2276 0.8432
vn -0.4636 0.3743 0.8031
vn -0.4621 -0.3811 0.8007
vn -0.4272 -0.5191 0.7403
vn -0.4623 -0.3806 0.8009
vn -0.4984 -0.0803 0.8632
vn -0.4860 -0.2339 0.8421
vn -0.4862 -0.2334 0.8421
vn -0.3281 -0.7547 0.5681
vn -0.3278 -0.7553 0.5675
vn -0.2656 -0.8471 0.4603
vn -0.3826 -0.6444 0.6621
vn -0.4276 -0.5187 0.7404
vn -0.3821 -0.6450 0.6618
vn -0.1971 -0.9189 0.3416
vn -0.2663 -0.8468 0.4604
vn -0.1240 -0.9688 0.2148
vn -0.1973 -0.9190 0.3413
vn -0.1240 -0.9688 0.2147
vn -0.0478 -0.9954 0.0827
vn -0.4103 -0.5716 0.7106
vn -0.4537 -0.4215 0.7852
vn -0.4534 -0.4214 0.7854
vn -0.4830 -0.2583 0.8366
vn -0.4830 -0.2587 0.8365
vn -0.4979 -0.0883 0.8627
vn -0.4980 -0.0884 0.8626
vn -0.4982 0.0850 0.8629
vn -0.4982 0.0846 0.8629
vn -0.4835 0.2551 0.8374
vn -0.4835 0.2549 0.8374
vn -0.4542 0.4182 0.7866
vn -0.3546 -0.7050 0.6142
vn -0.3547 -0.7048 0.6143
vn -0.2886 -0.8166 0.4999
vn -0.2887 -0.8165 0.5000
vn -0.2141 -0.9037 0.3709
vn -0.2142 -0.9036 0.3710
vn -0.1327 -0.9641 0.2299
vn -0.1328 -0.9641 0.2300
vn -0.2345 0.8831 0.4063
vn -0.2345 0.8832 0.4062
vn -0.3030 0.7954 0.5249
vn -0.1600 0.9475 0.2770
vn -0.1599 0.9475 0.2770
vn -0.0810 0.9868 0.1404
vn -0.0810 0.9868 0.1403
vn -0.3634 0.6869 0.6294
vn -0.3634 0.6868 0.6295
vn -0.4142 0.5600 0.7175
vn -0.4142 0.5601 0.7175
vn -0.4541 0.4184 0.7866
vn -0.4541 0.4183 0.7866
vn -0.4744 -0.3157 -0.8217
vn -0.4784 -0.2910 -0.8285
vn -0.4780 -0.2905 -0.8289
vn -0.4744 -0.3156 -0.8218
vn -0.4740 -0.3181 -0.8210
vn -0.4743 -0.3165 -0.8215
vn -0.4858 -0.2365 -0.8415
vn -0.4822 -0.2639 -0.8353
vn -0.4889 -0.2088 -0.8470
vn -0.4917 -0.1811 -0.8517
vn -0.4941 -0.1532 -0.8558
vn -0.4961 -0.1250 -0.8592
vn -0.4961 -0.1251 -0.8592
vn 0.8660 -0.0000 -0.5000
vn 0.8660 -0.0000 -0.5001
vn 0.8661 -0.0000 -0.4999
vn 0.8659 0.0001 -0.5003
vn 0.8659 -0.0000 -0.5001
vn 0.8660 -0.0001 -0.5000
vn 0.8660 -0.0001 -0.5001
vn 0.8658 0.0002 -0.5004
vn 0.8662 -0.0000 -0.4997
vn 0.8659 0.0002 -0.5003
vn 0.8659 -0.0001 -0.5003
vn 0.8659 -0.0000 -0.5002
vn 0.8661 0.0001 -0.4999
vn 0.8661 -0.0000 -0.5000
vn 0.8659 0.0001 -0.5001
vn -0.8659 -0.0000 0.5002
vn -0.8660 -0.0000 0.5000
vn -0.8660 -0.0000 0.5001
vn -0.8661 -0.0000 0.4999
vn -0.8660 -0.0001 0.5000
vn -0.8661 -0.0000 0.4998
vn -0.8662 -0.0000 0.4996
vn -0.8659 -0.0001 0.5003
vn -0.8661 -0.0001 0.4999
vn -0.8661 0.0001 0.4998
vn -0.8658 0.0001 0.5005
vn -0.8660 0.0001 0.5000
vn -0.8660 0.0001 0.5001
vn -0.8661 0.0001 0.4999
vn -0.8662 -0.0000 0.4997
vn -0.4427 0.4647 -0.7668
vn -0.4676 0.3540 -0.8100
vn -0.4114 0.5686 -0.7124
vn -0.4429 0.4646 -0.7668
vn -0.4112 0.5689 -0.7122
vn -0.3737 0.6646 -0.6471
vn -0.3305 0.7504 -0.5724
vn -0.3735 0.6647 -0.6470
vn -0.4855 0.2379 -0.8412
vn -0.4965 0.1182 -0.8600
vn -0.4856 0.2377 -0.8412
vn -0.5000 -0.0035 -0.8660
vn -0.4966 0.1178 -0.8599
vn -0.4999 -0.0034 -0.8661
vn -0.3843 0.6396 -0.6657
vn -0.3843 0.6397 -0.6657
vn -0.4637 0.3743 -0.8030
vn -0.4291 0.5134 -0.7432
vn -0.4290 0.5134 -0.7432
vn -0.4986 -0.0810 -0.8631
vn -0.4988 0.0742 -0.8636
vn -0.4989 0.0736 -0.8635
vn -0.4871 0.2270 -0.8433
vn -0.4871 0.2271 -0.8433
vn -0.4637 0.3745 -0.8030
vn -0.4624 -0.3815 -0.8004
vn -0.4272 -0.5190 -0.7403
vn -0.4623 -0.3802 -0.8011
vn -0.4984 -0.0802 -0.8632
vn -0.4864 -0.2335 -0.8420
vn -0.4862 -0.2336 -0.8421
vn -0.3281 -0.7547 -0.5681
vn -0.3277 -0.7553 -0.5676
vn -0.2656 -0.8471 -0.4603
vn -0.3823 -0.6444 -0.6623
vn -0.4273 -0.5186 -0.7406
vn -0.3821 -0.6448 -0.6620
vn -0.1973 -0.9189 -0.3416
vn -0.2656 -0.8469 -0.4607
vn -0.1240 -0.9687 -0.2150
vn -0.1972 -0.9189 -0.3417
vn -0.1240 -0.9687 -0.2148
vn -0.0478 -0.9954 -0.0827
vn -0.4103 -0.5716 -0.7106
vn -0.4534 -0.4214 -0.7854
vn -0.4533 -0.4222 -0.7850
vn -0.4830 -0.2587 -0.8365
vn -0.4830 -0.2583 -0.8366
vn -0.4980 -0.0883 -0.8627
vn -0.4981 -0.0880 -0.8627
vn -0.4982 0.0846 -0.8629
vn -0.4834 0.2554 -0.8373
vn -0.4835 0.2551 -0.8374
vn -0.4542 0.4182 -0.7866
vn -0.3547 -0.7049 -0.6143
vn -0.3546 -0.7050 -0.6142
vn -0.2887 -0.8165 -0.5000
vn -0.2887 -0.8166 -0.4999
vn -0.2142 -0.9036 -0.3710
vn -0.2141 -0.9037 -0.3709
vn -0.1328 -0.9641 -0.2300
vn -0.1327 -0.9641 -0.2299
vn -0.2343 0.8834 -0.4059
vn -0.2344 0.8833 -0.4060
vn -0.3029 0.7956 -0.5246
vn -0.1599 0.9475 -0.2770
vn -0.1600 0.9474 -0.2771
vn -0.0810 0.9868 -0.1403
vn -0.0810 0.9868 -0.1404
vn -0.3029 0.7957 -0.5246
vn -0.3634 0.6867 -0.6296
vn -0.3634 0.6868 -0.6295
vn -0.4143 0.5596 -0.7177
vn -0.4143 0.5600 -0.7175
vn -0.4541 0.4183 -0.7866
vn -0.4541 0.4184 -0.7866
s 1
f 1//1 2//1 3//1
f 4//1 5//1 6//1
f 4//1 7//1 5//1
f 8//2 6//1 9//2
f 5//1 9//2 6//1
f 10//1 11//3 8//2
f 8//2 9//2 10//1
f 11//3 12//1 13//4
f 12//1 11//3 10//1
f 14//1 15//1 16//1
f 12//1 17//1 13//4
f 18//1 19//1 20//1
f 21//4 22//4 23//1
f 24//1 25//1 26//1
f 27//1 28//2 29//1
f 30//1 31//1 32//1
f 33//2 34//1 35//5
f 36//2 37//1 33//2
f 37//1 36//2 28//2
f 33//2 35//5 36//2
f 30//1 27//1 29//1
f 27//1 37//1 28//2
f 31//1 30//1 29//1
f 24//1 32//1 25//1
f 25//1 32//1 31//1
f 20//1 19//1 26//1
f 26//1 19//1 24//1
f 21//4 23//1 18//1
f 20//1 21//4 18//1
f 22//4 2//1 1//1
f 23//1 22//4 1//1
f 3//1 15//1 14//1
f 3//1 2//1 15//1
f 13//4 17//1 16//1
f 17//1 14//1 16//1
f 38//6 39//7 40//8
f 41//9 42//10 43//11
f 44//12 41//9 45//13
f 46//14 47//15 48//16
f 49//17 41//9 50//18
f 51//19 52//20 53//21
f 54//22 55//23 52//20
f 56//24 51//19 53//21
f 55//23 57//25 58//26
f 59//27 60//28 61//29
f 62//30 63//31 64//32
f 65//33 66//34 67//35
f 64//32 68//36 69//37
f 70//38 71//39 72//40
f 73//41 74//42 61//29
f 75//43 76//44 77//45
f 78//46 79//47 80//48
f 81//49 82//50 83//51
f 84//52 85//53 76//44
f 86//54 87//55 88//56
f 89//57 90//58 91//59
f 92//60 93//61 94//62
f 95//63 96//64 97//65
f 98//66 99//67 100//68
f 101//69 102//70 103//71
f 104//72 105//73 106//74
f 107//75 108//76 109//77
f 110//78 111//79 112//80
f 113//81 104//72 112//80
f 114//82 115//83 116//84
f 110//78 114//82 117//85
f 118//86 74//42 73//41
f 119//87 120//88 121//89
f 122//90 123//91 124//92
f 125//93 126//94 119//87
f 127//95 128//96 74//42
f 126//94 127//95 118//86
f 129//97 130//98 124//92
f 130//98 129//97 128//96
f 131//99 132//100 133//101
f 133//101 124//92 131//99
f 134//102 57//25 132//100
f 134//102 132//100 131//99
f 74//42 118//86 127//95
f 135//103 58//26 57//25
f 120//88 136//104 137//105
f 123//91 138//106 115//83
f 139//107 140//108 141//109
f 136//104 140//108 142//110
f 108//76 143//111 144//112
f 145//113 141//109 144//112
f 106//74 146//114 147//115
f 73//41 148//116 118//86
f 134//102 131//99 149//117
f 127//95 130//98 128//96
f 127//95 126//94 125//93
f 130//98 127//95 125//93
f 135//103 134//102 150//118
f 129//97 124//92 133//101
f 124//92 130//98 122//90
f 149//117 150//118 134//102
f 123//91 149//117 131//99
f 135//103 151//119 152//120
f 58//26 135//103 152//120
f 57//25 134//102 135//103
f 148//116 126//94 118//86
f 153//121 100//68 147//115
f 150//118 149//117 154//122
f 125//93 122//90 130//98
f 125//93 119//87 121//89
f 125//93 121//89 122//90
f 151//119 150//118 155//123
f 124//92 123//91 131//99
f 138//106 123//91 122//90
f 151//119 135//103 150//118
f 115//83 154//122 149//117
f 154//122 155//123 150//118
f 156//124 151//119 157//125
f 151//119 156//124 152//120
f 148//116 119//87 126//94
f 109//77 158//126 159//127
f 160//128 155//123 154//122
f 121//89 138//106 122//90
f 121//89 120//88 137//105
f 138//106 121//89 137//105
f 157//125 155//123 161//129
f 123//91 115//83 149//117
f 116//84 115//83 138//106
f 157//125 151//119 155//123
f 114//82 160//128 154//122
f 160//128 161//129 155//123
f 162//130 157//125 163//131
f 157//125 162//130 156//124
f 148//116 120//88 119//87
f 158//126 102//70 164//132
f 165//133 161//129 160//128
f 137//105 116//84 138//106
f 137//105 136//104 142//110
f 116//84 137//105 142//110
f 163//131 161//129 166//134
f 115//83 114//82 154//122
f 117//85 114//82 116//84
f 165//133 166//134 161//129
f 110//78 165//133 160//128
f 163//131 167//135 168//136
f 162//130 163//131 168//136
f 157//125 161//129 163//131
f 148//116 136//104 120//88
f 99//67 169//137 170//138
f 171//139 166//134 165//133
f 142//110 117//85 116//84
f 139//107 142//110 140//108
f 117//85 142//110 139//107
f 167//135 166//134 172//140
f 114//82 110//78 160//128
f 111//79 110//78 117//85
f 167//135 163//131 166//134
f 112//80 171//139 165//133
f 171//139 172//140 166//134
f 173//141 167//135 174//142
f 167//135 173//141 168//136
f 148//116 140//108 136//104
f 175//143 94//62 170//138
f 176//144 172//140 171//139
f 139//107 111//79 117//85
f 145//113 139//107 141//109
f 111//79 139//107 145//113
f 174//142 172//140 177//145
f 110//78 112//80 165//133
f 113//81 112//80 111//79
f 174//142 167//135 172//140
f 104//72 176//144 171//139
f 176//144 177//145 172//140
f 178//146 174//142 179//147
f 174//142 178//146 173//141
f 148//116 141//109 140//108
f 180//148 103//71 181//149
f 182//150 177//145 176//144
f 145//113 113//81 111//79
f 143//111 145//113 144//112
f 113//81 145//113 143//111
f 183//151 179//147 177//145
f 112//80 104//72 171//139
f 105//73 104//72 113//81
f 179//147 174//142 177//145
f 106//74 182//150 176//144
f 182//150 183//151 177//145
f 184//152 179//147 185//153
f 179//147 184//152 178//146
f 148//116 144//112 141//109
f 181//149 97//65 186//154
f 187//155 183//151 182//150
f 143//111 105//73 113//81
f 107//75 143//111 108//76
f 105//73 143//111 107//75
f 188//156 185//153 183//151
f 104//72 106//74 176//144
f 106//74 105//73 146//114
f 184//152 185//153 189//157
f 187//155 182//150 147//115
f 179//147 183//151 185//153
f 188//156 183//151 187//155
f 189//157 185//153 190//158
f 148//116 108//76 144//112
f 191//159 93//61 192//160
f 188//156 187//155 193//161
f 107//75 146//114 105//73
f 159//127 107//75 109//77
f 146//114 107//75 159//127
f 190//158 188//156 194//162
f 106//74 147//115 182//150
f 147//115 146//114 153//121
f 195//163 189//157 190//158
f 100//68 193//161 187//155
f 185//153 188//156 190//158
f 188//156 193//161 194//162
f 195//163 190//158 196//164
f 148//116 109//77 108//76
f 191//159 197//165 86//54
f 194//162 193//161 198//166
f 159//127 153//121 146//114
f 164//132 159//127 158//126
f 159//127 164//132 153//121
f 194//162 199//167 196//164
f 147//115 100//68 187//155
f 98//66 100//68 153//121
f 196//164 190//158 194//162
f 99//67 198//166 193//161
f 198//166 199//167 194//162
f 200//168 196//164 201//169
f 196//164 200//168 195//163
f 148//116 158//126 109//77
f 202//170 203//171 95//63
f 204//172 199//167 198//166
f 164//132 98//66 153//121
f 164//132 102//70 101//69
f 98//66 164//132 101//69
f 201//169 199//167 205//173
f 100//68 99//67 193//161
f 99//67 98//66 169//137
f 200//168 201//169 206//174
f 170//138 204//172 198//166
f 196//164 199//167 201//169
f 199//167 204//172 205//173
f 206//174 201//169 207//175
f 148//116 102//70 158//126
f 208//176 202//170 91//59
f 205//173 204//172 209//177
f 101//69 169//137 98//66
f 180//148 101//69 103//71
f 101//69 180//148 169//137
f 210//178 207//175 205//173
f 99//67 170//138 198//166
f 175//143 170//138 169//137
f 207//175 201//169 205//173
f 94//62 209//177 204//172
f 209//177 210//178 205//173
f 211//179 207//175 212//180
f 207//175 211//179 206//174
f 148//116 103//71 102//70
f 213//181 214//182 88//56
f 215//183 210//178 209//177
f 180//148 175//143 169//137
f 180//148 181//149 186//154
f 175//143 180//148 186//154
f 216//184 212//180 210//178
f 170//138 94//62 204//172
f 94//62 175//143 92//60
f 210//178 215//183 216//184
f 93//61 215//183 209//177
f 212//180 217//185 218//186
f 211//179 212//180 218//186
f 207//175 210//178 212//180
f 148//116 181//149 103//71
f 214//182 219//187 38//6
f 216//184 215//183 220//188
f 186//154 92//60 175//143
f 96//64 186//154 97//65
f 186//154 96//64 92//60
f 217//185 216//184 221//189
f 94//62 93//61 209//177
f 93//61 92//60 192//160
f 222//190 218//186 217//185
f 191//159 220//188 215//183
f 212//180 216//184 217//185
f 216//184 220//188 221//189
f 222//190 217//185 223//191
f 148//116 97//65 181//149
f 224//192 225//193 89//57
f 221//189 220//188 226//194
f 96//64 192//160 92//60
f 96//64 95//63 203//171
f 192//160 96//64 203//171
f 221//189 227//195 223//191
f 93//61 191//159 215//183
f 191//159 192//160 197//165
f 221//189 226//194 227//195
f 86//54 226//194 220//188
f 223//191 228//196 229//197
f 222//190 223//191 229//197
f 217//185 221//189 223//191
f 148//116 95//63 97//65
f 82//50 230//198 224//192
f 227//195 226//194 231//199
f 203//171 197//165 192//160
f 208//176 203//171 202//170
f 203//171 208//176 197//165
f 228//196 227//195 232//200
f 191//159 86//54 220//188
f 86//54 197//165 87//55
f 233//201 229//197 228//196
f 88//56 231//199 226//194
f 223//191 227//195 228//196
f 227//195 231//199 232//200
f 233//201 228//196 234//202
f 148//116 202//170 95//63
f 40//8 235//203 236//204
f 232//200 231//199 237//205
f 208//176 87//55 197//165
f 208//176 91//59 90//58
f 208//176 90//58 87//55
f 232//200 238//206 234//202
f 86//54 88//56 226//194
f 213//181 88//56 87//55
f 232//200 237//205 238//206
f 214//182 237//205 231//199
f 234//202 239//207 240//208
f 233//201 234//202 240//208
f 228//196 232//200 234//202
f 148//116 91//59 202//170
f 84//52 236//204 241//209
f 242//210 238//206 237//205
f 90//58 213//181 87//55
f 90//58 89//57 225//193
f 213//181 90//58 225//193
f 243//211 239//207 238//206
f 88//56 214//182 231//199
f 214//182 213//181 219//187
f 244//212 240//208 239//207
f 38//6 242//210 237//205
f 234//202 238//206 239//207
f 243//211 238//206 242//210
f 244//212 239//207 245//213
f 91//59 148//116 89//57
f 246//214 83//51 247//215
f 243//211 242//210 248//216
f 225//193 219//187 213//181
f 230//198 225//193 224//192
f 219//187 225//193 230//198
f 243//211 249//217 245//213
f 214//182 38//6 237//205
f 38//6 219//187 39//7
f 250//218 245//213 251//219
f 40//8 248//216 242//210
f 248//216 249//217 243//211
f 244//212 245//213 250//218
f 239//207 243//211 245//213
f 89//57 148//116 224//192
f 247//215 252//220 253//221
f 249//217 248//216 254//222
f 230//198 39//7 219//187
f 81//49 230//198 82//50
f 230//198 81//49 39//7
f 249//217 255//223 251//219
f 38//6 40//8 242//210
f 235//203 40//8 39//7
f 256//224 251//219 257//225
f 236//204 254//222 248//216
f 254//222 255//223 249//217
f 250//218 251//219 256//224
f 245//213 249//217 251//219
f 224//192 148//116 82//50
f 67//35 258//226 68//36
f 259//227 255//223 254//222
f 81//49 235//203 39//7
f 81//49 83//51 246//214
f 235//203 81//49 246//214
f 260//228 257//225 255//223
f 40//8 236//204 248//216
f 241//209 236//204 235//203
f 261//229 256//224 257//225
f 84//52 259//227 254//222
f 251//219 255//223 257//225
f 255//223 259//227 260//228
f 261//229 257//225 262//230
f 82//50 148//116 83//51
f 263//231 75//43 264//232
f 265//233 260//228 259//227
f 246//214 241//209 235//203
f 253//221 246//214 247//215
f 241//209 246//214 253//221
f 260//228 266//234 262//230
f 236//204 84//52 254//222
f 85//53 84//52 241//209
f 262//230 257//225 260//228
f 76//44 265//233 259//227
f 260//228 265//233 266//234
f 267//235 262//230 268//236
f 262//230 267//235 261//229
f 83//51 148//116 247//215
f 73//41 60//28 148//116
f 269//237 266//234 265//233
f 253//221 85//53 241//209
f 270//238 253//221 252//220
f 85//53 253//221 270//238
f 271//239 268//236 266//234
f 84//52 76//44 259//227
f 76//44 85//53 77//45
f 272//240 268//236 273//241
f 75//43 269//237 265//233
f 269//237 271//239 266//234
f 267//235 268//236 272//240
f 262//230 266//234 268//236
f 247//215 148//116 252//220
f 263//231 274//242 65//33
f 271//239 269//237 275//243
f 270//238 77//45 85//53
f 276//244 270//238 277//245
f 270//238 276//244 77//45
f 278//246 273//241 271//239
f 76//44 75//43 265//233
f 264//232 75//43 77//45
f 279//247 272//240 273//241
f 263//231 275//243 269//237
f 268//236 271//239 273//241
f 271//239 275//243 278//246
f 279//247 273//241 280//248
f 252//220 148//116 277//245
f 270//238 252//220 277//245
f 281//249 278//246 275//243
f 276//244 264//232 77//45
f 276//244 282//250 283//251
f 264//232 276//244 283//251
f 278//246 284//252 280//248
f 75//43 263//231 269//237
f 274//242 263//231 264//232
f 280//248 273//241 278//246
f 65//33 281//249 275//243
f 281//249 284//252 278//246
f 285//253 280//248 286//254
f 280//248 285//253 279//247
f 277//245 148//116 282//250
f 276//244 277//245 282//250
f 287//255 284//252 281//249
f 283//251 274//242 264//232
f 283//251 288//256 289//257
f 274//242 283//251 289//257
f 290//258 286//254 284//252
f 263//231 65//33 275//243
f 65//33 274//242 66//34
f 285//253 286//254 291//259
f 67//35 287//255 281//249
f 280//248 284//252 286//254
f 290//258 284//252 287//255
f 291//259 286//254 292//260
f 282//250 148//116 288//256
f 283//251 282//250 288//256
f 290//258 287//255 293//261
f 289//257 66//34 274//242
f 294//262 295//263 289//257
f 66//34 289//257 295//263
f 290//258 296//264 292//260
f 65//33 67//35 281//249
f 67//35 66//34 258//226
f 297//265 292//260 298//266
f 68//36 293//261 287//255
f 293//261 296//264 290//258
f 291//259 292//260 297//265
f 286//254 290//258 292//260
f 288//256 148//116 294//262
f 289//257 288//256 294//262
f 296//264 293//261 299//267
f 295//263 258//226 66//34
f 295//263 300//268 301//269
f 295//263 301//269 258//226
f 302//270 298//266 296//264
f 67//35 68//36 287//255
f 69//37 68//36 258//226
f 303//271 297//265 298//266
f 64//32 299//267 293//261
f 292//260 296//264 298//266
f 296//264 299//267 302//270
f 303//271 298//266 304//272
f 294//262 148//116 300//268
f 295//263 294//262 300//268
f 44//12 302//270 299//267
f 301//269 69//37 258//226
f 305//273 306//274 301//269
f 306//274 69//37 301//269
f 302//270 45//13 304//272
f 68//36 64//32 293//261
f 62//30 64//32 69//37
f 304//272 298//266 302//270
f 63//31 44//12 299//267
f 44//12 45//13 302//270
f 307//275 304//272 308//276
f 304//272 307//275 303//271
f 300//268 148//116 305//273
f 301//269 300//268 305//273
f 78//46 42//10 63//31
f 306//274 62//30 69//37
f 306//274 309//277 310//278
f 306//274 310//278 62//30
f 49//17 308//276 45//13
f 64//32 63//31 299//267
f 63//31 62//30 78//46
f 307//275 308//276 311//279
f 42//10 41//9 44//12
f 304//272 45//13 308//276
f 49//17 45//13 41//9
f 311//279 308//276 312//280
f 305//273 148//116 309//277
f 306//274 305//273 309//277
f 42//10 78//46 80//48
f 310//278 78//46 62//30
f 313//281 79//47 310//278
f 314//282 315//283 50//18
f 49//17 315//283 312//280
f 63//31 42//10 44//12
f 42//10 80//48 43//11
f 316//284 312//280 317//285
f 43//11 50//18 41//9
f 50//18 315//283 49//17
f 311//279 312//280 316//284
f 308//276 49//17 312//280
f 309//277 148//116 313//281
f 310//278 309//277 313//281
f 80//48 318//286 43//11
f 310//278 79//47 78//46
f 319//287 320//288 79//47
f 43//11 321//289 50//18
f 318//286 80//48 320//288
f 46//14 317//285 315//283
f 321//289 43//11 318//286
f 322//290 316//284 317//285
f 314//282 50//18 321//289
f 312//280 315//283 317//285
f 315//283 314//282 46//14
f 322//290 317//285 48//16
f 313//281 148//116 319//287
f 79//47 313//281 319//287
f 318//286 70//38 321//289
f 79//47 320//288 80//48
f 323//291 324//292 320//288
f 321//289 72//40 314//282
f 324//292 70//38 318//286
f 325//293 46//14 314//282
f 321//289 70//38 72//40
f 48//16 317//285 46//14
f 325//293 314//282 72//40
f 46//14 325//293 47//15
f 326//294 48//16 56//24
f 48//16 326//294 322//290
f 319//287 148//116 323//291
f 320//288 319//287 323//291
f 327//295 325//293 72//40
f 320//288 324//292 318//286
f 328//296 59//27 324//292
f 329//297 47//15 325//293
f 59//27 71//39 70//38
f 330//298 56//24 47//15
f 71//39 327//295 72//40
f 56//24 330//298 51//19
f 329//297 325//293 327//295
f 330//298 47//15 329//297
f 326//294 56//24 53//21
f 48//16 47//15 56//24
f 323//291 148//116 328//296
f 324//292 323//291 328//296
f 61//29 331//299 71//39
f 324//292 59//27 70//38
f 61//29 71//39 59//27
f 331//299 332//300 327//295
f 331//299 327//295 71//39
f 332//300 333//301 329//297
f 332//300 329//297 327//295
f 333//301 334//302 330//298
f 333//301 330//298 329//297
f 54//22 51//19 334//302
f 51//19 330//298 334//302
f 52//20 51//19 54//22
f 328//296 148//116 60//28
f 59//27 328//296 60//28
f 331//299 74//42 128//96
f 73//41 61//29 60//28
f 332//300 128//96 129//97
f 74//42 331//299 61//29
f 333//301 129//97 133//101
f 128//96 332//300 331//299
f 334//302 133//101 132//100
f 129//97 333//301 332//300
f 54//22 132//100 57//25
f 133//101 334//302 333//301
f 57//25 55//23 54//22
f 132//100 54//22 334//302
f 335//303 336//304 337//305
f 335//303 338//306 339//307
f 338//306 340//308 341//309
f 339//307 342//310 336//304
f 336//304 343//311 344//312
f 345//313 346//314 343//311
f 339//307 347//315 348//316
f 342//310 349//317 343//311
f 350//318 351//319 345//313
f 352//320 350//318 353//321
f 349//317 354//322 345//313
f 355//323 356//324 353//321
f 357//325 350//318 354//322
f 355//323 358//326 359//327
f 357//325 360//328 353//321
f 355//323 360//328 361//329
f 357//325 362//330 363//331
f 361//329 364//332 358//326
f 358//326 365//333 366//334
f 365//333 364//332 367//335
f 368//336 365//333 369//337
f 370//338 369//337 371//339
f 372//340 364//332 373//341
f 371//339 374//342 375//343
f 367//335 376//344 369//337
f 377//345 371//339 376//344
f 378//346 379//120 380//347
f 381//348 382//349 374//342
f 380//347 379//120 383//350
f 379//120 384//124 383//350
f 382//349 381//348 385//351
f 386//352 387//353 388//354
f 386//352 383//350 387//353
f 389//355 390//356 391//357
f 382//349 385//351 392//358
f 393//359 394//360 395//361
f 388//354 387//353 392//358
f 377//345 396//362 374//342
f 392//358 385//351 388//354
f 377//345 397//363 398//364
f 374//342 396//362 381//348
f 377//345 374//342 371//339
f 396//362 377//345 398//364
f 397//363 399//365 400//366
f 400//366 399//365 401//367
f 401//367 399//365 402//368
f 403//369 401//367 402//368
f 404//370 405//371 403//369
f 402//368 406//372 403//369
f 407//373 408//374 409//375
f 410//376 340//308 335//303
f 411//377 412//378 340//308
f 412//378 409//375 341//309
f 413//379 414//380 415//381
f 416//382 413//379 409//375
f 414//380 416//382 417//383
f 412//378 418//384 416//382
f 419//385 415//381 420//386
f 421//387 422//388 419//385
f 414//380 423//389 420//386
f 424//390 425//391 426//392
f 426//392 419//385 427//393
f 427//393 428//394 424//390
f 429//395 427//393 420//386
f 425//391 430//396 431//397
f 432//398 431//397 433//399
f 431//397 434//400 435//401
f 430//396 424//390 436//402
f 434//400 430//396 437//403
f 438//404 439//405 435//401
f 440//406 441//407 442//408
f 434//400 443//409 438//404
f 438//404 444//410 445//411
f 439//405 445//411 440//406
f 446//412 447//413 448//414
f 440//406 449//415 447//413
f 450//416 448//414 449//415
f 451//417 449//415 445//411
f 452//418 453//419 446//412
f 453//419 454//420 455//421
f 456//422 457//423 453//419
f 448//414 458//424 452//418
f 456//422 452//418 459//425
f 456//422 460//426 395//361
f 461//427 462//428 463//429
f 460//426 464//430 393//359
f 465//23 378//346 466//431
f 467//432 462//428 461//427
f 468//433 380//347 386//352
f 465//23 469//434 470//20
f 471//435 457//423 395//361
f 394//360 463//429 472//436
f 394//360 472//436 473//437
f 466//431 468//433 474//438
f 380//347 466//431 378//346
f 475//439 476//440 473//437
f 477//441 478//442 479//443
f 480//444 481//445 482//446
f 483//447 484//448 475//439
f 485//449 486//450 487//451
f 487//451 488//452 480//444
f 489//453 490//454 491//455
f 492//456 493//457 494//458
f 495//459 403//369 405//371
f 496//460 497//461 489//453
f 496//460 495//459 497//461
f 498//462 384//124 499//130
f 380//347 383//350 386//352
f 498//462 383//350 384//124
f 499//130 500//463 498//462
f 387//353 498//462 391//357
f 382//349 390//356 375//343
f 392//358 391//357 390//356
f 501//464 397//363 376//344
f 382//349 392//358 390//356
f 376//344 371//339 369//337
f 382//349 375//343 374//342
f 399//365 502//465 402//368
f 402//368 503//466 406//372
f 398//364 397//363 400//366
f 397//363 377//345 376//344
f 504//467 406//372 505//468
f 502//465 399//365 501//464
f 403//369 406//372 404//370
f 402//368 502//465 503//466
f 504//467 404//370 406//372
f 383//350 498//462 387//353
f 506//141 507//146 508//469
f 509//470 510//471 500//463
f 387//353 391//357 392//358
f 391//357 500//463 389//355
f 375//343 511//472 370//338
f 511//472 390//356 389//355
f 372//340 501//464 367//335
f 390//356 511//472 375//343
f 367//335 369//337 365//333
f 370//338 371//339 375//343
f 502//465 512//473 503//466
f 513//474 514//475 515//476
f 397//363 501//464 399//365
f 501//464 376//344 367//335
f 516//477 505//468 517//478
f 512//473 502//465 372//340
f 515//476 503//466 512//473
f 504//467 505//468 516//477
f 406//372 503//466 505//468
f 498//462 500//463 391//357
f 499//130 509//470 500//463
f 518//157 519//163 520//479
f 521//480 522//481 523//482
f 389//355 510//471 524//483
f 370//338 525//484 368//336
f 511//472 524//483 525//484
f 365//333 358//326 364//332
f 525//484 370//338 511//472
f 513//474 515//476 512//473
f 368//336 369//337 370//338
f 514//475 517//478 515//476
f 526//485 517//478 514//475
f 501//464 372//340 502//465
f 367//335 364//332 372//340
f 503//466 515//476 505//468
f 373//341 513//474 512//473
f 517//478 527//486 528//487
f 516//477 517//478 528//487
f 505//468 515//476 517//478
f 500//463 510//471 389//355
f 509//470 506//141 510//471
f 508//469 507//146 529//488
f 389//355 524//483 511//472
f 508//469 530//489 524//483
f 368//336 531//490 366//334
f 531//490 525//484 530//489
f 532//491 373//341 361//329
f 525//484 531//490 368//336
f 361//329 358//326 355//323
f 368//336 366//334 365//333
f 513//474 533//492 514//475
f 514//475 534//493 526//485
f 372//340 373//341 512//473
f 373//341 364//332 361//329
f 535//494 526//485 536//495
f 533//492 513//474 532//491
f 517//478 526//485 527//486
f 514//475 533//492 534//493
f 535//494 527//486 526//485
f 524//483 510//471 508//469
f 506//141 508//469 510//471
f 529//488 537//496 538//497
f 524//483 530//489 525//484
f 529//488 539//498 530//489
f 366//334 540//499 359//327
f 531//490 539//498 540//499
f 363//331 532//491 360//328
f 531//490 540//499 366//334
f 360//328 355//323 353//321
f 359//327 358//326 366//334
f 533//492 541//500 534//493
f 542//501 543//502 544//503
f 373//341 532//491 513//474
f 532//491 361//329 360//328
f 545//504 536//495 546//505
f 541//500 533//492 363//331
f 544//503 534//493 541//500
f 535//494 536//495 545//504
f 526//485 534//493 536//495
f 508//469 529//488 530//489
f 507//146 537//496 529//488
f 538//497 518//157 520//479
f 530//489 539//498 531//490
f 538//497 547//506 539//498
f 359//327 548//507 356//324
f 540//499 547//506 548//507
f 353//321 350//318 357//325
f 548//507 359//327 540//499
f 542//501 544//503 541//500
f 356//324 355//323 359//327
f 543//502 546//505 544//503
f 549//508 546//505 543//502
f 532//491 363//331 533//492
f 360//328 357//325 363//331
f 534//493 544//503 536//495
f 362//330 542//501 541//500
f 546//505 550//509 551//510
f 545//504 546//505 551//510
f 536//495 544//503 546//505
f 529//488 538//497 539//498
f 537//496 518//157 538//497
f 520//479 519//163 552//511
f 539//498 547//506 540//499
f 519//163 553//168 552//511
f 356//324 554//512 352//320
f 554//512 548//507 555//513
f 556//514 362//330 354//322
f 548//507 554//512 356//324
f 354//322 350//318 345//313
f 356//324 352//320 353//321
f 542//501 557//515 543//502
f 543//502 558//516 549//508
f 363//331 362//330 541//500
f 362//330 357//325 354//322
f 559//517 549//508 560//518
f 557//515 542//501 556//514
f 546//505 549//508 550//509
f 543//502 557//515 558//516
f 559//517 550//509 549//508
f 547//506 520//479 555//513
f 520//479 547//506 538//497
f 561//519 562//520 563//174
f 547//506 555//513 548//507
f 553//168 563//174 564//521
f 352//320 565//522 351//319
f 554//512 555//513 566//523
f 567//524 556//514 349//317
f 554//512 565//522 352//320
f 349//317 345//313 343//311
f 350//318 352//320 351//319
f 557//515 568//525 558//516
f 569//526 570//527 571//528
f 362//330 556//514 542//501
f 556//514 354//322 349//317
f 572//529 560//518 573//530
f 568//525 557//515 567//524
f 571//528 558//516 568//525
f 559//517 560//518 572//529
f 549//508 558//516 560//518
f 555//513 552//511 566//523
f 520//479 552//511 555//513
f 562//520 564//521 563//174
f 554//512 566//523 565//522
f 566//523 564//521 574//531
f 575//532 346//314 351//319
f 565//522 574//531 575//532
f 567//524 342//310 348//316
f 575//532 351//319 565//522
f 569//526 571//528 568//525
f 345//313 351//319 346//314
f 570//527 573//530 571//528
f 576//533 573//530 570//527
f 556//514 567//524 557//515
f 349//317 342//310 567//524
f 558//516 571//528 560//518
f 348//316 569//526 568//525
f 573//530 577//534 578//535
f 572//529 573//530 578//535
f 560//518 571//528 573//530
f 566//523 552//511 564//521
f 553//168 564//521 552//511
f 579//197 580//536 581//190
f 566//523 574//531 565//522
f 561//519 582//186 583//537
f 584//538 344//312 346//314
f 575//532 574//531 585//539
f 335//303 339//307 336//304
f 584//538 346//314 575//532
f 570//527 569//526 586//540
f 343//311 346//314 344//312
f 343//311 336//304 342//310
f 570//527 587//541 576//533
f 567//524 348//316 568//525
f 348//316 342//310 339//307
f 588//542 576//533 589//543
f 586//540 569//526 347//315
f 573//530 576//533 577//534
f 570//527 586//540 587//541
f 588//542 577//534 576//533
f 574//531 562//520 585//539
f 562//520 574//531 564//521
f 590//544 583//537 582//186
f 575//532 585//539 584//538
f 583//537 591//545 585//539
f 592//546 337//305 344//312
f 584//538 591//545 592//546
f 593//547 347//315 338//306
f 584//538 592//546 344//312
f 338//306 335//303 340//308
f 337//305 336//304 344//312
f 586//540 594//548 587//541
f 595//549 589//543 587//541
f 348//316 347//315 569//526
f 347//315 339//307 338//306
f 596//550 589//543 597//551
f 594//548 586//540 593//547
f 595//549 587//541 594//548
f 588//542 589//543 596//550
f 576//533 587//541 589//543
f 585//539 562//520 583//537
f 561//519 583//537 562//520
f 581//190 580//536 590//544
f 585//539 591//545 584//538
f 590//544 598//552 591//545
f 337//305 599//553 410//376
f 592//546 591//545 598//552
f 593//547 341//309 408//374
f 599//553 337//305 592//546
f 600//554 595//549 594//548
f 335//303 337//305 410//376
f 601//555 597//551 595//549
f 602//556 597//551 601//555
f 347//315 593//547 586//540
f 338//306 341//309 593//547
f 603//557 597//551 604//558
f 600//554 594//548 408//374
f 601//555 595//549 600//554
f 596//550 597//551 603//557
f 589//543 595//549 597//551
f 583//537 590//544 591//545
f 582//186 581//190 590//544
f 605//559 606//208 607//560
f 592//546 598//552 599//553
f 579//197 605//559 608//561
f 609//562 411//377 410//376
f 599//553 610//563 609//562
f 412//378 416//382 409//375
f 609//562 410//376 599//553
f 601//555 600//554 611//564
f 411//377 340//308 410//376
f 340//308 412//378 341//309
f 601//555 612//565 602//556
f 593//547 408//374 594//548
f 408//374 341//309 409//375
f 613//566 602//556 614//567
f 407//373 611//564 600//554
f 597//551 602//556 604//558
f 601//555 611//564 612//565
f 613//566 604//558 602//556
f 598//552 580//536 610//563
f 580//536 598//552 590//544
f 605//559 607//560 608//561
f 598//552 610//563 599//553
f 608//561 615//568 610//563
f 411//377 616//569 418//384
f 609//562 610//563 615//568
f 617//570 407//373 413//379
f 609//562 616//569 411//377
f 413//379 416//382 414//380
f 418//384 412//378 411//377
f 611//564 618//571 612//565
f 612//565 619//572 614//567
f 408//374 407//373 600//554
f 407//373 409//375 413//379
f 620//573 614//567 621//574
f 618//571 611//564 617//570
f 618//571 619//572 612//565
f 613//566 614//567 620//573
f 602//556 612//565 614//567
f 610//563 580//536 608//561
f 579//197 608//561 580//536
f 622//575 623//218 624//576
f 609//562 615//568 616//569
f 606//208 622//575 625//577
f 418//384 626//578 417//383
f 616//569 615//568 627//579
f 422//388 617//570 415//381
f 616//569 626//578 418//384
f 628//580 619//572 618//571
f 417//383 416//382 418//384
f 629//581 621//574 619//572
f 630//582 621//574 629//581
f 407//373 617//570 611//564
f 617//570 413//379 415//381
f 631//583 621//574 630//582
f 628//580 618//571 422//388
f 629//581 619//572 628//580
f 620//573 621//574 631//583
f 614//567 619//572 621//574
f 615//568 607//560 627//579
f 607//560 615//568 608//561
f 624//576 625//577 622//575
f 616//569 627//579 626//578
f 627//579 625//577 523//482
f 417//383 522//481 423//389
f 522//481 626//578 523//482
f 420//386 427//393 419//385
f 522//481 417//383 626//578
f 632//584 629//581 628//580
f 414//380 417//383 423//389
f 414//380 420//386 415//381
f 629//581 633//585 630//582
f 617//570 422//388 618//571
f 422//388 415//381 419//385
f 634//586 630//582 635//587
f 421//387 632//584 628//580
f 630//582 636//588 631//583
f 629//581 632//584 633//585
f 634//586 636//588 630//582
f 627//579 607//560 625//577
f 606//208 625//577 607//560
f 637//229 638//589 639//224
f 627//579 523//482 626//578
f 523//482 624//576 521//480
f 640//590 429//395 423//389
f 640//590 522//481 521//480
f 641//591 421//387 426//392
f 522//481 640//590 423//389
f 426//392 427//393 424//390
f 429//395 420//386 423//389
f 632//584 642//592 633//585
f 633//585 643//593 635//587
f 422//388 421//387 628//580
f 421//387 419//385 426//392
f 644//594 635//587 645//595
f 642//592 632//584 641//591
f 642//592 643//593 633//585
f 634//586 635//587 644//594
f 630//582 633//585 635//587
f 624//576 523//482 625//577
f 639//224 646//596 623//218
f 647//597 637//229 648//235
f 649//598 650//599 470//20
f 521//480 646//596 651//600
f 429//395 652//601 428//394
f 640//590 651//600 652//601
f 432//398 641//591 425//391
f 640//590 652//601 429//395
f 653//602 643//593 642//592
f 428//394 427//393 429//395
f 654//603 645//595 643//593
f 655//604 645//595 654//603
f 421//387 641//591 632//584
f 641//591 426//392 425//391
f 656//605 645//595 655//604
f 653//602 642//592 432//398
f 654//603 643//593 653//602
f 644//594 645//595 656//605
f 635//587 643//593 645//595
f 521//480 624//576 646//596
f 623//218 646//596 624//576
f 638//589 637//229 647//597
f 521//480 651//600 640//590
f 638//589 657//606 651//600
f 428//394 658//607 436//402
f 652//601 657//606 658//607
f 430//396 434//400 431//397
f 652//601 658//607 428//394
f 659//608 654//603 653//602
f 436//402 424//390 428//394
f 424//390 430//396 425//391
f 654//603 660//609 655//604
f 641//591 432//398 642//592
f 432//398 425//391 431//397
f 655//604 660//609 661//610
f 433//399 659//608 653//602
f 655//604 662//611 656//605
f 654//603 659//608 660//609
f 663//612 662//611 655//604
f 651//600 646//596 638//589
f 639//224 638//589 646//596
f 664//613 665//247 666//614
f 651//600 657//606 652//601
f 648//235 664//613 667//615
f 436//402 668//616 437//403
f 658//607 657//606 669//617
f 670//618 433//399 435//401
f 658//607 668//616 436//402
f 435//401 434//400 438//404
f 430//396 436//402 437//403
f 659//608 671//619 660//609
f 660//609 672//620 661//610
f 432//398 433//399 653//602
f 433//399 431//397 435//401
f 673//621 661//610 674//622
f 671//619 659//608 670//618
f 655//604 661//610 663//612
f 660//609 671//619 672//620
f 673//621 663//612 661//610
f 657//606 647//597 669//617
f 647//597 657//606 638//589
f 675//253 676//623 665//247
f 658//607 669//617 668//616
f 669//617 667//615 677//624
f 678//625 443//409 437//403
f 678//625 668//616 677//624
f 442//408 670//618 439//405
f 668//616 678//625 437//403
f 679//626 672//620 671//619
f 443//409 434//400 437//403
f 680//627 674//622 672//620
f 681//628 674//622 680//627
f 433//399 670//618 659//608
f 670//618 435//401 439//405
f 682//629 674//622 681//628
f 679//626 671//619 442//408
f 680//627 672//620 679//626
f 673//621 674//622 682//629
f 661//610 672//620 674//622
f 669//617 647//597 667//615
f 648//235 667//615 647//597
f 675//253 683//259 684//630
f 669//617 677//624 668//616
f 677//624 666//614 685//631
f 443//409 686//632 444//410
f 678//625 685//631 686//632
f 445//411 449//415 440//406
f 678//625 686//632 443//409
f 687//633 680//627 679//626
f 444//410 438//404 443//409
f 438//404 445//411 439//405
f 680//627 688//634 681//628
f 670//618 442//408 671//619
f 442//408 439//405 440//406
f 681//628 688//634 689//635
f 441//407 687//633 679//626
f 681//628 690//636 682//629
f 680//627 687//633 688//634
f 691//637 690//636 681//628
f 677//624 667//615 666//614
f 664//613 666//614 667//615
f 676//623 675//253 684//630
f 677//624 685//631 678//625
f 676//623 692//638 685//631
f 444//410 693//639 451//417
f 686//632 692//638 693//639
f 694//640 441//407 447//413
f 686//632 693//639 444//410
f 447//413 449//415 448//414
f 451//417 445//411 444//410
f 687//633 695//641 688//634
f 688//634 696//642 689//635
f 442//408 441//407 679//626
f 441//407 440//406 447//413
f 697//643 689//635 698//644
f 695//641 687//633 694//640
f 681//628 689//635 691//637
f 688//634 695//641 696//642
f 697//643 691//637 689//635
f 685//631 666//614 676//623
f 665//247 676//623 666//614
f 699//265 700//645 701//646
f 685//631 692//638 686//632
f 683//259 699//265 702//647
f 703//648 450//416 451//417
f 693//639 692//638 704//649
f 455//421 694//640 446//412
f 703//648 451//417 693//639
f 446//412 448//414 452//418
f 449//415 451//417 450//416
f 705//650 698//644 696//642
f 706//651 698//644 705//650
f 441//407 694//640 687//633
f 694//640 447//413 446//412
f 707//652 698//644 706//651
f 708//653 695//641 455//421
f 705//650 696//642 708//653
f 697//643 698//644 707//652
f 689//635 696//642 698//644
f 692//638 684//630 704//649
f 684//630 692//638 676//623
f 700//645 709//275 710//654
f 693//639 704//649 703//648
f 704//649 702//647 711//655
f 712//656 458//424 450//416
f 703//648 711//655 712//656
f 452//418 456//422 453//419
f 703//648 712//656 450//416
f 713//657 705//650 708//653
f 458//424 448//414 450//416
f 714//658 706//651 705//650
f 695//641 708//653 696//642
f 694//640 455//421 695//641
f 455//421 446//412 453//419
f 706//651 714//658 715//659
f 454//420 713//657 708//653
f 706//651 716//660 707//652
f 705//650 713//657 714//658
f 717//661 716//660 706//651
f 704//649 684//630 702//647
f 683//259 702//647 684//630
f 701//646 700//645 710//654
f 704//649 711//655 703//648
f 701//646 718//662 711//655
f 458//424 719//663 459//425
f 712//656 718//662 719//663
f 720//664 454//420 457//423
f 458//424 712//656 719//663
f 457//423 456//422 395//361
f 458//424 459//425 452//418
f 713//657 721//665 714//658
f 714//658 722//666 715//659
f 455//421 454//420 708//653
f 454//420 453//419 457//423
f 723//667 715//659 724//668
f 721//665 713//657 720//664
f 706//651 715//659 717//661
f 714//658 721//665 722//666
f 723//667 717//661 715//659
f 711//655 702//647 701//646
f 699//265 701//646 702//647
f 725//669 726//284 727//670
f 711//655 718//662 712//656
f 709//275 725//669 728//671
f 459//425 729//672 460//426
f 718//662 730//673 719//663
f 476//440 720//664 471//435
f 459//425 719//663 729//672
f 395//361 394//360 471//435
f 460//426 456//422 459//425
f 731//674 724//668 722//666
f 732//675 724//668 731//674
f 454//420 720//664 713//657
f 720//664 457//423 471//435
f 733//676 724//668 732//675
f 734//677 721//665 476//440
f 731//674 722//666 734//677
f 723//667 724//668 733//676
f 715//659 722//666 724//668
f 718//662 710//654 730//673
f 710//654 718//662 701//646
f 735//678 726//284 736//290
f 719//663 730//673 729//672
f 730//673 728//671 737//679
f 463//429 393//359 738//680
f 737//679 729//672 730//673
f 473//437 471//435 394//360
f 460//426 729//672 464//430
f 739//681 731//674 734//677
f 393//359 395//361 460//426
f 740//682 732//675 731//674
f 721//665 734//677 722//666
f 720//664 476//440 721//665
f 476//440 471//435 473//437
f 732//675 740//682 741//683
f 475//439 739//681 734//677
f 732//675 742//684 733//676
f 731//674 739//681 740//682
f 743//685 742//684 732//675
f 730//673 710//654 728//671
f 709//275 728//671 710//654
f 736//290 744//686 745//687
f 729//672 737//679 464//430
f 746//688 737//679 727//670
f 473//437 472//436 483//447
f 464//430 746//688 738//680
f 747//689 488//452 486//450
f 393//359 464//430 738//680
f 483//447 472//436 748//690
f 393//359 463//429 394//360
f 739//681 749//691 740//682
f 740//682 750//692 741//683
f 476//440 475//439 734//677
f 475//439 473//437 483//447
f 751//693 741//683 752//694
f 749//691 739//681 484//448
f 732//675 741//683 743//685
f 740//682 749//691 750//692
f 751//693 743//685 741//683
f 737//679 728//671 727//670
f 725//669 727//670 728//671
f 735//678 736//290 745//687
f 737//679 746//688 464//430
f 735//678 753//695 746//688
f 462//428 748//690 472//436
f 738//680 753//695 461//427
f 748//690 479//443 483//447
f 461//427 463//429 738//680
f 479//443 481//445 484//448
f 463//429 462//428 472//436
f 488//452 752//694 750//692
f 747//689 752//694 488//452
f 475//439 484//448 739//681
f 483//447 479//443 484//448
f 754//696 752//694 747//689
f 480//444 749//691 481//445
f 488//452 750//692 480//444
f 751//693 752//694 754//696
f 741//683 750//692 752//694
f 746//688 727//670 735//678
f 726//284 735//678 727//670
f 755//697 756//698 757//699
f 746//688 753//695 738//680
f 650//599 758//700 744//686
f 748//690 462//428 759//701
f 760//702 467//432 461//427
f 479//443 748//690 477//441
f 467//432 759//701 462//428
f 481//445 479//443 478//442
f 759//701 477//441 748//690
f 493//457 490//454 494//458
f 749//691 480//444 750//692
f 484//448 481//445 749//691
f 481//445 478//442 482//446
f 747//689 486//450 761//703
f 482//446 487//451 480//444
f 747//689 762//704 754//696
f 488//452 487//451 486//450
f 763//705 762//704 747//689
f 753//695 745//687 760//702
f 745//687 753//695 735//678
f 467//432 764//706 759//701
f 753//695 760//702 461//427
f 765//707 760//702 758//700
f 759//701 766//708 477//441
f 765//707 764//706 467//432
f 477//441 767//709 478//442
f 764//706 766//708 759//701
f 478//442 768//710 482//446
f 766//708 767//709 477//441
f 482//446 769//711 487//451
f 768//710 478//442 767//709
f 486//450 492//456 761//703
f 769//711 482//446 768//710
f 770//712 761//703 494//458
f 487//451 769//711 485//449
f 747//689 761//703 763//705
f 486//450 485//449 492//456
f 770//712 763//705 761//703
f 760//702 745//687 758//700
f 744//686 758//700 745//687
f 764//706 757//699 766//708
f 760//702 765//707 467//432
f 649//598 771//713 765//707
f 766//708 756//698 767//709
f 771//713 757//699 764//706
f 767//709 772//714 768//710
f 757//699 756//698 766//708
f 768//710 773//715 769//711
f 756//698 772//714 767//709
f 769//711 774//716 485//449
f 772//714 773//715 768//710
f 775//717 492//456 485//449
f 769//711 773//715 774//716
f 776//718 494//458 490//454
f 485//449 774//716 775//717
f 493//457 492//456 775//717
f 770//712 494//458 776//718
f 761//703 492//456 494//458
f 765//707 758//700 649//598
f 650//599 649//598 758//700
f 777//719 772//714 756//698
f 765//707 771//713 764//706
f 469//434 474//438 771//713
f 778//720 773//715 772//714
f 474//438 755//697 757//699
f 779//721 774//716 773//715
f 755//697 777//719 756//698
f 780//722 775//717 774//716
f 777//719 778//720 772//714
f 781//723 493//457 775//717
f 778//720 779//721 773//715
f 782//724 496//460 489//453
f 779//721 780//722 774//716
f 493//457 491//455 490//454
f 781//723 775//717 780//722
f 490//454 783//725 776//718
f 493//457 781//723 491//455
f 784//726 783//725 490//454
f 771//713 649//598 469//434
f 470//20 469//434 649//598
f 468//433 785//727 755//697
f 771//713 474//438 757//699
f 468//433 755//697 474//438
f 785//727 786//728 777//719
f 785//727 777//719 755//697
f 786//728 787//729 778//720
f 786//728 778//720 777//719
f 787//729 788//730 779//721
f 787//729 779//721 778//720
f 788//730 789//731 780//722
f 788//730 780//722 779//721
f 789//731 790//732 781//723
f 789//731 781//723 780//722
f 790//732 782//724 491//455
f 491//455 781//723 790//732
f 490//454 489//453 784//726
f 489//453 491//455 782//724
f 497//461 784//726 489//453
f 469//434 465//23 466//431
f 474//438 469//434 466//431
f 785//727 386//352 388//354
f 380//347 468//433 466//431
f 786//728 388//354 385//351
f 386//352 785//727 468//433
f 787//729 385//351 381//348
f 388//354 786//728 785//727
f 788//730 381//348 396//362
f 385//351 787//729 786//728
f 789//731 396//362 398//364
f 381//348 788//730 787//729
f 790//732 398//364 400//366
f 396//362 789//731 788//730
f 782//724 400//366 401//367
f 398//364 790//732 789//731
f 496//460 401//367 403//369
f 400//366 782//724 790//732
f 403//369 495//459 496//460
f 401//367 496//460 782//724
f 791//733 792//550 793//557
f 794//734 795//735 796//736
f 797//737 798//566 799//738
f 800//739 801//740 796//736
f 802//741 795//735 803//742
f 804//743 791//733 793//557
f 805//744 806//745 807//746
f 808//747 809//748 810//749
f 810//749 811//750 812//751
f 813//752 814//637 815//753
f 816//754 817//755 818//756
f 819//757 820//758 813//752
f 815//753 814//637 821//759
f 822//760 823//761 824//762
f 825//763 823//761 822//760
f 822//760 826//764 825//763
f 813//752 820//758 827//636
f 828//765 829//766 823//761
f 830//767 831//768 832//769
f 821//759 833//652 834//770
f 835//771 836//772 837//773
f 838//774 839//775 840//776
f 841//777 835//771 842//778
f 837//773 839//775 843//779
f 844//780 845//781 846//782
f 847//459 848//783 849//784
f 850//785 836//772 851//685
f 839//775 838//774 852//786
f 853//787 854//788 855//789
f 856//790 857//791 858//792
f 849//784 859//793 847//459
f 832//769 860//794 857//791
f 861//795 830//767 862//796
f 863//725 862//796 830//767
f 864//797 865//798 866//799
f 867//800 868//801 862//796
f 864//797 869//802 865//798
f 867//800 862//796 870//803
f 871//804 872//805 868//801
f 872//805 873//806 874//807
f 865//798 871//804 875//808
f 848//783 876//809 877//810
f 857//791 878//705 832//769
f 876//809 848//783 847//459
f 850//785 856//790 879//811
f 880//812 853//787 874//807
f 836//772 850//785 881//813
f 845//781 844//780 855//789
f 844//780 846//782 840//776
f 882//814 883//667 841//777
f 884//815 885//816 882//814
f 884//815 882//814 841//777
f 886//817 887//660 885//816
f 882//814 885//816 887//660
f 833//652 886//817 888//818
f 886//817 833//652 887//660
f 889//819 890//820 820//758
f 833//652 888//818 834//770
f 891//821 808//747 890//820
f 818//756 819//757 828//765
f 892//822 817//755 893//823
f 894//824 890//820 808//747
f 895//825 896//826 812//751
f 800//739 892//822 897//827
f 898//588 896//826 899//828
f 900//586 812//751 896//826
f 797//737 901//829 902//830
f 901//829 799//738 903//583
f 904//558 798//566 905//831
f 901//829 906//832 902//830
f 907//833 908//834 909//835
f 910//836 911//837 909//835
f 908//834 912//838 913//839
f 914//840 915//841 916//842
f 916//842 911//837 917//843
f 918//844 919//845 920//846
f 921//847 919//845 915//841
f 922//848 923//849 924//850
f 925//851 923//849 926//486
f 922//848 924//850 927//852
f 922//848 927//852 928//853
f 928//853 929//370 930//467
f 930//467 922//848 928//853
f 929//370 931//854 877//810
f 928//853 931//854 929//370
f 876//809 929//370 877//810
f 932//855 925//851 933//856
f 934//857 918//844 935//858
f 934//857 936//859 924//850
f 937//860 934//857 935//858
f 925//851 932//855 938//861
f 939//862 940//863 941//864
f 932//855 939//862 942//865
f 941//864 943//866 944//867
f 945//517 943//866 941//864
f 946//868 806//745 947//869
f 943//866 948//870 949//871
f 907//833 948//870 950//872
f 951//873 947//869 908//834
f 904//558 905//831 952//874
f 953//875 950//872 954//542
f 948//870 955//534 950//872
f 904//558 804//743 793//557
f 792//550 791//733 953//875
f 804//743 904//558 952//874
f 905//831 798//566 797//737
f 937//860 936//859 934//857
f 918//844 920//846 935//858
f 922//848 956//477 957//487
f 936//859 927//852 924//850
f 958//876 924//850 923//849
f 930//467 956//477 922//848
f 918//844 934//857 958//876
f 919//845 921//847 920//846
f 926//486 923//849 957//487
f 934//857 924//850 958//876
f 938//861 958//876 925//851
f 957//487 923//849 922//848
f 919//845 918//844 938//861
f 921//847 915//841 914//840
f 958//876 923//849 925//851
f 918//844 958//876 938//861
f 938//861 932//855 942//865
f 926//486 933//856 925//851
f 915//841 919//845 942//865
f 916//842 917//843 914//840
f 932//855 959//504 960//510
f 919//845 938//861 942//865
f 961//877 942//865 939//862
f 933//856 959//504 932//855
f 916//842 915//841 961//877
f 911//837 910//836 917//843
f 940//863 939//862 960//510
f 915//841 942//865 961//877
f 944//867 961//877 941//864
f 960//510 939//862 932//855
f 911//837 916//842 944//867
f 909//835 913//839 910//836
f 961//877 939//862 941//864
f 916//842 961//877 944//867
f 944//867 943//866 949//871
f 940//863 945//517 941//864
f 949//871 909//835 911//837
f 953//875 951//873 950//872
f 943//866 962//529 963//535
f 911//837 944//867 949//871
f 907//833 949//871 948//870
f 945//517 962//529 943//866
f 913//839 909//835 908//834
f 912//838 947//869 805//744
f 955//534 948//870 963//535
f 909//835 949//871 907//833
f 950//872 951//873 907//833
f 963//535 948//870 943//866
f 912//838 908//834 947//869
f 805//744 947//869 806//745
f 908//834 907//833 951//873
f 947//869 951//873 946//868
f 955//534 954//542 950//872
f 951//873 953//875 946//868
f 953//875 954//542 792//550
f 802//741 964//878 795//735
f 795//735 794//734 803//742
f 899//828 906//832 901//829
f 964//878 902//830 906//832
f 906//832 899//828 965//879
f 799//738 901//829 797//737
f 965//879 795//735 964//878
f 794//734 796//736 801//740
f 899//828 903//583 898//588
f 965//879 964//878 906//832
f 895//825 965//879 896//826
f 903//583 899//828 901//829
f 796//736 795//735 895//825
f 801//740 800//739 897//827
f 965//879 899//828 896//826
f 795//735 965//879 895//825
f 895//825 812//751 811//750
f 898//588 900//586 896//826
f 800//739 796//736 811//750
f 897//827 892//822 893//823
f 810//749 812//751 966//594
f 796//736 895//825 811//750
f 811//750 810//749 809//748
f 900//586 966//594 812//751
f 892//822 800//739 809//748
f 817//755 816//754 893//823
f 810//749 967//605 968//880
f 800//739 811//750 809//748
f 891//821 809//748 808//747
f 966//594 967//605 810//749
f 817//755 892//822 891//821
f 816//754 818//756 969//881
f 808//747 810//749 968//880
f 892//822 809//748 891//821
f 891//821 890//820 889//819
f 894//824 808//747 968//880
f 818//756 817//755 889//819
f 969//881 828//765 970//882
f 820//758 890//820 971//621
f 817//755 891//821 889//819
f 889//819 820//758 819//757
f 894//824 971//621 890//820
f 969//881 818//756 828//765
f 970//882 823//761 825//763
f 820//758 972//629 827//636
f 818//756 889//819 819//757
f 829//766 819//757 813//752
f 971//621 972//629 820//758
f 970//882 828//765 823//761
f 973//883 822//760 824//762
f 815//753 829//766 813//752
f 828//765 819//757 829//766
f 829//766 815//753 824//762
f 814//637 813//752 827//636
f 815//753 834//770 973//883
f 823//761 829//766 824//762
f 973//883 824//762 815//753
f 815//753 821//759 834//770
f 842//778 837//773 843//779
f 842//778 835//771 837//773
f 835//771 841//777 883//667
f 852//786 843//779 839//775
f 840//776 846//782 838//774
f 835//771 974//884 975//684
f 881//813 837//773 836//772
f 883//667 974//884 835//771
f 881//813 840//776 839//775
f 854//788 845//781 855//789
f 836//772 835//771 975//684
f 839//775 837//773 881//813
f 881//813 850//785 879//811
f 851//685 836//772 975//684
f 844//780 840//776 879//811
f 880//812 854//788 853//787
f 856//790 850//785 976//693
f 840//776 881//813 879//811
f 879//811 856//790 858//792
f 851//685 976//693 850//785
f 855//789 844//780 858//792
f 977//885 880//812 874//807
f 856//790 978//886 979//704
f 844//780 879//811 858//792
f 860//794 858//792 857//791
f 976//693 978//886 856//790
f 853//787 855//789 860//794
f 977//885 874//807 873//806
f 857//791 856//790 979//704
f 855//789 858//792 860//794
f 860//794 832//769 831//768
f 878//705 857//791 979//704
f 874//807 853//787 831//768
f 873//806 872//805 980//887
f 830//767 832//769 981//888
f 853//787 860//794 831//768
f 831//768 830//767 861//795
f 878//705 981//888 832//769
f 872//805 874//807 861//795
f 865//798 875//808 866//799
f 830//767 982//718 863//725
f 874//807 831//768 861//795
f 868//801 861//795 862//796
f 981//888 982//718 830//767
f 872//805 871//804 980//887
f 983//889 980//887 871//804
f 870//803 859//793 867//800
f 872//805 861//795 868//801
f 868//801 867//800 875//808
f 870//803 862//796 863//725
f 871//804 865//798 983//889
f 869//802 983//889 865//798
f 849//784 866//799 875//808
f 871//804 868//801 875//808
f 875//808 867//800 849//784
f 859//793 849//784 867//800
f 984//1 985//1 986//1
f 987//1 988//1 989//1
f 990//1 991//1 992//1
f 993//1 994//1 995//1
f 989//1 988//1 996//1
f 997//1 998//1 999//1
f 1000//1 1001//1 999//1
f 1002//1 1003//1 1004//1
f 1005//1 997//1 1006//1
f 1007//1 1008//1 1009//1
f 1010//1 1011//1 1012//1
f 1007//1 1013//1 1014//1
f 999//1 1015//1 997//1
f 997//1 1015//1 1016//1
f 985//1 1014//1 1017//1
f 1008//1 1018//1 1019//1
f 985//1 1020//1 1021//1
f 986//1 1022//1 984//1
f 1010//1 1023//1 1018//1
f 1024//1 1011//1 1025//1
f 1026//1 1004//1 1027//1
f 1028//1 1029//1 1002//1
f 1030//1 1031//1 1025//1
f 1032//1 1028//1 1033//1
f 1034//1 1035//1 985//1
f 1036//1 1037//1 1001//1
f 1033//1 1038//1 1039//1
f 985//1 1035//1 986//1
f 1039//1 1040//1 991//1
f 1041//1 1042//1 990//1
f 1043//1 1036//1 1044//1
f 1045//1 1046//1 1047//1
f 1042//1 987//1 1048//1
f 1046//1 1049//1 1050//1
f 987//1 1051//1 1048//1
f 989//1 1051//1 987//1
f 1052//1 1053//1 1054//1
f 995//1 1055//1 1056//1
f 1042//1 1041//1 987//1
f 993//1 1044//1 994//1
f 990//1 992//1 1041//1
f 991//1 1040//1 992//1
f 1039//1 1038//1 1040//1
f 1039//1 1032//1 1033//1
f 1032//1 1029//1 1028//1
f 1029//1 1003//1 1002//1
f 1003//1 1027//1 1004//1
f 986//1 1026//1 1057//1
f 1027//1 1057//1 1026//1
f 986//1 1057//1 1022//1
f 984//1 1020//1 985//1
f 1014//1 985//1 1021//1
f 1014//1 1013//1 1017//1
f 1007//1 1009//1 1013//1
f 1008//1 1019//1 1009//1
f 1018//1 1023//1 1019//1
f 1010//1 1012//1 1023//1
f 1011//1 1024//1 1012//1
f 1025//1 1031//1 1024//1
f 997//1 1058//1 1030//1
f 1030//1 1058//1 1031//1
f 997//1 1030//1 1006//1
f 1005//1 998//1 997//1
f 998//1 1000//1 999//1
f 1001//1 1037//1 999//1
f 1036//1 1043//1 1037//1
f 1044//1 993//1 1043//1
f 1055//1 995//1 994//1
f 1045//1 1056//1 1055//1
f 1045//1 1049//1 1046//1
f 1045//1 1047//1 1056//1
f 1049//1 1053//1 1050//1
f 1052//1 1054//1 989//1
f 1050//1 1053//1 1052//1
f 1051//1 989//1 1059//1
f 989//1 1054//1 1059//1
f 1060//890 1061//891 1062//892
f 1063//893 1064//894 1065//895
f 1066//896 1067//897 1068//898
f 1069//899 1070//900 1071//901
f 1072//902 1073//903 1074//904
f 1075//905 1076//906 1077//907
f 1078//908 1079//909 1080//910
f 1081//911 1082//912 1083//913
f 1084//914 1085//915 1086//916
f 1087//917 1088//918 1089//919
f 1090//920 1091//921 1092//922
f 1093//923 1094//924 1095//925
f 1096//926 1097//927 1098//928
f 1099//929 1100//930 1101//931
f 1102//932 1103//933 1104//934
f 1105//935 1106//936 1107//928
f 1108//937 1109//938 1110//939
f 1111//940 1112//941 1113//942
f 1114//943 1115//944 1116//945
f 1116//945 1117//946 1114//943
f 1118//947 1119//948 1115//944
f 1116//945 1115//944 1119//948
f 1120//949 1118//947 1121//950
f 1118//947 1120//949 1119//948
f 1121//950 1122//951 1123//952
f 1123//952 1120//949 1121//950
f 1124//953 1125//954 1122//951
f 1123//952 1122//951 1125//954
f 1126//955 1124//953 1127//956
f 1124//953 1126//955 1125//954
f 1127//956 1128//957 1129//958
f 1129//958 1126//955 1127//956
f 1130//959 1131//960 1128//957
f 1129//958 1128//957 1131//960
f 1132//961 1130//959 1133//962
f 1130//959 1132//961 1131//960
f 1060//890 1132//961 1133//962
f 1117//946 1109//938 1114//943
f 1113//942 1108//937 1110//939
f 1110//939 1109//938 1117//946
f 1102//932 1112//941 1111//940
f 1112//941 1108//937 1113//942
f 1104//934 1103//933 1106//936
f 1102//932 1111//940 1103//933
f 1105//935 1107//928 1098//928
f 1104//934 1106//936 1105//935
f 1096//926 1099//929 1097//927
f 1107//928 1096//926 1098//928
f 1100//930 1091//921 1101//931
f 1099//929 1101//931 1097//927
f 1095//925 1090//920 1092//922
f 1092//922 1091//921 1100//930
f 1084//914 1094//924 1093//923
f 1094//924 1090//920 1095//925
f 1086//916 1085//915 1088//918
f 1084//914 1093//923 1085//915
f 1087//917 1089//919 1080//910
f 1086//916 1088//918 1087//917
f 1078//908 1081//911 1079//909
f 1089//919 1078//908 1080//910
f 1082//912 1073//903 1083//913
f 1081//911 1083//913 1079//909
f 1077//907 1072//902 1074//904
f 1074//904 1073//903 1082//912
f 1066//896 1076//906 1075//905
f 1076//906 1072//902 1077//907
f 1068//898 1067//897 1070//900
f 1066//896 1075//905 1067//897
f 1069//899 1071//901 1063//893
f 1068//898 1070//900 1069//899
f 1064//894 1062//892 1065//895
f 1071//901 1064//894 1063//893
f 1060//890 1133//962 1061//891
f 1062//892 1061//891 1065//895
f 1134//963 1135//964 1136//964
f 1137//965 1138//966 1134//963
f 1138//966 1135//964 1134//963
f 1137//965 1139//967 1138//966
f 1138//966 1139//967 1140//968
f 1134//963 1141//967 1137//965
f 1142//969 1143//970 1144//970
f 1135//964 1144//970 1136//964
f 1134//963 1145//968 1141//967
f 1144//970 1143//970 1136//964
f 1143//970 1142//969 1146//969
f 1147//971 1148//971 1146//969
f 1146//969 1142//969 1147//971
f 1148//971 1149//972 1150//972
f 1149//972 1148//971 1147//971
f 1149//972 1151//973 1150//972
f 1150//972 1151//973 1152//974
f 1153//975 1154//975 1155//975
f 1156//975 1157//975 1158//975
f 1159//975 1155//975 1154//975
f 1154//975 1153//975 1160//975
f 1161//975 1162//975 1163//975
f 1164//975 1162//975 1161//975
f 1165//976 1157//975 1166//977
f 1163//975 1167//975 1168//975
f 1165//976 1158//975 1157//975
f 1167//975 1156//975 1168//975
f 1167//975 1157//975 1156//975
f 1169//975 1170//975 1171//975
f 1163//975 1162//975 1167//975
f 1172//975 1173//975 1174//975
f 1164//975 1161//975 1175//975
f 1174//975 1173//975 1176//975
f 1177//975 1160//975 1164//975
f 1164//975 1175//975 1177//975
f 1154//975 1177//975 1178//975
f 1177//975 1154//975 1160//975
f 1179//975 1180//975 1181//975
f 1180//975 1154//975 1182//975
f 1178//975 1182//975 1154//975
f 1180//975 1182//975 1181//975
f 1174//975 1180//975 1172//975
f 1179//975 1172//975 1180//975
f 1176//975 1183//975 1169//975
f 1184//975 1185//975 1186//975
f 1171//975 1187//975 1185//975
f 1188//975 1189//975 1190//975
f 1191//975 1186//975 1190//975
f 1192//975 1193//976 1194//975
f 1195//975 1194//975 1193//976
f 1196//975 1197//975 1192//975
f 1192//975 1197//975 1193//976
f 1198//977 1196//975 1199//975
f 1198//977 1197//975 1196//975
f 1196//975 1200//978 1201//978
f 1199//975 1196//975 1201//978
f 1200//978 1202//975 1203//976
f 1202//975 1200//978 1196//975
f 1188//975 1203//976 1202//975
f 1191//975 1190//975 1189//975
f 1189//975 1188//975 1202//975
f 1187//975 1186//975 1185//975
f 1186//975 1191//975 1184//975
f 1204//975 1170//975 1169//975
f 1187//975 1171//975 1170//975
f 1169//975 1183//975 1204//975
f 1169//975 1174//975 1176//975
f 1205//979 1206//980 1207//981
f 1208//979 1209//979 1210//979
f 1211//979 1206//980 1205//979
f 1212//979 1213//979 1214//979
f 1215//979 1216//979 1217//979
f 1211//979 1205//979 1218//979
f 1219//979 1209//979 1208//979
f 1220//979 1221//979 1215//979
f 1222//979 1210//979 1223//979
f 1224//979 1225//979 1210//979
f 1210//979 1225//979 1208//979
f 1223//979 1210//979 1209//979
f 1226//979 1224//979 1210//979
f 1227//979 1226//979 1213//979
f 1227//979 1228//979 1226//979
f 1213//979 1226//979 1214//979
f 1229//979 1230//979 1231//979
f 1229//979 1212//979 1214//979
f 1232//979 1233//979 1234//979
f 1230//979 1235//979 1236//979
f 1237//979 1238//979 1239//979
f 1232//979 1240//979 1238//979
f 1241//979 1242//980 1243//980
f 1244//979 1237//979 1239//979
f 1245//982 1246//979 1247//979
f 1248//979 1245//982 1249//979
f 1245//982 1248//979 1246//979
f 1249//979 1250//979 1242//980
f 1242//980 1248//979 1249//979
f 1242//980 1251//979 1252//980
f 1250//979 1251//979 1242//980
f 1241//979 1243//980 1253//979
f 1242//980 1252//980 1243//980
f 1254//979 1241//979 1253//979
f 1254//979 1237//979 1244//979
f 1244//979 1241//979 1254//979
f 1238//979 1240//979 1239//979
f 1233//979 1232//979 1238//979
f 1235//979 1234//979 1233//979
f 1230//979 1236//979 1231//979
f 1230//979 1234//979 1235//979
f 1230//979 1229//979 1214//979
f 1224//979 1226//979 1228//979
f 1222//979 1255//979 1210//979
f 1219//979 1208//979 1256//979
f 1219//979 1221//979 1220//979
f 1221//979 1219//979 1256//979
f 1217//979 1216//979 1218//979
f 1215//979 1217//979 1220//979
f 1218//979 1205//979 1217//979
f 1257//983 1258//984 1259//984
f 1257//983 1260//985 1261//986
f 1261//986 1258//984 1257//983
f 1262//987 1260//985 1263//988
f 1260//985 1262//987 1261//986
f 1264//989 1265//990 1263//988
f 1262//987 1263//988 1265//990
f 1266//989 1265//990 1264//989
f 1267//991 1259//984 1258//984
f 1268//992 1269//993 1267//991
f 1259//984 1267//991 1269//993
f 1268//992 1270//994 1271//995
f 1271//995 1269//993 1268//992
f 1272//996 1270//994 1273//973
f 1270//994 1272//996 1271//995
f 1272//996 1273//973 1274//973
f 1275//997 1276//989 1277//989
f 1278//998 1279//999 1280//1000
f 1281//1001 1282//1002 1283//1003
f 1284//1004 1285//1005 1286//1006
f 1287//1007 1288//1008 1289//1009
f 1290//1010 1291//1011 1292//1012
f 1293//1013 1294//1014 1295//1015
f 1296//1016 1297//1017 1298//1018
f 1297//1017 1299//1019 1300//1020
f 1298//1018 1301//1021 1302//1022
f 1302//1022 1296//1016 1298//1018
f 1303//1023 1304//1024 1301//1021
f 1302//1022 1301//1021 1304//1024
f 1305//1025 1303//1023 1306//1025
f 1303//1023 1305//1025 1304//1024
f 1292//1012 1300//1020 1299//1019
f 1296//1016 1299//1019 1297//1017
f 1290//1010 1295//1015 1291//1011
f 1292//1012 1291//1011 1300//1020
f 1285//1005 1294//1014 1293//1013
f 1293//1013 1295//1015 1290//1010
f 1288//1008 1284//1004 1286//1006
f 1284//1004 1294//1014 1285//1005
f 1287//1007 1289//1009 1278//998
f 1288//1008 1286//1006 1289//1009
f 1280//1000 1279//999 1283//1003
f 1287//1007 1278//998 1280//1000
f 1281//1001 1275//997 1282//1002
f 1279//999 1281//1001 1283//1003
f 1277//989 1282//1002 1275//997
f 1307//1026 1308//1027 1309//1028
f 1310//1029 1309//1028 1311//1029
f 1308//1027 1311//1029 1309//1028
f 1312//1030 1313//1030 1310//1029
f 1310//1029 1311//1029 1312//1030
f 1313//1030 1314//1031 1315//1032
f 1314//1031 1313//1030 1312//1030
f 1316//1033 1315//1032 1317//1034
f 1314//1031 1317//1034 1315//1032
f 1318//1035 1319//1036 1316//1033
f 1316//1033 1317//1034 1318//1035
f 1308//1027 1307//1026 1320//1026
f 1320//1026 1321//1037 1322//1037
f 1321//1037 1320//1026 1307//1026
f 1323//1038 1322//1037 1324//1039
f 1321//1037 1324//1039 1322//1037
f 1325//1040 1326//1041 1323//1038
f 1323//1038 1324//1039 1325//1040
f 1326//1041 1327//1042 1328//1042
f 1327//1042 1326//1041 1325//1040
f 1327//1042 1329//1043 1328//1042
f 1328//1042 1329//1043 1330//1043
f 1331//1044 1332//1045 1333//1046
f 1332//1045 1334//1047 1335//1047
f 1334//1047 1332//1045 1331//1044
f 1336//1048 1335//1047 1337//1048
f 1334//1047 1337//1048 1335//1047
f 1338//1 1339//1 1336//1048
f 1336//1048 1337//1048 1338//1
f 1331//1044 1333//1046 1340//1046
f 1341//1049 1342//1049 1340//1046
f 1340//1046 1333//1046 1341//1049
f 1342//1049 1343//1050 1344//1051
f 1343//1050 1342//1049 1341//1049
f 1343//1050 1345//1052 1344//1051
f 1344//1051 1345//1052 1346//1052
f 1347//1053 1348//1054 1349//1055
f 1349//1055 1350//1054 1351//1056
f 1352//1057 1349//1055 1351//1056
f 1347//1053 1353//1056 1348//1054
f 1349//1055 1348//1054 1350//1054
f 1354//1058 1347//1053 1349//1055
f 1355//1059 1356//1058 1357//1059
f 1356//1058 1347//1053 1354//1058
f 1347//1053 1358//1060 1353//1056
f 1357//1059 1356//1058 1354//1058
f 1359//1061 1355//1059 1357//1059
f 1355//1059 1359//1061 1360//1062
f 1361//1063 1362//1063 1360//1062
f 1360//1062 1359//1061 1361//1063
f 1362//1063 1363//1064 1364//1065
f 1363//1064 1362//1063 1361//1063
f 1363//1064 1365//1066 1364//1065
f 1364//1065 1365//1066 1366//1066
f 1367//1067 1368//1067 1369//1068
f 1370//1069 1371//1070 1372//1071
f 1373//1068 1369//1068 1368//1067
f 1368//1067 1367//1067 1374//1067
f 1375//1072 1376//1069 1377//1068
f 1378//1073 1376//1069 1375//1072
f 1379//1067 1371//1070 1380//1073
f 1377//1068 1381//1067 1382//1073
f 1379//1067 1372//1071 1371//1070
f 1381//1067 1370//1069 1382//1073
f 1381//1067 1371//1070 1370//1069
f 1383//1074 1384//1075 1385//1074
f 1377//1068 1376//1069 1381//1067
f 1386//1076 1387//1077 1388//1074
f 1378//1073 1375//1072 1389//1067
f 1388//1074 1387//1077 1390//1069
f 1391//1069 1374//1067 1378//1073
f 1378//1073 1389//1067 1391//1069
f 1368//1067 1391//1069 1392//1067
f 1391//1069 1368//1067 1374//1067
f 1393//1069 1394//1073 1395//1069
f 1394//1073 1368//1067 1396//1073
f 1392//1067 1396//1073 1368//1067
f 1394//1073 1396//1073 1395//1069
f 1388//1074 1394//1073 1386//1076
f 1393//1069 1386//1076 1394//1073
f 1390//1069 1397//1068 1383//1074
f 1398//1069 1399//1074 1400//1078
f 1385//1074 1401//1079 1399//1074
f 1402//1069 1403//1080 1404//1075
f 1405//1073 1400//1078 1404//1075
f 1406//1069 1407//1069 1408//1069
f 1409//1069 1408//1069 1407//1069
f 1410//1069 1411//1069 1406//1069
f 1406//1069 1411//1069 1407//1069
f 1412//1069 1410//1069 1413//1069
f 1412//1069 1411//1069 1410//1069
f 1410//1069 1414//1069 1415//1069
f 1413//1069 1410//1069 1415//1069
f 1414//1069 1416//1067 1417//1069
f 1416//1067 1414//1069 1410//1069
f 1402//1069 1417//1069 1416//1067
f 1405//1073 1404//1075 1403//1080
f 1403//1080 1402//1069 1416//1067
f 1401//1079 1400//1078 1399//1074
f 1400//1078 1405//1073 1398//1069
f 1418//1072 1384//1075 1383//1074
f 1401//1079 1385//1074 1384//1075
f 1383//1074 1397//1068 1418//1072
f 1383//1074 1388//1074 1390//1069
f 1419//1081 1420//1082 1421//1082
f 1422//1082 1423//1083 1424//1083
f 1425//1084 1420//1082 1419//1081
f 1426//1085 1427//1086 1428//1087
f 1429//1082 1430//1085 1431//1085
f 1425//1084 1419//1081 1432//1083
f 1433//1088 1423//1083 1422//1082
f 1434//1082 1435//1083 1429//1082
f 1436//1085 1424//1083 1437//1083
f 1438//1082 1439//1082 1424//1083
f 1424//1083 1439//1082 1422//1082
f 1437//1083 1424//1083 1423//1083
f 1440//1089 1438//1082 1424//1083
f 1441//1082 1440//1089 1427//1086
f 1441//1082 1442//1082 1440//1089
f 1427//1086 1440//1089 1428//1087
f 1443//1090 1444//1085 1445//1082
f 1443//1090 1426//1085 1428//1087
f 1446//1091 1447//1084 1448//1092
f 1444//1085 1449//1093 1450//1082
f 1451//1094 1452//1087 1453//1095
f 1446//1091 1454//1088 1452//1087
f 1455//1083 1456//1083 1457//1096
f 1458//1085 1451//1094 1453//1095
f 1459//1083 1460//1082 1461//1083
f 1462//1083 1459//1083 1463//1083
f 1459//1083 1462//1083 1460//1082
f 1463//1083 1464//1083 1456//1083
f 1456//1083 1462//1083 1463//1083
f 1456//1083 1465//1097 1466//1084
f 1464//1083 1465//1097 1456//1083
f 1455//1083 1457//1096 1467//1098
f 1456//1083 1466//1084 1457//1096
f 1468//1083 1455//1083 1467//1098
f 1468//1083 1451//1094 1458//1085
f 1458//1085 1455//1083 1468//1083
f 1452//1087 1454//1088 1453//1095
f 1447//1084 1446//1091 1452//1087
f 1449//1093 1448//1092 1447//1084
f 1444//1085 1450//1082 1445//1082
f 1444//1085 1448//1092 1449//1093
f 1444//1085 1443//1090 1428//1087
f 1438//1082 1440//1089 1442//1082
f 1436//1085 1469//1085 1424//1083
f 1433//1088 1422//1082 1470//1082
f 1433//1088 1435//1083 1434//1082
f 1435//1083 1433//1088 1470//1082
f 1431//1085 1430//1085 1432//1083
f 1429//1082 1431//1085 1434//1082
f 1432//1083 1419//1081 1431//1085
f 1471//1099 1472//1100 1473//1100
f 1471//1099 1474//1101 1475//1102
f 1475//1102 1472//1100 1471//1099
f 1476//1103 1474//1101 1477//1104
f 1474//1101 1476//1103 1475//1102
f 1478//1105 1479//1106 1477//1104
f 1476//1103 1477//1104 1479//1106
f 1480//1107 1479//1106 1478//1105
f 1481//1108 1473//1100 1472//1100
f 1482//1109 1483//1110 1481//1108
f 1473//1100 1481//1108 1483//1110
f 1482//1109 1484//1111 1485//1112
f 1485//1112 1483//1110 1482//1109
f 1486//1113 1484//1111 1487//1066
f 1484//1111 1486//1113 1485//1112
f 1486//1113 1487//1066 1488//1066
f 1489//1114 1490//1115 1491//1116
f 1492//1117 1493//1118 1494//1119
f 1495//1120 1496//1121 1497//1122
f 1498//1123 1499//1124 1500//1125
f 1501//1126 1502//1127 1503//1128
f 1504//1129 1505//1130 1506//1131
f 1507//1132 1508//1133 1509//1134
f 1510//1135 1511//1136 1512//1137
f 1509//1134 1513//1138 1514//1139
f 1514//1139 1507//1132 1509//1134
f 1515//1140 1516//1141 1513//1138
f 1514//1139 1513//1138 1516//1141
f 1517//1142 1515//1140 1518//1143
f 1515//1140 1517//1142 1516//1141
f 1519//1143 1517//1142 1518//1143
f 1508//1133 1507//1132 1510//1135
f 1511//1136 1502//1127 1512//1137
f 1510//1135 1512//1137 1508//1133
f 1506//1131 1501//1126 1503//1128
f 1503//1128 1502//1127 1511//1136
f 1495//1120 1505//1130 1504//1129
f 1505//1130 1501//1126 1506//1131
f 1497//1122 1496//1121 1499//1124
f 1495//1120 1504//1129 1496//1121
f 1498//1123 1500//1125 1492//1117
f 1497//1122 1499//1124 1498//1123
f 1493//1118 1491//1116 1494//1119
f 1500//1125 1493//1118 1492//1117
f 1489//1114 1520//1107 1490//1115
f 1491//1116 1490//1115 1494//1119
f 1521//1144 1522//1145 1523//1146
f 1524//1147 1523//1146 1525//1148
f 1522//1145 1525//1148 1523//1146
f 1526//1149 1527//1150 1524//1147
f 1524//1147 1525//1148 1526//1149
f 1527//1150 1528//1151 1529//1152
f 1528//1151 1527//1150 1526//1149
f 1530//1153 1529//1152 1531//1154
f 1528//1151 1531//1154 1529//1152
f 1532//1155 1533//1155 1530//1153
f 1530//1153 1531//1154 1532//1155
f 1522//1145 1521//1144 1534//1144
f 1534//1144 1535//1156 1536//1157
f 1535//1156 1534//1144 1521//1144
f 1537//1158 1536//1157 1538//1159
f 1535//1156 1538//1159 1536//1157
f 1539//1160 1540//1161 1537//1158
f 1537//1158 1538//1159 1539//1160
f 1540//1161 1541//1162 1542//1163
f 1541//1162 1540//1161 1539//1160
f 1541//1162 1543//1143 1542//1163
f 1542//1163 1543//1143 1544//1143
f 1545//1164 1546//1165 1547//1166
f 1546//1165 1548//1167 1549//1168
f 1548//1167 1546//1165 1545//1164
f 1550//1169 1549//1168 1551//1170
f 1548//1167 1551//1170 1549//1168
f 1552//1 1553//1 1550//1169
f 1550//1169 1551//1170 1552//1
f 1545//1164 1547//1166 1554//1166
f 1555//1171 1556//1172 1554//1166
f 1554//1166 1547//1166 1555//1171
f 1556//1172 1557//1173 1558//1174
f 1557//1173 1556//1172 1555//1171
f 1557//1173 1559//1175 1558//1174
f 1558//1174 1559//1175 1560//1176
f 1561//1177 1562//1178 1563//1179
f 1564//1180 1562//1178 1561//1177
f 1565//1181 1562//1178 1566//1182
f 1562//1178 1564//1180 1566//1182
f 1567//1182 1563//1179 1568//1181
f 1567//1182 1561//1177 1563//1179
f 1569//1183 1570//1184 1571//1183
f 1562//1178 1572//1184 1563//1179
f 1571//1183 1570//1184 1572//1184
f 1570//1184 1563//1179 1572//1184
f 1573//1185 1569//1183 1571//1183
f 1569//1183 1573//1185 1574//1185
f 1575//1186 1576//1186 1574//1185
f 1574//1185 1573//1185 1575//1186
f 1576//1186 1577//1187 1578//1187
f 1577//1187 1576//1186 1575//1186
f 1577//1187 1579//1188 1578//1187
f 1578//1187 1579//1188 1580//1189
f 1581//1190 1582//1190 1583//1190
f 1584//1191 1585//1191 1586//1191
f 1587//1192 1583//1190 1582//1190
f 1582//1190 1581//1190 1588//1190
f 1589//1190 1590//1191 1591//1193
f 1592//1192 1590//1191 1589//1190
f 1593//1191 1585//1191 1594//1190
f 1591//1193 1595//1190 1596//1194
f 1593//1191 1586//1191 1585//1191
f 1595//1190 1584//1191 1596//1194
f 1595//1190 1585//1191 1584//1191
f 1597//1192 1598//1195 1599//1196
f 1591//1193 1590//1191 1595//1190
f 1600//1191 1601//1197 1602//1194
f 1592//1192 1589//1190 1603//1198
f 1602//1194 1601//1197 1604//1199
f 1605//1190 1588//1190 1592//1192
f 1592//1192 1603//1198 1605//1190
f 1582//1190 1605//1190 1606//1191
f 1605//1190 1582//1190 1588//1190
f 1607//1200 1608//1201 1609//1202
f 1608//1201 1582//1190 1610//1196
f 1606//1191 1610//1196 1582//1190
f 1608//1201 1610//1196 1609//1202
f 1602//1194 1608//1201 1600//1191
f 1607//1200 1600//1191 1608//1201
f 1604//1199 1611//1190 1597//1192
f 1612//1203 1613//1192 1614//1193
f 1599//1196 1615//1190 1613//1192
f 1616//1191 1617//1198 1618//1192
f 1619//1204 1614//1193 1618//1192
f 1620//1190 1621//1191 1622//1190
f 1623//1190 1622//1190 1621//1191
f 1624//1190 1625//1190 1620//1190
f 1620//1190 1625//1190 1621//1191
f 1626//1190 1624//1190 1627//1191
f 1626//1190 1625//1190 1624//1190
f 1624//1190 1628//1190 1629//1191
f 1627//1191 1624//1190 1629//1191
f 1628//1190 1630//1190 1631//1190
f 1630//1190 1628//1190 1624//1190
f 1616//1191 1631//1190 1630//1190
f 1619//1204 1618//1192 1617//1198
f 1617//1198 1616//1191 1630//1190
f 1615//1190 1614//1193 1613//1192
f 1614//1193 1619//1204 1612//1203
f 1632//1190 1598//1195 1597//1192
f 1615//1190 1599//1196 1598//1195
f 1597//1192 1611//1190 1632//1190
f 1597//1192 1602//1194 1604//1199
f 1633//1205 1634//1205 1635//1205
f 1636//1206 1637//1206 1638//1206
f 1639//1207 1634//1205 1633//1205
f 1640//1208 1641//1209 1642//1206
f 1643//1206 1644//1207 1645//1206
f 1639//1207 1633//1205 1646//1205
f 1647//1205 1637//1206 1636//1206
f 1648//1210 1649//1211 1643//1206
f 1650//1208 1638//1206 1651//1212
f 1652//1213 1653//1211 1638//1206
f 1638//1206 1653//1211 1636//1206
f 1651//1212 1638//1206 1637//1206
f 1654//1206 1652//1213 1638//1206
f 1655//1208 1654//1206 1641//1209
f 1655//1208 1656//1207 1654//1206
f 1641//1209 1654//1206 1642//1206
f 1657//1214 1658//1206 1659//1215
f 1657//1214 1640//1208 1642//1206
f 1660//1216 1661//1217 1662//1216
f 1658//1206 1663//1207 1664//1205
f 1665//1218 1666//1216 1667//1208
f 1660//1216 1668//1208 1666//1216
f 1669//1206 1670//1206 1671//1207
f 1672//1219 1665//1218 1667//1208
f 1673//1206 1674//1206 1675//1206
f 1676//1206 1673//1206 1677//1206
f 1673//1206 1676//1206 1674//1206
f 1677//1206 1678//1206 1670//1206
f 1670//1206 1676//1206 1677//1206
f 1670//1206 1679//1206 1680//1206
f 1678//1206 1679//1206 1670//1206
f 1669//1206 1671//1207 1681//1207
f 1670//1206 1680//1206 1671//1207
f 1682//1208 1669//1206 1681//1207
f 1682//1208 1665//1218 1672//1219
f 1672//1219 1669//1206 1682//1208
f 1666//1216 1668//1208 1667//1208
f 1661//1217 1660//1216 1666//1216
f 1663//1207 1662//1216 1661//1217
f 1658//1206 1664//1205 1659//1215
f 1658//1206 1662//1216 1663//1207
f 1658//1206 1657//1214 1642//1206
f 1652//1213 1654//1206 1656//1207
f 1650//1208 1683//1208 1638//1206
f 1647//1205 1636//1206 1684//1219
f 1647//1205 1649//1211 1648//1210
f 1649//1211 1647//1205 1684//1219
f 1645//1206 1644//1207 1646//1205
f 1643//1206 1645//1206 1648//1210
f 1646//1205 1633//1205 1645//1206
f 1685//1220 1686//1221 1687//1221
f 1685//1220 1688//1222 1689//1223
f 1689//1223 1686//1221 1685//1220
f 1690//1224 1688//1222 1691//1225
f 1688//1222 1690//1224 1689//1223
f 1692//1226 1693//1227 1691//1225
f 1690//1224 1691//1225 1693//1227
f 1694//1226 1693//1227 1692//1226
f 1695//1228 1687//1221 1686//1221
f 1696//1229 1697//1230 1695//1228
f 1687//1221 1695//1228 1697//1230
f 1696//1229 1698//1231 1699//1232
f 1699//1232 1697//1230 1696//1229
f 1700//1233 1698//1231 1701//1188
f 1698//1231 1700//1233 1699//1232
f 1700//1233 1701//1188 1702//1188
f 1703//1226 1704//1234 1705//1235
f 1706//1236 1707//1237 1708//1238
f 1709//1239 1710//1240 1711//1241
f 1712//1242 1713//1243 1714//1244
f 1715//1245 1716//1246 1717//1247
f 1718//1248 1719//1249 1720//1250
f 1721//1251 1722//1252 1723//1253
f 1724//1254 1725//1255 1726//1256
f 1723//1253 1727//1257 1728//1258
f 1728//1258 1721//1251 1723//1253
f 1729//1259 1730//1260 1727//1257
f 1728//1258 1727//1257 1730//1260
f 1731//1261 1729//1259 1732//1262
f 1729//1259 1731//1261 1730//1260
f 1733//1262 1731//1261 1732//1262
f 1722//1252 1721//1251 1724//1254
f 1725//1255 1716//1246 1726//1256
f 1724//1254 1726//1256 1722//1252
f 1720//1250 1715//1245 1717//1247
f 1717//1247 1716//1246 1725//1255
f 1709//1239 1719//1249 1718//1248
f 1719//1249 1715//1245 1720//1250
f 1711//1241 1710//1240 1713//1243
f 1709//1239 1718//1248 1710//1240
f 1712//1242 1714//1244 1706//1236
f 1711//1241 1713//1243 1712//1242
f 1707//1237 1705//1235 1708//1238
f 1714//1244 1707//1237 1706//1236
f 1703//1226 1734//1226 1704//1234
f 1705//1235 1704//1234 1708//1238
f 1735//1263 1736//1264 1737//1265
f 1738//1266 1737//1265 1739//1267
f 1736//1264 1739//1267 1737//1265
f 1740//1268 1741//1269 1738//1266
f 1738//1266 1739//1267 1740//1268
f 1741//1269 1742//1270 1743//1270
f 1742//1270 1741//1269 1740//1268
f 1744//1271 1743//1270 1745//1272
f 1742//1270 1745//1272 1743//1270
f 1746//1273 1747//1273 1744//1271
f 1744//1271 1745//1272 1746//1273
f 1736//1264 1735//1263 1748//1263
f 1748//1263 1749//1274 1750//1275
f 1749//1274 1748//1263 1735//1263
f 1751//1276 1750//1275 1752//1277
f 1749//1274 1752//1277 1750//1275
f 1753//1278 1754//1279 1751//1276
f 1751//1276 1752//1277 1753//1278
f 1754//1279 1755//1280 1756//1281
f 1755//1280 1754//1279 1753//1278
f 1755//1280 1757//1262 1756//1281
f 1756//1281 1757//1262 1758//1262
f 1759//1282 1760//1283 1761//1284
f 1760//1283 1762//1285 1763//1286
f 1762//1285 1760//1283 1759//1282
f 1764//1287 1763//1286 1765//1288
f 1762//1285 1765//1288 1763//1286
f 1766//1 1767//1 1764//1287
f 1764//1287 1765//1288 1766//1
f 1759//1282 1761//1284 1768//1289
f 1769//1290 1770//1291 1768//1289
f 1768//1289 1761//1284 1769//1290
f 1770//1291 1771//1292 1772//1293
f 1771//1292 1770//1291 1769//1290
f 1771//1292 1773//1294 1772//1293
f 1772//1293 1773//1294 1774//1295
