# Blender 5.0.0
# www.blender.org
o torpedo.002
v 0.004751 -0.000002 -0.002330
v 0.004326 -0.000002 -0.003015
v 0.004751 -0.000002 0.002332
v -0.004681 -0.000002 -0.001269
v -0.008613 -0.000002 -0.001269
v -0.004681 -0.000002 0.001271
v -0.002966 -0.000002 -0.003941
v -0.002302 -0.000002 0.004400
v -0.002302 -0.000002 -0.004399
v -0.003550 -0.000002 -0.003385
v -0.003550 -0.000002 0.003386
v -0.002966 -0.000002 0.003943
v -0.008613 -0.000002 0.001271
v -0.000800 -0.000002 0.004974
v 0.000000 -0.000002 0.005075
v -0.000800 -0.000002 -0.004972
v -0.001574 -0.000002 -0.004745
v -0.001574 -0.000002 0.004747
v 0.001597 -0.000002 0.004896
v 0.001597 -0.000002 -0.004894
v 0.000806 -0.000002 -0.005048
v 0.000806 -0.000002 0.005049
v -0.000000 -0.000002 -0.005074
v 0.005254 -0.000002 0.000805
v 0.005063 -0.000002 -0.001587
v 0.005063 -0.000002 0.001588
v 0.003797 -0.000002 -0.003624
v 0.003797 -0.000002 0.003626
v 0.004326 -0.000002 0.003017
v 0.005254 -0.000002 -0.000804
v 0.005318 -0.000002 0.000001
v 0.003563 -0.000002 0.008301
v 0.005763 -0.000002 0.007031
v 0.005763 -0.000002 -0.007029
v 0.003563 -0.000002 -0.008299
v -0.004038 -0.000002 -0.002743
v -0.004038 -0.000002 0.002744
v -0.004418 -0.000002 -0.002031
v -0.004418 -0.000002 0.002032
v 0.002905 -0.104871 -0.000226
v 0.002250 -0.105280 -0.000524
v 0.002828 -0.104871 -0.000674
v -0.001437 -0.104366 -0.002720
v -0.001165 -0.104871 -0.002278
v -0.001530 -0.104871 -0.002008
v -0.000953 -0.104366 -0.002965
v -0.001112 -0.103780 -0.003358
v -0.002579 -0.103780 -0.002273
v -0.002922 -0.103780 -0.001765
v -0.002826 -0.103130 -0.002473
v -0.001660 -0.103780 -0.003082
v -0.001873 -0.104366 -0.002398
v -0.003476 -0.103130 -0.001311
v -0.003667 -0.102435 -0.001379
v -0.003378 -0.102435 -0.002019
v -0.003644 -0.103130 -0.000665
v -0.003844 -0.102435 -0.000699
v -0.003201 -0.103130 -0.001920
v -0.003701 -0.103130 0.000001
v -0.003904 -0.102435 0.000001
v -0.001102 -0.105580 -0.000473
v -0.000473 -0.105765 -0.000122
v -0.001163 -0.105580 -0.000239
v -0.000537 -0.105280 -0.001928
v -0.000760 -0.104871 -0.002483
v -0.000326 -0.104871 -0.002616
v 0.001022 -0.104871 -0.002558
v 0.000502 -0.105280 -0.002061
v 0.000578 -0.104871 -0.002655
v 0.000124 -0.104871 -0.002673
v -0.000200 -0.105280 -0.002032
v -0.001577 -0.105280 -0.001013
v -0.001723 -0.105280 -0.000692
v -0.002099 -0.104871 -0.001304
v -0.000483 -0.105765 0.000001
v -0.001183 -0.105580 0.000001
v 0.001829 -0.104871 -0.002152
v 0.002170 -0.104871 -0.001851
v 0.001474 -0.105280 -0.001672
v -0.000852 -0.105280 -0.001771
v -0.000701 -0.105580 -0.001066
v -0.001136 -0.105280 -0.001560
v 0.001533 -0.105580 -0.000584
v 0.000895 -0.105765 -0.000296
v 0.000835 -0.105765 -0.000403
v 0.002455 -0.104871 -0.001498
v 0.001739 -0.105280 -0.001438
v 0.002677 -0.104871 0.001102
v 0.002250 -0.105280 0.000525
v 0.002828 -0.104871 0.000675
v 0.000956 -0.105765 -0.000060
v 0.001654 -0.105580 0.000121
v 0.000956 -0.105765 0.000062
v 0.001739 -0.105280 0.001440
v 0.002170 -0.104871 0.001853
v 0.001829 -0.104871 0.002153
v 0.000895 -0.105765 0.000298
v 0.001415 -0.105580 0.000797
v 0.000835 -0.105765 0.000404
v 0.000847 -0.105280 0.001989
v 0.001022 -0.104871 0.002560
v 0.000578 -0.104871 0.002656
v 0.000878 -0.105580 0.001270
v 0.000562 -0.105765 0.000645
v 0.000667 -0.105765 0.000581
v -0.000760 -0.104871 0.002484
v -0.000200 -0.105280 0.002032
v -0.000326 -0.104871 0.002617
v 0.000177 -0.105580 0.001421
v 0.000207 -0.105765 0.000721
v 0.000329 -0.105765 0.000716
v -0.001530 -0.104871 0.002009
v -0.000852 -0.105280 0.001771
v -0.001165 -0.104871 0.002280
v -0.000537 -0.105280 0.001930
v -0.001844 -0.104871 0.001682
v -0.002099 -0.104871 0.001306
v -0.001380 -0.105280 0.001307
v -0.001136 -0.105280 0.001562
v -0.000473 -0.105765 0.000123
v -0.000392 -0.105765 0.000353
v -0.000323 -0.105765 0.000454
v -0.001003 -0.105580 0.000694
v -0.001723 -0.105280 0.000694
v -0.002286 -0.104871 0.000892
v -0.002400 -0.104871 0.000452
v -0.001102 -0.105580 0.000474
v -0.000442 -0.105765 0.000241
v -0.001163 -0.105580 0.000241
v -0.001841 -0.105280 0.000001
v -0.002439 -0.104871 0.000001
v -0.001811 -0.105280 0.000351
v -0.002911 -0.104366 0.000541
v -0.003382 -0.103780 0.000001
v -0.002957 -0.104366 0.000001
v -0.003330 -0.103780 0.000613
v -0.003644 -0.103130 0.000666
v -0.000239 -0.105765 0.000542
v -0.000868 -0.105580 0.000893
v -0.001577 -0.105280 0.001015
v -0.000507 -0.105580 0.001210
v -0.000140 -0.105765 0.000615
v -0.000031 -0.105765 0.000670
v -0.000701 -0.105580 0.001068
v -0.000062 -0.105580 0.001389
v 0.000086 -0.105765 0.000706
v -0.000292 -0.105580 0.001318
v 0.000150 -0.105280 0.002078
v 0.000124 -0.104871 0.002675
v 0.000238 -0.105827 0.000001
v -0.002775 -0.104366 0.001065
v -0.003175 -0.103780 0.001207
v -0.003476 -0.103130 0.001313
v -0.003844 -0.102435 0.000700
v 0.000502 -0.105280 0.002062
v -0.002551 -0.104366 0.001559
v -0.002922 -0.103780 0.001766
v -0.003667 -0.102435 0.001380
v -0.003201 -0.103130 0.001922
v 0.000449 -0.105765 0.000690
v 0.000418 -0.105580 0.001410
v -0.002248 -0.104366 0.002008
v -0.002579 -0.103780 0.002275
v -0.003378 -0.102435 0.002021
v -0.002826 -0.103130 0.002475
v 0.000654 -0.105580 0.001359
v -0.001873 -0.104366 0.002399
v -0.002154 -0.103780 0.002718
v -0.002364 -0.103130 0.002957
v -0.002984 -0.102435 0.002603
v 0.001174 -0.105280 0.001857
v 0.001443 -0.104871 0.002391
v -0.001437 -0.104366 0.002721
v -0.001660 -0.103780 0.003083
v -0.002498 -0.102435 0.003109
v -0.001827 -0.103130 0.003355
v 0.001474 -0.105280 0.001672
v -0.000953 -0.104366 0.002965
v -0.001112 -0.103780 0.003360
v -0.001934 -0.102435 0.003527
v -0.001231 -0.103130 0.003655
v 0.001083 -0.105580 0.001143
v 0.000758 -0.105765 0.000500
v -0.000435 -0.104366 0.003123
v -0.000525 -0.103780 0.003539
v -0.001306 -0.102435 0.003844
v -0.000592 -0.103130 0.003851
v 0.001264 -0.105580 0.000984
v 0.000102 -0.104366 0.003193
v 0.000084 -0.103780 0.003617
v -0.000635 -0.102435 0.004049
v 0.000071 -0.103130 0.003936
v 0.002455 -0.104871 0.001500
v 0.001960 -0.105280 0.001164
v 0.000644 -0.104366 0.003170
v 0.000698 -0.103780 0.003591
v 0.000062 -0.102435 0.004138
v 0.000738 -0.103130 0.003906
v 0.002132 -0.105280 0.000857
v 0.001173 -0.104366 0.003056
v 0.001298 -0.103780 0.003462
v 0.000764 -0.102435 0.004108
v 0.001391 -0.103130 0.003766
v 0.000936 -0.105765 0.000183
v 0.001533 -0.105580 0.000586
v 0.001676 -0.104366 0.002854
v 0.001867 -0.103780 0.003233
v 0.001451 -0.102435 0.003961
v 0.002011 -0.103130 0.003518
v 0.001613 -0.105580 0.000358
v 0.002138 -0.104366 0.002570
v 0.002390 -0.103780 0.002911
v 0.002102 -0.102435 0.003699
v 0.002580 -0.103130 0.003167
v 0.002309 -0.105280 0.000177
v 0.002905 -0.104871 0.000227
v 0.002544 -0.104366 0.002211
v 0.002851 -0.103780 0.002505
v 0.003081 -0.103130 0.002726
v 0.002700 -0.102435 0.003331
v 0.002309 -0.105280 -0.000175
v 0.002885 -0.104366 0.001790
v 0.003237 -0.103780 0.002028
v 0.003228 -0.102435 0.002867
v 0.003501 -0.103130 0.002206
v 0.000936 -0.105765 -0.000181
v 0.001654 -0.105580 -0.000120
v 0.003149 -0.104366 0.001317
v 0.003536 -0.103780 0.001492
v 0.003827 -0.103130 0.001623
v 0.003669 -0.102435 0.002319
v 0.001613 -0.105580 -0.000357
v 0.003330 -0.104366 0.000806
v 0.003741 -0.103780 0.000913
v 0.004012 -0.102435 0.001706
v 0.004049 -0.103130 0.000993
v 0.002132 -0.105280 -0.000857
v 0.002677 -0.104871 -0.001102
v 0.003421 -0.104366 0.000272
v 0.003845 -0.103780 0.000308
v 0.004162 -0.103130 0.000335
v 0.004246 -0.102435 0.001044
v 0.001960 -0.105280 -0.001163
v 0.003421 -0.104366 -0.000270
v 0.003845 -0.103780 -0.000306
v 0.004364 -0.102435 0.000351
v 0.004162 -0.103130 -0.000333
v 0.001415 -0.105580 -0.000795
v 0.000758 -0.105765 -0.000498
v 0.003330 -0.104366 -0.000804
v 0.003741 -0.103780 -0.000912
v 0.004364 -0.102435 -0.000350
v 0.004049 -0.103130 -0.000992
v 0.000667 -0.105765 -0.000579
v 0.001264 -0.105580 -0.000982
v 0.003149 -0.104366 -0.001315
v 0.003536 -0.103780 -0.001490
v 0.004246 -0.102435 -0.001043
v 0.003827 -0.103130 -0.001621
v 0.000150 -0.105280 -0.002076
v 0.002885 -0.104366 -0.001788
v 0.003237 -0.103780 -0.002026
v 0.004012 -0.102435 -0.001705
v 0.003501 -0.103130 -0.002205
v 0.001443 -0.104871 -0.002389
v 0.001174 -0.105280 -0.001856
v 0.002544 -0.104366 -0.002210
v 0.002851 -0.103780 -0.002504
v 0.003669 -0.102435 -0.002318
v 0.003081 -0.103130 -0.002724
v 0.002138 -0.104366 -0.002568
v 0.001083 -0.105580 -0.001142
v 0.002390 -0.103780 -0.002910
v 0.003228 -0.102435 -0.002865
v 0.002580 -0.103130 -0.003167
v 0.000847 -0.105280 -0.001987
v 0.001676 -0.104366 -0.002852
v 0.000878 -0.105580 -0.001268
v 0.000562 -0.105765 -0.000643
v 0.001867 -0.103780 -0.003231
v 0.002700 -0.102435 -0.003330
v 0.002011 -0.103130 -0.003516
v 0.001173 -0.104366 -0.003054
v 0.000449 -0.105765 -0.000689
v 0.000654 -0.105580 -0.001358
v 0.001298 -0.103780 -0.003461
v 0.002102 -0.102435 -0.003697
v 0.001391 -0.103130 -0.003765
v 0.000644 -0.104366 -0.003168
v 0.000329 -0.105765 -0.000714
v 0.000418 -0.105580 -0.001409
v 0.000698 -0.103780 -0.003590
v 0.001451 -0.102435 -0.003959
v 0.000738 -0.103130 -0.003906
v 0.000102 -0.104366 -0.003191
v 0.000207 -0.105765 -0.000720
v 0.000177 -0.105580 -0.001419
v 0.000084 -0.103780 -0.003616
v 0.000764 -0.102435 -0.004107
v 0.000071 -0.103130 -0.003934
v -0.000435 -0.104366 -0.003122
v 0.000086 -0.105765 -0.000704
v -0.000062 -0.105580 -0.001388
v -0.000525 -0.103780 -0.003539
v 0.000062 -0.102435 -0.004137
v -0.000592 -0.103130 -0.003849
v -0.000031 -0.105765 -0.000668
v -0.000292 -0.105580 -0.001318
v -0.000635 -0.102435 -0.004049
v -0.001231 -0.103130 -0.003654
v -0.000140 -0.105765 -0.000613
v -0.000507 -0.105580 -0.001209
v -0.001306 -0.102435 -0.003842
v -0.001827 -0.103130 -0.003353
v -0.000239 -0.105765 -0.000540
v -0.002248 -0.104366 -0.002006
v -0.002154 -0.103780 -0.002717
v -0.001934 -0.102435 -0.003526
v -0.002364 -0.103130 -0.002956
v -0.001380 -0.105280 -0.001305
v -0.000323 -0.105765 -0.000452
v -0.000868 -0.105580 -0.000892
v -0.001844 -0.104871 -0.001680
v -0.002498 -0.102435 -0.003108
v -0.000392 -0.105765 -0.000351
v -0.001003 -0.105580 -0.000692
v -0.002551 -0.104366 -0.001557
v -0.002984 -0.102435 -0.002601
v -0.002286 -0.104871 -0.000891
v -0.000442 -0.105765 -0.000239
v -0.002775 -0.104366 -0.001064
v -0.003175 -0.103780 -0.001206
v -0.001811 -0.105280 -0.000351
v -0.002400 -0.104871 -0.000451
v -0.002911 -0.104366 -0.000540
v -0.003330 -0.103780 -0.000611
v 0.003553 -0.079477 0.006575
v 0.002394 -0.079477 0.007041
v 0.003361 -0.084084 0.006195
v 0.003695 -0.074863 0.006857
v 0.002486 -0.074863 0.007343
v 0.004616 -0.079477 0.005920
v 0.004804 -0.074863 0.006175
v 0.001213 -0.074863 0.007617
v 0.001173 -0.079477 0.007304
v 0.002269 -0.084084 0.006634
v -0.000075 -0.079477 0.007357
v 0.001119 -0.084084 0.006882
v 0.002547 -0.070242 0.007541
v 0.001239 -0.070242 0.007823
v -0.000088 -0.074863 0.007672
v -0.001313 -0.079477 0.007199
v -0.000057 -0.084084 0.006932
v -0.001224 -0.084084 0.006781
v -0.002507 -0.079477 0.006833
v -0.001380 -0.074863 0.007508
v -0.003623 -0.079477 0.006271
v -0.002349 -0.084084 0.006438
v -0.002625 -0.074863 0.007126
v -0.004627 -0.079477 0.005528
v -0.003400 -0.084084 0.005908
v -0.003788 -0.074863 0.006540
v -0.004836 -0.074863 0.005765
v -0.002703 -0.070242 0.007318
v -0.003897 -0.070242 0.006716
v -0.005737 -0.074863 0.004825
v -0.005491 -0.079477 0.004626
v -0.004345 -0.084084 0.005208
v -0.006466 -0.074863 0.003745
v -0.005160 -0.084084 0.004359
v -0.006190 -0.079477 0.003592
v -0.005819 -0.084084 0.003384
v -0.006705 -0.079477 0.002454
v -0.006647 -0.070242 0.003847
v -0.005898 -0.070242 0.004955
v -0.007019 -0.079477 0.001245
v -0.006303 -0.084084 0.002312
v -0.007003 -0.074863 0.002558
v -0.007331 -0.074863 0.001299
v -0.003904 -0.102435 0.000001
v -0.003844 -0.102435 0.000700
v -0.004767 -0.097859 0.000001
v -0.007125 -0.079477 0.000001
v -0.006600 -0.084084 0.001173
v -0.004695 -0.097859 0.000847
v -0.003667 -0.102435 0.001380
v -0.006700 -0.084084 0.000001
v -0.005520 -0.093275 0.000001
v -0.005438 -0.093275 0.000974
v -0.006165 -0.088683 0.000001
v -0.004789 -0.093275 0.002809
v -0.005799 -0.088683 0.002133
v -0.005191 -0.093275 0.001919
v -0.006073 -0.088683 0.001083
v -0.001224 -0.084084 -0.006781
v -0.001313 -0.079477 -0.007197
v -0.000075 -0.079477 -0.007356
v -0.007441 -0.074863 0.000001
v -0.007535 -0.070242 0.001334
v -0.007648 -0.070242 0.000001
v -0.007631 -0.065613 0.001350
v -0.007746 -0.065613 0.000001
v -0.007734 -0.060976 0.000001
v -0.007619 -0.060976 0.001348
v -0.007613 -0.056332 0.000001
v -0.007319 -0.051680 0.000977
v -0.007382 -0.051680 0.000001
v -0.007500 -0.056332 0.001327
v 0.005931 -0.070242 0.005456
v 0.004927 -0.070242 0.006340
v 0.005782 -0.074863 0.005314
v 0.004363 -0.084084 0.005578
v 0.005246 -0.084084 0.004801
v 0.005554 -0.079477 0.005096
v 0.006600 -0.074863 0.004301
v 0.006947 -0.079477 0.003034
v 0.007235 -0.074863 0.003164
v 0.006338 -0.079477 0.004124
v 0.006559 -0.084084 0.002858
v 0.005985 -0.084084 0.003886
v 0.007669 -0.074863 0.001936
v 0.007363 -0.079477 0.001856
v 0.007869 -0.070242 0.001988
v 0.007424 -0.070242 0.003249
v 0.006951 -0.084084 0.001749
v 0.007574 -0.079477 -0.000625
v 0.007889 -0.074863 -0.000650
v 0.007889 -0.074863 0.000652
v 0.007574 -0.079477 0.000625
v 0.007150 -0.084084 -0.000587
v 0.007150 -0.084084 0.000589
v 0.007363 -0.079477 -0.001854
v 0.007669 -0.074863 -0.001934
v 0.008095 -0.070242 -0.000668
v 0.007869 -0.070242 -0.001986
v 0.006947 -0.079477 -0.003032
v 0.007235 -0.074863 -0.003162
v 0.006951 -0.084084 -0.001748
v 0.006559 -0.084084 -0.002857
v 0.006338 -0.079477 -0.004122
v 0.006600 -0.074863 -0.004299
v 0.005782 -0.074863 -0.005313
v 0.005931 -0.070242 -0.005456
v 0.006771 -0.070242 -0.004415
v 0.005985 -0.084084 -0.003884
v 0.005246 -0.084084 -0.004800
v 0.005554 -0.079477 -0.005094
v 0.003695 -0.074863 -0.006856
v 0.004804 -0.074863 -0.006173
v 0.003553 -0.079477 -0.006575
v 0.004616 -0.079477 -0.005919
v 0.003361 -0.084084 -0.006194
v 0.004363 -0.084084 -0.005577
v 0.002394 -0.079477 -0.007039
v 0.002486 -0.074863 -0.007342
v 0.002547 -0.070242 -0.007539
v 0.003788 -0.070242 -0.007041
v 0.001173 -0.079477 -0.007303
v 0.001213 -0.074863 -0.007616
v 0.002269 -0.084084 -0.006632
v 0.001119 -0.084084 -0.006880
v -0.000057 -0.084084 -0.006931
v -0.003119 -0.088683 -0.005452
v -0.003400 -0.084084 -0.005907
v -0.002349 -0.084084 -0.006436
v -0.001111 -0.088683 -0.006258
v -0.003844 -0.102435 -0.000699
v -0.004695 -0.097859 -0.000845
v -0.003992 -0.088683 -0.004805
v -0.005438 -0.093275 -0.000972
v -0.004481 -0.097859 -0.001666
v -0.003667 -0.102435 -0.001379
v -0.000088 -0.074863 -0.007671
v -0.002507 -0.079477 -0.006831
v -0.001380 -0.074863 -0.007506
v -0.005191 -0.093275 -0.001918
v -0.001424 -0.070242 -0.007708
v -0.000097 -0.070242 -0.007878
v -0.004627 -0.079477 -0.005526
v -0.004836 -0.074863 -0.005764
v -0.003788 -0.074863 -0.006538
v -0.003948 -0.065613 -0.006797
v -0.003897 -0.070242 -0.006715
v -0.004972 -0.070242 -0.005919
v -0.002625 -0.074863 -0.007125
v -0.002703 -0.070242 -0.007317
v -0.005974 -0.065613 -0.005015
v -0.005029 -0.060976 -0.005983
v -0.005037 -0.065613 -0.005992
v -0.003942 -0.060976 -0.006787
v -0.007164 -0.056332 -0.002614
v -0.006616 -0.056332 -0.003828
v -0.007279 -0.060976 -0.002655
v -0.005964 -0.060976 -0.005007
v -0.006722 -0.060976 -0.003887
v -0.005870 -0.056332 -0.004931
v -0.007319 -0.051680 -0.000975
v -0.007500 -0.056332 -0.001326
v -0.007133 -0.051680 -0.001930
v -0.004481 -0.097859 0.001667
v -0.003378 -0.102435 0.002021
v -0.004131 -0.097859 0.002441
v -0.007198 -0.070242 0.002628
v -0.007290 -0.065613 0.002659
v -0.007279 -0.060976 0.002657
v -0.007132 -0.051680 0.001936
v -0.007164 -0.056332 0.002616
v -0.002498 -0.102435 0.003109
v -0.001934 -0.102435 0.003527
v -0.003069 -0.097859 0.003758
v -0.002984 -0.102435 0.002603
v -0.003656 -0.097859 0.003145
v -0.005352 -0.088683 0.003123
v -0.006732 -0.065613 0.003894
v -0.005974 -0.065613 0.005015
v -0.005964 -0.060976 0.005009
v -0.006722 -0.060976 0.003889
v -0.006824 -0.051680 0.002861
v -0.006616 -0.056332 0.003828
v -0.000635 -0.102435 0.004049
v 0.000062 -0.102435 0.004138
v -0.000817 -0.097859 0.004893
v 0.005975 -0.093275 0.000489
v 0.006434 -0.088683 0.001614
v 0.005810 -0.093275 0.001451
v -0.004242 -0.093275 0.003618
v -0.004744 -0.088683 0.004023
v -0.005870 -0.056332 0.004933
v -0.005868 -0.051680 0.004558
v -0.006401 -0.051680 0.003740
v -0.002386 -0.097859 0.004262
v -0.003566 -0.093275 0.004323
v -0.003992 -0.088683 0.004806
v -0.004972 -0.070242 0.005920
v -0.005037 -0.065613 0.005994
v -0.005029 -0.060976 0.005985
v -0.005234 -0.051680 0.005302
v -0.004949 -0.056332 0.005894
v -0.001306 -0.102435 0.003844
v -0.001628 -0.097859 0.004643
v -0.002781 -0.093275 0.004904
v -0.003119 -0.088683 0.005453
v -0.003948 -0.065613 0.006799
v -0.002739 -0.065613 0.007408
v -0.002735 -0.060976 0.007398
v -0.003942 -0.060976 0.006788
v -0.004511 -0.051680 0.005959
v -0.003878 -0.056332 0.006686
v -0.001909 -0.093275 0.005344
v -0.002149 -0.088683 0.005942
v -0.002689 -0.056332 0.007284
v -0.002845 -0.051680 0.006969
v -0.003712 -0.051680 0.006517
v 0.000025 -0.097859 0.005001
v 0.000764 -0.102435 0.004108
v -0.001111 -0.088683 0.006260
v -0.000975 -0.093275 0.005630
v -0.001424 -0.070242 0.007709
v -0.001444 -0.065613 0.007805
v -0.001442 -0.060976 0.007794
v -0.001928 -0.051680 0.007306
v -0.001416 -0.056332 0.007675
v 0.002102 -0.102435 0.003699
v 0.001703 -0.097859 0.004786
v 0.001451 -0.102435 0.003961
v 0.000873 -0.097859 0.004965
v -0.000034 -0.088683 0.006398
v -0.000007 -0.093275 0.005754
v -0.000097 -0.070242 0.007880
v -0.000101 -0.065613 0.007977
v 0.001252 -0.065613 0.007920
v 0.001250 -0.060976 0.007908
v -0.000101 -0.060976 0.007965
v -0.000976 -0.051680 0.007523
v -0.000095 -0.056332 0.007844
v 0.000969 -0.093275 0.005711
v 0.001051 -0.088683 0.006351
v 0.001235 -0.056332 0.007787
v 0.000971 -0.051680 0.007585
v -0.000006 -0.051680 0.007617
v 0.003669 -0.102435 0.002319
v 0.003851 -0.097859 0.003464
v 0.003228 -0.102435 0.002867
v 0.002700 -0.102435 0.003331
v 0.002491 -0.097859 0.004470
v 0.002113 -0.088683 0.006122
v 0.001924 -0.093275 0.005507
v 0.002576 -0.065613 0.007633
v 0.002572 -0.060976 0.007623
v 0.001935 -0.051680 0.007429
v 0.002537 -0.056332 0.007507
v 0.003214 -0.097859 0.004023
v 0.002830 -0.093275 0.005142
v 0.003120 -0.088683 0.005718
v 0.003788 -0.070242 0.007042
v 0.003832 -0.065613 0.007130
v 0.003827 -0.060976 0.007119
v 0.002872 -0.051680 0.007151
v 0.003772 -0.056332 0.007011
v 0.003662 -0.093275 0.004630
v 0.004045 -0.088683 0.005148
v 0.004985 -0.065613 0.006420
v 0.004978 -0.060976 0.006409
v 0.004906 -0.056332 0.006313
v 0.003763 -0.051680 0.006756
v 0.004598 -0.051680 0.006250
v 0.004012 -0.102435 0.001706
v 0.004246 -0.102435 0.001044
v 0.004798 -0.097859 0.002062
v 0.004384 -0.097859 0.002803
v 0.004860 -0.088683 0.004431
v 0.004395 -0.093275 0.003984
v 0.006002 -0.065613 0.005525
v 0.005993 -0.060976 0.005517
v 0.005362 -0.051680 0.005640
v 0.005905 -0.056332 0.005433
v 0.005008 -0.093275 0.003224
v 0.005542 -0.088683 0.003586
v 0.006771 -0.070242 0.004417
v 0.006852 -0.065613 0.004471
v 0.006842 -0.060976 0.004464
v 0.006041 -0.051680 0.004937
v 0.006742 -0.056332 0.004397
v 0.004364 -0.102435 0.000351
v 0.004364 -0.102435 -0.000350
v 0.005224 -0.097859 0.000425
v 0.005081 -0.097859 0.001262
v 0.006072 -0.088683 0.002638
v 0.005485 -0.093275 0.002372
v 0.007513 -0.065613 0.003289
v 0.007502 -0.060976 0.003284
v 0.007391 -0.056332 0.003233
v 0.006624 -0.051680 0.004157
v 0.007964 -0.065613 0.002013
v 0.007952 -0.060976 0.002009
v 0.007470 -0.051680 0.002400
v 0.007835 -0.056332 0.001979
v 0.007104 -0.051680 0.003306
v 0.004012 -0.102435 -0.001705
v 0.005081 -0.097859 -0.001261
v 0.004246 -0.102435 -0.001043
v 0.006617 -0.088683 0.000544
v 0.008095 -0.070242 0.000670
v 0.008193 -0.065613 0.000677
v 0.008181 -0.060976 0.000677
v 0.007718 -0.051680 0.001455
v 0.008060 -0.056332 0.000667
v 0.005224 -0.097859 -0.000425
v 0.004798 -0.097859 -0.002061
v 0.003669 -0.102435 -0.002318
v -0.004131 -0.097859 -0.002440
v -0.003378 -0.102435 -0.002019
v 0.005975 -0.093275 -0.000487
v 0.006617 -0.088683 -0.000542
v 0.008193 -0.065613 -0.000676
v 0.008181 -0.060976 -0.000675
v 0.008060 -0.056332 -0.000665
v 0.007842 -0.051680 0.000488
v 0.005810 -0.093275 -0.001450
v 0.006434 -0.088683 -0.001612
v 0.007964 -0.065613 -0.002012
v 0.007952 -0.060976 -0.002008
v 0.007835 -0.056332 -0.001977
v 0.007842 -0.051680 -0.000488
v 0.007717 -0.051680 -0.001458
v 0.003228 -0.102435 -0.002865
v 0.002700 -0.102435 -0.003330
v 0.003851 -0.097859 -0.003462
v 0.004384 -0.097859 -0.002802
v 0.006072 -0.088683 -0.002636
v 0.005485 -0.093275 -0.002371
v 0.007424 -0.070242 -0.003247
v 0.007513 -0.065613 -0.003289
v 0.007502 -0.060976 -0.003283
v 0.007469 -0.051680 -0.002402
v 0.007391 -0.056332 -0.003233
v 0.002102 -0.102435 -0.003697
v 0.003214 -0.097859 -0.004023
v 0.005008 -0.093275 -0.003224
v 0.005542 -0.088683 -0.003585
v 0.006852 -0.065613 -0.004470
v 0.006842 -0.060976 -0.004463
v 0.006742 -0.056332 -0.004395
v 0.007102 -0.051680 -0.003306
v 0.001451 -0.102435 -0.003959
v 0.002491 -0.097859 -0.004468
v 0.004395 -0.093275 -0.003983
v 0.004860 -0.088683 -0.004430
v 0.006002 -0.065613 -0.005523
v 0.005993 -0.060976 -0.005515
v 0.005905 -0.056332 -0.005431
v 0.006624 -0.051680 -0.004157
v 0.006039 -0.051680 -0.004940
v 0.003662 -0.093275 -0.004630
v 0.004045 -0.088683 -0.005147
v 0.004927 -0.070242 -0.006339
v 0.004985 -0.065613 -0.006419
v 0.004978 -0.060976 -0.006408
v 0.005359 -0.051680 -0.005641
v 0.004906 -0.056332 -0.006311
v 0.000764 -0.102435 -0.004107
v 0.000062 -0.102435 -0.004137
v 0.000873 -0.097859 -0.004963
v 0.001703 -0.097859 -0.004784
v 0.003120 -0.088683 -0.005716
v 0.002830 -0.093275 -0.005142
v 0.003827 -0.060976 -0.007117
v 0.003772 -0.056332 -0.007009
v 0.004596 -0.051680 -0.006250
v 0.003832 -0.065613 -0.007128
v -0.000635 -0.102435 -0.004049
v 0.000025 -0.097859 -0.004999
v 0.001924 -0.093275 -0.005505
v 0.002113 -0.088683 -0.006121
v 0.002576 -0.065613 -0.007633
v 0.002572 -0.060976 -0.007621
v 0.002537 -0.056332 -0.007506
v 0.003762 -0.051680 -0.006755
v 0.002868 -0.051680 -0.007151
v 0.000969 -0.093275 -0.005711
v 0.001051 -0.088683 -0.006350
v 0.001239 -0.070242 -0.007822
v 0.001252 -0.065613 -0.007918
v 0.001250 -0.060976 -0.007907
v 0.001931 -0.051680 -0.007428
v 0.001235 -0.056332 -0.007786
v -0.001306 -0.102435 -0.003842
v -0.001934 -0.102435 -0.003526
v -0.001628 -0.097859 -0.004643
v -0.000817 -0.097859 -0.004891
v -0.000034 -0.088683 -0.006396
v -0.000007 -0.093275 -0.005753
v -0.000101 -0.060976 -0.007964
v -0.000095 -0.056332 -0.007843
v 0.000968 -0.051680 -0.007584
v -0.000101 -0.065613 -0.007976
v -0.002386 -0.097859 -0.004261
v -0.002498 -0.102435 -0.003108
v -0.000975 -0.093275 -0.005629
v -0.002149 -0.088683 -0.005940
v -0.001444 -0.065613 -0.007803
v -0.001442 -0.060976 -0.007792
v -0.001416 -0.056332 -0.007673
v -0.000007 -0.051680 -0.007615
v -0.000980 -0.051680 -0.007521
v -0.002984 -0.102435 -0.002601
v -0.003069 -0.097859 -0.003756
v -0.001909 -0.093275 -0.005342
v -0.003878 -0.056332 -0.006684
v -0.003623 -0.079477 -0.006269
v -0.002739 -0.065613 -0.007407
v -0.002735 -0.060976 -0.007397
v -0.001933 -0.051680 -0.007303
v -0.002689 -0.056332 -0.007284
v -0.002781 -0.093275 -0.004902
v -0.002848 -0.051680 -0.006966
v -0.005799 -0.088683 -0.002132
v -0.005819 -0.084084 -0.003383
v -0.005352 -0.088683 -0.003122
v -0.003656 -0.097859 -0.003144
v -0.004345 -0.084084 -0.005207
v -0.003566 -0.093275 -0.004322
v -0.004949 -0.056332 -0.005893
v -0.003713 -0.051680 -0.006515
v -0.004514 -0.051680 -0.005956
v -0.004744 -0.088683 -0.004021
v -0.004242 -0.093275 -0.003616
v -0.005160 -0.084084 -0.004357
v -0.005491 -0.079477 -0.004625
v -0.005737 -0.074863 -0.004823
v -0.005898 -0.070242 -0.004953
v -0.005238 -0.051680 -0.005298
v -0.004789 -0.093275 -0.002807
v -0.006190 -0.079477 -0.003590
v -0.006466 -0.074863 -0.003744
v -0.006647 -0.070242 -0.003845
v -0.006732 -0.065613 -0.003893
v -0.005870 -0.051680 -0.004555
v -0.006303 -0.084084 -0.002310
v -0.006705 -0.079477 -0.002453
v -0.007003 -0.074863 -0.002557
v -0.007198 -0.070242 -0.002626
v -0.007290 -0.065613 -0.002659
v -0.007619 -0.060976 -0.001346
v -0.006402 -0.051680 -0.003739
v -0.006826 -0.051680 -0.002857
v -0.006073 -0.088683 -0.001082
v -0.006600 -0.084084 -0.001172
v -0.007019 -0.079477 -0.001243
v -0.007331 -0.074863 -0.001297
v -0.007535 -0.070242 -0.001332
v -0.007631 -0.065613 -0.001348
v 0.002553 -0.040289 0.006551
v 0.003763 -0.051680 0.006756
v 0.003127 -0.040095 0.006307
v 0.004751 -0.000002 0.002332
v 0.004871 -0.012927 0.003132
v 0.005334 -0.012927 0.002303
v 0.004753 -0.040289 0.005281
v 0.005362 -0.051680 0.005640
v 0.006041 -0.051680 0.004937
v 0.005650 -0.012927 0.001410
v 0.005063 -0.000002 0.001588
v 0.003797 -0.000002 0.003626
v 0.004326 -0.000002 0.003017
v 0.003704 -0.040026 0.006005
v 0.000806 -0.000002 0.005049
v 0.001872 -0.013435 0.005371
v 0.001597 -0.000002 0.004896
v 0.007076 -0.038767 -0.000581
v 0.006402 -0.025849 0.000526
v 0.007076 -0.038767 0.000583
v 0.006225 -0.025849 0.001559
v 0.006879 -0.038767 0.001729
v 0.005924 -0.038767 -0.003842
v 0.006039 -0.051680 -0.004940
v 0.005192 -0.038767 -0.004748
v 0.005254 -0.000002 -0.000804
v 0.005810 -0.012927 -0.000473
v 0.005650 -0.012927 -0.001408
v 0.005875 -0.025849 -0.002547
v 0.006491 -0.038767 -0.002826
v 0.005359 -0.051680 -0.005641
v 0.004072 -0.013435 -0.004100
v 0.004871 -0.012927 -0.003131
v 0.004704 -0.025849 -0.004281
v 0.004326 -0.000002 -0.003015
v 0.003797 -0.000002 -0.003624
v 0.006624 -0.051680 -0.004157
v 0.005364 -0.025849 -0.003464
v 0.005334 -0.012927 -0.002303
v -0.005102 -0.038767 -0.004310
v -0.003850 -0.025849 -0.004643
v -0.004296 -0.038767 -0.005151
v 0.006225 -0.025849 -0.001558
v 0.006879 -0.038767 -0.001728
v -0.000053 -0.038767 -0.006856
v 0.001024 -0.025849 -0.006136
v 0.001109 -0.038767 -0.006807
v -0.000000 -0.012927 -0.005587
v -0.000940 -0.012927 -0.005466
v -0.000000 -0.000002 -0.005074
v -0.000800 -0.000002 -0.004972
v 0.000806 -0.000002 -0.005048
v 0.000948 -0.012927 -0.005546
v -0.007319 -0.051680 -0.000975
v -0.006668 -0.040095 -0.000649
v -0.006593 -0.040289 -0.001269
v -0.001208 -0.038767 -0.006708
v -0.000980 -0.051680 -0.007521
v 0.001597 -0.000002 -0.004894
v -0.002694 -0.012927 -0.004761
v -0.001574 -0.000002 -0.004745
v -0.001847 -0.012927 -0.005189
v -0.002321 -0.038767 -0.006367
v -0.003360 -0.038767 -0.005843
v -0.002069 -0.025849 -0.005740
v -0.007133 -0.051680 -0.001930
v -0.003006 -0.025849 -0.005267
v -0.004576 -0.025849 -0.003886
v -0.005753 -0.038767 -0.003346
v -0.006402 -0.051680 -0.003739
v -0.005231 -0.013435 -0.001269
v -0.005035 -0.012927 -0.001862
v -0.005868 -0.026864 -0.001269
v -0.006233 -0.038767 -0.002285
v -0.005163 -0.025849 -0.003016
v -0.004681 -0.000002 -0.001269
v -0.006826 -0.051680 -0.002857
v -0.004645 -0.012927 -0.002727
v -0.004113 -0.012927 -0.003514
v -0.003550 -0.000002 -0.003385
v -0.003457 -0.012927 -0.004197
v -0.005596 -0.025849 -0.002060
v -0.007382 -0.051680 0.000001
v -0.006695 -0.040025 0.000001
v -0.004514 -0.051680 -0.005956
v -0.001066 -0.025849 -0.006047
v -0.002302 -0.000002 -0.004399
v -0.000025 -0.025849 -0.006180
v 0.002191 -0.026864 -0.005923
v 0.002553 -0.040289 -0.006550
v 0.001872 -0.013435 -0.005370
v 0.003128 -0.040094 -0.006305
v 0.002868 -0.051680 -0.007151
v 0.001931 -0.051680 -0.007428
v 0.003703 -0.040026 -0.006003
v 0.003762 -0.051680 -0.006755
v 0.004254 -0.040095 -0.005654
v 0.004596 -0.051680 -0.006250
v 0.004753 -0.040289 -0.005280
v 0.006402 -0.025849 -0.000524
v 0.005810 -0.012927 0.000475
v 0.005318 -0.000002 0.000001
v 0.007717 -0.051680 -0.001458
v 0.005875 -0.025849 0.002549
v 0.006491 -0.038767 0.002828
v 0.005254 -0.000002 0.000805
v 0.007104 -0.051680 0.003306
v 0.005924 -0.038767 0.003844
v 0.007470 -0.051680 0.002400
v 0.005192 -0.038767 0.004749
v 0.004391 -0.026864 0.004654
v 0.006624 -0.051680 0.004157
v 0.004598 -0.051680 0.006250
v 0.004254 -0.040094 0.005656
v 0.004704 -0.025849 0.004282
v -0.000025 -0.025849 0.006182
v 0.000000 -0.012927 0.005587
v -0.000940 -0.012927 0.005468
v -0.001574 -0.000002 0.004747
v -0.001847 -0.012927 0.005190
v 0.000000 -0.000002 0.005075
v -0.000800 -0.000002 0.004974
v -0.002966 -0.000002 0.003943
v -0.003457 -0.012927 0.004199
v -0.002694 -0.012927 0.004763
v -0.002302 -0.000002 0.004400
v -0.004645 -0.012927 0.002728
v -0.004113 -0.012927 0.003514
v -0.004038 -0.000002 0.002744
v -0.003550 -0.000002 0.003386
v -0.006233 -0.038767 0.002287
v -0.005753 -0.038767 0.003348
v -0.005596 -0.025849 0.002062
v -0.005102 -0.038767 0.004312
v -0.005868 -0.051680 0.004558
v -0.005868 -0.026864 0.001271
v -0.006593 -0.040289 0.001271
v -0.007319 -0.051680 0.000977
v -0.007132 -0.051680 0.001936
v -0.006668 -0.040094 0.000652
v -0.004296 -0.038767 0.005152
v -0.005234 -0.051680 0.005302
v -0.005035 -0.012927 0.001864
v -0.004418 -0.000002 0.002032
v -0.005231 -0.013435 0.001271
v -0.004681 -0.000002 0.001271
v -0.004576 -0.025849 0.003888
v -0.003360 -0.038767 0.005844
v -0.002845 -0.051680 0.006969
v -0.002321 -0.038767 0.006369
v -0.003850 -0.025849 0.004645
v -0.001208 -0.038767 0.006709
v -0.002069 -0.025849 0.005742
v -0.001928 -0.051680 0.007306
v 0.002191 -0.026864 0.005924
v 0.000948 -0.012927 0.005548
v -0.000053 -0.038767 0.006857
v -0.001066 -0.025849 0.006049
v 0.001109 -0.038767 0.006808
v 0.001024 -0.025849 0.006138
v 0.001935 -0.051680 0.007429
v 0.000971 -0.051680 0.007585
v 0.002872 -0.051680 0.007151
v -0.006824 -0.051680 0.002861
v -0.006401 -0.051680 0.003740
v -0.005163 -0.025849 0.003018
v -0.004511 -0.051680 0.005959
v -0.003712 -0.051680 0.006517
v -0.003006 -0.025849 0.005269
v -0.000976 -0.051680 0.007523
v -0.000006 -0.051680 0.007617
v 0.004072 -0.013435 0.004101
v 0.005364 -0.025849 0.003465
v 0.007718 -0.051680 0.001455
v 0.007842 -0.051680 0.000488
v 0.007842 -0.051680 -0.000488
v 0.005063 -0.000002 -0.001587
v 0.004751 -0.000002 -0.002330
v 0.007469 -0.051680 -0.002402
v 0.007102 -0.051680 -0.003306
v 0.004391 -0.026864 -0.004653
v 0.000968 -0.051680 -0.007584
v -0.000007 -0.051680 -0.007615
v -0.001933 -0.051680 -0.007303
v -0.002966 -0.000002 -0.003941
v -0.002848 -0.051680 -0.006966
v -0.003713 -0.051680 -0.006515
v -0.004038 -0.000002 -0.002743
v -0.005238 -0.051680 -0.005298
v -0.005870 -0.051680 -0.004555
v -0.004418 -0.000002 -0.002031
v -0.007730 -0.037241 -0.001269
v -0.007730 -0.037241 0.001271
v -0.008786 -0.034168 0.001271
v -0.006593 -0.040289 0.001271
v -0.006668 -0.040094 0.000652
v -0.006695 -0.040025 0.000001
v -0.006668 -0.040095 -0.000649
v -0.009762 -0.031071 0.001271
v -0.009762 -0.031071 -0.001269
v -0.008786 -0.034168 -0.001269
v -0.006593 -0.040289 -0.001269
v -0.010658 -0.027950 0.001271
v -0.011473 -0.024805 0.001271
v -0.010658 -0.027950 -0.001269
v -0.011473 -0.024805 -0.001269
v -0.012207 -0.021636 0.001271
v -0.012207 -0.021636 -0.001269
v -0.008786 -0.034168 -0.001269
v -0.005868 -0.026864 -0.001269
v -0.007730 -0.037241 -0.001269
v -0.011623 -0.016696 -0.001269
v -0.012207 -0.021636 -0.001269
v -0.012002 -0.017635 -0.001269
v -0.006593 -0.040289 -0.001269
v -0.009762 -0.031071 -0.001269
v -0.009798 -0.014293 -0.001269
v -0.009086 -0.013580 -0.001269
v -0.011123 -0.015816 -0.001269
v -0.010512 -0.015012 -0.001269
v -0.011473 -0.024805 -0.001269
v -0.010658 -0.027950 -0.001269
v -0.012253 -0.018616 -0.001269
v -0.012357 -0.020634 -0.001269
v -0.012372 -0.019621 -0.001269
v -0.008909 -0.003397 -0.001269
v -0.008613 -0.000002 -0.001269
v -0.008324 -0.004213 -0.001269
v -0.004681 -0.000002 -0.001269
v -0.007248 -0.007018 -0.001269
v -0.007485 -0.006041 -0.001269
v -0.008474 -0.012786 -0.001269
v -0.007137 -0.008018 -0.001269
v -0.007154 -0.009026 -0.001269
v -0.005231 -0.013435 -0.001269
v -0.007965 -0.011916 -0.001269
v -0.007572 -0.010989 -0.001269
v -0.007301 -0.010022 -0.001269
v -0.007845 -0.005101 -0.001269
v -0.010370 -0.002017 -0.001269
v -0.009773 -0.000183 -0.001269
v -0.009595 -0.002660 -0.001269
v -0.009200 -0.000048 -0.001269
v -0.011339 -0.001192 -0.001269
v -0.011343 -0.001316 -0.001269
v -0.011347 -0.001233 -0.001269
v -0.010823 -0.000709 -0.001269
v -0.010319 -0.000405 -0.001269
v -0.011349 -0.001274 -0.001269
v -0.011330 -0.001355 -0.001269
v -0.011324 -0.001153 -0.001269
v -0.011302 -0.001118 -0.001269
v -0.011311 -0.001392 -0.001269
v -0.011275 -0.001086 -0.001269
v -0.011286 -0.001425 -0.001269
v -0.011256 -0.001454 -0.001269
v -0.011221 -0.001477 -0.001269
v -0.012357 -0.020634 0.001271
v -0.012254 -0.018619 0.001271
v -0.012372 -0.019624 0.001271
v -0.009762 -0.031071 0.001271
v -0.008786 -0.034168 0.001271
v -0.008471 -0.012782 0.001271
v -0.012207 -0.021636 0.001271
v -0.012003 -0.017638 0.001271
v -0.004681 -0.000002 0.001271
v -0.007137 -0.008015 0.001271
v -0.005231 -0.013435 0.001271
v -0.011624 -0.016699 0.001271
v -0.009798 -0.014293 0.001271
v -0.010512 -0.015012 0.001271
v -0.010658 -0.027950 0.001271
v -0.011473 -0.024805 0.001271
v -0.011124 -0.015818 0.001271
v -0.009086 -0.013580 0.001271
v -0.007964 -0.011913 0.001271
v -0.005868 -0.026864 0.001271
v -0.007730 -0.037241 0.001271
v -0.007571 -0.010988 0.001271
v -0.007300 -0.010017 0.001271
v -0.007154 -0.009021 0.001271
v -0.007248 -0.007016 0.001271
v -0.007486 -0.006036 0.001271
v -0.007848 -0.005097 0.001271
v -0.008613 -0.000002 0.001271
v -0.008324 -0.004212 0.001271
v -0.010370 -0.002017 0.001271
v -0.009599 -0.002657 0.001271
v -0.009773 -0.000183 0.001271
v -0.009200 -0.000048 0.001271
v -0.008911 -0.003394 0.001271
v -0.011275 -0.001086 0.001271
v -0.011286 -0.001425 0.001271
v -0.011256 -0.001454 0.001271
v -0.010319 -0.000405 0.001271
v -0.011343 -0.001316 0.001271
v -0.011347 -0.001233 0.001271
v -0.011349 -0.001274 0.001271
v -0.011330 -0.001355 0.001271
v -0.011339 -0.001192 0.001271
v -0.011324 -0.001153 0.001271
v -0.011311 -0.001392 0.001271
v -0.011302 -0.001118 0.001271
v -0.011221 -0.001477 0.001271
v -0.010823 -0.000709 0.001271
v -0.006593 -0.040289 0.001271
v -0.011343 -0.001316 -0.001269
v -0.011349 -0.001274 0.001271
v -0.011349 -0.001274 -0.001269
v -0.011347 -0.001233 -0.001269
v -0.011347 -0.001233 0.001271
v -0.011339 -0.001192 0.001271
v -0.011339 -0.001192 -0.001269
v -0.011324 -0.001153 0.001271
v -0.011324 -0.001153 -0.001269
v -0.011302 -0.001118 -0.001269
v -0.011302 -0.001118 0.001271
v -0.011275 -0.001086 0.001271
v -0.011275 -0.001086 -0.001269
v -0.011343 -0.001316 0.001271
v -0.011330 -0.001355 -0.001269
v -0.011330 -0.001355 0.001271
v -0.011311 -0.001392 0.001271
v -0.011311 -0.001392 -0.001269
v -0.011286 -0.001425 -0.001269
v -0.011286 -0.001425 0.001271
v -0.011256 -0.001454 -0.001269
v -0.011256 -0.001454 0.001271
v -0.011221 -0.001477 -0.001269
v -0.011221 -0.001477 0.001271
v -0.010319 -0.000405 -0.001269
v -0.009773 -0.000183 0.001271
v -0.009773 -0.000183 -0.001269
v -0.009200 -0.000048 -0.001269
v -0.009200 -0.000048 0.001271
v -0.008613 -0.000002 0.001271
v -0.008613 -0.000002 -0.001269
v -0.010319 -0.000405 0.001271
v -0.010823 -0.000709 -0.001269
v -0.010823 -0.000709 0.001271
v -0.011275 -0.001086 -0.001269
v -0.011275 -0.001086 0.001271
v -0.011624 -0.016699 0.001271
v -0.012002 -0.017635 -0.001269
v -0.012003 -0.017638 0.001271
v -0.011124 -0.015818 0.001271
v -0.011623 -0.016696 -0.001269
v -0.011123 -0.015816 -0.001269
v -0.010512 -0.015012 0.001271
v -0.009798 -0.014293 0.001271
v -0.010512 -0.015012 -0.001269
v -0.009798 -0.014293 -0.001269
v -0.012253 -0.018616 -0.001269
v -0.012372 -0.019621 -0.001269
v -0.012254 -0.018619 0.001271
v -0.012357 -0.020634 -0.001269
v -0.012372 -0.019624 0.001271
v -0.012357 -0.020634 0.001271
v -0.012207 -0.021636 -0.001269
v -0.012207 -0.021636 0.001271
v -0.009086 -0.013580 -0.001269
v -0.009798 -0.014293 -0.001269
v -0.009798 -0.014293 0.001271
v -0.007572 -0.010989 -0.001269
v -0.007965 -0.011916 -0.001269
v -0.007964 -0.011913 0.001271
v -0.008474 -0.012786 -0.001269
v -0.009086 -0.013580 0.001271
v -0.008471 -0.012782 0.001271
v -0.007154 -0.009021 0.001271
v -0.007137 -0.008018 -0.001269
v -0.007154 -0.009026 -0.001269
v -0.007571 -0.010988 0.001271
v -0.007300 -0.010017 0.001271
v -0.007301 -0.010022 -0.001269
v -0.007485 -0.006041 -0.001269
v -0.007486 -0.006036 0.001271
v -0.007845 -0.005101 -0.001269
v -0.007248 -0.007018 -0.001269
v -0.007137 -0.008015 0.001271
v -0.007248 -0.007016 0.001271
v -0.008909 -0.003397 -0.001269
v -0.008324 -0.004212 0.001271
v -0.008911 -0.003394 0.001271
v -0.008324 -0.004213 -0.001269
v -0.007848 -0.005097 0.001271
v -0.009599 -0.002657 0.001271
v -0.009595 -0.002660 -0.001269
v -0.010370 -0.002017 0.001271
v -0.010370 -0.002017 -0.001269
v -0.011221 -0.001477 -0.001269
v -0.011221 -0.001477 0.001271
v 0.003122 -0.037241 -0.007535
v 0.003128 -0.040094 -0.006305
v 0.002553 -0.040289 -0.006550
v 0.005321 -0.037241 -0.006265
v 0.003703 -0.040026 -0.006003
v 0.004254 -0.040095 -0.005654
v 0.004753 -0.040289 -0.005280
v 0.004138 -0.031071 -0.009294
v 0.006338 -0.031071 -0.008024
v 0.005850 -0.034168 -0.007179
v 0.003650 -0.034168 -0.008449
v 0.004586 -0.027950 -0.010070
v 0.004993 -0.024805 -0.010776
v 0.006785 -0.027950 -0.008800
v 0.007193 -0.024805 -0.009506
v 0.005360 -0.021636 -0.011412
v 0.007560 -0.021636 -0.010142
v 0.005850 -0.034168 -0.007179
v 0.004391 -0.026864 -0.004653
v 0.005321 -0.037241 -0.006265
v 0.007268 -0.016696 -0.009636
v 0.007560 -0.021636 -0.010142
v 0.007457 -0.017635 -0.009964
v 0.004753 -0.040289 -0.005280
v 0.006338 -0.031071 -0.008024
v 0.006356 -0.014293 -0.008056
v 0.005999 -0.013580 -0.007439
v 0.007018 -0.015816 -0.009203
v 0.006713 -0.015012 -0.008674
v 0.007193 -0.024805 -0.009506
v 0.006785 -0.027950 -0.008800
v 0.007583 -0.018616 -0.010182
v 0.007635 -0.020634 -0.010271
v 0.007643 -0.019621 -0.010286
v 0.005911 -0.003397 -0.007287
v 0.005763 -0.000002 -0.007029
v 0.005618 -0.004213 -0.006778
v 0.003797 -0.000002 -0.003624
v 0.005080 -0.007018 -0.005847
v 0.005199 -0.006041 -0.006052
v 0.005693 -0.012786 -0.006909
v 0.005025 -0.008018 -0.005751
v 0.005034 -0.009026 -0.005766
v 0.004072 -0.013435 -0.004100
v 0.005439 -0.011916 -0.006468
v 0.005242 -0.010989 -0.006127
v 0.005107 -0.010022 -0.005893
v 0.005379 -0.005101 -0.006364
v 0.006641 -0.002017 -0.008551
v 0.006343 -0.000183 -0.008034
v 0.006254 -0.002660 -0.007879
v 0.006057 -0.000048 -0.007538
v 0.007126 -0.001192 -0.009390
v 0.007128 -0.001316 -0.009393
v 0.007130 -0.001233 -0.009397
v 0.006868 -0.000709 -0.008943
v 0.006616 -0.000405 -0.008506
v 0.007131 -0.001274 -0.009398
v 0.007122 -0.001355 -0.009383
v 0.007118 -0.001153 -0.009377
v 0.007108 -0.001118 -0.009358
v 0.007112 -0.001392 -0.009366
v 0.007094 -0.001086 -0.009335
v 0.007100 -0.001425 -0.009344
v 0.007085 -0.001454 -0.009318
v 0.007067 -0.001477 -0.009288
v 0.005435 -0.020634 -0.011541
v 0.005384 -0.018619 -0.011452
v 0.005443 -0.019624 -0.011556
v 0.004138 -0.031071 -0.009294
v 0.003650 -0.034168 -0.008449
v 0.003492 -0.012782 -0.008176
v 0.005360 -0.021636 -0.011412
v 0.005258 -0.017638 -0.011235
v 0.001597 -0.000002 -0.004894
v 0.002825 -0.008015 -0.007021
v 0.001872 -0.013435 -0.005370
v 0.005069 -0.016699 -0.010907
v 0.004156 -0.014293 -0.009326
v 0.004513 -0.015012 -0.009944
v 0.004586 -0.027950 -0.010070
v 0.004993 -0.024805 -0.010776
v 0.004819 -0.015818 -0.010474
v 0.003800 -0.013580 -0.008709
v 0.003239 -0.011913 -0.007737
v 0.002191 -0.026864 -0.005923
v 0.003122 -0.037241 -0.007535
v 0.003042 -0.010988 -0.007397
v 0.002907 -0.010017 -0.007163
v 0.002834 -0.009021 -0.007036
v 0.002881 -0.007016 -0.007117
v 0.003000 -0.006036 -0.007324
v 0.003181 -0.005097 -0.007636
v 0.003563 -0.000002 -0.008299
v 0.003419 -0.004212 -0.008049
v 0.004442 -0.002017 -0.009821
v 0.004056 -0.002657 -0.009154
v 0.004143 -0.000183 -0.009304
v 0.003857 -0.000048 -0.008808
v 0.003713 -0.003394 -0.008559
v 0.004894 -0.001086 -0.010605
v 0.004900 -0.001425 -0.010614
v 0.004885 -0.001454 -0.010588
v 0.004416 -0.000405 -0.009776
v 0.004928 -0.001316 -0.010663
v 0.004930 -0.001233 -0.010667
v 0.004931 -0.001274 -0.010668
v 0.004922 -0.001355 -0.010653
v 0.004926 -0.001192 -0.010660
v 0.004919 -0.001153 -0.010647
v 0.004913 -0.001392 -0.010636
v 0.004908 -0.001118 -0.010628
v 0.004868 -0.001477 -0.010558
v 0.004668 -0.000709 -0.010213
v 0.002553 -0.040289 -0.006550
v 0.007128 -0.001316 -0.009393
v 0.004931 -0.001274 -0.010668
v 0.007131 -0.001274 -0.009398
v 0.007130 -0.001233 -0.009397
v 0.004930 -0.001233 -0.010667
v 0.004926 -0.001192 -0.010660
v 0.007126 -0.001192 -0.009390
v 0.004919 -0.001153 -0.010647
v 0.007118 -0.001153 -0.009377
v 0.007108 -0.001118 -0.009358
v 0.004908 -0.001118 -0.010628
v 0.004894 -0.001086 -0.010605
v 0.007094 -0.001086 -0.009335
v 0.004928 -0.001316 -0.010663
v 0.007122 -0.001355 -0.009383
v 0.004922 -0.001355 -0.010653
v 0.004913 -0.001392 -0.010636
v 0.007112 -0.001392 -0.009366
v 0.007100 -0.001425 -0.009344
v 0.004900 -0.001425 -0.010614
v 0.007085 -0.001454 -0.009318
v 0.004885 -0.001454 -0.010588
v 0.007067 -0.001477 -0.009288
v 0.004868 -0.001477 -0.010558
v 0.006616 -0.000405 -0.008506
v 0.004143 -0.000183 -0.009304
v 0.006343 -0.000183 -0.008034
v 0.006057 -0.000048 -0.007538
v 0.003857 -0.000048 -0.008808
v 0.003563 -0.000002 -0.008299
v 0.005763 -0.000002 -0.007029
v 0.004416 -0.000405 -0.009776
v 0.006868 -0.000709 -0.008943
v 0.004668 -0.000709 -0.010213
v 0.007094 -0.001086 -0.009335
v 0.004894 -0.001086 -0.010605
v 0.005258 -0.017638 -0.011235
v 0.007268 -0.016696 -0.009636
v 0.007457 -0.017635 -0.009964
v 0.005069 -0.016699 -0.010907
v 0.007018 -0.015816 -0.009203
v 0.006713 -0.015012 -0.008674
v 0.004819 -0.015818 -0.010474
v 0.004513 -0.015012 -0.009944
v 0.006356 -0.014293 -0.008056
v 0.004156 -0.014293 -0.009326
v 0.007583 -0.018616 -0.010182
v 0.005384 -0.018619 -0.011452
v 0.007643 -0.019621 -0.010286
v 0.005443 -0.019624 -0.011556
v 0.005435 -0.020634 -0.011541
v 0.007635 -0.020634 -0.010271
v 0.005360 -0.021636 -0.011412
v 0.007560 -0.021636 -0.010142
v 0.005999 -0.013580 -0.007439
v 0.006356 -0.014293 -0.008056
v 0.004156 -0.014293 -0.009326
v 0.005242 -0.010989 -0.006127
v 0.005439 -0.011916 -0.006468
v 0.003239 -0.011913 -0.007737
v 0.005693 -0.012786 -0.006909
v 0.003800 -0.013580 -0.008709
v 0.003492 -0.012782 -0.008176
v 0.002834 -0.009021 -0.007036
v 0.005025 -0.008018 -0.005751
v 0.005034 -0.009026 -0.005766
v 0.003042 -0.010988 -0.007397
v 0.002907 -0.010017 -0.007163
v 0.005107 -0.010022 -0.005893
v 0.005199 -0.006041 -0.006052
v 0.003000 -0.006036 -0.007324
v 0.005379 -0.005101 -0.006364
v 0.005080 -0.007018 -0.005847
v 0.002825 -0.008015 -0.007021
v 0.002881 -0.007016 -0.007117
v 0.005911 -0.003397 -0.007287
v 0.003419 -0.004212 -0.008049
v 0.003713 -0.003394 -0.008559
v 0.005618 -0.004213 -0.006778
v 0.003181 -0.005097 -0.007636
v 0.004056 -0.002657 -0.009154
v 0.006254 -0.002660 -0.007879
v 0.004442 -0.002017 -0.009821
v 0.006641 -0.002017 -0.008551
v 0.007067 -0.001477 -0.009288
v 0.004868 -0.001477 -0.010558
v 0.005321 -0.037241 0.006266
v 0.004254 -0.040094 0.005656
v 0.004753 -0.040289 0.005281
v 0.003122 -0.037241 0.007536
v 0.003704 -0.040026 0.006005
v 0.003127 -0.040095 0.006307
v 0.002553 -0.040289 0.006551
v 0.006338 -0.031071 0.008026
v 0.004138 -0.031071 0.009296
v 0.003650 -0.034168 0.008451
v 0.005850 -0.034168 0.007181
v 0.006785 -0.027950 0.008802
v 0.007193 -0.024805 0.009507
v 0.004586 -0.027950 0.010072
v 0.004993 -0.024805 0.010777
v 0.007560 -0.021636 0.010143
v 0.005360 -0.021636 0.011413
v 0.003650 -0.034168 0.008451
v 0.002191 -0.026864 0.005924
v 0.003122 -0.037241 0.007536
v 0.005068 -0.016696 0.010908
v 0.005360 -0.021636 0.011413
v 0.005258 -0.017635 0.011235
v 0.002553 -0.040289 0.006551
v 0.004138 -0.031071 0.009296
v 0.004156 -0.014293 0.009327
v 0.003800 -0.013580 0.008710
v 0.004818 -0.015816 0.010475
v 0.004513 -0.015012 0.009946
v 0.004993 -0.024805 0.010777
v 0.004586 -0.027950 0.010072
v 0.005383 -0.018616 0.011453
v 0.005435 -0.020634 0.011542
v 0.005443 -0.019621 0.011556
v 0.003711 -0.003397 0.008558
v 0.003563 -0.000002 0.008301
v 0.003419 -0.004213 0.008050
v 0.001597 -0.000002 0.004896
v 0.002881 -0.007018 0.007118
v 0.002999 -0.006041 0.007323
v 0.003494 -0.012786 0.008180
v 0.002825 -0.008018 0.007022
v 0.002834 -0.009026 0.007038
v 0.001872 -0.013435 0.005371
v 0.003239 -0.011916 0.007740
v 0.003043 -0.010989 0.007399
v 0.002907 -0.010022 0.007164
v 0.003180 -0.005101 0.007636
v 0.004442 -0.002017 0.009822
v 0.004143 -0.000183 0.009305
v 0.004054 -0.002660 0.009151
v 0.003857 -0.000048 0.008809
v 0.004926 -0.001192 0.010661
v 0.004928 -0.001316 0.010665
v 0.004930 -0.001233 0.010669
v 0.004668 -0.000709 0.010215
v 0.004416 -0.000405 0.009778
v 0.004931 -0.001274 0.010669
v 0.004922 -0.001355 0.010653
v 0.004919 -0.001153 0.010648
v 0.004908 -0.001118 0.010630
v 0.004913 -0.001392 0.010638
v 0.004894 -0.001086 0.010606
v 0.004900 -0.001425 0.010616
v 0.004885 -0.001454 0.010590
v 0.004868 -0.001477 0.010560
v 0.007635 -0.020634 0.010273
v 0.007583 -0.018619 0.010184
v 0.007643 -0.019624 0.010286
v 0.006338 -0.031071 0.008026
v 0.005850 -0.034168 0.007181
v 0.005692 -0.012782 0.006908
v 0.007560 -0.021636 0.010143
v 0.007458 -0.017638 0.009967
v 0.003797 -0.000002 0.003626
v 0.005025 -0.008015 0.005753
v 0.004072 -0.013435 0.004101
v 0.007269 -0.016699 0.009638
v 0.006356 -0.014293 0.008057
v 0.006713 -0.015012 0.008676
v 0.006785 -0.027950 0.008802
v 0.007193 -0.024805 0.009507
v 0.007019 -0.015818 0.009206
v 0.005999 -0.013580 0.007440
v 0.005438 -0.011913 0.006468
v 0.004391 -0.026864 0.004654
v 0.005321 -0.037241 0.006266
v 0.005242 -0.010988 0.006129
v 0.005106 -0.010017 0.005893
v 0.005034 -0.009021 0.005766
v 0.005081 -0.007016 0.005849
v 0.005200 -0.006036 0.006055
v 0.005380 -0.005097 0.006368
v 0.005763 -0.000002 0.007031
v 0.005619 -0.004212 0.006781
v 0.006641 -0.002017 0.008552
v 0.006256 -0.002657 0.007884
v 0.006343 -0.000183 0.008035
v 0.006057 -0.000048 0.007539
v 0.005912 -0.003394 0.007289
v 0.007094 -0.001086 0.009336
v 0.007100 -0.001425 0.009346
v 0.007085 -0.001454 0.009320
v 0.006616 -0.000405 0.008508
v 0.007128 -0.001316 0.009395
v 0.007130 -0.001233 0.009399
v 0.007131 -0.001274 0.009399
v 0.007122 -0.001355 0.009383
v 0.007126 -0.001192 0.009392
v 0.007118 -0.001153 0.009378
v 0.007112 -0.001392 0.009367
v 0.007108 -0.001118 0.009360
v 0.007067 -0.001477 0.009290
v 0.006868 -0.000709 0.008945
v 0.004753 -0.040289 0.005281
v 0.004928 -0.001316 0.010665
v 0.007131 -0.001274 0.009399
v 0.004931 -0.001274 0.010669
v 0.004930 -0.001233 0.010669
v 0.007130 -0.001233 0.009399
v 0.007126 -0.001192 0.009392
v 0.004926 -0.001192 0.010661
v 0.007118 -0.001153 0.009378
v 0.004919 -0.001153 0.010648
v 0.004908 -0.001118 0.010630
v 0.007108 -0.001118 0.009360
v 0.007094 -0.001086 0.009336
v 0.004894 -0.001086 0.010606
v 0.007128 -0.001316 0.009395
v 0.004922 -0.001355 0.010653
v 0.007122 -0.001355 0.009383
v 0.007112 -0.001392 0.009367
v 0.004913 -0.001392 0.010638
v 0.004900 -0.001425 0.010616
v 0.007100 -0.001425 0.009346
v 0.004885 -0.001454 0.010590
v 0.007085 -0.001454 0.009320
v 0.004868 -0.001477 0.010560
v 0.007067 -0.001477 0.009290
v 0.004416 -0.000405 0.009778
v 0.006343 -0.000183 0.008035
v 0.004143 -0.000183 0.009305
v 0.003857 -0.000048 0.008809
v 0.006057 -0.000048 0.007539
v 0.005763 -0.000002 0.007031
v 0.003563 -0.000002 0.008301
v 0.006616 -0.000405 0.008508
v 0.004668 -0.000709 0.010215
v 0.006868 -0.000709 0.008945
v 0.004894 -0.001086 0.010606
v 0.007094 -0.001086 0.009336
v 0.007458 -0.017638 0.009967
v 0.005068 -0.016696 0.010908
v 0.005258 -0.017635 0.011235
v 0.007269 -0.016699 0.009638
v 0.004818 -0.015816 0.010475
v 0.004513 -0.015012 0.009946
v 0.007019 -0.015818 0.009206
v 0.006713 -0.015012 0.008676
v 0.004156 -0.014293 0.009327
v 0.006356 -0.014293 0.008057
v 0.005383 -0.018616 0.011453
v 0.007583 -0.018619 0.010184
v 0.005443 -0.019621 0.011556
v 0.007643 -0.019624 0.010286
v 0.007635 -0.020634 0.010273
v 0.005435 -0.020634 0.011542
v 0.007560 -0.021636 0.010143
v 0.005360 -0.021636 0.011413
v 0.004156 -0.014293 0.009327
v 0.005999 -0.013580 0.007440
v 0.003800 -0.013580 0.008710
v 0.005438 -0.011913 0.006468
v 0.003494 -0.012786 0.008180
v 0.005692 -0.012782 0.006908
v 0.005034 -0.009021 0.005766
v 0.002907 -0.010022 0.007164
v 0.005106 -0.010017 0.005893
v 0.005242 -0.010988 0.006129
v 0.003043 -0.010989 0.007399
v 0.003239 -0.011916 0.007740
v 0.005081 -0.007016 0.005849
v 0.005200 -0.006036 0.006055
v 0.002881 -0.007018 0.007118
v 0.002834 -0.009026 0.007038
v 0.005025 -0.008015 0.005753
v 0.002825 -0.008018 0.007022
v 0.003419 -0.004213 0.008050
v 0.005619 -0.004212 0.006781
v 0.005912 -0.003394 0.007289
v 0.003180 -0.005101 0.007636
v 0.002999 -0.006041 0.007323
v 0.005380 -0.005097 0.006368
v 0.006256 -0.002657 0.007884
v 0.003711 -0.003397 0.008558
v 0.006641 -0.002017 0.008552
v 0.004054 -0.002660 0.009151
v 0.004442 -0.002017 0.009822
v 0.007067 -0.001477 0.009290
v 0.004868 -0.001477 0.010560
v 0.006356 -0.014293 0.008057
vn -0.0000 1.0000 -0.0000
vn 0.6313 -0.7737 -0.0537
vn 0.4764 -0.8705 -0.1240
vn 0.6131 -0.7737 -0.1596
vn -0.3966 -0.6542 -0.6440
vn -0.3322 -0.7737 -0.5395
vn -0.4186 -0.7737 -0.4756
vn -0.2820 -0.6543 -0.7017
vn -0.3195 -0.5155 -0.7951
vn -0.6667 -0.5155 -0.5383
vn -0.7481 -0.5155 -0.4179
vn -0.7254 -0.3615 -0.5857
vn -0.4493 -0.5154 -0.7297
vn -0.4997 -0.6542 -0.5678
vn -0.8791 -0.3615 -0.3106
vn -0.9243 -0.1973 -0.3266
vn -0.8558 -0.1973 -0.4781
vn -0.9189 -0.3616 -0.1576
vn -0.9662 -0.1973 -0.1657
vn -0.8139 -0.3617 -0.4547
vn -0.9324 -0.3615 -0.0000
vn -0.9803 -0.1974 -0.0000
vn -0.3172 -0.9417 -0.1121
vn -0.1683 -0.9853 -0.0288
vn -0.3315 -0.9417 -0.0568
vn -0.1835 -0.8705 -0.4567
vn -0.2363 -0.7737 -0.5879
vn -0.1335 -0.7737 -0.6194
vn 0.1855 -0.7737 -0.6058
vn 0.0625 -0.8704 -0.4884
vn 0.0805 -0.7737 -0.6284
vn -0.0269 -0.7737 -0.6330
vn -0.1037 -0.8705 -0.4812
vn -0.4297 -0.8705 -0.2400
vn -0.4641 -0.8705 -0.1640
vn -0.5531 -0.7737 -0.3090
vn -0.1707 -0.9853 -0.0000
vn -0.3364 -0.9417 -0.0000
vn 0.3767 -0.7737 -0.5094
vn 0.4574 -0.7737 -0.4384
vn 0.2927 -0.8705 -0.3957
vn -0.2580 -0.8705 -0.4191
vn -0.2222 -0.9417 -0.2525
vn -0.3252 -0.8705 -0.3695
vn 0.3065 -0.9417 -0.1385
vn 0.1555 -0.9853 -0.0703
vn 0.1414 -0.9853 -0.0956
vn 0.5249 -0.7737 -0.3548
vn 0.3553 -0.8705 -0.3406
vn 0.5773 -0.7737 0.2610
vn 0.4764 -0.8704 0.1240
vn 0.6131 -0.7737 0.1596
vn 0.1701 -0.9853 -0.0145
vn 0.3352 -0.9417 0.0285
vn 0.1701 -0.9853 0.0145
vn 0.3553 -0.8705 0.3406
vn 0.4574 -0.7737 0.4384
vn 0.3767 -0.7737 0.5094
vn 0.1556 -0.9853 0.0703
vn 0.2788 -0.9417 0.1883
vn 0.1414 -0.9853 0.0956
vn 0.1441 -0.8705 0.4706
vn 0.1855 -0.7737 0.6058
vn 0.0805 -0.7737 0.6284
vn 0.1514 -0.9417 0.3004
vn 0.0769 -0.9853 0.1524
vn 0.1015 -0.9853 0.1372
vn -0.2362 -0.7737 0.5879
vn -0.1037 -0.8705 0.4812
vn -0.1335 -0.7736 0.6194
vn -0.0143 -0.9417 0.3361
vn -0.0072 -0.9853 0.1705
vn 0.0217 -0.9853 0.1693
vn -0.4186 -0.7737 0.4756
vn -0.2580 -0.8705 0.4191
vn -0.3322 -0.7736 0.5396
vn -0.1835 -0.8705 0.4567
vn -0.4929 -0.7737 0.3980
vn -0.5531 -0.7737 0.3090
vn -0.3829 -0.8705 0.3092
vn -0.3252 -0.8705 0.3695
vn -0.1682 -0.9853 0.0288
vn -0.1490 -0.9853 0.0833
vn -0.1328 -0.9853 0.1072
vn -0.2937 -0.9417 0.1641
vn -0.4641 -0.8705 0.1640
vn -0.5975 -0.7736 0.2111
vn -0.6244 -0.7737 0.1071
vn -0.3172 -0.9417 0.1121
vn -0.1609 -0.9853 0.0569
vn -0.3316 -0.9417 0.0568
vn -0.4922 -0.8705 -0.0000
vn -0.6336 -0.7737 -0.0000
vn -0.4851 -0.8705 0.0832
vn -0.7454 -0.6542 0.1278
vn -0.8570 -0.5154 -0.0000
vn -0.7564 -0.6541 -0.0000
vn -0.8446 -0.5155 0.1448
vn -0.9189 -0.3617 0.1576
vn -0.1128 -0.9853 0.1281
vn -0.2618 -0.9417 0.2113
vn -0.4297 -0.8705 0.2401
vn -0.1764 -0.9417 0.2864
vn -0.0895 -0.9853 0.1454
vn -0.0636 -0.9853 0.1584
vn -0.2222 -0.9417 0.2525
vn -0.0708 -0.9417 0.3288
vn -0.0360 -0.9853 0.1668
vn -0.1255 -0.9417 0.3122
vn -0.0209 -0.8705 0.4918
vn -0.0269 -0.7737 0.6330
vn -0.0000 -1.0000 -0.0000
vn -0.7131 -0.6542 0.2520
vn -0.8080 -0.5154 0.2855
vn -0.8791 -0.3615 0.3106
vn -0.9662 -0.1973 0.1657
vn 0.0625 -0.8705 0.4882
vn -0.6603 -0.6541 0.3689
vn -0.7481 -0.5155 0.4179
vn -0.9243 -0.1973 0.3266
vn -0.8139 -0.3617 0.4547
vn 0.0500 -0.9853 0.1632
vn 0.0427 -0.9417 0.3337
vn -0.5884 -0.6543 0.4751
vn -0.6667 -0.5155 0.5383
vn -0.8559 -0.1973 0.4781
vn -0.7253 -0.3617 0.5857
vn 0.0985 -0.9417 0.3216
vn -0.4997 -0.6542 0.5677
vn -0.5661 -0.5155 0.6433
vn -0.6159 -0.3617 0.6998
vn -0.7627 -0.1974 0.6159
vn 0.2216 -0.8705 0.4395
vn 0.2852 -0.7737 0.5657
vn -0.3966 -0.6542 0.6440
vn -0.4493 -0.5155 0.7297
vn -0.6477 -0.1973 0.7359
vn -0.4888 -0.3616 0.7939
vn 0.2926 -0.8705 0.3957
vn -0.2820 -0.6541 0.7019
vn -0.3195 -0.5155 0.7951
vn -0.5140 -0.1973 0.8348
vn -0.3476 -0.3617 0.8651
vn 0.2000 -0.9417 0.2704
vn 0.1232 -0.9853 0.1181
vn -0.1593 -0.6541 0.7394
vn -0.1805 -0.5156 0.8376
vn -0.3655 -0.1973 0.9096
vn -0.1964 -0.3616 0.9114
vn 0.2429 -0.9417 0.2328
vn -0.0321 -0.6542 0.7556
vn -0.0364 -0.5155 0.8561
vn -0.2065 -0.1973 0.9583
vn -0.0396 -0.3617 0.9315
vn 0.5249 -0.7737 0.3548
vn 0.4078 -0.8705 0.2756
vn 0.0961 -0.6542 0.7502
vn 0.1088 -0.5154 0.8500
vn -0.0416 -0.1973 0.9795
vn 0.1184 -0.3616 0.9248
vn 0.4485 -0.8705 0.2027
vn 0.2215 -0.6542 0.7232
vn 0.2509 -0.5155 0.8193
vn 0.1245 -0.1973 0.9724
vn 0.2730 -0.3616 0.8915
vn 0.1652 -0.9853 0.0430
vn 0.3065 -0.9417 0.1386
vn 0.3405 -0.6543 0.6753
vn 0.3858 -0.5155 0.7651
vn 0.2871 -0.1973 0.9374
vn 0.4197 -0.3617 0.8325
vn 0.3255 -0.9417 0.0848
vn 0.4497 -0.6542 0.6081
vn 0.5095 -0.5154 0.6890
vn 0.4413 -0.1974 0.8754
vn 0.5544 -0.3616 0.7496
vn 0.4904 -0.8705 0.0417
vn 0.6313 -0.7737 0.0537
vn 0.5460 -0.6542 0.5233
vn 0.6186 -0.5155 0.5929
vn 0.6731 -0.3616 0.6451
vn 0.5829 -0.1973 0.7882
vn 0.4904 -0.8705 -0.0417
vn 0.6266 -0.6542 0.4235
vn 0.7099 -0.5155 0.4798
vn 0.7078 -0.1973 0.6783
vn 0.7724 -0.3616 0.5221
vn 0.1652 -0.9853 -0.0430
vn 0.3352 -0.9417 -0.0285
vn 0.6893 -0.6541 0.3116
vn 0.7808 -0.5155 0.3530
vn 0.8496 -0.3616 0.3840
vn 0.8122 -0.1973 0.5490
vn 0.3256 -0.9417 -0.0848
vn 0.7319 -0.6542 0.1906
vn 0.8293 -0.5155 0.2159
vn 0.8933 -0.1974 0.4038
vn 0.9022 -0.3617 0.2349
vn 0.4485 -0.8705 -0.2028
vn 0.5773 -0.7737 -0.2610
vn 0.7536 -0.6542 0.0641
vn 0.8538 -0.5155 0.0727
vn 0.9290 -0.3615 0.0791
vn 0.9487 -0.1973 0.2470
vn 0.4078 -0.8705 -0.2756
vn 0.7536 -0.6542 -0.0641
vn 0.8538 -0.5155 -0.0727
vn 0.9768 -0.1974 0.0831
vn 0.9290 -0.3614 -0.0791
vn 0.2787 -0.9417 -0.1884
vn 0.1232 -0.9853 -0.1181
vn 0.7319 -0.6542 -0.1906
vn 0.8293 -0.5155 -0.2159
vn 0.9768 -0.1973 -0.0831
vn 0.9023 -0.3616 -0.2349
vn 0.1015 -0.9853 -0.1372
vn 0.2428 -0.9417 -0.2327
vn 0.6892 -0.6542 -0.3115
vn 0.7808 -0.5155 -0.3530
vn 0.9487 -0.1973 -0.2470
vn 0.8496 -0.3616 -0.3840
vn -0.0209 -0.8705 -0.4918
vn 0.6267 -0.6542 -0.4235
vn 0.7099 -0.5155 -0.4798
vn 0.8933 -0.1973 -0.4038
vn 0.7724 -0.3616 -0.5221
vn 0.2852 -0.7737 -0.5658
vn 0.2216 -0.8705 -0.4395
vn 0.5460 -0.6542 -0.5233
vn 0.6187 -0.5154 -0.5929
vn 0.8122 -0.1973 -0.5490
vn 0.6732 -0.3615 -0.6451
vn 0.4497 -0.6542 -0.6081
vn 0.2000 -0.9417 -0.2705
vn 0.5095 -0.5155 -0.6889
vn 0.7078 -0.1974 -0.6783
vn 0.5544 -0.3615 -0.7496
vn 0.1441 -0.8705 -0.4706
vn 0.3405 -0.6542 -0.6753
vn 0.1514 -0.9417 -0.3004
vn 0.0768 -0.9853 -0.1524
vn 0.3858 -0.5155 -0.7651
vn 0.5829 -0.1973 -0.7882
vn 0.4197 -0.3617 -0.8325
vn 0.2215 -0.6542 -0.7232
vn 0.0500 -0.9853 -0.1632
vn 0.0985 -0.9417 -0.3216
vn 0.2509 -0.5155 -0.8193
vn 0.4414 -0.1973 -0.8754
vn 0.2730 -0.3615 -0.8915
vn 0.0961 -0.6542 -0.7502
vn 0.0217 -0.9853 -0.1693
vn 0.0427 -0.9417 -0.3337
vn 0.1088 -0.5154 -0.8500
vn 0.2871 -0.1973 -0.9374
vn 0.1184 -0.3616 -0.9248
vn -0.0321 -0.6542 -0.7556
vn -0.0072 -0.9853 -0.1705
vn -0.0143 -0.9417 -0.3361
vn -0.0364 -0.5155 -0.8561
vn 0.1245 -0.1973 -0.9724
vn -0.0396 -0.3617 -0.9315
vn -0.1593 -0.6542 -0.7394
vn -0.0360 -0.9853 -0.1669
vn -0.0709 -0.9417 -0.3288
vn -0.1805 -0.5156 -0.8376
vn -0.0416 -0.1974 -0.9794
vn -0.1964 -0.3615 -0.9114
vn -0.0636 -0.9853 -0.1584
vn -0.1254 -0.9417 -0.3121
vn -0.2065 -0.1973 -0.9583
vn -0.3476 -0.3616 -0.8651
vn -0.0895 -0.9853 -0.1453
vn -0.1764 -0.9417 -0.2864
vn -0.3655 -0.1973 -0.9096
vn -0.4888 -0.3615 -0.7940
vn -0.1128 -0.9853 -0.1281
vn -0.5884 -0.6542 -0.4751
vn -0.5661 -0.5154 -0.6433
vn -0.5140 -0.1973 -0.8348
vn -0.6160 -0.3615 -0.6999
vn -0.3830 -0.8705 -0.3092
vn -0.1328 -0.9853 -0.1073
vn -0.2617 -0.9417 -0.2113
vn -0.4929 -0.7737 -0.3980
vn -0.6477 -0.1973 -0.7359
vn -0.1490 -0.9853 -0.0832
vn -0.2937 -0.9417 -0.1640
vn -0.6603 -0.6542 -0.3688
vn -0.7627 -0.1974 -0.6159
vn -0.5974 -0.7736 -0.2111
vn -0.1609 -0.9853 -0.0569
vn -0.7131 -0.6542 -0.2520
vn -0.8080 -0.5155 -0.2855
vn -0.4853 -0.8704 -0.0832
vn -0.6244 -0.7737 -0.1071
vn -0.7455 -0.6542 -0.1278
vn -0.8446 -0.5155 -0.1448
vn 0.4487 -0.0802 0.8901
vn 0.2919 -0.0801 0.9531
vn 0.4479 -0.1037 0.8881
vn 0.4493 -0.0565 0.8916
vn 0.2923 -0.0565 0.9547
vn 0.5927 -0.0800 0.8014
vn 0.5935 -0.0565 0.8028
vn 0.1266 -0.0566 0.9903
vn 0.1265 -0.0800 0.9887
vn 0.2913 -0.1037 0.9510
vn -0.0424 -0.0801 0.9959
vn 0.1264 -0.1037 0.9865
vn 0.2929 -0.0329 0.9556
vn 0.1270 -0.0329 0.9914
vn -0.0420 -0.0565 0.9975
vn -0.2100 -0.0802 0.9744
vn -0.0424 -0.1037 0.9937
vn -0.2096 -0.1037 0.9723
vn -0.3715 -0.0801 0.9250
vn -0.2100 -0.0564 0.9761
vn -0.5225 -0.0801 0.8488
vn -0.3707 -0.1037 0.9230
vn -0.3724 -0.0565 0.9264
vn -0.6588 -0.0802 0.7481
vn -0.5218 -0.1038 0.8467
vn -0.5233 -0.0564 0.8502
vn -0.6596 -0.0564 0.7495
vn -0.3725 -0.0328 0.9275
vn -0.5242 -0.0329 0.8509
vn -0.7770 -0.0566 0.6270
vn -0.7756 -0.0801 0.6261
vn -0.6571 -0.1037 0.7466
vn -0.8717 -0.0566 0.4868
vn -0.7738 -0.1037 0.6249
vn -0.8701 -0.0800 0.4864
vn -0.8684 -0.1037 0.4849
vn -0.9399 -0.0801 0.3320
vn -0.8725 -0.0329 0.4874
vn -0.7774 -0.0328 0.6281
vn -0.9825 -0.0802 0.1682
vn -0.9378 -0.1037 0.3313
vn -0.9413 -0.0565 0.3328
vn -0.9841 -0.0565 0.1686
vn -0.9803 -0.1973 -0.0000
vn -0.9848 -0.1737 -0.0000
vn -0.9968 -0.0801 -0.0000
vn -0.9803 -0.1037 0.1680
vn -0.9706 -0.1737 0.1667
vn -0.9946 -0.1036 -0.0000
vn -0.9886 -0.1505 -0.0000
vn -0.9744 -0.1505 0.1671
vn -0.9919 -0.1272 -0.0000
vn -0.8631 -0.1505 0.4821
vn -0.9352 -0.1272 0.3305
vn -0.9322 -0.1505 0.3292
vn -0.9776 -0.1272 0.1679
vn -0.2100 -0.1037 -0.9722
vn -0.2099 -0.0801 -0.9744
vn -0.0425 -0.0800 -0.9959
vn -0.9984 -0.0565 -0.0000
vn -0.9851 -0.0329 0.1688
vn -0.9995 -0.0329 -0.0000
vn -0.9856 -0.0092 0.1691
vn -1.0000 -0.0092 -0.0000
vn -0.9999 0.0143 -0.0000
vn -0.9855 0.0143 0.1688
vn -0.9993 0.0379 -0.0000
vn -0.9899 0.0617 0.1276
vn -0.9981 0.0617 -0.0000
vn -0.9849 0.0380 0.1689
vn 0.7214 -0.0329 0.6917
vn 0.5946 -0.0329 0.8034
vn 0.7209 -0.0564 0.6908
vn 0.5914 -0.1037 0.7997
vn 0.7180 -0.1037 0.6883
vn 0.7195 -0.0802 0.6898
vn 0.8272 -0.0564 0.5591
vn 0.9083 -0.0802 0.4105
vn 0.9098 -0.0565 0.4112
vn 0.8260 -0.0801 0.5580
vn 0.9063 -0.1037 0.4097
vn 0.8241 -0.1037 0.5569
vn 0.9662 -0.0565 0.2515
vn 0.9646 -0.0801 0.2511
vn 0.9673 -0.0329 0.2517
vn 0.9107 -0.0329 0.4117
vn 0.9625 -0.1037 0.2507
vn 0.9932 -0.0801 -0.0846
vn 0.9948 -0.0565 -0.0846
vn 0.9948 -0.0565 0.0846
vn 0.9932 -0.0801 0.0845
vn 0.9910 -0.1037 -0.0846
vn 0.9910 -0.1037 0.0844
vn 0.9646 -0.0801 -0.2512
vn 0.9662 -0.0565 -0.2516
vn 0.9959 -0.0329 -0.0848
vn 0.9673 -0.0330 -0.2517
vn 0.9083 -0.0801 -0.4105
vn 0.9098 -0.0565 -0.4112
vn 0.9625 -0.1037 -0.2507
vn 0.9063 -0.1037 -0.4098
vn 0.8260 -0.0801 -0.5580
vn 0.8273 -0.0565 -0.5589
vn 0.7208 -0.0565 -0.6908
vn 0.7215 -0.0329 -0.6916
vn 0.8280 -0.0329 -0.5597
vn 0.8238 -0.1037 -0.5573
vn 0.7182 -0.1037 -0.6881
vn 0.7197 -0.0801 -0.6896
vn 0.4496 -0.0564 -0.8915
vn 0.5936 -0.0564 -0.8028
vn 0.4486 -0.0801 -0.8901
vn 0.5926 -0.0801 -0.8015
vn 0.4476 -0.1038 -0.8882
vn 0.5914 -0.1037 -0.7997
vn 0.2916 -0.0801 -0.9532
vn 0.2923 -0.0565 -0.9547
vn 0.2928 -0.0329 -0.9556
vn 0.4499 -0.0329 -0.8925
vn 0.1269 -0.0802 -0.9887
vn 0.1266 -0.0565 -0.9903
vn 0.2910 -0.1037 -0.9511
vn 0.1265 -0.1036 -0.9865
vn -0.0424 -0.1037 -0.9937
vn -0.5201 -0.1272 -0.8446
vn -0.5215 -0.1037 -0.8469
vn -0.3707 -0.1037 -0.9229
vn -0.2091 -0.1272 -0.9696
vn -0.9706 -0.1737 -0.1666
vn -0.6555 -0.1272 -0.7444
vn -0.9744 -0.1505 -0.1670
vn -0.9285 -0.1740 -0.3281
vn -0.0423 -0.0565 -0.9975
vn -0.3715 -0.0801 -0.9250
vn -0.2101 -0.0565 -0.9760
vn -0.9320 -0.1506 -0.3297
vn -0.2104 -0.0329 -0.9771
vn -0.0423 -0.0329 -0.9986
vn -0.6585 -0.0802 -0.7483
vn -0.6596 -0.0565 -0.7495
vn -0.5234 -0.0566 -0.8502
vn -0.5244 -0.0093 -0.8514
vn -0.5242 -0.0328 -0.8509
vn -0.6605 -0.0328 -0.7501
vn -0.3723 -0.0565 -0.9264
vn -0.3728 -0.0328 -0.9273
vn -0.7780 -0.0092 -0.6282
vn -0.6607 0.0143 -0.7505
vn -0.6604 -0.0093 -0.7508
vn -0.5244 0.0143 -0.8514
vn -0.9422 0.0379 -0.3329
vn -0.8724 0.0379 -0.4873
vn -0.9429 0.0144 -0.3328
vn -0.7779 0.0143 -0.6283
vn -0.8728 0.0143 -0.4879
vn -0.7775 0.0380 -0.6278
vn -0.9899 0.0617 -0.1276
vn -0.9849 0.0380 -0.1689
vn -0.9654 0.0617 -0.2532
vn -0.9286 -0.1738 0.3279
vn -0.8599 -0.1737 0.4800
vn -0.9424 -0.0329 0.3330
vn -0.9429 -0.0093 0.3331
vn -0.9429 0.0143 0.3329
vn -0.9654 0.0617 0.2532
vn -0.9422 0.0379 0.3329
vn -0.6504 -0.1737 0.7395
vn -0.7627 -0.1973 0.6159
vn -0.7665 -0.1737 0.6182
vn -0.8661 -0.1272 0.4835
vn -0.8730 -0.0093 0.4877
vn -0.7781 -0.0093 0.6281
vn -0.7779 0.0143 0.6283
vn -0.8730 0.0143 0.4875
vn -0.9251 0.0617 0.3746
vn -0.8724 0.0381 0.4873
vn -0.2079 -0.1739 0.9626
vn 0.9850 -0.1505 0.0838
vn 0.9599 -0.1272 0.2498
vn 0.9568 -0.1505 0.2489
vn -0.7691 -0.1505 0.6212
vn -0.7715 -0.1272 0.6234
vn -0.7775 0.0381 0.6278
vn -0.7999 0.0617 0.5970
vn -0.8697 0.0617 0.4898
vn -0.5163 -0.1737 0.8386
vn -0.6531 -0.1505 0.7421
vn -0.6553 -0.1272 0.7446
vn -0.6603 -0.0329 0.7503
vn -0.6605 -0.0091 0.7508
vn -0.6605 0.0143 0.7507
vn -0.7170 0.0617 0.6944
vn -0.6602 0.0381 0.7501
vn -0.3655 -0.1973 0.9097
vn -0.3675 -0.1737 0.9137
vn -0.5186 -0.1506 0.8417
vn -0.5204 -0.1272 0.8444
vn -0.5240 -0.0092 0.8517
vn -0.3728 -0.0093 0.9279
vn -0.3729 0.0143 0.9278
vn -0.5244 0.0143 0.8514
vn -0.6223 0.0617 0.7803
vn -0.5239 0.0380 0.8509
vn -0.3688 -0.1506 0.9172
vn -0.3698 -0.1272 0.9203
vn -0.3726 0.0378 0.9272
vn -0.4040 0.0617 0.9127
vn -0.5174 0.0617 0.8535
vn -0.0419 -0.1738 0.9839
vn -0.2090 -0.1271 0.9696
vn -0.2083 -0.1505 0.9664
vn -0.2107 -0.0329 0.9770
vn -0.2108 -0.0093 0.9775
vn -0.2105 0.0144 0.9775
vn -0.2840 0.0617 0.9568
vn -0.2105 0.0381 0.9769
vn 0.4414 -0.1973 0.8754
vn 0.2884 -0.1737 0.9416
vn 0.1252 -0.1736 0.9768
vn -0.0417 -0.1271 0.9910
vn -0.0416 -0.1505 0.9877
vn -0.0424 -0.0328 0.9986
vn -0.0426 -0.0093 0.9991
vn 0.1270 -0.0092 0.9919
vn 0.1270 0.0143 0.9918
vn -0.0423 0.0144 0.9990
vn -0.1593 0.0617 0.9853
vn -0.0424 0.0380 0.9984
vn 0.1255 -0.1505 0.9806
vn 0.1259 -0.1272 0.9839
vn 0.1269 0.0381 0.9912
vn 0.0958 0.0617 0.9935
vn -0.0320 0.0617 0.9976
vn 0.7108 -0.1737 0.6816
vn 0.4436 -0.1737 0.8793
vn 0.2903 -0.1272 0.9485
vn 0.2891 -0.1505 0.9454
vn 0.2928 -0.0093 0.9561
vn 0.2927 0.0143 0.9561
vn 0.2221 0.0617 0.9731
vn 0.2926 0.0380 0.9555
vn 0.5857 -0.1736 0.7917
vn 0.4454 -0.1505 0.8826
vn 0.4465 -0.1272 0.8857
vn 0.4502 -0.0328 0.8923
vn 0.4497 -0.0094 0.8931
vn 0.4501 0.0143 0.8929
vn 0.3447 0.0617 0.9367
vn 0.4499 0.0379 0.8923
vn 0.5880 -0.1505 0.7947
vn 0.5899 -0.1272 0.7974
vn 0.5946 -0.0093 0.8039
vn 0.5946 0.0143 0.8039
vn 0.5942 0.0379 0.8034
vn 0.4617 0.0617 0.8849
vn 0.5710 0.0617 0.8186
vn 0.8933 -0.1973 0.4038
vn 0.8973 -0.1736 0.4059
vn 0.8157 -0.1738 0.5518
vn 0.7161 -0.1272 0.6863
vn 0.7138 -0.1505 0.6840
vn 0.7221 -0.0093 0.6918
vn 0.7219 0.0143 0.6918
vn 0.6710 0.0617 0.7389
vn 0.7214 0.0380 0.6914
vn 0.8190 -0.1505 0.5537
vn 0.8217 -0.1272 0.5555
vn 0.8278 -0.0329 0.5600
vn 0.8285 -0.0092 0.5599
vn 0.8285 0.0143 0.5599
vn 0.7600 0.0617 0.6470
vn 0.8279 0.0379 0.5596
vn 0.9768 -0.1973 0.0831
vn 0.9813 -0.1737 0.0832
vn 0.9531 -0.1737 0.2480
vn 0.9037 -0.1272 0.4088
vn 0.9009 -0.1505 0.4071
vn 0.9111 -0.0093 0.4121
vn 0.9111 0.0144 0.4119
vn 0.9106 0.0379 0.4116
vn 0.8365 0.0617 0.5445
vn 0.9677 -0.0093 0.2520
vn 0.9676 0.0144 0.2520
vn 0.9472 0.0617 0.3145
vn 0.9670 0.0380 0.2518
vn 0.8992 0.0617 0.4331
vn 0.9530 -0.1736 -0.2482
vn 0.9883 -0.1271 0.0839
vn 0.9959 -0.0329 0.0848
vn 0.9964 -0.0093 0.0848
vn 0.9963 0.0143 0.0850
vn 0.9797 0.0617 0.1908
vn 0.9957 0.0378 0.0847
vn 0.9813 -0.1737 -0.0833
vn 0.8973 -0.1737 -0.4058
vn -0.8599 -0.1736 -0.4800
vn -0.8559 -0.1973 -0.4781
vn 0.9851 -0.1505 -0.0838
vn 0.9883 -0.1272 -0.0839
vn 0.9964 -0.0093 -0.0848
vn 0.9963 0.0144 -0.0849
vn 0.9957 0.0377 -0.0847
vn 0.9960 0.0617 0.0639
vn 0.9568 -0.1505 -0.2489
vn 0.9599 -0.1272 -0.2498
vn 0.9677 -0.0093 -0.2519
vn 0.9676 0.0144 -0.2519
vn 0.9670 0.0381 -0.2518
vn 0.9960 0.0617 -0.0639
vn 0.9797 0.0617 -0.1908
vn 0.7078 -0.1973 -0.6783
vn 0.7111 -0.1736 -0.6813
vn 0.8159 -0.1737 -0.5515
vn 0.9038 -0.1272 -0.4086
vn 0.9008 -0.1505 -0.4072
vn 0.9107 -0.0330 -0.4116
vn 0.9111 -0.0092 -0.4122
vn 0.9111 0.0144 -0.4120
vn 0.9472 0.0617 -0.3145
vn 0.9106 0.0379 -0.4116
vn 0.5857 -0.1737 -0.7917
vn 0.8189 -0.1505 -0.5538
vn 0.8219 -0.1272 -0.5553
vn 0.8283 -0.0092 -0.5602
vn 0.8284 0.0144 -0.5600
vn 0.8279 0.0379 -0.5596
vn 0.8992 0.0617 -0.4331
vn 0.4430 -0.1738 -0.8795
vn 0.7138 -0.1505 -0.6839
vn 0.7161 -0.1271 -0.6863
vn 0.7221 -0.0093 -0.6917
vn 0.7219 0.0144 -0.6918
vn 0.7214 0.0380 -0.6914
vn 0.8365 0.0617 -0.5445
vn 0.7600 0.0617 -0.6470
vn 0.5883 -0.1506 -0.7945
vn 0.5898 -0.1271 -0.7975
vn 0.5944 -0.0330 -0.8035
vn 0.5946 -0.0092 -0.8040
vn 0.5946 0.0144 -0.8039
vn 0.6710 0.0617 -0.7389
vn 0.5942 0.0380 -0.8034
vn -0.0416 -0.1973 -0.9795
vn 0.1251 -0.1737 -0.9768
vn 0.2883 -0.1741 -0.9416
vn 0.4465 -0.1271 -0.8857
vn 0.4448 -0.1505 -0.8829
vn 0.4502 0.0143 -0.8928
vn 0.4499 0.0379 -0.8923
vn 0.5710 0.0617 -0.8186
vn 0.4500 -0.0092 -0.8930
vn -0.0418 -0.1737 -0.9839
vn 0.2895 -0.1505 -0.9453
vn 0.2906 -0.1272 -0.9484
vn 0.2928 -0.0092 -0.9561
vn 0.2926 0.0143 -0.9561
vn 0.2926 0.0380 -0.9555
vn 0.4617 0.0617 -0.8849
vn 0.3447 0.0617 -0.9367
vn 0.1259 -0.1506 -0.9805
vn 0.1260 -0.1271 -0.9839
vn 0.1270 -0.0329 -0.9914
vn 0.1271 -0.0092 -0.9918
vn 0.1272 0.0143 -0.9918
vn 0.2221 0.0617 -0.9731
vn 0.1270 0.0379 -0.9912
vn -0.3655 -0.1973 -0.9097
vn -0.3669 -0.1737 -0.9139
vn -0.2074 -0.1737 -0.9627
vn -0.0421 -0.1271 -0.9910
vn -0.0422 -0.1505 -0.9877
vn -0.0422 0.0143 -0.9990
vn -0.0424 0.0380 -0.9984
vn 0.0958 0.0617 -0.9935
vn -0.0426 -0.0093 -0.9990
vn -0.5162 -0.1737 -0.8387
vn -0.2087 -0.1505 -0.9663
vn -0.3695 -0.1272 -0.9205
vn -0.2108 -0.0092 -0.9775
vn -0.2105 0.0143 -0.9775
vn -0.2105 0.0380 -0.9769
vn -0.0320 0.0617 -0.9976
vn -0.1593 0.0617 -0.9853
vn -0.7627 -0.1973 -0.6159
vn -0.6504 -0.1737 -0.7394
vn -0.3692 -0.1504 -0.9171
vn -0.5239 0.0380 -0.8509
vn -0.5226 -0.0801 -0.8488
vn -0.3728 -0.0093 -0.9279
vn -0.3729 0.0143 -0.9278
vn -0.2840 0.0617 -0.9568
vn -0.3726 0.0381 -0.9272
vn -0.5182 -0.1505 -0.8419
vn -0.4040 0.0617 -0.9127
vn -0.9352 -0.1272 -0.3305
vn -0.8684 -0.1037 -0.4849
vn -0.8659 -0.1272 -0.4837
vn -0.7663 -0.1736 -0.6185
vn -0.6573 -0.1037 -0.7465
vn -0.6532 -0.1505 -0.7421
vn -0.6602 0.0380 -0.7501
vn -0.5174 0.0617 -0.8535
vn -0.6223 0.0617 -0.7803
vn -0.7715 -0.1272 -0.6234
vn -0.7693 -0.1505 -0.6210
vn -0.7736 -0.1037 -0.6251
vn -0.7756 -0.0801 -0.6262
vn -0.7770 -0.0565 -0.6270
vn -0.7776 -0.0329 -0.6279
vn -0.7170 0.0617 -0.6944
vn -0.8630 -0.1506 -0.4823
vn -0.8701 -0.0801 -0.4863
vn -0.8716 -0.0565 -0.4870
vn -0.8725 -0.0329 -0.4875
vn -0.8730 -0.0092 -0.4877
vn -0.7999 0.0617 -0.5970
vn -0.9378 -0.1037 -0.3313
vn -0.9398 -0.0801 -0.3321
vn -0.9413 -0.0565 -0.3327
vn -0.9424 -0.0329 -0.3330
vn -0.9429 -0.0093 -0.3331
vn -0.9855 0.0143 -0.1689
vn -0.8697 0.0617 -0.4898
vn -0.9251 0.0617 -0.3746
vn -0.9776 -0.1272 -0.1678
vn -0.9803 -0.1037 -0.1684
vn -0.9824 -0.0801 -0.1685
vn -0.9841 -0.0565 -0.1685
vn -0.9851 -0.0329 -0.1688
vn -0.9856 -0.0092 -0.1689
vn 0.3327 0.0561 0.9414
vn 0.4159 0.0560 0.9077
vn 0.8879 0.0365 0.4586
vn 0.8277 0.0428 0.5595
vn 0.9103 0.0422 0.4117
vn 0.6489 0.0561 0.7588
vn 0.7600 0.0616 0.6470
vn 0.9668 0.0421 0.2518
vn 0.9493 0.0365 0.3123
vn 0.7002 0.0365 0.7130
vn 0.8042 0.0365 0.5933
vn 0.4992 0.0560 0.8647
vn 0.1117 0.0366 0.9931
vn 0.2909 0.0430 0.9558
vn 0.2674 0.0365 0.9629
vn 0.9949 0.0558 -0.0846
vn 0.9952 0.0491 0.0846
vn 0.9948 0.0561 0.0847
vn 0.9666 0.0491 0.2517
vn 0.9662 0.0556 0.2516
vn 0.8272 0.0554 -0.5591
vn 0.7208 0.0554 -0.6909
vn 0.9867 0.0365 -0.1581
vn 0.9955 0.0421 -0.0846
vn 0.9669 0.0421 -0.2515
vn 0.9102 0.0491 -0.4112
vn 0.9098 0.0561 -0.4113
vn 0.6710 0.0616 -0.7389
vn 0.6823 0.0430 -0.7298
vn 0.8277 0.0428 -0.5595
vn 0.7211 0.0491 -0.6911
vn 0.8042 0.0365 -0.5933
vn 0.7002 0.0365 -0.7130
vn 0.8277 0.0491 -0.5590
vn 0.9104 0.0422 -0.4116
vn -0.7771 0.0560 -0.6268
vn -0.6597 0.0491 -0.7499
vn -0.6596 0.0560 -0.7495
vn 0.9665 0.0491 -0.2518
vn 0.9662 0.0558 -0.2516
vn -0.0424 0.0560 -0.9975
vn 0.1269 0.0491 -0.9907
vn 0.1268 0.0554 -0.9904
vn -0.0424 0.0426 -0.9982
vn -0.2105 0.0428 -0.9767
vn -0.0468 0.0365 -0.9982
vn -0.2042 0.0365 -0.9782
vn 0.1117 0.0365 -0.9931
vn 0.1270 0.0427 -0.9910
vn -0.9940 0.0561 -0.0935
vn -0.9816 0.0561 -0.1826
vn -0.2104 0.0556 -0.9760
vn 0.2674 0.0365 -0.9629
vn -0.5241 0.0432 -0.8505
vn -0.3564 0.0366 -0.9336
vn -0.3726 0.0430 -0.9270
vn -0.3726 0.0560 -0.9263
vn -0.5233 0.0559 -0.8503
vn -0.3726 0.0491 -0.9267
vn -0.5238 0.0491 -0.8504
vn -0.7772 0.0491 -0.6273
vn -0.8716 0.0559 -0.4871
vn -0.9732 0.0430 -0.2260
vn -0.9420 0.0428 -0.3329
vn -0.9778 0.0496 -0.2035
vn -0.9414 0.0554 -0.3326
vn -0.8720 0.0491 -0.4871
vn -0.9676 0.0365 -0.2499
vn -0.9251 0.0616 -0.3746
vn -0.8722 0.0426 -0.4873
vn -0.7773 0.0425 -0.6277
vn -0.7451 0.0365 -0.6660
vn -0.6597 0.0427 -0.7503
vn -0.9417 0.0491 -0.3327
vn -0.9984 0.0561 -0.0000
vn -0.2102 0.0491 -0.9764
vn -0.4997 0.0366 -0.8654
vn -0.0425 0.0491 -0.9979
vn 0.3127 0.0496 -0.9486
vn 0.3327 0.0561 -0.9414
vn 0.2909 0.0430 -0.9558
vn 0.4160 0.0560 -0.9076
vn 0.4991 0.0560 -0.8647
vn 0.4617 0.0616 -0.8849
vn 0.5781 0.0560 -0.8140
vn 0.5710 0.0616 -0.8186
vn 0.6489 0.0561 -0.7588
vn 0.9952 0.0491 -0.0846
vn 0.9955 0.0421 0.0846
vn 0.9993 0.0365 -0.0000
vn 0.9797 0.0616 -0.1908
vn 0.9102 0.0491 0.4112
vn 0.9098 0.0557 0.4113
vn 0.9867 0.0365 0.1581
vn 0.8269 0.0554 0.5596
vn 0.7208 0.0554 0.6909
vn 0.6651 0.0496 0.7451
vn 0.5781 0.0561 0.8140
vn 0.7211 0.0491 0.6911
vn -0.0425 0.0491 0.9979
vn -0.0423 0.0428 0.9982
vn -0.2102 0.0426 0.9767
vn -0.3564 0.0366 0.9336
vn -0.3725 0.0428 0.9270
vn -0.0468 0.0365 0.9982
vn -0.2042 0.0365 0.9782
vn -0.6303 0.0365 0.7755
vn -0.6601 0.0423 0.7500
vn -0.5237 0.0424 0.8509
vn -0.4997 0.0366 0.8654
vn -0.8722 0.0422 0.4873
vn -0.7772 0.0422 0.6278
vn -0.8411 0.0365 0.5397
vn -0.7451 0.0365 0.6660
vn -0.9414 0.0554 0.3326
vn -0.8717 0.0553 0.4870
vn -0.9417 0.0491 0.3328
vn -0.7768 0.0557 0.6272
vn -0.7999 0.0616 0.5970
vn -0.9778 0.0496 0.2035
vn -0.9816 0.0561 0.1825
vn -0.9655 0.0616 0.2532
vn -0.9940 0.0561 0.0937
vn -0.6591 0.0558 0.7500
vn -0.7170 0.0616 0.6944
vn -0.9420 0.0428 0.3329
vn -0.9159 0.0365 0.3998
vn -0.9732 0.0430 0.2260
vn -0.9676 0.0365 0.2499
vn -0.7772 0.0491 0.6273
vn -0.5240 0.0556 0.8499
vn -0.4040 0.0616 0.9127
vn -0.3725 0.0562 0.9263
vn -0.6597 0.0491 0.7499
vn -0.2103 0.0556 0.9761
vn -0.3726 0.0491 0.9267
vn 0.3127 0.0496 0.9486
vn 0.1266 0.0427 0.9910
vn -0.0428 0.0556 0.9975
vn -0.2106 0.0491 0.9763
vn 0.1268 0.0554 0.9904
vn 0.1269 0.0491 0.9907
vn 0.3447 0.0616 0.9367
vn -0.8720 0.0491 0.4871
vn -0.5238 0.0491 0.8504
vn 0.6823 0.0430 0.7298
vn 0.8273 0.0498 0.5595
vn 0.9961 0.0616 -0.0639
vn 0.9493 0.0366 -0.3123
vn 0.8879 0.0365 -0.4586
vn 0.6651 0.0496 -0.7451
vn 0.0959 0.0617 -0.9935
vn -0.6303 0.0365 -0.7755
vn -0.4040 0.0615 -0.9127
vn -0.8411 0.0365 -0.5397
vn -0.7170 0.0616 -0.6944
vn -0.7999 0.0616 -0.5970
vn -0.9159 0.0365 -0.3998
vn -0.9416 -0.3369 -0.0003
vn -0.9414 -0.3372 0.0001
vn -0.9498 -0.3128 -0.0000
vn -0.9323 -0.3616 -0.0000
vn -0.9329 -0.3601 -0.0000
vn -0.9331 -0.3595 -0.0000
vn -0.9575 -0.2883 -0.0000
vn -0.9647 -0.2634 -0.0000
vn -0.9712 -0.2383 -0.0000
vn -0.9770 -0.2131 -0.0000
vn -0.0000 -0.0000 -1.0000
vn -0.0000 -0.0000 1.0000
vn -0.9756 -0.2196 -0.0000
vn -0.9987 -0.0514 -0.0000
vn -0.9930 0.1185 -0.0000
vn -0.9589 0.2837 -0.0000
vn -0.9589 0.2838 -0.0000
vn -0.8970 0.4421 -0.0000
vn -0.8971 0.4419 -0.0000
vn -0.8096 0.5870 -0.0000
vn -0.8095 0.5871 -0.0000
vn -0.6987 0.7154 -0.0000
vn -0.9756 -0.2195 -0.0000
vn -0.9244 -0.3814 -0.0000
vn -0.9245 -0.3811 -0.0000
vn -0.8469 -0.5318 -0.0000
vn -0.8467 -0.5321 -0.0000
vn -0.7447 -0.6674 -0.0000
vn -0.6219 -0.7831 -0.0000
vn -0.4802 -0.8771 -0.0000
vn -0.4479 0.8941 -0.0000
vn -0.3044 0.9526 -0.0000
vn -0.3045 0.9525 -0.0000
vn -0.1542 0.9880 -0.0000
vn -0.5802 0.8145 -0.0000
vn -0.9005 0.4348 0.0002
vn -0.9501 0.3118 -0.0000
vn -0.9502 0.3117 -0.0000
vn -0.8349 0.5504 0.0002
vn -0.9004 0.4351 0.0001
vn -0.8347 0.5507 -0.0000
vn -0.7546 0.6562 0.0001
vn -0.6609 0.7504 -0.0000
vn -0.7545 0.6563 -0.0000
vn -0.6610 0.7504 -0.0000
vn -0.9831 0.1832 0.0002
vn -0.9987 0.0514 -0.0001
vn -0.9832 0.1827 -0.0000
vn -0.9967 -0.0816 -0.0000
vn -0.9987 0.0509 0.0001
vn -0.7514 0.6599 -0.0000
vn -0.6609 0.7505 -0.0000
vn -0.9437 0.3309 0.0001
vn -0.8938 0.4485 -0.0000
vn -0.8939 0.4483 -0.0001
vn -0.8292 0.5589 0.0001
vn -0.8296 0.5584 -0.0001
vn -0.9967 0.0811 -0.0002
vn -0.9989 -0.0468 0.0001
vn -0.9967 0.0816 -0.0000
vn -0.9437 0.3307 0.0001
vn -0.9783 0.2074 -0.0002
vn -0.9781 0.2083 0.0001
vn -0.9548 -0.2973 0.0002
vn -0.9545 -0.2983 -0.0001
vn -0.9088 -0.4172 -0.0001
vn -0.9849 -0.1734 0.0002
vn -0.9989 -0.0469 -0.0000
vn -0.9848 -0.1736 0.0001
vn -0.7739 -0.6333 0.0002
vn -0.8482 -0.5297 -0.0000
vn -0.7734 -0.6339 -0.0001
vn -0.8482 -0.5296 -0.0000
vn -0.9086 -0.4177 -0.0002
vn -0.6862 -0.7275 -0.0002
vn -0.6866 -0.7270 -0.0000
vn -0.5884 -0.8085 -0.0000
vn -0.5884 -0.8086 -0.0000
vn -0.4802 -0.8772 -0.0000
vn 0.4706 -0.3369 -0.8155
vn 0.4665 -0.3601 -0.8079
vn 0.4662 -0.3616 -0.8074
vn 0.4711 -0.3369 -0.8152
vn 0.4666 -0.3595 -0.8081
vn 0.4787 -0.2883 -0.8293
vn 0.4788 -0.2882 -0.8293
vn 0.4749 -0.3128 -0.8226
vn 0.4824 -0.2634 -0.8354
vn 0.4856 -0.2383 -0.8411
vn 0.4855 -0.2384 -0.8411
vn 0.4885 -0.2131 -0.8461
vn 0.8658 -0.0001 0.5004
vn 0.8660 -0.0000 0.5001
vn 0.8662 -0.0000 0.4998
vn 0.8661 -0.0000 0.4999
vn 0.8659 -0.0000 0.5001
vn 0.8659 -0.0000 0.5002
vn 0.8660 0.0001 0.5001
vn 0.8661 -0.0000 0.4998
vn 0.8660 -0.0000 0.5000
vn 0.8662 -0.0001 0.4997
vn 0.8660 -0.0001 0.5000
vn 0.8659 0.0001 0.5001
vn 0.8659 -0.0001 0.5002
vn 0.8661 0.0001 0.4999
vn 0.8662 -0.0002 0.4997
vn 0.8663 -0.0001 0.4996
vn 0.8661 -0.0001 0.4998
vn 0.8659 -0.0000 0.5003
vn 0.8661 -0.0004 0.4999
vn 0.8662 0.0001 0.4998
vn 0.8662 0.0001 0.4997
vn -0.8661 -0.0000 -0.4999
vn -0.8660 -0.0000 -0.5000
vn -0.8661 -0.0000 -0.4998
vn -0.8662 -0.0000 -0.4997
vn -0.8662 0.0001 -0.4998
vn -0.8659 -0.0000 -0.5002
vn -0.8659 -0.0000 -0.5001
vn -0.8660 -0.0000 -0.5001
vn -0.8662 -0.0000 -0.4998
vn -0.8662 0.0004 -0.4997
vn -0.8658 -0.0002 -0.5004
vn -0.8661 -0.0003 -0.4998
vn -0.8662 0.0001 -0.4997
vn -0.8660 0.0001 -0.5000
vn -0.8661 0.0001 -0.4999
vn -0.8660 -0.0001 -0.5000
vn -0.8659 -0.0000 -0.5003
vn -0.8661 -0.0001 -0.4999
vn 0.4877 -0.2195 -0.8450
vn 0.4993 -0.0521 -0.8649
vn 0.4993 -0.0518 -0.8649
vn 0.4965 0.1178 -0.8600
vn 0.4965 0.1185 -0.8599
vn 0.4795 0.2840 -0.8303
vn 0.4794 0.2840 -0.8304
vn 0.4486 0.4417 -0.7770
vn 0.4485 0.4422 -0.7768
vn 0.4048 0.5870 -0.7011
vn 0.4049 0.5868 -0.7012
vn 0.3494 0.7154 -0.6051
vn 0.4879 -0.2190 -0.8450
vn 0.4623 -0.3808 -0.8008
vn 0.4623 -0.3809 -0.8007
vn 0.4234 -0.5321 -0.7332
vn 0.4234 -0.5320 -0.7333
vn 0.3724 -0.6673 -0.6450
vn 0.3724 -0.6677 -0.6446
vn 0.3107 -0.7835 -0.5381
vn 0.2401 -0.8771 -0.4159
vn 0.2240 0.8940 -0.3880
vn 0.1524 0.9525 -0.2638
vn 0.1521 0.9526 -0.2635
vn 0.0771 0.9880 -0.1336
vn 0.2240 0.8941 -0.3880
vn 0.2901 0.8145 -0.5024
vn 0.2899 0.8147 -0.5022
vn 0.3493 0.7154 -0.6051
vn 0.4752 0.3115 -0.8229
vn 0.4501 0.4350 -0.7798
vn 0.4750 0.3119 -0.8228
vn 0.4503 0.4347 -0.7799
vn 0.4173 0.5506 -0.7230
vn 0.3773 0.6561 -0.6536
vn 0.4175 0.5504 -0.7231
vn 0.3773 0.6560 -0.6536
vn 0.3305 0.7504 -0.5724
vn 0.4916 0.1831 -0.8514
vn 0.4992 0.0511 -0.8650
vn 0.4993 0.0508 -0.8649
vn 0.4983 -0.0822 -0.8631
vn 0.4885 -0.2130 -0.8461
vn 0.3756 0.6601 -0.6505
vn 0.3306 0.7504 -0.5724
vn 0.4719 0.3307 -0.8173
vn 0.4468 0.4488 -0.7739
vn 0.4471 0.4482 -0.7741
vn 0.4145 0.5589 -0.7182
vn 0.4148 0.5585 -0.7184
vn 0.4984 0.0815 -0.8631
vn 0.4995 -0.0468 -0.8651
vn 0.4984 0.0817 -0.8631
vn 0.4721 0.3303 -0.8173
vn 0.4895 0.2071 -0.8471
vn 0.4893 0.2076 -0.8471
vn 0.4774 -0.2974 -0.8268
vn 0.4775 -0.2982 -0.8265
vn 0.4546 -0.4168 -0.7871
vn 0.4924 -0.1733 -0.8530
vn 0.4994 -0.0467 -0.8651
vn 0.4925 -0.1739 -0.8528
vn 0.3869 -0.6334 -0.6701
vn 0.4242 -0.5300 -0.7343
vn 0.3869 -0.6341 -0.6695
vn 0.4242 -0.5299 -0.7343
vn 0.4547 -0.4173 -0.7869
vn 0.3436 -0.7271 -0.5943
vn 0.3435 -0.7269 -0.5947
vn 0.2943 -0.8085 -0.5096
vn 0.2943 -0.8087 -0.5093
vn 0.2402 -0.8771 -0.4159
vn 0.2401 -0.8772 -0.4158
vn 0.4709 -0.3372 0.8152
vn 0.4665 -0.3601 0.8079
vn 0.4662 -0.3616 0.8074
vn 0.4707 -0.3374 0.8152
vn 0.4666 -0.3594 0.8082
vn 0.4665 -0.3600 0.8080
vn 0.4787 -0.2882 0.8293
vn 0.4788 -0.2882 0.8293
vn 0.4749 -0.3128 0.8226
vn 0.4749 -0.3129 0.8226
vn 0.4824 -0.2633 0.8354
vn 0.4856 -0.2382 0.8411
vn 0.4885 -0.2131 0.8461
vn -0.8661 -0.0000 0.4999
vn -0.8660 -0.0000 0.5000
vn -0.8662 -0.0000 0.4997
vn -0.8659 -0.0000 0.5002
vn -0.8660 -0.0000 0.5001
vn -0.8663 -0.0000 0.4996
vn -0.8661 0.0001 0.4999
vn -0.8660 -0.0002 0.5000
vn -0.8660 -0.0001 0.5000
vn -0.8661 -0.0000 0.4998
vn -0.8661 -0.0001 0.5000
vn -0.8659 -0.0002 0.5002
vn -0.8660 0.0001 0.5000
vn -0.8662 -0.0001 0.4997
vn -0.8658 0.0002 0.5004
vn -0.8658 0.0001 0.5003
vn -0.8661 -0.0001 0.4999
vn 0.8661 -0.0000 -0.4998
vn 0.8663 -0.0000 -0.4996
vn 0.8660 -0.0000 -0.5000
vn 0.8660 -0.0000 -0.5001
vn 0.8659 -0.0001 -0.5002
vn 0.8661 -0.0000 -0.4999
vn 0.8662 -0.0000 -0.4996
vn 0.8660 0.0001 -0.5000
vn 0.8659 0.0001 -0.5003
vn 0.8662 -0.0000 -0.4997
vn 0.8657 -0.0000 -0.5005
vn 0.8661 -0.0000 -0.5000
vn 0.8662 -0.0001 -0.4998
vn 0.8663 -0.0001 -0.4995
vn 0.8660 -0.0001 -0.5001
vn 0.8658 -0.0000 -0.5003
vn 0.8661 0.0002 -0.4998
vn 0.8662 -0.0000 -0.4998
vn 0.8662 0.0001 -0.4997
vn 0.8661 -0.0003 -0.4999
vn 0.4878 -0.2194 0.8449
vn 0.4993 -0.0518 0.8649
vn 0.4965 0.1186 0.8599
vn 0.4965 0.1178 0.8600
vn 0.4794 0.2840 0.8304
vn 0.4793 0.2838 0.8305
vn 0.4485 0.4422 0.7767
vn 0.4486 0.4417 0.7770
vn 0.4049 0.5868 0.7013
vn 0.4047 0.5873 0.7009
vn 0.3494 0.7154 0.6051
vn 0.4878 -0.2196 0.8449
vn 0.4623 -0.3811 0.8007
vn 0.4623 -0.3809 0.8007
vn 0.4235 -0.5319 0.7333
vn 0.4234 -0.5321 0.7332
vn 0.3725 -0.6674 0.6448
vn 0.3724 -0.6673 0.6450
vn 0.3107 -0.7835 0.5381
vn 0.3107 -0.7835 0.5382
vn 0.2401 -0.8771 0.4159
vn 0.2238 0.8942 0.3878
vn 0.1524 0.9525 0.2637
vn 0.1524 0.9524 0.2638
vn 0.0771 0.9880 0.1336
vn 0.2238 0.8942 0.3877
vn 0.2901 0.8145 0.5025
vn 0.3493 0.7154 0.6051
vn 0.4752 0.3112 0.8230
vn 0.4503 0.4350 0.7798
vn 0.4753 0.3117 0.8228
vn 0.4501 0.4346 0.7800
vn 0.4175 0.5505 0.7229
vn 0.3772 0.6563 0.6534
vn 0.4175 0.5500 0.7233
vn 0.3772 0.6563 0.6535
vn 0.3305 0.7504 0.5724
vn 0.4915 0.1833 0.8514
vn 0.4916 0.1824 0.8515
vn 0.4992 0.0512 0.8649
vn 0.4992 0.0511 0.8650
vn 0.4983 -0.0814 0.8632
vn 0.4885 -0.2130 0.8462
vn 0.4885 -0.2130 0.8461
vn 0.3757 0.6598 0.6507
vn 0.3757 0.6599 0.6507
vn 0.4471 0.4481 0.7741
vn 0.4146 0.5588 0.7182
vn 0.4148 0.5585 0.7184
vn 0.4985 0.0808 0.8631
vn 0.4892 0.2080 0.8470
vn 0.4892 0.2074 0.8471
vn 0.4720 0.3307 0.8172
vn 0.4718 0.3311 0.8172
vn 0.4470 0.4485 0.7740
vn 0.4922 -0.1736 0.8530
vn 0.4771 -0.2980 0.8268
vn 0.4921 -0.1733 0.8531
vn 0.4984 0.0814 0.8631
vn 0.4995 -0.0473 0.8650
vn 0.4995 -0.0469 0.8650
vn 0.4241 -0.5297 0.7346
vn 0.4241 -0.5299 0.7344
vn 0.3869 -0.6338 0.6698
vn 0.4544 -0.4170 0.7872
vn 0.4771 -0.2977 0.8269
vn 0.4543 -0.4177 0.7869
vn 0.3433 -0.7271 0.5945
vn 0.3869 -0.6334 0.6701
vn 0.2941 -0.8087 0.5094
vn 0.3434 -0.7267 0.5950
vn 0.2942 -0.8086 0.5095
vn 0.2401 -0.8772 0.4158
vn 0.3304 0.7505 0.5724
s 1
f 1//1 2//1 3//1
f 4//1 5//1 6//1
f 7//1 8//1 9//1
f 10//1 11//1 12//1
f 6//1 5//1 13//1
f 14//1 15//1 16//1
f 14//1 17//1 18//1
f 19//1 20//1 21//1
f 22//1 23//1 15//1
f 24//1 25//1 26//1
f 27//1 28//1 29//1
f 30//1 24//1 31//1
f 19//1 32//1 28//1
f 28//1 32//1 33//1
f 30//1 25//1 24//1
f 3//1 26//1 1//1
f 1//1 26//1 25//1
f 27//1 29//1 2//1
f 2//1 29//1 3//1
f 20//1 19//1 28//1
f 27//1 20//1 28//1
f 21//1 23//1 22//1
f 19//1 21//1 22//1
f 15//1 23//1 16//1
f 34//1 35//1 27//1
f 18//1 9//1 8//1
f 17//1 14//1 16//1
f 27//1 35//1 20//1
f 9//1 18//1 17//1
f 10//1 12//1 7//1
f 7//1 12//1 8//1
f 36//1 37//1 11//1
f 10//1 36//1 11//1
f 37//1 38//1 39//1
f 38//1 37//1 36//1
f 38//1 4//1 39//1
f 39//1 4//1 6//1
f 40//2 41//3 42//4
f 43//5 44//6 45//7
f 46//8 43//5 47//9
f 48//10 49//11 50//12
f 51//13 43//5 52//14
f 53//15 54//16 55//17
f 56//18 57//19 54//16
f 58//20 53//15 55//17
f 57//19 59//21 60//22
f 61//23 62//24 63//25
f 64//26 65//27 66//28
f 67//29 68//30 69//31
f 66//28 70//32 71//33
f 72//34 73//35 74//36
f 75//37 76//38 63//25
f 77//39 78//40 79//41
f 80//42 81//43 82//44
f 83//45 84//46 85//47
f 86//48 87//49 78//40
f 88//50 89//51 90//52
f 91//53 92//54 93//55
f 94//56 95//57 96//58
f 97//59 98//60 99//61
f 100//62 101//63 102//64
f 103//65 104//66 105//67
f 106//68 107//69 108//70
f 109//71 110//72 111//73
f 112//74 113//75 114//76
f 115//77 106//68 114//76
f 116//78 117//79 118//80
f 112//74 116//78 119//81
f 120//82 76//38 75//37
f 121//83 122//84 123//85
f 124//86 125//87 126//88
f 127//89 128//90 121//83
f 129//91 130//92 76//38
f 128//90 129//91 120//82
f 131//93 132//94 126//88
f 132//94 131//93 130//92
f 133//95 134//96 135//97
f 135//97 126//88 133//95
f 136//98 59//21 134//96
f 136//98 134//96 133//95
f 76//38 120//82 129//91
f 137//99 60//22 59//21
f 122//84 138//100 139//101
f 125//87 140//102 117//79
f 141//103 142//104 143//105
f 138//100 142//104 144//106
f 110//72 145//107 146//108
f 147//109 143//105 146//108
f 108//70 148//110 149//111
f 75//37 150//112 120//82
f 136//98 133//95 151//113
f 129//91 132//94 130//92
f 129//91 128//90 127//89
f 132//94 129//91 127//89
f 137//99 136//98 152//114
f 131//93 126//88 135//97
f 126//88 132//94 124//86
f 151//113 152//114 136//98
f 125//87 151//113 133//95
f 137//99 153//115 154//116
f 60//22 137//99 154//116
f 59//21 136//98 137//99
f 150//112 128//90 120//82
f 155//117 102//64 149//111
f 152//114 151//113 156//118
f 127//89 124//86 132//94
f 127//89 121//83 123//85
f 127//89 123//85 124//86
f 153//115 152//114 157//119
f 126//88 125//87 133//95
f 140//102 125//87 124//86
f 153//115 137//99 152//114
f 117//79 156//118 151//113
f 156//118 157//119 152//114
f 158//120 153//115 159//121
f 153//115 158//120 154//116
f 150//112 121//83 128//90
f 111//73 160//122 161//123
f 162//124 157//119 156//118
f 123//85 140//102 124//86
f 123//85 122//84 139//101
f 140//102 123//85 139//101
f 159//121 157//119 163//125
f 125//87 117//79 151//113
f 118//80 117//79 140//102
f 159//121 153//115 157//119
f 116//78 162//124 156//118
f 162//124 163//125 157//119
f 164//126 159//121 165//127
f 159//121 164//126 158//120
f 150//112 122//84 121//83
f 160//122 104//66 166//128
f 167//129 163//125 162//124
f 139//101 118//80 140//102
f 139//101 138//100 144//106
f 118//80 139//101 144//106
f 165//127 163//125 168//130
f 117//79 116//78 156//118
f 119//81 116//78 118//80
f 167//129 168//130 163//125
f 112//74 167//129 162//124
f 165//127 169//131 170//132
f 164//126 165//127 170//132
f 159//121 163//125 165//127
f 150//112 138//100 122//84
f 101//63 171//133 172//134
f 173//135 168//130 167//129
f 144//106 119//81 118//80
f 141//103 144//106 142//104
f 119//81 144//106 141//103
f 169//131 168//130 174//136
f 116//78 112//74 162//124
f 113//75 112//74 119//81
f 169//131 165//127 168//130
f 114//76 173//135 167//129
f 173//135 174//136 168//130
f 175//137 169//131 176//138
f 169//131 175//137 170//132
f 150//112 142//104 138//100
f 177//139 96//58 172//134
f 178//140 174//136 173//135
f 141//103 113//75 119//81
f 147//109 141//103 143//105
f 113//75 141//103 147//109
f 176//138 174//136 179//141
f 112//74 114//76 167//129
f 115//77 114//76 113//75
f 176//138 169//131 174//136
f 106//68 178//140 173//135
f 178//140 179//141 174//136
f 180//142 176//138 181//143
f 176//138 180//142 175//137
f 150//112 143//105 142//104
f 182//144 105//67 183//145
f 184//146 179//141 178//140
f 147//109 115//77 113//75
f 145//107 147//109 146//108
f 115//77 147//109 145//107
f 185//147 181//143 179//141
f 114//76 106//68 173//135
f 107//69 106//68 115//77
f 181//143 176//138 179//141
f 108//70 184//146 178//140
f 184//146 185//147 179//141
f 186//148 181//143 187//149
f 181//143 186//148 180//142
f 150//112 146//108 143//105
f 183//145 99//61 188//150
f 189//151 185//147 184//146
f 145//107 107//69 115//77
f 109//71 145//107 110//72
f 107//69 145//107 109//71
f 190//152 187//149 185//147
f 106//68 108//70 178//140
f 108//70 107//69 148//110
f 186//148 187//149 191//153
f 189//151 184//146 149//111
f 181//143 185//147 187//149
f 190//152 185//147 189//151
f 191//153 187//149 192//154
f 150//112 110//72 146//108
f 193//155 95//57 194//156
f 190//152 189//151 195//157
f 109//71 148//110 107//69
f 161//123 109//71 111//73
f 148//110 109//71 161//123
f 192//154 190//152 196//158
f 108//70 149//111 184//146
f 149//111 148//110 155//117
f 197//159 191//153 192//154
f 102//64 195//157 189//151
f 187//149 190//152 192//154
f 190//152 195//157 196//158
f 197//159 192//154 198//160
f 150//112 111//73 110//72
f 193//155 199//161 88//50
f 196//158 195//157 200//162
f 161//123 155//117 148//110
f 166//128 161//123 160//122
f 161//123 166//128 155//117
f 196//158 201//163 198//160
f 149//111 102//64 189//151
f 100//62 102//64 155//117
f 198//160 192//154 196//158
f 101//63 200//162 195//157
f 200//162 201//163 196//158
f 202//164 198//160 203//165
f 198//160 202//164 197//159
f 150//112 160//122 111//73
f 204//166 205//167 97//59
f 206//168 201//163 200//162
f 166//128 100//62 155//117
f 166//128 104//66 103//65
f 100//62 166//128 103//65
f 203//165 201//163 207//169
f 102//64 101//63 195//157
f 101//63 100//62 171//133
f 202//164 203//165 208//170
f 172//134 206//168 200//162
f 198//160 201//163 203//165
f 201//163 206//168 207//169
f 208//170 203//165 209//171
f 150//112 104//66 160//122
f 210//172 204//166 93//55
f 207//169 206//168 211//173
f 103//65 171//133 100//62
f 182//144 103//65 105//67
f 103//65 182//144 171//133
f 212//174 209//171 207//169
f 101//63 172//134 200//162
f 177//139 172//134 171//133
f 209//171 203//165 207//169
f 96//58 211//173 206//168
f 211//173 212//174 207//169
f 213//175 209//171 214//176
f 209//171 213//175 208//170
f 150//112 105//67 104//66
f 215//177 216//178 90//52
f 217//179 212//174 211//173
f 182//144 177//139 171//133
f 182//144 183//145 188//150
f 177//139 182//144 188//150
f 218//180 214//176 212//174
f 172//134 96//58 206//168
f 96//58 177//139 94//56
f 212//174 217//179 218//180
f 95//57 217//179 211//173
f 214//176 219//181 220//182
f 213//175 214//176 220//182
f 209//171 212//174 214//176
f 150//112 183//145 105//67
f 216//178 221//183 40//2
f 218//180 217//179 222//184
f 188//150 94//56 177//139
f 98//60 188//150 99//61
f 188//150 98//60 94//56
f 219//181 218//180 223//185
f 96//58 95//57 211//173
f 95//57 94//56 194//156
f 224//186 220//182 219//181
f 193//155 222//184 217//179
f 214//176 218//180 219//181
f 218//180 222//184 223//185
f 224//186 219//181 225//187
f 150//112 99//61 183//145
f 226//188 227//189 91//53
f 223//185 222//184 228//190
f 98//60 194//156 94//56
f 98//60 97//59 205//167
f 194//156 98//60 205//167
f 223//185 229//191 225//187
f 95//57 193//155 217//179
f 193//155 194//156 199//161
f 223//185 228//190 229//191
f 88//50 228//190 222//184
f 225//187 230//192 231//193
f 224//186 225//187 231//193
f 219//181 223//185 225//187
f 150//112 97//59 99//61
f 84//46 232//194 226//188
f 229//191 228//190 233//195
f 205//167 199//161 194//156
f 210//172 205//167 204//166
f 205//167 210//172 199//161
f 230//192 229//191 234//196
f 193//155 88//50 222//184
f 88//50 199//161 89//51
f 235//197 231//193 230//192
f 90//52 233//195 228//190
f 225//187 229//191 230//192
f 229//191 233//195 234//196
f 235//197 230//192 236//198
f 150//112 204//166 97//59
f 42//4 237//199 238//200
f 234//196 233//195 239//201
f 210//172 89//51 199//161
f 210//172 93//55 92//54
f 210//172 92//54 89//51
f 234//196 240//202 236//198
f 88//50 90//52 228//190
f 215//177 90//52 89//51
f 234//196 239//201 240//202
f 216//178 239//201 233//195
f 236//198 241//203 242//204
f 235//197 236//198 242//204
f 230//192 234//196 236//198
f 150//112 93//55 204//166
f 86//48 238//200 243//205
f 244//206 240//202 239//201
f 92//54 215//177 89//51
f 92//54 91//53 227//189
f 215//177 92//54 227//189
f 245//207 241//203 240//202
f 90//52 216//178 233//195
f 216//178 215//177 221//183
f 246//208 242//204 241//203
f 40//2 244//206 239//201
f 236//198 240//202 241//203
f 245//207 240//202 244//206
f 246//208 241//203 247//209
f 93//55 150//112 91//53
f 248//210 85//47 249//211
f 245//207 244//206 250//212
f 227//189 221//183 215//177
f 232//194 227//189 226//188
f 221//183 227//189 232//194
f 245//207 251//213 247//209
f 216//178 40//2 239//201
f 40//2 221//183 41//3
f 252//214 247//209 253//215
f 42//4 250//212 244//206
f 250//212 251//213 245//207
f 246//208 247//209 252//214
f 241//203 245//207 247//209
f 91//53 150//112 226//188
f 249//211 254//216 255//217
f 251//213 250//212 256//218
f 232//194 41//3 221//183
f 83//45 232//194 84//46
f 232//194 83//45 41//3
f 251//213 257//219 253//215
f 40//2 42//4 244//206
f 237//199 42//4 41//3
f 258//220 253//215 259//221
f 238//200 256//218 250//212
f 256//218 257//219 251//213
f 252//214 253//215 258//220
f 247//209 251//213 253//215
f 226//188 150//112 84//46
f 69//31 260//222 70//32
f 261//223 257//219 256//218
f 83//45 237//199 41//3
f 83//45 85//47 248//210
f 237//199 83//45 248//210
f 262//224 259//221 257//219
f 42//4 238//200 250//212
f 243//205 238//200 237//199
f 263//225 258//220 259//221
f 86//48 261//223 256//218
f 253//215 257//219 259//221
f 257//219 261//223 262//224
f 263//225 259//221 264//226
f 84//46 150//112 85//47
f 265//227 77//39 266//228
f 267//229 262//224 261//223
f 248//210 243//205 237//199
f 255//217 248//210 249//211
f 243//205 248//210 255//217
f 262//224 268//230 264//226
f 238//200 86//48 256//218
f 87//49 86//48 243//205
f 264//226 259//221 262//224
f 78//40 267//229 261//223
f 262//224 267//229 268//230
f 269//231 264//226 270//232
f 264//226 269//231 263//225
f 85//47 150//112 249//211
f 75//37 62//24 150//112
f 271//233 268//230 267//229
f 255//217 87//49 243//205
f 272//234 255//217 254//216
f 87//49 255//217 272//234
f 273//235 270//232 268//230
f 86//48 78//40 261//223
f 78//40 87//49 79//41
f 274//236 270//232 275//237
f 77//39 271//233 267//229
f 271//233 273//235 268//230
f 269//231 270//232 274//236
f 264//226 268//230 270//232
f 249//211 150//112 254//216
f 265//227 276//238 67//29
f 273//235 271//233 277//239
f 272//234 79//41 87//49
f 278//240 272//234 279//241
f 272//234 278//240 79//41
f 280//242 275//237 273//235
f 78//40 77//39 267//229
f 266//228 77//39 79//41
f 281//243 274//236 275//237
f 265//227 277//239 271//233
f 270//232 273//235 275//237
f 273//235 277//239 280//242
f 281//243 275//237 282//244
f 254//216 150//112 279//241
f 272//234 254//216 279//241
f 283//245 280//242 277//239
f 278//240 266//228 79//41
f 278//240 284//246 285//247
f 266//228 278//240 285//247
f 280//242 286//248 282//244
f 77//39 265//227 271//233
f 276//238 265//227 266//228
f 282//244 275//237 280//242
f 67//29 283//245 277//239
f 283//245 286//248 280//242
f 287//249 282//244 288//250
f 282//244 287//249 281//243
f 279//241 150//112 284//246
f 278//240 279//241 284//246
f 289//251 286//248 283//245
f 285//247 276//238 266//228
f 285//247 290//252 291//253
f 276//238 285//247 291//253
f 292//254 288//250 286//248
f 265//227 67//29 277//239
f 67//29 276//238 68//30
f 287//249 288//250 293//255
f 69//31 289//251 283//245
f 282//244 286//248 288//250
f 292//254 286//248 289//251
f 293//255 288//250 294//256
f 284//246 150//112 290//252
f 285//247 284//246 290//252
f 292//254 289//251 295//257
f 291//253 68//30 276//238
f 296//258 297//259 291//253
f 68//30 291//253 297//259
f 292//254 298//260 294//256
f 67//29 69//31 283//245
f 69//31 68//30 260//222
f 299//261 294//256 300//262
f 70//32 295//257 289//251
f 295//257 298//260 292//254
f 293//255 294//256 299//261
f 288//250 292//254 294//256
f 290//252 150//112 296//258
f 291//253 290//252 296//258
f 298//260 295//257 301//263
f 297//259 260//222 68//30
f 297//259 302//264 303//265
f 297//259 303//265 260//222
f 304//266 300//262 298//260
f 69//31 70//32 289//251
f 71//33 70//32 260//222
f 305//267 299//261 300//262
f 66//28 301//263 295//257
f 294//256 298//260 300//262
f 298//260 301//263 304//266
f 305//267 300//262 306//268
f 296//258 150//112 302//264
f 297//259 296//258 302//264
f 46//8 304//266 301//263
f 303//265 71//33 260//222
f 307//269 308//270 303//265
f 308//270 71//33 303//265
f 304//266 47//9 306//268
f 70//32 66//28 295//257
f 64//26 66//28 71//33
f 306//268 300//262 304//266
f 65//27 46//8 301//263
f 46//8 47//9 304//266
f 309//271 306//268 310//272
f 306//268 309//271 305//267
f 302//264 150//112 307//269
f 303//265 302//264 307//269
f 80//42 44//6 65//27
f 308//270 64//26 71//33
f 308//270 311//273 312//274
f 308//270 312//274 64//26
f 51//13 310//272 47//9
f 66//28 65//27 301//263
f 65//27 64//26 80//42
f 309//271 310//272 313//275
f 44//6 43//5 46//8
f 306//268 47//9 310//272
f 51//13 47//9 43//5
f 313//275 310//272 314//276
f 307//269 150//112 311//273
f 308//270 307//269 311//273
f 44//6 80//42 82//44
f 312//274 80//42 64//26
f 315//277 81//43 312//274
f 316//278 317//279 52//14
f 51//13 317//279 314//276
f 65//27 44//6 46//8
f 44//6 82//44 45//7
f 318//280 314//276 319//281
f 45//7 52//14 43//5
f 52//14 317//279 51//13
f 313//275 314//276 318//280
f 310//272 51//13 314//276
f 311//273 150//112 315//277
f 312//274 311//273 315//277
f 82//44 320//282 45//7
f 312//274 81//43 80//42
f 321//283 322//284 81//43
f 45//7 323//285 52//14
f 320//282 82//44 322//284
f 48//10 319//281 317//279
f 323//285 45//7 320//282
f 324//286 318//280 319//281
f 316//278 52//14 323//285
f 314//276 317//279 319//281
f 317//279 316//278 48//10
f 324//286 319//281 50//12
f 315//277 150//112 321//283
f 81//43 315//277 321//283
f 320//282 72//34 323//285
f 81//43 322//284 82//44
f 325//287 326//288 322//284
f 323//285 74//36 316//278
f 326//288 72//34 320//282
f 327//289 48//10 316//278
f 323//285 72//34 74//36
f 50//12 319//281 48//10
f 327//289 316//278 74//36
f 48//10 327//289 49//11
f 328//290 50//12 58//20
f 50//12 328//290 324//286
f 321//283 150//112 325//287
f 322//284 321//283 325//287
f 329//291 327//289 74//36
f 322//284 326//288 320//282
f 330//292 61//23 326//288
f 331//293 49//11 327//289
f 61//23 73//35 72//34
f 332//294 58//20 49//11
f 73//35 329//291 74//36
f 58//20 332//294 53//15
f 331//293 327//289 329//291
f 332//294 49//11 331//293
f 328//290 58//20 55//17
f 50//12 49//11 58//20
f 325//287 150//112 330//292
f 326//288 325//287 330//292
f 63//25 333//295 73//35
f 326//288 61//23 72//34
f 63//25 73//35 61//23
f 333//295 334//296 329//291
f 333//295 329//291 73//35
f 334//296 335//297 331//293
f 334//296 331//293 329//291
f 335//297 336//298 332//294
f 335//297 332//294 331//293
f 56//18 53//15 336//298
f 53//15 332//294 336//298
f 54//16 53//15 56//18
f 330//292 150//112 62//24
f 61//23 330//292 62//24
f 333//295 76//38 130//92
f 75//37 63//25 62//24
f 334//296 130//92 131//93
f 76//38 333//295 63//25
f 335//297 131//93 135//97
f 130//92 334//296 333//295
f 336//298 135//97 134//96
f 131//93 335//297 334//296
f 56//18 134//96 59//21
f 135//97 336//298 335//297
f 59//21 57//19 56//18
f 134//96 56//18 336//298
f 337//299 338//300 339//301
f 337//299 340//302 341//303
f 340//302 342//304 343//305
f 341//303 344//306 338//300
f 338//300 345//307 346//308
f 347//309 348//310 345//307
f 341//303 349//311 350//312
f 344//306 351//313 345//307
f 352//314 353//315 347//309
f 354//316 352//314 355//317
f 351//313 356//318 347//309
f 357//319 358//320 355//317
f 359//321 352//314 356//318
f 357//319 360//322 361//323
f 359//321 362//324 355//317
f 357//319 362//324 363//325
f 359//321 364//326 365//327
f 363//325 366//328 360//322
f 360//322 367//329 368//330
f 367//329 366//328 369//331
f 370//332 367//329 371//333
f 372//334 371//333 373//335
f 374//336 366//328 375//337
f 373//335 376//338 377//339
f 369//331 378//340 371//333
f 379//341 373//335 378//340
f 380//342 381//116 382//343
f 383//344 384//345 376//338
f 382//343 381//116 385//346
f 381//116 386//120 385//346
f 384//345 383//344 387//347
f 388//348 389//349 390//350
f 388//348 385//346 389//349
f 391//351 392//352 393//353
f 384//345 387//347 394//354
f 395//355 396//356 397//357
f 390//350 389//349 394//354
f 379//341 398//358 376//338
f 394//354 387//347 390//350
f 379//341 399//359 400//360
f 376//338 398//358 383//344
f 379//341 376//338 373//335
f 398//358 379//341 400//360
f 399//359 401//361 402//362
f 402//362 401//361 403//363
f 403//363 401//361 404//364
f 405//365 403//363 404//364
f 406//366 407//367 405//365
f 404//364 408//368 405//365
f 409//369 410//370 411//371
f 412//372 342//304 337//299
f 413//373 414//374 342//304
f 414//374 411//371 343//305
f 415//375 416//376 417//377
f 418//378 415//375 411//371
f 416//376 418//378 419//379
f 414//374 420//380 418//378
f 421//381 417//377 422//382
f 423//383 424//384 421//381
f 416//376 425//385 422//382
f 426//386 427//387 428//388
f 428//388 421//381 429//389
f 429//389 430//390 426//386
f 431//391 429//389 422//382
f 427//387 432//392 433//393
f 434//394 433//393 435//395
f 433//393 436//396 437//397
f 432//392 426//386 438//398
f 436//396 432//392 439//399
f 440//400 441//401 437//397
f 442//402 443//403 444//404
f 436//396 445//405 440//400
f 440//400 446//406 447//407
f 441//401 447//407 442//402
f 448//408 449//409 450//410
f 442//402 451//411 449//409
f 452//412 450//410 451//411
f 453//413 451//411 447//407
f 454//414 455//415 448//408
f 455//415 456//416 457//417
f 458//418 459//419 455//415
f 450//410 460//420 454//414
f 458//418 454//414 461//421
f 458//418 462//422 397//357
f 463//423 464//424 465//425
f 462//422 466//426 395//355
f 467//19 380//342 468//427
f 469//428 464//424 463//423
f 470//429 382//343 388//348
f 467//19 471//430 472//16
f 473//431 459//419 397//357
f 396//356 465//425 474//432
f 396//356 474//432 475//433
f 468//427 470//429 476//434
f 382//343 468//427 380//342
f 477//435 478//436 475//433
f 479//437 480//438 481//439
f 482//440 483//441 484//442
f 485//443 486//444 477//435
f 487//445 488//446 489//447
f 489//447 490//448 482//440
f 491//449 492//450 493//451
f 494//452 495//453 496//454
f 497//455 405//365 407//367
f 498//456 499//457 491//449
f 498//456 497//455 499//457
f 500//458 386//120 501//126
f 382//343 385//346 388//348
f 500//458 385//346 386//120
f 501//126 502//459 500//458
f 389//349 500//458 393//353
f 384//345 392//352 377//339
f 394//354 393//353 392//352
f 503//460 399//359 378//340
f 384//345 394//354 392//352
f 378//340 373//335 371//333
f 384//345 377//339 376//338
f 401//361 504//461 404//364
f 404//364 505//462 408//368
f 400//360 399//359 402//362
f 399//359 379//341 378//340
f 506//463 408//368 507//464
f 504//461 401//361 503//460
f 405//365 408//368 406//366
f 404//364 504//461 505//462
f 506//463 406//366 408//368
f 385//346 500//458 389//349
f 508//137 509//142 510//465
f 511//466 512//467 502//459
f 389//349 393//353 394//354
f 393//353 502//459 391//351
f 377//339 513//468 372//334
f 513//468 392//352 391//351
f 374//336 503//460 369//331
f 392//352 513//468 377//339
f 369//331 371//333 367//329
f 372//334 373//335 377//339
f 504//461 514//469 505//462
f 515//470 516//471 517//472
f 399//359 503//460 401//361
f 503//460 378//340 369//331
f 518//473 507//464 519//474
f 514//469 504//461 374//336
f 517//472 505//462 514//469
f 506//463 507//464 518//473
f 408//368 505//462 507//464
f 500//458 502//459 393//353
f 501//126 511//466 502//459
f 520//153 521//159 522//475
f 523//476 524//477 525//478
f 391//351 512//467 526//479
f 372//334 527//480 370//332
f 513//468 526//479 527//480
f 367//329 360//322 366//328
f 527//480 372//334 513//468
f 515//470 517//472 514//469
f 370//332 371//333 372//334
f 516//471 519//474 517//472
f 528//481 519//474 516//471
f 503//460 374//336 504//461
f 369//331 366//328 374//336
f 505//462 517//472 507//464
f 375//337 515//470 514//469
f 519//474 529//482 530//483
f 518//473 519//474 530//483
f 507//464 517//472 519//474
f 502//459 512//467 391//351
f 511//466 508//137 512//467
f 510//465 509//142 531//484
f 391//351 526//479 513//468
f 510//465 532//485 526//479
f 370//332 533//486 368//330
f 533//486 527//480 532//485
f 534//487 375//337 363//325
f 527//480 533//486 370//332
f 363//325 360//322 357//319
f 370//332 368//330 367//329
f 515//470 535//488 516//471
f 516//471 536//489 528//481
f 374//336 375//337 514//469
f 375//337 366//328 363//325
f 537//490 528//481 538//491
f 535//488 515//470 534//487
f 519//474 528//481 529//482
f 516//471 535//488 536//489
f 537//490 529//482 528//481
f 526//479 512//467 510//465
f 508//137 510//465 512//467
f 531//484 539//492 540//493
f 526//479 532//485 527//480
f 531//484 541//494 532//485
f 368//330 542//495 361//323
f 533//486 541//494 542//495
f 365//327 534//487 362//324
f 533//486 542//495 368//330
f 362//324 357//319 355//317
f 361//323 360//322 368//330
f 535//488 543//496 536//489
f 544//497 545//498 546//499
f 375//337 534//487 515//470
f 534//487 363//325 362//324
f 547//500 538//491 548//501
f 543//496 535//488 365//327
f 546//499 536//489 543//496
f 537//490 538//491 547//500
f 528//481 536//489 538//491
f 510//465 531//484 532//485
f 509//142 539//492 531//484
f 540//493 520//153 522//475
f 532//485 541//494 533//486
f 540//493 549//502 541//494
f 361//323 550//503 358//320
f 542//495 549//502 550//503
f 355//317 352//314 359//321
f 550//503 361//323 542//495
f 544//497 546//499 543//496
f 358//320 357//319 361//323
f 545//498 548//501 546//499
f 551//504 548//501 545//498
f 534//487 365//327 535//488
f 362//324 359//321 365//327
f 536//489 546//499 538//491
f 364//326 544//497 543//496
f 548//501 552//505 553//506
f 547//500 548//501 553//506
f 538//491 546//499 548//501
f 531//484 540//493 541//494
f 539//492 520//153 540//493
f 522//475 521//159 554//507
f 541//494 549//502 542//495
f 521//159 555//164 554//507
f 358//320 556//508 354//316
f 556//508 550//503 557//509
f 558//510 364//326 356//318
f 550//503 556//508 358//320
f 356//318 352//314 347//309
f 358//320 354//316 355//317
f 544//497 559//511 545//498
f 545//498 560//512 551//504
f 365//327 364//326 543//496
f 364//326 359//321 356//318
f 561//513 551//504 562//514
f 559//511 544//497 558//510
f 548//501 551//504 552//505
f 545//498 559//511 560//512
f 561//513 552//505 551//504
f 549//502 522//475 557//509
f 522//475 549//502 540//493
f 563//515 564//516 565//170
f 549//502 557//509 550//503
f 555//164 565//170 566//517
f 354//316 567//518 353//315
f 556//508 557//509 568//519
f 569//520 558//510 351//313
f 556//508 567//518 354//316
f 351//313 347//309 345//307
f 352//314 354//316 353//315
f 559//511 570//521 560//512
f 571//522 572//523 573//524
f 364//326 558//510 544//497
f 558//510 356//318 351//313
f 574//525 562//514 575//526
f 570//521 559//511 569//520
f 573//524 560//512 570//521
f 561//513 562//514 574//525
f 551//504 560//512 562//514
f 557//509 554//507 568//519
f 522//475 554//507 557//509
f 564//516 566//517 565//170
f 556//508 568//519 567//518
f 568//519 566//517 576//527
f 577//528 348//310 353//315
f 567//518 576//527 577//528
f 569//520 344//306 350//312
f 577//528 353//315 567//518
f 571//522 573//524 570//521
f 347//309 353//315 348//310
f 572//523 575//526 573//524
f 578//529 575//526 572//523
f 558//510 569//520 559//511
f 351//313 344//306 569//520
f 560//512 573//524 562//514
f 350//312 571//522 570//521
f 575//526 579//530 580//531
f 574//525 575//526 580//531
f 562//514 573//524 575//526
f 568//519 554//507 566//517
f 555//164 566//517 554//507
f 581//193 582//532 583//186
f 568//519 576//527 567//518
f 563//515 584//182 585//533
f 586//534 346//308 348//310
f 577//528 576//527 587//535
f 337//299 341//303 338//300
f 586//534 348//310 577//528
f 572//523 571//522 588//536
f 345//307 348//310 346//308
f 345//307 338//300 344//306
f 572//523 589//537 578//529
f 569//520 350//312 570//521
f 350//312 344//306 341//303
f 590//538 578//529 591//539
f 588//536 571//522 349//311
f 575//526 578//529 579//530
f 572//523 588//536 589//537
f 590//538 579//530 578//529
f 576//527 564//516 587//535
f 564//516 576//527 566//517
f 592//540 585//533 584//182
f 577//528 587//535 586//534
f 585//533 593//541 587//535
f 594//542 339//301 346//308
f 586//534 593//541 594//542
f 595//543 349//311 340//302
f 586//534 594//542 346//308
f 340//302 337//299 342//304
f 339//301 338//300 346//308
f 588//536 596//544 589//537
f 597//545 591//539 589//537
f 350//312 349//311 571//522
f 349//311 341//303 340//302
f 598//546 591//539 599//547
f 596//544 588//536 595//543
f 597//545 589//537 596//544
f 590//538 591//539 598//546
f 578//529 589//537 591//539
f 587//535 564//516 585//533
f 563//515 585//533 564//516
f 583//186 582//532 592//540
f 587//535 593//541 586//534
f 592//540 600//548 593//541
f 339//301 601//549 412//372
f 594//542 593//541 600//548
f 595//543 343//305 410//370
f 601//549 339//301 594//542
f 602//550 597//545 596//544
f 337//299 339//301 412//372
f 603//551 599//547 597//545
f 604//552 599//547 603//551
f 349//311 595//543 588//536
f 340//302 343//305 595//543
f 605//553 599//547 606//554
f 602//550 596//544 410//370
f 603//551 597//545 602//550
f 598//546 599//547 605//553
f 591//539 597//545 599//547
f 585//533 592//540 593//541
f 584//182 583//186 592//540
f 607//555 608//204 609//556
f 594//542 600//548 601//549
f 581//193 607//555 610//557
f 611//558 413//373 412//372
f 601//549 612//559 611//558
f 414//374 418//378 411//371
f 611//558 412//372 601//549
f 603//551 602//550 613//560
f 413//373 342//304 412//372
f 342//304 414//374 343//305
f 603//551 614//561 604//552
f 595//543 410//370 596//544
f 410//370 343//305 411//371
f 615//562 604//552 616//563
f 409//369 613//560 602//550
f 599//547 604//552 606//554
f 603//551 613//560 614//561
f 615//562 606//554 604//552
f 600//548 582//532 612//559
f 582//532 600//548 592//540
f 607//555 609//556 610//557
f 600//548 612//559 601//549
f 610//557 617//564 612//559
f 413//373 618//565 420//380
f 611//558 612//559 617//564
f 619//566 409//369 415//375
f 611//558 618//565 413//373
f 415//375 418//378 416//376
f 420//380 414//374 413//373
f 613//560 620//567 614//561
f 614//561 621//568 616//563
f 410//370 409//369 602//550
f 409//369 411//371 415//375
f 622//569 616//563 623//570
f 620//567 613//560 619//566
f 620//567 621//568 614//561
f 615//562 616//563 622//569
f 604//552 614//561 616//563
f 612//559 582//532 610//557
f 581//193 610//557 582//532
f 624//571 625//214 626//572
f 611//558 617//564 618//565
f 608//204 624//571 627//573
f 420//380 628//574 419//379
f 618//565 617//564 629//575
f 424//384 619//566 417//377
f 618//565 628//574 420//380
f 630//576 621//568 620//567
f 419//379 418//378 420//380
f 631//577 623//570 621//568
f 632//578 623//570 631//577
f 409//369 619//566 613//560
f 619//566 415//375 417//377
f 633//579 623//570 632//578
f 630//576 620//567 424//384
f 631//577 621//568 630//576
f 622//569 623//570 633//579
f 616//563 621//568 623//570
f 617//564 609//556 629//575
f 609//556 617//564 610//557
f 626//572 627//573 624//571
f 618//565 629//575 628//574
f 629//575 627//573 525//478
f 419//379 524//477 425//385
f 524//477 628//574 525//478
f 422//382 429//389 421//381
f 524//477 419//379 628//574
f 634//580 631//577 630//576
f 416//376 419//379 425//385
f 416//376 422//382 417//377
f 631//577 635//581 632//578
f 619//566 424//384 620//567
f 424//384 417//377 421//381
f 636//582 632//578 637//583
f 423//383 634//580 630//576
f 632//578 638//584 633//579
f 631//577 634//580 635//581
f 636//582 638//584 632//578
f 629//575 609//556 627//573
f 608//204 627//573 609//556
f 639//225 640//585 641//220
f 629//575 525//478 628//574
f 525//478 626//572 523//476
f 642//586 431//391 425//385
f 642//586 524//477 523//476
f 643//587 423//383 428//388
f 524//477 642//586 425//385
f 428//388 429//389 426//386
f 431//391 422//382 425//385
f 634//580 644//588 635//581
f 635//581 645//589 637//583
f 424//384 423//383 630//576
f 423//383 421//381 428//388
f 646//590 637//583 647//591
f 644//588 634//580 643//587
f 644//588 645//589 635//581
f 636//582 637//583 646//590
f 632//578 635//581 637//583
f 626//572 525//478 627//573
f 641//220 648//592 625//214
f 649//593 639//225 650//231
f 651//594 652//595 472//16
f 523//476 648//592 653//596
f 431//391 654//597 430//390
f 642//586 653//596 654//597
f 434//394 643//587 427//387
f 642//586 654//597 431//391
f 655//598 645//589 644//588
f 430//390 429//389 431//391
f 656//599 647//591 645//589
f 657//600 647//591 656//599
f 423//383 643//587 634//580
f 643//587 428//388 427//387
f 658//601 647//591 657//600
f 655//598 644//588 434//394
f 656//599 645//589 655//598
f 646//590 647//591 658//601
f 637//583 645//589 647//591
f 523//476 626//572 648//592
f 625//214 648//592 626//572
f 640//585 639//225 649//593
f 523//476 653//596 642//586
f 640//585 659//602 653//596
f 430//390 660//603 438//398
f 654//597 659//602 660//603
f 432//392 436//396 433//393
f 654//597 660//603 430//390
f 661//604 656//599 655//598
f 438//398 426//386 430//390
f 426//386 432//392 427//387
f 656//599 662//605 657//600
f 643//587 434//394 644//588
f 434//394 427//387 433//393
f 657//600 662//605 663//606
f 435//395 661//604 655//598
f 657//600 664//607 658//601
f 656//599 661//604 662//605
f 665//608 664//607 657//600
f 653//596 648//592 640//585
f 641//220 640//585 648//592
f 666//609 667//243 668//610
f 653//596 659//602 654//597
f 650//231 666//609 669//611
f 438//398 670//612 439//399
f 660//603 659//602 671//613
f 672//614 435//395 437//397
f 660//603 670//612 438//398
f 437//397 436//396 440//400
f 432//392 438//398 439//399
f 661//604 673//615 662//605
f 662//605 674//616 663//606
f 434//394 435//395 655//598
f 435//395 433//393 437//397
f 675//617 663//606 676//618
f 673//615 661//604 672//614
f 657//600 663//606 665//608
f 662//605 673//615 674//616
f 675//617 665//608 663//606
f 659//602 649//593 671//613
f 649//593 659//602 640//585
f 677//249 678//619 667//243
f 660//603 671//613 670//612
f 671//613 669//611 679//620
f 680//621 445//405 439//399
f 680//621 670//612 679//620
f 444//404 672//614 441//401
f 670//612 680//621 439//399
f 681//622 674//616 673//615
f 445//405 436//396 439//399
f 682//623 676//618 674//616
f 683//624 676//618 682//623
f 435//395 672//614 661//604
f 672//614 437//397 441//401
f 684//625 676//618 683//624
f 681//622 673//615 444//404
f 682//623 674//616 681//622
f 675//617 676//618 684//625
f 663//606 674//616 676//618
f 671//613 649//593 669//611
f 650//231 669//611 649//593
f 677//249 685//255 686//626
f 671//613 679//620 670//612
f 679//620 668//610 687//627
f 445//405 688//628 446//406
f 680//621 687//627 688//628
f 447//407 451//411 442//402
f 680//621 688//628 445//405
f 689//629 682//623 681//622
f 446//406 440//400 445//405
f 440//400 447//407 441//401
f 682//623 690//630 683//624
f 672//614 444//404 673//615
f 444//404 441//401 442//402
f 683//624 690//630 691//631
f 443//403 689//629 681//622
f 683//624 692//632 684//625
f 682//623 689//629 690//630
f 693//633 692//632 683//624
f 679//620 669//611 668//610
f 666//609 668//610 669//611
f 678//619 677//249 686//626
f 679//620 687//627 680//621
f 678//619 694//634 687//627
f 446//406 695//635 453//413
f 688//628 694//634 695//635
f 696//636 443//403 449//409
f 688//628 695//635 446//406
f 449//409 451//411 450//410
f 453//413 447//407 446//406
f 689//629 697//637 690//630
f 690//630 698//638 691//631
f 444//404 443//403 681//622
f 443//403 442//402 449//409
f 699//639 691//631 700//640
f 697//637 689//629 696//636
f 683//624 691//631 693//633
f 690//630 697//637 698//638
f 699//639 693//633 691//631
f 687//627 668//610 678//619
f 667//243 678//619 668//610
f 701//261 702//641 703//642
f 687//627 694//634 688//628
f 685//255 701//261 704//643
f 705//644 452//412 453//413
f 695//635 694//634 706//645
f 457//417 696//636 448//408
f 705//644 453//413 695//635
f 448//408 450//410 454//414
f 451//411 453//413 452//412
f 707//646 700//640 698//638
f 708//647 700//640 707//646
f 443//403 696//636 689//629
f 696//636 449//409 448//408
f 709//648 700//640 708//647
f 710//649 697//637 457//417
f 707//646 698//638 710//649
f 699//639 700//640 709//648
f 691//631 698//638 700//640
f 694//634 686//626 706//645
f 686//626 694//634 678//619
f 702//641 711//271 712//650
f 695//635 706//645 705//644
f 706//645 704//643 713//651
f 714//652 460//420 452//412
f 705//644 713//651 714//652
f 454//414 458//418 455//415
f 705//644 714//652 452//412
f 715//653 707//646 710//649
f 460//420 450//410 452//412
f 716//654 708//647 707//646
f 697//637 710//649 698//638
f 696//636 457//417 697//637
f 457//417 448//408 455//415
f 708//647 716//654 717//655
f 456//416 715//653 710//649
f 708//647 718//656 709//648
f 707//646 715//653 716//654
f 719//657 718//656 708//647
f 706//645 686//626 704//643
f 685//255 704//643 686//626
f 703//642 702//641 712//650
f 706//645 713//651 705//644
f 703//642 720//658 713//651
f 460//420 721//659 461//421
f 714//652 720//658 721//659
f 722//660 456//416 459//419
f 460//420 714//652 721//659
f 459//419 458//418 397//357
f 460//420 461//421 454//414
f 715//653 723//661 716//654
f 716//654 724//662 717//655
f 457//417 456//416 710//649
f 456//416 455//415 459//419
f 725//663 717//655 726//664
f 723//661 715//653 722//660
f 708//647 717//655 719//657
f 716//654 723//661 724//662
f 725//663 719//657 717//655
f 713//651 704//643 703//642
f 701//261 703//642 704//643
f 727//665 728//280 729//666
f 713//651 720//658 714//652
f 711//271 727//665 730//667
f 461//421 731//668 462//422
f 720//658 732//669 721//659
f 478//436 722//660 473//431
f 461//421 721//659 731//668
f 397//357 396//356 473//431
f 462//422 458//418 461//421
f 733//670 726//664 724//662
f 734//671 726//664 733//670
f 456//416 722//660 715//653
f 722//660 459//419 473//431
f 735//672 726//664 734//671
f 736//673 723//661 478//436
f 733//670 724//662 736//673
f 725//663 726//664 735//672
f 717//655 724//662 726//664
f 720//658 712//650 732//669
f 712//650 720//658 703//642
f 737//674 728//280 738//286
f 721//659 732//669 731//668
f 732//669 730//667 739//675
f 465//425 395//355 740//676
f 739//675 731//668 732//669
f 475//433 473//431 396//356
f 462//422 731//668 466//426
f 741//677 733//670 736//673
f 395//355 397//357 462//422
f 742//678 734//671 733//670
f 723//661 736//673 724//662
f 722//660 478//436 723//661
f 478//436 473//431 475//433
f 734//671 742//678 743//679
f 477//435 741//677 736//673
f 734//671 744//680 735//672
f 733//670 741//677 742//678
f 745//681 744//680 734//671
f 732//669 712//650 730//667
f 711//271 730//667 712//650
f 738//286 746//682 747//683
f 731//668 739//675 466//426
f 748//684 739//675 729//666
f 475//433 474//432 485//443
f 466//426 748//684 740//676
f 749//685 490//448 488//446
f 395//355 466//426 740//676
f 485//443 474//432 750//686
f 395//355 465//425 396//356
f 741//677 751//687 742//678
f 742//678 752//688 743//679
f 478//436 477//435 736//673
f 477//435 475//433 485//443
f 753//689 743//679 754//690
f 751//687 741//677 486//444
f 734//671 743//679 745//681
f 742//678 751//687 752//688
f 753//689 745//681 743//679
f 739//675 730//667 729//666
f 727//665 729//666 730//667
f 737//674 738//286 747//683
f 739//675 748//684 466//426
f 737//674 755//691 748//684
f 464//424 750//686 474//432
f 740//676 755//691 463//423
f 750//686 481//439 485//443
f 463//423 465//425 740//676
f 481//439 483//441 486//444
f 465//425 464//424 474//432
f 490//448 754//690 752//688
f 749//685 754//690 490//448
f 477//435 486//444 741//677
f 485//443 481//439 486//444
f 756//692 754//690 749//685
f 482//440 751//687 483//441
f 490//448 752//688 482//440
f 753//689 754//690 756//692
f 743//679 752//688 754//690
f 748//684 729//666 737//674
f 728//280 737//674 729//666
f 757//693 758//694 759//695
f 748//684 755//691 740//676
f 652//595 760//696 746//682
f 750//686 464//424 761//697
f 762//698 469//428 463//423
f 481//439 750//686 479//437
f 469//428 761//697 464//424
f 483//441 481//439 480//438
f 761//697 479//437 750//686
f 495//453 492//450 496//454
f 751//687 482//440 752//688
f 486//444 483//441 751//687
f 483//441 480//438 484//442
f 749//685 488//446 763//699
f 484//442 489//447 482//440
f 749//685 764//700 756//692
f 490//448 489//447 488//446
f 765//701 764//700 749//685
f 755//691 747//683 762//698
f 747//683 755//691 737//674
f 469//428 766//702 761//697
f 755//691 762//698 463//423
f 767//703 762//698 760//696
f 761//697 768//704 479//437
f 767//703 766//702 469//428
f 479//437 769//705 480//438
f 766//702 768//704 761//697
f 480//438 770//706 484//442
f 768//704 769//705 479//437
f 484//442 771//707 489//447
f 770//706 480//438 769//705
f 488//446 494//452 763//699
f 771//707 484//442 770//706
f 772//708 763//699 496//454
f 489//447 771//707 487//445
f 749//685 763//699 765//701
f 488//446 487//445 494//452
f 772//708 765//701 763//699
f 762//698 747//683 760//696
f 746//682 760//696 747//683
f 766//702 759//695 768//704
f 762//698 767//703 469//428
f 651//594 773//709 767//703
f 768//704 758//694 769//705
f 773//709 759//695 766//702
f 769//705 774//710 770//706
f 759//695 758//694 768//704
f 770//706 775//711 771//707
f 758//694 774//710 769//705
f 771//707 776//712 487//445
f 774//710 775//711 770//706
f 777//713 494//452 487//445
f 771//707 775//711 776//712
f 778//714 496//454 492//450
f 487//445 776//712 777//713
f 495//453 494//452 777//713
f 772//708 496//454 778//714
f 763//699 494//452 496//454
f 767//703 760//696 651//594
f 652//595 651//594 760//696
f 779//715 774//710 758//694
f 767//703 773//709 766//702
f 471//430 476//434 773//709
f 780//716 775//711 774//710
f 476//434 757//693 759//695
f 781//717 776//712 775//711
f 757//693 779//715 758//694
f 782//718 777//713 776//712
f 779//715 780//716 774//710
f 783//719 495//453 777//713
f 780//716 781//717 775//711
f 784//720 498//456 491//449
f 781//717 782//718 776//712
f 495//453 493//451 492//450
f 783//719 777//713 782//718
f 492//450 785//721 778//714
f 495//453 783//719 493//451
f 786//722 785//721 492//450
f 773//709 651//594 471//430
f 472//16 471//430 651//594
f 470//429 787//723 757//693
f 773//709 476//434 759//695
f 470//429 757//693 476//434
f 787//723 788//724 779//715
f 787//723 779//715 757//693
f 788//724 789//725 780//716
f 788//724 780//716 779//715
f 789//725 790//726 781//717
f 789//725 781//717 780//716
f 790//726 791//727 782//718
f 790//726 782//718 781//717
f 791//727 792//728 783//719
f 791//727 783//719 782//718
f 792//728 784//720 493//451
f 493//451 783//719 792//728
f 492//450 491//449 786//722
f 491//449 493//451 784//720
f 499//457 786//722 491//449
f 471//430 467//19 468//427
f 476//434 471//430 468//427
f 787//723 388//348 390//350
f 382//343 470//429 468//427
f 788//724 390//350 387//347
f 388//348 787//723 470//429
f 789//725 387//347 383//344
f 390//350 788//724 787//723
f 790//726 383//344 398//358
f 387//347 789//725 788//724
f 791//727 398//358 400//360
f 383//344 790//726 789//725
f 792//728 400//360 402//362
f 398//358 791//727 790//726
f 784//720 402//362 403//363
f 400//360 792//728 791//727
f 498//456 403//363 405//365
f 402//362 784//720 792//728
f 405//365 497//455 498//456
f 403//363 498//456 784//720
f 793//729 794//553 795//730
f 796//731 797//732 798//733
f 799//734 800//562 801//735
f 802//736 803//737 798//733
f 804//738 797//732 805//739
f 806//740 795//730 794//553
f 807//741 808//742 809//743
f 810//744 811//745 812//746
f 812//746 813//747 814//748
f 815//749 816//633 817//750
f 818//751 819//752 820//753
f 821//754 822//755 815//749
f 817//750 816//633 823//756
f 824//757 825//758 826//759
f 827//760 825//758 824//757
f 824//757 828//761 827//760
f 822//755 829//632 815//749
f 830//762 825//758 831//763
f 832//764 833//765 834//766
f 835//767 836//768 822//755
f 837//769 838//770 839//771
f 840//772 841//773 842//774
f 841//773 843//775 842//774
f 840//772 844//776 845//777
f 846//455 847//778 848//779
f 849//780 837//769 850//681
f 845//777 844//776 851//781
f 852//782 853//783 854//784
f 855//785 856//786 857//787
f 848//779 858//457 846//455
f 834//766 859//788 856//786
f 860//789 832//764 861//790
f 862//721 861//790 832//764
f 863//791 864//792 865//793
f 866//794 867//795 861//790
f 863//791 868//796 864//792
f 866//794 861//790 869//797
f 870//798 871//799 867//795
f 871//799 872//800 873//801
f 864//792 870//798 874//802
f 847//778 875//367 876//803
f 856//786 877//701 834//766
f 875//367 847//778 846//455
f 849//780 855//785 878//804
f 879//805 852//782 873//801
f 837//769 849//780 880//806
f 843//775 841//773 854//784
f 839//771 881//807 882//808
f 845//777 883//809 838//770
f 882//808 884//810 885//657
f 885//657 886//663 882//808
f 887//811 888//812 884//810
f 885//657 884//810 888//812
f 888//812 889//813 890//814
f 889//813 888//812 887//811
f 891//815 823//756 890//814
f 890//814 889//813 891//815
f 892//816 810//744 836//768
f 831//763 820//753 821//754
f 893//817 819//752 894//818
f 895//819 836//768 810//744
f 896//820 897//821 814//748
f 802//736 893//817 898//822
f 899//584 897//821 900//823
f 901//582 814//748 897//821
f 799//734 902//824 903//825
f 902//824 801//735 904//579
f 905//554 800//562 906//826
f 902//824 907//827 903//825
f 908//828 909//829 910//830
f 911//831 912//832 910//830
f 909//829 913//833 914//834
f 915//835 916//836 917//837
f 917//837 912//832 918//838
f 919//839 920//840 921//841
f 922//842 920//840 916//836
f 923//843 924//844 925//845
f 926//846 924//844 927//847
f 923//843 925//845 928//848
f 923//843 928//848 929//849
f 929//849 930//366 931//850
f 931//850 923//843 929//849
f 930//366 932//851 876//803
f 929//849 932//851 930//366
f 875//367 930//366 876//803
f 933//852 926//846 934//853
f 935//854 919//839 936//855
f 935//854 937//856 925//845
f 938//857 935//854 936//855
f 926//846 933//852 939//858
f 940//859 941//860 942//861
f 933//852 940//859 943//862
f 942//861 944//863 945//864
f 946//513 944//863 942//861
f 947//865 808//742 948//866
f 944//863 949//867 950//868
f 908//828 949//867 951//869
f 952//870 948//866 909//829
f 793//729 951//869 953//538
f 949//867 954//530 951//869
f 905//554 806//740 794//553
f 794//553 793//729 955//871
f 800//562 799//734 906//826
f 806//740 905//554 906//826
f 938//857 937//856 935//854
f 919//839 921//841 936//855
f 923//843 956//473 957//483
f 937//856 928//848 925//845
f 958//872 925//845 924//844
f 931//850 956//473 923//843
f 919//839 935//854 958//872
f 920//840 922//842 921//841
f 927//847 924//844 957//483
f 935//854 925//845 958//872
f 939//858 958//872 926//846
f 957//483 924//844 923//843
f 920//840 919//839 939//858
f 922//842 916//836 915//835
f 958//872 924//844 926//846
f 919//839 958//872 939//858
f 939//858 933//852 943//862
f 927//847 934//853 926//846
f 916//836 920//840 943//862
f 917//837 918//838 915//835
f 933//852 959//500 960//506
f 920//840 939//858 943//862
f 961//873 943//862 940//859
f 934//853 959//500 933//852
f 917//837 916//836 961//873
f 912//832 911//831 918//838
f 941//860 940//859 960//506
f 916//836 943//862 961//873
f 945//864 961//873 942//861
f 960//506 940//859 933//852
f 912//832 917//837 945//864
f 910//830 914//834 911//831
f 961//873 940//859 942//861
f 917//837 961//873 945//864
f 945//864 944//863 950//868
f 941//860 946//513 942//861
f 950//868 910//830 912//832
f 793//729 952//870 951//869
f 944//863 962//525 963//531
f 912//832 945//864 950//868
f 908//828 950//868 949//867
f 946//513 962//525 944//863
f 914//834 910//830 909//829
f 913//833 948//866 807//741
f 954//530 949//867 963//531
f 910//830 950//868 908//828
f 951//869 952//870 908//828
f 963//531 949//867 944//863
f 913//833 909//829 948//866
f 807//741 948//866 808//742
f 909//829 908//828 952//870
f 948//866 952//870 947//865
f 954//530 953//538 951//869
f 952//870 793//729 947//865
f 793//729 953//538 955//871
f 804//738 964//874 797//732
f 797//732 796//731 805//739
f 900//823 907//827 902//824
f 964//874 903//825 907//827
f 907//827 900//823 965//875
f 801//735 902//824 799//734
f 965//875 797//732 964//874
f 796//731 798//733 803//737
f 900//823 904//579 899//584
f 965//875 964//874 907//827
f 896//820 965//875 897//821
f 904//579 900//823 902//824
f 798//733 797//732 896//820
f 803//737 802//736 898//822
f 965//875 900//823 897//821
f 797//732 965//875 896//820
f 896//820 814//748 813//747
f 899//584 901//582 897//821
f 802//736 798//733 813//747
f 898//822 893//817 894//818
f 812//746 814//748 966//590
f 798//733 896//820 813//747
f 813//747 812//746 811//745
f 901//582 966//590 814//748
f 893//817 802//736 811//745
f 819//752 818//751 894//818
f 812//746 967//601 968//876
f 802//736 813//747 811//745
f 892//816 811//745 810//744
f 966//590 967//601 812//746
f 819//752 893//817 892//816
f 818//751 820//753 969//877
f 810//744 812//746 968//876
f 893//817 811//745 892//816
f 892//816 836//768 835//767
f 895//819 810//744 968//876
f 820//753 819//752 835//767
f 969//877 831//763 970//878
f 822//755 836//768 971//617
f 819//752 892//816 835//767
f 835//767 822//755 821//754
f 895//819 971//617 836//768
f 969//877 820//753 831//763
f 970//878 825//758 827//760
f 822//755 972//625 829//632
f 820//753 835//767 821//754
f 830//762 821//754 815//749
f 971//617 972//625 822//755
f 970//878 831//763 825//758
f 973//879 824//757 826//759
f 817//750 830//762 815//749
f 831//763 821//754 830//762
f 830//762 817//750 826//759
f 816//633 815//749 829//632
f 817//750 891//815 973//879
f 825//758 830//762 826//759
f 973//879 826//759 817//750
f 817//750 823//756 891//815
f 881//807 838//770 883//809
f 881//807 839//771 838//770
f 839//771 882//808 886//663
f 851//781 883//809 845//777
f 840//772 842//774 844//776
f 839//771 974//880 975//680
f 880//806 838//770 837//769
f 886//663 974//880 839//771
f 880//806 840//772 845//777
f 853//783 843//775 854//784
f 837//769 839//771 975//680
f 845//777 838//770 880//806
f 880//806 849//780 878//804
f 850//681 837//769 975//680
f 841//773 840//772 878//804
f 879//805 853//783 852//782
f 855//785 849//780 976//689
f 840//772 880//806 878//804
f 878//804 855//785 857//787
f 850//681 976//689 849//780
f 854//784 841//773 857//787
f 977//881 879//805 873//801
f 855//785 978//882 979//700
f 841//773 878//804 857//787
f 859//788 857//787 856//786
f 976//689 978//882 855//785
f 852//782 854//784 859//788
f 977//881 873//801 872//800
f 856//786 855//785 979//700
f 854//784 857//787 859//788
f 859//788 834//766 833//765
f 877//701 856//786 979//700
f 873//801 852//782 833//765
f 872//800 871//799 980//883
f 832//764 834//766 981//884
f 852//782 859//788 833//765
f 833//765 832//764 860//789
f 877//701 981//884 834//766
f 871//799 873//801 860//789
f 864//792 874//802 865//793
f 832//764 982//885 862//721
f 873//801 833//765 860//789
f 867//795 860//789 861//790
f 981//884 982//885 832//764
f 871//799 870//798 980//883
f 983//886 980//883 870//798
f 869//797 858//457 866//794
f 871//799 860//789 867//795
f 867//795 866//794 874//802
f 869//797 861//790 862//721
f 870//798 864//792 983//886
f 868//796 983//886 864//792
f 848//779 865//793 874//802
f 870//798 867//795 874//802
f 874//802 866//794 848//779
f 858//457 848//779 866//794
f 984//887 985//888 986//889
f 987//890 985//888 988//891
f 985//888 984//887 989//892
f 989//892 984//887 990//891
f 988//891 985//888 989//892
f 991//893 992//893 993//889
f 993//889 984//887 986//889
f 984//887 994//21 990//891
f 986//889 991//893 993//889
f 992//893 991//893 995//894
f 995//894 996//895 997//894
f 997//894 992//893 995//894
f 998//895 996//895 999//896
f 996//895 998//895 997//894
f 998//895 999//896 1000//896
f 1001//897 1002//897 1003//897
f 1004//897 1005//897 1006//897
f 1007//897 1003//897 1002//897
f 1008//897 1009//897 1010//897
f 1011//897 1012//897 1013//897
f 1014//897 1012//897 1009//897
f 1015//897 1016//897 1017//897
f 1015//897 1005//897 1016//897
f 1004//897 1013//897 1005//897
f 1015//897 1006//897 1005//897
f 1004//897 1011//897 1013//897
f 1018//897 1019//897 1020//897
f 1012//897 1014//897 1013//897
f 1021//897 1022//897 1023//897
f 1008//897 1010//897 1024//897
f 1014//897 1009//897 1008//897
f 1021//897 1025//897 1022//897
f 1001//897 1024//897 1002//897
f 1001//897 1008//897 1024//897
f 1026//897 1025//897 1027//897
f 1002//897 1028//897 1029//897
f 1024//897 1028//897 1002//897
f 1030//897 1027//897 1029//897
f 1002//897 1029//897 1027//897
f 1027//897 1030//897 1026//897
f 1027//897 1025//897 1021//897
f 1023//897 1031//897 1019//897
f 1032//897 1033//897 1034//897
f 1035//897 1018//897 1034//897
f 1036//897 1037//897 1038//897
f 1039//897 1040//897 1032//897
f 1041//897 1038//897 1037//897
f 1042//897 1036//897 1043//897
f 1042//897 1037//897 1036//897
f 1044//897 1045//897 1043//897
f 1042//897 1043//897 1045//897
f 1044//897 1046//897 1047//897
f 1047//897 1045//897 1044//897
f 1047//897 1046//897 1048//897
f 1046//897 1039//897 1049//897
f 1049//897 1048//897 1046//897
f 1033//897 1032//897 1040//897
f 1039//897 1032//897 1049//897
f 1019//897 1018//897 1035//897
f 1034//897 1033//897 1035//897
f 1031//897 1020//897 1019//897
f 1019//897 1021//897 1023//897
f 1050//898 1051//898 1052//898
f 1053//898 1054//898 1055//898
f 1051//898 1056//898 1057//898
f 1056//898 1051//898 1050//898
f 1058//898 1059//898 1060//898
f 1057//898 1056//898 1061//898
f 1062//898 1063//898 1064//898
f 1065//898 1063//898 1066//898
f 1067//898 1053//898 1055//898
f 1068//898 1055//898 1069//898
f 1070//898 1069//898 1054//898
f 1055//898 1054//898 1069//898
f 1069//898 1071//898 1068//898
f 1060//898 1072//898 1071//898
f 1071//898 1069//898 1060//898
f 1059//898 1073//898 1060//898
f 1074//898 1058//898 1075//898
f 1074//898 1059//898 1058//898
f 1076//898 1077//898 1078//898
f 1075//898 1058//898 1077//898
f 1079//898 1080//898 1081//898
f 1082//898 1080//898 1083//898
f 1084//898 1085//898 1086//898
f 1087//898 1079//898 1081//898
f 1088//898 1089//898 1090//898
f 1091//898 1092//898 1088//898
f 1089//898 1088//898 1092//898
f 1093//898 1091//898 1094//898
f 1091//898 1093//898 1092//898
f 1094//898 1085//898 1095//898
f 1095//898 1093//898 1094//898
f 1085//898 1084//898 1095//898
f 1096//898 1084//898 1086//898
f 1097//898 1084//898 1096//898
f 1079//898 1087//898 1097//898
f 1097//898 1096//898 1079//898
f 1080//898 1082//898 1081//898
f 1077//898 1082//898 1083//898
f 1077//898 1083//898 1078//898
f 1076//898 1075//898 1077//898
f 1072//898 1060//898 1073//898
f 1098//898 1069//898 1070//898
f 1067//898 1062//898 1053//898
f 1065//898 1064//898 1063//898
f 1064//898 1053//898 1062//898
f 1056//898 1065//898 1061//898
f 1061//898 1065//898 1066//898
f 1099//899 1100//900 1101//900
f 1102//901 1101//900 1103//901
f 1100//900 1103//901 1101//900
f 1104//902 1105//903 1102//901
f 1102//901 1103//901 1104//902
f 1105//903 1106//904 1107//905
f 1106//904 1105//903 1104//902
f 1108//906 1107//905 1109//907
f 1106//904 1109//907 1107//905
f 1110//908 1111//908 1108//906
f 1108//906 1109//907 1110//908
f 1100//900 1099//899 1112//909
f 1112//909 1113//910 1114//911
f 1113//910 1112//909 1099//899
f 1115//912 1114//911 1116//913
f 1113//910 1116//913 1114//911
f 1117//914 1118//914 1115//912
f 1115//912 1116//913 1117//914
f 1118//914 1119//915 1120//915
f 1119//915 1118//914 1117//914
f 1119//915 1121//916 1120//915
f 1120//915 1121//916 1122//916
f 1123//917 1124//918 1125//919
f 1126//920 1125//919 1127//920
f 1124//918 1127//920 1125//919
f 1128//1 1129//1 1126//920
f 1126//920 1127//920 1128//1
f 1124//918 1123//917 1130//917
f 1130//917 1131//921 1132//921
f 1131//921 1130//917 1123//917
f 1131//921 1133//908 1132//921
f 1132//921 1133//908 1134//908
f 1135//922 1136//923 1137//924
f 1135//922 1138//925 1139//926
f 1139//926 1136//923 1135//922
f 1140//927 1138//925 1141//928
f 1138//925 1140//927 1139//926
f 1142//929 1143//930 1141//928
f 1140//927 1141//928 1143//930
f 1144//931 1143//930 1142//929
f 1145//932 1137//924 1136//923
f 1146//933 1147//934 1145//932
f 1137//924 1145//932 1147//934
f 1146//933 1148//935 1149//936
f 1149//936 1147//934 1146//933
f 1150//935 1148//935 1151//896
f 1148//935 1150//935 1149//936
f 1150//935 1151//896 1152//896
f 1153//937 1154//938 1155//938
f 1156//939 1157//940 1158//941
f 1159//942 1160//937 1161//943
f 1162//944 1163//945 1164//946
f 1165//947 1166//948 1167//949
f 1168//950 1169//951 1170//952
f 1171//953 1172//954 1173//955
f 1174//956 1175//957 1176//958
f 1175//957 1177//959 1178//960
f 1176//958 1179//961 1180//962
f 1180//962 1174//956 1176//958
f 1181//963 1182//964 1179//961
f 1180//962 1179//961 1182//964
f 1183//965 1181//963 1184//965
f 1181//963 1183//965 1182//964
f 1170//952 1178//960 1177//959
f 1174//956 1177//959 1175//957
f 1168//950 1173//955 1169//951
f 1170//952 1169//951 1178//960
f 1163//945 1172//954 1171//953
f 1171//953 1173//955 1168//950
f 1166//948 1162//944 1164//946
f 1162//944 1172//954 1163//945
f 1165//947 1167//949 1156//939
f 1166//948 1164//946 1167//949
f 1158//941 1157//940 1161//943
f 1165//947 1156//939 1158//941
f 1159//942 1153//937 1160//937
f 1157//940 1159//942 1161//943
f 1155//938 1160//937 1153//937
f 1185//966 1186//967 1187//968
f 1185//966 1188//969 1189//970
f 1189//970 1186//967 1185//966
f 1190//967 1189//970 1188//969
f 1188//969 1191//968 1190//967
f 1192//971 1193//972 1194//973
f 1185//966 1195//973 1188//969
f 1195//973 1192//971 1194//973
f 1195//973 1194//973 1188//969
f 1193//972 1192//971 1196//974
f 1196//974 1197//975 1198//974
f 1198//974 1193//972 1196//974
f 1199//976 1197//975 1200//977
f 1197//975 1199//976 1198//974
f 1199//976 1200//977 1201//977
f 1202//978 1203//979 1204//980
f 1205//981 1206//981 1207//981
f 1208//981 1204//980 1203//979
f 1209//982 1210//983 1211//984
f 1212//985 1213//979 1214//982
f 1215//986 1213//979 1210//983
f 1216//981 1217//985 1218//986
f 1216//981 1206//981 1217//985
f 1205//981 1214//982 1206//981
f 1216//981 1207//981 1206//981
f 1205//981 1212//985 1214//982
f 1219//987 1220//988 1221//989
f 1213//979 1215//986 1214//982
f 1222//986 1223//986 1224//990
f 1209//982 1211//984 1225//981
f 1215//986 1210//983 1209//982
f 1222//986 1226//991 1223//986
f 1202//978 1225//981 1203//979
f 1202//978 1209//982 1225//981
f 1227//981 1226//991 1228//981
f 1203//979 1229//986 1230//981
f 1225//981 1229//986 1203//979
f 1231//992 1228//981 1230//981
f 1203//979 1230//981 1228//981
f 1228//981 1231//992 1227//981
f 1228//981 1226//991 1222//986
f 1224//990 1232//985 1220//988
f 1233//993 1234//994 1235//995
f 1236//988 1219//987 1235//995
f 1237//981 1238//986 1239//986
f 1240//996 1241//986 1233//993
f 1242//986 1239//986 1238//986
f 1243//981 1237//981 1244//985
f 1243//981 1238//986 1237//981
f 1245//997 1246//998 1244//985
f 1243//981 1244//985 1246//998
f 1245//997 1247//986 1248//991
f 1248//991 1246//998 1245//997
f 1248//991 1247//986 1249//986
f 1247//986 1240//996 1250//986
f 1250//986 1249//986 1247//986
f 1234//994 1233//993 1241//986
f 1240//996 1233//993 1250//986
f 1220//988 1219//987 1236//988
f 1235//995 1234//994 1236//988
f 1232//985 1221//989 1220//988
f 1220//988 1222//986 1224//990
f 1251//999 1252//1000 1253//1001
f 1254//1001 1255//1002 1256//1000
f 1252//1000 1257//1003 1258//999
f 1257//1003 1252//1000 1251//999
f 1259//1000 1260//1004 1261//999
f 1258//999 1257//1003 1262//1000
f 1263//999 1264//1005 1265//1000
f 1266//1000 1264//1005 1267//1006
f 1268//1007 1254//1001 1256//1000
f 1269//1004 1256//1000 1270//1006
f 1271//1004 1270//1006 1255//1002
f 1256//1000 1255//1002 1270//1006
f 1270//1006 1272//1008 1269//1004
f 1261//999 1273//1006 1272//1008
f 1272//1008 1270//1006 1261//999
f 1260//1004 1274//1009 1261//999
f 1275//1000 1259//1000 1276//1010
f 1275//1000 1260//1004 1259//1000
f 1277//1006 1278//1006 1279//999
f 1276//1010 1259//1000 1278//1006
f 1280//1006 1281//1011 1282//1012
f 1283//1013 1281//1011 1284//1014
f 1285//999 1286//1000 1287//1001
f 1288//1015 1280//1006 1282//1012
f 1289//1000 1290//1000 1291//1000
f 1292//1014 1293//1000 1289//1000
f 1290//1000 1289//1000 1293//1000
f 1294//999 1292//1014 1295//1016
f 1292//1014 1294//999 1293//1000
f 1295//1016 1286//1000 1296//999
f 1296//999 1294//999 1295//1016
f 1286//1000 1285//999 1296//999
f 1297//999 1285//999 1287//1001
f 1298//1016 1285//999 1297//999
f 1280//1006 1288//1015 1298//1016
f 1298//1016 1297//999 1280//1006
f 1281//1011 1283//1013 1282//1012
f 1278//1006 1283//1013 1284//1014
f 1278//1006 1284//1014 1279//999
f 1277//1006 1276//1010 1278//1006
f 1273//1006 1261//999 1274//1009
f 1299//1004 1270//1006 1271//1004
f 1268//1007 1263//999 1254//1001
f 1266//1000 1265//1000 1264//1005
f 1265//1000 1254//1001 1263//999
f 1257//1003 1266//1000 1262//1000
f 1262//1000 1266//1000 1267//1006
f 1300//1017 1301//1018 1302//1019
f 1303//1020 1302//1019 1304//1021
f 1301//1018 1304//1021 1302//1019
f 1305//1022 1306//1023 1303//1020
f 1303//1020 1304//1021 1305//1022
f 1306//1023 1307//1024 1308//1025
f 1307//1024 1306//1023 1305//1022
f 1309//1026 1308//1025 1310//1027
f 1307//1024 1310//1027 1308//1025
f 1311//1028 1312//1028 1309//1026
f 1309//1026 1310//1027 1311//1028
f 1301//1018 1300//1017 1313//1029
f 1313//1029 1314//1030 1315//1031
f 1314//1030 1313//1029 1300//1017
f 1316//1032 1315//1031 1317//1033
f 1314//1030 1317//1033 1315//1031
f 1318//1034 1319//1035 1316//1032
f 1316//1032 1317//1033 1318//1034
f 1319//1035 1320//1036 1321//1036
f 1320//1036 1319//1035 1318//1034
f 1320//1036 1322//1037 1321//1036
f 1321//1036 1322//1037 1323//1037
f 1324//1038 1325//1039 1326//1040
f 1327//1041 1326//1040 1328//1041
f 1325//1039 1328//1041 1326//1040
f 1329//1 1330//1 1327//1041
f 1327//1041 1328//1041 1329//1
f 1325//1039 1324//1038 1331//1042
f 1331//1042 1332//1043 1333//1044
f 1332//1043 1331//1042 1324//1038
f 1332//1043 1334//1045 1333//1044
f 1333//1044 1334//1045 1335//1045
f 1336//1046 1337//1047 1338//1048
f 1337//1047 1339//1049 1340//1050
f 1339//1049 1337//1047 1336//1046
f 1341//1051 1340//1050 1342//1052
f 1339//1049 1342//1052 1340//1050
f 1343//1053 1344//1054 1341//1051
f 1341//1051 1342//1052 1343//1053
f 1345//1054 1344//1054 1343//1053
f 1346//1055 1347//1055 1338//1048
f 1336//1046 1338//1048 1347//1055
f 1346//1055 1348//1056 1349//1057
f 1349//1057 1347//1055 1346//1055
f 1350//1058 1348//1056 1351//1058
f 1348//1056 1350//1058 1349//1057
f 1350//1058 1351//1058 1352//1059
f 1352//1059 1351//1058 1353//977
f 1354//1060 1355//1054 1356//1061
f 1357//1062 1358//1063 1359//1064
f 1360//1065 1361//1060 1362//1066
f 1363//1067 1364//1068 1365//1069
f 1366//1070 1367//1071 1368//1072
f 1369//1073 1370//1074 1371//1075
f 1372//1076 1373//1077 1374//1078
f 1375//1079 1376//1080 1377//1081
f 1376//1080 1378//1082 1379//1083
f 1377//1081 1380//1084 1381//1085
f 1381//1085 1375//1079 1377//1081
f 1382//1086 1383//1087 1380//1084
f 1381//1085 1380//1084 1383//1087
f 1384//1088 1382//1086 1385//1089
f 1382//1086 1384//1088 1383//1087
f 1371//1075 1379//1083 1378//1082
f 1375//1079 1378//1082 1376//1080
f 1369//1073 1374//1078 1370//1074
f 1371//1075 1370//1074 1379//1083
f 1364//1068 1373//1077 1372//1076
f 1372//1076 1374//1078 1369//1073
f 1367//1071 1363//1067 1365//1069
f 1363//1067 1373//1077 1364//1068
f 1366//1070 1368//1072 1357//1062
f 1367//1071 1365//1069 1368//1072
f 1359//1064 1358//1063 1362//1066
f 1366//1070 1357//1062 1359//1064
f 1360//1065 1354//1060 1361//1060
f 1358//1063 1360//1065 1362//1066
f 1356//1061 1361//1060 1354//1060
f 1386//1090 1387//1091 1388//1092
f 1386//1090 1389//1093 1390//1094
f 1390//1094 1387//1091 1386//1090
f 1391//1095 1390//1094 1389//1093
f 1389//1093 1392//1092 1391//1095
f 1393//1096 1394//1097 1395//1098
f 1386//1090 1396//1099 1389//1093
f 1396//1099 1393//1096 1395//1098
f 1396//1099 1395//1098 1389//1093
f 1394//1097 1393//1096 1397//1100
f 1397//1100 1398//1101 1399//1100
f 1399//1100 1394//1097 1397//1100
f 1400//1101 1398//1101 1401//1102
f 1398//1101 1400//1101 1399//1100
f 1400//1101 1401//1102 1402//1102
f 1403//1103 1404//1104 1405//1105
f 1406//1106 1407//1105 1408//1107
f 1409//1106 1405//1105 1404//1104
f 1410//1104 1411//1105 1412//1104
f 1413//1103 1414//1108 1415//1104
f 1416//1104 1414//1108 1411//1105
f 1417//1109 1418//1104 1419//1106
f 1417//1109 1407//1105 1418//1104
f 1406//1106 1415//1104 1407//1105
f 1417//1109 1408//1107 1407//1105
f 1406//1106 1413//1103 1415//1104
f 1420//1103 1421//1107 1422//1110
f 1414//1108 1416//1104 1415//1104
f 1423//1111 1424//1104 1425//1109
f 1410//1104 1412//1104 1426//1107
f 1416//1104 1411//1105 1410//1104
f 1423//1111 1427//1107 1424//1104
f 1403//1103 1426//1107 1404//1104
f 1403//1103 1410//1104 1426//1107
f 1428//1112 1427//1107 1429//1104
f 1404//1104 1430//1104 1431//1113
f 1426//1107 1430//1104 1404//1104
f 1432//1114 1429//1104 1431//1113
f 1404//1104 1431//1113 1429//1104
f 1429//1104 1432//1114 1428//1112
f 1429//1104 1427//1107 1423//1111
f 1425//1109 1433//1104 1421//1107
f 1434//1115 1435//1116 1436//1117
f 1437//1118 1420//1103 1436//1117
f 1438//1104 1439//1104 1440//1104
f 1441//1119 1442//1104 1434//1115
f 1443//1104 1440//1104 1439//1104
f 1444//1111 1438//1104 1445//1119
f 1444//1111 1439//1104 1438//1104
f 1446//1103 1447//1119 1445//1119
f 1444//1111 1445//1119 1447//1119
f 1446//1103 1448//1109 1449//1104
f 1449//1104 1447//1119 1446//1103
f 1449//1104 1448//1109 1450//1112
f 1448//1109 1441//1119 1451//1103
f 1451//1103 1450//1112 1448//1109
f 1435//1116 1434//1115 1442//1104
f 1441//1119 1434//1115 1451//1103
f 1421//1107 1420//1103 1437//1118
f 1436//1117 1435//1116 1437//1118
f 1433//1104 1422//1110 1421//1107
f 1421//1107 1423//1111 1425//1109
f 1452//1120 1453//1121 1454//1122
f 1455//1123 1456//1124 1457//1125
f 1453//1121 1458//1126 1459//1122
f 1458//1126 1453//1121 1452//1120
f 1460//1127 1461//1128 1462//1129
f 1459//1122 1458//1126 1463//1120
f 1464//1130 1465//1129 1466//1129
f 1467//1131 1465//1129 1468//1123
f 1469//1122 1455//1123 1457//1125
f 1470//1128 1457//1125 1471//1122
f 1472//1129 1471//1122 1456//1124
f 1457//1125 1456//1124 1471//1122
f 1471//1122 1473//1132 1470//1128
f 1462//1129 1474//1122 1473//1132
f 1473//1132 1471//1122 1462//1129
f 1461//1128 1475//1123 1462//1129
f 1476//1123 1460//1127 1477//1122
f 1476//1123 1461//1128 1460//1127
f 1478//1125 1479//1122 1480//1125
f 1477//1122 1460//1127 1479//1122
f 1481//1133 1482//1134 1483//1126
f 1484//1135 1482//1134 1485//1125
f 1486//1122 1487//1136 1488//1122
f 1489//1122 1481//1133 1483//1126
f 1490//1122 1491//1122 1492//1123
f 1493//1125 1494//1122 1490//1122
f 1491//1122 1490//1122 1494//1122
f 1495//1137 1493//1125 1496//1138
f 1493//1125 1495//1137 1494//1122
f 1496//1138 1487//1136 1497//1134
f 1497//1134 1495//1137 1496//1138
f 1487//1136 1486//1122 1497//1134
f 1498//1122 1486//1122 1488//1122
f 1499//1139 1486//1122 1498//1122
f 1481//1133 1489//1122 1499//1139
f 1499//1139 1498//1122 1481//1133
f 1482//1134 1484//1135 1483//1126
f 1479//1122 1484//1135 1485//1125
f 1479//1122 1485//1125 1480//1125
f 1478//1125 1477//1122 1479//1122
f 1474//1122 1462//1129 1475//1123
f 1500//1122 1471//1122 1472//1129
f 1469//1122 1464//1130 1455//1123
f 1467//1131 1466//1129 1465//1129
f 1466//1129 1455//1123 1464//1130
f 1458//1126 1467//1131 1463//1120
f 1463//1120 1467//1131 1468//1123
f 1501//1140 1502//1141 1503//1141
f 1504//1142 1503//1141 1505//1143
f 1502//1141 1505//1143 1503//1141
f 1506//1144 1507//1145 1504//1142
f 1504//1142 1505//1143 1506//1144
f 1507//1145 1508//1146 1509//1147
f 1508//1146 1507//1145 1506//1144
f 1510//1148 1509//1147 1511//1149
f 1508//1146 1511//1149 1509//1147
f 1512//1150 1513//1150 1510//1148
f 1510//1148 1511//1149 1512//1150
f 1502//1141 1501//1140 1514//1151
f 1514//1151 1515//1152 1516//1153
f 1515//1152 1514//1151 1501//1140
f 1517//1154 1516//1153 1518//1155
f 1515//1152 1518//1155 1516//1153
f 1519//1156 1520//1157 1517//1154
f 1517//1154 1518//1155 1519//1156
f 1520//1157 1521//1158 1522//1159
f 1521//1158 1520//1157 1519//1156
f 1521//1158 1523//1160 1522//1159
f 1522//1159 1523//1160 1524//1160
f 1525//1161 1526//1162 1527//1163
f 1528//1164 1527//1163 1529//1164
f 1526//1162 1529//1164 1527//1163
f 1530//1 1531//1 1528//1164
f 1528//1164 1529//1164 1530//1
f 1526//1162 1525//1161 1532//1165
f 1532//1165 1533//1166 1534//1166
f 1533//1166 1532//1165 1525//1161
f 1533//1166 1535//1167 1534//1166
f 1534//1166 1535//1167 1536//1167
f 1537//1168 1538//1169 1539//1170
f 1538//1169 1540//1171 1541//1172
f 1540//1171 1538//1169 1537//1168
f 1542//1173 1541//1172 1543//1174
f 1540//1171 1543//1174 1541//1172
f 1544//1175 1545//1176 1542//1173
f 1542//1173 1543//1174 1544//1175
f 1546//1176 1545//1176 1544//1175
f 1547//1177 1548//1178 1539//1170
f 1537//1168 1539//1170 1548//1178
f 1547//1177 1549//1179 1550//1180
f 1550//1180 1548//1178 1547//1177
f 1551//1181 1549//1179 1552//1181
f 1549//1179 1551//1181 1550//1180
f 1551//1181 1552//1181 1553//1182
f 1553//1182 1552//1181 1554//1183
f 1555//1176 1556//1184 1557//1185
f 1558//1186 1559//1187 1560//1188
f 1561//1189 1562//1190 1563//1191
f 1564//1192 1565//1193 1566//1194
f 1567//1195 1568//1196 1569//1197
f 1570//1198 1571//1199 1572//1200
f 1573//1201 1574//1202 1575//1203
f 1576//1204 1577//1205 1578//1206
f 1575//1203 1579//1207 1580//1208
f 1580//1208 1573//1201 1575//1203
f 1581//1209 1582//1210 1579//1207
f 1580//1208 1579//1207 1582//1210
f 1583//1211 1581//1209 1584//1160
f 1581//1209 1583//1211 1582//1210
f 1585//1212 1583//1211 1584//1160
f 1574//1202 1573//1201 1576//1204
f 1577//1205 1568//1196 1578//1206
f 1576//1204 1578//1206 1574//1202
f 1572//1200 1567//1195 1569//1197
f 1569//1197 1568//1196 1577//1205
f 1561//1189 1571//1199 1570//1198
f 1571//1199 1567//1195 1572//1200
f 1563//1191 1562//1190 1565//1193
f 1561//1189 1570//1198 1562//1190
f 1564//1192 1566//1194 1558//1186
f 1563//1191 1565//1193 1564//1192
f 1559//1187 1557//1185 1560//1188
f 1566//1194 1559//1187 1558//1186
f 1555//1176 1586//1213 1556//1184
f 1557//1185 1556//1184 1560//1188
