# Blender 4.5.4 LTS
# www.blender.org
o Part_6.002
v 0.022171 -0.006864 -0.019282
v 0.031843 -0.007387 0.002229
v 0.022629 -0.007481 -0.019292
v 0.026240 -0.005277 -0.004148
v 0.020292 -0.005487 -0.019241
v 0.019572 -0.005226 -0.019226
v 0.022977 -0.008142 -0.019299
v 0.032169 -0.008083 0.002089
v 0.032391 -0.008824 0.001993
v 0.023212 -0.008824 -0.019304
v 0.031423 -0.006756 0.002410
v 0.021615 -0.006315 -0.019270
v 0.020981 -0.005852 -0.019256
v 0.030917 -0.006204 0.002628
v 0.030338 -0.005744 0.002878
v 0.029701 -0.005387 0.003153
v 0.019343 -0.005164 -0.019212
v 0.019113 -0.005111 -0.019180
v 0.022711 -0.005185 -0.011592
v 0.019113 -0.005111 -0.019180
v 0.019343 -0.005164 -0.019212
v 0.019342 0.005000 -0.019212
v 0.019113 0.005000 -0.019180
v 0.019572 0.005000 -0.019226
v 0.019572 -0.005226 -0.019226
v 0.019572 0.005000 -0.019226
v 0.019113 0.005000 -0.019180
v 0.019342 0.005000 -0.019212
v 0.018239 0.005000 -0.013093
v 0.029701 0.005000 0.003153
v 0.026907 0.005000 0.005192
v 0.034521 0.005000 0.001075
v 0.025714 0.005000 -0.019358
v 0.096455 0.015750 0.011776
v 0.119273 0.005750 0.032718
v 0.096455 0.005750 0.011776
v 0.119273 0.015750 0.032718
v 0.119273 0.005750 0.032718
v 0.119459 0.015750 0.032708
v 0.119459 0.005750 0.032708
v 0.119273 0.015750 0.032718
v 0.116354 0.015750 0.018493
v 0.094991 0.015750 0.010481
v 0.115391 0.015750 0.016247
v 0.053724 0.015750 -0.009909
v 0.057432 0.015750 -0.006981
v 0.053480 0.015750 -0.009673
v 0.051559 0.015750 -0.009333
v 0.055533 0.015750 -0.006770
v 0.053660 0.015750 -0.006450
v 0.053924 0.015750 -0.010183
v 0.050518 0.015750 -0.010164
v 0.046033 0.015750 -0.013711
v 0.050364 0.015750 -0.010466
v 0.050217 0.015750 -0.011126
v 0.050262 0.015750 -0.010790
v 0.046343 0.015750 -0.013573
v 0.096455 0.015750 0.011776
v 0.051812 0.015750 -0.006019
v 0.049990 0.015750 -0.005477
v 0.045751 0.015750 -0.013900
v 0.086701 0.015750 0.005485
v 0.084882 0.015750 0.004801
v 0.089000 0.015750 -0.007530
v 0.091295 0.015750 -0.006679
v 0.093528 0.015750 -0.005712
v 0.097805 0.015750 -0.003431
v 0.095698 0.015750 -0.004629
v 0.099849 0.015750 -0.002117
v 0.101831 0.015750 -0.000688
v 0.103724 0.015750 0.000840
v 0.105528 0.015750 0.002466
v 0.107250 0.015750 0.004195
v 0.108875 0.015750 0.006011
v 0.111811 0.015750 0.009890
v 0.090189 0.015750 0.007175
v 0.088469 0.015750 0.006277
v 0.110392 0.015750 0.007907
v 0.114312 0.015750 0.014062
v 0.093461 0.015750 0.009284
v 0.091859 0.015750 0.008181
v 0.113121 0.015750 0.011948
v 0.117186 0.015750 0.020771
v 0.118484 0.015750 0.025474
v 0.118938 0.015750 0.027856
v 0.117896 0.015750 0.023100
v 0.119273 0.015750 0.032718
v 0.119262 0.015750 0.030267
v 0.119459 0.015750 0.032708
v 0.059035 0.015750 -0.020074
v 0.054198 0.015750 -0.011487
v 0.083015 0.015750 0.004225
v 0.054214 0.015750 -0.011148
v 0.053200 0.015750 -0.009481
v 0.050967 0.015750 -0.009659
v 0.050721 0.015750 -0.009892
v 0.052564 0.015750 -0.009253
v 0.052226 0.015750 -0.009222
v 0.051888 0.015750 -0.009249
v 0.045147 0.015750 -0.014707
v 0.045301 0.015750 -0.014405
v 0.041782 0.015750 -0.019703
v 0.051249 0.015750 -0.009471
v 0.052892 0.015750 -0.009340
v 0.053029 0.015750 -0.013049
v 0.052709 0.015750 -0.013160
v 0.048981 0.015750 -0.015728
v 0.054173 0.015750 -0.010811
v 0.054075 0.015750 -0.010486
v 0.054124 0.015750 -0.011818
v 0.053996 0.015750 -0.012132
v 0.053817 0.015750 -0.012420
v 0.053591 0.015750 -0.012673
v 0.053326 0.015750 -0.012885
v 0.048908 0.015750 -0.016059
v 0.052374 0.015750 -0.013216
v 0.052035 0.015750 -0.013214
v 0.048956 0.015750 -0.015052
v 0.048997 0.015750 -0.015389
v 0.048707 0.015750 -0.014423
v 0.048858 0.015750 -0.014727
v 0.051381 0.015750 -0.013040
v 0.051701 0.015750 -0.013155
v 0.050823 0.015750 -0.012658
v 0.048507 0.015750 -0.014150
v 0.051086 0.015750 -0.012873
v 0.047983 0.015750 -0.013722
v 0.050424 0.015750 -0.012112
v 0.047675 0.015750 -0.013581
v 0.048263 0.015750 -0.013914
v 0.050601 0.015750 -0.012402
v 0.046671 0.015750 -0.013490
v 0.050230 0.015750 -0.011465
v 0.047347 0.015750 -0.013493
v 0.050300 0.015750 -0.011797
v 0.047009 0.015750 -0.013463
v 0.045046 0.015750 -0.015031
v 0.045001 0.015750 -0.015367
v 0.045013 0.015750 -0.015706
v 0.048194 0.015750 -0.004826
v 0.045505 0.015750 -0.014133
v 0.046165 0.015750 -0.017280
v 0.046484 0.015750 -0.017395
v 0.048779 0.015750 -0.016373
v 0.048600 0.015750 -0.016661
v 0.047812 0.015750 -0.017290
v 0.047492 0.015750 -0.017401
v 0.048374 0.015750 -0.016914
v 0.048109 0.015750 -0.017126
v 0.046818 0.015750 -0.017455
v 0.047157 0.015750 -0.017456
v 0.045607 0.015750 -0.016899
v 0.045870 0.015750 -0.017113
v 0.045208 0.015750 -0.016353
v 0.045384 0.015750 -0.016643
v 0.045083 0.015750 -0.016038
v 0.117194 0.005750 0.020796
v 0.096455 0.005750 0.011776
v 0.117904 0.005750 0.023121
v 0.091295 0.005750 -0.006679
v 0.097823 0.005750 -0.003419
v 0.093528 0.005750 -0.005712
v 0.095698 0.005750 -0.004629
v 0.099872 0.005750 -0.002102
v 0.089000 0.005750 -0.007530
v 0.101838 0.005750 -0.000683
v 0.105548 0.005750 0.002485
v 0.103738 0.005750 0.000853
v 0.108885 0.005750 0.006024
v 0.107260 0.005750 0.004204
v 0.091865 0.005750 0.008185
v 0.093461 0.005750 0.009284
v 0.114324 0.005750 0.014087
v 0.088476 0.005750 0.006280
v 0.090204 0.005750 0.007184
v 0.111820 0.005750 0.009903
v 0.094991 0.005750 0.010481
v 0.115400 0.005750 0.016264
v 0.116356 0.005750 0.018501
v 0.118484 0.005750 0.025474
v 0.119262 0.005750 0.030267
v 0.118938 0.005750 0.027856
v 0.119273 0.005750 0.032718
v 0.119459 0.005750 0.032708
v 0.113128 0.005750 0.011959
v 0.110408 0.005750 0.007929
v 0.084882 0.005750 0.004801
v 0.086701 0.005750 0.005485
v 0.051732 0.005750 -0.005997
v 0.053608 0.005750 -0.006439
v 0.050926 0.005750 -0.009693
v 0.054172 0.005750 -0.011637
v 0.054213 0.005750 -0.011309
v 0.083015 0.005750 0.004225
v 0.054200 0.005750 -0.010979
v 0.057432 0.005750 -0.006981
v 0.055508 0.005750 -0.006767
v 0.051492 0.005750 -0.009357
v 0.050354 0.005750 -0.010491
v 0.045978 0.005750 -0.013742
v 0.050499 0.005750 -0.010194
v 0.050585 0.005750 -0.012381
v 0.050798 0.005750 -0.012633
v 0.048164 0.005750 -0.013837
v 0.048068 0.005750 -0.004775
v 0.039547 0.005750 -0.019655
v 0.046295 0.005750 -0.004000
v 0.045042 0.005750 -0.015048
v 0.045137 0.005750 -0.014732
v 0.059035 0.005750 -0.020074
v 0.054077 0.005750 -0.011953
v 0.053931 0.005750 -0.012249
v 0.053739 0.005750 -0.012518
v 0.053504 0.005750 -0.012751
v 0.053235 0.005750 -0.012942
v 0.052621 0.005750 -0.013180
v 0.052938 0.005750 -0.013087
v 0.048997 0.005750 -0.015549
v 0.052294 0.005750 -0.013220
v 0.048917 0.005750 -0.014896
v 0.051964 0.005750 -0.013206
v 0.048984 0.005750 -0.015220
v 0.051333 0.005750 -0.013017
v 0.048797 0.005750 -0.014588
v 0.048629 0.005750 -0.014304
v 0.051640 0.005750 -0.013137
v 0.053097 0.005750 -0.009427
v 0.052790 0.005750 -0.009306
v 0.051050 0.005750 -0.012847
v 0.048416 0.005750 -0.014051
v 0.050417 0.005750 -0.012096
v 0.047881 0.005750 -0.013668
v 0.047573 0.005750 -0.013547
v 0.045709 0.005750 -0.013934
v 0.049878 0.005750 -0.005441
v 0.045581 0.005750 -0.016874
v 0.045368 0.005750 -0.016621
v 0.050259 0.005750 -0.010807
v 0.050217 0.005750 -0.011135
v 0.046275 0.005750 -0.013598
v 0.050692 0.005750 -0.009926
v 0.045200 0.005750 -0.016337
v 0.045080 0.005750 -0.016029
v 0.052467 0.005750 -0.009238
v 0.045000 0.005750 -0.015376
v 0.051809 0.005750 -0.009264
v 0.052137 0.005750 -0.009223
v 0.045475 0.005750 -0.014167
v 0.051195 0.005750 -0.009502
v 0.053632 0.005750 -0.009811
v 0.053381 0.005750 -0.009597
v 0.054014 0.005750 -0.010347
v 0.053845 0.005750 -0.010063
v 0.054133 0.005750 -0.010655
v 0.048955 0.005750 -0.015877
v 0.048860 0.005750 -0.016194
v 0.047077 0.005750 -0.017461
v 0.047405 0.005750 -0.017421
v 0.048522 0.005750 -0.016758
v 0.048714 0.005750 -0.016490
v 0.048288 0.005750 -0.016992
v 0.047722 0.005750 -0.017327
v 0.048019 0.005750 -0.017183
v 0.046424 0.005750 -0.017378
v 0.046747 0.005750 -0.017447
v 0.045833 0.005750 -0.017088
v 0.046116 0.005750 -0.017258
v 0.046920 0.005750 -0.013464
v 0.050297 0.005750 -0.011789
v 0.047250 0.005750 -0.013479
v 0.046592 0.005750 -0.013504
v 0.050230 0.005750 -0.011465
v 0.045013 0.005750 -0.015706
v 0.045283 0.005750 -0.014435
v 0.091295 0.015750 -0.006679
v 0.089000 0.015750 -0.007530
v 0.089000 0.005750 -0.007530
v 0.097805 0.015750 -0.003431
v 0.095698 0.015750 -0.004629
v 0.095698 0.005750 -0.004629
v 0.093528 0.015750 -0.005712
v 0.091295 0.005750 -0.006679
v 0.093528 0.005750 -0.005712
v 0.101838 0.005750 -0.000683
v 0.103724 0.015750 0.000840
v 0.101831 0.015750 -0.000688
v 0.097823 0.005750 -0.003419
v 0.099872 0.005750 -0.002102
v 0.099849 0.015750 -0.002117
v 0.107250 0.015750 0.004195
v 0.107260 0.005750 0.004204
v 0.108875 0.015750 0.006011
v 0.105528 0.015750 0.002466
v 0.103738 0.005750 0.000853
v 0.105548 0.005750 0.002485
v 0.113121 0.015750 0.011948
v 0.111811 0.015750 0.009890
v 0.111820 0.005750 0.009903
v 0.110408 0.005750 0.007929
v 0.110392 0.015750 0.007907
v 0.108885 0.005750 0.006024
v 0.115400 0.005750 0.016264
v 0.116354 0.015750 0.018493
v 0.115391 0.015750 0.016247
v 0.113128 0.005750 0.011959
v 0.114324 0.005750 0.014087
v 0.114312 0.015750 0.014062
v 0.117194 0.005750 0.020796
v 0.117896 0.015750 0.023100
v 0.117186 0.015750 0.020771
v 0.116356 0.005750 0.018501
v 0.118484 0.015750 0.025474
v 0.117904 0.005750 0.023121
v 0.118484 0.005750 0.025474
v 0.118938 0.015750 0.027856
v 0.118938 0.005750 0.027856
v 0.119262 0.015750 0.030267
v 0.119459 0.015750 0.032708
v 0.119262 0.005750 0.030267
v 0.119459 0.005750 0.032708
v 0.084882 0.015750 0.004801
v 0.083015 0.005750 0.004225
v 0.083015 0.015750 0.004225
v 0.090189 0.015750 0.007175
v 0.088476 0.005750 0.006280
v 0.088469 0.015750 0.006277
v 0.086701 0.015750 0.005485
v 0.086701 0.005750 0.005485
v 0.084882 0.005750 0.004801
v 0.093461 0.005750 0.009284
v 0.093461 0.015750 0.009284
v 0.094991 0.015750 0.010481
v 0.090204 0.005750 0.007184
v 0.091859 0.015750 0.008181
v 0.091865 0.005750 0.008185
v 0.096455 0.015750 0.011776
v 0.094991 0.005750 0.010481
v 0.096455 0.005750 0.011776
v 0.028885 0.005955 -0.019426
v 0.028163 0.005545 -0.019411
v 0.039547 -0.015000 -0.019655
v 0.019572 0.005000 -0.019226
v 0.019572 -0.005226 -0.019226
v 0.020292 -0.005487 -0.019241
v 0.022629 -0.007481 -0.019292
v 0.022977 -0.008142 -0.019299
v 0.027381 0.005245 -0.019394
v 0.025714 0.005000 -0.019358
v 0.020981 -0.005852 -0.019256
v 0.021615 -0.006315 -0.019270
v 0.024641 -0.011184 -0.019335
v 0.023212 -0.008824 -0.019304
v 0.023751 -0.010095 -0.019316
v 0.024156 -0.010668 -0.019324
v 0.039547 0.005750 -0.019655
v 0.029529 0.006464 -0.019440
v 0.023434 -0.009477 -0.019309
v 0.059035 -0.015000 -0.020074
v 0.041782 -0.025000 -0.019703
v 0.059035 -0.025000 -0.020074
v 0.040115 -0.024755 -0.019668
v 0.039333 -0.024455 -0.019651
v 0.038611 -0.024045 -0.019635
v 0.040938 -0.024938 -0.019685
v 0.037967 -0.023535 -0.019621
v 0.059035 0.005750 -0.020074
v 0.059035 0.015750 -0.020074
v 0.041782 0.015750 -0.019703
v 0.040938 0.015688 -0.019685
v 0.040115 0.015505 -0.019668
v 0.039333 0.015205 -0.019651
v 0.038611 0.014795 -0.019635
v 0.037967 0.014286 -0.019621
v 0.026558 0.005062 -0.019376
v 0.022171 -0.006864 -0.019282
v 0.049878 0.005750 -0.005441
v 0.048194 0.015750 -0.004826
v 0.049990 0.015750 -0.005477
v 0.048068 0.005750 -0.004775
v 0.047540 0.015700 -0.004558
v 0.046295 0.005750 -0.004000
v 0.046901 0.015549 -0.004279
v 0.046295 0.015301 -0.004000
v 0.051732 0.005750 -0.005997
v 0.051812 0.015750 -0.006019
v 0.053660 0.015750 -0.006450
v 0.053608 0.005750 -0.006439
v 0.055508 0.005750 -0.006767
v 0.055533 0.015750 -0.006770
v 0.057432 0.005750 -0.006981
v 0.057432 0.015750 -0.006981
v 0.055533 -0.025000 -0.006770
v 0.057432 -0.015000 -0.006981
v 0.057432 -0.025000 -0.006981
v 0.049990 -0.025000 -0.005477
v 0.051732 -0.015000 -0.005997
v 0.051812 -0.025000 -0.006019
v 0.053660 -0.025000 -0.006450
v 0.053608 -0.015000 -0.006439
v 0.055508 -0.015000 -0.006767
v 0.047537 -0.024949 -0.004557
v 0.048068 -0.015000 -0.004775
v 0.048194 -0.025000 -0.004826
v 0.049878 -0.015000 -0.005441
v 0.046899 -0.024798 -0.004278
v 0.046295 -0.024551 -0.004000
v 0.046295 -0.015000 -0.004000
v 0.088476 -0.025000 0.006280
v 0.101838 -0.025000 -0.000683
v 0.086701 -0.025000 0.005485
v 0.057432 -0.025000 -0.006981
v 0.059035 -0.025000 -0.020074
v 0.041782 -0.025000 -0.019703
v 0.103738 -0.025000 0.000853
v 0.051812 -0.025000 -0.006019
v 0.053660 -0.025000 -0.006450
v 0.055533 -0.025000 -0.006770
v 0.089000 -0.025000 -0.007530
v 0.083015 -0.025000 0.004225
v 0.091295 -0.025000 -0.006679
v 0.048194 -0.025000 -0.004826
v 0.049990 -0.025000 -0.005477
v 0.090204 -0.025000 0.007184
v 0.091865 -0.025000 0.008185
v 0.105548 -0.025000 0.002485
v 0.107260 -0.025000 0.004204
v 0.093461 -0.025000 0.009284
v 0.094991 -0.025000 0.010481
v 0.108885 -0.025000 0.006024
v 0.096455 -0.025000 0.011776
v 0.110408 -0.025000 0.007929
v 0.113128 -0.025000 0.011959
v 0.111820 -0.025000 0.009903
v 0.114324 -0.025000 0.014087
v 0.099872 -0.025000 -0.002102
v 0.115400 -0.025000 0.016264
v 0.116356 -0.025000 0.018501
v 0.117904 -0.025000 0.023121
v 0.118484 -0.025000 0.025474
v 0.117194 -0.025000 0.020796
v 0.118938 -0.025000 0.027856
v 0.119262 -0.025000 0.030267
v 0.119273 -0.025000 0.032718
v 0.119459 -0.025000 0.032708
v 0.097823 -0.025000 -0.003419
v 0.084882 -0.025000 0.004801
v 0.095698 -0.025000 -0.004629
v 0.093528 -0.025000 -0.005712
v 0.084882 -0.015000 0.004801
v 0.097805 -0.015000 -0.003431
v 0.086701 -0.015000 0.005485
v 0.105528 -0.015000 0.002466
v 0.090189 -0.015000 0.007175
v 0.103724 -0.015000 0.000840
v 0.088469 -0.015000 0.006277
v 0.101831 -0.015000 -0.000688
v 0.107250 -0.015000 0.004195
v 0.091859 -0.015000 0.008181
v 0.108875 -0.015000 0.006011
v 0.093461 -0.015000 0.009284
v 0.094991 -0.015000 0.010481
v 0.110392 -0.015000 0.007907
v 0.111811 -0.015000 0.009890
v 0.096455 -0.015000 0.011776
v 0.114312 -0.015000 0.014062
v 0.113121 -0.015000 0.011948
v 0.116354 -0.015000 0.018493
v 0.115391 -0.015000 0.016247
v 0.117896 -0.015000 0.023100
v 0.117186 -0.015000 0.020771
v 0.118484 -0.015000 0.025474
v 0.119262 -0.015000 0.030267
v 0.119273 -0.015000 0.032718
v 0.118938 -0.015000 0.027856
v 0.119459 -0.015000 0.032708
v 0.083015 -0.015000 0.004225
v 0.089000 -0.015000 -0.007530
v 0.091295 -0.015000 -0.006679
v 0.093528 -0.015000 -0.005712
v 0.095698 -0.015000 -0.004629
v 0.099849 -0.015000 -0.002117
v 0.057432 -0.015000 -0.006981
v 0.059035 -0.015000 -0.020074
v 0.055508 -0.015000 -0.006767
v 0.039547 -0.015000 -0.019655
v 0.053608 -0.015000 -0.006439
v 0.051732 -0.015000 -0.005997
v 0.049878 -0.015000 -0.005441
v 0.048068 -0.015000 -0.004775
v 0.046295 -0.015000 -0.004000
v 0.046295 0.005750 -0.004000
v 0.039547 -0.015000 -0.019655
v 0.046295 -0.015000 -0.004000
v 0.039547 0.005750 -0.019655
v 0.045581 -0.024109 -0.003692
v 0.046295 -0.015000 -0.004000
v 0.046295 -0.024551 -0.004000
v 0.029701 0.005000 0.003153
v 0.030338 -0.005744 0.002878
v 0.029701 -0.005387 0.003153
v 0.031843 -0.007387 0.002229
v 0.031423 -0.006756 0.002410
v 0.034521 0.005000 0.001075
v 0.030917 -0.006204 0.002628
v 0.037220 0.005955 -0.000088
v 0.033607 -0.011184 0.001469
v 0.036606 0.005545 0.000176
v 0.035940 0.005245 0.000463
v 0.032850 -0.010095 0.001795
v 0.032391 -0.008824 0.001993
v 0.033194 -0.010668 0.001647
v 0.032581 -0.009477 0.001911
v 0.035239 0.005062 0.000765
v 0.037768 0.006464 -0.000325
v 0.044950 0.014286 -0.003420
v 0.046295 0.005750 -0.004000
v 0.044950 -0.023535 -0.003420
v 0.046295 0.015301 -0.004000
v 0.045580 0.014859 -0.003692
v 0.032169 -0.008083 0.002089
v 0.037967 0.014286 -0.019621
v 0.037768 0.006464 -0.000325
v 0.029529 0.006464 -0.019440
v 0.044950 0.014286 -0.003420
v 0.037967 -0.023535 -0.019621
v 0.033607 -0.011184 0.001469
v 0.044950 -0.023535 -0.003420
v 0.024641 -0.011184 -0.019335
v 0.040115 0.015505 -0.019668
v 0.040938 0.015688 -0.019685
v 0.046901 0.015549 -0.004279
v 0.046295 0.015301 -0.004000
v 0.047540 0.015700 -0.004558
v 0.041782 0.015750 -0.019703
v 0.048194 0.015750 -0.004826
v 0.039333 0.015205 -0.019651
v 0.045580 0.014859 -0.003692
v 0.038611 0.014795 -0.019635
v 0.044950 0.014286 -0.003420
v 0.037967 0.014286 -0.019621
v 0.037220 0.005955 -0.000088
v 0.029529 0.006464 -0.019440
v 0.037768 0.006464 -0.000325
v 0.026558 0.005062 -0.019376
v 0.035940 0.005245 0.000463
v 0.028163 0.005545 -0.019411
v 0.036606 0.005545 0.000176
v 0.034521 0.005000 0.001075
v 0.025714 0.005000 -0.019358
v 0.028885 0.005955 -0.019426
v 0.040938 -0.024938 -0.019685
v 0.040115 -0.024755 -0.019668
v 0.046899 -0.024798 -0.004278
v 0.041782 -0.025000 -0.019703
v 0.047537 -0.024949 -0.004557
v 0.048194 -0.025000 -0.004826
v 0.046295 -0.024551 -0.004000
v 0.039333 -0.024455 -0.019651
v 0.045581 -0.024109 -0.003692
v 0.038611 -0.024045 -0.019635
v 0.044950 -0.023535 -0.003420
v 0.037967 -0.023535 -0.019621
v 0.023434 -0.009477 -0.019309
v 0.032581 -0.009477 0.001911
v 0.023751 -0.010095 -0.019316
v 0.023212 -0.008824 -0.019304
v 0.032391 -0.008824 0.001993
v 0.032850 -0.010095 0.001795
v 0.024156 -0.010668 -0.019324
v 0.033194 -0.010668 0.001647
v 0.024641 -0.011184 -0.019335
v 0.033607 -0.011184 0.001469
v 0.119273 -0.025000 0.032718
v 0.096455 -0.015000 0.011776
v 0.119273 -0.015000 0.032718
v 0.096455 -0.025000 0.011776
v 0.119459 -0.025000 0.032708
v 0.119273 -0.015000 0.032718
v 0.119459 -0.015000 0.032708
v 0.119273 -0.025000 0.032718
v 0.110408 -0.025000 0.007929
v 0.111811 -0.015000 0.009890
v 0.110392 -0.015000 0.007907
v 0.113121 -0.015000 0.011948
v 0.111820 -0.025000 0.009903
v 0.113128 -0.025000 0.011959
v 0.114312 -0.015000 0.014062
v 0.114324 -0.025000 0.014087
v 0.115391 -0.015000 0.016247
v 0.116354 -0.015000 0.018493
v 0.115400 -0.025000 0.016264
v 0.116356 -0.025000 0.018501
v 0.117186 -0.015000 0.020771
v 0.117194 -0.025000 0.020796
v 0.117896 -0.015000 0.023100
v 0.118484 -0.015000 0.025474
v 0.117904 -0.025000 0.023121
v 0.118484 -0.025000 0.025474
v 0.118938 -0.015000 0.027856
v 0.118938 -0.025000 0.027856
v 0.119262 -0.015000 0.030267
v 0.119459 -0.015000 0.032708
v 0.119262 -0.025000 0.030267
v 0.119459 -0.025000 0.032708
v 0.108885 -0.025000 0.006024
v 0.108875 -0.015000 0.006011
v 0.107260 -0.025000 0.004204
v 0.105548 -0.025000 0.002485
v 0.107250 -0.015000 0.004195
v 0.105528 -0.015000 0.002466
v 0.103738 -0.025000 0.000853
v 0.103724 -0.015000 0.000840
v 0.101838 -0.025000 -0.000683
v 0.099872 -0.025000 -0.002102
v 0.101831 -0.015000 -0.000688
v 0.099849 -0.015000 -0.002117
v 0.097823 -0.025000 -0.003419
v 0.097805 -0.015000 -0.003431
v 0.095698 -0.025000 -0.004629
v 0.093528 -0.025000 -0.005712
v 0.095698 -0.015000 -0.004629
v 0.093528 -0.015000 -0.005712
v 0.091295 -0.025000 -0.006679
v 0.091295 -0.015000 -0.006679
v 0.089000 -0.025000 -0.007530
v 0.089000 -0.015000 -0.007530
v 0.091859 -0.015000 0.008181
v 0.090204 -0.025000 0.007184
v 0.090189 -0.015000 0.007175
v 0.093461 -0.015000 0.009284
v 0.091865 -0.025000 0.008185
v 0.093461 -0.025000 0.009284
v 0.094991 -0.015000 0.010481
v 0.096455 -0.015000 0.011776
v 0.094991 -0.025000 0.010481
v 0.096455 -0.025000 0.011776
v 0.088476 -0.025000 0.006280
v 0.086701 -0.025000 0.005485
v 0.088469 -0.015000 0.006277
v 0.084882 -0.025000 0.004801
v 0.086701 -0.015000 0.005485
v 0.084882 -0.015000 0.004801
v 0.083015 -0.025000 0.004225
v 0.083015 -0.015000 0.004225
v 0.059035 -0.025000 -0.020074
v 0.089000 -0.015000 -0.007530
v 0.059035 -0.015000 -0.020074
v 0.089000 -0.025000 -0.007530
v 0.083015 -0.025000 0.004225
v 0.057432 -0.025000 -0.006981
v 0.057432 -0.015000 -0.006981
v 0.083015 -0.015000 0.004225
v 0.059035 0.015750 -0.020074
v 0.059035 0.005750 -0.020074
v 0.089000 0.005750 -0.007530
v 0.089000 0.015750 -0.007530
v 0.083015 0.005750 0.004225
v 0.057432 0.015750 -0.006981
v 0.083015 0.015750 0.004225
v 0.057432 0.005750 -0.006981
v 0.026907 -0.005000 0.005192
v 0.026907 0.005000 0.005192
v 0.024017 -0.005000 -0.000903
v 0.026907 -0.005000 0.005192
v 0.021128 -0.005000 -0.006998
v 0.018239 -0.005000 -0.013093
v 0.018239 -0.005000 -0.013093
v 0.018239 0.005000 -0.013093
v 0.018239 0.005000 -0.013093
v 0.018239 -0.005000 -0.013093
v 0.018530 -0.005037 -0.015122
v 0.018822 -0.005074 -0.017151
v 0.019113 -0.005111 -0.019180
v 0.019113 0.005000 -0.019180
v 0.024758 -0.005092 -0.001985
v 0.027838 -0.005129 0.004512
v 0.025499 -0.005185 -0.003066
v 0.024017 -0.005000 -0.000903
v 0.026907 -0.005000 0.005192
v 0.019113 -0.005111 -0.019180
v 0.018530 -0.005037 -0.015122
v 0.018239 -0.005000 -0.013093
v 0.026240 -0.005277 -0.004148
v 0.028769 -0.005258 0.003832
v 0.029701 -0.005387 0.003153
v 0.026907 0.005000 0.005192
v 0.026907 -0.005000 0.005192
v 0.050217 0.005750 -0.011135
v 0.050230 0.015750 -0.011465
v 0.050230 0.005750 -0.011465
v 0.050499 0.005750 -0.010194
v 0.050364 0.015750 -0.010466
v 0.050354 0.005750 -0.010491
v 0.050259 0.005750 -0.010807
v 0.050262 0.015750 -0.010790
v 0.050217 0.015750 -0.011126
v 0.050967 0.015750 -0.009659
v 0.050926 0.005750 -0.009693
v 0.051195 0.005750 -0.009502
v 0.050518 0.015750 -0.010164
v 0.050692 0.005750 -0.009926
v 0.050721 0.015750 -0.009892
v 0.051809 0.005750 -0.009264
v 0.052137 0.005750 -0.009223
v 0.051888 0.015750 -0.009249
v 0.051492 0.005750 -0.009357
v 0.051559 0.015750 -0.009333
v 0.051249 0.015750 -0.009471
v 0.053097 0.005750 -0.009427
v 0.052892 0.015750 -0.009340
v 0.052790 0.005750 -0.009306
v 0.052564 0.015750 -0.009253
v 0.052226 0.015750 -0.009222
v 0.052467 0.005750 -0.009238
v 0.053724 0.015750 -0.009909
v 0.053632 0.005750 -0.009811
v 0.053845 0.005750 -0.010063
v 0.053200 0.015750 -0.009481
v 0.053381 0.005750 -0.009597
v 0.053480 0.015750 -0.009673
v 0.054133 0.005750 -0.010655
v 0.054200 0.005750 -0.010979
v 0.054173 0.015750 -0.010811
v 0.054014 0.005750 -0.010347
v 0.054075 0.015750 -0.010486
v 0.053924 0.015750 -0.010183
v 0.054077 0.005750 -0.011953
v 0.054124 0.015750 -0.011818
v 0.054172 0.005750 -0.011637
v 0.054198 0.015750 -0.011487
v 0.054214 0.015750 -0.011148
v 0.054213 0.005750 -0.011309
v 0.053591 0.015750 -0.012673
v 0.053739 0.005750 -0.012518
v 0.053504 0.005750 -0.012751
v 0.053996 0.015750 -0.012132
v 0.053931 0.005750 -0.012249
v 0.053817 0.015750 -0.012420
v 0.052938 0.005750 -0.013087
v 0.052621 0.005750 -0.013180
v 0.052709 0.015750 -0.013160
v 0.053235 0.005750 -0.012942
v 0.053029 0.015750 -0.013049
v 0.053326 0.015750 -0.012885
v 0.052374 0.015750 -0.013216
v 0.052294 0.005750 -0.013220
v 0.052035 0.015750 -0.013214
v 0.051701 0.015750 -0.013155
v 0.051964 0.005750 -0.013206
v 0.051640 0.005750 -0.013137
v 0.051381 0.015750 -0.013040
v 0.051333 0.005750 -0.013017
v 0.051086 0.015750 -0.012873
v 0.050823 0.015750 -0.012658
v 0.051050 0.005750 -0.012847
v 0.050798 0.005750 -0.012633
v 0.050601 0.015750 -0.012402
v 0.050585 0.005750 -0.012381
v 0.050424 0.015750 -0.012112
v 0.050300 0.015750 -0.011797
v 0.050417 0.005750 -0.012096
v 0.050297 0.005750 -0.011789
v 0.045000 0.005750 -0.015376
v 0.045013 0.015750 -0.015706
v 0.045013 0.005750 -0.015706
v 0.045283 0.005750 -0.014435
v 0.045147 0.015750 -0.014707
v 0.045137 0.005750 -0.014732
v 0.045042 0.005750 -0.015048
v 0.045046 0.015750 -0.015031
v 0.045001 0.015750 -0.015367
v 0.045751 0.015750 -0.013900
v 0.045709 0.005750 -0.013934
v 0.045978 0.005750 -0.013742
v 0.045301 0.015750 -0.014405
v 0.045475 0.005750 -0.014167
v 0.045505 0.015750 -0.014133
v 0.046592 0.005750 -0.013504
v 0.046920 0.005750 -0.013464
v 0.046671 0.015750 -0.013490
v 0.046275 0.005750 -0.013598
v 0.046343 0.015750 -0.013573
v 0.046033 0.015750 -0.013711
v 0.047881 0.005750 -0.013668
v 0.047675 0.015750 -0.013581
v 0.047573 0.005750 -0.013547
v 0.047347 0.015750 -0.013493
v 0.047009 0.015750 -0.013463
v 0.047250 0.005750 -0.013479
v 0.048507 0.015750 -0.014150
v 0.048416 0.005750 -0.014051
v 0.048629 0.005750 -0.014304
v 0.047983 0.015750 -0.013722
v 0.048164 0.005750 -0.013837
v 0.048263 0.015750 -0.013914
v 0.048917 0.005750 -0.014896
v 0.048984 0.005750 -0.015220
v 0.048956 0.015750 -0.015052
v 0.048797 0.005750 -0.014588
v 0.048858 0.015750 -0.014727
v 0.048707 0.015750 -0.014423
v 0.048860 0.005750 -0.016194
v 0.048908 0.015750 -0.016059
v 0.048955 0.005750 -0.015877
v 0.048981 0.015750 -0.015728
v 0.048997 0.015750 -0.015389
v 0.048997 0.005750 -0.015549
v 0.048374 0.015750 -0.016914
v 0.048522 0.005750 -0.016758
v 0.048288 0.005750 -0.016992
v 0.048779 0.015750 -0.016373
v 0.048714 0.005750 -0.016490
v 0.048600 0.015750 -0.016661
v 0.047722 0.005750 -0.017327
v 0.047405 0.005750 -0.017421
v 0.047492 0.015750 -0.017401
v 0.048019 0.005750 -0.017183
v 0.047812 0.015750 -0.017290
v 0.048109 0.015750 -0.017126
v 0.047157 0.015750 -0.017456
v 0.047077 0.005750 -0.017461
v 0.046818 0.015750 -0.017455
v 0.046484 0.015750 -0.017395
v 0.046747 0.005750 -0.017447
v 0.046424 0.005750 -0.017378
v 0.046165 0.015750 -0.017280
v 0.046116 0.005750 -0.017258
v 0.045870 0.015750 -0.017113
v 0.045607 0.015750 -0.016899
v 0.045833 0.005750 -0.017088
v 0.045581 0.005750 -0.016874
v 0.045384 0.015750 -0.016643
v 0.045368 0.005750 -0.016621
v 0.045208 0.015750 -0.016353
v 0.045083 0.015750 -0.016038
v 0.045200 0.005750 -0.016337
v 0.045080 0.005750 -0.016029
vn -0.7144 -0.6284 0.3079
vn -0.7913 -0.5074 0.3411
vn -0.7834 -0.5221 0.3373
vn -0.3050 -0.9432 0.1314
vn -0.2731 -0.9548 0.1177
vn -0.3988 -0.9008 0.1719
vn -0.8512 -0.3754 0.3669
vn -0.8926 -0.2353 0.3845
vn -0.8483 -0.3833 0.3653
vn -0.8926 -0.2352 0.3847
vn -0.6991 -0.6486 0.3009
vn -0.6219 -0.7358 0.2680
vn -0.5976 -0.7595 0.2571
vn -0.5159 -0.8273 0.2224
vn -0.4823 -0.8511 0.2073
vn -0.3544 -0.9225 0.1528
vn -0.2333 -0.9672 0.1006
vn -0.2509 -0.9620 0.1080
vn -0.1922 -0.9778 0.0829
vn -0.1747 -0.0000 -0.9846
vn -0.0984 -0.0000 -0.9951
vn -0.0980 -0.0000 -0.9952
vn -0.1748 -0.0000 -0.9846
vn -0.0215 -0.0000 -0.9998
vn -0.0000 1.0000 -0.0000
vn -0.0000 1.0000 0.0036
vn -0.6762 -0.0000 0.7367
vn 0.0521 -0.0000 0.9986
vn 0.0522 -0.0000 0.9986
vn -0.0000 1.0000 0.0009
vn -0.0000 1.0000 -0.0019
vn -0.0000 -1.0000 -0.0000
vn -0.0000 -1.0000 0.0005
vn -0.0000 -1.0000 0.0009
vn 0.3727 -0.0000 -0.9280
vn 0.3218 -0.0000 -0.9468
vn 0.5177 -0.0000 -0.8556
vn 0.4708 -0.0001 -0.8822
vn 0.4706 -0.0000 -0.8824
vn 0.4221 -0.0000 -0.9065
vn 0.6072 -0.0000 -0.7946
vn 0.6067 0.0001 -0.7949
vn 0.6491 -0.0000 -0.7607
vn 0.5180 -0.0001 -0.8554
vn 0.5630 -0.0000 -0.8265
vn 0.5632 -0.0000 -0.8263
vn 0.7271 0.0001 -0.6865
vn 0.7633 -0.0000 -0.6460
vn 0.7275 -0.0000 -0.6861
vn 0.6893 -0.0000 -0.7245
vn 0.6894 -0.0000 -0.7244
vn 0.6494 -0.0001 -0.7604
vn 0.8577 0.0001 -0.5141
vn 0.8288 -0.0000 -0.5595
vn 0.8287 -0.0000 -0.5597
vn 0.7975 -0.0001 -0.6033
vn 0.7638 -0.0001 -0.6455
vn 0.7973 -0.0000 -0.6036
vn 0.9083 -0.0000 -0.4182
vn 0.9082 0.0001 -0.4186
vn 0.9296 -0.0000 -0.3686
vn 0.8580 -0.0001 -0.5136
vn 0.8843 -0.0000 -0.4670
vn 0.8845 -0.0001 -0.4666
vn 0.9482 -0.0000 -0.3176
vn 0.9483 -0.0000 -0.3175
vn 0.9639 0.0002 -0.2662
vn 0.9298 -0.0001 -0.3681
vn 0.9769 0.0001 -0.2138
vn 0.9640 0.0001 -0.2658
vn 0.9871 -0.0000 -0.1603
vn 0.9770 -0.0000 -0.2134
vn 0.9943 -0.0000 -0.1069
vn 0.9986 -0.0000 -0.0526
vn -0.3235 -0.0000 0.9462
vn -0.2654 -0.0000 0.9641
vn -0.4897 -0.0000 0.8719
vn -0.4360 -0.0000 0.8999
vn -0.4363 -0.0000 0.8998
vn -0.3806 -0.0000 0.9248
vn -0.3805 -0.0000 0.9248
vn -0.5919 -0.0000 0.8060
vn -0.6397 -0.0000 0.7687
vn -0.4901 0.0001 0.8717
vn -0.5419 -0.0000 0.8404
vn -0.5418 -0.0000 0.8405
vn -0.6854 -0.0000 0.7281
vn -0.0212 0.0001 -0.9998
vn -0.0213 0.0001 -0.9998
vn -0.9898 -0.0000 -0.1422
vn -0.0210 -0.0002 -0.9998
vn -0.0218 0.0001 -0.9998
vn -0.0214 -0.0001 -0.9998
vn -0.0214 -0.0000 -0.9998
vn -0.0217 0.0001 -0.9998
vn -0.0217 -0.0001 -0.9998
vn -0.0216 -0.0000 -0.9998
vn -0.0210 0.0002 -0.9998
vn -0.0215 -0.0002 -0.9998
vn -0.0213 0.0004 -0.9998
vn -0.0219 0.0001 -0.9998
vn -0.0220 0.0001 -0.9998
vn -0.0210 0.0001 -0.9998
vn -0.0210 -0.0001 -0.9998
vn -0.0219 -0.0001 -0.9998
vn -0.0216 0.0001 -0.9998
vn -0.0217 -0.0000 -0.9998
vn 0.3164 0.0003 0.9486
vn 0.3130 -0.0003 0.9498
vn 0.3690 -0.0000 0.9294
vn 0.3892 0.0003 0.9212
vn 0.3728 0.0008 0.9279
vn 0.4284 -0.0000 0.9036
vn 0.4092 -0.0000 0.9124
vn 0.2584 0.0002 0.9660
vn 0.2562 -0.0001 0.9666
vn 0.1998 0.0002 0.9798
vn 0.1979 -0.0001 0.9802
vn 0.1403 0.0001 0.9901
vn 0.1394 -0.0001 0.9902
vn 0.0804 -0.0000 0.9968
vn 0.1394 0.0001 0.9902
vn 0.3130 0.0003 0.9498
vn 0.2562 0.0001 0.9666
vn 0.2584 -0.0002 0.9660
vn 0.1979 0.0001 0.9802
vn 0.1403 -0.0001 0.9901
vn 0.1998 -0.0002 0.9798
vn 0.3891 -0.0006 0.9212
vn 0.3730 -0.0002 0.9278
vn 0.3164 -0.0003 0.9486
vn 0.4094 -0.0000 0.9124
vn 0.4283 -0.0000 0.9036
vn 0.9183 -0.0000 -0.3958
vn 0.3960 -0.0000 0.9182
vn 0.3961 -0.0000 0.9182
vn 0.3958 -0.0000 0.9183
vn 0.3959 -0.0001 0.9183
vn 0.3957 -0.0000 0.9184
vn 0.3964 -0.0000 0.9181
vn 0.3959 -0.0000 0.9183
vn 0.3951 0.0002 0.9186
vn 0.3954 -0.0001 0.9185
vn 0.3954 -0.0003 0.9185
vn 0.3961 -0.0001 0.9182
vn 0.3956 -0.0000 0.9184
vn 0.3962 -0.0001 0.9182
vn -0.6494 0.7070 0.2799
vn -0.6494 -0.7071 0.2799
vn -0.6493 -0.7071 0.2799
vn -0.2838 0.9510 0.1223
vn -0.2582 0.9596 0.1117
vn -0.1437 0.9877 0.0619
vn -0.3804 0.9102 0.1640
vn -0.1295 0.9900 0.0560
vn -0.4169 0.8910 0.1797
vn -0.5231 0.8218 0.2258
vn -0.5398 0.8090 0.2327
vn -0.6493 0.7071 0.2799
vn -0.6493 0.7072 0.2799
vn -0.5396 0.8091 0.2326
vn -0.6493 0.7072 0.2797
vn -0.3510 0.9241 0.1513
vn -0.4678 0.8558 0.2208
vn -0.1010 0.9940 -0.0425
vn -0.0910 0.9952 0.0361
vn -0.5398 0.8090 0.2326
vn -0.1436 -0.9877 0.0619
vn -0.2583 -0.9596 0.1117
vn -0.2838 -0.9511 0.1223
vn -0.1301 -0.9899 0.0562
vn -0.3804 -0.9102 0.1640
vn -0.4169 -0.8910 0.1797
vn -0.5232 -0.8216 0.2262
vn -0.5398 -0.8090 0.2327
vn -0.8547 -0.3657 0.3684
vn -0.8009 -0.4894 0.3452
vn -0.8546 -0.3661 0.3684
vn -0.8011 -0.4889 0.3453
vn -0.7320 -0.6039 0.3155
vn -0.7323 -0.6035 0.3156
vn 0.3862 -0.0000 -0.9224
vn -0.4012 -0.0000 0.9160
vn -0.0610 -0.0000 -0.9981
vn -0.0214 -0.0013 -0.9998
vn -0.0264 0.0154 -0.9995
vn -0.1378 -0.0000 -0.9905
vn -0.9899 -0.0000 -0.1420
vn -0.0211 -0.0007 -0.9998
vn -0.0000 1.0000 -0.0001
vn -0.0178 0.9998 0.0077
vn -0.0222 -0.0000 -0.9998
vn -0.0213 -0.0000 -0.9998
vn -0.1193 -0.2222 -0.9677
vn -0.2307 -0.4958 -0.8372
vn 0.9133 0.1175 0.3901
vn -0.3696 -0.9285 -0.0361
vn -0.3698 -0.9284 -0.0362
vn 0.2177 -0.4057 -0.8877
vn -0.9899 -0.0000 -0.1421
vn -0.9898 -0.0001 -0.1422
vn -0.9898 -0.0000 -0.1421
vn -0.0785 -0.9964 0.0332
vn -0.0824 -0.9961 0.0299
vn -0.1056 -0.9934 0.0440
vn -0.1023 -0.9936 0.0485
vn -0.0731 -0.9967 0.0347
vn -0.0859 -0.9959 0.0296
vn -0.1087 -0.9933 0.0400
vn -0.1109 -0.9932 0.0367
vn -0.0421 0.9989 0.0200
vn 0.9990 0.0001 -0.0439
vn 0.9925 -0.0000 0.1219
vn 0.9926 -0.0001 0.1217
vn 0.8581 0.0002 -0.5134
vn 0.9309 0.0002 -0.3652
vn 0.9256 -0.0003 -0.3786
vn 0.9781 0.0002 -0.2081
vn 0.9989 -0.0001 -0.0474
vn 0.9764 -0.0002 -0.2160
vn 0.6238 -0.0004 -0.7816
vn 0.5103 0.0003 -0.8600
vn 0.6445 0.0004 -0.7646
vn 0.8492 -0.0003 -0.5281
vn 0.7473 -0.0003 -0.6645
vn 0.7617 0.0003 -0.6479
vn 0.2035 0.0005 -0.9791
vn 0.1641 -0.0005 -0.9864
vn 0.0395 0.0005 -0.9992
vn 0.3614 0.0004 -0.9324
vn 0.4825 -0.0005 -0.8759
vn 0.3282 -0.0005 -0.9446
vn -0.4416 0.0006 -0.8972
vn -0.2873 0.0005 -0.9578
vn -0.3381 -0.0006 -0.9411
vn -0.1744 -0.0006 -0.9847
vn -0.1261 0.0005 -0.9920
vn -0.0059 -0.0006 -1.0000
vn -0.7542 -0.0007 -0.6566
vn -0.8150 0.0003 -0.5794
vn -0.7086 0.0007 -0.7056
vn -0.4927 -0.0006 -0.8702
vn -0.6326 -0.0006 -0.7745
vn -0.5832 0.0006 -0.8123
vn -0.9591 0.0007 -0.2832
vn -0.9787 -0.0007 -0.2055
vn -0.9926 -0.0002 -0.1216
vn -0.8992 0.0007 -0.4374
vn -0.8544 -0.0007 -0.5197
vn -0.9298 -0.0004 -0.3681
vn -0.9308 0.0006 0.3655
vn -0.9784 0.0007 0.2067
vn -0.9543 -0.0007 0.2989
vn -0.9912 -0.0005 0.1326
vn -0.9991 -0.0000 0.0434
vn -0.9993 0.0001 -0.0369
vn -0.6876 -0.0007 0.7261
vn -0.6445 0.0003 0.7646
vn -0.7617 0.0006 0.6479
vn -0.8905 -0.0007 0.4550
vn -0.8006 -0.0007 0.5993
vn -0.8578 0.0006 0.5139
vn -0.3614 0.0006 0.9324
vn -0.2471 -0.0006 0.9690
vn -0.2027 0.0005 0.9792
vn -0.5105 0.0006 0.8599
vn -0.5560 -0.0006 0.8312
vn -0.4070 -0.0006 0.9134
vn -0.0798 -0.0005 0.9968
vn 0.0903 -0.0004 0.9959
vn -0.0396 0.0005 0.9992
vn 0.2570 -0.0004 0.9664
vn 0.1258 0.0005 0.9921
vn 0.2872 0.0004 0.9579
vn 0.4169 -0.0004 0.9089
vn 0.5648 -0.0003 0.8252
vn 0.4411 0.0004 0.8975
vn 0.6968 -0.0003 0.7173
vn 0.5831 0.0003 0.8124
vn 0.7080 0.0002 0.7063
vn 0.8073 -0.0003 0.5901
vn 0.8954 -0.0002 0.4452
vn 0.8155 0.0002 0.5788
vn 0.9578 -0.0001 0.2873
vn 0.8993 0.0001 0.4373
vn 0.9590 -0.0000 0.2833
vn 0.9990 -0.0000 -0.0440
vn 0.9926 -0.0000 0.1216
vn 0.9926 -0.0001 0.1213
vn 0.8581 0.0002 -0.5135
vn 0.9307 0.0002 -0.3657
vn 0.9261 -0.0002 -0.3773
vn 0.9781 0.0001 -0.2081
vn 0.9988 -0.0001 -0.0488
vn 0.9764 -0.0002 -0.2159
vn 0.6244 -0.0004 -0.7811
vn 0.5104 0.0004 -0.8599
vn 0.6448 0.0003 -0.7644
vn 0.8486 -0.0003 -0.5291
vn 0.7468 -0.0004 -0.6650
vn 0.7616 0.0003 -0.6481
vn 0.2034 0.0004 -0.9791
vn 0.1630 -0.0006 -0.9866
vn 0.0393 0.0005 -0.9992
vn 0.3615 0.0004 -0.9324
vn 0.4831 -0.0004 -0.8756
vn 0.3281 -0.0005 -0.9446
vn -0.4407 0.0006 -0.8977
vn -0.2871 0.0005 -0.9579
vn -0.3389 -0.0006 -0.9408
vn -0.1261 0.0006 -0.9920
vn -0.0054 -0.0002 -1.0000
vn -0.7543 -0.0000 -0.6565
vn -0.8156 0.0006 -0.5786
vn -0.7086 0.0005 -0.7056
vn -0.4927 -0.0007 -0.8702
vn -0.6326 -0.0008 -0.7745
vn -0.5829 0.0006 -0.8126
vn -0.9589 0.0006 -0.2838
vn -0.9926 0.0002 -0.1216
vn -0.8992 0.0006 -0.4375
vn -0.8543 -0.0007 -0.5198
vn -0.9298 -0.0007 -0.3681
vn -0.9307 0.0005 0.3658
vn -0.9783 0.0001 0.2073
vn -0.9543 -0.0007 0.2988
vn -0.9913 -0.0007 0.1318
vn -0.9990 0.0006 0.0439
vn -0.9993 -0.0007 -0.0369
vn -0.6882 0.0001 0.7255
vn -0.6447 -0.0000 0.7644
vn -0.8902 -0.0007 0.4555
vn -0.8005 -0.0006 0.5993
vn -0.8577 0.0007 0.5141
vn -0.3615 -0.0000 0.9324
vn -0.2467 -0.0006 0.9691
vn -0.2032 0.0001 0.9791
vn -0.5094 0.0006 0.8605
vn -0.5560 -0.0007 0.8312
vn 0.0902 -0.0005 0.9959
vn -0.0395 0.0005 0.9992
vn 0.2589 -0.0004 0.9659
vn 0.1261 0.0004 0.9920
vn 0.2876 0.0004 0.9577
vn 0.4174 -0.0005 0.9087
vn 0.5639 -0.0004 0.8258
vn 0.4409 0.0003 0.8976
vn 0.6958 -0.0003 0.7183
vn 0.5831 0.0002 0.8124
vn 0.7086 0.0002 0.7056
vn 0.8074 -0.0003 0.5900
vn 0.8953 -0.0002 0.4454
vn 0.8156 0.0002 0.5786
vn 0.9577 -0.0001 0.2878
vn 0.8992 0.0001 0.4375
vn 0.9588 -0.0000 0.2840
vn -0.0603 0.9981 -0.0087
vn -0.9036 -0.0000 0.4283
vn 0.0055 0.9957 0.0929
vn 0.2283 -0.7542 -0.6156
vn -0.3047 -0.9521 -0.0263
vn -0.3050 -0.9520 -0.0265
vn -0.2525 -0.6800 -0.6884
vn -0.1627 -0.3968 -0.9034
vn 0.1711 -0.9812 -0.0891
vn -0.1144 -0.9926 0.0404
vn -0.0605 0.0018 -0.9982
vn -0.4924 -0.0000 0.8704
vn 0.1813 -0.0000 0.9834
vn -0.1365 -0.0000 0.9906
vn -0.9036 -0.0000 0.4284
vn 0.2381 -0.7647 0.5988
vn -0.1616 -0.9839 0.0766
vn -0.1617 -0.9839 0.0766
vn -0.0608 -0.0000 -0.9982
vn -0.1384 -0.0000 -0.9904
vn 0.9772 -0.0000 0.2124
vn -0.0289 0.9994 0.0207
vn -0.9036 0.0001 0.4284
vn -0.0263 0.0033 -0.9996
s 1
f 1//1 3//2 2//3
f 4//4 6//5 5//6
f 7//7 9//8 8//9
f 3//2 7//7 8//9
f 2//3 3//2 8//9
f 9//8 7//7 10//10
f 2//3 11//11 1//1
f 11//11 12//12 1//1
f 12//12 14//13 13//14
f 14//13 12//12 11//11
f 15//15 5//6 13//14
f 13//14 14//13 15//15
f 15//15 16//16 5//6
f 17//17 19//18 18//19
f 6//5 19//18 17//17
f 4//4 19//18 6//5
f 4//4 5//6 16//16
f 20//20 22//21 21//22
f 23//23 22//21 20//20
f 24//24 21//22 22//21
f 21//22 24//24 25//24
f 26//25 28//26 27//25
f 27//25 29//25 26//25
f 32//25 29//25 30//25
f 33//25 29//25 32//25
f 29//25 33//25 26//25
f 34//27 36//27 35//27
f 35//27 37//27 34//27
f 38//28 40//29 39//29
f 39//29 41//29 38//28
f 42//25 44//25 43//25
f 45//25 47//25 46//25
f 48//25 50//25 49//25
f 46//25 51//25 45//25
f 52//25 54//25 53//25
f 55//25 57//25 56//25
f 58//25 42//25 43//25
f 59//25 61//25 60//25
f 62//25 64//25 63//25
f 65//25 67//25 66//25
f 68//25 66//25 67//25
f 65//25 69//25 67//25
f 64//25 70//25 69//25
f 69//25 65//25 64//25
f 64//25 72//25 71//25
f 70//25 64//25 71//25
f 64//25 74//25 73//25
f 72//25 64//25 73//25
f 75//25 77//25 76//25
f 78//25 77//25 75//25
f 79//25 81//25 80//25
f 81//25 82//25 76//25
f 42//25 58//25 83//25
f 43//25 44//25 80//25
f 84//25 58//25 85//25
f 58//25 86//25 83//25
f 87//25 88//25 58//25
f 58//25 88//25 85//25
f 87//25 89//25 88//25
f 79//25 80//25 44//25
f 86//25 58//25 84//25
f 81//25 79//25 82//25
f 76//25 82//25 75//25
f 74//25 77//25 78//25
f 62//25 77//25 64//25
f 74//25 64//25 77//25
f 64//25 90//25 63//25
f 91//25 93//25 92//25
f 94//25 46//25 47//25
f 95//25 59//25 50//25
f 53//25 96//25 52//25
f 54//25 56//25 53//25
f 49//25 46//25 97//25
f 98//25 99//25 49//25
f 100//30 102//25 101//25
f 53//25 61//25 96//25
f 59//25 95//25 96//25
f 50//25 48//25 103//25
f 50//25 103//25 95//25
f 49//25 99//25 48//25
f 98//25 49//25 97//25
f 94//25 104//25 46//25
f 46//25 104//25 97//25
f 105//25 107//25 106//25
f 108//25 46//25 93//25
f 109//25 46//25 108//25
f 51//25 46//25 109//25
f 110//25 91//25 92//25
f 93//25 46//25 92//25
f 111//25 92//25 112//25
f 111//25 110//25 92//25
f 92//25 63//25 113//25
f 113//25 112//25 92//25
f 114//25 113//25 90//25
f 63//25 90//25 113//25
f 105//25 115//25 107//25
f 116//25 118//25 117//25
f 116//25 106//25 119//25
f 120//25 122//25 121//25
f 123//25 117//25 121//25
f 124//25 126//25 125//25
f 120//25 125//25 126//25
f 127//25 129//25 128//25
f 130//25 131//25 124//25
f 55//25 133//25 132//25
f 134//25 136//25 135//25
f 57//25 55//25 132//25
f 122//25 123//25 121//25
f 137//25 138//25 102//25
f 102//25 138//25 139//25
f 131//25 127//25 128//25
f 102//25 100//30 137//25
f 134//25 135//25 128//25
f 136//25 133//25 135//25
f 140//25 141//25 101//25
f 102//25 140//25 101//25
f 140//25 60//25 61//25
f 141//25 140//25 61//25
f 96//25 61//25 59//25
f 56//25 57//25 53//25
f 132//25 133//25 136//25
f 134//25 128//25 129//25
f 130//25 124//25 125//25
f 127//25 131//25 130//25
f 122//25 120//25 126//25
f 142//25 143//25 102//25
f 121//25 117//25 118//25
f 118//25 116//25 119//25
f 119//25 106//25 107//25
f 105//25 144//25 115//25
f 114//25 145//25 144//25
f 144//25 105//25 114//25
f 102//25 147//31 146//25
f 90//25 148//25 114//25
f 145//25 114//25 148//25
f 146//25 149//25 90//25
f 90//25 149//25 148//25
f 102//25 146//25 90//25
f 150//25 151//25 102//25
f 102//25 151//25 147//31
f 102//25 143//25 150//25
f 152//25 153//25 102//25
f 102//25 153//25 142//25
f 154//25 155//25 102//25
f 102//25 155//25 152//25
f 139//25 156//25 102//25
f 102//25 156//25 154//25
f 157//32 159//32 158//32
f 160//32 162//32 161//32
f 162//32 163//32 161//32
f 160//32 161//32 164//32
f 165//32 164//32 166//32
f 164//32 165//32 160//32
f 165//32 168//32 167//32
f 166//32 168//32 165//32
f 165//32 170//32 169//32
f 167//32 170//32 165//32
f 171//32 173//32 172//32
f 174//32 176//32 175//32
f 177//32 172//32 178//32
f 173//32 178//32 172//32
f 179//32 158//32 177//32
f 177//32 178//32 179//32
f 158//32 159//32 180//32
f 157//32 158//32 179//32
f 181//32 158//32 182//32
f 158//32 180//32 182//32
f 158//32 181//32 183//32
f 183//32 181//32 184//32
f 185//32 173//32 171//32
f 171//32 175//32 185//32
f 176//32 174//32 186//32
f 185//32 175//32 176//32
f 169//32 174//32 165//32
f 169//32 186//32 174//32
f 165//32 188//32 187//32
f 174//32 188//32 165//32
f 189//32 191//32 190//32
f 192//32 194//32 193//32
f 193//32 196//32 195//32
f 197//32 190//32 198//32
f 199//32 201//32 200//32
f 202//32 204//32 203//32
f 205//32 207//32 206//32
f 208//32 209//32 206//32
f 165//32 187//32 210//32
f 211//32 194//32 192//32
f 193//32 194//32 196//32
f 212//32 213//32 194//32
f 212//32 194//32 211//32
f 187//32 213//32 214//32
f 213//32 187//32 194//32
f 215//32 210//32 214//32
f 187//32 214//32 210//32
f 216//33 218//32 217//32
f 219//32 221//32 220//32
f 216//33 219//32 222//32
f 223//32 225//32 224//32
f 224//32 220//32 226//32
f 227//32 196//32 228//32
f 203//32 230//32 229//32
f 231//32 233//32 232//32
f 234//32 189//32 235//32
f 236//32 237//32 206//32
f 238//32 240//32 239//32
f 200//32 201//32 241//32
f 242//32 243//32 206//32
f 197//32 244//32 196//32
f 245//32 208//32 206//32
f 246//32 247//32 197//32
f 189//32 241//32 191//32
f 234//32 205//32 248//32
f 190//32 249//32 198//32
f 190//32 191//32 249//32
f 197//32 198//32 246//32
f 247//32 244//32 197//32
f 196//32 244//32 228//32
f 250//32 196//32 251//32
f 196//32 227//32 251//32
f 252//32 196//32 253//32
f 196//32 250//32 253//32
f 195//32 196//32 254//32
f 196//32 252//32 254//32
f 255//32 217//32 218//32
f 222//32 218//32 216//33
f 217//32 256//32 215//32
f 256//32 217//32 255//32
f 206//32 258//32 257//32
f 215//32 260//32 259//34
f 256//32 260//32 215//32
f 210//32 215//32 261//32
f 259//34 261//32 215//32
f 262//32 210//32 263//32
f 210//32 261//32 263//32
f 206//32 210//32 258//32
f 210//32 262//32 258//32
f 264//32 206//32 265//32
f 206//32 257//32 265//32
f 266//32 206//32 267//32
f 206//32 264//32 267//32
f 230//32 225//32 229//32
f 268//32 270//32 269//32
f 206//32 266//32 236//32
f 271//32 268//32 272//32
f 240//32 271//32 239//32
f 206//32 237//32 242//32
f 199//32 240//32 238//32
f 206//32 243//32 273//32
f 203//32 204//32 230//32
f 200//32 241//32 189//32
f 206//32 273//32 245//32
f 202//32 231//32 232//32
f 209//32 274//32 206//32
f 268//32 269//32 272//32
f 206//32 248//32 205//32
f 274//32 248//32 206//32
f 205//32 234//32 235//32
f 189//32 234//32 200//32
f 199//32 200//32 240//32
f 239//32 271//32 272//32
f 233//32 269//32 270//32
f 233//32 231//32 269//32
f 232//32 204//32 202//32
f 223//32 224//32 226//32
f 229//32 225//32 223//32
f 226//32 220//32 221//32
f 219//32 220//32 222//32
f 275//35 277//36 276//36
f 278//37 280//38 279//39
f 281//40 283//40 282//35
f 284//41 286//42 285//43
f 287//44 289//45 288//46
f 290//47 292//48 291//49
f 293//50 295//51 294//52
f 296//53 298//54 297//55
f 299//56 301//57 300//58
f 302//59 304//60 303//61
f 305//62 307//63 306//64
f 308//65 310//66 309//67
f 310//66 308//65 311//68
f 312//69 313//70 309//67
f 308//65 309//67 313//70
f 312//69 315//71 314//72
f 314//72 313//70 312//69
f 316//71 315//71 317//73
f 315//71 316//71 314//72
f 318//74 319//73 317//73
f 316//71 317//73 319//73
f 320//74 319//73 318//74
f 311//68 302//59 303//61
f 303//61 310//66 311//68
f 306//64 307//63 304//60
f 306//64 304//60 302//59
f 305//62 298//54 296//53
f 305//62 296//53 307//63
f 297//55 299//56 300//58
f 298//54 299//56 297//55
f 292//48 301//57 291//49
f 300//58 301//57 292//48
f 293//50 290//47 295//51
f 290//47 291//49 295//51
f 284//41 285//43 294//52
f 285//43 293//50 294//52
f 288//46 289//45 286//42
f 288//46 286//42 284//41
f 287//44 280//38 278//37
f 287//44 278//37 289//45
f 279//39 283//40 281//40
f 280//38 283//40 279//39
f 275//35 282//35 277//36
f 281//40 282//35 275//35
f 321//75 323//76 322//76
f 324//77 326//78 325//79
f 327//80 329//75 328//81
f 330//82 332//83 331//82
f 333//84 335//85 334//86
f 336//87 332//83 337//83
f 330//82 337//83 332//83
f 338//87 336//87 337//83
f 334//86 335//85 331//82
f 335//85 330//82 331//82
f 333//84 324//77 325//79
f 333//84 334//86 324//77
f 326//78 327//80 328//81
f 325//79 326//78 328//81
f 321//75 322//76 329//75
f 327//80 321//75 329//75
f 339//88 341//24 340//89
s 0
f 681//90 674//90 680//90
s 1
f 345//91 347//92 346//93
f 348//94 350//95 349//92
f 351//96 340//89 341//24
f 346//93 347//92 340//89
f 352//97 354//88 353//98
f 355//24 339//88 356//99
f 352//97 351//96 354//88
f 357//100 352//97 353//98
f 358//24 359//94 341//24
f 346//93 351//96 352//97
f 359//94 358//24 360//24
f 361//94 362//101 341//24
f 362//101 363//102 341//24
f 359//94 364//103 341//24
f 341//24 364//103 361//94
f 363//102 365//97 341//24
f 355//24 341//24 339//88
f 351//96 346//93 340//89
f 351//96 341//24 365//97
f 366//24 368//94 367//24
f 368//94 366//24 355//24
f 369//104 368//94 355//24
f 355//24 371//105 370//24
f 369//104 355//24 370//24
f 355//24 372//24 371//105
f 355//24 373//97 372//24
f 374//95 347//92 345//91
f 355//24 356//99 373//97
f 374//95 375//106 348//94
f 375//106 374//95 345//91
f 348//94 375//106 350//95
f 342//24 348//94 344//107
f 349//92 344//107 348//94
f 376//108 378//109 377//110
f 377//110 380//111 379//112
f 379//112 376//108 377//110
f 381//113 379//112 382//114
f 380//111 382//114 379//112
f 383//113 381//113 382//114
f 384//115 378//109 376//108
f 384//115 385//116 378//109
f 385//116 387//117 386//118
f 387//117 385//116 384//115
f 388//119 389//120 386//118
f 386//118 387//117 388//119
f 388//119 390//121 389//120
f 390//121 391//121 389//120
f 392//122 394//121 393//121
f 395//123 397//124 396//125
f 398//126 400//127 399//128
f 401//129 403//110 402//130
f 404//131 402//130 403//110
f 405//132 407//133 406//113
f 402//130 405//132 401//129
f 405//132 402//130 407//133
f 396//125 404//131 395//123
f 404//131 403//110 395//123
f 397//124 398//126 399//128
f 396//125 397//124 399//128
f 392//122 393//121 400//127
f 398//126 392//122 400//127
f 408//32 410//32 409//32
f 411//32 413//32 412//32
f 408//32 409//32 414//32
f 413//32 416//32 415//32
f 413//32 417//32 416//32
f 418//32 419//32 411//32
f 419//32 418//32 420//32
f 413//32 422//32 421//32
f 415//32 422//32 413//32
f 411//32 417//32 413//32
f 423//32 408//32 414//32
f 411//32 412//32 418//32
f 424//32 423//32 425//32
f 414//32 425//32 423//32
f 426//32 427//32 424//32
f 424//32 425//32 426//32
f 427//32 429//32 428//32
f 429//32 427//32 426//32
f 430//32 428//32 431//32
f 429//32 431//32 428//32
f 432//32 430//32 433//32
f 430//32 431//32 433//32
f 432//32 434//32 430//32
f 410//32 435//32 409//32
f 436//32 437//32 430//32
f 436//32 430//32 434//32
f 438//32 439//32 430//32
f 440//32 438//32 430//32
f 441//32 442//32 430//32
f 441//32 430//32 439//32
f 442//32 444//32 443//32
f 443//32 430//32 442//32
f 437//32 440//32 430//32
f 445//32 410//32 446//32
f 410//32 445//32 435//32
f 419//32 447//32 446//32
f 445//32 446//32 447//32
f 419//32 420//32 448//32
f 448//32 447//32 419//32
f 449//25 451//25 450//25
f 452//25 454//25 453//25
f 453//25 454//25 455//25
f 455//25 454//25 456//25
f 457//25 452//25 458//25
f 452//25 453//25 458//25
f 457//25 460//25 459//25
f 460//25 457//25 458//25
f 461//25 462//25 459//25
f 459//25 460//25 461//25
f 463//25 462//25 464//25
f 461//25 464//25 462//25
f 465//25 466//25 464//25
f 464//25 466//25 463//25
f 467//25 468//25 464//25
f 464//25 468//25 465//25
f 469//25 470//25 464//25
f 464//25 470//25 467//25
f 456//25 451//25 455//25
f 464//25 471//25 469//25
f 472//25 464//25 473//25
f 474//25 471//25 464//25
f 475//25 472//25 473//25
f 476//25 478//25 477//25
f 476//25 480//25 479//25
f 456//25 481//25 451//25
f 472//25 474//25 464//25
f 451//25 481//25 450//25
f 480//25 476//25 449//25
f 449//25 450//25 480//25
f 478//25 476//25 479//25
f 482//25 476//25 477//25
f 482//25 477//25 483//25
f 484//25 482//25 485//25
f 486//25 485//25 487//25
f 486//25 484//25 485//25
f 488//25 485//25 489//25
f 488//25 487//25 485//25
f 490//25 489//25 485//25
f 483//25 485//25 482//25
f 491//134 493//134 492//134
f 491//134 492//134 494//134
f 495//135 497//136 496//137
f 498//138 500//139 499//140
f 501//137 503//141 502//139
f 499//140 504//141 498//138
f 505//141 507//142 506//137
f 506//137 507//142 508//139
f 509//143 511//137 510//141
f 512//144 509//143 510//141
f 513//141 510//141 506//137
f 511//137 506//137 510//141
f 514//145 516//137 515//139
f 517//141 496//137 506//137
f 496//137 517//141 495//135
f 516//137 514//145 496//137
f 506//137 496//137 514//145
f 518//146 519//141 516//137
f 516//137 519//141 515//139
f 508//139 513//141 506//137
f 514//145 505//141 506//137
f 513//141 503//141 520//147
f 510//141 513//141 520//147
f 503//141 501//137 520//147
f 498//138 504//141 503//141
f 502//139 503//141 504//141
f 521//148 523//148 522//148
f 521//148 522//148 524//148
f 525//149 527//150 526//149
f 525//149 526//149 528//149
f 529//151 531//152 530//153
f 529//151 532//154 531//152
f 530//153 531//152 533//155
f 534//25 530//153 533//155
f 535//25 534//25 533//155
f 529//151 536//156 532//154
f 537//157 536//156 538//158
f 536//156 537//157 532//154
f 537//157 538//158 539//159
f 539//159 538//158 540//160
f 541//161 543//160 542//162
f 545//163 547//156 546//164
f 548//165 544//166 549//25
f 546//164 547//156 550//167
f 542//162 550//167 541//161
f 547//156 541//161 550//167
f 551//168 553//169 552//170
f 554//32 555//171 551//168
f 553//169 551//168 555//171
f 556//32 555//171 554//32
f 553//169 557//172 552//170
f 558//173 552//170 557//172
f 559//174 558//173 557//172
f 560//175 559//174 561//150
f 559//174 560//175 558//173
f 560//175 561//150 562//150
f 563//176 565//177 564//178
f 563//176 567//10 566//10
f 563//176 564//178 567//10
f 568//179 564//178 565//177
f 569//180 568//179 565//177
f 570//181 569//180 571//149
f 569//180 570//181 568//179
f 570//181 571//149 572//149
f 573//27 575//27 574//27
f 574//27 576//27 573//27
f 577//29 579//29 578//28
f 577//29 578//28 580//29
f 581//56 583//58 582//55
f 584//53 585//54 582//55
f 581//56 582//55 585//54
f 584//53 587//63 586//62
f 586//62 585//54 584//53
f 588//64 587//63 589//60
f 587//63 588//64 586//62
f 590//61 591//59 589//60
f 588//64 589//60 591//59
f 590//61 593//66 592//68
f 592//68 591//59 590//61
f 594//65 593//66 595//67
f 593//66 594//65 592//68
f 596//69 597//70 595//67
f 594//65 595//67 597//70
f 596//69 599//71 598//72
f 598//72 597//70 596//69
f 600//71 599//71 601//73
f 599//71 600//71 598//72
f 602//74 603//73 601//73
f 600//71 601//73 603//73
f 604//74 603//73 602//74
f 605//57 583//58 581//56
f 606//48 605//57 607//49
f 605//57 606//48 583//58
f 608//51 609//47 607//49
f 606//48 607//49 609//47
f 608//51 611//52 610//50
f 610//50 609//47 608//51
f 612//43 611//52 613//41
f 611//52 612//43 610//50
f 614//46 615//42 613//41
f 612//43 613//41 615//42
f 614//46 617//44 616//45
f 616//45 615//42 614//46
f 618//37 617//44 619//38
f 617//44 618//37 616//45
f 620//40 621//39 619//38
f 618//37 619//38 621//39
f 620//40 623//35 622//40
f 622//40 621//39 620//40
f 624//35 623//35 625//36
f 623//35 624//35 622//40
f 624//35 625//36 626//36
f 627//86 629//77 628//84
f 627//86 631//85 630//82
f 631//85 627//86 628//84
f 632//82 633//83 630//82
f 630//82 631//85 632//82
f 634//87 633//83 635//83
f 632//82 635//83 633//83
f 636//87 634//87 635//83
f 637//79 628//84 629//77
f 638//81 637//79 639//78
f 629//77 639//78 637//79
f 638//81 641//80 640//75
f 641//80 638//81 639//78
f 642//75 643//76 640//75
f 640//75 641//80 642//75
f 642//75 644//76 643//76
f 645//182 647//182 646//182
f 645//182 646//182 648//182
f 649//183 651//183 650//183
f 651//183 649//183 652//183
f 653//182 655//182 654//182
f 653//182 656//182 655//182
f 657//183 659//183 658//183
f 657//183 658//183 660//183
s 0
f 21//184 342//184 343//184
f 544//185 546//185 494//185
s 1
f 342//25 674//25 669//25
s 0
f 674//186 546//186 544//186
f 680//187 28//187 21//187
s 1
f 681//188 682//188 669//188
s 0
f 344//189 343//189 494//189
f 343//24 544//24 494//24
f 342//190 28//190 674//190
f 546//191 516//191 494//191
s 1
f 343//192 342//193 349//193
s 0
f 21//194 343//194 349//194
f 680//195 21//195 349//195
f 516//25 282//25 655//25
f 516//25 655//25 494//25
f 342//196 682//196 349//196
s 1
f 349//197 682//197 681//197
s 0
f 680//198 349//198 681//198
f 655//199 344//199 494//199
s 1
f 669//200 671//90 670//188
f 672//201 674//202 673//188
f 671//90 669//200 674//202
f 672//201 671//90 674//202
f 675//203 677//204 676//205
f 675//203 679//206 678//207
f 683//208 684//209 677//204
f 685//210 684//209 683//208
f 677//204 684//209 676//205
f 679//206 675//203 676//205
s 0
f 686//211 546//211 669//211
s 1
f 688//212 690//213 689//214
f 691//215 693//216 692//217
f 694//218 696//219 695//220
f 697//221 699//222 698//223
f 700//224 702//225 701//226
f 703//227 705//228 704//229
f 706//230 708//231 707//232
f 709//233 711//234 710//235
f 712//236 714//237 713//238
f 715//239 717//240 716//241
f 718//242 720//243 719//244
f 721//245 723//246 722//247
f 724//248 726//249 725//250
f 727//251 729//252 728//253
f 730//254 732//255 731//256
f 733//257 735//258 734//259
f 736//260 738//261 737//262
f 739//263 741//264 740//265
f 742//266 744//267 743//268
f 745//269 747//270 746//271
f 746//271 740//265 745//269
f 748//272 749//273 747//270
f 746//271 747//270 749//273
f 750//274 748//272 751//275
f 748//272 750//274 749//273
f 751//275 753//276 752//277
f 752//277 750//274 751//275
f 754//278 755//279 753//276
f 752//277 753//276 755//279
f 756//280 754//278 757//281
f 754//278 756//280 755//279
f 757//281 759//282 758//283
f 758//283 756//280 757//281
f 760//284 761//285 759//282
f 758//283 759//282 761//285
f 762//286 760//284 689//214
f 760//284 762//286 761//285
f 690//213 762//286 689//214
f 743//268 741//264 739//263
f 740//265 741//264 745//269
f 735//258 744//267 742//266
f 742//266 743//268 739//263
f 738//261 733//257 734//259
f 733//257 744//267 735//258
f 736//260 737//262 727//251
f 738//261 734//259 737//262
f 728//253 729//252 730//254
f 736//260 727//251 728//253
f 732//255 722//247 731//256
f 729//252 732//255 730//254
f 721//245 725//250 723//246
f 722//247 723//246 731//256
f 717//240 726//249 724//248
f 724//248 725//250 721//245
f 720//243 715//239 716//241
f 715//239 726//249 717//240
f 718//242 719//244 709//233
f 720//243 716//241 719//244
f 710//235 711//234 712//236
f 718//242 709//233 710//235
f 714//237 704//229 713//238
f 711//234 714//237 712//236
f 703//227 707//232 705//228
f 704//229 705//228 713//238
f 699//222 708//231 706//230
f 706//230 707//232 703//227
f 702//225 697//221 698//223
f 697//221 708//231 699//222
f 700//224 701//226 691//215
f 702//225 698//223 701//226
f 692//217 693//216 695//220
f 700//224 691//215 692//217
f 694//218 688//212 696//219
f 693//216 694//218 695//220
f 689//214 696//219 688//212
f 763//287 765//288 764//289
f 766//290 768//291 767//292
f 769//293 771//294 770//295
f 772//296 774//297 773//298
f 775//299 777//300 776//301
f 778//302 780//303 779//304
f 781//305 783//306 782//307
f 784//308 786//309 785//310
f 787//236 789//311 788//312
f 790//313 792//314 791//315
f 793//316 795//317 794//318
f 796//319 798//246 797//320
f 799//321 801//322 800//323
f 802//324 804//325 803//326
f 805//327 807//328 806//329
f 808//330 810//331 809//259
f 811//332 813//333 812//334
f 814//335 816//336 815//337
f 817//338 819//339 818//268
f 820//269 822//340 821//341
f 821//341 815//337 820//269
f 823//342 824//343 822//340
f 821//341 822//340 824//343
f 825//344 823//342 826//345
f 823//342 825//344 824//343
f 826//345 828//346 827//347
f 827//347 825//344 826//345
f 829//348 830//349 828//346
f 827//347 828//346 830//349
f 831//350 829//348 832//351
f 829//348 831//350 830//349
f 832//351 834//352 833//353
f 833//353 831//350 832//351
f 835//354 836//355 834//352
f 833//353 834//352 836//355
f 837//356 835//354 764//289
f 835//354 837//356 836//355
f 765//288 837//356 764//289
f 818//268 816//336 814//335
f 815//337 816//336 820//269
f 810//331 819//339 817//338
f 817//338 818//268 814//335
f 813//333 808//330 809//259
f 808//330 819//339 810//331
f 811//332 812//334 802//324
f 813//333 809//259 812//334
f 803//326 804//325 805//327
f 811//332 802//324 803//326
f 807//328 797//320 806//329
f 804//325 807//328 805//327
f 796//319 800//323 798//246
f 797//320 798//246 806//329
f 792//314 801//322 799//321
f 799//321 800//323 796//319
f 795//317 790//313 791//315
f 790//313 801//322 792//314
f 793//316 794//318 784//308
f 795//317 791//315 794//318
f 785//310 786//309 787//236
f 793//316 784//308 785//310
f 789//311 779//304 788//312
f 786//309 789//311 787//236
f 778//302 782//307 780//303
f 779//304 780//303 788//312
f 774//297 783//306 781//305
f 781//305 782//307 778//302
f 777//300 772//296 773//298
f 772//296 783//306 774//297
f 775//299 776//301 766//290
f 777//300 773//298 776//301
f 767//292 768//291 770//295
f 775//299 766//290 767//292
f 769//293 763//287 771//294
f 768//291 769//293 770//295
f 764//289 771//294 763//287
s 0
f 674//357 669//357 546//357
f 678//358 669//358 682//358
f 686//359 282//359 516//359
f 282//360 344//360 655//360
s 1
f 682//361 681//361 344//361
s 0
f 681//362 680//362 344//362
f 680//363 21//363 344//363
f 21//364 343//364 344//364
f 282//365 499//365 344//365
f 499//366 682//366 344//366
f 21//187 680//187 674//187
f 674//367 343//367 21//367
s 1
f 687//368 282//369 686//370
f 678//371 687//368 686//370
s 0
f 687//372 499//372 282//372
f 499//373 678//373 682//373
f 687//374 678//374 499//374
f 681//202 669//202 674//202
f 21//375 28//375 342//375
f 680//376 674//376 28//376
f 342//377 669//377 682//377
f 686//378 516//378 546//378
f 678//379 686//379 669//379
f 674//380 544//380 343//380
l 667 668
l 665 666
l 663 664
l 663 665
l 30 31
l 661 662
o Part_9.005
v 0.047540 0.015700 -0.004558
v 0.040948 0.015690 -0.019685
v 0.046901 0.015548 -0.004279
v 0.039328 0.015203 -0.019651
v 0.046295 0.015301 -0.004000
v 0.040120 0.015507 -0.019668
v 0.048194 0.015750 -0.004826
v 0.041782 0.015750 -0.019703
v 0.038602 0.014789 -0.019635
v 0.037967 0.014286 -0.019621
v 0.044950 0.014286 -0.003420
v 0.045580 0.014859 -0.003692
v 0.037768 0.006464 -0.000325
v 0.044950 0.014286 -0.003420
v 0.037967 0.014286 -0.019621
v 0.029529 0.006464 -0.019440
v 0.044950 0.014286 -0.003420
v 0.044163 0.025750 -0.003081
v 0.045580 0.014859 -0.003692
v 0.042031 0.025750 -0.002162
v 0.046295 0.025750 -0.004000
v 0.046295 0.015301 -0.004000
v 0.039900 0.025750 -0.001243
v 0.037768 0.006464 -0.000325
v 0.037768 0.025750 -0.000325
v 0.029529 0.006464 -0.019440
v 0.029529 0.025750 -0.019440
v 0.031589 0.025750 -0.014661
v 0.033648 0.025750 -0.009882
v 0.035708 0.025750 -0.005103
v 0.037768 0.006464 -0.000325
v 0.037768 0.025750 -0.000325
v 0.038602 0.014789 -0.019635
v 0.029529 0.025750 -0.019440
v 0.037967 0.014286 -0.019621
v 0.039328 0.015203 -0.019651
v 0.040120 0.015507 -0.019668
v 0.035655 0.025750 -0.019572
v 0.038719 0.025750 -0.019638
v 0.059035 0.015750 -0.020074
v 0.059035 0.025750 -0.020074
v 0.041782 0.015750 -0.019703
v 0.032592 0.025750 -0.019506
v 0.029529 0.006464 -0.019440
v 0.040948 0.015690 -0.019685
v 0.041782 0.025750 -0.019703
v 0.051725 0.025750 -0.005995
v 0.053608 0.025750 -0.006439
v 0.051812 0.015750 -0.006019
v 0.053660 0.015750 -0.006450
v 0.055508 0.025750 -0.006767
v 0.057432 0.025750 -0.006981
v 0.055533 0.015750 -0.006770
v 0.057432 0.015750 -0.006981
v 0.049990 0.015750 -0.005477
v 0.048194 0.015750 -0.004826
v 0.049878 0.025750 -0.005441
v 0.048068 0.025750 -0.004775
v 0.047540 0.015700 -0.004558
v 0.046901 0.015548 -0.004279
v 0.046295 0.025750 -0.004000
v 0.046295 0.015301 -0.004000
v 0.049990 0.015750 -0.005477
v 0.051812 0.015750 -0.006019
v 0.051195 0.015750 -0.009502
v 0.053660 0.015750 -0.006450
v 0.052467 0.015750 -0.009238
v 0.050230 0.015750 -0.011465
v 0.050297 0.015750 -0.011789
v 0.047881 0.015750 -0.013668
v 0.055533 0.015750 -0.006770
v 0.057432 0.015750 -0.006981
v 0.054014 0.015750 -0.010347
v 0.052294 0.015750 -0.013220
v 0.048860 0.015750 -0.016194
v 0.048955 0.015750 -0.015877
v 0.059035 0.015750 -0.020074
v 0.054077 0.015750 -0.011953
v 0.054172 0.015750 -0.011637
v 0.054213 0.015750 -0.011309
v 0.054200 0.015750 -0.010979
v 0.053381 0.015750 -0.009597
v 0.053632 0.015750 -0.009811
v 0.048917 0.015750 -0.014896
v 0.051333 0.015750 -0.013017
v 0.048984 0.015750 -0.015220
v 0.048797 0.015750 -0.014588
v 0.051050 0.015750 -0.012847
v 0.048997 0.015750 -0.015549
v 0.051640 0.015750 -0.013137
v 0.051964 0.015750 -0.013206
v 0.048714 0.015750 -0.016490
v 0.052621 0.015750 -0.013180
v 0.046747 0.015750 -0.017447
v 0.047077 0.015750 -0.017461
v 0.041782 0.015750 -0.019703
v 0.052938 0.015750 -0.013087
v 0.047722 0.015750 -0.017327
v 0.048019 0.015750 -0.017183
v 0.053504 0.015750 -0.012751
v 0.053235 0.015750 -0.012942
v 0.053931 0.015750 -0.012249
v 0.053739 0.015750 -0.012518
v 0.054133 0.015750 -0.010655
v 0.053845 0.015750 -0.010063
v 0.053097 0.015750 -0.009427
v 0.052790 0.015750 -0.009306
v 0.052137 0.015750 -0.009223
v 0.051809 0.015750 -0.009264
v 0.051492 0.015750 -0.009357
v 0.050926 0.015750 -0.009693
v 0.048194 0.015750 -0.004826
v 0.050692 0.015750 -0.009926
v 0.050354 0.015750 -0.010491
v 0.050499 0.015750 -0.010194
v 0.047573 0.015750 -0.013547
v 0.047250 0.015750 -0.013479
v 0.050217 0.015750 -0.011135
v 0.048416 0.015750 -0.014051
v 0.050585 0.015750 -0.012381
v 0.048629 0.015750 -0.014304
v 0.048164 0.015750 -0.013837
v 0.050417 0.015750 -0.012096
v 0.045200 0.015750 -0.016337
v 0.045080 0.015750 -0.016029
v 0.045013 0.015750 -0.015706
v 0.045581 0.015750 -0.016874
v 0.045368 0.015750 -0.016621
v 0.046116 0.015750 -0.017258
v 0.045833 0.015750 -0.017088
v 0.046424 0.015750 -0.017378
v 0.047405 0.015750 -0.017421
v 0.048522 0.015750 -0.016758
v 0.048288 0.015750 -0.016992
v 0.050798 0.015750 -0.012633
v 0.050259 0.015750 -0.010807
v 0.046920 0.015750 -0.013464
v 0.046592 0.015750 -0.013504
v 0.045978 0.015750 -0.013742
v 0.046275 0.015750 -0.013598
v 0.045283 0.015750 -0.014435
v 0.045137 0.015750 -0.014732
v 0.045475 0.015750 -0.014167
v 0.045709 0.015750 -0.013934
v 0.045000 0.015750 -0.015376
v 0.045042 0.015750 -0.015048
v 0.057432 0.025750 -0.006981
v 0.059035 0.025750 -0.020074
v 0.059035 0.015750 -0.020074
v 0.057432 0.015750 -0.006981
v 0.052294 0.015750 -0.013220
v 0.052621 0.025750 -0.013180
v 0.052621 0.015750 -0.013180
v 0.050230 0.025750 -0.011465
v 0.050230 0.015750 -0.011465
v 0.050217 0.015750 -0.011135
v 0.052938 0.015750 -0.013087
v 0.052938 0.025750 -0.013087
v 0.053235 0.025750 -0.012942
v 0.053235 0.015750 -0.012942
v 0.053504 0.025750 -0.012751
v 0.053504 0.015750 -0.012751
v 0.053739 0.015750 -0.012518
v 0.053739 0.025750 -0.012518
v 0.053931 0.025750 -0.012249
v 0.053931 0.015750 -0.012249
v 0.054077 0.025750 -0.011953
v 0.054077 0.015750 -0.011953
v 0.054172 0.015750 -0.011637
v 0.054172 0.025750 -0.011637
v 0.054213 0.025750 -0.011309
v 0.054213 0.015750 -0.011309
v 0.054200 0.025750 -0.010979
v 0.054200 0.015750 -0.010979
v 0.052294 0.025750 -0.013220
v 0.051964 0.015750 -0.013206
v 0.051964 0.025750 -0.013206
v 0.051640 0.015750 -0.013137
v 0.051640 0.025750 -0.013137
v 0.051333 0.025750 -0.013017
v 0.051333 0.015750 -0.013017
v 0.051050 0.015750 -0.012847
v 0.051050 0.025750 -0.012847
v 0.050798 0.015750 -0.012633
v 0.050798 0.025750 -0.012633
v 0.050585 0.025750 -0.012381
v 0.050585 0.015750 -0.012381
v 0.050417 0.015750 -0.012096
v 0.050417 0.025750 -0.012096
v 0.050297 0.015750 -0.011789
v 0.050297 0.025750 -0.011789
v 0.050259 0.025750 -0.010807
v 0.050217 0.025750 -0.011135
v 0.050259 0.015750 -0.010807
v 0.050692 0.025750 -0.009926
v 0.050499 0.025750 -0.010194
v 0.050692 0.015750 -0.009926
v 0.050354 0.025750 -0.010491
v 0.050354 0.015750 -0.010491
v 0.050499 0.015750 -0.010194
v 0.051195 0.025750 -0.009502
v 0.051492 0.015750 -0.009357
v 0.051492 0.025750 -0.009357
v 0.050926 0.015750 -0.009693
v 0.051195 0.015750 -0.009502
v 0.050926 0.025750 -0.009693
v 0.052467 0.015750 -0.009238
v 0.052467 0.025750 -0.009238
v 0.052137 0.025750 -0.009223
v 0.052137 0.015750 -0.009223
v 0.051809 0.025750 -0.009264
v 0.051809 0.015750 -0.009264
v 0.053381 0.025750 -0.009597
v 0.053097 0.025750 -0.009427
v 0.053381 0.015750 -0.009597
v 0.052790 0.025750 -0.009306
v 0.052790 0.015750 -0.009306
v 0.053097 0.015750 -0.009427
v 0.053845 0.015750 -0.010063
v 0.053632 0.025750 -0.009811
v 0.053632 0.015750 -0.009811
v 0.054014 0.015750 -0.010347
v 0.053845 0.025750 -0.010063
v 0.054014 0.025750 -0.010347
v 0.054133 0.015750 -0.010655
v 0.054133 0.025750 -0.010655
v 0.047077 0.015750 -0.017461
v 0.047405 0.025750 -0.017421
v 0.047405 0.015750 -0.017421
v 0.045013 0.025750 -0.015706
v 0.045013 0.015750 -0.015706
v 0.045000 0.015750 -0.015376
v 0.047722 0.015750 -0.017327
v 0.047722 0.025750 -0.017327
v 0.048019 0.025750 -0.017183
v 0.048019 0.015750 -0.017183
v 0.048288 0.025750 -0.016992
v 0.048288 0.015750 -0.016992
v 0.048522 0.015750 -0.016758
v 0.048522 0.025750 -0.016758
v 0.048714 0.025750 -0.016490
v 0.048714 0.015750 -0.016490
v 0.048860 0.025750 -0.016194
v 0.048860 0.015750 -0.016194
v 0.048955 0.015750 -0.015877
v 0.048955 0.025750 -0.015877
v 0.048997 0.025750 -0.015549
v 0.048997 0.015750 -0.015549
v 0.048984 0.025750 -0.015220
v 0.048984 0.015750 -0.015220
v 0.047077 0.025750 -0.017461
v 0.046747 0.015750 -0.017447
v 0.046747 0.025750 -0.017447
v 0.046424 0.015750 -0.017378
v 0.046424 0.025750 -0.017378
v 0.046116 0.025750 -0.017258
v 0.046116 0.015750 -0.017258
v 0.045833 0.015750 -0.017088
v 0.045833 0.025750 -0.017088
v 0.045581 0.015750 -0.016874
v 0.045581 0.025750 -0.016874
v 0.045368 0.025750 -0.016621
v 0.045368 0.015750 -0.016621
v 0.045200 0.015750 -0.016337
v 0.045200 0.025750 -0.016337
v 0.045080 0.015750 -0.016029
v 0.045080 0.025750 -0.016029
v 0.045042 0.025750 -0.015048
v 0.045000 0.025750 -0.015376
v 0.045042 0.015750 -0.015048
v 0.045475 0.025750 -0.014167
v 0.045283 0.025750 -0.014435
v 0.045475 0.015750 -0.014167
v 0.045137 0.025750 -0.014732
v 0.045137 0.015750 -0.014732
v 0.045283 0.015750 -0.014435
v 0.045978 0.025750 -0.013742
v 0.046275 0.015750 -0.013598
v 0.046275 0.025750 -0.013598
v 0.045709 0.015750 -0.013934
v 0.045978 0.015750 -0.013742
v 0.045709 0.025750 -0.013934
v 0.047250 0.015750 -0.013479
v 0.047250 0.025750 -0.013479
v 0.046920 0.025750 -0.013464
v 0.046920 0.015750 -0.013464
v 0.046592 0.025750 -0.013504
v 0.046592 0.015750 -0.013504
v 0.048164 0.025750 -0.013837
v 0.047881 0.025750 -0.013668
v 0.048164 0.015750 -0.013837
v 0.047573 0.025750 -0.013547
v 0.047573 0.015750 -0.013547
v 0.047881 0.015750 -0.013668
v 0.048629 0.015750 -0.014304
v 0.048416 0.025750 -0.014051
v 0.048416 0.015750 -0.014051
v 0.048797 0.015750 -0.014588
v 0.048629 0.025750 -0.014304
v 0.048797 0.025750 -0.014588
v 0.048917 0.015750 -0.014896
v 0.048917 0.025750 -0.014896
v 0.051725 0.025750 -0.005995
v 0.052467 0.025750 -0.009238
v 0.053608 0.025750 -0.006439
v 0.050692 0.025750 -0.009926
v 0.050926 0.025750 -0.009693
v 0.049878 0.025750 -0.005441
v 0.046295 0.025750 -0.004000
v 0.044791 0.025750 -0.009234
v 0.048068 0.025750 -0.004775
v 0.051195 0.025750 -0.009502
v 0.055508 0.025750 -0.006767
v 0.054014 0.025750 -0.010347
v 0.057432 0.025750 -0.006981
v 0.052294 0.025750 -0.013220
v 0.048955 0.025750 -0.015877
v 0.048860 0.025750 -0.016194
v 0.059035 0.025750 -0.020074
v 0.054172 0.025750 -0.011637
v 0.054077 0.025750 -0.011953
v 0.053381 0.025750 -0.009597
v 0.053632 0.025750 -0.009811
v 0.048629 0.025750 -0.014304
v 0.050585 0.025750 -0.012381
v 0.048416 0.025750 -0.014051
v 0.050798 0.025750 -0.012633
v 0.054200 0.025750 -0.010979
v 0.054213 0.025750 -0.011309
v 0.048917 0.025750 -0.014896
v 0.048984 0.025750 -0.015220
v 0.051333 0.025750 -0.013017
v 0.051050 0.025750 -0.012847
v 0.051640 0.025750 -0.013137
v 0.048997 0.025750 -0.015549
v 0.051964 0.025750 -0.013206
v 0.048714 0.025750 -0.016490
v 0.052621 0.025750 -0.013180
v 0.041782 0.025750 -0.019703
v 0.047077 0.025750 -0.017461
v 0.046747 0.025750 -0.017447
v 0.048797 0.025750 -0.014588
v 0.052938 0.025750 -0.013087
v 0.047722 0.025750 -0.017327
v 0.048019 0.025750 -0.017183
v 0.053504 0.025750 -0.012751
v 0.053235 0.025750 -0.012942
v 0.053931 0.025750 -0.012249
v 0.053739 0.025750 -0.012518
v 0.054133 0.025750 -0.010655
v 0.053845 0.025750 -0.010063
v 0.053097 0.025750 -0.009427
v 0.052790 0.025750 -0.009306
v 0.052137 0.025750 -0.009223
v 0.051492 0.025750 -0.009357
v 0.051809 0.025750 -0.009264
v 0.050499 0.025750 -0.010194
v 0.050354 0.025750 -0.010491
v 0.047250 0.025750 -0.013479
v 0.050217 0.025750 -0.011135
v 0.050259 0.025750 -0.010807
v 0.050297 0.025750 -0.011789
v 0.047881 0.025750 -0.013668
v 0.048164 0.025750 -0.013837
v 0.043286 0.025750 -0.014469
v 0.045080 0.025750 -0.016029
v 0.045013 0.025750 -0.015706
v 0.050230 0.025750 -0.011465
v 0.045200 0.025750 -0.016337
v 0.045581 0.025750 -0.016874
v 0.045368 0.025750 -0.016621
v 0.046116 0.025750 -0.017258
v 0.045833 0.025750 -0.017088
v 0.046424 0.025750 -0.017378
v 0.047405 0.025750 -0.017421
v 0.048522 0.025750 -0.016758
v 0.048288 0.025750 -0.016992
v 0.045978 0.025750 -0.013742
v 0.046275 0.025750 -0.013598
v 0.050417 0.025750 -0.012096
v 0.047573 0.025750 -0.013547
v 0.046592 0.025750 -0.013504
v 0.046920 0.025750 -0.013464
v 0.045709 0.025750 -0.013934
v 0.045283 0.025750 -0.014435
v 0.045475 0.025750 -0.014167
v 0.045042 0.025750 -0.015048
v 0.045137 0.025750 -0.014732
v 0.045000 0.025750 -0.015376
v 0.037865 0.026348 -0.000356
v 0.037964 0.026945 -0.000388
v 0.040004 0.026487 -0.001302
v 0.066722 0.043298 -0.001496
v 0.066772 0.044191 0.000264
v 0.067354 0.043275 -0.001475
v 0.065564 0.044271 0.000206
v 0.066168 0.044231 0.000235
v 0.066092 0.043322 -0.001517
v 0.067377 0.044153 0.000293
v 0.067989 0.043253 -0.001455
v 0.067571 0.042383 -0.003232
v 0.068626 0.043232 -0.001435
v 0.067982 0.044115 0.000321
v 0.068586 0.044079 0.000350
v 0.069265 0.043211 -0.001414
v 0.069191 0.044043 0.000379
v 0.069906 0.043191 -0.001394
v 0.070761 0.042367 -0.003180
v 0.070975 0.041563 -0.004987
v 0.070335 0.041547 -0.004987
v 0.069796 0.044007 0.000408
v 0.070547 0.043172 -0.001373
v 0.070400 0.043972 0.000437
v 0.071610 0.043901 0.000494
v 0.071189 0.043152 -0.001353
v 0.071005 0.043937 0.000465
v 0.071831 0.043133 -0.001332
v 0.072215 0.043866 0.000522
v 0.073339 0.042361 -0.003131
v 0.073563 0.041629 -0.004973
v 0.072910 0.041613 -0.004979
v 0.072473 0.043113 -0.001310
v 0.073114 0.043093 -0.001288
v 0.072819 0.043830 0.000551
v 0.073424 0.043793 0.000579
v 0.073755 0.043073 -0.001266
v 0.074029 0.043756 0.000607
v 0.074633 0.043719 0.000636
v 0.074394 0.043053 -0.001244
v 0.075238 0.043682 0.000664
v 0.075032 0.043032 -0.001221
v 0.075288 0.042355 -0.003084
v 0.075670 0.043012 -0.001198
v 0.076308 0.042991 -0.001176
v 0.075843 0.043644 0.000693
v 0.076447 0.043607 0.000721
v 0.077052 0.043570 0.000750
v 0.076946 0.042970 -0.001154
v 0.077512 0.041722 -0.004926
v 0.077869 0.042343 -0.003029
v 0.078154 0.041737 -0.004924
v 0.077657 0.043534 0.000779
v 0.077585 0.042949 -0.001134
v 0.080149 0.042869 -0.001063
v 0.079506 0.042888 -0.001078
v 0.079471 0.043430 0.000866
v 0.078224 0.042929 -0.001114
v 0.078261 0.043499 0.000808
v 0.078866 0.043464 0.000837
v 0.078864 0.042908 -0.001095
v 0.080076 0.043398 0.000896
v 0.080793 0.042849 -0.001049
v 0.080681 0.043366 0.000926
v 0.081286 0.043335 0.000956
v 0.081891 0.043303 0.000986
v 0.081438 0.042830 -0.001035
v 0.082495 0.043271 0.001015
v 0.082083 0.042811 -0.001021
v 0.086404 0.043004 0.001192
v 0.087149 0.042636 -0.000795
v 0.086533 0.042662 -0.000845
v 0.086032 0.043039 0.001178
v 0.085909 0.042686 -0.000884
v 0.085660 0.043071 0.001163
v 0.083100 0.043238 0.001045
v 0.083370 0.042772 -0.000989
v 0.082727 0.042792 -0.001006
v 0.083474 0.041865 -0.005079
v 0.084058 0.042316 -0.003025
v 0.084106 0.041880 -0.005081
v 0.083705 0.043203 0.001074
v 0.084010 0.042752 -0.000970
v 0.084310 0.043166 0.001102
v 0.084647 0.042731 -0.000946
v 0.084914 0.043126 0.001130
v 0.085281 0.042709 -0.000918
v 0.085287 0.043099 0.001147
v 0.085495 0.041912 -0.005037
v 0.086090 0.042308 -0.002935
v 0.086270 0.041929 -0.004985
v 0.086822 0.042304 -0.002876
v 0.087148 0.042923 0.001228
v 0.086776 0.042966 0.001209
v 0.087750 0.042610 -0.000728
v 0.087581 0.042301 -0.002797
v 0.088330 0.042583 -0.000635
v 0.088352 0.042298 -0.002688
v 0.087517 0.042875 0.001265
v 0.088881 0.042555 -0.000509
v 0.089120 0.042294 -0.002538
v 0.087795 0.042834 0.001296
v 0.090857 0.042026 -0.004166
v 0.091123 0.041733 -0.006224
v 0.089910 0.042005 -0.004440
v 0.089871 0.042498 -0.000123
v 0.089397 0.042526 -0.000341
v 0.088335 0.042743 0.001432
v 0.088065 0.042791 0.001353
v 0.089869 0.042290 -0.002337
v 0.090584 0.042286 -0.002077
v 0.091249 0.042283 -0.001745
v 0.090297 0.042469 0.000153
v 0.088587 0.042694 0.001543
v 0.091848 0.042279 -0.001332
v 0.090667 0.042441 0.000494
v 0.093399 0.042089 -0.002817
v 0.094416 0.041872 -0.004714
v 0.092626 0.042068 -0.003367
v 0.088815 0.042643 0.001694
v 0.090984 0.042413 0.000898
v 0.092368 0.042275 -0.000829
v 0.089018 0.042592 0.001881
v 0.091256 0.042386 0.001356
v 0.092809 0.042272 -0.000241
v 0.093183 0.042268 0.000422
v 0.091490 0.042358 0.001858
v 0.089197 0.042544 0.002088
v 0.095510 0.042170 0.000433
v 0.097219 0.042048 -0.001042
v 0.095109 0.042150 -0.000513
v 0.089343 0.042498 0.002323
v 0.089476 0.042453 0.002566
v 0.091694 0.042331 0.002396
v 0.093500 0.042264 0.001145
v 0.093773 0.042261 0.001919
v 0.091875 0.042304 0.002962
v 0.089589 0.042411 0.002819
v 0.095851 0.042190 0.001441
v 0.096148 0.042210 0.002496
v 0.098062 0.042135 0.001416
v 0.089693 0.042369 0.003076
v 0.089966 0.042250 0.003863
v 0.092041 0.042277 0.003545
v 0.089881 0.042289 0.003598
v 0.089790 0.042329 0.003336
v 0.094011 0.042257 0.002729
v 0.094228 0.042254 0.003563
v 0.098448 0.042185 0.002927
v 0.096415 0.042230 0.003582
v 0.094433 0.042250 0.004410
v 0.092200 0.042250 0.004137
v 0.098900 0.042250 0.004957
v 0.098791 0.042234 0.004449
v 0.096666 0.042250 0.004684
v 0.098678 0.042218 0.003941
v 0.064959 0.044312 0.000177
v 0.065464 0.043347 -0.001538
v 0.064837 0.043371 -0.001560
v 0.064208 0.043396 -0.001581
v 0.064355 0.044353 0.000147
v 0.063750 0.044393 0.000118
v 0.065033 0.042409 -0.003281
v 0.063578 0.043419 -0.001602
v 0.063146 0.044432 0.000090
v 0.062541 0.044470 0.000061
v 0.062943 0.043441 -0.001624
v 0.062303 0.043462 -0.001644
v 0.061937 0.044505 0.000032
v 0.062480 0.042429 -0.003330
v 0.061657 0.043480 -0.001665
v 0.061003 0.043495 -0.001685
v 0.061332 0.044538 0.000004
v 0.060726 0.044568 -0.000025
v 0.060339 0.043507 -0.001705
v 0.060121 0.044595 -0.000053
v 0.059516 0.044619 -0.000080
v 0.059665 0.043515 -0.001724
v 0.058910 0.044638 -0.000108
v 0.058981 0.043516 -0.001742
v 0.058305 0.044650 -0.000135
v 0.058289 0.043508 -0.001760
v 0.057699 0.044654 -0.000163
v 0.059220 0.042391 -0.003368
v 0.057592 0.043488 -0.001777
v 0.056891 0.043451 -0.001793
v 0.057093 0.044647 -0.000190
v 0.056487 0.044628 -0.000217
v 0.056188 0.043394 -0.001809
v 0.055882 0.044595 -0.000243
v 0.055279 0.044546 -0.000270
v 0.055486 0.043314 -0.001824
v 0.054676 0.044480 -0.000296
v 0.054786 0.043208 -0.001839
v 0.054076 0.044395 -0.000322
v 0.053480 0.044288 -0.000348
v 0.054091 0.043072 -0.001853
v 0.053402 0.042904 -0.001866
v 0.052888 0.044159 -0.000373
v 0.052721 0.042705 -0.001879
v 0.052301 0.044009 -0.000398
v 0.053989 0.040218 -0.004823
v 0.053983 0.041665 -0.003357
v 0.054563 0.040426 -0.004848
v 0.051719 0.043838 -0.000422
v 0.051144 0.043647 -0.000446
v 0.052048 0.042476 -0.001890
v 0.051383 0.042217 -0.001901
v 0.050729 0.041930 -0.001910
v 0.050576 0.043437 -0.000469
v 0.049461 0.042961 -0.000512
v 0.050015 0.043208 -0.000491
v 0.048916 0.042696 -0.000533
v 0.050086 0.041617 -0.001918
v 0.049455 0.041277 -0.001925
v 0.048836 0.040912 -0.001930
v 0.048379 0.042415 -0.000552
v 0.047851 0.042118 -0.000571
v 0.048231 0.040524 -0.001933
v 0.047331 0.041805 -0.000588
v 0.046822 0.041476 -0.000605
v 0.047641 0.040113 -0.001935
v 0.046322 0.041133 -0.000620
v 0.045833 0.040774 -0.000634
v 0.047066 0.039679 -0.001934
v 0.046506 0.039222 -0.001931
v 0.045355 0.040402 -0.000647
v 0.044887 0.040016 -0.000658
v 0.045963 0.038744 -0.001927
v 0.044432 0.039616 -0.000668
v 0.045437 0.038245 -0.001920
v 0.043987 0.039203 -0.000677
v 0.044928 0.037725 -0.001911
v 0.044438 0.037184 -0.001900
v 0.043555 0.038777 -0.000684
v 0.042729 0.037889 -0.000695
v 0.043136 0.038339 -0.000690
v 0.043967 0.036624 -0.001886
v 0.042336 0.037428 -0.000698
v 0.043517 0.036044 -0.001870
v 0.041955 0.036956 -0.000700
v 0.045456 0.035648 -0.003075
v 0.043088 0.035446 -0.001851
v 0.041590 0.036472 -0.000700
v 0.041239 0.035977 -0.000698
v 0.040903 0.035472 -0.000694
v 0.042684 0.034831 -0.001829
v 0.042306 0.034200 -0.001804
v 0.041955 0.033553 -0.001776
v 0.040584 0.034956 -0.000688
v 0.039998 0.033895 -0.000671
v 0.040282 0.034431 -0.000681
v 0.039732 0.033350 -0.000659
v 0.041635 0.032892 -0.001744
v 0.041345 0.032217 -0.001708
v 0.039487 0.032795 -0.000644
v 0.041089 0.031531 -0.001668
v 0.039262 0.032232 -0.000627
v 0.039058 0.031662 -0.000607
v 0.040867 0.030833 -0.001624
v 0.038874 0.031084 -0.000585
v 0.040674 0.030125 -0.001576
v 0.040506 0.029409 -0.001525
v 0.038707 0.030502 -0.000561
v 0.038418 0.029325 -0.000508
v 0.038556 0.029915 -0.000535
v 0.038292 0.028732 -0.000479
v 0.040360 0.028685 -0.001472
v 0.040230 0.027956 -0.001417
v 0.038176 0.028138 -0.000449
v 0.040113 0.027223 -0.001360
v 0.038067 0.027542 -0.000419
v 0.039900 0.025750 -0.001243
v 0.042031 0.025750 -0.002162
v 0.044212 0.026338 -0.003170
v 0.044264 0.026925 -0.003259
v 0.046315 0.026259 -0.004104
v 0.037768 0.025750 -0.000325
v 0.046295 0.025750 -0.004000
v 0.046340 0.026768 -0.004207
v 0.042108 0.026413 -0.002236
v 0.044163 0.025750 -0.003081
v 0.042276 0.027733 -0.002382
v 0.042188 0.027074 -0.002309
v 0.042376 0.028390 -0.002453
v 0.042491 0.029042 -0.002522
v 0.042625 0.029689 -0.002589
v 0.042783 0.030330 -0.002653
v 0.042967 0.030963 -0.002714
v 0.043182 0.031588 -0.002770
v 0.043428 0.032204 -0.002824
v 0.043702 0.032810 -0.002873
v 0.044004 0.033404 -0.002920
v 0.044332 0.033986 -0.002963
v 0.044685 0.034555 -0.003003
v 0.045060 0.035109 -0.003040
v 0.045871 0.036171 -0.003108
v 0.047304 0.035157 -0.004315
v 0.046944 0.034672 -0.004264
v 0.046305 0.036676 -0.003138
v 0.046757 0.037165 -0.003165
v 0.047226 0.037635 -0.003191
v 0.047712 0.038086 -0.003215
v 0.048214 0.038519 -0.003236
v 0.048731 0.038933 -0.003256
v 0.049263 0.039327 -0.003274
v 0.049810 0.039700 -0.003289
v 0.050371 0.040052 -0.003303
v 0.050944 0.040383 -0.003316
v 0.051530 0.040690 -0.003327
v 0.052128 0.040973 -0.003336
v 0.052736 0.041231 -0.003344
v 0.053355 0.041462 -0.003351
v 0.054620 0.041840 -0.003362
v 0.055264 0.041986 -0.003366
v 0.055916 0.042104 -0.003369
v 0.056572 0.042198 -0.003372
v 0.057232 0.042271 -0.003373
v 0.057895 0.042325 -0.003373
v 0.058558 0.042364 -0.003371
v 0.058826 0.041220 -0.004983
v 0.059459 0.041265 -0.004995
v 0.059880 0.042408 -0.003364
v 0.060536 0.042419 -0.003358
v 0.061188 0.042426 -0.003350
v 0.061836 0.042429 -0.003340
v 0.062015 0.041378 -0.005016
v 0.062657 0.041396 -0.005015
v 0.063121 0.042426 -0.003318
v 0.063760 0.042422 -0.003306
v 0.064397 0.042416 -0.003294
v 0.064586 0.041437 -0.005006
v 0.065228 0.041447 -0.005002
v 0.065667 0.042402 -0.003268
v 0.066301 0.042395 -0.003255
v 0.066936 0.042388 -0.003243
v 0.067150 0.041478 -0.004990
v 0.067788 0.041490 -0.004989
v 0.068207 0.042378 -0.003221
v 0.068844 0.042375 -0.003211
v 0.069481 0.042372 -0.003201
v 0.070121 0.042369 -0.003190
v 0.071403 0.042366 -0.003169
v 0.072046 0.042364 -0.003157
v 0.072692 0.042363 -0.003145
v 0.073988 0.042359 -0.003116
v 0.074638 0.042357 -0.003100
v 0.074882 0.041661 -0.004957
v 0.075544 0.041677 -0.004948
v 0.075937 0.042352 -0.003068
v 0.076585 0.042349 -0.003054
v 0.077229 0.042346 -0.003040
v 0.078504 0.042340 -0.003020
v 0.079133 0.042337 -0.003014
v 0.079755 0.042334 -0.003012
v 0.080369 0.042332 -0.003014
v 0.080976 0.042329 -0.003020
v 0.081581 0.042326 -0.003027
v 0.082187 0.042324 -0.003033
v 0.082800 0.042321 -0.003036
v 0.083422 0.042319 -0.003034
v 0.084712 0.042313 -0.003007
v 0.085388 0.042310 -0.002978
v 0.087110 0.041947 -0.004908
v 0.088012 0.041966 -0.004799
v 0.088953 0.041985 -0.004647
v 0.090117 0.041694 -0.006485
v 0.091770 0.042047 -0.003812
v 0.093531 0.041832 -0.005259
v 0.094069 0.042109 -0.002153
v 0.094634 0.042130 -0.001380
v 0.096770 0.042011 -0.001980
v 0.097597 0.042084 -0.000073
v 0.044323 0.027510 -0.003347
v 0.044393 0.028094 -0.003434
v 0.046369 0.027277 -0.004310
v 0.044476 0.028675 -0.003519
v 0.046408 0.027786 -0.004412
v 0.044577 0.029253 -0.003602
v 0.046460 0.028294 -0.004512
v 0.044699 0.029826 -0.003682
v 0.046527 0.028800 -0.004611
v 0.044845 0.030395 -0.003759
v 0.046612 0.029304 -0.004707
v 0.045019 0.030959 -0.003833
v 0.046718 0.029804 -0.004800
v 0.045221 0.031516 -0.003904
v 0.046848 0.030300 -0.004890
v 0.045449 0.032066 -0.003971
v 0.047001 0.030790 -0.004977
v 0.045703 0.032608 -0.004035
v 0.047176 0.031272 -0.005060
v 0.045981 0.033141 -0.004096
v 0.047373 0.031747 -0.005140
v 0.047823 0.032672 -0.005291
v 0.046281 0.033663 -0.004155
v 0.048075 0.033122 -0.005363
v 0.046602 0.034174 -0.004211
v 0.048345 0.033561 -0.005432
v 0.047682 0.035628 -0.004364
v 0.048077 0.036084 -0.004411
v 0.048489 0.036525 -0.004456
v 0.048917 0.036951 -0.004498
v 0.049362 0.037360 -0.004539
v 0.049821 0.037753 -0.004577
v 0.050295 0.038129 -0.004614
v 0.050784 0.038487 -0.004649
v 0.051287 0.038828 -0.004682
v 0.051802 0.039149 -0.004713
v 0.052331 0.039449 -0.004743
v 0.052684 0.037930 -0.006113
v 0.052872 0.039729 -0.004771
v 0.053124 0.038204 -0.006158
v 0.053425 0.039985 -0.004798
v 0.053574 0.038461 -0.006202
v 0.054503 0.038922 -0.006285
v 0.054981 0.039124 -0.006325
v 0.055148 0.040608 -0.004871
v 0.055742 0.040764 -0.004893
v 0.056345 0.040894 -0.004914
v 0.056956 0.041003 -0.004934
v 0.057574 0.041091 -0.004952
v 0.058197 0.041163 -0.004969
v 0.057984 0.039923 -0.006536
v 0.058497 0.040001 -0.006564
v 0.059529 0.040123 -0.006614
v 0.060095 0.041302 -0.005004
v 0.060734 0.041332 -0.005011
v 0.061374 0.041357 -0.005014
v 0.061602 0.040291 -0.006680
v 0.062640 0.040353 -0.006698
v 0.063300 0.041412 -0.005013
v 0.063943 0.041425 -0.005010
v 0.064199 0.040431 -0.006714
v 0.065238 0.040477 -0.006721
v 0.065870 0.041457 -0.004997
v 0.066511 0.041467 -0.004993
v 0.066797 0.040543 -0.006732
v 0.067836 0.040590 -0.006743
v 0.068424 0.041503 -0.004988
v 0.069061 0.041517 -0.004987
v 0.069697 0.041532 -0.004987
v 0.069914 0.040692 -0.006774
v 0.070953 0.040747 -0.006790
v 0.071617 0.041580 -0.004985
v 0.072261 0.041596 -0.004983
v 0.072511 0.040830 -0.006809
v 0.073550 0.040884 -0.006815
v 0.074221 0.041645 -0.004966
v 0.074589 0.040938 -0.006816
v 0.075108 0.040964 -0.006814
v 0.076205 0.041692 -0.004939
v 0.076862 0.041707 -0.004931
v 0.077186 0.041068 -0.006809
v 0.078225 0.041120 -0.006816
v 0.078785 0.041752 -0.004926
v 0.079403 0.041766 -0.004933
v 0.080004 0.041780 -0.004946
v 0.080588 0.041794 -0.004966
v 0.081159 0.041808 -0.004991
v 0.080820 0.041258 -0.006918
v 0.081723 0.041822 -0.005018
v 0.081337 0.041287 -0.006961
v 0.082292 0.041836 -0.005044
v 0.081854 0.041317 -0.007008
v 0.082872 0.041851 -0.005066
v 0.082372 0.041347 -0.007054
v 0.082890 0.041377 -0.007091
v 0.083927 0.041433 -0.007134
v 0.084777 0.041896 -0.005068
v 0.084966 0.041484 -0.007125
v 0.086522 0.041553 -0.007029
v 0.087556 0.041596 -0.006920
v 0.089609 0.041675 -0.006595
v 0.089098 0.041655 -0.006693
v 0.090622 0.041714 -0.006362
v 0.092110 0.041772 -0.005898
v 0.093982 0.041852 -0.005000
v 0.094831 0.041892 -0.004399
v 0.095222 0.041913 -0.004057
v 0.095924 0.041953 -0.003290
v 0.097005 0.042030 -0.001516
v 0.097917 0.042119 0.000917
v 0.097763 0.042101 0.000420
v 0.098564 0.042201 0.003434
v 0.047589 0.032214 -0.005217
v 0.048630 0.033991 -0.005499
v 0.048931 0.034410 -0.005565
v 0.049246 0.034819 -0.005628
v 0.049577 0.035216 -0.005689
v 0.049921 0.035601 -0.005749
v 0.050279 0.035974 -0.005806
v 0.050650 0.036334 -0.005862
v 0.051034 0.036682 -0.005915
v 0.051430 0.037015 -0.005967
v 0.051837 0.037335 -0.006018
v 0.052255 0.037640 -0.006066
v 0.054034 0.038701 -0.006244
v 0.055467 0.039305 -0.006364
v 0.055960 0.039466 -0.006401
v 0.056459 0.039607 -0.006437
v 0.056964 0.039728 -0.006472
v 0.057473 0.039833 -0.006505
v 0.059013 0.040066 -0.006590
v 0.060047 0.040173 -0.006635
v 0.060565 0.040216 -0.006653
v 0.061083 0.040255 -0.006668
v 0.062121 0.040324 -0.006690
v 0.063159 0.040381 -0.006705
v 0.063679 0.040407 -0.006710
v 0.064718 0.040454 -0.006718
v 0.065757 0.040499 -0.006725
v 0.066277 0.040521 -0.006728
v 0.067316 0.040566 -0.006737
v 0.068356 0.040614 -0.006750
v 0.068875 0.040640 -0.006758
v 0.069395 0.040666 -0.006766
v 0.070433 0.040719 -0.006782
v 0.071472 0.040774 -0.006797
v 0.071991 0.040802 -0.006803
v 0.073030 0.040857 -0.006813
v 0.074069 0.040911 -0.006816
v 0.075627 0.040990 -0.006812
v 0.076147 0.041016 -0.006810
v 0.076666 0.041042 -0.006809
v 0.077706 0.041094 -0.006811
v 0.078744 0.041147 -0.006824
v 0.079264 0.041174 -0.006838
v 0.079783 0.041201 -0.006857
v 0.080301 0.041229 -0.006883
v 0.083408 0.041405 -0.007118
v 0.084447 0.041459 -0.007136
v 0.085485 0.041508 -0.007103
v 0.086004 0.041531 -0.007071
v 0.087039 0.041575 -0.006979
v 0.088071 0.041616 -0.006854
v 0.088585 0.041636 -0.006778
v 0.091619 0.041753 -0.006069
v 0.092594 0.041792 -0.005707
v 0.093068 0.041812 -0.005494
v 0.095588 0.041933 -0.003686
v 0.096232 0.041973 -0.002870
v 0.096513 0.041992 -0.002432
v 0.097415 0.042066 -0.000560
v 0.098197 0.042152 0.001918
v 0.098325 0.042169 0.002422
v 0.046315 0.026259 -0.004104
v 0.044811 0.026379 -0.009286
v 0.044791 0.025750 -0.009234
v 0.069395 0.040666 -0.006766
v 0.069393 0.042898 -0.008903
v 0.068732 0.042864 -0.008938
v 0.068356 0.040614 -0.006750
v 0.068875 0.040640 -0.006758
v 0.069914 0.040692 -0.006774
v 0.070433 0.040719 -0.006782
v 0.070055 0.042934 -0.008868
v 0.070953 0.040747 -0.006790
v 0.070720 0.042971 -0.008832
v 0.070895 0.047451 -0.012987
v 0.070952 0.045220 -0.010882
v 0.071616 0.045259 -0.010798
v 0.071389 0.043009 -0.008795
v 0.071472 0.040774 -0.006797
v 0.071991 0.040802 -0.006803
v 0.072062 0.043047 -0.008757
v 0.072742 0.043085 -0.008716
v 0.072511 0.040830 -0.006809
v 0.073030 0.040857 -0.006813
v 0.072965 0.045340 -0.010623
v 0.073651 0.045381 -0.010532
v 0.072993 0.047583 -0.012570
v 0.074123 0.043162 -0.008626
v 0.074069 0.040911 -0.006816
v 0.074589 0.040938 -0.006816
v 0.073429 0.043123 -0.008673
v 0.073550 0.040884 -0.006815
v 0.079783 0.041201 -0.006857
v 0.080301 0.041229 -0.006883
v 0.079622 0.043457 -0.008272
v 0.075108 0.040964 -0.006814
v 0.074827 0.043200 -0.008576
v 0.075087 0.047712 -0.012136
v 0.075047 0.045461 -0.010337
v 0.075754 0.045501 -0.010236
v 0.076242 0.043275 -0.008472
v 0.076147 0.041016 -0.006810
v 0.076666 0.041042 -0.006809
v 0.075627 0.040990 -0.006812
v 0.075534 0.043238 -0.008524
v 0.077186 0.041068 -0.006809
v 0.076946 0.043313 -0.008422
v 0.078225 0.041120 -0.006816
v 0.077640 0.043349 -0.008375
v 0.077706 0.041094 -0.006811
v 0.078744 0.041147 -0.006824
v 0.078983 0.043422 -0.008298
v 0.078320 0.043386 -0.008333
v 0.079264 0.041174 -0.006838
v 0.081898 0.043594 -0.008273
v 0.081362 0.043561 -0.008260
v 0.081854 0.041317 -0.007008
v 0.079180 0.045695 -0.009771
v 0.078525 0.045657 -0.009851
v 0.080233 0.043492 -0.008256
v 0.077179 0.047836 -0.011690
v 0.077160 0.045580 -0.010035
v 0.077851 0.045619 -0.009940
v 0.081337 0.041287 -0.006961
v 0.080812 0.043527 -0.008252
v 0.080820 0.041258 -0.006918
v 0.082372 0.041347 -0.007054
v 0.082437 0.043628 -0.008285
v 0.082890 0.041377 -0.007091
v 0.082998 0.043663 -0.008289
v 0.083408 0.041405 -0.007118
v 0.083597 0.043698 -0.008278
v 0.083927 0.041433 -0.007134
v 0.084447 0.041459 -0.007136
v 0.084252 0.043734 -0.008246
v 0.084966 0.041484 -0.007125
v 0.084980 0.043772 -0.008186
v 0.085799 0.043812 -0.008092
v 0.086004 0.041531 -0.007071
v 0.086522 0.041553 -0.007029
v 0.068072 0.042830 -0.008973
v 0.085485 0.041508 -0.007103
v 0.087039 0.041575 -0.006979
v 0.086726 0.043853 -0.007957
v 0.085882 0.046105 -0.009094
v 0.086825 0.046148 -0.008894
v 0.086113 0.048405 -0.010057
v 0.087556 0.041596 -0.006920
v 0.087776 0.043897 -0.007773
v 0.087143 0.048453 -0.009768
v 0.087903 0.046194 -0.008638
v 0.088071 0.041616 -0.006854
v 0.089185 0.048540 -0.009123
v 0.090368 0.046293 -0.007915
v 0.089689 0.048560 -0.008945
v 0.089099 0.046243 -0.008315
v 0.088677 0.048519 -0.009294
v 0.088167 0.048498 -0.009458
v 0.088585 0.041636 -0.006778
v 0.088936 0.043943 -0.007532
v 0.089098 0.041655 -0.006693
v 0.089609 0.041675 -0.006595
v 0.090117 0.041694 -0.006485
v 0.090163 0.043991 -0.007219
v 0.090622 0.041714 -0.006362
v 0.090689 0.048600 -0.008564
v 0.090191 0.048580 -0.008759
v 0.091123 0.041733 -0.006224
v 0.091619 0.041753 -0.006069
v 0.092110 0.041772 -0.005898
v 0.091416 0.044040 -0.006819
v 0.091662 0.046345 -0.007427
v 0.091183 0.048620 -0.008358
v 0.091673 0.048640 -0.008141
v 0.092935 0.046398 -0.006840
v 0.092158 0.048660 -0.007915
v 0.095705 0.048825 -0.005544
v 0.096155 0.046558 -0.004375
v 0.096076 0.048847 -0.005159
v 0.092594 0.041792 -0.005707
v 0.092650 0.044090 -0.006321
v 0.093068 0.041812 -0.005494
v 0.093531 0.041832 -0.005259
v 0.093823 0.044141 -0.005709
v 0.094139 0.046451 -0.006143
v 0.093571 0.048721 -0.007152
v 0.093108 0.048701 -0.007421
v 0.093982 0.041852 -0.005000
v 0.094416 0.041872 -0.004714
v 0.095228 0.046505 -0.005325
v 0.094896 0.048783 -0.006247
v 0.094468 0.048762 -0.006568
v 0.094893 0.044192 -0.004970
v 0.094831 0.041892 -0.004399
v 0.095222 0.041913 -0.004057
v 0.095588 0.041933 -0.003686
v 0.095309 0.048804 -0.005905
v 0.095816 0.044242 -0.004090
v 0.096232 0.041973 -0.002870
v 0.095924 0.041953 -0.003290
v 0.096573 0.044292 -0.003067
v 0.096770 0.042011 -0.001980
v 0.096513 0.041992 -0.002432
v 0.096422 0.048868 -0.004750
v 0.096898 0.046610 -0.003292
v 0.096740 0.048890 -0.004319
v 0.097479 0.046662 -0.002094
v 0.097516 0.048955 -0.002914
v 0.097286 0.048934 -0.003397
v 0.097005 0.042030 -0.001516
v 0.097185 0.044341 -0.001919
v 0.097219 0.042048 -0.001042
v 0.097720 0.048976 -0.002418
v 0.097925 0.046714 -0.000799
v 0.097897 0.048997 -0.001913
v 0.098307 0.049059 -0.000360
v 0.098188 0.049039 -0.000882
v 0.098263 0.046765 0.000573
v 0.097674 0.044390 -0.000669
v 0.097415 0.042066 -0.000560
v 0.097597 0.042084 -0.000073
v 0.097763 0.042101 0.000420
v 0.097917 0.042119 0.000917
v 0.098065 0.044439 0.000665
v 0.098062 0.042135 0.001416
v 0.098197 0.042152 0.001918
v 0.098495 0.049098 0.000695
v 0.098409 0.049079 0.000166
v 0.098520 0.046815 0.002002
v 0.098384 0.044487 0.002061
v 0.098448 0.042185 0.002927
v 0.098564 0.042201 0.003434
v 0.098325 0.042169 0.002422
v 0.098900 0.044583 0.004957
v 0.098900 0.046917 0.004957
v 0.098723 0.046866 0.003470
v 0.098572 0.049118 0.001225
v 0.098654 0.044535 0.003499
v 0.098678 0.042218 0.003941
v 0.098791 0.042234 0.004449
v 0.098637 0.049137 0.001756
v 0.098900 0.042250 0.004957
v 0.098694 0.049156 0.002288
v 0.098743 0.049175 0.002821
v 0.098787 0.049194 0.003355
v 0.098828 0.049213 0.003889
v 0.098900 0.049250 0.004957
v 0.098865 0.049231 0.004423
v 0.067411 0.042798 -0.009009
v 0.067836 0.040590 -0.006743
v 0.066748 0.042767 -0.009047
v 0.067316 0.040566 -0.006737
v 0.067746 0.047267 -0.013603
v 0.067693 0.045038 -0.011284
v 0.068338 0.045072 -0.011204
v 0.066277 0.040521 -0.006728
v 0.066797 0.040543 -0.006732
v 0.066084 0.042737 -0.009085
v 0.066403 0.044975 -0.011446
v 0.065756 0.044944 -0.011528
v 0.065757 0.040499 -0.006725
v 0.065419 0.042707 -0.009124
v 0.065238 0.040477 -0.006721
v 0.064751 0.042676 -0.009163
v 0.064199 0.040431 -0.006714
v 0.064718 0.040454 -0.006718
v 0.064446 0.044876 -0.011695
v 0.065104 0.044911 -0.011611
v 0.064598 0.047098 -0.014230
v 0.064080 0.042642 -0.009203
v 0.063679 0.040407 -0.006710
v 0.063407 0.042607 -0.009242
v 0.063159 0.040381 -0.006705
v 0.062731 0.042567 -0.009281
v 0.062052 0.042524 -0.009319
v 0.062640 0.040353 -0.006698
v 0.063103 0.044797 -0.011868
v 0.062502 0.046957 -0.014649
v 0.062415 0.044751 -0.011956
v 0.062121 0.040324 -0.006690
v 0.061602 0.040291 -0.006680
v 0.061369 0.042475 -0.009356
v 0.061083 0.040255 -0.006668
v 0.060683 0.042420 -0.009393
v 0.059994 0.042357 -0.009427
v 0.060565 0.040216 -0.006653
v 0.061454 0.046873 -0.014856
v 0.060996 0.044640 -0.012139
v 0.061714 0.044699 -0.012047
v 0.060047 0.040173 -0.006635
v 0.059305 0.042283 -0.009461
v 0.059529 0.040123 -0.006614
v 0.058618 0.042195 -0.009493
v 0.059013 0.040066 -0.006590
v 0.060265 0.044572 -0.012232
v 0.059885 0.046717 -0.015166
v 0.059523 0.044492 -0.012327
v 0.058497 0.040001 -0.006564
v 0.058322 0.046504 -0.015473
v 0.058022 0.044279 -0.012519
v 0.058774 0.044395 -0.012423
v 0.057934 0.042090 -0.009523
v 0.057984 0.039923 -0.006536
v 0.057256 0.041964 -0.009553
v 0.056586 0.041814 -0.009581
v 0.057473 0.039833 -0.006505
v 0.056964 0.039728 -0.006472
v 0.057271 0.044140 -0.012615
v 0.056261 0.046085 -0.015880
v 0.056524 0.043974 -0.012711
v 0.056459 0.039607 -0.006437
v 0.055926 0.041638 -0.009607
v 0.055278 0.041432 -0.009632
v 0.055960 0.039466 -0.006401
v 0.055785 0.043778 -0.012805
v 0.055753 0.045949 -0.015981
v 0.055467 0.039305 -0.006364
v 0.055058 0.043547 -0.012898
v 0.054255 0.045451 -0.016281
v 0.054345 0.043282 -0.012989
v 0.054643 0.041195 -0.009656
v 0.054981 0.039124 -0.006325
v 0.054022 0.040929 -0.009678
v 0.054503 0.038922 -0.006285
v 0.053416 0.040634 -0.009698
v 0.052825 0.040314 -0.009716
v 0.054034 0.038701 -0.006244
v 0.052338 0.044579 -0.016672
v 0.052966 0.042653 -0.013167
v 0.053647 0.042983 -0.013079
v 0.053574 0.038461 -0.006202
v 0.051024 0.041488 -0.013417
v 0.052250 0.039969 -0.009733
v 0.051653 0.041903 -0.013336
v 0.052684 0.037930 -0.006113
v 0.053124 0.038204 -0.006158
v 0.050531 0.043494 -0.017050
v 0.051691 0.039600 -0.009747
v 0.051150 0.039209 -0.009760
v 0.052255 0.037640 -0.006066
v 0.050626 0.038799 -0.009770
v 0.051837 0.037335 -0.006018
v 0.051430 0.037015 -0.005967
v 0.050120 0.038368 -0.009778
v 0.050414 0.041047 -0.013496
v 0.048846 0.042222 -0.017413
v 0.049824 0.040583 -0.013572
v 0.051034 0.036682 -0.005915
v 0.047673 0.041157 -0.017676
v 0.048706 0.039590 -0.013718
v 0.049254 0.040097 -0.013646
v 0.049633 0.037920 -0.009783
v 0.050650 0.036334 -0.005862
v 0.049166 0.037453 -0.009786
v 0.048718 0.036970 -0.009787
v 0.050279 0.035974 -0.005806
v 0.047300 0.040782 -0.017762
v 0.048180 0.039063 -0.013786
v 0.049921 0.035601 -0.005749
v 0.048290 0.036469 -0.009785
v 0.049577 0.035216 -0.005689
v 0.049246 0.034819 -0.005628
v 0.047676 0.038515 -0.013852
v 0.046240 0.039600 -0.018011
v 0.047194 0.037948 -0.013915
v 0.047883 0.035953 -0.009780
v 0.048931 0.034410 -0.005565
v 0.046737 0.037363 -0.013975
v 0.044974 0.037901 -0.018327
v 0.046303 0.036760 -0.014033
v 0.047498 0.035421 -0.009773
v 0.048630 0.033991 -0.005499
v 0.047134 0.034874 -0.009763
v 0.046794 0.034314 -0.009751
v 0.048345 0.033561 -0.005432
v 0.048075 0.033122 -0.005363
v 0.045511 0.035504 -0.014138
v 0.045894 0.036140 -0.014087
v 0.044143 0.036544 -0.018549
v 0.043890 0.036078 -0.018620
v 0.045156 0.034855 -0.014186
v 0.046478 0.033742 -0.009735
v 0.047823 0.032672 -0.005291
v 0.046188 0.033159 -0.009716
v 0.047589 0.032214 -0.005217
v 0.045925 0.032566 -0.009694
v 0.045691 0.031966 -0.009668
v 0.047373 0.031747 -0.005140
v 0.044830 0.034192 -0.014230
v 0.043212 0.034636 -0.018825
v 0.044534 0.033519 -0.014270
v 0.047176 0.031272 -0.005060
v 0.045487 0.031359 -0.009639
v 0.042663 0.033138 -0.019014
v 0.044044 0.032146 -0.014339
v 0.044272 0.032836 -0.014306
v 0.043852 0.031448 -0.014366
v 0.045314 0.030746 -0.009605
v 0.043696 0.030746 -0.014389
v 0.047001 0.030790 -0.004977
v 0.046848 0.030300 -0.004890
v 0.045175 0.030130 -0.009568
v 0.042264 0.031591 -0.019187
v 0.046718 0.029804 -0.004800
v 0.045065 0.029510 -0.009527
v 0.046612 0.029304 -0.004707
v 0.046527 0.028800 -0.004611
v 0.044980 0.028888 -0.009483
v 0.046460 0.028294 -0.004512
v 0.041956 0.029482 -0.019391
v 0.043482 0.029331 -0.014424
v 0.043575 0.030040 -0.014409
v 0.046408 0.027786 -0.004412
v 0.044917 0.028263 -0.009436
v 0.043365 0.027903 -0.014447
v 0.043414 0.028618 -0.014437
v 0.041847 0.027884 -0.019530
v 0.044870 0.027636 -0.009388
v 0.046369 0.027277 -0.004310
v 0.044837 0.027008 -0.009337
v 0.046340 0.026768 -0.004207
v 0.043286 0.025750 -0.014469
v 0.046295 0.025750 -0.004000
v 0.043306 0.026468 -0.014462
v 0.041794 0.026284 -0.019660
v 0.041782 0.025750 -0.019703
v 0.043331 0.027186 -0.014455
v 0.041808 0.026818 -0.019617
v 0.041825 0.027351 -0.019574
v 0.041911 0.028950 -0.019439
v 0.042165 0.031068 -0.019241
v 0.042082 0.030541 -0.019293
v 0.042513 0.032627 -0.019074
v 0.042379 0.032111 -0.019131
v 0.043013 0.034142 -0.018890
v 0.042831 0.033643 -0.018953
v 0.043651 0.035604 -0.018690
v 0.043424 0.035123 -0.018758
v 0.044408 0.037004 -0.018476
v 0.044685 0.037457 -0.018402
v 0.045908 0.039188 -0.018092
v 0.045586 0.038767 -0.018172
v 0.046937 0.040397 -0.017846
v 0.046583 0.040003 -0.017929
v 0.048055 0.041522 -0.017590
v 0.048446 0.041877 -0.017502
v 0.050097 0.043193 -0.017142
v 0.049672 0.042880 -0.017233
v 0.052301 0.042292 -0.013252
v 0.051420 0.044061 -0.016862
v 0.050972 0.043784 -0.016956
v 0.051876 0.044327 -0.016768
v 0.052808 0.044818 -0.016575
v 0.053767 0.045254 -0.016380
v 0.053284 0.045043 -0.016478
v 0.055249 0.045798 -0.016082
v 0.054749 0.045632 -0.016182
v 0.056773 0.046207 -0.015779
v 0.057804 0.046416 -0.015575
v 0.057287 0.046317 -0.015677
v 0.059363 0.046654 -0.015268
v 0.058842 0.046584 -0.015371
v 0.060930 0.046825 -0.014960
v 0.060407 0.046774 -0.015063
v 0.061978 0.046916 -0.014753
v 0.063779 0.044839 -0.011781
v 0.063550 0.047032 -0.014440
v 0.064074 0.047066 -0.014335
v 0.065647 0.047157 -0.014020
v 0.066172 0.047185 -0.013916
v 0.067048 0.045006 -0.011364
v 0.067221 0.047239 -0.013707
v 0.066696 0.047212 -0.013811
v 0.068986 0.045107 -0.011124
v 0.068796 0.047324 -0.013397
v 0.069637 0.045143 -0.011044
v 0.069321 0.047355 -0.013295
v 0.070370 0.047418 -0.013090
v 0.069845 0.047386 -0.013192
v 0.070292 0.045181 -0.010963
v 0.072287 0.045300 -0.010712
v 0.071944 0.047517 -0.012780
v 0.072468 0.047550 -0.012676
v 0.074345 0.045421 -0.010436
v 0.074040 0.047648 -0.012356
v 0.074564 0.047680 -0.012247
v 0.076460 0.045541 -0.010134
v 0.076133 0.047774 -0.011913
v 0.076656 0.047805 -0.011801
v 0.078226 0.047898 -0.011472
v 0.078750 0.047929 -0.011366
v 0.079800 0.047994 -0.011165
v 0.079275 0.047961 -0.011263
v 0.079810 0.045732 -0.009700
v 0.080410 0.045769 -0.009642
v 0.080974 0.045805 -0.009599
v 0.080327 0.048028 -0.011072
v 0.081507 0.045841 -0.009569
v 0.080854 0.048063 -0.010988
v 0.082025 0.045876 -0.009546
v 0.081383 0.048101 -0.010912
v 0.082548 0.045912 -0.009520
v 0.081913 0.048140 -0.010845
v 0.083093 0.045948 -0.009485
v 0.082444 0.048179 -0.010780
v 0.083680 0.045985 -0.009433
v 0.082974 0.048218 -0.010712
v 0.084328 0.046024 -0.009356
v 0.083502 0.048255 -0.010631
v 0.085056 0.046063 -0.009245
v 0.084553 0.048321 -0.010434
v 0.085595 0.048379 -0.010191
v 0.085075 0.048351 -0.010318
v 0.086629 0.048430 -0.009915
v 0.087656 0.048476 -0.009616
v 0.092636 0.048680 -0.007674
v 0.094025 0.048741 -0.006869
v 0.097028 0.048912 -0.003868
v 0.098053 0.049018 -0.001400
v 0.041874 0.028418 -0.019485
v 0.042012 0.030012 -0.019343
v 0.045274 0.038338 -0.018250
v 0.049255 0.042557 -0.017324
v 0.063026 0.046996 -0.014544
v 0.065123 0.047128 -0.014125
v 0.068271 0.047295 -0.013500
v 0.071420 0.047483 -0.012884
v 0.073516 0.047615 -0.012464
v 0.075610 0.047743 -0.012025
v 0.077702 0.047866 -0.011580
v 0.084028 0.048289 -0.010539
v 0.035863 0.027714 -0.019349
v 0.032735 0.026845 -0.019370
v 0.035756 0.026733 -0.019461
v 0.065647 0.047157 -0.014020
v 0.065974 0.048650 -0.012562
v 0.065388 0.048645 -0.012695
v 0.064790 0.048637 -0.012831
v 0.065123 0.047128 -0.014125
v 0.066554 0.048655 -0.012430
v 0.066696 0.047212 -0.013811
v 0.066172 0.047185 -0.013916
v 0.067221 0.047239 -0.013707
v 0.067131 0.048659 -0.012299
v 0.068294 0.048671 -0.012037
v 0.067710 0.048664 -0.012168
v 0.068271 0.047295 -0.013500
v 0.067746 0.047267 -0.013603
v 0.068796 0.047324 -0.013397
v 0.069484 0.048688 -0.011772
v 0.068885 0.048678 -0.011905
v 0.069321 0.047355 -0.013295
v 0.069845 0.047386 -0.013192
v 0.070090 0.048698 -0.011638
v 0.070370 0.047418 -0.013090
v 0.070895 0.047451 -0.012987
v 0.072575 0.048747 -0.011081
v 0.072993 0.047583 -0.012570
v 0.073211 0.048760 -0.010937
v 0.071420 0.047483 -0.012884
v 0.070702 0.048709 -0.011502
v 0.071320 0.048721 -0.011364
v 0.071944 0.047517 -0.012780
v 0.072468 0.047550 -0.012676
v 0.071945 0.048734 -0.011224
v 0.073853 0.048773 -0.010789
v 0.074040 0.047648 -0.012356
v 0.073516 0.047615 -0.012464
v 0.074564 0.047680 -0.012247
v 0.074499 0.048786 -0.010638
v 0.075087 0.047712 -0.012136
v 0.075149 0.048798 -0.010484
v 0.064598 0.047098 -0.014230
v 0.075610 0.047743 -0.012025
v 0.075800 0.048811 -0.010329
v 0.076133 0.047774 -0.011913
v 0.076450 0.048822 -0.010174
v 0.076656 0.047805 -0.011801
v 0.077179 0.047836 -0.011690
v 0.077094 0.048834 -0.010021
v 0.077731 0.048845 -0.009872
v 0.078357 0.048856 -0.009728
v 0.077483 0.049808 -0.008222
v 0.078226 0.047898 -0.011472
v 0.077702 0.047866 -0.011580
v 0.078750 0.047929 -0.011366
v 0.078969 0.048867 -0.009592
v 0.079275 0.047961 -0.011263
v 0.079800 0.047994 -0.011165
v 0.080327 0.048028 -0.011072
v 0.079564 0.048878 -0.009464
v 0.080854 0.048063 -0.010988
v 0.080138 0.048888 -0.009346
v 0.081383 0.048101 -0.010912
v 0.080690 0.048898 -0.009240
v 0.082235 0.048929 -0.008982
v 0.081913 0.048140 -0.010845
v 0.082444 0.048179 -0.010780
v 0.081217 0.048909 -0.009147
v 0.081728 0.048919 -0.009063
v 0.082750 0.048940 -0.008895
v 0.082974 0.048218 -0.010712
v 0.083286 0.048951 -0.008799
v 0.083855 0.048962 -0.008685
v 0.083502 0.048255 -0.010631
v 0.085595 0.048379 -0.010191
v 0.086113 0.048405 -0.010057
v 0.085887 0.048997 -0.008176
v 0.084028 0.048289 -0.010539
v 0.084470 0.048973 -0.008548
v 0.084553 0.048321 -0.010434
v 0.085075 0.048351 -0.010318
v 0.085143 0.048985 -0.008380
v 0.085676 0.050193 -0.004352
v 0.086532 0.049578 -0.006019
v 0.086351 0.050145 -0.004109
v 0.086629 0.048430 -0.009915
v 0.086713 0.049010 -0.007930
v 0.087143 0.048453 -0.009768
v 0.087656 0.048476 -0.009616
v 0.089693 0.049052 -0.006873
v 0.088638 0.049037 -0.007283
v 0.089689 0.048560 -0.008945
v 0.087633 0.049023 -0.007634
v 0.088677 0.048519 -0.009294
v 0.088167 0.048498 -0.009458
v 0.089185 0.048540 -0.009123
v 0.090191 0.048580 -0.008759
v 0.090689 0.048600 -0.008564
v 0.091183 0.048620 -0.008358
v 0.092158 0.048660 -0.007915
v 0.091819 0.049083 -0.005857
v 0.090765 0.049067 -0.006400
v 0.092636 0.048680 -0.007674
v 0.093108 0.048701 -0.007421
v 0.093571 0.048721 -0.007152
v 0.092819 0.049098 -0.005242
v 0.091673 0.048640 -0.008141
v 0.094525 0.049129 -0.003776
v 0.095705 0.048825 -0.005544
v 0.096076 0.048847 -0.005159
v 0.094025 0.048741 -0.006869
v 0.090496 0.049816 -0.001929
v 0.092387 0.049436 -0.002997
v 0.091041 0.049758 -0.001443
v 0.093733 0.049114 -0.004550
v 0.094896 0.048783 -0.006247
v 0.095309 0.048804 -0.005905
v 0.094468 0.048762 -0.006568
v 0.095165 0.049145 -0.002916
v 0.096422 0.048868 -0.004750
v 0.097028 0.048912 -0.003868
v 0.096740 0.048890 -0.004319
v 0.097286 0.048934 -0.003397
v 0.095656 0.049160 -0.001977
v 0.098053 0.049018 -0.001400
v 0.098188 0.049039 -0.000882
v 0.096019 0.049175 -0.000971
v 0.097516 0.048955 -0.002914
v 0.097720 0.048976 -0.002418
v 0.097897 0.048997 -0.001913
v 0.098307 0.049059 -0.000360
v 0.098409 0.049079 0.000166
v 0.096276 0.049190 0.000092
v 0.096448 0.049205 0.001201
v 0.098572 0.049118 0.001225
v 0.098637 0.049137 0.001756
v 0.098495 0.049098 0.000695
v 0.096556 0.049220 0.002343
v 0.098694 0.049156 0.002288
v 0.098743 0.049175 0.002821
v 0.094444 0.049270 0.003482
v 0.096666 0.049250 0.004684
v 0.094433 0.049250 0.004410
v 0.096622 0.049235 0.003508
v 0.098865 0.049231 0.004423
v 0.098828 0.049213 0.003889
v 0.098900 0.049250 0.004957
v 0.092267 0.049305 0.003457
v 0.092319 0.049360 0.002783
v 0.098787 0.049194 0.003355
v 0.090083 0.049332 0.003469
v 0.092200 0.049250 0.004137
v 0.089966 0.049250 0.003863
v 0.064178 0.048627 -0.012970
v 0.064074 0.047066 -0.014335
v 0.063547 0.048614 -0.013112
v 0.063550 0.047032 -0.014440
v 0.062892 0.048597 -0.013259
v 0.063026 0.046996 -0.014544
v 0.062502 0.046957 -0.014649
v 0.062210 0.048575 -0.013410
v 0.061978 0.046916 -0.014753
v 0.063316 0.051763 -0.010501
v 0.062649 0.051800 -0.010682
v 0.063431 0.050189 -0.011806
v 0.061454 0.046873 -0.014856
v 0.061497 0.048547 -0.013567
v 0.060750 0.048512 -0.013730
v 0.060407 0.046774 -0.015063
v 0.060930 0.046825 -0.014960
v 0.059885 0.046717 -0.015166
v 0.059974 0.048467 -0.013899
v 0.060563 0.050198 -0.012503
v 0.059174 0.048407 -0.014072
v 0.058355 0.048329 -0.014248
v 0.059363 0.046654 -0.015268
v 0.058322 0.046504 -0.015473
v 0.058842 0.046584 -0.015371
v 0.058627 0.051891 -0.011711
v 0.059747 0.050181 -0.012694
v 0.059521 0.051896 -0.011489
v 0.058028 0.050098 -0.013093
v 0.057804 0.046416 -0.015575
v 0.057523 0.048229 -0.014427
v 0.056683 0.048103 -0.014607
v 0.057287 0.046317 -0.015677
v 0.055779 0.051737 -0.012407
v 0.057136 0.050023 -0.013299
v 0.056749 0.051817 -0.012171
v 0.056773 0.046207 -0.015779
v 0.056261 0.046085 -0.015880
v 0.055840 0.047947 -0.014788
v 0.055319 0.049784 -0.013717
v 0.055000 0.047757 -0.014970
v 0.055753 0.045949 -0.015981
v 0.055249 0.045798 -0.016082
v 0.054167 0.047531 -0.015150
v 0.054405 0.049612 -0.013927
v 0.053345 0.047265 -0.015329
v 0.054749 0.045632 -0.016182
v 0.053767 0.045254 -0.016380
v 0.054255 0.045451 -0.016281
v 0.053496 0.049399 -0.014137
v 0.052536 0.046963 -0.015507
v 0.052596 0.049143 -0.014345
v 0.051846 0.051020 -0.013361
v 0.050876 0.050728 -0.013598
v 0.053284 0.045043 -0.016478
v 0.052808 0.044818 -0.016575
v 0.051740 0.046624 -0.015683
v 0.050827 0.048508 -0.014758
v 0.052338 0.044579 -0.016672
v 0.050958 0.046252 -0.015857
v 0.051876 0.044327 -0.016768
v 0.049962 0.048133 -0.014962
v 0.050192 0.045846 -0.016029
v 0.051420 0.044061 -0.016862
v 0.050972 0.043784 -0.016956
v 0.049442 0.045410 -0.016199
v 0.049111 0.047721 -0.015164
v 0.050531 0.043494 -0.017050
v 0.048710 0.044945 -0.016367
v 0.050097 0.043193 -0.017142
v 0.049672 0.042880 -0.017233
v 0.048276 0.047274 -0.015364
v 0.047998 0.044451 -0.016532
v 0.045319 0.048109 -0.014985
v 0.047458 0.046793 -0.015562
v 0.046205 0.048641 -0.014758
v 0.049255 0.042557 -0.017324
v 0.047305 0.043931 -0.016695
v 0.048846 0.042222 -0.017413
v 0.046658 0.046280 -0.015758
v 0.044452 0.047542 -0.015209
v 0.048446 0.041877 -0.017502
v 0.046633 0.043385 -0.016856
v 0.048055 0.041522 -0.017590
v 0.045982 0.042813 -0.017014
v 0.043607 0.046941 -0.015430
v 0.045879 0.045737 -0.015952
v 0.047300 0.040782 -0.017762
v 0.047673 0.041157 -0.017676
v 0.045353 0.042218 -0.017170
v 0.046937 0.040397 -0.017846
v 0.044382 0.044560 -0.016332
v 0.044747 0.041598 -0.017323
v 0.046583 0.040003 -0.017929
v 0.043667 0.043928 -0.016518
v 0.042976 0.043268 -0.016701
v 0.046240 0.039600 -0.018011
v 0.044164 0.040955 -0.017473
v 0.045908 0.039188 -0.018092
v 0.042307 0.042581 -0.016882
v 0.043604 0.040290 -0.017620
v 0.045274 0.038338 -0.018250
v 0.045586 0.038767 -0.018172
v 0.044974 0.037901 -0.018327
v 0.043070 0.039603 -0.017765
v 0.041664 0.041867 -0.017059
v 0.042560 0.038894 -0.017906
v 0.044685 0.037457 -0.018402
v 0.041046 0.041127 -0.017233
v 0.040454 0.040361 -0.017404
v 0.044408 0.037004 -0.018476
v 0.042078 0.038166 -0.018044
v 0.044143 0.036544 -0.018549
v 0.039890 0.039571 -0.017572
v 0.041624 0.037418 -0.018178
v 0.043890 0.036078 -0.018620
v 0.043651 0.035604 -0.018690
v 0.041201 0.036654 -0.018309
v 0.043424 0.035123 -0.018758
v 0.040810 0.035873 -0.018436
v 0.036511 0.039192 -0.017484
v 0.039356 0.038758 -0.017736
v 0.037089 0.040097 -0.017295
v 0.038856 0.037923 -0.017896
v 0.035971 0.038262 -0.017669
v 0.043212 0.034636 -0.018825
v 0.043013 0.034142 -0.018890
v 0.040454 0.035078 -0.018558
v 0.035471 0.037309 -0.017849
v 0.038390 0.037068 -0.018052
v 0.042831 0.033643 -0.018953
v 0.040135 0.034270 -0.018676
v 0.042663 0.033138 -0.019014
v 0.039855 0.033450 -0.018789
v 0.037963 0.036194 -0.018203
v 0.035015 0.036334 -0.018023
v 0.042513 0.032627 -0.019074
v 0.042379 0.032111 -0.019131
v 0.039615 0.032620 -0.018897
v 0.042264 0.031591 -0.019187
v 0.034604 0.035338 -0.018192
v 0.037575 0.035302 -0.018350
v 0.034243 0.034323 -0.018355
v 0.037230 0.034394 -0.018491
v 0.039415 0.031781 -0.019001
v 0.042165 0.031068 -0.019241
v 0.036929 0.033471 -0.018626
v 0.033930 0.033290 -0.018512
v 0.042082 0.030541 -0.019293
v 0.039250 0.030934 -0.019100
v 0.042012 0.030012 -0.019343
v 0.039115 0.030081 -0.019195
v 0.033660 0.032241 -0.018664
v 0.036673 0.032536 -0.018756
v 0.041956 0.029482 -0.019391
v 0.039006 0.029221 -0.019287
v 0.041911 0.028950 -0.019439
v 0.030716 0.032303 -0.018535
v 0.033426 0.031180 -0.018811
v 0.030449 0.031122 -0.018707
v 0.033223 0.030107 -0.018954
v 0.041874 0.028418 -0.019485
v 0.038917 0.028357 -0.019377
v 0.041847 0.027884 -0.019530
v 0.038842 0.027490 -0.019465
v 0.030213 0.029935 -0.018874
v 0.033044 0.029026 -0.019095
v 0.041808 0.026818 -0.019617
v 0.041825 0.027351 -0.019574
v 0.038778 0.026621 -0.019551
v 0.035655 0.025750 -0.019572
v 0.038719 0.025750 -0.019638
v 0.030001 0.028742 -0.019038
v 0.032883 0.027937 -0.019233
v 0.041794 0.026284 -0.019660
v 0.029901 0.028145 -0.019119
v 0.029805 0.027546 -0.019200
v 0.041782 0.025750 -0.019703
v 0.029529 0.025750 -0.019440
v 0.032592 0.025750 -0.019506
v 0.029619 0.026349 -0.019360
v 0.029711 0.026948 -0.019280
v 0.035980 0.028691 -0.019236
v 0.036114 0.029664 -0.019121
v 0.036271 0.030630 -0.019003
v 0.036455 0.031588 -0.018882
v 0.037702 0.040976 -0.017101
v 0.038347 0.041828 -0.016903
v 0.039022 0.042651 -0.016702
v 0.039723 0.043444 -0.016498
v 0.040451 0.044207 -0.016290
v 0.041204 0.044939 -0.016079
v 0.041982 0.045639 -0.015866
v 0.042783 0.046307 -0.015649
v 0.045120 0.045163 -0.016143
v 0.047109 0.049137 -0.014530
v 0.048030 0.049595 -0.014299
v 0.048966 0.050014 -0.014067
v 0.049915 0.050392 -0.013833
v 0.051706 0.048845 -0.014552
v 0.052825 0.051267 -0.013123
v 0.053810 0.051466 -0.012884
v 0.054797 0.051622 -0.012645
v 0.056231 0.049920 -0.013507
v 0.057701 0.051867 -0.011939
v 0.058901 0.050149 -0.012891
v 0.060375 0.051884 -0.011275
v 0.061340 0.050204 -0.012318
v 0.062075 0.050204 -0.012140
v 0.062771 0.050199 -0.011970
v 0.064063 0.050175 -0.011648
v 0.064671 0.050159 -0.011494
v 0.065260 0.050140 -0.011344
v 0.065836 0.050119 -0.011196
v 0.066405 0.050098 -0.011050
v 0.066971 0.050076 -0.010905
v 0.067540 0.050055 -0.010759
v 0.068704 0.050017 -0.010466
v 0.069301 0.050000 -0.010317
v 0.069117 0.051312 -0.008862
v 0.068523 0.051355 -0.009027
v 0.068117 0.050035 -0.010613
v 0.069906 0.049984 -0.010166
v 0.070518 0.049968 -0.010014
v 0.071138 0.049954 -0.009860
v 0.071763 0.049940 -0.009703
v 0.072393 0.049926 -0.009545
v 0.073027 0.049912 -0.009384
v 0.073664 0.049898 -0.009221
v 0.074304 0.049884 -0.009056
v 0.074944 0.049869 -0.008888
v 0.075584 0.049854 -0.008720
v 0.076222 0.049839 -0.008552
v 0.076856 0.049823 -0.008385
v 0.078103 0.049792 -0.008063
v 0.078714 0.049776 -0.007910
v 0.079314 0.049760 -0.007765
v 0.079064 0.050643 -0.006066
v 0.078459 0.050685 -0.006229
v 0.079900 0.049745 -0.007628
v 0.080472 0.049730 -0.007501
v 0.081029 0.049715 -0.007385
v 0.081575 0.049701 -0.007276
v 0.082119 0.049686 -0.007169
v 0.082669 0.049672 -0.007059
v 0.083232 0.049657 -0.006939
v 0.083817 0.049642 -0.006805
v 0.084432 0.049627 -0.006652
v 0.085084 0.049611 -0.006473
v 0.085781 0.049595 -0.006264
v 0.087343 0.049559 -0.005734
v 0.088207 0.049540 -0.005403
v 0.089097 0.049520 -0.005025
v 0.089986 0.049500 -0.004597
v 0.090849 0.049479 -0.004118
v 0.091658 0.049457 -0.003585
v 0.093010 0.049414 -0.002349
v 0.093503 0.049393 -0.001642
v 0.093870 0.049372 -0.000880
v 0.094129 0.049352 -0.000070
v 0.094298 0.049331 0.000778
v 0.094395 0.049311 0.001659
v 0.094438 0.049290 0.002563
v 0.031567 0.035201 -0.018079
v 0.031373 0.034629 -0.018174
v 0.031998 0.036328 -0.017885
v 0.031776 0.035767 -0.017983
v 0.032485 0.037431 -0.017685
v 0.032235 0.036883 -0.017786
v 0.033024 0.038509 -0.017478
v 0.032748 0.037973 -0.017582
v 0.033611 0.039559 -0.017264
v 0.033311 0.039037 -0.017372
v 0.034244 0.040582 -0.017045
v 0.033922 0.040074 -0.017155
v 0.034919 0.041575 -0.016821
v 0.034576 0.041082 -0.016934
v 0.035635 0.042539 -0.016591
v 0.036388 0.043473 -0.016356
v 0.037177 0.044375 -0.016117
v 0.038000 0.045245 -0.015872
v 0.038856 0.046081 -0.015623
v 0.039744 0.046882 -0.015369
v 0.040663 0.047646 -0.015111
v 0.043085 0.049386 -0.014450
v 0.042587 0.049058 -0.014584
v 0.044100 0.050010 -0.014179
v 0.043589 0.049703 -0.014315
v 0.045140 0.050591 -0.013905
v 0.046203 0.051127 -0.013628
v 0.047288 0.051616 -0.013347
v 0.048392 0.052057 -0.013064
v 0.051229 0.052930 -0.012343
v 0.050654 0.052783 -0.012489
v 0.052389 0.053180 -0.012050
v 0.053559 0.053371 -0.011754
v 0.056511 0.053617 -0.011006
v 0.055919 0.053591 -0.011157
v 0.057694 0.053638 -0.010702
v 0.059468 0.053604 -0.010239
v 0.061184 0.051862 -0.011068
v 0.061940 0.051833 -0.010871
v 0.061822 0.053462 -0.009596
v 0.063948 0.051723 -0.010326
v 0.064551 0.051680 -0.010157
v 0.065133 0.051635 -0.009992
v 0.065699 0.051588 -0.009830
v 0.066256 0.051541 -0.009670
v 0.066811 0.051493 -0.009510
v 0.067370 0.051446 -0.009351
v 0.067940 0.051400 -0.009190
v 0.069722 0.051269 -0.008695
v 0.070335 0.051227 -0.008526
v 0.070955 0.051186 -0.008356
v 0.071581 0.051145 -0.008183
v 0.072211 0.051105 -0.008009
v 0.072843 0.051064 -0.007832
v 0.073476 0.051023 -0.007654
v 0.074109 0.050982 -0.007474
v 0.074740 0.050940 -0.007293
v 0.075369 0.050898 -0.007111
v 0.075994 0.050855 -0.006929
v 0.075179 0.051938 -0.005494
v 0.076617 0.050813 -0.006749
v 0.075758 0.051873 -0.005309
v 0.077236 0.050770 -0.006572
v 0.076337 0.051807 -0.005126
v 0.077497 0.051674 -0.004764
v 0.077850 0.050727 -0.006398
v 0.078078 0.051608 -0.004586
v 0.078661 0.051543 -0.004413
v 0.079662 0.050602 -0.005910
v 0.080254 0.050561 -0.005762
v 0.080840 0.050521 -0.005623
v 0.081422 0.050482 -0.005489
v 0.082003 0.050443 -0.005357
v 0.082587 0.050404 -0.005222
v 0.083178 0.050364 -0.005079
v 0.083779 0.050323 -0.004926
v 0.084393 0.050281 -0.004756
v 0.085024 0.050238 -0.004566
v 0.084402 0.050930 -0.002844
v 0.084949 0.050866 -0.002664
v 0.086026 0.050732 -0.002259
v 0.087054 0.050095 -0.003833
v 0.087776 0.050043 -0.003522
v 0.088500 0.049988 -0.003176
v 0.089207 0.049932 -0.002795
v 0.089879 0.049874 -0.002379
v 0.089006 0.050250 -0.000562
v 0.089605 0.050106 0.000005
v 0.091495 0.049699 -0.000923
v 0.091842 0.049642 -0.000368
v 0.092085 0.049584 0.000217
v 0.092240 0.049528 0.000830
v 0.092320 0.049472 0.001464
v 0.092342 0.049416 0.002117
v 0.030104 0.029339 -0.018957
v 0.030327 0.030529 -0.018791
v 0.030578 0.031713 -0.018621
v 0.030864 0.032889 -0.018447
v 0.031022 0.033473 -0.018357
v 0.031191 0.034053 -0.018266
v 0.035272 0.042061 -0.016707
v 0.036007 0.043010 -0.016474
v 0.036779 0.043928 -0.016237
v 0.037585 0.044814 -0.015995
v 0.038424 0.045667 -0.015748
v 0.039296 0.046486 -0.015497
v 0.040200 0.047269 -0.015241
v 0.041133 0.048014 -0.014981
v 0.041611 0.048372 -0.014849
v 0.042095 0.048720 -0.014717
v 0.044617 0.050306 -0.014042
v 0.045669 0.050865 -0.013767
v 0.046743 0.051378 -0.013488
v 0.047837 0.051843 -0.013206
v 0.048951 0.052258 -0.012921
v 0.049515 0.052447 -0.012778
v 0.050082 0.052621 -0.012634
v 0.051807 0.053062 -0.012197
v 0.052973 0.053283 -0.011903
v 0.054147 0.053445 -0.011606
v 0.054737 0.053506 -0.011457
v 0.055328 0.053555 -0.011307
v 0.057102 0.053632 -0.010854
v 0.058286 0.053635 -0.010549
v 0.058877 0.053623 -0.010394
v 0.060058 0.053577 -0.010082
v 0.060647 0.053544 -0.009922
v 0.061235 0.053506 -0.009761
v 0.062408 0.053413 -0.009429
v 0.062992 0.053359 -0.009258
v 0.063575 0.053299 -0.009083
v 0.064156 0.053234 -0.008906
v 0.064736 0.053164 -0.008725
v 0.065314 0.053090 -0.008543
v 0.065892 0.053013 -0.008359
v 0.066469 0.052934 -0.008174
v 0.067047 0.052857 -0.007991
v 0.067626 0.052782 -0.007809
v 0.068206 0.052710 -0.007629
v 0.068786 0.052641 -0.007452
v 0.069367 0.052574 -0.007275
v 0.069949 0.052509 -0.007100
v 0.070531 0.052445 -0.006924
v 0.071113 0.052382 -0.006749
v 0.071695 0.052319 -0.006573
v 0.072277 0.052257 -0.006397
v 0.072858 0.052194 -0.006219
v 0.073439 0.052132 -0.006040
v 0.074020 0.052068 -0.005859
v 0.074600 0.052004 -0.005677
v 0.076917 0.051740 -0.004944
v 0.079244 0.051479 -0.004244
v 0.079830 0.051415 -0.004080
v 0.080417 0.051352 -0.003922
v 0.081005 0.051291 -0.003769
v 0.081594 0.051230 -0.003619
v 0.082184 0.051169 -0.003469
v 0.082741 0.051111 -0.003322
v 0.083297 0.051052 -0.003171
v 0.083851 0.050992 -0.003013
v 0.085490 0.050801 -0.002470
v 0.086553 0.050661 -0.002030
v 0.087071 0.050587 -0.001783
v 0.087579 0.050509 -0.001514
v 0.088073 0.050427 -0.001223
v 0.088550 0.050341 -0.000907
v 0.089321 0.050180 -0.000291
v 0.089868 0.050027 0.000327
v 0.090076 0.049944 0.000675
v 0.090229 0.049855 0.001058
v 0.090322 0.049766 0.001451
v 0.090346 0.049676 0.001861
v 0.090331 0.049587 0.002267
v 0.090266 0.049501 0.002671
v 0.090183 0.049416 0.003072
v 0.090346 0.049676 0.001861
v 0.090331 0.049587 0.002267
v 0.090128 0.047822 0.002258
v 0.090266 0.049501 0.002671
v 0.090183 0.049416 0.003072
v 0.090086 0.047660 0.003052
v 0.090083 0.049332 0.003469
v 0.089966 0.049250 0.003863
v 0.090031 0.047580 0.003456
v 0.090017 0.047985 0.001499
v 0.090229 0.049855 0.001058
v 0.090322 0.049766 0.001451
v 0.090121 0.047741 0.002652
v 0.089880 0.048068 0.001137
v 0.090097 0.047903 0.001873
v 0.089061 0.048322 0.000147
v 0.089321 0.050180 -0.000291
v 0.089605 0.050106 0.000005
v 0.089676 0.048152 0.000790
v 0.089401 0.048237 0.000460
v 0.089868 0.050027 0.000327
v 0.087579 0.050509 -0.001514
v 0.088073 0.050427 -0.001223
v 0.087728 0.048571 -0.000687
v 0.088420 0.046542 0.000343
v 0.088664 0.048406 -0.000149
v 0.086082 0.048799 -0.001357
v 0.086553 0.050661 -0.002030
v 0.086653 0.048727 -0.001152
v 0.087204 0.048650 -0.000929
v 0.085495 0.048868 -0.001543
v 0.086026 0.050732 -0.002259
v 0.084286 0.048997 -0.001872
v 0.084402 0.050930 -0.002844
v 0.084949 0.050866 -0.002664
v 0.084896 0.048934 -0.001714
v 0.085490 0.050801 -0.002470
v 0.082184 0.051169 -0.003469
v 0.082741 0.051111 -0.003322
v 0.082412 0.049174 -0.002289
v 0.083297 0.051052 -0.003171
v 0.083851 0.050992 -0.003013
v 0.083668 0.049058 -0.002019
v 0.081005 0.051291 -0.003769
v 0.081594 0.051230 -0.003619
v 0.081146 0.049288 -0.002544
v 0.081779 0.049231 -0.002418
v 0.079262 0.049461 -0.002936
v 0.079244 0.051479 -0.004244
v 0.079830 0.051415 -0.004080
v 0.080514 0.049345 -0.002671
v 0.079885 0.049403 -0.002802
v 0.080417 0.051352 -0.003922
v 0.078026 0.049582 -0.003219
v 0.077411 0.049643 -0.003365
v 0.078078 0.051608 -0.004586
v 0.078661 0.051543 -0.004413
v 0.078642 0.049521 -0.003076
v 0.076337 0.051807 -0.005126
v 0.076185 0.049766 -0.003664
v 0.075571 0.049828 -0.003817
v 0.076917 0.051740 -0.004944
v 0.077497 0.051674 -0.004764
v 0.076798 0.049704 -0.003514
v 0.074956 0.049890 -0.003970
v 0.075179 0.051938 -0.005494
v 0.075758 0.051873 -0.005309
v 0.073716 0.050013 -0.004278
v 0.073089 0.050073 -0.004431
v 0.073439 0.052132 -0.006040
v 0.074338 0.049952 -0.004124
v 0.074600 0.052004 -0.005677
v 0.071113 0.052382 -0.006749
v 0.071695 0.052319 -0.006573
v 0.071198 0.050253 -0.004886
v 0.072277 0.052257 -0.006397
v 0.072858 0.052194 -0.006219
v 0.072460 0.050134 -0.004584
v 0.069325 0.050434 -0.005329
v 0.069949 0.052509 -0.007100
v 0.069944 0.050374 -0.005183
v 0.071828 0.050194 -0.004735
v 0.071628 0.048104 -0.002998
v 0.068113 0.050558 -0.005617
v 0.067522 0.050621 -0.005758
v 0.068206 0.052710 -0.007629
v 0.069367 0.052574 -0.007275
v 0.066469 0.052934 -0.008174
v 0.066379 0.050750 -0.006036
v 0.065817 0.050816 -0.006173
v 0.067047 0.052857 -0.007991
v 0.066945 0.050685 -0.005898
v 0.064098 0.051010 -0.006593
v 0.064156 0.053234 -0.008906
v 0.064736 0.053164 -0.008725
v 0.065254 0.050881 -0.006311
v 0.065314 0.053090 -0.008543
v 0.065892 0.053013 -0.008359
v 0.062408 0.053413 -0.009429
v 0.062192 0.051188 -0.007046
v 0.061486 0.051242 -0.007209
v 0.063575 0.053299 -0.009083
v 0.063492 0.051072 -0.006739
v 0.062859 0.051131 -0.006890
v 0.060647 0.053544 -0.009922
v 0.060733 0.051291 -0.007380
v 0.059931 0.051335 -0.007559
v 0.061235 0.053506 -0.009761
v 0.061822 0.053462 -0.009596
v 0.058286 0.053635 -0.010549
v 0.058199 0.051389 -0.007939
v 0.057282 0.051388 -0.008137
v 0.059084 0.051369 -0.007746
v 0.059468 0.053604 -0.010239
v 0.060058 0.053577 -0.010082
v 0.055378 0.051308 -0.008545
v 0.055919 0.053591 -0.011157
v 0.056340 0.051363 -0.008339
v 0.057102 0.053632 -0.010854
v 0.054147 0.053445 -0.011606
v 0.053424 0.051088 -0.008962
v 0.053559 0.053371 -0.011754
v 0.054405 0.051218 -0.008753
v 0.054737 0.053506 -0.011457
v 0.051840 0.048491 -0.006381
v 0.051468 0.050694 -0.009379
v 0.052444 0.050914 -0.009171
v 0.051807 0.053062 -0.012197
v 0.052389 0.053180 -0.012050
v 0.047837 0.051843 -0.013206
v 0.048392 0.052057 -0.013064
v 0.048585 0.049766 -0.009998
v 0.050499 0.050428 -0.009586
v 0.050654 0.052783 -0.012489
v 0.046203 0.051127 -0.013628
v 0.046743 0.051378 -0.013488
v 0.046717 0.048940 -0.010404
v 0.047288 0.051616 -0.013347
v 0.047644 0.049373 -0.010201
v 0.045140 0.050591 -0.013905
v 0.045804 0.048469 -0.010604
v 0.044617 0.050306 -0.014042
v 0.045669 0.050865 -0.013767
v 0.044908 0.047960 -0.010802
v 0.044100 0.050010 -0.014179
v 0.044030 0.047416 -0.010998
v 0.043085 0.049386 -0.014450
v 0.043589 0.049703 -0.014315
v 0.042587 0.049058 -0.014584
v 0.041611 0.048372 -0.014849
v 0.042095 0.048720 -0.014717
v 0.043171 0.046837 -0.011192
v 0.045034 0.045484 -0.007532
v 0.042333 0.046223 -0.011384
v 0.041133 0.048014 -0.014981
v 0.041515 0.045575 -0.011573
v 0.040663 0.047646 -0.015111
v 0.040200 0.047269 -0.015241
v 0.040720 0.044894 -0.011759
v 0.039744 0.046882 -0.015369
v 0.039948 0.044180 -0.011943
v 0.039296 0.046486 -0.015497
v 0.038424 0.045667 -0.015748
v 0.038856 0.046081 -0.015623
v 0.042734 0.043801 -0.007932
v 0.043953 0.042027 -0.004292
v 0.043294 0.041464 -0.004363
v 0.038000 0.045245 -0.015872
v 0.039200 0.043434 -0.012124
v 0.037585 0.044814 -0.015995
v 0.038477 0.042656 -0.012301
v 0.037177 0.044375 -0.016117
v 0.036779 0.043928 -0.016237
v 0.037779 0.041846 -0.012476
v 0.039956 0.041136 -0.008432
v 0.036388 0.043473 -0.016356
v 0.036007 0.043010 -0.016474
v 0.037110 0.041007 -0.012647
v 0.035635 0.042539 -0.016591
v 0.036473 0.040139 -0.012814
v 0.035272 0.042061 -0.016707
v 0.034576 0.041082 -0.016934
v 0.034919 0.041575 -0.016821
v 0.034244 0.040582 -0.017045
v 0.035869 0.039243 -0.012978
v 0.038124 0.038841 -0.008776
v 0.033922 0.040074 -0.017155
v 0.035303 0.038320 -0.013136
v 0.033611 0.039559 -0.017264
v 0.034776 0.037372 -0.013290
v 0.033024 0.038509 -0.017478
v 0.033311 0.039037 -0.017372
v 0.032748 0.037973 -0.017582
v 0.034292 0.036401 -0.013438
v 0.032485 0.037431 -0.017685
v 0.038369 0.035269 -0.004881
v 0.037968 0.034471 -0.004921
v 0.036572 0.036321 -0.009086
v 0.032235 0.036883 -0.017786
v 0.033854 0.035406 -0.013581
v 0.031998 0.036328 -0.017885
v 0.031567 0.035201 -0.018079
v 0.031776 0.035767 -0.017983
v 0.033465 0.034390 -0.013718
v 0.031373 0.034629 -0.018174
v 0.033124 0.033353 -0.013849
v 0.031191 0.034053 -0.018266
v 0.036997 0.031972 -0.005012
v 0.035373 0.033605 -0.009352
v 0.037281 0.032821 -0.004986
v 0.031022 0.033473 -0.018357
v 0.032826 0.032300 -0.013975
v 0.030864 0.032889 -0.018447
v 0.030716 0.032303 -0.018535
v 0.032564 0.031231 -0.014096
v 0.030578 0.031713 -0.018621
v 0.030449 0.031122 -0.018707
v 0.030327 0.030529 -0.018791
v 0.032333 0.030150 -0.014213
v 0.034547 0.030732 -0.009573
v 0.036529 0.030234 -0.005050
v 0.036335 0.029349 -0.005064
v 0.030213 0.029935 -0.018874
v 0.032125 0.029058 -0.014328
v 0.030104 0.029339 -0.018957
v 0.031936 0.027960 -0.014440
v 0.029901 0.028145 -0.019119
v 0.030001 0.028742 -0.019038
v 0.035852 0.026655 -0.005095
v 0.037865 0.026348 -0.000356
v 0.037768 0.025750 -0.000325
v 0.033969 0.027759 -0.009763
v 0.036002 0.027558 -0.005086
v 0.033806 0.026755 -0.009823
v 0.031759 0.026856 -0.014551
v 0.029805 0.027546 -0.019200
v 0.037964 0.026945 -0.000388
v 0.031589 0.025750 -0.014661
v 0.033648 0.025750 -0.009882
v 0.029711 0.026948 -0.019280
v 0.029619 0.026349 -0.019360
v 0.029529 0.025750 -0.019440
v 0.048339 0.047277 -0.006968
v 0.049537 0.050119 -0.009793
v 0.049515 0.052447 -0.012778
v 0.048951 0.052258 -0.012921
v 0.050082 0.052621 -0.012634
v 0.051229 0.052930 -0.012343
v 0.052973 0.053283 -0.011903
v 0.058877 0.053623 -0.010394
v 0.055328 0.053555 -0.011307
v 0.055430 0.049061 -0.005783
v 0.056511 0.053617 -0.011006
v 0.057694 0.053638 -0.010702
v 0.059673 0.049100 -0.005072
v 0.062992 0.053359 -0.009258
v 0.064683 0.050946 -0.006451
v 0.067626 0.052782 -0.007809
v 0.068786 0.052641 -0.007452
v 0.068714 0.050496 -0.005474
v 0.070531 0.052445 -0.006924
v 0.070569 0.050313 -0.005035
v 0.074020 0.052068 -0.005859
v 0.083042 0.049117 -0.002157
v 0.082318 0.047213 -0.001194
v 0.087071 0.050587 -0.001783
v 0.085993 0.046885 -0.000515
v 0.088217 0.048489 -0.000427
v 0.088550 0.050341 -0.000907
v 0.089006 0.050250 -0.000562
v 0.090076 0.049944 0.000675
v 0.089971 0.045890 0.003102
v 0.089966 0.045750 0.003863
v 0.089966 0.044000 0.003863
v 0.089914 0.044060 0.003505
v 0.089972 0.045820 0.003481
v 0.089856 0.044120 0.003151
v 0.089966 0.042250 0.003863
v 0.089881 0.042289 0.003598
v 0.035708 0.025750 -0.005103
v 0.034143 0.028757 -0.009702
v 0.034334 0.029749 -0.009639
v 0.034787 0.031704 -0.009504
v 0.035061 0.032663 -0.009430
v 0.035730 0.034530 -0.009269
v 0.036130 0.035436 -0.009180
v 0.037054 0.037184 -0.008987
v 0.037572 0.038024 -0.008883
v 0.039275 0.036806 -0.004789
v 0.039775 0.037543 -0.004737
v 0.038707 0.039633 -0.008665
v 0.039318 0.040398 -0.008550
v 0.041435 0.039616 -0.004563
v 0.040857 0.038950 -0.004624
v 0.040617 0.041846 -0.008311
v 0.041301 0.042527 -0.008188
v 0.042007 0.043179 -0.008061
v 0.043482 0.044393 -0.007801
v 0.044248 0.044954 -0.007667
v 0.045326 0.043072 -0.004143
v 0.046037 0.043552 -0.004065
v 0.045837 0.045982 -0.007394
v 0.046656 0.046448 -0.007254
v 0.047491 0.046879 -0.007112
v 0.048265 0.044819 -0.003820
v 0.049034 0.045180 -0.003735
v 0.049200 0.047637 -0.006823
v 0.050071 0.047961 -0.006677
v 0.050952 0.048246 -0.006530
v 0.051405 0.046063 -0.003473
v 0.052212 0.046287 -0.003383
v 0.052735 0.048694 -0.006232
v 0.053634 0.048856 -0.006082
v 0.054534 0.048977 -0.005932
v 0.054663 0.046735 -0.003112
v 0.055481 0.046815 -0.003021
v 0.056317 0.049114 -0.005635
v 0.057190 0.049140 -0.005489
v 0.058044 0.049144 -0.005346
v 0.058873 0.049129 -0.005207
v 0.058663 0.046888 -0.002668
v 0.059416 0.046865 -0.002584
v 0.060439 0.049063 -0.004942
v 0.061166 0.049020 -0.004818
v 0.061857 0.048974 -0.004699
v 0.062517 0.048924 -0.004584
v 0.063151 0.048872 -0.004474
v 0.063764 0.048818 -0.004367
v 0.064361 0.048762 -0.004262
v 0.064948 0.048705 -0.004159
v 0.065528 0.048648 -0.004057
v 0.066107 0.048590 -0.003955
v 0.066690 0.048533 -0.003853
v 0.067281 0.048477 -0.003751
v 0.067883 0.048422 -0.003646
v 0.068494 0.048367 -0.003541
v 0.069113 0.048314 -0.003434
v 0.069737 0.048261 -0.003327
v 0.070365 0.048208 -0.003218
v 0.070996 0.048156 -0.003109
v 0.072061 0.045969 -0.001191
v 0.071428 0.046014 -0.001261
v 0.072260 0.048051 -0.002887
v 0.072890 0.047999 -0.002776
v 0.073517 0.047946 -0.002664
v 0.074140 0.047892 -0.002552
v 0.074759 0.047838 -0.002439
v 0.075376 0.047784 -0.002327
v 0.075992 0.047730 -0.002216
v 0.076608 0.047676 -0.002105
v 0.077226 0.047622 -0.001996
v 0.077846 0.047569 -0.001889
v 0.078470 0.047516 -0.001783
v 0.079099 0.047464 -0.001680
v 0.079734 0.047413 -0.001580
v 0.080376 0.047362 -0.001482
v 0.081023 0.047312 -0.001386
v 0.081671 0.047263 -0.001290
v 0.082878 0.045209 -0.000033
v 0.082224 0.045252 -0.000098
v 0.082960 0.047163 -0.001095
v 0.083595 0.047111 -0.000992
v 0.084219 0.047058 -0.000884
v 0.084828 0.047003 -0.000770
v 0.085421 0.046946 -0.000647
v 0.085346 0.045023 0.000250
v 0.085904 0.044971 0.000327
v 0.086542 0.046822 -0.000371
v 0.087063 0.046755 -0.000216
v 0.087553 0.046686 -0.000046
v 0.088006 0.046615 0.000140
v 0.087796 0.044740 0.000706
v 0.088175 0.044678 0.000835
v 0.088788 0.046468 0.000566
v 0.089107 0.046394 0.000810
v 0.089372 0.046320 0.001078
v 0.089580 0.046247 0.001369
v 0.089735 0.046174 0.001683
v 0.089844 0.046102 0.002017
v 0.089914 0.046031 0.002366
v 0.089954 0.045960 0.002729
v 0.089786 0.044180 0.002807
v 0.089966 0.047500 0.003863
v 0.036161 0.028456 -0.005076
v 0.038067 0.027542 -0.000419
v 0.038176 0.028138 -0.000449
v 0.036748 0.031109 -0.005033
v 0.038556 0.029915 -0.000535
v 0.038707 0.030502 -0.000561
v 0.037605 0.033655 -0.004956
v 0.039487 0.032795 -0.000644
v 0.039998 0.033895 -0.000671
v 0.038806 0.036048 -0.004837
v 0.040584 0.034956 -0.000688
v 0.041239 0.035977 -0.000698
v 0.040303 0.038258 -0.004682
v 0.041955 0.036956 -0.000700
v 0.042729 0.037889 -0.000695
v 0.042034 0.040258 -0.004499
v 0.042654 0.040874 -0.004432
v 0.043555 0.038777 -0.000684
v 0.043987 0.039203 -0.000677
v 0.044630 0.042563 -0.004218
v 0.045833 0.040774 -0.000634
v 0.046822 0.041476 -0.000605
v 0.046765 0.044004 -0.003985
v 0.047508 0.044426 -0.003903
v 0.048379 0.042415 -0.000552
v 0.049461 0.042961 -0.000512
v 0.049815 0.045508 -0.003649
v 0.050606 0.045803 -0.003561
v 0.051144 0.043647 -0.000446
v 0.052301 0.044009 -0.000398
v 0.053025 0.046474 -0.003293
v 0.053843 0.046623 -0.003203
v 0.054076 0.044395 -0.000322
v 0.055279 0.044546 -0.000270
v 0.056294 0.046866 -0.002931
v 0.057098 0.046892 -0.002841
v 0.057889 0.046899 -0.002754
v 0.057093 0.044647 -0.000190
v 0.057699 0.044654 -0.000163
v 0.058910 0.044638 -0.000108
v 0.060145 0.046834 -0.002503
v 0.060846 0.046799 -0.002426
v 0.061521 0.046760 -0.002351
v 0.062175 0.046718 -0.002278
v 0.062810 0.046673 -0.002208
v 0.063430 0.046627 -0.002140
v 0.064039 0.046579 -0.002072
v 0.064641 0.046530 -0.002006
v 0.065238 0.046480 -0.001940
v 0.065835 0.046431 -0.001875
v 0.066434 0.046382 -0.001809
v 0.065564 0.044271 0.000206
v 0.067040 0.046333 -0.001743
v 0.066168 0.044231 0.000235
v 0.067654 0.046286 -0.001676
v 0.066772 0.044191 0.000264
v 0.068274 0.046239 -0.001608
v 0.067377 0.044153 0.000293
v 0.068900 0.046193 -0.001540
v 0.067982 0.044115 0.000321
v 0.069529 0.046148 -0.001471
v 0.068586 0.044079 0.000350
v 0.069796 0.044007 0.000408
v 0.070161 0.046103 -0.001401
v 0.070400 0.043972 0.000437
v 0.070795 0.046058 -0.001331
v 0.071005 0.043937 0.000465
v 0.072691 0.045924 -0.001120
v 0.073319 0.045879 -0.001049
v 0.073942 0.045833 -0.000979
v 0.074562 0.045787 -0.000908
v 0.075180 0.045741 -0.000837
v 0.075799 0.045695 -0.000767
v 0.076418 0.045648 -0.000697
v 0.077041 0.045602 -0.000628
v 0.077667 0.045557 -0.000559
v 0.078298 0.045511 -0.000491
v 0.078937 0.045467 -0.000424
v 0.079583 0.045423 -0.000358
v 0.080238 0.045379 -0.000292
v 0.079471 0.043430 0.000866
v 0.080900 0.045337 -0.000228
v 0.080076 0.043398 0.000896
v 0.081286 0.043335 0.000956
v 0.081563 0.045294 -0.000163
v 0.081891 0.043303 0.000986
v 0.083522 0.045165 0.000035
v 0.084151 0.045119 0.000104
v 0.084760 0.045072 0.000175
v 0.085287 0.043099 0.001147
v 0.086430 0.044917 0.000409
v 0.086922 0.044860 0.000497
v 0.086404 0.043004 0.001192
v 0.087378 0.044801 0.000595
v 0.086776 0.042966 0.001209
v 0.087148 0.042923 0.001228
v 0.087795 0.042834 0.001296
v 0.088515 0.044614 0.000985
v 0.088813 0.044551 0.001160
v 0.089068 0.044488 0.001365
v 0.089280 0.044425 0.001601
v 0.089452 0.044363 0.001867
v 0.089590 0.044301 0.002160
v 0.089700 0.044241 0.002475
v 0.089343 0.042498 0.002323
v 0.089476 0.042453 0.002566
v 0.089693 0.042369 0.003076
v 0.038292 0.028732 -0.000479
v 0.038418 0.029325 -0.000508
v 0.038874 0.031084 -0.000585
v 0.039058 0.031662 -0.000607
v 0.039262 0.032232 -0.000627
v 0.039732 0.033350 -0.000659
v 0.040282 0.034431 -0.000681
v 0.040903 0.035472 -0.000694
v 0.041590 0.036472 -0.000700
v 0.042336 0.037428 -0.000698
v 0.043136 0.038339 -0.000690
v 0.044432 0.039616 -0.000668
v 0.044887 0.040016 -0.000658
v 0.045355 0.040402 -0.000647
v 0.046322 0.041133 -0.000620
v 0.047331 0.041805 -0.000588
v 0.047851 0.042118 -0.000571
v 0.048916 0.042696 -0.000533
v 0.050015 0.043208 -0.000491
v 0.050576 0.043437 -0.000469
v 0.051719 0.043838 -0.000422
v 0.052888 0.044159 -0.000373
v 0.053480 0.044288 -0.000348
v 0.054676 0.044480 -0.000296
v 0.055882 0.044595 -0.000243
v 0.056487 0.044628 -0.000217
v 0.058305 0.044650 -0.000135
v 0.059516 0.044619 -0.000080
v 0.060121 0.044595 -0.000053
v 0.060726 0.044568 -0.000025
v 0.061332 0.044538 0.000004
v 0.061937 0.044505 0.000032
v 0.062541 0.044470 0.000061
v 0.063146 0.044432 0.000090
v 0.063750 0.044393 0.000118
v 0.064355 0.044353 0.000147
v 0.064959 0.044312 0.000177
v 0.069191 0.044043 0.000379
v 0.071610 0.043901 0.000494
v 0.072215 0.043866 0.000522
v 0.072819 0.043830 0.000551
v 0.073424 0.043793 0.000579
v 0.074029 0.043756 0.000607
v 0.074633 0.043719 0.000636
v 0.075238 0.043682 0.000664
v 0.075843 0.043644 0.000693
v 0.076447 0.043607 0.000721
v 0.077052 0.043570 0.000750
v 0.077657 0.043534 0.000779
v 0.078261 0.043499 0.000808
v 0.078866 0.043464 0.000837
v 0.080681 0.043366 0.000926
v 0.082495 0.043271 0.001015
v 0.083100 0.043238 0.001045
v 0.083705 0.043203 0.001074
v 0.084310 0.043166 0.001102
v 0.084914 0.043126 0.001130
v 0.085660 0.043071 0.001163
v 0.086032 0.043039 0.001178
v 0.087517 0.042875 0.001265
v 0.088065 0.042791 0.001353
v 0.088335 0.042743 0.001432
v 0.088587 0.042694 0.001543
v 0.088815 0.042643 0.001694
v 0.089018 0.042592 0.001881
v 0.089197 0.042544 0.002088
v 0.089589 0.042411 0.002819
v 0.089790 0.042329 0.003336
v 0.097076 0.049250 0.019846
v 0.097076 0.042250 0.019846
v 0.088143 0.042250 0.018752
v 0.088143 0.049250 0.018752
v 0.097076 0.049250 0.019846
v 0.094433 0.049250 0.004410
v 0.096666 0.049250 0.004684
v 0.088143 0.049250 0.018752
v 0.098900 0.049250 0.004957
v 0.089966 0.049250 0.003863
v 0.092200 0.049250 0.004137
v 0.088143 0.042250 0.018752
v 0.094433 0.042250 0.004410
v 0.092200 0.042250 0.004137
v 0.096666 0.042250 0.004684
v 0.097076 0.042250 0.019846
v 0.089966 0.042250 0.003863
v 0.098900 0.042250 0.004957
v 0.097076 0.049250 0.019846
v 0.098900 0.049250 0.004957
v 0.098900 0.046917 0.004957
v 0.098900 0.044583 0.004957
v 0.098900 0.042250 0.004957
v 0.097076 0.042250 0.019846
v 0.088143 0.049250 0.018752
v 0.088143 0.042250 0.018752
v 0.089966 0.045750 0.003863
v 0.089966 0.047500 0.003863
v 0.089966 0.049250 0.003863
v 0.089966 0.044000 0.003863
v 0.089966 0.042250 0.003863
vn 0.1297 -0.9900 -0.0562
vn 0.2578 -0.9598 -0.1111
vn 0.1436 -0.9877 -0.0619
vn 0.4169 -0.8910 -0.1797
vn 0.2838 -0.9510 -0.1223
vn 0.3804 -0.9102 -0.1640
vn 0.0001 -1.0000 -0.0000
vn 0.5398 -0.8090 -0.2327
vn 0.6493 -0.7071 -0.2799
vn 0.5232 -0.8218 -0.2255
vn 0.6494 -0.7070 -0.2799
vn 0.3957 -0.0000 0.9184
vn 0.3961 -0.0000 0.9182
vn 0.3959 -0.0000 0.9183
vn 0.3958 -0.0000 0.9183
vn 0.3956 -0.0000 0.9184
vn -0.9183 -0.0000 0.3958
vn -0.9184 -0.0000 0.3957
vn -0.9183 -0.0000 0.3959
vn -0.0218 -0.0002 -0.9998
vn -0.0216 -0.0001 -0.9998
vn -0.0215 -0.0000 -0.9998
vn -0.0217 -0.0001 -0.9998
vn -0.0211 0.0001 -0.9998
vn -0.0214 -0.0000 -0.9998
vn 0.2586 -0.0003 0.9660
vn 0.2562 0.0001 0.9666
vn 0.1999 -0.0002 0.9798
vn 0.1979 0.0001 0.9802
vn 0.1403 -0.0001 0.9901
vn 0.0804 -0.0000 0.9968
vn 0.1394 0.0001 0.9902
vn 0.3130 0.0003 0.9498
vn 0.3164 -0.0003 0.9486
vn 0.3690 -0.0000 0.9294
vn 0.3730 -0.0001 0.9278
vn 0.4095 -0.0000 0.9123
vn 0.3896 -0.0000 0.9210
vn 0.4283 -0.0000 0.9036
vn 0.4284 -0.0000 0.9036
vn -0.0000 -1.0000 -0.0000
vn 0.9926 -0.0000 0.1215
vn -0.0392 -0.0000 0.9992
vn -0.2027 -0.0000 0.9792
vn 0.9926 -0.0000 0.1217
vn 0.9990 -0.0000 -0.0440
vn 0.9926 -0.0000 0.1218
vn -0.3614 -0.0000 0.9324
vn -0.5100 -0.0000 0.8602
vn -0.5102 -0.0000 0.8600
vn -0.6446 -0.0000 0.7646
vn -0.6446 -0.0000 0.7645
vn -0.7617 -0.0000 0.6479
vn -0.7618 -0.0000 0.6479
vn -0.8580 -0.0000 0.5136
vn -0.8582 -0.0000 0.5133
vn -0.9308 -0.0000 0.3656
vn -0.9783 -0.0000 0.2073
vn -0.9991 -0.0000 0.0432
vn -0.9991 -0.0000 0.0433
vn -0.9926 -0.0000 -0.1217
vn -0.9926 -0.0000 -0.1213
vn 0.1258 -0.0000 0.9921
vn 0.2871 -0.0000 0.9579
vn 0.4411 -0.0000 0.8975
vn 0.5831 -0.0000 0.8124
vn 0.7086 -0.0000 0.7056
vn 0.8152 -0.0000 0.5792
vn 0.8151 -0.0000 0.5793
vn 0.8993 -0.0000 0.4373
vn 0.9590 -0.0000 0.2835
vn 0.9589 -0.0000 0.2836
vn 0.9783 -0.0000 -0.2073
vn 0.7615 -0.0000 -0.6481
vn 0.7616 -0.0000 -0.6480
vn 0.8581 -0.0000 -0.5134
vn 0.9309 -0.0000 -0.3652
vn 0.9309 -0.0000 -0.3653
vn 0.5103 -0.0000 -0.8600
vn 0.3614 -0.0000 -0.9324
vn 0.6445 -0.0000 -0.7646
vn 0.6447 -0.0000 -0.7644
vn 0.5101 -0.0000 -0.8601
vn -0.1261 -0.0000 -0.9920
vn 0.0395 -0.0000 -0.9992
vn 0.2034 -0.0000 -0.9791
vn -0.5830 -0.0000 -0.8125
vn -0.5828 -0.0000 -0.8126
vn -0.4416 -0.0000 -0.8972
vn -0.2874 -0.0000 -0.9578
vn -0.8151 -0.0000 -0.5794
vn -0.7086 -0.0000 -0.7056
vn -0.8151 -0.0000 -0.5793
vn -0.8992 -0.0000 -0.4374
vn -0.8993 -0.0000 -0.4374
vn -0.9591 -0.0000 -0.2832
vn -0.0395 -0.0000 0.9992
vn -0.2034 -0.0000 0.9791
vn 0.9926 -0.0000 0.1216
vn 0.9990 -0.0000 -0.0437
vn -0.3615 -0.0000 0.9324
vn -0.5102 -0.0000 0.8601
vn -0.6448 -0.0000 0.7644
vn -0.6447 -0.0000 0.7645
vn -0.7618 -0.0000 0.6478
vn -0.7619 -0.0000 0.6477
vn -0.8580 -0.0000 0.5137
vn -0.8577 -0.0000 0.5141
vn -0.9306 -0.0000 0.3660
vn -0.9783 -0.0000 0.2074
vn -0.9990 -0.0000 0.0439
vn -0.9926 -0.0000 -0.1214
vn -0.0391 -0.0000 0.9992
vn 0.1261 -0.0000 0.9920
vn 0.2876 -0.0000 0.9578
vn 0.2873 -0.0000 0.9578
vn 0.4410 -0.0000 0.8975
vn 0.8153 -0.0000 0.5791
vn 0.8992 -0.0000 0.4375
vn 0.9589 -0.0000 0.2837
vn 0.9782 -0.0000 -0.2076
vn 0.7619 -0.0000 -0.6477
vn 0.8581 -0.0000 -0.5135
vn 0.9307 -0.0000 -0.3658
vn 0.5100 -0.0000 -0.8602
vn 0.3615 -0.0000 -0.9324
vn 0.6447 -0.0000 -0.7645
vn 0.0393 -0.0000 -0.9992
vn 0.0392 -0.0000 -0.9992
vn -0.5827 -0.0000 -0.8127
vn -0.4407 -0.0000 -0.8977
vn -0.2868 -0.0000 -0.9580
vn -0.2873 -0.0000 -0.9578
vn -0.8154 -0.0000 -0.5790
vn -0.8154 -0.0000 -0.5789
vn -0.8992 -0.0000 -0.4375
vn -0.9589 -0.0000 -0.2838
vn -0.0000 1.0000 -0.0000
vn 0.4027 -0.0174 0.9152
vn 0.4061 0.0139 0.9137
vn 0.4096 -0.0211 0.9120
vn -0.0481 -0.8883 0.4568
vn -0.0462 -0.8928 0.4481
vn -0.0787 -0.8900 0.4491
vn -0.0819 -0.8809 0.4661
vn -0.0498 -0.8835 0.4657
vn -0.0806 -0.8855 0.4576
vn -0.0446 -0.8973 0.4392
vn -0.0770 -0.8944 0.4406
vn -0.0148 -0.8922 0.4514
vn -0.0432 -0.9018 0.4300
vn -0.0755 -0.8987 0.4321
vn -0.0422 -0.9062 0.4208
vn -0.0743 -0.9028 0.4235
vn -0.0414 -0.9104 0.4116
vn -0.0733 -0.9069 0.4149
vn -0.0088 -0.9139 0.4058
vn 0.0221 -0.9081 0.4181
vn 0.0224 -0.9124 0.4087
vn -0.0726 -0.9109 0.4062
vn -0.0405 -0.9147 0.4021
vn -0.0722 -0.9148 0.3975
vn -0.0719 -0.9223 0.3798
vn -0.0719 -0.9186 0.3887
vn -0.0404 -0.9187 0.3929
vn -0.0408 -0.9226 0.3837
vn -0.0721 -0.9259 0.3708
vn -0.0106 -0.9297 0.3682
vn 0.0208 -0.9245 0.3805
vn 0.0194 -0.9283 0.3713
vn -0.0409 -0.9264 0.3744
vn -0.0415 -0.9300 0.3651
vn -0.0726 -0.9294 0.3618
vn -0.0733 -0.9329 0.3526
vn -0.0418 -0.9337 0.3556
vn -0.0737 -0.9363 0.3433
vn -0.0424 -0.9374 0.3458
vn -0.0738 -0.9396 0.3341
vn -0.0425 -0.9407 0.3365
vn -0.0737 -0.9429 0.3249
vn -0.0119 -0.9402 0.3403
vn -0.0422 -0.9440 0.3273
vn -0.0419 -0.9473 0.3177
vn -0.0733 -0.9460 0.3157
vn -0.0725 -0.9490 0.3067
vn -0.0412 -0.9504 0.3084
vn -0.0716 -0.9520 0.2977
vn 0.0201 -0.9484 0.3165
vn 0.0219 -0.9513 0.3075
vn -0.0092 -0.9528 0.3034
vn -0.0703 -0.9547 0.2890
vn -0.0404 -0.9534 0.2990
vn -0.0350 -0.9645 0.2616
vn -0.0652 -0.9623 0.2640
vn -0.0365 -0.9619 0.2709
vn -0.0393 -0.9563 0.2898
vn -0.0689 -0.9574 0.2804
vn -0.0380 -0.9592 0.2802
vn -0.0672 -0.9599 0.2721
vn -0.0636 -0.9645 0.2562
vn -0.0341 -0.9671 0.2522
vn -0.0627 -0.9666 0.2484
vn -0.0623 -0.9686 0.2408
vn -0.0625 -0.9704 0.2331
vn -0.0337 -0.9694 0.2432
vn -0.0634 -0.9722 0.2253
vn -0.0341 -0.9717 0.2338
vn -0.1028 -0.9828 0.1534
vn -0.0510 -0.9848 0.1661
vn -0.0565 -0.9866 0.1532
vn -0.0936 -0.9818 0.1655
vn -0.0865 -0.9807 0.1751
vn -0.0472 -0.9830 0.1773
vn -0.0650 -0.9739 0.2174
vn -0.0350 -0.9738 0.2247
vn -0.0365 -0.9757 0.2159
vn 0.0268 -0.9759 0.2165
vn 0.0214 -0.9780 0.2076
vn -0.0088 -0.9782 0.2074
vn -0.0385 -0.9777 0.2065
vn -0.0676 -0.9756 0.2091
vn -0.0713 -0.9772 0.2001
vn -0.0409 -0.9795 0.1972
vn -0.0766 -0.9788 0.1902
vn -0.0439 -0.9813 0.1876
vn -0.0810 -0.9797 0.1834
vn 0.0115 -0.9817 0.1903
vn 0.0067 -0.9833 0.1819
vn -0.0169 -0.9835 0.1800
vn -0.0199 -0.9852 0.1705
vn -0.1289 -0.9847 0.1176
vn -0.1146 -0.9838 0.1378
vn -0.0635 -0.9884 0.1378
vn -0.0240 -0.9868 0.1599
vn -0.0711 -0.9900 0.1214
vn -0.0294 -0.9885 0.1483
vn -0.1460 -0.9851 0.0904
vn -0.0357 -0.9902 0.1353
vn -0.0797 -0.9918 0.1004
vn -0.1598 -0.9850 0.0644
vn -0.0219 -0.9911 0.1312
vn -0.0148 -0.9895 0.1439
vn -0.0041 -0.9894 0.1454
vn -0.0922 -0.9943 0.0536
vn -0.1822 -0.9833 -0.0035
vn -0.0871 -0.9932 0.0778
vn -0.1727 -0.9844 0.0331
vn -0.0425 -0.9918 0.1205
vn -0.0490 -0.9934 0.1033
vn -0.0551 -0.9949 0.0847
vn -0.0938 -0.9952 0.0296
vn -0.1839 -0.9821 -0.0398
vn -0.0597 -0.9961 0.0651
vn -0.0906 -0.9959 0.0083
vn -0.0415 -0.9956 0.0839
vn -0.0358 -0.9942 0.1011
vn -0.0267 -0.9941 0.1050
vn -0.1756 -0.9819 -0.0708
vn -0.0608 -0.9971 0.0468
vn -0.0824 -0.9966 -0.0081
vn -0.1587 -0.9829 -0.0936
vn -0.0577 -0.9978 0.0317
vn -0.0708 -0.9973 -0.0200
vn -0.0509 -0.9985 0.0204
vn -0.0570 -0.9980 -0.0280
vn -0.1377 -0.9844 -0.1093
vn -0.0338 -0.9989 0.0333
vn -0.0406 -0.9983 0.0417
vn -0.0329 -0.9981 0.0520
vn -0.0919 -0.9876 -0.1273
vn -0.1150 -0.9861 -0.1199
vn -0.0418 -0.9985 -0.0344
vn -0.0422 -0.9990 0.0121
vn -0.0322 -0.9995 0.0060
vn -0.0263 -0.9989 -0.0390
vn -0.0693 -0.9887 -0.1328
vn -0.0274 -0.9992 0.0277
vn -0.0220 -0.9990 0.0396
vn -0.0193 -0.9995 0.0236
vn -0.0470 -0.9894 -0.1373
vn 0.0187 -0.9880 -0.1532
vn -0.0032 -0.9891 -0.1470
vn -0.0108 -0.9990 -0.0433
vn -0.0250 -0.9896 -0.1419
vn -0.0215 -0.9998 0.0017
vn -0.0103 -0.9999 -0.0016
vn -0.0144 -0.9993 0.0357
vn -0.0106 -0.9997 0.0206
vn 0.0005 -1.0000 -0.0043
vn 0.0057 -0.9989 -0.0468
vn -0.0040 -0.9995 0.0323
vn -0.0023 -0.9998 0.0185
vn -0.0066 -0.9994 0.0332
vn -0.0092 -0.9994 0.0339
vn -0.0822 -0.8763 0.4747
vn -0.0507 -0.8789 0.4743
vn -0.0506 -0.8741 0.4832
vn -0.0497 -0.8692 0.4920
vn -0.0818 -0.8716 0.4833
vn -0.0805 -0.8669 0.4920
vn -0.0196 -0.8737 0.4861
vn -0.0480 -0.8642 0.5008
vn -0.0785 -0.8620 0.5007
vn -0.0759 -0.8572 0.5094
vn -0.0455 -0.8591 0.5098
vn -0.0726 -0.8523 0.5180
vn -0.0422 -0.8536 0.5191
vn -0.0109 -0.8530 0.5217
vn -0.0383 -0.8483 0.5281
vn -0.0688 -0.8473 0.5267
vn -0.0336 -0.8427 0.5374
vn -0.0647 -0.8422 0.5353
vn -0.0283 -0.8365 0.5472
vn -0.0603 -0.8370 0.5439
vn -0.0550 -0.8317 0.5525
vn -0.0219 -0.8300 0.5573
vn -0.0472 -0.8261 0.5615
vn -0.0368 -0.8203 0.5708
vn -0.0119 -0.8230 0.5679
vn 0.0017 -0.8152 0.5792
vn -0.0242 -0.8140 0.5803
vn 0.0243 -0.8203 0.5714
vn 0.0186 -0.8064 0.5910
vn -0.0095 -0.8073 0.5901
vn 0.0387 -0.7966 0.6033
vn 0.0074 -0.7998 0.6002
vn 0.0620 -0.7852 0.6161
vn 0.0262 -0.7916 0.6105
vn 0.0470 -0.7823 0.6211
vn 0.0883 -0.7722 0.6292
vn 0.0696 -0.7719 0.6319
vn 0.1175 -0.7571 0.6427
vn 0.0939 -0.7603 0.6428
vn 0.1199 -0.7472 0.6537
vn 0.1492 -0.7396 0.6563
vn 0.1452 -0.7331 0.6645
vn 0.1804 -0.7207 0.6694
vn 0.1692 -0.7184 0.6748
vn 0.2096 -0.7006 0.6821
vn 0.2885 -0.6666 0.6873
vn 0.2603 -0.6903 0.6751
vn 0.2172 -0.7074 0.6726
vn 0.1917 -0.7030 0.6848
vn 0.2129 -0.6872 0.6946
vn 0.2616 -0.6576 0.7065
vn 0.2366 -0.6796 0.6944
vn 0.2328 -0.6709 0.7041
vn 0.2846 -0.6355 0.7177
vn 0.2515 -0.6543 0.7132
vn 0.2691 -0.6373 0.7221
vn 0.2855 -0.6199 0.7309
vn 0.3058 -0.6126 0.7288
vn 0.3252 -0.5892 0.7397
vn 0.3430 -0.5654 0.7501
vn 0.3009 -0.6023 0.7394
vn 0.3152 -0.5846 0.7476
vn 0.3591 -0.5413 0.7603
vn 0.3287 -0.5666 0.7556
vn 0.3416 -0.5482 0.7634
vn 0.3742 -0.5167 0.7701
vn 0.3533 -0.5297 0.7711
vn 0.3644 -0.5109 0.7786
vn 0.3878 -0.4917 0.7796
vn 0.3747 -0.4920 0.7858
vn 0.4002 -0.4664 0.7889
vn 0.3843 -0.4730 0.7929
vn 0.3930 -0.4538 0.7998
vn 0.4113 -0.4408 0.7978
vn 0.4211 -0.4149 0.8066
vn 0.4010 -0.4345 0.8065
vn 0.4297 -0.3889 0.8149
vn 0.4083 -0.4152 0.8130
vn 0.4370 -0.3629 0.8230
vn 0.4147 -0.3958 0.8194
vn 0.4205 -0.3764 0.8255
vn 0.4431 -0.3366 0.8309
vn 0.4257 -0.3569 0.8315
vn 0.4303 -0.3371 0.8374
vn 0.4482 -0.3098 0.8385
vn 0.4655 -0.3032 0.8315
vn 0.4525 -0.2825 0.8458
vn 0.4345 -0.3169 0.8431
vn 0.4383 -0.2963 0.8486
vn 0.4415 -0.2754 0.8539
vn 0.4586 -0.2258 0.8595
vn 0.4560 -0.2544 0.8528
vn 0.4443 -0.2541 0.8591
vn 0.4604 -0.1965 0.8657
vn 0.4465 -0.2324 0.8641
vn 0.4483 -0.2103 0.8688
vn 0.4496 -0.1877 0.8733
vn 0.4610 -0.1664 0.8717
vn 0.4607 -0.1357 0.8772
vn 0.4502 -0.1648 0.8776
vn 0.4593 -0.1047 0.8821
vn 0.4503 -0.1416 0.8816
vn 0.4493 -0.1195 0.8853
vn 0.4561 -0.0763 0.8867
vn 0.4471 -0.0997 0.8889
vn 0.4506 -0.0520 0.8912
vn 0.4437 -0.0822 0.8924
vn 0.4437 -0.0317 0.8956
vn 0.4395 -0.0670 0.8957
vn 0.4345 -0.0538 0.8991
vn 0.4289 -0.0429 0.9023
vn 0.4355 -0.0150 0.9001
vn 0.4260 -0.0019 0.9047
vn 0.4228 -0.0337 0.9056
vn 0.4165 0.0076 0.9091
vn 0.4162 -0.0265 0.9089
vn 0.3958 0.0172 0.9182
vn 0.3952 0.0570 0.9168
vn 0.4067 0.1025 0.9078
vn 0.4051 0.1660 0.8991
vn 0.4197 0.0964 0.9025
vn 0.3958 -0.0155 0.9182
vn 0.3901 0.1694 0.9051
vn 0.4200 0.1596 0.8934
vn 0.3936 0.1066 0.9131
vn 0.4067 0.0530 0.9120
vn 0.4296 0.0377 0.9022
vn 0.4183 0.0470 0.9071
vn 0.4401 0.0243 0.8976
vn 0.4498 0.0072 0.8931
vn 0.4582 -0.0136 0.8887
vn 0.4650 -0.0382 0.8845
vn 0.4699 -0.0666 0.8802
vn 0.4728 -0.0981 0.8757
vn 0.4749 -0.1288 0.8706
vn 0.4757 -0.1594 0.8651
vn 0.4756 -0.1892 0.8591
vn 0.4740 -0.2190 0.8528
vn 0.4723 -0.2475 0.8460
vn 0.4692 -0.2758 0.8389
vn 0.4607 -0.3302 0.8239
vn 0.4914 -0.2625 0.8304
vn 0.4880 -0.2908 0.8229
vn 0.4540 -0.3579 0.8159
vn 0.4469 -0.3847 0.8076
vn 0.4385 -0.4115 0.7990
vn 0.4282 -0.4384 0.7902
vn 0.4172 -0.4644 0.7812
vn 0.4045 -0.4906 0.7718
vn 0.3904 -0.5165 0.7621
vn 0.3752 -0.5418 0.7521
vn 0.3588 -0.5666 0.7418
vn 0.3400 -0.5915 0.7312
vn 0.3191 -0.6161 0.7202
vn 0.2969 -0.6398 0.7088
vn 0.2726 -0.6631 0.6971
vn 0.2457 -0.6857 0.6852
vn 0.1869 -0.7279 0.6597
vn 0.1556 -0.7469 0.6465
vn 0.1262 -0.7638 0.6330
vn 0.0998 -0.7782 0.6200
vn 0.0761 -0.7909 0.6072
vn 0.0554 -0.8019 0.5949
vn 0.0382 -0.8118 0.5827
vn 0.0773 -0.8069 0.5856
vn 0.0617 -0.8165 0.5741
vn 0.0127 -0.8282 0.5603
vn 0.0056 -0.8350 0.5502
vn -0.0010 -0.8414 0.5404
vn -0.0062 -0.8474 0.5309
vn 0.0263 -0.8457 0.5330
vn 0.0209 -0.8516 0.5237
vn -0.0142 -0.8585 0.5126
vn -0.0163 -0.8638 0.5036
vn -0.0186 -0.8688 0.4948
vn 0.0116 -0.8675 0.4973
vn 0.0105 -0.8723 0.4888
vn -0.0196 -0.8784 0.4775
vn -0.0190 -0.8830 0.4689
vn -0.0168 -0.8876 0.4602
vn 0.0143 -0.8862 0.4630
vn 0.0166 -0.8906 0.4545
vn -0.0129 -0.8967 0.4425
vn -0.0112 -0.9011 0.4335
vn -0.0111 -0.9054 0.4243
vn -0.0097 -0.9098 0.4150
vn -0.0092 -0.9180 0.3964
vn -0.0094 -0.9221 0.3869
vn -0.0097 -0.9260 0.3774
vn -0.0114 -0.9333 0.3589
vn -0.0116 -0.9368 0.3496
vn 0.0175 -0.9356 0.3526
vn 0.0173 -0.9389 0.3438
vn -0.0121 -0.9435 0.3311
vn -0.0114 -0.9467 0.3219
vn -0.0105 -0.9498 0.3127
vn -0.0081 -0.9558 0.2939
vn -0.0065 -0.9587 0.2843
vn -0.0044 -0.9615 0.2748
vn -0.0023 -0.9642 0.2652
vn -0.0020 -0.9669 0.2553
vn -0.0013 -0.9694 0.2453
vn -0.0022 -0.9719 0.2356
vn -0.0036 -0.9742 0.2258
vn -0.0057 -0.9763 0.2164
vn -0.0113 -0.9801 0.1983
vn -0.0138 -0.9818 0.1892
vn 0.0028 -0.9849 0.1731
vn -0.0024 -0.9864 0.1646
vn -0.0082 -0.9879 0.1548
vn 0.0023 -0.9880 0.1545
vn -0.0290 -0.9927 0.1171
vn -0.0205 -0.9928 0.1183
vn -0.0450 -0.9967 0.0669
vn -0.0445 -0.9976 0.0528
vn -0.0355 -0.9976 0.0600
vn -0.0290 -0.9985 0.0460
vn 0.4323 0.0866 0.8975
vn 0.4447 0.0733 0.8927
vn 0.4348 0.1498 0.8880
vn 0.4559 0.0562 0.8882
vn 0.4491 0.1363 0.8830
vn 0.4664 0.0353 0.8839
vn 0.4626 0.1190 0.8785
vn 0.4746 0.0096 0.8802
vn 0.4750 0.0977 0.8745
vn 0.4814 -0.0194 0.8763
vn 0.4860 0.0721 0.8710
vn 0.4866 -0.0506 0.8722
vn 0.4951 0.0425 0.8678
vn 0.4902 -0.0824 0.8677
vn 0.5024 0.0099 0.8646
vn 0.4930 -0.1140 0.8625
vn 0.5083 -0.0222 0.8609
vn 0.4946 -0.1447 0.8570
vn 0.5132 -0.0537 0.8566
vn 0.4955 -0.1749 0.8508
vn 0.5169 -0.0846 0.8519
vn 0.5214 -0.1446 0.8410
vn 0.4951 -0.2047 0.8444
vn 0.5221 -0.1739 0.8350
vn 0.4937 -0.2338 0.8376
vn 0.5219 -0.2027 0.8286
vn 0.4833 -0.3191 0.8152
vn 0.4775 -0.3473 0.8071
vn 0.4700 -0.3754 0.7988
vn 0.4613 -0.4034 0.7902
vn 0.4512 -0.4312 0.7813
vn 0.4398 -0.4586 0.7722
vn 0.4270 -0.4858 0.7627
vn 0.4128 -0.5127 0.7528
vn 0.3971 -0.5392 0.7427
vn 0.3792 -0.5660 0.7321
vn 0.3594 -0.5917 0.7216
vn 0.4243 -0.5343 0.7311
vn 0.3377 -0.6169 0.7109
vn 0.4069 -0.5604 0.7214
vn 0.3145 -0.6422 0.6991
vn 0.3876 -0.5862 0.7114
vn 0.3433 -0.6365 0.6907
vn 0.3182 -0.6606 0.6799
vn 0.2297 -0.7130 0.6625
vn 0.1983 -0.7341 0.6494
vn 0.1689 -0.7527 0.6363
vn 0.1419 -0.7690 0.6233
vn 0.1174 -0.7834 0.6104
vn 0.0965 -0.7960 0.5976
vn 0.1612 -0.7748 0.6113
vn 0.1410 -0.7873 0.6002
vn 0.1076 -0.8079 0.5794
vn 0.0494 -0.8250 0.5629
vn 0.0402 -0.8325 0.5525
vn 0.0324 -0.8396 0.5423
vn 0.0665 -0.8367 0.5437
vn 0.0542 -0.8473 0.5284
vn 0.0167 -0.8572 0.5148
vn 0.0135 -0.8623 0.5061
vn 0.0432 -0.8608 0.5071
vn 0.0402 -0.8688 0.4935
vn 0.0106 -0.8771 0.4801
vn 0.0118 -0.8818 0.4715
vn 0.0421 -0.8799 0.4732
vn 0.0470 -0.8869 0.4595
vn 0.0187 -0.8951 0.4455
vn 0.0202 -0.8995 0.4364
vn 0.0209 -0.9040 0.4270
vn 0.0533 -0.9013 0.4300
vn 0.0540 -0.9083 0.4148
vn 0.0222 -0.9166 0.3992
vn 0.0215 -0.9208 0.3894
vn 0.0523 -0.9184 0.3921
vn 0.0495 -0.9248 0.3773
vn 0.0181 -0.9320 0.3619
vn 0.0464 -0.9306 0.3630
vn 0.0457 -0.9333 0.3561
vn 0.0176 -0.9422 0.3346
vn 0.0183 -0.9454 0.3253
vn 0.0478 -0.9432 0.3287
vn 0.0518 -0.9479 0.3144
vn 0.0242 -0.9543 0.2979
vn 0.0270 -0.9572 0.2883
vn 0.0305 -0.9599 0.2787
vn 0.0336 -0.9627 0.2686
vn 0.0355 -0.9654 0.2584
vn 0.0755 -0.9592 0.2723
vn 0.0356 -0.9681 0.2479
vn 0.0789 -0.9620 0.2615
vn 0.0341 -0.9708 0.2374
vn 0.0787 -0.9650 0.2502
vn 0.0307 -0.9733 0.2274
vn 0.0750 -0.9681 0.2390
vn 0.0689 -0.9710 0.2288
vn 0.0538 -0.9759 0.2115
vn 0.0164 -0.9798 0.1991
vn 0.0400 -0.9793 0.1983
vn 0.0250 -0.9828 0.1830
vn 0.0180 -0.9845 0.1746
vn 0.0056 -0.9873 0.1588
vn 0.0087 -0.9866 0.1628
vn -0.0008 -0.9887 0.1498
vn -0.0106 -0.9907 0.1356
vn -0.0236 -0.9934 0.1118
vn -0.0294 -0.9948 0.0977
vn -0.0323 -0.9954 0.0904
vn -0.0357 -0.9964 0.0765
vn -0.0342 -0.9979 0.0558
vn -0.0245 -0.9988 0.0415
vn -0.0268 -0.9987 0.0436
vn -0.0119 -0.9993 0.0348
vn 0.5197 -0.1149 0.8466
vn 0.5206 -0.2312 0.8219
vn 0.5183 -0.2595 0.8149
vn 0.5146 -0.2878 0.8077
vn 0.5097 -0.3161 0.8002
vn 0.5035 -0.3443 0.7925
vn 0.4960 -0.3723 0.7845
vn 0.4873 -0.4000 0.7762
vn 0.4774 -0.4274 0.7677
vn 0.4663 -0.4545 0.7589
vn 0.4539 -0.4813 0.7499
vn 0.4399 -0.5079 0.7406
vn 0.3665 -0.6116 0.7011
vn 0.2912 -0.6840 0.6688
vn 0.2625 -0.7063 0.6574
vn 0.2345 -0.7266 0.6458
vn 0.2081 -0.7446 0.6342
vn 0.1837 -0.7606 0.6226
vn 0.1231 -0.7983 0.5895
vn 0.0942 -0.8164 0.5697
vn 0.0832 -0.8240 0.5605
vn 0.0742 -0.8306 0.5519
vn 0.0598 -0.8422 0.5358
vn 0.0497 -0.8520 0.5211
vn 0.0460 -0.8565 0.5140
vn 0.0417 -0.8651 0.4999
vn 0.0399 -0.8726 0.4867
vn 0.0405 -0.8763 0.4800
vn 0.0444 -0.8835 0.4663
vn 0.0493 -0.8905 0.4523
vn 0.0510 -0.8941 0.4450
vn 0.0524 -0.8977 0.4376
vn 0.0539 -0.9048 0.4225
vn 0.0539 -0.9117 0.4072
vn 0.0533 -0.9151 0.3996
vn 0.0511 -0.9217 0.3845
vn 0.0477 -0.9278 0.3701
vn 0.0455 -0.9359 0.3493
vn 0.0458 -0.9384 0.3424
vn 0.0465 -0.9409 0.3356
vn 0.0496 -0.9456 0.3216
vn 0.0550 -0.9502 0.3069
vn 0.0587 -0.9524 0.2991
vn 0.0634 -0.9547 0.2908
vn 0.0691 -0.9569 0.2820
vn 0.0615 -0.9737 0.2195
vn 0.0466 -0.9778 0.2045
vn 0.0343 -0.9807 0.1927
vn 0.0291 -0.9818 0.1877
vn 0.0214 -0.9837 0.1787
vn 0.0149 -0.9852 0.1707
vn 0.0118 -0.9859 0.1668
vn -0.0073 -0.9900 0.1407
vn -0.0139 -0.9914 0.1302
vn -0.0173 -0.9921 0.1245
vn -0.0344 -0.9959 0.0832
vn -0.0362 -0.9969 0.0704
vn -0.0364 -0.9972 0.0650
vn -0.0310 -0.9983 0.0488
vn -0.0195 -0.9991 0.0382
vn -0.0172 -0.9992 0.0369
vn 0.9553 -0.0973 -0.2791
vn 0.9597 -0.0535 -0.2759
vn 0.9584 -0.0570 -0.2797
vn 0.0235 -0.6884 -0.7250
vn 0.0736 -0.7002 -0.7101
vn 0.0749 -0.6925 -0.7175
vn 0.0237 -0.7005 -0.7133
vn 0.0235 -0.6946 -0.7190
vn 0.0236 -0.6820 -0.7310
vn 0.0240 -0.6754 -0.7370
vn 0.0763 -0.6842 -0.7253
vn 0.0246 -0.6687 -0.7431
vn 0.0778 -0.6761 -0.7327
vn 0.1821 -0.6762 -0.7139
vn 0.1329 -0.6663 -0.7338
vn 0.1307 -0.6752 -0.7260
vn 0.0786 -0.6672 -0.7408
vn 0.0253 -0.6617 -0.7493
vn 0.0263 -0.6545 -0.7556
vn 0.0811 -0.6574 -0.7492
vn 0.0830 -0.6488 -0.7564
vn 0.0275 -0.6472 -0.7618
vn 0.0289 -0.6398 -0.7680
vn 0.1375 -0.6477 -0.7494
vn 0.1900 -0.6477 -0.7379
vn 0.1402 -0.6376 -0.7575
vn 0.0881 -0.6277 -0.7735
vn 0.0334 -0.6164 -0.7867
vn 0.0322 -0.6243 -0.7805
vn 0.0848 -0.6384 -0.7650
vn 0.0305 -0.6321 -0.7743
vn -0.0087 -0.5248 -0.8512
vn 0.0585 -0.5344 -0.8432
vn -0.0226 -0.5142 -0.8574
vn 0.0901 -0.6176 -0.7813
vn 0.0338 -0.6082 -0.7931
vn 0.1987 -0.6168 -0.7616
vn 0.1471 -0.6055 -0.7821
vn 0.1452 -0.6168 -0.7736
vn 0.0899 -0.5944 -0.7991
vn 0.0301 -0.5826 -0.8122
vn 0.0321 -0.5913 -0.8058
vn 0.0333 -0.5998 -0.7994
vn 0.0902 -0.6063 -0.7901
vn 0.0872 -0.5830 -0.8078
vn 0.0270 -0.5735 -0.8187
vn 0.0176 -0.5549 -0.8317
vn 0.0229 -0.5643 -0.8252
vn 0.0835 -0.5709 -0.8167
vn 0.0108 -0.5452 -0.8383
vn 0.0782 -0.5585 -0.8258
vn 0.0694 -0.5474 -0.8340
vn 0.0022 -0.5351 -0.8448
vn 0.0089 -0.4873 -0.8732
vn -0.0512 -0.4825 -0.8744
vn 0.0128 -0.4984 -0.8669
vn 0.1363 -0.5590 -0.8179
vn 0.1292 -0.5472 -0.8270
vn 0.0445 -0.5221 -0.8517
vn 0.2009 -0.5838 -0.7867
vn 0.1419 -0.5709 -0.8087
vn 0.1446 -0.5827 -0.7997
vn -0.0491 -0.4926 -0.8689
vn -0.0386 -0.5032 -0.8633
vn 0.0266 -0.5099 -0.8598
vn -0.0446 -0.4727 -0.8801
vn 0.0155 -0.4762 -0.8792
vn -0.0307 -0.4628 -0.8859
vn 0.0319 -0.4646 -0.8849
vn -0.0122 -0.4526 -0.8916
vn 0.0545 -0.4515 -0.8906
vn 0.0083 -0.4419 -0.8970
vn 0.0290 -0.4306 -0.9021
vn 0.0818 -0.4369 -0.8958
vn 0.0487 -0.4189 -0.9067
vn 0.1097 -0.4198 -0.9009
vn 0.1371 -0.4006 -0.9059
vn 0.0981 -0.3824 -0.9188
vn 0.0834 -0.3947 -0.9150
vn 0.0734 -0.7080 -0.7024
vn 0.0669 -0.4069 -0.9110
vn 0.1113 -0.3700 -0.9223
vn 0.1621 -0.3794 -0.9109
vn 0.1965 -0.3979 -0.8961
vn 0.2554 -0.3917 -0.8839
vn 0.2193 -0.3769 -0.8999
vn 0.1249 -0.3576 -0.9255
vn 0.1878 -0.3548 -0.9159
vn 0.2755 -0.3693 -0.8876
vn 0.2421 -0.3531 -0.9037
vn 0.1405 -0.3452 -0.9280
vn 0.3194 -0.3269 -0.8894
vn 0.3340 -0.3167 -0.8878
vn 0.3199 -0.3002 -0.8986
vn 0.2752 -0.3272 -0.9040
vn 0.2942 -0.3479 -0.8902
vn 0.3061 -0.3373 -0.8902
vn 0.1584 -0.3328 -0.9296
vn 0.2234 -0.3283 -0.9178
vn 0.1782 -0.3205 -0.9303
vn 0.2243 -0.2966 -0.9283
vn 0.2002 -0.3084 -0.9300
vn 0.2714 -0.3006 -0.9143
vn 0.2508 -0.2850 -0.9251
vn 0.3675 -0.2968 -0.8814
vn 0.3501 -0.3066 -0.8851
vn 0.2798 -0.2737 -0.9202
vn 0.3115 -0.2629 -0.9132
vn 0.3333 -0.2735 -0.9023
vn 0.3463 -0.2525 -0.9035
vn 0.3779 -0.2736 -0.8845
vn 0.3865 -0.2870 -0.8765
vn 0.4071 -0.2775 -0.8702
vn 0.4293 -0.2683 -0.8624
vn 0.4508 -0.2487 -0.8573
vn 0.6885 -0.2042 -0.6959
vn 0.7321 -0.1968 -0.6522
vn 0.7647 -0.1883 -0.6162
vn 0.4111 -0.2482 -0.8772
vn 0.3842 -0.2425 -0.8908
vn 0.4703 -0.2243 -0.8535
vn 0.4255 -0.2332 -0.8744
vn 0.5066 -0.2258 -0.8321
vn 0.5408 -0.2264 -0.8101
vn 0.4797 -0.2506 -0.8409
vn 0.5080 -0.2422 -0.8266
vn 0.5186 -0.2160 -0.8273
vn 0.5701 -0.2081 -0.7948
vn 0.6479 -0.2067 -0.7332
vn 0.5723 -0.2263 -0.7882
vn 0.6082 -0.2188 -0.7630
vn 0.6196 -0.2063 -0.7573
vn 0.6243 -0.2005 -0.7550
vn 0.6801 -0.1929 -0.7073
vn 0.7328 -0.1852 -0.6547
vn 0.6471 -0.2113 -0.7325
vn 0.7426 -0.1879 -0.6429
vn 0.8165 -0.1684 -0.5523
vn 0.7782 -0.1770 -0.6025
vn 0.8395 -0.1677 -0.5168
vn 0.8743 -0.1502 -0.4616
vn 0.8482 -0.1595 -0.5050
vn 0.7766 -0.1893 -0.6009
vn 0.8168 -0.1814 -0.5476
vn 0.8581 -0.1672 -0.4855
vn 0.9185 -0.1441 -0.3682
vn 0.8817 -0.1644 -0.4422
vn 0.9065 -0.1553 -0.3926
vn 0.8955 -0.1406 -0.4222
vn 0.9031 -0.1448 -0.4042
vn 0.9129 -0.1307 -0.3868
vn 0.9266 -0.1460 -0.3466
vn 0.9431 -0.1363 -0.3034
vn 0.9549 -0.1184 -0.2724
vn 0.9742 -0.1062 -0.1990
vn 0.9755 -0.0908 -0.2005
vn 0.9662 -0.1164 -0.2299
vn 0.9423 -0.1193 -0.3129
vn 0.9269 -0.1207 -0.3553
vn 0.9383 -0.1102 -0.3278
vn 0.9475 -0.0996 -0.3037
vn 0.9550 -0.0890 -0.2829
vn 0.9653 -0.0916 -0.2445
vn 0.9658 -0.0672 -0.2503
vn 0.9610 -0.0781 -0.2652
vn 0.9853 -0.0855 -0.1482
vn 0.9866 -0.0615 -0.1513
vn 0.9805 -0.0959 -0.1718
vn 0.9782 -0.0621 -0.1979
vn 0.9747 -0.0338 -0.2209
vn 0.9725 -0.0450 -0.2283
vn 0.9696 -0.0561 -0.2381
vn 0.9866 -0.0000 -0.1630
vn 0.9919 -0.0310 -0.1230
vn 0.9934 -0.0000 -0.1145
vn 0.9889 -0.0749 -0.1280
vn 0.9847 -0.0314 -0.1711
vn 0.9762 -0.0225 -0.2158
vn 0.9770 -0.0112 -0.2129
vn 0.9917 -0.0644 -0.1109
vn 0.9772 -0.0000 -0.2122
vn 0.9938 -0.0537 -0.0969
vn 0.9954 -0.0430 -0.0857
vn 0.9965 -0.0322 -0.0772
vn 0.9972 -0.0215 -0.0713
vn 0.9978 -0.0000 -0.0670
vn 0.9976 -0.0108 -0.0679
vn 0.0725 -0.7149 -0.6954
vn 0.0240 -0.7063 -0.7075
vn 0.0245 -0.7118 -0.7020
vn 0.0717 -0.7219 -0.6882
vn 0.1716 -0.7150 -0.6777
vn 0.1236 -0.7073 -0.6961
vn 0.1218 -0.7145 -0.6889
vn 0.0257 -0.7223 -0.6911
vn 0.0251 -0.7171 -0.6965
vn 0.0727 -0.7290 -0.6806
vn 0.1209 -0.7346 -0.6676
vn 0.1203 -0.7283 -0.6746
vn 0.0264 -0.7273 -0.6858
vn 0.0734 -0.7349 -0.6742
vn 0.0271 -0.7322 -0.6805
vn 0.0745 -0.7418 -0.6664
vn 0.0290 -0.7420 -0.6698
vn 0.0279 -0.7371 -0.6752
vn 0.1244 -0.7478 -0.6522
vn 0.1725 -0.7479 -0.6410
vn 0.1226 -0.7415 -0.6596
vn 0.0775 -0.7486 -0.6585
vn 0.0300 -0.7468 -0.6643
vn 0.0800 -0.7542 -0.6517
vn 0.0313 -0.7518 -0.6587
vn 0.0832 -0.7605 -0.6439
vn 0.0327 -0.7567 -0.6530
vn 0.0867 -0.7669 -0.6359
vn 0.1308 -0.7601 -0.6365
vn 0.1349 -0.7663 -0.6282
vn 0.1809 -0.7658 -0.6171
vn 0.0345 -0.7617 -0.6470
vn 0.0365 -0.7668 -0.6408
vn 0.0930 -0.7732 -0.6273
vn 0.0388 -0.7720 -0.6344
vn 0.0981 -0.7793 -0.6189
vn 0.1071 -0.7853 -0.6097
vn 0.0417 -0.7773 -0.6277
vn 0.1864 -0.7733 -0.6060
vn 0.1398 -0.7718 -0.6203
vn 0.1459 -0.7774 -0.6118
vn 0.0466 -0.7828 -0.6205
vn 0.0544 -0.7883 -0.6129
vn 0.1211 -0.7908 -0.6000
vn 0.1390 -0.7956 -0.5896
vn 0.0651 -0.7937 -0.6048
vn 0.1553 -0.7825 -0.6030
vn 0.1687 -0.7869 -0.5935
vn 0.2055 -0.7818 -0.5887
vn 0.0790 -0.7988 -0.5964
vn 0.2388 -0.7860 -0.5702
vn 0.1857 -0.7903 -0.5839
vn 0.2074 -0.7925 -0.5735
vn 0.1607 -0.7990 -0.5794
vn 0.0965 -0.8034 -0.5875
vn 0.1872 -0.8011 -0.5685
vn 0.1176 -0.8073 -0.5783
vn 0.2177 -0.8012 -0.5575
vn 0.1425 -0.8100 -0.5689
vn 0.2330 -0.7932 -0.5627
vn 0.2627 -0.7919 -0.5513
vn 0.3056 -0.7818 -0.5435
vn 0.1715 -0.8112 -0.5591
vn 0.2542 -0.7986 -0.5455
vn 0.2044 -0.8104 -0.5490
vn 0.2945 -0.7932 -0.5330
vn 0.2976 -0.7873 -0.5400
vn 0.3265 -0.7783 -0.5364
vn 0.2406 -0.8075 -0.5386
vn 0.3355 -0.7800 -0.5282
vn 0.3746 -0.7703 -0.5161
vn 0.3963 -0.7608 -0.5139
vn 0.3339 -0.7852 -0.5216
vn 0.2766 -0.8028 -0.5282
vn 0.3722 -0.7753 -0.5103
vn 0.3117 -0.7967 -0.5178
vn 0.4090 -0.7645 -0.4982
vn 0.3460 -0.7891 -0.5075
vn 0.4444 -0.7521 -0.4867
vn 0.4838 -0.7285 -0.4850
vn 0.4119 -0.7594 -0.5037
vn 0.4462 -0.7473 -0.4924
vn 0.3792 -0.7803 -0.4974
vn 0.5444 -0.7012 -0.4604
vn 0.5130 -0.7179 -0.4705
vn 0.4780 -0.7384 -0.4757
vn 0.4113 -0.7702 -0.4874
vn 0.4423 -0.7591 -0.4776
vn 0.5626 -0.6882 -0.4581
vn 0.5109 -0.7233 -0.4646
vn 0.4722 -0.7470 -0.4680
vn 0.5420 -0.7072 -0.4539
vn 0.5714 -0.6900 -0.4442
vn 0.5009 -0.7340 -0.4587
vn 0.5287 -0.7200 -0.4495
vn 0.6003 -0.6714 -0.4347
vn 0.5746 -0.6842 -0.4492
vn 0.6023 -0.6663 -0.4395
vn 0.6337 -0.6411 -0.4329
vn 0.5560 -0.7049 -0.4404
vn 0.6834 -0.6006 -0.4151
vn 0.6307 -0.6461 -0.4298
vn 0.6568 -0.6260 -0.4204
vn 0.6285 -0.6512 -0.4254
vn 0.5829 -0.6885 -0.4315
vn 0.6559 -0.6302 -0.4155
vn 0.6826 -0.6076 -0.4061
vn 0.6093 -0.6709 -0.4227
vn 0.6994 -0.5860 -0.4092
vn 0.6835 -0.6030 -0.4114
vn 0.6351 -0.6521 -0.4141
vn 0.7081 -0.5839 -0.3970
vn 0.6603 -0.6320 -0.4056
vn 0.6849 -0.6107 -0.3974
vn 0.7081 -0.5802 -0.4025
vn 0.7329 -0.5548 -0.3937
vn 0.7451 -0.5394 -0.3923
vn 0.7088 -0.5883 -0.3893
vn 0.7333 -0.5584 -0.3878
vn 0.7565 -0.5291 -0.3843
vn 0.7784 -0.5028 -0.3759
vn 0.8005 -0.4705 -0.3711
vn 0.7572 -0.5318 -0.3792
vn 0.7319 -0.5647 -0.3814
vn 0.7801 -0.5040 -0.3708
vn 0.7543 -0.5398 -0.3737
vn 0.8023 -0.4738 -0.3630
vn 0.7760 -0.5135 -0.3662
vn 0.8204 -0.4440 -0.3602
vn 0.8381 -0.4131 -0.3562
vn 0.8000 -0.4737 -0.3682
vn 0.8406 -0.4111 -0.3527
vn 0.8500 -0.3925 -0.3514
vn 0.8233 -0.4425 -0.3554
vn 0.7972 -0.4856 -0.3588
vn 0.8437 -0.4087 -0.3480
vn 0.8177 -0.4559 -0.3516
vn 0.8631 -0.3733 -0.3402
vn 0.8375 -0.4242 -0.3445
vn 0.8815 -0.3351 -0.3327
vn 0.8588 -0.3785 -0.3452
vn 0.8771 -0.3415 -0.3379
vn 0.8836 -0.3249 -0.3371
vn 0.8566 -0.3903 -0.3375
vn 0.8987 -0.2942 -0.3252
vn 0.9133 -0.2478 -0.3233
vn 0.8939 -0.3028 -0.3306
vn 0.9095 -0.2614 -0.3232
vn 0.9235 -0.2178 -0.3159
vn 0.9144 -0.2504 -0.3180
vn 0.9350 -0.1738 -0.3091
vn 0.8749 -0.3539 -0.3305
vn 0.8923 -0.3148 -0.3236
vn 0.9277 -0.2065 -0.3109
vn 0.9374 -0.1603 -0.3092
vn 0.9083 -0.2732 -0.3168
vn 0.9379 -0.1669 -0.3041
vn 0.9216 -0.2333 -0.3102
vn 0.9319 -0.1979 -0.3040
vn 0.9452 -0.1332 -0.2980
vn 0.9397 -0.1671 -0.2983
vn 0.9537 -0.0645 -0.2936
vn 0.9437 -0.1348 -0.3020
vn 0.9496 -0.1005 -0.2968
vn 0.9456 -0.1414 -0.2929
vn 0.9504 -0.1048 -0.2929
vn 0.9565 -0.0510 -0.2872
vn 0.9583 -0.0203 -0.2850
vn 0.9538 -0.0732 -0.2913
vn 0.9540 -0.0826 -0.2881
vn 0.9499 -0.1212 -0.2880
vn 0.9566 -0.0669 -0.2837
vn 0.9531 -0.1064 -0.2834
vn 0.9608 -0.0232 -0.2762
vn 0.9569 -0.0938 -0.2750
vn 0.9598 -0.0262 -0.2796
vn 0.9611 0.0007 -0.2762
vn 0.9605 -0.0004 -0.2783
vn 0.9584 -0.0358 -0.2831
vn 0.9599 -0.0043 -0.2803
vn 0.9591 -0.0111 -0.2827
vn 0.9557 -0.0470 -0.2905
vn 0.9477 -0.1073 -0.3007
vn 0.9431 -0.1326 -0.3048
vn 0.9303 -0.1899 -0.3137
vn 0.9222 -0.2194 -0.3184
vn 0.8941 -0.3003 -0.3324
vn 0.9040 -0.2746 -0.3277
vn 0.8616 -0.3709 -0.3466
vn 0.8728 -0.3484 -0.3418
vn 0.8259 -0.4330 -0.3611
vn 0.8133 -0.4522 -0.3662
vn 0.7736 -0.5059 -0.3816
vn 0.7596 -0.5228 -0.3869
vn 0.7302 -0.5554 -0.3979
vn 0.7150 -0.5710 -0.4034
vn 0.6672 -0.6146 -0.4209
vn 0.6505 -0.6281 -0.4270
vn 0.5989 -0.6656 -0.4453
vn 0.5810 -0.6771 -0.4516
vn 0.4810 -0.7327 -0.4815
vn 0.5437 -0.6990 -0.4646
vn 0.5243 -0.7092 -0.4713
vn 0.5043 -0.7191 -0.4781
vn 0.4628 -0.7373 -0.4921
vn 0.4190 -0.7536 -0.5065
vn 0.4412 -0.7457 -0.4992
vn 0.3493 -0.7734 -0.5289
vn 0.3731 -0.7674 -0.5214
vn 0.2864 -0.7842 -0.5504
vn 0.2689 -0.7856 -0.5573
vn 0.2531 -0.7862 -0.5637
vn 0.2151 -0.7837 -0.5827
vn 0.2262 -0.7852 -0.5765
vn 0.1974 -0.7794 -0.5946
vn 0.1911 -0.7765 -0.6004
vn 0.1834 -0.7697 -0.6115
vn 0.1270 -0.7541 -0.6443
vn 0.1761 -0.7573 -0.6288
vn 0.1742 -0.7527 -0.6349
vn 0.1703 -0.7378 -0.6532
vn 0.1698 -0.7323 -0.6595
vn 0.1205 -0.7220 -0.6813
vn 0.1699 -0.7267 -0.6656
vn 0.1705 -0.7209 -0.6717
vn 0.1249 -0.6994 -0.7037
vn 0.1749 -0.7026 -0.6898
vn 0.1265 -0.6916 -0.7111
vn 0.1766 -0.6962 -0.6958
vn 0.1802 -0.6830 -0.7079
vn 0.1281 -0.6842 -0.7180
vn 0.1784 -0.6896 -0.7019
vn 0.1348 -0.6569 -0.7418
vn 0.1859 -0.6622 -0.7259
vn 0.1880 -0.6550 -0.7319
vn 0.1431 -0.6274 -0.7654
vn 0.1944 -0.6325 -0.7498
vn 0.1967 -0.6247 -0.7557
vn 0.1459 -0.5941 -0.7910
vn 0.2011 -0.6006 -0.7738
vn 0.2013 -0.5923 -0.7802
vn 0.1976 -0.5661 -0.8003
vn 0.1946 -0.5569 -0.8075
vn 0.1839 -0.5376 -0.8229
vn 0.1196 -0.5353 -0.8362
vn 0.1901 -0.5474 -0.8150
vn 0.1065 -0.5233 -0.8455
vn 0.1752 -0.5273 -0.8314
vn 0.0893 -0.5116 -0.8546
vn 0.0763 -0.5001 -0.8626
vn 0.1629 -0.5167 -0.8405
vn 0.0728 -0.4888 -0.8693
vn 0.1482 -0.5056 -0.8499
vn 0.1403 -0.4938 -0.8582
vn 0.0799 -0.4772 -0.8751
vn 0.1429 -0.4813 -0.8648
vn 0.0962 -0.4649 -0.8801
vn 0.1556 -0.4683 -0.8698
vn 0.1190 -0.4511 -0.8845
vn 0.1737 -0.4551 -0.8733
vn 0.1452 -0.4354 -0.8885
vn 0.1705 -0.4177 -0.8924
vn 0.2120 -0.4287 -0.8782
vn 0.2286 -0.4159 -0.8802
vn 0.2430 -0.4036 -0.8821
vn 0.2662 -0.3803 -0.8857
vn 0.2841 -0.3585 -0.8893
vn 0.4534 -0.2594 -0.8527
vn 0.5388 -0.2341 -0.8093
vn 0.8519 -0.1730 -0.4943
vn 0.9560 -0.1265 -0.2647
vn 0.9572 -0.0323 -0.2875
vn 0.9511 -0.0846 -0.2970
vn 0.7873 -0.4884 -0.3763
vn 0.6165 -0.6536 -0.4391
vn 0.1784 -0.7617 -0.6229
vn 0.1712 -0.7430 -0.6471
vn 0.1732 -0.7088 -0.6838
vn 0.1840 -0.6693 -0.7199
vn 0.1922 -0.6402 -0.7438
vn 0.2002 -0.6088 -0.7677
vn 0.1997 -0.5750 -0.7934
vn 0.1934 -0.4417 -0.8761
vn -0.0299 0.1175 -0.9926
vn -0.0256 0.1154 -0.9930
vn -0.0254 0.1269 -0.9916
vn 0.1098 0.6741 -0.7304
vn 0.1579 0.6695 -0.7258
vn 0.1571 0.6804 -0.7158
vn 0.1576 0.6588 -0.7356
vn 0.1106 0.6647 -0.7388
vn 0.1553 0.6909 -0.7061
vn 0.1061 0.6929 -0.7132
vn 0.1082 0.6835 -0.7219
vn 0.1522 0.7016 -0.6961
vn 0.1031 0.7023 -0.7043
vn 0.1424 0.7233 -0.6757
vn 0.0949 0.7210 -0.6864
vn 0.1477 0.7125 -0.6859
vn 0.0994 0.7117 -0.6954
vn 0.0905 0.7302 -0.6772
vn 0.1332 0.7443 -0.6544
vn 0.0866 0.7393 -0.6678
vn 0.1376 0.7338 -0.6653
vn 0.1293 0.7546 -0.6433
vn 0.0831 0.7483 -0.6581
vn 0.0801 0.7572 -0.6483
vn 0.0775 0.7659 -0.6383
vn 0.1186 0.7944 -0.5956
vn 0.1170 0.8040 -0.5830
vn 0.0706 0.7990 -0.5972
vn 0.1262 0.7648 -0.6318
vn 0.0752 0.7744 -0.6282
vn 0.1231 0.7748 -0.6201
vn 0.0733 0.7828 -0.6180
vn 0.1207 0.7848 -0.6079
vn 0.0718 0.7910 -0.6076
vn 0.1164 0.8132 -0.5703
vn 0.0691 0.8143 -0.5763
vn 0.0697 0.8067 -0.5868
vn 0.1149 0.8226 -0.5569
vn 0.0688 0.8217 -0.5658
vn 0.0682 0.8289 -0.5553
vn 0.1134 0.8316 -0.5436
vn 0.1107 0.6555 -0.7471
vn 0.1110 0.8405 -0.5303
vn 0.0668 0.8358 -0.5449
vn 0.0647 0.8426 -0.5346
vn 0.1081 0.8490 -0.5172
vn 0.0583 0.8560 -0.5136
vn 0.0618 0.8494 -0.5241
vn 0.1036 0.8576 -0.5038
vn 0.0986 0.8660 -0.4903
vn 0.1460 0.8639 -0.4821
vn 0.0929 0.8740 -0.4770
vn 0.0490 0.8691 -0.4923
vn 0.0542 0.8626 -0.5030
vn 0.0429 0.8755 -0.4813
vn 0.0862 0.8817 -0.4638
vn 0.0357 0.8819 -0.4700
vn 0.0271 0.8884 -0.4583
vn 0.0790 0.8892 -0.4507
vn 0.0166 0.8949 -0.4459
vn 0.0705 0.8964 -0.4377
vn 0.0034 0.9016 -0.4325
vn 0.0605 0.9033 -0.4248
vn -0.0113 0.9086 -0.4176
vn 0.0434 0.9229 -0.3826
vn -0.0209 0.9235 -0.3831
vn -0.0201 0.9159 -0.4008
vn 0.0514 0.9102 -0.4109
vn 0.0455 0.9167 -0.3970
vn 0.0447 0.9287 -0.3681
vn 0.0486 0.9341 -0.3537
vn -0.0150 0.9304 -0.3663
vn 0.0538 0.9392 -0.3392
vn -0.0055 0.9364 -0.3508
vn 0.0271 0.9523 -0.3040
vn 0.0690 0.9532 -0.2944
vn 0.0317 0.9551 -0.2946
vn 0.0044 0.9415 -0.3371
vn 0.0595 0.9440 -0.3246
vn 0.0135 0.9456 -0.3250
vn 0.0210 0.9492 -0.3140
vn 0.0648 0.9486 -0.3097
vn 0.1643 0.9440 -0.2860
vn 0.1672 0.9493 -0.2663
vn 0.1142 0.9552 -0.2730
vn 0.0353 0.9576 -0.2859
vn 0.0717 0.9578 -0.2783
vn 0.0379 0.9599 -0.2776
vn 0.0399 0.9621 -0.2696
vn 0.0777 0.9722 -0.2210
vn 0.0474 0.9698 -0.2391
vn 0.0750 0.9675 -0.2415
vn 0.0731 0.9627 -0.2605
vn 0.0437 0.9662 -0.2542
vn 0.0418 0.9642 -0.2618
vn 0.0455 0.9680 -0.2467
vn 0.0492 0.9716 -0.2316
vn 0.0511 0.9732 -0.2240
vn 0.0529 0.9749 -0.2164
vn 0.0567 0.9780 -0.2008
vn 0.0807 0.9766 -0.1994
vn 0.0840 0.9807 -0.1766
vn 0.0585 0.9795 -0.1928
vn 0.0604 0.9810 -0.1846
vn 0.0623 0.9824 -0.1761
vn 0.0874 0.9845 -0.1523
vn 0.0548 0.9764 -0.2087
vn 0.0922 0.9907 -0.1001
vn 0.0729 0.9901 -0.1198
vn 0.0712 0.9890 -0.1298
vn 0.0645 0.9837 -0.1680
vn 0.1718 0.9808 -0.0920
vn 0.1706 0.9838 -0.0560
vn 0.1219 0.9876 -0.0994
vn 0.0901 0.9879 -0.1266
vn 0.0696 0.9877 -0.1398
vn 0.0677 0.9865 -0.1493
vn 0.0660 0.9852 -0.1585
vn 0.0916 0.9930 -0.0742
vn 0.0739 0.9913 -0.1093
vn 0.0738 0.9932 -0.0903
vn 0.0742 0.9923 -0.0994
vn 0.0724 0.9940 -0.0819
vn 0.0858 0.9949 -0.0529
vn 0.0601 0.9966 -0.0568
vn 0.0754 0.9965 -0.0368
vn 0.0559 0.9971 -0.0524
vn 0.0704 0.9947 -0.0743
vn 0.0674 0.9954 -0.0676
vn 0.0638 0.9960 -0.0618
vn 0.0515 0.9975 -0.0489
vn 0.0622 0.9977 -0.0258
vn 0.0468 0.9979 -0.0458
vn 0.0469 0.9987 -0.0189
vn 0.0324 0.9987 -0.0396
vn 0.0372 0.9985 -0.0413
vn 0.0415 0.9982 -0.0431
vn 0.0315 0.9994 -0.0151
vn 0.0228 0.9990 -0.0373
vn 0.0276 0.9989 -0.0384
vn 0.0165 0.9996 0.0219
vn -0.0026 0.9998 0.0217
vn 0.0015 0.9999 -0.0126
vn 0.0163 0.9998 -0.0134
vn 0.0088 0.9993 -0.0355
vn 0.0135 0.9993 -0.0360
vn 0.0043 0.9994 -0.0353
vn 0.0417 0.9955 0.0847
vn 0.0148 0.9965 0.0822
vn 0.0181 0.9992 -0.0366
vn 0.0098 0.9781 0.2078
vn -0.0242 0.9800 0.1976
vn -0.0098 0.9968 0.0799
vn 0.1105 0.6462 -0.7551
vn 0.1565 0.6480 -0.7454
vn 0.1547 0.6372 -0.7550
vn 0.1098 0.6372 -0.7629
vn 0.1522 0.6263 -0.7646
vn 0.1087 0.6277 -0.7708
vn 0.1076 0.6193 -0.7778
vn 0.1494 0.6154 -0.7739
vn 0.1063 0.6104 -0.7849
vn 0.2401 0.6300 -0.7386
vn 0.1980 0.6343 -0.7473
vn 0.2332 0.6202 -0.7490
vn 0.1047 0.6016 -0.7919
vn 0.1463 0.6041 -0.7834
vn 0.1418 0.5929 -0.7927
vn 0.1019 0.5929 -0.7988
vn 0.0984 0.5842 -0.8056
vn 0.0938 0.5755 -0.8124
vn 0.1353 0.5815 -0.8022
vn 0.1771 0.5922 -0.7861
vn 0.1271 0.5696 -0.8121
vn 0.1170 0.5578 -0.8217
vn 0.0885 0.5667 -0.8192
vn 0.0755 0.5488 -0.8325
vn 0.0823 0.5578 -0.8259
vn 0.1889 0.5710 -0.7989
vn 0.2000 0.5809 -0.7890
vn 0.1688 0.5816 -0.7958
vn 0.1485 0.5598 -0.8152
vn 0.0680 0.5396 -0.8392
vn 0.1054 0.5454 -0.8315
vn 0.0598 0.5302 -0.8458
vn 0.0922 0.5323 -0.8415
vn 0.1478 0.5389 -0.8293
vn 0.1628 0.5499 -0.8192
vn 0.1359 0.5483 -0.8252
vn 0.0509 0.5205 -0.8523
vn 0.0414 0.5105 -0.8589
vn 0.0776 0.5187 -0.8514
vn 0.1062 0.5234 -0.8455
vn 0.0613 0.5040 -0.8615
vn 0.0311 0.5001 -0.8654
vn 0.0202 0.4892 -0.8719
vn 0.0441 0.4885 -0.8714
vn 0.0895 0.5100 -0.8555
vn 0.0092 0.4780 -0.8783
vn 0.0277 0.4726 -0.8809
vn -0.0012 0.4667 -0.8844
vn -0.0107 0.4553 -0.8903
vn 0.0716 0.4955 -0.8656
vn 0.0134 0.4567 -0.8895
vn 0.0543 0.4805 -0.8753
vn 0.0612 0.4728 -0.8791
vn 0.0766 0.4876 -0.8697
vn -0.0195 0.4439 -0.8959
vn -0.0276 0.4325 -0.9012
vn 0.0005 0.4399 -0.8981
vn 0.0258 0.4507 -0.8923
vn -0.0349 0.4210 -0.9064
vn -0.0112 0.4247 -0.9053
vn -0.0416 0.4096 -0.9113
vn 0.0133 0.4354 -0.9001
vn -0.0211 0.4077 -0.9129
vn -0.0477 0.3983 -0.9160
vn -0.0531 0.3871 -0.9205
vn -0.0296 0.3929 -0.9191
vn 0.0024 0.4202 -0.9074
vn -0.0580 0.3760 -0.9248
vn -0.0370 0.3769 -0.9255
vn -0.0623 0.3650 -0.9289
vn -0.0661 0.3541 -0.9329
vn -0.0072 0.4050 -0.9143
vn -0.0433 0.3621 -0.9311
vn -0.0055 0.3865 -0.9223
vn 0.0028 0.4008 -0.9162
vn -0.0155 0.3903 -0.9206
vn -0.0694 0.3434 -0.9366
vn -0.0487 0.3467 -0.9367
vn -0.0723 0.3327 -0.9403
vn -0.0225 0.3756 -0.9265
vn -0.0124 0.3722 -0.9281
vn -0.0749 0.3222 -0.9437
vn -0.0531 0.3320 -0.9418
vn -0.0770 0.3118 -0.9470
vn -0.0571 0.3168 -0.9468
vn -0.0189 0.3583 -0.9334
vn -0.0289 0.3610 -0.9321
vn -0.0806 0.2912 -0.9533
vn -0.0790 0.3014 -0.9502
vn -0.0818 0.2811 -0.9562
vn -0.0601 0.3029 -0.9511
vn -0.0393 0.3323 -0.9423
vn -0.0631 0.2887 -0.9554
vn -0.0828 0.2710 -0.9590
vn -0.0436 0.3181 -0.9471
vn -0.0470 0.3045 -0.9513
vn -0.0835 0.2613 -0.9616
vn -0.0648 0.2747 -0.9593
vn -0.0838 0.2516 -0.9642
vn -0.0498 0.2908 -0.9555
vn -0.0662 0.2610 -0.9631
vn -0.0835 0.2418 -0.9667
vn -0.0838 0.2328 -0.9689
vn -0.0833 0.2235 -0.9711
vn -0.0669 0.2478 -0.9665
vn -0.0523 0.2770 -0.9594
vn -0.0671 0.2345 -0.9698
vn -0.0825 0.2142 -0.9733
vn -0.0540 0.2641 -0.9630
vn -0.0550 0.2514 -0.9663
vn -0.0818 0.2056 -0.9752
vn -0.0670 0.2221 -0.9727
vn -0.0807 0.1969 -0.9771
vn -0.0556 0.2389 -0.9695
vn -0.0662 0.2095 -0.9756
vn -0.0796 0.1883 -0.9789
vn -0.0780 0.1799 -0.9806
vn -0.0650 0.1973 -0.9782
vn -0.0764 0.1715 -0.9822
vn -0.0635 0.1854 -0.9806
vn -0.0479 0.2276 -0.9726
vn -0.0480 0.2398 -0.9696
vn -0.0559 0.2262 -0.9725
vn -0.0557 0.2142 -0.9752
vn -0.0485 0.2158 -0.9752
vn -0.0746 0.1633 -0.9837
vn -0.0727 0.1551 -0.9852
vn -0.0619 0.1729 -0.9830
vn -0.0552 0.2022 -0.9778
vn -0.0485 0.2039 -0.9778
vn -0.0708 0.1473 -0.9866
vn -0.0599 0.1621 -0.9850
vn -0.0687 0.1393 -0.9879
vn -0.0576 0.1502 -0.9870
vn -0.0544 0.1904 -0.9802
vn -0.0485 0.1921 -0.9802
vn -0.0663 0.1314 -0.9891
vn -0.0640 0.1240 -0.9902
vn -0.0554 0.1398 -0.9886
vn -0.0614 0.1164 -0.9913
vn -0.0533 0.1789 -0.9824
vn -0.0474 0.1803 -0.9825
vn -0.0466 0.1692 -0.9845
vn -0.0520 0.1668 -0.9846
vn -0.0521 0.1298 -0.9902
vn -0.0586 0.1098 -0.9922
vn -0.0502 0.1558 -0.9865
vn -0.0449 0.1590 -0.9863
vn -0.0555 0.1039 -0.9930
vn -0.0520 0.0987 -0.9938
vn -0.0486 0.1217 -0.9914
vn -0.0444 0.1149 -0.9924
vn -0.0479 0.1464 -0.9881
vn -0.0426 0.1502 -0.9877
vn -0.0485 0.0942 -0.9944
vn -0.0403 0.1094 -0.9932
vn -0.0448 0.0904 -0.9949
vn -0.0384 0.1557 -0.9871
vn -0.0399 0.1426 -0.9890
vn -0.0359 0.1489 -0.9882
vn -0.0367 0.1370 -0.9899
vn -0.0409 0.0876 -0.9953
vn -0.0370 0.0849 -0.9957
vn -0.0352 0.1057 -0.9938
vn -0.0303 0.1018 -0.9943
vn -0.0328 0.1323 -0.9907
vn -0.0329 0.1430 -0.9892
vn -0.0292 0.0816 -0.9962
vn -0.0330 0.0831 -0.9960
vn -0.0261 0.1004 -0.9946
vn -0.0215 0.0995 -0.9948
vn -0.0214 0.1142 -0.9932
vn -0.0296 0.1292 -0.9912
vn -0.0297 0.1399 -0.9897
vn -0.0253 0.0809 -0.9964
vn -0.0264 0.1368 -0.9902
vn -0.0282 0.1387 -0.9899
vn -0.0214 0.0805 -0.9965
vn -0.0213 0.1352 -0.9906
vn -0.0230 0.1351 -0.9906
vn -0.0213 0.1258 -0.9918
vn -0.0248 0.1362 -0.9904
vn -0.0340 0.1204 -0.9921
vn -0.0380 0.1249 -0.9914
vn -0.0418 0.1304 -0.9906
vn -0.0451 0.1377 -0.9894
vn -0.0466 0.2524 -0.9665
vn -0.0450 0.2650 -0.9632
vn -0.0433 0.2775 -0.9597
vn -0.0408 0.2908 -0.9559
vn -0.0377 0.3043 -0.9518
vn -0.0343 0.3175 -0.9477
vn -0.0298 0.3310 -0.9432
vn -0.0246 0.3447 -0.9384
vn -0.0345 0.3466 -0.9374
vn 0.0118 0.4153 -0.9096
vn 0.0222 0.4301 -0.9025
vn 0.0338 0.4439 -0.8955
vn 0.0467 0.4586 -0.8874
vn 0.0393 0.4657 -0.8841
vn 0.0952 0.5015 -0.8599
vn 0.1135 0.5151 -0.8496
vn 0.1313 0.5273 -0.8395
vn 0.1217 0.5361 -0.8353
vn 0.1764 0.5609 -0.8089
vn 0.1595 0.5709 -0.8054
vn 0.2099 0.5909 -0.7790
vn 0.1840 0.6029 -0.7763
vn 0.1887 0.6134 -0.7669
vn 0.1935 0.6239 -0.7572
vn 0.2017 0.6447 -0.7374
vn 0.2044 0.6552 -0.7273
vn 0.2062 0.6659 -0.7170
vn 0.2063 0.6766 -0.7068
vn 0.2047 0.6875 -0.6968
vn 0.2025 0.6984 -0.6865
vn 0.1976 0.7094 -0.6765
vn 0.1862 0.7310 -0.6565
vn 0.1815 0.7416 -0.6458
vn 0.2342 0.7265 -0.6460
vn 0.2287 0.7371 -0.6359
vn 0.1915 0.7203 -0.6668
vn 0.1775 0.7520 -0.6348
vn 0.1735 0.7622 -0.6236
vn 0.1702 0.7723 -0.6121
vn 0.1681 0.7821 -0.6000
vn 0.1657 0.7918 -0.5879
vn 0.1638 0.8014 -0.5753
vn 0.1622 0.8108 -0.5624
vn 0.1614 0.8200 -0.5492
vn 0.1600 0.8290 -0.5358
vn 0.1572 0.8380 -0.5226
vn 0.1547 0.8468 -0.5089
vn 0.1507 0.8555 -0.4954
vn 0.1409 0.8721 -0.4686
vn 0.1352 0.8801 -0.4552
vn 0.1285 0.8876 -0.4423
vn 0.1828 0.8761 -0.4461
vn 0.1762 0.8838 -0.4334
vn 0.1212 0.8948 -0.4296
vn 0.1137 0.9018 -0.4169
vn 0.1064 0.9085 -0.4042
vn 0.1019 0.9147 -0.3912
vn 0.0993 0.9205 -0.3780
vn 0.0993 0.9259 -0.3644
vn 0.1011 0.9310 -0.3507
vn 0.1037 0.9359 -0.3367
vn 0.1071 0.9406 -0.3222
vn 0.1103 0.9453 -0.3070
vn 0.1132 0.9501 -0.2908
vn 0.1146 0.9605 -0.2535
vn 0.1149 0.9658 -0.2322
vn 0.1162 0.9710 -0.2088
vn 0.1177 0.9759 -0.1837
vn 0.1195 0.9804 -0.1567
vn 0.1211 0.9843 -0.1287
vn 0.1214 0.9902 -0.0691
vn 0.1176 0.9923 -0.0401
vn 0.1081 0.9940 -0.0163
vn 0.0933 0.9956 0.0008
vn 0.0754 0.9971 0.0120
vn 0.0561 0.9983 0.0184
vn 0.0360 0.9991 0.0216
vn -0.0424 0.1795 -0.9829
vn -0.0420 0.1739 -0.9839
vn -0.0430 0.1908 -0.9807
vn -0.0428 0.1851 -0.9818
vn -0.0426 0.2031 -0.9782
vn -0.0431 0.1971 -0.9794
vn -0.0425 0.2150 -0.9757
vn -0.0430 0.2092 -0.9769
vn -0.0417 0.2278 -0.9728
vn -0.0426 0.2213 -0.9743
vn -0.0412 0.2399 -0.9699
vn -0.0419 0.2337 -0.9714
vn -0.0401 0.2527 -0.9667
vn -0.0407 0.2463 -0.9683
vn -0.0385 0.2654 -0.9634
vn -0.0361 0.2783 -0.9598
vn -0.0334 0.2914 -0.9560
vn -0.0299 0.3048 -0.9520
vn -0.0259 0.3184 -0.9476
vn -0.0210 0.3324 -0.9429
vn -0.0156 0.3465 -0.9379
vn 0.0022 0.3820 -0.9241
vn -0.0020 0.3752 -0.9269
vn 0.0104 0.3971 -0.9177
vn 0.0060 0.3898 -0.9209
vn 0.0198 0.4118 -0.9111
vn 0.0307 0.4267 -0.9039
vn 0.0429 0.4416 -0.8962
vn 0.0565 0.4566 -0.8879
vn 0.0985 0.4939 -0.8639
vn 0.0893 0.4865 -0.8691
vn 0.1191 0.5083 -0.8529
vn 0.1406 0.5221 -0.8412
vn 0.1882 0.5527 -0.8118
vn 0.1793 0.5469 -0.8178
vn 0.2053 0.5643 -0.7997
vn 0.2296 0.5815 -0.7805
vn 0.2183 0.6005 -0.7692
vn 0.2256 0.6106 -0.7591
vn 0.2604 0.6070 -0.7508
vn 0.2463 0.6399 -0.7279
vn 0.2513 0.6500 -0.7172
vn 0.2547 0.6605 -0.7064
vn 0.2562 0.6710 -0.6958
vn 0.2555 0.6819 -0.6854
vn 0.2526 0.6930 -0.6752
vn 0.2474 0.7042 -0.6655
vn 0.2405 0.7155 -0.6559
vn 0.2239 0.7477 -0.6252
vn 0.2199 0.7578 -0.6143
vn 0.2165 0.7679 -0.6029
vn 0.2137 0.7778 -0.5911
vn 0.2115 0.7874 -0.5790
vn 0.2099 0.7969 -0.5665
vn 0.2088 0.8062 -0.5536
vn 0.2081 0.8155 -0.5400
vn 0.2070 0.8246 -0.5264
vn 0.2051 0.8337 -0.5127
vn 0.2021 0.8425 -0.4994
vn 0.2528 0.8273 -0.5017
vn 0.1979 0.8511 -0.4863
vn 0.2502 0.8358 -0.4887
vn 0.1940 0.8599 -0.4722
vn 0.2467 0.8443 -0.4758
vn 0.2366 0.8608 -0.4507
vn 0.1887 0.8681 -0.4591
vn 0.2303 0.8687 -0.4386
vn 0.2232 0.8763 -0.4269
vn 0.1690 0.8911 -0.4211
vn 0.1612 0.8981 -0.4092
vn 0.1539 0.9047 -0.3974
vn 0.1492 0.9106 -0.3854
vn 0.1469 0.9161 -0.3730
vn 0.1468 0.9211 -0.3605
vn 0.1485 0.9260 -0.3472
vn 0.1517 0.9304 -0.3337
vn 0.1558 0.9347 -0.3194
vn 0.1597 0.9394 -0.3034
vn 0.2054 0.9268 -0.3144
vn 0.2135 0.9299 -0.2994
vn 0.2314 0.9368 -0.2626
vn 0.1685 0.9551 -0.2436
vn 0.1696 0.9611 -0.2180
vn 0.1707 0.9669 -0.1897
vn 0.1715 0.9723 -0.1590
vn 0.1719 0.9770 -0.1264
vn 0.2594 0.9636 -0.0646
vn 0.2580 0.9661 0.0088
vn 0.1676 0.9857 -0.0188
vn 0.1606 0.9869 0.0171
vn 0.1456 0.9883 0.0460
vn 0.1240 0.9901 0.0665
vn 0.0977 0.9921 0.0787
vn 0.0697 0.9940 0.0841
vn -0.0314 0.1415 -0.9894
vn -0.0345 0.1465 -0.9886
vn -0.0374 0.1523 -0.9876
vn -0.0396 0.1599 -0.9863
vn -0.0406 0.1638 -0.9857
vn -0.0413 0.1687 -0.9848
vn -0.0392 0.2591 -0.9651
vn -0.0373 0.2719 -0.9616
vn -0.0348 0.2848 -0.9580
vn -0.0317 0.2981 -0.9540
vn -0.0279 0.3116 -0.9498
vn -0.0234 0.3254 -0.9453
vn -0.0187 0.3397 -0.9404
vn -0.0126 0.3538 -0.9352
vn -0.0092 0.3608 -0.9326
vn -0.0060 0.3676 -0.9300
vn 0.0150 0.4044 -0.9145
vn 0.0251 0.4192 -0.9075
vn 0.0366 0.4342 -0.9001
vn 0.0496 0.4491 -0.8921
vn 0.0640 0.4643 -0.8834
vn 0.0718 0.4716 -0.8789
vn 0.0805 0.4789 -0.8742
vn 0.1087 0.5011 -0.8585
vn 0.1300 0.5154 -0.8470
vn 0.1507 0.5286 -0.8354
vn 0.1606 0.5348 -0.8296
vn 0.1702 0.5407 -0.8238
vn 0.1969 0.5585 -0.8058
vn 0.2136 0.5703 -0.7932
vn 0.2215 0.5757 -0.7871
vn 0.2373 0.5876 -0.7736
vn 0.2449 0.5937 -0.7665
vn 0.2525 0.6002 -0.7590
vn 0.2688 0.6142 -0.7419
vn 0.2775 0.6218 -0.7324
vn 0.2860 0.6300 -0.7220
vn 0.2939 0.6389 -0.7109
vn 0.3005 0.6485 -0.6994
vn 0.3049 0.6588 -0.6878
vn 0.3063 0.6700 -0.6762
vn 0.3044 0.6818 -0.6652
vn 0.2989 0.6939 -0.6551
vn 0.2905 0.7060 -0.6459
vn 0.2827 0.7175 -0.6366
vn 0.2761 0.7284 -0.6271
vn 0.2706 0.7387 -0.6173
vn 0.2661 0.7486 -0.6073
vn 0.2624 0.7581 -0.5970
vn 0.2595 0.7673 -0.5864
vn 0.2573 0.7763 -0.5755
vn 0.2557 0.7850 -0.5642
vn 0.2548 0.7936 -0.5525
vn 0.2546 0.8020 -0.5404
vn 0.2549 0.8103 -0.5277
vn 0.2544 0.8188 -0.5147
vn 0.2421 0.8526 -0.4630
vn 0.2154 0.8836 -0.4157
vn 0.2069 0.8906 -0.4050
vn 0.1984 0.8971 -0.3948
vn 0.1922 0.9029 -0.3844
vn 0.1888 0.9081 -0.3737
vn 0.1880 0.9128 -0.3625
vn 0.1896 0.9168 -0.3516
vn 0.1931 0.9204 -0.3400
vn 0.1985 0.9237 -0.3278
vn 0.2224 0.9332 -0.2824
vn 0.2397 0.9409 -0.2393
vn 0.2466 0.9456 -0.2122
vn 0.2518 0.9506 -0.1814
vn 0.2557 0.9556 -0.1467
vn 0.2583 0.9600 -0.1079
vn 0.2593 0.9653 -0.0298
vn 0.2551 0.9655 0.0518
vn 0.2495 0.9633 0.0990
vn 0.2356 0.9609 0.1452
vn 0.2099 0.9603 0.1840
vn 0.1746 0.9621 0.2095
vn 0.1324 0.9660 0.2220
vn 0.0893 0.9707 0.2231
vn 0.0479 0.9750 0.2172
vn -0.9901 0.1357 0.0345
vn -0.9912 0.1217 0.0526
vn -0.9908 0.1077 -0.0815
vn -0.9826 0.0795 -0.1679
vn -0.9928 0.0616 -0.1031
vn -0.9724 0.0524 -0.2273
vn -0.9645 0.0259 -0.2630
vn -0.9893 0.0308 -0.1429
vn -0.9606 -0.0000 -0.2778
vn -0.9341 0.1772 0.3099
vn -0.9704 0.1634 0.1781
vn -0.9237 0.1889 0.3333
vn -0.9950 0.0919 -0.0385
vn -0.8652 0.2010 0.4594
vn -0.9738 0.1504 0.1703
vn -0.5775 0.2601 0.7738
vn -0.6912 0.2442 0.6802
vn -0.6281 0.2594 0.7336
vn -0.7684 0.2216 0.6004
vn -0.7654 0.2285 0.6016
vn -0.6678 0.2404 0.7045
vn -0.4157 0.3391 0.8439
vn -0.3760 0.3294 0.8661
vn -0.4608 0.3176 0.8287
vn -0.4169 0.2826 0.8639
vn -0.4996 0.2817 0.8192
vn -0.2486 0.3998 0.8822
vn -0.2851 0.3778 0.8809
vn -0.3385 0.3805 0.8606
vn -0.3272 0.3540 0.8761
vn -0.3043 0.3996 0.8647
vn -0.2177 0.4195 0.8813
vn -0.1710 0.4521 0.8754
vn -0.2466 0.4333 0.8668
vn -0.2236 0.4477 0.8658
vn -0.2736 0.4173 0.8666
vn -0.1925 0.4369 0.8787
vn -0.1690 0.4921 0.8540
vn -0.1328 0.4882 0.8626
vn -0.1773 0.4825 0.8578
vn -0.1889 0.4720 0.8611
vn -0.1545 0.4656 0.8714
vn -0.2044 0.4605 0.8638
vn -0.1632 0.5105 0.8442
vn -0.1248 0.5078 0.8524
vn -0.1643 0.5015 0.8494
vn -0.1272 0.4982 0.8577
vn -0.1329 0.5357 0.8339
vn -0.1714 0.5281 0.8317
vn -0.1761 0.5371 0.8249
vn -0.1255 0.5169 0.8468
vn -0.1659 0.5194 0.8383
vn -0.1290 0.5262 0.8405
vn -0.1380 0.5548 0.8205
vn -0.1823 0.5553 0.8114
vn -0.1393 0.5643 0.8137
vn -0.1798 0.5462 0.8181
vn -0.1360 0.5450 0.8273
vn -0.1837 0.5821 0.7921
vn -0.1379 0.5920 0.7940
vn -0.1391 0.5830 0.8005
vn -0.1842 0.5733 0.7984
vn -0.1392 0.5741 0.8069
vn -0.1838 0.5643 0.8049
vn -0.1358 0.6008 0.7878
vn -0.1823 0.5906 0.7861
vn -0.1799 0.5991 0.7802
vn -0.1306 0.6181 0.7751
vn -0.1688 0.6227 0.7640
vn -0.1269 0.6261 0.7693
vn -0.1335 0.6093 0.7816
vn -0.1768 0.6073 0.7746
vn -0.1541 0.6504 0.7438
vn -0.1171 0.6487 0.7520
vn -0.1574 0.6438 0.7488
vn -0.1610 0.6371 0.7538
vn -0.1235 0.6339 0.7635
vn -0.1646 0.6300 0.7589
vn -0.1079 0.6686 0.7358
vn -0.1110 0.6622 0.7411
vn -0.1477 0.6630 0.7339
vn -0.1203 0.6414 0.7577
vn -0.0807 0.6416 0.7628
vn -0.1016 0.6808 0.7254
vn -0.1387 0.6809 0.7191
vn -0.0986 0.6867 0.7203
vn -0.1447 0.6691 0.7290
vn -0.1301 0.6981 0.7041
vn -0.0912 0.7021 0.7063
vn -0.0926 0.6973 0.7108
vn -0.0955 0.6917 0.7159
vn -0.1326 0.6925 0.7092
vn -0.0916 0.7167 0.6914
vn -0.1266 0.7139 0.6887
vn -0.1268 0.7187 0.6837
vn -0.0904 0.7069 0.7015
vn -0.1282 0.7036 0.6989
vn -0.1271 0.7088 0.6938
vn -0.1295 0.7313 0.6696
vn -0.1010 0.7358 0.6697
vn -0.0975 0.7314 0.6750
vn -0.1274 0.7232 0.6788
vn -0.0955 0.7263 0.6807
vn -0.0932 0.7214 0.6862
vn -0.1336 0.7416 0.6574
vn -0.1098 0.7450 0.6579
vn -0.1046 0.7405 0.6638
vn -0.1307 0.7350 0.6654
vn -0.1318 0.7384 0.6614
vn -0.1570 0.7515 0.6407
vn -0.1477 0.7567 0.6369
vn -0.1313 0.7537 0.6440
vn -0.1190 0.7494 0.6513
vn -0.1373 0.7445 0.6533
vn -0.1426 0.7472 0.6491
vn -0.1893 0.7603 0.6214
vn -0.1668 0.7593 0.6291
vn -0.1985 0.7562 0.6235
vn -0.1757 0.7546 0.6322
vn -0.2404 0.7550 0.6100
vn -0.2566 0.7535 0.6053
vn -0.2464 0.7573 0.6049
vn -0.2159 0.7600 0.6130
vn -0.2250 0.7560 0.6146
vn -0.2881 0.7542 0.5901
vn -0.2788 0.7530 0.5961
vn -0.3120 0.7469 0.5872
vn -0.3101 0.7448 0.5908
vn -0.2921 0.7483 0.5956
vn -0.4270 0.7110 0.5587
vn -0.4053 0.7210 0.5621
vn -0.4114 0.7167 0.5631
vn -0.3451 0.7372 0.5809
vn -0.3443 0.7396 0.5783
vn -0.4723 0.6920 0.5460
vn -0.4628 0.6985 0.5459
vn -0.4575 0.6987 0.5501
vn -0.4424 0.7050 0.5543
vn -0.4345 0.7102 0.5539
vn -0.5011 0.6780 0.5378
vn -0.5150 0.6710 0.5334
vn -0.4900 0.6858 0.5381
vn -0.4868 0.6853 0.5417
vn -0.5168 0.6720 0.5304
vn -0.5292 0.6630 0.5295
vn -0.5425 0.6575 0.5229
vn -0.5426 0.6553 0.5256
vn -0.5569 0.6465 0.5214
vn -0.5694 0.6384 0.5180
vn -0.5954 0.6204 0.5105
vn -0.5682 0.6414 0.5155
vn -0.5828 0.6293 0.5141
vn -0.5240 0.6704 0.5254
vn -0.6080 0.6112 0.5068
vn -0.5926 0.6246 0.5086
vn -0.6165 0.6066 0.5019
vn -0.6204 0.6016 0.5032
vn -0.6326 0.5918 0.4996
vn -0.6446 0.5818 0.4959
vn -0.6400 0.5876 0.4951
vn -0.6563 0.5717 0.4924
vn -0.6626 0.5677 0.4885
vn -0.6680 0.5611 0.4889
vn -0.6791 0.5505 0.4856
vn -0.6002 0.6213 0.5037
vn -0.6045 0.6210 0.4989
vn -0.5801 0.6382 0.5061
vn -0.6902 0.5394 0.4823
vn -0.6843 0.5472 0.4821
vn -0.7009 0.5285 0.4790
vn -0.7052 0.5256 0.4758
vn -0.7115 0.5169 0.4761
vn -0.7217 0.5054 0.4730
vn -0.7255 0.5029 0.4698
vn -0.6918 0.5419 0.4773
vn -0.7320 0.4937 0.4695
vn -0.7421 0.4815 0.4664
vn -0.7520 0.4686 0.4636
vn -0.7455 0.4785 0.4639
vn -0.7615 0.4561 0.4605
vn -0.7652 0.4524 0.4580
vn -0.7710 0.4422 0.4582
vn -0.7807 0.4285 0.4548
vn -0.7902 0.4136 0.4523
vn -0.7844 0.4244 0.4524
vn -0.7540 0.4696 0.4592
vn -0.7995 0.3989 0.4492
vn -0.8029 0.3946 0.4468
vn -0.8090 0.3825 0.4464
vn -0.8207 0.3629 0.4413
vn -0.8176 0.3670 0.4436
vn -0.8262 0.3504 0.4411
vn -0.8348 0.3336 0.4380
vn -0.8433 0.3151 0.4354
vn -0.8379 0.3284 0.4359
vn -0.8012 0.4021 0.4432
vn -0.8122 0.3805 0.4422
vn -0.8202 0.3682 0.4379
vn -0.8512 0.2971 0.4326
vn -0.8543 0.2914 0.4304
vn -0.8590 0.2778 0.4301
vn -0.8735 0.2381 0.4246
vn -0.8690 0.2535 0.4250
vn -0.8665 0.2583 0.4271
vn -0.8796 0.2199 0.4218
vn -0.8811 0.2178 0.4198
vn -0.8852 0.2016 0.4193
vn -0.8693 0.2584 0.4214
vn -0.8552 0.2941 0.4268
vn -0.8631 0.2713 0.4259
vn -0.8898 0.1857 0.4169
vn -0.8905 0.1867 0.4150
vn -0.8939 0.1702 0.4146
vn -0.8974 0.1566 0.4125
vn -0.9005 0.1436 0.4104
vn -0.8976 0.1597 0.4109
vn -0.9031 0.1326 0.4085
vn -0.9053 0.1223 0.4068
vn -0.9029 0.1382 0.4070
vn -0.8938 0.1787 0.4114
vn -0.8955 0.1790 0.4076
vn -0.8886 0.2011 0.4123
vn -0.9072 0.1143 0.4049
vn -0.9069 0.1215 0.4035
vn -0.9089 0.1062 0.4033
vn -0.9099 0.1100 0.4001
vn -0.9103 0.0998 0.4017
vn -0.9115 0.0949 0.4002
vn -0.9071 0.1430 0.3958
vn -0.9054 0.1674 0.3902
vn -0.9037 0.1688 0.3935
vn -0.9076 0.1281 0.3999
vn -0.9043 0.1500 0.3997
vn -0.9100 0.1213 0.3965
vn -0.9121 0.1031 0.3968
vn -0.9126 0.0908 0.3987
vn -0.9016 0.1725 0.3966
vn -0.9136 0.1012 0.3938
vn -0.9118 0.1189 0.3931
vn -0.9134 0.0882 0.3973
vn -0.9143 0.0869 0.3957
vn -0.9149 0.0858 0.3944
vn -0.4137 0.7207 0.5562
vn -0.3786 0.7276 0.5721
vn -0.3752 0.7309 0.5701
vn -0.3954 0.7222 0.5675
vn -0.3630 0.7321 0.5764
vn -0.3280 0.7409 0.5861
vn -0.2738 0.7512 0.6006
vn -0.1490 0.7495 0.6450
vn -0.2117 0.7563 0.6190
vn -0.1627 0.7639 0.6245
vn -0.1866 0.7556 0.6279
vn -0.1658 0.7532 0.6365
vn -0.0804 0.7456 0.6615
vn -0.1286 0.7274 0.6741
vn -0.0906 0.7120 0.6963
vn -0.1356 0.6867 0.7142
vn -0.1417 0.6750 0.7241
vn -0.1048 0.6746 0.7307
vn -0.1509 0.6568 0.7388
vn -0.1140 0.6555 0.7465
vn -0.1730 0.6152 0.7692
vn -0.1418 0.4775 0.8671
vn -0.0935 0.4887 0.8674
vn -0.3754 0.3602 0.8540
vn -0.1758 0.4032 0.8981
vn -0.4329 0.3050 0.8483
vn -0.5128 0.2960 0.8059
vn -0.5751 0.2745 0.7707
vn -0.8490 0.2108 0.4845
vn -0.9973 0.0656 0.0335
vn -0.9998 -0.0000 -0.0190
vn -0.9871 0.0349 0.1561
vn -0.9899 -0.0000 0.1419
vn -0.9994 0.0331 -0.0030
vn -0.9798 0.0688 0.1877
vn -0.9468 0.0282 0.3206
vn -0.9499 -0.0000 0.3126
vn -0.9092 0.1406 0.3919
vn -0.9042 0.1402 0.4035
vn -0.8998 0.1565 0.4073
vn -0.8861 0.2047 0.4159
vn -0.8760 0.2359 0.4207
vn -0.8473 0.3098 0.4314
vn -0.8303 0.3461 0.4368
vn -0.7933 0.4124 0.4478
vn -0.7740 0.4420 0.4535
vn -0.7607 0.4631 0.4549
vn -0.7401 0.4902 0.4604
vn -0.7338 0.4952 0.4651
vn -0.7130 0.5194 0.4711
vn -0.6751 0.5611 0.4790
vn -0.6969 0.5394 0.4726
vn -0.6701 0.5631 0.4836
vn -0.6476 0.5834 0.4901
vn -0.6245 0.6027 0.4968
vn -0.5757 0.6385 0.5107
vn -0.5502 0.6550 0.5180
vn -0.5282 0.6711 0.5202
vn -0.5016 0.6856 0.5275
vn -0.4980 0.6843 0.5327
vn -0.4704 0.6976 0.5405
vn -0.4427 0.7096 0.5482
vn -0.4172 0.7225 0.5513
vn -0.3879 0.7328 0.5590
vn -0.3835 0.7309 0.5645
vn -0.3530 0.7397 0.5729
vn -0.3212 0.7475 0.5814
vn -0.2926 0.7569 0.5844
vn -0.2593 0.7624 0.5928
vn -0.2543 0.7594 0.5988
vn -0.2206 0.7630 0.6076
vn -0.1899 0.7644 0.6162
vn -0.1580 0.7694 0.6189
vn -0.1304 0.7680 0.6271
vn -0.1393 0.7621 0.6324
vn -0.1193 0.7589 0.6401
vn -0.1030 0.7550 0.6476
vn -0.0898 0.7505 0.6548
vn -0.0557 0.7503 0.6588
vn -0.0461 0.7453 0.6651
vn -0.0739 0.7406 0.6679
vn -0.0692 0.7355 0.6739
vn -0.0657 0.7306 0.6796
vn -0.0620 0.7257 0.6853
vn -0.0589 0.7207 0.6908
vn -0.0568 0.7158 0.6960
vn -0.0553 0.7110 0.7010
vn -0.0550 0.7062 0.7059
vn -0.0555 0.7013 0.7107
vn -0.0567 0.6964 0.7154
vn -0.0587 0.6912 0.7203
vn -0.0619 0.6859 0.7250
vn -0.0647 0.6803 0.7300
vn -0.0675 0.6745 0.7351
vn -0.0705 0.6685 0.7404
vn -0.0730 0.6622 0.7458
vn -0.0755 0.6557 0.7513
vn -0.0785 0.6488 0.7569
vn -0.0414 0.6334 0.7727
vn -0.0825 0.6341 0.7688
vn -0.0399 0.6408 0.7667
vn -0.0852 0.6264 0.7748
vn -0.0872 0.6183 0.7811
vn -0.0896 0.6099 0.7874
vn -0.0920 0.6012 0.7938
vn -0.0930 0.5923 0.8003
vn -0.0942 0.5832 0.8068
vn -0.0948 0.5739 0.8134
vn -0.0943 0.5642 0.8202
vn -0.0943 0.5547 0.8267
vn -0.0928 0.5450 0.8333
vn -0.0912 0.5355 0.8396
vn -0.0891 0.5261 0.8457
vn -0.0876 0.5169 0.8515
vn -0.0881 0.5079 0.8569
vn -0.0898 0.4986 0.8622
vn -0.0574 0.4787 0.8761
vn -0.0996 0.4784 0.8725
vn -0.0545 0.4889 0.8707
vn -0.1079 0.4670 0.8777
vn -0.1197 0.4537 0.8831
vn -0.1339 0.4393 0.8883
vn -0.1528 0.4223 0.8935
vn -0.0825 0.4238 0.9020
vn -0.0941 0.4045 0.9097
vn -0.2046 0.3814 0.9015
vn -0.2415 0.3574 0.9022
vn -0.2880 0.3321 0.8982
vn -0.3459 0.3068 0.8867
vn -0.2295 0.3050 0.9243
vn -0.3028 0.2800 0.9110
vn -0.5024 0.2605 0.8245
vn -0.6024 0.2407 0.7610
vn -0.7135 0.2225 0.6644
vn -0.8197 0.2031 0.5355
vn -0.8980 0.1808 0.4011
vn -0.9482 0.1553 0.2771
vn -0.9767 0.1272 0.1728
vn -0.9910 0.0971 0.0918
vn -0.9661 0.1011 0.2376
vn -0.9871 -0.0000 -0.1600
vn -0.9005 0.1623 0.4035
vn -0.8989 0.1795 0.3997
vn -0.8955 0.1890 0.4029
vn -0.8803 0.2272 0.4164
vn -0.8802 0.2341 0.4129
vn -0.8727 0.2546 0.4166
vn -0.8385 0.3320 0.4321
vn -0.8263 0.3606 0.4326
vn -0.7963 0.4140 0.4410
vn -0.7814 0.4336 0.4488
vn -0.7645 0.4619 0.4497
vn -0.7314 0.5048 0.4585
vn -0.7190 0.5152 0.4664
vn -0.6972 0.5432 0.4678
vn -0.6622 0.5776 0.4774
vn -0.6525 0.5823 0.4850
vn -0.6293 0.6019 0.4916
vn -0.6255 0.6091 0.4876
vn -0.6064 0.6239 0.4929
vn -0.5546 0.6552 0.5129
vn -0.5255 0.6771 0.5151
vn -0.4826 0.6997 0.5268
vn -0.4744 0.6987 0.5355
vn -0.4464 0.7113 0.5429
vn -0.4153 0.7281 0.5453
vn -0.3677 0.7439 0.5580
vn -0.3571 0.7419 0.5675
vn -0.3257 0.7501 0.5756
vn -0.2912 0.7623 0.5780
vn -0.2368 0.7706 0.5917
vn -0.2247 0.7665 0.6016
vn -0.1898 0.7692 0.6102
vn -0.1506 0.7758 0.6128
vn -0.1005 0.7729 0.6265
vn -0.1067 0.7649 0.6352
vn -0.0865 0.7608 0.6432
vn -0.0701 0.7561 0.6507
vn -0.0446 0.7616 0.6465
vn -0.0309 0.7568 0.6530
vn -0.0106 0.7464 0.6654
vn -0.0395 0.7398 0.6716
vn -0.0351 0.7345 0.6777
vn -0.0312 0.7292 0.6836
vn -0.0276 0.7239 0.6894
vn -0.0243 0.7189 0.6947
vn -0.0228 0.7142 0.6996
vn -0.0211 0.7094 0.7045
vn -0.0200 0.7045 0.7094
vn -0.0204 0.6998 0.7141
vn -0.0218 0.6950 0.7187
vn -0.0232 0.6901 0.7234
vn 0.0121 0.6929 0.7209
vn -0.0256 0.6849 0.7282
vn 0.0107 0.6881 0.7255
vn -0.0285 0.6796 0.7330
vn 0.0089 0.6832 0.7301
vn -0.0304 0.6739 0.7382
vn 0.0072 0.6781 0.7350
vn -0.0328 0.6680 0.7434
vn 0.0058 0.6726 0.7400
vn -0.0348 0.6615 0.7492
vn 0.0045 0.6670 0.7451
vn 0.0023 0.6549 0.7557
vn -0.0367 0.6549 0.7548
vn 0.0016 0.6485 0.7612
vn -0.0383 0.6480 0.7607
vn 0.0011 0.6417 0.7670
vn -0.0427 0.6256 0.7790
vn -0.0440 0.6174 0.7854
vn -0.0452 0.6089 0.7920
vn -0.0464 0.6003 0.7984
vn -0.0475 0.5913 0.8051
vn -0.0484 0.5821 0.8117
vn -0.0492 0.5727 0.8183
vn -0.0499 0.5632 0.8248
vn -0.0505 0.5534 0.8314
vn -0.0507 0.5438 0.8377
vn -0.0508 0.5341 0.8439
vn -0.0507 0.5251 0.8495
vn -0.0508 0.5164 0.8548
vn -0.0131 0.5234 0.8520
vn -0.0512 0.5075 0.8602
vn -0.0149 0.5154 0.8568
vn -0.0168 0.4998 0.8660
vn -0.0524 0.4984 0.8654
vn -0.0171 0.4916 0.8706
vn -0.0614 0.4674 0.8819
vn -0.0667 0.4548 0.8881
vn -0.0736 0.4404 0.8948
vn -0.0085 0.4222 0.9065
vn -0.1100 0.3824 0.9174
vn -0.1358 0.3577 0.9239
vn -0.0011 0.3747 0.9272
vn -0.1748 0.3315 0.9271
vn -0.0077 0.3529 0.9356
vn -0.0268 0.3281 0.9443
vn -0.1126 0.2808 0.9532
vn -0.3964 0.2577 0.8812
vn -0.5095 0.2384 0.8268
vn -0.6357 0.2213 0.7395
vn -0.7552 0.2036 0.6231
vn -0.8440 0.1829 0.5042
vn -0.9042 0.1586 0.3966
vn -0.9426 0.1312 0.3071
vn -0.8401 0.1578 0.5189
vn -0.8813 0.1345 0.4530
vn -0.9276 0.0833 0.3643
vn -0.8914 0.2013 0.4061
vn -0.8863 0.2162 0.4095
vn -0.8638 0.2778 0.4204
vn -0.8531 0.3035 0.4244
vn -0.8405 0.3315 0.4286
vn -0.8116 0.3880 0.4368
vn -0.7806 0.4386 0.4453
vn -0.7481 0.4840 0.4541
vn -0.7144 0.5245 0.4631
vn -0.6798 0.5608 0.4726
vn -0.6440 0.5937 0.4824
vn -0.5869 0.6381 0.4984
vn -0.5670 0.6518 0.5037
vn -0.5464 0.6647 0.5094
vn -0.5042 0.6887 0.5210
vn -0.4605 0.7099 0.5329
vn -0.4382 0.7193 0.5391
vn -0.3917 0.7364 0.5515
vn -0.3428 0.7509 0.5645
vn -0.3174 0.7569 0.5712
vn -0.2643 0.7669 0.5848
vn -0.2085 0.7733 0.5987
vn -0.1795 0.7751 0.6058
vn -0.1243 0.7750 0.6196
vn -0.0796 0.7699 0.6332
vn -0.0608 0.7660 0.6399
vn -0.0196 0.7517 0.6593
vn -0.0043 0.7412 0.6713
vn -0.0003 0.7360 0.6770
vn 0.0027 0.7309 0.6825
vn 0.0056 0.7259 0.6878
vn 0.0081 0.7210 0.6929
vn 0.0100 0.7162 0.6979
vn 0.0116 0.7115 0.7026
vn 0.0126 0.7068 0.7073
vn 0.0129 0.7021 0.7120
vn 0.0128 0.6975 0.7165
vn 0.0034 0.6611 0.7503
vn 0.0007 0.6346 0.7728
vn 0.0003 0.6272 0.7788
vn 0.0001 0.6195 0.7850
vn -0.0000 0.6114 0.7913
vn -0.0003 0.6030 0.7977
vn -0.0009 0.5943 0.8042
vn -0.0018 0.5854 0.8107
vn -0.0029 0.5764 0.8172
vn -0.0043 0.5673 0.8235
vn -0.0059 0.5582 0.8297
vn -0.0075 0.5491 0.8357
vn -0.0093 0.5403 0.8414
vn -0.0112 0.5317 0.8469
vn -0.0161 0.5077 0.8614
vn -0.0168 0.4828 0.8756
vn -0.0161 0.4731 0.8808
vn -0.0150 0.4621 0.8867
vn -0.0131 0.4492 0.8933
vn -0.0106 0.4337 0.9010
vn -0.0058 0.4090 0.9125
vn -0.0026 0.3933 0.9194
vn -0.0649 0.3013 0.9513
vn -0.1830 0.2604 0.9480
vn -0.2817 0.2422 0.9284
vn -0.4105 0.2267 0.8832
vn -0.5576 0.2130 0.8023
vn -0.6852 0.1979 0.7010
vn -0.7788 0.1790 0.6012
vn -0.9090 0.1095 0.4021
vn -0.9396 0.0561 0.3377
vn -0.1216 -0.0000 0.9926
vn -0.9926 -0.0000 -0.1215
s 1
f 838//381 840//382 839//383
f 841//384 843//385 842//386
f 838//381 845//387 844//387
f 845//387 838//381 839//383
f 842//386 843//385 840//382
f 839//383 840//382 843//385
f 846//388 848//389 847//389
f 841//384 849//390 846//388
f 846//388 849//390 848//389
f 841//384 842//386 849//390
f 850//391 852//391 851//391
f 850//391 853//391 852//391
f 854//392 856//393 855//394
f 855//394 857//394 854//392
f 856//393 858//395 855//394
f 856//393 859//396 858//395
f 860//392 854//392 857//394
f 861//392 860//392 862//395
f 860//392 861//392 854//392
f 863//397 865//398 864//397
f 866//397 868//397 867//399
f 865//398 863//397 866//397
f 869//399 867//399 868//397
f 868//397 866//397 863//397
f 870//400 872//401 871//402
f 873//403 875//402 874//404
f 876//405 874//404 875//402
f 877//402 879//402 878//402
f 873//403 870//400 880//402
f 880//402 875//402 873//403
f 870//400 871//402 880//402
f 872//401 881//405 871//402
f 882//404 874//404 876//405
f 882//404 883//405 879//402
f 883//405 882//404 876//405
f 883//405 878//402 879//402
f 884//406 886//407 885//408
f 887//409 888//410 885//408
f 885//408 886//407 887//409
f 889//411 888//410 890//412
f 887//409 890//412 888//410
f 891//411 889//411 890//412
f 892//413 886//407 884//406
f 892//413 894//414 893//415
f 894//414 892//413 884//406
f 893//415 894//414 895//416
f 895//416 897//417 896//418
f 893//415 895//416 896//418
f 895//416 898//419 897//417
f 898//419 899//420 897//417
f 900//421 902//421 901//421
f 901//421 904//421 903//421
f 905//421 907//421 906//421
f 908//421 910//421 909//421
f 911//421 913//421 912//421
f 914//421 916//421 915//421
f 917//421 909//421 918//421
f 919//421 920//421 908//421
f 921//421 923//421 922//421
f 921//421 925//421 924//421
f 926//421 928//421 927//421
f 927//421 923//421 926//421
f 911//421 928//421 913//421
f 914//421 912//421 929//421
f 912//421 930//421 911//421
f 931//421 933//421 932//421
f 922//421 925//421 921//421
f 934//421 930//421 914//421
f 935//421 914//421 936//421
f 937//421 938//421 914//421
f 914//421 938//421 934//421
f 939//421 940//421 914//421
f 914//421 940//421 937//421
f 914//421 915//421 939//421
f 909//421 917//421 916//421
f 914//421 909//421 916//421
f 941//421 909//421 910//421
f 918//421 909//421 941//421
f 942//421 908//421 920//421
f 910//421 908//421 942//421
f 903//421 943//421 919//421
f 919//421 908//421 903//421
f 903//421 904//421 944//421
f 943//421 903//421 944//421
f 904//421 901//421 945//421
f 901//421 947//421 946//421
f 945//421 901//421 946//421
f 902//421 900//421 948//421
f 947//421 901//421 902//421
f 949//421 950//421 900//421
f 948//421 900//421 950//421
f 951//421 952//421 949//421
f 949//421 952//421 950//421
f 953//421 955//421 954//421
f 956//421 958//421 957//421
f 905//421 955//421 953//421
f 956//421 960//421 959//421
f 961//421 962//421 933//421
f 933//421 962//421 963//421
f 964//421 965//421 933//421
f 933//421 965//421 961//421
f 966//421 967//421 933//421
f 933//421 967//421 964//421
f 933//421 931//421 968//421
f 933//421 968//421 966//421
f 914//421 969//421 933//421
f 932//421 933//421 969//421
f 970//421 914//421 929//421
f 914//421 935//421 969//421
f 914//421 970//421 971//421
f 914//421 971//421 936//421
f 912//421 914//421 930//421
f 926//421 913//421 928//421
f 922//421 923//421 927//421
f 925//421 972//421 924//421
f 972//421 958//421 924//421
f 960//421 956//421 957//421
f 957//421 958//421 972//421
f 906//421 959//421 960//421
f 953//421 907//421 905//421
f 907//421 959//421 906//421
f 955//421 973//421 954//421
f 973//421 951//421 974//421
f 974//421 954//421 973//421
f 949//421 975//421 951//421
f 974//421 951//421 975//421
f 976//421 977//421 949//421
f 949//421 977//421 975//421
f 933//421 979//421 978//421
f 980//421 981//421 949//421
f 949//421 981//421 976//421
f 933//421 978//421 949//421
f 949//421 978//421 980//421
f 982//421 983//421 933//421
f 933//421 983//421 979//421
f 963//421 982//421 933//421
f 984//422 986//422 985//422
f 984//422 987//422 986//422
f 988//423 990//424 989//424
f 991//425 993//426 992//427
f 994//428 995//428 990//424
f 989//424 990//424 995//428
f 996//429 994//428 997//430
f 994//428 996//429 995//428
f 997//430 999//431 998//432
f 998//432 996//429 997//430
f 1000//433 1001//434 999//431
f 998//432 999//431 1001//434
f 1002//435 1000//433 1003//436
f 1000//433 1002//435 1001//434
f 1003//436 1005//437 1004//437
f 1004//437 1002//435 1003//436
f 1006//438 1007//438 1005//437
f 1004//437 1005//437 1007//438
f 1008//439 1006//438 1009//440
f 1006//438 1008//439 1007//438
f 1010//441 1008//439 1009//440
f 1010//441 1009//440 1011//442
f 989//424 1012//423 988//423
f 1013//443 1012//423 1014//443
f 1012//423 1013//443 988//423
f 1014//443 1016//444 1015//444
f 1015//444 1013//443 1014//443
f 1017//445 1018//445 1016//444
f 1015//444 1016//444 1018//445
f 1019//446 1017//445 1020//446
f 1017//445 1019//446 1018//445
f 1020//446 1022//447 1021//447
f 1021//447 1019//446 1020//446
f 1023//448 1024//449 1022//447
f 1021//447 1022//447 1024//449
f 1025//450 1023//448 1026//450
f 1023//448 1025//450 1024//449
f 1026//450 1028//451 1027//452
f 1027//452 1025//450 1026//450
f 1027//452 1028//451 992//427
f 1029//453 1031//453 1030//426
f 1028//451 991//425 992//427
f 1032//454 1034//455 1033//456
f 1035//457 1037//456 1036//458
f 1038//459 1040//460 1039//460
f 1041//461 1043//462 1042//463
f 1044//464 1046//465 1045//464
f 1047//465 1049//466 1048//466
f 1050//467 1052//468 1051//469
f 1053//470 1055//469 1054//470
f 1056//471 1058//472 1057//472
f 1050//467 1057//472 1058//472
f 1056//471 1060//473 1059//474
f 1060//473 1056//471 1057//472
f 1061//475 1062//476 1059//474
f 1059//474 1060//473 1061//475
f 1011//442 1062//476 1063//476
f 1061//475 1063//476 1062//476
f 1010//441 1011//442 1063//476
f 1051//469 1052//468 1055//469
f 1050//467 1058//472 1052//468
f 1053//470 1054//470 1045//464
f 1051//469 1055//469 1053//470
f 1044//464 1047//465 1046//465
f 1054//470 1044//464 1045//464
f 1049//466 1040//460 1048//466
f 1047//465 1048//466 1046//465
f 1042//463 1038//459 1039//460
f 1039//460 1040//460 1049//466
f 1032//454 1043//462 1041//461
f 1043//462 1038//459 1042//463
f 1033//456 1034//455 1037//456
f 1032//454 1041//461 1034//455
f 1035//457 1036//458 1029//453
f 1033//456 1037//456 1035//457
f 1031//453 993//426 1030//426
f 1036//458 1031//453 1029//453
f 991//425 1030//426 993//426
f 1064//477 1066//478 1065//478
f 1067//479 1069//480 1068//479
f 1070//481 1071//481 1066//478
f 1065//478 1066//478 1071//481
f 1072//482 1070//481 1073//429
f 1070//481 1072//482 1071//481
f 1073//429 1075//483 1074//484
f 1074//484 1072//482 1073//429
f 1076//485 1077//486 1075//483
f 1074//484 1075//483 1077//486
f 1078//487 1076//485 1079//488
f 1076//485 1078//487 1077//486
f 1079//488 1081//489 1080//489
f 1080//489 1078//487 1079//488
f 1082//438 1083//490 1081//489
f 1080//489 1081//489 1083//490
f 1084//491 1082//438 1085//491
f 1082//438 1084//491 1083//490
f 1086//492 1084//491 1085//491
f 1086//492 1085//491 1087//492
f 1065//478 1088//493 1064//477
f 1089//494 1088//493 1090//494
f 1088//493 1089//494 1064//477
f 1090//494 1092//495 1091//496
f 1091//496 1089//494 1090//494
f 1093//497 1094//497 1092//495
f 1091//496 1092//495 1094//497
f 1095//446 1093//497 1096//446
f 1093//497 1095//446 1094//497
f 1096//446 1098//447 1097//447
f 1097//447 1095//446 1096//446
f 1099//498 1100//449 1098//447
f 1097//447 1098//447 1100//449
f 1101//499 1099//498 1102//499
f 1099//498 1101//499 1100//449
f 1102//499 1104//452 1103//500
f 1103//500 1101//499 1102//499
f 1103//500 1104//452 1068//479
f 1105//501 1107//501 1106//426
f 1104//452 1067//479 1068//479
f 1108//502 1110//502 1109//503
f 1111//458 1113//503 1112//504
f 1114//505 1116//506 1115//506
f 1117//507 1119//507 1118//505
f 1120//464 1122//508 1121//464
f 1123//509 1125//466 1124//466
f 1126//510 1128//510 1127//511
f 1129//512 1131//511 1130//513
f 1132//514 1134//472 1133//472
f 1126//510 1133//472 1134//472
f 1132//514 1136//515 1135//516
f 1136//515 1132//514 1133//472
f 1137//516 1138//517 1135//516
f 1135//516 1136//515 1137//516
f 1087//492 1138//517 1139//517
f 1137//516 1139//517 1138//517
f 1086//492 1087//492 1139//517
f 1127//511 1128//510 1131//511
f 1126//510 1134//472 1128//510
f 1129//512 1130//513 1121//464
f 1127//511 1131//511 1129//512
f 1120//464 1123//509 1122//508
f 1130//513 1120//464 1121//464
f 1125//466 1116//506 1124//466
f 1123//509 1124//466 1122//508
f 1118//505 1114//505 1115//506
f 1115//506 1116//506 1125//466
f 1108//502 1119//507 1117//507
f 1119//507 1114//505 1118//505
f 1109//503 1110//502 1113//503
f 1108//502 1117//507 1110//502
f 1111//458 1112//504 1105//501
f 1109//503 1113//503 1111//458
f 1107//501 1069//480 1106//426
f 1112//504 1107//501 1105//501
f 1067//479 1106//426 1069//480
f 1140//518 1142//518 1141//518
f 1143//518 1145//518 1144//518
f 1146//518 1148//518 1147//518
f 1145//518 1140//518 1149//518
f 1150//518 1152//518 1151//518
f 1153//518 1155//518 1154//518
f 1156//518 1158//518 1157//518
f 1159//518 1150//518 1160//518
f 1161//518 1163//518 1162//518
f 1164//518 1161//518 1162//518
f 1152//518 1166//518 1165//518
f 1167//518 1169//518 1168//518
f 1170//518 1169//518 1167//518
f 1171//518 1173//518 1172//518
f 1172//518 1168//518 1171//518
f 1154//518 1173//518 1153//518
f 1156//518 1174//518 1155//518
f 1155//518 1153//518 1175//518
f 1176//518 1178//518 1177//518
f 1179//518 1170//518 1167//518
f 1180//518 1156//518 1175//518
f 1181//518 1182//518 1156//518
f 1183//518 1156//518 1184//518
f 1156//518 1180//518 1184//518
f 1185//518 1156//518 1186//518
f 1156//518 1183//518 1186//518
f 1156//518 1185//518 1158//518
f 1152//518 1157//518 1166//518
f 1156//518 1157//518 1152//518
f 1187//518 1151//518 1152//518
f 1165//518 1187//518 1152//518
f 1188//518 1160//518 1150//518
f 1151//518 1188//518 1150//518
f 1142//518 1159//518 1189//518
f 1159//518 1142//518 1150//518
f 1142//518 1190//518 1141//518
f 1189//518 1190//518 1142//518
f 1141//518 1191//518 1140//518
f 1140//518 1193//518 1192//518
f 1191//518 1193//518 1140//518
f 1149//518 1144//518 1145//518
f 1192//518 1149//518 1140//518
f 1145//518 1194//518 1148//518
f 1145//518 1143//518 1194//518
f 1195//518 1147//518 1194//518
f 1148//518 1194//518 1147//518
f 1196//518 1198//518 1197//518
f 1147//518 1195//518 1198//518
f 1199//518 1201//518 1200//518
f 1202//518 1204//518 1203//518
f 1199//518 1200//518 1205//518
f 1206//518 1176//518 1203//518
f 1202//518 1203//518 1176//518
f 1207//518 1176//518 1208//518
f 1176//518 1206//518 1208//518
f 1209//518 1176//518 1210//518
f 1176//518 1207//518 1210//518
f 1176//518 1211//518 1178//518
f 1176//518 1209//518 1211//518
f 1156//518 1176//518 1212//518
f 1177//518 1212//518 1176//518
f 1213//518 1174//518 1156//518
f 1156//518 1212//518 1181//518
f 1156//518 1214//518 1213//518
f 1156//518 1182//518 1214//518
f 1155//518 1175//518 1156//518
f 1172//518 1173//518 1154//518
f 1169//518 1171//518 1168//518
f 1170//518 1179//518 1164//518
f 1147//518 1216//518 1215//518
f 1164//518 1179//518 1161//518
f 1163//518 1201//518 1217//518
f 1217//518 1162//518 1163//518
f 1201//518 1199//518 1217//518
f 1205//518 1218//518 1197//518
f 1218//518 1205//518 1200//518
f 1198//518 1196//518 1147//518
f 1218//518 1196//518 1197//518
f 1219//518 1147//518 1220//518
f 1147//518 1196//518 1220//518
f 1147//518 1219//518 1216//518
f 1202//518 1147//518 1221//518
f 1215//518 1221//518 1147//518
f 1222//518 1202//518 1223//518
f 1202//518 1221//518 1223//518
f 1224//518 1202//518 1225//518
f 1202//518 1222//518 1225//518
f 1204//518 1202//518 1226//518
f 1202//518 1224//518 1226//518
f 1227//519 1229//520 1228//521
f 1230//522 1232//523 1231//524
f 1233//525 1235//526 1234//527
f 1232//523 1237//528 1236//529
f 1230//522 1231//524 1234//527
f 1237//528 1232//523 1238//530
f 1239//531 1240//532 1237//528
f 1236//529 1231//524 1232//523
f 1239//531 1242//533 1241//534
f 1236//529 1237//528 1240//532
f 1242//533 1244//535 1243//536
f 1240//532 1239//531 1241//534
f 1245//537 1247//538 1246//539
f 1243//536 1241//534 1242//533
f 1248//540 1243//536 1244//535
f 1249//541 1250//542 1244//535
f 1244//535 1250//542 1248//540
f 1251//543 1253//544 1252//545
f 1253//544 1250//542 1249//541
f 1254//546 1255//547 1251//543
f 1252//545 1253//544 1249//541
f 1256//548 1258//549 1257//550
f 1254//546 1251//543 1252//545
f 1255//547 1254//546 1259//551
f 1260//552 1261//553 1259//551
f 1255//547 1259//551 1261//553
f 1262//554 1260//552 1263//555
f 1262//554 1261//553 1260//552
f 1262//554 1263//555 1264//556
f 1264//556 1266//557 1265//558
f 1263//555 1266//557 1264//556
f 1265//558 1268//559 1267//560
f 1269//561 1270//562 1268//559
f 1268//559 1270//562 1267//560
f 1268//559 1265//558 1266//557
f 1271//563 1272//564 1270//562
f 1235//526 1230//522 1234//527
f 1273//565 1275//566 1274//567
f 1271//563 1273//565 1272//564
f 1276//568 1278//569 1277//570
f 1275//566 1273//565 1271//563
f 1279//571 1274//567 1280//572
f 1281//573 1283//574 1282//575
f 1284//576 1285//577 1279//571
f 1284//576 1279//571 1280//572
f 1285//577 1287//578 1286//579
f 1287//578 1285//577 1284//576
f 1281//573 1288//580 1283//574
f 1286//579 1287//578 1282//575
f 1282//575 1283//574 1286//579
f 1274//567 1275//566 1280//572
f 1281//573 1289//581 1288//580
f 1290//582 1289//581 1291//583
f 1292//584 1291//583 1293//585
f 1289//581 1290//582 1288//580
f 1294//586 1292//584 1295//587
f 1296//588 1298//589 1297//590
f 1299//591 1301//592 1300//593
f 1292//584 1293//585 1295//587
f 1302//594 1304//595 1303//596
f 1304//595 1294//586 1295//587
f 1305//597 1307//598 1306//599
f 1303//596 1309//600 1308//601
f 1303//596 1308//601 1302//594
f 1310//602 1309//600 1311//603
f 1309//600 1310//602 1308//601
f 1312//604 1310//602 1311//603
f 1312//604 1311//603 1313//605
f 1313//605 1301//592 1314//606
f 1315//607 1317//608 1316//609
f 1314//606 1312//604 1313//605
f 1300//593 1301//592 1313//605
f 1318//610 1297//590 1298//589
f 1294//586 1304//595 1302//594
f 1293//585 1291//583 1289//581
f 1299//591 1300//593 1298//589
f 1296//588 1299//591 1298//589
f 1319//611 1320//612 1297//590
f 1321//613 1297//590 1322//614
f 1323//615 1321//613 1324//616
f 1320//612 1296//588 1297//590
f 1319//611 1297//590 1321//613
f 1325//617 1319//611 1321//613
f 1323//615 1327//618 1326//619
f 1328//620 1323//615 1326//619
f 1325//617 1321//613 1323//615
f 1329//621 1331//622 1330//623
f 1323//615 1328//620 1325//617
f 1332//624 1334//625 1333//626
f 1328//620 1326//619 1335//627
f 1335//627 1326//619 1333//626
f 1336//628 1333//626 1326//619
f 1333//626 1337//629 1332//624
f 1335//627 1333//626 1334//625
f 1338//630 1339//631 1332//624
f 1340//632 1334//625 1332//624
f 1332//624 1339//631 1340//632
f 1341//633 1342//634 1339//631
f 1343//635 1345//636 1344//637
f 1342//634 1346//638 1339//631
f 1342//634 1348//639 1347//640
f 1339//631 1346//638 1340//632
f 1342//634 1347//640 1349//641
f 1347//640 1351//642 1350//643
f 1342//634 1349//641 1346//638
f 1352//644 1353//645 1350//643
f 1347//640 1350//643 1354//646
f 1347//640 1354//646 1349//641
f 1355//647 1357//648 1356//649
f 1350//643 1359//650 1358//651
f 1354//646 1350//643 1358//651
f 1350//643 1353//645 1359//650
f 1360//652 1353//645 1361//653
f 1362//654 1363//655 1360//652
f 1353//645 1364//656 1359//650
f 1365//657 1367//658 1366//659
f 1360//652 1364//656 1353//645
f 1267//560 1270//562 1272//564
f 1360//652 1368//660 1364//656
f 1369//661 1371//662 1370//663
f 1370//663 1371//662 1372//664
f 1363//655 1373//665 1370//663
f 1370//663 1372//664 1363//655
f 1374//666 1370//663 1373//665
f 1368//660 1363//655 1372//664
f 1375//667 1376//668 1366//659
f 1377//669 1378//670 1374//666
f 1376//668 1374//666 1366//659
f 1360//652 1363//655 1368//660
f 1379//671 1381//672 1380//673
f 1380//673 1381//672 1382//674
f 1381//672 1376//668 1382//674
f 1383//675 1384//676 1233//525
f 1384//676 1235//526 1233//525
f 1385//677 1384//676 1383//675
f 1386//678 1385//677 1387//679
f 1383//675 1387//679 1385//677
f 1387//679 1388//680 1386//678
f 1384//676 1385//677 1389//681
f 1390//682 1388//680 1391//683
f 1388//680 1390//682 1386//678
f 1392//684 1393//685 1391//683
f 1390//682 1391//683 1393//685
f 1392//684 1395//686 1394//687
f 1394//687 1393//685 1392//684
f 1393//685 1394//687 1396//688
f 1395//686 1397//689 1394//687
f 1397//689 1399//690 1398//691
f 1400//692 1401//693 1398//691
f 1395//686 1399//690 1397//689
f 1401//693 1400//692 1402//694
f 1398//691 1399//690 1400//692
f 1403//695 1404//696 1402//694
f 1401//693 1402//694 1404//696
f 1404//696 1403//695 1405//697
f 1405//697 1407//698 1406//699
f 1406//699 1404//696 1405//697
f 1408//700 1407//698 1409//701
f 1406//699 1410//702 1404//696
f 1409//701 1411//703 1408//700
f 1407//698 1408//700 1406//699
f 1411//703 1413//704 1412//705
f 1413//704 1411//703 1409//701
f 1413//704 1414//706 1412//705
f 1414//706 1415//707 1412//705
f 1415//707 1414//706 1416//708
f 1416//708 1417//709 1415//707
f 1418//710 1415//707 1417//709
f 1418//710 1417//709 1419//711
f 1419//711 1420//712 1418//710
f 1421//713 1420//712 1419//711
f 1422//714 1423//715 1421//713
f 1420//712 1421//713 1423//715
f 1422//714 1425//716 1424//717
f 1424//717 1423//715 1422//714
f 1424//717 1427//718 1426//719
f 1427//718 1424//717 1425//716
f 1428//720 1430//721 1429//722
f 1427//718 1431//723 1426//719
f 1432//724 1434//725 1433//726
f 1433//726 1431//723 1432//724
f 1434//725 1436//727 1435//728
f 1431//723 1433//726 1426//719
f 1435//728 1438//729 1437//730
f 1436//727 1434//725 1432//724
f 1439//731 1440//732 1437//730
f 1436//727 1438//729 1435//728
f 1440//732 1439//731 1441//733
f 1435//728 1437//730 1440//732
f 1442//734 1441//733 1443//735
f 1439//731 1443//735 1441//733
f 1442//734 1443//735 1444//736
f 1442//734 1444//736 1445//737
f 1446//738 1445//737 1444//736
f 1445//737 1446//738 1447//739
f 1447//739 1448//740 1445//737
f 1449//741 1448//740 1447//739
f 1450//742 1451//743 1449//741
f 1448//740 1449//741 1451//743
f 1450//742 1453//744 1452//745
f 1452//745 1451//743 1450//742
f 1454//746 1456//747 1455//748
f 1454//746 1452//745 1453//744
f 1457//749 1455//748 1456//747
f 1455//748 1452//745 1454//746
f 1458//750 1459//751 1457//749
f 1457//749 1456//747 1458//750
f 1459//751 1461//752 1460//753
f 1461//752 1459//751 1458//750
f 1460//753 1463//754 1462//755
f 1461//752 1463//754 1460//753
f 1460//753 1462//755 1464//756
f 1462//755 1465//757 1464//756
f 1465//757 1467//758 1466//759
f 1466//759 1464//756 1465//757
f 1464//756 1468//760 1460//753
f 1467//758 1469//761 1466//759
f 1469//761 1467//758 1470//762
f 1470//762 1471//763 1469//761
f 1472//764 1474//765 1473//766
f 1473//766 1471//763 1472//764
f 1474//765 1476//767 1475//768
f 1471//763 1473//766 1469//761
f 1475//768 1478//769 1477//770
f 1476//767 1474//765 1472//764
f 1479//771 1480//772 1477//770
f 1476//767 1478//769 1475//768
f 1475//768 1477//770 1480//772
f 1481//773 1480//772 1479//771
f 1479//771 1482//774 1481//773
f 1482//774 1483//775 1481//773
f 1483//775 1482//774 1484//776
f 1484//776 1485//777 1483//775
f 1486//778 1483//775 1485//777
f 1486//778 1485//777 1487//779
f 1488//780 1490//781 1489//782
f 1487//779 1488//780 1486//778
f 1489//782 1492//783 1491//784
f 1490//781 1488//780 1487//779
f 1493//785 1494//786 1491//784
f 1490//781 1492//783 1489//782
f 1494//786 1493//785 1495//787
f 1489//782 1491//784 1494//786
f 1493//785 1496//788 1495//787
f 1496//788 1497//789 1495//787
f 1496//788 1498//790 1497//789
f 1498//790 1228//521 1497//789
f 1499//791 1229//520 1227//519
f 1500//792 1229//520 1499//791
f 1501//793 1503//794 1502//795
f 1227//519 1504//796 1499//791
f 1503//794 1501//793 1505//797
f 1506//798 1502//795 1503//794
f 1500//792 1508//799 1507//800
f 1228//521 1229//520 1497//789
f 1500//792 1507//800 1229//520
f 1494//786 1495//787 1509//801
f 1497//789 1507//800 1510//802
f 1494//786 1511//803 1489//782
f 1495//787 1510//802 1509//801
f 1488//780 1489//782 1512//804
f 1494//786 1509//801 1511//803
f 1486//778 1488//780 1513//805
f 1489//782 1511//803 1512//804
f 1486//778 1514//806 1483//775
f 1488//780 1512//804 1513//805
f 1481//773 1483//775 1515//807
f 1486//778 1513//805 1514//806
f 1480//772 1481//773 1516//808
f 1483//775 1514//806 1515//807
f 1475//768 1480//772 1517//809
f 1481//773 1515//807 1516//808
f 1474//765 1475//768 1518//810
f 1480//772 1516//808 1517//809
f 1473//766 1474//765 1519//811
f 1475//768 1517//809 1518//810
f 1469//761 1473//766 1520//812
f 1474//765 1518//810 1519//811
f 1466//759 1469//761 1521//813
f 1473//766 1519//811 1520//812
f 1464//756 1466//759 1522//814
f 1520//812 1521//813 1469//761
f 1523//815 1525//816 1524//817
f 1521//813 1522//814 1466//759
f 1460//753 1523//815 1459//751
f 1522//814 1468//760 1464//756
f 1459//751 1526//818 1457//749
f 1468//760 1523//815 1460//753
f 1457//749 1527//819 1455//748
f 1523//815 1526//818 1459//751
f 1455//748 1528//820 1452//745
f 1457//749 1526//818 1527//819
f 1452//745 1529//821 1451//743
f 1455//748 1527//819 1528//820
f 1451//743 1530//822 1448//740
f 1452//745 1528//820 1529//821
f 1448//740 1531//823 1445//737
f 1451//743 1529//821 1530//822
f 1442//734 1445//737 1532//824
f 1448//740 1530//822 1531//823
f 1441//733 1442//734 1533//825
f 1445//737 1531//823 1532//824
f 1441//733 1534//826 1440//732
f 1442//734 1532//824 1533//825
f 1440//732 1535//827 1435//728
f 1441//733 1533//825 1534//826
f 1434//725 1435//728 1536//828
f 1440//732 1534//826 1535//827
f 1433//726 1434//725 1537//829
f 1435//728 1535//827 1536//828
f 1426//719 1433//726 1538//830
f 1434//725 1536//828 1537//829
f 1424//717 1426//719 1539//831
f 1537//829 1538//830 1433//726
f 1424//717 1429//722 1423//715
f 1538//830 1539//831 1426//719
f 1423//715 1540//832 1420//712
f 1539//831 1429//722 1424//717
f 1420//712 1541//833 1418//710
f 1429//722 1540//832 1423//715
f 1415//707 1418//710 1542//834
f 1420//712 1540//832 1541//833
f 1412//705 1415//707 1543//835
f 1418//710 1541//833 1542//834
f 1411//703 1412//705 1544//836
f 1415//707 1542//834 1543//835
f 1411//703 1545//837 1408//700
f 1412//705 1543//835 1544//836
f 1408//700 1546//838 1406//699
f 1411//703 1544//836 1545//837
f 1547//839 1548//840 1410//702
f 1545//837 1546//838 1408//700
f 1404//696 1549//841 1401//693
f 1546//838 1410//702 1406//699
f 1401//693 1550//842 1398//691
f 1404//696 1410//702 1549//841
f 1397//689 1398//691 1551//843
f 1401//693 1549//841 1550//842
f 1394//687 1397//689 1552//844
f 1398//691 1550//842 1551//843
f 1553//845 1554//846 1396//688
f 1551//843 1552//844 1397//689
f 1393//685 1555//847 1390//682
f 1552//844 1396//688 1394//687
f 1390//682 1556//848 1386//678
f 1393//685 1396//688 1555//847
f 1386//678 1557//849 1385//677
f 1390//682 1555//847 1556//848
f 1558//850 1559//851 1389//681
f 1556//848 1557//849 1386//678
f 1384//676 1560//852 1235//526
f 1557//849 1389//681 1385//677
f 1235//526 1561//853 1230//522
f 1384//676 1389//681 1560//852
f 1230//522 1562//854 1232//523
f 1235//526 1560//852 1561//853
f 1563//855 1564//856 1238//530
f 1561//853 1562//854 1230//522
f 1239//531 1237//528 1565//857
f 1562//854 1238//530 1232//523
f 1242//533 1239//531 1566//858
f 1237//528 1238//530 1565//857
f 1244//535 1242//533 1567//859
f 1239//531 1565//857 1566//858
f 1249//541 1244//535 1568//860
f 1566//858 1567//859 1242//533
f 1249//541 1245//537 1252//545
f 1567//859 1568//860 1244//535
f 1254//546 1252//545 1569//861
f 1249//541 1568//860 1245//537
f 1259//551 1254//546 1570//862
f 1252//545 1245//537 1569//861
f 1260//552 1259//551 1571//863
f 1569//861 1570//862 1254//546
f 1260//552 1256//548 1263//555
f 1570//862 1571//863 1259//551
f 1263//555 1572//864 1266//557
f 1260//552 1571//863 1256//548
f 1268//559 1266//557 1573//865
f 1263//555 1256//548 1572//864
f 1574//866 1575//867 1269//561
f 1572//864 1573//865 1266//557
f 1270//562 1576//868 1271//563
f 1573//865 1269//561 1268//559
f 1271//563 1577//869 1275//566
f 1270//562 1269//561 1576//868
f 1280//572 1275//566 1578//870
f 1576//868 1577//869 1271//563
f 1280//572 1277//570 1284//576
f 1577//869 1578//870 1275//566
f 1284//576 1579//871 1287//578
f 1578//870 1277//570 1280//572
f 1287//578 1580//872 1282//575
f 1284//576 1277//570 1579//871
f 1281//573 1282//575 1581//873
f 1287//578 1579//871 1580//872
f 1289//581 1281//573 1582//874
f 1282//575 1580//872 1581//873
f 1293//585 1289//581 1583//875
f 1281//573 1581//873 1582//874
f 1295//587 1293//585 1584//876
f 1289//581 1582//874 1583//875
f 1304//595 1295//587 1585//877
f 1293//585 1583//875 1584//876
f 1303//596 1304//595 1586//878
f 1295//587 1584//876 1585//877
f 1309//600 1303//596 1587//879
f 1585//877 1586//878 1304//595
f 1309//600 1306//599 1311//603
f 1586//878 1587//879 1303//596
f 1311//603 1588//880 1313//605
f 1587//879 1306//599 1309//600
f 1300//593 1313//605 1589//881
f 1306//599 1588//880 1311//603
f 1300//593 1316//609 1298//589
f 1588//880 1589//881 1313//605
f 1317//608 1590//882 1318//610
f 1589//881 1316//609 1300//593
f 1322//614 1590//882 1591//883
f 1316//609 1318//610 1298//589
f 1324//616 1591//883 1592//884
f 1318//610 1322//614 1297//590
f 1593//885 1331//622 1592//884
f 1324//616 1321//613 1322//614
f 1331//622 1329//621 1336//628
f 1327//618 1323//615 1324//616
f 1329//621 1594//886 1337//629
f 1327//618 1336//628 1326//619
f 1595//887 1345//636 1594//886
f 1337//629 1333//626 1336//628
f 1345//636 1343//635 1341//633
f 1338//630 1332//624 1337//629
f 1348//639 1343//635 1596//888
f 1341//633 1339//631 1338//630
f 1351//642 1596//888 1597//889
f 1341//633 1348//639 1342//634
f 1598//890 1357//648 1597//889
f 1351//642 1347//640 1348//639
f 1361//653 1357//648 1355//647
f 1352//644 1350//643 1351//642
f 1365//657 1355//647 1599//891
f 1361//653 1353//645 1352//644
f 1365//657 1366//659 1373//665
f 1362//654 1360//652 1361//653
f 1362//654 1373//665 1363//655
f 1378//670 1370//663 1374//666
f 1370//663 1378//670 1369//661
f 1229//520 1507//800 1497//789
f 1501//793 1508//799 1505//797
f 1600//892 1502//795 1506//798
f 1497//789 1510//802 1495//787
f 1502//795 1510//802 1501//793
f 1601//893 1600//892 1602//894
f 1600//892 1509//801 1502//795
f 1603//895 1601//893 1604//896
f 1601//893 1511//803 1600//892
f 1605//897 1603//895 1606//898
f 1603//895 1512//804 1601//893
f 1607//899 1605//897 1608//900
f 1605//897 1513//805 1603//895
f 1609//901 1607//899 1610//902
f 1607//899 1514//806 1605//897
f 1611//903 1609//901 1612//904
f 1609//901 1515//807 1607//899
f 1613//905 1611//903 1614//906
f 1611//903 1516//808 1609//901
f 1615//907 1613//905 1616//908
f 1613//905 1517//809 1611//903
f 1617//909 1615//907 1618//910
f 1615//907 1518//810 1613//905
f 1619//911 1617//909 1620//912
f 1617//909 1519//811 1615//907
f 1621//913 1622//914 1619//911
f 1619//911 1520//812 1617//909
f 1623//915 1624//916 1622//914
f 1622//914 1521//813 1619//911
f 1625//917 1525//816 1624//916
f 1624//916 1522//814 1622//914
f 1468//760 1624//916 1525//816
f 1523//815 1468//760 1525//816
f 1626//918 1526//818 1524//817
f 1526//818 1523//815 1524//817
f 1626//918 1627//919 1527//819
f 1527//819 1526//818 1626//918
f 1627//919 1628//920 1528//820
f 1528//820 1527//819 1627//919
f 1628//920 1629//921 1529//821
f 1529//821 1528//820 1628//920
f 1629//921 1630//922 1530//822
f 1530//822 1529//821 1629//921
f 1630//922 1631//923 1531//823
f 1531//823 1530//822 1630//922
f 1631//923 1632//924 1532//824
f 1532//824 1531//823 1631//923
f 1632//924 1633//925 1533//825
f 1533//825 1532//824 1632//924
f 1633//925 1634//926 1534//826
f 1534//826 1533//825 1633//925
f 1634//926 1635//927 1535//827
f 1535//827 1534//826 1634//926
f 1636//928 1635//927 1637//929
f 1536//828 1535//827 1635//927
f 1638//930 1636//928 1639//931
f 1636//928 1536//828 1635//927
f 1640//932 1638//930 1641//933
f 1638//930 1537//829 1636//928
f 1642//934 1428//720 1640//932
f 1640//932 1538//830 1638//930
f 1643//935 1430//721 1428//720
f 1539//831 1640//932 1428//720
f 1644//936 1540//832 1430//721
f 1540//832 1429//722 1430//721
f 1644//936 1645//937 1541//833
f 1541//833 1540//832 1644//936
f 1645//937 1646//938 1542//834
f 1542//834 1541//833 1645//937
f 1646//938 1647//939 1543//835
f 1543//835 1542//834 1646//938
f 1647//939 1648//940 1544//836
f 1544//836 1543//835 1647//939
f 1649//941 1648//940 1650//942
f 1545//837 1544//836 1648//940
f 1547//839 1649//941 1651//943
f 1649//941 1545//837 1648//940
f 1652//944 1548//840 1547//839
f 1546//838 1649//941 1547//839
f 1548//840 1653//945 1549//841
f 1549//841 1410//702 1548//840
f 1653//945 1654//946 1550//842
f 1550//842 1549//841 1653//945
f 1654//946 1655//947 1551//843
f 1551//843 1550//842 1654//946
f 1553//845 1655//947 1656//948
f 1552//844 1551//843 1655//947
f 1657//949 1554//846 1553//845
f 1552//844 1655//947 1553//845
f 1554//846 1658//950 1555//847
f 1555//847 1396//688 1554//846
f 1658//950 1659//951 1556//848
f 1556//848 1555//847 1658//950
f 1558//850 1659//951 1660//952
f 1557//849 1556//848 1659//951
f 1661//953 1559//851 1558//850
f 1557//849 1659//951 1558//850
f 1559//851 1662//954 1560//852
f 1560//852 1389//681 1559//851
f 1662//954 1663//955 1561//853
f 1561//853 1560//852 1662//954
f 1563//855 1663//955 1664//956
f 1562//854 1561//853 1663//955
f 1665//957 1564//856 1563//855
f 1562//854 1663//955 1563//855
f 1564//856 1666//958 1565//857
f 1565//857 1238//530 1564//856
f 1666//958 1667//959 1566//858
f 1566//858 1565//857 1666//958
f 1667//959 1668//960 1567//859
f 1567//859 1566//858 1667//959
f 1247//538 1668//960 1669//961
f 1568//860 1567//859 1668//960
f 1670//962 1246//539 1247//538
f 1568//860 1668//960 1247//538
f 1246//539 1671//963 1569//861
f 1569//861 1245//537 1246//539
f 1671//963 1672//964 1570//862
f 1570//862 1569//861 1671//963
f 1258//549 1672//964 1673//965
f 1571//863 1570//862 1672//964
f 1674//966 1257//550 1258//549
f 1571//863 1672//964 1258//549
f 1257//550 1675//967 1572//864
f 1572//864 1256//548 1257//550
f 1574//866 1675//967 1676//968
f 1573//865 1572//864 1675//967
f 1575//867 1574//866 1677//969
f 1573//865 1675//967 1574//866
f 1575//867 1678//970 1576//868
f 1576//868 1269//561 1575//867
f 1678//970 1679//971 1577//869
f 1577//869 1576//868 1678//970
f 1276//568 1679//971 1680//972
f 1578//870 1577//869 1679//971
f 1681//973 1278//569 1276//568
f 1578//870 1679//971 1276//568
f 1278//569 1682//974 1579//871
f 1579//871 1277//570 1278//569
f 1682//974 1683//975 1580//872
f 1580//872 1579//871 1682//974
f 1683//975 1684//976 1581//873
f 1581//873 1580//872 1683//975
f 1684//976 1685//977 1582//874
f 1582//874 1581//873 1684//976
f 1686//978 1685//977 1687//979
f 1583//875 1582//874 1685//977
f 1688//980 1686//978 1689//981
f 1686//978 1583//875 1685//977
f 1690//982 1688//980 1691//983
f 1688//980 1584//876 1686//978
f 1692//984 1690//982 1693//985
f 1690//982 1585//877 1688//980
f 1305//597 1692//984 1694//986
f 1692//984 1586//878 1690//982
f 1695//987 1307//598 1305//597
f 1587//879 1692//984 1305//597
f 1307//598 1696//988 1588//880
f 1588//880 1306//599 1307//598
f 1315//607 1696//988 1697//989
f 1589//881 1588//880 1696//988
f 1589//881 1696//988 1315//607
f 1316//609 1589//881 1315//607
f 1590//882 1317//608 1698//990
f 1316//609 1317//608 1318//610
f 1591//883 1590//882 1699//991
f 1318//610 1590//882 1322//614
f 1700//992 1592//884 1701//993
f 1322//614 1591//883 1324//616
f 1702//994 1331//622 1593//885
f 1324//616 1592//884 1327//618
f 1327//618 1592//884 1331//622
f 1327//618 1331//622 1336//628
f 1594//886 1329//621 1703//995
f 1336//628 1329//621 1337//629
f 1704//996 1345//636 1595//887
f 1337//629 1594//886 1338//630
f 1705//997 1343//635 1344//637
f 1594//886 1345//636 1338//630
f 1596//888 1343//635 1706//998
f 1341//633 1343//635 1348//639
f 1597//889 1596//888 1707//999
f 1348//639 1596//888 1351//642
f 1708//1000 1357//648 1598//890
f 1351//642 1597//889 1352//644
f 1352//644 1597//889 1357//648
f 1352//644 1357//648 1361//653
f 1709//1001 1365//657 1710//1002
f 1361//653 1355//647 1362//654
f 1362//654 1355//647 1365//657
f 1362//654 1365//657 1373//665
f 1376//668 1375//667 1711//1003
f 1373//665 1366//659 1374//666
f 1377//669 1374//666 1376//668
f 1510//802 1507//800 1501//793
f 1508//799 1501//793 1507//800
f 1600//892 1506//798 1602//894
f 1509//801 1510//802 1502//795
f 1601//893 1602//894 1604//896
f 1511//803 1509//801 1600//892
f 1603//895 1604//896 1606//898
f 1512//804 1511//803 1601//893
f 1605//897 1606//898 1608//900
f 1513//805 1512//804 1603//895
f 1607//899 1608//900 1610//902
f 1514//806 1513//805 1605//897
f 1609//901 1610//902 1612//904
f 1515//807 1514//806 1607//899
f 1611//903 1612//904 1614//906
f 1516//808 1515//807 1609//901
f 1613//905 1614//906 1616//908
f 1517//809 1516//808 1611//903
f 1615//907 1616//908 1618//910
f 1518//810 1517//809 1613//905
f 1617//909 1618//910 1620//912
f 1519//811 1518//810 1615//907
f 1619//911 1620//912 1712//1004
f 1520//812 1519//811 1617//909
f 1621//913 1619//911 1712//1004
f 1521//813 1520//812 1619//911
f 1623//915 1622//914 1621//913
f 1522//814 1521//813 1622//914
f 1625//917 1624//916 1623//915
f 1468//760 1522//814 1624//916
f 1625//917 1713//1005 1525//816
f 1525//816 1713//1005 1524//817
f 1713//1005 1714//1006 1524//817
f 1524//817 1714//1006 1626//918
f 1714//1006 1715//1007 1626//918
f 1626//918 1715//1007 1627//919
f 1715//1007 1716//1008 1627//919
f 1627//919 1716//1008 1628//920
f 1716//1008 1717//1009 1628//920
f 1628//920 1717//1009 1629//921
f 1717//1009 1718//1010 1629//921
f 1718//1010 1719//1011 1630//922
f 1718//1010 1630//922 1629//921
f 1719//1011 1720//1012 1631//923
f 1719//1011 1631//923 1630//922
f 1720//1012 1721//1013 1632//924
f 1720//1012 1632//924 1631//923
f 1721//1013 1722//1014 1633//925
f 1721//1013 1633//925 1632//924
f 1722//1014 1723//1015 1634//926
f 1722//1014 1634//926 1633//925
f 1723//1015 1637//929 1635//927
f 1723//1015 1635//927 1634//926
f 1637//929 1639//931 1636//928
f 1638//930 1639//931 1641//933
f 1537//829 1536//828 1636//928
f 1640//932 1641//933 1724//1016
f 1538//830 1537//829 1638//930
f 1642//934 1640//932 1724//1016
f 1539//831 1538//830 1640//932
f 1643//935 1428//720 1642//934
f 1429//722 1539//831 1428//720
f 1643//935 1725//1017 1430//721
f 1430//721 1725//1017 1644//936
f 1725//1017 1726//1018 1644//936
f 1644//936 1726//1018 1645//937
f 1726//1018 1727//1019 1645//937
f 1727//1019 1728//1020 1646//938
f 1727//1019 1646//938 1645//937
f 1728//1020 1729//1021 1647//939
f 1728//1020 1647//939 1646//938
f 1729//1021 1650//942 1648//940
f 1729//1021 1648//940 1647//939
f 1650//942 1651//943 1649//941
f 1547//839 1651//943 1730//1022
f 1546//838 1545//837 1649//941
f 1652//944 1547//839 1730//1022
f 1410//702 1546//838 1547//839
f 1652//944 1731//1023 1548//840
f 1548//840 1731//1023 1653//945
f 1731//1023 1732//1024 1653//945
f 1732//1024 1733//1025 1654//946
f 1732//1024 1654//946 1653//945
f 1733//1025 1656//948 1655//947
f 1733//1025 1655//947 1654//946
f 1656//948 1734//1026 1553//845
f 1657//949 1553//845 1734//1026
f 1396//688 1552//844 1553//845
f 1657//949 1735//1027 1554//846
f 1554//846 1735//1027 1658//950
f 1735//1027 1736//1028 1658//950
f 1736//1028 1660//952 1659//951
f 1736//1028 1659//951 1658//950
f 1660//952 1737//1029 1558//850
f 1661//953 1558//850 1737//1029
f 1389//681 1557//849 1558//850
f 1661//953 1738//1030 1559//851
f 1559//851 1738//1030 1662//954
f 1738//1030 1739//1031 1662//954
f 1739//1031 1664//956 1663//955
f 1739//1031 1663//955 1662//954
f 1664//956 1740//1032 1563//855
f 1665//957 1563//855 1740//1032
f 1238//530 1562//854 1563//855
f 1665//957 1741//1033 1564//856
f 1564//856 1741//1033 1666//958
f 1741//1033 1742//1034 1666//958
f 1742//1034 1743//1035 1667//959
f 1742//1034 1667//959 1666//958
f 1743//1035 1669//961 1668//960
f 1743//1035 1668//960 1667//959
f 1669//961 1744//1036 1247//538
f 1670//962 1247//538 1744//1036
f 1245//537 1568//860 1247//538
f 1670//962 1745//1037 1246//539
f 1745//1037 1746//1038 1671//963
f 1745//1037 1671//963 1246//539
f 1746//1038 1673//965 1672//964
f 1746//1038 1672//964 1671//963
f 1673//965 1747//1039 1258//549
f 1674//966 1258//549 1747//1039
f 1256//548 1571//863 1258//549
f 1674//966 1748//1040 1257//550
f 1748//1040 1676//968 1675//967
f 1748//1040 1675//967 1257//550
f 1676//968 1677//969 1574//866
f 1575//867 1677//969 1749//1041
f 1269//561 1573//865 1574//866
f 1749//1041 1750//1042 1575//867
f 1575//867 1750//1042 1678//970
f 1750//1042 1751//1043 1678//970
f 1751//1043 1680//972 1679//971
f 1751//1043 1679//971 1678//970
f 1680//972 1752//1044 1276//568
f 1681//973 1276//568 1752//1044
f 1277//570 1578//870 1276//568
f 1681//973 1753//1045 1278//569
f 1278//569 1753//1045 1682//974
f 1753//1045 1754//1046 1682//974
f 1754//1046 1755//1047 1683//975
f 1754//1046 1683//975 1682//974
f 1755//1047 1756//1048 1684//976
f 1755//1047 1684//976 1683//975
f 1756//1048 1687//979 1685//977
f 1756//1048 1685//977 1684//976
f 1687//979 1689//981 1686//978
f 1688//980 1689//981 1691//983
f 1584//876 1583//875 1686//978
f 1690//982 1691//983 1693//985
f 1585//877 1584//876 1688//980
f 1692//984 1693//985 1694//986
f 1586//878 1585//877 1690//982
f 1305//597 1694//986 1757//1049
f 1587//879 1586//878 1692//984
f 1695//987 1305//597 1757//1049
f 1306//599 1587//879 1305//597
f 1695//987 1758//1050 1307//598
f 1758//1050 1697//989 1696//988
f 1758//1050 1696//988 1307//598
f 1697//989 1759//1051 1315//607
f 1759//1051 1760//1052 1315//607
f 1760//1052 1698//990 1317//608
f 1760//1052 1317//608 1315//607
f 1698//990 1761//1053 1590//882
f 1761//1053 1699//991 1590//882
f 1699//991 1762//1054 1591//883
f 1762//1054 1763//1055 1591//883
f 1763//1055 1701//993 1592//884
f 1592//884 1591//883 1763//1055
f 1592//884 1700//992 1593//885
f 1702//994 1330//623 1331//622
f 1330//623 1764//1056 1329//621
f 1764//1056 1703//995 1329//621
f 1703//995 1765//1057 1594//886
f 1765//1057 1766//1058 1594//886
f 1594//886 1766//1058 1595//887
f 1344//637 1345//636 1704//996
f 1341//633 1338//630 1345//636
f 1705//997 1706//998 1343//635
f 1706//998 1767//1059 1596//888
f 1767//1059 1707//999 1596//888
f 1707//999 1768//1060 1597//889
f 1768//1060 1769//1061 1597//889
f 1597//889 1769//1061 1598//890
f 1708//1000 1356//649 1357//648
f 1356//649 1770//1062 1355//647
f 1770//1062 1599//891 1355//647
f 1599//891 1710//1002 1365//657
f 1709//1001 1367//658 1365//657
f 1367//658 1771//1063 1366//659
f 1771//1063 1772//1064 1366//659
f 1366//659 1772//1064 1375//667
f 1382//674 1376//668 1711//1003
f 1377//669 1376//668 1381//672
f 1773//1065 1775//1066 1774//1067
f 1776//1068 1778//1069 1777//1070
f 1779//1071 1778//1069 1780//1072
f 1777//1070 1781//1073 1776//1068
f 1782//1074 1781//1073 1783//1075
f 1777//1070 1783//1075 1781//1073
f 1784//1076 1782//1074 1785//1077
f 1780//1072 1778//1069 1776//1068
f 1786//1078 1788//1079 1787//1080
f 1783//1075 1785//1077 1782//1074
f 1784//1076 1785//1077 1789//1081
f 1790//1082 1789//1081 1791//1083
f 1784//1076 1789//1081 1790//1082
f 1791//1083 1789//1081 1792//1084
f 1793//1085 1794//1086 1792//1084
f 1792//1084 1794//1086 1791//1083
f 1795//1087 1794//1086 1793//1085
f 1796//1088 1798//1089 1797//1090
f 1799//1091 1801//1092 1800//1093
f 1793//1085 1802//1094 1795//1087
f 1803//1095 1802//1094 1800//1093
f 1804//1096 1806//1097 1805//1098
f 1795//1087 1802//1094 1803//1095
f 1801//1092 1808//1099 1807//1100
f 1809//1101 1811//1102 1810//1103
f 1812//1104 1814//1105 1813//1106
f 1815//1107 1807//1100 1816//1108
f 1816//1108 1807//1100 1808//1099
f 1813//1106 1815//1107 1816//1108
f 1814//1105 1818//1109 1817//1110
f 1808//1099 1801//1092 1799//1091
f 1812//1104 1813//1106 1816//1108
f 1812//1104 1818//1109 1814//1105
f 1819//1111 1821//1112 1820//1113
f 1822//1114 1824//1115 1823//1116
f 1824//1115 1822//1114 1819//1111
f 1821//1112 1817//1110 1818//1109
f 1824//1115 1819//1111 1820//1113
f 1822//1114 1823//1116 1825//1117
f 1821//1112 1818//1109 1820//1113
f 1825//1117 1806//1097 1804//1096
f 1826//1118 1828//1119 1827//1120
f 1823//1116 1830//1121 1829//1122
f 1806//1097 1825//1117 1823//1116
f 1831//1123 1805//1098 1806//1097
f 1832//1124 1834//1125 1833//1126
f 1835//1127 1837//1128 1836//1129
f 1805//1098 1831//1123 1837//1128
f 1828//1119 1835//1127 1827//1120
f 1827//1120 1835//1127 1836//1129
f 1836//1129 1837//1128 1831//1123
f 1826//1118 1838//1130 1828//1119
f 1826//1118 1839//1131 1838//1130
f 1800//1093 1802//1094 1799//1091
f 1840//1132 1839//1131 1841//1133
f 1841//1133 1842//1134 1840//1132
f 1841//1133 1843//1135 1842//1134
f 1838//1130 1839//1131 1840//1132
f 1844//1136 1842//1134 1843//1135
f 1845//1137 1843//1135 1846//1138
f 1846//1138 1847//1139 1845//1137
f 1848//1140 1847//1139 1846//1138
f 1845//1137 1844//1136 1843//1135
f 1849//1141 1851//1142 1850//1143
f 1852//1144 1778//1069 1779//1071
f 1848//1140 1849//1141 1850//1143
f 1848//1140 1850//1143 1853//1145
f 1854//1146 1851//1142 1855//1147
f 1855//1147 1851//1142 1849//1141
f 1856//1148 1858//1149 1857//1150
f 1855//1147 1859//1151 1854//1146
f 1859//1151 1855//1147 1860//1152
f 1861//1153 1862//1154 1857//1150
f 1863//1155 1859//1151 1860//1152
f 1864//1156 1866//1157 1865//1158
f 1867//1159 1869//1160 1868//1161
f 1870//1162 1860//1152 1871//1163
f 1871//1163 1872//1164 1870//1162
f 1871//1163 1874//1165 1873//1166
f 1871//1163 1873//1166 1872//1164
f 1860//1152 1870//1162 1863//1155
f 1874//1165 1871//1163 1875//1167
f 1875//1167 1876//1168 1874//1165
f 1877//1169 1865//1158 1878//1170
f 1875//1167 1879//1171 1876//1168
f 1880//1172 1882//1173 1881//1174
f 1883//1175 1877//1169 1884//1176
f 1885//1177 1887//1178 1886//1179
f 1879//1171 1875//1167 1882//1173
f 1848//1140 1853//1145 1847//1139
f 1880//1172 1879//1171 1882//1173
f 1885//1177 1886//1179 1883//1175
f 1888//1180 1890//1181 1889//1182
f 1882//1173 1892//1183 1891//1184
f 1892//1183 1894//1185 1893//1186
f 1895//1187 1894//1185 1892//1183
f 1896//1188 1898//1189 1897//1190
f 1899//1191 1894//1185 1895//1187
f 1898//1189 1896//1188 1886//1179
f 1900//1192 1899//1191 1895//1187
f 1901//1193 1903//1194 1902//1195
f 1904//1196 1900//1192 1895//1187
f 1905//1197 1900//1192 1904//1196
f 1905//1197 1904//1196 1906//1198
f 1907//1199 1906//1198 1904//1196
f 1891//1184 1892//1183 1893//1186
f 1901//1193 1908//1200 1888//1180
f 1907//1199 1904//1196 1909//1201
f 1910//1202 1911//1203 1909//1201
f 1909//1201 1911//1203 1907//1199
f 1910//1202 1909//1201 1912//1204
f 1913//1205 1914//1206 1912//1204
f 1915//1207 1917//1208 1916//1209
f 1914//1206 1910//1202 1912//1204
f 1918//1210 1920//1211 1919//1212
f 1912//1204 1921//1213 1913//1205
f 1922//1214 1921//1213 1912//1204
f 1889//1182 1915//1207 1916//1209
f 1923//1215 1921//1213 1922//1214
f 1924//1216 1926//1217 1925//1218
f 1925//1218 1918//1210 1924//1216
f 1927//1219 1929//1220 1928//1221
f 1930//1222 1931//1223 1922//1214
f 1931//1223 1930//1222 1932//1224
f 1933//1225 1930//1222 1934//1226
f 1933//1225 1932//1224 1930//1222
f 1881//1174 1882//1173 1891//1184
f 1931//1223 1923//1215 1922//1214
f 1935//1227 1937//1228 1936//1229
f 1938//1230 1940//1231 1939//1232
f 1936//1229 1934//1226 1935//1227
f 1941//1233 1943//1234 1942//1235
f 1935//1227 1944//1236 1937//1228
f 1942//1235 1944//1236 1941//1233
f 1944//1236 1935//1227 1941//1233
f 1945//1237 1947//1238 1946//1239
f 1940//1231 1938//1230 1948//1240
f 1949//1241 1943//1234 1941//1233
f 1950//1242 1949//1241 1951//1243
f 1940//1231 1952//1244 1947//1238
f 1949//1241 1950//1242 1943//1234
f 1953//1245 1951//1243 1949//1241
f 1940//1231 1947//1238 1949//1241
f 1954//1246 1955//1247 1947//1238
f 1956//1248 1946//1239 1947//1238
f 1954//1246 1947//1238 1952//1244
f 1934//1226 1930//1222 1935//1227
f 1946//1239 1956//1248 1957//1249
f 1958//1250 1946//1239 1959//1251
f 1957//1249 1959//1251 1946//1239
f 1960//1252 1852//1144 1961//1253
f 1961//1253 1852//1144 1779//1071
f 1960//1252 1963//1254 1962//1255
f 1964//1256 1966//1257 1965//1258
f 1967//1259 1962//1255 1968//1260
f 1963//1254 1960//1252 1961//1253
f 1967//1259 1969//1261 1962//1255
f 1969//1261 1971//1262 1970//1263
f 1972//1264 1969//1261 1967//1259
f 1973//1265 1969//1261 1972//1264
f 1972//1264 1974//1266 1973//1265
f 1974//1266 1975//1267 1973//1265
f 1976//1268 1975//1267 1977//1269
f 1975//1267 1974//1266 1977//1269
f 1978//1270 1980//1271 1979//1272
f 1981//1273 1975//1267 1976//1268
f 1976//1268 1982//1274 1981//1273
f 1982//1274 1983//1275 1981//1273
f 1983//1275 1982//1274 1984//1276
f 1983//1275 1984//1276 1985//1277
f 1985//1277 1987//1278 1986//1279
f 1987//1278 1985//1277 1984//1276
f 1988//1280 1990//1281 1989//1282
f 1987//1278 1991//1283 1986//1279
f 1986//1279 1991//1283 1992//1284
f 1986//1279 1992//1284 1993//1285
f 1994//1286 1993//1285 1992//1284
f 1995//1287 1993//1285 1994//1286
f 1996//1288 1995//1287 1997//1289
f 1998//1290 2000//1291 1999//1292
f 1997//1289 2001//1293 1996//1288
f 1994//1286 1997//1289 1995//1287
f 1996//1288 2003//1294 2002//1295
f 2003//1294 1996//1288 2001//1293
f 2004//1296 2002//1295 2005//1297
f 2006//1298 2008//1299 2007//1300
f 2005//1297 2009//1301 2004//1296
f 2003//1294 2005//1297 2002//1295
f 2010//1302 2012//1303 2011//1304
f 2009//1301 2013//1305 2004//1296
f 2013//1305 2009//1301 2014//1306
f 2013//1305 2014//1306 2015//1307
f 2015//1307 2017//1308 2016//1309
f 2017//1308 2015//1307 2014//1306
f 2018//1310 2016//1309 2017//1308
f 2019//1311 2021//1312 2020//1313
f 2022//1314 2023//1315 2016//1309
f 2016//1309 2018//1310 2022//1314
f 2023//1315 2025//1316 2024//1317
f 2026//1318 2027//1319 2021//1312
f 2028//1320 2024//1317 2025//1316
f 2025//1316 2023//1315 2022//1314
f 2029//1321 2031//1322 2030//1323
f 2032//1324 2024//1317 2028//1320
f 2028//1320 2033//1325 2032//1324
f 2033//1325 2034//1326 2032//1324
f 2035//1327 2036//1328 2034//1326
f 2034//1326 2033//1325 2035//1327
f 2036//1328 2038//1329 2037//1330
f 2039//1331 2041//1332 2040//1333
f 2042//1334 2037//1330 2038//1329
f 2038//1329 2036//1328 2035//1327
f 2043//1335 2045//1336 2044//1337
f 2044//1337 2037//1330 2042//1334
f 2044//1337 2047//1338 2046//1339
f 2042//1334 2047//1338 2044//1337
f 2043//1335 2048//1340 2045//1336
f 2044//1337 2046//1339 2049//1341
f 2049//1341 2051//1342 2050//1343
f 2051//1342 2049//1341 2046//1339
f 2052//1344 2050//1343 2053//1345
f 2051//1342 2053//1345 2050//1343
f 2054//1346 2055//1347 2052//1344
f 2056//1348 2058//1349 2057//1350
f 2055//1347 2054//1346 2059//1351
f 2052//1344 2053//1345 2054//1346
f 2060//1352 2062//1353 2061//1354
f 2055//1347 2059//1351 2063//1355
f 2064//1356 2063//1355 2059//1351
f 2065//1357 2063//1355 2064//1356
f 2066//1358 2065//1357 2067//1359
f 2068//1360 2061//1354 2069//1361
f 2067//1359 2070//1362 2066//1358
f 2064//1356 2067//1359 2065//1357
f 2071//1363 2070//1362 2072//1364
f 2070//1362 2071//1363 2066//1358
f 2073//1365 2071//1363 2072//1364
f 2074//1366 2076//1367 2075//1368
f 2073//1365 2078//1369 2077//1370
f 2077//1370 2071//1363 2073//1365
f 2079//1371 2081//1372 2080//1373
f 2078//1369 2082//1374 2077//1370
f 2083//1375 2084//1376 2082//1374
f 2082//1374 2078//1369 2083//1375
f 2084//1376 2086//1377 2085//1378
f 2086//1377 2084//1376 2083//1375
f 2087//1379 2085//1378 2086//1377
f 2088//1380 2090//1381 2089//1382
f 2088//1380 2092//1383 2091//1384
f 2093//1385 2085//1378 2087//1379
f 2087//1379 2094//1386 2093//1385
f 2094//1386 2095//1387 2093//1385
f 2095//1387 2094//1386 2096//1388
f 2095//1387 2096//1388 2097//1389
f 2097//1389 2099//1390 2098//1391
f 2100//1392 2102//1393 2101//1394
f 2103//1395 2104//1396 2098//1391
f 2099//1390 2097//1389 2096//1388
f 2105//1397 2107//1398 2106//1399
f 2104//1396 2108//1400 2106//1399
f 2109//1401 2110//1402 2108//1400
f 2104//1396 2111//1403 2109//1401
f 2112//1404 2113//1405 2109//1401
f 2109//1401 2111//1403 2112//1404
f 2108//1400 2110//1402 2114//1406
f 2115//1407 2113//1405 2112//1404
f 2116//1408 2113//1405 2117//1409
f 2115//1407 2117//1409 2113//1405
f 2118//1410 2119//1411 2116//1408
f 2116//1408 2117//1409 2118//1410
f 2119//1411 2118//1410 2120//1412
f 2121//1413 2123//1414 2122//1415
f 2124//1416 2125//1417 2120//1412
f 2119//1411 2120//1412 2125//1417
f 2126//1418 2128//1419 2127//1420
f 2129//1421 2125//1417 2124//1416
f 2124//1416 2130//1422 2129//1421
f 2130//1422 2131//1423 2129//1421
f 2132//1424 1774//1067 2131//1423
f 2131//1423 2130//1422 2132//1424
f 1774//1067 2132//1424 1773//1065
f 1775//1066 2133//1425 1774//1067
f 1773//1065 2134//1426 1775//1066
f 2135//1427 2137//1428 2136//1429
f 2135//1427 2133//1425 2137//1428
f 2135//1427 2136//1429 2138//1430
f 2138//1430 2136//1429 2139//1431
f 2128//1419 2126//1418 2140//1432
f 2138//1430 2131//1423 2135//1427
f 2140//1432 2126//1418 2138//1430
f 2126//1418 2129//1421 2138//1430
f 2122//1415 2141//1433 2121//1413
f 2127//1420 2125//1417 2126//1418
f 2141//1433 2122//1415 2127//1420
f 2122//1415 2119//1411 2127//1420
f 2110//1402 2143//1434 2142//1435
f 2123//1414 2116//1408 2122//1415
f 2143//1434 2110//1402 2123//1414
f 2110//1402 2113//1405 2123//1414
f 2106//1399 2145//1436 2144//1437
f 2145//1436 2106//1399 2108//1400
f 2103//1395 2111//1403 2104//1396
f 2146//1438 2102//1393 2147//1439
f 2099//1390 2103//1395 2098//1391
f 2107//1398 2098//1391 2106//1399
f 2147//1439 2102//1393 2107//1398
f 2102//1393 2097//1389 2107//1398
f 2148//1440 2092//1383 2149//1441
f 2100//1392 2095//1387 2102//1393
f 2149//1441 2092//1383 2100//1392
f 2092//1383 2093//1385 2100//1392
f 2150//1442 2089//1382 2090//1381
f 2085//1378 2092//1383 2088//1380
f 2081//1372 2151//1443 2080//1373
f 2089//1382 2084//1376 2088//1380
f 2151//1443 2081//1372 2089//1382
f 2081//1372 2082//1374 2089//1382
f 2076//1367 2153//1444 2152//1445
f 2079//1371 2077//1370 2081//1372
f 2153//1444 2076//1367 2079//1371
f 2076//1367 2071//1363 2079//1371
f 2069//1361 2155//1446 2154//1447
f 2074//1366 2066//1358 2076//1367
f 2155//1446 2069//1361 2074//1366
f 2069//1361 2065//1357 2074//1366
f 2156//1448 2062//1353 2060//1352
f 2063//1355 2069//1361 2061//1354
f 2157//1449 2058//1349 2062//1353
f 2062//1353 2055//1347 2061//1354
f 2058//1349 2157//1449 2057//1350
f 2052//1344 2062//1353 2058//1349
f 2043//1335 2159//1450 2158//1451
f 2056//1348 2050//1343 2058//1349
f 2159//1450 2043//1335 2056//1348
f 2043//1335 2049//1341 2056//1348
f 2160//1452 2162//1453 2161//1454
f 2045//1336 2162//1453 2160//1452
f 2040//1333 2160//1452 2163//1455
f 2160//1452 2037//1330 2045//1336
f 2164//1456 2041//1332 2039//1331
f 2036//1328 2160//1452 2040//1333
f 2165//1457 2031//1322 2166//1458
f 2041//1332 2034//1326 2040//1333
f 2166//1458 2031//1322 2041//1332
f 2031//1322 2032//1324 2041//1332
f 2167//1459 2026//1318 2168//1460
f 2029//1321 2024//1317 2031//1322
f 2168//1460 2026//1318 2029//1321
f 2026//1318 2023//1315 2029//1321
f 2019//1311 2020//1313 2169//1461
f 2016//1309 2026//1318 2021//1312
f 2011//1304 2171//1462 2170//1463
f 2019//1311 2015//1307 2021//1312
f 2171//1462 2011//1304 2019//1311
f 2011//1304 2013//1305 2019//1311
f 2172//1464 2008//1299 2173//1465
f 2012//1303 2004//1296 2011//1304
f 2173//1465 2008//1299 2012//1303
f 2008//1299 2002//1295 2012//1303
f 1999//1292 2175//1466 2174//1467
f 2006//1298 1996//1288 2008//1299
f 2175//1466 1999//1292 2006//1298
f 1999//1292 1995//1287 2006//1298
f 1989//1282 1990//1281 2176//1468
f 2000//1291 1993//1285 1999//1292
f 2176//1468 1990//1281 2000//1291
f 1990//1281 1986//1279 2000//1291
f 2177//1469 1988//1280 2178//1470
f 1988//1280 1985//1277 1990//1281
f 1980//1271 1978//1270 2179//1471
f 2177//1469 1983//1275 1988//1280
f 2179//1471 1978//1270 2177//1469
f 1978//1270 1981//1273 2177//1469
f 1971//1262 1979//1272 2180//1472
f 1979//1272 1975//1267 1978//1270
f 2181//1473 1970//1263 1971//1262
f 1971//1262 1973//1265 1979//1272
f 2182//1474 2184//1475 2183//1476
f 2184//1475 2182//1474 1970//1263
f 1963//1254 1968//1260 1962//1255
f 1970//1263 2182//1474 1962//1255
f 2183//1476 1965//1258 2182//1474
f 1965//1258 1960//1252 2182//1474
f 2185//1477 1966//1257 2186//1478
f 1966//1257 1852//1144 1965//1258
f 2187//1479 2185//1477 2188//1480
f 2185//1477 1778//1069 1966//1257
f 2189//1481 2191//1482 2190//1483
f 2187//1479 1777//1070 2185//1477
f 2190//1483 2191//1482 2187//1479
f 2187//1479 2191//1482 1783//1075
f 2189//1481 1787//1080 2191//1482
f 1787//1080 1785//1077 2191//1482
f 2192//1484 1788//1079 2193//1485
f 1788//1079 1789//1081 1787//1080
f 1798//1089 1796//1088 2194//1486
f 2192//1484 1792//1084 1788//1079
f 2194//1486 1796//1088 2192//1484
f 1796//1088 1793//1085 2192//1484
f 2195//1487 1797//1090 2196//1488
f 1797//1090 1802//1094 1796//1088
f 1809//1101 1810//1103 2197//1489
f 2195//1487 1799//1091 1797//1090
f 2197//1489 1810//1103 2195//1487
f 1810//1103 1808//1099 2195//1487
f 2198//1490 1811//1102 2199//1491
f 1811//1102 1816//1108 1810//1103
f 1832//1124 1833//1126 2200//1492
f 2198//1490 1812//1104 1811//1102
f 2200//1492 1833//1126 2198//1490
f 1833//1126 1818//1109 2198//1490
f 2201//1493 1830//1121 1834//1125
f 1834//1125 1820//1113 1833//1126
f 2202//1494 1829//1122 1830//1121
f 1830//1121 1824//1115 1834//1125
f 2203//1495 2205//1496 2204//1497
f 1829//1122 2204//1497 2205//1496
f 2205//1496 2203//1495 2206//1498
f 2205//1496 1806//1097 1829//1122
f 2206//1498 2208//1499 2207//1500
f 2206//1498 1831//1123 2205//1496
f 2209//1501 2207//1500 2210//1502
f 2207//1500 1836//1129 2206//1498
f 2211//1503 2209//1501 2212//1504
f 2209//1501 1827//1120 2207//1500
f 2211//1503 2214//1505 2213//1506
f 2211//1503 1826//1118 2209//1501
f 2213//1506 2216//1507 2215//1508
f 2213//1506 1839//1131 2211//1503
f 2215//1508 2218//1509 2217//1510
f 2215//1508 1841//1133 2213//1506
f 2217//1510 2220//1511 2219//1512
f 2217//1510 1843//1135 2215//1508
f 2221//1513 2219//1512 2222//1514
f 2219//1512 1846//1138 2217//1510
f 1856//1148 2224//1515 2223//1516
f 2221//1513 1848//1140 2219//1512
f 2224//1515 1856//1148 2221//1513
f 1856//1148 1849//1141 2221//1513
f 2225//1517 1861//1153 1857//1150
f 1855//1147 1856//1148 1857//1150
f 1869//1160 1862//1154 2226//1518
f 1860//1152 1857//1150 1862//1154
f 1867//1159 1862//1154 1869//1160
f 1867//1159 1871//1163 1862//1154
f 1865//1158 1867//1159 1864//1156
f 1875//1167 1867//1159 1865//1158
f 1877//1169 1883//1175 1865//1158
f 1882//1173 1865//1158 1883//1175
f 1887//1178 2227//1519 1886//1179
f 1883//1175 1886//1179 1892//1183
f 1903//1194 1896//1188 2228//1520
f 1895//1187 1886//1179 1896//1188
f 1903//1194 1901//1193 1896//1188
f 1904//1196 1896//1188 1901//1193
f 1889//1182 1901//1193 1888//1180
f 1909//1201 1901//1193 1889//1182
f 1920//1211 1916//1209 2229//1521
f 1912//1204 1889//1182 1916//1209
f 1918//1210 1916//1209 1920//1211
f 1922//1214 1916//1209 1918//1210
f 1928//1221 1925//1218 2230//1522
f 1930//1222 1918//1210 1925//1218
f 1928//1221 1929//1220 1925//1218
f 1935//1227 1925//1218 1929//1220
f 1929//1220 1939//1232 1940//1231
f 1941//1233 1929//1220 1940//1231
f 1953//1245 1949//1241 1945//1237
f 2131//1423 1774//1067 2135//1427
f 2133//1425 2135//1427 1774//1067
f 2140//1432 2138//1430 2139//1431
f 2129//1421 2131//1423 2138//1430
f 2127//1420 2128//1419 2231//1523
f 2125//1417 2129//1421 2126//1418
f 2141//1433 2127//1420 2231//1523
f 2119//1411 2125//1417 2127//1420
f 2123//1414 2121//1413 2232//1524
f 2116//1408 2119//1411 2122//1415
f 2143//1434 2123//1414 2232//1524
f 2113//1405 2116//1408 2123//1414
f 2114//1406 2110//1402 2142//1435
f 2109//1401 2113//1405 2110//1402
f 2145//1436 2108//1400 2114//1406
f 2104//1396 2109//1401 2108//1400
f 2105//1397 2106//1399 2144//1437
f 2098//1391 2104//1396 2106//1399
f 2147//1439 2107//1398 2105//1397
f 2097//1389 2098//1391 2107//1398
f 2101//1394 2102//1393 2146//1438
f 2095//1387 2097//1389 2102//1393
f 2149//1441 2100//1392 2101//1394
f 2093//1385 2095//1387 2100//1392
f 2091//1384 2092//1383 2148//1440
f 2085//1378 2093//1385 2092//1383
f 2090//1381 2088//1380 2091//1384
f 2084//1376 2085//1378 2088//1380
f 2151//1443 2089//1382 2150//1442
f 2082//1374 2084//1376 2089//1382
f 2079//1371 2080//1373 2233//1525
f 2077//1370 2082//1374 2081//1372
f 2153//1444 2079//1371 2233//1525
f 2071//1363 2077//1370 2079//1371
f 2075//1368 2076//1367 2152//1445
f 2066//1358 2071//1363 2076//1367
f 2155//1446 2074//1366 2075//1368
f 2065//1357 2066//1358 2074//1366
f 2068//1360 2069//1361 2154//1447
f 2063//1355 2065//1357 2069//1361
f 2060//1352 2061//1354 2068//1360
f 2055//1347 2063//1355 2061//1354
f 2157//1449 2062//1353 2156//1448
f 2052//1344 2055//1347 2062//1353
f 2056//1348 2057//1350 2234//1526
f 2050//1343 2052//1344 2058//1349
f 2159//1450 2056//1348 2234//1526
f 2049//1341 2050//1343 2056//1348
f 2048//1340 2043//1335 2158//1451
f 2044//1337 2049//1341 2043//1335
f 2162//1453 2045//1336 2048//1340
f 2037//1330 2044//1337 2045//1336
f 2163//1455 2160//1452 2161//1454
f 2036//1328 2037//1330 2160//1452
f 2039//1331 2040//1333 2163//1455
f 2034//1326 2036//1328 2040//1333
f 2166//1458 2041//1332 2164//1456
f 2032//1324 2034//1326 2041//1332
f 2030//1323 2031//1322 2165//1457
f 2024//1317 2032//1324 2031//1322
f 2168//1460 2029//1321 2030//1323
f 2023//1315 2024//1317 2029//1321
f 2027//1319 2026//1318 2167//1459
f 2016//1309 2023//1315 2026//1318
f 2020//1313 2021//1312 2027//1319
f 2015//1307 2016//1309 2021//1312
f 2171//1462 2019//1311 2169//1461
f 2013//1305 2015//1307 2019//1311
f 2010//1302 2011//1304 2170//1463
f 2004//1296 2013//1305 2011//1304
f 2173//1465 2012//1303 2010//1302
f 2002//1295 2004//1296 2012//1303
f 2007//1300 2008//1299 2172//1464
f 1996//1288 2002//1295 2008//1299
f 2175//1466 2006//1298 2007//1300
f 1995//1287 1996//1288 2006//1298
f 1998//1290 1999//1292 2174//1467
f 1993//1285 1995//1287 1999//1292
f 2176//1468 2000//1291 1998//1290
f 1986//1279 1993//1285 2000//1291
f 1988//1280 1989//1282 2235//1527
f 1985//1277 1986//1279 1990//1281
f 2178//1470 1988//1280 2235//1527
f 1983//1275 1985//1277 1988//1280
f 2179//1471 2177//1469 2178//1470
f 1981//1273 1983//1275 2177//1469
f 1979//1272 1980//1271 2236//1528
f 1975//1267 1981//1273 1978//1270
f 2180//1472 1979//1272 2236//1528
f 1973//1265 1975//1267 1979//1272
f 2181//1473 1971//1262 2180//1472
f 1969//1261 1973//1265 1971//1262
f 2184//1475 1970//1263 2181//1473
f 1962//1255 1969//1261 1970//1263
f 1965//1258 2183//1476 1964//1256
f 1960//1252 1962//1255 2182//1474
f 1966//1257 1964//1256 2237//1529
f 1852//1144 1960//1252 1965//1258
f 2186//1478 1966//1257 2237//1529
f 1778//1069 1852//1144 1966//1257
f 2188//1480 2185//1477 2186//1478
f 1777//1070 1778//1069 2185//1477
f 2190//1483 2187//1479 2188//1480
f 1783//1075 1777//1070 2187//1479
f 1787//1080 2189//1481 1786//1078
f 1785//1077 1783//1075 2191//1482
f 1788//1079 1786//1078 2238//1530
f 1789//1081 1785//1077 1787//1080
f 2193//1485 1788//1079 2238//1530
f 1792//1084 1789//1081 1788//1079
f 2194//1486 2192//1484 2193//1485
f 1793//1085 1792//1084 2192//1484
f 1797//1090 1798//1089 2239//1531
f 1802//1094 1793//1085 1796//1088
f 2196//1488 1797//1090 2239//1531
f 1799//1091 1802//1094 1797//1090
f 2197//1489 2195//1487 2196//1488
f 1808//1099 1799//1091 2195//1487
f 1811//1102 1809//1101 2240//1532
f 1816//1108 1808//1099 1810//1103
f 2199//1491 1811//1102 2240//1532
f 1812//1104 1816//1108 1811//1102
f 2200//1492 2198//1490 2199//1491
f 1818//1109 1812//1104 2198//1490
f 1834//1125 1832//1124 2241//1533
f 1820//1113 1818//1109 1833//1126
f 2201//1493 1834//1125 2241//1533
f 1824//1115 1820//1113 1834//1125
f 2202//1494 1830//1121 2201//1493
f 1823//1116 1824//1115 1830//1121
f 2204//1497 1829//1122 2202//1494
f 1806//1097 1823//1116 1829//1122
f 2206//1498 2203//1495 2208//1499
f 1831//1123 1806//1097 2205//1496
f 2207//1500 2208//1499 2210//1502
f 1836//1129 1831//1123 2206//1498
f 2209//1501 2210//1502 2212//1504
f 1827//1120 1836//1129 2207//1500
f 2211//1503 2212//1504 2214//1505
f 1826//1118 1827//1120 2209//1501
f 2213//1506 2214//1505 2216//1507
f 1839//1131 1826//1118 2211//1503
f 2215//1508 2216//1507 2218//1509
f 1841//1133 1839//1131 2213//1506
f 2217//1510 2218//1509 2220//1511
f 1843//1135 1841//1133 2215//1508
f 2219//1512 2220//1511 2242//1534
f 1846//1138 1843//1135 2217//1510
f 2222//1514 2219//1512 2242//1534
f 1848//1140 1846//1138 2219//1512
f 2224//1515 2221//1513 2222//1514
f 1849//1141 1848//1140 2221//1513
f 1858//1149 1856//1148 2223//1516
f 1855//1147 1849//1141 1856//1148
f 2225//1517 1857//1150 1858//1149
f 1860//1152 1855//1147 1857//1150
f 2226//1518 1862//1154 1861//1153
f 1871//1163 1860//1152 1862//1154
f 1864//1156 1867//1159 1868//1161
f 1875//1167 1871//1163 1867//1159
f 1878//1170 1865//1158 1866//1157
f 1882//1173 1875//1167 1865//1158
f 1885//1177 1883//1175 1884//1176
f 1892//1183 1882//1173 1883//1175
f 1898//1189 1886//1179 2227//1519
f 1895//1187 1892//1183 1886//1179
f 2228//1520 1896//1188 1897//1190
f 1904//1196 1895//1187 1896//1188
f 1908//1200 1901//1193 1902//1195
f 1909//1201 1904//1196 1901//1193
f 1915//1207 1889//1182 1890//1181
f 1912//1204 1909//1201 1889//1182
f 2229//1521 1916//1209 1917//1208
f 1922//1214 1912//1204 1916//1209
f 1924//1216 1918//1210 1919//1212
f 1930//1222 1922//1214 1918//1210
f 2230//1522 1925//1218 1926//1217
f 1935//1227 1930//1222 1925//1218
f 1939//1232 1929//1220 1927//1219
f 1941//1233 1935//1227 1929//1220
f 1952//1244 1940//1231 1948//1240
f 1949//1241 1941//1233 1940//1231
f 1947//1238 1955//1247 1956//1248
f 1945//1237 1949//1241 1947//1238
f 2243//1535 2245//1536 2244//1537
f 2246//1538 2248//1539 2247//1540
f 2249//1541 2248//1539 2250//1542
f 2251//1543 2252//1544 2247//1540
f 2253//1545 2247//1540 2252//1544
f 2250//1542 2248//1539 2246//1538
f 2247//1540 2253//1545 2246//1538
f 2251//1543 2255//1546 2254//1547
f 2256//1548 2258//1549 2257//1550
f 2255//1546 2257//1550 2259//1551
f 2254//1547 2255//1546 2259//1551
f 2252//1544 2251//1543 2254//1547
f 2259//1551 2257//1550 2258//1549
f 2260//1552 2258//1549 2256//1548
f 2261//1553 2263//1554 2262//1555
f 2256//1548 2262//1555 2260//1552
f 2261//1553 2265//1556 2264//1557
f 2266//1558 2265//1556 2267//1559
f 2265//1556 2266//1558 2264//1557
f 2264//1557 2263//1554 2261//1553
f 2268//1560 2270//1561 2269//1562
f 2263//1554 2260//1552 2262//1555
f 2267//1559 2272//1563 2271//1564
f 2273//1565 2271//1564 2272//1563
f 2271//1564 2273//1565 2274//1566
f 2274//1566 2276//1567 2275//1568
f 2277//1569 2278//1570 2270//1561
f 2269//1562 2270//1561 2279//1571
f 2268//1560 2275//1568 2276//1567
f 2275//1568 2268//1560 2269//1562
f 2277//1569 2281//1572 2280//1573
f 2270//1561 2278//1570 2279//1571
f 2280//1573 2278//1570 2277//1569
f 2280//1573 2281//1572 2282//1574
f 2273//1565 2276//1567 2274//1566
f 2281//1572 2283//1575 2282//1574
f 2265//1556 2272//1563 2267//1559
f 2250//1542 2284//1576 2249//1541
f 2283//1575 2286//1577 2285//1578
f 2285//1578 2286//1577 2287//1579
f 2288//1580 2290//1581 2289//1582
f 2286//1577 2289//1582 2287//1579
f 2288//1580 2289//1582 2286//1577
f 2290//1581 2288//1580 2291//1583
f 2292//1584 2294//1585 2293//1586
f 2295//1587 2296//1588 2292//1584
f 2291//1583 2296//1588 2290//1581
f 2293//1586 2295//1587 2292//1584
f 2291//1583 2292//1584 2296//1588
f 2297//1589 2295//1587 2293//1586
f 2297//1589 2293//1586 2298//1590
f 2299//1591 2297//1589 2298//1590
f 2300//1592 2299//1591 2298//1590
f 2300//1592 2302//1593 2301//1594
f 2300//1592 2298//1590 2302//1593
f 2301//1594 2304//1595 2303//1596
f 2302//1593 2304//1595 2301//1594
f 2303//1596 2306//1597 2305//1598
f 2303//1596 2304//1595 2306//1597
f 2307//1599 2309//1600 2308//1601
f 2310//1602 2308//1601 2305//1598
f 2308//1601 2310//1602 2311//1603
f 2309//1600 2307//1599 2312//1604
f 2312//1604 2314//1605 2313//1606
f 2307//1599 2308//1601 2311//1603
f 2312//1604 2313//1606 2309//1600
f 2306//1597 2310//1602 2305//1598
f 2315//1607 2316//1608 2314//1605
f 2314//1605 2316//1608 2313//1606
f 2317//1609 2319//1610 2318//1611
f 2320//1612 2315//1607 2321//1613
f 2322//1614 2321//1613 2323//1615
f 2317//1609 2324//1616 2319//1610
f 2325//1617 2327//1618 2326//1619
f 2317//1609 2323//1615 2324//1616
f 2323//1615 2321//1613 2324//1616
f 2320//1612 2316//1608 2315//1607
f 2320//1612 2321//1613 2322//1614
f 2328//1620 2319//1610 2329//1621
f 2318//1611 2319//1610 2328//1620
f 2330//1622 2329//1621 2331//1623
f 2332//1624 2334//1625 2333//1626
f 2335//1627 2333//1626 2336//1628
f 2337//1629 2335//1627 2336//1628
f 2335//1627 2337//1629 2331//1623
f 2333//1626 2338//1630 2336//1628
f 2335//1627 2331//1623 2329//1621
f 2334//1625 2338//1630 2333//1626
f 2330//1622 2328//1620 2329//1621
f 2332//1624 2339//1631 2334//1625
f 2332//1624 2340//1632 2339//1631
f 2340//1632 2332//1624 2341//1633
f 2342//1634 2344//1635 2343//1636
f 2345//1637 2343//1636 2346//1638
f 2332//1624 2344//1635 2341//1633
f 2347//1639 2343//1636 2348//1640
f 2349//1641 2344//1635 2342//1634
f 2343//1636 2345//1637 2342//1634
f 2343//1636 2347//1639 2346//1638
f 2350//1642 2352//1643 2351//1644
f 2347//1639 2348//1640 2353//1645
f 2354//1646 2356//1647 2355//1648
f 2357//1649 2359//1650 2358//1651
f 2348//1640 2360//1652 2353//1645
f 2358//1651 2360//1652 2357//1649
f 2359//1650 2357//1649 2351//1644
f 2351//1644 2357//1649 2350//1642
f 2360//1652 2348//1640 2357//1649
f 2361//1653 2362//1654 2350//1642
f 2341//1633 2344//1635 2349//1641
f 2352//1643 2350//1642 2362//1654
f 2363//1655 2364//1656 2361//1653
f 2362//1654 2361//1653 2364//1656
f 2365//1657 2361//1653 2366//1658
f 2363//1655 2361//1653 2365//1657
f 2367//1659 2369//1660 2368//1661
f 2370//1662 2365//1657 2366//1658
f 2371//1663 2370//1662 2366//1658
f 2372//1664 2371//1663 2369//1660
f 2367//1659 2372//1664 2369//1660
f 2283//1575 2285//1578 2282//1574
f 2366//1658 2369//1660 2371//1663
f 2373//1665 2375//1666 2374//1667
f 2374//1667 2375//1666 2376//1668
f 2373//1665 2368//1661 2375//1666
f 2376//1668 2378//1669 2377//1670
f 2376//1668 2379//1671 2374//1667
f 2380//1672 2378//1669 2376//1668
f 2380//1672 2382//1673 2381//1674
f 2383//1675 2385//1676 2384//1677
f 2386//1678 2384//1677 2387//1679
f 2382//1673 2380//1672 2386//1678
f 2377//1670 2379//1671 2376//1668
f 2386//1678 2387//1679 2388//1680
f 2389//1681 2387//1679 2384//1677
f 2380//1672 2381//1674 2378//1669
f 2368//1661 2369//1660 2375//1666
f 2383//1675 2391//1682 2390//1683
f 2385//1676 2383//1675 2390//1683
f 2392//1684 2382//1673 2386//1678
f 2393//1685 2395//1686 2394//1687
f 2284//1576 2397//1688 2396//1689
f 2249//1541 2284//1576 2396//1689
f 2397//1688 2398//1690 2396//1689
f 2399//1691 2400//1692 2398//1690
f 2398//1690 2397//1688 2399//1691
f 2401//1693 2402//1694 2400//1692
f 2401//1693 2400//1692 2399//1691
f 2403//1695 2402//1694 2404//1696
f 2405//1697 2407//1698 2406//1699
f 2408//1700 2409//1701 2404//1696
f 2402//1694 2403//1695 2400//1692
f 2409//1701 2408//1700 2410//1702
f 2403//1695 2404//1696 2409//1701
f 2410//1702 2412//1703 2411//1704
f 2408//1700 2412//1703 2410//1702
f 2413//1705 2414//1706 2411//1704
f 2409//1701 2410//1702 2415//1707
f 2414//1706 2413//1705 2416//1708
f 2410//1702 2411//1704 2414//1706
f 2417//1709 2416//1708 2418//1710
f 2413//1705 2418//1710 2416//1708
f 2419//1711 2417//1709 2420//1712
f 2421//1713 2423//1714 2422//1715
f 2424//1716 2416//1708 2417//1709
f 2417//1709 2418//1710 2420//1712
f 2425//1717 2426//1718 2419//1711
f 2417//1709 2419//1711 2426//1718
f 2425//1717 2428//1719 2427//1720
f 2427//1720 2426//1718 2425//1717
f 2429//1721 2431//1722 2430//1723
f 2432//1724 2427//1720 2428//1719
f 2433//1725 2434//1726 2432//1724
f 2427//1720 2432//1724 2434//1726
f 2434//1726 2435//1727 2427//1720
f 2436//1728 2434//1726 2433//1725
f 2433//1725 2437//1729 2436//1728
f 2438//1730 2436//1728 2437//1729
f 2438//1730 2439//1731 2436//1728
f 2440//1732 2434//1726 2436//1728
f 2439//1731 2442//1733 2441//1734
f 2442//1733 2439//1731 2438//1730
f 2441//1734 2444//1735 2443//1736
f 2439//1731 2445//1737 2436//1728
f 2443//1736 2446//1738 2441//1734
f 2442//1733 2444//1735 2441//1734
f 2447//1739 2449//1740 2448//1741
f 2450//1742 2446//1738 2443//1736
f 2451//1743 2452//1744 2450//1742
f 2446//1738 2450//1742 2452//1744
f 2452//1744 2453//1745 2446//1738
f 2452//1744 2451//1743 2454//1746
f 2455//1747 2454//1746 2456//1748
f 2454//1746 2455//1747 2452//1744
f 2457//1749 2452//1744 2455//1747
f 2455//1747 2456//1748 2458//1750
f 2459//1751 2458//1750 2456//1748
f 2458//1750 2459//1751 2460//1752
f 2461//1753 2458//1750 2460//1752
f 2455//1747 2458//1750 2462//1754
f 2463//1755 2464//1756 2461//1753
f 2461//1753 2460//1752 2463//1755
f 2465//1757 2466//1758 2464//1756
f 2467//1759 2458//1750 2461//1753
f 2468//1760 2464//1756 2466//1758
f 2465//1757 2464//1756 2463//1755
f 2469//1761 2471//1762 2470//1763
f 2468//1760 2466//1758 2472//1764
f 2473//1765 2472//1764 2474//1766
f 2472//1764 2473//1765 2468//1760
f 2475//1767 2476//1768 2469//1761
f 2474//1766 2477//1769 2473//1765
f 2478//1770 2473//1765 2477//1769
f 2478//1770 2477//1769 2479//1771
f 2480//1772 2478//1770 2479//1771
f 2481//1773 2476//1768 2482//1774
f 2483//1775 2480//1772 2484//1776
f 2480//1772 2479//1771 2484//1776
f 2483//1775 2486//1777 2485//1778
f 2487//1779 2478//1770 2480//1772
f 2488//1780 2485//1778 2486//1777
f 2485//1778 2480//1772 2483//1775
f 2486//1777 2489//1781 2488//1780
f 2480//1772 2485//1778 2490//1782
f 2485//1778 2488//1780 2491//1783
f 2492//1784 2488//1780 2489//1781
f 2488//1780 2492//1784 2493//1785
f 2492//1784 2494//1786 2493//1785
f 2493//1785 2495//1787 2488//1780
f 2496//1788 2493//1785 2494//1786
f 2496//1788 2498//1789 2497//1790
f 2494//1786 2498//1789 2496//1788
f 2499//1791 2500//1792 2497//1790
f 2493//1785 2496//1788 2501//1793
f 2500//1792 2499//1791 2502//1794
f 2496//1788 2497//1790 2500//1792
f 2503//1795 2502//1794 2499//1791
f 2500//1792 2504//1796 2496//1788
f 2502//1794 2505//1797 2500//1792
f 2502//1794 2503//1795 2506//1798
f 2506//1798 2507//1799 2502//1794
f 2508//1800 2507//1799 2506//1798
f 2509//1801 2502//1794 2507//1799
f 2507//1799 2508//1800 2510//1802
f 2511//1803 2512//1804 2510//1802
f 2511//1803 2510//1802 2508//1800
f 2513//1805 2512//1804 2514//1806
f 2512//1804 2513//1805 2510//1802
f 2514//1806 2515//1807 2513//1805
f 2516//1808 2518//1809 2517//1810
f 2519//1811 2520//1812 2516//1808
f 2521//1813 2515//1807 2514//1806
f 2522//1814 2523//1815 2521//1813
f 2515//1807 2521//1813 2523//1815
f 2520//1812 2525//1816 2524//1817
f 2523//1815 2522//1814 2526//1818
f 2527//1819 2526//1818 2528//1820
f 2526//1818 2527//1819 2523//1815
f 2528//1820 2529//1821 2527//1819
f 2530//1822 2531//1823 2524//1817
f 2532//1824 2533//1825 2529//1821
f 2532//1824 2529//1821 2528//1820
f 2534//1826 2533//1825 2535//1827
f 2531//1823 2537//1828 2536//1829
f 2538//1830 2536//1829 2539//1831
f 2533//1825 2534//1826 2529//1821
f 2540//1832 2535//1827 2541//1833
f 2535//1827 2540//1832 2534//1826
f 2542//1834 2543//1835 2538//1830
f 2541//1833 2544//1836 2540//1832
f 2544//1836 2546//1837 2545//1838
f 2545//1838 2540//1832 2544//1836
f 2547//1839 2545//1838 2546//1837
f 2543//1835 2549//1840 2548//1841
f 2550//1842 2551//1843 2547//1839
f 2547//1839 2546//1837 2550//1842
f 2551//1843 2550//1842 2552//1844
f 2553//1845 2548//1841 2554//1846
f 2555//1847 2554//1846 2556//1848
f 2552//1844 2557//1849 2551//1843
f 2557//1849 2559//1850 2558//1851
f 2558//1851 2551//1843 2557//1849
f 2560//1852 2558//1851 2559//1850
f 2556//1848 2562//1853 2561//1854
f 2563//1855 2560//1852 2564//1856
f 2560//1852 2559//1850 2564//1856
f 2565//1857 2567//1858 2566//1859
f 2562//1853 2569//1860 2568//1861
f 2565//1857 2570//1862 2567//1858
f 2563//1855 2570//1862 2565//1857
f 2569//1860 2572//1863 2571//1864
f 2572//1863 2569//1860 2244//1537
f 2570//1862 2573//1865 2567//1858
f 2574//1866 2576//1867 2575//1868
f 2244//1537 2576//1867 2577//1869
f 2576//1867 2244//1537 2575//1868
f 2563//1855 2565//1857 2560//1852
f 2245//1536 2565//1857 2566//1859
f 2558//1851 2578//1870 2551//1843
f 2243//1535 2560//1852 2245//1536
f 2551//1843 2579//1871 2547//1839
f 2578//1870 2558//1851 2243//1535
f 2545//1838 2547//1839 2580//1872
f 2579//1871 2551//1843 2578//1870
f 2545//1838 2581//1873 2540//1832
f 2580//1872 2547//1839 2579//1871
f 2534//1826 2540//1832 2549//1840
f 2581//1873 2545//1838 2580//1872
f 2534//1826 2542//1834 2529//1821
f 2549//1840 2540//1832 2581//1873
f 2527//1819 2529//1821 2539//1831
f 2542//1834 2534//1826 2549//1840
f 2527//1819 2537//1828 2523//1815
f 2539//1831 2529//1821 2542//1834
f 2523//1815 2530//1822 2515//1807
f 2537//1828 2527//1819 2539//1831
f 2515//1807 2525//1816 2513//1805
f 2530//1822 2523//1815 2537//1828
f 2513//1805 2519//1811 2510//1802
f 2525//1816 2515//1807 2530//1822
f 2510//1802 2517//1810 2507//1799
f 2525//1816 2519//1811 2513//1805
f 2509//1801 2518//1809 2582//1874
f 2519//1811 2517//1810 2510//1802
f 2505//1797 2582//1874 2583//1875
f 2517//1810 2509//1801 2507//1799
f 2504//1796 2583//1875 2584//1876
f 2509//1801 2505//1797 2502//1794
f 2501//1793 2584//1876 2585//1877
f 2505//1797 2504//1796 2500//1792
f 2495//1787 2585//1877 2586//1878
f 2504//1796 2501//1793 2496//1788
f 2491//1783 2586//1878 2587//1879
f 2501//1793 2495//1787 2493//1785
f 2490//1782 2587//1879 2588//1880
f 2495//1787 2491//1783 2488//1780
f 2588//1880 2589//1881 2487//1779
f 2491//1783 2490//1782 2485//1778
f 2478//1770 2590//1882 2473//1765
f 2487//1779 2480//1772 2490//1782
f 2468//1760 2473//1765 2482//1774
f 2590//1882 2478//1770 2487//1779
f 2468//1760 2475//1767 2464//1756
f 2482//1774 2473//1765 2590//1882
f 2464//1756 2470//1763 2461//1753
f 2482//1774 2475//1767 2468//1760
f 2467//1759 2471//1762 2591//1883
f 2475//1767 2470//1763 2464//1756
f 2591//1883 2592//1884 2462//1754
f 2470//1763 2467//1759 2461//1753
f 2457//1749 2592//1884 2593//1885
f 2467//1759 2462//1754 2458//1750
f 2594//1886 2453//1745 2593//1885
f 2462//1754 2457//1749 2455//1747
f 2446//1738 2595//1887 2441//1734
f 2453//1745 2452//1744 2457//1749
f 2441//1734 2447//1739 2439//1731
f 2453//1745 2595//1887 2446//1738
f 2445//1737 2448//1741 2596//1888
f 2595//1887 2447//1739 2441//1734
f 2596//1888 2597//1889 2440//1732
f 2447//1739 2445//1737 2439//1731
f 2597//1889 2598//1890 2435//1727
f 2445//1737 2440//1732 2436//1728
f 2427//1720 2599//1891 2426//1718
f 2435//1727 2434//1726 2440//1732
f 2426//1718 2430//1723 2417//1709
f 2435//1727 2599//1891 2427//1720
f 2431//1722 2600//1892 2424//1716
f 2599//1891 2430//1723 2426//1718
f 2414//1706 2416//1708 2601//1893
f 2430//1723 2424//1716 2417//1709
f 2414//1706 2422//1715 2410//1702
f 2424//1716 2601//1893 2416//1708
f 2423//1714 2602//1894 2415//1707
f 2601//1893 2422//1715 2414//1706
f 2409//1701 2603//1895 2403//1695
f 2422//1715 2415//1707 2410//1702
f 2400//1692 2403//1695 2604//1896
f 2409//1701 2415//1707 2603//1895
f 2398//1690 2400//1692 2605//1897
f 2603//1895 2604//1896 2403//1695
f 2398//1690 2407//1698 2396//1689
f 2604//1896 2605//1897 2400//1692
f 2396//1689 2606//1898 2249//1541
f 2398//1690 2605//1897 2407//1698
f 2249//1541 2607//1899 2248//1539
f 2396//1689 2407//1698 2606//1898
f 2247//1540 2248//1539 2608//1900
f 2249//1541 2606//1898 2607//1899
f 2251//1543 2247//1540 2609//1901
f 2248//1539 2607//1899 2608//1900
f 2251//1543 2610//1902 2255//1546
f 2247//1540 2608//1900 2609//1901
f 2255//1546 2611//1903 2257//1550
f 2251//1543 2609//1901 2610//1902
f 2257//1550 2612//1904 2256//1548
f 2610//1902 2611//1903 2255//1546
f 2613//1905 2261//1553 2262//1555
f 2611//1903 2612//1904 2257//1550
f 2614//1906 2616//1907 2615//1908
f 2612//1904 2617//1909 2256//1548
f 2265//1556 2261//1553 2614//1906
f 2617//1909 2613//1905 2262//1555
f 2265//1556 2618//1910 2272//1563
f 2613//1905 2614//1906 2261//1553
f 2272//1563 2619//1911 2273//1565
f 2614//1906 2618//1910 2265//1556
f 2273//1565 2620//1912 2276//1567
f 2272//1563 2618//1910 2619//1911
f 2276//1567 2621//1913 2268//1560
f 2273//1565 2619//1911 2620//1912
f 2268//1560 2622//1914 2270//1561
f 2276//1567 2620//1912 2621//1913
f 2277//1569 2270//1561 2623//1915
f 2268//1560 2621//1913 2622//1914
f 2281//1572 2277//1569 2624//1916
f 2270//1561 2622//1914 2623//1915
f 2283//1575 2281//1572 2625//1917
f 2277//1569 2623//1915 2624//1916
f 2283//1575 2626//1918 2286//1577
f 2281//1572 2624//1916 2625//1917
f 2288//1580 2286//1577 2627//1919
f 2283//1575 2625//1917 2626//1918
f 2291//1583 2288//1580 2628//1920
f 2286//1577 2626//1918 2627//1919
f 2292//1584 2291//1583 2629//1921
f 2627//1919 2628//1920 2288//1580
f 2298//1590 2293//1586 2630//1922
f 2628//1920 2629//1921 2291//1583
f 2631//1923 2302//1593 2298//1590
f 2629//1921 2294//1585 2292//1584
f 2632//1924 2634//1925 2633//1926
f 2294//1585 2630//1922 2293//1586
f 2302//1593 2632//1924 2304//1595
f 2630//1922 2631//1923 2298//1590
f 2304//1595 2635//1927 2306//1597
f 2631//1923 2632//1924 2302//1593
f 2306//1597 2636//1928 2310//1602
f 2632//1924 2635//1927 2304//1595
f 2310//1602 2637//1929 2311//1603
f 2306//1597 2635//1927 2636//1928
f 2307//1599 2311//1603 2638//1930
f 2310//1602 2636//1928 2637//1929
f 2312//1604 2307//1599 2639//1931
f 2311//1603 2637//1929 2638//1930
f 2314//1605 2312//1604 2640//1932
f 2307//1599 2638//1930 2639//1931
f 2315//1607 2314//1605 2641//1933
f 2312//1604 2639//1931 2640//1932
f 2321//1613 2315//1607 2642//1934
f 2314//1605 2640//1932 2641//1933
f 2324//1616 2321//1613 2643//1935
f 2315//1607 2641//1933 2642//1934
f 2319//1610 2324//1616 2644//1936
f 2321//1613 2642//1934 2643//1935
f 2329//1621 2319//1610 2645//1937
f 2643//1935 2644//1936 2324//1616
f 2326//1619 2335//1627 2329//1621
f 2644//1936 2645//1937 2319//1610
f 2646//1938 2333//1626 2335//1627
f 2645//1937 2326//1619 2329//1621
f 2647//1939 2332//1624 2333//1626
f 2335//1627 2326//1619 2646//1938
f 2332//1624 2648//1940 2344//1635
f 2333//1626 2646//1938 2647//1939
f 2344//1635 2649//1941 2343//1636
f 2332//1624 2647//1939 2648//1940
f 2343//1636 2650//1942 2348//1640
f 2344//1635 2648//1940 2649//1941
f 2357//1649 2348//1640 2651//1943
f 2649//1941 2650//1942 2343//1636
f 2355//1648 2350//1642 2357//1649
f 2650//1942 2651//1943 2348//1640
f 2350//1642 2652//1944 2361//1653
f 2357//1649 2651//1943 2355//1648
f 2361//1653 2653//1945 2366//1658
f 2350//1642 2355//1648 2652//1944
f 2366//1658 2654//1946 2369//1660
f 2361//1653 2652//1944 2653//1945
f 2369//1660 2655//1947 2375//1666
f 2366//1658 2653//1945 2654//1946
f 2375//1666 2656//1948 2376//1668
f 2369//1660 2654//1946 2655//1947
f 2376//1668 2657//1949 2380//1672
f 2375//1666 2655//1947 2656//1948
f 2380//1672 2658//1950 2386//1678
f 2657//1949 2376//1668 2656//1948
f 2388//1680 2392//1684 2386//1678
f 2380//1672 2657//1949 2658//1950
f 2384//1677 2386//1678 2383//1675
f 2565//1857 2245//1536 2560//1852
f 2566//1859 2575//1868 2245//1536
f 2243//1535 2244//1537 2569//1860
f 2560//1852 2243//1535 2558//1851
f 2578//1870 2243//1535 2569//1860
f 2578//1870 2569//1860 2562//1853
f 2579//1871 2578//1870 2562//1853
f 2579//1871 2562//1853 2556//1848
f 2580//1872 2579//1871 2556//1848
f 2580//1872 2556//1848 2554//1846
f 2581//1873 2580//1872 2554//1846
f 2581//1873 2554//1846 2548//1841
f 2549//1840 2581//1873 2548//1841
f 2659//1951 2538//1830 2660//1952
f 2542//1834 2549//1840 2543//1835
f 2661//1953 2536//1829 2662//1954
f 2542//1834 2538//1830 2539//1831
f 2663//1955 2531//1823 2664//1956
f 2539//1831 2536//1829 2537//1828
f 2665//1957 2524//1817 2666//1958
f 2537//1828 2531//1823 2530//1822
f 2667//1959 2520//1812 2668//1960
f 2530//1822 2524//1817 2525//1816
f 2669//1961 2516//1808 2670//1962
f 2525//1816 2520//1812 2519//1811
f 2671//1963 2518//1809 2672//1964
f 2519//1811 2516//1808 2517//1810
f 2582//1874 2518//1809 2671//1963
f 2517//1810 2518//1809 2509//1801
f 2583//1875 2582//1874 2673//1965
f 2509//1801 2582//1874 2505//1797
f 2584//1876 2583//1875 2674//1966
f 2505//1797 2583//1875 2504//1796
f 2585//1877 2584//1876 2675//1967
f 2504//1796 2584//1876 2501//1793
f 2586//1878 2585//1877 2676//1968
f 2501//1793 2585//1877 2495//1787
f 2587//1879 2586//1878 2677//1969
f 2495//1787 2586//1878 2491//1783
f 2588//1880 2587//1879 2678//1970
f 2491//1783 2587//1879 2490//1782
f 2589//1881 2588//1880 2679//1971
f 2490//1782 2588//1880 2487//1779
f 2589//1881 2481//1773 2590//1882
f 2590//1882 2487//1779 2589//1881
f 2680//1972 2476//1768 2681//1973
f 2482//1774 2590//1882 2481//1773
f 2682//1974 2469//1761 2683//1975
f 2482//1774 2476//1768 2475//1767
f 2471//1762 2469//1761 2682//1974
f 2475//1767 2469//1761 2470//1763
f 2591//1883 2471//1762 2684//1976
f 2470//1763 2471//1762 2467//1759
f 2592//1884 2591//1883 2685//1977
f 2467//1759 2591//1883 2462//1754
f 2593//1885 2592//1884 2686//1978
f 2462//1754 2592//1884 2457//1749
f 2594//1886 2593//1885 2687//1979
f 2457//1749 2593//1885 2453//1745
f 2594//1886 2449//1740 2595//1887
f 2595//1887 2453//1745 2594//1886
f 2688//1980 2448//1741 2689//1981
f 2595//1887 2449//1740 2447//1739
f 2596//1888 2448//1741 2688//1980
f 2447//1739 2448//1741 2445//1737
f 2597//1889 2596//1888 2690//1982
f 2445//1737 2596//1888 2440//1732
f 2598//1890 2597//1889 2691//1983
f 2440//1732 2597//1889 2435//1727
f 2598//1890 2429//1721 2599//1891
f 2599//1891 2435//1727 2598//1890
f 2692//1984 2431//1722 2693//1985
f 2599//1891 2429//1721 2430//1723
f 2600//1892 2431//1722 2692//1984
f 2430//1723 2431//1722 2424//1716
f 2421//1713 2600//1892 2694//1986
f 2601//1893 2424//1716 2600//1892
f 2601//1893 2600//1892 2421//1713
f 2422//1715 2601//1893 2421//1713
f 2602//1894 2423//1714 2695//1987
f 2422//1715 2423//1714 2415//1707
f 2602//1894 2696//1988 2603//1895
f 2603//1895 2415//1707 2602//1894
f 2696//1988 2697//1989 2604//1896
f 2604//1896 2603//1895 2696//1988
f 2406//1699 2697//1989 2698//1990
f 2605//1897 2604//1896 2697//1989
f 2605//1897 2697//1989 2406//1699
f 2407//1698 2605//1897 2406//1699
f 2405//1697 2699//1991 2606//1898
f 2606//1898 2407//1698 2405//1697
f 2699//1991 2700//1992 2607//1899
f 2607//1899 2606//1898 2699//1991
f 2700//1992 2701//1993 2608//1900
f 2608//1900 2607//1899 2700//1992
f 2701//1993 2702//1994 2609//1901
f 2609//1901 2608//1900 2701//1993
f 2702//1994 2703//1995 2610//1902
f 2610//1902 2609//1901 2702//1994
f 2704//1996 2611//1903 2703//1995
f 2611//1903 2610//1902 2703//1995
f 2705//1997 2612//1904 2704//1996
f 2612//1904 2611//1903 2704//1996
f 2256//1548 2617//1909 2262//1555
f 2705//1997 2617//1909 2612//1904
f 2617//1909 2705//1997 2706//1998
f 2706//1998 2613//1905 2617//1909
f 2613//1905 2706//1998 2616//1907
f 2614//1906 2613//1905 2616//1907
f 2707//1999 2618//1910 2615//1908
f 2618//1910 2614//1906 2615//1908
f 2707//1999 2708//2000 2619//1911
f 2619//1911 2618//1910 2707//1999
f 2708//2000 2709//2001 2620//1912
f 2620//1912 2619//1911 2708//2000
f 2709//2001 2710//2002 2621//1913
f 2621//1913 2620//1912 2709//2001
f 2710//2002 2711//2003 2622//1914
f 2622//1914 2621//1913 2710//2002
f 2711//2003 2712//2004 2623//1915
f 2623//1915 2622//1914 2711//2003
f 2712//2004 2713//2005 2624//1916
f 2624//1916 2623//1915 2712//2004
f 2713//2005 2714//2006 2625//1917
f 2625//1917 2624//1916 2713//2005
f 2714//2006 2715//2007 2626//1918
f 2626//1918 2625//1917 2714//2006
f 2715//2007 2716//2008 2627//1919
f 2627//1919 2626//1918 2715//2007
f 2717//2009 2716//2008 2718//2010
f 2628//1920 2627//1919 2716//2008
f 2719//2011 2717//2009 2720//2012
f 2717//2009 2628//1920 2716//2008
f 2721//2013 2719//2011 2722//2014
f 2719//2011 2629//1921 2717//2009
f 2723//2015 2724//2016 2721//2013
f 2721//2013 2294//1585 2719//2011
f 2725//2017 2634//1925 2724//2016
f 2724//2016 2630//1922 2721//2013
f 2726//2018 2633//1926 2634//1925
f 2631//1923 2724//2016 2634//1925
f 2727//2019 2635//1927 2633//1926
f 2635//1927 2632//1924 2633//1926
f 2727//2019 2728//2020 2636//1928
f 2636//1928 2635//1927 2727//2019
f 2728//2020 2729//2021 2637//1929
f 2637//1929 2636//1928 2728//2020
f 2729//2021 2730//2022 2638//1930
f 2638//1930 2637//1929 2729//2021
f 2730//2022 2731//2023 2639//1931
f 2639//1931 2638//1930 2730//2022
f 2731//2023 2732//2024 2640//1932
f 2640//1932 2639//1931 2731//2023
f 2732//2024 2733//2025 2641//1933
f 2641//1933 2640//1932 2732//2024
f 2733//2025 2734//2026 2642//1934
f 2642//1934 2641//1933 2733//2025
f 2734//2026 2735//2027 2643//1935
f 2643//1935 2642//1934 2734//2026
f 2736//2028 2735//2027 2737//2029
f 2644//1936 2643//1935 2735//2027
f 2325//1617 2736//2028 2738//2030
f 2736//2028 2644//1936 2735//2027
f 2739//2031 2327//1618 2325//1617
f 2645//1937 2736//2028 2325//1617
f 2327//1618 2740//2032 2646//1938
f 2646//1938 2326//1619 2327//1618
f 2740//2032 2741//2033 2647//1939
f 2647//1939 2646//1938 2740//2032
f 2741//2033 2742//2034 2648//1940
f 2648//1940 2647//1939 2741//2033
f 2742//2034 2743//2035 2649//1941
f 2649//1941 2648//1940 2742//2034
f 2743//2035 2744//2036 2650//1942
f 2650//1942 2649//1941 2743//2035
f 2354//1646 2744//2036 2745//2037
f 2651//1943 2650//1942 2744//2036
f 2746//2038 2356//1647 2354//1646
f 2651//1943 2744//2036 2354//1646
f 2356//1647 2747//2039 2652//1944
f 2652//1944 2355//1648 2356//1647
f 2747//2039 2748//2040 2653//1945
f 2653//1945 2652//1944 2747//2039
f 2748//2040 2749//2041 2654//1946
f 2654//1946 2653//1945 2748//2040
f 2749//2041 2750//2042 2655//1947
f 2655//1947 2654//1946 2749//2041
f 2750//2042 2751//2043 2656//1948
f 2656//1948 2655//1947 2750//2042
f 2751//2043 2752//2044 2657//1949
f 2657//1949 2656//1948 2751//2043
f 2752//2044 2391//1682 2658//1950
f 2658//1950 2657//1949 2752//2044
f 2393//1685 2394//1687 2390//1683
f 2658//1950 2391//1682 2383//1675
f 2386//1678 2658//1950 2383//1675
f 2575//1868 2244//1537 2245//1536
f 2577//1869 2572//1863 2244//1537
f 2571//1864 2568//1861 2569//1860
f 2568//1861 2753//2045 2562//1853
f 2753//2045 2561//1854 2562//1853
f 2561//1854 2754//2046 2556//1848
f 2754//2046 2555//1847 2556//1848
f 2555//1847 2755//2047 2554//1846
f 2755//2047 2553//1845 2554//1846
f 2553//1845 2756//2048 2548//1841
f 2756//2048 2757//2049 2548//1841
f 2757//2049 2758//2050 2543//1835
f 2757//2049 2543//1835 2548//1841
f 2660//1952 2543//1835 2758//2050
f 2660//1952 2538//1830 2543//1835
f 2538//1830 2659//1951 2662//1954
f 2662//1954 2536//1829 2538//1830
f 2536//1829 2661//1953 2664//1956
f 2664//1956 2531//1823 2536//1829
f 2531//1823 2663//1955 2666//1958
f 2666//1958 2524//1817 2531//1823
f 2524//1817 2665//1957 2668//1960
f 2668//1960 2520//1812 2524//1817
f 2520//1812 2667//1959 2670//1962
f 2670//1962 2516//1808 2520//1812
f 2516//1808 2669//1961 2672//1964
f 2672//1964 2518//1809 2516//1808
f 2671//1963 2759//2051 2582//1874
f 2759//2051 2673//1965 2582//1874
f 2673//1965 2760//2052 2583//1875
f 2760//2052 2674//1966 2583//1875
f 2674//1966 2761//2053 2584//1876
f 2761//2053 2675//1967 2584//1876
f 2675//1967 2762//2054 2585//1877
f 2762//2054 2676//1968 2585//1877
f 2676//1968 2763//2055 2586//1878
f 2763//2055 2677//1969 2586//1878
f 2677//1969 2764//2056 2587//1879
f 2764//2056 2678//1970 2587//1879
f 2678//1970 2765//2057 2588//1880
f 2765//2057 2679//1971 2588//1880
f 2679//1971 2766//2058 2589//1881
f 2766//2058 2767//2059 2589//1881
f 2767//2059 2768//2060 2481//1773
f 2767//2059 2481//1773 2589//1881
f 2681//1973 2481//1773 2768//2060
f 2681//1973 2476//1768 2481//1773
f 2476//1768 2680//1972 2683//1975
f 2683//1975 2469//1761 2476//1768
f 2682//1974 2769//2061 2471//1762
f 2769//2061 2684//1976 2471//1762
f 2684//1976 2770//2062 2591//1883
f 2770//2062 2685//1977 2591//1883
f 2685//1977 2771//2063 2592//1884
f 2771//2063 2686//1978 2592//1884
f 2686//1978 2772//2064 2593//1885
f 2772//2064 2687//1979 2593//1885
f 2687//1979 2773//2065 2594//1886
f 2773//2065 2774//2066 2594//1886
f 2774//2066 2775//2067 2449//1740
f 2774//2066 2449//1740 2594//1886
f 2449//1740 2775//2067 2689//1981
f 2689//1981 2448//1741 2449//1740
f 2688//1980 2776//2068 2596//1888
f 2776//2068 2690//1982 2596//1888
f 2690//1982 2777//2069 2597//1889
f 2777//2069 2691//1983 2597//1889
f 2691//1983 2778//2070 2598//1890
f 2778//2070 2779//2071 2598//1890
f 2779//2071 2780//2072 2429//1721
f 2779//2071 2429//1721 2598//1890
f 2429//1721 2780//2072 2693//1985
f 2693//1985 2431//1722 2429//1721
f 2692//1984 2781//2073 2600//1892
f 2781//2073 2694//1986 2600//1892
f 2694//1986 2782//2074 2421//1713
f 2782//2074 2783//2075 2421//1713
f 2783//2075 2695//1987 2423//1714
f 2783//2075 2423//1714 2421//1713
f 2695//1987 2784//2076 2602//1894
f 2784//2076 2785//2077 2602//1894
f 2785//2077 2786//2078 2696//1988
f 2785//2077 2696//1988 2602//1894
f 2786//2078 2698//1990 2697//1989
f 2786//2078 2697//1989 2696//1988
f 2698//1990 2787//2079 2406//1699
f 2787//2079 2788//2080 2406//1699
f 2406//1699 2788//2080 2405//1697
f 2788//2080 2789//2081 2405//1697
f 2405//1697 2789//2081 2699//1991
f 2789//2081 2790//2082 2699//1991
f 2699//1991 2790//2082 2700//1992
f 2790//2082 2791//2083 2700//1992
f 2700//1992 2791//2083 2701//1993
f 2791//2083 2792//2084 2701//1993
f 2701//1993 2792//2084 2702//1994
f 2792//2084 2793//2085 2702//1994
f 2702//1994 2793//2085 2703//1995
f 2793//2085 2794//2086 2703//1995
f 2703//1995 2794//2086 2704//1996
f 2794//2086 2795//2087 2704//1996
f 2704//1996 2795//2087 2705//1997
f 2795//2087 2796//2088 2705//1997
f 2705//1997 2796//2088 2706//1998
f 2796//2088 2797//2089 2706//1998
f 2706//1998 2797//2089 2616//1907
f 2797//2089 2798//2090 2616//1907
f 2616//1907 2798//2090 2615//1908
f 2798//2090 2799//2091 2615//1908
f 2615//1908 2799//2091 2707//1999
f 2799//2091 2800//2092 2707//1999
f 2707//1999 2800//2092 2708//2000
f 2800//2092 2801//2093 2708//2000
f 2708//2000 2801//2093 2709//2001
f 2801//2093 2802//2094 2709//2001
f 2709//2001 2802//2094 2710//2002
f 2802//2094 2803//2095 2710//2002
f 2803//2095 2804//2096 2711//2003
f 2803//2095 2711//2003 2710//2002
f 2804//2096 2805//2097 2712//2004
f 2804//2096 2712//2004 2711//2003
f 2805//2097 2806//2098 2713//2005
f 2805//2097 2713//2005 2712//2004
f 2806//2098 2807//2099 2714//2006
f 2806//2098 2714//2006 2713//2005
f 2807//2099 2808//2100 2715//2007
f 2807//2099 2715//2007 2714//2006
f 2808//2100 2718//2010 2716//2008
f 2808//2100 2716//2008 2715//2007
f 2718//2010 2720//2012 2717//2009
f 2719//2011 2720//2012 2722//2014
f 2629//1921 2628//1920 2717//2009
f 2721//2013 2722//2014 2809//2101
f 2294//1585 2629//1921 2719//2011
f 2723//2015 2721//2013 2809//2101
f 2630//1922 2294//1585 2721//2013
f 2725//2017 2724//2016 2723//2015
f 2631//1923 2630//1922 2724//2016
f 2726//2018 2634//1925 2725//2017
f 2632//1924 2631//1923 2634//1925
f 2726//2018 2810//2102 2633//1926
f 2633//1926 2810//2102 2727//2019
f 2810//2102 2811//2103 2727//2019
f 2727//2019 2811//2103 2728//2020
f 2811//2103 2812//2104 2728//2020
f 2728//2020 2812//2104 2729//2021
f 2812//2104 2813//2105 2729//2021
f 2729//2021 2813//2105 2730//2022
f 2813//2105 2814//2106 2730//2022
f 2730//2022 2814//2106 2731//2023
f 2814//2106 2815//2107 2731//2023
f 2815//2107 2816//2108 2732//2024
f 2815//2107 2732//2024 2731//2023
f 2816//2108 2817//2109 2733//2025
f 2816//2108 2733//2025 2732//2024
f 2817//2109 2818//2110 2734//2026
f 2817//2109 2734//2026 2733//2025
f 2818//2110 2737//2029 2735//2027
f 2818//2110 2735//2027 2734//2026
f 2737//2029 2738//2030 2736//2028
f 2325//1617 2738//2030 2819//2111
f 2645//1937 2644//1936 2736//2028
f 2739//2031 2325//1617 2819//2111
f 2326//1619 2645//1937 2325//1617
f 2739//2031 2820//2112 2327//1618
f 2327//1618 2820//2112 2740//2032
f 2820//2112 2821//2113 2740//2032
f 2740//2032 2821//2113 2741//2033
f 2821//2113 2822//2114 2741//2033
f 2822//2114 2823//2115 2742//2034
f 2822//2114 2742//2034 2741//2033
f 2823//2115 2824//2116 2743//2035
f 2823//2115 2743//2035 2742//2034
f 2824//2116 2745//2037 2744//2036
f 2824//2116 2744//2036 2743//2035
f 2745//2037 2825//2117 2354//1646
f 2746//2038 2354//1646 2825//2117
f 2355//1648 2651//1943 2354//1646
f 2746//2038 2826//2118 2356//1647
f 2356//1647 2826//2118 2747//2039
f 2826//2118 2827//2119 2747//2039
f 2827//2119 2828//2120 2748//2040
f 2827//2119 2748//2040 2747//2039
f 2828//2120 2829//2121 2749//2041
f 2828//2120 2749//2041 2748//2040
f 2829//2121 2830//2122 2750//2042
f 2829//2121 2750//2042 2749//2041
f 2830//2122 2831//2123 2751//2043
f 2830//2122 2751//2043 2750//2042
f 2831//2123 2832//2124 2752//2044
f 2831//2123 2752//2044 2751//2043
f 2832//2124 2833//2125 2391//1682
f 2832//2124 2391//1682 2752//2044
f 2833//2125 2393//1685 2390//1683
f 2390//1683 2391//1682 2833//2125
f 2385//1676 2390//1683 2394//1687
f 2834//2126 2836//2127 2835//2128
f 2837//2129 2839//2130 2838//2131
f 2838//2131 2839//2130 2840//2132
f 2840//2132 2842//2133 2841//2134
f 2843//2135 2845//2136 2844//2137
f 2836//2127 2846//2138 2835//2128
f 2843//2135 2844//2137 2847//2139
f 2836//2127 2834//2126 2848//2140
f 2849//2141 2851//2142 2850//2143
f 2852//2144 2854//2145 2853//2146
f 2855//2147 2857//2148 2856//2149
f 2858//2150 2849//2141 2859//2151
f 2860//2152 2862//2153 2861//2154
f 2855//2147 2863//2155 2857//2148
f 2860//2152 2865//2156 2864//2157
f 2866//2158 2868//2159 2867//2160
f 2864//2157 2870//2161 2869//2162
f 2871//2163 2873//2164 2872//2165
f 2874//2166 2876//2167 2875//2168
f 2877//2169 2879//2170 2878//2171
f 2871//2163 2880//2172 2873//2164
f 2881//2173 2883//2174 2882//2175
f 2884//2176 2886//2177 2885//2178
f 2887//2179 2889//2180 2888//2181
f 2890//2182 2887//2179 2891//2183
f 2892//2184 2894//2185 2893//2186
f 2895//2187 2897//2188 2896//2189
f 2898//2190 2900//2191 2899//2192
f 2901//2193 2903//2194 2902//2195
f 2904//2196 2905//2197 2901//2193
f 2906//2198 2908//2199 2907//2200
f 2909//2201 2911//2202 2910//2203
f 2912//2204 2914//2205 2913//2206
f 2915//2207 2916//2208 2911//2202
f 2917//2209 2919//2210 2918//2211
f 2920//2212 2912//2204 2913//2206
f 2921//2213 2923//2214 2922//2215
f 2922//2215 2925//2216 2924//2217
f 2926//2218 2928//2219 2927//2220
f 2929//2221 2931//2222 2930//2223
f 2932//2224 2934//2225 2933//2226
f 2935//2227 2937//2228 2936//2229
f 2938//2230 2940//2231 2939//2232
f 2939//2232 2942//2233 2941//2234
f 2943//2235 2945//2236 2944//2237
f 2946//2238 2948//2239 2947//2240
f 2949//2241 2951//2242 2950//2243
f 2945//2236 2952//2244 2951//2242
f 2953//2245 2955//2246 2954//2247
f 2956//2248 2957//2249 2953//2245
f 2958//2250 2960//2251 2959//2252
f 2961//2253 2960//2251 2962//2254
f 2963//2255 2965//2256 2964//2257
f 2959//2252 2967//2258 2966//2259
f 2968//2260 2970//2261 2969//2262
f 2971//2263 2969//2262 2972//2264
f 2973//2265 2975//2266 2974//2267
f 2976//2268 2974//2267 2970//2261
f 2977//2269 2975//2266 2978//2270
f 2973//2265 2974//2267 2976//2268
f 2979//2271 2981//2272 2980//2273
f 2978//2270 2981//2272 2977//2269
f 2982//2274 2979//2271 2980//2273
f 2981//2272 2979//2271 2977//2269
f 2983//2275 2985//2276 2984//2277
f 2986//2278 2977//2269 2979//2271
f 2983//2275 2988//2279 2987//2280
f 2982//2274 2985//2276 2979//2271
f 2989//2281 2987//2280 2988//2279
f 2987//2280 2985//2276 2983//2275
f 2989//2281 2988//2279 2990//2282
f 2990//2282 2991//2283 2989//2281
f 2991//2283 2993//2284 2992//2285
f 2992//2285 2989//2281 2991//2283
f 2992//2285 2995//2286 2994//2287
f 2995//2286 2992//2285 2993//2284
f 2994//2287 2997//2288 2996//2289
f 2998//2290 3000//2291 2999//2292
f 3001//2293 3002//2294 2996//2289
f 2995//2286 2997//2288 2994//2287
f 3003//2295 3004//2296 3002//2294
f 3002//2294 3001//2293 3003//2295
f 3005//2297 3006//2298 3004//2296
f 3005//2297 3004//2296 3003//2295
f 3007//2299 3004//2296 3006//2298
f 3004//2296 3008//2300 3002//2294
f 3007//2299 3006//2298 3009//2301
f 3009//2301 3010//2302 3007//2299
f 3010//2302 3012//2303 3011//2304
f 3011//2304 3007//2299 3010//2302
f 3011//2304 3014//2305 3013//2306
f 3014//2305 3011//2304 3012//2303
f 3013//2306 3016//2307 3015//2308
f 3014//2305 3016//2307 3013//2306
f 3017//2309 3018//2310 3015//2308
f 3011//2304 3013//2306 3019//2311
f 3013//2306 3015//2308 3018//2310
f 3018//2310 3017//2309 3020//2312
f 3020//2312 3021//2313 3018//2310
f 3022//2314 3021//2313 3020//2312
f 3023//2315 3025//2316 3024//2317
f 3022//2314 3025//2316 3021//2313
f 3026//2318 3023//2315 3024//2317
f 3025//2316 3023//2315 3021//2313
f 3026//2318 3028//2319 3027//2320
f 3027//2320 3023//2315 3026//2318
f 3029//2321 3031//2322 3030//2323
f 3032//2324 3027//2320 3028//2319
f 3027//2320 3032//2324 3033//2325
f 3032//2324 3034//2326 3033//2325
f 3035//2327 3037//2328 3036//2329
f 3033//2325 3034//2326 3036//2329
f 3035//2327 3038//2330 3037//2328
f 3033//2325 3036//2329 3037//2328
f 3039//2331 3038//2330 3040//2332
f 3038//2330 3039//2331 3037//2328
f 3041//2333 3043//2334 3042//2335
f 3040//2332 3044//2336 3039//2331
f 3045//2337 3039//2331 3044//2336
f 3045//2337 3044//2336 3046//2338
f 3047//2339 3049//2340 3048//2341
f 3047//2339 3045//2337 3046//2338
f 3048//2341 3049//2340 3050//2342
f 3048//2341 3045//2337 3047//2339
f 3051//2343 3052//2344 3050//2342
f 3048//2341 3050//2342 3052//2344
f 3053//2345 3055//2346 3054//2347
f 3052//2344 3051//2343 3056//2348
f 3056//2348 3057//2349 3052//2344
f 3058//2350 3057//2349 3056//2348
f 3059//2351 3061//2352 3060//2353
f 3058//2350 3061//2352 3057//2349
f 3062//2354 3064//2355 3063//2356
f 3059//2351 3057//2349 3061//2352
f 3065//2357 3062//2354 3066//2358
f 3062//2354 3065//2357 3067//2359
f 3068//2360 3059//2351 3069//2361
f 3070//2362 3066//2358 3062//2354
f 3071//2363 3072//2364 3068//2360
f 3073//2365 3068//2360 3069//2361
f 3074//2366 3071//2363 3068//2360
f 3068//2360 3073//2365 3074//2366
f 3075//2367 3071//2363 3074//2366
f 2994//2287 2996//2289 3002//2294
f 2974//2267 2975//2266 2977//2269
f 2984//2277 2985//2276 2982//2274
f 2963//2255 2972//2264 2965//2256
f 2970//2261 2968//2260 2976//2268
f 3076//2368 2965//2256 2972//2264
f 2966//2259 3078//2369 3077//2370
f 2963//2255 2971//2263 2972//2264
f 2972//2264 2969//2262 2970//2261
f 2965//2256 3077//2370 3079//2371
f 3079//2371 2964//2257 2965//2256
f 3078//2369 3079//2371 3077//2370
f 3080//2372 3078//2369 2966//2259
f 2966//2259 2967//2258 3080//2372
f 2961//2253 3081//2373 2959//2252
f 2959//2252 3081//2373 2967//2258
f 2962//2254 2960//2251 3082//2374
f 2961//2253 2959//2252 2960//2251
f 3082//2374 2954//2247 2955//2246
f 2954//2247 3082//2374 2960//2251
f 2946//2238 2947//2240 3083//2375
f 2956//2248 2949//2241 2957//2249
f 2954//2247 2956//2248 2953//2245
f 2957//2249 2949//2241 3084//2376
f 2951//2242 2949//2241 3085//2377
f 2949//2241 2950//2243 3084//2376
f 3086//2378 2950//2243 2951//2242
f 3087//2379 2945//2236 2943//2235
f 2951//2242 2952//2244 3086//2378
f 2946//2238 3083//2375 2944//2237
f 2945//2236 3087//2379 2952//2244
f 2943//2235 2944//2237 3083//2375
f 3088//2380 2939//2232 2940//2231
f 2933//2226 3089//2381 2932//2224
f 2948//2239 2940//2231 2938//2230
f 2940//2231 2948//2239 2946//2238
f 2939//2232 2934//2225 2942//2233
f 2939//2232 2941//2234 2938//2230
f 2942//2233 2934//2225 2932//2224
f 3089//2381 2933//2226 2937//2228
f 2935//2227 2936//2229 2927//2220
f 2935//2227 3089//2381 2937//2228
f 2926//2218 2927//2220 2936//2229
f 3090//2382 2930//2223 2928//2219
f 2928//2219 2926//2218 3090//2382
f 3090//2382 2929//2221 2930//2223
f 2923//2214 2931//2222 2929//2221
f 2922//2215 2924//2217 2921//2213
f 2931//2222 2923//2214 2921//2213
f 2919//2210 3091//2383 2918//2211
f 2925//2216 3091//2383 2924//2217
f 2919//2210 2917//2209 3092//2384
f 3091//2383 2925//2216 2918//2211
f 3093//2385 3092//2384 2917//2209
f 3092//2384 3093//2385 2920//2212
f 3094//2386 2913//2206 2914//2205
f 2912//2204 2920//2212 3093//2385
f 3094//2386 2914//2205 3095//2387
f 2906//2198 3094//2386 3095//2387
f 2908//2199 2906//2198 3095//2387
f 2915//2207 2909//2201 2907//2200
f 2909//2201 2915//2207 2911//2202
f 2915//2207 2907//2200 2908//2199
f 2897//2188 2888//2181 2896//2189
f 2902//2195 2910//2203 2911//2202
f 2896//2189 2888//2181 2889//2180
f 3096//2388 2903//2194 2901//2193
f 2903//2194 2910//2203 2902//2195
f 2899//2192 2905//2197 2904//2196
f 2901//2193 2905//2197 3096//2388
f 2898//2190 2894//2185 2900//2191
f 2904//2196 2898//2190 2899//2192
f 2893//2186 2895//2187 2892//2184
f 2900//2191 2894//2185 2892//2184
f 2893//2186 2897//2188 2895//2187
f 3097//2389 2876//2167 2874//2166
f 2889//2180 2887//2179 2890//2182
f 2881//2173 2882//2175 2891//2183
f 2890//2182 2891//2183 2882//2175
f 2873//2164 3098//2390 3097//2389
f 2883//2174 2881//2173 2885//2178
f 2877//2169 2886//2177 2884//2176
f 2885//2178 2886//2177 2883//2174
f 2884//2176 2879//2170 2877//2169
f 2880//2172 2878//2171 2879//2170
f 2873//2164 3097//2389 2872//2165
f 2880//2172 2871//2163 2878//2171
f 3097//2389 2874//2166 2872//2165
f 2864//2157 2865//2156 2870//2161
f 2876//2167 2866//2158 2867//2160
f 2867//2160 2875//2168 2876//2167
f 2869//2162 2870//2161 2868//2159
f 2868//2159 2866//2158 2869//2162
f 2855//2147 3099//2391 2863//2155
f 2862//2153 2860//2152 3100//2392
f 2861//2154 2865//2156 2860//2152
f 3101//2393 3102//2394 2856//2149
f 2862//2153 2863//2155 3099//2391
f 2862//2153 3099//2391 2861//2154
f 3102//2394 3101//2393 2859//2151
f 3101//2393 2856//2149 2857//2148
f 2846//2138 2839//2130 2837//2129
f 2859//2151 3103//2395 3102//2394
f 2850//2143 3103//2395 2859//2151
f 2851//2142 2849//2141 2853//2146
f 2849//2141 2850//2143 2859//2151
f 2853//2146 2854//2145 2851//2142
f 3104//2396 2852//2144 2847//2139
f 2844//2137 3104//2396 2847//2139
f 2852//2144 3104//2396 2854//2145
f 2840//2132 2839//2130 2842//2133
f 2834//2126 2845//2136 2848//2140
f 2848//2140 2845//2136 2843//2135
f 2846//2138 2837//2129 2835//2128
f 3105//2397 2842//2133 2839//2130
f 3106//2398 3108//2399 3107//2400
f 3109//2401 3105//2397 3110//2402
f 3106//2398 3109//2401 3108//2399
f 3107//2400 3112//2403 3111//2404
f 3072//2364 3113//2405 3067//2359
f 3069//2361 3059//2351 3060//2353
f 3062//2354 3113//2405 3064//2355
f 3057//2349 3114//2406 3052//2344
f 3059//2351 3067//2359 3065//2357
f 3048//2341 3052//2344 3115//2407
f 3065//2357 3114//2406 3057//2349
f 3048//2341 3053//2345 3045//2337
f 3114//2406 3115//2407 3052//2344
f 3045//2337 3116//2408 3039//2331
f 3048//2341 3115//2407 3053//2345
f 3037//2328 3039//2331 3117//2409
f 3053//2345 3116//2408 3045//2337
f 3037//2328 3042//2335 3033//2325
f 3116//2408 3117//2409 3039//2331
f 3033//2325 3118//2410 3027//2320
f 3037//2328 3117//2409 3042//2335
f 3023//2315 3027//2320 3119//2411
f 3042//2335 3118//2410 3033//2325
f 3023//2315 3031//2322 3021//2313
f 3118//2410 3119//2411 3027//2320
f 3021//2313 3120//2412 3018//2310
f 3023//2315 3119//2411 3031//2322
f 3013//2306 3018//2310 3121//2413
f 3021//2313 3031//2322 3120//2412
f 3122//2414 3123//2415 3019//2311
f 3120//2412 3121//2413 3018//2310
f 3124//2416 3007//2299 3011//2304
f 3121//2413 3019//2311 3013//2306
f 3007//2299 3125//2417 3004//2296
f 3011//2304 3019//2311 3124//2416
f 3126//2418 3008//2300 3127//2419
f 3124//2416 3125//2417 3007//2299
f 3128//2420 2994//2287 3002//2294
f 3125//2417 3008//2300 3004//2296
f 2994//2287 3129//2421 2992//2285
f 3002//2294 3008//2300 3128//2420
f 2989//2281 2992//2285 3130//2422
f 3128//2420 3129//2421 2994//2287
f 2989//2281 2998//2290 2987//2280
f 3129//2421 3130//2422 2992//2285
f 2987//2280 3131//2423 2985//2276
f 2989//2281 3130//2422 2998//2290
f 2979//2271 2985//2276 3132//2424
f 2987//2280 2998//2290 3131//2423
f 3133//2425 3134//2426 2986//2278
f 3131//2423 3132//2424 2985//2276
f 2977//2269 3135//2427 2974//2267
f 3132//2424 2986//2278 2979//2271
f 2974//2267 3136//2428 2970//2261
f 2977//2269 2986//2278 3135//2427
f 2970//2261 3137//2429 2972//2264
f 2974//2267 3135//2427 3136//2428
f 3138//2430 3139//2431 3076//2368
f 3136//2428 3137//2429 2970//2261
f 2965//2256 3140//2432 3077//2370
f 3137//2429 3076//2368 2972//2264
f 3077//2370 3141//2433 2966//2259
f 2965//2256 3076//2368 3140//2432
f 2959//2252 2966//2259 3142//2434
f 3077//2370 3140//2432 3141//2433
f 3143//2435 3144//2436 2958//2250
f 3141//2433 3142//2434 2966//2259
f 3145//2437 2954//2247 2960//2251
f 3142//2434 2958//2250 2959//2252
f 2954//2247 3146//2438 2956//2248
f 2960//2251 2958//2250 3145//2437
f 2956//2248 3147//2439 2949//2241
f 2954//2247 3145//2437 3146//2438
f 3148//2440 3149//2441 3085//2377
f 3146//2438 3147//2439 2956//2248
f 2951//2242 3150//2442 2945//2236
f 3147//2439 3085//2377 2949//2241
f 2945//2236 3151//2443 2944//2237
f 2951//2242 3085//2377 3150//2442
f 2944//2237 3152//2444 2946//2238
f 2945//2236 3150//2442 3151//2443
f 2940//2231 2946//2238 3153//2445
f 2944//2237 3151//2443 3152//2444
f 3154//2446 3155//2447 3088//2380
f 3152//2444 3153//2445 2946//2238
f 2939//2232 3156//2448 2934//2225
f 3153//2445 3088//2380 2940//2231
f 2934//2225 3157//2449 2933//2226
f 3088//2380 3156//2448 2939//2232
f 2933//2226 3158//2450 2937//2228
f 2934//2225 3156//2448 3157//2449
f 2937//2228 3159//2451 2936//2229
f 2933//2226 3157//2449 3158//2450
f 2936//2229 3160//2452 2926//2218
f 2937//2228 3158//2450 3159//2451
f 2926//2218 3161//2453 3090//2382
f 2936//2229 3159//2451 3160//2452
f 3090//2382 3162//2454 2929//2221
f 2926//2218 3160//2452 3161//2453
f 2929//2221 3163//2455 2923//2214
f 3090//2382 3161//2453 3162//2454
f 2923//2214 3164//2456 2922//2215
f 2929//2221 3162//2454 3163//2455
f 2922//2215 3165//2457 2925//2216
f 2923//2214 3163//2455 3164//2456
f 2918//2211 2925//2216 3166//2458
f 2922//2215 3164//2456 3165//2457
f 2917//2209 2918//2211 3167//2459
f 2925//2216 3165//2457 3166//2458
f 3093//2385 2917//2209 3168//2460
f 2918//2211 3166//2458 3167//2459
f 2912//2204 3093//2385 3169//2461
f 2917//2209 3167//2459 3168//2460
f 2914//2205 2912//2204 3170//2462
f 3093//2385 3168//2460 3169//2461
f 3095//2387 2914//2205 3171//2463
f 2912//2204 3169//2461 3170//2462
f 2908//2199 3095//2387 3172//2464
f 2914//2205 3170//2462 3171//2463
f 2915//2207 2908//2199 3173//2465
f 3171//2463 3172//2464 3095//2387
f 3174//2466 3176//2467 3175//2468
f 3172//2464 3173//2465 2908//2199
f 2911//2202 3176//2467 2902//2195
f 3173//2465 2916//2208 2915//2207
f 2902//2195 3177//2469 2901//2193
f 2916//2208 3176//2467 2911//2202
f 2901//2193 3178//2470 2904//2196
f 3176//2467 3177//2469 2902//2195
f 2904//2196 3179//2471 2898//2190
f 3177//2469 3178//2470 2901//2193
f 2898//2190 3180//2472 2894//2185
f 3178//2470 3179//2471 2904//2196
f 2894//2185 3181//2473 2893//2186
f 2898//2190 3179//2471 3180//2472
f 2893//2186 3182//2474 2897//2188
f 2894//2185 3180//2472 3181//2473
f 2897//2188 3183//2475 2888//2181
f 2893//2186 3181//2473 3182//2474
f 2888//2181 3184//2476 2887//2179
f 2897//2188 3182//2474 3183//2475
f 2887//2179 3185//2477 2891//2183
f 2888//2181 3183//2475 3184//2476
f 2891//2183 3186//2478 2881//2173
f 2887//2179 3184//2476 3185//2477
f 2881//2173 3187//2479 2885//2178
f 2891//2183 3185//2477 3186//2478
f 2885//2178 3188//2480 2884//2176
f 2881//2173 3186//2478 3187//2479
f 2884//2176 3189//2481 2879//2170
f 2885//2178 3187//2479 3188//2480
f 2879//2170 3190//2482 2880//2172
f 2884//2176 3188//2480 3189//2481
f 2880//2172 3191//2483 2873//2164
f 3189//2481 3190//2482 2879//2170
f 3192//2484 3194//2485 3193//2486
f 3190//2482 3191//2483 2880//2172
f 3097//2389 3194//2485 2876//2167
f 3191//2483 3098//2390 2873//2164
f 2876//2167 3195//2487 2866//2158
f 3098//2390 3194//2485 3097//2389
f 2866//2158 3196//2488 2869//2162
f 2876//2167 3194//2485 3195//2487
f 2869//2162 3197//2489 2864//2157
f 2866//2158 3195//2487 3196//2488
f 2864//2157 3198//2490 2860//2152
f 2869//2162 3196//2488 3197//2489
f 3199//2491 3200//2492 3100//2392
f 3197//2489 3198//2490 2864//2157
f 2862//2153 3201//2493 2863//2155
f 3198//2490 3100//2392 2860//2152
f 2863//2155 3202//2494 2857//2148
f 2862//2153 3100//2392 3201//2493
f 3101//2393 2857//2148 3203//2495
f 2863//2155 3201//2493 3202//2494
f 2859//2151 3101//2393 3204//2496
f 2857//2148 3202//2494 3203//2495
f 3205//2497 3206//2498 2858//2150
f 3203//2495 3204//2496 3101//2393
f 2849//2141 3207//2499 2853//2146
f 3204//2496 2858//2150 2859//2151
f 2853//2146 3208//2500 2852//2144
f 2849//2141 2858//2150 3207//2499
f 2852//2144 3209//2501 2847//2139
f 2853//2146 3207//2499 3208//2500
f 2843//2135 2847//2139 3210//2502
f 2852//2144 3208//2500 3209//2501
f 2848//2140 2843//2135 3211//2503
f 2847//2139 3209//2501 3210//2502
f 2836//2127 2848//2140 3212//2504
f 2843//2135 3210//2502 3211//2503
f 2846//2138 2836//2127 3213//2505
f 2848//2140 3211//2503 3212//2504
f 2839//2130 2846//2138 3214//2506
f 2836//2127 3212//2504 3213//2505
f 3215//2507 3110//2402 3105//2397
f 3213//2505 3214//2506 2846//2138
f 3105//2397 2839//2130 3214//2506
f 3216//2508 2842//2133 3109//2401
f 2842//2133 3216//2508 2841//2134
f 3059//2351 3068//2360 3067//2359
f 3072//2364 3067//2359 3068//2360
f 3217//2509 3066//2358 3218//2510
f 3059//2351 3065//2357 3057//2349
f 3114//2406 3065//2357 3066//2358
f 3055//2346 3217//2509 3219//2511
f 3217//2509 3114//2406 3066//2358
f 3115//2407 3217//2509 3055//2346
f 3053//2345 3115//2407 3055//2346
f 3220//2512 3054//2347 3221//2513
f 3116//2408 3053//2345 3054//2347
f 3041//2333 3220//2512 3222//2514
f 3220//2512 3116//2408 3054//2347
f 3117//2409 3220//2512 3041//2333
f 3042//2335 3117//2409 3041//2333
f 3043//2334 3223//2515 3118//2410
f 3118//2410 3042//2335 3043//2334
f 3030//2323 3223//2515 3224//2516
f 3119//2411 3118//2410 3223//2515
f 3225//2517 3029//2321 3030//2323
f 3119//2411 3223//2515 3030//2323
f 3029//2321 3226//2518 3120//2412
f 3120//2412 3031//2322 3029//2321
f 3122//2414 3226//2518 3227//2519
f 3121//2413 3120//2412 3226//2518
f 3228//2520 3123//2415 3122//2414
f 3121//2413 3226//2518 3122//2414
f 3123//2415 3229//2521 3124//2416
f 3124//2416 3019//2311 3123//2415
f 3127//2419 3229//2521 3230//2522
f 3125//2417 3124//2416 3229//2521
f 3231//2523 3126//2418 3127//2419
f 3125//2417 3229//2521 3127//2419
f 3126//2418 3232//2524 3128//2420
f 3128//2420 3008//2300 3126//2418
f 3233//2525 3232//2524 3234//2526
f 3129//2421 3128//2420 3232//2524
f 3000//2291 3233//2525 3235//2527
f 3233//2525 3129//2421 3232//2524
f 3130//2422 3233//2525 3000//2291
f 2998//2290 3130//2422 3000//2291
f 2999//2292 3236//2528 3131//2423
f 3131//2423 2998//2290 2999//2292
f 3133//2425 3236//2528 3237//2529
f 3132//2424 3131//2423 3236//2528
f 3238//2530 3134//2426 3133//2425
f 3132//2424 3236//2528 3133//2425
f 3134//2426 3239//2531 3135//2427
f 3135//2427 2986//2278 3134//2426
f 3239//2531 3240//2532 3136//2428
f 3136//2428 3135//2427 3239//2531
f 3138//2430 3240//2532 3241//2533
f 3137//2429 3136//2428 3240//2532
f 3242//2534 3139//2431 3138//2430
f 3137//2429 3240//2532 3138//2430
f 3139//2431 3243//2535 3140//2432
f 3140//2432 3076//2368 3139//2431
f 3243//2535 3244//2536 3141//2433
f 3141//2433 3140//2432 3243//2535
f 3143//2435 3244//2536 3245//2537
f 3142//2434 3141//2433 3244//2536
f 3246//2538 3144//2436 3143//2435
f 3142//2434 3244//2536 3143//2435
f 3144//2436 3247//2539 3145//2437
f 3145//2437 2958//2250 3144//2436
f 3247//2539 3248//2540 3146//2438
f 3146//2438 3145//2437 3247//2539
f 3148//2440 3248//2540 3249//2541
f 3147//2439 3146//2438 3248//2540
f 3250//2542 3149//2441 3148//2440
f 3147//2439 3248//2540 3148//2440
f 3149//2441 3251//2543 3150//2442
f 3150//2442 3085//2377 3149//2441
f 3251//2543 3252//2544 3151//2443
f 3151//2443 3150//2442 3251//2543
f 3253//2545 3252//2544 3254//2546
f 3152//2444 3151//2443 3252//2544
f 3154//2446 3253//2545 3255//2547
f 3253//2545 3152//2444 3252//2544
f 3256//2548 3155//2447 3154//2446
f 3153//2445 3253//2545 3154//2446
f 3257//2549 3156//2448 3155//2447
f 3156//2448 3088//2380 3155//2447
f 3257//2549 3258//2550 3157//2449
f 3157//2449 3156//2448 3257//2549
f 3258//2550 3259//2551 3158//2450
f 3158//2450 3157//2449 3258//2550
f 3259//2551 3260//2552 3159//2451
f 3159//2451 3158//2450 3259//2551
f 3260//2552 3261//2553 3160//2452
f 3160//2452 3159//2451 3260//2552
f 3261//2553 3262//2554 3161//2453
f 3161//2453 3160//2452 3261//2553
f 3262//2554 3263//2555 3162//2454
f 3162//2454 3161//2453 3262//2554
f 3263//2555 3264//2556 3163//2455
f 3163//2455 3162//2454 3263//2555
f 3264//2556 3265//2557 3164//2456
f 3164//2456 3163//2455 3264//2556
f 3265//2557 3266//2558 3165//2457
f 3165//2457 3164//2456 3265//2557
f 3267//2559 3266//2558 3268//2560
f 3166//2458 3165//2457 3266//2558
f 3269//2561 3267//2559 3270//2562
f 3267//2559 3166//2458 3266//2558
f 3271//2563 3269//2561 3272//2564
f 3269//2561 3167//2459 3267//2559
f 3273//2565 3271//2563 3274//2566
f 3271//2563 3168//2460 3269//2561
f 3275//2567 3273//2565 3276//2568
f 3273//2565 3169//2461 3271//2563
f 3277//2569 3275//2567 3278//2570
f 3275//2567 3170//2462 3273//2565
f 3279//2571 3280//2572 3277//2569
f 3277//2569 3171//2463 3275//2567
f 3281//2573 3282//2574 3280//2572
f 3280//2572 3172//2464 3277//2569
f 3283//2575 3175//2468 3282//2574
f 3282//2574 3173//2465 3280//2572
f 2916//2208 3282//2574 3175//2468
f 3176//2467 2916//2208 3175//2468
f 3284//2576 3177//2469 3174//2466
f 3177//2469 3176//2467 3174//2466
f 3285//2577 3178//2470 3284//2576
f 3178//2470 3177//2469 3284//2576
f 3286//2578 3179//2471 3285//2577
f 3179//2471 3178//2470 3285//2577
f 3286//2578 3287//2579 3180//2472
f 3180//2472 3179//2471 3286//2578
f 3287//2579 3288//2580 3181//2473
f 3181//2473 3180//2472 3287//2579
f 3288//2580 3289//2581 3182//2474
f 3182//2474 3181//2473 3288//2580
f 3289//2581 3290//2582 3183//2475
f 3183//2475 3182//2474 3289//2581
f 3290//2582 3291//2583 3184//2476
f 3184//2476 3183//2475 3290//2582
f 3291//2583 3292//2584 3185//2477
f 3185//2477 3184//2476 3291//2583
f 3292//2584 3293//2585 3186//2478
f 3186//2478 3185//2477 3292//2584
f 3293//2585 3294//2586 3187//2479
f 3187//2479 3186//2478 3293//2585
f 3294//2586 3295//2587 3188//2480
f 3188//2480 3187//2479 3294//2586
f 3296//2588 3295//2587 3297//2589
f 3189//2481 3188//2480 3295//2587
f 3298//2590 3296//2588 3299//2591
f 3296//2588 3189//2481 3295//2587
f 3300//2592 3301//2593 3298//2590
f 3298//2590 3190//2482 3296//2588
f 3302//2594 3193//2486 3301//2593
f 3301//2593 3191//2483 3298//2590
f 3098//2390 3301//2593 3193//2486
f 3194//2485 3098//2390 3193//2486
f 3192//2484 3303//2595 3195//2487
f 3195//2487 3194//2485 3192//2484
f 3303//2595 3304//2596 3196//2488
f 3196//2488 3195//2487 3303//2595
f 3304//2596 3305//2597 3197//2489
f 3197//2489 3196//2488 3304//2596
f 3305//2597 3199//2491 3198//2490
f 3198//2490 3197//2489 3305//2597
f 3200//2492 3199//2491 3306//2598
f 3198//2490 3199//2491 3100//2392
f 3200//2492 3307//2599 3201//2493
f 3201//2493 3100//2392 3200//2492
f 3308//2600 3307//2599 3309//2601
f 3202//2494 3201//2493 3307//2599
f 3310//2602 3308//2600 3311//2603
f 3308//2600 3202//2494 3307//2599
f 3205//2497 3310//2602 3312//2604
f 3310//2602 3203//2495 3308//2600
f 3313//2605 3206//2498 3205//2497
f 3204//2496 3310//2602 3205//2497
f 3206//2498 3314//2606 3207//2499
f 3207//2499 2858//2150 3206//2498
f 3314//2606 3315//2607 3208//2500
f 3208//2500 3207//2499 3314//2606
f 3315//2607 3316//2608 3209//2501
f 3209//2501 3208//2500 3315//2607
f 3316//2608 3317//2609 3210//2502
f 3210//2502 3209//2501 3316//2608
f 3317//2609 3318//2610 3211//2503
f 3211//2503 3210//2502 3317//2609
f 3318//2610 3319//2611 3212//2504
f 3212//2504 3211//2503 3318//2610
f 3320//2612 3319//2611 3321//2613
f 3213//2505 3212//2504 3319//2611
f 3215//2507 3320//2612 3322//2614
f 3320//2612 3213//2505 3319//2611
f 3323//2615 3110//2402 3215//2507
f 3214//2506 3320//2612 3215//2507
f 3109//2401 3110//2402 3108//2399
f 3216//2508 3109//2401 3106//2398
f 2842//2133 3105//2397 3109//2401
f 3113//2405 3062//2354 3067//2359
f 3063//2356 3070//2362 3062//2354
f 3070//2362 3218//2510 3066//2358
f 3218//2510 3219//2511 3217//2509
f 3055//2346 3219//2511 3324//2616
f 3115//2407 3114//2406 3217//2509
f 3324//2616 3325//2617 3055//2346
f 3055//2346 3325//2617 3054//2347
f 3325//2617 3221//2513 3054//2347
f 3221//2513 3222//2514 3220//2512
f 3041//2333 3222//2514 3326//2618
f 3117//2409 3116//2408 3220//2512
f 3326//2618 3327//2619 3041//2333
f 3041//2333 3327//2619 3043//2334
f 3327//2619 3328//2620 3043//2334
f 3328//2620 3224//2516 3223//2515
f 3328//2620 3223//2515 3043//2334
f 3224//2516 3329//2621 3030//2323
f 3225//2517 3030//2323 3329//2621
f 3031//2322 3119//2411 3030//2323
f 3225//2517 3330//2622 3029//2321
f 3330//2622 3227//2519 3226//2518
f 3330//2622 3226//2518 3029//2321
f 3227//2519 3331//2623 3122//2414
f 3228//2520 3122//2414 3331//2623
f 3019//2311 3121//2413 3122//2414
f 3228//2520 3332//2624 3123//2415
f 3332//2624 3230//2522 3229//2521
f 3332//2624 3229//2521 3123//2415
f 3230//2522 3333//2625 3127//2419
f 3231//2523 3127//2419 3333//2625
f 3008//2300 3125//2417 3127//2419
f 3231//2523 3334//2626 3126//2418
f 3334//2626 3234//2526 3232//2524
f 3334//2626 3232//2524 3126//2418
f 3234//2526 3235//2527 3233//2525
f 3000//2291 3235//2527 3335//2627
f 3130//2422 3129//2421 3233//2525
f 3335//2627 3336//2628 3000//2291
f 3000//2291 3336//2628 2999//2292
f 3336//2628 3337//2629 2999//2292
f 3337//2629 3237//2529 3236//2528
f 3337//2629 3236//2528 2999//2292
f 3237//2529 3338//2630 3133//2425
f 3238//2530 3133//2425 3338//2630
f 2986//2278 3132//2424 3133//2425
f 3238//2530 3339//2631 3134//2426
f 3339//2631 3340//2632 3239//2531
f 3339//2631 3239//2531 3134//2426
f 3340//2632 3241//2533 3240//2532
f 3340//2632 3240//2532 3239//2531
f 3241//2533 3341//2633 3138//2430
f 3242//2534 3138//2430 3341//2633
f 3076//2368 3137//2429 3138//2430
f 3242//2534 3342//2634 3139//2431
f 3342//2634 3343//2635 3243//2535
f 3342//2634 3243//2535 3139//2431
f 3343//2635 3245//2537 3244//2536
f 3343//2635 3244//2536 3243//2535
f 3245//2537 3344//2636 3143//2435
f 3246//2538 3143//2435 3344//2636
f 2958//2250 3142//2434 3143//2435
f 3246//2538 3345//2637 3144//2436
f 3345//2637 3346//2638 3247//2539
f 3345//2637 3247//2539 3144//2436
f 3346//2638 3249//2541 3248//2540
f 3346//2638 3248//2540 3247//2539
f 3249//2541 3347//2639 3148//2440
f 3250//2542 3148//2440 3347//2639
f 3085//2377 3147//2439 3148//2440
f 3250//2542 3348//2640 3149//2441
f 3149//2441 3348//2640 3251//2543
f 3348//2640 3349//2641 3251//2543
f 3349//2641 3254//2546 3252//2544
f 3349//2641 3252//2544 3251//2543
f 3254//2546 3255//2547 3253//2545
f 3154//2446 3255//2547 3350//2642
f 3153//2445 3152//2444 3253//2545
f 3256//2548 3154//2446 3350//2642
f 3088//2380 3153//2445 3154//2446
f 3256//2548 3351//2643 3155//2447
f 3155//2447 3351//2643 3257//2549
f 3351//2643 3352//2644 3257//2549
f 3352//2644 3353//2645 3258//2550
f 3352//2644 3258//2550 3257//2549
f 3353//2645 3354//2646 3259//2551
f 3353//2645 3259//2551 3258//2550
f 3354//2646 3355//2647 3260//2552
f 3354//2646 3260//2552 3259//2551
f 3355//2647 3356//2648 3261//2553
f 3355//2647 3261//2553 3260//2552
f 3356//2648 3357//2649 3262//2554
f 3356//2648 3262//2554 3261//2553
f 3357//2649 3358//2650 3263//2555
f 3357//2649 3263//2555 3262//2554
f 3358//2650 3359//2651 3264//2556
f 3358//2650 3264//2556 3263//2555
f 3359//2651 3360//2652 3265//2557
f 3359//2651 3265//2557 3264//2556
f 3360//2652 3268//2560 3266//2558
f 3360//2652 3266//2558 3265//2557
f 3268//2560 3270//2562 3267//2559
f 3269//2561 3270//2562 3272//2564
f 3167//2459 3166//2458 3267//2559
f 3271//2563 3272//2564 3274//2566
f 3168//2460 3167//2459 3269//2561
f 3273//2565 3274//2566 3276//2568
f 3169//2461 3168//2460 3271//2563
f 3275//2567 3276//2568 3278//2570
f 3170//2462 3169//2461 3273//2565
f 3277//2569 3278//2570 3361//2653
f 3171//2463 3170//2462 3275//2567
f 3279//2571 3277//2569 3361//2653
f 3172//2464 3171//2463 3277//2569
f 3281//2573 3280//2572 3279//2571
f 3173//2465 3172//2464 3280//2572
f 3283//2575 3282//2574 3281//2573
f 2916//2208 3173//2465 3282//2574
f 3283//2575 3362//2654 3175//2468
f 3175//2468 3362//2654 3174//2466
f 3362//2654 3363//2655 3174//2466
f 3174//2466 3363//2655 3284//2576
f 3363//2655 3364//2656 3284//2576
f 3284//2576 3364//2656 3285//2577
f 3364//2656 3365//2657 3285//2577
f 3285//2577 3365//2657 3286//2578
f 3365//2657 3366//2658 3286//2578
f 3286//2578 3366//2658 3287//2579
f 3366//2658 3367//2659 3287//2579
f 3287//2579 3367//2659 3288//2580
f 3367//2659 3368//2660 3288//2580
f 3288//2580 3368//2660 3289//2581
f 3368//2660 3369//2661 3289//2581
f 3369//2661 3370//2662 3290//2582
f 3369//2661 3290//2582 3289//2581
f 3370//2662 3371//2663 3291//2583
f 3370//2662 3291//2583 3290//2582
f 3371//2663 3372//2664 3292//2584
f 3371//2663 3292//2584 3291//2583
f 3372//2664 3373//2665 3293//2585
f 3372//2664 3293//2585 3292//2584
f 3373//2665 3374//2666 3294//2586
f 3373//2665 3294//2586 3293//2585
f 3374//2666 3297//2589 3295//2587
f 3374//2666 3295//2587 3294//2586
f 3297//2589 3299//2591 3296//2588
f 3298//2590 3299//2591 3375//2667
f 3190//2482 3189//2481 3296//2588
f 3300//2592 3298//2590 3375//2667
f 3191//2483 3190//2482 3298//2590
f 3302//2594 3301//2593 3300//2592
f 3098//2390 3191//2483 3301//2593
f 3302//2594 3376//2668 3193//2486
f 3193//2486 3376//2668 3192//2484
f 3376//2668 3377//2669 3192//2484
f 3192//2484 3377//2669 3303//2595
f 3377//2669 3378//2670 3303//2595
f 3303//2595 3378//2670 3304//2596
f 3378//2670 3379//2671 3304//2596
f 3379//2671 3380//2672 3305//2597
f 3379//2671 3305//2597 3304//2596
f 3380//2672 3306//2598 3199//2491
f 3380//2672 3199//2491 3305//2597
f 3306//2598 3381//2673 3200//2492
f 3381//2673 3382//2674 3200//2492
f 3382//2674 3309//2601 3307//2599
f 3382//2674 3307//2599 3200//2492
f 3309//2601 3311//2603 3308//2600
f 3310//2602 3311//2603 3312//2604
f 3203//2495 3202//2494 3308//2600
f 3205//2497 3312//2604 3383//2675
f 3204//2496 3203//2495 3310//2602
f 3313//2605 3205//2497 3383//2675
f 2858//2150 3204//2496 3205//2497
f 3313//2605 3384//2676 3206//2498
f 3384//2676 3385//2677 3314//2606
f 3384//2676 3314//2606 3206//2498
f 3385//2677 3386//2678 3315//2607
f 3385//2677 3315//2607 3314//2606
f 3386//2678 3387//2679 3316//2608
f 3386//2678 3316//2608 3315//2607
f 3387//2679 3388//2680 3317//2609
f 3387//2679 3317//2609 3316//2608
f 3388//2680 3389//2681 3318//2610
f 3388//2680 3318//2610 3317//2609
f 3389//2681 3321//2613 3319//2611
f 3389//2681 3319//2611 3318//2610
f 3321//2613 3322//2614 3320//2612
f 3215//2507 3322//2614 3390//2682
f 3214//2506 3213//2505 3320//2612
f 3323//2615 3215//2507 3390//2682
f 3105//2397 3214//2506 3215//2507
f 3323//2615 3391//2683 3110//2402
f 3112//2403 3108//2399 3391//2683
f 3391//2683 3108//2399 3110//2402
f 3112//2403 3107//2400 3108//2399
f 3392//2684 3394//2684 3393//2684
f 3392//2684 3395//2684 3394//2684
f 3396//518 3398//518 3397//518
f 3396//518 3397//518 3399//518
f 3396//518 3400//518 3398//518
f 3401//518 3399//518 3402//518
f 3399//518 3397//518 3402//518
f 3403//421 3405//421 3404//421
f 3406//421 3407//421 3404//421
f 3403//421 3408//421 3405//421
f 3409//421 3407//421 3406//421
f 3403//421 3404//421 3407//421
f 3410//479 3412//479 3411//479
f 3413//479 3415//479 3414//479
f 3413//479 3412//479 3415//479
f 3415//479 3412//479 3410//479
f 3416//2685 3418//2685 3417//2685
f 3416//2685 3420//2685 3419//2685
f 3418//2685 3421//2685 3417//2685
f 3419//2685 3418//2685 3416//2685
f 3421//2685 3422//2685 3417//2685
