# Blender 5.2.2 LTS
# www.blender.org
o Object.114
v -0.004844 -0.341660 -0.099100
v -0.001669 -0.340157 -0.099719
v -0.001669 -0.342842 -0.096454
v -0.004844 -0.342657 -0.096110
v -0.004844 -0.339438 -0.094120
v -0.001669 -0.339612 -0.094157
v -0.001669 -0.337543 -0.096986
v -0.004844 -0.337765 -0.098347
v -0.004844 -0.152459 -0.099101
v -0.001669 -0.151402 -0.099478
v -0.001669 -0.153452 -0.097565
v -0.004844 -0.153456 -0.096110
v -0.001669 -0.152414 -0.094580
v -0.004844 -0.150237 -0.094120
v -0.001669 -0.148782 -0.095267
v -0.001669 -0.148831 -0.098358
v -0.004844 -0.148564 -0.098346
v -0.004844 0.163710 -0.099444
v -0.001669 0.162839 -0.099155
v -0.004844 0.161894 -0.097478
v -0.001669 0.162151 -0.095318
v -0.004844 0.162796 -0.094664
v -0.001669 0.165619 -0.094507
v -0.004844 0.166015 -0.094849
v -0.001669 0.166871 -0.098129
v -0.004844 0.166875 -0.097956
v -0.004844 -0.089392 -0.099101
v -0.001669 -0.089850 -0.098603
v -0.004844 -0.090389 -0.096109
v -0.001669 -0.090119 -0.095320
v -0.001669 -0.085989 -0.094780
v -0.004844 -0.087171 -0.094120
v -0.001669 -0.086325 -0.099185
v -0.004844 -0.085498 -0.098347
v -0.004844 -0.026325 -0.099100
v -0.001669 -0.024820 -0.099719
v -0.001669 -0.027479 -0.095807
v -0.004844 -0.027321 -0.096107
v -0.001669 -0.023582 -0.094507
v -0.004844 -0.024104 -0.094120
v -0.001669 -0.022242 -0.097133
v -0.004844 -0.022430 -0.098346
v -0.004844 0.100102 -0.099366
v -0.001669 0.099772 -0.099155
v -0.001669 0.099083 -0.095318
v -0.004844 0.098920 -0.095583
v -0.004844 0.101597 -0.094331
v -0.001669 0.102552 -0.094507
v -0.001669 0.103804 -0.098129
v -0.004844 0.103898 -0.096083
v -0.004844 0.103070 -0.098709
v -0.004844 0.037035 -0.099366
v -0.001669 0.036411 -0.099023
v -0.004844 0.035746 -0.096107
v -0.001669 0.036251 -0.095120
v -0.004844 0.038024 -0.094241
v -0.001669 0.039485 -0.094507
v -0.004844 0.040444 -0.095523
v -0.001669 0.040737 -0.098130
v -0.004844 0.040496 -0.098260
v -0.004844 0.226777 -0.099444
v -0.001669 0.225906 -0.099155
v -0.004844 0.224961 -0.097478
v -0.001669 0.225218 -0.095318
v -0.004844 0.225863 -0.094664
v -0.001669 0.228686 -0.094507
v -0.004844 0.229082 -0.094848
v -0.001669 0.229938 -0.098129
v -0.004844 0.229942 -0.097956
v -0.004844 0.289844 -0.099444
v -0.001669 0.288973 -0.099155
v -0.004844 0.288028 -0.097478
v -0.001669 0.288285 -0.095318
v -0.004844 0.288930 -0.094664
v -0.001669 0.291753 -0.094507
v -0.004844 0.292149 -0.094848
v -0.001669 0.293005 -0.098129
v -0.004844 0.293009 -0.097956
v -0.004844 -0.277476 -0.099565
v -0.001669 -0.277537 -0.099478
v -0.001669 -0.279586 -0.097564
v -0.004844 -0.279649 -0.097270
v -0.001669 -0.278548 -0.094580
v -0.004844 -0.278455 -0.094578
v -0.004844 -0.275453 -0.094849
v -0.001669 -0.274916 -0.095266
v -0.001669 -0.274965 -0.098358
v -0.004844 -0.274549 -0.097652
v -0.004844 -0.215526 -0.099101
v -0.001669 -0.214469 -0.099478
v -0.001669 -0.216519 -0.097565
v -0.004844 -0.216523 -0.096110
v -0.001669 -0.215481 -0.094580
v -0.004844 -0.213304 -0.094120
v -0.001669 -0.211849 -0.095267
v -0.001669 -0.211898 -0.098358
v -0.004844 -0.211631 -0.098346
v -0.004844 0.352911 -0.099444
v -0.001669 0.350924 -0.095806
v -0.004844 0.351095 -0.097478
v -0.004844 0.351996 -0.094665
v -0.001669 0.354820 -0.094507
v -0.004844 0.355216 -0.094848
v -0.001669 0.356160 -0.097133
v -0.004844 0.356076 -0.097957
v -0.001669 0.353583 -0.099720
v -0.013047 -0.339931 -0.105605
v -0.013083 -0.341104 -0.102430
v -0.010521 -0.342999 -0.105605
v -0.009111 -0.342550 -0.102430
v -0.007955 -0.338966 -0.102430
v -0.007700 -0.339201 -0.105605
v -0.011162 -0.337667 -0.105605
v -0.011179 -0.337616 -0.102430
v -0.012504 -0.152651 -0.105605
v -0.010899 -0.153628 -0.102430
v -0.009431 -0.153371 -0.105605
v -0.007750 -0.151567 -0.102430
v -0.007683 -0.150410 -0.105605
v -0.010512 -0.148342 -0.105605
v -0.009609 -0.148371 -0.102430
v -0.012643 -0.149703 -0.105605
v -0.013100 -0.150252 -0.102430
v -0.013100 0.165084 -0.102430
v -0.012503 0.162683 -0.105605
v -0.011376 0.161954 -0.102430
v -0.009427 0.161967 -0.105605
v -0.008190 0.162796 -0.102430
v -0.007683 0.164925 -0.105605
v -0.010510 0.166994 -0.105605
v -0.009059 0.166869 -0.102430
v -0.012643 0.165633 -0.105605
v -0.012504 -0.089584 -0.105605
v -0.010899 -0.090561 -0.102430
v -0.008845 -0.090118 -0.105605
v -0.007750 -0.088499 -0.102430
v -0.007946 -0.087021 -0.105605
v -0.010288 -0.085234 -0.105605
v -0.009608 -0.085303 -0.102430
v -0.012643 -0.086636 -0.105605
v -0.013100 -0.087185 -0.102430
v -0.012893 -0.026031 -0.102430
v -0.012503 -0.026518 -0.105605
v -0.008845 -0.027051 -0.105605
v -0.009110 -0.027214 -0.102430
v -0.007946 -0.023954 -0.105605
v -0.008074 -0.023248 -0.102430
v -0.010287 -0.022166 -0.105605
v -0.011786 -0.022571 -0.102430
v -0.012643 -0.023569 -0.105605
v -0.012626 0.099809 -0.102430
v -0.012503 0.099616 -0.105605
v -0.008844 0.099084 -0.105605
v -0.009109 0.098920 -0.102430
v -0.007857 0.101597 -0.102430
v -0.007946 0.102180 -0.105605
v -0.010288 0.103968 -0.105605
v -0.009610 0.103899 -0.102430
v -0.012643 0.102566 -0.105605
v -0.012508 0.102821 -0.102430
v -0.013047 0.038471 -0.105605
v -0.012626 0.036742 -0.102430
v -0.011799 0.036104 -0.105605
v -0.008845 0.036016 -0.105605
v -0.009110 0.035853 -0.102430
v -0.007857 0.038530 -0.102430
v -0.008106 0.039706 -0.105605
v -0.011163 0.040735 -0.105605
v -0.009609 0.040831 -0.102430
v -0.012508 0.039754 -0.102430
v -0.013100 0.228151 -0.102430
v -0.012503 0.225750 -0.105605
v -0.011376 0.225021 -0.102430
v -0.008843 0.225218 -0.105605
v -0.008190 0.225863 -0.102430
v -0.007946 0.228316 -0.105605
v -0.010288 0.230102 -0.105605
v -0.009059 0.229935 -0.102430
v -0.012643 0.228700 -0.105605
v -0.013100 0.291218 -0.102430
v -0.012503 0.288817 -0.105605
v -0.011376 0.288088 -0.102430
v -0.009427 0.288101 -0.105605
v -0.008190 0.288930 -0.102430
v -0.007683 0.291059 -0.105605
v -0.010510 0.293128 -0.105605
v -0.009059 0.293003 -0.102430
v -0.012643 0.291767 -0.105605
v -0.012280 -0.278889 -0.102430
v -0.012504 -0.278785 -0.105605
v -0.009431 -0.279505 -0.105605
v -0.009111 -0.279483 -0.102430
v -0.007857 -0.276805 -0.102430
v -0.007683 -0.276544 -0.105605
v -0.010512 -0.274476 -0.105605
v -0.009609 -0.274505 -0.102430
v -0.012643 -0.275837 -0.105605
v -0.012803 -0.275921 -0.102430
v -0.012504 -0.215718 -0.105605
v -0.010899 -0.216695 -0.102430
v -0.009431 -0.216438 -0.105605
v -0.007750 -0.214634 -0.102430
v -0.007683 -0.213477 -0.105605
v -0.011771 -0.211484 -0.105605
v -0.009609 -0.211438 -0.102430
v -0.013100 -0.213319 -0.102430
v -0.013047 0.353807 -0.105605
v -0.012971 0.352913 -0.102430
v -0.011799 0.351439 -0.105605
v -0.011003 0.351095 -0.102430
v -0.008843 0.351353 -0.105605
v -0.008190 0.351997 -0.102430
v -0.008106 0.355041 -0.105605
v -0.008374 0.355216 -0.102430
v -0.011160 0.356071 -0.105605
v -0.011483 0.356076 -0.102430
v -0.001669 -0.022263 -0.096981
v -0.001669 0.035689 -0.096981
v -0.001669 -0.087454 -0.099397
v -0.001669 -0.150521 -0.099397
v -0.001669 0.360725 -0.105605
v -0.001669 0.356140 -0.096981
v -0.001669 0.353366 -0.099398
v -0.001669 0.355188 -0.098867
v -0.001669 0.360725 -0.091318
v -0.001669 -0.149923 -0.094583
v -0.001669 0.355353 -0.095026
v -0.001669 0.351051 -0.096769
v -0.001669 0.353797 -0.094371
v -0.001669 0.039472 -0.099068
v -0.001669 0.099428 -0.098535
v -0.001669 0.351661 -0.098566
v -0.001669 0.291740 -0.099068
v -0.001669 0.290081 -0.099397
v -0.001669 -0.215247 -0.099068
v -0.001669 -0.275203 -0.098535
v -0.001669 0.227014 -0.099397
v -0.001669 0.228673 -0.099068
v -0.001669 0.163336 -0.099182
v -0.001669 0.102539 -0.099068
v -0.001669 0.292890 -0.097827
v -0.001669 -0.276252 -0.099243
v -0.001669 0.292957 -0.096347
v -0.001669 -0.274576 -0.097197
v -0.001669 -0.216397 -0.097827
v -0.001669 0.288358 -0.095544
v -0.001669 0.229219 -0.095026
v -0.001669 -0.274932 -0.095544
v -0.001669 -0.216464 -0.096347
v -0.001669 0.351561 -0.095380
v -0.001669 -0.215793 -0.095026
v -0.001669 -0.214238 -0.094371
v -0.001669 -0.347300 -0.091318
v -0.001669 0.292286 -0.095026
v -0.001669 0.352549 -0.094583
v -0.001669 0.227664 -0.094371
v -0.001669 -0.276056 -0.094583
v -0.001669 -0.278973 -0.098536
v -0.001669 -0.338575 -0.098828
v -0.001669 -0.213588 -0.099397
v -0.001669 -0.277727 -0.099325
v -0.001669 -0.347300 -0.105605
v -0.001669 -0.337733 -0.097614
v -0.001669 -0.337871 -0.095720
v -0.001669 -0.279647 -0.096981
v -0.001669 -0.278860 -0.095026
v -0.001669 -0.277304 -0.094371
v -0.001669 -0.341927 -0.095026
v -0.001669 -0.339940 -0.099398
v -0.001669 0.037813 -0.099397
v -0.001669 -0.023984 -0.099243
v -0.001669 0.229890 -0.096347
v -0.001669 0.288002 -0.097197
v -0.001669 0.288629 -0.098535
v -0.001669 0.229823 -0.097827
v -0.001669 0.290731 -0.094371
v -0.001669 0.166756 -0.097827
v -0.001669 0.289483 -0.094583
v -0.001669 -0.085330 -0.096983
v -0.001669 -0.089113 -0.099068
v -0.001669 0.165235 -0.099287
v -0.001669 -0.025458 -0.099326
v -0.001669 0.036227 -0.095378
v -0.001669 -0.022801 -0.095378
v -0.001669 0.103689 -0.097827
v -0.001669 0.162241 -0.098190
v -0.001669 0.040621 -0.097829
v -0.001669 0.225562 -0.098535
v -0.001669 0.166666 -0.095721
v -0.001669 0.224935 -0.097197
v -0.001669 0.099294 -0.095378
v -0.001669 0.098756 -0.096983
v -0.001669 0.162360 -0.095380
v -0.001669 0.225291 -0.095544
v -0.001669 -0.086002 -0.098535
v -0.001669 -0.026706 -0.098535
v -0.001669 0.100880 -0.099397
v -0.001669 0.037215 -0.094583
v -0.001669 -0.022935 -0.098535
v -0.001669 0.036361 -0.098535
v -0.001669 0.100282 -0.094583
v -0.001669 0.038891 -0.094397
v -0.001669 -0.086856 -0.094583
v -0.001669 0.226416 -0.094583
v -0.001669 -0.024176 -0.094397
v -0.001669 0.040533 -0.095723
v -0.001669 0.163349 -0.094583
v -0.001669 0.101958 -0.094397
v -0.001669 0.165026 -0.094397
v -0.001669 -0.027378 -0.096981
v -0.001669 -0.149069 -0.098535
v -0.001669 -0.090263 -0.097827
v -0.001669 -0.212136 -0.098535
v -0.001669 -0.153330 -0.097827
v -0.001669 -0.085868 -0.095378
v -0.001669 -0.148798 -0.095544
v -0.001669 -0.026840 -0.095378
v -0.001669 -0.025852 -0.094583
v -0.001669 -0.088532 -0.094397
v -0.001669 -0.148442 -0.097197
v -0.001669 -0.152180 -0.099068
v -0.001669 -0.090173 -0.095721
v -0.001669 -0.152726 -0.095026
v -0.001669 -0.212990 -0.094583
v -0.001669 -0.151171 -0.094371
v -0.001669 0.161850 -0.096769
v -0.001669 0.103599 -0.095721
v -0.001669 -0.211509 -0.097197
v -0.001669 -0.153397 -0.096346
v -0.001669 -0.211865 -0.095544
v -0.001669 -0.339123 -0.094583
v -0.001669 -0.340371 -0.094371
v -0.001669 -0.342598 -0.096346
v -0.001669 -0.342578 -0.097614
v -0.001669 -0.341575 -0.098973
v -0.012771 0.100481 -0.105605
v -0.012814 0.039100 -0.105605
v -0.011909 0.099278 -0.105605
v -0.012771 -0.213189 -0.105605
v -0.012876 -0.151382 -0.105605
v -0.011744 0.355760 -0.105605
v -0.010080 0.356075 -0.105605
v -0.015956 0.360725 -0.105605
v -0.012876 0.290942 -0.105605
v -0.012771 0.352749 -0.105605
v -0.012852 0.354220 -0.105605
v -0.012355 0.292094 -0.105605
v -0.001669 0.360725 -0.105605
v -0.008552 0.355352 -0.105605
v -0.011743 0.351402 -0.105605
v -0.009866 0.351106 -0.105605
v -0.010080 0.293008 -0.105605
v -0.007897 0.353797 -0.105605
v -0.008552 -0.215792 -0.105605
v -0.008280 -0.275654 -0.105605
v -0.010075 0.035754 -0.105605
v -0.010075 -0.022328 -0.105605
v -0.012771 0.289682 -0.105605
v -0.012876 0.227875 -0.105605
v -0.012771 0.163548 -0.105605
v -0.012876 0.101741 -0.105605
v -0.012771 -0.276256 -0.105605
v -0.012876 -0.214449 -0.105605
v -0.012355 0.229027 -0.105605
v -0.011336 0.292846 -0.105605
v -0.012355 -0.215601 -0.105605
v -0.008280 0.289081 -0.105605
v -0.008552 0.229218 -0.105605
v -0.011743 -0.274909 -0.105605
v -0.011336 -0.216353 -0.105605
v -0.009866 -0.274613 -0.105605
v -0.010080 -0.216515 -0.105605
v -0.007897 -0.214238 -0.105605
v -0.001669 -0.347300 -0.105605
v -0.008552 0.292285 -0.105605
v -0.008280 0.352147 -0.105605
v -0.007897 0.227664 -0.105605
v -0.015956 -0.347300 -0.105605
v -0.012771 -0.339323 -0.105605
v -0.012852 -0.277727 -0.105605
v -0.011743 -0.337976 -0.105605
v -0.007897 -0.277304 -0.105605
v -0.010080 -0.279582 -0.105605
v -0.009866 -0.337680 -0.105605
v -0.008280 -0.338721 -0.105605
v -0.008552 -0.278859 -0.105605
v -0.011744 -0.279267 -0.105605
v -0.012852 -0.025459 -0.105605
v -0.012771 -0.087055 -0.105605
v -0.010080 0.229941 -0.105605
v -0.009866 0.288039 -0.105605
v -0.011743 0.288335 -0.105605
v -0.011336 0.166712 -0.105605
v -0.007897 0.290731 -0.105605
v -0.011336 0.229779 -0.105605
v -0.011909 -0.085853 -0.105605
v -0.012771 -0.150122 -0.105605
v -0.012876 -0.088315 -0.105605
v -0.012876 0.164808 -0.105605
v -0.012771 -0.023988 -0.105605
v -0.012771 0.037414 -0.105605
v -0.008903 0.036229 -0.105605
v -0.008903 -0.022803 -0.105605
v -0.011743 0.162201 -0.105605
v -0.012355 0.102893 -0.105605
v -0.011540 0.040509 -0.105605
v -0.011743 0.225268 -0.105605
v -0.012355 0.165960 -0.105605
v -0.009869 0.166858 -0.105605
v -0.009866 0.224972 -0.105605
v -0.012771 0.226615 -0.105605
v -0.008903 0.040264 -0.105605
v -0.008109 0.100282 -0.105605
v -0.007923 0.038891 -0.105605
v -0.010512 0.098804 -0.105605
v -0.011336 0.103645 -0.105605
v -0.008109 0.037215 -0.105605
v -0.011743 -0.022641 -0.105605
v -0.011743 0.036067 -0.105605
v -0.008750 0.166256 -0.105605
v -0.008280 0.226014 -0.105605
v -0.008109 -0.086856 -0.105605
v -0.007923 -0.024176 -0.105605
v -0.010075 0.040739 -0.105605
v -0.009072 0.099156 -0.105605
v -0.007923 0.101958 -0.105605
v -0.008280 0.162947 -0.105605
v -0.007923 0.165026 -0.105605
v -0.012355 -0.089467 -0.105605
v -0.011743 -0.027000 -0.105605
v -0.010512 -0.085378 -0.105605
v -0.011743 -0.148775 -0.105605
v -0.011336 -0.090219 -0.105605
v -0.012355 -0.152534 -0.105605
v -0.011743 -0.211842 -0.105605
v -0.010075 -0.027313 -0.105605
v -0.009072 -0.085730 -0.105605
v -0.008280 -0.149521 -0.105605
v -0.008903 -0.089905 -0.105605
v -0.008903 -0.026838 -0.105605
v -0.008109 -0.025852 -0.105605
v -0.007923 -0.088532 -0.105605
v -0.011336 -0.153286 -0.105605
v -0.009866 -0.148479 -0.105605
v -0.010080 -0.090381 -0.105605
v -0.008280 -0.212588 -0.105605
v -0.008430 -0.152548 -0.105605
v -0.007897 -0.151171 -0.105605
v -0.009866 0.161905 -0.105605
v -0.010080 0.103807 -0.105605
v -0.008903 0.103331 -0.105605
v -0.009869 -0.153432 -0.105605
v -0.009866 -0.211546 -0.105605
v -0.010080 -0.342649 -0.105605
v -0.007897 -0.340371 -0.105605
v -0.008552 -0.341926 -0.105605
v -0.011744 -0.342334 -0.105605
v -0.012852 -0.340794 -0.105605
v -0.015956 0.360725 -0.105605
v -0.015956 -0.347300 -0.102430
v -0.015956 -0.347300 -0.105605
v -0.015956 0.360725 -0.102430
v -0.012771 0.352749 -0.102430
v -0.012876 0.290942 -0.102430
v -0.015956 0.360725 -0.102430
v -0.012771 0.289682 -0.102430
v -0.012355 0.229027 -0.102430
v -0.012876 0.227875 -0.102430
v -0.015956 -0.347300 -0.102430
v -0.012852 -0.025459 -0.102430
v -0.011336 0.292846 -0.102430
v -0.012771 0.037414 -0.102430
v -0.012771 -0.023988 -0.102430
v -0.010080 0.293008 -0.102430
v -0.009866 0.351106 -0.102430
v -0.011336 0.229779 -0.102430
v -0.012814 0.039100 -0.102430
v -0.012876 -0.214449 -0.102430
v -0.011540 0.040509 -0.102430
v -0.011909 0.099278 -0.102430
v -0.012771 -0.087055 -0.102430
v -0.008552 0.229218 -0.102430
v -0.008280 0.289081 -0.102430
v -0.011743 -0.027000 -0.102430
v -0.011909 -0.085853 -0.102430
v -0.007897 0.353797 -0.102430
v -0.004844 0.360725 -0.102430
v -0.010080 -0.216515 -0.102430
v -0.009866 -0.274613 -0.102430
v -0.010080 0.356075 -0.102430
v -0.008552 0.355352 -0.102430
v -0.011744 0.355760 -0.102430
v -0.012852 0.354220 -0.102430
v -0.012876 0.101741 -0.102430
v -0.011743 0.351402 -0.102430
v -0.012355 0.292094 -0.102430
v -0.012771 -0.276256 -0.102430
v -0.011743 -0.274909 -0.102430
v -0.012355 -0.215601 -0.102430
v -0.011743 0.288335 -0.102430
v -0.011743 -0.022641 -0.102430
v -0.011743 0.036067 -0.102430
v -0.011336 -0.216353 -0.102430
v -0.012771 0.100481 -0.102430
v -0.012876 -0.151382 -0.102430
v -0.008280 -0.149521 -0.102430
v -0.008903 -0.089905 -0.102430
v -0.009866 0.288039 -0.102430
v -0.010080 0.229941 -0.102430
v -0.012852 -0.277727 -0.102430
v -0.012771 -0.339323 -0.102430
v -0.009866 -0.337680 -0.102430
v -0.011743 -0.337976 -0.102430
v -0.010080 -0.279582 -0.102430
v -0.012771 -0.150122 -0.102430
v -0.004844 -0.347300 -0.102430
v -0.007897 -0.214238 -0.102430
v -0.007897 0.227664 -0.102430
v -0.008552 -0.215792 -0.102430
v -0.011744 -0.279267 -0.102430
v -0.008280 -0.275654 -0.102430
v -0.007897 -0.277304 -0.102430
v -0.008280 -0.338721 -0.102430
v -0.008552 -0.278859 -0.102430
v -0.010080 -0.342649 -0.102430
v -0.011744 -0.342334 -0.102430
v -0.012876 -0.088315 -0.102430
v -0.008552 0.292285 -0.102430
v -0.008280 0.352147 -0.102430
v -0.007897 0.290731 -0.102430
v -0.012771 -0.213189 -0.102430
v -0.012355 -0.089467 -0.102430
v -0.011743 -0.148775 -0.102430
v -0.011743 -0.211842 -0.102430
v -0.012355 -0.152534 -0.102430
v -0.011336 -0.153286 -0.102430
v -0.009869 -0.153432 -0.102430
v -0.010512 0.098804 -0.102430
v -0.010075 0.040739 -0.102430
v -0.008109 0.100282 -0.102430
v -0.009866 -0.211546 -0.102430
v -0.008109 0.037215 -0.102430
v -0.012771 0.163548 -0.102430
v -0.009072 0.099156 -0.102430
v -0.011743 0.162201 -0.102430
v -0.012355 0.102893 -0.102430
v -0.008280 0.162947 -0.102430
v -0.008903 0.040264 -0.102430
v -0.007923 -0.024176 -0.102430
v -0.008903 -0.026838 -0.102430
v -0.007923 0.038891 -0.102430
v -0.008109 -0.086856 -0.102430
v -0.008109 -0.025852 -0.102430
v -0.008430 -0.152548 -0.102430
v -0.008280 -0.212588 -0.102430
v -0.008903 0.103331 -0.102430
v -0.012771 0.226615 -0.102430
v -0.012876 0.164808 -0.102430
v -0.012355 0.165960 -0.102430
v -0.011743 0.225268 -0.102430
v -0.011336 0.103645 -0.102430
v -0.009866 0.161905 -0.102430
v -0.010080 0.103807 -0.102430
v -0.007923 0.165026 -0.102430
v -0.008280 0.226014 -0.102430
v -0.008750 0.166256 -0.102430
v -0.007923 0.101958 -0.102430
v -0.010075 0.035754 -0.102430
v -0.010075 -0.022328 -0.102430
v -0.008903 0.036229 -0.102430
v -0.008903 -0.022803 -0.102430
v -0.007923 -0.088532 -0.102430
v -0.007897 -0.151171 -0.102430
v -0.010512 -0.085378 -0.102430
v -0.010075 -0.027313 -0.102430
v -0.009072 -0.085730 -0.102430
v -0.011336 0.166712 -0.102430
v -0.009866 0.224972 -0.102430
v -0.009869 0.166858 -0.102430
v -0.011336 -0.090219 -0.102430
v -0.010080 -0.090381 -0.102430
v -0.009866 -0.148479 -0.102430
v -0.012852 -0.340794 -0.102430
v -0.008552 -0.341926 -0.102430
v -0.007897 -0.340371 -0.102430
v -0.004844 0.291740 -0.099068
v -0.004844 0.290081 -0.099397
v -0.004844 0.227014 -0.099397
v -0.004844 0.360725 -0.102430
v -0.004844 0.228673 -0.099068
v -0.004844 -0.087454 -0.099397
v -0.004844 -0.347300 -0.102430
v -0.004844 -0.025458 -0.099326
v -0.004844 -0.023984 -0.099243
v -0.004844 0.292890 -0.097827
v -0.004844 0.351051 -0.096769
v -0.004844 0.229823 -0.097827
v -0.004844 0.292957 -0.096347
v -0.004844 0.039472 -0.099068
v -0.004844 -0.213588 -0.099397
v -0.004844 0.040621 -0.097829
v -0.004844 0.229219 -0.095026
v -0.004844 0.352549 -0.094583
v -0.004844 -0.026706 -0.098535
v -0.004844 -0.086002 -0.098535
v -0.004844 0.353797 -0.094371
v -0.004844 0.360725 -0.091318
v -0.004844 -0.216464 -0.096347
v -0.004844 -0.274932 -0.095544
v -0.004844 -0.274576 -0.097197
v -0.004844 0.356140 -0.096981
v -0.004844 0.355353 -0.095026
v -0.004844 0.355188 -0.098867
v -0.004844 0.353366 -0.099398
v -0.004844 0.100880 -0.099397
v -0.004844 0.351661 -0.098566
v -0.004844 -0.215247 -0.099068
v -0.004844 -0.276252 -0.099243
v -0.004844 -0.275203 -0.098535
v -0.004844 0.288629 -0.098535
v -0.004844 0.035689 -0.096981
v -0.004844 -0.022263 -0.096981
v -0.004844 0.037813 -0.099397
v -0.004844 -0.216397 -0.097827
v -0.004844 -0.150521 -0.099397
v -0.004844 0.288002 -0.097197
v -0.004844 -0.277727 -0.099325
v -0.004844 -0.338575 -0.098828
v -0.004844 -0.339940 -0.099398
v -0.004844 0.036361 -0.098535
v -0.004844 -0.022935 -0.098535
v -0.004844 -0.337733 -0.097614
v -0.004844 -0.279647 -0.096981
v -0.004844 -0.337871 -0.095720
v -0.004844 -0.089113 -0.099068
v -0.004844 -0.347300 -0.091318
v -0.004844 -0.214238 -0.094371
v -0.004844 0.289483 -0.094583
v -0.004844 0.227664 -0.094371
v -0.004844 -0.215793 -0.095026
v -0.004844 -0.278973 -0.098536
v -0.004844 -0.276056 -0.094583
v -0.004844 -0.277304 -0.094371
v -0.004844 -0.339123 -0.094583
v -0.004844 -0.278860 -0.095026
v -0.004844 -0.342578 -0.097614
v -0.004844 -0.342598 -0.096346
v -0.004844 0.351561 -0.095380
v -0.004844 0.292286 -0.095026
v -0.004844 0.290731 -0.094371
v -0.004844 -0.152180 -0.099068
v -0.004844 -0.090263 -0.097827
v -0.004844 -0.149069 -0.098535
v -0.004844 -0.212136 -0.098535
v -0.004844 -0.153330 -0.097827
v -0.004844 -0.211509 -0.097197
v -0.004844 0.229890 -0.096347
v -0.004844 0.099428 -0.098535
v -0.004844 0.288358 -0.095544
v -0.004844 0.098756 -0.096983
v -0.004844 0.100282 -0.094583
v -0.004844 0.037215 -0.094583
v -0.004844 -0.153397 -0.096346
v -0.004844 0.163336 -0.099182
v -0.004844 0.102539 -0.099068
v -0.004844 0.040533 -0.095723
v -0.004844 -0.027378 -0.096981
v -0.004844 -0.085330 -0.096983
v -0.004844 0.099294 -0.095378
v -0.004844 0.162241 -0.098190
v -0.004844 0.103689 -0.097827
v -0.004844 0.163349 -0.094583
v -0.004844 -0.152726 -0.095026
v -0.004844 -0.024176 -0.094397
v -0.004844 -0.085868 -0.095378
v -0.004844 -0.026840 -0.095378
v -0.004844 0.038891 -0.094397
v -0.004844 -0.086856 -0.094583
v -0.004844 -0.025852 -0.094583
v -0.004844 -0.211865 -0.095544
v -0.004844 0.162360 -0.095380
v -0.004844 0.165235 -0.099287
v -0.004844 0.225562 -0.098535
v -0.004844 0.166756 -0.097827
v -0.004844 0.161850 -0.096769
v -0.004844 0.103599 -0.095721
v -0.004844 0.165026 -0.094397
v -0.004844 0.226416 -0.094583
v -0.004844 0.101958 -0.094397
v -0.004844 0.036227 -0.095378
v -0.004844 -0.022801 -0.095378
v -0.004844 -0.149923 -0.094583
v -0.004844 -0.088532 -0.094397
v -0.004844 -0.151171 -0.094371
v -0.004844 -0.212990 -0.094583
v -0.004844 0.224935 -0.097197
v -0.004844 0.166666 -0.095721
v -0.004844 0.225291 -0.095544
v -0.004844 -0.148442 -0.097197
v -0.004844 -0.090173 -0.095721
v -0.004844 -0.148798 -0.095544
v -0.004844 -0.341575 -0.098973
v -0.004844 -0.341927 -0.095026
v -0.004844 -0.340371 -0.094371
v -0.004844 0.360725 -0.091318
v -0.001669 0.360725 -0.091318
v -0.001669 -0.347300 -0.091318
v -0.004844 -0.347300 -0.091318
v -0.015956 0.360725 -0.105605
v -0.004844 0.360725 -0.102430
v -0.015956 0.360725 -0.102430
v -0.001669 0.360725 -0.105605
v -0.001669 0.360725 -0.091318
v -0.004844 0.360725 -0.091318
v -0.001669 -0.347300 -0.105605
v -0.004844 -0.347300 -0.102430
v -0.001669 -0.347300 -0.091318
v -0.015956 -0.347300 -0.105605
v -0.004844 -0.347300 -0.091318
v -0.015956 -0.347300 -0.102430
vn -0.0000 -0.0000 1.0000
vn -0.2321 -0.9193 -0.3179
vn -0.0342 0.0938 -0.9950
vn -0.0272 0.0861 -0.9959
vn -0.1524 0.2249 -0.9624
vn -0.5956 -0.7806 0.1896
vn 0.2147 0.9766 -0.0153
vn 0.1439 0.9876 0.0628
vn 0.2326 0.9719 -0.0354
vn 0.0289 -0.0026 0.9996
vn 0.0597 -0.0345 0.9976
vn 0.2050 -0.1860 0.9609
vn 0.8116 0.5292 -0.2476
vn -0.1387 0.6758 0.7239
vn 0.2710 -0.1830 0.9450
vn -0.0531 -0.9525 -0.3000
vn -0.0489 -0.9539 -0.2963
vn -0.0825 -0.9419 -0.3257
vn -0.1658 0.1837 -0.9689
vn -0.0390 0.3222 -0.9459
vn -0.1216 0.2261 -0.9665
vn -0.0390 0.3223 -0.9458
vn 0.4987 -0.8596 -0.1107
vn 0.4995 -0.8593 -0.1099
vn 0.4696 -0.8715 -0.1416
vn 0.0210 -0.9340 -0.3567
vn 0.0154 -0.9315 -0.3635
vn -0.0621 -0.8890 -0.4536
vn -0.0629 -0.9804 -0.1866
vn -0.0658 -0.9796 -0.1901
vn -0.1783 -0.9300 -0.3214
vn 0.1772 -0.1871 0.9662
vn 0.0877 -0.2828 0.9552
vn 0.0837 -0.2869 0.9543
vn -0.0023 0.9732 0.2300
vn -0.0652 0.9822 0.1763
vn 0.0173 0.9690 0.2464
vn -0.0476 -0.3425 0.9383
vn 0.0488 -0.4250 0.9039
vn -0.0702 -0.3222 0.9441
vn 0.2245 0.9641 0.1418
vn -0.0530 -0.9525 -0.3000
vn -0.0488 -0.9539 -0.2963
vn -0.0824 -0.9419 -0.3256
vn 0.8589 0.4730 -0.1963
vn -0.0341 0.0938 -0.9950
vn -0.0272 0.0860 -0.9959
vn -0.8493 0.5015 0.1646
vn -0.7002 -0.7137 0.0193
vn -0.7137 -0.7004 0.0050
vn -0.6030 -0.7899 0.1115
vn 0.1399 -0.4634 -0.8751
vn -0.1300 0.1613 0.9783
vn -0.1959 0.9652 0.1730
vn -1.0000 -0.0000 -0.0000
vn 0.1437 0.9887 -0.0436
vn 0.0296 0.9981 0.0538
vn 0.1446 0.9885 -0.0444
vn -0.1502 0.9339 -0.3246
vn 0.8657 -0.4726 -0.1647
vn 0.8303 -0.5504 -0.0871
vn 0.8271 -0.5563 -0.0809
vn -0.5999 -0.7858 0.1503
vn 0.1367 -0.6001 -0.7881
vn -0.0877 0.1536 -0.9842
vn -0.0685 0.1322 -0.9889
vn -0.2281 0.3080 -0.9237
vn 0.4566 -0.8761 -0.1547
vn 0.4547 -0.8768 -0.1566
vn 0.3945 -0.8932 -0.2156
vn -0.2465 0.1256 -0.9610
vn 1.0000 -0.0000 -0.0000
vn -0.8475 -0.4927 -0.1975
vn -0.1756 -0.9627 -0.2057
vn -0.9607 0.2647 -0.0839
vn -0.9555 0.2773 -0.1003
vn -0.9614 0.2627 -0.0814
vn 0.0468 -0.4802 0.8759
vn 0.0442 -0.4778 0.8774
vn 0.1137 -0.5436 0.8316
vn -0.1075 -0.2307 0.9671
vn -0.1271 -0.2144 0.9684
vn -0.1053 -0.2326 0.9669
vn 0.0765 -0.9969 -0.0187
vn 0.1407 0.9640 0.2254
vn 0.4887 -0.8667 -0.0998
vn 0.4880 -0.8670 -0.1006
vn 0.4710 -0.8739 -0.1199
vn 0.4625 -0.8840 -0.0688
vn 0.4695 -0.8808 -0.0623
vn 0.4023 -0.9072 -0.1228
vn -0.7549 -0.6546 -0.0412
vn -0.8507 -0.4947 -0.1779
vn -0.7582 -0.6505 -0.0452
vn -0.9511 0.2755 0.1398
vn -0.7924 -0.6036 -0.0886
vn -0.0093 0.9797 0.2001
vn -0.1047 0.9912 0.0812
vn -0.0110 0.9801 0.1981
vn 0.9900 -0.1382 -0.0294
vn 0.9403 -0.3008 -0.1593
vn 0.9894 -0.1419 -0.0322
vn -0.0070 0.6826 0.7307
vn 0.0233 0.7062 0.7076
vn 0.0210 0.7044 0.7095
vn -0.2352 0.7507 0.6174
vn -0.0995 0.8586 0.5029
vn -0.0795 0.8712 0.4845
vn -0.1807 0.7756 0.6048
vn -0.1876 0.7788 0.5986
vn -0.2438 0.8022 0.5450
vn 0.4547 -0.8768 -0.1567
vn 0.3945 -0.8932 -0.2157
vn 1.0000 0.0019 -0.0037
vn 1.0000 0.0056 -0.0005
vn 0.9984 -0.0394 -0.0396
vn 0.8456 -0.5325 -0.0361
vn 0.8464 -0.5313 -0.0373
vn 0.8959 -0.4216 -0.1401
vn 0.1899 0.9817 0.0122
vn 0.1437 0.9876 0.0628
vn 0.1990 0.9800 0.0020
vn -0.7854 -0.5981 -0.1598
vn 0.0102 -0.5686 0.8226
vn -0.0103 -0.5860 0.8102
vn 0.1661 -0.4195 0.8924
vn -0.2934 -0.9560 -0.0004
vn -0.3194 -0.9471 -0.0310
vn -0.2931 -0.9561 -0.0000
vn -0.8581 0.5067 0.0831
vn -0.8827 0.4685 0.0368
vn -0.8827 0.4685 0.0367
vn -0.0755 -0.2569 0.9635
vn -0.0159 -0.3043 0.9524
vn -0.0938 -0.2420 0.9657
vn -0.6928 -0.7199 0.0422
vn -0.7922 -0.6032 -0.0930
vn -0.6951 -0.7178 0.0395
vn 0.4235 -0.9054 -0.0310
vn 0.4344 -0.9005 -0.0216
vn 0.3470 -0.9331 -0.0945
vn 0.1450 -0.9028 -0.4049
vn 0.1527 -0.9046 -0.3980
vn 0.0907 -0.8871 -0.4525
vn -0.1531 0.9879 -0.0239
vn -0.1269 0.9919 -0.0057
vn 0.0289 0.9945 0.1005
vn -0.7746 0.5754 0.2626
vn -0.8645 0.4860 0.1283
vn -0.8946 0.4417 0.0682
vn -0.0520 -0.1394 -0.9889
vn -0.0546 -0.1421 -0.9883
vn -0.0972 -0.1849 -0.9779
vn -0.2603 -0.1794 -0.9487
vn -0.8442 0.4977 0.1989
vn -0.6029 -0.7900 0.1116
vn 0.1634 -0.9409 0.2967
vn -0.0493 0.9434 -0.3281
vn -0.0111 0.9299 -0.3676
vn -0.0132 0.9307 -0.3655
vn -0.5331 0.8138 -0.2313
vn 0.8116 0.5291 -0.2475
vn 0.4482 -0.8821 -0.1451
vn 0.4433 -0.8837 -0.1504
vn 0.3958 -0.8962 -0.2002
vn -0.5386 0.8226 -0.1822
vn -0.9436 0.2740 0.1857
vn -0.3138 -0.9319 0.1818
vn 0.2242 0.9575 0.1812
vn -0.9358 0.3523 0.0121
vn -0.9575 0.2777 0.0779
vn -0.9372 0.3485 0.0155
vn -0.0000 -0.0000 -1.0000
vn -0.9513 0.3031 0.0561
vn -0.9697 0.1943 0.1480
vn -0.9505 0.3061 0.0534
vn 0.3448 -0.9281 -0.1407
vn -0.0461 0.9986 0.0254
vn -0.0564 0.9983 0.0172
vn 0.1416 0.9746 0.1736
vn 0.2059 0.9786 -0.0051
vn 0.2278 0.9732 -0.0297
vn -0.2603 -0.1793 -0.9487
vn -0.0523 0.4066 -0.9121
vn -0.1653 0.3121 -0.9356
vn -0.0160 0.4349 -0.9003
vn -0.3967 -0.9177 0.0235
vn -0.4050 -0.9142 0.0126
vn -0.3951 -0.9183 0.0255
vn -0.2717 0.7961 0.5408
vn -0.1640 0.8709 0.4632
vn -0.1345 0.8876 0.4406
vn -0.9953 0.0817 0.0518
vn -0.9968 0.0694 0.0400
vn -0.9680 0.1936 0.1598
vn -0.0530 -0.9525 -0.2999
vn -0.0488 -0.9539 -0.2962
vn -0.0240 0.5499 -0.8349
vn -0.0140 0.5565 -0.8307
vn 0.0223 0.5793 -0.8148
vn 0.9876 -0.0390 -0.1522
vn 0.2708 -0.1829 0.9451
vn 0.4531 -0.8408 -0.2962
vn -0.0000 1.0000 -0.0000
vn -0.0000 -1.0000 -0.0000
vn 0.0267 0.9137 -0.4056
vn -0.9044 0.4233 -0.0538
vn 0.1416 0.9205 0.3642
vn -0.0318 0.9814 0.1893
vn -0.0066 0.9765 0.2156
vn 0.9401 -0.1627 0.2994
vn 0.1382 0.6276 -0.7661
vn -0.2331 -0.9696 0.0739
vn 0.9941 0.1084 -0.0041
vn 0.9935 0.1137 -0.0089
vn 0.9828 0.1733 -0.0637
vn -0.0835 -0.9964 0.0157
vn 0.0997 -0.0568 -0.9934
vn -0.0156 -0.9637 -0.2667
vn 0.0782 -0.8692 -0.4882
vn 0.1137 -0.8820 -0.4574
vn -0.0508 -0.8061 -0.5895
vn 0.5071 -0.8519 0.1308
vn -0.0002 -0.0000 1.0000
vn 0.0002 -0.0000 1.0000
vn 0.0001 -0.0000 1.0000
vn 0.0943 -0.9595 -0.2654
vn 0.9876 0.0469 0.1500
vn 0.0170 0.9486 0.3159
vn 0.5369 -0.8409 -0.0683
vn -0.0897 -0.2455 0.9652
vn 0.0869 0.9450 0.3152
vn -0.2526 0.9557 -0.1511
vn 0.0996 -0.0567 -0.9934
vn -0.1441 -0.2000 0.9691
vn 0.1060 0.5225 -0.8460
vn -0.0301 -0.3991 0.9164
vn 0.2814 -0.8922 -0.3532
vn 0.2968 0.9487 -0.1092
vn -0.9055 0.4240 -0.0147
vn -0.1541 -0.2435 0.9576
vn 0.2432 0.9612 -0.1300
vn -0.1622 -0.6990 0.6965
vn 0.0537 0.4232 -0.9045
vn 0.9876 0.0467 0.1501
vn 0.7500 0.6177 0.2367
vn 0.1294 0.9443 -0.3026
vn -0.5827 -0.7971 0.1586
vn 0.1384 0.7276 0.6719
vn -0.1693 0.9847 0.0402
vn 0.1422 0.9390 0.3132
vn -0.9471 0.3055 -0.0986
vn 0.1196 -0.9449 -0.3047
vn 0.0016 -0.9880 -0.1542
vn -0.0119 -0.9905 -0.1367
vn -0.0961 0.7312 0.6753
vn -0.9044 0.4232 -0.0538
vn 0.2447 0.9683 -0.0494
vn 0.9923 0.0472 0.1146
vn 0.9982 0.0474 0.0359
vn -0.9951 -0.0568 -0.0810
vn 0.0491 0.7253 0.6867
vn -0.9378 -0.1999 -0.2840
vn -0.4183 -0.8582 0.2975
vn -0.5746 -0.7850 0.2315
vn 0.5367 -0.8410 -0.0683
vn 0.1841 0.9827 0.0191
vn 0.3289 0.9038 -0.2739
vn 0.5101 -0.8569 -0.0748
vn 0.0893 0.9449 0.3150
vn 0.1921 -0.9124 -0.3614
vn 0.8076 0.5892 0.0246
vn 0.7775 0.6288 -0.0049
vn 0.6758 0.7316 -0.0902
vn 0.2603 -0.8977 -0.3554
vn -0.0032 -0.0899 -0.9959
vn 0.7657 -0.6383 0.0789
vn -0.3861 -0.9217 0.0371
vn 0.7685 -0.6396 0.0143
vn 0.0792 0.9515 0.2973
vn -0.3028 0.9442 -0.1293
vn -0.9377 -0.2000 -0.2840
vn 0.2309 0.5115 -0.8277
vn -0.9653 0.2521 -0.0677
vn -0.2221 -0.6905 0.6884
vn 0.0001 -0.0000 -1.0000
vn 0.8793 0.4635 0.1095
vn 0.0997 -0.0567 -0.9934
vn 0.7623 -0.6347 0.1268
vn 0.1384 0.7276 0.6720
vn 0.5110 -0.8583 0.0472
vn -0.5747 -0.7850 0.2315
vn -0.0001 -0.0000 -1.0000
vn -0.2529 0.9570 -0.1422
vn -0.9518 -0.2029 -0.2299
vn 0.2175 -0.9075 -0.3593
vn 0.8764 0.4622 0.1355
vn -0.2385 -0.7019 0.6712
vn 0.9976 0.0471 0.0515
vn -0.2666 -0.9633 0.0305
vn -0.1265 -0.9918 0.0156
vn 0.5382 -0.8428 0.0046
vn -0.0329 -0.3990 0.9164
vn 0.5100 -0.8569 -0.0749
vn 0.1644 0.5186 -0.8391
vn -0.2526 0.9557 -0.1512
vn -0.0615 0.5247 -0.8491
vn 0.2073 0.9316 -0.2985
s 1
f 708//1 706//1 705//1
f 50//2 49//2 48//2
f 74//3 75//4 73//5
f 176//6 178//6 177//6
f 145//7 144//8 143//9
f 27//10 33//11 34//12
f 133//13 141//13 134//13
f 10//14 9//14 11//14
f 35//15 36//15 42//15
f 24//16 25//17 23//18
f 56//19 57//19 55//19
f 47//20 48//21 45//22
f 123//23 120//24 121//25
f 573//1 554//1 555//1
f 103//26 104//27 102//28
f 58//29 59//30 57//31
f 89//32 90//33 97//34
f 46//35 45//36 44//37
f 77//38 78//39 70//40
f 126//41 127//41 125//41
f 67//42 68//43 66//44
f 125//45 124//45 126//45
f 22//46 23//47 21//5
f 201//48 202//48 203//48
f 156//49 158//50 157//51
f 57//52 56//52 58//52
f 33//11 27//10 28//53
f 72//54 73//54 71//54
f 9//32 10//33 17//34
f 462//55 461//55 460//55
f 165//56 164//57 163//58
f 25//38 26//39 18//40
f 91//59 92//59 93//59
f 108//60 107//61 114//62
f 146//63 147//63 148//63
f 692//55 694//55 700//55
f 48//64 47//64 50//64
f 101//65 102//66 99//67
f 124//68 130//69 131//70
f 32//71 31//71 30//71
f 249//72 244//72 245//72
f 172//45 171//45 173//45
f 117//48 118//48 119//48
f 119//73 118//73 121//73
f 492//1 490//1 465//1
f 149//74 148//74 147//74
f 147//75 146//76 144//77
f 79//78 87//79 88//80
f 49//81 51//82 43//83
f 60//84 59//30 58//29
f 134//85 135//85 133//85
f 141//86 138//87 139//88
f 198//89 195//90 196//91
f 137//92 136//93 139//94
f 175//95 176//95 174//95
f 156//49 155//96 158//50
f 29//97 30//98 28//99
f 150//100 149//101 142//102
f 80//103 79//104 81//105
f 2//106 1//107 3//108
f 106//109 100//110 99//111
f 180//68 186//112 187//113
f 151//114 159//115 160//116
f 207//117 216//118 208//119
f 154//120 153//121 152//122
f 90//14 89//14 91//14
f 167//123 166//123 169//123
f 106//124 105//125 98//126
f 216//127 215//128 213//129
f 519//1 521//1 517//1
f 182//41 183//41 181//41
f 68//38 69//39 61//40
f 191//130 192//131 194//132
f 59//133 60//134 52//135
f 203//73 202//73 205//73
f 194//136 193//137 196//138
f 160//139 157//140 158//141
f 40//142 41//143 39//144
f 210//145 211//146 209//147
f 109//148 110//149 112//150
f 115//13 123//13 116//13
f 83//151 85//152 86//153
f 20//54 21//54 19//54
f 13//154 14//154 15//154
f 127//155 128//155 129//155
f 137//92 139//94 138//156
f 51//157 49//157 50//157
f 81//158 82//159 83//160
f 135//161 134//161 136//161
f 65//3 66//4 64//5
f 199//162 206//162 200//162
f 171//163 177//164 178//165
f 11//59 12//59 13//59
f 117//166 116//166 118//166
f 136//167 137//167 135//167
f 169//168 168//168 167//168
f 116//169 117//169 115//169
f 155//170 156//171 153//172
f 369//173 372//173 371//173
f 166//174 167//175 164//176
f 170//177 168//177 169//177
f 173//178 174//179 172//180
f 183//155 184//155 185//155
f 192//181 191//182 190//181
f 63//54 64//54 62//54
f 469//1 583//1 511//1
f 181//45 180//45 182//45
f 93//183 94//183 95//183
f 40//184 39//185 37//186
f 201//166 200//166 202//166
f 200//169 201//169 199//169
f 114//187 113//188 112//189
f 36//190 35//191 37//192
f 212//193 213//194 211//195
f 76//196 77//197 75//44
f 3//198 5//199 6//200
f 162//201 161//201 170//201
f 646//55 702//55 592//55
f 1//202 2//202 8//202
f 206//203 204//203 205//203
f 709//204 711//204 710//204
f 717//205 719//205 716//205
f 83//160 82//159 84//206
f 661//55 669//55 666//55
f 661//55 666//55 677//55
f 689//55 661//55 677//55
f 670//55 671//55 685//55
f 685//55 671//55 686//55
f 685//55 686//55 681//55
f 681//55 686//55 672//55
f 686//55 689//55 672//55
f 687//55 672//55 689//55
f 696//55 683//55 684//55
f 696//55 684//55 697//55
f 698//55 696//55 697//55
f 698//55 697//55 687//55
f 688//55 698//55 687//55
f 639//55 688//55 687//55
f 638//55 659//55 602//55
f 638//55 602//55 639//55
f 650//55 638//55 639//55
f 596//55 595//55 598//55
f 648//55 596//55 598//55
f 648//55 598//55 649//55
f 603//55 648//55 649//55
f 603//55 649//55 650//55
f 606//55 603//55 607//55
f 603//55 650//55 607//55
f 690//55 621//55 691//55
f 621//55 622//55 691//55
f 662//55 690//55 691//55
f 662//55 691//55 674//55
f 677//55 662//55 674//55
f 676//55 667//55 668//55
f 676//55 668//55 675//55
f 679//55 676//55 675//55
f 679//55 675//55 678//55
f 674//55 679//55 678//55
f 674//55 678//55 693//55
f 693//55 636//55 674//55
f 636//55 607//55 674//55
f 607//55 611//55 612//55
f 677//55 674//55 607//55
f 607//55 612//55 606//55
f 689//55 677//55 607//55
f 687//55 689//55 607//55
f 639//55 687//55 607//55
f 607//55 650//55 639//55
f 708//1 707//1 706//1
f 165//207 166//174 164//176
f 52//208 54//209 53//210
f 206//211 199//211 204//211
f 55//212 54//212 56//212
f 33//213 31//213 34//213
f 190//214 198//215 189//216
f 96//217 95//217 97//217
f 23//47 22//46 24//218
f 24//16 26//219 25//17
f 5//220 7//221 6//222
f 150//223 148//223 149//223
f 539//1 544//1 538//1
f 479//1 539//1 538//1
f 479//1 538//1 480//1
f 477//1 479//1 480//1
f 477//1 480//1 504//224
f 477//1 504//224 494//1
f 501//1 569//1 502//1
f 569//1 568//1 502//1
f 473//1 501//1 502//1
f 473//1 502//1 472//225
f 470//1 473//1 472//225
f 470//1 472//225 477//1
f 556//1 567//1 547//1
f 563//1 556//1 562//1
f 556//1 547//1 562//1
f 561//1 563//1 562//1
f 561//1 562//1 545//1
f 546//1 561//1 545//1
f 494//1 546//1 543//1
f 546//1 545//1 543//1
f 494//1 543//1 558//1
f 576//1 552//1 553//1
f 576//1 553//1 550//1
f 576//1 550//1 575//1
f 574//1 576//1 575//1
f 574//1 575//1 484//1
f 485//1 574//1 484//1
f 481//1 485//1 484//1
f 481//1 484//1 470//1
f 527//1 481//1 470//1
f 577//1 579//1 560//1
f 579//1 578//1 560//1
f 559//1 577//1 560//1
f 559//1 560//1 557//1
f 558//1 559//1 557//1
f 558//1 557//1 468//1
f 476//1 509//1 508//1
f 476//1 508//1 500//1
f 467//1 476//1 500//1
f 468//1 467//1 466//1
f 467//1 500//1 466//1
f 468//1 466//1 464//1
f 570//1 568//1 571//1
f 568//1 569//1 571//1
f 542//1 570//1 571//1
f 542//1 571//1 549//1
f 551//1 542//1 549//1
f 496//1 471//1 495//1
f 496//1 495//1 463//1
f 464//1 496//1 463//1
f 464//1 463//1 465//1
f 463//1 493//1 465//1
f 465//1 469//1 470//1
f 469//1 510//1 478//1
f 469//1 478//1 505//1
f 510//1 497//1 478//1
f 468//1 464//1 465//1
f 489//1 521//1 519//1
f 489//1 519//1 488//1
f 498//1 489//1 488//1
f 498//1 488//1 503//1
f 498//1 503//1 499//1
f 558//1 468//1 465//1
f 494//1 558//1 465//1
f 497//1 498//1 499//1
f 477//1 494//1 465//1
f 470//1 477//1 465//1
f 497//1 499//1 478//1
f 527//1 470//1 469//1
f 544//1 539//1 548//1
f 540//1 544//1 548//1
f 540//1 548//1 551//1
f 567//1 540//1 551//1
f 469//1 505//1 527//1
f 478//1 531//226 505//1
f 534//1 536//1 535//1
f 564//1 547//1 567//1
f 531//226 534//1 535//1
f 578//1 579//1 566//1
f 565//1 578//1 566//1
f 566//1 564//1 565//1
f 518//1 565//1 564//1
f 483//1 508//1 482//1
f 483//1 482//1 518//1
f 530//1 483//1 518//1
f 475//1 471//1 474//1
f 475//1 474//1 528//1
f 529//1 475//1 528//1
f 529//1 528//1 530//1
f 486//1 529//1 487//1
f 529//1 530//1 487//1
f 531//226 535//1 505//1
f 585//1 584//1 516//1
f 487//1 491//1 486//1
f 585//1 516//1 523//1
f 516//1 487//1 549//1
f 523//1 516//1 522//1
f 487//1 530//1 518//1
f 524//1 514//1 512//1
f 524//1 512//1 523//1
f 487//1 518//1 564//1
f 522//1 524//1 523//1
f 487//1 564//1 567//1
f 522//1 516//1 517//1
f 487//1 567//1 551//1
f 521//1 522//1 517//1
f 487//1 551//1 549//1
f 517//1 516//1 573//1
f 549//1 572//1 516//1
f 555//1 517//1 573//1
f 527//1 505//1 515//1
f 527//1 515//1 532//1
f 532//1 515//1 533//1
f 532//1 533//1 580//1
f 580//1 533//1 581//1
f 533//1 582//1 581//1
f 507//1 581//1 582//1
f 507//1 582//1 506//1
f 572//1 507//1 506//1
f 506//1 573//1 572//1
f 572//1 573//1 516//1
f 536//1 534//1 537//1
f 534//1 541//1 537//1
f 537//1 541//1 555//1
f 554//1 537//1 555//1
f 103//26 105//227 104//27
f 171//228 172//228 179//228
f 35//191 38//229 37//192
f 180//228 181//228 188//228
f 122//230 120//24 123//23
f 43//83 44//231 49//81
f 27//232 29//97 28//99
f 183//233 182//233 184//233
f 67//42 69//219 68//43
f 66//4 65//3 67//234
f 52//135 53//235 59//133
f 37//186 38//236 40//184
f 10//33 16//237 17//34
f 94//238 97//238 95//238
f 142//239 145//7 143//9
f 192//131 193//240 194//132
f 70//40 71//241 77//38
f 162//242 165//56 163//58
f 462//55 459//55 461//55
f 106//124 104//243 105//125
f 124//228 125//228 132//228
f 636//55 693//55 694//55
f 644//55 704//55 636//55
f 644//55 636//55 643//55
f 693//55 700//55 694//55
f 645//55 633//55 634//55
f 645//55 634//55 644//55
f 643//55 645//55 644//55
f 605//55 668//55 667//55
f 605//55 667//55 604//55
f 591//55 605//55 604//55
f 591//55 604//55 593//55
f 631//55 622//55 621//55
f 631//55 621//55 630//55
f 594//55 631//55 630//55
f 594//55 630//55 623//55
f 593//55 594//55 623//55
f 666//55 669//55 660//55
f 601//55 666//55 660//55
f 601//55 660//55 658//55
f 599//55 601//55 658//55
f 599//55 658//55 615//55
f 623//55 599//55 615//55
f 665//55 671//55 664//55
f 671//55 670//55 664//55
f 615//55 665//55 664//55
f 615//55 664//55 682//55
f 682//55 684//55 683//55
f 682//55 683//55 588//55
f 657//55 602//55 659//55
f 657//55 659//55 626//55
f 597//55 657//55 626//55
f 597//55 626//55 620//55
f 590//55 597//55 620//55
f 590//55 620//55 587//55
f 588//55 590//55 587//55
f 595//55 596//55 616//55
f 586//55 595//55 616//55
f 587//55 586//55 589//55
f 586//55 616//55 614//55
f 586//55 614//55 589//55
f 617//55 618//55 619//55
f 624//55 617//55 619//55
f 624//55 619//55 610//55
f 608//55 624//55 610//55
f 608//55 610//55 609//55
f 640//55 608//55 609//55
f 640//55 609//55 642//55
f 637//55 640//55 642//55
f 637//55 642//55 643//55
f 637//55 643//55 636//55
f 589//55 592//55 593//55
f 592//55 600//55 625//55
f 592//55 625//55 591//55
f 607//55 589//55 611//55
f 680//55 673//55 663//55
f 656//55 680//55 663//55
f 656//55 663//55 655//55
f 654//55 656//55 655//55
f 654//55 655//55 651//55
f 613//55 611//55 589//55
f 600//55 654//55 651//55
f 600//55 651//55 625//55
f 614//55 613//55 589//55
f 592//55 591//55 593//55
f 588//55 587//55 589//55
f 682//55 588//55 589//55
f 615//55 682//55 589//55
f 623//55 615//55 589//55
f 673//55 680//55 695//55
f 694//55 673//55 695//55
f 694//55 695//55 637//55
f 593//55 623//55 589//55
f 694//55 637//55 636//55
f 625//55 653//55 591//55
f 591//55 653//55 635//55
f 653//55 699//55 635//55
f 635//55 699//55 652//55
f 699//55 701//55 652//55
f 652//55 701//55 700//55
f 701//55 692//55 700//55
f 46//244 47//20 45//22
f 123//245 115//245 122//245
f 249//72 248//72 244//72
f 109//246 107//246 108//246
f 64//247 63//247 65//247
f 465//1 493//1 492//1
f 487//1 465//1 490//1
f 491//1 487//1 490//1
f 196//138 195//248 194//136
f 62//249 61//249 63//249
f 54//209 55//250 53//210
f 9//251 12//251 11//251
f 110//149 111//252 112//150
f 85//253 88//254 86//255
f 106//109 98//256 100//110
f 154//257 155//170 153//172
f 151//258 154//120 152//122
f 142//102 143//259 150//100
f 151//114 152//260 159//115
f 213//194 212//193 214//261
f 81//105 79//104 82//262
f 141//245 133//245 140//245
f 328//72 314//72 329//72
f 330//72 328//72 329//72
f 330//72 329//72 323//72
f 324//72 330//72 323//72
f 324//72 323//72 325//72
f 252//72 324//72 325//72
f 316//72 320//72 322//72
f 320//72 312//72 322//72
f 226//72 316//72 322//72
f 226//72 322//72 319//72
f 325//72 226//72 319//72
f 248//72 249//72 251//72
f 257//72 248//72 251//72
f 257//72 251//72 252//72
f 267//72 257//72 252//72
f 303//72 317//72 318//72
f 319//72 303//72 318//72
f 319//72 318//72 305//72
f 305//72 298//72 302//72
f 263//72 259//72 258//72
f 263//72 258//72 265//72
f 264//72 263//72 265//72
f 265//72 266//72 264//72
f 331//72 264//72 266//72
f 331//72 266//72 267//72
f 331//72 267//72 253//72
f 332//72 331//72 253//72
f 261//72 259//72 262//72
f 259//72 269//72 262//72
f 306//72 292//72 291//72
f 302//72 306//72 291//72
f 302//72 291//72 301//72
f 302//72 301//72 308//72
f 245//72 244//72 236//72
f 235//72 245//72 236//72
f 235//72 236//72 242//72
f 262//72 260//72 261//72
f 260//72 235//72 242//72
f 260//72 242//72 261//72
f 224//72 221//72 222//72
f 221//72 225//72 222//72
f 262//72 269//72 335//72
f 262//72 335//72 334//72
f 227//72 222//72 225//72
f 253//72 262//72 334//72
f 253//72 334//72 333//72
f 229//72 227//72 225//72
f 253//72 333//72 268//72
f 229//72 225//72 255//72
f 225//72 253//72 302//72
f 255//72 225//72 276//72
f 253//72 268//72 332//72
f 233//72 223//72 232//72
f 241//72 233//72 232//72
f 241//72 232//72 228//72
f 243//72 241//72 228//72
f 254//72 243//72 250//72
f 243//72 228//72 250//72
f 254//72 250//72 255//72
f 276//72 254//72 255//72
f 253//72 267//72 252//72
f 276//72 225//72 256//72
f 253//72 252//72 325//72
f 278//72 276//72 256//72
f 253//72 325//72 319//72
f 256//72 247//72 278//72
f 253//72 319//72 305//72
f 304//72 256//72 309//72
f 256//72 225//72 309//72
f 253//72 305//72 302//72
f 309//72 225//72 308//72
f 302//72 308//72 225//72
f 307//72 309//72 308//72
f 293//72 307//72 308//72
f 293//72 308//72 327//72
f 326//72 293//72 327//72
f 286//72 326//72 285//72
f 326//72 327//72 285//72
f 89//251 92//251 91//251
f 185//263 184//263 187//263
f 205//264 204//264 203//264
f 187//265 186//265 185//265
f 188//266 186//112 180//68
f 189//267 192//181 190//181
f 108//268 110//268 109//268
f 179//269 177//164 171//163
f 1//107 4//270 3//108
f 40//142 42//271 41//143
f 75//4 74//3 76//234
f 209//272 208//273 210//274
f 32//275 34//275 31//275
f 83//151 84//276 85//152
f 216//118 207//117 215//277
f 111//278 114//187 112//189
f 114//62 107//61 113//279
f 43//280 46//35 44//37
f 211//146 210//145 212//281
f 18//40 19//241 25//38
f 61//40 62//241 68//38
f 129//282 128//282 131//282
f 93//283 92//283 94//283
f 145//284 147//75 144//77
f 36//285 41//285 42//285
f 416//173 405//173 404//173
f 450//173 416//173 404//173
f 450//173 404//173 449//173
f 451//173 450//173 449//173
f 451//173 449//173 427//173
f 426//173 451//173 427//173
f 426//173 427//173 428//173
f 424//173 415//173 425//173
f 412//173 424//173 425//173
f 414//173 412//173 425//173
f 414//173 425//173 413//173
f 414//173 413//173 426//173
f 409//173 393//173 407//173
f 409//173 407//173 410//173
f 420//173 409//173 410//173
f 420//173 410//173 421//173
f 428//173 420//173 421//173
f 428//173 421//173 377//173
f 357//173 356//173 402//173
f 403//173 357//173 402//173
f 403//173 402//173 417//173
f 423//173 403//173 417//173
f 423//173 417//173 414//173
f 396//173 388//173 430//173
f 431//173 396//173 430//173
f 431//173 430//173 436//173
f 437//173 431//173 436//173
f 437//173 436//173 440//173
f 422//286 437//173 440//173
f 422//286 440//173 441//173
f 348//173 374//173 423//173
f 374//173 442//173 423//173
f 442//173 422//286 441//173
f 442//173 441//173 423//173
f 343//173 348//173 342//173
f 349//173 342//173 348//173
f 348//173 423//173 414//173
f 348//173 414//173 426//173
f 348//173 426//173 428//173
f 353//173 349//173 348//173
f 348//173 428//173 377//173
f 376//173 353//173 348//173
f 348//173 377//173 394//173
f 377//173 368//173 394//173
f 394//173 368//173 367//173
f 368//173 390//173 367//173
f 390//173 395//173 392//173
f 375//173 352//173 351//173
f 375//173 351//173 376//173
f 390//173 392//173 391//173
f 375//173 376//173 348//173
f 394//173 375//173 348//173
f 390//173 391//173 367//173
f 312//72 320//72 311//72
f 280//72 312//72 311//72
f 280//72 311//72 220//72
f 219//72 280//72 220//72
f 317//72 303//72 315//72
f 310//72 317//72 315//72
f 310//72 315//72 279//72
f 296//72 310//72 279//72
f 296//72 279//72 295//72
f 282//72 296//72 219//72
f 296//72 295//72 219//72
f 314//72 328//72 313//72
f 321//72 314//72 313//72
f 321//72 313//72 260//72
f 220//72 321//72 260//72
f 260//72 262//72 220//72
f 262//72 221//72 282//72
f 220//72 262//72 219//72
f 219//72 262//72 282//72
f 221//72 224//72 223//72
f 223//72 233//72 221//72
f 271//72 282//72 270//72
f 282//72 221//72 270//72
f 221//72 233//72 234//72
f 299//72 271//72 270//72
f 221//72 234//72 237//72
f 246//72 278//72 247//72
f 273//72 246//72 272//72
f 246//72 247//72 272//72
f 273//72 272//72 275//72
f 274//72 273//72 275//72
f 234//72 274//72 238//72
f 274//72 275//72 238//72
f 298//72 305//72 284//72
f 283//72 298//72 284//72
f 283//72 284//72 217//72
f 218//72 283//72 217//72
f 218//72 217//72 299//72
f 300//72 218//72 299//72
f 234//72 238//72 237//72
f 270//72 300//72 299//72
f 294//72 304//72 309//72
f 294//72 309//72 289//72
f 290//72 294//72 289//72
f 290//72 289//72 277//72
f 288//72 290//72 277//72
f 288//72 277//72 281//72
f 237//72 288//72 281//72
f 221//72 237//72 281//72
f 270//72 221//72 297//72
f 230//72 270//72 297//72
f 287//72 230//72 297//72
f 292//72 306//72 287//72
f 231//72 292//72 287//72
f 239//72 286//72 285//72
f 239//72 285//72 240//72
f 239//72 240//72 297//72
f 281//72 239//72 297//72
f 221//72 281//72 297//72
f 297//72 231//72 287//72
f 209//272 207//287 208//273
f 16//217 15//217 17//217
f 102//66 101//65 103//288
f 73//247 72//247 74//247
f 170//289 161//289 168//289
f 132//266 130//69 124//68
f 71//290 70//290 72//290
f 159//291 157//140 160//139
f 131//292 130//292 129//292
f 369//173 370//173 372//173
f 435//173 339//293 434//173
f 339//293 340//173 434//173
f 435//173 434//173 443//173
f 453//173 435//173 443//173
f 453//173 443//173 452//173
f 446//173 453//173 452//173
f 446//173 452//173 447//173
f 373//173 446//173 448//173
f 446//173 447//173 448//173
f 372//173 354//173 371//173
f 371//173 354//173 355//173
f 355//173 354//173 373//173
f 382//173 355//173 373//173
f 383//173 386//173 384//173
f 384//173 386//173 385//173
f 385//173 386//173 374//173
f 386//173 382//173 374//173
f 455//173 385//173 374//173
f 383//173 384//173 381//173
f 387//173 383//173 381//173
f 387//173 381//173 379//173
f 380//173 387//173 379//173
f 380//173 379//173 378//173
f 379//173 458//173 378//173
f 366//173 370//173 369//173
f 369//173 362//173 366//173
f 363//173 366//173 362//173
f 362//173 380//173 363//173
f 340//173 339//293 363//173
f 432//173 429//173 433//173
f 444//173 432//173 433//173
f 444//173 433//173 445//173
f 438//173 444//173 439//173
f 444//173 445//173 439//173
f 438//173 439//173 442//173
f 448//173 438//173 442//173
f 343//173 342//173 341//173
f 448//173 442//173 374//173
f 373//173 448//173 374//173
f 343//173 341//173 346//173
f 382//173 373//173 374//173
f 343//173 346//173 345//173
f 456//173 455//173 374//173
f 378//173 343//173 337//173
f 343//173 344//173 359//173
f 343//173 345//173 344//173
f 350//173 351//173 352//173
f 350//173 352//173 365//173
f 350//173 365//173 347//173
f 345//173 350//173 347//173
f 345//173 347//173 344//173
f 456//173 374//173 454//173
f 374//173 378//173 454//173
f 343//173 359//173 399//173
f 344//173 358//173 359//173
f 457//173 454//173 378//173
f 392//173 395//173 364//173
f 458//173 457//173 378//173
f 358//173 392//173 364//173
f 358//173 364//173 359//173
f 363//173 380//173 378//173
f 340//173 363//173 378//173
f 343//173 399//173 361//173
f 359//173 411//173 399//173
f 407//173 393//173 408//173
f 398//173 429//173 397//173
f 397//173 340//173 398//173
f 411//173 407//173 408//173
f 398//173 340//173 378//173
f 411//173 408//173 399//173
f 388//173 396//173 389//173
f 388//173 389//173 398//173
f 388//173 398//173 378//173
f 356//173 357//173 418//173
f 419//173 356//173 418//173
f 419//173 418//173 400//293
f 401//173 419//173 400//293
f 401//173 400//293 388//173
f 337//173 401//173 388//173
f 343//173 361//173 337//173
f 399//173 360//173 361//173
f 337//173 388//173 378//173
f 360//173 404//173 405//173
f 415//173 424//173 406//173
f 338//173 415//173 406//173
f 338//173 406//173 337//173
f 336//286 338//173 337//173
f 361//173 336//286 337//173
f 360//173 405//173 361//173
f 174//179 173//178 175//294
f 176//295 175//295 178//295
f 5//220 8//296 7//221
f 163//297 161//297 162//297
f 471//1 475//1 495//1
f 2//298 7//298 8//298
f 121//248 120//248 119//248
f 397//173 429//173 432//173
f 21//247 20//247 22//247
f 198//215 190//214 197//299
f 214//300 216//127 213//129
f 90//33 96//237 97//34
f 510//1 469//1 511//1
f 469//1 516//1 525//1
f 516//1 584//1 525//1
f 520//1 510//1 511//1
f 469//1 525//1 526//1
f 514//1 520//1 513//1
f 513//1 512//1 514//1
f 469//1 526//1 583//1
f 511//1 513//1 520//1
f 87//301 86//255 88//254
f 197//302 195//90 198//89
f 80//303 87//79 79//78
f 552//1 572//1 549//1
f 549//1 553//1 552//1
f 140//304 138//87 141//86
f 30//305 29//305 32//305
f 127//306 126//306 128//306
f 14//238 17//238 15//238
f 13//283 12//283 14//283
f 76//196 78//219 77//197
f 482//1 508//1 509//1
f 3//198 4//307 5//199
f 632//55 634//55 633//55
f 628//55 632//55 641//55
f 632//55 633//55 641//55
f 629//55 628//55 627//55
f 628//55 641//55 627//55
f 629//55 627//55 592//55
f 636//55 704//55 703//55
f 600//55 592//55 627//55
f 617//55 600//55 627//55
f 627//55 618//55 617//55
f 592//55 636//55 646//55
f 636//55 703//55 647//55
f 636//55 647//55 646//55
f 702//55 629//55 592//55
f 261//72 258//72 259//72
f 99//308 100//308 101//308
f 19//249 18//249 20//249
f 714//204 713//204 710//204
f 713//204 712//204 710//204
f 712//204 709//204 710//204
f 720//205 718//205 716//205
f 718//205 715//205 716//205
f 715//205 717//205 716//205
o Object.120
v -0.001669 0.297665 0.018999
v 0.001506 0.297682 0.019007
v -0.001669 0.297519 0.020353
v 0.001506 0.297526 0.020540
v 0.001506 0.299067 0.021440
v -0.001669 0.299055 0.021534
v -0.001669 0.304565 0.091342
v 0.001506 0.304602 0.091286
v 0.001506 0.301280 0.089243
v -0.001669 0.301363 0.087862
v 0.001506 0.306335 0.089490
v -0.001669 0.306515 0.088745
v -0.001669 0.301885 0.090682
v 0.001506 0.302344 0.091017
v 0.001506 0.301792 0.087193
v -0.001669 0.303959 0.086197
v 0.001506 0.304939 0.086385
v -0.001669 0.284095 0.091345
v 0.001506 0.282424 0.091460
v 0.001506 0.285158 0.090464
v -0.001669 0.285727 0.089030
v -0.001669 0.280771 0.090211
v 0.001506 0.280518 0.088864
v -0.001669 0.281501 0.086776
v 0.001506 0.282270 0.086352
v -0.001669 0.284540 0.086640
v 0.001506 0.285494 0.087519
v -0.001669 0.282759 0.032646
v 0.001506 0.282245 0.032706
v -0.001669 0.285416 0.031616
v 0.001506 0.285158 0.031726
v -0.001669 0.280886 0.031407
v -0.001669 0.280887 0.028843
v 0.001506 0.280600 0.030290
v 0.001506 0.281422 0.028181
v -0.001669 0.283092 0.027530
v 0.001506 0.283780 0.027633
v -0.001669 0.285231 0.028623
v 0.001506 0.285616 0.029294
v -0.001669 0.282259 0.061966
v 0.001506 0.283287 0.062089
v -0.001669 0.284920 0.061390
v 0.001506 0.285487 0.060640
v 0.001506 0.281219 0.061166
v -0.001669 0.280680 0.060146
v 0.001506 0.280594 0.059161
v 0.001506 0.281978 0.057173
v -0.001669 0.281155 0.057783
v -0.001669 0.283586 0.056962
v 0.001506 0.285021 0.057561
v -0.001669 0.285654 0.058657
v -0.001669 0.304564 0.032605
v 0.001506 0.304119 0.032669
v 0.001506 0.305873 0.031586
v -0.001669 0.306449 0.030301
v -0.001669 0.302323 0.032218
v 0.001506 0.302143 0.032079
v -0.001669 0.301198 0.030294
v 0.001506 0.301186 0.030010
v -0.001669 0.302422 0.027878
v 0.001506 0.302875 0.027625
v 0.001506 0.306128 0.028771
v -0.001669 0.305023 0.027872
v -0.001669 0.302773 0.061933
v 0.001506 0.304116 0.062038
v -0.001669 0.306088 0.060965
v 0.001506 0.306453 0.060086
v 0.001506 0.302140 0.061445
v -0.001669 0.301113 0.058962
v 0.001506 0.301186 0.059379
v 0.001506 0.302323 0.057404
v -0.001669 0.303444 0.056936
v 0.001506 0.304795 0.057058
v -0.001669 0.305728 0.057786
v -0.001669 -0.318632 0.091066
v 0.001506 -0.320558 0.091423
v -0.001669 -0.322503 0.087996
v 0.001506 -0.317988 0.090421
v -0.001669 -0.322021 0.090778
v 0.001506 -0.322368 0.090039
v 0.001506 -0.322347 0.087431
v -0.001669 -0.320731 0.086311
v 0.001506 -0.319479 0.086311
v -0.001669 -0.317626 0.087708
v 0.001506 -0.317707 0.087995
v -0.001669 -0.340302 0.091397
v 0.001506 -0.339626 0.091209
v -0.001669 -0.338415 0.089993
v 0.001506 -0.338078 0.088691
v 0.001506 -0.342355 0.090938
v -0.001669 -0.342321 0.090865
v 0.001506 -0.343197 0.087663
v -0.001669 -0.343385 0.088345
v -0.001669 -0.341291 0.086352
v -0.001669 -0.338691 0.087176
v 0.001506 -0.340092 0.086318
v -0.001669 -0.320164 0.032855
v 0.001506 -0.318659 0.032358
v -0.001669 -0.317509 0.030635
v 0.001506 -0.321563 0.032277
v -0.001669 -0.322616 0.030789
v -0.001669 -0.321959 0.028308
v 0.001506 -0.322678 0.030124
v 0.001506 -0.321684 0.028095
v 0.001506 -0.319469 0.027634
v -0.001669 -0.318981 0.027680
v 0.001506 -0.317556 0.029449
v -0.001669 -0.321504 0.061839
v 0.001506 -0.319963 0.062089
v -0.001669 -0.318330 0.061390
v 0.001506 -0.317763 0.060640
v 0.001506 -0.322031 0.061166
v 0.001506 -0.322597 0.058469
v -0.001669 -0.322478 0.058147
v -0.001669 -0.319663 0.056962
v 0.001506 -0.320130 0.056922
v 0.001506 -0.317968 0.058017
v -0.001669 -0.317596 0.058657
v -0.001669 -0.342140 0.032471
v 0.001506 -0.339938 0.032596
v -0.001669 -0.339110 0.032113
v 0.001506 -0.338128 0.030468
v -0.001669 -0.338206 0.030291
v 0.001506 -0.342172 0.032237
v -0.001669 -0.343233 0.029294
v 0.001506 -0.343370 0.030125
v -0.001669 -0.341447 0.027676
v 0.001506 -0.341616 0.027614
v 0.001506 -0.339090 0.028185
v -0.001669 -0.339074 0.028099
v -0.001669 -0.341969 0.061891
v 0.001506 -0.340427 0.062103
v -0.001669 -0.343318 0.059160
v 0.001506 -0.343293 0.059161
v -0.001669 -0.339110 0.061482
v 0.001506 -0.338194 0.060173
v 0.001506 -0.342667 0.061167
v 0.001506 -0.341907 0.057172
v -0.001669 -0.341150 0.056796
v 0.001506 -0.339175 0.057387
v -0.001669 -0.338152 0.058812
v -0.001669 -0.385054 -0.100045
v 0.001506 -0.383705 -0.103139
v -0.001669 -0.382034 -0.104783
v 0.001506 -0.380570 -0.105348
v -0.001669 -0.378536 -0.105621
v 0.001506 -0.378535 -0.105605
v 0.001506 -0.384929 -0.099693
v 0.001506 -0.384146 -0.096023
v -0.001669 -0.384065 -0.096064
v -0.001669 -0.353599 -0.075402
v 0.001506 -0.354146 -0.075750
v 0.001506 -0.352787 -0.075727
v -0.001669 -0.354416 -0.076873
v 0.001506 -0.354117 -0.077415
v -0.001669 -0.353410 -0.077549
v 0.001506 -0.352521 -0.077031
v -0.001669 -0.352395 -0.076709
v -0.001669 -0.364023 -0.075727
v 0.001506 -0.365411 -0.075750
v 0.001506 -0.364052 -0.075727
v -0.001669 -0.365316 -0.075715
v -0.001669 -0.365681 -0.076873
v 0.001506 -0.365382 -0.077415
v -0.001669 -0.364094 -0.077501
v 0.001506 -0.363786 -0.077031
v -0.001669 -0.354213 -0.101064
v 0.001506 -0.354146 -0.101150
v 0.001506 -0.352787 -0.101127
v -0.001669 -0.353771 -0.102973
v 0.001506 -0.354117 -0.102815
v 0.001506 -0.352521 -0.102431
v -0.001669 -0.352320 -0.101836
v -0.001669 -0.365478 -0.101064
v 0.001506 -0.365411 -0.101150
v 0.001506 -0.364052 -0.101127
v -0.001669 -0.363585 -0.101836
v -0.001669 -0.365036 -0.102973
v 0.001506 -0.365382 -0.102815
v 0.001506 -0.363786 -0.102431
v -0.001669 0.352385 -0.094537
v 0.001506 0.354217 -0.094381
v -0.001669 0.351099 -0.096387
v -0.001669 0.355399 -0.094935
v 0.001506 0.356052 -0.096041
v 0.001506 0.352152 -0.094763
v 0.001506 0.350910 -0.097224
v -0.001669 0.351592 -0.098586
v 0.001506 0.353052 -0.099417
v -0.001669 0.353856 -0.099409
v 0.001506 0.355508 -0.098617
v -0.001669 0.355963 -0.098028
v -0.001669 0.163828 -0.094362
v 0.001506 0.163859 -0.094378
v 0.001506 0.166062 -0.094894
v -0.001669 0.166155 -0.094979
v 0.001506 0.166931 -0.097041
v 0.001506 0.161860 -0.096026
v -0.001669 0.161976 -0.095892
v -0.001669 0.162390 -0.098586
v 0.001506 0.162657 -0.098818
v 0.001506 0.165524 -0.099275
v -0.001669 0.164820 -0.099408
v -0.001669 0.166889 -0.097714
v -0.001669 -0.149978 -0.094325
v 0.001506 -0.149470 -0.094581
v 0.001506 -0.153499 -0.096707
v -0.001669 -0.148418 -0.096709
v 0.001506 -0.152533 -0.094842
v -0.001669 -0.153377 -0.095699
v 0.001506 -0.152677 -0.098819
v -0.001669 -0.152351 -0.099219
v 0.001506 -0.150320 -0.099367
v -0.001669 -0.149179 -0.098768
v 0.001506 -0.148484 -0.097705
v -0.001669 0.100404 -0.094340
v 0.001506 0.102922 -0.094712
v 0.001506 0.098803 -0.096547
v -0.001669 0.103318 -0.095224
v 0.001506 0.099855 -0.094723
v -0.001669 0.098716 -0.096875
v 0.001506 0.099447 -0.098723
v 0.001506 0.101618 -0.099386
v -0.001669 0.100561 -0.099498
v 0.001506 0.103712 -0.098046
v -0.001669 0.103694 -0.098028
v -0.001669 0.037686 -0.094309
v 0.001506 0.038050 -0.094283
v -0.001669 0.040459 -0.095423
v 0.001506 0.040137 -0.095164
v -0.001669 0.035611 -0.096532
v 0.001506 0.035642 -0.096182
v 0.001506 0.036669 -0.098906
v 0.001506 0.038881 -0.099367
v -0.001669 0.037494 -0.099498
v -0.001669 0.040447 -0.098252
v 0.001506 0.040794 -0.097551
v -0.001669 -0.088448 -0.094309
v 0.001506 -0.088084 -0.094283
v -0.001669 -0.086145 -0.095013
v 0.001506 -0.085996 -0.095164
v -0.001669 -0.090523 -0.096532
v 0.001506 -0.090492 -0.096182
v 0.001506 -0.089465 -0.098906
v -0.001669 -0.089346 -0.098992
v -0.001669 -0.087125 -0.099329
v 0.001506 -0.087253 -0.099367
v 0.001506 -0.085340 -0.097551
v -0.001669 -0.085292 -0.097381
v -0.001669 -0.025730 -0.094340
v 0.001506 -0.023212 -0.094712
v -0.001669 -0.022816 -0.095224
v 0.001506 -0.026279 -0.094723
v -0.001669 -0.027418 -0.096875
v 0.001506 -0.027410 -0.097746
v -0.001669 -0.025876 -0.099313
v 0.001506 -0.024507 -0.099482
v -0.001669 -0.022550 -0.098363
v 0.001506 -0.022350 -0.097705
v -0.001669 -0.215420 -0.094530
v 0.001506 -0.212413 -0.094712
v 0.001506 -0.216566 -0.096709
v -0.001669 -0.212389 -0.094888
v 0.001506 -0.215480 -0.094723
v -0.001669 -0.216395 -0.098222
v 0.001506 -0.215744 -0.098819
v 0.001506 -0.213387 -0.099367
v -0.001669 -0.213749 -0.099409
v -0.001669 -0.211446 -0.097735
v 0.001506 -0.211551 -0.097705
v -0.001669 -0.277649 -0.094309
v 0.001506 -0.277450 -0.094327
v 0.001506 -0.275162 -0.095131
v -0.001669 -0.274645 -0.095689
v -0.001669 -0.279449 -0.095910
v -0.001669 -0.279402 -0.097998
v 0.001506 -0.279693 -0.096182
v 0.001506 -0.278666 -0.098906
v -0.001669 -0.277792 -0.099324
v 0.001506 -0.276454 -0.099367
v -0.001669 -0.275420 -0.098900
v 0.001506 -0.274618 -0.097704
v -0.001669 0.289962 -0.094362
v 0.001506 0.289993 -0.094378
v 0.001506 0.292197 -0.094894
v -0.001669 0.292430 -0.095079
v 0.001506 0.293029 -0.096711
v 0.001506 0.287994 -0.096025
v -0.001669 0.288110 -0.095893
v -0.001669 0.288525 -0.098587
v 0.001506 0.289288 -0.099316
v -0.001669 0.290788 -0.099409
v 0.001506 0.292441 -0.098617
v -0.001669 0.292896 -0.098028
v -0.001669 0.226895 -0.094362
v 0.001506 0.227592 -0.094218
v -0.001669 0.229364 -0.095079
v 0.001506 0.229834 -0.095894
v 0.001506 0.224927 -0.096025
v -0.001669 0.225043 -0.095893
v -0.001669 0.225374 -0.098437
v 0.001506 0.225724 -0.098818
v 0.001506 0.228252 -0.099344
v -0.001669 0.228247 -0.099444
v 0.001506 0.229768 -0.097883
v -0.001669 0.229943 -0.097362
v -0.001669 -0.339033 -0.094428
v 0.001506 -0.338841 -0.094522
v 0.001506 -0.341733 -0.094842
v -0.001669 -0.341874 -0.094961
v -0.001669 -0.342705 -0.096877
v 0.001506 -0.342701 -0.096711
v 0.001506 -0.341879 -0.098819
v -0.001669 -0.341763 -0.098914
v -0.001669 -0.339393 -0.099329
v 0.001506 -0.339521 -0.099367
v 0.001506 -0.337608 -0.097551
v -0.001669 -0.337560 -0.097381
v 0.001506 -0.161486 0.046781
v -0.001669 -0.161517 0.046795
v -0.001669 -0.161265 0.048206
v 0.001506 -0.161418 0.048439
v -0.001669 -0.162888 0.049221
v 0.001506 -0.162889 0.049210
v 0.001506 0.109634 0.047943
v -0.001669 0.109628 0.047946
v 0.001506 0.109851 0.049076
v -0.001669 0.109841 0.049307
v 0.001506 0.108998 0.050191
v -0.001669 0.108974 0.050153
v 0.001506 0.287923 0.005751
v -0.001669 0.287920 0.005785
v -0.001669 0.289269 0.006273
v -0.001669 0.289336 0.008186
v 0.001506 0.289455 0.006595
v 0.001506 0.289310 0.008174
v -0.001669 -0.215594 -0.091335
v 0.001506 -0.215593 -0.091328
v -0.001669 -0.218358 -0.090793
v 0.001506 -0.218117 -0.090891
v -0.001669 -0.221122 -0.088254
v 0.001506 -0.220932 -0.088554
v 0.001506 -0.222050 -0.084887
v -0.001669 -0.222035 -0.084532
v 0.001506 -0.221124 -0.081777
v -0.001669 -0.221107 -0.081785
v -0.001669 -0.108881 -0.091335
v 0.001506 -0.108891 -0.091508
v 0.001506 -0.113768 -0.089297
v -0.001669 -0.112617 -0.090383
v 0.001506 -0.115336 -0.084887
v -0.001669 -0.115164 -0.086336
v -0.001669 -0.114572 -0.081697
v 0.001506 -0.114410 -0.081777
v -0.001669 0.097747 -0.004352
v 0.001506 0.097715 -0.004368
v -0.001669 0.096811 -0.001694
v 0.001506 0.097715 0.002024
v -0.001669 0.097690 0.002037
v 0.001506 0.096808 -0.001175
v -0.001669 0.264374 0.077178
v -0.001669 0.265159 0.075370
v 0.001506 0.265118 0.075349
v 0.001506 0.264173 0.079069
v -0.001669 0.264763 0.081247
v 0.001506 0.266179 0.083208
v -0.001669 0.267817 0.084343
v 0.001506 0.270648 0.085086
v -0.001669 0.270658 0.084911
v 0.001506 0.449962 0.077894
v -0.001669 0.450075 0.077889
v -0.001669 0.449407 0.081287
v 0.001506 0.449629 0.081099
v 0.001506 0.446874 0.084074
v -0.001669 0.447137 0.084001
v -0.001669 0.443638 0.084939
v 0.001506 0.443640 0.084982
v -0.001669 0.158334 0.075313
v 0.001506 0.158404 0.075348
v 0.001506 0.157468 0.078889
v -0.001669 0.157573 0.079758
v 0.001506 0.159606 0.083441
v -0.001669 0.159617 0.083302
v -0.001669 0.163932 0.085110
v 0.001506 0.163941 0.084984
v 0.001506 0.115304 0.058970
v -0.001669 0.114972 0.059670
v 0.001506 0.113869 0.060305
v -0.001669 0.112417 0.060405
v 0.001506 0.111442 0.060027
v -0.001669 0.110410 0.058583
v 0.001506 0.110423 0.057576
v -0.001669 0.111376 0.055885
v -0.001669 0.113559 0.055417
v 0.001506 0.111933 0.055527
v 0.001506 0.115053 0.056150
v -0.001669 0.115348 0.056830
v 0.001506 -0.162168 0.058797
v -0.001669 -0.162616 0.059441
v 0.001506 -0.165102 0.060585
v -0.001669 -0.165270 0.060540
v -0.001669 -0.167184 0.058398
v 0.001506 -0.167282 0.058130
v -0.001669 -0.166471 0.056001
v 0.001506 -0.166263 0.055910
v -0.001669 -0.164100 0.055417
v 0.001506 -0.163357 0.055519
v -0.001669 -0.162218 0.056973
v 0.001506 -0.011399 0.015902
v -0.001669 -0.010998 0.015322
v -0.001669 -0.012966 0.017033
v 0.001506 -0.013449 0.017188
v -0.001669 -0.015384 0.017081
v 0.001506 -0.015725 0.016897
v -0.001669 -0.017529 0.014841
v 0.001506 -0.017685 0.014411
v -0.001669 -0.017101 0.012025
v 0.001506 -0.016512 0.011273
v -0.001669 -0.015139 0.010506
v -0.001669 -0.012732 0.010703
v 0.001506 -0.013023 0.010393
v -0.001669 -0.011013 0.012405
v 0.001506 -0.010737 0.013257
v 0.001506 -0.010826 -0.022917
v -0.001669 -0.011680 -0.021857
v 0.001506 -0.013449 -0.020912
v -0.001669 -0.014850 -0.020773
v 0.001506 -0.015725 -0.021203
v -0.001669 -0.017529 -0.023259
v 0.001506 -0.017364 -0.022977
v 0.001506 -0.017219 -0.026076
v -0.001669 -0.016599 -0.026916
v 0.001506 -0.014451 -0.027730
v -0.001669 -0.013318 -0.027619
v 0.001506 -0.011607 -0.026680
v -0.001669 -0.010703 -0.025319
v -0.001669 0.291402 -0.056966
v 0.001506 0.289211 -0.057028
v 0.001506 0.292214 -0.057509
v -0.001669 0.293028 -0.059468
v -0.001669 0.288922 -0.057315
v -0.001669 0.287708 -0.059949
v 0.001506 0.287781 -0.059529
v 0.001506 0.288922 -0.061514
v -0.001669 0.290866 -0.062119
v 0.001506 0.291404 -0.061862
v 0.001506 0.292910 -0.059862
v 0.001506 0.290395 -0.045215
v -0.001669 0.290397 -0.045235
v -0.001669 0.294730 -0.043230
v 0.001506 0.294814 -0.043187
v -0.001669 0.295836 -0.038973
v 0.001506 0.295792 -0.038739
v -0.001669 0.293782 -0.035267
v 0.001506 0.293593 -0.035114
v -0.001669 0.290390 -0.034260
v 0.001506 0.290389 -0.034278
v -0.001669 0.291402 -0.006966
v 0.001506 0.289211 -0.007028
v 0.001506 0.292214 -0.007509
v -0.001669 0.292984 -0.009242
v -0.001669 0.288922 -0.007315
v -0.001669 0.287708 -0.009949
v 0.001506 0.287781 -0.009529
v 0.001506 0.288922 -0.011514
v -0.001669 0.290050 -0.011985
v 0.001506 0.291405 -0.011862
v -0.001669 0.292115 -0.011307
v 0.001506 0.292910 -0.009862
v 0.001506 -0.312435 -0.009924
v -0.001669 -0.312579 -0.008710
v 0.001506 -0.313458 -0.007403
v -0.001669 -0.314801 -0.006703
v 0.001506 -0.315921 -0.006924
v -0.001669 -0.317545 -0.008534
v 0.001506 -0.317543 -0.008761
v -0.001669 -0.316652 -0.011596
v 0.001506 -0.317031 -0.011164
v -0.001669 -0.313263 -0.011397
v 0.001506 -0.314483 -0.011946
v 0.001506 -0.312435 -0.059924
v -0.001669 -0.312579 -0.058710
v 0.001506 -0.313458 -0.057403
v -0.001669 -0.314801 -0.056703
v 0.001506 -0.315921 -0.056924
v -0.001669 -0.317545 -0.058534
v 0.001506 -0.317543 -0.058761
v -0.001669 -0.316652 -0.061596
v 0.001506 -0.317031 -0.061164
v -0.001669 -0.313263 -0.061397
v 0.001506 -0.314483 -0.061946
v 0.001506 0.431259 0.094013
v -0.001669 0.431153 0.094273
v 0.001506 0.429748 0.094923
v -0.001669 0.429449 0.094818
v 0.001506 0.429171 0.093663
v -0.001669 0.429490 0.093123
v -0.001669 0.430685 0.093056
v 0.001506 0.430108 0.092879
v 0.001506 0.419876 0.094269
v -0.001669 0.419888 0.094273
v 0.001506 0.418483 0.094923
v -0.001669 0.418184 0.094818
v 0.001506 0.417906 0.093663
v -0.001669 0.418225 0.093123
v -0.001669 0.419420 0.093056
v 0.001506 0.419120 0.092841
v 0.001506 0.431259 0.068613
v -0.001669 0.431153 0.068873
v 0.001506 0.429748 0.069523
v -0.001669 0.429449 0.069418
v 0.001506 0.429171 0.068263
v -0.001669 0.429490 0.067723
v -0.001669 0.430685 0.067656
v 0.001506 0.430108 0.067479
v 0.001506 0.419876 0.068869
v -0.001669 0.419888 0.068873
v 0.001506 0.418483 0.069523
v -0.001669 0.418184 0.069418
v 0.001506 0.417906 0.068263
v -0.001669 0.418225 0.067723
v -0.001669 0.419420 0.067656
v 0.001506 0.419120 0.067441
v 0.001506 -0.353018 0.094886
v -0.001669 -0.353302 0.094993
v 0.001506 -0.354159 0.094609
v 0.001506 -0.354289 0.093193
v -0.001669 -0.354524 0.093502
v -0.001669 -0.352450 0.093367
v 0.001506 -0.352489 0.093388
v 0.001506 -0.364283 0.094886
v -0.001669 -0.364567 0.094993
v 0.001506 -0.365424 0.094609
v 0.001506 -0.365554 0.093193
v -0.001669 -0.365789 0.093502
v -0.001669 -0.363715 0.093367
v 0.001506 -0.363754 0.093388
v 0.001506 -0.353018 0.069486
v -0.001669 -0.353302 0.069593
v 0.001506 -0.354159 0.069209
v 0.001506 -0.354289 0.067793
v -0.001669 -0.354524 0.068102
v -0.001669 -0.352450 0.067967
v 0.001506 -0.352489 0.067988
v 0.001506 -0.364283 0.069486
v -0.001669 -0.364567 0.069593
v 0.001506 -0.365424 0.069209
v 0.001506 -0.365554 0.067793
v -0.001669 -0.365789 0.068102
v -0.001669 -0.363715 0.067967
v 0.001506 -0.363754 0.067988
v 0.001506 0.404561 -0.054505
v -0.001669 0.404337 -0.054113
v 0.001506 0.402469 -0.052867
v -0.001669 0.402306 -0.052854
v -0.001669 0.400028 -0.053738
v 0.001506 0.400098 -0.053656
v 0.001506 0.399568 -0.055831
v -0.001669 0.399887 -0.057019
v -0.001669 0.402418 -0.057901
v 0.001506 0.401079 -0.057900
v -0.001669 0.404242 -0.056817
v 0.001506 0.403913 -0.057188
v 0.001506 0.397826 -0.047771
v -0.001669 0.397602 -0.047379
v 0.001506 0.395735 -0.046132
v -0.001669 0.395731 -0.046159
v -0.001669 0.393521 -0.046758
v 0.001506 0.393591 -0.046755
v -0.001669 0.392823 -0.049316
v 0.001506 0.392798 -0.048550
v 0.001506 0.393501 -0.050506
v -0.001669 0.394585 -0.051158
v 0.001506 0.396637 -0.051050
v -0.001669 0.397383 -0.050338
v 0.001506 0.375491 -0.085092
v -0.001669 0.375497 -0.084528
v -0.001669 0.374290 -0.082464
v 0.001506 0.374472 -0.082579
v -0.001669 0.371917 -0.082141
v 0.001506 0.371625 -0.082189
v -0.001669 0.370254 -0.084470
v 0.001506 0.370317 -0.084746
v 0.001506 0.371484 -0.086773
v -0.001669 0.371410 -0.086685
v -0.001669 0.373941 -0.086990
v 0.001506 0.373706 -0.086991
v 0.001506 0.368756 -0.078356
v -0.001669 0.368762 -0.077794
v -0.001669 0.367556 -0.075730
v 0.001506 0.367620 -0.075728
v -0.001669 0.365351 -0.075376
v 0.001506 0.365575 -0.075376
v 0.001506 0.363753 -0.076759
v -0.001669 0.363759 -0.076939
v 0.001506 0.364178 -0.079589
v -0.001669 0.363972 -0.079324
v -0.001669 0.366959 -0.080408
v 0.001506 0.366715 -0.080368
v -0.001669 0.246829 0.081720
v 0.001506 0.277376 0.028810
v -0.001669 0.277376 0.028810
v 0.001506 0.246829 0.081720
v -0.001669 0.411668 0.084895
v -0.001669 0.310926 0.084895
v 0.001506 0.310926 0.084895
v 0.001506 0.411668 0.084895
v 0.001506 0.265159 0.075370
v -0.001669 0.265159 0.075370
v -0.001669 0.274626 0.058972
v 0.001506 0.274626 0.058972
v -0.001669 -0.257233 0.084895
v -0.001669 -0.312961 0.084895
v 0.001506 -0.312961 0.084895
v 0.001506 -0.257233 0.084895
v -0.001669 0.138282 0.097595
v 0.001506 0.120867 0.067432
v -0.001669 0.120867 0.067432
v 0.001506 0.138282 0.097595
v -0.001669 -0.145020 0.075370
v 0.001506 -0.149602 0.067432
v -0.001669 -0.149602 0.067432
v 0.001506 -0.145020 0.075370
v 0.001506 -0.067833 0.005178
v -0.001669 -0.067833 0.005178
v -0.001669 -0.026930 0.005178
v 0.001506 -0.026930 0.005178
v -0.001669 -0.067833 -0.007522
v 0.001506 -0.026930 -0.007522
v -0.001669 -0.026930 -0.007522
v 0.001506 -0.067833 -0.007522
v -0.001669 0.280228 -0.032707
v -0.001669 0.280228 0.004198
v 0.001506 0.280228 0.004198
v 0.001506 0.280228 -0.032707
v 0.001506 0.258349 -0.091318
v -0.001669 0.258349 -0.091318
v -0.001669 0.278641 -0.091318
v 0.001506 0.278641 -0.091318
v 0.001506 0.289295 0.008167
v -0.001669 0.289295 0.008167
v -0.001669 0.282115 0.020601
v 0.001506 0.282115 0.020601
v 0.001506 -0.363559 0.007962
v -0.001669 -0.363559 0.007962
v -0.001669 -0.352725 -0.036382
v 0.001506 -0.352725 -0.036382
v -0.001669 -0.251733 0.075370
v 0.001506 -0.301940 -0.011590
v -0.001669 -0.301940 -0.011590
v 0.001506 -0.251733 0.075370
v -0.001669 -0.244923 -0.091318
v 0.001506 -0.303315 -0.091318
v -0.001669 -0.303315 -0.091318
v 0.001506 -0.244923 -0.091318
v 0.001506 -0.233403 0.081720
v -0.001669 -0.233403 0.081720
v -0.001669 -0.299925 -0.033501
v 0.001506 -0.299925 -0.033501
v -0.001669 0.443636 0.084895
v -0.001669 0.437373 0.084895
v 0.001506 0.437373 0.084895
v 0.001506 0.443636 0.084895
v 0.001506 -0.124856 0.097595
v -0.001669 -0.481316 0.097595
v -0.001669 -0.124856 0.097595
v 0.001506 -0.481316 0.097595
v -0.001669 0.436935 -0.013596
v 0.001506 0.430158 -0.026330
v -0.001669 0.420641 -0.042056
v 0.001506 0.415645 -0.049379
v -0.001669 0.399814 -0.069944
v 0.001506 0.395434 -0.074928
v -0.001669 0.376072 -0.094149
v 0.001506 0.362542 -0.105886
v -0.001669 0.362313 -0.105605
v 0.001506 0.442534 -0.001142
v -0.001669 0.448864 0.015106
v 0.001506 0.452637 0.026432
v -0.001669 0.457977 0.046485
v 0.001506 0.459681 0.055505
v -0.001669 0.462288 0.073578
v 0.001506 0.463135 0.081728
v -0.001669 0.464053 0.097590
v 0.001506 0.463913 0.097595
v -0.001669 0.362313 -0.105605
v -0.001669 -0.378535 -0.105605
v 0.001506 -0.378535 -0.105605
v 0.001506 0.362313 -0.105605
v -0.001669 -0.374368 -0.001307
v 0.001506 -0.360973 -0.056136
v -0.001669 -0.360973 -0.056136
v 0.001506 -0.374368 -0.001307
v -0.001669 -0.453877 0.051304
v 0.001506 -0.400538 0.029210
v -0.001669 -0.400538 0.029210
v 0.001506 -0.453877 0.051304
v -0.001669 -0.481316 0.092370
v 0.001506 -0.481316 0.097595
v 0.001506 -0.481316 0.092370
v -0.001669 -0.481316 0.097595
v 0.001506 0.463913 0.097595
v -0.001669 0.138282 0.097595
v -0.001669 0.463913 0.097595
v 0.001506 0.138282 0.097595
v -0.001669 0.277528 0.059207
v -0.001669 0.280815 0.058551
v -0.001669 0.403503 -0.057456
v -0.001669 0.408648 -0.058772
v -0.001669 -0.025796 0.005636
v -0.001669 -0.004111 0.005636
v -0.001669 0.113385 0.055436
v -0.001669 0.108188 0.050608
v -0.001669 0.109353 0.049907
v -0.001669 0.109733 0.049310
v -0.001669 0.114282 0.055766
v -0.001669 0.104263 0.058497
v -0.001669 0.110495 0.057585
v -0.001669 0.110611 0.058691
v -0.001669 0.104400 0.056120
v -0.001669 0.112424 0.060373
v -0.001669 0.105378 0.062200
v -0.001669 0.104641 0.060555
v -0.001669 0.108952 0.065696
v -0.001669 0.111705 0.066581
v -0.001669 0.106579 0.063898
v -0.001669 0.111182 0.059657
v -0.001669 0.110972 0.056405
v -0.001669 0.105226 0.053879
v -0.001669 0.112112 0.055534
v -0.001669 0.402307 -0.057899
v -0.001669 0.106576 0.051921
v -0.001669 0.280647 0.059651
v -0.001669 0.115095 0.056535
v -0.001669 0.115517 0.057905
v -0.001669 0.109844 0.048458
v -0.001669 0.306200 0.029476
v -0.001669 0.309304 0.022565
v -0.001669 0.097358 0.001241
v -0.001669 0.308055 0.021414
v -0.001669 0.308800 0.021759
v -0.001669 0.437337 0.020790
v -0.001669 0.449893 0.018245
v -0.001669 0.393566 -0.036466
v -0.001669 0.404406 -0.056344
v -0.001669 0.375437 -0.058867
v -0.001669 0.400895 -0.057642
v -0.001669 0.399960 -0.054036
v -0.001669 0.368061 -0.066573
v -0.001669 0.401400 -0.067766
v -0.001669 0.393785 -0.076450
v -0.001669 0.255161 -0.090489
v -0.001669 0.231746 -0.090730
v -0.001669 0.368669 -0.077844
v -0.001669 0.375294 -0.085220
v -0.001669 0.384626 -0.085944
v -0.001669 0.374789 -0.086212
v -0.001669 -0.354296 -0.101450
v -0.001669 -0.363872 -0.101367
v -0.001669 -0.341173 -0.099173
v -0.001669 -0.352986 -0.101033
v -0.001669 -0.303732 -0.091283
v -0.001669 -0.337674 -0.096549
v -0.001669 -0.070096 0.005568
v -0.001669 -0.004530 0.006348
v -0.001669 -0.025377 0.006348
v -0.001669 -0.025286 0.023887
v -0.001669 -0.004621 0.023887
v -0.001669 -0.024174 0.024904
v -0.001669 -0.024791 0.024560
v -0.001669 -0.005733 0.024904
v -0.001669 -0.005116 0.024560
v -0.001669 -0.346662 0.064806
v -0.001669 -0.320822 0.061905
v -0.001669 -0.010767 0.014198
v -0.001669 -0.014071 0.010408
v -0.001669 -0.003393 0.005212
v -0.001669 -0.026514 0.005212
v -0.001669 -0.084037 -0.003799
v -0.001669 -0.072872 -0.009973
v -0.001669 -0.071852 -0.008948
v -0.001669 -0.004111 -0.007980
v -0.001669 -0.025796 -0.007980
v -0.001669 -0.365889 0.015001
v -0.001669 -0.382092 0.014994
v -0.001669 -0.338561 0.028900
v -0.001669 -0.322224 0.028745
v -0.001669 -0.340507 0.061999
v -0.001669 -0.354400 0.068269
v -0.001669 -0.363754 0.068271
v -0.001669 -0.462131 0.055751
v -0.001669 -0.347467 0.065310
v -0.001669 -0.319383 0.061919
v -0.001669 -0.365219 0.067683
v -0.001669 -0.370302 0.066513
v -0.001669 -0.465834 0.058649
v -0.001669 -0.353232 0.067549
v -0.001669 -0.456756 0.052587
v -0.001669 -0.364665 0.067546
v -0.001669 -0.321793 0.061343
v -0.001669 -0.342670 0.061133
v -0.001669 -0.346318 0.064061
v -0.001669 -0.339167 0.061474
v -0.001669 -0.322603 0.059651
v -0.001669 -0.338260 0.059180
v -0.001669 -0.343143 0.030924
v -0.001669 -0.387492 0.037498
v -0.001669 -0.342759 0.057993
v -0.001669 -0.342424 0.031979
v -0.001669 -0.342035 0.057362
v -0.001669 -0.322435 0.058551
v -0.001669 -0.338714 0.057984
v -0.001669 -0.321786 0.057641
v -0.001669 -0.390092 0.023118
v -0.001669 -0.373407 0.026881
v -0.001669 -0.340345 0.032597
v -0.001669 -0.341142 0.057012
v -0.001669 -0.318680 0.032174
v -0.001669 -0.317998 0.031499
v -0.001669 -0.318188 0.057867
v -0.001669 -0.369711 0.022051
v -0.001669 -0.398849 0.028476
v -0.001669 -0.386050 0.019564
v -0.001669 -0.367653 0.018589
v -0.001669 -0.379819 0.011656
v -0.001669 -0.364197 0.010354
v -0.001669 -0.305440 0.005421
v -0.001669 -0.324817 0.005734
v -0.001669 -0.316632 -0.007436
v -0.001669 -0.317402 -0.008463
v -0.001669 -0.321124 0.027827
v -0.001669 -0.340188 0.027695
v -0.001669 -0.342443 0.028253
v -0.001669 -0.149829 0.067102
v -0.001669 -0.072871 0.007627
v -0.001669 -0.300903 -0.034263
v -0.001669 -0.071654 0.006440
v -0.001669 -0.306186 -0.045109
v -0.001669 -0.305441 -0.045453
v -0.001669 -0.068456 0.005198
v -0.001669 -0.123622 0.069943
v -0.001669 -0.109732 -0.091282
v -0.001669 -0.111373 -0.090823
v -0.001669 -0.135719 -0.090824
v -0.001669 0.128098 -0.082341
v -0.001669 0.146736 -0.089066
v -0.001669 -0.383307 -0.103484
v -0.001669 -0.364987 -0.102863
v -0.001669 -0.365471 -0.102545
v -0.001669 0.372959 -0.087084
v -0.001669 -0.381506 -0.104913
v -0.001669 -0.379395 -0.105569
v -0.001669 -0.353722 -0.102863
v -0.001669 -0.340236 -0.099367
v -0.001669 -0.365421 -0.101244
v -0.001669 -0.384400 -0.101756
v -0.001669 -0.339288 -0.099234
v -0.001669 -0.278106 -0.099173
v -0.001669 -0.216422 -0.096076
v -0.001669 -0.244071 -0.091282
v -0.001669 -0.220008 -0.089568
v -0.001669 -0.240023 -0.089065
v -0.001669 -0.218321 -0.090730
v -0.001669 -0.241956 -0.090628
v -0.001669 0.373893 -0.086868
v -0.001669 0.404507 -0.054756
v -0.001669 0.388136 -0.043764
v -0.001669 0.397807 -0.048336
v -0.001669 0.397671 -0.049609
v -0.001669 0.295806 -0.039925
v -0.001669 0.417452 -0.046677
v -0.001669 0.382411 -0.050880
v -0.001669 0.415269 -0.006111
v -0.001669 0.413778 -0.006405
v -0.001669 0.402771 -0.052997
v -0.001669 0.281220 0.028484
v -0.001669 0.277555 0.028434
v -0.001669 0.417290 -0.006287
v -0.001669 0.431687 0.005992
v -0.001669 0.096983 -0.002193
v -0.001669 0.096901 -0.000661
v -0.001669 0.410940 -0.008372
v -0.001669 0.420035 -0.007530
v -0.001669 0.441591 0.034322
v -0.001669 0.303450 0.056985
v -0.001669 0.284015 0.057136
v -0.001669 0.304749 0.057185
v -0.001669 0.305675 0.057838
v -0.001669 0.305573 0.031915
v -0.001669 0.298642 0.021358
v -0.001669 0.281027 0.021378
v -0.001669 0.302122 0.057606
v -0.001669 0.301774 0.031666
v -0.001669 0.306265 0.059821
v -0.001669 0.309358 0.083611
v -0.001669 0.285627 0.059819
v -0.001669 0.285172 0.061008
v -0.001669 0.431154 0.093835
v -0.001669 0.280886 0.060573
v -0.001669 0.301993 0.061285
v -0.001669 0.282428 0.061905
v -0.001669 0.277570 0.083608
v -0.001669 0.158151 0.075921
v -0.001669 0.146844 0.069946
v -0.001669 0.283867 0.061919
v -0.001669 0.303294 0.061962
v -0.001669 0.285062 0.057867
v -0.001669 0.301337 0.058841
v -0.001669 0.285567 0.058865
v -0.001669 0.304582 0.032490
v -0.001669 0.435751 0.066518
v -0.001669 0.435411 0.065901
v -0.001669 0.429386 0.067905
v -0.001669 0.419341 0.067623
v -0.001669 0.458158 0.048371
v -0.001669 0.446716 0.055855
v -0.001669 0.444376 0.045020
v -0.001669 0.284306 0.032357
v -0.001669 0.454686 0.033956
v -0.001669 0.280247 -0.033008
v -0.001669 0.288370 -0.010961
v -0.001669 0.281457 0.061342
v -0.001669 0.120569 0.067016
v -0.001669 0.119780 0.066655
v -0.001669 0.264304 0.079055
v -0.001669 0.281708 0.086814
v -0.001669 0.145134 0.071367
v -0.001669 0.143223 0.072092
v -0.001669 0.264627 0.080546
v -0.001669 0.136777 0.069549
v -0.001669 0.430606 0.093023
v -0.001669 0.301365 0.060145
v -0.001669 0.429870 0.092987
v -0.001669 0.419341 0.093023
v -0.001669 0.412797 0.084441
v -0.001669 0.430606 0.067623
v -0.001669 0.418121 0.093305
v -0.001669 0.429386 0.093305
v -0.001669 0.419089 0.094872
v -0.001669 0.463913 0.097595
v -0.001669 0.418605 0.067587
v -0.001669 0.418121 0.067905
v -0.001669 0.303778 0.032629
v -0.001669 0.281464 0.057641
v -0.001669 0.275632 0.058179
v -0.001669 0.306250 0.030617
v -0.001669 0.302816 0.032436
v -0.001669 0.276785 0.058356
v -0.001669 0.281444 0.031998
v -0.001669 0.282899 0.032644
v -0.001669 0.282585 0.057028
v -0.001669 0.306200 0.058845
v -0.001669 0.305029 0.027955
v -0.001669 0.291034 -0.006985
v -0.001669 0.288470 0.005845
v -0.001669 0.301401 0.029315
v -0.001669 0.285567 0.029495
v -0.001669 0.291917 -0.007418
v -0.001669 0.444655 0.004170
v -0.001669 0.289391 0.006675
v -0.001669 0.082116 0.005214
v -0.001669 0.083744 0.005670
v -0.001669 0.280263 0.004617
v -0.001669 0.281816 0.021018
v -0.001669 0.297565 0.020383
v -0.001669 0.301300 0.030451
v -0.001669 0.298015 0.020998
v -0.001669 0.285627 0.030450
v -0.001669 0.285252 0.031499
v -0.001669 -0.352681 0.067907
v -0.001669 -0.343175 0.029490
v -0.001669 -0.144283 0.077278
v -0.001669 -0.128260 0.072215
v -0.001669 -0.250878 0.079056
v -0.001669 -0.233076 0.082247
v -0.001669 -0.319547 0.032577
v -0.001669 -0.319235 0.057136
v -0.001669 -0.338635 0.031497
v -0.001669 -0.322298 0.031357
v -0.001669 -0.250997 0.077278
v -0.001669 -0.320665 0.057028
v -0.001669 -0.341458 0.032537
v -0.001669 -0.377243 0.030684
v -0.001669 -0.343237 0.059814
v -0.001669 -0.353954 0.067683
v -0.001669 -0.364119 0.067730
v -0.001669 -0.478472 0.076611
v -0.001669 -0.463556 0.076578
v -0.001669 -0.446939 0.062230
v -0.001669 -0.468802 0.061417
v -0.001669 -0.230402 0.084397
v -0.001669 -0.353954 0.093083
v -0.001669 -0.364119 0.093130
v -0.001669 -0.353806 0.069432
v -0.001669 -0.462561 0.074660
v -0.001669 -0.256130 0.084836
v -0.001669 -0.228762 0.084859
v -0.001669 -0.338828 0.087234
v -0.001669 -0.322271 0.087610
v -0.001669 -0.131258 0.071603
v -0.001669 -0.144725 0.075921
v -0.001669 -0.251843 0.081949
v -0.001669 -0.318078 0.061008
v -0.001669 -0.314530 0.083608
v -0.001669 -0.317623 0.059819
v -0.001669 -0.251202 0.080549
v -0.001669 -0.339305 0.028062
v -0.001669 -0.341142 0.027643
v -0.001669 -0.320185 0.027633
v -0.001669 -0.394517 0.026209
v -0.001669 -0.320660 0.032567
v -0.001669 -0.339871 0.057136
v -0.001669 -0.339443 0.032266
v -0.001669 -0.321534 0.032180
v -0.001669 -0.338213 0.030128
v -0.001669 -0.322619 0.030123
v -0.001669 -0.338356 0.060287
v -0.001669 -0.322363 0.060574
v -0.001669 -0.341613 0.061841
v -0.001669 -0.369054 0.065364
v -0.001669 -0.369796 0.065708
v -0.001669 -0.365695 0.068349
v -0.001669 -0.354296 0.069000
v -0.001669 -0.354400 0.093669
v -0.001669 -0.471863 0.064944
v -0.001669 -0.451743 0.064881
v -0.001669 -0.363754 0.093671
v -0.001669 -0.364663 0.069511
v -0.001669 -0.168964 0.065538
v -0.001669 -0.314044 -0.007117
v -0.001669 -0.304937 0.004615
v -0.001669 -0.170858 0.064103
v -0.001669 -0.172137 0.062457
v -0.001669 -0.164587 0.060409
v -0.001669 -0.320287 -0.038284
v -0.001669 -0.349977 -0.037053
v -0.001669 -0.377813 0.008123
v -0.001669 -0.317683 0.058865
v -0.001669 -0.319235 0.027767
v -0.001669 -0.165388 0.066619
v -0.001669 -0.167036 0.066325
v -0.001669 -0.251440 0.075918
v -0.001669 0.436955 0.084860
v -0.001669 0.412085 0.084860
v -0.001669 0.444488 0.084859
v -0.001669 0.436243 0.084441
v -0.001669 0.419889 0.093835
v -0.001669 0.429171 0.093921
v -0.001669 0.419889 0.068435
v -0.001669 0.429171 0.068521
v -0.001669 0.429436 0.094606
v -0.001669 0.419596 0.094601
v -0.001669 0.430193 0.094911
v -0.001669 0.430861 0.094601
v -0.001669 0.418031 0.069000
v -0.001669 0.418521 0.069432
v -0.001669 0.429436 0.069206
v -0.001669 0.418605 0.092987
v -0.001669 0.304751 0.061834
v -0.001669 0.305036 0.091030
v -0.001669 0.417917 0.093841
v -0.001669 0.418031 0.094400
v -0.001669 0.418521 0.094832
v -0.001669 0.305875 0.090260
v -0.001669 0.301774 0.090404
v -0.001669 0.285249 0.090241
v -0.001669 0.302824 0.091176
v -0.001669 0.284439 0.091006
v -0.001669 0.138282 0.097595
v -0.001669 0.246370 0.082442
v -0.001669 0.265271 0.081953
v -0.001669 0.435820 0.083726
v -0.001669 0.430861 0.069201
v -0.001669 0.434734 0.065401
v -0.001669 0.413312 0.066393
v -0.001669 0.429870 0.067587
v -0.001669 0.305874 0.060892
v -0.001669 0.419596 0.069201
v -0.001669 0.430193 0.069511
v -0.001669 0.419089 0.069472
v -0.001669 0.417917 0.068441
v -0.001669 0.449374 0.081355
v -0.001669 0.449973 0.077950
v -0.001669 0.431154 0.068435
v -0.001669 0.414428 0.065379
v -0.001669 0.413811 0.065719
v -0.001669 0.413221 0.083723
v -0.001669 -0.480370 0.083055
v -0.001669 -0.463744 0.079866
v -0.001669 -0.129793 0.072072
v -0.001669 -0.144164 0.079060
v -0.001669 -0.458920 0.070644
v -0.001669 -0.474588 0.068810
v -0.001669 -0.254271 0.084177
v -0.001669 -0.253006 0.083302
v -0.001669 -0.231933 0.083484
v -0.001669 -0.462985 0.081757
v -0.001669 -0.461711 0.083344
v -0.001669 -0.354296 0.094400
v -0.001669 -0.353806 0.094832
v -0.001669 -0.364663 0.094911
v -0.001669 -0.124856 0.097595
v -0.001669 -0.481316 0.097595
v -0.001669 -0.353236 0.094872
v -0.001669 -0.338323 0.088226
v -0.001669 -0.340985 0.086346
v -0.001669 -0.342309 0.086897
v -0.001669 -0.370701 0.084356
v -0.001669 -0.363872 0.094483
v -0.001669 -0.364665 0.092946
v -0.001669 -0.365421 0.069206
v -0.001669 -0.371505 0.084860
v -0.001669 -0.459976 0.084403
v -0.001669 -0.458343 0.084859
v -0.001669 -0.481230 0.089189
v -0.001669 -0.365421 0.094606
v -0.001669 -0.352986 0.069417
v -0.001669 -0.455999 0.068014
v -0.001669 -0.370356 0.083612
v -0.001669 -0.352438 0.068606
v -0.001669 -0.363872 0.069083
v -0.001669 -0.476529 0.072293
v -0.001669 -0.321504 0.086772
v -0.001669 0.399781 -0.056495
v -0.001669 0.399566 -0.055079
v -0.001669 0.393755 -0.050626
v -0.001669 0.292738 -0.058444
v -0.001669 0.392893 -0.048023
v -0.001669 0.400753 -0.053248
v -0.001669 0.401817 -0.052906
v -0.001669 0.396031 -0.051062
v -0.001669 0.394920 -0.051143
v -0.001669 0.396886 -0.050617
v -0.001669 0.368249 -0.079216
v -0.001669 0.373589 -0.082184
v -0.001669 0.425452 -0.034221
v -0.001669 0.403753 -0.053537
v -0.001669 0.425036 -0.006716
v -0.001669 0.367566 -0.079894
v -0.001669 0.392924 -0.049458
v -0.001669 0.364571 -0.079813
v -0.001669 0.395406 -0.046160
v -0.001669 0.396484 -0.046430
v -0.001669 0.393421 -0.047036
v -0.001669 0.097360 -0.003589
v -0.001669 0.426604 -0.005200
v -0.001669 0.399534 -0.027732
v -0.001669 0.432829 -0.021260
v -0.001669 0.405155 -0.018643
v -0.001669 0.439414 -0.007961
v -0.001669 0.397429 -0.047284
v -0.001669 0.354539 -0.075528
v -0.001669 0.363809 -0.078791
v -0.001669 0.371859 -0.086883
v -0.001669 0.353016 -0.094408
v -0.001669 0.351773 -0.095128
v -0.001669 0.292626 -0.095507
v -0.001669 0.351205 -0.096090
v -0.001669 0.370359 -0.084583
v -0.001669 0.365585 -0.080288
v -0.001669 0.280194 -0.090147
v -0.001669 0.290917 -0.094404
v -0.001669 0.363645 -0.077847
v -0.001669 0.370684 -0.083349
v -0.001669 0.366698 -0.080298
v -0.001669 0.371567 -0.082434
v -0.001669 0.372637 -0.082091
v -0.001669 0.292866 -0.059909
v -0.001669 0.374567 -0.082723
v -0.001669 0.375322 -0.083944
v -0.001669 0.233434 -0.089568
v -0.001669 0.234663 -0.087933
v -0.001669 0.253449 -0.089066
v -0.001669 0.235312 -0.083946
v -0.001669 0.229870 -0.091282
v -0.001669 0.360025 -0.074268
v -0.001669 0.367162 -0.075534
v -0.001669 0.356613 -0.075647
v -0.001669 0.363808 -0.076905
v -0.001669 0.126541 -0.089753
v -0.001669 0.364452 -0.075998
v -0.001669 0.358367 -0.075241
v -0.001669 0.365577 -0.075381
v -0.001669 0.291497 -0.061661
v -0.001669 0.292288 -0.061080
v -0.001669 0.294049 -0.035692
v -0.001669 0.292468 -0.010810
v -0.001669 0.368244 -0.076472
v -0.001669 0.279773 -0.090861
v -0.001669 0.257249 -0.091259
v -0.001669 0.229930 -0.096559
v -0.001669 0.291816 -0.094736
v -0.001669 0.289799 -0.094463
v -0.001669 0.279060 -0.091283
v -0.001669 0.288022 -0.097196
v -0.001669 0.229834 -0.097668
v -0.001669 0.370755 -0.085964
v -0.001669 0.288138 -0.096090
v -0.001669 0.292310 -0.098617
v -0.001669 0.352422 -0.099091
v -0.001669 0.228749 -0.094736
v -0.001669 0.229243 -0.098617
v -0.001669 0.289355 -0.099091
v -0.001669 0.227850 -0.094404
v -0.001669 0.226732 -0.094463
v -0.001669 0.164460 -0.094345
v -0.001669 0.150535 -0.091259
v -0.001669 0.162127 -0.095786
v -0.001669 0.128598 -0.083946
v -0.001669 -0.134390 -0.090057
v -0.001669 0.103340 -0.098388
v -0.001669 0.163361 -0.099173
v -0.001669 0.162588 -0.098608
v -0.001669 -0.365686 -0.101929
v -0.001669 -0.083932 0.001241
v -0.001669 -0.083475 -0.000661
v -0.001669 0.085285 0.006585
v -0.001669 0.086431 0.007826
v -0.001669 0.137918 0.070784
v -0.001669 0.139450 0.071697
v -0.001669 0.141176 0.072174
v -0.001669 0.157709 0.077278
v -0.001669 0.158079 0.081042
v -0.001669 0.234812 -0.082341
v -0.001669 0.284963 0.028367
v -0.001669 0.302125 0.028234
v -0.001669 -0.083594 -0.002440
v -0.001669 -0.068696 -0.007559
v -0.001669 -0.003396 -0.007557
v -0.001669 -0.026511 -0.007557
v -0.001669 -0.070567 -0.008113
v -0.001669 -0.005736 -0.035352
v -0.001669 -0.221887 -0.083946
v -0.001669 0.128568 -0.086245
v -0.001669 0.127817 -0.088149
v -0.001669 0.124799 -0.090823
v -0.001669 0.148447 -0.090489
v -0.001669 0.123158 -0.091282
v -0.001669 -0.279102 -0.098380
v -0.001669 -0.337810 -0.097820
v -0.001669 -0.221237 -0.087933
v -0.001669 -0.221886 -0.085994
v -0.001669 -0.221386 -0.082341
v -0.001669 -0.340075 -0.094345
v -0.001669 -0.304444 -0.090864
v -0.001669 -0.126750 0.071948
v -0.001669 -0.144653 0.081043
v -0.001669 -0.145591 0.082571
v -0.001669 -0.320105 0.091395
v -0.001669 -0.146698 0.083633
v -0.001669 -0.125334 0.071366
v -0.001669 -0.343176 0.089498
v -0.001669 -0.317573 0.088864
v -0.001669 -0.339165 0.090841
v -0.001669 -0.322199 0.090259
v -0.001669 -0.342650 0.090483
v -0.001669 -0.353232 0.092949
v -0.001669 -0.340662 0.091392
v -0.001669 -0.352438 0.094006
v -0.001669 -0.321358 0.091031
v -0.001669 -0.149896 0.084875
v -0.001669 -0.148257 0.084506
v -0.001669 -0.132540 0.070768
v -0.001669 -0.133560 0.069746
v -0.001669 -0.173114 0.060278
v -0.001669 -0.150583 0.066669
v -0.001669 -0.165840 0.060150
v -0.001669 -0.317623 0.030450
v -0.001669 -0.315720 0.021429
v -0.001669 -0.314583 0.022566
v -0.001669 -0.376199 0.004469
v -0.001669 -0.315304 -0.006886
v -0.001669 -0.325522 0.005233
v -0.001669 -0.166666 0.059401
v -0.001669 -0.167100 0.058548
v -0.001669 -0.173421 0.057314
v -0.001669 -0.167125 0.057427
v -0.001669 -0.172716 0.054416
v -0.001669 -0.165829 0.055690
v -0.001669 -0.166683 0.056402
v -0.001669 -0.171272 0.052156
v -0.001669 -0.164908 0.055416
v -0.001669 -0.162340 0.049116
v -0.001669 -0.169717 0.050767
v -0.001669 -0.167610 0.049643
v -0.001669 -0.165399 0.049196
v -0.001669 -0.163953 0.055509
v -0.001669 -0.162850 0.056149
v -0.001669 -0.161420 0.048285
v -0.001669 -0.162247 0.057279
v -0.001669 -0.162564 0.059284
v -0.001669 -0.161335 0.047184
v -0.001669 -0.216444 -0.091282
v -0.001669 -0.216454 -0.097510
v -0.001669 -0.274559 -0.096872
v -0.001669 -0.304868 -0.090147
v -0.001669 -0.353806 -0.101018
v -0.001669 -0.364663 -0.100939
v -0.001669 -0.354206 -0.077145
v -0.001669 -0.364251 -0.077427
v -0.001669 -0.304937 -0.046258
v -0.001669 -0.312569 -0.059733
v -0.001669 -0.320074 -0.041765
v -0.001669 -0.351412 -0.037601
v -0.001669 -0.317402 -0.058463
v -0.001669 -0.316632 -0.057436
v -0.001669 -0.360973 -0.056136
v -0.001669 -0.317571 -0.059578
v -0.001669 -0.316077 -0.045031
v -0.001669 -0.317776 -0.044374
v -0.001669 -0.320480 -0.039925
v -0.001669 -0.350543 -0.037472
v -0.001669 -0.319743 -0.036978
v -0.001669 -0.318723 -0.035692
v -0.001669 -0.317350 -0.034789
v -0.001669 -0.304865 -0.011233
v -0.001669 -0.313500 -0.011384
v -0.001669 -0.314355 -0.011827
v -0.001669 -0.300151 -0.033829
v -0.001669 -0.315849 -0.034330
v -0.001669 -0.312569 -0.009733
v -0.001669 -0.312666 -0.008618
v -0.001669 -0.316637 -0.011388
v -0.001669 -0.352573 -0.077016
v -0.001669 -0.312873 -0.060650
v -0.001669 -0.314355 -0.061827
v -0.001669 -0.313500 -0.061384
v -0.001669 -0.384432 -0.096841
v -0.001669 -0.341458 -0.094723
v -0.001669 -0.353806 -0.075618
v -0.001669 -0.365561 -0.076050
v -0.001669 -0.316637 -0.061388
v -0.001669 -0.317325 -0.060509
v -0.001669 -0.315304 -0.056886
v -0.001669 -0.314044 -0.057117
v -0.001669 -0.313256 -0.057667
v -0.001669 -0.312666 -0.058618
v -0.001669 -0.304319 -0.012059
v -0.001669 -0.312873 -0.010650
v -0.001669 -0.303605 -0.012362
v -0.001669 -0.315468 -0.011907
v -0.001669 -0.317325 -0.010509
v -0.001669 -0.317571 -0.009578
v -0.001669 -0.352590 -0.036786
v -0.001669 -0.306186 0.005766
v -0.001669 -0.375006 0.001085
v -0.001669 -0.313256 -0.007667
v -0.001669 -0.345760 0.021759
v -0.001669 -0.315005 0.021851
v -0.001669 0.289893 -0.006937
v -0.001669 0.282585 0.027659
v -0.001669 0.422247 -0.007715
v -0.001669 0.412405 -0.007068
v -0.001669 0.293102 -0.044374
v -0.001669 0.291917 -0.057418
v -0.001669 0.291034 -0.056985
v -0.001669 0.291403 -0.045031
v -0.001669 0.394307 -0.046363
v -0.001669 0.280263 -0.046258
v -0.001669 0.288854 -0.057423
v -0.001669 0.287895 -0.059738
v -0.001669 0.288039 -0.008443
v -0.001669 0.294389 -0.043353
v -0.001669 0.289430 -0.011739
v -0.001669 0.295400 -0.041765
v -0.001669 0.290554 -0.011936
v -0.001669 0.289430 -0.061739
v -0.001669 0.288370 -0.060961
v -0.001669 -0.115142 -0.086245
v -0.001669 -0.005022 -0.034931
v -0.001669 0.086300 -0.009975
v -0.001669 -0.025307 -0.034218
v -0.001669 -0.004599 -0.034215
v -0.001669 -0.025377 -0.008692
v -0.001669 -0.004530 -0.008692
v -0.001669 0.082362 -0.007581
v -0.001669 0.084676 -0.008472
v -0.001669 -0.113115 -0.089753
v -0.001669 -0.137357 -0.091282
v -0.001669 -0.148847 -0.095503
v -0.001669 -0.089901 -0.098380
v -0.001669 -0.151354 -0.099357
v -0.001669 -0.213154 -0.099234
v -0.001669 -0.214102 -0.099367
v -0.001669 0.162049 -0.097816
v -0.001669 0.103843 -0.096872
v -0.001669 -0.215039 -0.099173
v -0.001669 -0.276221 -0.099234
v -0.001669 -0.133168 -0.088865
v -0.001669 -0.114391 -0.088149
v -0.001669 -0.114672 -0.082341
v -0.001669 -0.115172 -0.083946
v -0.001669 -0.012619 -0.027323
v -0.001669 -0.010855 -0.023538
v -0.001669 -0.024885 -0.034931
v -0.001669 -0.024171 -0.035352
v -0.001669 -0.010830 -0.025022
v -0.001669 -0.011491 -0.026359
v -0.001669 -0.014070 -0.027665
v -0.001669 -0.017366 -0.025374
v -0.001669 -0.015540 -0.027405
v -0.001669 -0.016851 -0.026366
v -0.001669 -0.017569 -0.024275
v -0.001669 -0.016605 -0.021900
v -0.001669 -0.017311 -0.023003
v -0.001669 -0.015361 -0.021087
v -0.001669 -0.014080 -0.020883
v -0.001669 -0.012626 -0.021222
v -0.001669 -0.011369 -0.022334
v -0.001669 -0.011013 0.012546
v -0.001669 -0.011731 0.011465
v -0.001669 -0.012628 0.010803
v -0.001669 -0.017366 0.012726
v -0.001669 -0.015706 0.010791
v -0.001669 -0.016851 0.011734
v -0.001669 -0.017569 0.013825
v -0.001669 -0.015361 0.017013
v -0.001669 -0.017311 0.015097
v -0.001669 -0.016605 0.016200
v -0.001669 -0.014080 0.017217
v -0.001669 -0.012626 0.016878
v -0.001669 -0.011369 0.015766
v -0.001669 -0.163510 0.060139
v -0.001669 -0.162187 0.058232
v -0.001669 0.114010 0.060222
v -0.001669 0.115097 0.059278
v -0.001669 -0.338480 -0.098722
v -0.001669 -0.352681 -0.102543
v -0.001669 -0.279546 -0.096399
v -0.001669 -0.352438 -0.101844
v -0.001669 -0.364251 -0.102827
v -0.001669 -0.354206 -0.102545
v -0.001669 -0.363754 -0.102179
v -0.001669 -0.384809 -0.100272
v -0.001669 -0.342588 -0.097510
v -0.001669 -0.384890 -0.098742
v -0.001669 -0.342613 -0.096399
v -0.001669 -0.342255 -0.095511
v -0.001669 -0.353722 -0.077463
v -0.001669 -0.354410 -0.076609
v -0.001669 -0.363754 -0.076779
v -0.001669 -0.338852 -0.094738
v -0.001669 -0.338048 -0.095503
v -0.001669 0.228457 -0.099164
v -0.001669 0.099300 -0.098380
v -0.001669 0.039922 -0.098722
v -0.001669 0.291383 -0.099234
v -0.001669 0.355968 -0.097668
v -0.001669 0.227206 -0.099392
v -0.001669 0.290275 -0.099366
v -0.001669 0.288499 -0.098376
v -0.001669 0.037229 -0.099173
v -0.001669 -0.023953 -0.099234
v -0.001669 -0.027277 -0.096396
v -0.001669 -0.026917 -0.095506
v -0.001669 -0.085780 -0.095503
v -0.001669 0.225432 -0.098376
v -0.001669 0.166767 -0.097668
v -0.001669 0.224954 -0.097196
v -0.001669 0.166863 -0.096559
v -0.001669 0.225071 -0.096090
v -0.001669 0.166563 -0.095649
v -0.001669 0.165820 -0.094812
v -0.001669 0.225639 -0.095128
v -0.001669 0.229559 -0.095507
v -0.001669 0.288706 -0.095128
v -0.001669 0.292901 -0.097668
v -0.001669 0.351566 -0.098376
v -0.001669 0.362313 -0.105605
v -0.001669 0.353342 -0.099366
v -0.001669 0.368759 -0.100371
v -0.001669 0.235312 -0.085994
v -0.001669 0.292997 -0.096559
v -0.001669 0.351088 -0.097196
v -0.001669 0.376225 -0.093866
v -0.001669 0.356064 -0.096558
v -0.001669 -0.275062 -0.098388
v -0.001669 -0.215928 -0.098496
v -0.001669 -0.277169 -0.099367
v -0.001669 -0.215589 -0.094908
v -0.001669 -0.279545 -0.097354
v -0.001669 -0.279188 -0.095511
v -0.001669 -0.278391 -0.094723
v -0.001669 -0.277008 -0.094345
v -0.001669 -0.275785 -0.094737
v -0.001669 -0.274981 -0.095503
v -0.001669 -0.152657 -0.098746
v -0.001669 -0.211995 -0.098388
v -0.001669 -0.148928 -0.098388
v -0.001669 -0.025838 -0.099173
v -0.001669 -0.087020 -0.099234
v -0.001669 -0.150087 -0.099234
v -0.001669 -0.088905 -0.099173
v -0.001669 -0.214732 -0.094483
v -0.001669 -0.213780 -0.094371
v -0.001669 -0.211636 -0.096080
v -0.001669 -0.153355 -0.096076
v -0.001669 -0.211539 -0.097189
v -0.001669 -0.153387 -0.097510
v -0.001669 0.036233 -0.098380
v -0.001669 -0.022794 -0.098388
v -0.001669 -0.090344 -0.097354
v -0.001669 -0.148425 -0.096872
v -0.001669 -0.024901 -0.099367
v -0.001669 0.038166 -0.099367
v -0.001669 0.039114 -0.099234
v -0.001669 0.100296 -0.099173
v -0.001669 -0.086212 -0.098722
v -0.001669 -0.026834 -0.098380
v -0.001669 -0.085542 -0.097820
v -0.001669 -0.027277 -0.097354
v -0.001669 -0.085406 -0.096550
v -0.001669 -0.086586 -0.094736
v -0.001669 -0.026123 -0.094723
v -0.001669 -0.025061 -0.094382
v -0.001669 -0.089190 -0.094723
v -0.001669 -0.089987 -0.095511
v -0.001669 0.038327 -0.094345
v -0.001669 -0.022713 -0.095503
v -0.001669 0.036147 -0.095511
v -0.001669 0.036944 -0.094723
v -0.001669 0.035789 -0.096399
v -0.001669 -0.022291 -0.096872
v -0.001669 0.035790 -0.097354
v -0.001669 -0.087968 -0.099367
v -0.001669 -0.150713 -0.094371
v -0.001669 -0.090345 -0.096399
v -0.001669 -0.087808 -0.094345
v -0.001669 -0.023795 -0.094561
v -0.001669 0.101233 -0.099367
v -0.001669 0.102182 -0.099234
v -0.001669 0.164458 -0.099376
v -0.001669 0.040354 -0.095503
v -0.001669 0.099217 -0.095506
v -0.001669 0.101393 -0.094345
v -0.001669 0.098857 -0.096396
v -0.001669 0.040728 -0.096550
v -0.001669 0.098857 -0.097354
v -0.001669 0.040592 -0.097820
v -0.001669 0.166176 -0.098617
v -0.001669 0.165390 -0.099164
v -0.001669 0.226156 -0.099008
v -0.001669 0.100011 -0.094723
v -0.001669 0.039550 -0.094737
v -0.001669 0.102615 -0.094736
v -0.001669 0.103421 -0.095503
v -0.001669 -0.152522 -0.094908
v -0.001669 -0.212445 -0.094896
v -0.001669 -0.151665 -0.094483
v -0.001669 -0.149653 -0.094736
v -0.001669 0.161884 -0.096710
v -0.001669 0.162935 -0.094798
v -0.001669 0.355377 -0.098617
v -0.001669 0.354450 -0.099234
v -0.001669 0.354605 -0.094560
v -0.001669 0.355693 -0.095507
v -0.001669 0.266434 0.083304
v -0.001669 0.244747 0.083945
v -0.001669 0.157590 0.079059
v -0.001669 0.242434 0.084836
v -0.001669 0.269556 0.084836
v -0.001669 0.448191 0.082988
v -0.001669 0.463508 0.087646
v -0.001669 0.460326 0.059801
v -0.001669 0.448564 0.066787
v -0.001669 0.462212 0.072887
v -0.001669 0.446575 0.084219
v -0.001669 0.449939 0.079418
v -0.001669 0.302976 0.027766
v -0.001669 0.283861 0.027728
v -0.001669 0.292738 -0.008444
v -0.001669 0.291793 -0.011515
v -0.001669 0.292676 -0.034789
v -0.001669 0.423701 -0.007370
v -0.001669 0.292866 -0.009909
v -0.001669 0.289477 0.007778
v -0.001669 0.291175 -0.034330
v -0.001669 0.280588 -0.033752
v -0.001669 0.281395 -0.034260
v -0.001669 0.290554 -0.061936
v -0.001669 0.352420 -0.074571
v -0.001669 0.350990 -0.073218
v -0.001669 0.303945 0.027616
v -0.001669 0.305766 0.028599
v -0.001669 -0.342062 -0.098496
v -0.001669 -0.354410 -0.102009
v -0.001669 -0.353150 -0.102869
v -0.001669 -0.364252 -0.075633
v -0.001669 -0.354296 -0.076050
v -0.001669 -0.364987 -0.077463
v -0.001669 -0.365471 -0.077145
v -0.001669 -0.365675 -0.076609
v -0.001669 -0.365071 -0.075618
v -0.001669 -0.363787 -0.076202
v -0.001669 -0.315468 -0.061907
v -0.001669 -0.352987 -0.075633
v -0.001669 -0.352489 -0.076281
v -0.001669 -0.353150 -0.077469
v -0.001669 -0.339724 0.086578
v -0.001669 -0.341903 0.091081
v -0.001669 -0.352681 0.093307
v -0.001669 -0.317683 0.029495
v -0.001669 -0.302115 -0.011852
v -0.001669 -0.302824 -0.012334
v -0.001669 -0.346264 0.022565
v -0.001669 -0.319063 -0.043353
v -0.001669 -0.352103 -0.037305
v -0.001669 -0.380900 0.033611
v -0.001669 -0.384319 0.035801
v -0.001669 -0.365219 0.093083
v -0.001669 -0.463830 0.078082
v -0.001669 -0.365695 0.093749
v -0.001669 -0.318013 0.087466
v -0.001669 -0.343155 0.058862
v -0.001669 -0.345015 0.021414
v -0.001669 -0.318191 0.028496
v -0.001669 -0.343143 0.088064
v -0.001669 -0.318851 0.086697
v -0.001669 -0.320104 0.086332
v -0.001669 -0.313499 0.084838
v -0.001669 -0.314256 0.084248
v -0.001669 -0.352797 0.094653
v -0.001669 -0.338295 0.089502
v -0.001669 -0.322637 0.088861
v -0.001669 -0.317938 0.090117
v -0.001669 -0.318706 0.090955
v -0.001669 0.281512 0.005766
v -0.001669 0.297513 0.019404
v -0.001669 0.278760 0.021429
v -0.001669 0.278045 0.021851
v -0.001669 0.280767 0.005422
v -0.001669 0.288854 -0.007423
v -0.001669 0.277623 0.022566
v -0.001669 0.287895 -0.009738
v -0.001669 0.281512 -0.045109
v -0.001669 0.280767 -0.045453
v -0.001669 0.294944 -0.036788
v -0.001669 0.295561 -0.038062
v -0.001669 0.289893 -0.056937
v -0.001669 0.288039 -0.058443
v -0.001669 0.264423 0.077278
v -0.001669 0.267697 0.084177
v -0.001669 0.159017 0.082571
v -0.001669 0.160124 0.083633
v -0.001669 0.161683 0.084506
v -0.001669 0.163322 0.084875
v -0.001669 0.274800 0.058712
v -0.001669 0.264866 0.075918
v -0.001669 0.310509 0.084860
v -0.001669 0.283853 0.086463
v -0.001669 0.284964 0.087105
v -0.001669 0.302240 0.086857
v -0.001669 0.282740 0.086382
v -0.001669 0.277296 0.084248
v -0.001669 0.301401 0.088053
v -0.001669 0.285567 0.088234
v -0.001669 0.276539 0.084838
v -0.001669 0.280955 0.087629
v -0.001669 0.280631 0.088861
v -0.001669 0.306265 0.089188
v -0.001669 0.306120 0.087894
v -0.001669 0.305180 0.086772
v -0.001669 0.303783 0.086332
v -0.001669 0.309703 0.084356
v -0.001669 0.280689 0.029646
v -0.001669 0.280713 0.030767
v -0.001669 0.281024 0.090243
v -0.001669 0.282127 0.091163
v -0.001669 0.283386 0.091367
v -0.001669 0.303950 0.091374
v -0.001669 0.285627 0.089189
v -0.001669 0.301300 0.089187
v 0.001506 0.458158 0.048371
v 0.001506 0.445439 0.049636
v 0.001506 0.306200 0.058845
v 0.001506 0.429870 0.067587
v 0.001506 0.419341 0.067623
v 0.001506 0.282036 0.057237
v 0.001506 0.285235 0.058095
v 0.001506 0.301337 0.058841
v 0.001506 0.302122 0.057606
v 0.001506 0.284254 0.032384
v 0.001506 0.302816 0.032436
v 0.001506 0.285626 0.059164
v 0.001506 0.109844 0.048458
v 0.001506 0.137048 0.069943
v 0.001506 0.114282 0.055766
v 0.001506 0.109733 0.049310
v 0.001506 0.106208 0.063431
v 0.001506 0.114010 0.060222
v 0.001506 0.109353 0.049907
v 0.001506 0.113385 0.055436
v 0.001506 0.107697 0.050930
v 0.001506 0.106210 0.052382
v 0.001506 0.105080 0.054146
v 0.001506 0.112112 0.055534
v 0.001506 0.104297 0.056713
v 0.001506 0.110495 0.057585
v 0.001506 0.110972 0.056405
v 0.001506 0.110611 0.058691
v 0.001506 0.104399 0.059691
v 0.001506 0.112267 0.066619
v 0.001506 0.110048 0.066172
v 0.001506 0.111182 0.059657
v 0.001506 0.107700 0.064887
v 0.001506 0.112424 0.060373
v 0.001506 0.105219 0.061922
v 0.001506 0.301993 0.061285
v 0.001506 0.277570 0.083608
v 0.001506 0.284411 0.061687
v 0.001506 0.305874 0.060892
v 0.001506 0.309358 0.083611
v 0.001506 0.119892 0.066670
v 0.001506 0.418121 0.067905
v 0.001506 0.431154 0.093835
v 0.001506 0.436243 0.084441
v 0.001506 0.412797 0.084441
v 0.001506 0.419341 0.093023
v 0.001506 0.429870 0.092987
v 0.001506 0.418031 0.069000
v 0.001506 0.419089 0.069472
v 0.001506 0.413221 0.083723
v 0.001506 0.430193 0.069511
v 0.001506 0.429386 0.093305
v 0.001506 0.282816 0.062005
v 0.001506 0.303294 0.061962
v 0.001506 0.305675 0.057838
v 0.001506 -0.025377 0.006348
v 0.001506 -0.004111 0.005636
v 0.001506 -0.025796 0.005636
v 0.001506 0.309304 0.022565
v 0.001506 0.306250 0.030617
v 0.001506 0.444655 0.004170
v 0.001506 0.431687 0.005992
v 0.001506 0.305573 0.031915
v 0.001506 0.304749 0.057185
v 0.001506 0.304582 0.032490
v 0.001506 0.303787 0.056992
v 0.001506 0.414428 0.065379
v 0.001506 0.442045 0.035880
v 0.001506 0.303945 0.027616
v 0.001506 0.306200 0.029476
v 0.001506 0.308800 0.021759
v 0.001506 0.298642 0.021358
v 0.001506 0.097358 0.001241
v 0.001506 0.096901 -0.000661
v 0.001506 0.082362 0.005237
v 0.001506 0.308055 0.021414
v 0.001506 0.437337 0.020790
v 0.001506 0.449893 0.018245
v 0.001506 0.364452 -0.075998
v 0.001506 0.358127 -0.075347
v 0.001506 0.414766 -0.006167
v 0.001506 0.416537 -0.006145
v 0.001506 0.096983 -0.002193
v 0.001506 0.426729 -0.004987
v 0.001506 0.439414 -0.007961
v 0.001506 0.392924 -0.049458
v 0.001506 0.417988 -0.006567
v 0.001506 -0.026511 -0.007557
v 0.001506 -0.003396 -0.007557
v 0.001506 0.294049 -0.035692
v 0.001506 0.292468 -0.010810
v 0.001506 0.097360 -0.003589
v 0.001506 0.425452 -0.034221
v 0.001506 0.397671 -0.049609
v 0.001506 0.397807 -0.048336
v 0.001506 0.424616 -0.006974
v 0.001506 0.419239 -0.043983
v 0.001506 0.386587 -0.045778
v 0.001506 0.412661 -0.053422
v 0.001506 0.356080 -0.075674
v 0.001506 0.363808 -0.076905
v 0.001506 -0.115172 -0.083946
v 0.001506 0.370194 -0.064444
v 0.001506 0.255382 -0.090628
v 0.001506 0.231510 -0.090824
v 0.001506 -0.083932 -0.003585
v 0.001506 0.128202 -0.082553
v 0.001506 0.146594 -0.088865
v 0.001506 0.290510 -0.094371
v 0.001506 0.280172 -0.090266
v 0.001506 -0.084037 0.001455
v 0.001506 -0.068692 0.005214
v 0.001506 0.368249 -0.079216
v 0.001506 -0.003393 0.005212
v 0.001506 -0.026514 0.005212
v 0.001506 -0.004530 0.006348
v 0.001506 -0.024791 0.024560
v 0.001506 -0.024174 0.024904
v 0.001506 -0.005733 0.024904
v 0.001506 -0.005116 0.024560
v 0.001506 -0.004621 0.023887
v 0.001506 -0.364665 0.067546
v 0.001506 -0.353954 0.067683
v 0.001506 -0.353232 0.067549
v 0.001506 -0.025286 0.023887
v 0.001506 -0.014071 0.010408
v 0.001506 -0.004111 -0.007980
v 0.001506 -0.025796 -0.007980
v 0.001506 0.228973 -0.094889
v 0.001506 -0.465869 0.058653
v 0.001506 -0.365219 0.067683
v 0.001506 -0.347467 0.065310
v 0.001506 -0.364119 0.067730
v 0.001506 -0.446939 0.062230
v 0.001506 -0.470162 0.062863
v 0.001506 -0.365695 0.068349
v 0.001506 -0.369054 0.065364
v 0.001506 -0.461584 0.055396
v 0.001506 -0.320434 0.062005
v 0.001506 -0.352681 0.067907
v 0.001506 -0.339478 0.061688
v 0.001506 -0.321633 0.061478
v 0.001506 -0.369796 0.065708
v 0.001506 -0.456756 0.052587
v 0.001506 -0.342403 0.057606
v 0.001506 -0.338260 0.059170
v 0.001506 -0.338404 0.060465
v 0.001506 -0.322615 0.059656
v 0.001506 -0.322275 0.060742
v 0.001506 -0.321897 0.031914
v 0.001506 -0.322523 0.030773
v 0.001506 -0.346662 0.064806
v 0.001506 -0.338260 0.029801
v 0.001506 -0.338404 0.031096
v 0.001506 -0.339478 0.032319
v 0.001506 -0.322587 0.029797
v 0.001506 -0.322271 0.028872
v 0.001506 -0.367658 0.018644
v 0.001506 -0.382935 0.016072
v 0.001506 -0.338653 0.028726
v 0.001506 -0.339496 0.027955
v 0.001506 -0.321371 0.027934
v 0.001506 -0.375754 0.029319
v 0.001506 -0.397664 0.027930
v 0.001506 -0.317638 0.059004
v 0.001506 -0.314583 0.022566
v 0.001506 -0.320271 0.027637
v 0.001506 -0.318839 0.032318
v 0.001506 -0.319139 0.057155
v 0.001506 -0.340742 0.027595
v 0.001506 -0.304937 0.004615
v 0.001506 -0.315005 0.021851
v 0.001506 -0.305440 0.005421
v 0.001506 -0.324708 0.005753
v 0.001506 -0.306186 0.005766
v 0.001506 -0.325457 0.005319
v 0.001506 -0.316632 -0.007436
v 0.001506 -0.317402 -0.008463
v 0.001506 -0.316632 -0.057436
v 0.001506 -0.360973 -0.056136
v 0.001506 -0.072729 0.007427
v 0.001506 -0.070803 0.005870
v 0.001506 -0.221386 -0.082341
v 0.001506 -0.274671 -0.097524
v 0.001506 0.352469 -0.094618
v 0.001506 0.291621 -0.094615
v 0.001506 -0.303732 -0.091283
v 0.001506 -0.337653 -0.096872
v 0.001506 -0.384400 -0.101756
v 0.001506 -0.379395 -0.105569
v 0.001506 -0.365320 -0.102722
v 0.001506 -0.363705 -0.101848
v 0.001506 -0.354438 -0.101848
v 0.001506 -0.381506 -0.104913
v 0.001506 -0.353276 -0.100962
v 0.001506 -0.342322 -0.098128
v 0.001506 -0.363981 -0.102594
v 0.001506 -0.338629 -0.094890
v 0.001506 -0.304444 -0.090864
v 0.001506 -0.339358 -0.094510
v 0.001506 -0.353981 -0.101100
v 0.001506 -0.364042 -0.101215
v 0.001506 -0.278200 -0.099131
v 0.001506 -0.339506 -0.099292
v 0.001506 -0.243823 -0.091259
v 0.001506 -0.216438 -0.096222
v 0.001506 -0.240023 -0.089066
v 0.001506 -0.220008 -0.089568
v 0.001506 -0.241735 -0.090489
v 0.001506 -0.218321 -0.090730
v 0.001506 0.351072 -0.096542
v 0.001506 0.292997 -0.096545
v 0.001506 0.306265 0.059821
v 0.001506 0.429386 0.067905
v 0.001506 0.234916 -0.082553
v 0.001506 0.146986 0.069746
v 0.001506 0.120643 0.067105
v 0.001506 0.463913 0.097595
v 0.001506 0.419089 0.094872
v 0.001506 0.417917 0.068441
v 0.001506 0.418605 0.067587
v 0.001506 0.280635 0.059656
v 0.001506 0.277197 0.058683
v 0.001506 0.277569 0.059451
v 0.001506 0.413811 0.065719
v 0.001506 0.280956 0.058225
v 0.001506 0.115517 0.057905
v 0.001506 0.285484 0.060463
v 0.001506 0.301365 0.060145
v 0.001506 0.280975 0.060742
v 0.001506 0.285128 0.031654
v 0.001506 0.303778 0.032629
v 0.001506 0.284258 0.057239
v 0.001506 0.302983 0.057131
v 0.001506 0.305766 0.028599
v 0.001506 0.454686 0.033956
v 0.001506 0.281140 0.021363
v 0.001506 0.302976 0.027766
v 0.001506 0.283795 0.027708
v 0.001506 0.301401 0.029315
v 0.001506 0.285612 0.029634
v 0.001506 0.291034 -0.006985
v 0.001506 0.288470 0.005845
v 0.001506 0.277623 0.022566
v 0.001506 0.285564 0.030771
v 0.001506 0.301300 0.030451
v 0.001506 0.278045 0.021851
v 0.001506 0.301774 0.031666
v 0.001506 0.278760 0.021429
v 0.001506 0.284399 0.086697
v 0.001506 0.145966 0.070768
v 0.001506 0.144684 0.071603
v 0.001506 0.143219 0.072072
v 0.001506 0.266434 0.083304
v 0.001506 0.245359 0.083484
v 0.001506 0.115095 0.056535
v 0.001506 0.283150 0.056992
v 0.001506 0.281899 0.032297
v 0.001506 0.281161 0.031653
v 0.001506 0.281617 0.061478
v 0.001506 -0.342834 0.028729
v 0.001506 -0.318839 0.061687
v 0.001506 -0.365421 0.069206
v 0.001506 -0.450614 0.064210
v 0.001506 -0.473829 0.067637
v 0.001506 -0.459849 0.071550
v 0.001506 -0.454971 0.067160
v 0.001506 -0.231321 0.083946
v 0.001506 -0.254270 0.084176
v 0.001506 -0.256130 0.084836
v 0.001506 -0.129797 0.072092
v 0.001506 -0.144725 0.075921
v 0.001506 -0.353806 0.069432
v 0.001506 -0.131708 0.071367
v 0.001506 -0.317766 0.060463
v 0.001506 -0.320755 0.032543
v 0.001506 -0.340905 0.032636
v 0.001506 -0.317766 0.031094
v 0.001506 -0.318119 0.057970
v 0.001506 -0.343274 0.030126
v 0.001506 -0.321767 0.057606
v 0.001506 -0.338574 0.058244
v 0.001506 -0.342832 0.031526
v 0.001506 -0.346318 0.064061
v 0.001506 -0.322418 0.058539
v 0.001506 -0.343188 0.060149
v 0.001506 -0.342400 0.061387
v 0.001506 -0.372983 0.026340
v 0.001506 -0.393406 0.025482
v 0.001506 -0.319939 0.032615
v 0.001506 -0.341989 0.032297
v 0.001506 -0.320598 0.057028
v 0.001506 -0.317638 0.029633
v 0.001506 -0.386563 0.020050
v 0.001506 -0.319455 0.027708
v 0.001506 -0.315720 0.021429
v 0.001506 -0.364197 0.010354
v 0.001506 -0.379441 0.011106
v 0.001506 -0.370496 0.023189
v 0.001506 -0.341991 0.027957
v 0.001506 -0.390120 0.023139
v 0.001506 -0.339219 0.057509
v 0.001506 -0.341237 0.057028
v 0.001506 -0.340096 0.057076
v 0.001506 -0.365641 0.014382
v 0.001506 -0.475917 0.071125
v 0.001506 -0.462939 0.075238
v 0.001506 -0.477689 0.074723
v 0.001506 -0.379830 0.032823
v 0.001506 -0.386851 0.037197
v 0.001506 -0.343124 0.058685
v 0.001506 -0.370302 0.066513
v 0.001506 0.387467 -0.083092
v 0.001506 -0.384809 -0.100272
v 0.001506 -0.221237 -0.087933
v 0.001506 -0.083593 0.000095
v 0.001506 -0.221886 -0.085994
v 0.001506 -0.364541 -0.100962
v 0.001506 -0.342574 -0.096227
v 0.001506 -0.221887 -0.083946
v 0.001506 -0.312569 -0.059733
v 0.001506 -0.312873 -0.060650
v 0.001506 -0.313500 -0.061384
v 0.001506 -0.364042 -0.075815
v 0.001506 -0.354438 -0.076448
v 0.001506 -0.123351 0.069549
v 0.001506 -0.124856 0.097595
v 0.001506 -0.144225 0.077524
v 0.001506 -0.127750 0.072174
v 0.001506 -0.144184 0.079060
v 0.001506 -0.144473 0.080568
v 0.001506 -0.462571 0.082397
v 0.001506 -0.145280 0.082157
v 0.001506 -0.146294 0.083304
v 0.001506 -0.320105 0.091395
v 0.001506 -0.353236 0.094872
v 0.001506 -0.126023 0.071697
v 0.001506 -0.124492 0.070784
v 0.001506 -0.083475 -0.001684
v 0.001506 -0.068456 -0.007542
v 0.001506 -0.071654 -0.008784
v 0.001506 -0.070096 -0.007912
v 0.001506 -0.072871 -0.009971
v 0.001506 -0.004530 -0.008692
v 0.001506 -0.025377 -0.008692
v 0.001506 -0.135021 -0.090489
v 0.001506 -0.111373 -0.090823
v 0.001506 0.128660 -0.084450
v 0.001506 0.128498 -0.086486
v 0.001506 0.127572 -0.088589
v 0.001506 0.147816 -0.090057
v 0.001506 0.125724 -0.090368
v 0.001506 0.149145 -0.090824
v 0.001506 0.123408 -0.091259
v 0.001506 0.150783 -0.091282
v 0.001506 0.363809 -0.078791
v 0.001506 0.354039 -0.075387
v 0.001506 0.393566 -0.036466
v 0.001506 0.291917 -0.007418
v 0.001506 0.084676 0.006127
v 0.001506 0.086300 0.007631
v 0.001506 0.280247 -0.033008
v 0.001506 0.288370 -0.010961
v 0.001506 0.265271 0.081953
v 0.001506 0.246502 0.082247
v 0.001506 0.138760 0.071366
v 0.001506 0.140176 0.071948
v 0.001506 0.158079 0.081042
v 0.001506 0.138282 0.097595
v 0.001506 0.141686 0.072215
v 0.001506 0.158151 0.075921
v 0.001506 0.157709 0.077278
v 0.001506 0.157590 0.079059
v 0.001506 0.306120 0.087894
v 0.001506 0.310509 0.084860
v 0.001506 0.276417 0.058219
v 0.001506 0.292866 -0.059909
v 0.001506 0.371567 -0.082434
v 0.001506 0.365585 -0.080288
v 0.001506 0.366698 -0.080298
v 0.001506 0.372637 -0.082091
v 0.001506 0.364571 -0.079813
v 0.001506 0.374789 -0.086212
v 0.001506 0.373893 -0.086868
v 0.001506 0.292603 -0.095471
v 0.001506 0.351598 -0.095347
v 0.001506 0.229786 -0.095906
v 0.001506 0.257497 -0.091282
v 0.001506 0.233951 -0.088989
v 0.001506 0.253449 -0.089065
v 0.001506 0.279677 -0.090939
v 0.001506 0.288133 -0.096065
v 0.001506 0.227779 -0.094364
v 0.001506 0.229877 -0.091282
v 0.001506 0.226335 -0.094618
v 0.001506 0.161963 -0.096224
v 0.001506 0.165906 -0.094889
v 0.001506 -0.137109 -0.091259
v 0.001506 -0.109732 -0.091282
v 0.001506 0.394888 -0.075225
v 0.001506 0.368669 -0.077844
v 0.001506 0.367566 -0.079894
v 0.001506 0.370684 -0.083349
v 0.001506 0.370359 -0.084583
v 0.001506 0.373589 -0.082184
v 0.001506 0.375294 -0.085220
v 0.001506 0.232839 -0.090058
v 0.001506 0.235292 -0.083948
v 0.001506 0.360024 -0.074269
v 0.001506 0.365577 -0.075381
v 0.001506 0.403483 -0.065297
v 0.001506 0.291497 -0.061661
v 0.001506 0.292288 -0.061080
v 0.001506 0.400895 -0.057642
v 0.001506 0.379065 -0.054801
v 0.001506 0.399781 -0.056495
v 0.001506 0.367162 -0.075534
v 0.001506 0.368244 -0.076472
v 0.001506 0.372959 -0.087084
v 0.001506 0.371859 -0.086883
v 0.001506 0.353577 -0.094371
v 0.001506 0.374567 -0.082723
v 0.001506 0.375322 -0.083944
v 0.001506 0.399960 -0.054036
v 0.001506 0.396886 -0.050617
v 0.001506 0.396031 -0.051062
v 0.001506 0.401817 -0.052906
v 0.001506 0.394920 -0.051143
v 0.001506 0.400753 -0.053248
v 0.001506 0.402771 -0.052997
v 0.001506 0.393755 -0.050626
v 0.001506 0.404406 -0.056344
v 0.001506 0.402307 -0.057899
v 0.001506 0.392893 -0.048023
v 0.001506 0.395406 -0.046160
v 0.001506 0.393421 -0.047036
v 0.001506 0.399534 -0.027732
v 0.001506 0.432829 -0.021260
v 0.001506 0.405155 -0.018643
v 0.001506 0.410825 -0.008553
v 0.001506 0.425804 -0.006074
v 0.001506 0.396484 -0.046430
v 0.001506 0.397429 -0.047284
v 0.001506 0.404507 -0.054756
v 0.001506 0.403503 -0.057456
v 0.001506 0.291917 -0.057418
v 0.001506 0.292738 -0.058444
v 0.001506 0.399566 -0.055079
v 0.001506 0.295806 -0.039925
v 0.001506 0.403753 -0.053537
v 0.001506 -0.354296 0.069000
v 0.001506 -0.363872 0.069083
v 0.001506 -0.341071 0.062005
v 0.001506 -0.353954 0.093083
v 0.001506 -0.364119 0.093130
v 0.001506 -0.463764 0.077319
v 0.001506 -0.479716 0.080400
v 0.001506 -0.463426 0.080841
v 0.001506 -0.463802 0.079360
v 0.001506 -0.364665 0.092946
v 0.001506 -0.354400 0.068269
v 0.001506 -0.363754 0.068271
v 0.001506 -0.352986 0.069417
v 0.001506 -0.364663 0.069511
v 0.001506 -0.343225 0.089188
v 0.001506 -0.352438 0.068606
v 0.001506 -0.458591 0.084836
v 0.001506 -0.481262 0.089883
v 0.001506 -0.371505 0.084860
v 0.001506 -0.322637 0.088861
v 0.001506 -0.370701 0.084356
v 0.001506 -0.341552 0.086482
v 0.001506 -0.321504 0.086772
v 0.001506 -0.339634 0.086629
v 0.001506 -0.318013 0.087466
v 0.001506 -0.313499 0.084838
v 0.001506 -0.480823 0.085676
v 0.001506 -0.460898 0.083951
v 0.001506 -0.481316 0.097595
v 0.001506 -0.365421 0.094606
v 0.001506 -0.364663 0.094911
v 0.001506 -0.353806 0.094832
v 0.001506 -0.363872 0.094483
v 0.001506 -0.354296 0.094400
v 0.001506 -0.354400 0.093669
v 0.001506 -0.363754 0.093671
v 0.001506 -0.338734 0.087323
v 0.001506 -0.370356 0.083612
v 0.001506 -0.317573 0.088864
v 0.001506 -0.229008 0.084836
v 0.001506 -0.342386 0.086987
v 0.001506 0.429436 0.069206
v 0.001506 0.419596 0.069201
v 0.001506 0.435751 0.066518
v 0.001506 0.430606 0.067623
v 0.001506 0.435411 0.065901
v 0.001506 0.413312 0.066393
v 0.001506 0.304751 0.061834
v 0.001506 0.418521 0.069432
v 0.001506 0.418121 0.093305
v 0.001506 0.418605 0.092987
v 0.001506 0.412085 0.084860
v 0.001506 0.435820 0.083726
v 0.001506 0.429171 0.068521
v 0.001506 0.419889 0.068435
v 0.001506 0.430861 0.069201
v 0.001506 0.434734 0.065401
v 0.001506 0.449374 0.081355
v 0.001506 0.449973 0.077950
v 0.001506 0.462212 0.072887
v 0.001506 0.431154 0.068435
v 0.001506 0.430606 0.093023
v 0.001506 0.463508 0.087646
v 0.001506 0.305036 0.091030
v 0.001506 0.417917 0.093841
v 0.001506 0.418031 0.094400
v 0.001506 0.277296 0.084248
v 0.001506 0.283471 0.086381
v 0.001506 0.429436 0.094606
v 0.001506 0.419596 0.094601
v 0.001506 0.418521 0.094832
v 0.001506 0.303950 0.091374
v 0.001506 0.301774 0.090404
v 0.001506 0.284666 0.090852
v 0.001506 0.285311 0.090117
v 0.001506 0.276539 0.084838
v 0.001506 0.282338 0.086481
v 0.001506 0.302824 0.091176
v 0.001506 0.429171 0.093921
v 0.001506 0.419889 0.093835
v 0.001506 0.430193 0.094911
v 0.001506 0.444488 0.084859
v 0.001506 0.436955 0.084860
v 0.001506 0.430861 0.094601
v 0.001506 -0.317571 -0.059578
v 0.001506 -0.314355 -0.061827
v 0.001506 -0.364541 -0.075562
v 0.001506 -0.353276 -0.075562
v 0.001506 -0.365703 -0.076448
v 0.001506 -0.316637 -0.061388
v 0.001506 -0.317325 -0.060509
v 0.001506 -0.317402 -0.058463
v 0.001506 -0.315304 -0.006886
v 0.001506 -0.315304 -0.056886
v 0.001506 -0.320356 -0.038515
v 0.001506 -0.350130 -0.037240
v 0.001506 -0.315468 -0.011907
v 0.001506 -0.314355 -0.011827
v 0.001506 -0.303207 -0.012422
v 0.001506 -0.314044 -0.057117
v 0.001506 -0.304316 -0.012062
v 0.001506 -0.313256 -0.057667
v 0.001506 -0.312666 -0.058618
v 0.001506 -0.304865 -0.011233
v 0.001506 -0.313500 -0.011384
v 0.001506 -0.300225 -0.033918
v 0.001506 -0.306186 -0.045109
v 0.001506 -0.301014 -0.034278
v 0.001506 -0.315853 -0.045054
v 0.001506 -0.317776 -0.035010
v 0.001506 -0.316076 -0.034353
v 0.001506 -0.316637 -0.011388
v 0.001506 -0.317325 -0.010509
v 0.001506 -0.317571 -0.009578
v 0.001506 -0.352590 -0.036784
v 0.001506 -0.314044 -0.007117
v 0.001506 -0.312666 -0.008618
v 0.001506 -0.313256 -0.007667
v 0.001506 -0.318313 0.028338
v 0.001506 -0.312569 -0.009733
v 0.001506 -0.312873 -0.010650
v 0.001506 0.289893 -0.006937
v 0.001506 0.280263 0.004617
v 0.001506 0.302125 0.028234
v 0.001506 0.284937 0.028338
v 0.001506 0.289391 0.006675
v 0.001506 0.422757 -0.007644
v 0.001506 0.411991 -0.007363
v 0.001506 0.419803 -0.007444
v 0.001506 0.293102 -0.044374
v 0.001506 0.291034 -0.056985
v 0.001506 0.291403 -0.045031
v 0.001506 0.394307 -0.046363
v 0.001506 0.280263 -0.046258
v 0.001506 0.288854 -0.057423
v 0.001506 0.287895 -0.059738
v 0.001506 0.288039 -0.008443
v 0.001506 0.294389 -0.043353
v 0.001506 0.289430 -0.011739
v 0.001506 0.295400 -0.041765
v 0.001506 0.290554 -0.011936
v 0.001506 0.289430 -0.061739
v 0.001506 0.288370 -0.060961
v 0.001506 -0.173414 0.057903
v 0.001506 -0.150580 0.066669
v 0.001506 -0.338404 0.089834
v 0.001506 -0.322199 0.090259
v 0.001506 -0.342751 0.090404
v 0.001506 -0.353232 0.092949
v 0.001506 -0.341851 0.091098
v 0.001506 -0.340909 0.091374
v 0.001506 -0.339478 0.091057
v 0.001506 -0.149416 0.084836
v 0.001506 -0.147556 0.084176
v 0.001506 -0.133418 0.069946
v 0.001506 -0.149828 0.067104
v 0.001506 -0.165840 0.060150
v 0.001506 -0.173176 0.059985
v 0.001506 -0.170643 0.064294
v 0.001506 -0.165391 0.066619
v 0.001506 -0.167034 0.066326
v 0.001506 -0.168956 0.065543
v 0.001506 -0.172164 0.062464
v 0.001506 -0.164587 0.060409
v 0.001506 -0.166666 0.059401
v 0.001506 -0.167100 0.058548
v 0.001506 -0.167125 0.057427
v 0.001506 -0.166683 0.056402
v 0.001506 -0.173228 0.056118
v 0.001506 -0.165829 0.055690
v 0.001506 -0.164908 0.055416
v 0.001506 -0.170863 0.051718
v 0.001506 -0.172456 0.053870
v 0.001506 -0.163953 0.055509
v 0.001506 -0.162340 0.049116
v 0.001506 -0.168706 0.050120
v 0.001506 -0.165957 0.049234
v 0.001506 -0.162850 0.056149
v 0.001506 -0.161420 0.048285
v 0.001506 -0.162247 0.057279
v 0.001506 -0.162564 0.059284
v 0.001506 -0.161335 0.047184
v 0.001506 -0.216444 -0.091282
v 0.001506 -0.215915 -0.095218
v 0.001506 -0.274918 -0.095626
v 0.001506 -0.274606 -0.096554
v 0.001506 -0.342049 -0.095218
v 0.001506 -0.384890 -0.098742
v 0.001506 -0.365247 -0.101100
v 0.001506 -0.340320 -0.094364
v 0.001506 -0.304868 -0.090147
v 0.001506 -0.363705 -0.076448
v 0.001506 -0.315468 -0.061907
v 0.001506 -0.305441 -0.045453
v 0.001506 -0.304937 -0.046258
v 0.001506 -0.317780 -0.044402
v 0.001506 -0.319365 -0.042993
v 0.001506 -0.351033 -0.037599
v 0.001506 -0.320453 -0.040156
v 0.001506 -0.320151 -0.041533
v 0.001506 -0.319855 -0.037199
v 0.001506 -0.319064 -0.036033
v 0.001506 -0.005736 -0.035352
v 0.001506 -0.024171 -0.035352
v 0.001506 -0.024885 -0.034931
v 0.001506 -0.114672 -0.082341
v 0.001506 -0.025307 -0.034218
v 0.001506 -0.115142 -0.086245
v 0.001506 -0.005022 -0.034931
v 0.001506 -0.114391 -0.088149
v 0.001506 -0.113115 -0.089753
v 0.001506 0.086431 -0.010170
v 0.001506 -0.004599 -0.034215
v 0.001506 -0.012619 -0.027323
v 0.001506 0.082120 -0.007558
v 0.001506 0.083995 -0.008114
v 0.001506 0.085474 -0.009105
v 0.001506 -0.149164 -0.095085
v 0.001506 -0.148537 -0.097524
v 0.001506 -0.149163 -0.098662
v 0.001506 0.161898 -0.097200
v 0.001506 0.102114 -0.094511
v 0.001506 0.103104 -0.095085
v 0.001506 -0.215914 -0.098531
v 0.001506 -0.275297 -0.098662
v 0.001506 -0.276439 -0.099292
v 0.001506 -0.214679 -0.099319
v 0.001506 -0.133310 -0.089066
v 0.001506 -0.010855 -0.023538
v 0.001506 -0.010830 -0.025022
v 0.001506 -0.011491 -0.026359
v 0.001506 -0.014070 -0.027665
v 0.001506 -0.017366 -0.025374
v 0.001506 -0.015540 -0.027405
v 0.001506 -0.016851 -0.026366
v 0.001506 -0.017569 -0.024275
v 0.001506 -0.016605 -0.021900
v 0.001506 -0.017311 -0.023003
v 0.001506 -0.015361 -0.021087
v 0.001506 -0.014080 -0.020883
v 0.001506 -0.012626 -0.021222
v 0.001506 -0.011369 -0.022334
v 0.001506 -0.010767 0.014198
v 0.001506 -0.017569 0.013825
v 0.001506 -0.011013 0.012546
v 0.001506 -0.011731 0.011465
v 0.001506 -0.012628 0.010803
v 0.001506 -0.017366 0.012726
v 0.001506 -0.015706 0.010791
v 0.001506 -0.016851 0.011734
v 0.001506 -0.015361 0.017013
v 0.001506 -0.017311 0.015097
v 0.001506 -0.016605 0.016200
v 0.001506 -0.014080 0.017217
v 0.001506 -0.012626 0.016878
v 0.001506 -0.011369 0.015766
v 0.001506 -0.163510 0.060139
v 0.001506 -0.162187 0.058232
v 0.001506 0.115097 0.059278
v 0.001506 -0.384432 -0.096841
v 0.001506 -0.341260 -0.094636
v 0.001506 -0.363981 -0.077194
v 0.001506 -0.353981 -0.075700
v 0.001506 -0.337899 -0.095761
v 0.001506 -0.279556 -0.097365
v 0.001506 -0.337898 -0.097984
v 0.001506 -0.279073 -0.098400
v 0.001506 -0.338626 -0.098855
v 0.001506 -0.277255 -0.099363
v 0.001506 -0.279507 -0.096227
v 0.001506 -0.354055 -0.102722
v 0.001506 -0.364541 -0.102898
v 0.001506 -0.383307 -0.103484
v 0.001506 -0.342638 -0.097203
v 0.001506 0.038896 -0.099292
v 0.001506 0.100200 -0.099130
v 0.001506 0.279060 -0.091283
v 0.001506 0.289402 -0.094618
v 0.001506 0.288643 -0.095225
v 0.001506 0.229930 -0.097194
v 0.001506 0.288032 -0.097194
v 0.001506 0.288421 -0.098269
v 0.001506 0.229541 -0.098269
v 0.001506 0.228698 -0.099043
v 0.001506 0.289266 -0.099044
v 0.001506 0.292897 -0.097683
v 0.001506 0.290516 -0.099405
v 0.001506 0.227449 -0.099405
v 0.001506 0.292056 -0.098882
v 0.001506 0.352468 -0.099129
v 0.001506 -0.213372 -0.099292
v 0.001506 -0.151121 -0.099363
v 0.001506 -0.086361 -0.094890
v 0.001506 -0.026714 -0.095218
v 0.001506 0.225356 -0.098271
v 0.001506 0.103781 -0.096384
v 0.001506 0.166863 -0.097194
v 0.001506 0.224916 -0.096874
v 0.001506 0.166719 -0.095906
v 0.001506 0.225358 -0.095474
v 0.001506 0.370755 -0.085964
v 0.001506 0.363645 -0.077847
v 0.001506 0.234887 -0.087461
v 0.001506 0.235374 -0.085479
v 0.001506 0.378305 -0.091993
v 0.001506 0.351389 -0.098139
v 0.001506 0.356092 -0.097035
v 0.001506 0.355675 -0.098270
v 0.001506 0.368759 -0.100371
v 0.001506 0.362313 -0.105605
v 0.001506 0.353743 -0.099384
v 0.001506 0.354830 -0.099044
v 0.001506 -0.277092 -0.094371
v 0.001506 -0.278982 -0.095218
v 0.001506 -0.278053 -0.094564
v 0.001506 -0.276288 -0.094511
v 0.001506 -0.275561 -0.094891
v 0.001506 -0.216489 -0.097365
v 0.001506 -0.212230 -0.098662
v 0.001506 -0.211604 -0.097524
v 0.001506 -0.153046 -0.098271
v 0.001506 -0.211554 -0.096384
v 0.001506 -0.153437 -0.097200
v 0.001506 -0.213221 -0.094511
v 0.001506 -0.214986 -0.094564
v 0.001506 -0.214025 -0.094371
v 0.001506 -0.152847 -0.095217
v 0.001506 -0.153371 -0.096219
v 0.001506 -0.212231 -0.095085
v 0.001506 -0.152068 -0.099130
v 0.001506 -0.089872 -0.098400
v 0.001506 -0.026340 -0.098863
v 0.001506 -0.086358 -0.098855
v 0.001506 -0.025311 -0.099341
v 0.001506 -0.087238 -0.099292
v 0.001506 -0.085630 -0.097984
v 0.001506 -0.022403 -0.097524
v 0.001506 0.035779 -0.097365
v 0.001506 -0.023029 -0.098662
v 0.001506 -0.022353 -0.096384
v 0.001506 -0.089000 -0.099131
v 0.001506 -0.025785 -0.094564
v 0.001506 -0.087090 -0.094510
v 0.001506 -0.024824 -0.094371
v 0.001506 -0.089781 -0.095218
v 0.001506 -0.090306 -0.096227
v 0.001506 0.038082 -0.094364
v 0.001506 -0.023030 -0.095085
v 0.001506 0.036353 -0.095218
v 0.001506 0.035828 -0.096227
v 0.001506 0.037134 -0.099131
v 0.001506 0.036262 -0.098400
v 0.001506 -0.024171 -0.099292
v 0.001506 0.038080 -0.099363
v 0.001506 0.098846 -0.097365
v 0.001506 -0.026986 -0.098130
v 0.001506 -0.027303 -0.097203
v 0.001506 -0.085385 -0.096872
v 0.001506 -0.027239 -0.096227
v 0.001506 -0.085631 -0.095762
v 0.001506 -0.088992 -0.094636
v 0.001506 -0.088052 -0.094364
v 0.001506 -0.150305 -0.099292
v 0.001506 -0.088054 -0.099363
v 0.001506 -0.090355 -0.097365
v 0.001506 -0.148487 -0.096384
v 0.001506 -0.150958 -0.094371
v 0.001506 -0.150154 -0.094511
v 0.001506 0.040749 -0.096872
v 0.001506 0.098895 -0.096227
v 0.001506 0.037142 -0.094636
v 0.001506 -0.024020 -0.094511
v 0.001506 0.039773 -0.094890
v 0.001506 0.099420 -0.095218
v 0.001506 0.040503 -0.095762
v 0.001506 0.039776 -0.098855
v 0.001506 0.040504 -0.097984
v 0.001506 0.099327 -0.098396
v 0.001506 0.101147 -0.099363
v 0.001506 0.103731 -0.097524
v 0.001506 0.162289 -0.098271
v 0.001506 0.163132 -0.099044
v 0.001506 0.103105 -0.098662
v 0.001506 0.164382 -0.099405
v 0.001506 0.101963 -0.099292
v 0.001506 0.101310 -0.094371
v 0.001506 0.100349 -0.094564
v 0.001506 0.039044 -0.094510
v 0.001506 0.166472 -0.098273
v 0.001506 0.226199 -0.099044
v 0.001506 0.165627 -0.099045
v 0.001506 -0.151921 -0.094564
v 0.001506 0.162397 -0.095347
v 0.001506 0.163268 -0.094618
v 0.001506 0.164712 -0.094364
v 0.001506 0.355771 -0.095604
v 0.001506 0.354691 -0.094616
v 0.001506 -0.341422 -0.099066
v 0.001506 -0.353276 -0.102898
v 0.001506 -0.340322 -0.099363
v 0.001506 -0.352440 -0.101848
v 0.001506 -0.365703 -0.101848
v 0.001506 -0.352777 -0.101215
v 0.001506 -0.352716 -0.102594
v 0.001506 -0.354055 -0.077322
v 0.001506 -0.364541 -0.077498
v 0.001506 -0.365247 -0.075700
v 0.001506 -0.353276 -0.077498
v 0.001506 -0.352716 -0.077194
v 0.001506 -0.352440 -0.076448
v 0.001506 -0.365320 -0.077322
v 0.001506 -0.352777 -0.075815
v 0.001506 -0.375006 0.001085
v 0.001506 -0.252624 0.082972
v 0.001506 -0.232944 0.082442
v 0.001506 -0.352681 0.093307
v 0.001506 -0.352438 0.094006
v 0.001506 -0.251256 0.080810
v 0.001506 -0.250857 0.078545
v 0.001506 -0.251233 0.076353
v 0.001506 -0.302190 -0.011948
v 0.001506 -0.376692 0.005718
v 0.001506 -0.351898 -0.037450
v 0.001506 -0.383148 0.035092
v 0.001506 -0.365219 0.093083
v 0.001506 -0.365695 0.093749
v 0.001506 -0.340417 0.086381
v 0.001506 -0.318851 0.086697
v 0.001506 -0.346264 0.022565
v 0.001506 -0.345760 0.021759
v 0.001506 -0.345015 0.021414
v 0.001506 -0.322271 0.087610
v 0.001506 -0.352797 0.094653
v 0.001506 -0.321358 0.091031
v 0.001506 -0.338260 0.088540
v 0.001506 -0.320104 0.086332
v 0.001506 -0.314256 0.084248
v 0.001506 -0.314530 0.083608
v 0.001506 -0.343081 0.087894
v 0.001506 -0.317938 0.090117
v 0.001506 -0.318706 0.090955
v 0.001506 0.277555 0.028434
v 0.001506 0.281879 0.027934
v 0.001506 0.305029 0.027955
v 0.001506 0.267697 0.084177
v 0.001506 0.243827 0.084397
v 0.001506 0.301300 0.089187
v 0.001506 0.285677 0.088863
v 0.001506 0.264304 0.079055
v 0.001506 0.242188 0.084858
v 0.001506 0.280613 0.088861
v 0.001506 0.269556 0.084836
v 0.001506 0.448191 0.082988
v 0.001506 0.460326 0.059801
v 0.001506 0.448111 0.063681
v 0.001506 0.446575 0.084219
v 0.001506 0.449939 0.079418
v 0.001506 0.292738 -0.008444
v 0.001506 0.291793 -0.011515
v 0.001506 0.292676 -0.034789
v 0.001506 0.413302 -0.006587
v 0.001506 0.421269 -0.007709
v 0.001506 0.292866 -0.009909
v 0.001506 0.289477 0.007778
v 0.001506 0.280588 -0.033752
v 0.001506 0.291175 -0.034330
v 0.001506 0.281395 -0.034260
v 0.001506 0.290554 -0.061936
v 0.001506 0.352216 -0.074410
v 0.001506 0.350987 -0.073214
v 0.001506 0.297565 0.020383
v 0.001506 0.281891 0.020928
v 0.001506 0.281512 0.005766
v 0.001506 0.280767 0.005422
v 0.001506 0.298015 0.020998
v 0.001506 0.297513 0.019404
v 0.001506 0.288854 -0.007423
v 0.001506 0.287895 -0.009738
v 0.001506 0.281512 -0.045109
v 0.001506 0.280767 -0.045453
v 0.001506 0.294944 -0.036788
v 0.001506 0.295561 -0.038062
v 0.001506 0.289893 -0.056937
v 0.001506 0.288039 -0.058443
v 0.001506 0.159017 0.082571
v 0.001506 0.160124 0.083633
v 0.001506 0.161683 0.084506
v 0.001506 0.163322 0.084875
v 0.001506 0.306265 0.089188
v 0.001506 0.301401 0.088053
v 0.001506 0.285236 0.087465
v 0.001506 0.264627 0.080546
v 0.001506 0.305180 0.086772
v 0.001506 0.303783 0.086332
v 0.001506 0.274876 0.058614
v 0.001506 0.280727 0.030773
v 0.001506 0.280663 0.029797
v 0.001506 0.264866 0.075918
v 0.001506 0.264423 0.077278
v 0.001506 0.281140 0.087319
v 0.001506 0.275636 0.058207
v 0.001506 0.282980 0.032636
v 0.001506 0.280979 0.028872
v 0.001506 0.282979 0.027637
v 0.001506 0.281135 0.090403
v 0.001506 0.282335 0.091245
v 0.001506 0.283630 0.091332
v 0.001506 0.302240 0.086857
v 0.001506 0.309703 0.084356
v 0.001506 0.305875 0.090260
v 0.001506 -0.124856 0.097595
v -0.001669 -0.124856 0.097595
v -0.001669 -0.073332 0.008353
v 0.001506 -0.073332 0.008353
v -0.001669 0.081258 0.005178
v 0.001506 -0.002977 0.005178
v -0.001669 -0.002977 0.005178
v 0.001506 0.081258 0.005178
v 0.001506 0.086758 0.008353
v -0.001669 0.086758 0.008353
v -0.001669 0.109619 0.047950
v 0.001506 0.109619 0.047950
v -0.001669 0.241329 0.084895
v -0.001669 0.163945 0.084895
v 0.001506 0.163945 0.084895
v 0.001506 0.241329 0.084895
v -0.001669 0.252850 -0.088143
v 0.001506 0.158446 0.075370
v -0.001669 0.158446 0.075370
v 0.001506 0.252850 -0.088143
v 0.001506 0.449975 0.077892
v -0.001669 0.449967 0.077893
v 0.001506 0.446175 0.051956
v -0.001669 0.447303 0.058403
v -0.001669 0.438615 0.023710
v 0.001506 0.436740 0.018779
v 0.001506 0.427154 -0.004302
v -0.001669 0.427133 -0.004292
v -0.001669 0.276001 0.084895
v 0.001506 0.270659 0.084895
v 0.001506 0.276001 0.084895
v -0.001669 0.270659 0.084895
v -0.001669 0.350524 -0.072486
v 0.001506 0.297697 0.019014
v -0.001669 0.297697 0.019014
v 0.001506 0.350524 -0.072486
v 0.001506 0.360423 -0.074110
v -0.001669 0.360323 -0.074003
v -0.001669 0.371779 -0.062853
v 0.001506 0.385340 -0.047685
v -0.001669 0.387785 -0.044402
v 0.001506 0.402487 -0.023172
v -0.001669 0.401720 -0.024413
v -0.001669 0.410407 -0.009304
v 0.001506 0.410400 -0.009300
v 0.001506 -0.444740 0.061266
v -0.001669 -0.444740 0.061266
v -0.001669 -0.389729 0.038479
v 0.001506 -0.389729 0.038479
v -0.001669 -0.371924 0.084895
v 0.001506 -0.457491 0.084895
v 0.001506 -0.371924 0.084895
v -0.001669 -0.457491 0.084895
v 0.001506 -0.239424 -0.088143
v -0.001669 -0.239424 -0.088143
v -0.001669 -0.161517 0.046795
v 0.001506 -0.161517 0.046795
v -0.001669 -0.150519 0.084895
v -0.001669 -0.227903 0.084895
v 0.001506 -0.227903 0.084895
v 0.001506 -0.150519 0.084895
v -0.001669 -0.221093 -0.081793
v 0.001506 -0.134021 0.069020
v -0.001669 -0.134021 0.069020
v 0.001506 -0.221093 -0.081793
v 0.001506 -0.215593 -0.091318
v -0.001669 -0.215593 -0.091318
v -0.001669 -0.138209 -0.091318
v 0.001506 -0.138209 -0.091318
v 0.001506 -0.132710 -0.088143
v -0.001669 -0.132710 -0.088143
v -0.001669 -0.084330 -0.004347
v 0.001506 -0.084330 -0.004347
v 0.001506 -0.084330 0.002003
v -0.001669 -0.084330 0.002003
v -0.001669 -0.123023 0.069020
v 0.001506 -0.123023 0.069020
v 0.001506 0.081258 -0.007522
v -0.001669 0.081258 -0.007522
v -0.001669 -0.002977 -0.007522
v 0.001506 -0.002977 -0.007522
v 0.001506 -0.073332 -0.010697
v -0.001669 -0.073332 -0.010697
v -0.001669 -0.114379 -0.081793
v 0.001506 -0.114379 -0.081793
v 0.001506 -0.108880 -0.091318
v -0.001669 -0.108880 -0.091318
v -0.001669 0.122306 -0.091318
v 0.001506 0.122306 -0.091318
v -0.001669 0.086758 -0.010697
v 0.001506 0.127805 -0.081793
v -0.001669 0.127805 -0.081793
v 0.001506 0.086758 -0.010697
v -0.001669 0.097756 0.002003
v 0.001506 0.136449 0.069020
v -0.001669 0.136449 0.069020
v 0.001506 0.097756 0.002003
v -0.001669 0.146136 -0.088143
v 0.001506 0.097756 -0.004347
v -0.001669 0.097756 -0.004347
v 0.001506 0.146136 -0.088143
v 0.001506 0.151635 -0.091318
v -0.001669 0.151635 -0.091318
v -0.001669 0.229019 -0.091318
v 0.001506 0.229019 -0.091318
v -0.001669 0.147447 0.069020
v 0.001506 0.234519 -0.081793
v -0.001669 0.234519 -0.081793
v 0.001506 0.147447 0.069020
v -0.001669 -0.244922 -0.091335
v 0.001506 -0.244921 -0.091364
v -0.001669 -0.241914 -0.090702
v 0.001506 -0.241228 -0.090324
v -0.001669 -0.239385 -0.088168
v 0.001506 -0.239424 -0.088143
v -0.001669 -0.370337 0.083307
v 0.001506 -0.370337 0.066932
v -0.001669 -0.370337 0.066932
v 0.001506 -0.370337 0.083307
v -0.001669 -0.368749 0.065345
v 0.001506 -0.347886 0.065345
v -0.001669 -0.347886 0.065345
v 0.001506 -0.368749 0.065345
v -0.001669 0.435785 0.066932
v 0.001506 0.435785 0.066932
v 0.001506 0.435785 0.083307
v -0.001669 0.435785 0.083307
v -0.001669 0.413255 0.066932
v 0.001506 0.413255 0.083307
v 0.001506 0.413255 0.066932
v -0.001669 0.413255 0.083307
v -0.001669 0.414843 0.065345
v 0.001506 0.434198 0.065345
v -0.001669 0.434198 0.065345
v 0.001506 0.414843 0.065345
v 0.001506 -0.304902 -0.089730
v -0.001669 -0.304902 -0.046677
v -0.001669 -0.304902 -0.089730
v 0.001506 -0.304902 -0.046677
v 0.001506 -0.304902 -0.010797
v 0.001506 -0.304902 0.004198
v -0.001669 -0.304902 0.004198
v -0.001669 -0.304902 -0.010797
v 0.001506 -0.306490 0.005785
v 0.001506 -0.324306 0.005785
v -0.001669 -0.324306 0.005785
v -0.001669 -0.306490 0.005785
v -0.001669 -0.325680 0.004991
v 0.001506 -0.349808 -0.036799
v -0.001669 -0.349808 -0.036799
v 0.001506 -0.325680 0.004991
v 0.001506 0.287920 0.005785
v -0.001669 0.281816 0.005785
v -0.001669 0.287920 0.005785
v 0.001506 0.281816 0.005785
v -0.001669 0.280228 -0.089730
v -0.001669 0.280228 -0.046677
v 0.001506 0.280228 -0.046677
v 0.001506 0.280228 -0.089730
v -0.001669 0.290388 -0.034295
v -0.001669 0.281816 -0.034295
v 0.001506 0.281816 -0.034295
v 0.001506 0.290388 -0.034295
v 0.001506 0.290388 -0.045090
v 0.001506 0.281816 -0.045090
v -0.001669 0.281816 -0.045090
v -0.001669 0.290388 -0.045090
v 0.001506 -0.306490 -0.045090
v -0.001669 -0.315062 -0.045090
v -0.001669 -0.306490 -0.045090
v 0.001506 -0.315062 -0.045090
v -0.001669 -0.315071 -0.045235
v 0.001506 -0.315074 -0.045279
v 0.001506 -0.318882 -0.043620
v -0.001669 -0.318240 -0.044105
v -0.001669 -0.320176 -0.041728
v 0.001506 -0.320373 -0.040946
v 0.001506 -0.320035 -0.037193
v -0.001669 -0.320173 -0.037489
v -0.001669 -0.317311 -0.034696
v 0.001506 -0.317221 -0.034681
v 0.001506 -0.315063 -0.034278
v -0.001669 -0.315062 -0.034284
v -0.001669 -0.301300 -0.034295
v 0.001506 -0.315062 -0.034295
v 0.001506 -0.301300 -0.034295
v -0.001669 -0.315062 -0.034295
v 0.001506 -0.006152 -0.035386
v -0.001669 -0.006152 -0.035386
v -0.001669 -0.023755 -0.035386
v 0.001506 -0.023755 -0.035386
v -0.001669 -0.004565 -0.009110
v 0.001506 -0.004565 -0.033799
v 0.001506 -0.004565 -0.009110
v -0.001669 -0.004565 -0.033799
v 0.001506 -0.025342 -0.033799
v -0.001669 -0.025342 -0.033799
v -0.001669 -0.025342 -0.009110
v 0.001506 -0.025342 -0.009110
v -0.001669 -0.025342 0.023351
v 0.001506 -0.025342 0.006765
v -0.001669 -0.025342 0.006765
v 0.001506 -0.025342 0.023351
v -0.001669 -0.004565 0.023351
v -0.001669 -0.004565 0.006765
v 0.001506 -0.004565 0.006765
v 0.001506 -0.004565 0.023351
v -0.001669 -0.006152 0.024939
v 0.001506 -0.006152 0.024939
v 0.001506 -0.023755 0.024939
v -0.001669 -0.023755 0.024939
v 0.001506 -0.164669 0.066639
v -0.001669 -0.150977 0.066639
v 0.001506 -0.150977 0.066639
v -0.001669 -0.164669 0.066639
v -0.001669 -0.164669 0.049176
v 0.001506 -0.162892 0.049176
v -0.001669 -0.162892 0.049176
v 0.001506 -0.164669 0.049176
v -0.001669 -0.164671 0.049131
v 0.001506 -0.164675 0.049052
v -0.001669 -0.167692 0.049673
v 0.001506 -0.168626 0.050079
v 0.001506 -0.171853 0.052712
v -0.001669 -0.171879 0.052568
v -0.001669 -0.173509 0.058916
v 0.001506 -0.173497 0.057508
v 0.001506 -0.172163 0.062705
v -0.001669 -0.171614 0.063295
v 0.001506 -0.168267 0.065951
v -0.001669 -0.168197 0.066030
v 0.001506 -0.164671 0.066685
v -0.001669 -0.164670 0.066655
v 0.001506 0.112988 0.066639
v -0.001669 0.119492 0.066639
v 0.001506 0.119492 0.066639
v -0.001669 0.112988 0.066639
v 0.001506 0.104202 0.059321
v -0.001669 0.105407 0.062634
v -0.001669 0.104200 0.057696
v 0.001506 0.105163 0.053738
v -0.001669 0.105495 0.053109
v 0.001506 0.108912 0.050045
v -0.001669 0.108952 0.050113
v 0.001506 0.106668 0.064085
v -0.001669 0.109749 0.066120
v 0.001506 0.109965 0.066141
v 0.001506 0.112986 0.066685
v -0.001669 0.112987 0.066655
v 0.001506 0.350510 -0.072495
v -0.001669 0.350362 -0.072593
v 0.001506 0.353085 -0.075174
v -0.001669 0.355197 -0.075856
v 0.001506 0.357899 -0.075482
v -0.001669 0.360407 -0.074107
v 0.001506 0.360324 -0.074005
v -0.001669 0.246988 0.081825
v 0.001506 0.246829 0.081720
v 0.001506 0.245598 0.083365
v -0.001669 0.243678 0.084508
v 0.001506 0.241340 0.085085
v -0.001669 0.241330 0.084912
v -0.001669 0.252690 -0.088248
v 0.001506 0.252850 -0.088143
v 0.001506 0.254077 -0.089786
v -0.001669 0.255997 -0.090930
v 0.001506 0.258338 -0.091508
v -0.001669 0.258348 -0.091335
v -0.001669 0.229020 -0.091335
v 0.001506 0.229019 -0.091318
v -0.001669 0.231537 -0.090877
v 0.001506 0.231061 -0.091075
v 0.001506 0.234405 -0.088581
v -0.001669 0.234265 -0.088689
v -0.001669 0.235476 -0.085053
v 0.001506 0.235446 -0.084447
v -0.001669 0.234560 -0.081772
v 0.001506 0.234533 -0.081785
v 0.001506 0.147486 0.069045
v -0.001669 0.147552 0.069088
v 0.001506 0.145317 0.071323
v -0.001669 0.144314 0.071853
v 0.001506 0.141605 0.072293
v -0.001669 0.139461 0.071909
v 0.001506 0.138089 0.070980
v -0.001669 0.136410 0.069045
v 0.001506 0.136435 0.069029
v -0.001669 0.146122 -0.088152
v 0.001506 0.146014 -0.088223
v -0.001669 0.147776 -0.090103
v 0.001506 0.148511 -0.090525
v -0.001669 0.151627 -0.091463
v 0.001506 0.151628 -0.091443
v -0.001669 0.122317 -0.091508
v 0.001506 0.122308 -0.091364
v 0.001506 0.125367 -0.090624
v -0.001669 0.126295 -0.089983
v -0.001669 0.128613 -0.086614
v 0.001506 0.128464 -0.087211
v 0.001506 0.127975 -0.081708
v -0.001669 0.127935 -0.081727
v -0.001669 0.086772 -0.010688
v 0.001506 0.086880 -0.010617
v 0.001506 0.084386 -0.008317
v -0.001669 0.085116 -0.008736
v -0.001669 0.081266 -0.007376
v 0.001506 0.081265 -0.007396
v -0.001669 0.081259 0.005162
v 0.001506 0.081258 0.005178
v -0.001669 0.083776 0.005618
v 0.001506 0.083298 0.005420
v -0.001669 0.086880 0.008273
v 0.001506 0.086917 0.008248
v 0.001506 -0.073454 0.008273
v -0.001669 -0.073491 0.008248
v 0.001506 -0.070961 0.005974
v -0.001669 -0.069871 0.005420
v 0.001506 -0.067840 0.005052
v -0.001669 -0.067833 0.005178
v 0.001506 -0.067833 -0.007522
v 0.001506 -0.069871 -0.007764
v -0.001669 -0.067837 -0.007448
v -0.001669 -0.071434 -0.008513
v 0.001506 -0.073491 -0.010592
v -0.001669 -0.073346 -0.010688
v -0.001669 -0.123009 0.069029
v 0.001506 -0.122777 0.069186
v -0.001669 -0.124663 0.070980
v 0.001506 -0.127565 0.072260
v -0.001669 -0.128179 0.072293
v -0.001669 -0.131425 0.071537
v 0.001506 -0.131985 0.071317
v -0.001669 -0.134143 0.069100
v 0.001506 -0.134035 0.069029
v -0.001669 -0.084299 -0.004363
v 0.001506 -0.084315 -0.004355
v -0.001669 -0.083346 -0.000996
v 0.001506 -0.083346 -0.001348
v 0.001506 -0.084299 0.002019
v -0.001669 -0.084315 0.002011
v -0.001669 -0.138208 -0.091335
v 0.001506 -0.138207 -0.091364
v -0.001669 -0.135689 -0.090877
v 0.001506 -0.134515 -0.090325
v -0.001669 -0.132588 -0.088223
v 0.001506 -0.132710 -0.088143
v 0.001506 -0.227903 0.084895
v -0.001669 -0.227914 0.085085
v 0.001506 -0.229947 0.084652
v -0.001669 -0.232172 0.083365
v 0.001506 -0.233562 0.081825
v -0.001669 -0.233403 0.081720
v -0.001669 -0.144849 0.075284
v 0.001506 -0.144978 0.075348
v 0.001506 -0.144062 0.078627
v -0.001669 -0.144230 0.080008
v 0.001506 -0.145407 0.082490
v -0.001669 -0.146744 0.083859
v 0.001506 -0.148251 0.084532
v -0.001669 -0.150517 0.084941
v 0.001506 -0.150518 0.084911
v -0.001669 -0.251719 0.075362
v 0.001506 -0.251692 0.075349
v 0.001506 -0.250738 0.079422
v -0.001669 -0.250806 0.078025
v -0.001669 -0.252241 0.082851
v 0.001506 -0.253736 0.084074
v -0.001669 -0.257225 0.085041
v 0.001506 -0.257232 0.084911
v -0.001669 0.414305 -0.006053
v 0.001506 0.413682 -0.006364
v 0.001506 0.418811 -0.006636
v -0.001669 0.418712 -0.006846
v 0.001506 0.410218 -0.009190
v -0.001669 0.410258 -0.009215
v 0.001506 0.418656 -0.006955
v -0.001669 0.418677 -0.006914
v -0.001669 0.421005 -0.007806
v 0.001506 0.421840 -0.007822
v -0.001669 0.424559 -0.007044
v 0.001506 0.425486 -0.006474
v -0.001669 0.427225 -0.004345
v 0.001506 0.427112 -0.004284
v 0.001506 -0.392750 0.025221
v -0.001669 -0.400451 0.029407
v 0.001506 -0.400532 0.029225
v -0.001669 -0.389349 0.022641
v 0.001506 -0.384332 0.017803
v -0.001669 -0.381894 0.014865
v 0.001506 -0.377469 0.007829
v -0.001669 -0.376915 0.006344
v -0.001669 -0.374324 -0.001295
v 0.001506 -0.374353 -0.001303
v -0.001669 -0.376036 0.029666
v -0.001669 -0.370328 0.023010
v 0.001506 -0.374793 0.028667
v 0.001506 -0.389722 0.038494
v -0.001669 -0.389715 0.038512
v 0.001506 -0.367275 0.018060
v -0.001669 -0.366013 0.015421
v 0.001506 -0.363438 0.007994
v -0.001669 -0.363526 0.007971
v -0.001669 -0.383123 0.035148
v 0.001506 -0.384276 0.035829
v 0.001506 -0.450095 0.063860
v -0.001669 -0.444753 0.061235
v 0.001506 -0.444746 0.061252
v 0.001506 -0.457403 0.069101
v -0.001669 -0.454404 0.066487
v -0.001669 -0.462485 0.074553
v 0.001506 -0.462464 0.074570
v -0.001669 -0.475807 0.070659
v 0.001506 -0.473016 0.066324
v -0.001669 -0.481333 0.092370
v 0.001506 -0.481351 0.092369
v -0.001669 -0.469444 0.062012
v 0.001506 -0.466734 0.059371
v -0.001669 -0.461788 0.055437
v 0.001506 -0.459354 0.053916
v -0.001669 -0.453895 0.051263
v 0.001506 -0.453877 0.051304
v 0.001506 -0.477642 0.074529
v -0.001669 -0.480511 0.083001
v 0.001506 -0.480577 0.083688
v 0.001506 -0.457493 0.084941
v -0.001669 -0.457495 0.084968
v -0.001669 -0.461753 0.083522
v 0.001506 -0.461013 0.083990
v 0.001506 -0.463629 0.080546
v 0.001506 -0.463676 0.076812
v -0.001669 -0.464042 0.078415
v -0.001669 -0.462489 0.074553
v 0.001506 -0.462465 0.074571
v 0.001506 -0.026929 0.005162
v -0.001669 -0.026929 0.005168
v 0.001506 -0.025864 0.005522
v -0.001669 -0.025674 0.005638
v 0.001506 -0.025299 0.006761
v -0.001669 -0.025342 0.006765
v -0.001669 -0.002978 0.005162
v 0.001506 -0.002978 0.005168
v -0.001669 -0.004043 0.005522
v 0.001506 -0.004233 0.005638
v -0.001669 -0.004608 0.006761
v 0.001506 -0.004565 0.006765
v -0.001669 -0.026922 -0.007439
v 0.001506 -0.026909 -0.007351
v 0.001506 -0.025209 -0.009095
v -0.001669 -0.025108 -0.009077
v 0.001506 -0.002985 -0.007439
v -0.001669 -0.002998 -0.007351
v -0.001669 -0.004698 -0.009095
v 0.001506 -0.004799 -0.009077
v -0.001669 -0.349772 -0.036824
v 0.001506 -0.349808 -0.036799
v 0.001506 -0.350517 -0.037523
v -0.001669 -0.351067 -0.037666
v 0.001506 -0.352103 -0.037368
v -0.001669 -0.352890 -0.036444
v 0.001506 -0.352740 -0.036387
v 0.001506 -0.325767 0.005053
v -0.001669 -0.324317 0.005890
v -0.001669 -0.325713 0.005014
v 0.001506 -0.324309 0.005824
v -0.001669 -0.305212 0.005288
v 0.001506 -0.305120 0.005142
v -0.001669 -0.306489 0.005801
v 0.001506 -0.306486 0.005829
v 0.001506 -0.304902 0.004198
v -0.001669 -0.304902 0.004198
v 0.001506 -0.304949 -0.010801
v -0.001669 -0.304902 -0.010797
v -0.001669 -0.304635 -0.011807
v -0.001669 -0.302839 -0.012424
v 0.001506 -0.303639 -0.012579
v -0.001669 -0.301940 -0.011590
v 0.001506 -0.301926 -0.011600
v -0.001669 -0.301282 -0.034451
v 0.001506 -0.299798 -0.033595
v 0.001506 -0.301299 -0.034309
v -0.001669 -0.299913 -0.033509
v -0.001669 -0.303319 -0.091361
v 0.001506 -0.303315 -0.091318
v 0.001506 -0.304289 -0.091070
v -0.001669 -0.304558 -0.090795
v 0.001506 -0.304945 -0.089734
v -0.001669 -0.304918 -0.089731
v -0.001669 -0.306458 -0.044855
v 0.001506 -0.305119 -0.045733
v 0.001506 -0.306486 -0.045046
v -0.001669 -0.304820 -0.046669
v 0.001506 -0.304902 -0.046677
v 0.001506 0.437365 0.084977
v -0.001669 0.437335 0.085151
v -0.001669 0.435717 0.083314
v 0.001506 0.435551 0.083340
v 0.001506 0.435297 0.065710
v -0.001669 0.435567 0.065987
v 0.001506 0.434199 0.065329
v -0.001669 0.434202 0.065301
v 0.001506 0.435818 0.066929
v -0.001669 0.435785 0.066932
v 0.001506 0.413620 0.065834
v -0.001669 0.413898 0.065563
v 0.001506 0.413240 0.066931
v -0.001669 0.413212 0.066928
v 0.001506 0.414840 0.065311
v -0.001669 0.414843 0.065345
v -0.001669 0.411676 0.084977
v 0.001506 0.411706 0.085150
v 0.001506 0.413324 0.083313
v -0.001669 0.413489 0.083339
v -0.001669 0.280590 0.005293
v 0.001506 0.280475 0.005171
v -0.001669 0.280213 0.004199
v 0.001506 0.280228 0.004198
v 0.001506 0.281812 0.005829
v -0.001669 0.281813 0.005818
v 0.001506 0.279994 -0.032740
v -0.001669 0.280871 -0.034077
v -0.001669 0.280185 -0.032711
v 0.001506 0.281808 -0.034378
v -0.001669 0.281816 -0.034295
v 0.001506 0.281784 -0.044856
v -0.001669 0.280445 -0.045734
v -0.001669 0.281812 -0.045046
v 0.001506 0.280146 -0.046669
v -0.001669 0.280228 -0.046677
v 0.001506 0.280244 -0.089731
v -0.001669 0.280272 -0.089734
v 0.001506 0.279885 -0.090794
v -0.001669 0.279704 -0.090975
v 0.001506 0.278645 -0.091361
v -0.001669 0.278642 -0.091333
v 0.001506 0.119495 0.066599
v -0.001669 0.119502 0.066533
v 0.001506 0.120953 0.067371
v -0.001669 0.120900 0.067409
v -0.001669 -0.025095 -0.034773
v 0.001506 -0.024979 -0.034895
v 0.001506 -0.025357 -0.033800
v -0.001669 -0.025342 -0.033799
v -0.001669 -0.023759 -0.035430
v 0.001506 -0.023758 -0.035419
v -0.001669 -0.004782 -0.034742
v 0.001506 -0.005053 -0.035020
v -0.001669 -0.006148 -0.035430
v 0.001506 -0.006151 -0.035402
v 0.001506 -0.004532 -0.033802
v -0.001669 -0.004565 -0.033799
v -0.001669 -0.024729 0.024691
v 0.001506 -0.023788 0.025173
v -0.001669 -0.023755 0.024939
v -0.001669 -0.025385 0.023355
v 0.001506 -0.025425 0.023359
v -0.001669 -0.005208 0.024721
v 0.001506 -0.004331 0.023383
v -0.001669 -0.004522 0.023355
v 0.001506 -0.006144 0.025021
v -0.001669 -0.006152 0.024939
v 0.001506 -0.150976 0.066624
v -0.001669 -0.150960 0.066482
v 0.001506 -0.149476 0.067338
v -0.001669 -0.149590 0.067424
v 0.001506 -0.370571 0.066899
v -0.001669 -0.370090 0.065959
v -0.001669 -0.370337 0.066932
v -0.001669 -0.368753 0.065301
v 0.001506 -0.368757 0.065261
v -0.001669 -0.371916 0.084977
v 0.001506 -0.371909 0.085028
v 0.001506 -0.370165 0.083327
v -0.001669 -0.370103 0.083339
v -0.001669 -0.360973 -0.056136
v 0.001506 -0.384034 -0.096080
v -0.001669 -0.384034 -0.096080
v 0.001506 -0.360973 -0.056136
v 0.001506 -0.314549 0.022982
v 0.001506 -0.314549 0.083307
v -0.001669 -0.314549 0.083307
v -0.001669 -0.314549 0.022982
v -0.001669 -0.344711 0.021395
v 0.001506 -0.316136 0.021395
v -0.001669 -0.316136 0.021395
v 0.001506 -0.344711 0.021395
v -0.001669 -0.346299 0.022982
v 0.001506 -0.346299 0.063757
v 0.001506 -0.346299 0.022982
v -0.001669 -0.346299 0.063757
v -0.001669 -0.314664 0.083319
v 0.001506 -0.314549 0.083307
v 0.001506 -0.314301 0.084282
v -0.001669 -0.312985 0.085087
v 0.001506 -0.312965 0.084938
v 0.001506 -0.315039 0.021759
v -0.001669 -0.314765 0.022040
v 0.001506 -0.316135 0.021379
v -0.001669 -0.316132 0.021351
v 0.001506 -0.314516 0.022979
v -0.001669 -0.314549 0.022982
v 0.001506 -0.345936 0.021887
v -0.001669 -0.346052 0.022009
v 0.001506 -0.346314 0.022981
v -0.001669 -0.346299 0.022982
v -0.001669 -0.344715 0.021351
v 0.001506 -0.344714 0.021362
v 0.001506 -0.346065 0.063789
v -0.001669 -0.346106 0.063781
v -0.001669 -0.347874 0.065460
v 0.001506 -0.347878 0.065427
v 0.001506 0.307751 0.021395
v -0.001669 0.307751 0.021395
v -0.001669 0.299071 0.021395
v 0.001506 0.299071 0.021395
v -0.001669 0.277589 0.083307
v 0.001506 0.277589 0.059766
v -0.001669 0.277589 0.059766
v 0.001506 0.277589 0.083307
v -0.001669 0.309339 0.022982
v 0.001506 0.309339 0.022982
v 0.001506 0.309339 0.083307
v -0.001669 0.309339 0.083307
v 0.001506 0.277589 0.022982
v -0.001669 0.277589 0.022982
v -0.001669 0.277589 0.028016
v 0.001506 0.277589 0.028016
v -0.001669 0.279176 0.021395
v 0.001506 0.280741 0.021395
v -0.001669 0.280741 0.021395
v 0.001506 0.279176 0.021395
v -0.001669 0.274526 0.058898
v 0.001506 0.274411 0.058798
v -0.001669 0.276812 0.058209
v 0.001506 0.277089 0.058466
v -0.001669 0.277606 0.059764
v 0.001506 0.277600 0.059765
v -0.001669 0.276946 0.084677
v -0.001669 0.276001 0.084895
v 0.001506 0.276016 0.085028
v 0.001506 0.277760 0.083328
v -0.001669 0.277632 0.083311
v 0.001506 0.310918 0.084977
v -0.001669 0.310888 0.085150
v -0.001669 0.309270 0.083313
v 0.001506 0.309104 0.083339
v 0.001506 0.309029 0.021892
v -0.001669 0.309121 0.022038
v 0.001506 0.307752 0.021379
v -0.001669 0.307755 0.021351
v -0.001669 0.309339 0.022982
v 0.001506 0.309339 0.022982
v -0.001669 0.277386 0.028815
v 0.001506 0.277404 0.028823
v -0.001669 0.277612 0.028018
v 0.001506 0.277595 0.028016
v 0.001506 0.282127 0.020609
v -0.001669 0.282243 0.020695
v 0.001506 0.280759 0.021551
v -0.001669 0.280742 0.021409
v 0.001506 0.277953 0.021885
v -0.001669 0.278234 0.021611
v 0.001506 0.277573 0.022981
v -0.001669 0.277545 0.022978
v 0.001506 0.279173 0.021362
v -0.001669 0.279176 0.021395
vn -0.0066 0.3703 -0.9289
vn 0.0503 0.2829 -0.9578
vn -0.0597 0.1181 -0.9912
vn -0.0094 -0.1648 -0.9863
vn 0.0402 -0.2317 -0.9720
vn -0.0141 -0.3566 -0.9342
vn -0.0048 0.3624 -0.9320
vn -0.0290 0.4229 -0.9057
vn -0.0397 0.4491 -0.8926
vn -0.0032 -0.9713 -0.2380
vn 0.0043 -0.9640 -0.2659
vn -0.0050 -0.9729 -0.2313
vn -0.1178 0.6031 -0.7889
vn -0.0008 -0.3442 0.9389
vn -0.0203 -0.3953 0.9183
vn -0.0282 -0.4157 0.9091
vn 0.0167 -0.9503 -0.3110
vn -0.0048 -0.9692 -0.2461
vn 0.0011 -0.9646 -0.2638
vn -0.0146 0.6202 0.7843
vn 0.0427 0.6967 0.7161
vn -0.0600 0.7998 0.5973
vn -0.0000 -0.8660 0.5000
vn -0.1331 0.2463 0.9600
vn -0.0131 0.4016 0.9157
vn -0.0202 0.3929 0.9194
vn 0.0199 -0.1566 0.9875
vn -0.0119 -0.3591 0.9332
vn 0.0030 -0.4274 0.9041
vn -0.0737 -0.2459 0.9665
vn -0.1445 -0.3386 -0.9298
vn 0.2001 0.3164 -0.9273
vn -0.1835 0.7922 -0.5820
vn -0.1563 -0.3362 0.9287
vn -0.0184 -0.1509 0.9884
vn -0.0264 -0.1619 0.9864
vn 0.1215 0.0443 0.9916
vn -0.1213 0.8142 0.5678
vn 0.0302 0.9212 0.3879
vn 0.0244 0.9182 0.3953
vn 0.1640 0.9649 0.2051
vn 0.0269 0.9901 0.1375
vn 0.0898 0.9960 0.0006
vn -0.0128 0.9750 0.2217
vn -0.0173 -0.3406 -0.9400
vn -0.0150 -0.3386 -0.9408
vn -0.0407 -0.3611 -0.9316
vn 0.0072 -0.3188 -0.9478
vn 0.1045 0.5488 -0.8294
vn -0.0368 0.7340 -0.6781
vn 0.0028 0.6876 -0.7261
vn -0.1227 0.8204 -0.5585
vn -0.0809 0.9287 0.3619
vn -0.0179 -0.5900 0.8072
vn -0.0751 -0.6690 0.7394
vn 0.0111 -0.5470 0.8371
vn 0.0695 -0.4541 0.8883
vn -0.0992 -0.9750 -0.1990
vn 0.0237 0.4022 0.9153
vn -0.0090 0.3485 0.9373
vn -0.0806 0.2255 0.9709
vn 0.0925 0.5097 0.8554
vn 0.0206 -0.3595 -0.9329
vn -0.0116 -0.4125 -0.9109
vn 0.1057 -0.2106 -0.9718
vn -0.0986 -0.5475 -0.8310
vn 0.0192 -0.7012 0.7128
vn -0.1416 -0.7198 0.6796
vn 0.0461 -0.6967 0.7159
vn -0.0170 -0.9968 -0.0787
vn 0.0438 -0.9990 -0.0043
vn -0.0818 -0.9524 0.2936
vn -0.0468 0.7524 -0.6570
vn 0.0175 0.6427 -0.7659
vn -0.0962 0.4055 -0.9090
vn 0.0591 0.9646 -0.2569
vn -0.0483 0.9886 0.1429
vn 0.0139 0.9371 0.3488
vn -0.0031 0.1241 0.9923
vn 0.0985 0.3182 0.9429
vn -0.0380 0.0560 0.9977
vn 0.1391 -0.6277 0.7659
vn -0.1289 -0.1254 0.9837
vn -0.1027 0.8165 0.5682
vn -0.0102 -0.4419 -0.8970
vn -0.0168 -0.4969 -0.8676
vn 0.0127 -0.5707 -0.8211
vn 0.0342 0.9074 -0.4188
vn 0.0732 0.8852 -0.4595
vn 0.0675 0.8887 -0.4536
vn 0.0128 -0.9837 0.1791
vn 0.0052 -0.9868 0.1620
vn 0.0019 -0.9880 0.1545
vn 0.0108 0.7792 0.6266
vn 0.1202 0.6513 0.7492
vn 0.0408 0.7477 0.6628
vn 0.0105 0.7794 0.6264
vn 0.1195 0.6515 0.7492
vn 0.0408 0.7473 0.6633
vn -0.0108 -0.7227 -0.6911
vn -0.0456 -0.7649 -0.6425
vn 0.0795 -0.5950 -0.7998
vn 0.0164 -0.4732 -0.8808
vn -0.0429 -0.5667 -0.8228
vn -0.0166 -0.5263 -0.8502
vn -0.0412 0.1569 -0.9868
vn -0.0215 0.1864 -0.9822
vn -0.0797 0.0986 -0.9919
vn 0.0249 0.2547 -0.9667
vn -0.0522 0.9484 -0.3128
vn -0.0479 0.9470 -0.3175
vn 0.0186 0.9212 -0.3887
vn -0.1100 0.9626 -0.2477
vn 0.1141 0.6850 0.7195
vn -0.0235 0.5397 0.8415
vn -0.0128 0.5522 0.8336
vn -0.1222 -0.6491 -0.7508
vn 0.1231 -0.2999 0.9460
vn -0.1391 0.3936 0.9087
vn -0.1673 0.0274 -0.9855
vn 0.0561 0.7546 -0.6538
vn 0.1432 0.6377 -0.7569
vn 0.0256 0.7894 -0.6133
vn -0.0788 0.8852 -0.4585
vn 0.0469 0.2052 0.9776
vn 0.0478 0.2061 0.9774
vn 0.0467 0.2049 0.9777
vn -0.0947 -0.6853 0.7221
vn 0.0272 -0.8018 0.5970
vn 0.0460 -0.8167 0.5752
vn 0.1444 -0.8863 0.4401
vn 0.0250 -0.9239 -0.3818
vn -0.0732 -0.8867 -0.4565
vn 0.1444 -0.9485 -0.2820
vn 0.0456 0.2037 0.9780
vn -0.0484 0.8970 0.4393
vn 0.0255 0.9441 0.3286
vn 0.0023 0.9313 0.3642
vn 0.0721 0.9642 0.2552
vn 0.0445 -0.3188 -0.9468
vn 0.0147 -0.3693 -0.9292
vn 0.1445 -0.1385 -0.9798
vn -0.1248 0.4043 -0.9061
vn 0.0873 0.9688 -0.2320
vn 0.0869 0.9688 -0.2323
vn 0.0618 0.9650 -0.2547
vn 0.1183 0.9719 -0.2037
vn -0.0660 0.5301 0.8454
vn -0.0010 0.4635 0.8861
vn 0.0053 0.4567 0.8896
vn 0.0684 0.3871 0.9195
vn 0.0259 -0.5628 0.8262
vn 0.0037 -0.5335 0.8458
vn 0.0811 -0.6318 0.7709
vn -0.0553 -0.4510 0.8908
vn 0.1198 -0.1166 -0.9859
vn 0.0194 0.0289 -0.9994
vn 0.0459 -0.0093 -0.9989
vn 0.0007 -0.9830 -0.1836
vn 0.0045 -0.9838 -0.1790
vn 0.0799 -0.9932 -0.0843
vn -0.0708 0.1582 -0.9849
vn 0.0623 0.9161 -0.3961
vn -0.0273 0.8696 -0.4930
vn 0.0508 0.9111 -0.4091
vn 0.1250 0.9382 -0.3229
vn -0.0284 0.7464 0.6649
vn -0.0470 0.7625 0.6453
vn 0.0501 0.6704 0.7403
vn -0.0273 -0.2201 0.9751
vn -0.0065 -0.1951 0.9808
vn -0.0120 -0.2017 0.9794
vn 0.0097 -0.1756 0.9844
vn -0.0005 -0.8684 0.4958
vn -0.0010 -0.8506 0.5259
vn -0.0027 -0.8686 0.4954
vn 0.0543 -0.9669 -0.2492
vn -0.0425 -0.9083 -0.4161
vn -0.1138 0.8145 0.5690
vn 0.1338 -0.1405 -0.9810
vn -0.0177 -0.8429 -0.5378
vn -0.0473 -0.8147 -0.5780
vn -0.0994 -0.7580 -0.6446
vn -0.1247 0.3827 -0.9154
vn 0.0578 0.9192 -0.3895
vn 0.0957 0.8925 -0.4408
vn 0.0413 0.9294 -0.3667
vn -0.0073 0.9545 -0.2980
vn -0.1354 -0.0776 0.9877
vn 0.0437 0.7802 0.6240
vn 0.0952 0.7335 0.6730
vn 0.0532 0.7720 0.6333
vn -0.0067 0.8203 0.5719
vn -0.0042 -0.9747 0.2234
vn -0.0098 -0.9737 0.2275
vn -0.0278 -0.9701 0.2410
vn -0.0167 -0.4504 -0.8927
vn 0.0244 -0.3734 -0.9273
vn -0.0529 -0.5149 -0.8556
vn -0.0032 -1.0000 -0.0080
vn 0.0415 -0.9729 -0.2274
vn 0.0288 -0.9788 0.2029
vn 0.0152 -0.9779 0.2087
vn -0.1060 0.0170 -0.9942
vn 0.1178 -0.7303 -0.6729
vn 0.0968 0.8699 -0.4836
vn -0.0910 0.9957 0.0173
vn 0.0888 0.5555 0.8268
vn -0.0588 -0.3373 0.9396
vn 0.0527 -0.6365 0.7695
vn 0.0116 -0.5339 0.8455
vn -0.0926 -0.2331 0.9680
vn -0.0083 -0.0021 -1.0000
vn 0.0001 0.0170 -0.9999
vn -0.0027 0.0106 -0.9999
vn -0.0112 -0.0087 -0.9999
vn 0.0250 0.9534 -0.3007
vn -0.0651 0.9963 -0.0562
vn -0.0091 0.9777 -0.2100
vn 0.1232 0.3651 0.9228
vn 0.0905 -0.9951 0.0396
vn 0.0222 -0.9918 -0.1259
vn 0.0659 -0.9976 -0.0206
vn -0.1203 -0.2324 0.9652
vn 0.1064 -0.2792 -0.9543
vn 0.0347 -0.1212 -0.9920
vn -0.0275 0.0171 -0.9995
vn 0.1495 -0.3735 -0.9155
vn -0.0207 0.9996 0.0173
vn 0.0195 0.9958 0.0900
vn 0.0594 0.9851 0.1617
vn -0.0592 -0.9781 -0.1997
vn -0.0158 -0.3639 0.9313
vn 0.1077 -0.6130 0.7827
vn 0.0555 -0.5126 0.8568
vn -0.0737 -0.2335 0.9696
vn 0.0944 0.9699 0.2244
vn -0.0091 -0.9798 -0.2000
vn 0.0587 -0.0169 -0.9981
vn 0.1233 -0.1300 -0.9838
vn 0.0261 0.0397 -0.9989
vn -0.1194 -0.6660 -0.7363
vn -0.1449 -0.9251 -0.3509
vn 0.0338 -0.9514 -0.3060
vn 0.0213 -0.9461 -0.3232
vn -0.0172 -0.9268 -0.3753
vn -0.0564 0.1813 -0.9818
vn -0.0194 0.8666 -0.4986
vn -0.1013 0.8168 -0.5680
vn -0.0403 0.8551 -0.5170
vn 0.0335 0.8923 -0.4501
vn 0.1149 0.9693 0.2172
vn 0.0887 0.3400 0.9362
vn -0.0167 0.5217 0.8529
vn -0.0550 0.5814 0.8117
vn -0.0131 -0.4114 0.9114
vn 0.0132 -0.4525 0.8917
vn -0.0756 -0.3089 0.9481
vn 0.0766 -0.5466 0.8339
vn -0.1447 0.7080 0.6913
vn 0.0061 -0.2395 -0.9709
vn -0.0025 -0.2280 -0.9737
vn 0.0101 -0.2450 -0.9695
vn 0.0184 -0.2560 -0.9665
vn -0.0095 0.6364 -0.7713
vn -0.0091 0.6369 -0.7709
vn -0.0094 0.6366 -0.7712
vn -0.0099 0.6361 -0.7715
vn -0.0059 0.9777 0.2098
vn -0.0143 0.9755 0.2197
vn -0.0607 0.9598 0.2740
vn 0.0425 0.9875 0.1518
vn -0.0123 0.2460 0.9692
vn 0.0423 0.3200 0.9465
vn -0.0256 0.2276 0.9734
vn 0.0170 -0.8594 0.5110
vn -0.0346 -0.7861 0.6171
vn 0.0888 -0.9343 0.3453
vn -0.0992 -0.9750 -0.1991
vn -0.0760 0.1567 0.9847
vn 0.0330 0.2374 -0.9709
vn -0.0933 0.0848 -0.9920
vn 0.0359 0.2408 -0.9699
vn 0.1489 0.3706 -0.9168
vn -0.1111 0.8824 -0.4573
vn 0.0955 0.9455 0.3114
vn 0.0902 0.9440 0.3174
vn 0.0499 0.9307 0.3623
vn -0.1009 -0.6676 0.7377
vn 0.0127 0.0527 0.9985
vn 0.1348 -0.1394 0.9810
vn 0.0411 0.0084 0.9991
vn -0.0990 0.2253 0.9692
vn 0.1249 0.9526 0.2775
vn -0.0061 -0.1387 -0.9903
vn 0.0036 -0.1507 -0.9886
vn 0.1171 -0.2882 -0.9504
vn -0.1192 0.0035 -0.9929
vn 0.0514 0.8494 -0.5253
vn 0.0585 0.8440 -0.5331
vn 0.0768 0.8299 -0.5526
vn 0.0279 0.8659 -0.4994
vn 0.0406 0.9033 0.4271
vn 0.1450 0.8093 0.5692
vn 0.0687 0.8817 0.4668
vn 0.0667 -0.4722 0.8790
vn 0.0749 -0.4786 0.8749
vn 0.0076 -0.4248 0.9053
vn 0.1483 -0.5332 0.8329
vn -0.1297 0.2899 0.9482
vn -0.0555 0.9574 0.2833
vn 0.0445 -0.3788 -0.9244
vn 0.0358 -0.3885 -0.9207
vn 0.0427 -0.3808 -0.9237
vn 0.0503 -0.3723 -0.9268
vn 0.1079 -0.9942 0.0041
vn 0.0072 -0.9894 -0.1454
vn 0.0322 -0.9935 -0.1088
vn 0.0035 0.6786 -0.7345
vn -0.0645 0.6179 -0.7836
vn -0.0004 0.6752 -0.7376
vn 0.0679 0.7293 -0.6808
vn 0.0392 0.8922 0.4500
vn 0.1186 0.8383 0.5322
vn 0.0412 0.8910 0.4521
vn 0.0175 -0.5561 0.8309
vn -0.0844 -0.6858 0.7228
vn 0.0404 -0.5239 0.8508
vn 0.1307 -0.3854 0.9134
vn -0.1284 0.2022 0.9709
vn -0.0479 0.9346 0.3525
vn 0.0152 -0.3306 -0.9437
vn -0.0255 -0.3887 -0.9210
vn 0.0018 -0.3500 -0.9367
vn 0.0413 -0.2922 -0.9555
vn -0.0004 0.6753 -0.7376
vn -0.0163 0.9212 0.3887
vn 0.0222 0.9018 0.4316
vn -0.0107 0.9186 0.3950
vn -0.0191 -0.6882 0.7253
vn 0.0008 -0.7063 0.7079
vn 0.0060 -0.7109 0.7033
vn 0.0257 -0.7279 0.6852
vn 0.0176 0.1502 0.9885
vn 0.0033 0.1713 0.9852
vn -0.0047 0.1830 0.9831
vn -0.0189 0.2039 0.9788
vn -0.0146 0.8925 -0.4508
vn -0.0095 0.8895 -0.4567
vn -0.0979 0.9320 -0.3489
vn 0.1431 0.8365 0.5289
vn -0.1729 0.5055 0.8453
vn 0.0255 -0.4645 0.8852
vn -0.1192 -0.6313 0.7663
vn 0.0407 -0.4452 0.8945
vn 0.1673 -0.2706 0.9481
vn 0.0538 -0.1169 -0.9917
vn -0.0049 -0.0553 -0.9985
vn -0.0020 -0.0583 -0.9983
vn -0.0605 0.0035 -0.9982
vn -0.0128 0.8772 -0.4800
vn 0.0869 0.9283 -0.3616
vn 0.1004 0.9334 -0.3446
vn 0.1712 0.9526 -0.2515
vn -0.1219 0.9249 0.3603
vn 0.0361 0.3357 0.9413
vn 0.0873 0.4075 0.9090
vn 0.0189 0.3109 0.9502
vn 0.0103 -0.6335 0.7737
vn -0.0291 -0.6707 0.7411
vn 0.0203 -0.6238 0.7814
vn 0.0562 -0.5871 0.8076
vn 0.1554 -0.9603 0.2316
vn -0.0386 0.2262 0.9733
vn -0.0079 0.9850 0.1721
vn 0.0787 0.9966 0.0225
vn -0.0454 0.9708 0.2355
vn 0.0153 -0.3315 -0.9433
vn 0.0598 -0.3814 -0.9225
vn 0.0538 -0.3747 -0.9256
vn 0.0912 -0.4156 -0.9050
vn -0.0277 0.6516 -0.7580
vn -0.0443 0.6367 -0.7698
vn -0.0313 0.6484 -0.7606
vn -0.0129 0.6646 -0.7471
vn 0.0732 0.6343 0.7696
vn -0.0252 0.3556 0.9343
vn 0.0506 0.2561 0.9653
vn -0.0123 0.0606 0.9981
vn 0.0870 -0.1753 0.9807
vn -0.1091 -0.6671 0.7369
vn -0.1150 0.9295 0.3505
vn 0.0137 -0.2499 -0.9682
vn -0.0025 -0.2281 -0.9736
vn 0.0204 -0.2588 -0.9657
vn 0.0353 -0.2786 -0.9598
vn -0.0049 -0.9263 0.3768
vn -0.0079 -0.9249 0.3801
vn 0.0024 -0.9297 0.3684
vn -0.0215 0.3667 0.9301
vn 0.0135 0.3359 0.9418
vn 0.0092 0.5608 0.8279
vn -0.0095 0.6365 -0.7713
vn -0.0088 0.6371 -0.7708
vn -0.0093 0.6366 -0.7711
vn -0.0099 0.6360 -0.7716
vn -0.0527 0.9629 0.2648
vn -0.0582 0.9608 0.2711
vn -0.1384 0.9216 0.3625
vn 0.0423 0.9875 0.1521
vn 0.1325 0.3384 0.9316
vn -0.0463 -0.3578 0.9327
vn -0.0208 -0.3991 0.9167
vn -0.1297 -0.2145 0.9681
vn 0.0766 -0.5465 0.8340
vn 0.0118 -0.9996 0.0263
vn 0.0378 -0.9992 -0.0152
vn -0.1012 -0.9734 0.2057
vn 0.0072 -0.4266 -0.9044
vn -0.0243 -0.4717 -0.8814
vn 0.1042 -0.2774 -0.9551
vn -0.1161 -0.5946 -0.7956
vn 0.1514 -0.8847 0.4410
vn -0.0539 0.5924 -0.8039
vn -0.0089 0.6371 -0.7708
vn -0.0470 0.5994 -0.7990
vn -0.0853 0.5592 -0.8246
vn -0.0120 0.9803 0.1973
vn -0.0238 0.9769 0.2123
vn -0.0730 0.9590 0.2737
vn 0.0414 0.9908 0.1289
vn -0.0430 -0.9817 -0.1856
vn -0.0415 -0.9821 -0.1839
vn 0.0049 -0.9911 -0.1330
vn 0.0301 0.2761 0.9607
vn 0.0210 0.2655 0.9639
vn -0.0310 0.2036 0.9786
vn 0.0767 0.3299 0.9409
vn 0.0042 -0.9512 -0.3084
vn -0.0287 -0.9638 -0.2651
vn -0.0046 -0.9549 -0.2969
vn 0.1387 -0.9743 -0.1776
vn -0.0058 0.1449 -0.9894
vn 0.0287 0.1844 -0.9824
vn -0.0019 0.1494 -0.9888
vn -0.0362 0.1097 -0.9933
vn 0.0196 0.9173 -0.3977
vn 0.0042 0.9071 -0.4209
vn -0.0068 0.8994 -0.4371
vn -0.0222 0.8879 -0.4596
vn 0.0046 0.9174 0.3979
vn -0.0203 0.9315 0.3631
vn -0.0044 0.9227 0.3855
vn 0.0185 0.1726 0.9848
vn 0.0022 0.1949 0.9808
vn -0.0048 0.2043 0.9789
vn -0.0210 0.2263 0.9738
vn 0.0206 0.9074 0.4199
vn -0.0000 -0.0000 1.0000
vn -0.1064 0.8639 -0.4922
vn 0.1066 0.8925 -0.4383
vn -0.0893 0.9189 -0.3842
vn -0.0456 -0.9189 0.3918
vn -0.0182 -0.8974 0.4409
vn -0.0027 -0.8838 0.4679
vn -0.0000 0.3827 0.9239
vn 0.0245 -0.5104 -0.8596
vn 0.0104 -0.4872 -0.8732
vn -0.0032 -0.4645 -0.8856
vn -0.0705 -0.9605 -0.2693
vn -0.0239 -0.9545 -0.2973
vn 0.0224 -0.9457 -0.3242
vn -0.0395 -0.5309 -0.8465
vn 0.0168 -0.6072 -0.7943
vn 0.0006 -0.5860 -0.8103
vn -0.0387 0.6892 -0.7236
vn -0.0007 0.4549 -0.8905
vn -0.0432 0.2988 -0.9533
vn 0.0309 -0.5244 0.8509
vn -0.0906 -0.3447 0.9343
vn 0.0197 -0.5089 0.8606
vn -0.0481 -0.6314 0.7740
vn -0.0342 -0.6250 0.7798
vn -0.0259 -0.6212 0.7832
vn 0.1065 -0.9816 -0.1582
vn -0.0000 -0.8660 -0.5000
vn 0.0174 -0.7654 0.6433
vn 0.0238 -0.7700 0.6376
vn -0.0625 -0.7009 0.7105
vn -0.0075 0.3552 -0.9347
vn -0.0382 0.3353 -0.9413
vn 0.0112 0.3672 -0.9301
vn -0.1883 -0.9616 0.1995
vn -0.0410 -0.2620 -0.9642
vn 0.0032 -0.4666 -0.8844
vn -0.1014 -0.6042 -0.7904
vn -0.0376 -0.4572 -0.8886
vn 0.0334 -0.3826 -0.9233
vn -0.0355 -0.4551 -0.8897
vn -0.0084 1.0000 0.0039
vn 0.0269 0.9779 -0.2075
vn -0.0558 0.9570 -0.2848
vn 0.0354 -0.4202 -0.9068
vn -0.0438 -0.3094 -0.9499
vn 0.0270 -0.1270 -0.9915
vn -0.0830 0.1135 -0.9901
vn 0.0070 -0.2643 -0.9644
vn 0.0062 -0.2649 -0.9643
vn -0.0002 -0.2703 -0.9628
vn -0.0227 0.8361 -0.5481
vn 0.0162 0.7961 -0.6050
vn 0.1173 0.6674 -0.7354
vn 0.0174 -0.3869 -0.9219
vn 0.0421 -0.3392 -0.9398
vn -0.0030 -0.4251 -0.9051
vn -1.0000 -0.0000 -0.0000
vn -0.0316 0.7464 -0.6648
vn -0.0315 0.7464 -0.6647
vn -0.0331 0.7453 -0.6659
vn -0.0212 -0.8081 -0.5887
vn -0.0342 -0.5606 -0.8274
vn 0.0235 -0.3283 -0.9443
vn 0.1152 -0.7688 -0.6290
vn 0.0201 -0.6439 -0.7649
vn 0.0551 -0.6930 -0.7188
vn 0.0271 -0.6872 -0.7259
vn -0.0246 -0.7241 -0.6893
vn -0.0110 -0.5277 -0.8493
vn -0.0049 0.9320 0.3625
vn 0.0118 0.9401 0.3407
vn 0.0538 0.9572 0.2845
vn 0.0606 0.7019 -0.7096
vn 0.0573 0.7048 -0.7071
vn 0.0222 0.7342 -0.6786
vn 0.0633 -0.7850 0.6162
vn 0.0652 -0.7836 0.6178
vn 0.0800 -0.7725 0.6300
vn -0.0139 -0.4945 0.8691
vn 0.0196 -0.6301 0.7763
vn 0.0200 -0.2974 0.9545
vn 0.0150 0.1069 0.9942
vn 0.0181 0.1109 0.9937
vn 0.0249 0.1196 0.9925
vn 0.0456 -0.0199 -0.9988
vn -0.0077 0.0674 -0.9977
vn 0.0106 0.0376 -0.9992
vn -0.0093 -0.9459 -0.3244
vn 0.0185 -0.9555 -0.2946
vn 0.0175 -0.9551 -0.2957
vn 0.0456 0.8672 -0.4959
vn -0.0026 0.8902 -0.4555
vn 0.0031 0.8877 -0.4603
vn -0.0042 -0.4182 0.9084
vn -0.0029 -0.4189 0.9080
vn -0.0011 -0.4200 0.9075
vn -0.1420 0.3600 0.9221
vn -0.0155 0.5487 0.8358
vn -0.0472 0.5046 0.8621
vn -0.0064 -0.9999 -0.0115
vn 0.0078 -0.9994 -0.0324
vn -0.0734 -0.9934 0.0881
vn 0.0452 0.9688 0.2438
vn 0.0762 0.9573 0.2790
vn 0.0503 0.9670 0.2497
vn -0.0059 -0.8632 -0.5049
vn 0.0032 -0.8668 -0.4987
vn -0.0260 -0.8548 -0.5184
vn 0.0136 0.2860 0.9581
vn -0.0492 0.3978 0.9161
vn -0.0401 0.1132 0.9928
vn -0.0051 -0.9518 0.3068
vn 0.1436 -0.9833 0.1114
vn -0.0034 -0.9525 0.3047
vn 0.0441 -0.3934 -0.9183
vn 0.0028 -0.2663 -0.9639
vn 0.0339 -0.3625 -0.9314
vn -0.0414 -0.2919 -0.9556
vn 0.0543 -0.1689 -0.9841
vn 0.0046 -0.4003 -0.9164
vn -0.1248 0.9162 -0.3809
vn -0.0424 -0.8073 -0.5886
vn 0.0281 -0.8929 -0.4493
vn 0.0179 -0.7383 -0.6742
vn -0.0575 -0.0451 0.9973
vn -0.0212 0.0260 0.9994
vn 0.0733 0.2090 0.9752
vn 0.0028 -0.8786 0.4776
vn -0.0255 -0.8510 0.5246
vn 0.0542 -0.9203 0.3875
vn 0.0731 -0.9738 -0.2153
vn 0.0640 -0.9767 -0.2050
vn 0.1349 -0.9492 -0.2844
vn 0.0441 0.6586 -0.7512
vn 0.0612 0.6398 -0.7661
vn 0.1366 0.5499 -0.8240
vn 0.0587 0.4382 0.8969
vn -0.0238 0.5229 0.8520
vn -0.0617 0.0970 0.9934
vn -0.0281 0.9881 -0.1509
vn 0.0436 0.9518 -0.3036
vn -0.0695 0.8557 -0.5128
vn 0.0445 -0.3940 -0.9180
vn 0.0029 -0.2658 -0.9640
vn 0.0343 -0.3629 -0.9312
vn 0.0542 0.9945 -0.0898
vn -0.0225 0.9563 -0.2916
vn 0.0957 0.9951 0.0243
vn -0.0000 0.8660 -0.5000
vn -0.0380 -0.0931 0.9949
vn -0.1695 0.0630 0.9835
vn 0.0129 -0.2734 0.9618
vn -0.0439 0.1266 -0.9910
vn -0.0128 -0.8935 -0.4488
vn -0.0278 -0.9028 -0.4292
vn 0.0312 -0.8629 -0.5044
vn 0.0282 -0.7965 -0.6040
vn -0.0047 -0.8351 -0.5501
vn 0.1191 -0.6654 -0.7369
vn -0.0103 0.9998 -0.0143
vn 0.0084 0.9978 0.0652
vn 0.0143 0.9677 -0.2519
vn 0.1309 0.7666 -0.6286
vn 0.0550 -0.6552 -0.7535
vn -0.0000 -0.8661 0.4999
vn -0.0000 0.8660 0.5000
vn -0.1011 -0.9219 -0.3741
vn -0.0528 -0.5149 -0.8556
vn -0.0033 -0.9906 0.1364
vn -0.0243 -0.9870 0.1587
vn 0.1080 -0.9675 0.2285
vn 0.0188 -0.8835 0.4680
vn -0.0873 -0.6993 0.7094
vn -0.0525 -0.7697 0.6362
vn -0.0248 0.1776 0.9838
vn -0.0868 0.2384 0.9673
vn -0.0366 0.1893 0.9812
vn -0.0486 -0.3436 0.9379
vn -0.0187 -0.3974 0.9174
vn -0.1024 -0.2423 0.9648
vn -0.0000 -0.0000 -1.0000
vn 0.0403 -0.6316 -0.7742
vn -0.0021 -0.6063 -0.7952
vn 0.0046 -0.4625 -0.8866
vn -0.0184 0.9536 0.3006
vn -0.0000 1.0000 -0.0000
vn -0.0365 -0.9763 0.2135
vn -0.1429 -0.9305 0.3372
vn -0.0388 -0.9756 0.2162
vn 0.0062 -0.4704 -0.8824
vn 0.1489 -0.2771 -0.9492
vn 0.0149 -0.4595 -0.8881
vn -0.0255 0.2860 -0.9579
vn 0.0187 0.2126 -0.9770
vn 0.0014 0.2416 -0.9704
vn 0.0075 0.0974 0.9952
vn -0.0298 -0.5894 -0.8073
vn 0.0077 -0.5461 -0.8377
vn -0.0192 -0.5774 -0.8162
vn 0.0207 -0.9216 -0.3877
vn 0.0652 0.9908 -0.1187
vn 0.0490 0.9885 -0.1428
vn 0.1154 0.9924 -0.0428
vn -0.0086 -0.9958 -0.0914
vn 0.0363 -0.9993 -0.0021
vn 0.0129 -0.9987 -0.0487
vn -0.0000 -0.8660 -0.5001
vn 0.0086 0.8518 -0.5238
vn 0.0001 0.8571 -0.5151
vn -0.0572 0.8889 -0.4545
vn 0.1370 0.3257 0.9355
vn -0.0259 0.2250 0.9740
vn 0.0039 -0.1586 -0.9873
vn 0.0087 -0.1652 -0.9862
vn 0.0069 -0.1626 -0.9867
vn -0.0858 0.8028 -0.5900
vn 0.0647 0.8410 -0.5371
vn -0.0055 0.9949 0.1011
vn -0.0078 0.9944 0.1058
vn -0.0063 0.9947 0.1028
vn -0.0000 -1.0000 -0.0000
vn -0.0136 -0.3684 0.9296
vn 0.0200 -0.1562 0.9875
vn -0.0051 -0.1178 0.9930
vn 0.0240 0.9969 -0.0743
vn 0.0036 0.9956 -0.0936
vn 0.1105 0.9938 0.0079
vn -0.1060 -0.9631 -0.2474
vn -0.0276 0.9581 -0.2851
vn -0.0110 0.9531 -0.3025
vn -0.0118 0.9533 -0.3017
vn 1.0000 -0.0000 -0.0000
vn 0.0083 0.9987 -0.0502
vn -0.0349 0.9954 -0.0897
vn 0.0223 0.9991 -0.0373
vn 0.0037 -0.4397 0.8982
vn -0.0290 -0.7734 -0.6332
vn 0.0140 -0.6981 -0.7158
vn -0.0006 -0.7248 -0.6889
vn -0.0036 0.7543 -0.6565
vn -0.0048 0.7553 -0.6554
vn -0.0451 0.7844 -0.6186
vn 0.0143 0.5730 0.8194
vn -0.0163 0.7156 0.6983
vn -0.0105 0.4755 0.8797
vn 0.0592 0.0081 0.9982
vn 0.0285 -0.0449 0.9986
vn -0.0081 -0.1076 0.9942
vn -0.0395 0.5926 0.8045
vn 0.0288 0.6847 0.7282
vn 0.0295 0.4911 0.8706
vn 0.0207 0.3688 0.9293
vn -0.0302 0.2234 0.9743
vn 0.0395 0.1177 0.9923
vn -0.1451 -0.6951 0.7041
vn -0.1780 -0.9251 0.3355
vn 0.0153 0.9823 0.1866
vn -0.0500 0.9525 0.3004
vn 0.0146 0.9172 0.3981
vn 0.0183 -0.9126 -0.4084
vn 0.1206 -0.8324 -0.5408
vn 0.0426 -0.8965 -0.4411
vn 0.0273 -0.1603 -0.9867
vn -0.0040 0.9354 0.3535
vn -0.0279 0.9093 0.4152
vn -0.0378 0.8969 0.4405
vn 0.0445 0.9180 -0.3940
vn 0.0029 0.9640 -0.2658
vn 0.0342 0.9312 -0.3629
vn 0.0293 -0.2846 -0.9582
vn 0.0130 -0.2697 -0.9629
vn 0.0114 -0.2681 -0.9633
vn -0.0165 -0.4731 0.8809
vn 0.0427 -0.5663 0.8231
vn 0.0165 -0.5260 0.8503
vn -0.0085 -0.9474 0.3200
vn 0.0203 -0.9182 0.3955
vn 0.0008 -0.9388 0.3446
vn 0.0144 -0.5729 -0.8195
vn -0.0161 -0.7158 -0.6981
vn -0.0104 -0.4759 -0.8794
vn -0.0515 -0.7458 0.6642
vn -0.0565 -0.7492 0.6599
vn -0.0992 -0.7777 0.6208
vn 0.0702 0.6275 0.7754
vn -0.0493 0.8377 0.5439
vn -0.0276 -0.9222 0.3856
vn 0.0133 -0.9592 0.2824
vn -0.0001 -0.9485 0.3167
vn -0.0028 -0.4078 -0.9131
vn -0.0130 -0.4297 -0.9029
vn 0.0032 -0.3948 -0.9188
vn -0.0105 -0.2244 -0.9744
vn 0.0054 -0.9103 -0.4139
vn 0.1119 -0.8160 -0.5671
vn 0.0357 -0.8876 -0.4593
vn -0.0341 0.9072 -0.4194
vn 0.0031 0.8816 -0.4720
vn -0.0105 0.8914 -0.4530
vn 0.0556 0.7310 0.6801
vn 0.1863 0.5565 0.8097
vn 0.0842 0.6973 0.7118
vn -0.0356 -0.9022 -0.4298
vn 0.0085 -0.3196 0.9475
vn -0.0190 0.3542 -0.9350
vn 0.0465 0.2237 -0.9735
vn -0.0233 0.1178 -0.9928
vn 0.0739 -0.9397 -0.3339
vn -0.0116 -0.8374 0.5465
vn 0.0543 -0.7673 0.6390
vn -0.0900 -0.6787 -0.7289
vn -0.0873 -0.6993 0.7095
vn -0.0063 0.3622 0.9321
vn -0.0098 0.3668 0.9302
vn 0.1081 0.2083 0.9721
vn -0.0414 0.2920 0.9555
vn 0.0542 0.1693 0.9841
vn 0.0045 0.4005 0.9163
vn 0.0292 0.6762 0.7361
vn 0.0052 0.6599 0.7513
vn 0.0077 0.4511 0.8924
vn -0.0070 -0.9586 0.2846
vn -0.0203 -0.9616 0.2735
vn 0.0313 -0.9483 0.3159
vn -0.0000 -0.9714 -0.2373
vn -0.0625 -0.4566 -0.8875
vn -0.0184 -0.4716 -0.8816
vn 0.0660 -0.5428 -0.8373
vn 0.0337 0.1917 -0.9809
vn -0.0188 0.1184 -0.9928
vn 0.0200 0.1727 -0.9848
vn 0.1548 -0.8520 0.5002
vn -0.0278 -0.1354 -0.9904
vn -0.0279 -0.1355 -0.9904
vn -0.0274 -0.1350 -0.9905
vn 0.0008 0.3423 -0.9396
vn -0.0050 0.3349 -0.9422
vn 0.0163 0.3618 -0.9321
vn 0.0391 0.9489 -0.3131
vn 0.0191 0.9387 -0.3443
vn 0.0708 0.9623 -0.2624
vn 0.0059 0.8786 0.4775
vn 0.0117 0.8752 0.4836
vn -0.0078 0.8865 0.4627
vn -0.0119 0.3284 0.9445
vn -0.0048 0.3442 0.9389
vn -0.0018 0.3508 0.9364
vn -0.0234 -0.8899 -0.4555
vn -0.0717 -0.9157 -0.3955
vn -0.0351 -0.8967 -0.4413
vn 0.0660 0.8121 -0.5798
vn 0.0179 -0.8633 -0.5044
vn -0.0414 -0.9621 0.2694
vn -0.0385 -0.9613 0.2727
vn -0.0792 -0.9706 0.2274
vn 0.1131 -0.8121 -0.5725
vn -0.0000 -0.3827 -0.9239
vn -0.0270 -0.2421 0.9699
vn -0.0240 -0.2391 0.9707
vn -0.0558 -0.2706 0.9611
vn 0.0673 0.7737 -0.6300
vn -0.0697 0.7217 -0.6887
vn 0.0464 -0.9529 0.2999
vn 0.0040 -0.8379 0.5458
vn -0.0149 -0.7710 0.6367
vn -0.0094 0.7627 -0.6467
vn 0.0429 0.7186 -0.6941
vn -0.0158 0.6037 -0.7970
vn -0.0000 0.9714 0.2373
vn 0.0058 0.6972 -0.7168
vn -0.0234 0.6699 -0.7421
vn -0.0024 0.6896 -0.7241
vn -0.0296 0.6733 0.7388
vn -0.0682 -0.9246 -0.3748
vn -0.0402 0.7443 -0.6667
vn 0.0141 0.7064 -0.7076
vn -0.0078 0.5082 -0.8612
vn 0.0010 0.8811 0.4729
vn 0.0601 0.8165 0.5742
vn -0.0250 0.7179 0.6957
vn -0.0197 0.9148 -0.4035
vn -0.1498 -0.3287 0.9325
vn -0.0361 -0.1666 0.9854
vn -0.0534 -0.1916 0.9800
vn -0.0446 -0.9622 0.2688
vn 0.0085 0.9472 0.3204
vn 0.0165 0.5502 0.8349
vn 0.0062 0.5095 0.8605
vn -0.0252 -0.6425 -0.7658
vn 0.0092 -0.2057 0.9786
vn -0.1003 -0.9517 0.2903
vn 0.0102 -0.9251 0.3797
vn 0.0170 -0.9309 0.3649
vn 0.0083 -0.9921 0.1252
vn -0.0732 -0.9695 0.2339
vn -0.0077 -0.9892 0.1467
vn -0.0104 -0.9465 -0.3226
vn -0.0092 -0.9464 -0.3229
vn 0.0874 -0.7598 -0.6442
vn -0.0508 -0.6421 -0.7650
vn -0.0320 -0.5653 -0.8243
vn -0.1329 -0.1941 0.9719
vn 0.0206 0.3074 0.9514
vn 0.0143 0.4352 -0.9002
vn -0.0416 0.2154 -0.9756
vn 0.0093 -0.9459 0.3243
vn 0.1134 -0.9623 0.2471
vn 0.0403 0.7621 0.6462
vn -0.0894 0.2863 -0.9540
vn -0.0247 -0.1767 -0.9840
vn 0.0134 -0.2152 -0.9765
vn -0.0145 -0.3668 -0.9302
vn 0.0042 -0.1862 0.9825
vn 0.0119 -0.4203 0.9073
vn 0.0127 -0.4373 0.8992
vn -0.0052 -0.1182 0.9930
vn -0.0379 -0.4377 -0.8983
vn 0.0578 -0.3493 -0.9352
vn 0.0423 -0.9623 -0.2686
vn -0.0040 -0.6866 -0.7270
vn 0.0132 -0.6703 -0.7420
vn 0.0009 -0.6821 -0.7313
vn -0.0049 -0.9961 -0.0876
vn -0.0058 -0.9962 -0.0873
vn 0.0088 -0.9758 -0.2184
vn -0.0223 -0.5807 -0.8138
vn 0.0234 -0.5269 -0.8496
vn -0.0104 -0.5670 -0.8236
vn 0.0130 -0.7341 -0.6789
vn -0.0373 -0.8077 -0.5884
vn 0.0195 -0.8753 -0.4831
vn 0.0070 0.6195 -0.7850
vn -0.0501 0.6881 -0.7239
vn 0.0597 0.7993 -0.5979
vn 0.0122 -0.9571 0.2895
vn -0.0059 -0.9518 0.3068
vn 0.0132 -0.9574 0.2885
vn 0.1078 0.9677 -0.2279
vn -0.0503 0.9852 -0.1639
vn -0.1097 0.9535 -0.2806
vn -0.0144 -0.6199 -0.7845
vn 0.0427 -0.6965 -0.7163
vn -0.0597 -0.7993 -0.5979
vn -0.0122 -0.9571 -0.2895
vn 0.0059 -0.9518 -0.3068
vn -0.0132 -0.9574 -0.2885
vn -0.0447 -0.2348 0.9710
vn 0.0283 0.6485 0.7607
vn -0.0137 0.6781 0.7349
vn -0.0026 0.5129 0.8584
vn -0.0145 -0.9927 -0.1195
vn 0.0135 -0.9904 -0.1373
vn -0.0382 -0.9938 -0.1043
vn -0.0181 -0.6126 0.7902
vn 0.0011 -0.6257 0.7800
vn -0.0275 -0.0497 0.9984
vn 0.0270 -0.4693 0.8826
vn 0.0111 0.0947 0.9954
vn 0.0077 0.6806 -0.7326
vn -0.0152 0.6660 -0.7458
vn 0.0143 0.6847 -0.7286
vn -0.0193 -0.5312 0.8470
vn 0.0076 -0.4875 0.8731
vn -0.0075 -0.5122 0.8588
vn -0.0105 -0.6358 0.7718
vn 0.0136 -0.6500 0.7598
vn 0.0256 0.9210 0.3887
vn 0.1440 -0.9848 0.0966
vn -0.0040 0.4441 0.8959
vn 0.0059 0.4395 0.8982
vn 0.0151 0.7269 0.6865
vn -0.0088 0.7340 0.6791
vn 0.0148 -0.7866 0.6173
vn 0.0294 -0.7979 0.6021
vn -0.0537 -0.7277 0.6838
vn 0.0204 -0.3076 -0.9513
vn 0.0323 -0.5843 -0.8109
vn -0.0991 0.1261 -0.9871
vn -0.0301 -0.9618 -0.2721
vn -0.1840 -0.8262 -0.5325
vn -0.0264 0.6666 0.7449
vn 0.0258 0.9742 0.2244
vn 0.0002 -0.5563 0.8310
vn 0.0372 -0.7080 0.7053
vn 0.0218 -0.3994 0.9165
vn -0.0028 -0.4077 -0.9131
vn -0.0129 -0.4297 -0.9029
vn 0.0079 0.2612 -0.9653
vn -0.0000 0.2717 -0.9624
vn 0.0028 0.2680 -0.9634
vn 0.0055 -0.6716 0.7409
vn 0.0429 -0.5802 0.8134
vn 0.0565 -0.5444 0.8369
vn -0.0020 -0.1700 0.9854
vn -0.0092 -0.1631 0.9866
vn -0.0169 -0.3885 0.9213
vn 0.0002 -0.9973 -0.0739
vn 0.0804 -0.9662 -0.2451
vn 0.0363 -0.9878 -0.1514
vn 0.0093 -0.1789 0.9838
vn -0.0341 -0.2313 0.9723
vn 0.0427 -0.4294 -0.9021
vn -0.0056 0.4384 0.8988
vn 0.0204 0.4508 0.8924
vn -0.0402 -0.2328 -0.9717
vn 0.0538 -0.3119 -0.9486
vn 0.0922 -0.3430 -0.9348
vn 0.0011 0.1814 -0.9834
vn 0.0006 0.1821 -0.9833
vn -0.0004 0.1833 -0.9830
vn 0.0293 0.3719 -0.9278
vn 0.0282 -0.9090 0.4158
vn 0.0082 0.1829 0.9831
vn -0.0087 0.4115 0.9114
vn -0.0019 0.1706 0.9853
vn -0.0063 -0.7181 -0.6959
vn 0.0467 -0.6697 -0.7412
vn 0.0086 -0.7050 -0.7092
vn 0.0119 -0.3284 0.9445
vn 0.0048 -0.3442 0.9389
vn 0.0018 -0.3508 0.9364
vn 0.0065 -0.7076 0.7066
vn -0.0027 -0.8479 0.5301
vn 0.0154 -0.9884 0.1508
vn -0.0624 -0.5408 0.8388
vn -0.0241 -0.6226 0.7821
vn -0.0825 -0.4946 0.8652
vn 0.1039 0.5370 0.8372
vn 0.0086 0.3283 -0.9445
vn -0.0284 0.9252 0.3785
vn -0.0843 0.8441 0.5295
vn -0.1077 0.8003 0.5899
vn 0.0276 0.9222 0.3856
vn -0.0133 0.9592 0.2824
vn 0.0001 0.9485 0.3167
vn 0.0458 0.0964 0.9943
vn -0.0001 0.1283 0.9917
vn -0.0703 0.1765 0.9818
vn 0.0297 -0.9016 0.4316
vn 0.0114 -0.9191 0.3938
vn -0.0020 -0.9308 0.3655
vn 0.0008 0.2892 0.9573
vn 0.0326 0.3829 0.9232
vn 0.0436 0.4147 0.9089
vn 0.0403 -0.7620 -0.6463
vn 0.0026 -0.9114 -0.4114
vn -0.0342 -0.9256 -0.3770
vn 0.0042 -0.9108 -0.4129
vn 0.0028 -0.4079 0.9130
vn 0.0129 -0.4298 0.9028
vn -0.0032 -0.3950 0.9187
vn -0.0757 -0.9614 -0.2646
vn -0.0427 -0.4293 0.9022
vn 0.0011 -0.9127 -0.4086
vn 0.0365 -0.8961 -0.4424
vn 0.0107 -0.9889 -0.1479
vn -0.0368 0.6819 -0.7305
vn 0.0541 0.7501 -0.6591
vn -0.0016 0.5514 -0.8342
vn -0.0258 -0.9742 0.2243
vn 0.0064 0.7180 -0.6960
vn -0.0468 0.6694 -0.7414
vn -0.0086 0.7048 -0.7093
vn 0.1610 -0.3970 -0.9036
vn -0.0058 -0.6972 -0.7168
vn 0.0234 -0.6699 -0.7421
vn 0.0024 -0.6896 -0.7241
vn 0.0441 0.9184 -0.3931
vn 0.0028 0.9640 -0.2660
vn 0.0339 0.9315 -0.3623
vn -0.0104 0.9745 -0.2241
vn 0.0418 -0.2246 -0.9736
vn -0.0126 0.9643 0.2646
vn -0.0033 0.9719 0.2353
vn -0.0000 0.9744 0.2247
vn 0.0126 0.9643 -0.2645
vn 0.0033 0.9719 -0.2352
vn -0.0000 0.9744 -0.2247
vn -0.0146 -0.8061 -0.5916
vn 0.0763 0.9373 -0.3400
vn -0.0104 0.9746 -0.2236
vn -0.0085 -0.6703 -0.7420
vn 0.0029 -0.6811 -0.7321
vn -0.0004 -0.6781 -0.7350
vn 0.0754 0.7424 0.6657
vn -0.0576 0.8921 0.4481
vn 0.0154 0.8190 0.5735
vn 0.0440 0.9184 -0.3933
vn 0.0028 0.9638 -0.2664
vn 0.0338 0.9314 -0.3625
vn 0.0791 0.6521 -0.7540
vn -0.0449 0.4402 -0.8968
vn 0.0221 0.5601 -0.8281
vn 0.0952 -0.7961 -0.5976
vn 0.0458 -0.7602 -0.6481
vn 0.0535 -0.7661 -0.6405
vn -0.0104 0.9744 -0.2247
vn 0.0219 -0.9450 -0.3265
vn -0.0164 -0.6980 -0.7159
vn 0.1268 0.3224 0.9381
vn 0.0075 -0.5120 0.8589
vn -0.0193 -0.4677 0.8837
vn -0.0075 -0.4874 0.8732
vn 0.0063 0.7180 -0.6960
vn -0.0467 0.6696 -0.7413
vn -0.0086 0.7049 -0.7093
vn -0.1244 -0.6925 -0.7106
vn -0.0261 -0.8276 -0.5607
vn -0.0793 -0.7599 -0.6451
vn -0.0104 -0.2235 -0.9746
vn -0.0260 -0.2249 -0.9740
vn 0.0016 -0.9715 0.2369
vn -0.0096 -0.9734 0.2289
vn 0.0222 -0.9676 0.2515
vn -0.0184 0.4296 -0.9028
vn -0.0018 0.3948 -0.9188
vn 0.0085 0.3730 -0.9278
vn 0.0098 -0.8255 0.5644
vn 0.0239 -0.8163 0.5772
vn -0.1461 -0.9022 0.4058
vn 0.1658 -0.9491 -0.2680
vn 0.1265 -0.7361 0.6650
vn 0.0755 -0.6658 0.7423
vn 0.0155 -0.5738 0.8188
vn -0.0048 -0.9693 -0.2460
vn 0.0011 -0.9646 -0.2639
vn 0.0167 -0.9502 -0.3111
vn -0.1596 -0.7526 0.6388
vn 0.0440 0.9978 -0.0489
vn -0.0525 0.9955 -0.0784
vn 0.0287 0.9982 -0.0520
vn 0.0407 -0.8941 -0.4460
vn 0.1104 -0.9598 -0.2579
vn -0.0088 -0.9975 -0.0703
vn -0.0324 -0.9989 -0.0325
vn 0.0121 -0.9975 -0.0693
vn -0.0731 -0.9802 -0.1842
vn 0.0323 -0.9986 -0.0417
vn 0.0112 -0.6733 -0.7393
vn 0.0364 -0.6857 -0.7270
vn -0.0244 -0.6547 -0.7555
vn 0.1104 -0.9598 -0.2580
vn 0.0208 -0.9929 -0.1173
vn -0.0070 -0.9973 -0.0731
vn 0.0385 -0.8931 -0.4482
vn 0.0166 -0.9821 0.1878
vn -0.0429 -0.0337 -0.9985
vn 0.0765 0.1389 -0.9873
vn -0.0197 -0.0002 -0.9998
vn -0.1149 -0.3607 -0.9256
vn -0.0563 -0.5245 -0.8495
vn -0.1273 -0.1567 -0.9794
vn 0.0226 0.9761 0.2162
vn 0.0385 0.9785 0.2026
vn -0.0244 0.9665 0.2556
vn 0.1117 -0.3466 0.9313
vn -0.0318 0.9918 0.1239
vn -0.0519 0.9876 0.1484
vn -0.0258 0.9928 0.1166
vn -0.0823 0.9924 -0.0915
vn -0.0850 0.8635 0.4971
vn 0.0043 0.9651 0.2619
vn -0.0030 0.9633 0.2683
vn 0.0310 0.9707 0.2383
vn -0.0111 -0.7638 0.6454
vn 0.0181 -0.7341 0.6788
vn 0.1074 -0.6298 0.7693
vn 0.0148 -0.7309 0.6823
vn 0.0610 -0.7740 0.6302
vn 0.0303 -0.7460 0.6653
vn 0.1311 -0.9330 -0.3351
vn -0.0752 -0.9582 -0.2761
vn 0.1808 -0.6308 -0.7546
vn -0.0215 -0.6937 0.7199
vn -0.0149 -0.9215 0.3882
vn -0.1135 -0.9475 -0.2990
vn -0.0210 -0.9083 -0.4177
vn -0.0112 -0.9030 -0.4296
vn 0.0602 -0.3036 -0.9509
vn 0.0293 0.8933 0.4484
vn 0.0049 0.8751 0.4839
vn -0.0742 0.8028 0.5916
vn 0.0414 0.3861 -0.9215
vn -0.1258 -0.9857 -0.1123
vn -0.1220 -0.9710 -0.2055
vn 0.0675 -0.9636 -0.2587
vn 0.0468 -0.8948 -0.4441
vn -0.1234 -0.8455 -0.5196
vn 0.1892 -0.5479 0.8149
vn -0.0493 -0.9982 0.0332
vn 0.0281 -0.9403 -0.3391
vn 0.0100 -0.9492 -0.3144
vn -0.0094 -0.9552 -0.2960
vn -0.0103 -0.9554 -0.2950
vn 0.0895 -0.8334 -0.5454
vn -0.0292 -0.9605 -0.2768
vn 0.1073 -0.9923 0.0613
vn -0.1531 -0.9321 0.3282
vn 0.0165 0.4733 -0.8808
vn -0.0166 0.5263 -0.8502
vn -0.0428 0.5667 -0.8228
vn -0.1013 -0.8418 0.5302
vn -0.0840 -0.9696 -0.2300
vn -0.1442 -0.9784 0.1481
vn -0.0658 0.6405 0.7651
vn -0.0419 -0.7940 -0.6065
vn 0.0605 -0.9316 0.3584
vn 0.0677 -0.7002 -0.7108
vn -0.0399 -0.1939 -0.9802
vn -0.0638 -0.9315 0.3582
vn 0.0366 -0.5301 -0.8471
vn -0.0118 -0.3861 0.9224
vn -0.0414 -0.4452 0.8945
vn -0.0604 -0.4820 0.8741
vn 0.0104 -0.3405 0.9402
vn -0.0346 -0.9964 0.0772
vn -0.0081 -0.9908 0.1353
vn 0.0105 -0.9844 0.1757
vn 0.0422 -0.9038 -0.4259
vn -0.0093 -0.9429 -0.3329
vn 0.0148 -0.9261 -0.3769
vn -0.0469 0.8910 -0.4515
vn -0.0222 0.8832 -0.4685
vn -0.0861 0.9017 -0.4236
vn 0.0336 0.9742 0.2231
vn 0.0376 0.8877 0.4588
vn 0.0612 -0.5320 0.8445
vn 0.0400 -0.5571 0.8295
vn -0.0827 -0.6866 0.7223
vn 0.1238 0.8398 0.5286
vn -0.0264 0.9956 -0.0901
vn 0.0196 0.9050 -0.4250
vn -0.0133 0.2463 0.9691
vn 0.0728 0.0560 0.9958
vn 0.0270 0.8628 -0.5048
vn 0.0113 0.9431 0.3323
vn -0.0296 -0.9763 0.2146
vn -0.0842 0.5589 0.8250
vn -0.0085 0.9620 -0.2729
vn -0.0537 0.2358 -0.9703
vn 0.1372 -0.9600 0.2442
vn -0.0394 -0.9091 0.4147
vn -0.0301 0.7474 -0.6637
vn 0.0051 -0.1253 -0.9921
vn 0.0196 0.1335 0.9909
vn 0.0636 -0.8840 -0.4632
vn 0.0876 0.6777 -0.7301
vn 0.0451 -0.7981 0.6009
vn -0.0195 -0.7479 -0.6635
vn -0.0039 -0.7196 -0.6944
vn 0.0110 -0.6888 -0.7249
vn -0.0060 -0.4171 0.9088
vn -0.0448 0.9072 -0.4183
vn 0.1486 -0.0581 0.9872
vn 0.0441 0.0959 0.9944
vn 0.0268 0.1209 0.9923
vn 0.0743 -0.9886 -0.1309
vn -0.0092 -0.1745 0.9846
vn -0.0351 -0.9940 -0.1034
vn 0.0233 -0.8744 -0.4847
vn 0.0144 0.9779 0.2085
vn 0.0216 -0.1403 0.9899
vn -0.0971 0.1381 0.9857
vn -0.0289 -0.0228 0.9993
vn -0.0732 -0.7968 0.5998
vn -0.1344 -0.1891 -0.9727
vn -0.0275 0.5040 -0.8632
vn -0.0023 0.5417 -0.8406
vn 0.0216 0.5760 -0.8172
vn -0.0966 0.1380 0.9857
vn 0.1235 -0.6325 0.7647
vn -0.0775 -0.9561 -0.2825
vn 0.0986 0.8688 -0.4853
vn 0.0131 -0.2591 -0.9658
vn -0.0149 -0.9933 -0.1148
vn -0.0717 0.9070 -0.4150
vn -0.0855 0.8637 0.4967
vn -0.0290 0.4225 -0.9059
vn -0.0397 0.4486 -0.8929
vn -0.0049 0.3623 -0.9320
vn 0.0302 -0.7373 0.6748
vn 0.0688 -0.7061 0.7048
vn 0.0298 -0.7376 0.6745
vn 0.0192 -0.5310 0.8472
vn -0.1424 0.1690 0.9753
vn 0.0028 -0.9908 0.1354
vn -0.0548 0.7198 0.6920
vn 0.1111 0.6124 0.7827
vn 0.0578 0.6505 0.7573
vn 0.0791 -0.9941 0.0737
vn 0.0438 0.1701 -0.9845
vn 0.0268 0.7159 -0.6977
vn 0.0475 -0.5099 0.8589
vn -0.0451 -0.7330 -0.6787
vn -0.1385 0.7998 0.5841
vn -0.0296 0.9561 0.2915
vn 0.1925 0.6711 -0.7159
vn 0.0985 -0.8192 0.5650
vn -0.0706 -0.9566 -0.2826
vn -0.0100 0.6430 -0.7658
vn 0.0419 0.7003 -0.7127
vn 0.0085 0.6640 -0.7477
vn 0.0666 -0.4136 0.9080
vn -0.0412 -0.5199 0.8532
vn -0.0153 0.9715 -0.2366
vn 0.0333 0.3172 0.9478
vn 0.0360 0.3199 0.9468
vn 0.0561 0.3405 0.9386
vn 0.0106 0.2936 0.9559
vn 0.0449 0.9911 -0.1252
vn -0.0536 -0.6158 -0.7860
vn 0.1733 -0.6954 0.6974
vn -0.0784 0.9823 -0.1700
vn 0.1249 0.7194 -0.6832
vn 0.0373 0.7218 -0.6910
vn -0.0116 0.9676 0.2523
vn -0.0174 0.9656 0.2595
vn -0.0906 0.9328 0.3488
vn 0.0545 0.1959 -0.9791
vn -0.0097 0.8588 0.5121
vn 0.0438 0.8913 0.4513
vn -0.0195 0.8522 0.5229
vn 0.1024 0.9365 0.3354
vn 0.1100 -0.6160 0.7801
vn -0.0476 0.9077 0.4170
vn 0.0247 0.8660 -0.4994
vn -0.1031 0.1381 0.9850
vn 0.0745 -0.9966 0.0348
vn 0.0960 -0.3107 0.9456
vn 0.0575 0.4486 0.8919
vn -0.0155 0.5738 0.8188
vn -0.0755 0.6658 0.7423
vn 0.0824 -0.6091 -0.7888
vn 0.0393 -0.5352 -0.8438
vn -0.0118 -0.4415 -0.8972
vn -0.0087 0.9941 0.1077
vn 0.0948 0.6861 0.7213
vn -0.0184 -0.4414 -0.8971
vn 0.0444 0.7496 -0.6604
vn 0.1610 0.0836 -0.9834
vn 0.0689 0.9863 0.1498
vn 0.0787 0.9826 0.1680
vn -0.0947 0.2921 0.9517
vn 0.0549 -0.9979 0.0352
vn 0.0918 0.0648 0.9937
vn -0.1375 -0.6352 -0.7600
vn 0.0406 0.9986 -0.0333
vn -0.0797 0.9672 0.2413
vn -0.0476 0.7487 -0.6611
vn 0.0407 -0.3572 -0.9331
vn 0.0045 -0.7036 0.7105
vn -0.0119 -0.8074 0.5899
vn 0.0142 -0.4304 -0.9025
vn -0.1597 0.4076 0.8991
vn -0.0412 0.3209 0.9462
vn -0.0872 0.3554 0.9306
vn 0.0118 -0.1694 -0.9855
vn 0.0360 0.9881 0.1493
vn -0.0558 0.9973 0.0468
vn 0.0422 0.9868 0.1561
vn -0.0823 0.9924 -0.0916
vn 0.0394 0.9091 0.4147
vn 0.0928 -0.8418 0.5318
vn -0.0456 -0.7697 0.6368
vn -0.0282 -0.1359 -0.9903
vn -0.0202 0.3154 -0.9487
vn -0.0739 0.9386 0.3369
vn -0.0038 0.8735 0.4868
vn 0.0435 0.8141 0.5791
vn -0.0538 -0.6157 -0.7861
vn 0.0260 0.8664 0.4987
vn -0.0154 0.3207 0.9471
vn 0.0137 -0.9944 -0.1047
vn -0.0035 -0.9914 -0.1307
vn -0.0779 -0.9671 -0.2421
vn 0.1475 -0.2781 0.9492
vn -0.0511 -0.9979 0.0407
vn 0.0659 0.0560 0.9963
vn -0.0429 0.6038 -0.7960
vn -0.0032 0.9960 0.0888
vn 0.1074 0.0527 0.9928
vn 0.0851 -0.9964 0.0050
vn -0.0754 0.6433 -0.7619
vn 0.0892 -0.0809 0.9927
vn -0.0137 -0.7146 0.6994
vn 0.0061 -0.9621 -0.2725
vn -0.1261 0.5089 0.8515
vn 0.1231 0.9618 0.2446
vn 0.0734 0.6102 0.7888
vn 0.1598 -0.4051 0.9002
vn -0.1427 -0.9857 -0.0891
vn -0.0031 0.9452 0.3264
vn -0.0285 0.9482 0.3165
vn -0.1462 -0.8677 0.4751
vn -0.0482 -0.9243 -0.3786
vn 0.0194 -0.9828 -0.1834
vn 0.0184 0.4296 0.9028
vn 0.0018 0.3948 0.9188
vn -0.0085 0.3730 0.9278
vn -0.0052 0.2786 -0.9604
vn -0.1134 0.6357 -0.7635
vn 0.0194 -0.4678 0.8836
vn -0.0579 -0.8922 -0.4478
vn 0.0152 -0.8191 -0.5735
vn 0.0753 -0.7422 -0.6659
vn 0.0074 -0.9252 0.3794
vn -0.0057 -0.2524 -0.9676
vn 0.0453 0.6088 -0.7920
vn 0.0177 -0.3521 0.9358
vn -0.0062 0.2825 0.9593
vn 0.0059 0.9474 -0.3201
vn 0.0301 -0.9618 0.2721
vn -0.0147 -0.9987 -0.0488
vn 0.0031 -0.9722 -0.2340
vn 0.0389 0.9992 -0.0013
vn 0.0060 0.8487 -0.5288
vn 0.0092 0.9401 -0.3409
vn 0.0645 0.3209 -0.9449
vn 0.0250 0.2886 -0.9571
vn 0.0361 0.2977 -0.9540
vn -0.0310 0.3031 0.9524
vn -0.0113 -0.6106 0.7918
vn -0.0146 -0.7705 0.6372
vn 0.0053 -0.7906 0.6123
vn -0.0138 -0.6155 0.7880
vn -0.0081 0.0359 -0.9993
vn -0.0198 -0.6644 -0.7471
vn 0.0146 0.9666 0.2559
vn 0.0678 -0.8221 0.5653
vn 0.0620 0.9981 -0.0008
vn 0.0427 0.4294 -0.9021
vn -0.0555 -0.9682 0.2438
vn 0.0267 -0.7543 0.6559
vn -0.0062 -0.2828 -0.9592
vn -0.0466 -0.9614 -0.2713
vn 0.1905 0.5492 0.8137
vn 0.0048 -0.9693 0.2459
vn -0.0011 -0.9646 0.2636
vn -0.0167 -0.9503 0.3108
vn -0.0632 -0.9941 -0.0882
vn 0.0362 0.6980 -0.7152
vn -0.0991 -0.5178 -0.8497
vn -0.0184 -0.4413 -0.8972
vn 0.0143 0.3576 0.9338
vn -0.0268 -0.7159 -0.6977
vn -0.0402 -0.8024 0.5955
vn 0.0002 0.8252 0.5649
vn 0.0020 0.1801 -0.9836
vn 0.0425 0.9077 0.4175
vn -0.0160 0.9618 0.2734
vn -0.0505 0.2083 -0.9768
vn 0.1263 -0.6648 -0.7363
vn -0.0291 -0.9061 -0.4220
vn -0.0049 -0.9324 -0.3615
vn 0.0084 -0.9448 -0.3274
vn -0.0959 0.7926 -0.6021
vn -0.0536 0.2358 -0.9703
vn 0.0154 -0.3207 0.9471
vn -0.0084 0.2608 -0.9654
vn -0.0092 0.8797 0.4755
vn 0.1174 -0.6655 -0.7371
vn -0.0292 -0.9057 -0.4230
vn -0.0400 -0.8925 -0.4493
vn -0.0048 -0.9321 -0.3621
vn -0.1008 -0.9919 0.0776
vn 0.0410 -0.8898 0.4545
vn 0.0825 -0.7889 0.6090
vn 0.0393 -0.8440 0.5348
vn -0.0118 -0.8974 0.4410
vn 0.0184 -0.4415 0.8971
vn -0.0219 -0.9450 0.3263
vn 0.1044 0.7188 0.6874
vn -0.1265 0.7361 0.6650
vn -0.0398 -0.8930 -0.4482
vn 0.0446 0.7497 -0.6603
vn -0.0444 -0.7497 -0.6603
vn -0.0575 -0.4486 0.8919
vn 0.0084 0.3284 -0.9445
vn 0.1176 -0.7372 0.6654
vn -0.0155 0.9617 0.2738
vn 0.0086 -0.9447 -0.3277
vn 0.0155 0.9617 -0.2737
vn -0.0181 0.2157 0.9763
vn 0.0404 0.2883 0.9567
vn -0.0371 0.1917 0.9808
vn 0.0219 -0.9449 -0.3266
vn 0.1264 0.6651 0.7360
vn -0.0292 0.4230 -0.9056
vn -0.0400 0.4494 -0.8924
vn -0.0048 0.3621 -0.9321
vn 0.1327 -0.6546 0.7442
vn 0.0791 0.0023 0.9969
vn -0.0737 -0.9666 -0.2456
vn 0.0678 0.2386 -0.9688
vn 0.0052 -0.6802 0.7330
vn 0.0086 0.3277 -0.9447
vn -0.0361 0.9686 -0.2461
vn 0.0536 0.2465 0.9677
vn -0.0279 0.4491 -0.8931
vn -0.0657 0.8715 0.4860
vn 0.0279 0.4491 0.8931
vn -0.0704 0.8141 0.5765
vn -0.0906 0.1228 0.9883
s 1
f 3701//309 3700//310 3699//311
f 3713//312 3712//313 3711//314
f 3898//315 3899//316 3897//317
f 4005//318 4006//319 4007//320
f 800//321 799//321 796//321
f 3884//322 3885//323 3883//324
f 3893//325 3894//326 3891//327
f 3617//328 3615//329 3616//330
f 3409//331 3407//331 3406//331
f 737//332 736//333 735//334
f 3621//335 3624//336 3623//337
f 3904//338 3905//338 3903//338
f 738//339 740//339 739//339
f 739//340 742//340 738//340
f 742//341 739//341 743//341
f 747//342 746//343 745//344
f 746//343 744//345 745//344
f 745//346 744//347 743//348
f 744//347 742//349 743//348
f 753//350 752//351 754//352
f 750//353 749//354 748//355
f 750//353 751//356 749//354
f 748//357 749//358 752//359
f 749//358 754//360 752//359
f 753//350 754//352 755//361
f 757//362 759//363 758//364
f 756//365 757//362 758//364
f 896//366 897//366 900//366
f 756//367 755//368 757//369
f 753//370 755//368 756//367
f 762//371 761//372 760//373
f 763//374 761//372 762//371
f 3389//375 3391//376 3390//377
f 1007//378 1014//379 1013//380
f 764//381 760//382 761//383
f 760//382 764//381 765//384
f 766//385 765//384 764//381
f 765//384 766//385 768//386
f 769//387 768//388 767//389
f 769//390 770//390 771//390
f 770//391 769//387 767//389
f 767//392 768//386 766//385
f 3772//393 3771//394 3770//395
f 790//396 789//397 788//398
f 1045//399 1048//400 1046//401
f 1185//402 1186//403 1183//404
f 791//405 792//406 789//407
f 808//408 807//409 806//410
f 4009//411 4008//412 4010//413
f 810//414 806//415 807//416
f 810//414 811//417 806//415
f 810//418 813//419 811//420
f 812//421 813//419 810//418
f 813//422 812//423 814//424
f 855//425 856//425 852//425
f 816//426 815//426 814//426
f 814//424 812//423 816//427
f 820//428 817//428 818//428
f 821//429 817//430 820//431
f 820//431 823//432 821//429
f 826//433 822//434 824//435
f 825//436 827//437 826//438
f 746//439 747//439 741//439
f 3716//440 3718//441 3717//442
f 826//433 824//435 825//443
f 824//444 822//445 823//446
f 822//445 821//447 823//446
f 830//448 829//449 828//450
f 831//374 829//449 830//448
f 832//451 828//451 829//451
f 828//452 833//453 834//454
f 833//453 828//452 832//455
f 833//456 836//457 834//458
f 835//459 834//458 836//457
f 835//460 837//461 838//462
f 836//463 837//461 835//460
f 841//464 840//465 839//466
f 979//467 972//468 978//469
f 839//466 840//465 844//470
f 839//471 844//472 846//473
f 839//471 846//473 845//474
f 845//475 848//476 847//477
f 849//478 850//479 848//480
f 848//480 850//479 847//481
f 3396//482 3394//483 3397//484
f 1006//485 1007//378 1005//486
f 848//476 845//475 846//487
f 855//488 852//488 851//488
f 841//489 842//490 840//491
f 857//492 851//492 852//492
f 853//493 851//494 857//495
f 854//496 853//493 857//495
f 860//497 859//497 858//497
f 858//498 859//499 853//500
f 858//498 853//500 854//501
f 862//502 869//503 870//504
f 1230//505 1229//506 1228//507
f 3707//508 3708//509 3705//510
f 862//502 868//511 869//503
f 871//512 873//512 872//512
f 873//513 871//513 878//513
f 871//514 872//514 874//514
f 872//515 875//515 874//515
f 875//516 876//516 874//516
f 877//517 878//518 876//519
f 877//517 876//519 875//520
f 879//521 881//522 880//523
f 880//523 882//524 879//521
f 882//525 880//526 883//527
f 880//526 884//515 883//527
f 884//528 885//528 883//528
f 885//529 886//530 879//531
f 886//532 885//532 884//532
f 887//533 889//534 888//535
f 889//534 887//533 893//536
f 888//537 891//538 887//539
f 873//540 878//540 877//540
f 892//541 893//542 890//543
f 892//541 890//543 891//544
f 890//545 887//539 891//538
f 894//533 896//534 895//535
f 896//534 894//533 897//536
f 895//537 899//538 894//539
f 881//546 879//531 886//530
f 900//541 897//542 898//543
f 900//541 898//543 899//544
f 898//545 894//539 899//538
f 901//547 904//548 902//549
f 902//550 904//550 905//550
f 819//551 827//551 818//551
f 916//552 917//553 915//554
f 901//547 902//549 906//555
f 907//556 903//557 901//558
f 901//558 906//559 907//556
f 903//560 907//560 908//560
f 910//561 908//562 909//563
f 911//564 910//565 909//566
f 910//565 911//564 912//567
f 907//568 909//563 908//562
f 915//569 914//570 913//571
f 916//572 915//569 913//571
f 918//573 919//574 913//575
f 913//575 914//576 918//573
f 920//577 918//578 921//579
f 919//580 918//578 920//577
f 923//581 920//582 921//583
f 934//584 935//585 928//586
f 889//587 893//587 892//587
f 923//581 921//583 922//588
f 925//589 926//590 929//591
f 930//592 925//589 929//591
f 929//593 927//593 930//593
f 932//594 927//595 931//596
f 933//597 935//585 934//584
f 933//598 934//599 932//600
f 932//600 931//601 933//598
f 932//594 930//602 927//595
f 937//603 936//604 939//605
f 940//606 936//604 937//603
f 940//607 941//608 936//609
f 940//607 938//610 941//608
f 942//611 944//612 941//613
f 944//614 945//615 946//616
f 943//617 945//615 944//614
f 944//618 942//618 943//618
f 941//613 938//619 942//611
f 949//620 950//621 948//622
f 948//622 947//623 949//620
f 956//624 957//625 949//626
f 947//627 948//628 952//629
f 951//630 947//627 952//629
f 953//631 955//632 951//633
f 954//634 957//635 956//636
f 955//637 954//634 956//636
f 955//638 953//638 954//638
f 953//631 951//633 952//639
f 960//640 961//641 959//642
f 959//642 958//643 960//640
f 958//627 959//628 963//644
f 962//630 958//627 963//644
f 964//645 965//646 962//647
f 967//648 968//649 966//650
f 966//650 968//649 969//651
f 966//652 965//653 967//654
f 965//653 964//655 967//654
f 964//645 962//647 963//639
f 971//603 970//604 972//605
f 973//606 970//604 971//603
f 973//656 974//657 970//609
f 973//656 975//658 974//657
f 975//659 976//659 974//659
f 975//660 977//660 976//660
f 977//661 979//662 978//663
f 977//661 978//663 976//664
f 983//665 981//666 980//667
f 984//668 980//667 981//666
f 984//669 982//670 980//671
f 980//671 982//670 985//672
f 985//673 982//673 986//673
f 988//674 985//675 986//676
f 987//677 990//678 989//679
f 988//680 987//677 989//679
f 1001//681 1002//681 994//681
f 988//674 986//676 987//682
f 996//683 995//684 997//685
f 992//686 991//687 993//688
f 993//688 991//687 994//689
f 1007//378 1006//485 1014//379
f 991//690 992//691 997//692
f 995//693 991//690 997//692
f 996//694 998//695 999//696
f 1000//697 1001//698 999//696
f 1000//699 1002//699 1001//699
f 999//696 998//695 1000//697
f 998//700 996//683 997//685
f 1005//701 1004//702 1003//703
f 1006//704 1005//701 1003//703
f 850//705 842//706 843//707
f 3525//708 3524//709 3527//710
f 1008//711 1009//712 1003//713
f 1003//713 1004//714 1008//711
f 1010//715 1008//716 1011//717
f 1009//718 1008//716 1010//715
f 1012//719 1010//719 1011//719
f 1013//720 1012//721 1011//722
f 1012//721 1013//720 1014//723
f 905//724 912//725 911//726
f 1017//727 1016//728 1015//729
f 1016//728 1017//727 1018//730
f 826//438 827//437 819//731
f 1019//732 1020//733 1015//734
f 1015//734 1016//735 1019//732
f 1021//736 1019//737 1022//738
f 1020//739 1019//737 1021//736
f 945//740 939//741 946//742
f 1024//743 1022//744 1023//745
f 1021//746 1022//744 1024//743
f 969//747 968//748 961//749
f 905//724 904//750 912//725
f 1029//751 1030//752 1027//753
f 1027//753 1028//754 1029//751
f 1031//755 1030//756 1032//757
f 1029//758 1032//757 1030//756
f 1031//759 1032//760 1033//761
f 1036//648 1037//649 1035//650
f 1035//650 1037//649 1038//651
f 1035//762 1034//763 1036//764
f 1034//763 1033//765 1036//764
f 1034//766 1031//759 1033//761
f 3360//767 3359//767 3358//767
f 1389//768 1388//769 1397//770
f 1237//771 1243//772 1236//773
f 3401//774 3399//774 3398//774
f 1043//775 1042//776 1044//777
f 3579//778 3577//779 3576//780
f 3457//767 3455//767 3454//767
f 1132//781 1131//782 1129//783
f 1086//784 1087//785 1088//786
f 1154//787 1153//788 1155//789
f 3723//790 3722//791 3726//792
f 1128//793 1118//793 1119//793
f 3445//794 3444//794 3443//794
f 1308//795 1318//796 1319//797
f 1104//798 1105//799 1102//800
f 1156//801 1155//801 1144//801
f 1146//802 1145//803 1144//804
f 1120//805 1121//806 1119//807
f 1071//808 1073//809 1074//810
f 1107//811 1108//812 1109//813
f 1109//813 1108//812 1110//814
f 1097//815 1095//816 1094//817
f 1110//818 1111//819 1109//820
f 1238//821 1237//822 1236//823
f 2046//824 2317//824 2316//824
f 1121//825 1123//826 1122//827
f 863//828 864//829 865//830
f 775//831 774//832 772//833
f 3632//834 3631//835 3633//836
f 1123//837 1124//838 1122//839
f 2314//824 2309//824 2160//824
f 1149//840 1148//841 1150//842
f 1166//843 1160//844 1165//845
f 3648//846 3649//847 3646//848
f 1304//849 1306//850 1305//851
f 1131//852 1132//853 1133//854
f 3630//855 3629//856 3628//857
f 1163//858 1162//859 1158//860
f 1169//861 1171//862 1170//863
f 803//864 802//865 801//866
f 1106//867 1117//868 1116//869
f 1184//858 1183//859 1179//860
f 1209//870 1208//871 1206//872
f 1174//873 1173//874 1175//875
f 1139//876 1138//877 1141//878
f 787//879 786//880 794//881
f 3855//882 3856//883 3859//884
f 3613//885 3614//886 3612//887
f 1375//767 1374//767 1373//767
f 1111//819 1110//818 1112//888
f 1222//821 1221//822 1220//823
f 3741//889 3742//890 3740//891
f 1115//892 1114//893 1113//894
f 1188//895 1189//896 1181//897
f 1198//870 1197//871 1195//872
f 804//898 798//899 795//900
f 1194//901 1195//902 1193//903
f 3809//904 3810//905 3808//906
f 729//907 733//908 734//909
f 4012//910 4013//911 4016//912
f 1223//913 1224//914 1225//915
f 1231//913 1232//914 1233//915
f 1379//916 1377//916 1376//916
f 3605//917 3604//918 3606//919
f 1134//920 1133//854 1132//853
f 1297//921 1299//922 1298//923
f 1202//924 1203//925 1204//926
f 1080//927 1077//928 1079//929
f 1245//930 1246//930 1248//930
f 1129//783 1131//782 1130//931
f 1343//932 1342//932 1341//932
f 3388//933 3387//933 3386//933
f 1742//824 1740//824 1515//824
f 1202//924 1201//934 1203//925
f 1266//930 1267//930 1269//930
f 1214//505 1213//506 1212//935
f 3373//936 3376//937 3375//938
f 1218//939 1219//940 1212//941
f 1127//942 1126//943 1124//944
f 1283//945 1280//946 1281//947
f 1383//948 1381//948 1380//948
f 3576//949 3577//950 3575//951
f 1076//952 1077//928 1080//927
f 3495//953 3493//953 3492//953
f 1347//767 1345//767 1344//767
f 1295//954 1294//955 1284//956
f 785//957 784//958 786//959
f 777//960 776//961 773//962
f 1307//963 1306//850 1304//849
f 1286//964 1287//965 1285//966
f 3742//890 3741//889 3743//967
f 1276//968 1278//969 1279//970
f 1252//930 1253//930 1255//930
f 1056//971 1054//972 1055//973
f 1363//974 1361//974 1360//974
f 1809//824 2331//824 1707//824
f 1302//975 1301//976 1303//977
f 1281//978 1280//978 1279//978
f 1387//767 1386//767 1385//767
f 3543//948 3541//948 3540//948
f 3911//979 3908//979 3912//979
f 1310//980 1311//981 1312//982
f 1391//983 1390//984 1389//768
f 722//985 721//986 724//987
f 1371//331 1370//331 1369//331
f 1421//988 1420//988 1419//988
f 3663//989 3660//990 3661//991
f 801//992 799//993 800//994
f 3577//779 3579//778 3578//995
f 1063//996 1064//997 1065//998
f 2591//999 3033//999 2592//999
f 3531//1000 3530//1001 3529//1002
f 3660//990 3663//989 3662//1003
f 1049//1004 1050//1005 1048//1006
f 3441//767 3439//767 3438//767
f 3483//988 3482//988 3481//988
f 3507//767 3506//767 3505//767
f 3974//953 3972//953 3971//953
f 3523//767 3522//767 3521//767
f 3567//767 3566//767 3565//767
f 1135//1007 1134//1008 1136//1009
f 3559//953 3557//953 3556//953
f 3642//1010 3641//1011 3643//1012
f 1263//1013 1261//1014 1264//1015
f 3761//1016 3760//1017 3757//1018
f 3669//1019 3670//1020 3671//1021
f 1190//1022 1199//1022 1200//1022
f 1128//1023 1127//1023 1118//1023
f 1081//1024 1083//1025 1082//1026
f 1159//1027 1157//1028 1160//1029
f 2443//999 2898//999 2895//999
f 1145//803 1146//802 1147//1030
f 3837//1031 3838//1032 3836//1033
f 3947//1034 3948//1035 3951//1036
f 2399//999 2400//999 2404//999
f 3364//331 3362//331 3361//331
f 1174//1037 1175//1038 1176//1039
f 3915//1040 3916//1041 3914//1042
f 3881//1043 3882//1044 3883//1045
f 3941//988 3940//988 3939//988
f 3657//1046 3655//1047 3656//1048
f 1900//824 1566//824 1957//824
f 1142//1049 1141//1050 1143//1051
f 3356//933 3354//933 3353//933
f 1488//824 2142//824 2141//824
f 3811//1052 3812//1053 3810//905
f 3790//1054 3791//1055 3789//1056
f 3982//948 3981//948 3980//948
f 3953//1057 3957//1058 3958//1059
f 2217//824 2219//824 2218//824
f 3859//884 3856//883 3860//1060
f 1249//1013 1247//1014 1250//1015
f 3421//767 3419//767 3418//767
f 3413//948 3411//948 3410//948
f 1191//924 1190//934 1192//925
f 3405//948 3404//948 3403//948
f 1180//1061 1178//1062 1181//1063
f 779//1064 778//1065 777//1066
f 1164//1067 1165//1068 1162//1069
f 3461//794 3460//794 3459//794
f 863//828 862//1070 864//829
f 3933//953 3931//953 3930//953
f 3886//1071 3885//323 3884//322
f 3673//1072 3674//1073 3672//1074
f 3487//948 3486//948 3485//948
f 1201//1022 1210//1022 1211//1022
f 1215//913 1216//914 1217//915
f 2038//824 2037//824 2058//824
f 862//1070 863//828 868//1075
f 3395//1076 3392//1077 3394//483
f 1339//331 1338//331 1337//331
f 1108//812 1107//811 1106//1078
f 1409//948 1407//948 1406//948
f 1234//939 1235//1079 1228//941
f 1152//1080 1153//1081 1154//1082
f 3619//1083 3620//1084 3618//1085
f 1061//1086 1062//1087 1059//1088
f 1323//794 1322//794 1321//794
f 3625//1089 3627//1090 3626//1091
f 3258//999 2992//999 3259//999
f 1413//1092 1412//1092 1411//1092
f 1355//988 1353//988 1352//988
f 3475//948 3474//948 3473//948
f 3499//767 3497//767 3496//767
f 3519//767 3517//767 3516//767
f 3429//794 3427//794 3426//794
f 3589//767 3588//767 3587//767
f 3738//1093 3737//1094 3736//1095
f 727//1096 728//1097 734//1098
f 1270//1013 1268//1014 1271//1015
f 782//1099 775//1099 783//1099
f 1331//933 1329//933 1328//933
f 1298//1100 1301//1101 1300//1102
f 1275//1103 1277//1104 1276//1105
f 2674//999 2673//999 2677//999
f 1288//1106 1291//1107 1290//1108
f 1302//1109 1304//1110 1305//1111
f 3792//1112 3795//1113 3793//1114
f 1239//913 1240//914 1241//915
f 1205//901 1206//902 1204//903
f 1309//1115 1308//1116 1311//1117
f 3425//331 3423//331 3422//331
f 1300//1118 1301//976 1302//975
f 2790//999 2791//999 2739//999
f 1335//948 1333//948 1332//948
f 1309//1115 1311//1117 1310//1119
f 1327//948 1325//948 1324//948
f 3717//1120 3715//1121 3716//1122
f 1425//767 1424//767 1423//767
f 740//1123 738//1123 741//1123
f 2723//999 2663//999 2721//999
f 3978//988 3976//988 3975//988
f 3437//916 3435//916 3434//916
f 1351//948 1350//948 1349//948
f 1417//1124 1416//1124 1415//1124
f 3464//1125 3463//1126 3465//1127
f 1392//1128 1391//983 1393//1129
f 1359//767 1357//767 1356//767
f 3578//1130 3580//1131 3581//1132
f 3639//1133 3638//1134 3637//1135
f 1367//1136 1365//1136 1364//1136
f 3803//1137 3802//1138 3805//1139
f 3929//331 3928//331 3927//331
f 3527//710 3526//1140 3525//708
f 1297//921 1296//1141 1299//922
f 2802//999 2801//999 2471//999
f 3686//1142 3685//1143 3684//1144
f 3751//1145 3747//1146 3748//1147
f 1256//1013 1254//1014 1257//1015
f 1288//1106 1289//1148 1291//1107
f 782//1149 783//1150 781//1151
f 3547//953 3546//953 3545//953
f 3539//948 3538//948 3537//948
f 3471//988 3470//988 3469//988
f 3479//953 3477//953 3476//953
f 3076//999 3077//999 3046//999
f 3511//988 3509//988 3508//988
f 1999//824 2002//824 2001//824
f 3503//331 3502//331 3501//331
f 3269//999 3278//999 2866//999
f 2890//999 2431//999 2432//999
f 3705//510 3706//1152 3707//508
f 3555//988 3554//988 3553//988
f 1221//771 1227//772 1220//773
f 1191//924 1192//925 1193//926
f 3433//948 3431//948 3430//948
f 3839//1153 3838//1032 3837//1031
f 3748//1147 3755//1154 3756//1155
f 3736//1095 3737//1094 3739//1156
f 3384//948 3383//948 3382//948
f 3462//1157 3463//1126 3464//1125
f 3377//1158 3379//1159 3378//1160
f 3368//948 3366//948 3365//948
f 1282//1161 1283//1162 1272//1163
f 3744//1164 3745//1165 3742//890
f 3678//1166 3679//1167 3680//1168
f 3417//916 3416//916 3415//916
f 1114//893 1115//892 1116//1169
f 3643//1012 3644//1170 3642//1010
f 3515//948 3513//948 3512//948
f 3491//953 3490//953 3489//953
f 3684//1144 3683//1171 3682//1172
f 3714//1173 3715//1121 3717//1120
f 3580//1131 3578//1130 3579//1174
f 3640//1175 3641//1011 3642//1010
f 788//1176 784//1176 785//1176
f 3740//891 3739//1156 3741//889
f 3572//1177 3573//1178 3574//1179
f 3584//1180 3583//1181 3582//1182
f 3624//336 3621//335 3622//1183
f 3681//1184 3682//1185 3680//1168
f 3628//857 3629//856 3627//1186
f 3923//1187 3922//1188 3925//1189
f 3767//1190 3766//1191 3775//1192
f 3551//988 3549//988 3548//988
f 1274//1193 1275//1194 1273//1195
f 3372//933 3371//933 3370//933
f 3768//1196 3765//1197 3764//1198
f 3702//1199 3703//1200 3704//1201
f 3687//1202 3688//1203 3690//1204
f 1400//1205 1401//1206 1399//1207
f 3611//1208 3609//1209 3610//1210
f 3691//1211 3692//1212 3689//1213
f 3646//848 3647//1214 3648//846
f 3667//1215 3666//1216 3668//1217
f 3652//1218 3653//1219 3650//1220
f 3625//1221 3626//1222 3623//337
f 3731//1223 3732//1224 3730//1225
f 3532//1226 3533//1227 3530//1228
f 3815//1229 3813//1230 3814//1231
f 3665//1232 3664//1233 3662//1003
f 3747//1146 3751//1145 3752//1234
f 815//1235 809//1235 808//1235
f 3449//916 3448//916 3447//916
f 3571//948 3570//948 3569//948
f 3750//1236 3749//1237 3756//1155
f 3563//767 3561//767 3560//767
f 3762//1238 3763//1239 3760//1017
f 1296//1240 1306//1241 1307//1242
f 3656//1048 3658//1243 3657//1046
f 3711//314 3712//313 3710//1244
f 3684//1144 3685//1143 3683//1171
f 1148//1245 1147//1030 1146//802
f 3689//1213 3690//1246 3691//1211
f 3718//441 3716//440 3719//1247
f 3746//1248 3748//1147 3747//1146
f 3843//1249 3841//1249 3844//1249
f 3696//1250 3697//1251 3695//1252
f 3892//1253 3895//1254 3896//1059
f 1287//1255 1286//1256 1288//1257
f 3808//1258 3806//1259 3809//1260
f 3600//1261 3601//1262 3598//1263
f 1018//1264 1017//1265 1026//1266
f 3693//1267 3694//1268 3695//1252
f 4010//413 4011//1269 4009//411
f 3759//1270 3758//1271 3757//1018
f 3721//1272 3720//1273 3719//1274
f 3532//1275 3534//1276 3533//1277
f 3637//1135 3638//1134 3636//1278
f 3320//999 2754//999 2755//999
f 2897//999 2606//999 2896//999
f 3883//1045 3882//1044 3884//1279
f 1057//1280 1060//1281 1058//1282
f 3862//1283 3861//1284 3864//1285
f 3786//1286 3789//1287 3787//1288
f 3597//1289 3591//1290 3590//1291
f 3829//1292 3826//1293 3827//1294
f 3695//1252 3694//1268 3696//1250
f 3375//938 3377//1158 3378//1160
f 735//334 736//333 730//1295
f 3900//1296 3899//316 3898//315
f 3825//1297 3823//1298 3827//1299
f 3796//1300 3797//1301 3795//1302
f 3722//1303 3724//1304 3725//1305
f 3987//1306 3986//1307 3988//1308
f 3836//1309 3834//1310 3837//1311
f 3654//1312 3655//1047 3657//1046
f 1038//1313 1037//1314 1028//1315
f 3865//1316 3869//1317 3870//1318
f 949//626 957//625 950//1319
f 3914//1042 3913//1320 3915//1040
f 1093//1321 1092//1322 1091//1323
f 3676//1324 3677//1325 3675//1326
f 1259//930 1260//930 1262//930
f 3879//1327 3877//1327 3880//1327
f 3846//1328 3845//1329 3848//1330
f 3719//1274 3720//1273 3718//1331
f 3799//1332 3798//1333 3801//1334
f 3898//1335 3897//1336 3901//1337
f 3901//1337 3897//1336 3902//1338
f 3989//1339 3991//1339 3990//1339
f 3822//1340 3818//1341 3821//1342
f 4003//1343 3999//1344 4002//1345
f 3453//933 3452//933 3451//933
f 3710//1244 3709//1346 3711//314
f 1398//1347 1397//770 1388//769
f 3708//509 3707//508 3709//1346
f 3951//1036 3948//1035 3952//1348
f 3962//1349 3961//1350 3959//1351
f 3909//1352 3910//1353 3908//1354
f 3849//1355 3850//1356 3853//1357
f 3966//948 3964//948 3963//948
f 3945//1358 3946//1359 3944//1360
f 732//1361 731//1362 727//1363
f 3853//1357 3850//1356 3854//1364
f 3893//325 3891//327 3892//1365
f 3923//1187 3925//1189 3924//1366
f 3827//1367 3826//1367 3825//1367
f 3970//988 3969//988 3968//988
f 3888//1368 3887//1369 3889//1370
f 3995//1371 3994//1372 3997//1373
f 3991//1374 3989//1375 3992//1376
f 4016//912 4013//911 4017//1377
f 3874//1378 3872//1378 3875//1378
f 3937//948 3936//948 3935//948
f 1171//1379 1172//1380 1170//1381
f 4001//1382 3998//1383 4000//1384
f 732//1385 737//1386 731//1387
f 1145//1388 1156//1388 1144//1388
f 3879//1389 3876//1390 3877//1391
f 3956//1392 3954//1393 3955//1394
f 3409//331 3408//331 3407//331
f 3740//891 3736//1095 3739//1156
f 815//1395 816//1395 809//1395
f 1405//1396 1403//1397 1404//1398
f 1027//1399 1038//1313 1028//1315
f 762//1400 771//1401 763//1402
f 759//1403 751//1404 750//1405
f 3595//1406 3594//1407 3596//1408
f 830//1409 838//1410 831//1411
f 3992//1376 3989//1375 3993//1412
f 1045//399 1047//1413 1048//400
f 1158//1414 1161//1415 1157//1416
f 1389//768 1390//984 1388//769
f 795//1417 798//1417 796//1417
f 774//832 773//1418 772//833
f 1180//1419 1179//1414 1178//1416
f 1098//1420 1100//1421 1099//1422
f 3574//1179 3573//1178 3575//951
f 793//1423 794//1423 792//1423
f 1314//1424 1316//1425 1317//1426
f 1246//1427 1247//1427 1248//1427
f 789//407 790//1428 791//405
f 1063//1429 1061//1430 1064//1431
f 3001//999 3005//999 3006//999
f 3701//309 3703//1200 3702//1199
f 3612//887 3609//1209 3611//1208
f 922//1432 924//1433 923//1434
f 1025//1435 1026//1436 1024//1437
f 855//1438 861//1438 856//1438
f 979//467 971//1439 972//468
f 3396//482 3395//1076 3394//483
f 817//1440 819//1440 818//1440
f 1024//1437 1023//1441 1025//1435
f 850//705 849//1442 842//706
f 935//1443 926//1444 928//1445
f 3597//1289 3598//1263 3591//1290
f 1230//505 1231//1446 1229//506
f 1113//1447 1112//1448 1115//1449
f 1102//800 1103//1450 1104//798
f 747//1451 740//1451 741//1451
f 1002//1452 993//1452 994//1452
f 916//552 924//1453 917//553
f 841//489 843//1454 842//490
f 809//1455 807//409 808//408
f 860//1456 861//1456 859//1456
f 3375//938 3376//937 3377//1158
f 1026//1266 1025//1457 1018//1264
f 960//1458 969//747 961//749
f 983//1459 989//1460 981//1461
f 925//1462 928//1445 926//1444
f 990//1463 981//1461 989//1460
f 759//1403 750//1405 758//1464
f 861//1465 860//1465 856//1465
f 3831//1466 3830//1467 3833//1468
f 924//1433 922//1432 917//1469
f 945//740 937//1470 939//741
f 771//1401 770//1471 763//1402
f 3360//767 3357//767 3359//767
f 1217//1472 1216//1472 1219//1472
f 1048//1006 1047//1473 1049//1004
f 1213//1474 1218//939 1212//941
f 3594//1407 3595//1406 3593//1475
f 865//830 864//829 866//1476
f 1237//771 1242//1477 1243//772
f 3401//774 3400//774 3399//774
f 1043//775 1041//1478 1042//776
f 1053//1479 1051//1480 1055//1481
f 3457//767 3456//767 3455//767
f 1051//1480 1053//1479 1052//1482
f 1039//1483 1041//1484 1040//1485
f 1249//1486 1250//1487 1244//1488
f 1101//1489 1102//1490 1100//1491
f 1072//1492 1071//808 1069//1493
f 804//1494 803//1495 805//1496
f 1069//1493 1070//1497 1072//1492
f 1086//784 1084//1498 1085//1499
f 3834//1310 3836//1309 3835//1500
f 1243//1501 1242//1501 1241//1501
f 777//1066 778//1065 776//1502
f 1076//952 1075//1503 1077//928
f 1172//1380 1171//1379 1173//1504
f 1241//1505 1240//1505 1243//1505
f 3618//1085 3615//329 3617//328
f 1078//1506 1080//927 1079//929
f 3445//794 3442//794 3444//794
f 1081//1024 1084//1498 1083//1025
f 1245//1507 1244//1507 1246//1507
f 1190//1508 1191//1508 1199//1508
f 2180//824 2181//824 2179//824
f 2178//824 2180//824 2179//824
f 1238//821 1239//1446 1237//822
f 2315//824 2046//824 2316//824
f 3789//1056 3788//1509 3790//1054
f 1121//825 1120//1510 1123//826
f 867//1511 865//830 866//1476
f 1125//1512 1127//942 1124//944
f 1259//1513 1263//1486 1258//1488
f 2019//824 2161//824 2160//824
f 2161//824 2314//824 2160//824
f 1149//840 1147//1514 1148//841
f 1166//843 1167//1515 1160//844
f 1095//1516 1092//1322 1093//1321
f 727//1363 731//1362 728//1517
f 3959//1351 3961//1350 3960//1518
f 1169//861 1168//1519 1171//862
f 1245//1513 1249//1486 1244//1488
f 1158//860 1162//859 1161//1520
f 1199//1521 1197//1522 1200//1523
f 1106//867 1107//1524 1117//868
f 3585//1525 3583//1181 3584//1180
f 1091//1323 1090//1526 1093//1321
f 1174//873 1172//1527 1173//874
f 1179//860 1183//859 1182//1520
f 1210//1521 1208//1522 1211//1523
f 1196//1528 1198//870 1195//872
f 1186//1529 1185//1530 1187//1531
f 1187//1532 1189//896 1188//895
f 1375//767 1372//767 1374//767
f 1222//821 1223//1446 1221//822
f 1204//1533 1203//1533 1205//1533
f 725//1534 724//1535 726//1536
f 792//1537 791//1537 793//1537
f 1127//1538 1128//1538 1126//1538
f 1189//1539 1180//1061 1181//1063
f 3165//999 3170//999 3164//999
f 3165//999 3164//999 3162//999
f 3163//999 3165//999 3162//999
f 3163//999 3162//999 3161//999
f 3172//999 3163//999 3161//999
f 3172//999 3161//999 3133//999
f 3134//999 3172//999 3133//999
f 3134//999 3133//999 3069//999
f 3069//999 2582//999 3134//999
f 2582//999 3152//999 3176//999
f 3134//999 2582//999 3206//999
f 3206//999 2582//999 3176//999
f 3152//999 3151//999 3149//999
f 3151//999 3147//999 2812//999
f 2812//999 3147//999 2811//999
f 3177//999 3206//999 3176//999
f 3151//999 2812//999 3143//999
f 3238//999 3151//999 3143//999
f 3175//999 3177//999 3176//999
f 3176//999 3174//999 3175//999
f 3151//999 3238//999 3149//999
f 3143//999 2796//999 2771//999
f 3196//999 3176//999 3152//999
f 3117//999 3196//999 3221//999
f 3196//999 3152//999 3221//999
f 3118//999 3218//999 3117//999
f 2796//999 2772//999 2771//999
f 2796//999 2795//999 2772//999
f 2776//999 2811//999 3147//999
f 3147//999 2705//999 2815//999
f 2705//999 2792//999 2797//999
f 3147//999 2798//999 2775//999
f 2792//999 2803//999 2806//999
f 2803//999 2491//999 2824//999
f 2798//999 3147//999 2815//999
f 2775//999 2776//999 3147//999
f 2491//999 2836//999 2824//999
f 2815//999 2705//999 2814//999
f 2824//999 2837//999 2803//999
f 2825//999 2803//999 2837//999
f 2814//999 2705//999 2797//999
f 2806//999 2803//999 2825//999
f 2797//999 2792//999 2806//999
f 2773//999 2797//999 2806//999
f 2773//999 2806//999 2808//999
f 2770//999 2773//999 2808//999
f 2770//999 2808//999 2817//999
f 2808//999 2840//999 2817//999
f 2840//999 2816//999 2817//999
f 2816//999 2821//999 2817//999
f 3221//999 3118//999 3117//999
f 2819//999 2491//999 2835//999
f 2487//999 2819//999 2835//999
f 2491//999 2489//999 2835//999
f 2489//999 2485//999 2829//999
f 2485//999 2830//999 2831//999
f 2830//999 2477//999 2833//999
f 2477//999 2453//999 2454//999
f 2453//999 2470//999 2469//999
f 2470//999 2628//999 2460//999
f 2628//999 2393//999 2394//999
f 2460//999 2628//999 2394//999
f 2393//999 3296//999 3297//999
f 3296//999 2902//999 3297//999
f 2901//999 3297//999 2902//999
f 2477//999 2454//999 2476//999
f 2453//999 2469//999 2454//999
f 2469//999 2470//999 2460//999
f 2477//999 2476//999 2833//999
f 2489//999 2829//999 2835//999
f 2821//999 2819//999 2486//999
f 3297//999 2394//999 2393//999
f 2819//999 2487//999 2486//999
f 3227//999 3221//999 3226//999
f 3221//999 3152//999 3226//999
f 3225//999 3227//999 3226//999
f 3223//999 3222//999 3225//999
f 2830//999 2833//999 2488//999
f 2830//999 2488//999 2969//999
f 2830//999 2969//999 3304//999
f 2830//999 3304//999 2971//999
f 2830//999 2971//999 2832//999
f 2830//999 2832//999 2831//999
f 2971//999 2479//999 2832//999
f 3303//999 2970//999 2832//999
f 2474//999 2832//999 2479//999
f 2473//999 2832//999 2474//999
f 2473//999 3303//999 2832//999
f 2485//999 2831//999 2829//999
f 2829//999 2750//999 2835//999
f 3224//999 3223//999 3225//999
f 2750//999 2490//999 2975//999
f 3226//999 3224//999 3225//999
f 2750//999 2975//999 2827//999
f 3226//999 3152//999 3130//999
f 3233//999 3226//999 3130//999
f 3231//999 3233//999 3130//999
f 3139//999 3231//999 3130//999
f 2750//999 2827//999 2834//999
f 3142//999 2789//999 3141//999
f 3140//999 3142//999 3141//999
f 3140//999 3141//999 3139//999
f 2750//999 2834//999 2835//999
f 3137//999 3140//999 3139//999
f 2821//999 2486//999 2817//999
f 2795//999 2770//999 2817//999
f 2795//999 2817//999 2818//999
f 2795//999 2818//999 2820//999
f 2795//999 2820//999 2807//999
f 2807//999 2820//999 2823//999
f 2823//999 2490//999 2807//999
f 2795//999 2807//999 2495//999
f 2795//999 2495//999 2793//999
f 3232//999 3137//999 3139//999
f 2795//999 2793//999 2505//999
f 3130//999 3232//999 3139//999
f 2495//999 2801//999 2809//999
f 2495//999 2809//999 2810//999
f 3130//999 3152//999 3129//999
f 3126//999 3130//999 3129//999
f 2495//999 2810//999 2793//999
f 3125//999 3126//999 3129//999
f 3123//999 3122//999 3125//999
f 3124//999 3123//999 3125//999
f 2795//999 2505//999 2794//999
f 3127//999 3124//999 3125//999
f 2795//999 2794//999 2772//999
f 3129//999 3127//999 3125//999
f 3131//999 3129//999 3152//999
f 3143//999 2771//999 3238//999
f 3131//999 3152//999 3132//999
f 2771//999 2774//999 3238//999
f 2774//999 2749//999 3239//999
f 3132//999 3148//999 3131//999
f 3238//999 2774//999 3239//999
f 2749//999 3311//999 3239//999
f 3153//999 3132//999 3152//999
f 3311//999 3312//999 3239//999
f 3312//999 2804//999 3239//999
f 3154//999 3153//999 3152//999
f 2804//999 3310//999 3239//999
f 3150//999 3154//999 3152//999
f 2976//999 2502//999 2978//999
f 2978//999 2502//999 2985//999
f 2501//999 2578//999 2984//999
f 2578//999 2577//999 2984//999
f 2577//999 2813//999 2984//999
f 2501//999 2984//999 2502//999
f 2985//999 2502//999 2984//999
f 2984//999 2813//999 3310//999
f 2813//999 3239//999 3310//999
f 3149//999 3150//999 3152//999
f 1084//1498 1081//1024 1085//1499
f 788//398 789//397 784//1540
f 1207//1528 1209//870 1206//872
f 1096//1541 1095//816 1097//815
f 804//898 805//1542 798//899
f 1214//1543 1216//914 1215//913
f 3389//375 3392//1077 3391//376
f 1379//916 1378//916 1377//916
f 1201//1508 1202//1508 1210//1508
f 1183//404 1184//1544 1185//402
f 1225//1505 1224//1505 1227//1505
f 3852//1545 3850//1546 3849//1547
f 1233//1472 1232//1472 1235//1472
f 1343//932 1340//932 1342//932
f 3388//933 3385//933 3387//933
f 1841//824 1748//824 1714//824
f 1841//824 1714//824 1743//824
f 1841//824 1743//824 1509//824
f 1510//824 1841//824 1509//824
f 1706//824 1510//824 1509//824
f 1706//824 1509//824 1705//824
f 1519//824 1706//824 1740//824
f 1706//824 1705//824 1740//824
f 1705//824 1517//824 1740//824
f 1740//824 1517//824 1512//824
f 1515//824 1839//824 1831//824
f 1839//824 1748//824 1831//824
f 1740//824 1741//824 1515//824
f 1519//824 1740//824 1514//824
f 1515//824 1831//824 1742//824
f 1514//824 1740//824 1742//824
f 3466//1548 3464//1549 3465//1550
f 3890//1551 3888//1368 3889//1370
f 1292//1552 1294//1552 1293//1552
f 1214//505 1215//1446 1213//506
f 3373//936 3374//1553 3376//937
f 1256//1486 1257//1487 1251//1488
f 3602//1554 3604//1555 3603//1556
f 1284//956 1285//1557 1295//954
f 1266//1513 1270//1486 1265//1488
f 773//962 776//961 772//1558
f 3804//1559 3803//1137 3805//1139
f 1282//1560 1280//946 1283//945
f 1398//1347 1399//1207 1397//770
f 1383//948 1382//948 1381//948
f 1095//1516 1093//1321 1094//1561
f 1279//1562 1278//1562 1281//1562
f 1061//1430 1063//1429 1062//1563
f 1393//1129 1394//1564 1392//1128
f 3495//953 3494//953 3493//953
f 1347//767 1346//767 1345//767
f 1308//795 1309//1565 1318//796
f 1167//1566 1159//1027 1160//1029
f 1314//1567 1315//1568 1312//1569
f 3607//1570 3606//919 3608//1571
f 1252//1513 1256//1486 1251//1488
f 1071//808 1072//1492 1073//809
f 1270//1486 1271//1487 1265//1488
f 1276//968 1277//1572 1278//969
f 1263//1486 1264//1487 1258//1488
f 1316//1573 1318//1574 1317//1575
f 1316//1573 1319//1576 1318//1574
f 1086//784 1085//1499 1087//785
f 1363//974 1362//974 1361//974
f 2053//824 2052//824 2027//824
f 2028//824 2053//824 2027//824
f 2025//824 2028//824 2027//824
f 2025//824 2027//824 2032//824
f 2326//824 2025//824 2023//824
f 2026//824 2025//824 2326//824
f 2026//824 2326//824 2030//824
f 2054//824 2026//824 2030//824
f 2054//824 2030//824 2029//824
f 2021//824 2054//824 2029//824
f 2029//824 1558//824 2021//824
f 1559//824 2021//824 1558//824
f 1542//824 1518//824 1709//824
f 1518//824 1511//824 1746//824
f 1511//824 1516//824 1838//824
f 1516//824 1710//824 1812//824
f 1710//824 1745//824 1715//824
f 1745//824 1813//824 1715//824
f 1813//824 1842//824 1708//824
f 1715//824 1813//824 1708//824
f 1842//824 1707//824 2331//824
f 1707//824 1808//824 1809//824
f 1817//824 1835//824 1818//824
f 1808//824 1835//824 1817//824
f 1823//824 1824//824 1821//824
f 1824//824 1820//824 1821//824
f 1820//824 1829//824 1821//824
f 1835//824 1823//824 1818//824
f 1808//824 1817//824 1809//824
f 1812//824 1710//824 1715//824
f 1838//824 1516//824 1812//824
f 1511//824 1838//824 1746//824
f 1730//824 1542//824 1527//824
f 1823//824 1821//824 1836//824
f 2023//824 2025//824 1756//824
f 1756//824 2025//824 2032//824
f 2031//824 2023//824 1756//824
f 1755//824 2031//824 1756//824
f 2033//824 1755//824 1756//824
f 2033//824 1756//824 2062//824
f 2034//824 2033//824 2043//824
f 2043//824 2033//824 2062//824
f 2034//824 2061//824 2035//824
f 2061//824 2034//824 2043//824
f 1823//824 1836//824 1834//824
f 1556//824 2040//824 2060//824
f 2039//824 1556//824 2060//824
f 1726//824 1722//824 1695//824
f 1695//824 2039//824 2323//824
f 1694//824 1726//824 1695//824
f 2323//824 2039//824 2324//824
f 1700//824 1694//824 1695//824
f 2040//824 2035//824 2061//824
f 2324//824 2039//824 2060//824
f 1762//824 1700//824 1695//824
f 1836//824 2332//824 1832//824
f 1834//824 1836//824 1832//824
f 2323//824 1762//824 1695//824
f 2060//824 2040//824 2061//824
f 2332//824 2330//824 1832//824
f 2063//824 2062//824 1756//824
f 1550//824 2063//824 1756//824
f 1549//824 1550//824 1756//824
f 2036//824 2067//824 1751//824
f 1750//824 1751//824 2067//824
f 1548//824 2065//824 1992//824
f 1756//824 1993//824 1549//824
f 1548//824 1549//824 1993//824
f 2065//824 1547//824 1751//824
f 1751//824 1750//824 2065//824
f 1750//824 1992//824 2065//824
f 1992//824 1549//824 1548//824
f 2024//824 2032//824 2027//824
f 2327//824 2024//824 2027//824
f 2064//824 2327//824 2027//824
f 2027//824 2066//824 2064//824
f 2064//824 2066//824 1546//824
f 1546//824 2066//824 1991//824
f 1504//824 1546//824 1757//824
f 1504//824 1545//824 1544//824
f 1544//824 1545//824 1541//824
f 1541//824 1505//824 1535//824
f 1535//824 1505//824 1543//824
f 1703//824 1535//824 1543//824
f 1703//824 1543//824 2328//824
f 2328//824 1534//824 2329//824
f 2329//824 1730//824 1527//824
f 1709//824 1527//824 1542//824
f 1545//824 1504//824 1757//824
f 1730//824 2329//824 1534//824
f 1534//824 2328//824 1543//824
f 1546//824 1991//824 1757//824
f 1746//824 1709//824 1518//824
f 1545//824 1505//824 1541//824
f 1823//824 1834//824 1833//824
f 1823//824 1833//824 1818//824
f 2331//824 1708//824 1842//824
f 1387//767 1384//767 1386//767
f 3543//948 3542//948 3541//948
f 1402//1577 1404//1398 1403//1397
f 1284//1578 1286//964 1285//966
f 1371//331 1368//331 1370//331
f 737//1386 732//1385 736//1579
f 1391//983 1392//1128 1390//984
f 1421//988 1418//988 1420//988
f 801//992 797//1580 799//993
f 3033//999 3032//999 2592//999
f 1159//1419 1158//1414 1157//1416
f 1403//1397 1401//1206 1402//1577
f 1466//824 1844//824 1467//824
f 2383//824 2384//824 1615//824
f 2372//824 2383//824 1626//824
f 2371//824 2372//824 1626//824
f 2383//824 1615//824 1626//824
f 2370//824 2371//824 1625//824
f 1622//824 2370//824 1625//824
f 2371//824 1626//824 1625//824
f 1615//824 1797//824 1779//824
f 1426//824 1622//824 1642//824
f 1619//824 1453//824 1426//824
f 1615//824 1779//824 1626//824
f 1625//824 1621//824 1622//824
f 1642//824 1619//824 1426//824
f 1642//824 1622//824 1621//824
f 3679//1167 3681//1184 3680//1168
f 3944//1360 3942//1581 3945//1358
f 1400//1205 1402//1577 1401//1206
f 3441//767 3440//767 3439//767
f 3483//988 3480//988 3482//988
f 3507//767 3504//767 3506//767
f 3974//953 3973//953 3972//953
f 3523//767 3520//767 3522//767
f 3567//767 3564//767 3566//767
f 1135//1007 1133//1582 1134//1008
f 3559//953 3558//953 3557//953
f 1876//824 1878//824 1877//824
f 1260//1427 1261//1427 1262//1427
f 3249//999 2572//999 2931//999
f 2572//999 3102//999 2931//999
f 1137//1583 1136//1584 1138//1585
f 1088//786 1087//785 1089//1586
f 780//1587 778//1588 779//1589
f 1238//1543 1240//914 1239//913
f 1162//1069 1163//1544 1164//1067
f 1523//824 1520//824 1738//824
f 1737//824 1523//824 1738//824
f 1737//824 1738//824 1524//824
f 1525//824 1737//824 1524//824
f 1525//824 1524//824 1531//824
f 1532//824 1525//824 1531//824
f 1532//824 1531//824 1533//824
f 1732//824 1532//824 1533//824
f 1732//824 1533//824 1731//824
f 1533//824 1701//824 1731//824
f 1731//824 1701//824 1696//824
f 1537//824 1732//824 1734//824
f 1540//824 1539//824 1538//824
f 1697//824 1540//824 1538//824
f 1697//824 1538//824 1696//824
f 1701//824 1697//824 1696//824
f 1732//824 1731//824 1734//824
f 1537//824 1734//824 1733//824
f 1530//824 1537//824 1536//824
f 1537//824 1733//824 1536//824
f 1528//824 1530//824 1702//824
f 1734//824 1698//824 1733//824
f 1734//824 1699//824 1698//824
f 1522//824 2334//824 1528//824
f 2325//824 1522//824 1526//824
f 1522//824 1528//824 1526//824
f 1530//824 1536//824 1702//824
f 1529//824 1526//824 1528//824
f 1702//824 1529//824 1528//824
f 2459//999 2899//999 2397//999
f 2886//999 2895//999 2898//999
f 2899//999 2888//999 2886//999
f 2617//999 2459//999 2889//999
f 2440//999 2889//999 2612//999
f 2438//999 2893//999 2436//999
f 2925//999 2438//999 2436//999
f 2436//999 2893//999 2895//999
f 2612//999 2889//999 2459//999
f 2895//999 2893//999 2442//999
f 2893//999 2892//999 2442//999
f 2434//999 2612//999 2459//999
f 2442//999 2892//999 2437//999
f 2892//999 3352//999 2894//999
f 3352//999 3331//999 2894//999
f 2613//999 2434//999 2459//999
f 2397//999 2613//999 2459//999
f 2397//999 2899//999 2396//999
f 2892//999 2894//999 2437//999
f 2897//999 2397//999 2396//999
f 2895//999 2442//999 2885//999
f 2442//999 2441//999 2885//999
f 2396//999 2606//999 2897//999
f 2396//999 2899//999 2887//999
f 2885//999 2897//999 2884//999
f 2897//999 2896//999 2884//999
f 2887//999 2899//999 2903//999
f 2903//999 2899//999 2886//999
f 2885//999 2884//999 2895//999
f 2884//999 2443//999 2895//999
f 2898//999 2903//999 2886//999
f 1112//1448 1113//1447 1111//1590
f 1116//1591 1117//1591 1114//1591
f 1124//838 1123//837 1125//1592
f 1102//1490 1101//1489 1103//1593
f 1165//1594 1164//1594 1166//1594
f 3364//331 3363//331 3362//331
f 2084//824 2086//824 1640//824
f 1640//824 1683//824 2354//824
f 1675//824 1683//824 2347//824
f 2351//824 2347//824 1683//824
f 1683//824 1675//824 2352//824
f 2354//824 1683//824 2082//824
f 1641//824 2084//824 1640//824
f 2354//824 1641//824 1640//824
f 1675//824 1674//824 2070//824
f 2070//824 2352//824 1675//824
f 2082//824 1683//824 2352//824
f 3941//988 3938//988 3940//988
f 1272//1163 1273//1595 1282//1161
f 2092//824 2121//824 2116//824
f 2116//824 2115//824 2092//824
f 1952//824 2116//824 2119//824
f 2118//824 2117//824 2093//824
f 2093//824 2090//824 1952//824
f 2121//824 2119//824 2116//824
f 1952//824 2119//824 2113//824
f 2113//824 2118//824 2093//824
f 2093//824 1952//824 2113//824
f 3356//933 3355//933 3354//933
f 1489//824 1491//824 2140//824
f 1491//824 1492//824 1488//824
f 1488//824 1485//824 1495//824
f 1485//824 2130//824 1495//824
f 2137//824 1487//824 1489//824
f 1487//824 1490//824 1489//824
f 2140//824 2137//824 1489//824
f 2140//824 1491//824 2141//824
f 1488//824 1495//824 2142//824
f 2141//824 1491//824 1488//824
f 1446//824 2145//824 1441//824
f 1956//824 1900//824 1957//824
f 1956//824 1957//824 1927//824
f 1956//824 1927//824 1958//824
f 1958//824 1927//824 1931//824
f 2106//824 1958//824 1931//824
f 2266//824 1958//824 2106//824
f 1927//824 1895//824 1926//824
f 1647//824 1648//824 1623//824
f 1624//824 1647//824 1623//824
f 1624//824 1623//824 1944//824
f 1623//824 1893//824 1944//824
f 1944//824 1893//824 1894//824
f 1894//824 1893//824 2192//824
f 1893//824 1472//824 1891//824
f 2192//824 1893//824 1892//824
f 1472//824 1910//824 1924//824
f 1892//824 1893//824 1891//824
f 1891//824 1472//824 1473//824
f 1473//824 1472//824 1924//824
f 1895//824 1473//824 1924//824
f 2166//824 2165//824 2227//824
f 2226//824 2166//824 2227//824
f 2226//824 2227//824 2250//824
f 2225//824 2226//824 2250//824
f 1881//824 2079//824 2081//824
f 1881//824 2081//824 2088//824
f 1881//824 2088//824 2087//824
f 1881//824 2087//824 2300//824
f 1881//824 2300//824 1913//824
f 2300//824 1904//824 1913//824
f 1904//824 1905//824 1913//824
f 1913//824 1905//824 2302//824
f 1905//824 1888//824 2302//824
f 1909//824 1881//824 2186//824
f 1881//824 1913//824 2186//824
f 2302//824 2301//824 1913//824
f 1914//824 1909//824 1918//824
f 2301//824 1872//824 1913//824
f 1872//824 1898//824 1875//824
f 1902//824 1883//824 1873//824
f 2243//824 2244//824 2221//824
f 2244//824 2220//824 2221//824
f 2220//824 2172//824 2221//824
f 2221//824 2172//824 2173//824
f 2172//824 2225//824 2173//824
f 2173//824 2225//824 2224//824
f 2231//824 2229//824 2230//824
f 2230//824 2229//824 2228//824
f 2229//824 2210//824 2228//824
f 2228//824 2210//824 2211//824
f 2210//824 2224//824 2211//824
f 2211//824 2224//824 2245//824
f 2212//824 2213//824 2245//824
f 2102//824 2212//824 2245//824
f 1466//824 1467//824 1903//824
f 1469//824 1466//824 1903//824
f 1467//824 1451//824 1903//824
f 1896//824 1469//824 1903//824
f 1451//824 1428//824 1903//824
f 1902//824 1896//824 1899//824
f 1896//824 1903//824 1901//824
f 1850//824 1849//824 1589//824
f 1849//824 1852//824 1851//824
f 1849//824 1851//824 1853//824
f 1595//824 1850//824 1588//824
f 1849//824 1853//824 1589//824
f 1857//824 1595//824 1591//824
f 1850//824 1589//824 1588//824
f 1595//824 1588//824 1871//824
f 1595//824 1871//824 1591//824
f 1591//824 1871//824 1867//824
f 2218//824 2219//824 2208//824
f 2219//824 2207//824 2208//824
f 2208//824 2207//824 2103//824
f 2207//824 2102//824 2103//824
f 2103//824 2102//824 2104//824
f 2107//824 2104//824 2108//824
f 2108//824 2104//824 2199//824
f 2107//824 2108//824 1580//824
f 2108//824 2197//824 1580//824
f 2198//824 2107//824 1580//824
f 2014//824 2198//824 1580//824
f 2197//824 2015//824 1580//824
f 1579//824 2014//824 1580//824
f 2015//824 2206//824 1580//824
f 2200//824 1579//824 1580//824
f 2206//824 2205//824 1580//824
f 2214//824 2200//824 1580//824
f 2205//824 2204//824 1580//824
f 2215//824 2214//824 1580//824
f 2217//824 2216//824 2268//824
f 2267//824 2217//824 2268//824
f 2267//824 2268//824 2013//824
f 2269//824 2267//824 2013//824
f 2268//824 2215//824 2013//824
f 2246//824 2269//824 2099//824
f 2269//824 2013//824 2099//824
f 2101//824 2209//824 1562//824
f 1562//824 2209//824 1563//824
f 2209//824 2099//824 1563//824
f 2222//824 2101//824 1562//824
f 2209//824 2223//824 2099//824
f 2247//824 2222//824 1562//824
f 2223//824 2100//824 2099//824
f 2237//824 2247//824 1562//824
f 2100//824 2270//824 2099//824
f 2270//824 2246//824 2099//824
f 2098//824 1563//824 1564//824
f 1563//824 2099//824 1564//824
f 2110//824 2098//824 2109//824
f 2098//824 1564//824 1930//824
f 2089//824 2110//824 2109//824
f 1852//824 1849//824 1468//824
f 1852//824 1468//824 1845//824
f 1846//824 1852//824 1844//824
f 1852//824 1845//824 1844//824
f 1846//824 1844//824 1592//824
f 1592//824 1844//824 1466//824
f 1860//824 1846//824 1592//824
f 1592//824 1587//824 1860//824
f 1860//824 1587//824 1848//824
f 1587//824 1464//824 2078//824
f 1848//824 1587//824 1864//824
f 1464//824 1867//824 1871//824
f 1864//824 1587//824 2078//824
f 1867//824 1869//824 1856//824
f 2078//824 1464//824 1862//824
f 1869//824 1602//824 1868//824
f 1862//824 1464//824 1863//824
f 2073//824 1594//824 1602//824
f 1598//824 1603//824 1602//824
f 1594//824 1598//824 1602//824
f 1593//824 1598//824 1594//824
f 1863//824 1464//824 1871//824
f 1603//824 1868//824 1602//824
f 1868//824 1603//824 2072//824
f 1867//824 1856//824 1591//824
f 1856//824 1869//824 1868//824
f 1868//824 2072//824 2294//824
f 1586//824 1857//824 1429//824
f 1868//824 2294//824 1858//824
f 1868//824 1858//824 1866//824
f 1465//824 1586//824 1429//824
f 1866//824 1870//824 1868//824
f 1870//824 1866//824 1599//824
f 1870//824 1599//824 1679//824
f 2109//824 2112//824 2089//824
f 1604//824 1637//824 1639//824
f 1637//824 1635//824 1639//824
f 1639//824 1463//824 1604//824
f 1463//824 1679//824 1462//824
f 1462//824 1679//824 1599//824
f 1857//824 1591//824 1429//824
f 1429//824 1470//824 1428//824
f 1470//824 1471//824 1428//824
f 1471//824 1908//824 1897//824
f 1465//824 1429//824 1428//824
f 1462//824 1604//824 1463//824
f 1471//824 1897//824 1428//824
f 1897//824 1903//824 1428//824
f 1474//824 1471//824 1855//824
f 1471//824 1476//824 1889//824
f 1887//824 1474//824 1855//824
f 1476//824 1890//824 1889//824
f 1854//824 1474//824 1887//824
f 1854//824 1887//824 1886//824
f 1859//824 1854//824 1886//824
f 1471//824 1889//824 1855//824
f 1885//824 1859//824 1884//824
f 1859//824 1886//824 1884//824
f 1880//824 1885//824 1879//824
f 1885//824 1884//824 1879//824
f 1861//824 1880//824 2275//824
f 1880//824 1879//824 1917//824
f 1880//824 1917//824 2275//824
f 1861//824 1875//824 1898//824
f 1875//824 1861//824 2275//824
f 1475//824 1890//824 1476//824
f 1476//824 2195//824 1477//824
f 2195//824 2275//824 1874//824
f 1570//824 2195//824 1874//824
f 1475//824 1476//824 1477//824
f 1585//824 1477//824 2195//824
f 1585//824 2195//824 1570//824
f 1874//824 2275//824 1917//824
f 1875//824 1876//824 1872//824
f 1873//824 1861//824 1898//824
f 1876//824 1877//824 1872//824
f 1877//824 1912//824 1872//824
f 1912//824 1882//824 1872//824
f 1899//824 1883//824 1902//824
f 1873//824 1898//824 1902//824
f 1882//824 1913//824 1872//824
f 1901//824 1899//824 1896//824
f 1923//824 2164//824 1910//824
f 2164//824 1922//824 1910//824
f 2171//824 1923//824 1910//824
f 2171//824 1910//824 1914//824
f 1922//824 1916//824 1910//824
f 1915//824 2171//824 1914//824
f 1916//824 1911//824 1910//824
f 1918//824 1915//824 1914//824
f 1911//824 2185//824 1910//824
f 2186//824 1918//824 1909//824
f 2185//824 1921//824 1910//824
f 1921//824 1924//824 1910//824
f 2181//824 2180//824 2182//824
f 2184//824 2181//824 2182//824
f 2184//824 2182//824 2183//824
f 2184//824 2183//824 1895//824
f 1925//824 2184//824 1895//824
f 2183//824 1926//824 1895//824
f 1924//824 1925//824 1895//824
f 2178//824 2179//824 2177//824
f 2260//824 2178//824 2177//824
f 2260//824 2177//824 2262//824
f 2261//824 2260//824 2262//824
f 2261//824 2262//824 2169//824
f 2252//824 2261//824 2169//824
f 2169//824 2164//824 2170//824
f 2169//824 2170//824 2189//824
f 2193//824 1877//824 1878//824
f 2193//824 1878//824 2194//824
f 2187//824 2193//824 2194//824
f 2187//824 2194//824 2188//824
f 1919//824 2187//824 2188//824
f 1919//824 2188//824 1920//824
f 2167//824 1919//824 1920//824
f 1920//824 2190//824 2189//824
f 2167//824 1920//824 2189//824
f 2189//824 1572//824 2224//824
f 1576//824 1934//824 1572//824
f 1576//824 1572//824 1571//824
f 1571//824 1567//824 1576//824
f 2189//824 2170//824 2167//824
f 1934//824 1569//824 1572//824
f 2169//824 2189//824 2252//824
f 2252//824 2189//824 2250//824
f 2250//824 2189//824 2225//824
f 2225//824 2189//824 2224//824
f 1569//824 1568//824 1572//824
f 1932//824 2252//824 2250//824
f 1568//824 2151//824 1572//824
f 1933//824 1932//824 2250//824
f 2153//824 2306//824 2152//824
f 2151//824 2153//824 2152//824
f 2151//824 2152//824 1573//824
f 2151//824 1573//824 1572//824
f 1573//824 2307//824 1572//824
f 1930//824 2109//824 2098//824
f 1927//824 1926//824 2272//824
f 1931//824 1927//824 2251//824
f 1927//824 2272//824 1928//824
f 2251//824 1927//824 1928//824
f 2251//824 1928//824 2271//824
f 2250//824 2251//824 2271//824
f 2250//824 2271//824 2105//824
f 2250//824 2105//824 1933//824
f 2224//824 1572//824 2245//824
f 1572//824 2307//824 2199//824
f 2245//824 1572//824 2102//824
f 2102//824 1572//824 2104//824
f 2104//824 1572//824 2199//824
f 2307//824 2148//824 1574//824
f 2307//824 1574//824 1577//824
f 2307//824 1577//824 2199//824
f 1578//824 2199//824 1577//824
f 1578//824 1577//824 1482//824
f 1577//824 2147//824 1482//824
f 1959//824 1578//824 1482//824
f 2147//824 1960//824 1482//824
f 2201//824 1959//824 1482//824
f 1960//824 1483//824 1482//824
f 2149//824 2201//824 1482//824
f 1482//824 1580//824 2204//824
f 2202//824 2149//824 1482//824
f 2203//824 2202//824 1482//824
f 2204//824 2203//824 1482//824
f 2215//824 1580//824 1584//824
f 2215//824 1584//824 1583//824
f 2003//824 2006//824 2007//824
f 2006//824 2005//824 2007//824
f 2005//824 2004//824 2007//824
f 2004//824 2001//824 2007//824
f 2003//824 2007//824 2008//824
f 2009//824 2003//824 2008//824
f 2009//824 2008//824 2010//824
f 2009//824 2010//824 1986//824
f 1554//824 2009//824 1986//824
f 2010//824 2144//824 1986//824
f 1996//824 1997//824 2000//824
f 1996//824 1985//824 1995//824
f 1985//824 1753//824 1995//824
f 1753//824 1752//824 1994//824
f 1994//824 1752//824 1987//824
f 1752//824 1749//824 1987//824
f 1749//824 1761//824 1987//824
f 1987//824 1761//824 1754//824
f 1761//824 1760//824 1754//824
f 1760//824 1986//824 2011//824
f 1996//824 1995//824 1997//824
f 1994//824 1995//824 1753//824
f 1754//824 1760//824 2143//824
f 2143//824 1760//824 2011//824
f 2011//824 1986//824 2144//824
f 2009//824 1554//824 2012//824
f 2012//824 1554//824 1984//824
f 1582//824 2012//824 1963//824
f 2013//824 2215//824 1583//824
f 1584//824 1582//824 1583//824
f 1583//824 1582//824 1581//824
f 1961//824 1581//824 1582//824
f 1962//824 1961//824 1582//824
f 1953//824 1962//824 1582//824
f 1963//824 1953//824 1582//824
f 1963//824 2012//824 1984//824
f 1554//824 1721//824 1984//824
f 1721//824 1692//824 1984//824
f 1983//824 1984//824 1692//824
f 1983//824 1692//824 1720//824
f 1692//824 1811//824 1720//824
f 1720//824 1811//824 1810//824
f 1811//824 1967//824 1810//824
f 1810//824 1967//824 1822//824
f 1693//824 1810//824 1822//824
f 1967//824 1968//824 1822//824
f 1966//824 1693//824 1822//824
f 1968//824 1970//824 1822//824
f 1971//824 1966//824 1822//824
f 1948//824 1499//824 1947//824
f 1948//824 1947//824 1936//824
f 1948//824 1936//824 1484//824
f 1950//824 1948//824 1560//824
f 1950//824 1560//824 1498//824
f 1560//824 1948//824 1484//824
f 1936//824 1935//824 1557//824
f 2122//824 2121//824 2092//824
f 2122//824 2092//824 2120//824
f 2092//824 2094//824 2123//824
f 2120//824 2092//824 2123//824
f 2123//824 2094//824 2125//824
f 2125//824 2094//824 2124//824
f 2124//824 2094//824 2126//824
f 2094//824 1503//824 2095//824
f 2126//824 2094//824 2127//824
f 2127//824 2094//824 2095//824
f 2128//824 2127//824 2095//824
f 2129//824 2128//824 2095//824
f 2095//824 2093//824 2114//824
f 2093//824 2117//824 2114//824
f 2095//824 2114//824 2129//824
f 2095//824 1503//824 1502//824
f 1502//824 1503//824 1431//824
f 1431//824 1503//824 1498//824
f 1503//824 1950//824 1498//824
f 1949//824 1502//824 1431//824
f 1816//824 1695//824 1722//824
f 1816//824 1722//824 1815//824
f 1711//824 1816//824 1814//824
f 1816//824 1815//824 1814//824
f 1717//824 1711//824 1716//824
f 1711//824 1814//824 1716//824
f 2096//824 1949//824 1497//824
f 1900//824 1955//824 1566//824
f 1566//824 1955//824 1954//824
f 1566//824 1954//824 1929//824
f 1566//824 1929//824 1565//824
f 1865//824 1566//824 1565//824
f 1865//824 1565//824 2091//824
f 1600//824 1865//824 2091//824
f 1600//824 2091//824 2097//824
f 1601//824 1600//824 2097//824
f 1601//824 2097//824 1682//824
f 1601//824 1682//824 1937//824
f 1682//824 2097//824 2096//824
f 1459//824 1601//824 1937//824
f 1682//824 2096//824 1681//824
f 1724//824 1990//824 1725//824
f 1989//824 2335//824 1551//824
f 2335//824 2068//824 2325//824
f 2335//824 1728//824 1552//824
f 1990//824 2069//824 1989//824
f 2325//824 1526//824 1691//824
f 2335//824 2325//824 1728//824
f 2096//824 1497//824 1681//824
f 2325//824 1691//824 1553//824
f 2325//824 1553//824 1728//824
f 1497//824 1949//824 1431//824
f 1485//824 1431//824 1498//824
f 2130//824 1485//824 2131//824
f 2131//824 1485//824 2132//824
f 2335//824 1552//824 1727//824
f 2335//824 1727//824 1551//824
f 1727//824 1506//824 1551//824
f 1506//824 1507//824 1551//824
f 1506//824 1735//824 1507//824
f 1735//824 1698//824 1699//824
f 1735//824 1699//824 1736//824
f 1736//824 1507//824 1735//824
f 1496//824 2132//824 1485//824
f 1496//824 1485//824 1430//824
f 1430//824 1485//824 1498//824
f 2134//824 1496//824 1430//824
f 1989//824 1551//824 1729//824
f 1989//824 1729//824 1759//824
f 1989//824 1759//824 1990//824
f 1759//824 2336//824 1990//824
f 2336//824 2322//824 1990//824
f 2322//824 1988//824 1990//824
f 1990//824 1988//824 1758//824
f 1990//824 1758//824 1725//824
f 1988//824 1539//824 1758//824
f 1539//824 1540//824 1758//824
f 1724//824 1725//824 1723//824
f 1724//824 1723//824 1513//824
f 1724//824 1513//824 1494//824
f 1724//824 1494//824 1826//824
f 1494//824 1520//824 1826//824
f 1520//824 1523//824 1826//824
f 2341//824 1724//824 1826//824
f 1523//824 1508//824 1826//824
f 1826//824 1508//824 1493//824
f 2340//824 2341//824 1826//824
f 1508//824 1739//824 1493//824
f 1739//824 1521//824 1522//824
f 1493//824 1739//824 1522//824
f 2334//824 1522//824 1704//824
f 1704//824 1522//824 1521//824
f 1493//824 1512//824 1826//824
f 1512//824 1517//824 1690//824
f 1512//824 1690//824 1840//824
f 1826//824 1512//824 1837//824
f 1512//824 1840//824 1837//824
f 1837//824 1714//824 1826//824
f 1714//824 1748//824 1839//824
f 1714//824 1839//824 1827//824
f 1839//824 1828//824 1827//824
f 1826//824 1714//824 1827//824
f 1716//824 2340//824 2345//824
f 2340//824 1826//824 2339//824
f 2339//824 1826//824 2319//824
f 1717//824 1716//824 1969//824
f 1825//824 2343//824 2344//824
f 2344//824 1719//824 1825//824
f 1825//824 1719//824 1718//824
f 1719//824 1843//824 1718//824
f 1718//824 1843//824 2319//824
f 1487//824 2137//824 2139//824
f 1486//824 1487//824 2136//824
f 1487//824 2139//824 2138//824
f 1487//824 2138//824 2136//824
f 1430//824 1486//824 2134//824
f 1486//824 2136//824 2133//824
f 1486//824 2133//824 2135//824
f 1486//824 2135//824 2134//824
f 2319//824 1843//824 2339//824
f 1484//824 1936//824 1557//824
f 1557//824 1935//824 1555//824
f 1935//824 1561//824 1555//824
f 1555//824 1561//824 1822//824
f 1824//824 1823//824 1822//824
f 1824//824 1822//824 1969//824
f 2342//824 1824//824 1969//824
f 1822//824 1561//824 1971//824
f 1979//824 2342//824 1969//824
f 1822//824 1970//824 1982//824
f 1822//824 1982//824 1981//824
f 2321//824 1979//824 1969//824
f 1977//824 2321//824 1969//824
f 1822//824 1981//824 1717//824
f 2340//824 2339//824 2338//824
f 1822//824 1717//824 1969//824
f 2340//824 2338//824 2333//824
f 2340//824 2333//824 1973//824
f 2340//824 1973//824 2345//824
f 1716//824 2345//824 2346//824
f 1716//824 2346//824 1969//824
f 1977//824 1969//824 1978//824
f 1969//824 1980//824 1978//824
f 1980//824 1975//824 1974//824
f 1978//824 1980//824 1974//824
f 1975//824 2344//824 1974//824
f 2343//824 1974//824 2344//824
f 1977//824 1978//824 2320//824
f 1977//824 2320//824 1976//824
f 1712//824 1977//824 2337//824
f 1977//824 1976//824 1972//824
f 1977//824 1972//824 2337//824
f 1712//824 2337//824 1827//824
f 1712//824 1827//824 1828//824
f 1712//824 1828//824 1713//824
f 1828//824 1832//824 1830//824
f 1713//824 1828//824 1830//824
f 1744//824 1712//824 1713//824
f 2330//824 1830//824 1832//824
f 1819//824 1744//824 1747//824
f 1744//824 1713//824 1747//824
f 1820//824 1819//824 1829//824
f 1819//824 1747//824 1829//824
f 1187//1531 1188//1596 1186//1529
f 3842//1597 3841//1598 3840//1599
f 3921//1600 3918//1601 3920//1602
f 724//987 721//986 723//1603
f 801//866 802//865 797//1604
f 3982//948 3979//948 3981//948
f 3953//1057 3954//1605 3957//1058
f 2467//999 2465//999 2752//999
f 3997//1373 3996//1606 3995//1371
f 2218//824 2216//824 2217//824
f 3421//767 3420//767 3419//767
f 799//1607 795//1607 796//1607
f 3413//948 3412//948 3411//948
f 2236//824 2237//824 1562//824
f 1958//824 2266//824 2265//824
f 2248//824 2236//824 1562//824
f 1958//824 2265//824 2255//824
f 1562//824 1958//824 2235//824
f 1562//824 2235//824 2248//824
f 2233//824 2248//824 2235//824
f 2176//824 2233//824 2235//824
f 2165//824 2166//824 2259//824
f 2258//824 2165//824 2259//824
f 2256//824 2258//824 2257//824
f 2258//824 2259//824 2257//824
f 2254//824 2256//824 2253//824
f 2256//824 2257//824 2253//824
f 2263//824 2254//824 2253//824
f 2263//824 2253//824 2264//824
f 2255//824 2263//824 2238//824
f 2263//824 2264//824 2238//824
f 2230//824 2232//824 2231//824
f 2231//824 2232//824 2174//824
f 2232//824 2176//824 2174//824
f 1958//824 2255//824 2238//824
f 2174//824 2176//824 2175//824
f 1958//824 2238//824 2235//824
f 2242//824 2244//824 2243//824
f 2242//824 2243//824 2239//824
f 2240//824 2242//824 2239//824
f 2241//824 2240//824 2239//824
f 2241//824 2239//824 2249//824
f 2238//824 2241//824 2249//824
f 2238//824 2249//824 2235//824
f 2234//824 2175//824 2176//824
f 2235//824 2234//824 2176//824
f 1137//1583 1135//1608 1136//1584
f 3405//948 3402//948 3404//948
f 1100//1421 1098//1420 1101//1609
f 1198//1610 1200//1523 1197//1522
f 1054//972 1053//1611 1055//973
f 2101//824 2213//824 2209//824
f 2213//824 2212//824 2209//824
f 3461//794 3458//794 3460//794
f 1471//824 1474//824 1908//824
f 3933//953 3932//953 3931//953
f 1227//1501 1226//1501 1225//1501
f 2195//824 2191//824 2276//824
f 2273//824 2189//824 2274//824
f 2191//824 2189//824 2168//824
f 2189//824 2190//824 2274//824
f 2276//824 2275//824 2195//824
f 2189//824 2273//824 2168//824
f 2196//824 2276//824 2191//824
f 2168//824 2196//824 2191//824
f 1268//1014 1270//1013 1269//1612
f 787//1613 785//957 786//959
f 730//1614 729//907 735//1615
f 1206//902 1205//901 1207//1616
f 3634//1617 3632//834 3633//836
f 1945//824 1946//824 1687//824
f 1945//824 1687//824 1685//824
f 1687//824 1946//824 1610//824
f 2290//824 1945//824 1684//824
f 1946//824 2289//824 1610//824
f 2289//824 2303//824 1610//824
f 2071//824 2290//824 1684//824
f 1945//824 1685//824 1684//824
f 1460//824 1610//824 2303//824
f 1458//824 1460//824 1673//824
f 1461//824 1460//824 1458//824
f 2304//824 1457//824 1458//824
f 1673//824 2304//824 1458//824
f 1673//824 1460//824 2303//824
f 1685//824 2348//824 1684//824
f 1597//824 1596//824 2353//824
f 1596//824 2071//824 2353//824
f 1611//824 2353//824 2071//824
f 1611//824 2349//824 2353//824
f 2349//824 2350//824 2353//824
f 2348//824 2302//824 2295//824
f 2302//824 1888//824 1847//824
f 1684//824 1611//824 2071//824
f 2302//824 1847//824 2085//824
f 1847//824 2083//824 2085//824
f 1684//824 2348//824 2296//824
f 1847//824 2075//824 2083//824
f 2075//824 2076//824 2074//824
f 2296//824 2348//824 1680//824
f 2083//824 2075//824 2074//824
f 1680//824 2348//824 2291//824
f 1678//824 1680//824 2291//824
f 1674//824 1675//824 1680//824
f 1678//824 1674//824 1680//824
f 2360//824 2081//824 2079//824
f 2355//824 2077//824 2080//824
f 2079//824 2355//824 2080//824
f 2356//824 2355//824 2079//824
f 2080//824 2360//824 2079//824
f 2080//824 2077//824 2359//824
f 2359//824 2077//824 2076//824
f 2077//824 2074//824 2076//824
f 2291//824 2348//824 2295//824
f 2302//824 2085//824 1590//824
f 2295//824 2302//824 2358//824
f 2302//824 1590//824 2358//824
f 1907//824 2295//824 2357//824
f 2357//824 2295//824 2358//824
f 2292//824 1907//824 2357//824
f 1906//824 2292//824 2357//824
f 2086//824 2292//824 2293//824
f 2292//824 1906//824 2293//824
f 1640//824 2086//824 2297//824
f 2297//824 2299//824 1640//824
f 2298//824 1640//824 2299//824
f 2086//824 2293//824 2297//824
f 1141//1050 1142//1049 1140//1618
f 3487//948 3484//948 3486//948
f 1230//1543 1232//914 1231//913
f 2615//999 2768//999 2618//999
f 2042//824 2067//824 2036//824
f 2042//824 2036//824 2041//824
f 2036//824 2058//824 2059//824
f 2041//824 2036//824 2059//824
f 2059//824 2058//824 2037//824
f 2060//824 2061//824 2038//824
f 2058//824 2060//824 2038//824
f 3395//1076 3393//1619 3392//1077
f 3742//890 3743//967 3744//1164
f 3773//1620 3771//394 3772//393
f 1339//331 1336//331 1338//331
f 1409//948 1408//948 1407//948
f 1059//1088 1062//1087 1060//1281
f 1069//1621 1068//1622 1070//1623
f 1323//794 1320//794 1322//794
f 1222//1543 1224//914 1223//913
f 1312//982 1311//981 1313//1624
f 2384//824 2383//824 2382//824
f 2369//824 2384//824 2381//824
f 2384//824 2382//824 2381//824
f 1764//824 2369//824 1657//824
f 2369//824 2381//824 2380//824
f 2369//824 2380//824 1784//824
f 1657//824 2369//824 1784//824
f 1657//824 1778//824 1764//824
f 1764//824 1778//824 1655//824
f 1778//824 1654//824 1655//824
f 1655//824 1654//824 1807//824
f 1654//824 1767//824 1800//824
f 1776//824 1807//824 1800//824
f 1800//824 1807//824 1654//824
f 1800//824 1767//824 1792//824
f 1792//824 1767//824 1653//824
f 1798//824 1800//824 1792//824
f 1767//824 1768//824 1658//824
f 1798//824 1792//824 1799//824
f 1769//824 1798//824 1777//824
f 1658//824 1653//824 1767//824
f 1798//824 1799//824 1777//824
f 1777//824 1770//824 1769//824
f 1653//824 1651//824 1792//824
f 1651//824 1618//824 1766//824
f 1792//824 1651//824 1766//824
f 1793//824 1799//824 1792//824
f 1792//824 1631//824 1793//824
f 1766//824 1618//824 1763//824
f 1618//824 1774//824 1765//824
f 1763//824 1618//824 1765//824
f 1765//824 1774//824 1660//824
f 2287//824 1765//824 1660//824
f 1771//824 1768//824 1767//824
f 1771//824 1767//824 1772//824
f 1773//824 1771//824 1659//824
f 1771//824 1772//824 1659//824
f 1657//824 1784//824 1781//824
f 1784//824 1780//824 1781//824
f 1781//824 1780//824 1782//824
f 1780//824 2390//824 1782//824
f 1782//824 2390//824 1783//824
f 1659//824 1783//824 1789//824
f 1783//824 2390//824 1789//824
f 2284//824 1635//824 1636//824
f 1636//824 1635//824 1637//824
f 2286//824 2284//824 2285//824
f 2283//824 2286//824 2288//824
f 1445//824 1644//824 2145//824
f 1444//824 1445//824 2145//824
f 1446//824 1444//824 2145//824
f 2145//824 1644//824 2146//824
f 1644//824 1643//824 2146//824
f 2146//824 1643//824 1455//824
f 1660//824 2283//824 2287//824
f 2286//824 1803//824 2288//824
f 2284//824 1636//824 2285//824
f 1455//824 1643//824 1650//824
f 1643//824 1789//824 1939//824
f 1643//824 1939//824 1650//824
f 2286//824 2285//824 1803//824
f 1454//824 1455//824 1650//824
f 1442//824 1446//824 1447//824
f 1443//824 1442//824 1439//824
f 1437//824 1443//824 1439//824
f 1440//824 1437//824 1438//824
f 1449//824 1440//824 1438//824
f 1452//824 1449//824 1448//824
f 1448//824 1449//824 1438//824
f 1433//824 1452//824 1448//824
f 1434//824 1433//824 1450//824
f 1438//824 1437//824 1439//824
f 1446//824 1441//824 1447//824
f 1435//824 1434//824 1450//824
f 1442//824 1447//824 1439//824
f 1433//824 1448//824 1450//824
f 1456//824 1435//824 1432//824
f 1435//824 1450//824 1432//824
f 1456//824 1432//824 1436//824
f 1938//824 1456//824 1459//824
f 1456//824 1436//824 1454//824
f 1454//824 1650//824 1456//824
f 2283//824 2288//824 1802//824
f 1459//824 1937//824 1938//824
f 1650//824 1459//824 1456//824
f 2283//824 1802//824 2282//824
f 1940//824 1939//824 1789//824
f 2283//824 2282//824 2287//824
f 1941//824 1940//824 1789//824
f 1660//824 1774//824 1773//824
f 1648//824 1941//824 1789//824
f 1648//824 1789//824 1943//824
f 1789//824 1660//824 1659//824
f 1660//824 1773//824 1659//824
f 1623//824 1648//824 1942//824
f 1789//824 2390//824 2389//824
f 2390//824 1787//824 2389//824
f 1942//824 1648//824 2279//824
f 1787//824 1785//824 2389//824
f 2279//824 1648//824 1943//824
f 2375//824 2372//824 2371//824
f 2371//824 2376//824 2375//824
f 2375//824 2376//824 2392//824
f 2376//824 2391//824 2392//824
f 2392//824 2391//824 1786//824
f 1785//824 2392//824 1786//824
f 1785//824 1786//824 1788//824
f 2363//824 1943//824 1789//824
f 1788//824 2389//824 1785//824
f 2364//824 2363//824 1789//824
f 1789//824 2389//824 2388//824
f 2365//824 2364//824 1789//824
f 1789//824 2388//824 2280//824
f 2388//824 2387//824 2280//824
f 2366//824 2365//824 1789//824
f 2280//824 2366//824 1789//824
f 2387//824 2379//824 2377//824
f 2281//824 2387//824 2377//824
f 2280//824 2387//824 2281//824
f 2379//824 2378//824 2377//824
f 2278//824 2280//824 2281//824
f 2378//824 1646//824 2374//824
f 1790//824 2278//824 2277//824
f 2278//824 2281//824 2362//824
f 1646//824 2373//824 1622//824
f 2377//824 2378//824 2374//824
f 2373//824 2370//824 1622//824
f 1596//824 1597//824 2385//824
f 1597//824 1790//824 2385//824
f 1622//824 2374//824 1646//824
f 2386//824 2385//824 1790//824
f 2386//824 1790//824 2367//824
f 1669//824 2386//824 2367//824
f 1670//824 1669//824 2367//824
f 2278//824 2362//824 2277//824
f 1638//824 1670//824 2367//824
f 1689//824 1638//824 2367//824
f 1790//824 2277//824 1791//824
f 1790//824 1791//824 1649//824
f 1790//824 1649//824 1645//824
f 1790//824 1645//824 2361//824
f 1790//824 2361//824 2368//824
f 1790//824 2368//824 2367//824
f 1689//824 2367//824 1665//824
f 1689//824 1665//824 1668//824
f 1688//824 1689//824 1427//824
f 1689//824 1668//824 1427//824
f 1668//824 1426//824 1427//824
f 1426//824 1453//824 1427//824
f 1688//824 1427//824 1664//824
f 1688//824 1664//824 1671//824
f 1688//824 1671//824 1606//824
f 1688//824 1606//824 1613//824
f 1612//824 1606//824 1627//824
f 1627//824 1629//824 1628//824
f 1629//824 1616//824 1628//824
f 1625//824 1626//824 1620//824
f 1617//824 1625//824 1620//824
f 1617//824 1620//824 1652//824
f 1616//824 1617//824 1652//824
f 1616//824 1652//824 1628//824
f 1677//824 1688//824 1686//824
f 1627//824 1628//824 1612//824
f 1606//824 1612//824 1613//824
f 1946//824 1945//824 1676//824
f 1945//824 1677//824 1676//824
f 1688//824 1613//824 1686//824
f 1612//824 1605//824 1667//824
f 1612//824 1667//824 1613//824
f 1686//824 1676//824 1677//824
f 1605//824 1607//824 1667//824
f 1667//824 1607//824 1663//824
f 1607//824 1608//824 1663//824
f 1663//824 1608//824 1630//824
f 1608//824 1672//824 1609//824
f 1630//824 1608//824 1609//824
f 1672//824 1614//824 1609//824
f 1666//824 1609//824 1614//824
f 1666//824 1614//824 1458//824
f 1458//824 1457//824 1666//824
f 1615//824 1458//824 1614//824
f 1614//824 1797//824 1615//824
f 2992//999 2993//999 3259//999
f 2991//999 2992//999 3258//999
f 1254//1014 1256//1013 1255//1612
f 1261//1014 1263//1013 1262//1612
f 1413//1092 1410//1092 1412//1092
f 1252//1507 1251//1507 1253//1507
f 1355//988 1354//988 1353//988
f 1149//1625 1150//1626 1151//1627
f 3475//948 3472//948 3474//948
f 3499//767 3498//767 3497//767
f 3519//767 3518//767 3517//767
f 3429//794 3428//794 3427//794
f 1193//1533 1192//1533 1194//1533
f 3589//767 3586//767 3588//767
f 1267//1628 1268//1628 1269//1628
f 1807//824 1776//824 1775//824
f 1795//824 1807//824 1775//824
f 1794//824 1805//824 1796//824
f 1794//824 1796//824 1656//824
f 1804//824 1793//824 1631//824
f 1805//824 1806//824 1795//824
f 1632//824 1794//824 1631//824
f 1795//824 1775//824 1801//824
f 1804//824 1631//824 1794//824
f 1795//824 1801//824 1805//824
f 1801//824 1662//824 1805//824
f 1656//824 1804//824 1794//824
f 1662//824 1661//824 1805//824
f 1796//824 1805//824 1634//824
f 1661//824 1634//824 1805//824
f 1633//824 1796//824 1634//824
f 1770//824 1633//824 1769//824
f 1633//824 1634//824 1769//824
f 3795//1302 3794//1629 3796//1300
f 1296//1240 1297//1630 1306//1241
f 1331//933 1330//933 1329//933
f 3697//1251 3696//1250 3698//1631
f 1298//1100 1299//1632 1301//1101
f 1275//1103 1274//1633 1277//1104
f 2703//999 2678//999 2676//999
f 3271//999 2562//999 2692//999
f 2676//999 3271//999 2672//999
f 2703//999 2676//999 2675//999
f 3271//999 2692//999 2653//999
f 2675//999 2676//999 2672//999
f 2537//999 2703//999 2675//999
f 3271//999 2653//999 2672//999
f 2695//999 2537//999 2675//999
f 2696//999 2695//999 2683//999
f 2695//999 2675//999 2683//999
f 2694//999 2696//999 2669//999
f 2696//999 2683//999 2669//999
f 2674//999 2694//999 2547//999
f 2694//999 2669//999 2547//999
f 2538//999 2674//999 2677//999
f 2674//999 2547//999 2673//999
f 2547//999 2542//999 2673//999
f 2673//999 2542//999 2684//999
f 2542//999 2668//999 2684//999
f 2539//999 2538//999 2540//999
f 2668//999 2682//999 2684//999
f 2677//999 2540//999 2538//999
f 1291//1634 1292//1635 1290//1636
f 1272//1637 1274//1193 1273//1195
f 1302//1109 1303//1638 1304//1110
f 3792//1112 3794//1639 3795//1113
f 1130//1640 1143//1641 1129//1642
f 1294//1643 1295//1643 1293//1643
f 3425//331 3424//331 3423//331
f 2739//999 2738//999 2790//999
f 1041//1484 1039//1483 1042//1644
f 1235//1645 1234//1645 1233//1645
f 2778//999 2577//999 2578//999
f 2778//999 2578//999 2777//999
f 2603//999 2778//999 2777//999
f 2603//999 2777//999 2604//999
f 3148//999 2603//999 3128//999
f 2603//999 2604//999 3128//999
f 3128//999 3131//999 3148//999
f 1335//948 1334//948 1333//948
f 1313//1646 1314//1567 1312//1569
f 1327//948 1326//948 1325//948
f 1314//1424 1317//1426 1315//1647
f 2828//999 2975//999 2490//999
f 2490//999 2823//999 2478//999
f 2826//999 2828//999 2490//999
f 2490//999 2478//999 2826//999
f 2842//999 2836//999 2491//999
f 2491//999 2819//999 2822//999
f 2491//999 2822//999 2842//999
f 1425//767 1422//767 1424//767
f 2854//999 2525//999 2853//999
f 2525//999 2515//999 2853//999
f 2844//999 2854//999 2853//999
f 2844//999 2853//999 2843//999
f 2844//999 2843//999 2665//999
f 2856//999 2844//999 2665//999
f 2856//999 2665//999 2880//999
f 2665//999 2855//999 2880//999
f 2880//999 2704//999 2655//999
f 2880//999 2655//999 2856//999
f 3019//999 3017//999 3016//999
f 3018//999 3019//999 3012//999
f 3018//999 3012//999 3010//999
f 3010//999 3014//999 3018//999
f 3015//999 3014//999 3010//999
f 3011//999 3015//999 3009//999
f 3009//999 3015//999 3010//999
f 2986//999 3011//999 3009//999
f 3000//999 2986//999 3008//999
f 3008//999 2986//999 3009//999
f 3005//999 3000//999 3008//999
f 2999//999 3006//999 3005//999
f 2999//999 3005//999 3007//999
f 3012//999 3019//999 3013//999
f 3007//999 3005//999 3008//999
f 3017//999 3021//999 3020//999
f 3013//999 3019//999 3016//999
f 3016//999 3017//999 3020//999
f 3020//999 3021//999 3022//999
f 3022//999 3021//999 2987//999
f 3021//999 2998//999 2987//999
f 3100//999 3022//999 2987//999
f 3006//999 3099//999 3002//999
f 3001//999 3006//999 3004//999
f 3003//999 3004//999 3006//999
f 3002//999 3003//999 3006//999
f 2987//999 3002//999 3023//999
f 3002//999 3099//999 3023//999
f 2987//999 3023//999 3100//999
f 2998//999 3021//999 3024//999
f 2998//999 3024//999 2997//999
f 3024//999 2599//999 2575//999
f 2601//999 2597//999 2602//999
f 2597//999 3025//999 2602//999
f 2599//999 2601//999 2600//999
f 2601//999 2602//999 2600//999
f 2599//999 2600//999 2707//999
f 2599//999 2707//999 2709//999
f 2599//999 2709//999 2712//999
f 2599//999 2712//999 2575//999
f 3024//999 2575//999 2997//999
f 2664//999 2998//999 2997//999
f 2720//999 2664//999 2997//999
f 2720//999 2997//999 2666//999
f 2722//999 2720//999 2666//999
f 2722//999 2666//999 2663//999
f 2723//999 2722//999 2663//999
f 3978//988 3977//988 3976//988
f 3437//916 3436//916 3435//916
f 1351//948 1348//948 1350//948
f 3033//999 3037//999 2713//999
f 3033//999 2713//999 2714//999
f 3252//999 3251//999 3033//999
f 3252//999 3033//999 3035//999
f 3033//999 2714//999 2715//999
f 3035//999 3254//999 3252//999
f 3033//999 2715//999 2928//999
f 2928//999 3035//999 3033//999
f 1417//1124 1414//1124 1416//1124
f 3722//1303 3723//1648 3724//1304
f 1143//1641 1130//1640 1142//1649
f 1393//1129 1395//1650 1394//1564
f 1923//824 2170//824 2164//824
f 1141//878 1140//1651 1139//876
f 1359//767 1358//767 1357//767
f 3806//1259 3808//1258 3807//1652
f 1367//1136 1366//1136 1365//1136
f 3929//331 3926//331 3928//331
f 4004//1653 4006//319 4005//318
f 2749//999 2774//999 2492//999
f 2774//999 2748//999 2492//999
f 2492//999 2748//999 2472//999
f 2748//999 3144//999 2472//999
f 3144//999 2493//999 2472//999
f 2472//999 2493//999 2801//999
f 2809//999 2801//999 2802//999
f 2801//999 2493//999 2471//999
f 1152//1080 1151//1654 1153//1081
f 1209//1610 1211//1523 1208//1522
f 1152//1655 1149//1625 1151//1627
f 1247//1014 1249//1013 1248//1612
f 1138//877 1139//876 1137//1656
f 1253//1628 1254//1628 1255//1628
f 2442//999 2889//999 2440//999
f 2442//999 2440//999 2891//999
f 2891//999 2441//999 2442//999
f 1398//1347 1400//1205 1399//1207
f 803//1495 804//1494 802//1657
f 1266//1507 1265//1507 1267//1507
f 3547//953 3544//953 3546//953
f 782//1658 774//1658 775//1658
f 3753//1659 3754//1660 3752//1234
f 1229//1474 1234//939 1228//941
f 3033//999 3251//999 3032//999
f 3032//999 3251//999 3103//999
f 3251//999 3250//999 3103//999
f 3103//999 3250//999 3029//999
f 3250//999 3247//999 2593//999
f 3029//999 3250//999 2593//999
f 2711//999 3029//999 2593//999
f 2711//999 2593//999 2587//999
f 3116//999 2711//999 2587//999
f 2588//999 3116//999 3245//999
f 2930//999 3254//999 3035//999
f 2930//999 3035//999 2932//999
f 3105//999 2930//999 2932//999
f 3105//999 2932//999 2933//999
f 3105//999 2933//999 2927//999
f 3105//999 2927//999 3265//999
f 2927//999 2934//999 3265//999
f 2934//999 2571//999 3265//999
f 2591//999 2592//999 2590//999
f 2579//999 2591//999 3106//999
f 2591//999 2590//999 3106//999
f 2579//999 3106//999 2580//999
f 3109//999 3107//999 2579//999
f 2595//999 3109//999 2579//999
f 2595//999 2579//999 3110//999
f 2579//999 2580//999 3108//999
f 3241//999 3111//999 2595//999
f 3246//999 3241//999 2596//999
f 3241//999 2595//999 2596//999
f 3242//999 3246//999 2596//999
f 2579//999 3108//999 3110//999
f 3243//999 3246//999 3242//999
f 2595//999 3110//999 2596//999
f 3243//999 3242//999 3240//999
f 3245//999 3243//999 2588//999
f 2587//999 3245//999 3116//999
f 3243//999 3240//999 2588//999
f 2593//999 3247//999 2710//999
f 3247//999 2717//999 3034//999
f 2710//999 3247//999 3034//999
f 2710//999 2594//999 2593//999
f 3031//999 2710//999 3034//999
f 3244//999 3031//999 3034//999
f 2949//999 2951//999 2942//999
f 3037//999 2949//999 2942//999
f 3036//999 2949//999 3037//999
f 2945//999 2713//999 3037//999
f 3037//999 2942//999 2944//999
f 2944//999 2945//999 3037//999
f 2942//999 2951//999 2936//999
f 2951//999 3038//999 2936//999
f 3038//999 3040//999 2936//999
f 3040//999 3265//999 2936//999
f 2571//999 2936//999 3265//999
f 3105//999 3265//999 3034//999
f 3265//999 2957//999 3034//999
f 2717//999 3105//999 3034//999
f 2957//999 2689//999 3255//999
f 2689//999 2697//999 3264//999
f 2697//999 2550//999 2690//999
f 2550//999 2691//999 2690//999
f 2691//999 2680//999 2551//999
f 2680//999 2555//999 2551//999
f 2555//999 2701//999 2686//999
f 2701//999 3266//999 2693//999
f 3266//999 2702//999 2681//999
f 2702//999 2526//999 2681//999
f 3266//999 2681//999 2693//999
f 2555//999 2686//999 2551//999
f 2690//999 2691//999 2551//999
f 2697//999 2690//999 3264//999
f 3253//999 2931//999 3102//999
f 3102//999 3030//999 2706//999
f 3115//999 2583//999 3244//999
f 2706//999 2581//999 3102//999
f 2581//999 3115//999 3102//999
f 3102//999 3115//999 3244//999
f 3253//999 3102//999 3244//999
f 2859//999 3268//999 2872//999
f 2859//999 2872//999 2871//999
f 2872//999 2873//999 2871//999
f 2871//999 2860//999 2870//999
f 2860//999 2869//999 2724//999
f 2869//999 2849//999 2724//999
f 2849//999 2700//999 2851//999
f 2848//999 2698//999 2699//999
f 2700//999 2698//999 2848//999
f 2698//999 2657//999 2699//999
f 2657//999 2527//999 2658//999
f 2527//999 2522//999 2658//999
f 2522//999 2530//999 2659//999
f 2659//999 2530//999 2656//999
f 2530//999 2536//999 2656//999
f 2536//999 2556//999 2656//999
f 2522//999 2659//999 2658//999
f 2859//999 2871//999 2870//999
f 2870//999 2860//999 2724//999
f 2556//999 2681//999 2656//999
f 2724//999 2849//999 2850//999
f 2851//999 2850//999 2849//999
f 2848//999 2851//999 2700//999
f 2658//999 2699//999 2657//999
f 2526//999 2656//999 2681//999
f 2701//999 2693//999 2686//999
f 3248//999 3253//999 3244//999
f 3104//999 3248//999 3244//999
f 3034//999 3104//999 3244//999
f 3034//999 2957//999 2572//999
f 2716//999 3034//999 2572//999
f 2929//999 2716//999 2572//999
f 2689//999 3264//999 3255//999
f 3249//999 2929//999 2572//999
f 2957//999 3255//999 2572//999
f 3539//948 3536//948 3538//948
f 3471//988 3468//988 3470//988
f 3479//953 3478//953 3477//953
f 3046//999 3045//999 3074//999
f 2737//999 3049//999 3078//999
f 3045//999 3051//999 3055//999
f 3055//999 3072//999 3073//999
f 3049//999 3047//999 3046//999
f 3079//999 3081//999 2737//999
f 3080//999 2737//999 3078//999
f 3049//999 3046//999 3077//999
f 3055//999 3073//999 3056//999
f 3055//999 3056//999 3045//999
f 3080//999 3079//999 2737//999
f 3045//999 3056//999 3074//999
f 3078//999 3049//999 3075//999
f 3075//999 3049//999 3077//999
f 3046//999 3074//999 3076//999
f 793//1661 787//879 794//881
f 3511//988 3510//988 3509//988
f 3775//1192 3774//1662 3776//1663
f 3820//1664 3817//1665 3819//1666
f 1998//824 1996//824 2000//824
f 2001//824 1998//824 2000//824
f 2002//824 2007//824 2001//824
f 1999//824 2001//824 2000//824
f 3503//331 3500//331 3502//331
f 3278//999 2868//999 3270//999
f 1288//1257 1286//1256 1289//1667
f 2947//999 2940//999 2943//999
f 3751//1145 3753//1659 3752//1234
f 2433//999 2422//999 2410//999
f 2422//999 2423//999 2426//999
f 2423//999 2425//999 2426//999
f 2425//999 2424//999 2426//999
f 2425//999 2409//999 2424//999
f 2409//999 2427//999 2424//999
f 2427//999 2421//999 2420//999
f 2421//999 2417//999 2418//999
f 2418//999 2415//999 2419//999
f 2417//999 2415//999 2418//999
f 2419//999 2415//999 2416//999
f 2427//999 2420//999 2424//999
f 2418//999 2420//999 2421//999
f 2422//999 2426//999 2410//999
f 2609//999 2433//999 2619//999
f 2433//999 2410//999 3101//999
f 2433//999 3101//999 2619//999
f 2905//999 2610//999 3298//999
f 2902//999 2905//999 3299//999
f 2901//999 2902//999 3299//999
f 2609//999 2619//999 2406//999
f 2761//999 2609//999 2406//999
f 3299//999 2905//999 2900//999
f 2619//999 2648//999 2406//999
f 2415//999 2414//999 2416//999
f 2414//999 2413//999 2416//999
f 2413//999 2411//999 2416//999
f 2412//999 2416//999 2411//999
f 2407//999 2412//999 2408//999
f 2412//999 2411//999 2408//999
f 2407//999 2408//999 2405//999
f 2648//999 2407//999 2405//999
f 2648//999 2405//999 2406//999
f 2900//999 2905//999 3295//999
f 2405//999 2753//999 2465//999
f 2753//999 2752//999 2465//999
f 2465//999 2406//999 2405//999
f 3295//999 2905//999 3298//999
f 2761//999 2406//999 2758//999
f 2924//999 3298//999 2610//999
f 2761//999 2758//999 2759//999
f 2924//999 2610//999 2926//999
f 2435//999 2924//999 2926//999
f 2761//999 2759//999 2762//999
f 2925//999 2924//999 2435//999
f 2761//999 2762//999 2645//999
f 2438//999 2925//999 2439//999
f 2761//999 2645//999 2760//999
f 2645//999 2644//999 2765//999
f 2444//999 2438//999 2439//999
f 2921//999 2922//999 2444//999
f 2922//999 2438//999 2444//999
f 2645//999 2765//999 2760//999
f 2644//999 2643//999 2765//999
f 2643//999 2608//999 2764//999
f 2608//999 2763//999 2764//999
f 2608//999 2607//999 2763//999
f 2904//999 2439//999 2925//999
f 2465//999 2467//999 2466//999
f 2467//999 2506//999 3057//999
f 2466//999 2467//999 3058//999
f 2467//999 3057//999 3058//999
f 2475//999 2466//999 3058//999
f 2484//999 2475//999 3059//999
f 3057//999 2506//999 2481//999
f 2508//999 2513//999 3085//999
f 2513//999 3098//999 3085//999
f 2508//999 3085//999 3087//999
f 2449//999 2508//999 2518//999
f 2508//999 3087//999 3088//999
f 2508//999 3088//999 3089//999
f 2508//999 3089//999 2518//999
f 2506//999 2449//999 2481//999
f 2449//999 2518//999 2481//999
f 2518//999 2450//999 2481//999
f 2518//999 3091//999 2450//999
f 2904//999 2925//999 2435//999
f 3092//999 2448//999 3091//999
f 2448//999 2450//999 3091//999
f 2450//999 2507//999 2481//999
f 2507//999 2504//999 2480//999
f 2481//999 2507//999 2519//999
f 2719//999 2871//999 2728//999
f 2871//999 2873//999 2728//999
f 3268//999 2859//999 2861//999
f 3267//999 3268//999 2861//999
f 3267//999 2861//999 2863//999
f 2852//999 3267//999 2863//999
f 2852//999 2863//999 2880//999
f 2880//999 2855//999 2846//999
f 2847//999 2852//999 2880//999
f 2880//999 2846//999 2847//999
f 2855//999 3281//999 2846//999
f 2847//999 2846//999 2878//999
f 2855//999 2864//999 2883//999
f 2855//999 2858//999 2544//999
f 2864//999 2855//999 2544//999
f 2875//999 2878//999 2846//999
f 2516//999 2515//999 2529//999
f 2515//999 2525//999 2529//999
f 2525//999 2514//999 2529//999
f 2516//999 2529//999 2524//999
f 2704//999 2535//999 2529//999
f 2529//999 2514//999 2523//999
f 2704//999 2529//999 2528//999
f 2528//999 2655//999 2704//999
f 2523//999 2528//999 2529//999
f 2516//999 2524//999 2532//999
f 2532//999 2524//999 2858//999
f 2524//999 2544//999 2858//999
f 2544//999 2676//999 2845//999
f 2676//999 2678//999 2679//999
f 2676//999 2679//999 2845//999
f 2864//999 2544//999 2845//999
f 2845//999 2533//999 2864//999
f 2864//999 2533//999 2534//999
f 2533//999 2539//999 2541//999
f 2539//999 2540//999 2541//999
f 2533//999 2541//999 2534//999
f 2534//999 2531//999 2864//999
f 2531//999 2654//999 2864//999
f 2923//999 2926//999 2610//999
f 2561//999 2684//999 2682//999
f 2682//999 2560//999 2561//999
f 2561//999 2560//999 2671//999
f 2671//999 2560//999 2670//999
f 2557//999 2671//999 2670//999
f 2557//999 2670//999 2558//999
f 2670//999 2685//999 2558//999
f 2542//999 2547//999 2546//999
f 2543//999 2542//999 2546//999
f 2548//999 2543//999 2545//999
f 2543//999 2546//999 2545//999
f 2549//999 2548//999 2552//999
f 2548//999 2545//999 2552//999
f 2554//999 2549//999 2552//999
f 2554//999 2552//999 2553//999
f 2554//999 2553//999 3273//999
f 2554//999 3273//999 2688//999
f 2553//999 2562//999 3273//999
f 2559//999 2554//999 2688//999
f 2562//999 3271//999 3273//999
f 2558//999 3280//999 2557//999
f 2688//999 2564//999 2558//999
f 2688//999 2687//999 2559//999
f 3271//999 3272//999 3273//999
f 3278//999 3269//999 2654//999
f 2868//999 3278//999 3279//999
f 3279//999 3278//999 3280//999
f 3280//999 3278//999 2654//999
f 3269//999 2864//999 2654//999
f 2687//999 2688//999 2558//999
f 2990//999 2992//999 2991//999
f 2990//999 2991//999 2857//999
f 2991//999 2846//999 3281//999
f 2857//999 2991//999 3281//999
f 2883//999 3281//999 2855//999
f 2961//999 2687//999 2558//999
f 3259//999 2993//999 3275//999
f 2993//999 2994//999 3275//999
f 2728//999 3275//999 2994//999
f 2728//999 2994//999 2727//999
f 2866//999 3278//999 2865//999
f 2879//999 2866//999 2865//999
f 2879//999 2865//999 3274//999
f 3277//999 2879//999 3274//999
f 3277//999 3274//999 2862//999
f 2988//999 3277//999 2862//999
f 2988//999 2862//999 2989//999
f 2994//999 2988//999 2989//999
f 2994//999 2989//999 3276//999
f 2994//999 3276//999 2727//999
f 2868//999 2662//999 3282//999
f 3270//999 2868//999 2867//999
f 2867//999 2868//999 2881//999
f 2881//999 2868//999 3282//999
f 3283//999 3282//999 2662//999
f 2727//999 3283//999 2662//999
f 2728//999 2727//999 2719//999
f 2727//999 2662//999 2882//999
f 2941//999 2943//999 3044//999
f 2943//999 2940//999 3044//999
f 3044//999 2940//999 2939//999
f 2943//999 2946//999 2947//999
f 2947//999 2946//999 2963//999
f 2946//999 2563//999 2960//999
f 2567//999 2566//999 2935//999
f 2569//999 2566//999 2568//999
f 2568//999 2938//999 2569//999
f 2563//999 2565//999 2567//999
f 2962//999 2963//999 2946//999
f 2962//999 2946//999 2959//999
f 2959//999 2946//999 2960//999
f 2960//999 2563//999 2958//999
f 2958//999 2563//999 2567//999
f 2935//999 2958//999 2567//999
f 2569//999 2935//999 2566//999
f 2570//999 2569//999 2938//999
f 2956//999 2570//999 2938//999
f 2955//999 2956//999 2938//999
f 2954//999 2955//999 3044//999
f 2955//999 2938//999 3044//999
f 2939//999 2954//999 3044//999
f 3044//999 2938//999 3043//999
f 3263//999 2941//999 3044//999
f 2685//999 2961//999 2558//999
f 3038//999 3039//999 3040//999
f 3040//999 3039//999 2938//999
f 2938//999 3039//999 3042//999
f 3042//999 3041//999 2938//999
f 3041//999 2937//999 2938//999
f 2937//999 3043//999 2938//999
f 3263//999 3044//999 2952//999
f 3263//999 2952//999 2953//999
f 3263//999 2953//999 2950//999
f 2948//999 3257//999 3263//999
f 3263//999 2950//999 2948//999
f 3262//999 3263//999 3257//999
f 3262//999 3257//999 3261//999
f 3257//999 2660//999 3256//999
f 3261//999 3257//999 3260//999
f 3260//999 3257//999 3256//999
f 2660//999 2882//999 2661//999
f 3256//999 2660//999 2661//999
f 2661//999 2882//999 2662//999
f 2727//999 2882//999 2719//999
f 2882//999 2995//999 2719//999
f 2725//999 2723//999 2719//999
f 2723//999 2721//999 2719//999
f 2721//999 2729//999 2719//999
f 2726//999 2725//999 2719//999
f 2996//999 2726//999 2719//999
f 2738//999 2739//999 3053//999
f 3070//999 2738//999 3053//999
f 3070//999 3053//999 3052//999
f 3070//999 3052//999 3050//999
f 3070//999 3050//999 2494//999
f 3070//999 2494//999 3048//999
f 2498//999 3070//999 3048//999
f 2498//999 3048//999 2735//999
f 2731//999 2498//999 2735//999
f 2731//999 2735//999 2733//999
f 2708//999 2731//999 2574//999
f 2731//999 2733//999 2574//999
f 2733//999 2734//999 2574//999
f 2573//999 2503//999 2708//999
f 2734//999 2732//999 2504//999
f 2573//999 2708//999 2574//999
f 2718//999 2503//999 2573//999
f 2718//999 2573//999 2719//999
f 2737//999 3081//999 3082//999
f 2737//999 3082//999 2736//999
f 2520//999 2737//999 2736//999
f 3082//999 3083//999 2736//999
f 3083//999 3084//999 2736//999
f 2667//999 2557//999 3280//999
f 2654//999 2667//999 3280//999
f 2923//999 2610//999 2611//999
f 2610//999 2761//999 2611//999
f 2911//999 2923//999 2611//999
f 2922//999 2921//999 2911//999
f 2912//999 2922//999 2911//999
f 2873//999 2875//999 2846//999
f 2611//999 2912//999 2911//999
f 2873//999 2846//999 2877//999
f 2913//999 2611//999 2761//999
f 2913//999 2761//999 2914//999
f 2908//999 2913//999 2914//999
f 2907//999 2908//999 2914//999
f 2892//999 2907//999 2914//999
f 2906//999 3352//999 2892//999
f 2873//999 2877//999 2876//999
f 2914//999 2906//999 2892//999
f 2873//999 2876//999 2874//999
f 2914//999 2761//999 3349//999
f 2920//999 2914//999 3349//999
f 2915//999 2920//999 3349//999
f 2894//999 3331//999 2767//999
f 3331//999 2766//999 2767//999
f 2767//999 2766//999 3351//999
f 2766//999 3335//999 3351//999
f 3351//999 3335//999 2432//999
f 3335//999 3336//999 2432//999
f 2451//999 2432//999 2605//999
f 2464//999 2468//999 2461//999
f 2464//999 2630//999 2966//999
f 2463//999 2451//999 2468//999
f 2432//999 3336//999 2446//999
f 3336//999 3350//999 2428//999
f 2805//999 2804//999 3312//999
f 2769//999 2805//999 3312//999
f 2839//999 2769//999 3312//999
f 2839//999 3312//999 2982//999
f 2980//999 2839//999 2982//999
f 2838//999 2839//999 2980//999
f 2973//999 2838//999 2972//999
f 2838//999 2980//999 2972//999
f 2430//999 3350//999 2642//999
f 2976//999 2978//999 3326//999
f 2974//999 3321//999 2977//999
f 3321//999 3322//999 2976//999
f 3321//999 2976//999 2977//999
f 2976//999 3326//999 2977//999
f 2974//999 2977//999 3325//999
f 2972//999 2974//999 2973//999
f 2974//999 3325//999 2973//999
f 2873//999 2874//999 2728//999
f 2719//999 2995//999 2996//999
f 2719//999 2729//999 2730//999
f 2719//999 2730//999 2718//999
f 3055//999 2736//999 3071//999
f 3072//999 3055//999 3071//999
f 3071//999 2736//999 3084//999
f 2520//999 2736//999 2519//999
f 2520//999 2519//999 2507//999
f 2480//999 2520//999 2507//999
f 2574//999 2734//999 2504//999
f 2732//999 2480//999 2504//999
f 2841//999 2982//999 3312//999
f 3312//999 3318//999 3324//999
f 2841//999 3312//999 3324//999
f 3324//999 3318//999 3305//999
f 3323//999 3324//999 3305//999
f 2482//999 3323//999 3305//999
f 3318//999 3313//999 3305//999
f 3302//999 2482//999 2483//999
f 2482//999 3305//999 2483//999
f 3308//999 3302//999 3301//999
f 3301//999 2983//999 3308//999
f 2483//999 3301//999 3302//999
f 3300//999 3305//999 3313//999
f 3300//999 3313//999 2968//999
f 2751//999 3300//999 2968//999
f 2968//999 3313//999 3306//999
f 3306//999 3313//999 3314//999
f 3314//999 3313//999 2967//999
f 3313//999 3317//999 2967//999
f 3314//999 2631//999 3346//999
f 3317//999 2464//999 2967//999
f 3314//999 3346//999 2629//999
f 2629//999 3346//999 3285//999
f 2631//999 3314//999 2967//999
f 2475//999 3058//999 3059//999
f 2484//999 3059//999 3054//999
f 2500//999 2484//999 2499//999
f 2484//999 3054//999 2499//999
f 2500//999 2499//999 2740//999
f 2743//999 2500//999 2742//999
f 2500//999 2740//999 2741//999
f 2745//999 2743//999 2744//999
f 2500//999 2741//999 2742//999
f 2747//999 2745//999 2744//999
f 2743//999 2742//999 2744//999
f 2747//999 2744//999 2746//999
f 2747//999 2746//999 3223//999
f 3222//999 2746//999 3138//999
f 2791//999 2790//999 3062//999
f 3025//999 2597//999 2598//999
f 3026//999 3025//999 2598//999
f 2579//999 3107//999 3112//999
f 2579//999 3112//999 3156//999
f 2579//999 3156//999 3157//999
f 2579//999 3157//999 3155//999
f 2597//999 2579//999 3155//999
f 2597//999 3155//999 3158//999
f 2790//999 3025//999 3209//999
f 3168//999 3025//999 3167//999
f 2790//999 3209//999 3210//999
f 2597//999 3158//999 3159//999
f 2746//999 2791//999 3186//999
f 2641//999 2629//999 2636//999
f 2585//999 2593//999 2594//999
f 2585//999 2594//999 2584//999
f 3113//999 2585//999 2584//999
f 3113//999 2584//999 2589//999
f 3113//999 2589//999 3114//999
f 3241//999 3113//999 3114//999
f 2583//999 3115//999 2582//999
f 2582//999 3069//999 3111//999
f 3115//999 2586//999 2582//999
f 3069//999 3066//999 3111//999
f 3114//999 2583//999 2582//999
f 3241//999 3114//999 2582//999
f 3066//999 3160//999 3111//999
f 3111//999 3241//999 2582//999
f 3111//999 3160//999 3068//999
f 3160//999 2598//999 3068//999
f 3068//999 2598//999 3067//999
f 3067//999 2598//999 2597//999
f 2576//999 3067//999 2597//999
f 3026//999 3167//999 3025//999
f 3028//999 2576//999 2597//999
f 3027//999 3028//999 2597//999
f 3159//999 3027//999 2597//999
f 2629//999 3285//999 2636//999
f 3284//999 2636//999 3285//999
f 2636//999 2639//999 2641//999
f 3025//999 3168//999 3166//999
f 2786//999 2747//999 3237//999
f 3186//999 2791//999 3204//999
f 3025//999 3166//999 3171//999
f 3171//999 3164//999 3170//999
f 3171//999 3170//999 3169//999
f 3171//999 3169//999 3025//999
f 3169//999 3234//999 3025//999
f 3234//999 3209//999 3025//999
f 2746//999 3186//999 3189//999
f 2790//999 3210//999 3060//999
f 3205//999 3134//999 3206//999
f 3205//999 3206//999 3183//999
f 3062//999 3205//999 3183//999
f 3062//999 3183//999 2791//999
f 3183//999 3173//999 2791//999
f 3061//999 3062//999 2790//999
f 3173//999 3207//999 2791//999
f 3208//999 3061//999 2790//999
f 3207//999 3188//999 2791//999
f 3060//999 3208//999 2790//999
f 3188//999 3187//999 2791//999
f 3187//999 3203//999 2791//999
f 3203//999 3204//999 2791//999
f 3204//999 3185//999 3186//999
f 3185//999 3135//999 3186//999
f 3178//999 3175//999 3174//999
f 3178//999 3174//999 3198//999
f 3200//999 3178//999 3199//999
f 3178//999 3198//999 3199//999
f 3202//999 3200//999 3201//999
f 3200//999 3199//999 3201//999
f 3202//999 3201//999 3136//999
f 3135//999 3202//999 3136//999
f 3135//999 3136//999 3184//999
f 3135//999 3184//999 3186//999
f 2746//999 3189//999 3228//999
f 3186//999 3214//999 3189//999
f 3214//999 3190//999 3189//999
f 3294//999 3292//999 3288//999
f 3287//999 3294//999 3288//999
f 3287//999 3288//999 2647//999
f 2646//999 3287//999 2647//999
f 2756//999 2646//999 2757//999
f 2646//999 2647//999 2757//999
f 3195//999 3176//999 3196//999
f 3195//999 3196//999 3193//999
f 3181//999 3195//999 3193//999
f 3181//999 3193//999 3194//999
f 3179//999 3181//999 3180//999
f 3181//999 3194//999 3180//999
f 3182//999 3179//999 3180//999
f 3182//999 3180//999 3192//999
f 3190//999 3182//999 3191//999
f 3182//999 3192//999 3191//999
f 3334//999 2756//999 2757//999
f 3190//999 3191//999 3213//999
f 3190//999 3213//999 3189//999
f 2746//999 3228//999 3064//999
f 3189//999 3230//999 3228//999
f 3230//999 3215//999 3228//999
f 3215//999 3217//999 3228//999
f 3218//999 3118//999 3220//999
f 3219//999 3218//999 3220//999
f 3219//999 3220//999 3197//999
f 3211//999 3219//999 3197//999
f 3211//999 3197//999 3212//999
f 3217//999 3211//999 3212//999
f 3291//999 3334//999 2757//999
f 3217//999 3212//999 3216//999
f 3217//999 3216//999 3229//999
f 3217//999 3229//999 3228//999
f 2746//999 3064//999 3065//999
f 2746//999 3065//999 3138//999
f 3235//999 2747//999 2788//999
f 3222//999 3223//999 2746//999
f 3223//999 3063//999 2747//999
f 3063//999 2788//999 2747//999
f 3235//999 3236//999 2747//999
f 3236//999 3237//999 2747//999
f 2786//999 3237//999 2789//999
f 2789//999 3142//999 2786//999
f 2786//999 3142//999 2787//999
f 2786//999 2787//999 2785//999
f 2497//999 2786//999 2779//999
f 2786//999 2785//999 2521//999
f 2799//999 2497//999 2779//999
f 2786//999 2521//999 2779//999
f 2781//999 2799//999 3122//999
f 2799//999 2779//999 3122//999
f 3145//999 2781//999 2782//999
f 2781//999 3122//999 2782//999
f 3122//999 3123//999 2780//999
f 2496//999 3122//999 2780//999
f 3123//999 2784//999 3119//999
f 2780//999 3123//999 3119//999
f 3341//999 3291//999 2757//999
f 2501//999 2502//999 3120//999
f 2502//999 2783//999 2784//999
f 3120//999 2502//999 3121//999
f 2783//999 3119//999 2784//999
f 3121//999 2502//999 2784//999
f 3340//999 3341//999 2757//999
f 2757//999 3284//999 3337//999
f 3340//999 2757//999 3337//999
f 3122//999 2496//999 2782//999
f 3146//999 3145//999 2782//999
f 2800//999 3146//999 2782//999
f 2607//999 2800//999 2782//999
f 2782//999 2763//999 2607//999
f 3343//999 3337//999 2650//999
f 2643//999 2764//999 2765//999
f 2650//999 3337//999 2651//999
f 3337//999 3284//999 2651//999
f 3338//999 2651//999 3284//999
f 3339//999 3338//999 3284//999
f 2761//999 2760//999 3327//999
f 3345//999 3339//999 3284//999
f 2761//999 3327//999 3328//999
f 3285//999 3345//999 3284//999
f 2761//999 3328//999 3329//999
f 2761//999 3329//999 3330//999
f 2967//999 2464//999 2966//999
f 2761//999 3330//999 3292//999
f 2761//999 3292//999 3348//999
f 3292//999 3347//999 3348//999
f 2630//999 2464//999 2461//999
f 2461//999 2468//999 3286//999
f 2761//999 3348//999 3349//999
f 2915//999 3349//999 2916//999
f 3289//999 2915//999 2917//999
f 2915//999 2916//999 2917//999
f 3332//999 3289//999 3290//999
f 3289//999 2917//999 3290//999
f 3350//999 3332//999 3333//999
f 3332//999 3290//999 3333//999
f 3286//999 2468//999 2451//999
f 2627//999 3286//999 2451//999
f 3350//999 3333//999 2642//999
f 2462//999 2627//999 2451//999
f 2642//999 2910//999 2430//999
f 2910//999 2429//999 2445//999
f 2452//999 2462//999 2451//999
f 2652//999 2429//999 2616//999
f 2429//999 2652//999 2445//999
f 2910//999 2919//999 2429//999
f 2452//999 2451//999 2395//999
f 2395//999 2451//999 2605//999
f 2455//999 2452//999 2395//999
f 2457//999 2455//999 2447//999
f 2624//999 2457//999 2447//999
f 2455//999 2395//999 2447//999
f 2403//999 2624//999 2456//999
f 3293//999 3294//999 2918//999
f 3342//999 3293//999 2918//999
f 3342//999 2918//999 2909//999
f 2919//999 3342//999 2429//999
f 3342//999 2909//999 2429//999
f 2967//999 2966//999 2632//999
f 2633//999 2967//999 2632//999
f 2633//999 2632//999 2638//999
f 2633//999 2638//999 2637//999
f 2637//999 2638//999 2640//999
f 2623//999 2637//999 2640//999
f 2402//999 2623//999 2640//999
f 2402//999 2640//999 2625//999
f 2640//999 2403//999 2625//999
f 2649//999 2402//999 2625//999
f 3344//999 2402//999 2649//999
f 2616//999 2615//999 2618//999
f 2652//999 2616//999 2622//999
f 3343//999 3344//999 2768//999
f 2768//999 3344//999 2398//999
f 2618//999 2614//999 2616//999
f 2618//999 2768//999 2398//999
f 2614//999 2622//999 2616//999
f 2398//999 3344//999 2649//999
f 2910//999 2445//999 2430//999
f 2399//999 2625//999 2401//999
f 2625//999 2403//999 2401//999
f 2401//999 2400//999 2399//999
f 3350//999 2430//999 2428//999
f 2430//999 2620//999 2428//999
f 2626//999 2401//999 2403//999
f 2458//999 2626//999 2403//999
f 2620//999 2621//999 2428//999
f 2620//999 2404//999 2621//999
f 2456//999 2458//999 2403//999
f 2404//999 2400//999 2621//999
f 2447//999 2456//999 2624//999
f 3336//999 2428//999 2446//999
f 2431//999 2605//999 2432//999
f 2432//999 2446//999 2890//999
f 3580//1131 3583//1181 3581//1132
f 3555//988 3552//988 3554//988
f 1221//771 1226//1477 1227//772
f 1195//902 1194//901 1196//1616
f 3433//948 3432//948 3431//948
f 3393//1619 3391//376 3392//1077
f 1219//1645 1218//1645 1217//1645
f 1396//1668 1394//1564 1395//1650
f 3384//948 3381//948 3383//948
f 3814//1231 3813//1230 3816//1669
f 3873//1670 3872//1671 3871//1672
f 3097//999 3098//999 2513//999
f 2511//999 2510//999 3096//999
f 2510//999 2509//999 2517//999
f 2517//999 2448//999 3086//999
f 2448//999 3092//999 3090//999
f 2448//999 3090//999 3086//999
f 3097//999 2511//999 3096//999
f 3097//999 2513//999 2511//999
f 2513//999 2512//999 2511//999
f 2517//999 3086//999 3094//999
f 3096//999 2510//999 3093//999
f 2517//999 3094//999 3095//999
f 3093//999 2510//999 3095//999
f 2517//999 3095//999 2510//999
f 3377//1158 3380//1673 3379//1159
f 3368//948 3367//948 3366//948
f 1176//1039 1175//1038 1177//1674
f 724//1535 723//1675 726//1536
f 3417//916 3414//916 3416//916
f 3598//1263 3597//1289 3599//1676
f 3643//1012 3645//1677 3644//1170
f 3710//1244 3708//509 3709//1346
f 1065//998 1064//997 1066//1678
f 3515//948 3514//948 3513//948
f 3491//953 3488//953 3490//953
f 3663//989 3665//1232 3662//1003
f 3689//1679 3687//1202 3690//1204
f 3624//336 3625//1221 3623//337
f 3592//1680 3593//1681 3590//1291
f 3669//1019 3667//1215 3668//1217
f 3783//1682 3779//1683 3781//1684
f 3779//1685 3778//1686 3780//1687
f 3583//1181 3580//1131 3582//1182
f 3598//1263 3599//1676 3600//1261
f 3702//1199 3700//310 3701//309
f 3590//1291 3591//1290 3592//1680
f 3617//328 3619//1083 3618//1085
f 3607//1570 3605//917 3606//919
f 3728//1688 3731//1223 3730//1225
f 3551//988 3550//988 3549//988
f 3731//1223 3733//1689 3732//1224
f 3372//933 3369//933 3371//933
f 3466//1548 3465//1550 3467//1690
f 3648//846 3651//1691 3649//847
f 3726//792 3722//791 3727//1692
f 3635//1693 3637//1135 3636//1278
f 3770//395 3771//394 3769//1694
f 3823//1298 3825//1297 3824//1695
f 3650//1696 3649//847 3651//1691
f 3528//1697 3531//1000 3529//1002
f 3830//1467 3831//1466 3832//1698
f 3625//1089 3628//1699 3627//1090
f 3449//916 3446//916 3448//916
f 3734//1700 3732//1224 3733//1689
f 3571//948 3568//948 3570//948
f 3668//1217 3670//1020 3669//1019
f 3563//767 3562//767 3561//767
f 3656//1048 3659//1701 3658//1243
f 3673//1072 3676//1324 3675//1326
f 3593//1681 3592//1680 3594//1702
f 3605//1703 3603//1556 3604//1555
f 3633//836 3635//1693 3634//1617
f 3868//1704 3866//1705 3867//1706
f 3675//1326 3674//1073 3673//1072
f 3651//1707 3652//1218 3650//1220
f 3531//1708 3532//1226 3530//1228
f 3636//1278 3634//1617 3635//1693
f 3760//1017 3761//1016 3762//1238
f 1118//1709 1120//805 1119//807
f 3892//1253 3891//1710 3895//1254
f 3774//1662 3775//1192 3764//1198
f 3728//1688 3730//1225 3729//1711
f 3800//1712 3799//1332 3801//1334
f 3748//1147 3746//1248 3755//1154
f 3769//1694 3768//1196 3770//395
f 3734//1700 3733//1689 3735//1713
f 3527//710 3528//1714 3526//1140
f 2650//999 3344//999 3343//999
f 3292//999 3294//999 3347//999
f 3294//999 3293//999 3347//999
f 3532//1275 3535//1715 3534//1276
f 3764//1198 3765//1197 3774//1662
f 2634//999 2751//999 2968//999
f 2634//999 2968//999 2635//999
f 2964//999 2634//999 2635//999
f 2635//999 3315//999 2965//999
f 2965//999 2754//999 3320//999
f 3309//999 3308//999 2754//999
f 3307//999 3309//999 2754//999
f 2754//999 3308//999 2981//999
f 2979//999 2965//999 3320//999
f 3315//999 3316//999 2965//999
f 3319//999 2964//999 2635//999
f 3308//999 2983//999 2981//999
f 2635//999 2965//999 3319//999
f 2979//999 3319//999 2965//999
f 2981//999 2755//999 2754//999
f 3784//1716 3783//1682 3782//1717
f 3681//1718 3684//1144 3682//1172
f 3874//1719 3871//1672 3872//1671
f 1057//1280 1059//1088 1060//1281
f 1179//1414 1182//1415 1178//1416
f 3858//1720 3855//1721 3857//1722
f 3780//1723 3781//1684 3779//1683
f 3611//1208 3613//885 3612//887
f 1259//1724 1258//1724 1260//1724
f 3781//1684 3782//1717 3783//1682
f 3768//1196 3769//1694 3765//1197
f 3786//1286 3788//1725 3789//1287
f 3777//1726 3780//1687 3778//1686
f 3784//1716 3782//1717 3785//1727
f 3776//1663 3767//1190 3775//1192
f 3755//1154 3750//1236 3756//1155
f 1499//824 1948//824 1951//824
f 2111//824 2112//824 2109//824
f 1499//824 1951//824 1501//824
f 2109//824 1499//824 2111//824
f 1499//824 1501//824 1500//824
f 1500//824 2111//824 1499//824
f 3921//1600 3917//1728 3918//1601
f 3757//1018 3758//1271 3761//1016
f 4015//1729 4013//1730 4012//1731
f 3809//904 3811//1052 3810//905
f 838//1410 837//1732 831//1411
f 3987//1306 3985//1733 3986//1307
f 3907//1734 3903//1735 3906//1736
f 3865//1316 3866//1737 3869//1317
f 3866//1705 3865//1738 3867//1706
f 1293//1739 1290//1636 1292//1635
f 3843//1740 3840//1599 3841//1598
f 3858//1720 3856//1741 3855//1721
f 3848//1330 3847//1742 3846//1328
f 3864//1285 3863//1743 3862//1283
f 3878//1744 3877//1391 3876//1390
f 3852//1545 3849//1547 3851//1745
f 3907//1734 3904//1746 3903//1735
f 3822//1340 3817//1747 3818//1341
f 4015//1729 4012//1731 4014//1748
f 4003//1343 3998//1749 3999//1344
f 3453//933 3450//933 3452//933
f 3985//1750 3983//1751 3984//1752
f 3954//1393 3953//1753 3955//1394
f 3911//1754 3909//1352 3908//1354
f 3950//1755 3948//1756 3947//1757
f 1156//1758 1154//787 1155//789
f 783//1150 780//1759 781//1151
f 3919//1760 3918//1760 3917//1760
f 3966//948 3965//948 3964//948
f 734//1098 733//1761 727//1096
f 3828//1762 3826//1293 3829//1292
f 2154//824 2156//824 1576//824
f 2027//824 2052//824 2316//824
f 2048//824 2027//824 2051//824
f 1934//824 1576//824 2048//824
f 1575//824 1934//824 2048//824
f 1576//824 2156//824 2048//824
f 2052//824 2315//824 2316//824
f 2018//824 1575//824 2311//824
f 2311//824 1575//824 2048//824
f 2027//824 2316//824 2050//824
f 2153//824 1479//824 2306//824
f 2306//824 1479//824 1478//824
f 1478//824 1479//824 2017//824
f 1479//824 2018//824 2017//824
f 2017//824 2018//824 2311//824
f 2027//824 2050//824 2308//824
f 1481//824 2017//824 2311//824
f 2050//824 2309//824 2308//824
f 1574//824 2148//824 1480//824
f 2148//824 2150//824 1480//824
f 1480//824 2150//824 2305//824
f 2305//824 2150//824 2155//824
f 2150//824 1481//824 2155//824
f 2155//824 1481//824 2157//824
f 2157//824 1481//824 2158//824
f 2309//824 2314//824 2308//824
f 1481//824 2311//824 2158//824
f 2049//824 2158//824 2311//824
f 2027//824 2308//824 2313//824
f 1964//824 2049//824 2311//824
f 1483//824 2163//824 1965//824
f 1482//824 1483//824 1965//824
f 2163//824 2162//824 2016//824
f 1965//824 2163//824 2016//824
f 2162//824 1964//824 2016//824
f 2016//824 1964//824 2046//824
f 2046//824 1964//824 2317//824
f 2318//824 1964//824 2159//824
f 2055//824 2054//824 2021//824
f 2027//824 2313//824 2051//824
f 2048//824 2051//824 2312//824
f 2048//824 2312//824 2311//824
f 1964//824 2311//824 2310//824
f 2056//824 2055//824 2021//824
f 2057//824 2056//824 2021//824
f 1964//824 2310//824 2020//824
f 1964//824 2020//824 2159//824
f 2021//824 2016//824 2022//824
f 2057//824 2021//824 2022//824
f 2020//824 2161//824 2159//824
f 2045//824 2022//824 2016//824
f 2161//824 2019//824 2159//824
f 2047//824 2045//824 2016//824
f 2046//824 2047//824 2016//824
f 1964//824 2318//824 2044//824
f 2044//824 2317//824 1964//824
f 729//907 730//1614 733//908
f 3950//1755 3947//1757 3949//1763
f 3942//1764 3944//1764 3943//1764
f 1067//1765 1070//1623 1068//1622
f 3575//951 3577//950 3574//1179
f 3970//988 3967//988 3969//988
f 4001//1382 3999//1766 3998//1383
f 3937//948 3934//948 3936//948
f 3529//1767 3526//1140 3528//1714
f 3820//1664 3818//1768 3817//1665
f 780//1587 779//1589 781//1769
f 3984//1752 3986//1770 3985//1750
