# Blender 4.5.4 LTS
# www.blender.org
o finger1.002
v -0.095699 0.060750 -0.005117
v -0.091015 0.050750 -0.008459
v -0.091015 0.060750 -0.008459
v -0.102257 0.050750 -0.000437
v -0.109752 0.040750 0.004912
v -0.109752 0.060750 0.004912
v -0.100383 0.060750 -0.001774
v -0.105067 0.060750 0.001569
v -0.102257 0.040750 -0.000437
v -0.088191 0.050750 0.019148
v -0.091015 0.060750 -0.008459
v -0.091015 0.050750 -0.008459
v -0.086126 0.070750 0.039335
v -0.086091 0.070691 0.039672
v -0.086108 0.070735 0.039506
v -0.091013 0.061293 -0.008445
v -0.091009 0.061832 -0.008401
v -0.090991 0.062897 -0.008227
v -0.091001 0.062367 -0.008329
v -0.090978 0.063423 -0.008098
v -0.086059 0.068996 0.039988
v -0.090943 0.064449 -0.007754
v -0.089997 0.070750 0.001489
v -0.090921 0.064947 -0.007541
v -0.090962 0.063942 -0.007939
v -0.090807 0.066801 -0.006431
v -0.090840 0.066361 -0.006746
v -0.090869 0.065904 -0.007037
v -0.090896 0.065434 -0.007301
v -0.090613 0.068710 -0.004533
v -0.090656 0.068370 -0.004954
v -0.090697 0.068009 -0.005354
v -0.090736 0.067626 -0.005735
v -0.090374 0.070039 -0.002196
v -0.090425 0.069825 -0.002690
v -0.090474 0.069584 -0.003173
v -0.090522 0.069317 -0.003643
v -0.090053 0.070735 0.000948
v -0.090107 0.070691 0.000412
v -0.090216 0.070516 -0.000652
v -0.090270 0.070385 -0.001174
v -0.090162 0.070618 -0.000121
v -0.090322 0.070226 -0.001689
v -0.090568 0.069026 -0.004096
v -0.090773 0.067222 -0.006095
v -0.086075 0.070618 0.039829
v -0.086061 0.070519 0.039970
v -0.086038 0.070257 0.040192
v -0.086048 0.070398 0.040092
v -0.086026 0.069934 0.040312
v -0.086031 0.070101 0.040266
v -0.086025 0.069589 0.040316
v -0.086024 0.069762 0.040329
v -0.086030 0.069422 0.040274
v -0.086047 0.069120 0.040107
v -0.086037 0.069264 0.040204
v -0.108617 0.045920 0.016007
v -0.100660 0.045750 0.015178
v -0.108618 0.045750 0.015992
v -0.108612 0.046085 0.016050
v -0.100658 0.045920 0.015193
v -0.100654 0.046085 0.015236
v -0.108605 0.046240 0.016120
v -0.108595 0.046381 0.016216
v -0.100647 0.046240 0.015306
v -0.108583 0.046504 0.016334
v -0.100637 0.046381 0.015402
v -0.100625 0.046504 0.015520
v -0.100658 0.045580 0.015193
v -0.108617 0.045580 0.016007
v -0.100654 0.045415 0.015236
v -0.100647 0.045260 0.015306
v -0.108612 0.045415 0.016050
v -0.100637 0.045119 0.015402
v -0.108605 0.045260 0.016120
v -0.108595 0.045119 0.016216
v -0.100625 0.044996 0.015520
v -0.108583 0.044996 0.016334
v -0.100129 0.050750 0.020369
v -0.108583 0.046504 0.016334
v -0.105955 0.068996 0.042023
v -0.086059 0.068996 0.039988
v -0.088191 0.050750 0.019148
v -0.100625 0.046504 0.015520
v -0.088191 0.040750 0.019148
v -0.089626 0.030750 0.005118
v -0.087227 0.032504 0.028566
v -0.087215 0.032380 0.028686
v -0.087205 0.032236 0.028782
v -0.087294 0.030750 0.027913
v -0.087192 0.031738 0.028908
v -0.087194 0.031911 0.028895
v -0.087198 0.032078 0.028853
v -0.087229 0.030981 0.028548
v -0.087244 0.030882 0.028407
v -0.087206 0.031243 0.028771
v -0.087199 0.031399 0.028845
v -0.087260 0.030809 0.028251
v -0.087277 0.030765 0.028084
v -0.087217 0.031102 0.028671
v -0.087194 0.031566 0.028891
v -0.089626 0.040750 0.005118
v -0.105920 0.069762 0.042365
v -0.105922 0.069589 0.042352
v -0.105926 0.069422 0.042310
v -0.109728 0.062897 0.005144
v -0.109750 0.061293 0.004927
v -0.109746 0.061832 0.004970
v -0.109738 0.062367 0.005043
v -0.109715 0.063423 0.005274
v -0.109752 0.060750 0.004912
v -0.109679 0.064449 0.005618
v -0.109698 0.063943 0.005432
v -0.109658 0.064947 0.005831
v -0.109633 0.065434 0.006071
v -0.109606 0.065904 0.006335
v -0.109576 0.066361 0.006626
v -0.109544 0.066802 0.006940
v -0.109510 0.067222 0.007277
v -0.109473 0.067626 0.007637
v -0.109434 0.068009 0.008018
v -0.109393 0.068370 0.008418
v -0.109350 0.068710 0.008838
v -0.109305 0.069026 0.009276
v -0.109259 0.069317 0.009729
v -0.109211 0.069584 0.010199
v -0.109161 0.069825 0.010682
v -0.109111 0.070039 0.011176
v -0.109059 0.070226 0.011683
v -0.109006 0.070385 0.012198
v -0.108953 0.070516 0.012720
v -0.108899 0.070618 0.013251
v -0.108844 0.070691 0.013783
v -0.108789 0.070735 0.014319
v -0.108734 0.070750 0.014860
v -0.105943 0.069120 0.042143
v -0.105955 0.068996 0.042023
v -0.105934 0.070257 0.042227
v -0.105922 0.069934 0.042348
v -0.105933 0.069264 0.042239
v -0.105927 0.070101 0.042302
v -0.105945 0.070398 0.042128
v -0.105972 0.070618 0.041864
v -0.105957 0.070519 0.042005
v -0.105988 0.070691 0.041708
v -0.106005 0.070735 0.041541
v -0.106022 0.070750 0.041370
v -0.108583 0.046504 0.016334
v -0.108595 0.046381 0.016216
v -0.108605 0.046240 0.016120
v -0.108612 0.046085 0.016050
v -0.109752 0.040750 0.004912
v -0.108617 0.045920 0.016007
v -0.108618 0.045750 0.015992
v -0.108617 0.045580 0.016007
v -0.108612 0.045415 0.016050
v -0.108583 0.044996 0.016334
v -0.108595 0.045119 0.016216
v -0.108605 0.045260 0.016120
v -0.107090 0.031911 0.030930
v -0.107089 0.031738 0.030943
v -0.107091 0.031566 0.030926
v -0.107095 0.031399 0.030880
v -0.107094 0.032078 0.030888
v -0.107103 0.031243 0.030806
v -0.107102 0.032236 0.030818
v -0.107112 0.032380 0.030721
v -0.107113 0.031102 0.030706
v -0.107126 0.030981 0.030584
v -0.107124 0.032504 0.030602
v -0.107140 0.030882 0.030442
v -0.107156 0.030809 0.030286
v -0.107173 0.030765 0.030120
v -0.107191 0.030750 0.029948
v -0.108193 0.030750 0.020145
v -0.108193 0.040750 0.020145
v -0.099106 0.030750 -0.004432
v -0.089626 0.030750 0.005118
v -0.098130 0.030750 -0.005030
v -0.108193 0.030750 0.020145
v -0.087294 0.030750 0.027913
v -0.082990 0.030750 0.002622
v -0.085346 0.030750 -0.001480
v -0.083849 0.030750 0.002853
v -0.107191 0.030750 0.029948
v -0.088334 0.030750 -0.002474
v -0.088401 0.030750 -0.002705
v -0.096138 0.030750 -0.006149
v -0.088440 0.030750 -0.002944
v -0.095121 0.030750 -0.006670
v -0.084979 0.030750 -0.001793
v -0.085153 0.030750 -0.001625
v -0.088450 0.030750 -0.003185
v -0.094091 0.030750 -0.007165
v -0.081886 0.030750 0.002164
v -0.084827 0.030750 -0.001980
v -0.084451 0.030750 -0.003109
v -0.084470 0.030750 -0.002868
v -0.084698 0.030750 -0.002184
v -0.084594 0.030750 -0.002403
v -0.084461 0.030750 -0.003351
v -0.088383 0.030750 -0.003663
v -0.093048 0.030750 -0.007633
v -0.088431 0.030750 -0.003426
v -0.088307 0.030750 -0.003892
v -0.091991 0.030750 -0.008076
v -0.085777 0.030750 -0.001264
v -0.084701 0.030750 0.003107
v -0.085555 0.030750 -0.001359
v -0.086377 0.030750 0.003685
v -0.086489 0.030750 -0.001147
v -0.086729 0.030750 -0.001167
v -0.086248 0.030750 -0.001157
v -0.085543 0.030750 0.003385
v -0.086009 0.030750 -0.001196
v -0.097141 0.030750 -0.005603
v -0.087973 0.030750 -0.001850
v -0.088827 0.030750 0.004725
v -0.100068 0.030750 -0.003807
v -0.101952 0.030750 -0.002481
v -0.101017 0.030750 -0.003157
v -0.103758 0.030750 -0.001067
v -0.102868 0.030750 -0.001783
v -0.105485 0.030750 0.000434
v -0.104630 0.030750 -0.000328
v -0.107140 0.030750 0.002029
v -0.106322 0.030750 0.001220
v -0.107942 0.030750 0.002861
v -0.110193 0.030750 0.005453
v -0.110869 0.030750 0.015892
v -0.110748 0.030750 0.016101
v -0.108717 0.030750 0.003708
v -0.111582 0.030750 0.007278
v -0.111181 0.030750 0.015525
v -0.111014 0.030750 0.015699
v -0.110899 0.030750 0.006356
v -0.112886 0.030750 0.009181
v -0.111791 0.030750 0.015141
v -0.111573 0.030750 0.015244
v -0.111369 0.030750 0.015373
v -0.112245 0.030750 0.008220
v -0.114639 0.030750 0.012131
v -0.112498 0.030750 0.014997
v -0.114081 0.030750 0.011133
v -0.112020 0.030750 0.015064
v -0.113497 0.030750 0.010151
v -0.115684 0.030750 0.014174
v -0.116169 0.030750 0.015219
v -0.114160 0.030750 0.015829
v -0.113209 0.030750 0.015114
v -0.112978 0.030750 0.015046
v -0.116630 0.030750 0.016280
v -0.114526 0.030750 0.017200
v -0.114536 0.030750 0.016958
v -0.113891 0.030750 0.018468
v -0.114058 0.030750 0.018294
v -0.115570 0.030750 0.026649
v -0.114420 0.030750 0.017670
v -0.114324 0.030750 0.017892
v -0.110912 0.030750 0.018164
v -0.111065 0.030750 0.018351
v -0.114469 0.030750 0.016481
v -0.109465 0.030750 0.004571
v -0.115174 0.030750 0.013145
v -0.113641 0.030750 0.015329
v -0.110556 0.030750 0.017276
v -0.110536 0.030750 0.017035
v -0.110547 0.030750 0.016793
v -0.110680 0.030750 0.017741
v -0.110604 0.030750 0.017512
v -0.110783 0.030750 0.017960
v -0.111239 0.030750 0.018519
v -0.111432 0.030750 0.018664
v -0.111641 0.030750 0.018785
v -0.111862 0.030750 0.018880
v -0.112095 0.030750 0.018947
v -0.112574 0.030750 0.018996
v -0.112333 0.030750 0.018986
v -0.113051 0.030750 0.018929
v -0.112814 0.030750 0.018977
v -0.113499 0.030750 0.018749
v -0.113281 0.030750 0.018853
v -0.113703 0.030750 0.018621
v -0.114204 0.030750 0.018101
v -0.114486 0.030750 0.017439
v -0.114516 0.030750 0.016718
v -0.114393 0.030750 0.016252
v -0.114288 0.030750 0.016033
v -0.114008 0.030750 0.015642
v -0.113834 0.030750 0.015475
v -0.113431 0.030750 0.015208
v -0.112739 0.030750 0.015007
v -0.112257 0.030750 0.015016
v -0.110653 0.030750 0.016323
v -0.110585 0.030750 0.016554
v -0.083275 0.030750 -0.011411
v -0.084500 0.030750 -0.003589
v -0.087555 0.030750 -0.004814
v -0.088739 0.030750 -0.009250
v -0.089837 0.030750 -0.008885
v -0.084518 0.030750 -0.002631
v -0.086966 0.030750 -0.001215
v -0.088118 0.030750 -0.002042
v -0.088239 0.030750 -0.002251
v -0.087195 0.030750 -0.001291
v -0.087202 0.030750 0.004009
v -0.087414 0.030750 -0.001394
v -0.088019 0.030750 0.004355
v -0.087805 0.030750 -0.001676
v -0.087618 0.030750 -0.001523
v -0.088203 0.030750 -0.004110
v -0.090921 0.030750 -0.008494
v -0.088074 0.030750 -0.004315
v -0.087922 0.030750 -0.004502
v -0.087748 0.030750 -0.004669
v -0.087346 0.030750 -0.004935
v -0.087124 0.030750 -0.005030
v -0.086892 0.030750 -0.005098
v -0.086653 0.030750 -0.005137
v -0.086412 0.030750 -0.005147
v -0.086172 0.030750 -0.005128
v -0.085935 0.030750 -0.005079
v -0.085706 0.030750 -0.005003
v -0.085283 0.030750 -0.004771
v -0.085487 0.030750 -0.004900
v -0.084928 0.030750 -0.004444
v -0.085096 0.030750 -0.004618
v -0.084662 0.030750 -0.004043
v -0.084783 0.030750 -0.004252
v -0.084567 0.030750 -0.003820
v -0.107112 0.032380 0.030721
v -0.107124 0.032504 0.030602
v -0.087227 0.032504 0.028566
v -0.107090 0.031911 0.030930
v -0.107094 0.032078 0.030888
v -0.087198 0.032078 0.028853
v -0.107102 0.032236 0.030818
v -0.087215 0.032380 0.028686
v -0.087205 0.032236 0.028782
v -0.087194 0.031566 0.028891
v -0.107095 0.031399 0.030880
v -0.107091 0.031566 0.030926
v -0.087194 0.031911 0.028895
v -0.087192 0.031738 0.028908
v -0.107089 0.031738 0.030943
v -0.107113 0.031102 0.030706
v -0.087217 0.031102 0.028671
v -0.107126 0.030981 0.030584
v -0.107103 0.031243 0.030806
v -0.087199 0.031399 0.028845
v -0.087206 0.031243 0.028771
v -0.107140 0.030882 0.030442
v -0.087244 0.030882 0.028407
v -0.107156 0.030809 0.030286
v -0.087229 0.030981 0.028548
v -0.087260 0.030809 0.028251
v -0.107173 0.030765 0.030120
v -0.107191 0.030750 0.029948
v -0.087277 0.030765 0.028084
v -0.087294 0.030750 0.027913
v -0.087227 0.032504 0.028566
v -0.107124 0.032504 0.030602
v -0.100129 0.040750 0.020369
v -0.108583 0.044996 0.016334
v -0.100625 0.044996 0.015520
v -0.088191 0.040750 0.019148
v -0.106005 0.070735 0.041541
v -0.106022 0.070750 0.041370
v -0.086126 0.070750 0.039335
v -0.105957 0.070519 0.042005
v -0.105972 0.070618 0.041864
v -0.086075 0.070618 0.039829
v -0.105988 0.070691 0.041708
v -0.086108 0.070735 0.039506
v -0.086091 0.070691 0.039672
v -0.086038 0.070257 0.040192
v -0.105927 0.070101 0.042302
v -0.105934 0.070257 0.042227
v -0.086061 0.070519 0.039970
v -0.086048 0.070398 0.040092
v -0.105945 0.070398 0.042128
v -0.105920 0.069762 0.042365
v -0.086024 0.069762 0.040329
v -0.105922 0.069589 0.042352
v -0.105922 0.069934 0.042348
v -0.086031 0.070101 0.040266
v -0.086026 0.069934 0.040312
v -0.105926 0.069422 0.042310
v -0.086030 0.069422 0.040274
v -0.105933 0.069264 0.042239
v -0.086025 0.069589 0.040316
v -0.086037 0.069264 0.040204
v -0.105943 0.069120 0.042143
v -0.105955 0.068996 0.042023
v -0.086047 0.069120 0.040107
v -0.086059 0.068996 0.039988
v -0.104050 0.070750 0.011517
v -0.086126 0.070750 0.039335
v -0.106022 0.070750 0.041370
v -0.108734 0.070750 0.014860
v -0.094681 0.070750 0.004831
v -0.099365 0.070750 0.008174
v -0.089997 0.070750 0.001489
v -0.109161 0.069825 0.010682
v -0.104502 0.069705 0.007093
v -0.104356 0.070287 0.008529
v -0.105055 0.062321 0.001693
v -0.109746 0.061832 0.004970
v -0.109750 0.061293 0.004927
v -0.109738 0.062367 0.005043
v -0.109728 0.062897 0.005144
v -0.109715 0.063423 0.005274
v -0.105017 0.063861 0.002063
v -0.100371 0.062314 -0.001651
v -0.095687 0.062308 -0.004995
v -0.095650 0.063819 -0.004636
v -0.105067 0.060750 0.001569
v -0.109752 0.060750 0.004912
v -0.109633 0.065434 0.006071
v -0.104954 0.065329 0.002674
v -0.104869 0.066682 0.003509
v -0.095590 0.065251 -0.004052
v -0.100333 0.063840 -0.001287
v -0.104763 0.067882 0.004546
v -0.100085 0.067820 0.001141
v -0.095509 0.066574 -0.003255
v -0.090840 0.066361 -0.006746
v -0.090807 0.066801 -0.006431
v -0.104640 0.068898 0.005752
v -0.109434 0.068009 0.008018
v -0.090736 0.067626 -0.005735
v -0.090773 0.067222 -0.006095
v -0.090568 0.069026 -0.004096
v -0.095288 0.068780 -0.001095
v -0.090613 0.068710 -0.004533
v -0.109350 0.068710 0.008838
v -0.109393 0.068370 0.008418
v -0.109259 0.069317 0.009729
v -0.109211 0.069584 0.010199
v -0.099827 0.069658 0.003660
v -0.109059 0.070226 0.011683
v -0.109111 0.070039 0.011176
v -0.095152 0.069612 0.000226
v -0.090374 0.070039 -0.002196
v -0.095004 0.070232 0.001674
v -0.099525 0.070626 0.006619
v -0.094846 0.070618 0.003220
v -0.094681 0.070750 0.004831
v -0.090322 0.070226 -0.001689
v -0.090270 0.070385 -0.001174
v -0.090053 0.070735 0.000948
v -0.090107 0.070691 0.000412
v -0.090216 0.070516 -0.000652
v -0.090162 0.070618 -0.000121
v -0.109006 0.070385 0.012198
v -0.104203 0.070635 0.010017
v -0.099365 0.070750 0.008174
v -0.104050 0.070750 0.011517
v -0.108844 0.070691 0.013783
v -0.108899 0.070618 0.013251
v -0.108734 0.070750 0.014860
v -0.108789 0.070735 0.014319
v -0.089997 0.070750 0.001489
v -0.099680 0.070259 0.005101
v -0.090474 0.069584 -0.003173
v -0.090425 0.069825 -0.002690
v -0.090522 0.069317 -0.003643
v -0.095407 0.067759 -0.002263
v -0.090656 0.068370 -0.004954
v -0.109305 0.069026 0.009276
v -0.099963 0.068839 0.002329
v -0.109473 0.067626 0.007637
v -0.109510 0.067222 0.007277
v -0.090697 0.068009 -0.005354
v -0.109544 0.066802 0.006940
v -0.090869 0.065904 -0.007037
v -0.109606 0.065904 0.006335
v -0.109576 0.066361 0.006626
v -0.100189 0.066628 0.000127
v -0.109658 0.064947 0.005831
v -0.109679 0.064449 0.005618
v -0.090896 0.065434 -0.007301
v -0.090921 0.064947 -0.007541
v -0.109698 0.063943 0.005432
v -0.090943 0.064449 -0.007754
v -0.100272 0.065290 -0.000689
v -0.090978 0.063423 -0.008098
v -0.090962 0.063942 -0.007939
v -0.100383 0.060750 -0.001774
v -0.095699 0.060750 -0.005117
v -0.091001 0.062367 -0.008329
v -0.090991 0.062897 -0.008227
v -0.091009 0.061832 -0.008401
v -0.091015 0.060750 -0.008459
v -0.091013 0.061293 -0.008445
v -0.108953 0.070516 0.012720
v -0.081886 0.030750 0.002164
v -0.083275 0.040750 -0.011411
v -0.083275 0.030750 -0.011411
v -0.081886 0.040750 0.002164
v -0.083275 0.040750 -0.011411
v -0.088739 0.040750 -0.009250
v -0.088739 0.030750 -0.009250
v -0.083275 0.030750 -0.011411
v -0.105742 0.040750 0.000671
v -0.106322 0.030750 0.001220
v -0.105485 0.030750 0.000434
v -0.107140 0.030750 0.002029
v -0.106585 0.040750 0.001474
v -0.107407 0.040750 0.002300
v -0.107942 0.030750 0.002861
v -0.108209 0.040750 0.003148
v -0.108717 0.030750 0.003708
v -0.109465 0.030750 0.004571
v -0.108991 0.040750 0.004019
v -0.109752 0.040750 0.004912
v -0.110193 0.030750 0.005453
v -0.110454 0.040750 0.005781
v -0.110899 0.030750 0.006356
v -0.111582 0.030750 0.007278
v -0.111132 0.040750 0.006665
v -0.111787 0.040750 0.007563
v -0.112245 0.030750 0.008220
v -0.112419 0.040750 0.008475
v -0.112886 0.030750 0.009181
v -0.113497 0.030750 0.010151
v -0.113028 0.040750 0.009401
v -0.113613 0.040750 0.010341
v -0.114081 0.030750 0.011133
v -0.114174 0.040750 0.011295
v -0.114639 0.030750 0.012131
v -0.115174 0.030750 0.013145
v -0.114712 0.040750 0.012264
v -0.115227 0.040750 0.013247
v -0.115684 0.030750 0.014174
v -0.115718 0.040750 0.014244
v -0.116169 0.030750 0.015219
v -0.116630 0.030750 0.016280
v -0.116185 0.040750 0.015255
v -0.116630 0.040750 0.016280
v -0.104876 0.040750 -0.000114
v -0.104630 0.030750 -0.000328
v -0.103987 0.040750 -0.000877
v -0.103081 0.040750 -0.001615
v -0.103758 0.030750 -0.001067
v -0.102868 0.030750 -0.001783
v -0.102159 0.040750 -0.002328
v -0.101952 0.030750 -0.002481
v -0.101219 0.040750 -0.003016
v -0.100263 0.040750 -0.003679
v -0.101017 0.030750 -0.003157
v -0.100068 0.030750 -0.003807
v -0.099281 0.040750 -0.004321
v -0.099106 0.030750 -0.004432
v -0.098286 0.040750 -0.004937
v -0.097278 0.040750 -0.005525
v -0.098130 0.030750 -0.005030
v -0.097141 0.030750 -0.005603
v -0.096257 0.040750 -0.006086
v -0.096138 0.030750 -0.006149
v -0.095222 0.040750 -0.006620
v -0.094175 0.040750 -0.007126
v -0.095121 0.030750 -0.006670
v -0.094091 0.030750 -0.007165
v -0.093114 0.040750 -0.007605
v -0.093048 0.030750 -0.007633
v -0.092040 0.040750 -0.008057
v -0.090953 0.040750 -0.008482
v -0.091991 0.030750 -0.008076
v -0.090921 0.030750 -0.008494
v -0.089852 0.040750 -0.008880
v -0.089837 0.030750 -0.008885
v -0.088739 0.040750 -0.009250
v -0.088739 0.030750 -0.009250
v -0.088827 0.040750 0.004725
v -0.089626 0.030750 0.005118
v -0.089626 0.040750 0.005118
v -0.086377 0.040750 0.003685
v -0.087202 0.030750 0.004009
v -0.087202 0.040750 0.004009
v -0.088019 0.040750 0.004355
v -0.088019 0.030750 0.004355
v -0.088827 0.030750 0.004725
v -0.084701 0.030750 0.003107
v -0.084701 0.040750 0.003107
v -0.083849 0.040750 0.002853
v -0.086377 0.030750 0.003685
v -0.085543 0.040750 0.003385
v -0.085543 0.030750 0.003385
v -0.082990 0.040750 0.002622
v -0.083849 0.030750 0.002853
v -0.082990 0.030750 0.002622
v -0.082990 0.030750 0.002622
v -0.082990 0.040750 0.002622
v -0.081886 0.040750 0.002164
v -0.081886 0.030750 0.002164
v -0.086246 0.040750 -0.001158
v -0.086488 0.040750 -0.001147
v -0.086248 0.030750 -0.001157
v -0.084461 0.040750 -0.003351
v -0.084461 0.030750 -0.003351
v -0.084500 0.030750 -0.003589
v -0.086489 0.030750 -0.001147
v -0.086729 0.040750 -0.001167
v -0.086965 0.040750 -0.001214
v -0.086729 0.030750 -0.001167
v -0.087194 0.040750 -0.001291
v -0.086966 0.030750 -0.001215
v -0.087195 0.030750 -0.001291
v -0.087413 0.040750 -0.001394
v -0.087617 0.040750 -0.001523
v -0.087414 0.030750 -0.001394
v -0.087804 0.040750 -0.001675
v -0.087618 0.030750 -0.001523
v -0.087805 0.030750 -0.001676
v -0.087972 0.040750 -0.001849
v -0.088118 0.040750 -0.002042
v -0.087973 0.030750 -0.001850
v -0.088238 0.040750 -0.002251
v -0.088118 0.030750 -0.002042
v -0.088239 0.030750 -0.002251
v -0.088333 0.040750 -0.002473
v -0.088401 0.040750 -0.002705
v -0.088334 0.030750 -0.002474
v -0.088440 0.040750 -0.002944
v -0.088401 0.030750 -0.002705
v -0.088440 0.030750 -0.002944
v -0.086009 0.030750 -0.001196
v -0.085777 0.030750 -0.001264
v -0.086008 0.040750 -0.001197
v -0.085555 0.030750 -0.001359
v -0.085777 0.040750 -0.001264
v -0.085554 0.040750 -0.001359
v -0.085346 0.030750 -0.001480
v -0.085153 0.030750 -0.001625
v -0.085345 0.040750 -0.001480
v -0.084979 0.030750 -0.001793
v -0.085153 0.040750 -0.001625
v -0.084979 0.040750 -0.001793
v -0.084827 0.030750 -0.001980
v -0.084698 0.030750 -0.002184
v -0.084826 0.040750 -0.001980
v -0.084594 0.030750 -0.002403
v -0.084697 0.040750 -0.002185
v -0.084594 0.040750 -0.002403
v -0.084518 0.030750 -0.002631
v -0.084470 0.030750 -0.002868
v -0.084518 0.040750 -0.002632
v -0.084451 0.030750 -0.003109
v -0.084470 0.040750 -0.002869
v -0.084451 0.040750 -0.003109
v -0.084568 0.040750 -0.003821
v -0.084500 0.040750 -0.003589
v -0.084567 0.030750 -0.003820
v -0.084929 0.040750 -0.004445
v -0.084783 0.040750 -0.004252
v -0.084928 0.030750 -0.004444
v -0.084663 0.040750 -0.004043
v -0.084662 0.030750 -0.004043
v -0.084783 0.030750 -0.004252
v -0.085284 0.040750 -0.004771
v -0.085487 0.030750 -0.004900
v -0.085488 0.040750 -0.004900
v -0.085096 0.030750 -0.004618
v -0.085283 0.030750 -0.004771
v -0.085097 0.040750 -0.004619
v -0.086172 0.030750 -0.005128
v -0.086172 0.040750 -0.005128
v -0.085936 0.040750 -0.005080
v -0.085935 0.030750 -0.005079
v -0.085707 0.040750 -0.005004
v -0.085706 0.030750 -0.005003
v -0.086893 0.040750 -0.005097
v -0.086655 0.040750 -0.005137
v -0.086892 0.030750 -0.005098
v -0.086413 0.040750 -0.005147
v -0.086412 0.030750 -0.005147
v -0.086653 0.030750 -0.005137
v -0.087347 0.040750 -0.004935
v -0.087555 0.030750 -0.004814
v -0.087556 0.040750 -0.004814
v -0.087124 0.030750 -0.005030
v -0.087346 0.030750 -0.004935
v -0.087124 0.040750 -0.005030
v -0.088074 0.030750 -0.004315
v -0.088075 0.040750 -0.004314
v -0.087922 0.040750 -0.004501
v -0.087922 0.030750 -0.004502
v -0.087748 0.040750 -0.004669
v -0.087748 0.030750 -0.004669
v -0.088203 0.030750 -0.004110
v -0.088204 0.040750 -0.004109
v -0.088307 0.040750 -0.003891
v -0.088307 0.030750 -0.003892
v -0.088383 0.030750 -0.003663
v -0.088383 0.040750 -0.003662
v -0.088431 0.030750 -0.003426
v -0.088431 0.040750 -0.003425
v -0.088450 0.040750 -0.003185
v -0.088450 0.030750 -0.003185
v -0.083275 0.040750 -0.011411
v -0.081886 0.040750 0.002164
v -0.084500 0.040750 -0.003589
v -0.084518 0.040750 -0.002632
v -0.084470 0.040750 -0.002869
v -0.088333 0.040750 -0.002473
v -0.096257 0.040750 -0.006086
v -0.088401 0.040750 -0.002705
v -0.085777 0.040750 -0.001264
v -0.085554 0.040750 -0.001359
v -0.084701 0.040750 0.003107
v -0.083849 0.040750 0.002853
v -0.086377 0.040750 0.003685
v -0.086729 0.040750 -0.001167
v -0.086488 0.040750 -0.001147
v -0.086246 0.040750 -0.001158
v -0.086008 0.040750 -0.001197
v -0.085543 0.040750 0.003385
v -0.097278 0.040750 -0.005525
v -0.089626 0.040750 0.005118
v -0.098286 0.040750 -0.004937
v -0.087972 0.040750 -0.001849
v -0.088118 0.040750 -0.002042
v -0.099281 0.040750 -0.004321
v -0.102257 0.040750 -0.000437
v -0.100263 0.040750 -0.003679
v -0.101219 0.040750 -0.003016
v -0.102159 0.040750 -0.002328
v -0.103081 0.040750 -0.001615
v -0.103987 0.040750 -0.000877
v -0.105742 0.040750 0.000671
v -0.106585 0.040750 0.001474
v -0.104876 0.040750 -0.000114
v -0.107407 0.040750 0.002300
v -0.108209 0.040750 0.003148
v -0.108991 0.040750 0.004019
v -0.109752 0.040750 0.004912
v -0.088191 0.040750 0.019148
v -0.100129 0.040750 0.020369
v -0.085153 0.040750 -0.001625
v -0.084979 0.040750 -0.001793
v -0.082990 0.040750 0.002622
v -0.085345 0.040750 -0.001480
v -0.084826 0.040750 -0.001980
v -0.095222 0.040750 -0.006620
v -0.088440 0.040750 -0.002944
v -0.084697 0.040750 -0.002185
v -0.084594 0.040750 -0.002403
v -0.094175 0.040750 -0.007126
v -0.088450 0.040750 -0.003185
v -0.084451 0.040750 -0.003109
v -0.084461 0.040750 -0.003351
v -0.087556 0.040750 -0.004814
v -0.089852 0.040750 -0.008880
v -0.088739 0.040750 -0.009250
v -0.092040 0.040750 -0.008057
v -0.088307 0.040750 -0.003891
v -0.088383 0.040750 -0.003662
v -0.086965 0.040750 -0.001214
v -0.088238 0.040750 -0.002251
v -0.087194 0.040750 -0.001291
v -0.087202 0.040750 0.004009
v -0.087413 0.040750 -0.001394
v -0.088019 0.040750 0.004355
v -0.087804 0.040750 -0.001675
v -0.088827 0.040750 0.004725
v -0.087617 0.040750 -0.001523
v -0.093114 0.040750 -0.007605
v -0.088431 0.040750 -0.003425
v -0.088204 0.040750 -0.004109
v -0.090953 0.040750 -0.008482
v -0.088075 0.040750 -0.004314
v -0.087922 0.040750 -0.004501
v -0.087748 0.040750 -0.004669
v -0.087347 0.040750 -0.004935
v -0.086893 0.040750 -0.005097
v -0.087124 0.040750 -0.005030
v -0.086413 0.040750 -0.005147
v -0.086655 0.040750 -0.005137
v -0.085936 0.040750 -0.005080
v -0.086172 0.040750 -0.005128
v -0.085707 0.040750 -0.005004
v -0.085284 0.040750 -0.004771
v -0.085488 0.040750 -0.004900
v -0.084929 0.040750 -0.004445
v -0.085097 0.040750 -0.004619
v -0.084663 0.040750 -0.004043
v -0.084783 0.040750 -0.004252
v -0.084568 0.040750 -0.003821
v -0.116630 0.040750 0.016280
v -0.115570 0.040750 0.026649
v -0.115570 0.030750 0.026649
v -0.116630 0.030750 0.016280
v -0.115570 0.030750 0.026649
v -0.115570 0.040750 0.026649
v -0.108193 0.040750 0.020145
v -0.108193 0.030750 0.020145
v -0.112332 0.040750 0.018986
v -0.112574 0.040750 0.018996
v -0.112333 0.030750 0.018986
v -0.110547 0.040750 0.016793
v -0.110547 0.030750 0.016793
v -0.110585 0.030750 0.016554
v -0.112574 0.030750 0.018996
v -0.112814 0.040750 0.018977
v -0.113050 0.040750 0.018929
v -0.112814 0.030750 0.018977
v -0.113280 0.040750 0.018853
v -0.113051 0.030750 0.018929
v -0.113281 0.030750 0.018853
v -0.113499 0.040750 0.018750
v -0.113703 0.040750 0.018621
v -0.113499 0.030750 0.018749
v -0.113890 0.040750 0.018469
v -0.113703 0.030750 0.018621
v -0.113891 0.030750 0.018468
v -0.114057 0.040750 0.018295
v -0.114204 0.040750 0.018102
v -0.114058 0.030750 0.018294
v -0.114324 0.040750 0.017893
v -0.114204 0.030750 0.018101
v -0.114324 0.030750 0.017892
v -0.114418 0.040750 0.017671
v -0.114486 0.040750 0.017439
v -0.114420 0.030750 0.017670
v -0.114526 0.040750 0.017200
v -0.114486 0.030750 0.017439
v -0.114526 0.030750 0.017200
v -0.112095 0.030750 0.018947
v -0.111862 0.030750 0.018880
v -0.112094 0.040750 0.018947
v -0.111641 0.030750 0.018785
v -0.111862 0.040750 0.018880
v -0.111640 0.040750 0.018785
v -0.111432 0.030750 0.018664
v -0.111239 0.030750 0.018519
v -0.111431 0.040750 0.018663
v -0.111065 0.030750 0.018351
v -0.111238 0.040750 0.018518
v -0.111064 0.040750 0.018351
v -0.110912 0.030750 0.018164
v -0.110783 0.030750 0.017960
v -0.110911 0.040750 0.018163
v -0.110680 0.030750 0.017741
v -0.110783 0.040750 0.017959
v -0.110680 0.040750 0.017741
v -0.110604 0.030750 0.017512
v -0.110556 0.030750 0.017276
v -0.110604 0.040750 0.017512
v -0.110536 0.030750 0.017035
v -0.110556 0.040750 0.017275
v -0.110536 0.040750 0.017035
v -0.110653 0.040750 0.016322
v -0.110585 0.040750 0.016554
v -0.110653 0.030750 0.016323
v -0.111014 0.040750 0.015699
v -0.110869 0.040750 0.015892
v -0.111014 0.030750 0.015699
v -0.110748 0.040750 0.016101
v -0.110748 0.030750 0.016101
v -0.110869 0.030750 0.015892
v -0.111370 0.040750 0.015372
v -0.111573 0.030750 0.015244
v -0.111574 0.040750 0.015244
v -0.111181 0.030750 0.015525
v -0.111369 0.030750 0.015373
v -0.111182 0.040750 0.015525
v -0.112257 0.030750 0.015016
v -0.112257 0.040750 0.015016
v -0.112021 0.040750 0.015064
v -0.112020 0.030750 0.015064
v -0.111792 0.040750 0.015140
v -0.111791 0.030750 0.015141
v -0.112978 0.040750 0.015046
v -0.112740 0.040750 0.015007
v -0.112978 0.030750 0.015046
v -0.112499 0.040750 0.014997
v -0.112498 0.030750 0.014997
v -0.112739 0.030750 0.015007
v -0.113432 0.040750 0.015209
v -0.113641 0.030750 0.015329
v -0.113642 0.040750 0.015330
v -0.113209 0.030750 0.015114
v -0.113431 0.030750 0.015208
v -0.113209 0.040750 0.015114
v -0.114160 0.030750 0.015829
v -0.114160 0.040750 0.015830
v -0.114008 0.040750 0.015643
v -0.114008 0.030750 0.015642
v -0.113834 0.040750 0.015475
v -0.113834 0.030750 0.015475
v -0.114288 0.030750 0.016033
v -0.114289 0.040750 0.016034
v -0.114393 0.040750 0.016252
v -0.114393 0.030750 0.016252
v -0.114469 0.030750 0.016481
v -0.114469 0.040750 0.016482
v -0.114516 0.030750 0.016718
v -0.114517 0.040750 0.016719
v -0.114536 0.040750 0.016958
v -0.114536 0.030750 0.016958
v -0.112574 0.040750 0.018996
v -0.112332 0.040750 0.018986
v -0.115570 0.040750 0.026649
v -0.110911 0.040750 0.018163
v -0.108193 0.040750 0.020145
v -0.111064 0.040750 0.018351
v -0.111238 0.040750 0.018518
v -0.111431 0.040750 0.018663
v -0.116185 0.040750 0.015255
v -0.114526 0.040750 0.017200
v -0.114486 0.040750 0.017439
v -0.113432 0.040750 0.015209
v -0.113642 0.040750 0.015330
v -0.114174 0.040750 0.011295
v -0.114008 0.040750 0.015643
v -0.114712 0.040750 0.012264
v -0.113834 0.040750 0.015475
v -0.113028 0.040750 0.009401
v -0.112499 0.040750 0.014997
v -0.113613 0.040750 0.010341
v -0.113209 0.040750 0.015114
v -0.111787 0.040750 0.007563
v -0.111182 0.040750 0.015525
v -0.111370 0.040750 0.015372
v -0.112419 0.040750 0.008475
v -0.111792 0.040750 0.015140
v -0.111132 0.040750 0.006665
v -0.110748 0.040750 0.016101
v -0.110869 0.040750 0.015892
v -0.110454 0.040750 0.005781
v -0.109752 0.040750 0.004912
v -0.110653 0.040750 0.016322
v -0.115227 0.040750 0.013247
v -0.114469 0.040750 0.016482
v -0.115718 0.040750 0.014244
v -0.110556 0.040750 0.017275
v -0.110536 0.040750 0.017035
v -0.110547 0.040750 0.016793
v -0.110680 0.040750 0.017741
v -0.110604 0.040750 0.017512
v -0.110783 0.040750 0.017959
v -0.114324 0.040750 0.017893
v -0.116630 0.040750 0.016280
v -0.114418 0.040750 0.017671
v -0.111862 0.040750 0.018880
v -0.111640 0.040750 0.018785
v -0.112094 0.040750 0.018947
v -0.113890 0.040750 0.018469
v -0.114057 0.040750 0.018295
v -0.114160 0.040750 0.015830
v -0.113050 0.040750 0.018929
v -0.112814 0.040750 0.018977
v -0.114289 0.040750 0.016034
v -0.113499 0.040750 0.018750
v -0.113280 0.040750 0.018853
v -0.114393 0.040750 0.016252
v -0.113703 0.040750 0.018621
v -0.114204 0.040750 0.018102
v -0.114536 0.040750 0.016958
v -0.114517 0.040750 0.016719
v -0.112978 0.040750 0.015046
v -0.112740 0.040750 0.015007
v -0.112257 0.040750 0.015016
v -0.112021 0.040750 0.015064
v -0.111574 0.040750 0.015244
v -0.111014 0.040750 0.015699
v -0.110585 0.040750 0.016554
v -0.088191 0.050750 0.019148
v -0.102257 0.050750 -0.000437
v -0.100129 0.050750 0.020369
v -0.091015 0.050750 -0.008459
v -0.100625 0.046504 0.015520
v -0.100129 0.050750 0.020369
v -0.102257 0.050750 -0.000437
v -0.100647 0.046240 0.015306
v -0.100637 0.046381 0.015402
v -0.100658 0.045920 0.015193
v -0.100654 0.046085 0.015236
v -0.102257 0.040750 -0.000437
v -0.100660 0.045750 0.015178
v -0.100654 0.045415 0.015236
v -0.100658 0.045580 0.015193
v -0.100637 0.045119 0.015402
v -0.100647 0.045260 0.015306
v -0.100129 0.040750 0.020369
v -0.100625 0.044996 0.015520
v -0.032459 -0.005000 0.001341
v -0.022881 -0.005000 -0.019717
v -0.032459 0.005000 0.001341
v -0.022881 0.005000 -0.019717
v -0.119808 0.030750 0.030386
v -0.096577 0.020750 0.009904
v -0.119808 0.020750 0.030386
v -0.096577 0.030750 0.009904
v -0.119994 0.020750 0.030373
v -0.119994 0.030750 0.030373
v -0.119808 0.030750 0.030386
v -0.119808 0.020750 0.030386
v -0.054047 0.030750 -0.007597
v -0.057188 0.030750 -0.008072
v -0.041288 0.030750 -0.020480
v -0.112683 0.030750 0.008869
v -0.088416 0.030750 -0.002776
v -0.088325 0.030750 -0.002449
v -0.047995 0.030750 -0.005733
v -0.050982 0.030750 -0.006817
v -0.112587 0.030750 0.018996
v -0.118794 0.030750 0.022824
v -0.112924 0.030750 0.018959
v -0.113250 0.030750 0.018865
v -0.095802 0.030750 -0.006325
v -0.088739 0.030750 -0.009250
v -0.087528 0.030750 -0.004832
v -0.113555 0.030750 0.018717
v -0.085289 0.030750 -0.004775
v -0.058530 0.030750 -0.021194
v -0.085030 0.030750 -0.004555
v -0.086230 0.030750 -0.005135
v -0.086569 0.030750 -0.005144
v -0.084455 0.030750 -0.003011
v -0.092464 0.030750 0.006750
v -0.112655 0.030750 0.015000
v -0.086839 0.030750 -0.001185
v -0.084614 0.030750 -0.002354
v -0.084775 0.030750 -0.002056
v -0.102267 0.030750 -0.002246
v -0.087797 0.030750 -0.004626
v -0.111983 0.030750 0.015075
v -0.096577 0.030750 0.009904
v -0.110899 0.030750 0.015849
v -0.110728 0.030750 0.016142
v -0.110610 0.030750 0.016460
v -0.110547 0.030750 0.016793
v -0.111116 0.030750 0.015588
v -0.114433 0.030750 0.016363
v -0.116333 0.030750 0.015586
v -0.114299 0.030750 0.016051
v -0.111374 0.030750 0.015369
v -0.111666 0.030750 0.015196
v -0.112991 0.030750 0.015049
v -0.113313 0.030750 0.015154
v -0.112315 0.030750 0.015009
v -0.087165 0.030750 -0.001279
v -0.087470 0.030750 -0.001426
v -0.113883 0.030750 0.015518
v -0.113613 0.030750 0.015312
v -0.114114 0.030750 0.015767
v -0.114513 0.030750 0.016692
v -0.114536 0.030750 0.017031
v -0.114502 0.030750 0.017368
v -0.114265 0.030750 0.018002
v -0.114410 0.030750 0.017695
v -0.113832 0.030750 0.018520
v -0.114071 0.030750 0.018279
v -0.111319 0.030750 0.018584
v -0.119808 0.030750 0.030386
v -0.112248 0.030750 0.018976
v -0.111918 0.030750 0.018899
v -0.111605 0.030750 0.018767
v -0.119994 0.030750 0.030373
v -0.110861 0.030750 0.018088
v -0.111068 0.030750 0.018356
v -0.110592 0.030750 0.017468
v -0.110700 0.030750 0.017789
v -0.110541 0.030750 0.017132
v -0.087746 0.030750 -0.001623
v -0.087985 0.030750 -0.001864
v -0.088347 0.030750 -0.003781
v -0.107948 0.030750 0.002867
v -0.088213 0.030750 -0.004093
v -0.084642 0.030750 -0.004002
v -0.084524 0.030750 -0.003684
v -0.084461 0.030750 -0.003351
v -0.088028 0.030750 -0.004377
v -0.084813 0.030750 -0.004295
v -0.085581 0.030750 -0.004948
v -0.085898 0.030750 -0.005069
v -0.086905 0.030750 -0.005095
v -0.087228 0.030750 -0.004990
v -0.088427 0.030750 -0.003451
v -0.088450 0.030750 -0.003113
v -0.088180 0.030750 -0.002142
v -0.086501 0.030750 -0.001148
v -0.086163 0.030750 -0.001168
v -0.087894 0.030750 0.004301
v -0.082990 0.030750 0.002622
v -0.085520 0.030750 -0.001377
v -0.085234 0.030750 -0.001560
v -0.085832 0.030750 -0.001245
v -0.084983 0.030750 -0.001788
v -0.084507 0.030750 -0.002676
v -0.088739 0.020750 -0.009250
v -0.086489 0.020750 -0.005147
v -0.058530 0.020750 -0.021194
v -0.082990 0.020750 0.002622
v -0.085465 0.020750 -0.001407
v -0.087894 0.020750 0.004301
v -0.039055 0.020750 -0.020387
v -0.057188 0.020750 -0.008072
v -0.053376 0.020750 -0.007454
v -0.112903 0.020750 0.015031
v -0.092464 0.020750 0.006750
v -0.087063 0.020750 -0.001243
v -0.046113 0.020750 -0.004869
v -0.049667 0.020750 -0.006381
v -0.084635 0.020750 -0.003986
v -0.084521 0.020750 -0.003675
v -0.112683 0.020750 0.008869
v -0.088103 0.020750 -0.002021
v -0.088266 0.020750 -0.002308
v -0.111923 0.020750 0.015093
v -0.096577 0.020750 0.009904
v -0.088440 0.020750 -0.002944
v -0.107948 0.020750 0.002867
v -0.088379 0.020750 -0.002619
v -0.110883 0.020750 0.015871
v -0.110720 0.020750 0.016158
v -0.112827 0.020750 0.018975
v -0.118794 0.020750 0.022824
v -0.112498 0.020750 0.018996
v -0.113149 0.020750 0.018900
v -0.114526 0.020750 0.017200
v -0.116333 0.020750 0.015586
v -0.110607 0.020750 0.016468
v -0.114351 0.020750 0.017835
v -0.114465 0.020750 0.017525
v -0.110588 0.020750 0.017450
v -0.110690 0.020750 0.017765
v -0.113981 0.020750 0.018379
v -0.114189 0.020750 0.018123
v -0.110840 0.020750 0.018058
v -0.111039 0.020750 0.018323
v -0.113454 0.020750 0.018774
v -0.113734 0.020750 0.018598
v -0.111278 0.020750 0.018551
v -0.119808 0.020750 0.030386
v -0.112169 0.020750 0.018963
v -0.111851 0.020750 0.018875
v -0.111550 0.020750 0.018737
v -0.119994 0.020750 0.030373
v -0.110547 0.020750 0.016793
v -0.110540 0.020750 0.017123
v -0.113222 0.020750 0.015118
v -0.111090 0.020750 0.015614
v -0.111618 0.020750 0.015220
v -0.111338 0.020750 0.015395
v -0.112245 0.020750 0.015018
v -0.112575 0.020750 0.014997
v -0.087368 0.020750 -0.001370
v -0.087648 0.020750 -0.001545
v -0.113795 0.020750 0.015442
v -0.113522 0.020750 0.015256
v -0.114231 0.020750 0.015935
v -0.114033 0.020750 0.015671
v -0.114484 0.020750 0.016543
v -0.114383 0.020750 0.016229
v -0.114532 0.020750 0.016870
v -0.087436 0.020750 -0.004887
v -0.095802 0.020750 -0.006325
v -0.084953 0.020750 -0.001821
v -0.084755 0.020750 -0.002086
v -0.087896 0.020750 -0.001764
v -0.086742 0.020750 -0.001168
v -0.086412 0.020750 -0.001147
v -0.086083 0.020750 -0.001181
v -0.085765 0.020750 -0.001268
v -0.085192 0.020750 -0.001593
v -0.084503 0.020750 -0.002693
v -0.084604 0.020750 -0.002379
v -0.084455 0.020750 -0.003020
v -0.084461 0.020750 -0.003351
v -0.085253 0.020750 -0.004749
v -0.085005 0.020750 -0.004530
v -0.084798 0.020750 -0.004273
v -0.085838 0.020750 -0.005051
v -0.085533 0.020750 -0.004924
v -0.087709 0.020750 -0.004701
v -0.102267 0.020750 -0.002246
v -0.086159 0.020750 -0.005126
v -0.086818 0.020750 -0.005113
v -0.087136 0.020750 -0.005026
v -0.087948 0.020750 -0.004473
v -0.088297 0.020750 -0.003915
v -0.088146 0.020750 -0.004208
v -0.088446 0.020750 -0.003274
v -0.088398 0.020750 -0.003601
v -0.102267 0.020750 -0.002246
v -0.095802 0.030750 -0.006325
v -0.102267 0.030750 -0.002246
v -0.088739 0.030750 -0.009250
v -0.095802 0.020750 -0.006325
v -0.088739 0.020750 -0.009250
v -0.112683 0.030750 0.008869
v -0.116333 0.030750 0.015586
v -0.116333 0.020750 0.015586
v -0.112683 0.020750 0.008869
v -0.107948 0.020750 0.002867
v -0.107948 0.030750 0.002867
v -0.118794 0.030750 0.022824
v -0.119994 0.020750 0.030373
v -0.118794 0.020750 0.022824
v -0.119994 0.030750 0.030373
v -0.092464 0.030750 0.006750
v -0.096577 0.020750 0.009904
v -0.096577 0.030750 0.009904
v -0.082990 0.030750 0.002622
v -0.082990 0.020750 0.002622
v -0.087894 0.020750 0.004301
v -0.087894 0.030750 0.004301
v -0.092464 0.020750 0.006750
v -0.038119 0.029795 -0.020348
v -0.038840 0.030205 -0.020378
v -0.039055 0.020750 -0.020387
v -0.039622 0.030505 -0.020411
v -0.040444 0.030688 -0.020445
v -0.041288 0.030750 -0.020480
v -0.058530 0.030750 -0.021194
v -0.058530 0.020750 -0.021194
v -0.037476 0.029285 -0.020322
v -0.058530 -0.010000 -0.021194
v -0.039055 -0.010000 -0.020387
v -0.058530 0.000000 -0.021194
v -0.022881 0.015750 -0.019717
v -0.022881 -0.025000 -0.019717
v -0.022881 -0.005000 -0.019717
v -0.039055 0.000000 -0.020387
v -0.022881 0.005000 -0.019717
v -0.058530 -0.040000 -0.021194
v -0.041288 -0.040000 -0.020480
v -0.058530 -0.030000 -0.021194
v -0.039055 -0.030000 -0.020387
v -0.040444 -0.039938 -0.020445
v -0.039622 -0.039755 -0.020411
v -0.038840 -0.039455 -0.020378
v -0.038119 -0.039045 -0.020348
v -0.037476 -0.038535 -0.020322
v -0.047346 0.030700 -0.005452
v -0.046713 0.030549 -0.005161
v -0.046113 0.020750 -0.004869
v -0.046113 0.030301 -0.004869
v -0.047995 0.030750 -0.005733
v -0.049667 0.020750 -0.006381
v -0.050982 0.030750 -0.006817
v -0.053376 0.020750 -0.007454
v -0.054047 0.030750 -0.007597
v -0.057188 0.020750 -0.008072
v -0.057188 0.030750 -0.008072
v -0.046113 -0.030000 -0.004869
v -0.046711 -0.039798 -0.005160
v -0.047344 -0.039949 -0.005451
v -0.047995 -0.040000 -0.005733
v -0.046113 -0.039551 -0.004869
v -0.054047 -0.040000 -0.007597
v -0.057188 -0.030000 -0.008072
v -0.053376 -0.030000 -0.007454
v -0.050982 -0.040000 -0.006817
v -0.049667 -0.030000 -0.006381
v -0.057188 -0.040000 -0.008072
v -0.054047 -0.040000 -0.007597
v -0.050982 -0.040000 -0.006817
v -0.041288 -0.040000 -0.020480
v -0.057188 -0.040000 -0.008072
v -0.058530 -0.040000 -0.021194
v -0.082990 -0.040000 0.002622
v -0.088739 -0.040000 -0.009250
v -0.092464 -0.040000 0.006750
v -0.102267 -0.040000 -0.002246
v -0.107948 -0.040000 0.002867
v -0.096577 -0.040000 0.009904
v -0.112683 -0.040000 0.008869
v -0.119808 -0.040000 0.030386
v -0.118794 -0.040000 0.022824
v -0.119994 -0.040000 0.030373
v -0.116333 -0.040000 0.015586
v -0.087894 -0.040000 0.004301
v -0.095802 -0.040000 -0.006325
v -0.047995 -0.040000 -0.005733
v -0.039055 -0.030000 -0.020387
v -0.046113 -0.030000 -0.004869
v -0.049667 -0.030000 -0.006381
v -0.053376 -0.030000 -0.007454
v -0.057188 -0.030000 -0.008072
v -0.087894 -0.030000 0.004301
v -0.092464 -0.030000 0.006750
v -0.102267 -0.030000 -0.002246
v -0.107948 -0.030000 0.002867
v -0.096577 -0.030000 0.009904
v -0.112683 -0.030000 0.008869
v -0.119808 -0.030000 0.030386
v -0.119994 -0.030000 0.030373
v -0.118794 -0.030000 0.022824
v -0.116333 -0.030000 0.015586
v -0.095802 -0.030000 -0.006325
v -0.088739 -0.030000 -0.009250
v -0.082990 -0.030000 0.002622
v -0.058530 -0.030000 -0.021194
v -0.049667 -0.010000 -0.006381
v -0.046113 0.000000 -0.004869
v -0.046113 -0.010000 -0.004869
v -0.057188 -0.010000 -0.008072
v -0.057188 0.000000 -0.008072
v -0.053376 0.000000 -0.007454
v -0.053376 -0.010000 -0.007454
v -0.049667 0.000000 -0.006381
v -0.053376 -0.010000 -0.007454
v -0.049667 -0.010000 -0.006381
v -0.039055 -0.010000 -0.020387
v -0.057188 -0.010000 -0.008072
v -0.058530 -0.010000 -0.021194
v -0.082990 -0.010000 0.002622
v -0.088739 -0.010000 -0.009250
v -0.092464 -0.010000 0.006750
v -0.102267 -0.010000 -0.002246
v -0.107948 -0.010000 0.002867
v -0.096577 -0.010000 0.009904
v -0.112683 -0.010000 0.008869
v -0.119808 -0.010000 0.030386
v -0.118794 -0.010000 0.022824
v -0.119994 -0.010000 0.030373
v -0.116333 -0.010000 0.015586
v -0.087894 -0.010000 0.004301
v -0.095802 -0.010000 -0.006325
v -0.046113 -0.010000 -0.004869
v -0.039055 0.000000 -0.020387
v -0.046113 0.000000 -0.004869
v -0.049667 0.000000 -0.006381
v -0.053376 0.000000 -0.007454
v -0.057188 0.000000 -0.008072
v -0.087894 0.000000 0.004301
v -0.092464 0.000000 0.006750
v -0.102267 0.000000 -0.002246
v -0.107948 0.000000 0.002867
v -0.096577 0.000000 0.009904
v -0.112683 0.000000 0.008869
v -0.119808 0.000000 0.030386
v -0.119994 0.000000 0.030373
v -0.118794 0.000000 0.022824
v -0.116333 0.000000 0.015586
v -0.095802 0.000000 -0.006325
v -0.088739 0.000000 -0.009250
v -0.082990 0.000000 0.002622
v -0.058530 0.000000 -0.021194
v -0.046113 -0.030000 -0.004869
v -0.039055 -0.010000 -0.020387
v -0.046113 -0.010000 -0.004869
v -0.039055 -0.030000 -0.020387
v -0.039055 0.020750 -0.020387
v -0.046113 0.020750 -0.004869
v -0.046113 0.000000 -0.004869
v -0.039055 0.000000 -0.020387
v -0.045405 0.029859 -0.004547
v -0.046113 0.020750 -0.004869
v -0.046113 0.030301 -0.004869
v -0.032459 -0.005000 0.001341
v -0.044780 0.029285 -0.004263
v -0.032459 0.015750 0.001341
v -0.046113 0.000000 -0.004869
v -0.032459 0.005000 0.001341
v -0.032459 -0.025000 0.001341
v -0.046113 -0.010000 -0.004869
v -0.046113 -0.030000 -0.004869
v -0.046113 -0.039551 -0.004869
v -0.045405 -0.039109 -0.004547
v -0.044780 -0.038535 -0.004263
v -0.022881 0.005000 -0.019717
v -0.032459 0.015750 0.001341
v -0.022881 0.015750 -0.019717
v -0.022881 -0.005000 -0.019717
v -0.022881 -0.025000 -0.019717
v -0.032459 -0.025000 0.001341
v -0.037476 0.029285 -0.020322
v -0.032459 0.015750 0.001341
v -0.044780 0.029285 -0.004263
v -0.022881 0.015750 -0.019717
v -0.032459 -0.025000 0.001341
v -0.022881 -0.025000 -0.019717
v -0.037476 -0.038535 -0.020322
v -0.044780 -0.038535 -0.004263
v -0.044780 0.029285 -0.004263
v -0.045405 0.029859 -0.004547
v -0.038119 0.029795 -0.020348
v -0.039622 0.030505 -0.020411
v -0.038840 0.030205 -0.020378
v -0.046113 0.030301 -0.004869
v -0.037476 0.029285 -0.020322
v -0.041288 0.030750 -0.020480
v -0.047346 0.030700 -0.005452
v -0.047995 0.030750 -0.005733
v -0.040444 0.030688 -0.020445
v -0.046713 0.030549 -0.005161
v -0.038119 -0.039045 -0.020348
v -0.044780 -0.038535 -0.004263
v -0.037476 -0.038535 -0.020322
v -0.045405 -0.039109 -0.004547
v -0.038840 -0.039455 -0.020378
v -0.039622 -0.039755 -0.020411
v -0.046113 -0.039551 -0.004869
v -0.046711 -0.039798 -0.005160
v -0.040444 -0.039938 -0.020445
v -0.047344 -0.039949 -0.005451
v -0.041288 -0.040000 -0.020480
v -0.047995 -0.040000 -0.005733
v -0.096577 -0.040000 0.009904
v -0.119808 -0.030000 0.030386
v -0.096577 -0.030000 0.009904
v -0.119808 -0.040000 0.030386
v -0.119994 -0.030000 0.030373
v -0.119808 -0.030000 0.030386
v -0.119808 -0.040000 0.030386
v -0.119994 -0.040000 0.030373
v -0.107948 -0.030000 0.002867
v -0.112683 -0.040000 0.008869
v -0.107948 -0.040000 0.002867
v -0.102267 -0.040000 -0.002246
v -0.102267 -0.030000 -0.002246
v -0.095802 -0.040000 -0.006325
v -0.095802 -0.030000 -0.006325
v -0.088739 -0.030000 -0.009250
v -0.088739 -0.040000 -0.009250
v -0.112683 -0.030000 0.008869
v -0.116333 -0.040000 0.015586
v -0.116333 -0.030000 0.015586
v -0.118794 -0.030000 0.022824
v -0.118794 -0.040000 0.022824
v -0.119994 -0.040000 0.030373
v -0.119994 -0.030000 0.030373
v -0.092464 -0.040000 0.006750
v -0.092464 -0.030000 0.006750
v -0.087894 -0.030000 0.004301
v -0.096577 -0.040000 0.009904
v -0.096577 -0.030000 0.009904
v -0.087894 -0.040000 0.004301
v -0.082990 -0.030000 0.002622
v -0.082990 -0.040000 0.002622
v -0.058530 -0.030000 -0.021194
v -0.088739 -0.030000 -0.009250
v -0.088739 -0.040000 -0.009250
v -0.058530 -0.040000 -0.021194
v -0.082990 -0.030000 0.002622
v -0.057188 -0.040000 -0.008072
v -0.082990 -0.040000 0.002622
v -0.057188 -0.030000 -0.008072
v -0.088739 0.030750 -0.009250
v -0.058530 0.020750 -0.021194
v -0.058530 0.030750 -0.021194
v -0.088739 0.020750 -0.009250
v -0.082990 0.030750 0.002622
v -0.057188 0.030750 -0.008072
v -0.057188 0.020750 -0.008072
v -0.082990 0.020750 0.002622
v -0.096577 -0.010000 0.009904
v -0.119808 0.000000 0.030386
v -0.096577 0.000000 0.009904
v -0.119808 -0.010000 0.030386
v -0.119994 0.000000 0.030373
v -0.119808 0.000000 0.030386
v -0.119808 -0.010000 0.030386
v -0.119994 -0.010000 0.030373
v -0.107948 0.000000 0.002867
v -0.112683 -0.010000 0.008869
v -0.107948 -0.010000 0.002867
v -0.102267 -0.010000 -0.002246
v -0.102267 0.000000 -0.002246
v -0.095802 -0.010000 -0.006325
v -0.095802 0.000000 -0.006325
v -0.088739 0.000000 -0.009250
v -0.088739 -0.010000 -0.009250
v -0.112683 0.000000 0.008869
v -0.116333 -0.010000 0.015586
v -0.116333 0.000000 0.015586
v -0.118794 0.000000 0.022824
v -0.118794 -0.010000 0.022824
v -0.119994 -0.010000 0.030373
v -0.119994 0.000000 0.030373
v -0.092464 -0.010000 0.006750
v -0.092464 0.000000 0.006750
v -0.087894 0.000000 0.004301
v -0.096577 -0.010000 0.009904
v -0.096577 0.000000 0.009904
v -0.087894 -0.010000 0.004301
v -0.082990 0.000000 0.002622
v -0.082990 -0.010000 0.002622
v -0.082990 -0.010000 0.002622
v -0.082990 0.000000 0.002622
v -0.057188 0.000000 -0.008072
v -0.057188 -0.010000 -0.008072
v -0.058530 0.000000 -0.021194
v -0.088739 0.000000 -0.009250
v -0.088739 -0.010000 -0.009250
v -0.058530 -0.010000 -0.021194
v -0.110607 0.020750 0.016468
v -0.110547 0.030750 0.016793
v -0.110547 0.020750 0.016793
v -0.111090 0.020750 0.015614
v -0.110899 0.030750 0.015849
v -0.110883 0.020750 0.015871
v -0.110720 0.020750 0.016158
v -0.110728 0.030750 0.016142
v -0.110610 0.030750 0.016460
v -0.111666 0.030750 0.015196
v -0.111618 0.020750 0.015220
v -0.111923 0.020750 0.015093
v -0.111116 0.030750 0.015588
v -0.111338 0.020750 0.015395
v -0.111374 0.030750 0.015369
v -0.112575 0.020750 0.014997
v -0.112903 0.020750 0.015031
v -0.112655 0.030750 0.015000
v -0.112245 0.020750 0.015018
v -0.112315 0.030750 0.015009
v -0.111983 0.030750 0.015075
v -0.113795 0.020750 0.015442
v -0.113613 0.030750 0.015312
v -0.113522 0.020750 0.015256
v -0.113313 0.030750 0.015154
v -0.112991 0.030750 0.015049
v -0.113222 0.020750 0.015118
v -0.114299 0.030750 0.016051
v -0.114231 0.020750 0.015935
v -0.114383 0.020750 0.016229
v -0.113883 0.030750 0.015518
v -0.114033 0.020750 0.015671
v -0.114114 0.030750 0.015767
v -0.114532 0.020750 0.016870
v -0.114526 0.020750 0.017200
v -0.114536 0.030750 0.017031
v -0.114484 0.020750 0.016543
v -0.114513 0.030750 0.016692
v -0.114433 0.030750 0.016363
v -0.114189 0.020750 0.018123
v -0.114265 0.030750 0.018002
v -0.114351 0.020750 0.017835
v -0.114410 0.030750 0.017695
v -0.114502 0.030750 0.017368
v -0.114465 0.020750 0.017525
v -0.113555 0.030750 0.018717
v -0.113734 0.020750 0.018598
v -0.113454 0.020750 0.018774
v -0.114071 0.030750 0.018279
v -0.113981 0.020750 0.018379
v -0.113832 0.030750 0.018520
v -0.112827 0.020750 0.018975
v -0.112498 0.020750 0.018996
v -0.112587 0.030750 0.018996
v -0.113149 0.020750 0.018900
v -0.112924 0.030750 0.018959
v -0.113250 0.030750 0.018865
v -0.112248 0.030750 0.018976
v -0.112169 0.020750 0.018963
v -0.111918 0.030750 0.018899
v -0.111605 0.030750 0.018767
v -0.111851 0.020750 0.018875
v -0.111550 0.020750 0.018737
v -0.111319 0.030750 0.018584
v -0.111278 0.020750 0.018551
v -0.111068 0.030750 0.018356
v -0.110861 0.030750 0.018088
v -0.111039 0.020750 0.018323
v -0.110840 0.020750 0.018058
v -0.110700 0.030750 0.017789
v -0.110690 0.020750 0.017765
v -0.110592 0.030750 0.017468
v -0.110541 0.030750 0.017132
v -0.110588 0.020750 0.017450
v -0.110540 0.020750 0.017123
v -0.084521 0.020750 -0.003675
v -0.084461 0.030750 -0.003351
v -0.084461 0.020750 -0.003351
v -0.085005 0.020750 -0.004530
v -0.084813 0.030750 -0.004295
v -0.084798 0.020750 -0.004273
v -0.084635 0.020750 -0.003986
v -0.084642 0.030750 -0.004002
v -0.084524 0.030750 -0.003684
v -0.085581 0.030750 -0.004948
v -0.085533 0.020750 -0.004924
v -0.085838 0.020750 -0.005051
v -0.085030 0.030750 -0.004555
v -0.085253 0.020750 -0.004749
v -0.085289 0.030750 -0.004775
v -0.086489 0.020750 -0.005147
v -0.086818 0.020750 -0.005113
v -0.086569 0.030750 -0.005144
v -0.086159 0.020750 -0.005126
v -0.086230 0.030750 -0.005135
v -0.085898 0.030750 -0.005069
v -0.087709 0.020750 -0.004701
v -0.087528 0.030750 -0.004832
v -0.087436 0.020750 -0.004887
v -0.087228 0.030750 -0.004990
v -0.086905 0.030750 -0.005095
v -0.087136 0.020750 -0.005026
v -0.088213 0.030750 -0.004093
v -0.088146 0.020750 -0.004208
v -0.088297 0.020750 -0.003915
v -0.087797 0.030750 -0.004626
v -0.087948 0.020750 -0.004473
v -0.088028 0.030750 -0.004377
v -0.088446 0.020750 -0.003274
v -0.088440 0.020750 -0.002944
v -0.088450 0.030750 -0.003113
v -0.088398 0.020750 -0.003601
v -0.088427 0.030750 -0.003451
v -0.088347 0.030750 -0.003781
v -0.088103 0.020750 -0.002021
v -0.088180 0.030750 -0.002142
v -0.088266 0.020750 -0.002308
v -0.088325 0.030750 -0.002449
v -0.088416 0.030750 -0.002776
v -0.088379 0.020750 -0.002619
v -0.087470 0.030750 -0.001426
v -0.087648 0.020750 -0.001545
v -0.087368 0.020750 -0.001370
v -0.087985 0.030750 -0.001864
v -0.087896 0.020750 -0.001764
v -0.087746 0.030750 -0.001623
v -0.086742 0.020750 -0.001168
v -0.086412 0.020750 -0.001147
v -0.086501 0.030750 -0.001148
v -0.087063 0.020750 -0.001243
v -0.086839 0.030750 -0.001185
v -0.087165 0.030750 -0.001279
v -0.086163 0.030750 -0.001168
v -0.086083 0.020750 -0.001181
v -0.085832 0.030750 -0.001245
v -0.085520 0.030750 -0.001377
v -0.085765 0.020750 -0.001268
v -0.085465 0.020750 -0.001407
v -0.085234 0.030750 -0.001560
v -0.085192 0.020750 -0.001593
v -0.084983 0.030750 -0.001788
v -0.084775 0.030750 -0.002056
v -0.084953 0.020750 -0.001821
v -0.084755 0.020750 -0.002086
v -0.084614 0.030750 -0.002354
v -0.084604 0.020750 -0.002379
v -0.084507 0.030750 -0.002676
v -0.084455 0.030750 -0.003011
v -0.084503 0.020750 -0.002693
v -0.084455 0.020750 -0.003020
vn -0.5809 -0.0000 -0.8140
vn -0.5808 -0.0000 -0.8140
vn -0.5809 0.0001 -0.8140
vn 0.9948 -0.0000 -0.1018
vn 0.9948 -0.0001 -0.1018
vn 0.9948 0.0001 -0.1017
vn 0.9948 -0.0003 -0.1019
vn 0.9948 0.0005 -0.1016
vn 0.9948 0.0004 -0.1019
vn 0.9948 0.0001 -0.1015
vn 0.9948 0.0001 -0.1018
vn 0.9948 -0.0000 -0.1017
vn 0.9948 -0.0003 -0.1018
vn 0.9948 -0.0002 -0.1016
vn 0.9947 0.0018 -0.1028
vn 0.9949 -0.0011 -0.1011
vn 0.9948 0.0004 -0.1020
vn 0.9948 -0.0003 -0.1016
vn 0.9948 -0.0002 -0.1017
vn 0.9948 0.0003 -0.1019
vn 0.9948 -0.0008 -0.1016
vn 0.9948 0.0007 -0.1021
vn 0.1003 -0.1702 0.9803
vn 0.1017 -0.0000 0.9948
vn 0.1003 -0.1701 0.9803
vn 0.0959 -0.3347 0.9375
vn 0.0959 -0.3344 0.9376
vn 0.0886 -0.4909 0.8667
vn 0.0789 -0.6317 0.7712
vn 0.0669 -0.7540 0.6534
vn 0.0668 -0.7540 0.6534
vn 0.1003 0.1703 0.9803
vn 0.1003 0.1700 0.9803
vn 0.0959 0.3344 0.9375
vn 0.0887 0.4907 0.8668
vn 0.0959 0.3347 0.9375
vn 0.0887 0.4909 0.8667
vn 0.0789 0.6317 0.7712
vn 0.0669 0.7541 0.6534
vn 0.0668 0.7540 0.6534
vn 0.0668 -0.7541 0.6534
vn 0.0669 -0.7541 0.6534
vn 0.9949 -0.0000 -0.1013
vn 0.9948 -0.0000 -0.1016
vn 0.9948 0.0001 -0.1019
vn 0.9948 -0.0002 -0.1015
vn -0.9948 -0.0000 0.1018
vn -0.9948 -0.0000 0.1016
vn -0.9948 -0.0000 0.1019
vn -0.9948 -0.0000 0.1017
vn -0.9948 -0.0000 0.1015
vn -0.9948 0.0001 0.1017
vn -0.9948 0.0001 0.1016
vn -0.9947 -0.0002 0.1028
vn -0.9948 0.0001 0.1018
vn -0.9948 -0.0001 0.1020
vn -0.9948 0.0002 0.1014
vn -0.9948 0.0003 0.1014
vn -0.9948 -0.0002 0.1020
vn -0.9949 0.0005 0.1012
vn -0.9948 0.0003 0.1015
vn -0.9948 0.0002 0.1016
vn -0.9949 -0.0000 0.1013
vn -0.9948 -0.0000 0.1020
vn -0.9949 -0.0006 0.1013
vn -0.9948 -0.0001 0.1016
vn -0.9948 -0.0002 0.1016
vn -0.9948 -0.0000 0.1023
vn -0.9948 0.0002 0.1018
vn -0.9949 0.0018 0.1009
vn -0.9948 0.0003 0.1016
vn -0.9948 0.0002 0.1017
vn -0.9948 -0.0001 0.1019
vn -0.9949 -0.0002 0.1010
vn -0.9949 -0.0000 0.1009
vn -0.0000 -1.0000 -0.0000
vn 0.0790 0.6298 0.7727
vn 0.0668 0.7540 0.6535
vn 0.0669 0.7540 0.6534
vn 0.1004 0.1605 0.9819
vn 0.0961 0.3283 0.9397
vn 0.0962 0.3274 0.9400
vn 0.0889 0.4860 0.8694
vn 0.0890 0.4858 0.8695
vn 0.0791 0.6296 0.7729
vn 0.1000 -0.1836 0.9779
vn 0.1000 -0.1833 0.9779
vn 0.0953 -0.3503 0.9318
vn 0.1004 0.1609 0.9819
vn 0.1017 -0.0121 0.9947
vn 0.1017 -0.0118 0.9947
vn 0.0775 -0.6481 0.7576
vn 0.0650 -0.7697 0.6351
vn 0.0775 -0.6480 0.7577
vn 0.0877 -0.5069 0.8576
vn 0.0877 -0.5074 0.8572
vn 0.0953 -0.3499 0.9319
vn 0.0507 -0.8672 0.4953
vn 0.0346 -0.9405 0.3381
vn 0.0506 -0.8678 0.4943
vn 0.0650 -0.7699 0.6349
vn 0.0345 -0.9407 0.3374
vn 0.0175 -0.9851 0.1710
vn 0.0175 -0.9852 0.1706
vn -0.0000 -1.0000 0.0001
vn 0.0668 0.7541 0.6534
vn 0.0174 0.9853 0.1700
vn -0.0000 1.0000 0.0001
vn 0.0650 0.7695 0.6353
vn 0.0505 0.8679 0.4941
vn 0.0505 0.8679 0.4942
vn 0.0345 0.9407 0.3374
vn 0.0345 0.9407 0.3375
vn 0.0175 0.9851 0.1714
vn 0.0877 0.5073 0.8573
vn 0.0877 0.5068 0.8576
vn 0.0953 0.3513 0.9314
vn 0.0650 0.7692 0.6356
vn 0.0775 0.6479 0.7578
vn 0.0775 0.6486 0.7572
vn 0.1018 0.0116 0.9947
vn 0.1005 -0.1610 0.9818
vn 0.1018 0.0119 0.9947
vn 0.1001 0.1838 0.9779
vn 0.1001 0.1836 0.9779
vn 0.0954 0.3500 0.9319
vn 0.0961 -0.3286 0.9396
vn 0.0890 -0.4858 0.8695
vn 0.0961 -0.3282 0.9397
vn 0.1005 -0.1608 0.9819
vn 0.0889 -0.4862 0.8693
vn 0.0791 -0.6296 0.7729
vn 0.0791 -0.6298 0.7727
vn -0.0000 1.0000 -0.0000
vn -0.2613 0.8928 -0.3668
vn -0.1978 0.9400 -0.2778
vn -0.2883 0.8681 -0.4041
vn -0.5751 0.1370 -0.8066
vn -0.5802 0.0474 -0.8131
vn -0.5782 0.0945 -0.8104
vn -0.5749 0.1427 -0.8057
vn -0.5702 0.1899 -0.7993
vn -0.5643 0.2374 -0.7907
vn -0.5586 0.2737 -0.7830
vn -0.5755 0.1366 -0.8063
vn -0.5595 0.2699 -0.7837
vn -0.5754 0.1358 -0.8065
vn -0.5254 0.4262 -0.7364
vn -0.4885 0.5400 -0.6854
vn -0.5289 0.4098 -0.7432
vn -0.5591 0.2721 -0.7832
vn -0.5322 0.4013 -0.7455
vn -0.4342 0.6632 -0.6096
vn -0.4383 0.6565 -0.6139
vn -0.4932 0.5288 -0.6908
vn -0.4891 0.5400 -0.6850
vn -0.5040 0.4975 -0.7060
vn -0.4206 0.6893 -0.5899
vn -0.3675 0.7740 -0.5156
vn -0.4547 0.6227 -0.6368
vn -0.4727 0.5817 -0.6620
vn -0.3673 0.7751 -0.5141
vn -0.3916 0.7390 -0.5482
vn -0.3773 0.7606 -0.5284
vn -0.3732 0.7660 -0.5235
vn -0.3977 0.7286 -0.5577
vn -0.3197 0.8346 -0.4486
vn -0.2911 0.8651 -0.4085
vn -0.2934 0.8630 -0.4113
vn -0.1987 0.9396 -0.2788
vn -0.2304 0.9178 -0.3234
vn -0.2998 0.8569 -0.4194
vn -0.2093 0.9330 -0.2928
vn -0.2536 0.8999 -0.3548
vn -0.1038 0.9838 -0.1460
vn -0.1084 0.9825 -0.1513
vn -0.2212 0.9248 -0.3094
vn -0.1873 0.9467 -0.2620
vn -0.0391 0.9977 -0.0548
vn -0.0778 0.9910 -0.1087
vn -0.1153 0.9801 -0.1613
vn -0.1519 0.9653 -0.2125
vn -0.1663 0.9580 -0.2336
vn -0.1007 0.9848 -0.1412
vn -0.0000 1.0000 -0.0001
vn -0.0665 0.9934 -0.0933
vn -0.0999 0.9851 -0.1402
vn -0.0332 0.9984 -0.0466
vn -0.2032 0.9367 -0.2850
vn -0.2845 0.8721 -0.3981
vn -0.3138 0.8419 -0.4390
vn -0.3414 0.8095 -0.4777
vn -0.4143 0.7015 -0.5799
vn -0.4418 0.6498 -0.6186
vn -0.3472 0.8014 -0.4870
vn -0.3721 0.7680 -0.5213
vn -0.4422 0.6481 -0.6200
vn -0.4620 0.6058 -0.6477
vn -0.4353 0.6626 -0.6095
vn -0.4802 0.5624 -0.6732
vn -0.5176 0.4543 -0.7251
vn -0.5120 0.4722 -0.7176
vn -0.4969 0.5177 -0.6965
vn -0.4911 0.5342 -0.6881
vn -0.5477 0.3323 -0.7679
vn -0.5374 0.3796 -0.7531
vn -0.5297 0.4107 -0.7421
vn -0.5406 0.3665 -0.7573
vn -0.5568 0.2854 -0.7801
vn -0.5500 0.3219 -0.7706
vn -0.5312 0.4053 -0.7440
vn -0.5582 0.2770 -0.7821
vn -0.5652 0.2315 -0.7918
vn -0.5708 0.1859 -0.7998
vn -0.5752 0.1403 -0.8059
vn -0.5784 0.0935 -0.8104
vn -0.5803 0.0469 -0.8131
vn -0.1333 0.9733 -0.1871
vn -0.3678 -0.0000 -0.9299
vn -0.6807 0.0003 -0.7325
vn -0.6750 -0.0003 -0.7378
vn -0.6939 -0.0004 -0.7201
vn -0.7116 -0.0004 -0.7026
vn -0.6993 0.0002 -0.7148
vn -0.7289 -0.0003 -0.6846
vn -0.7177 0.0002 -0.6963
vn -0.7354 0.0003 -0.6777
vn -0.7468 -0.0003 -0.6651
vn -0.7635 -0.0004 -0.6458
vn -0.7527 0.0003 -0.6584
vn -0.7796 -0.0004 -0.6263
vn -0.7696 0.0003 -0.6386
vn -0.7858 0.0003 -0.6185
vn -0.7957 -0.0003 -0.6056
vn -0.8107 -0.0003 -0.5855
vn -0.8008 0.0003 -0.5990
vn -0.8249 -0.0003 -0.5653
vn -0.8150 0.0002 -0.5795
vn -0.8288 0.0002 -0.5596
vn -0.8391 -0.0003 -0.5440
vn -0.8529 -0.0003 -0.5221
vn -0.8423 0.0002 -0.5390
vn -0.8662 -0.0002 -0.4996
vn -0.8556 0.0002 -0.5177
vn -0.8682 0.0001 -0.4962
vn -0.8787 -0.0002 -0.4774
vn -0.8903 -0.0002 -0.4554
vn -0.8801 -0.0000 -0.4748
vn -0.9016 -0.0002 -0.4325
vn -0.8915 -0.0000 -0.4530
vn -0.9025 -0.0000 -0.4306
vn -0.9122 -0.0001 -0.4097
vn -0.9226 -0.0000 -0.3857
vn -0.9126 -0.0000 -0.4088
vn -0.6615 0.0002 -0.7500
vn -0.6560 -0.0003 -0.7548
vn -0.6415 0.0002 -0.7671
vn -0.6217 0.0002 -0.7833
vn -0.6367 -0.0003 -0.7711
vn -0.6012 0.0002 -0.7991
vn -0.6165 -0.0003 -0.7873
vn -0.5961 -0.0004 -0.8029
vn -0.5803 0.0001 -0.8144
vn -0.5586 -0.0000 -0.8294
vn -0.5756 -0.0004 -0.8178
vn -0.5369 0.0001 -0.8437
vn -0.5549 -0.0003 -0.8319
vn -0.5337 -0.0002 -0.8457
vn -0.5152 0.0002 -0.8571
vn -0.4928 0.0002 -0.8702
vn -0.5119 -0.0002 -0.8591
vn -0.4700 0.0002 -0.8826
vn -0.4898 -0.0001 -0.8719
vn -0.4671 -0.0001 -0.8842
vn -0.4469 0.0001 -0.8946
vn -0.4233 0.0001 -0.9060
vn -0.4446 -0.0001 -0.8957
vn -0.3997 0.0001 -0.9166
vn -0.4213 -0.0001 -0.9069
vn -0.3983 -0.0001 -0.9173
vn -0.3760 -0.0000 -0.9266
vn -0.3521 -0.0000 -0.9360
vn -0.3752 -0.0001 -0.9269
vn -0.3277 -0.0000 -0.9448
vn -0.3516 -0.0000 -0.9361
vn -0.3274 -0.0000 -0.9449
vn -0.3028 -0.0000 -0.9530
vn -0.3029 -0.0000 -0.9530
vn 0.4289 -0.0000 0.9034
vn 0.4535 -0.0000 0.8913
vn 0.3521 -0.0000 0.9360
vn 0.3778 -0.0000 0.9259
vn 0.4032 -0.0000 0.9151
vn 0.2996 -0.0000 0.9541
vn 0.2727 -0.0000 0.9621
vn 0.3260 -0.0000 0.9454
vn 0.2462 -0.0000 0.9692
vn 0.3832 -0.0000 0.9237
vn 0.3827 -0.0000 0.9239
vn -0.1021 -0.0000 -0.9948
vn -0.1015 -0.0000 -0.9948
vn 0.0187 -0.0000 -0.9998
vn -0.9754 -0.0000 0.2205
vn 0.0189 -0.0000 -0.9998
vn 0.1392 -0.0000 -0.9903
vn 0.2576 -0.0000 -0.9663
vn 0.1393 -0.0000 -0.9902
vn 0.2577 -0.0000 -0.9662
vn 0.3727 -0.0000 -0.9279
vn 0.3726 -0.0000 -0.9280
vn 0.4810 -0.0000 -0.8767
vn 0.5836 -0.0001 -0.8120
vn 0.5849 -0.0000 -0.8111
vn 0.6768 -0.0000 -0.7362
vn 0.6775 -0.0000 -0.7355
vn 0.7606 -0.0000 -0.6492
vn 0.8337 -0.0000 -0.5522
vn 0.7609 -0.0000 -0.6489
vn 0.8335 -0.0000 -0.5525
vn 0.8943 -0.0000 -0.4475
vn 0.8944 -0.0001 -0.4473
vn 0.9415 -0.0000 -0.3371
vn 0.9751 -0.0000 -0.2216
vn 0.9419 -0.0000 -0.3359
vn 0.9753 -0.0000 -0.2208
vn 0.9948 -0.0000 -0.1014
vn -0.2210 -0.0000 -0.9753
vn -0.3373 -0.0000 -0.9414
vn -0.2206 -0.0000 -0.9754
vn -0.3359 -0.0000 -0.9419
vn -0.4480 -0.0000 -0.8940
vn -0.5518 0.0001 -0.8340
vn -0.6489 -0.0000 -0.7609
vn -0.5529 -0.0000 -0.8333
vn -0.6492 -0.0000 -0.7606
vn -0.7366 -0.0000 -0.6763
vn -0.7356 -0.0000 -0.6775
vn -0.8120 -0.0000 -0.5837
vn -0.8758 0.0001 -0.4826
vn -0.8123 -0.0000 -0.5832
vn -0.8768 -0.0000 -0.4808
vn -0.9277 -0.0000 -0.3733
vn -0.9283 -0.0000 -0.3718
vn -0.9662 -0.0000 -0.2578
vn -0.9903 -0.0000 -0.1388
vn -0.9664 -0.0000 -0.2572
vn -0.9903 -0.0000 -0.1390
vn -0.9998 -0.0000 -0.0187
vn -0.9998 -0.0000 -0.0188
vn -0.9412 -0.0001 0.3379
vn -0.9419 -0.0000 0.3359
vn -0.9751 -0.0000 0.2219
vn -0.7606 -0.0000 0.6492
vn -0.7601 -0.0000 0.6498
vn -0.8336 -0.0000 0.5524
vn -0.8941 -0.0000 0.4479
vn -0.8333 -0.0000 0.5529
vn -0.8944 -0.0001 0.4473
vn -0.5836 -0.0001 0.8120
vn -0.4813 -0.0000 0.8765
vn -0.4810 -0.0000 0.8767
vn -0.6775 -0.0000 0.7355
vn -0.6768 -0.0000 0.7361
vn -0.5841 -0.0000 0.8117
vn -0.1409 -0.0000 0.9900
vn -0.2576 -0.0000 0.9662
vn -0.1392 -0.0000 0.9903
vn -0.2580 -0.0000 0.9661
vn -0.3725 -0.0000 0.9280
vn -0.3727 0.0001 0.9280
vn 0.2221 -0.0000 0.9750
vn 0.2216 -0.0000 0.9751
vn 0.1018 -0.0000 0.9948
vn -0.0187 -0.0000 0.9998
vn 0.1014 -0.0000 0.9948
vn -0.0188 -0.0000 0.9998
vn 0.4482 -0.0000 0.8939
vn 0.5529 -0.0000 0.8333
vn 0.5518 0.0001 0.8340
vn 0.3370 -0.0000 0.9415
vn 0.3366 -0.0000 0.9417
vn 0.4480 -0.0000 0.8940
vn 0.8120 -0.0000 0.5837
vn 0.7356 -0.0000 0.6775
vn 0.8120 -0.0000 0.5836
vn 0.7356 -0.0000 0.6774
vn 0.6477 -0.0000 0.7619
vn 0.6492 -0.0000 0.7606
vn 0.8768 -0.0000 0.4808
vn 0.8764 -0.0000 0.4815
vn 0.9283 -0.0000 0.3718
vn 0.9280 -0.0000 0.3725
vn 0.9664 -0.0000 0.2572
vn 0.9903 -0.0000 0.1390
vn 0.9902 -0.0000 0.1394
vn 0.9998 -0.0000 0.0188
vn 0.9998 -0.0000 0.0186
vn 0.6613 -0.0000 0.7501
vn -0.1017 -0.0000 -0.9948
vn -0.1018 -0.0000 -0.9948
vn 0.0188 -0.0000 -0.9998
vn -0.9948 -0.0000 0.1014
vn -0.9752 -0.0000 0.2212
vn 0.1394 -0.0000 -0.9902
vn 0.2570 -0.0000 -0.9664
vn 0.1390 -0.0000 -0.9903
vn 0.2566 -0.0000 -0.9665
vn 0.3718 -0.0000 -0.9283
vn 0.3729 -0.0000 -0.9279
vn 0.5836 -0.0000 -0.8120
vn 0.4819 -0.0000 -0.8763
vn 0.5825 -0.0000 -0.8129
vn 0.6774 -0.0000 -0.7356
vn 0.6776 -0.0000 -0.7354
vn 0.7608 -0.0000 -0.6489
vn 0.8331 -0.0000 -0.5531
vn 0.7608 -0.0000 -0.6490
vn 0.8940 -0.0000 -0.4481
vn 0.9418 -0.0001 -0.3362
vn 0.9753 -0.0000 -0.2210
vn 0.9417 -0.0001 -0.3366
vn 0.9754 -0.0000 -0.2206
vn 0.9948 -0.0000 -0.1020
vn -0.2205 -0.0000 -0.9754
vn -0.3363 -0.0000 -0.9418
vn -0.3361 -0.0000 -0.9418
vn -0.4488 -0.0000 -0.8937
vn -0.4496 -0.0000 -0.8932
vn -0.5519 -0.0000 -0.8339
vn -0.5525 -0.0000 -0.8335
vn -0.6483 -0.0000 -0.7614
vn -0.7355 -0.0000 -0.6775
vn -0.7357 -0.0000 -0.6773
vn -0.8117 -0.0000 -0.5840
vn -0.8768 -0.0000 -0.4809
vn -0.8123 -0.0000 -0.5833
vn -0.8767 -0.0000 -0.4810
vn -0.9283 -0.0000 -0.3717
vn -0.9661 -0.0000 -0.2581
vn -0.9903 -0.0000 -0.1393
vn -0.9902 -0.0000 -0.1395
vn -0.9998 -0.0000 -0.0189
vn -0.9409 -0.0000 0.3387
vn -0.9415 -0.0000 0.3370
vn -0.9753 -0.0000 0.2208
vn -0.7609 -0.0000 0.6489
vn -0.7612 -0.0000 0.6485
vn -0.8340 -0.0000 0.5518
vn -0.8940 -0.0000 0.4481
vn -0.8337 -0.0000 0.5522
vn -0.8940 -0.0000 0.4480
vn -0.5831 -0.0000 0.8124
vn -0.4812 -0.0000 0.8766
vn -0.4811 -0.0000 0.8767
vn -0.6769 -0.0000 0.7360
vn -0.6769 -0.0000 0.7361
vn -0.5834 -0.0000 0.8122
vn -0.1388 -0.0000 0.9903
vn -0.2576 -0.0000 0.9663
vn -0.1391 -0.0000 0.9903
vn -0.2591 -0.0000 0.9659
vn -0.3728 -0.0000 0.9279
vn -0.3723 -0.0000 0.9281
vn 0.2217 -0.0000 0.9751
vn -0.0184 -0.0000 0.9998
vn -0.0186 -0.0000 0.9998
vn 0.4474 -0.0000 0.8944
vn 0.5527 -0.0000 0.8334
vn 0.5523 -0.0000 0.8336
vn 0.3367 -0.0000 0.9416
vn 0.4474 -0.0000 0.8943
vn 0.8130 -0.0001 0.5822
vn 0.7366 -0.0001 0.6763
vn 0.6490 -0.0000 0.7608
vn 0.6492 -0.0000 0.7607
vn 0.8762 -0.0000 0.4820
vn 0.9279 -0.0000 0.3729
vn 0.9281 -0.0000 0.3724
vn 0.9663 -0.0000 0.2575
vn 0.9903 -0.0000 0.1392
vn 0.9998 -0.0000 0.0190
vn 0.9998 -0.0000 0.0189
vn 0.9948 -0.0002 -0.1018
vn 0.9948 0.0004 -0.1017
vn 0.9948 -0.0004 -0.1019
vn 0.9947 -0.0000 -0.1024
vn 0.9948 0.0002 -0.1018
vn 0.9948 -0.0001 -0.1017
vn -0.9103 -0.0000 -0.4140
vn -0.0723 -0.0000 0.9974
vn -0.0721 -0.0000 0.9974
vn -0.0000 -1.0000 -0.0001
vn -0.6035 -0.0000 -0.7974
vn -0.4598 -0.0000 -0.8880
vn -0.8349 -0.0000 -0.5504
vn -0.9160 -0.0000 -0.4011
vn -0.7297 -0.0000 -0.6838
vn -0.9707 -0.0000 -0.2403
vn -0.9974 -0.0000 -0.0726
vn 0.5422 -0.0000 0.8402
vn 0.6707 -0.0000 0.7417
vn 0.3994 -0.0000 0.9168
vn 0.0412 -0.0000 -0.9992
vn 0.0414 -0.0000 -0.9991
vn 0.0420 -0.0000 -0.9991
vn 0.0416 -0.0000 -0.9991
vn 0.0408 0.0001 -0.9992
vn 0.0408 -0.0001 -0.9992
vn -0.4078 -0.0000 0.9131
vn -0.4463 -0.0000 0.8949
vn -0.4275 -0.0000 0.9040
vn -0.3875 -0.0000 0.9219
vn -0.3352 0.0001 0.9421
vn -0.2943 -0.0001 0.9557
vn -0.2193 0.0001 0.9757
vn -0.1980 -0.0002 0.9802
vn -0.1002 -0.0000 0.9950
vn -0.4276 -0.0000 0.9040
vn -0.1975 0.0009 0.9803
vn -0.2193 -0.0000 0.9757
vn -0.2943 0.0001 0.9557
vn -0.3353 -0.0000 0.9421
vn -0.2194 -0.0000 0.9756
vn -0.4139 -0.0000 0.9103
vn -0.4140 -0.0000 0.9103
vn -0.4138 -0.0000 0.9104
vn 0.9103 -0.0000 0.4140
vn 0.6436 0.7071 0.2927
vn 0.6436 0.7071 0.2928
vn 0.6436 -0.7071 0.2927
vn 0.6436 -0.7071 0.2928
vn 0.5351 0.8090 0.2434
vn 0.5187 0.8215 0.2367
vn 0.2813 0.9511 0.1279
vn 0.3770 0.9102 0.1715
vn 0.4133 0.8910 0.1880
vn 0.0001 1.0000 -0.0000
vn 0.1284 0.9900 0.0585
vn 0.1424 0.9877 0.0648
vn 0.2560 0.9596 0.1168
vn 0.5351 -0.8090 0.2434
vn 0.6436 -0.7072 0.2927
vn 0.5187 -0.8215 0.2367
vn 0.4133 -0.8910 0.1880
vn 0.3771 -0.9102 0.1715
vn 0.2813 -0.9510 0.1280
vn 0.2559 -0.9596 0.1168
vn 0.1424 -0.9877 0.0648
vn 0.1289 -0.9899 0.0588
vn -0.3677 -0.0000 -0.9300
vn 0.3829 -0.0000 0.9238
vn -0.0722 -0.0000 0.9974
vn -0.9646 -0.0000 0.2637
vn -0.9948 -0.0001 0.1021
vn -0.7230 0.0002 0.6909
vn -0.8269 0.0001 0.5624
vn -0.8187 -0.0003 0.5742
vn -0.9077 -0.0000 0.4196
vn -0.9635 -0.0002 0.2678
vn -0.9040 -0.0002 0.4275
vn -0.4348 -0.0004 0.9005
vn -0.3067 0.0004 0.9518
vn -0.4588 0.0003 0.8886
vn -0.7102 -0.0000 0.7040
vn -0.5812 -0.0002 0.8138
vn -0.5980 0.0003 0.8015
vn 0.0198 0.0005 0.9998
vn 0.0591 -0.0005 0.9982
vn 0.1837 0.0005 0.9830
vn -0.1457 0.0004 0.9893
vn -0.2768 -0.0005 0.9609
vn -0.1102 -0.0005 0.9939
vn 0.6296 0.0006 0.7769
vn 0.4922 0.0005 0.8705
vn 0.5382 -0.0007 0.8428
vn 0.3894 -0.0006 0.9211
vn 0.3428 0.0001 0.9394
vn 0.2280 -0.0005 0.9737
vn 0.8816 -0.0007 0.4720
vn 0.9234 0.0003 0.3838
vn 0.8474 0.0002 0.5309
vn 0.6723 -0.0006 0.7403
vn 0.7884 -0.0006 0.6152
vn 0.7491 0.0007 0.6625
vn 0.9980 0.0007 0.0637
vn 0.9999 -0.0001 -0.0168
vn 0.9740 0.0007 0.2265
vn 0.9485 -0.0003 0.3168
vn 0.9883 -0.0007 0.1525
vn 0.8268 0.0007 -0.5625
vn 0.9079 -0.0000 -0.4192
vn 0.8648 -0.0007 -0.5022
vn 0.9370 -0.0002 -0.3494
vn 0.9645 -0.0000 -0.2642
vn 0.9826 0.0001 -0.1858
vn 0.5098 -0.0007 -0.8603
vn 0.4587 0.0006 -0.8886
vn 0.5992 0.0003 -0.8006
vn 0.7673 0.0003 -0.6413
vn 0.6474 -0.0006 -0.7621
vn 0.7224 0.0003 -0.6915
vn 0.1456 -0.0002 -0.9893
vn 0.0252 -0.0005 -0.9997
vn -0.0191 0.0005 -0.9998
vn 0.3054 0.0006 -0.9522
vn 0.3572 -0.0004 -0.9340
vn 0.1938 -0.0005 -0.9810
vn -0.1436 -0.0005 -0.9896
vn -0.3091 -0.0005 -0.9510
vn -0.1839 0.0005 -0.9829
vn -0.4654 -0.0004 -0.8851
vn -0.3429 0.0005 -0.9394
vn -0.4924 0.0004 -0.8704
vn -0.6082 -0.0001 -0.7938
vn -0.7347 -0.0003 -0.6783
vn -0.6294 0.0004 -0.7771
vn -0.8381 -0.0002 -0.5455
vn -0.7475 0.0002 -0.6642
vn -0.8480 0.0002 -0.5300
vn -0.9174 -0.0003 -0.3979
vn -0.9719 -0.0002 -0.2353
vn -0.9237 0.0002 -0.3831
vn -0.9978 -0.0001 -0.0664
vn -0.9738 0.0001 -0.2274
vn -0.9981 -0.0000 -0.0622
vn -0.9645 -0.0000 0.2640
vn -0.8265 0.0002 0.5630
vn -0.8186 -0.0002 0.5744
vn -0.9073 0.0001 0.4204
vn -0.9634 -0.0001 0.2682
vn -0.9040 -0.0001 0.4275
vn -0.3070 0.0004 0.9517
vn -0.7102 -0.0003 0.7040
vn -0.5806 -0.0004 0.8142
vn -0.5987 0.0003 0.8010
vn 0.0197 0.0005 0.9998
vn 0.0591 -0.0005 0.9983
vn 0.1839 0.0005 0.9829
vn -0.1460 0.0004 0.9893
vn -0.1097 -0.0005 0.9940
vn 0.6288 0.0006 0.7776
vn 0.4934 0.0006 0.8698
vn 0.5389 -0.0006 0.8424
vn 0.3890 -0.0006 0.9212
vn 0.3433 0.0006 0.9392
vn 0.2275 -0.0005 0.9738
vn 0.9236 0.0007 0.3834
vn 0.8479 0.0007 0.5302
vn 0.6729 -0.0006 0.7397
vn 0.7884 -0.0007 0.6152
vn 0.7483 0.0006 0.6634
vn 0.9999 -0.0001 -0.0169
vn 0.9485 -0.0002 0.3168
vn 0.9883 -0.0007 0.1523
vn 0.8265 0.0007 -0.5630
vn 0.9079 -0.0000 -0.4193
vn 0.8646 -0.0002 -0.5025
vn 0.9372 -0.0007 -0.3488
vn 0.9646 0.0007 -0.2639
vn 0.9826 -0.0001 -0.1857
vn 0.5097 -0.0000 -0.8603
vn 0.5980 0.0006 -0.8015
vn 0.7671 -0.0007 -0.6415
vn 0.6478 -0.0007 -0.7618
vn 0.7229 0.0006 -0.6909
vn 0.1457 0.0002 -0.9893
vn 0.0250 -0.0006 -0.9997
vn -0.0197 0.0005 -0.9998
vn 0.3063 0.0006 -0.9519
vn 0.3570 0.0001 -0.9341
vn 0.1939 -0.0002 -0.9810
vn -0.1434 -0.0006 -0.9897
vn -0.3093 -0.0005 -0.9510
vn -0.1840 0.0005 -0.9829
vn -0.4660 -0.0005 -0.8848
vn -0.3433 0.0004 -0.9392
vn -0.4928 0.0004 -0.8701
vn -0.6078 -0.0004 -0.7941
vn -0.7339 -0.0004 -0.6792
vn -0.6288 0.0003 -0.7776
vn -0.8377 -0.0003 -0.5461
vn -0.7483 0.0003 -0.6633
vn -0.8479 0.0002 -0.5302
vn -0.9179 -0.0002 -0.3968
vn -0.9720 -0.0001 -0.2352
vn -0.9236 0.0002 -0.3834
vn -0.9977 -0.0001 -0.0676
vn -0.9740 0.0001 -0.2265
vn -0.9980 -0.0000 -0.0633
s 1
f 1//1 3//2 2//2
f 2//2 4//1 1//1
f 5//1 6//1 4//1
f 7//1 1//1 4//1
f 4//1 6//1 8//3
f 7//1 4//1 8//3
f 4//1 9//1 5//1
f 10//4 12//4 11//5
f 13//6 15//4 14//4
f 16//6 10//4 11//5
f 16//6 17//7 10//4
f 10//4 19//4 18//8
f 17//7 19//4 10//4
f 20//9 21//10 18//8
f 10//4 18//8 21//10
f 22//11 24//12 23//13
f 20//9 25//14 23//13
f 23//13 27//15 26//4
f 23//13 29//16 28//17
f 23//13 31//18 30//11
f 23//13 33//5 32//19
f 23//13 35//4 34//4
f 23//13 37//12 36//20
f 23//13 39//4 38//4
f 23//13 41//4 40//4
f 40//4 42//4 23//13
f 23//13 42//4 39//4
f 43//21 23//13 34//4
f 41//4 23//13 43//21
f 44//5 37//12 23//13
f 23//13 36//20 35//4
f 31//18 23//13 32//19
f 23//13 30//11 44//5
f 45//22 23//13 26//4
f 33//5 23//13 45//22
f 24//12 29//16 23//13
f 23//13 28//17 27//15
f 25//14 22//11 23//13
f 23//13 21//10 20//9
f 46//12 13//6 14//4
f 21//10 23//13 13//6
f 46//12 47//12 13//6
f 13//6 49//12 48//12
f 47//12 49//12 13//6
f 13//6 51//4 50//4
f 48//12 51//4 13//6
f 13//6 53//4 52//4
f 50//4 53//4 13//6
f 21//10 13//6 54//4
f 52//4 54//4 13//6
f 55//4 21//10 56//12
f 21//10 54//4 56//12
f 57//23 59//24 58//24
f 57//23 61//25 60//26
f 61//25 57//23 58//24
f 62//27 63//28 60//26
f 60//26 61//25 62//27
f 64//29 63//28 65//28
f 62//27 65//28 63//28
f 64//29 67//29 66//30
f 67//29 64//29 65//28
f 66//30 67//29 68//31
f 69//32 58//24 59//24
f 70//33 71//34 69//32
f 69//32 59//24 70//33
f 72//35 71//34 73//36
f 70//33 73//36 71//34
f 72//35 75//37 74//38
f 75//37 72//35 73//36
f 76//38 77//39 74//38
f 74//38 75//37 76//38
f 76//38 78//40 77//39
f 79//41 81//41 80//42
f 79//41 82//41 81//41
f 83//41 82//41 79//41
f 80//42 84//31 79//41
f 85//4 87//43 86//4
f 88//4 89//44 87//43
f 90//11 92//43 91//45
f 93//46 87//43 89//44
f 94//4 95//4 90//11
f 90//11 97//4 96//4
f 90//11 95//4 98//4
f 90//11 98//4 99//4
f 96//4 100//4 90//11
f 100//4 94//4 90//11
f 101//14 90//11 91//45
f 97//4 90//11 101//14
f 90//11 93//46 92//43
f 90//11 87//43 93//46
f 90//11 86//4 87//43
f 86//4 102//12 85//4
f 103//47 105//48 104//47
f 106//47 108//49 107//47
f 108//49 106//47 109//50
f 107//47 111//51 110//50
f 110//50 106//47 107//47
f 110//50 111//51 112//47
f 113//47 110//50 112//47
f 111//51 115//52 114//47
f 112//47 111//51 114//47
f 111//51 117//53 116//54
f 115//52 111//51 116//54
f 111//51 119//55 118//50
f 117//53 111//51 118//50
f 111//51 121//56 120//49
f 119//55 111//51 120//49
f 111//51 123//57 122//49
f 121//56 111//51 122//49
f 111//51 125//58 124//47
f 123//57 111//51 124//47
f 111//51 127//53 126//47
f 125//58 111//51 126//47
f 111//51 129//59 128//47
f 127//53 111//51 128//47
f 111//51 131//47 130//60
f 129//59 111//51 130//60
f 111//51 133//50 132//61
f 131//47 111//51 132//61
f 111//51 135//62 134//47
f 133//50 111//51 134//47
f 136//50 138//47 137//63
f 103//47 139//64 105//48
f 139//64 141//49 140//49
f 140//49 105//48 139//64
f 140//49 141//49 136//50
f 142//47 137//63 138//47
f 138//47 136//50 141//49
f 143//64 137//63 144//50
f 137//63 142//47 144//50
f 145//65 146//66 137//63
f 145//65 137//63 143//64
f 137//63 147//47 135//62
f 146//66 147//47 137//63
f 148//67 137//63 135//62
f 148//67 135//62 111//51
f 148//67 111//51 149//48
f 150//68 152//47 151//69
f 149//48 111//51 150//68
f 153//70 152//47 154//52
f 153//70 151//69 152//47
f 155//71 152//47 156//47
f 155//71 154//52 152//47
f 157//72 158//73 152//47
f 159//73 156//47 152//47
f 159//73 152//47 158//73
f 160//49 162//49 161//47
f 163//49 160//49 164//49
f 160//49 163//49 162//49
f 164//49 166//64 165//74
f 165//74 163//49 164//49
f 167//75 168//50 166//64
f 165//74 166//64 168//50
f 169//51 167//75 170//64
f 167//75 169//51 168//50
f 171//49 169//51 170//64
f 170//64 173//50 172//47
f 171//49 170//64 172//47
f 173//50 170//64 174//49
f 174//49 170//64 175//50
f 152//47 176//67 157//72
f 157//72 176//67 170//64
f 170//64 176//67 175//50
f 150//68 111//51 152//47
f 177//76 179//76 178//76
f 180//76 178//76 181//76
f 182//76 184//76 183//76
f 180//76 181//76 185//76
f 186//76 188//76 187//76
f 187//76 190//76 189//76
f 191//76 182//76 192//76
f 193//76 189//76 194//76
f 191//76 196//76 195//76
f 195//76 198//76 197//76
f 199//76 200//76 195//76
f 195//76 197//76 201//76
f 202//76 204//76 203//76
f 202//76 206//76 205//76
f 207//76 209//76 208//76
f 208//76 209//76 184//76
f 210//76 212//76 211//76
f 213//76 215//76 214//76
f 216//76 178//76 179//76
f 217//76 218//76 178//76
f 178//76 219//76 177//76
f 220//76 221//76 178//76
f 178//76 221//76 219//76
f 222//76 223//76 178//76
f 178//76 223//76 220//76
f 224//76 225//76 178//76
f 178//76 225//76 222//76
f 226//76 227//76 178//76
f 178//76 227//76 224//76
f 228//76 178//76 180//76
f 178//76 228//76 226//76
f 229//76 231//76 230//76
f 232//76 228//76 180//76
f 233//76 235//76 234//76
f 235//76 236//76 230//76
f 237//76 239//76 238//76
f 240//76 241//76 234//76
f 242//76 244//76 243//76
f 245//76 244//76 246//76
f 247//76 249//76 248//76
f 250//76 242//76 251//76
f 252//76 254//76 253//76
f 255//76 257//76 256//76
f 258//76 259//76 252//76
f 180//76 261//76 260//76
f 252//76 248//76 262//76
f 263//76 232//76 231//76
f 264//76 265//76 247//76
f 266//76 267//76 180//76
f 180//76 267//76 268//76
f 269//76 270//76 180//76
f 180//76 270//76 266//76
f 180//76 260//76 271//76
f 180//76 271//76 269//76
f 180//76 273//76 272//76
f 261//76 180//76 272//76
f 180//76 275//76 274//76
f 273//76 180//76 274//76
f 257//76 276//76 180//76
f 275//76 180//76 276//76
f 277//76 278//76 257//76
f 257//76 278//76 276//76
f 279//76 280//76 257//76
f 257//76 280//76 277//76
f 281//76 282//76 257//76
f 257//76 282//76 279//76
f 257//76 255//76 283//76
f 257//76 283//76 281//76
f 252//76 284//76 257//76
f 256//76 257//76 284//76
f 252//76 259//76 284//76
f 285//76 252//76 253//76
f 258//76 252//76 285//76
f 254//76 252//76 286//76
f 262//76 286//76 252//76
f 287//76 248//76 288//76
f 287//76 262//76 248//76
f 289//76 249//76 247//76
f 249//76 288//76 248//76
f 290//76 247//76 265//76
f 290//76 289//76 247//76
f 291//76 265//76 264//76
f 264//76 242//76 250//76
f 250//76 291//76 264//76
f 292//76 251//76 242//76
f 293//76 243//76 244//76
f 243//76 292//76 242//76
f 238//76 245//76 246//76
f 245//76 293//76 244//76
f 240//76 239//76 237//76
f 238//76 246//76 237//76
f 234//76 241//76 233//76
f 240//76 237//76 241//76
f 235//76 233//76 236//76
f 230//76 236//76 229//76
f 231//76 229//76 263//76
f 231//76 232//76 294//76
f 295//76 294//76 180//76
f 232//76 180//76 294//76
f 268//76 295//76 180//76
f 296//76 195//76 297//76
f 298//76 300//76 299//76
f 200//76 301//76 195//76
f 301//76 198//76 195//76
f 195//76 196//76 199//76
f 195//76 182//76 191//76
f 192//76 182//76 183//76
f 183//76 184//76 209//76
f 215//76 207//76 208//76
f 178//76 216//76 186//76
f 215//76 208//76 214//76
f 210//76 211//76 214//76
f 213//76 214//76 211//76
f 212//76 210//76 302//76
f 303//76 178//76 304//76
f 305//76 302//76 306//76
f 210//76 306//76 302//76
f 307//76 306//76 308//76
f 306//76 307//76 305//76
f 309//76 218//76 217//76
f 310//76 308//76 309//76
f 310//76 307//76 308//76
f 309//76 308//76 218//76
f 178//76 303//76 217//76
f 178//76 186//76 304//76
f 188//76 186//76 216//76
f 190//76 187//76 188//76
f 194//76 189//76 190//76
f 203//76 204//76 194//76
f 194//76 204//76 193//76
f 206//76 202//76 203//76
f 311//76 206//76 312//76
f 206//76 311//76 205//76
f 313//76 312//76 314//76
f 313//76 311//76 312//76
f 300//76 315//76 314//76
f 314//76 312//76 300//76
f 298//76 299//76 316//76
f 315//76 300//76 298//76
f 299//76 318//76 317//76
f 316//76 299//76 317//76
f 299//76 320//76 319//76
f 318//76 299//76 319//76
f 299//76 322//76 321//76
f 320//76 299//76 321//76
f 323//76 322//76 296//76
f 299//76 296//76 322//76
f 324//76 325//76 296//76
f 296//76 325//76 323//76
f 326//76 327//76 296//76
f 296//76 327//76 324//76
f 328//76 329//76 296//76
f 296//76 329//76 326//76
f 297//76 330//76 296//76
f 296//76 330//76 328//76
f 195//76 201//76 297//76
f 331//77 333//78 332//79
f 334//80 336//81 335//82
f 337//83 339//84 338//85
f 340//86 342//87 341//88
f 343//89 345//90 344//91
f 346//92 348//93 347//94
f 349//95 351//96 350//97
f 352//98 354//99 353//100
f 353//100 355//101 352//98
f 356//102 354//99 357//103
f 354//99 356//102 353//100
f 358//76 359//104 357//103
f 356//102 357//103 359//104
f 360//105 359//104 358//76
f 355//101 347//94 348//93
f 352//98 355//101 348//93
f 349//95 346//92 351//96
f 346//92 347//94 351//96
f 340//86 341//88 350//97
f 341//88 349//95 350//97
f 344//91 345//90 342//87
f 344//91 342//87 340//86
f 343//89 336//81 334//80
f 343//89 334//80 345//90
f 335//82 339//84 337//83
f 336//81 339//84 335//82
f 331//77 338//85 333//78
f 337//83 338//85 331//77
f 361//106 363//39 362//39
f 364//39 363//39 365//40
f 361//106 366//106 363//39
f 364//39 362//39 363//39
f 367//107 369//108 368//108
f 370//109 372//110 371//111
f 373//112 375//113 374//114
f 376//115 378//116 377//117
f 379//118 381//119 380//120
f 382//121 384//122 383//123
f 385//124 387//125 386//126
f 388//127 390//128 389//129
f 389//129 391//130 388//127
f 392//131 390//128 393//132
f 390//128 392//131 389//129
f 394//41 395//133 393//132
f 392//131 393//132 395//133
f 396//41 395//133 394//41
f 391//130 383//123 384//122
f 388//127 391//130 384//122
f 385//124 382//121 387//125
f 382//121 383//123 387//125
f 376//115 377//117 386//126
f 377//117 385//124 386//126
f 380//120 381//119 378//116
f 380//120 378//116 376//115
f 379//118 372//110 370//109
f 379//118 370//109 381//119
f 371//111 375//113 373//112
f 372//110 375//113 371//111
f 367//107 374//114 369//108
f 373//112 374//114 367//107
f 397//134 399//134 398//134
f 397//134 400//134 399//134
f 401//134 402//134 398//134
f 398//134 402//134 397//134
f 403//134 401//134 398//134
f 404//135 406//136 405//137
f 407//138 409//139 408//140
f 410//141 411//142 407//138
f 412//143 413//144 411//142
f 414//145 416//146 415//147
f 417//1 418//1 409//139
f 419//148 421//149 420//150
f 416//146 423//151 422//152
f 424//153 425//154 421//149
f 426//155 428//156 427//157
f 424//153 430//158 429//159
f 431//160 432//161 426//155
f 433//162 435//163 434//164
f 436//165 429//159 437//166
f 438//167 439//168 405//137
f 440//169 429//159 405//137
f 441//170 406//136 442//171
f 443//172 445//173 444//174
f 446//175 448//134 447//176
f 449//177 445//173 450//178
f 451//179 452//180 447//176
f 451//179 447//176 448//134
f 447//176 454//181 453//182
f 454//181 447//176 452//180
f 453//182 445//173 447//176
f 455//183 456//184 406//136
f 446//175 456//184 457//185
f 457//185 456//184 458//134
f 458//134 456//184 459//186
f 460//187 459//186 456//184
f 461//134 458//134 462//188
f 458//134 459//186 462//188
f 463//134 451//179 448//134
f 406//136 464//189 405//137
f 445//173 449//177 444//174
f 443//172 466//190 465//191
f 443//172 465//191 434//164
f 467//192 434//164 465//191
f 435//163 469//193 468//194
f 470//195 405//137 429//159
f 424//153 429//159 471//196
f 468//194 434//164 435//163
f 472//197 424//153 473//198
f 474//199 431//160 468//194
f 424//153 421//149 475//200
f 426//155 468//194 431//160
f 476//201 422//152 427//157
f 477//202 478//203 421//149
f 420//150 421//149 479//204
f 426//155 427//157 422//152
f 420//150 481//205 480//206
f 482//207 483//208 422//152
f 484//209 481//205 413//144
f 483//208 485//210 416//146
f 407//138 413//144 423//151
f 420//150 486//211 413//144
f 409//139 407//138 417//1
f 416//146 488//212 487//213
f 489//1 415//147 490//1
f 415//147 492//214 491//215
f 490//1 415//147 493//216
f 491//215 493//216 415//147
f 494//1 490//1 495//217
f 490//1 493//216 495//217
f 445//173 453//182 450//178
f 456//184 446//175 406//136
f 456//184 455//183 496//218
f 448//134 446//175 457//185
f 406//136 446//175 464//189
f 460//187 456//184 496//218
f 445//173 464//189 447//176
f 443//172 444//174 466//190
f 406//136 404//135 442//171
f 447//176 464//189 446//175
f 464//189 440//169 405//137
f 455//183 406//136 441//170
f 443//172 440//169 445//173
f 434//164 467//192 433//162
f 405//137 470//195 438//167
f 445//173 440//169 464//189
f 440//169 471//196 429//159
f 404//135 405//137 439//168
f 434//164 471//196 443//172
f 468//194 469//193 474//199
f 429//159 430//158 437//166
f 443//172 471//196 440//169
f 471//196 425//154 424//153
f 470//195 429//159 436//165
f 468//194 425//154 434//164
f 426//155 432//161 428//156
f 424//153 475//200 473//198
f 434//164 425//154 471//196
f 425//154 479//204 421//149
f 430//158 424//153 472//197
f 426//155 479//204 468//194
f 476//201 482//207 422//152
f 421//149 419//148 477//202
f 468//194 479//204 425//154
f 479//204 486//211 420//150
f 475//200 421//149 478//203
f 422//152 486//211 426//155
f 488//212 416//146 485//210
f 413//144 481//205 420//150
f 426//155 486//211 479//204
f 413//144 486//211 423//151
f 419//148 420//150 480//206
f 422//152 483//208 416//146
f 415//147 487//213 492//214
f 407//138 411//142 413//144
f 422//152 423//151 486//211
f 407//138 423//151 414//145
f 484//209 413//144 412//143
f 487//213 415//147 416//146
f 416//146 414//145 423//151
f 489//1 417//1 414//145
f 415//147 489//1 414//145
f 417//1 407//138 414//145
f 410//141 407//138 408//140
f 497//4 499//4 498//4
f 497//4 498//4 500//4
f 501//219 503//219 502//219
f 503//219 501//219 504//219
f 505//220 507//221 506//222
f 508//223 509//224 506//222
f 505//220 506//222 509//224
f 508//223 511//225 510//226
f 510//226 509//224 508//223
f 512//227 511//225 513//228
f 511//225 512//227 510//226
f 514//229 515//230 513//228
f 512//227 513//228 515//230
f 514//229 517//231 516//232
f 516//232 515//230 514//229
f 518//233 517//231 519//234
f 517//231 518//233 516//232
f 520//235 521//236 519//234
f 518//233 519//234 521//236
f 520//235 523//237 522//238
f 522//238 521//236 520//235
f 524//239 523//237 525//240
f 523//237 524//239 522//238
f 526//241 527//242 525//240
f 524//239 525//240 527//242
f 526//241 529//243 528//244
f 528//244 527//242 526//241
f 530//245 529//243 531//246
f 529//243 530//245 528//244
f 532//247 533//248 531//246
f 530//245 531//246 533//248
f 532//247 535//249 534//250
f 534//250 533//248 532//247
f 536//251 535//249 537//252
f 535//249 536//251 534//250
f 538//253 539//254 537//252
f 536//251 537//252 539//254
f 540//253 539//254 538//253
f 541//255 507//221 505//220
f 542//256 541//255 543//257
f 541//255 542//256 507//221
f 544//258 545//259 543//257
f 542//256 543//257 545//259
f 544//258 547//260 546//261
f 546//261 545//259 544//258
f 548//262 547//260 549//263
f 547//260 548//262 546//261
f 550//264 551//265 549//263
f 548//262 549//263 551//265
f 550//264 553//266 552//267
f 552//267 551//265 550//264
f 554//268 553//266 555//269
f 553//266 554//268 552//267
f 556//270 557//271 555//269
f 554//268 555//269 557//271
f 556//270 559//272 558//273
f 558//273 557//271 556//270
f 560//274 559//272 561//275
f 559//272 560//274 558//273
f 562//276 563//277 561//275
f 560//274 561//275 563//277
f 562//276 565//278 564//279
f 564//279 563//277 562//276
f 566//280 565//278 567//281
f 565//278 566//280 564//279
f 568//282 569//283 567//281
f 566//280 567//281 569//283
f 568//282 571//284 570//285
f 570//285 569//283 568//282
f 572//286 571//284 573//287
f 571//284 572//286 570//285
f 572//286 573//287 574//288
f 575//289 577//290 576//290
f 578//291 580//292 579//292
f 581//293 583//289 582//293
f 584//294 586//295 585//294
f 587//291 589//296 588//296
f 590//297 586//295 591//295
f 584//294 591//295 586//295
f 592//297 590//297 591//295
f 588//296 589//296 585//294
f 589//296 584//294 585//294
f 587//291 578//291 579//292
f 587//291 588//296 578//291
f 580//292 581//293 582//293
f 579//292 580//292 582//293
f 575//289 576//290 583//289
f 581//293 575//289 583//289
f 593//298 595//299 594//298
f 593//298 596//298 595//299
f 597//300 599//301 598//302
f 600//50 602//303 601//50
f 603//304 604//305 598//302
f 598//302 599//301 603//304
f 605//306 604//305 606//307
f 603//304 606//307 604//305
f 605//306 608//308 607//309
f 608//308 605//306 606//307
f 609//310 610//311 607//309
f 607//309 608//308 609//310
f 611//312 610//311 612//311
f 609//310 612//311 610//311
f 611//312 614//313 613//314
f 614//313 611//312 612//311
f 615//315 616//316 613//314
f 613//314 614//313 615//315
f 617//317 616//316 618//318
f 615//315 618//318 616//316
f 617//317 620//319 619//320
f 620//319 617//317 618//318
f 621//321 622//322 619//320
f 619//320 620//319 621//321
f 623//323 622//322 624//324
f 621//321 624//324 622//322
f 623//323 626//325 625//326
f 626//325 623//323 624//324
f 625//326 626//325 627//326
f 628//327 599//301 597//300
f 629//328 628//327 630//329
f 597//300 630//329 628//327
f 629//328 632//330 631//331
f 632//330 629//328 630//329
f 633//331 634//332 631//331
f 631//331 632//330 633//331
f 635//333 634//332 636//334
f 633//331 636//334 634//332
f 635//333 638//335 637//336
f 638//335 635//333 636//334
f 639//337 640//338 637//336
f 637//336 638//335 639//337
f 641//339 640//338 642//340
f 639//337 642//340 640//338
f 641//339 644//341 643//342
f 644//341 641//339 642//340
f 645//343 646//344 643//342
f 643//342 644//341 645//343
f 647//345 646//344 648//346
f 645//343 648//346 646//344
f 647//345 650//347 649//348
f 650//347 647//345 648//346
f 651//349 601//50 649//348
f 649//348 650//347 651//349
f 652//350 654//351 653//352
f 651//349 600//50 601//50
f 655//353 657//354 656//355
f 658//356 660//357 659//358
f 661//359 663//360 662//361
f 664//362 666//363 665//364
f 667//365 669//366 668//367
f 670//368 672//369 671//370
f 673//371 675//372 674//373
f 676//374 678//375 677//376
f 679//377 681//378 680//379
f 682//380 684//381 683//382
f 685//383 687//384 686//385
f 688//386 690//387 689//388
f 686//385 692//389 691//390
f 691//390 685//383 686//385
f 693//391 694//392 692//389
f 691//390 692//389 694//392
f 695//393 693//391 696//393
f 693//391 695//393 694//392
f 696//393 698//394 697//395
f 697//395 695//393 696//393
f 699//396 700//397 698//394
f 697//395 698//394 700//397
f 627//326 699//396 625//326
f 699//396 627//326 700//397
f 688//386 689//388 687//384
f 685//383 688//386 687//384
f 680//379 681//378 690//387
f 690//387 681//378 689//388
f 684//381 679//377 683//382
f 683//382 679//377 680//379
f 673//371 682//380 675//372
f 673//371 684//381 682//380
f 674//373 678//375 676//374
f 674//373 675//372 678//375
f 677//376 667//365 668//367
f 676//374 677//376 668//367
f 670//368 671//370 669//366
f 667//365 670//368 669//366
f 662//361 663//360 672//369
f 672//369 663//360 671//370
f 666//363 661//359 665//364
f 665//364 661//359 662//361
f 655//353 664//362 657//354
f 655//353 666//363 664//362
f 656//355 660//357 658//356
f 656//355 657//354 660//357
f 659//358 654//351 652//350
f 658//356 659//358 652//350
f 602//303 600//50 653//352
f 654//351 602//303 653//352
f 701//134 703//134 702//134
f 704//134 702//134 705//134
f 706//134 708//134 707//134
f 709//134 711//134 710//134
f 711//134 712//134 710//134
f 713//134 715//134 714//134
f 716//134 718//134 717//134
f 719//134 721//134 720//134
f 722//134 723//134 720//134
f 724//134 726//134 725//134
f 725//134 720//134 724//134
f 727//134 728//134 725//134
f 727//134 725//134 726//134
f 729//134 730//134 725//134
f 729//134 725//134 728//134
f 731//134 732//134 725//134
f 730//134 733//134 725//134
f 734//134 735//134 725//134
f 734//134 725//134 732//134
f 736//134 737//134 725//134
f 736//134 725//134 735//134
f 731//134 725//134 733//134
f 724//134 720//134 721//134
f 738//134 720//134 739//134
f 739//134 720//134 725//134
f 740//134 742//134 741//134
f 742//134 743//134 712//134
f 741//134 702//134 744//134
f 745//134 708//134 746//134
f 702//134 748//134 747//134
f 746//134 750//134 749//134
f 705//134 702//134 751//134
f 702//134 752//134 751//134
f 753//134 755//134 754//134
f 756//134 758//134 757//134
f 748//134 702//134 704//134
f 702//134 747//134 744//134
f 702//134 741//134 742//134
f 740//134 743//134 742//134
f 743//134 710//134 712//134
f 717//134 711//134 709//134
f 720//134 706//134 719//134
f 717//134 718//134 711//134
f 713//134 718//134 715//134
f 716//134 715//134 718//134
f 714//134 759//134 713//134
f 760//134 720//134 723//134
f 761//134 762//134 759//134
f 713//134 759//134 762//134
f 763//134 764//134 762//134
f 762//134 761//134 763//134
f 765//134 722//134 766//134
f 767//134 765//134 764//134
f 767//134 764//134 763//134
f 765//134 766//134 764//134
f 722//134 720//134 766//134
f 720//134 760//134 706//134
f 707//134 719//134 706//134
f 745//134 707//134 708//134
f 749//134 745//134 746//134
f 768//134 749//134 769//134
f 749//134 750//134 769//134
f 756//134 768//134 758//134
f 768//134 769//134 758//134
f 770//134 771//134 756//134
f 756//134 757//134 770//134
f 772//134 773//134 771//134
f 772//134 771//134 770//134
f 754//134 773//134 774//134
f 773//134 754//134 771//134
f 753//134 775//134 755//134
f 774//134 753//134 754//134
f 755//134 777//134 776//134
f 775//134 777//134 755//134
f 755//134 779//134 778//134
f 776//134 779//134 755//134
f 755//134 781//134 780//134
f 778//134 781//134 755//134
f 782//134 701//134 780//134
f 755//134 780//134 701//134
f 783//134 701//134 784//134
f 701//134 782//134 784//134
f 785//134 701//134 786//134
f 701//134 783//134 786//134
f 787//134 701//134 788//134
f 701//134 785//134 788//134
f 703//134 701//134 789//134
f 701//134 787//134 789//134
f 702//134 703//134 752//134
f 790//50 792//50 791//50
f 790//50 793//50 792//50
f 794//398 796//398 795//398
f 794//398 797//398 796//398
f 798//399 800//400 799//401
f 801//402 803//403 802//402
f 804//401 805//404 799//401
f 799//401 800//400 804//401
f 806//405 805//404 807//406
f 804//401 807//406 805//404
f 806//405 809//407 808//408
f 809//407 806//405 807//406
f 810//409 811//311 808//408
f 808//408 809//407 810//409
f 812//410 811//311 813//411
f 810//409 813//411 811//311
f 812//410 815//412 814//413
f 815//412 812//410 813//411
f 816//414 817//415 814//413
f 814//413 815//412 816//414
f 818//416 817//415 819//417
f 816//414 819//417 817//415
f 818//416 821//317 820//320
f 821//317 818//416 819//417
f 822//418 823//419 820//320
f 820//320 821//317 822//418
f 824//420 823//419 825//421
f 822//418 825//421 823//419
f 824//420 827//422 826//12
f 827//422 824//420 825//421
f 826//12 827//422 828//423
f 829//424 800//400 798//399
f 830//425 829//424 831//327
f 798//399 831//327 829//424
f 830//425 833//426 832//427
f 833//426 830//425 831//327
f 834//428 835//429 832//427
f 832//427 833//426 834//428
f 836//333 835//429 837//430
f 834//428 837//430 835//429
f 836//333 839//431 838//432
f 839//431 836//333 837//430
f 840//433 841//434 838//432
f 838//432 839//431 840//433
f 842//435 841//434 843//436
f 840//433 843//436 841//434
f 842//435 845//437 844//438
f 845//437 842//435 843//436
f 846//343 847//439 844//438
f 844//438 845//437 846//343
f 848//440 847//439 849//346
f 846//343 849//346 847//439
f 848//440 851//441 850//348
f 851//441 848//440 849//346
f 852//442 802//402 850//348
f 850//348 851//441 852//442
f 853//443 855//444 854//445
f 852//442 801//402 802//402
f 856//446 858//447 857//448
f 859//449 861//450 860//451
f 862//452 864//453 863//454
f 865//455 867//456 866//457
f 868//458 870//459 869//460
f 871//461 873//462 872//463
f 874//464 876//371 875//373
f 877//465 879//375 878//466
f 880//467 882//468 881//469
f 883//470 885//380 884//471
f 886//472 888//473 887//385
f 889//386 891//474 890//475
f 887//385 893//476 892//476
f 892//476 886//472 887//385
f 894//477 895//478 893//476
f 892//476 893//476 895//478
f 896//479 894//477 897//479
f 894//477 896//479 895//478
f 897//479 899//480 898//394
f 898//394 896//479 897//479
f 900//481 901//482 899//480
f 898//394 899//480 901//482
f 828//423 900//481 826//12
f 900//481 828//423 901//482
f 889//386 890//475 888//473
f 886//472 889//386 888//473
f 881//469 882//468 891//474
f 891//474 882//468 890//475
f 885//380 880//467 884//471
f 884//471 880//467 881//469
f 874//464 883//470 876//371
f 874//464 885//380 883//470
f 875//373 879//375 877//465
f 875//373 876//371 879//375
f 878//466 868//458 869//460
f 877//465 878//466 869//460
f 871//461 872//463 870//459
f 868//458 871//461 870//459
f 863//454 864//453 873//462
f 873//462 864//453 872//463
f 867//456 862//452 866//457
f 866//457 862//452 863//454
f 856//446 865//455 858//447
f 856//446 867//456 865//455
f 857//448 861//450 859//449
f 857//448 858//447 861//450
f 860//451 855//444 853//443
f 859//449 860//451 853//443
f 803//403 801//402 854//445
f 855//444 803//403 854//445
f 902//134 904//134 903//134
f 905//134 907//134 906//134
f 908//134 909//134 906//134
f 910//134 912//134 911//134
f 913//134 915//134 914//134
f 916//134 918//134 917//134
f 919//134 921//134 920//134
f 922//134 915//134 913//134
f 923//134 925//134 924//134
f 926//134 919//134 927//134
f 928//134 930//134 929//134
f 931//134 906//134 932//134
f 929//134 933//134 931//134
f 934//134 936//134 935//134
f 937//134 906//134 938//134
f 906//134 939//134 938//134
f 940//134 906//134 941//134
f 906//134 937//134 941//134
f 906//134 942//134 905//134
f 906//134 940//134 942//134
f 943//134 945//134 944//134
f 907//134 908//134 906//134
f 906//134 947//134 946//134
f 909//134 947//134 906//134
f 948//134 904//134 946//134
f 906//134 946//134 904//134
f 914//134 917//134 918//134
f 949//134 950//134 904//134
f 904//134 948//134 903//134
f 917//134 951//134 916//134
f 952//134 904//134 953//134
f 904//134 902//134 953//134
f 951//134 934//134 954//134
f 955//134 904//134 956//134
f 904//134 952//134 956//134
f 935//134 957//134 934//134
f 904//134 958//134 949//134
f 904//134 955//134 958//134
f 904//134 959//134 943//134
f 950//134 959//134 904//134
f 904//134 943//134 944//134
f 944//134 912//134 910//134
f 945//134 912//134 944//134
f 911//134 960//134 910//134
f 936//134 960//134 961//134
f 960//134 936//134 910//134
f 961//134 935//134 936//134
f 954//134 934//134 957//134
f 951//134 917//134 934//134
f 914//134 915//134 917//134
f 962//134 915//134 922//134
f 921//134 962//134 963//134
f 962//134 921//134 915//134
f 920//134 964//134 919//134
f 963//134 920//134 921//134
f 919//134 965//134 927//134
f 964//134 965//134 919//134
f 927//134 966//134 926//134
f 923//134 926//134 925//134
f 966//134 925//134 926//134
f 924//134 967//134 923//134
f 928//134 923//134 930//134
f 967//134 930//134 923//134
f 928//134 929//134 931//134
f 931//134 933//134 906//134
f 939//134 906//134 968//134
f 906//134 933//134 968//134
f 969//76 971//76 970//76
f 969//76 970//76 972//76
f 973//6 975//12 974//12
f 975//12 977//483 976//483
f 973//6 977//483 975//12
f 975//12 979//484 978//485
f 976//483 979//484 975//12
f 980//12 975//12 981//486
f 978//485 981//486 975//12
f 982//19 980//12 983//9
f 980//12 981//486 983//9
f 984//487 980//12 985//11
f 980//12 982//19 985//11
f 986//12 980//12 987//488
f 980//12 984//487 987//488
f 1373//489 1377//489 1376//489
f 992//398 994//398 993//398
f 993//398 995//398 992//398
f 996//490 998//491 997//491
f 996//490 999//491 998//491
f 1000//134 1002//134 1001//134
f 1003//134 1005//134 1004//134
f 1006//134 1002//134 1007//134
f 1008//134 1010//134 1009//134
f 1009//134 1010//134 1011//134
f 1012//134 1014//134 1013//134
f 1009//134 1011//134 1015//134
f 1016//134 1018//134 1017//134
f 1019//134 1017//134 1020//134
f 1021//134 1002//134 1017//134
f 1022//134 1024//134 1023//134
f 1025//134 1026//134 1001//134
f 1002//134 1000//134 1007//134
f 1027//134 1028//134 1014//134
f 1029//134 1030//134 1022//134
f 1031//134 1032//134 1030//134
f 1032//134 1033//134 1030//134
f 1030//134 1033//134 1034//134
f 1031//134 1030//134 1035//134
f 1036//134 1038//134 1037//134
f 1030//134 1040//134 1039//134
f 1035//134 1030//134 1039//134
f 1041//134 1037//134 1042//108
f 1029//134 1022//134 1043//134
f 1040//134 1030//134 1029//134
f 1044//134 1045//134 1003//134
f 1043//134 1022//134 1023//134
f 1037//134 1041//134 1003//134
f 1003//134 1041//134 1023//134
f 1046//134 1047//134 1037//134
f 1037//134 1047//134 1042//108
f 1037//134 1038//134 1048//134
f 1037//134 1048//134 1046//134
f 1037//134 1050//134 1049//134
f 1036//134 1037//134 1049//134
f 1051//134 1050//134 1009//134
f 1037//134 1009//134 1050//134
f 1052//134 1053//134 1009//134
f 1009//134 1053//134 1051//134
f 1054//134 1055//134 1009//134
f 1009//134 1055//134 1052//134
f 1009//134 1015//134 1054//134
f 1056//134 1057//134 1030//134
f 1058//134 1008//134 1009//134
f 1059//134 1009//134 1060//134
f 1059//134 1058//134 1009//134
f 1057//134 1060//134 1061//134
f 1060//134 1009//134 1061//134
f 1057//134 1056//134 1060//134
f 1062//134 1063//134 1030//134
f 1030//134 1063//134 1056//134
f 1064//134 1065//134 1030//134
f 1030//134 1065//134 1062//134
f 1034//134 1066//134 1030//134
f 1030//134 1066//134 1064//134
f 1067//134 1068//134 1003//134
f 1069//134 1071//134 1070//134
f 1072//134 1073//134 1017//134
f 1017//134 1073//134 1074//134
f 1075//134 1028//134 1070//134
f 1017//134 1018//134 1076//134
f 1017//134 1076//134 1072//134
f 1017//134 1078//134 1077//134
f 1016//134 1017//134 1077//134
f 1079//134 1020//134 1013//134
f 1078//134 1017//134 1019//134
f 1017//134 1013//134 1020//134
f 1080//134 1013//134 1014//134
f 1079//134 1013//134 1080//134
f 1012//134 1027//134 1014//134
f 1027//134 1070//134 1028//134
f 1075//134 1070//134 1071//134
f 1070//134 1082//134 1081//134
f 1069//134 1070//134 1081//134
f 1004//134 1082//134 1003//134
f 1070//134 1003//134 1082//134
f 1005//134 1003//134 1083//134
f 1045//134 1067//134 1003//134
f 1083//134 1003//134 1068//134
f 1024//134 1003//134 1023//134
f 1044//134 1003//134 1024//134
f 1084//134 1024//134 1022//134
f 1022//134 1086//134 1085//134
f 1085//134 1084//134 1022//134
f 1087//134 1089//134 1088//134
f 1086//134 1088//134 1090//134
f 1085//134 1086//134 1090//134
f 1086//134 1087//134 1088//134
f 1001//134 1091//134 1087//134
f 1089//134 1087//134 1091//134
f 1025//134 1001//134 1092//134
f 1001//134 1026//134 1091//134
f 1021//134 1092//134 1002//134
f 1001//134 1002//134 1092//134
f 1017//134 1074//134 1021//134
f 1093//76 1095//76 1094//76
f 1096//76 1098//76 1097//76
f 1099//76 1101//76 1100//76
f 1102//76 1104//76 1103//76
f 1099//76 1100//76 1095//76
f 1105//76 1106//76 1099//76
f 1107//76 1095//76 1108//76
f 1099//76 1106//76 1101//76
f 1109//76 1111//76 1110//76
f 1112//76 1103//76 1113//76
f 1114//76 1109//76 1115//76
f 1116//76 1109//76 1114//76
f 1113//76 1118//76 1117//76
f 1119//76 1121//76 1120//76
f 1120//76 1122//76 1119//76
f 1120//76 1124//76 1123//76
f 1113//76 1125//76 1118//76
f 1126//76 1120//76 1127//76
f 1120//76 1123//76 1127//76
f 1113//76 1129//76 1128//76
f 1130//76 1120//76 1131//76
f 1120//76 1126//76 1131//76
f 1113//76 1133//76 1132//76
f 1134//76 1120//76 1135//76
f 1120//76 1130//76 1135//76
f 1136//76 1113//76 1137//76
f 1138//76 1120//76 1121//76
f 1120//76 1134//76 1122//76
f 1139//76 1140//76 1120//76
f 1139//76 1120//76 1138//76
f 1137//76 1141//76 1140//76
f 1140//76 1141//76 1120//76
f 1137//76 1140//76 1136//76
f 1113//76 1136//76 1133//76
f 1113//76 1132//76 1129//76
f 1142//76 1113//76 1143//76
f 1113//76 1128//76 1143//76
f 1124//76 1102//76 1144//492
f 1113//76 1142//76 1125//76
f 1117//76 1145//76 1113//76
f 1113//76 1147//76 1146//76
f 1145//76 1147//76 1113//76
f 1112//76 1148//76 1103//76
f 1146//76 1112//76 1113//76
f 1103//76 1149//76 1102//76
f 1148//76 1149//76 1103//76
f 1124//76 1109//76 1102//76
f 1109//76 1151//76 1150//76
f 1152//76 1124//76 1153//76
f 1124//76 1144//492 1153//76
f 1154//76 1124//76 1155//76
f 1124//76 1152//76 1155//76
f 1156//76 1124//76 1157//76
f 1124//76 1154//76 1157//76
f 1123//76 1124//76 1158//76
f 1124//76 1156//76 1158//76
f 1109//76 1116//76 1111//76
f 1159//76 1160//76 1093//76
f 1161//76 1162//76 1100//76
f 1163//76 1151//76 1109//76
f 1163//76 1109//76 1110//76
f 1102//76 1109//76 1104//76
f 1150//76 1104//76 1109//76
f 1164//76 1165//76 1103//76
f 1164//76 1103//76 1104//76
f 1103//76 1166//76 1098//76
f 1166//76 1103//76 1165//76
f 1167//76 1097//76 1098//76
f 1166//76 1167//76 1098//76
f 1096//76 1168//76 1161//76
f 1097//76 1168//76 1096//76
f 1096//76 1161//76 1100//76
f 1100//76 1170//76 1169//76
f 1162//76 1170//76 1100//76
f 1095//76 1100//76 1171//76
f 1169//76 1171//76 1100//76
f 1172//76 1095//76 1171//76
f 1095//76 1174//76 1173//76
f 1095//76 1172//76 1108//76
f 1095//76 1175//76 1174//76
f 1095//76 1107//76 1175//76
f 1095//76 1177//76 1176//76
f 1173//76 1177//76 1095//76
f 1178//76 1179//76 1160//76
f 1095//76 1180//76 1094//76
f 1176//76 1180//76 1095//76
f 1094//76 1181//76 1093//76
f 1182//76 1159//76 1093//76
f 1181//76 1182//76 1093//76
f 1159//76 1178//76 1160//76
f 1115//76 1179//76 1183//76
f 1178//76 1183//76 1179//76
f 1184//76 1115//76 1185//76
f 1115//76 1183//76 1185//76
f 1186//76 1115//76 1187//76
f 1115//76 1184//76 1187//76
f 1114//76 1115//76 1186//76
f 1188//493 1190//493 1189//494
f 1191//288 1193//288 1192//494
f 1194//495 1196//496 1195//496
f 1197//495 1199//497 1198//497
f 1200//498 1202//498 1201//499
f 1202//498 1200//498 1195//496
f 1197//495 1196//496 1194//495
f 1200//498 1201//499 1203//499
f 1195//496 1196//496 1202//498
f 1199//497 1190//493 1198//497
f 1194//495 1199//497 1197//495
f 1188//493 1189//494 1192//494
f 1198//497 1190//493 1188//493
f 1191//288 1192//494 1189//494
f 1204//500 1206//501 1205//501
f 1207//297 1209//502 1208//297
f 1210//502 1211//500 1209//502
f 1204//500 1211//500 1210//502
f 1207//297 1210//502 1209//502
f 1205//501 1211//500 1204//500
f 1212//503 1214//504 1213//505
f 1213//505 1214//504 1215//506
f 1214//504 1217//504 1216//504
f 1215//506 1214//504 1216//504
f 1218//504 1217//504 1219//504
f 1217//504 1214//504 1219//504
f 1212//503 1220//507 1214//504
f 1221//504 1223//504 1222//504
f 1224//504 1214//504 1220//507
f 1222//504 1226//504 1225//504
f 1227//504 1214//504 1228//504
f 1229//504 1231//504 1230//504
f 1223//504 1227//504 1222//504
f 1232//504 1222//504 1225//504
f 1230//504 1232//504 1233//504
f 1231//504 1232//504 1230//504
f 1233//504 1232//504 1234//506
f 1232//504 1236//503 1235//505
f 1234//506 1232//504 1235//505
f 1236//503 1232//504 1237//508
f 1237//508 1232//504 1225//504
f 1227//504 1228//504 1226//504
f 1222//504 1227//504 1226//504
f 1224//504 1228//504 1214//504
f 1238//509 1240//510 1239//511
f 1239//511 1240//510 1241//510
f 1242//512 1243//513 1240//510
f 1242//512 1240//510 1238//509
f 1242//512 1244//514 1243//513
f 1244//514 1245//515 1243//513
f 1245//515 1244//514 1246//516
f 1245//515 1246//516 1247//517
f 1246//516 1248//517 1247//517
f 1249//510 1251//509 1250//518
f 1251//509 1249//510 1252//512
f 1249//510 1250//518 1253//510
f 1254//519 1256//520 1255//517
f 1257//521 1252//512 1258//522
f 1259//517 1254//519 1255//517
f 1258//522 1256//520 1257//521
f 1254//519 1257//521 1256//520
f 1252//512 1249//510 1258//522
f 1260//76 1262//76 1261//76
f 1263//76 1264//76 1262//76
f 1262//76 1260//76 1263//76
f 1265//76 1266//76 1263//76
f 1267//76 1269//76 1268//76
f 1267//76 1270//76 1269//76
f 1271//76 1269//76 1270//76
f 1272//76 1274//76 1273//76
f 1270//76 1273//76 1275//76
f 1275//76 1271//76 1270//76
f 1272//76 1273//76 1270//76
f 1268//76 1276//76 1267//76
f 1276//76 1277//76 1265//76
f 1277//76 1276//76 1268//76
f 1277//76 1266//76 1265//76
f 1266//76 1264//76 1263//76
f 1261//76 1262//76 1278//76
f 1279//134 1281//134 1280//134
f 1281//134 1279//134 1282//134
f 1282//134 1279//134 1283//134
f 1284//134 1286//134 1285//134
f 1286//134 1287//134 1285//134
f 1285//134 1287//134 1288//134
f 1289//134 1288//134 1287//134
f 1290//134 1292//134 1291//134
f 1288//134 1293//134 1292//134
f 1293//134 1288//134 1289//134
f 1290//134 1288//134 1292//134
f 1284//134 1294//134 1286//134
f 1294//134 1296//134 1295//134
f 1296//134 1294//134 1284//134
f 1295//134 1296//134 1283//134
f 1295//134 1283//134 1297//134
f 1283//134 1279//134 1297//134
f 1298//522 1300//510 1299//510
f 1301//517 1303//523 1302//517
f 1304//523 1305//522 1303//523
f 1298//522 1305//522 1304//523
f 1301//517 1304//523 1303//523
f 1299//510 1305//522 1298//522
f 1306//76 1308//76 1307//76
f 1309//76 1310//76 1308//76
f 1308//76 1306//76 1309//76
f 1311//76 1312//76 1309//76
f 1313//76 1315//76 1314//76
f 1313//76 1316//76 1315//76
f 1317//76 1315//76 1316//76
f 1318//76 1320//76 1319//76
f 1316//76 1319//76 1321//76
f 1321//76 1317//76 1316//76
f 1318//76 1319//76 1316//76
f 1314//76 1322//76 1313//76
f 1322//76 1323//76 1311//76
f 1323//76 1322//76 1314//76
f 1323//76 1312//76 1311//76
f 1312//76 1310//76 1309//76
f 1307//76 1308//76 1324//76
f 1325//134 1327//134 1326//134
f 1327//134 1325//134 1328//134
f 1328//134 1325//134 1329//134
f 1330//134 1332//134 1331//134
f 1332//134 1333//134 1331//134
f 1331//134 1333//134 1334//134
f 1335//134 1334//134 1333//134
f 1336//134 1338//134 1337//134
f 1334//134 1339//134 1338//134
f 1339//134 1334//134 1335//134
f 1336//134 1334//134 1338//134
f 1330//134 1340//134 1332//134
f 1340//134 1342//134 1341//134
f 1342//134 1340//134 1330//134
f 1341//134 1342//134 1329//134
f 1341//134 1329//134 1343//134
f 1329//134 1325//134 1343//134
f 1344//489 1346//489 1345//489
f 1344//489 1345//489 1347//489
f 1348//489 1350//489 1349//489
f 1350//489 1348//489 1351//489
f 1352//524 1354//525 1353//525
f 1352//524 1353//525 1356//526
f 1357//525 1356//526 1353//525
f 1358//525 1359//525 1353//525
f 1360//525 1355//525 1361//525
f 1362//525 1360//525 1361//525
f 1363//525 1364//524 1362//525
f 1364//524 1365//526 1362//525
f 1365//526 1360//525 1362//525
f 1361//525 1355//525 1358//525
f 1353//525 1359//525 1357//525
f 1358//525 1355//525 1359//525
f 1366//527 1368//527 1367//527
f 1372//528 1374//528 1373//528
f 1372//528 1373//528 1375//529
f 1376//530 1378//530 1377//531
f 1376//530 1379//530 1378//530
f 1380//529 1382//532 1381//533
f 1383//534 1385//535 1384//536
f 1386//529 1382//532 1380//529
f 1384//536 1381//533 1382//532
f 1381//533 1384//536 1385//535
f 1387//134 1389//537 1388//538
f 1390//539 1388//538 1391//540
f 1388//538 1390//539 1387//134
f 1390//539 1391//540 1383//534
f 1385//535 1383//534 1391//540
f 1392//541 1394//531 1393//542
f 1395//543 1396//544 1392//541
f 1392//541 1393//542 1395//543
f 1396//544 1398//545 1397//546
f 1398//545 1396//544 1395//543
f 1399//547 1397//546 1398//545
f 1400//548 1399//547 1401//549
f 1399//547 1400//548 1397//546
f 1400//548 1401//549 1402//76
f 1402//76 1401//549 1403//76
f 1404//398 1406//398 1405//398
f 1405//398 1407//398 1404//398
f 1408//491 1410//491 1409//491
f 1410//491 1408//491 1411//491
f 1412//497 1414//497 1413//495
f 1414//497 1416//493 1415//493
f 1416//493 1414//497 1412//497
f 1417//494 1415//493 1418//494
f 1416//493 1418//494 1415//493
f 1419//288 1420//288 1417//494
f 1417//494 1418//494 1419//288
f 1412//497 1413//495 1421//495
f 1422//496 1423//496 1421//495
f 1421//495 1413//495 1422//496
f 1423//496 1425//498 1424//498
f 1425//498 1423//496 1422//496
f 1425//498 1426//499 1424//498
f 1424//498 1426//499 1427//499
f 1428//500 1430//502 1429//500
f 1431//501 1428//500 1429//500
f 1431//501 1429//500 1432//501
f 1428//500 1433//502 1430//502
f 1430//502 1433//502 1434//297
f 1433//502 1435//297 1434//297
f 1436//550 1438//550 1437//550
f 1438//550 1436//550 1439//550
f 1440//551 1442//551 1441//551
f 1440//551 1441//551 1443//551
f 1444//550 1446//550 1445//550
f 1445//550 1447//550 1444//550
f 1448//551 1450//551 1449//551
f 1450//551 1448//551 1451//551
f 1452//398 1454//398 1453//398
f 1453//398 1455//398 1452//398
f 1456//491 1458//552 1457//491
f 1458//552 1456//491 1459//491
f 1460//497 1462//497 1461//495
f 1462//497 1464//493 1463//493
f 1464//493 1462//497 1460//497
f 1465//494 1463//493 1466//494
f 1464//493 1466//494 1463//493
f 1467//288 1468//288 1465//494
f 1465//494 1466//494 1467//288
f 1460//497 1461//495 1469//495
f 1470//496 1471//496 1469//495
f 1469//495 1461//495 1470//496
f 1471//496 1473//498 1472//498
f 1473//498 1471//496 1470//496
f 1473//498 1474//499 1472//498
f 1472//498 1474//499 1475//499
f 1476//500 1478//502 1477//500
f 1479//501 1476//500 1477//500
f 1479//501 1477//500 1480//501
f 1476//500 1481//502 1478//502
f 1478//502 1481//502 1482//297
f 1481//502 1483//297 1482//297
f 1484//551 1486//551 1485//551
f 1484//551 1487//551 1486//551
f 1488//550 1490//550 1489//550
f 1490//550 1488//550 1491//550
f 1492//553 1494//50 1493//554
f 1495//555 1497//556 1496//557
f 1498//558 1500//559 1499//560
f 1501//561 1503//562 1502//563
f 1504//564 1506//565 1505//566
f 1507//567 1509//568 1508//569
f 1510//570 1512//571 1511//572
f 1513//573 1515//574 1514//575
f 1516//576 1518//577 1517//578
f 1519//579 1521//580 1520//581
f 1522//582 1524//583 1523//584
f 1525//585 1527//586 1526//4
f 1528//587 1530//588 1529//589
f 1531//590 1533//591 1532//592
f 1534//593 1536//594 1535//595
f 1537//596 1539//597 1538//598
f 1540//599 1542//600 1541//601
f 1543//602 1545//603 1544//604
f 1546//605 1548//606 1547//607
f 1549//608 1551//609 1550//610
f 1550//610 1544//604 1549//608
f 1552//611 1553//612 1551//609
f 1550//610 1551//609 1553//612
f 1554//613 1552//611 1555//614
f 1552//611 1554//613 1553//612
f 1555//614 1557//615 1556//616
f 1556//616 1554//613 1555//614
f 1558//617 1559//618 1557//615
f 1556//616 1557//615 1559//618
f 1560//619 1558//617 1561//620
f 1558//617 1560//619 1559//618
f 1561//620 1563//621 1562//622
f 1562//622 1560//619 1561//620
f 1564//623 1565//624 1563//621
f 1562//622 1563//621 1565//624
f 1566//625 1564//623 1493//554
f 1564//623 1566//625 1565//624
f 1494//50 1566//625 1493//554
f 1547//607 1545//603 1543//602
f 1544//604 1545//603 1549//608
f 1539//597 1548//606 1546//605
f 1546//605 1547//607 1543//602
f 1542//600 1537//596 1538//598
f 1537//596 1548//606 1539//597
f 1540//599 1541//601 1531//590
f 1542//600 1538//598 1541//601
f 1532//592 1533//591 1534//593
f 1540//599 1531//590 1532//592
f 1536//594 1526//4 1535//595
f 1533//591 1536//594 1534//593
f 1525//585 1529//589 1527//586
f 1526//4 1527//586 1535//595
f 1521//580 1530//588 1528//587
f 1528//587 1529//589 1525//585
f 1524//583 1519//579 1520//581
f 1519//579 1530//588 1521//580
f 1522//582 1523//584 1513//573
f 1524//583 1520//581 1523//584
f 1514//575 1515//574 1516//576
f 1522//582 1513//573 1514//575
f 1518//577 1508//569 1517//578
f 1515//574 1518//577 1516//576
f 1507//567 1511//572 1509//568
f 1508//569 1509//568 1517//578
f 1503//562 1512//571 1510//570
f 1510//570 1511//572 1507//567
f 1506//565 1501//561 1502//563
f 1501//561 1512//571 1503//562
f 1504//564 1505//566 1495//555
f 1506//565 1502//563 1505//566
f 1496//557 1497//556 1499//560
f 1504//564 1495//555 1496//557
f 1498//558 1492//553 1500//559
f 1497//556 1498//558 1499//560
f 1493//554 1500//559 1492//553
f 1567//626 1569//63 1568//554
f 1570//555 1572//627 1571//628
f 1573//629 1575//630 1574//631
f 1576//561 1578//632 1577//563
f 1579//633 1581//634 1580//635
f 1582//636 1584//637 1583//638
f 1585//639 1587//571 1586//640
f 1588//641 1590//642 1589//643
f 1591//644 1593//645 1592//646
f 1594//579 1596//647 1595//648
f 1597//649 1599//650 1598//651
f 1600//585 1602//652 1601//4
f 1603//587 1605//653 1604//654
f 1606//655 1608//656 1607//657
f 1609//658 1611//659 1610//660
f 1612//661 1614//597 1613//662
f 1615//663 1617//664 1616//665
f 1618//666 1620//667 1619//668
f 1621//669 1623//670 1622//671
f 1624//672 1626//673 1625//674
f 1625//674 1619//668 1624//672
f 1627//675 1628//676 1626//673
f 1625//674 1626//673 1628//676
f 1629//677 1627//675 1630//678
f 1627//675 1629//677 1628//676
f 1630//678 1632//679 1631//680
f 1631//680 1629//677 1630//678
f 1633//681 1634//682 1632//679
f 1631//680 1632//679 1634//682
f 1635//683 1633//681 1636//684
f 1633//681 1635//683 1634//682
f 1636//684 1638//685 1637//686
f 1637//686 1635//683 1636//684
f 1639//687 1640//688 1638//685
f 1637//686 1638//685 1640//688
f 1641//689 1639//687 1568//554
f 1639//687 1641//689 1640//688
f 1569//63 1641//689 1568//554
f 1622//671 1620//667 1618//666
f 1619//668 1620//667 1624//672
f 1614//597 1623//670 1621//669
f 1621//669 1622//671 1618//666
f 1617//664 1612//661 1613//662
f 1612//661 1623//670 1614//597
f 1615//663 1616//665 1606//655
f 1617//664 1613//662 1616//665
f 1607//657 1608//656 1609//658
f 1615//663 1606//655 1607//657
f 1611//659 1601//4 1610//660
f 1608//656 1611//659 1609//658
f 1600//585 1604//654 1602//652
f 1601//4 1602//652 1610//660
f 1596//647 1605//653 1603//587
f 1603//587 1604//654 1600//585
f 1599//650 1594//579 1595//648
f 1594//579 1605//653 1596//647
f 1597//649 1598//651 1588//641
f 1599//650 1595//648 1598//651
f 1589//643 1590//642 1591//644
f 1597//649 1588//641 1589//643
f 1593//645 1583//638 1592//646
f 1590//642 1593//645 1591//644
f 1582//636 1586//640 1584//637
f 1583//638 1584//637 1592//646
f 1578//632 1587//571 1585//639
f 1585//639 1586//640 1582//636
f 1581//634 1576//561 1577//563
f 1576//561 1587//571 1578//632
f 1579//633 1580//635 1570//555
f 1581//634 1577//563 1580//635
f 1571//628 1572//627 1574//631
f 1579//633 1570//555 1571//628
f 1573//629 1567//626 1575//630
f 1572//627 1573//629 1574//631
f 1568//554 1575//630 1567//626
f 1369//527 1371//527 1370//527
f 1373//489 1375//489 1377//489
l 988 989
l 990 991
