# Blender v3.1.2 OBJ File: 'natatorium.blend'
# www.blender.org
mtllib natatorium.mtl
o Plane.001
v -24.700001 0.000000 11.400000
v 24.700001 0.000000 11.400000
v -24.700001 -4.100000 11.400000
v 24.700001 -4.100000 11.400000
vt 0.000000 0.000000
vt 1.000000 0.000000
vt 1.000000 1.000000
vt 0.000000 1.000000
vn 0.0000 0.0000 -1.0000
usemtl white_texture.005
s off
f 1/1/1 2/2/1 4/3/1 3/4/1
o Plane.002
v -24.700001 -4.100000 -11.400000
v 24.700001 -4.100000 -11.400000
v -24.700001 0.000000 -11.400000
v 24.700001 0.000000 -11.400000
vt 0.000000 0.000000
vt 1.000000 0.000000
vt 1.000000 1.000000
vt 0.000000 1.000000
vn 0.0000 0.0000 1.0000
usemtl white_texture.002
s off
f 5/5/2 6/6/2 8/7/2 7/8/2
o Plane.003
v -24.700001 0.000000 11.400000
v -24.700001 -4.100000 11.400000
v -24.700001 0.000000 -11.400000
v -24.700001 -4.100000 -11.400000
vt 0.000000 0.000000
vt 1.000000 0.000000
vt 1.000000 1.000000
vt 0.000000 1.000000
vn 1.0000 0.0000 0.0000
usemtl white_texture.007
s off
f 9/9/3 10/10/3 12/11/3 11/12/3
o Plane.004
v 24.700001 -4.100000 11.400000
v 24.700001 0.000000 11.400000
v 24.700001 -4.100000 -11.400000
v 24.700001 0.000000 -11.400000
vt 0.000000 0.000000
vt 1.000000 0.000000
vt 1.000000 1.000000
vt 0.000000 1.000000
vn -1.0000 0.0000 0.0000
usemtl white_texture.004
s off
f 13/13/4 14/14/4 16/15/4 15/16/4
o Cube_Cube.001
v -0.300000 -4.100000 11.400000
v -0.300000 0.000000 11.400000
v -0.300000 -4.100000 -11.400000
v -0.300000 0.000000 -11.400000
v 0.300000 -4.100000 11.400000
v 0.300000 0.000000 11.400000
v 0.300000 -4.100000 -11.400000
v 0.300000 0.000000 -11.400000
vt 0.375000 0.000000
vt 0.625000 0.000000
vt 0.625000 0.250000
vt 0.375000 0.250000
vt 0.625000 0.500000
vt 0.375000 0.500000
vt 0.625000 0.750000
vt 0.375000 0.750000
vt 0.625000 1.000000
vt 0.375000 1.000000
vt 0.125000 0.500000
vt 0.125000 0.750000
vt 0.875000 0.500000
vt 0.875000 0.750000
vn -1.0000 0.0000 0.0000
vn 0.0000 0.0000 -1.0000
vn 1.0000 0.0000 0.0000
vn 0.0000 0.0000 1.0000
vn 0.0000 -1.0000 0.0000
vn 0.0000 1.0000 0.0000
usemtl white_texture.006
s off
f 17/17/5 18/18/5 20/19/5 19/20/5
f 19/20/6 20/19/6 24/21/6 23/22/6
f 23/22/7 24/21/7 22/23/7 21/24/7
f 21/24/8 22/23/8 18/25/8 17/26/8
f 19/27/9 23/22/9 21/24/9 17/28/9
f 24/21/10 20/29/10 18/30/10 22/23/10
o Plane.010
v 24.699999 -4.095000 -1.114270
v 24.699999 -4.095000 -1.419070
v 17.600000 -4.095000 -1.114270
v 17.600000 -4.095000 -1.419070
vt 0.000000 0.000000
vt 1.000000 0.000000
vt 1.000000 1.000000
vt 0.000000 1.000000
vn 0.0000 1.0000 0.0000
usemtl black.004
s off
f 25/31/11 26/32/11 28/33/11 27/34/11
o Plane.011
v 24.699999 -4.095000 -3.647600
v 24.699999 -4.095000 -3.952400
v 17.600000 -4.095000 -3.647600
v 17.600000 -4.095000 -3.952400
vt 0.000000 0.000000
vt 1.000000 0.000000
vt 1.000000 1.000000
vt 0.000000 1.000000
vn 0.0000 1.0000 0.0000
usemtl black.005
s off
f 29/35/12 30/36/12 32/37/12 31/38/12
o Plane.012
v 24.699999 -4.095000 -6.180930
v 24.699999 -4.095000 -6.485730
v 17.600000 -4.095000 -6.180930
v 17.600000 -4.095000 -6.485730
vt 0.000000 0.000000
vt 1.000000 0.000000
vt 1.000000 1.000000
vt 0.000000 1.000000
vn 0.0000 1.0000 0.0000
usemtl black.006
s off
f 33/39/13 34/40/13 36/41/13 35/42/13
o Plane.014
v 24.699999 -4.095000 -8.714270
v 24.699999 -4.095000 -9.019070
v 17.600000 -4.095000 -8.714270
v 17.600000 -4.095000 -9.019070
vt 0.000000 0.000000
vt 1.000000 0.000000
vt 1.000000 1.000000
vt 0.000000 1.000000
vn 0.0000 1.0000 0.0000
usemtl black.008
s off
f 37/43/14 38/44/14 40/45/14 39/46/14
o Plane.018
v 17.600000 -4.095000 -6.180931
v 17.600000 -4.095000 -6.485731
v -24.699999 -2.395000 -6.180929
v -24.699999 -2.395000 -6.485729
vt 0.000000 0.000000
vt 1.000000 0.000000
vt 1.000000 1.000000
vt 0.000000 1.000000
vn 0.0402 0.9992 0.0000
usemtl black.012
s off
f 41/47/15 42/48/15 44/49/15 43/50/15
o Plane.019
v 17.600000 -4.095000 -3.647601
v 17.600000 -4.095000 -3.952401
v -24.699999 -2.395000 -3.647599
v -24.699999 -2.395000 -3.952399
vt 0.000000 0.000000
vt 1.000000 0.000000
vt 1.000000 1.000000
vt 0.000000 1.000000
vn 0.0402 0.9992 0.0000
usemtl black.013
s off
f 45/51/16 46/52/16 48/53/16 47/54/16
o Plane.020
v 17.600000 -4.095000 -1.114271
v 17.600000 -4.095000 -1.419071
v -24.699999 -2.395000 -1.114269
v -24.699999 -2.395000 -1.419069
vt 0.000000 0.000000
vt 1.000000 0.000000
vt 1.000000 1.000000
vt 0.000000 1.000000
vn 0.0402 0.9992 0.0000
usemtl black.014
s off
f 49/55/17 50/56/17 52/57/17 51/58/17
o Plane.021
v 17.600000 -4.095000 -8.714271
v 17.600000 -4.095000 -9.019071
v -24.699999 -2.395000 -8.714269
v -24.699999 -2.395000 -9.019069
vt 0.000000 0.000000
vt 1.000000 0.000000
vt 1.000000 1.000000
vt 0.000000 1.000000
vn 0.0402 0.9992 0.0000
usemtl black.015
s off
f 53/59/18 54/60/18 56/61/18 55/62/18
o Plane.008_Plane.023
v 24.699999 -4.095000 6.485730
v 24.699999 -4.095000 6.180930
v 17.600000 -4.095000 6.485730
v 17.600000 -4.095000 6.180930
vt 0.000000 0.000000
vt 1.000000 0.000000
vt 1.000000 1.000000
vt 0.000000 1.000000
vn 0.0000 1.0000 0.0000
usemtl black.017
s off
f 57/63/19 58/64/19 60/65/19 59/66/19
o Plane.009_Plane.024
v 24.699999 -4.095000 3.952400
v 24.699999 -4.095000 3.647600
v 17.600000 -4.095000 3.952400
v 17.600000 -4.095000 3.647600
vt 0.000000 0.000000
vt 1.000000 0.000000
vt 1.000000 1.000000
vt 0.000000 1.000000
vn 0.0000 1.0000 0.0000
usemtl black.018
s off
f 61/67/20 62/68/20 64/69/20 63/70/20
o Plane.022_Plane.025
v 24.699999 -4.095000 1.419070
v 24.699999 -4.095000 1.114270
v 17.600000 -4.095000 1.419070
v 17.600000 -4.095000 1.114270
vt 0.000000 0.000000
vt 1.000000 0.000000
vt 1.000000 1.000000
vt 0.000000 1.000000
vn 0.0000 1.0000 0.0000
usemtl black.019
s off
f 65/71/21 66/72/21 68/73/21 67/74/21
o Plane.013_Plane.026
v 17.600000 -4.095000 1.419069
v 17.600000 -4.095000 1.114269
v -24.699999 -2.395000 1.419071
v -24.699999 -2.395000 1.114271
vt 0.000000 0.000000
vt 1.000000 0.000000
vt 1.000000 1.000000
vt 0.000000 1.000000
vn 0.0402 0.9992 0.0000
usemtl black.020
s off
f 69/75/22 70/76/22 72/77/22 71/78/22
o Plane.016_Plane.027
v 17.599977 -4.094999 3.952399
v 17.599977 -4.094999 3.647599
v -24.699976 -2.395001 3.952401
v -24.699976 -2.395001 3.647601
vt 0.000000 0.000000
vt 1.000000 0.000000
vt 1.000000 1.000000
vt 0.000000 1.000000
vn 0.0402 0.9992 0.0000
usemtl black.021
s off
f 73/79/23 74/80/23 76/81/23 75/82/23
o Plane.017_Plane.028
v 17.600000 -4.095000 6.485729
v 17.600000 -4.095000 6.180929
v -24.699999 -2.395000 6.485731
v -24.699999 -2.395000 6.180931
vt 0.000000 0.000000
vt 1.000000 0.000000
vt 1.000000 1.000000
vt 0.000000 1.000000
vn 0.0402 0.9992 0.0000
usemtl black.022
s off
f 77/83/24 78/84/24 80/85/24 79/86/24
o Plane.023_Plane.029
v 17.600000 -4.093000 9.019069
v 17.600000 -4.093000 8.714269
v -24.699999 -2.393000 9.019071
v -24.699999 -2.393000 8.714271
vt 0.000000 0.000000
vt 1.000000 0.000000
vt 1.000000 1.000000
vt 0.000000 1.000000
vn 0.0402 0.9992 0.0000
usemtl black.023
s off
f 81/87/25 82/88/25 84/89/25 83/90/25
o Plane.007_Plane.030
v 24.699999 -4.095000 9.019070
v 24.699999 -4.095000 8.714270
v 17.600000 -4.095000 9.019070
v 17.600000 -4.095000 8.714270
vt 0.000000 0.000000
vt 1.000000 0.000000
vt 1.000000 1.000000
vt 0.000000 1.000000
vn 0.0000 1.0000 0.0000
usemtl black.024
s off
f 85/91/26 86/92/26 88/93/26 87/94/26
o Plane.015_Plane.031
v -0.300123 -3.375610 8.638057
v -0.300123 -3.375610 6.561923
v -0.604677 -3.363370 8.638057
v -0.604677 -3.363370 6.561923
vt 0.000000 0.000000
vt 1.000000 0.000000
vt 1.000000 1.000000
vt 0.000000 1.000000
vn 0.0402 0.9992 -0.0000
usemtl black.025
s off
f 89/95/27 90/96/27 92/97/27 91/98/27
o Plane.026_Plane.034
v 21.865271 -4.095000 8.638052
v 21.865269 -4.095000 6.561918
v 21.560471 -4.095000 8.638052
v 21.560469 -4.095000 6.561918
vt 0.000000 0.000000
vt 1.000000 0.000000
vt 1.000000 1.000000
vt 0.000000 1.000000
vn 0.0000 1.0000 -0.0000
usemtl black.028
s off
f 93/99/28 94/100/28 96/101/28 95/102/28
o Plane.027_Plane.035
v 20.447906 -4.095000 8.638052
v 20.447905 -4.095000 6.561918
v 20.143106 -4.095000 8.638052
v 20.143105 -4.095000 6.561918
vt 0.000000 0.000000
vt 1.000000 0.000000
vt 1.000000 1.000000
vt 0.000000 1.000000
vn 0.0000 1.0000 -0.0000
usemtl black.029
s off
f 97/103/29 98/104/29 100/105/29 99/106/29
o Plane.028_Plane.036
v 19.030542 -4.095000 8.638052
v 19.030540 -4.095000 6.561918
v 18.725742 -4.095000 8.638052
v 18.725740 -4.095000 6.561918
vt 0.000000 0.000000
vt 1.000000 0.000000
vt 1.000000 1.000000
vt 0.000000 1.000000
vn 0.0000 1.0000 -0.0000
usemtl black.030
s off
f 101/107/30 102/108/30 104/109/30 103/110/30
o Plane.029_Plane.037
v 17.613054 -4.095524 8.638052
v 17.613054 -4.095524 6.561918
v 17.308500 -4.083285 8.638052
v 17.308500 -4.083285 6.561918
vt 0.000000 0.000000
vt 1.000000 0.000000
vt 1.000000 1.000000
vt 0.000000 1.000000
vn 0.0402 0.9992 0.0000
usemtl black.031
s off
f 105/111/31 106/112/31 108/113/31 107/114/31
o Plane.030_Plane.038
v 16.195688 -4.038562 8.638052
v 16.195688 -4.038562 6.561918
v 15.891134 -4.026322 8.638052
v 15.891134 -4.026322 6.561918
vt 0.000000 0.000000
vt 1.000000 0.000000
vt 1.000000 1.000000
vt 0.000000 1.000000
vn 0.0402 0.9992 0.0000
usemtl black.032
s off
f 109/115/32 110/116/32 112/117/32 111/118/32
o Plane.031_Plane.039
v 14.778324 -3.981599 8.638052
v 14.778324 -3.981599 6.561918
v 14.473770 -3.969359 8.638052
v 14.473770 -3.969359 6.561918
vt 0.000000 0.000000
vt 1.000000 0.000000
vt 1.000000 1.000000
vt 0.000000 1.000000
vn 0.0402 0.9992 0.0000
usemtl black.033
s off
f 113/119/33 114/120/33 116/121/33 115/122/33
o Plane.032_Plane.040
v 13.360959 -3.924637 8.638052
v 13.360959 -3.924637 6.561918
v 13.056405 -3.912397 8.638052
v 13.056405 -3.912397 6.561918
vt 0.000000 0.000000
vt 1.000000 0.000000
vt 1.000000 1.000000
vt 0.000000 1.000000
vn 0.0402 0.9992 0.0000
usemtl black.034
s off
f 117/123/34 118/124/34 120/125/34 119/126/34
o Plane.006_Plane.041
v 11.943595 -3.867674 8.638052
v 11.943595 -3.867674 6.561918
v 11.639041 -3.855434 8.638052
v 11.639041 -3.855434 6.561918
vt 0.000000 0.000000
vt 1.000000 0.000000
vt 1.000000 1.000000
vt 0.000000 1.000000
vn 0.0402 0.9992 0.0000
usemtl black.035
s off
f 121/127/35 122/128/35 124/129/35 123/130/35
o Plane.033_Plane.042
v 10.526230 -3.810711 8.638052
v 10.526230 -3.810711 6.561918
v 10.221676 -3.798471 8.638052
v 10.221676 -3.798471 6.561918
vt 0.000000 0.000000
vt 1.000000 0.000000
vt 1.000000 1.000000
vt 0.000000 1.000000
vn 0.0402 0.9992 0.0000
usemtl black.036
s off
f 125/131/36 126/132/36 128/133/36 127/134/36
o Plane.034_Plane.043
v 9.108865 -3.753749 8.638052
v 9.108865 -3.753749 6.561918
v 8.804311 -3.741509 8.638052
v 8.804311 -3.741509 6.561918
vt 0.000000 0.000000
vt 1.000000 0.000000
vt 1.000000 1.000000
vt 0.000000 1.000000
vn 0.0402 0.9992 0.0000
usemtl black.037
s off
f 129/135/37 130/136/37 132/137/37 131/138/37
o Plane.035_Plane.044
v 7.691501 -3.696786 8.638052
v 7.691501 -3.696786 6.561918
v 7.386947 -3.684546 8.638052
v 7.386947 -3.684546 6.561918
vt 0.000000 0.000000
vt 1.000000 0.000000
vt 1.000000 1.000000
vt 0.000000 1.000000
vn 0.0402 0.9992 0.0000
usemtl black.038
s off
f 133/139/38 134/140/38 136/141/38 135/142/38
o Plane.036_Plane.045
v 6.274136 -3.639823 8.638052
v 6.274136 -3.639823 6.561918
v 5.969582 -3.627584 8.638052
v 5.969582 -3.627584 6.561918
vt 0.000000 0.000000
vt 1.000000 0.000000
vt 1.000000 1.000000
vt 0.000000 1.000000
vn 0.0402 0.9992 0.0000
usemtl black.039
s off
f 137/143/39 138/144/39 140/145/39 139/146/39
o Plane.037_Plane.046
v 4.856771 -3.582861 8.638052
v 4.856771 -3.582861 6.561918
v 4.552217 -3.570621 8.638052
v 4.552217 -3.570621 6.561918
vt 0.000000 0.000000
vt 1.000000 0.000000
vt 1.000000 1.000000
vt 0.000000 1.000000
vn 0.0402 0.9992 0.0000
usemtl black.040
s off
f 141/147/40 142/148/40 144/149/40 143/150/40
o Plane.038_Plane.047
v 3.439406 -3.525898 8.638052
v 3.439406 -3.525898 6.561918
v 3.134852 -3.513658 8.638052
v 3.134852 -3.513658 6.561918
vt 0.000000 0.000000
vt 1.000000 0.000000
vt 1.000000 1.000000
vt 0.000000 1.000000
vn 0.0402 0.9992 0.0000
usemtl black.041
s off
f 145/151/41 146/152/41 148/153/41 147/154/41
o Plane.039_Plane.048
v 2.022042 -3.468935 8.638057
v 2.022042 -3.468935 6.561923
v 1.717488 -3.456696 8.638057
v 1.717488 -3.456696 6.561923
vt 0.000000 0.000000
vt 1.000000 0.000000
vt 1.000000 1.000000
vt 0.000000 1.000000
vn 0.0402 0.9992 -0.0000
usemtl black.042
s off
f 149/155/42 150/156/42 152/157/42 151/158/42
o Plane.040_Plane.053
v 23.282600 -4.095000 8.638060
v 23.282598 -4.095000 6.561920
v 22.977800 -4.095000 8.638060
v 22.977798 -4.095000 6.561920
vt 0.000000 0.000000
vt 1.000000 0.000000
vt 1.000000 1.000000
vt 0.000000 1.000000
vn 0.0000 1.0000 -0.0000
usemtl black.047
s off
f 153/159/43 154/160/43 156/161/43 155/162/43
o Plane.041_Plane.054
v 24.700001 -4.095000 8.638057
v 24.699999 -4.095000 6.561923
v 24.395201 -4.095000 8.638057
v 24.395199 -4.095000 6.561923
vt 0.000000 0.000000
vt 1.000000 0.000000
vt 1.000000 1.000000
vt 0.000000 1.000000
vn 0.0000 1.0000 -0.0000
usemtl black.048
s off
f 157/163/44 158/164/44 160/165/44 159/166/44
o Plane.024_Plane.061
v 24.700001 -4.095000 6.108057
v 24.699999 -4.095000 4.031923
v 24.395201 -4.095000 6.108057
v 24.395199 -4.095000 4.031923
vt 0.000000 0.000000
vt 1.000000 0.000000
vt 1.000000 1.000000
vt 0.000000 1.000000
vn 0.0000 1.0000 -0.0000
usemtl black.049
s off
f 161/167/45 162/168/45 164/169/45 163/170/45
o Plane.025_Plane.062
v 23.282600 -4.095000 6.108060
v 23.282598 -4.095000 4.031920
v 22.977800 -4.095000 6.108060
v 22.977798 -4.095000 4.031920
vt 0.000000 0.000000
vt 1.000000 0.000000
vt 1.000000 1.000000
vt 0.000000 1.000000
vn 0.0000 1.0000 -0.0000
usemtl black.050
s off
f 165/171/46 166/172/46 168/173/46 167/174/46
o Plane.042_Plane.063
v 2.022042 -3.468935 6.108052
v 2.022042 -3.468935 4.031919
v 1.717488 -3.456696 6.108052
v 1.717488 -3.456696 4.031919
vt 0.000000 0.000000
vt 1.000000 0.000000
vt 1.000000 1.000000
vt 0.000000 1.000000
vn 0.0402 0.9992 -0.0000
usemtl black.051
s off
f 169/175/47 170/176/47 172/177/47 171/178/47
o Plane.043_Plane.064
v 3.439406 -3.525898 6.108052
v 3.439406 -3.525898 4.031919
v 3.134852 -3.513658 6.108052
v 3.134852 -3.513658 4.031919
vt 0.000000 0.000000
vt 1.000000 0.000000
vt 1.000000 1.000000
vt 0.000000 1.000000
vn 0.0402 0.9992 0.0000
usemtl black.052
s off
f 173/179/48 174/180/48 176/181/48 175/182/48
o Plane.044_Plane.065
v 4.856771 -3.582861 6.108052
v 4.856771 -3.582861 4.031919
v 4.552217 -3.570621 6.108052
v 4.552217 -3.570621 4.031919
vt 0.000000 0.000000
vt 1.000000 0.000000
vt 1.000000 1.000000
vt 0.000000 1.000000
vn 0.0402 0.9992 0.0000
usemtl black.053
s off
f 177/183/49 178/184/49 180/185/49 179/186/49
o Plane.045_Plane.066
v 6.274136 -3.639823 6.108052
v 6.274136 -3.639823 4.031919
v 5.969582 -3.627584 6.108052
v 5.969582 -3.627584 4.031919
vt 0.000000 0.000000
vt 1.000000 0.000000
vt 1.000000 1.000000
vt 0.000000 1.000000
vn 0.0402 0.9992 0.0000
usemtl black.054
s off
f 181/187/50 182/188/50 184/189/50 183/190/50
o Plane.046_Plane.067
v 7.691501 -3.696786 6.108052
v 7.691501 -3.696786 4.031919
v 7.386947 -3.684546 6.108052
v 7.386947 -3.684546 4.031919
vt 0.000000 0.000000
vt 1.000000 0.000000
vt 1.000000 1.000000
vt 0.000000 1.000000
vn 0.0402 0.9992 0.0000
usemtl black.055
s off
f 185/191/51 186/192/51 188/193/51 187/194/51
o Plane.047_Plane.068
v 9.108865 -3.753749 6.108052
v 9.108865 -3.753749 4.031919
v 8.804311 -3.741509 6.108052
v 8.804311 -3.741509 4.031919
vt 0.000000 0.000000
vt 1.000000 0.000000
vt 1.000000 1.000000
vt 0.000000 1.000000
vn 0.0402 0.9992 0.0000
usemtl black.056
s off
f 189/195/52 190/196/52 192/197/52 191/198/52
o Plane.048_Plane.069
v 10.526230 -3.810711 6.108052
v 10.526230 -3.810711 4.031919
v 10.221676 -3.798471 6.108052
v 10.221676 -3.798471 4.031919
vt 0.000000 0.000000
vt 1.000000 0.000000
vt 1.000000 1.000000
vt 0.000000 1.000000
vn 0.0402 0.9992 0.0000
usemtl black.057
s off
f 193/199/53 194/200/53 196/201/53 195/202/53
o Plane.049_Plane.070
v 13.360959 -3.924637 6.108052
v 13.360959 -3.924637 4.031919
v 13.056405 -3.912397 6.108052
v 13.056405 -3.912397 4.031919
vt 0.000000 0.000000
vt 1.000000 0.000000
vt 1.000000 1.000000
vt 0.000000 1.000000
vn 0.0402 0.9992 0.0000
usemtl black.058
s off
f 197/203/54 198/204/54 200/205/54 199/206/54
o Plane.050_Plane.071
v 14.778324 -3.981599 6.108052
v 14.778324 -3.981599 4.031919
v 14.473770 -3.969359 6.108052
v 14.473770 -3.969359 4.031919
vt 0.000000 0.000000
vt 1.000000 0.000000
vt 1.000000 1.000000
vt 0.000000 1.000000
vn 0.0402 0.9992 0.0000
usemtl black.059
s off
f 201/207/55 202/208/55 204/209/55 203/210/55
o Plane.051_Plane.072
v 16.195688 -4.038562 6.108052
v 16.195688 -4.038562 4.031919
v 15.891134 -4.026322 6.108052
v 15.891134 -4.026322 4.031919
vt 0.000000 0.000000
vt 1.000000 0.000000
vt 1.000000 1.000000
vt 0.000000 1.000000
vn 0.0402 0.9992 0.0000
usemtl black.060
s off
f 205/211/56 206/212/56 208/213/56 207/214/56
o Plane.052_Plane.073
v 17.613054 -4.095524 6.108052
v 17.613054 -4.095524 4.031919
v 17.308500 -4.083285 6.108052
v 17.308500 -4.083285 4.031919
vt 0.000000 0.000000
vt 1.000000 0.000000
vt 1.000000 1.000000
vt 0.000000 1.000000
vn 0.0402 0.9992 0.0000
usemtl black.061
s off
f 209/215/57 210/216/57 212/217/57 211/218/57
o Plane.053_Plane.074
v 19.030542 -4.095000 6.108052
v 19.030540 -4.095000 4.031919
v 18.725742 -4.095000 6.108052
v 18.725740 -4.095000 4.031919
vt 0.000000 0.000000
vt 1.000000 0.000000
vt 1.000000 1.000000
vt 0.000000 1.000000
vn 0.0000 1.0000 -0.0000
usemtl black.062
s off
f 213/219/58 214/220/58 216/221/58 215/222/58
o Plane.054_Plane.075
v 20.447906 -4.095000 6.108052
v 20.447905 -4.095000 4.031919
v 20.143106 -4.095000 6.108052
v 20.143105 -4.095000 4.031919
vt 0.000000 0.000000
vt 1.000000 0.000000
vt 1.000000 1.000000
vt 0.000000 1.000000
vn 0.0000 1.0000 -0.0000
usemtl black.063
s off
f 217/223/59 218/224/59 220/225/59 219/226/59
o Plane.055_Plane.076
v 21.865271 -4.095000 6.108052
v 21.865269 -4.095000 4.031919
v 21.560471 -4.095000 6.108052
v 21.560469 -4.095000 4.031919
vt 0.000000 0.000000
vt 1.000000 0.000000
vt 1.000000 1.000000
vt 0.000000 1.000000
vn 0.0000 1.0000 -0.0000
usemtl black.064
s off
f 221/227/60 222/228/60 224/229/60 223/230/60
o Plane.056_Plane.077
v 0.604677 -3.411973 6.108052
v 0.604677 -3.411973 4.031919
v 0.300123 -3.399733 6.108052
v 0.300123 -3.399733 4.031919
vt 0.000000 0.000000
vt 1.000000 0.000000
vt 1.000000 1.000000
vt 0.000000 1.000000
vn 0.0402 0.9992 -0.0000
usemtl black.065
s off
f 225/231/61 226/232/61 228/233/61 227/234/61
o Plane.057_Plane.078
v 11.943595 -3.867674 6.108052
v 11.943595 -3.867674 4.031919
v 11.639041 -3.855434 6.108052
v 11.639041 -3.855434 4.031919
vt 0.000000 0.000000
vt 1.000000 0.000000
vt 1.000000 1.000000
vt 0.000000 1.000000
vn 0.0402 0.9992 0.0000
usemtl black.066
s off
f 229/235/62 230/236/62 232/237/62 231/238/62
o Plane.058_Plane.079
v 0.604677 -3.411973 6.104667
v 0.604677 -3.411973 4.028533
v 0.300123 -3.399733 6.104667
v 0.300123 -3.399733 4.028533
vt 0.000000 0.000000
vt 1.000000 0.000000
vt 1.000000 1.000000
vt 0.000000 1.000000
vn 0.0402 0.9992 -0.0000
usemtl black.067
s off
f 233/239/63 234/240/63 236/241/63 235/242/63
o Plane.059_Plane.080
v 0.604677 -3.411973 8.638057
v 0.604677 -3.411973 6.561923
v 0.300123 -3.399733 8.638057
v 0.300123 -3.399733 6.561923
vt 0.000000 0.000000
vt 1.000000 0.000000
vt 1.000000 1.000000
vt 0.000000 1.000000
vn 0.0402 0.9992 -0.0000
usemtl black.068
s off
f 237/243/64 238/244/64 240/245/64 239/246/64
o Plane.060_Plane.081
v -24.395323 -2.407245 8.638057
v -24.395323 -2.407245 6.561923
v -24.699877 -2.395005 8.638057
v -24.699877 -2.395005 6.561923
vt 0.000000 0.000000
vt 1.000000 0.000000
vt 1.000000 1.000000
vt 0.000000 1.000000
vn 0.0402 0.9992 0.0000
usemtl black.069
s off
f 241/247/65 242/248/65 244/249/65 243/250/65
o Plane.061_Plane.082
v -22.977922 -2.464207 8.638057
v -22.977922 -2.464207 6.561923
v -23.282476 -2.451967 8.638057
v -23.282476 -2.451967 6.561923
vt 0.000000 0.000000
vt 1.000000 0.000000
vt 1.000000 1.000000
vt 0.000000 1.000000
vn 0.0402 0.9992 0.0000
usemtl black.070
s off
f 245/251/66 246/252/66 248/253/66 247/254/66
o Plane.062_Plane.083
v -21.560623 -2.521170 8.638057
v -21.560623 -2.521170 6.561923
v -21.865177 -2.508930 8.638057
v -21.865177 -2.508930 6.561923
vt 0.000000 0.000000
vt 1.000000 0.000000
vt 1.000000 1.000000
vt 0.000000 1.000000
vn 0.0402 0.9992 0.0000
usemtl black.071
s off
f 249/255/67 250/256/67 252/257/67 251/258/67
o Plane.063_Plane.084
v -20.143223 -2.578133 8.638057
v -20.143223 -2.578133 6.561923
v -20.447777 -2.565893 8.638057
v -20.447777 -2.565893 6.561923
vt 0.000000 0.000000
vt 1.000000 0.000000
vt 1.000000 1.000000
vt 0.000000 1.000000
vn 0.0402 0.9992 0.0000
usemtl black.072
s off
f 253/259/68 254/260/68 256/261/68 255/262/68
o Plane.064_Plane.085
v -18.725822 -2.635095 8.638057
v -18.725822 -2.635095 6.561923
v -19.030376 -2.622855 8.638057
v -19.030376 -2.622855 6.561923
vt 0.000000 0.000000
vt 1.000000 0.000000
vt 1.000000 1.000000
vt 0.000000 1.000000
vn 0.0402 0.9992 0.0000
usemtl black.073
s off
f 257/263/69 258/264/69 260/265/69 259/266/69
o Plane.065_Plane.086
v -17.308523 -2.692058 8.638057
v -17.308523 -2.692058 6.561923
v -17.613077 -2.679818 8.638057
v -17.613077 -2.679818 6.561923
vt 0.000000 0.000000
vt 1.000000 0.000000
vt 1.000000 1.000000
vt 0.000000 1.000000
vn 0.0402 0.9992 0.0000
usemtl black.074
s off
f 261/267/70 262/268/70 264/269/70 263/270/70
o Plane.066_Plane.087
v -15.891123 -2.749021 8.638057
v -15.891123 -2.749021 6.561923
v -16.195677 -2.736781 8.638057
v -16.195677 -2.736781 6.561923
vt 0.000000 0.000000
vt 1.000000 0.000000
vt 1.000000 1.000000
vt 0.000000 1.000000
vn 0.0402 0.9992 0.0000
usemtl black.075
s off
f 265/271/71 266/272/71 268/273/71 267/274/71
o Plane.067_Plane.088
v -14.473723 -2.805983 8.638057
v -14.473723 -2.805983 6.561923
v -14.778277 -2.793743 8.638057
v -14.778277 -2.793743 6.561923
vt 0.000000 0.000000
vt 1.000000 0.000000
vt 1.000000 1.000000
vt 0.000000 1.000000
vn 0.0402 0.9992 0.0000
usemtl black.076
s off
f 269/275/72 270/276/72 272/277/72 271/278/72
o Plane.068_Plane.089
v -13.056423 -2.862946 8.638057
v -13.056423 -2.862946 6.561923
v -13.360977 -2.850706 8.638057
v -13.360977 -2.850706 6.561923
vt 0.000000 0.000000
vt 1.000000 0.000000
vt 1.000000 1.000000
vt 0.000000 1.000000
vn 0.0402 0.9992 0.0000
usemtl black.077
s off
f 273/279/73 274/280/73 276/281/73 275/282/73
o Plane.069_Plane.090
v -11.639023 -2.919909 8.638057
v -11.639023 -2.919909 6.561923
v -11.943577 -2.907669 8.638057
v -11.943577 -2.907669 6.561923
vt 0.000000 0.000000
vt 1.000000 0.000000
vt 1.000000 1.000000
vt 0.000000 1.000000
vn 0.0402 0.9992 0.0000
usemtl black.078
s off
f 277/283/74 278/284/74 280/285/74 279/286/74
o Plane.070_Plane.091
v -10.221723 -2.976871 8.638057
v -10.221723 -2.976871 6.561923
v -10.526277 -2.964631 8.638057
v -10.526277 -2.964631 6.561923
vt 0.000000 0.000000
vt 1.000000 0.000000
vt 1.000000 1.000000
vt 0.000000 1.000000
vn 0.0402 0.9992 0.0000
usemtl black.079
s off
f 281/287/75 282/288/75 284/289/75 283/290/75
o Plane.071_Plane.092
v -8.804313 -3.033834 8.638057
v -8.804313 -3.033834 6.561923
v -9.108867 -3.021594 8.638057
v -9.108867 -3.021594 6.561923
vt 0.000000 0.000000
vt 1.000000 0.000000
vt 1.000000 1.000000
vt 0.000000 1.000000
vn 0.0402 0.9992 0.0000
usemtl black.080
s off
f 285/291/76 286/292/76 288/293/76 287/294/76
o Plane.072_Plane.093
v -7.386943 -3.090796 8.638057
v -7.386943 -3.090796 6.561923
v -7.691497 -3.078557 8.638057
v -7.691497 -3.078557 6.561923
vt 0.000000 0.000000
vt 1.000000 0.000000
vt 1.000000 1.000000
vt 0.000000 1.000000
vn 0.0402 0.9992 0.0000
usemtl black.081
s off
f 289/295/77 290/296/77 292/297/77 291/298/77
o Plane.073_Plane.094
v -5.969583 -3.147759 8.638057
v -5.969583 -3.147759 6.561923
v -6.274137 -3.135519 8.638057
v -6.274137 -3.135519 6.561923
vt 0.000000 0.000000
vt 1.000000 0.000000
vt 1.000000 1.000000
vt 0.000000 1.000000
vn 0.0402 0.9992 0.0000
usemtl black.082
s off
f 293/299/78 294/300/78 296/301/78 295/302/78
o Plane.074_Plane.095
v -4.552213 -3.204722 8.638057
v -4.552213 -3.204722 6.561923
v -4.856767 -3.192482 8.638057
v -4.856767 -3.192482 6.561923
vt 0.000000 0.000000
vt 1.000000 0.000000
vt 1.000000 1.000000
vt 0.000000 1.000000
vn 0.0402 0.9992 0.0000
usemtl black.083
s off
f 297/303/79 298/304/79 300/305/79 299/306/79
o Plane.075_Plane.096
v -3.134853 -3.261684 8.638057
v -3.134853 -3.261684 6.561923
v -3.439407 -3.249444 8.638057
v -3.439407 -3.249444 6.561923
vt 0.000000 0.000000
vt 1.000000 0.000000
vt 1.000000 1.000000
vt 0.000000 1.000000
vn 0.0402 0.9992 -0.0000
usemtl black.084
s off
f 301/307/80 302/308/80 304/309/80 303/310/80
o Plane.076_Plane.097
v -1.717483 -3.318647 8.638057
v -1.717483 -3.318647 6.561923
v -2.022037 -3.306407 8.638057
v -2.022037 -3.306407 6.561923
vt 0.000000 0.000000
vt 1.000000 0.000000
vt 1.000000 1.000000
vt 0.000000 1.000000
vn 0.0402 0.9992 0.0000
usemtl black.085
s off
f 305/311/81 306/312/81 308/313/81 307/314/81
o Plane.077_Plane.098
v -1.717488 -3.318647 6.104667
v -1.717488 -3.318647 4.028533
v -2.022042 -3.306407 6.104667
v -2.022042 -3.306407 4.028533
vt 0.000000 0.000000
vt 1.000000 0.000000
vt 1.000000 1.000000
vt 0.000000 1.000000
vn 0.0402 0.9992 0.0000
usemtl black.086
s off
f 309/315/82 310/316/82 312/317/82 311/318/82
o Plane.078_Plane.099
v -3.134852 -3.261684 6.104667
v -3.134852 -3.261684 4.028533
v -3.439406 -3.249444 6.104667
v -3.439406 -3.249444 4.028533
vt 0.000000 0.000000
vt 1.000000 0.000000
vt 1.000000 1.000000
vt 0.000000 1.000000
vn 0.0402 0.9992 0.0000
usemtl black.087
s off
f 313/319/83 314/320/83 316/321/83 315/322/83
o Plane.079_Plane.100
v -4.552217 -3.204722 6.104667
v -4.552217 -3.204722 4.028533
v -4.856771 -3.192482 6.104667
v -4.856771 -3.192482 4.028533
vt 0.000000 0.000000
vt 1.000000 0.000000
vt 1.000000 1.000000
vt 0.000000 1.000000
vn 0.0402 0.9992 0.0000
usemtl black.088
s off
f 317/323/84 318/324/84 320/325/84 319/326/84
o Plane.080_Plane.101
v -5.969582 -3.147759 6.104667
v -5.969582 -3.147759 4.028533
v -6.274136 -3.135519 6.104667
v -6.274136 -3.135519 4.028533
vt 0.000000 0.000000
vt 1.000000 0.000000
vt 1.000000 1.000000
vt 0.000000 1.000000
vn 0.0402 0.9992 0.0000
usemtl black.089
s off
f 321/327/85 322/328/85 324/329/85 323/330/85
o Plane.081_Plane.102
v -7.386947 -3.090796 6.104667
v -7.386947 -3.090796 4.028533
v -7.691501 -3.078557 6.104667
v -7.691501 -3.078557 4.028533
vt 0.000000 0.000000
vt 1.000000 0.000000
vt 1.000000 1.000000
vt 0.000000 1.000000
vn 0.0402 0.9992 0.0000
usemtl black.090
s off
f 325/331/86 326/332/86 328/333/86 327/334/86
o Plane.082_Plane.103
v -8.804311 -3.033834 6.104667
v -8.804311 -3.033834 4.028533
v -9.108865 -3.021594 6.104667
v -9.108865 -3.021594 4.028533
vt 0.000000 0.000000
vt 1.000000 0.000000
vt 1.000000 1.000000
vt 0.000000 1.000000
vn 0.0402 0.9992 0.0000
usemtl black.091
s off
f 329/335/87 330/336/87 332/337/87 331/338/87
o Plane.083_Plane.104
v -10.221676 -2.976871 6.104667
v -10.221676 -2.976871 4.028533
v -10.526230 -2.964631 6.104667
v -10.526230 -2.964631 4.028533
vt 0.000000 0.000000
vt 1.000000 0.000000
vt 1.000000 1.000000
vt 0.000000 1.000000
vn 0.0402 0.9992 0.0000
usemtl black.092
s off
f 333/339/88 334/340/88 336/341/88 335/342/88
o Plane.084_Plane.105
v -11.639041 -2.919909 6.104667
v -11.639041 -2.919909 4.028533
v -11.943595 -2.907669 6.104667
v -11.943595 -2.907669 4.028533
vt 0.000000 0.000000
vt 1.000000 0.000000
vt 1.000000 1.000000
vt 0.000000 1.000000
vn 0.0402 0.9992 0.0000
usemtl black.093
s off
f 337/343/89 338/344/89 340/345/89 339/346/89
o Plane.085_Plane.106
v -13.056405 -2.862946 6.104667
v -13.056405 -2.862946 4.028533
v -13.360959 -2.850706 6.104667
v -13.360959 -2.850706 4.028533
vt 0.000000 0.000000
vt 1.000000 0.000000
vt 1.000000 1.000000
vt 0.000000 1.000000
vn 0.0402 0.9992 0.0000
usemtl black.094
s off
f 341/347/90 342/348/90 344/349/90 343/350/90
o Plane.086_Plane.107
v -14.473770 -2.805983 6.104667
v -14.473770 -2.805983 4.028533
v -14.778324 -2.793743 6.104667
v -14.778324 -2.793743 4.028533
vt 0.000000 0.000000
vt 1.000000 0.000000
vt 1.000000 1.000000
vt 0.000000 1.000000
vn 0.0402 0.9992 0.0000
usemtl black.095
s off
f 345/351/91 346/352/91 348/353/91 347/354/91
o Plane.087_Plane.108
v -15.891134 -2.749021 6.104667
v -15.891134 -2.749021 4.028533
v -16.195688 -2.736781 6.104667
v -16.195688 -2.736781 4.028533
vt 0.000000 0.000000
vt 1.000000 0.000000
vt 1.000000 1.000000
vt 0.000000 1.000000
vn 0.0402 0.9992 0.0000
usemtl black.096
s off
f 349/355/92 350/356/92 352/357/92 351/358/92
o Plane.088_Plane.109
v -17.308500 -2.692058 6.104667
v -17.308500 -2.692058 4.028533
v -17.613054 -2.679818 6.104667
v -17.613054 -2.679818 4.028533
vt 0.000000 0.000000
vt 1.000000 0.000000
vt 1.000000 1.000000
vt 0.000000 1.000000
vn 0.0402 0.9992 0.0000
usemtl black.097
s off
f 353/359/93 354/360/93 356/361/93 355/362/93
o Plane.089_Plane.110
v -18.725864 -2.635095 6.104667
v -18.725864 -2.635095 4.028533
v -19.030418 -2.622855 6.104667
v -19.030418 -2.622855 4.028533
vt 0.000000 0.000000
vt 1.000000 0.000000
vt 1.000000 1.000000
vt 0.000000 1.000000
vn 0.0402 0.9992 0.0000
usemtl black.098
s off
f 357/363/94 358/364/94 360/365/94 359/366/94
o Plane.090_Plane.111
v -20.143229 -2.578133 6.104667
v -20.143229 -2.578133 4.028533
v -20.447783 -2.565893 6.104667
v -20.447783 -2.565893 4.028533
vt 0.000000 0.000000
vt 1.000000 0.000000
vt 1.000000 1.000000
vt 0.000000 1.000000
vn 0.0402 0.9992 0.0000
usemtl black.099
s off
f 361/367/95 362/368/95 364/369/95 363/370/95
o Plane.091_Plane.112
v -21.560593 -2.521170 6.104667
v -21.560593 -2.521170 4.028533
v -21.865147 -2.508930 6.104667
v -21.865147 -2.508930 4.028533
vt 0.000000 0.000000
vt 1.000000 0.000000
vt 1.000000 1.000000
vt 0.000000 1.000000
vn 0.0402 0.9992 0.0000
usemtl black.100
s off
f 365/371/96 366/372/96 368/373/96 367/374/96
o Plane.092_Plane.113
v -22.977959 -2.464207 6.104667
v -22.977959 -2.464207 4.028533
v -23.282513 -2.451967 6.104667
v -23.282513 -2.451967 4.028533
vt 0.000000 0.000000
vt 1.000000 0.000000
vt 1.000000 1.000000
vt 0.000000 1.000000
vn 0.0402 0.9992 0.0000
usemtl black.101
s off
f 369/375/97 370/376/97 372/377/97 371/378/97
o Plane.093_Plane.114
v -24.395323 -2.407245 -6.561934
v -24.395323 -2.407245 -8.638066
v -24.699877 -2.395005 -6.561934
v -24.699877 -2.395005 -8.638066
vt 0.000000 0.000000
vt 1.000000 0.000000
vt 1.000000 1.000000
vt 0.000000 1.000000
vn 0.0402 0.9992 0.0000
usemtl black.102
s off
f 373/379/98 374/380/98 376/381/98 375/382/98
o Plane.094_Plane.115
v -0.300123 -3.375610 6.104667
v -0.300123 -3.375610 4.028533
v -0.604677 -3.363370 6.104667
v -0.604677 -3.363370 4.028533
vt 0.000000 0.000000
vt 1.000000 0.000000
vt 1.000000 1.000000
vt 0.000000 1.000000
vn 0.0402 0.9992 -0.0000
usemtl black.103
s off
f 377/383/99 378/384/99 380/385/99 379/386/99
o Plane.095_Plane.116
v -24.395323 -2.407245 6.104667
v -24.395323 -2.407245 4.028533
v -24.699877 -2.395005 6.104667
v -24.699877 -2.395005 4.028533
vt 0.000000 0.000000
vt 1.000000 0.000000
vt 1.000000 1.000000
vt 0.000000 1.000000
vn 0.0402 0.9992 0.0000
usemtl black.104
s off
f 381/387/100 382/388/100 384/389/100 383/390/100
o Plane.096_Plane.117
v -0.300123 -3.375610 3.571367
v -0.300123 -3.375610 1.495233
v -0.604677 -3.363370 3.571367
v -0.604677 -3.363370 1.495233
vt 0.000000 0.000000
vt 1.000000 0.000000
vt 1.000000 1.000000
vt 0.000000 1.000000
vn 0.0402 0.9992 -0.0000
usemtl black.105
s off
f 385/391/101 386/392/101 388/393/101 387/394/101
o Plane.097_Plane.118
v -24.395323 -2.407245 3.571367
v -24.395323 -2.407245 1.495233
v -24.699877 -2.395005 3.571367
v -24.699877 -2.395005 1.495233
vt 0.000000 0.000000
vt 1.000000 0.000000
vt 1.000000 1.000000
vt 0.000000 1.000000
vn 0.0402 0.9992 0.0000
usemtl black.106
s off
f 389/395/102 390/396/102 392/397/102 391/398/102
o Plane.098_Plane.119
v -22.977959 -2.464207 3.571367
v -22.977959 -2.464207 1.495233
v -23.282513 -2.451967 3.571367
v -23.282513 -2.451967 1.495233
vt 0.000000 0.000000
vt 1.000000 0.000000
vt 1.000000 1.000000
vt 0.000000 1.000000
vn 0.0402 0.9992 0.0000
usemtl black.107
s off
f 393/399/103 394/400/103 396/401/103 395/402/103
o Plane.099_Plane.120
v -21.560593 -2.521170 3.571367
v -21.560593 -2.521170 1.495233
v -21.865147 -2.508930 3.571367
v -21.865147 -2.508930 1.495233
vt 0.000000 0.000000
vt 1.000000 0.000000
vt 1.000000 1.000000
vt 0.000000 1.000000
vn 0.0402 0.9992 0.0000
usemtl black.108
s off
f 397/403/104 398/404/104 400/405/104 399/406/104
o Plane.100_Plane.121
v -20.143229 -2.578133 3.571367
v -20.143229 -2.578133 1.495233
v -20.447783 -2.565893 3.571367
v -20.447783 -2.565893 1.495233
vt 0.000000 0.000000
vt 1.000000 0.000000
vt 1.000000 1.000000
vt 0.000000 1.000000
vn 0.0402 0.9992 0.0000
usemtl black.109
s off
f 401/407/105 402/408/105 404/409/105 403/410/105
o Plane.101_Plane.122
v -18.725864 -2.635095 3.571367
v -18.725864 -2.635095 1.495233
v -19.030418 -2.622855 3.571367
v -19.030418 -2.622855 1.495233
vt 0.000000 0.000000
vt 1.000000 0.000000
vt 1.000000 1.000000
vt 0.000000 1.000000
vn 0.0402 0.9992 0.0000
usemtl black.110
s off
f 405/411/106 406/412/106 408/413/106 407/414/106
o Plane.102_Plane.123
v -17.308500 -2.692058 3.571367
v -17.308500 -2.692058 1.495233
v -17.613054 -2.679818 3.571367
v -17.613054 -2.679818 1.495233
vt 0.000000 0.000000
vt 1.000000 0.000000
vt 1.000000 1.000000
vt 0.000000 1.000000
vn 0.0402 0.9992 0.0000
usemtl black.111
s off
f 409/415/107 410/416/107 412/417/107 411/418/107
o Plane.103_Plane.124
v -15.891134 -2.749021 3.571367
v -15.891134 -2.749021 1.495233
v -16.195688 -2.736781 3.571367
v -16.195688 -2.736781 1.495233
vt 0.000000 0.000000
vt 1.000000 0.000000
vt 1.000000 1.000000
vt 0.000000 1.000000
vn 0.0402 0.9992 0.0000
usemtl black.112
s off
f 413/419/108 414/420/108 416/421/108 415/422/108
o Plane.104_Plane.125
v -14.473770 -2.805983 3.571367
v -14.473770 -2.805983 1.495233
v -14.778324 -2.793743 3.571367
v -14.778324 -2.793743 1.495233
vt 0.000000 0.000000
vt 1.000000 0.000000
vt 1.000000 1.000000
vt 0.000000 1.000000
vn 0.0402 0.9992 0.0000
usemtl black.113
s off
f 417/423/109 418/424/109 420/425/109 419/426/109
o Plane.105_Plane.126
v -13.056405 -2.862946 3.571367
v -13.056405 -2.862946 1.495233
v -13.360959 -2.850706 3.571367
v -13.360959 -2.850706 1.495233
vt 0.000000 0.000000
vt 1.000000 0.000000
vt 1.000000 1.000000
vt 0.000000 1.000000
vn 0.0402 0.9992 0.0000
usemtl black.114
s off
f 421/427/110 422/428/110 424/429/110 423/430/110
o Plane.106_Plane.127
v -11.639041 -2.919909 3.571367
v -11.639041 -2.919909 1.495233
v -11.943595 -2.907669 3.571367
v -11.943595 -2.907669 1.495233
vt 0.000000 0.000000
vt 1.000000 0.000000
vt 1.000000 1.000000
vt 0.000000 1.000000
vn 0.0402 0.9992 0.0000
usemtl black.115
s off
f 425/431/111 426/432/111 428/433/111 427/434/111
o Plane.107_Plane.128
v -10.221676 -2.976871 3.571367
v -10.221676 -2.976871 1.495233
v -10.526230 -2.964631 3.571367
v -10.526230 -2.964631 1.495233
vt 0.000000 0.000000
vt 1.000000 0.000000
vt 1.000000 1.000000
vt 0.000000 1.000000
vn 0.0402 0.9992 0.0000
usemtl black.116
s off
f 429/435/112 430/436/112 432/437/112 431/438/112
o Plane.108_Plane.129
v -8.804311 -3.033834 3.571367
v -8.804311 -3.033834 1.495233
v -9.108865 -3.021594 3.571367
v -9.108865 -3.021594 1.495233
vt 0.000000 0.000000
vt 1.000000 0.000000
vt 1.000000 1.000000
vt 0.000000 1.000000
vn 0.0402 0.9992 0.0000
usemtl black.117
s off
f 433/439/113 434/440/113 436/441/113 435/442/113
o Plane.109_Plane.130
v -7.386947 -3.090796 3.571367
v -7.386947 -3.090796 1.495233
v -7.691501 -3.078557 3.571367
v -7.691501 -3.078557 1.495233
vt 0.000000 0.000000
vt 1.000000 0.000000
vt 1.000000 1.000000
vt 0.000000 1.000000
vn 0.0402 0.9992 0.0000
usemtl black.118
s off
f 437/443/114 438/444/114 440/445/114 439/446/114
o Plane.110_Plane.131
v -5.969582 -3.147759 3.571367
v -5.969582 -3.147759 1.495233
v -6.274136 -3.135519 3.571367
v -6.274136 -3.135519 1.495233
vt 0.000000 0.000000
vt 1.000000 0.000000
vt 1.000000 1.000000
vt 0.000000 1.000000
vn 0.0402 0.9992 0.0000
usemtl black.119
s off
f 441/447/115 442/448/115 444/449/115 443/450/115
o Plane.111_Plane.132
v -4.552217 -3.204722 3.571367
v -4.552217 -3.204722 1.495233
v -4.856771 -3.192482 3.571367
v -4.856771 -3.192482 1.495233
vt 0.000000 0.000000
vt 1.000000 0.000000
vt 1.000000 1.000000
vt 0.000000 1.000000
vn 0.0402 0.9992 0.0000
usemtl black.120
s off
f 445/451/116 446/452/116 448/453/116 447/454/116
o Plane.112_Plane.133
v -3.134852 -3.261684 3.571367
v -3.134852 -3.261684 1.495233
v -3.439406 -3.249444 3.571367
v -3.439406 -3.249444 1.495233
vt 0.000000 0.000000
vt 1.000000 0.000000
vt 1.000000 1.000000
vt 0.000000 1.000000
vn 0.0402 0.9992 0.0000
usemtl black.121
s off
f 449/455/117 450/456/117 452/457/117 451/458/117
o Plane.113_Plane.134
v -1.717488 -3.318647 3.571367
v -1.717488 -3.318647 1.495233
v -2.022042 -3.306407 3.571367
v -2.022042 -3.306407 1.495233
vt 0.000000 0.000000
vt 1.000000 0.000000
vt 1.000000 1.000000
vt 0.000000 1.000000
vn 0.0402 0.9992 0.0000
usemtl black.122
s off
f 453/459/118 454/460/118 456/461/118 455/462/118
o Plane.114_Plane.135
v 11.943595 -3.867674 3.574752
v 11.943595 -3.867674 1.498619
v 11.639041 -3.855434 3.574752
v 11.639041 -3.855434 1.498619
vt 0.000000 0.000000
vt 1.000000 0.000000
vt 1.000000 1.000000
vt 0.000000 1.000000
vn 0.0402 0.9992 0.0000
usemtl black.123
s off
f 457/463/119 458/464/119 460/465/119 459/466/119
o Plane.115_Plane.136
v 0.604677 -3.411973 3.574752
v 0.604677 -3.411973 1.498619
v 0.300123 -3.399733 3.574752
v 0.300123 -3.399733 1.498619
vt 0.000000 0.000000
vt 1.000000 0.000000
vt 1.000000 1.000000
vt 0.000000 1.000000
vn 0.0402 0.9992 -0.0000
usemtl black.124
s off
f 461/467/120 462/468/120 464/469/120 463/470/120
o Plane.116_Plane.137
v 21.865271 -4.095000 3.574752
v 21.865269 -4.095000 1.498619
v 21.560471 -4.095000 3.574752
v 21.560469 -4.095000 1.498619
vt 0.000000 0.000000
vt 1.000000 0.000000
vt 1.000000 1.000000
vt 0.000000 1.000000
vn 0.0000 1.0000 -0.0000
usemtl black.125
s off
f 465/471/121 466/472/121 468/473/121 467/474/121
o Plane.117_Plane.138
v 20.447906 -4.095000 3.574752
v 20.447905 -4.095000 1.498619
v 20.143106 -4.095000 3.574752
v 20.143105 -4.095000 1.498619
vt 0.000000 0.000000
vt 1.000000 0.000000
vt 1.000000 1.000000
vt 0.000000 1.000000
vn 0.0000 1.0000 -0.0000
usemtl black.126
s off
f 469/475/122 470/476/122 472/477/122 471/478/122
o Plane.118_Plane.139
v 19.030542 -4.095000 3.574752
v 19.030540 -4.095000 1.498619
v 18.725742 -4.095000 3.574752
v 18.725740 -4.095000 1.498619
vt 0.000000 0.000000
vt 1.000000 0.000000
vt 1.000000 1.000000
vt 0.000000 1.000000
vn 0.0000 1.0000 -0.0000
usemtl black.127
s off
f 473/479/123 474/480/123 476/481/123 475/482/123
o Plane.119_Plane.140
v 17.613054 -4.095524 3.574752
v 17.613054 -4.095524 1.498619
v 17.308500 -4.083285 3.574752
v 17.308500 -4.083285 1.498619
vt 0.000000 0.000000
vt 1.000000 0.000000
vt 1.000000 1.000000
vt 0.000000 1.000000
vn 0.0402 0.9992 0.0000
usemtl black.128
s off
f 477/483/124 478/484/124 480/485/124 479/486/124
o Plane.120_Plane.141
v 16.195688 -4.038562 3.574752
v 16.195688 -4.038562 1.498619
v 15.891134 -4.026322 3.574752
v 15.891134 -4.026322 1.498619
vt 0.000000 0.000000
vt 1.000000 0.000000
vt 1.000000 1.000000
vt 0.000000 1.000000
vn 0.0402 0.9992 0.0000
usemtl black.129
s off
f 481/487/125 482/488/125 484/489/125 483/490/125
o Plane.121_Plane.142
v 14.778324 -3.981599 3.574752
v 14.778324 -3.981599 1.498619
v 14.473770 -3.969359 3.574752
v 14.473770 -3.969359 1.498619
vt 0.000000 0.000000
vt 1.000000 0.000000
vt 1.000000 1.000000
vt 0.000000 1.000000
vn 0.0402 0.9992 0.0000
usemtl black.130
s off
f 485/491/126 486/492/126 488/493/126 487/494/126
o Plane.122_Plane.143
v 13.360959 -3.924637 3.574752
v 13.360959 -3.924637 1.498619
v 13.056405 -3.912397 3.574752
v 13.056405 -3.912397 1.498619
vt 0.000000 0.000000
vt 1.000000 0.000000
vt 1.000000 1.000000
vt 0.000000 1.000000
vn 0.0402 0.9992 0.0000
usemtl black.131
s off
f 489/495/127 490/496/127 492/497/127 491/498/127
o Plane.123_Plane.144
v 10.526230 -3.810711 3.574752
v 10.526230 -3.810711 1.498619
v 10.221676 -3.798471 3.574752
v 10.221676 -3.798471 1.498619
vt 0.000000 0.000000
vt 1.000000 0.000000
vt 1.000000 1.000000
vt 0.000000 1.000000
vn 0.0402 0.9992 0.0000
usemtl black.132
s off
f 493/499/128 494/500/128 496/501/128 495/502/128
o Plane.124_Plane.145
v 9.108865 -3.753749 3.574752
v 9.108865 -3.753749 1.498619
v 8.804311 -3.741509 3.574752
v 8.804311 -3.741509 1.498619
vt 0.000000 0.000000
vt 1.000000 0.000000
vt 1.000000 1.000000
vt 0.000000 1.000000
vn 0.0402 0.9992 0.0000
usemtl black.133
s off
f 497/503/129 498/504/129 500/505/129 499/506/129
o Plane.125_Plane.146
v 7.691501 -3.696786 3.574752
v 7.691501 -3.696786 1.498619
v 7.386947 -3.684546 3.574752
v 7.386947 -3.684546 1.498619
vt 0.000000 0.000000
vt 1.000000 0.000000
vt 1.000000 1.000000
vt 0.000000 1.000000
vn 0.0402 0.9992 0.0000
usemtl black.134
s off
f 501/507/130 502/508/130 504/509/130 503/510/130
o Plane.126_Plane.147
v 6.274136 -3.639823 3.574752
v 6.274136 -3.639823 1.498619
v 5.969582 -3.627584 3.574752
v 5.969582 -3.627584 1.498619
vt 0.000000 0.000000
vt 1.000000 0.000000
vt 1.000000 1.000000
vt 0.000000 1.000000
vn 0.0402 0.9992 0.0000
usemtl black.135
s off
f 505/511/131 506/512/131 508/513/131 507/514/131
o Plane.127_Plane.148
v 4.856771 -3.582861 3.574752
v 4.856771 -3.582861 1.498619
v 4.552217 -3.570621 3.574752
v 4.552217 -3.570621 1.498619
vt 0.000000 0.000000
vt 1.000000 0.000000
vt 1.000000 1.000000
vt 0.000000 1.000000
vn 0.0402 0.9992 0.0000
usemtl black.136
s off
f 509/515/132 510/516/132 512/517/132 511/518/132
o Plane.128_Plane.149
v 3.439406 -3.525898 3.574752
v 3.439406 -3.525898 1.498619
v 3.134852 -3.513658 3.574752
v 3.134852 -3.513658 1.498619
vt 0.000000 0.000000
vt 1.000000 0.000000
vt 1.000000 1.000000
vt 0.000000 1.000000
vn 0.0402 0.9992 0.0000
usemtl black.137
s off
f 513/519/133 514/520/133 516/521/133 515/522/133
o Plane.129_Plane.150
v 2.022042 -3.468935 3.574752
v 2.022042 -3.468935 1.498619
v 1.717488 -3.456696 3.574752
v 1.717488 -3.456696 1.498619
vt 0.000000 0.000000
vt 1.000000 0.000000
vt 1.000000 1.000000
vt 0.000000 1.000000
vn 0.0402 0.9992 -0.0000
usemtl black.138
s off
f 517/523/134 518/524/134 520/525/134 519/526/134
o Plane.130_Plane.151
v 23.282600 -4.095000 3.574760
v 23.282598 -4.095000 1.498620
v 22.977800 -4.095000 3.574760
v 22.977798 -4.095000 1.498620
vt 0.000000 0.000000
vt 1.000000 0.000000
vt 1.000000 1.000000
vt 0.000000 1.000000
vn 0.0000 1.0000 -0.0000
usemtl black.139
s off
f 521/527/135 522/528/135 524/529/135 523/530/135
o Plane.131_Plane.152
v 24.700001 -4.095000 3.574757
v 24.699999 -4.095000 1.498624
v 24.395201 -4.095000 3.574757
v 24.395199 -4.095000 1.498624
vt 0.000000 0.000000
vt 1.000000 0.000000
vt 1.000000 1.000000
vt 0.000000 1.000000
vn 0.0000 1.0000 -0.0000
usemtl black.140
s off
f 525/531/136 526/532/136 528/533/136 527/534/136
o Plane.132_Plane.154
v 24.700001 -4.095000 1.038067
v 24.699999 -4.095000 -1.038067
v 24.395201 -4.095000 1.038067
v 24.395199 -4.095000 -1.038067
vt 0.000000 0.000000
vt 1.000000 0.000000
vt 1.000000 1.000000
vt 0.000000 1.000000
vn 0.0000 1.0000 -0.0000
usemtl black.141
s off
f 529/535/137 530/536/137 532/537/137 531/538/137
o Plane.133_Plane.155
v 23.282600 -4.095000 1.038070
v 23.282598 -4.095000 -1.038070
v 22.977800 -4.095000 1.038070
v 22.977798 -4.095000 -1.038070
vt 0.000000 0.000000
vt 1.000000 0.000000
vt 1.000000 1.000000
vt 0.000000 1.000000
vn 0.0000 1.0000 -0.0000
usemtl black.142
s off
f 533/539/138 534/540/138 536/541/138 535/542/138
o Plane.134_Plane.156
v 2.022042 -3.468935 1.038067
v 2.022042 -3.468935 -1.038067
v 1.717488 -3.456696 1.038067
v 1.717488 -3.456696 -1.038067
vt 0.000000 0.000000
vt 1.000000 0.000000
vt 1.000000 1.000000
vt 0.000000 1.000000
vn 0.0402 0.9992 -0.0000
usemtl black.143
s off
f 537/543/139 538/544/139 540/545/139 539/546/139
o Plane.135_Plane.157
v 3.439406 -3.525898 1.038067
v 3.439406 -3.525898 -1.038067
v 3.134852 -3.513658 1.038067
v 3.134852 -3.513658 -1.038067
vt 0.000000 0.000000
vt 1.000000 0.000000
vt 1.000000 1.000000
vt 0.000000 1.000000
vn 0.0402 0.9992 0.0000
usemtl black.144
s off
f 541/547/140 542/548/140 544/549/140 543/550/140
o Plane.136_Plane.158
v 4.856771 -3.582861 1.038067
v 4.856771 -3.582861 -1.038067
v 4.552217 -3.570621 1.038067
v 4.552217 -3.570621 -1.038067
vt 0.000000 0.000000
vt 1.000000 0.000000
vt 1.000000 1.000000
vt 0.000000 1.000000
vn 0.0402 0.9992 0.0000
usemtl black.145
s off
f 545/551/141 546/552/141 548/553/141 547/554/141
o Plane.137_Plane.159
v 6.274136 -3.639823 1.038067
v 6.274136 -3.639823 -1.038067
v 5.969582 -3.627584 1.038067
v 5.969582 -3.627584 -1.038067
vt 0.000000 0.000000
vt 1.000000 0.000000
vt 1.000000 1.000000
vt 0.000000 1.000000
vn 0.0402 0.9992 0.0000
usemtl black.146
s off
f 549/555/142 550/556/142 552/557/142 551/558/142
o Plane.138_Plane.160
v 7.691501 -3.696786 1.038067
v 7.691501 -3.696786 -1.038067
v 7.386947 -3.684546 1.038067
v 7.386947 -3.684546 -1.038067
vt 0.000000 0.000000
vt 1.000000 0.000000
vt 1.000000 1.000000
vt 0.000000 1.000000
vn 0.0402 0.9992 0.0000
usemtl black.147
s off
f 553/559/143 554/560/143 556/561/143 555/562/143
o Plane.139_Plane.161
v 9.108865 -3.753749 1.038067
v 9.108865 -3.753749 -1.038067
v 8.804311 -3.741509 1.038067
v 8.804311 -3.741509 -1.038067
vt 0.000000 0.000000
vt 1.000000 0.000000
vt 1.000000 1.000000
vt 0.000000 1.000000
vn 0.0402 0.9992 0.0000
usemtl black.148
s off
f 557/563/144 558/564/144 560/565/144 559/566/144
o Plane.140_Plane.162
v 10.526230 -3.810711 1.038067
v 10.526230 -3.810711 -1.038067
v 10.221676 -3.798471 1.038067
v 10.221676 -3.798471 -1.038067
vt 0.000000 0.000000
vt 1.000000 0.000000
vt 1.000000 1.000000
vt 0.000000 1.000000
vn 0.0402 0.9992 0.0000
usemtl black.149
s off
f 561/567/145 562/568/145 564/569/145 563/570/145
o Plane.141_Plane.163
v 13.360959 -3.924637 1.038067
v 13.360959 -3.924637 -1.038067
v 13.056405 -3.912397 1.038067
v 13.056405 -3.912397 -1.038067
vt 0.000000 0.000000
vt 1.000000 0.000000
vt 1.000000 1.000000
vt 0.000000 1.000000
vn 0.0402 0.9992 0.0000
usemtl black.150
s off
f 565/571/146 566/572/146 568/573/146 567/574/146
o Plane.142_Plane.164
v 14.778324 -3.981599 1.038067
v 14.778324 -3.981599 -1.038067
v 14.473770 -3.969359 1.038067
v 14.473770 -3.969359 -1.038067
vt 0.000000 0.000000
vt 1.000000 0.000000
vt 1.000000 1.000000
vt 0.000000 1.000000
vn 0.0402 0.9992 0.0000
usemtl black.151
s off
f 569/575/147 570/576/147 572/577/147 571/578/147
o Plane.143_Plane.165
v 16.195688 -4.038562 1.038067
v 16.195688 -4.038562 -1.038067
v 15.891134 -4.026322 1.038067
v 15.891134 -4.026322 -1.038067
vt 0.000000 0.000000
vt 1.000000 0.000000
vt 1.000000 1.000000
vt 0.000000 1.000000
vn 0.0402 0.9992 0.0000
usemtl black.152
s off
f 573/579/148 574/580/148 576/581/148 575/582/148
o Plane.144_Plane.166
v 17.613054 -4.095524 1.038067
v 17.613054 -4.095524 -1.038067
v 17.308500 -4.083285 1.038067
v 17.308500 -4.083285 -1.038067
vt 0.000000 0.000000
vt 1.000000 0.000000
vt 1.000000 1.000000
vt 0.000000 1.000000
vn 0.0402 0.9992 0.0000
usemtl black.153
s off
f 577/583/149 578/584/149 580/585/149 579/586/149
o Plane.145_Plane.167
v 19.030542 -4.095000 1.038067
v 19.030540 -4.095000 -1.038067
v 18.725742 -4.095000 1.038067
v 18.725740 -4.095000 -1.038067
vt 0.000000 0.000000
vt 1.000000 0.000000
vt 1.000000 1.000000
vt 0.000000 1.000000
vn 0.0000 1.0000 -0.0000
usemtl black.154
s off
f 581/587/150 582/588/150 584/589/150 583/590/150
o Plane.146_Plane.168
v 20.447906 -4.095000 1.038067
v 20.447905 -4.095000 -1.038067
v 20.143106 -4.095000 1.038067
v 20.143105 -4.095000 -1.038067
vt 0.000000 0.000000
vt 1.000000 0.000000
vt 1.000000 1.000000
vt 0.000000 1.000000
vn 0.0000 1.0000 -0.0000
usemtl black.155
s off
f 585/591/151 586/592/151 588/593/151 587/594/151
o Plane.147_Plane.169
v 21.865271 -4.095000 1.038067
v 21.865269 -4.095000 -1.038067
v 21.560471 -4.095000 1.038067
v 21.560469 -4.095000 -1.038067
vt 0.000000 0.000000
vt 1.000000 0.000000
vt 1.000000 1.000000
vt 0.000000 1.000000
vn 0.0000 1.0000 -0.0000
usemtl black.156
s off
f 589/595/152 590/596/152 592/597/152 591/598/152
o Plane.148_Plane.170
v 0.604677 -3.411973 1.038067
v 0.604677 -3.411973 -1.038067
v 0.300123 -3.399733 1.038067
v 0.300123 -3.399733 -1.038067
vt 0.000000 0.000000
vt 1.000000 0.000000
vt 1.000000 1.000000
vt 0.000000 1.000000
vn 0.0402 0.9992 -0.0000
usemtl black.157
s off
f 593/599/153 594/600/153 596/601/153 595/602/153
o Plane.149_Plane.171
v 11.943595 -3.867674 1.038067
v 11.943595 -3.867674 -1.038067
v 11.639041 -3.855434 1.038067
v 11.639041 -3.855434 -1.038067
vt 0.000000 0.000000
vt 1.000000 0.000000
vt 1.000000 1.000000
vt 0.000000 1.000000
vn 0.0402 0.9992 0.0000
usemtl black.158
s off
f 597/603/154 598/604/154 600/605/154 599/606/154
o Plane.150_Plane.172
v -1.717488 -3.318647 1.038067
v -1.717488 -3.318647 -1.038067
v -2.022042 -3.306407 1.038067
v -2.022042 -3.306407 -1.038067
vt 0.000000 0.000000
vt 1.000000 0.000000
vt 1.000000 1.000000
vt 0.000000 1.000000
vn 0.0402 0.9992 0.0000
usemtl black.159
s off
f 601/607/155 602/608/155 604/609/155 603/610/155
o Plane.151_Plane.173
v -3.134852 -3.261684 1.038067
v -3.134852 -3.261684 -1.038067
v -3.439406 -3.249444 1.038067
v -3.439406 -3.249444 -1.038067
vt 0.000000 0.000000
vt 1.000000 0.000000
vt 1.000000 1.000000
vt 0.000000 1.000000
vn 0.0402 0.9992 0.0000
usemtl black.160
s off
f 605/611/156 606/612/156 608/613/156 607/614/156
o Plane.152_Plane.174
v -4.552217 -3.204722 1.038067
v -4.552217 -3.204722 -1.038067
v -4.856771 -3.192482 1.038067
v -4.856771 -3.192482 -1.038067
vt 0.000000 0.000000
vt 1.000000 0.000000
vt 1.000000 1.000000
vt 0.000000 1.000000
vn 0.0402 0.9992 0.0000
usemtl black.161
s off
f 609/615/157 610/616/157 612/617/157 611/618/157
o Plane.153_Plane.175
v -5.969582 -3.147759 1.038067
v -5.969582 -3.147759 -1.038067
v -6.274136 -3.135519 1.038067
v -6.274136 -3.135519 -1.038067
vt 0.000000 0.000000
vt 1.000000 0.000000
vt 1.000000 1.000000
vt 0.000000 1.000000
vn 0.0402 0.9992 0.0000
usemtl black.162
s off
f 613/619/158 614/620/158 616/621/158 615/622/158
o Plane.154_Plane.176
v -7.386947 -3.090796 1.038067
v -7.386947 -3.090796 -1.038067
v -7.691501 -3.078557 1.038067
v -7.691501 -3.078557 -1.038067
vt 0.000000 0.000000
vt 1.000000 0.000000
vt 1.000000 1.000000
vt 0.000000 1.000000
vn 0.0402 0.9992 0.0000
usemtl black.163
s off
f 617/623/159 618/624/159 620/625/159 619/626/159
o Plane.155_Plane.177
v -8.804311 -3.033834 1.038067
v -8.804311 -3.033834 -1.038067
v -9.108865 -3.021594 1.038067
v -9.108865 -3.021594 -1.038067
vt 0.000000 0.000000
vt 1.000000 0.000000
vt 1.000000 1.000000
vt 0.000000 1.000000
vn 0.0402 0.9992 0.0000
usemtl black.164
s off
f 621/627/160 622/628/160 624/629/160 623/630/160
o Plane.156_Plane.178
v -10.221676 -2.976871 1.038067
v -10.221676 -2.976871 -1.038067
v -10.526230 -2.964631 1.038067
v -10.526230 -2.964631 -1.038067
vt 0.000000 0.000000
vt 1.000000 0.000000
vt 1.000000 1.000000
vt 0.000000 1.000000
vn 0.0402 0.9992 0.0000
usemtl black.165
s off
f 625/631/161 626/632/161 628/633/161 627/634/161
o Plane.157_Plane.179
v -11.639041 -2.919909 1.038067
v -11.639041 -2.919909 -1.038067
v -11.943595 -2.907669 1.038067
v -11.943595 -2.907669 -1.038067
vt 0.000000 0.000000
vt 1.000000 0.000000
vt 1.000000 1.000000
vt 0.000000 1.000000
vn 0.0402 0.9992 0.0000
usemtl black.166
s off
f 629/635/162 630/636/162 632/637/162 631/638/162
o Plane.158_Plane.180
v -13.056405 -2.862946 1.038067
v -13.056405 -2.862946 -1.038067
v -13.360959 -2.850706 1.038067
v -13.360959 -2.850706 -1.038067
vt 0.000000 0.000000
vt 1.000000 0.000000
vt 1.000000 1.000000
vt 0.000000 1.000000
vn 0.0402 0.9992 0.0000
usemtl black.167
s off
f 633/639/163 634/640/163 636/641/163 635/642/163
o Plane.159_Plane.181
v -14.473770 -2.805983 1.038067
v -14.473770 -2.805983 -1.038067
v -14.778324 -2.793743 1.038067
v -14.778324 -2.793743 -1.038067
vt 0.000000 0.000000
vt 1.000000 0.000000
vt 1.000000 1.000000
vt 0.000000 1.000000
vn 0.0402 0.9992 0.0000
usemtl black.168
s off
f 637/643/164 638/644/164 640/645/164 639/646/164
o Plane.160_Plane.182
v -15.891134 -2.749021 1.038067
v -15.891134 -2.749021 -1.038067
v -16.195688 -2.736781 1.038067
v -16.195688 -2.736781 -1.038067
vt 0.000000 0.000000
vt 1.000000 0.000000
vt 1.000000 1.000000
vt 0.000000 1.000000
vn 0.0402 0.9992 0.0000
usemtl black.169
s off
f 641/647/165 642/648/165 644/649/165 643/650/165
o Plane.161_Plane.183
v -17.308500 -2.692058 1.038067
v -17.308500 -2.692058 -1.038067
v -17.613054 -2.679818 1.038067
v -17.613054 -2.679818 -1.038067
vt 0.000000 0.000000
vt 1.000000 0.000000
vt 1.000000 1.000000
vt 0.000000 1.000000
vn 0.0402 0.9992 0.0000
usemtl black.170
s off
f 645/651/166 646/652/166 648/653/166 647/654/166
o Plane.162_Plane.184
v -18.725864 -2.635095 1.038067
v -18.725864 -2.635095 -1.038067
v -19.030418 -2.622855 1.038067
v -19.030418 -2.622855 -1.038067
vt 0.000000 0.000000
vt 1.000000 0.000000
vt 1.000000 1.000000
vt 0.000000 1.000000
vn 0.0402 0.9992 0.0000
usemtl black.171
s off
f 649/655/167 650/656/167 652/657/167 651/658/167
o Plane.163_Plane.185
v -20.143229 -2.578133 1.038067
v -20.143229 -2.578133 -1.038067
v -20.447783 -2.565893 1.038067
v -20.447783 -2.565893 -1.038067
vt 0.000000 0.000000
vt 1.000000 0.000000
vt 1.000000 1.000000
vt 0.000000 1.000000
vn 0.0402 0.9992 0.0000
usemtl black.172
s off
f 653/659/168 654/660/168 656/661/168 655/662/168
o Plane.164_Plane.186
v -21.560593 -2.521170 1.038067
v -21.560593 -2.521170 -1.038067
v -21.865147 -2.508930 1.038067
v -21.865147 -2.508930 -1.038067
vt 0.000000 0.000000
vt 1.000000 0.000000
vt 1.000000 1.000000
vt 0.000000 1.000000
vn 0.0402 0.9992 0.0000
usemtl black.173
s off
f 657/663/169 658/664/169 660/665/169 659/666/169
o Plane.165_Plane.187
v -22.977959 -2.464207 1.038067
v -22.977959 -2.464207 -1.038067
v -23.282513 -2.451967 1.038067
v -23.282513 -2.451967 -1.038067
vt 0.000000 0.000000
vt 1.000000 0.000000
vt 1.000000 1.000000
vt 0.000000 1.000000
vn 0.0402 0.9992 0.0000
usemtl black.174
s off
f 661/667/170 662/668/170 664/669/170 663/670/170
o Plane.166_Plane.188
v -0.300123 -3.375610 1.038067
v -0.300123 -3.375610 -1.038067
v -0.604677 -3.363370 1.038067
v -0.604677 -3.363370 -1.038067
vt 0.000000 0.000000
vt 1.000000 0.000000
vt 1.000000 1.000000
vt 0.000000 1.000000
vn 0.0402 0.9992 -0.0000
usemtl black.175
s off
f 665/671/171 666/672/171 668/673/171 667/674/171
o Plane.167_Plane.189
v -24.395323 -2.407245 1.038067
v -24.395323 -2.407245 -1.038067
v -24.699877 -2.395005 1.038067
v -24.699877 -2.395005 -1.038067
vt 0.000000 0.000000
vt 1.000000 0.000000
vt 1.000000 1.000000
vt 0.000000 1.000000
vn 0.0402 0.9992 0.0000
usemtl black.176
s off
f 669/675/172 670/676/172 672/677/172 671/678/172
o Plane.168_Plane.190
v -24.395323 -2.407245 -1.495233
v -24.395323 -2.407245 -3.571367
v -24.699877 -2.395005 -1.495233
v -24.699877 -2.395005 -3.571367
vt 0.000000 0.000000
vt 1.000000 0.000000
vt 1.000000 1.000000
vt 0.000000 1.000000
vn 0.0402 0.9992 0.0000
usemtl black.177
s off
f 673/679/173 674/680/173 676/681/173 675/682/173
o Plane.169_Plane.191
v -0.300123 -3.375610 -1.495233
v -0.300123 -3.375610 -3.571367
v -0.604677 -3.363370 -1.495233
v -0.604677 -3.363370 -3.571367
vt 0.000000 0.000000
vt 1.000000 0.000000
vt 1.000000 1.000000
vt 0.000000 1.000000
vn 0.0402 0.9992 -0.0000
usemtl black.178
s off
f 677/683/174 678/684/174 680/685/174 679/686/174
o Plane.170_Plane.192
v -22.977959 -2.464207 -1.495233
v -22.977959 -2.464207 -3.571367
v -23.282513 -2.451967 -1.495233
v -23.282513 -2.451967 -3.571367
vt 0.000000 0.000000
vt 1.000000 0.000000
vt 1.000000 1.000000
vt 0.000000 1.000000
vn 0.0402 0.9992 0.0000
usemtl black.179
s off
f 681/687/175 682/688/175 684/689/175 683/690/175
o Plane.171_Plane.193
v -21.560593 -2.521170 -1.495233
v -21.560593 -2.521170 -3.571367
v -21.865147 -2.508930 -1.495233
v -21.865147 -2.508930 -3.571367
vt 0.000000 0.000000
vt 1.000000 0.000000
vt 1.000000 1.000000
vt 0.000000 1.000000
vn 0.0402 0.9992 0.0000
usemtl black.180
s off
f 685/691/176 686/692/176 688/693/176 687/694/176
o Plane.172_Plane.194
v -20.143229 -2.578133 -1.495233
v -20.143229 -2.578133 -3.571367
v -20.447783 -2.565893 -1.495233
v -20.447783 -2.565893 -3.571367
vt 0.000000 0.000000
vt 1.000000 0.000000
vt 1.000000 1.000000
vt 0.000000 1.000000
vn 0.0402 0.9992 0.0000
usemtl black.181
s off
f 689/695/177 690/696/177 692/697/177 691/698/177
o Plane.173_Plane.195
v -18.725864 -2.635095 -1.495233
v -18.725864 -2.635095 -3.571367
v -19.030418 -2.622855 -1.495233
v -19.030418 -2.622855 -3.571367
vt 0.000000 0.000000
vt 1.000000 0.000000
vt 1.000000 1.000000
vt 0.000000 1.000000
vn 0.0402 0.9992 0.0000
usemtl black.182
s off
f 693/699/178 694/700/178 696/701/178 695/702/178
o Plane.174_Plane.196
v -17.308500 -2.692058 -1.495233
v -17.308500 -2.692058 -3.571367
v -17.613054 -2.679818 -1.495233
v -17.613054 -2.679818 -3.571367
vt 0.000000 0.000000
vt 1.000000 0.000000
vt 1.000000 1.000000
vt 0.000000 1.000000
vn 0.0402 0.9992 0.0000
usemtl black.183
s off
f 697/703/179 698/704/179 700/705/179 699/706/179
o Plane.175_Plane.197
v -15.891134 -2.749021 -1.495233
v -15.891134 -2.749021 -3.571367
v -16.195688 -2.736781 -1.495233
v -16.195688 -2.736781 -3.571367
vt 0.000000 0.000000
vt 1.000000 0.000000
vt 1.000000 1.000000
vt 0.000000 1.000000
vn 0.0402 0.9992 0.0000
usemtl black.184
s off
f 701/707/180 702/708/180 704/709/180 703/710/180
o Plane.176_Plane.198
v -14.473770 -2.805983 -1.495233
v -14.473770 -2.805983 -3.571367
v -14.778324 -2.793743 -1.495233
v -14.778324 -2.793743 -3.571367
vt 0.000000 0.000000
vt 1.000000 0.000000
vt 1.000000 1.000000
vt 0.000000 1.000000
vn 0.0402 0.9992 0.0000
usemtl black.185
s off
f 705/711/181 706/712/181 708/713/181 707/714/181
o Plane.177_Plane.199
v -13.056405 -2.862946 -1.495233
v -13.056405 -2.862946 -3.571367
v -13.360959 -2.850706 -1.495233
v -13.360959 -2.850706 -3.571367
vt 0.000000 0.000000
vt 1.000000 0.000000
vt 1.000000 1.000000
vt 0.000000 1.000000
vn 0.0402 0.9992 0.0000
usemtl black.186
s off
f 709/715/182 710/716/182 712/717/182 711/718/182
o Plane.178_Plane.200
v -11.639041 -2.919909 -1.495233
v -11.639041 -2.919909 -3.571367
v -11.943595 -2.907669 -1.495233
v -11.943595 -2.907669 -3.571367
vt 0.000000 0.000000
vt 1.000000 0.000000
vt 1.000000 1.000000
vt 0.000000 1.000000
vn 0.0402 0.9992 0.0000
usemtl black.187
s off
f 713/719/183 714/720/183 716/721/183 715/722/183
o Plane.179_Plane.201
v -10.221676 -2.976871 -1.495233
v -10.221676 -2.976871 -3.571367
v -10.526230 -2.964631 -1.495233
v -10.526230 -2.964631 -3.571367
vt 0.000000 0.000000
vt 1.000000 0.000000
vt 1.000000 1.000000
vt 0.000000 1.000000
vn 0.0402 0.9992 0.0000
usemtl black.188
s off
f 717/723/184 718/724/184 720/725/184 719/726/184
o Plane.180_Plane.202
v -8.804311 -3.033834 -1.495233
v -8.804311 -3.033834 -3.571367
v -9.108865 -3.021594 -1.495233
v -9.108865 -3.021594 -3.571367
vt 0.000000 0.000000
vt 1.000000 0.000000
vt 1.000000 1.000000
vt 0.000000 1.000000
vn 0.0402 0.9992 0.0000
usemtl black.189
s off
f 721/727/185 722/728/185 724/729/185 723/730/185
o Plane.181_Plane.203
v -7.386947 -3.090796 -1.495233
v -7.386947 -3.090796 -3.571367
v -7.691501 -3.078557 -1.495233
v -7.691501 -3.078557 -3.571367
vt 0.000000 0.000000
vt 1.000000 0.000000
vt 1.000000 1.000000
vt 0.000000 1.000000
vn 0.0402 0.9992 0.0000
usemtl black.190
s off
f 725/731/186 726/732/186 728/733/186 727/734/186
o Plane.182_Plane.204
v -5.969582 -3.147759 -1.495233
v -5.969582 -3.147759 -3.571367
v -6.274136 -3.135519 -1.495233
v -6.274136 -3.135519 -3.571367
vt 0.000000 0.000000
vt 1.000000 0.000000
vt 1.000000 1.000000
vt 0.000000 1.000000
vn 0.0402 0.9992 0.0000
usemtl black.191
s off
f 729/735/187 730/736/187 732/737/187 731/738/187
o Plane.183_Plane.205
v -4.552217 -3.204722 -1.495233
v -4.552217 -3.204722 -3.571367
v -4.856771 -3.192482 -1.495233
v -4.856771 -3.192482 -3.571367
vt 0.000000 0.000000
vt 1.000000 0.000000
vt 1.000000 1.000000
vt 0.000000 1.000000
vn 0.0402 0.9992 0.0000
usemtl black.192
s off
f 733/739/188 734/740/188 736/741/188 735/742/188
o Plane.184_Plane.206
v -3.134852 -3.261684 -1.495233
v -3.134852 -3.261684 -3.571367
v -3.439406 -3.249444 -1.495233
v -3.439406 -3.249444 -3.571367
vt 0.000000 0.000000
vt 1.000000 0.000000
vt 1.000000 1.000000
vt 0.000000 1.000000
vn 0.0402 0.9992 0.0000
usemtl black.193
s off
f 737/743/189 738/744/189 740/745/189 739/746/189
o Plane.185_Plane.207
v -1.717488 -3.318647 -1.495233
v -1.717488 -3.318647 -3.571367
v -2.022042 -3.306407 -1.495233
v -2.022042 -3.306407 -3.571367
vt 0.000000 0.000000
vt 1.000000 0.000000
vt 1.000000 1.000000
vt 0.000000 1.000000
vn 0.0402 0.9992 0.0000
usemtl black.194
s off
f 741/747/190 742/748/190 744/749/190 743/750/190
o Plane.186_Plane.208
v 11.943595 -3.867674 -1.495233
v 11.943595 -3.867674 -3.571367
v 11.639041 -3.855434 -1.495233
v 11.639041 -3.855434 -3.571367
vt 0.000000 0.000000
vt 1.000000 0.000000
vt 1.000000 1.000000
vt 0.000000 1.000000
vn 0.0402 0.9992 0.0000
usemtl black.195
s off
f 745/751/191 746/752/191 748/753/191 747/754/191
o Plane.187_Plane.209
v 0.604677 -3.411973 -1.495233
v 0.604677 -3.411973 -3.571367
v 0.300123 -3.399733 -1.495233
v 0.300123 -3.399733 -3.571367
vt 0.000000 0.000000
vt 1.000000 0.000000
vt 1.000000 1.000000
vt 0.000000 1.000000
vn 0.0402 0.9992 -0.0000
usemtl black.196
s off
f 749/755/192 750/756/192 752/757/192 751/758/192
o Plane.188_Plane.210
v 21.865271 -4.095000 -1.495233
v 21.865269 -4.095000 -3.571367
v 21.560471 -4.095000 -1.495233
v 21.560469 -4.095000 -3.571367
vt 0.000000 0.000000
vt 1.000000 0.000000
vt 1.000000 1.000000
vt 0.000000 1.000000
vn 0.0000 1.0000 -0.0000
usemtl black.197
s off
f 753/759/193 754/760/193 756/761/193 755/762/193
o Plane.189_Plane.211
v 20.447906 -4.095000 -1.495233
v 20.447905 -4.095000 -3.571367
v 20.143106 -4.095000 -1.495233
v 20.143105 -4.095000 -3.571367
vt 0.000000 0.000000
vt 1.000000 0.000000
vt 1.000000 1.000000
vt 0.000000 1.000000
vn 0.0000 1.0000 -0.0000
usemtl black.198
s off
f 757/763/194 758/764/194 760/765/194 759/766/194
o Plane.190_Plane.212
v 19.030542 -4.095000 -1.495233
v 19.030540 -4.095000 -3.571367
v 18.725742 -4.095000 -1.495233
v 18.725740 -4.095000 -3.571367
vt 0.000000 0.000000
vt 1.000000 0.000000
vt 1.000000 1.000000
vt 0.000000 1.000000
vn 0.0000 1.0000 -0.0000
usemtl black.199
s off
f 761/767/195 762/768/195 764/769/195 763/770/195
o Plane.191_Plane.213
v 17.613054 -4.095524 -1.495233
v 17.613054 -4.095524 -3.571367
v 17.308500 -4.083285 -1.495233
v 17.308500 -4.083285 -3.571367
vt 0.000000 0.000000
vt 1.000000 0.000000
vt 1.000000 1.000000
vt 0.000000 1.000000
vn 0.0402 0.9992 0.0000
usemtl black.200
s off
f 765/771/196 766/772/196 768/773/196 767/774/196
o Plane.192_Plane.214
v 16.195688 -4.038562 -1.495233
v 16.195688 -4.038562 -3.571367
v 15.891134 -4.026322 -1.495233
v 15.891134 -4.026322 -3.571367
vt 0.000000 0.000000
vt 1.000000 0.000000
vt 1.000000 1.000000
vt 0.000000 1.000000
vn 0.0402 0.9992 0.0000
usemtl black.201
s off
f 769/775/197 770/776/197 772/777/197 771/778/197
o Plane.193_Plane.215
v 14.778324 -3.981599 -1.495233
v 14.778324 -3.981599 -3.571367
v 14.473770 -3.969359 -1.495233
v 14.473770 -3.969359 -3.571367
vt 0.000000 0.000000
vt 1.000000 0.000000
vt 1.000000 1.000000
vt 0.000000 1.000000
vn 0.0402 0.9992 0.0000
usemtl black.202
s off
f 773/779/198 774/780/198 776/781/198 775/782/198
o Plane.194_Plane.216
v 13.360959 -3.924637 -1.495233
v 13.360959 -3.924637 -3.571367
v 13.056405 -3.912397 -1.495233
v 13.056405 -3.912397 -3.571367
vt 0.000000 0.000000
vt 1.000000 0.000000
vt 1.000000 1.000000
vt 0.000000 1.000000
vn 0.0402 0.9992 0.0000
usemtl black.203
s off
f 777/783/199 778/784/199 780/785/199 779/786/199
o Plane.195_Plane.217
v 10.526230 -3.810711 -1.495233
v 10.526230 -3.810711 -3.571367
v 10.221676 -3.798471 -1.495233
v 10.221676 -3.798471 -3.571367
vt 0.000000 0.000000
vt 1.000000 0.000000
vt 1.000000 1.000000
vt 0.000000 1.000000
vn 0.0402 0.9992 0.0000
usemtl black.204
s off
f 781/787/200 782/788/200 784/789/200 783/790/200
o Plane.196_Plane.218
v 9.108865 -3.753749 -1.495233
v 9.108865 -3.753749 -3.571367
v 8.804311 -3.741509 -1.495233
v 8.804311 -3.741509 -3.571367
vt 0.000000 0.000000
vt 1.000000 0.000000
vt 1.000000 1.000000
vt 0.000000 1.000000
vn 0.0402 0.9992 0.0000
usemtl black.205
s off
f 785/791/201 786/792/201 788/793/201 787/794/201
o Plane.197_Plane.219
v 7.691501 -3.696786 -1.495233
v 7.691501 -3.696786 -3.571367
v 7.386947 -3.684546 -1.495233
v 7.386947 -3.684546 -3.571367
vt 0.000000 0.000000
vt 1.000000 0.000000
vt 1.000000 1.000000
vt 0.000000 1.000000
vn 0.0402 0.9992 0.0000
usemtl black.206
s off
f 789/795/202 790/796/202 792/797/202 791/798/202
o Plane.198_Plane.220
v 6.274136 -3.639823 -1.495233
v 6.274136 -3.639823 -3.571367
v 5.969582 -3.627584 -1.495233
v 5.969582 -3.627584 -3.571367
vt 0.000000 0.000000
vt 1.000000 0.000000
vt 1.000000 1.000000
vt 0.000000 1.000000
vn 0.0402 0.9992 0.0000
usemtl black.207
s off
f 793/799/203 794/800/203 796/801/203 795/802/203
o Plane.199_Plane.221
v 4.856771 -3.582861 -1.495233
v 4.856771 -3.582861 -3.571367
v 4.552217 -3.570621 -1.495233
v 4.552217 -3.570621 -3.571367
vt 0.000000 0.000000
vt 1.000000 0.000000
vt 1.000000 1.000000
vt 0.000000 1.000000
vn 0.0402 0.9992 0.0000
usemtl black.208
s off
f 797/803/204 798/804/204 800/805/204 799/806/204
o Plane.200_Plane.222
v 3.439406 -3.525898 -1.495233
v 3.439406 -3.525898 -3.571367
v 3.134852 -3.513658 -1.495233
v 3.134852 -3.513658 -3.571367
vt 0.000000 0.000000
vt 1.000000 0.000000
vt 1.000000 1.000000
vt 0.000000 1.000000
vn 0.0402 0.9992 0.0000
usemtl black.209
s off
f 801/807/205 802/808/205 804/809/205 803/810/205
o Plane.201_Plane.223
v 2.022042 -3.468935 -1.495233
v 2.022042 -3.468935 -3.571367
v 1.717488 -3.456696 -1.495233
v 1.717488 -3.456696 -3.571367
vt 0.000000 0.000000
vt 1.000000 0.000000
vt 1.000000 1.000000
vt 0.000000 1.000000
vn 0.0402 0.9992 -0.0000
usemtl black.210
s off
f 805/811/206 806/812/206 808/813/206 807/814/206
o Plane.202_Plane.224
v 23.282600 -4.095000 -1.495230
v 23.282598 -4.095000 -3.571370
v 22.977800 -4.095000 -1.495230
v 22.977798 -4.095000 -3.571370
vt 0.000000 0.000000
vt 1.000000 0.000000
vt 1.000000 1.000000
vt 0.000000 1.000000
vn 0.0000 1.0000 -0.0000
usemtl black.211
s off
f 809/815/207 810/816/207 812/817/207 811/818/207
o Plane.203_Plane.225
v 24.700001 -4.095000 -1.495233
v 24.699999 -4.095000 -3.571367
v 24.395201 -4.095000 -1.495233
v 24.395199 -4.095000 -3.571367
vt 0.000000 0.000000
vt 1.000000 0.000000
vt 1.000000 1.000000
vt 0.000000 1.000000
vn 0.0000 1.0000 -0.0000
usemtl black.212
s off
f 813/819/208 814/820/208 816/821/208 815/822/208
o Plane.204_Plane.226
v 24.700001 -4.095000 -4.028633
v 24.699999 -4.095000 -6.104767
v 24.395201 -4.095000 -4.028633
v 24.395199 -4.095000 -6.104767
vt 0.000000 0.000000
vt 1.000000 0.000000
vt 1.000000 1.000000
vt 0.000000 1.000000
vn 0.0000 1.0000 -0.0000
usemtl black.213
s off
f 817/823/209 818/824/209 820/825/209 819/826/209
o Plane.205_Plane.227
v 23.282600 -4.095000 -4.028630
v 23.282598 -4.095000 -6.104770
v 22.977800 -4.095000 -4.028630
v 22.977798 -4.095000 -6.104770
vt 0.000000 0.000000
vt 1.000000 0.000000
vt 1.000000 1.000000
vt 0.000000 1.000000
vn 0.0000 1.0000 -0.0000
usemtl black.214
s off
f 821/827/210 822/828/210 824/829/210 823/830/210
o Plane.206_Plane.228
v 2.022042 -3.468935 -4.028633
v 2.022042 -3.468935 -6.104767
v 1.717488 -3.456696 -4.028633
v 1.717488 -3.456696 -6.104767
vt 0.000000 0.000000
vt 1.000000 0.000000
vt 1.000000 1.000000
vt 0.000000 1.000000
vn 0.0402 0.9992 -0.0000
usemtl black.215
s off
f 825/831/211 826/832/211 828/833/211 827/834/211
o Plane.207_Plane.229
v 3.439406 -3.525898 -4.028633
v 3.439406 -3.525898 -6.104767
v 3.134852 -3.513658 -4.028633
v 3.134852 -3.513658 -6.104767
vt 0.000000 0.000000
vt 1.000000 0.000000
vt 1.000000 1.000000
vt 0.000000 1.000000
vn 0.0402 0.9992 0.0000
usemtl black.216
s off
f 829/835/212 830/836/212 832/837/212 831/838/212
o Plane.208_Plane.230
v 4.856771 -3.582861 -4.028633
v 4.856771 -3.582861 -6.104767
v 4.552217 -3.570621 -4.028633
v 4.552217 -3.570621 -6.104767
vt 0.000000 0.000000
vt 1.000000 0.000000
vt 1.000000 1.000000
vt 0.000000 1.000000
vn 0.0402 0.9992 0.0000
usemtl black.217
s off
f 833/839/213 834/840/213 836/841/213 835/842/213
o Plane.209_Plane.231
v 6.274136 -3.639823 -4.028633
v 6.274136 -3.639823 -6.104767
v 5.969582 -3.627584 -4.028633
v 5.969582 -3.627584 -6.104767
vt 0.000000 0.000000
vt 1.000000 0.000000
vt 1.000000 1.000000
vt 0.000000 1.000000
vn 0.0402 0.9992 0.0000
usemtl black.218
s off
f 837/843/214 838/844/214 840/845/214 839/846/214
o Plane.210_Plane.232
v 7.691501 -3.696786 -4.028633
v 7.691501 -3.696786 -6.104767
v 7.386947 -3.684546 -4.028633
v 7.386947 -3.684546 -6.104767
vt 0.000000 0.000000
vt 1.000000 0.000000
vt 1.000000 1.000000
vt 0.000000 1.000000
vn 0.0402 0.9992 0.0000
usemtl black.219
s off
f 841/847/215 842/848/215 844/849/215 843/850/215
o Plane.211_Plane.233
v 9.108865 -3.753749 -4.028633
v 9.108865 -3.753749 -6.104767
v 8.804311 -3.741509 -4.028633
v 8.804311 -3.741509 -6.104767
vt 0.000000 0.000000
vt 1.000000 0.000000
vt 1.000000 1.000000
vt 0.000000 1.000000
vn 0.0402 0.9992 0.0000
usemtl black.220
s off
f 845/851/216 846/852/216 848/853/216 847/854/216
o Plane.212_Plane.234
v 10.526230 -3.810711 -4.028633
v 10.526230 -3.810711 -6.104767
v 10.221676 -3.798471 -4.028633
v 10.221676 -3.798471 -6.104767
vt 0.000000 0.000000
vt 1.000000 0.000000
vt 1.000000 1.000000
vt 0.000000 1.000000
vn 0.0402 0.9992 0.0000
usemtl black.221
s off
f 849/855/217 850/856/217 852/857/217 851/858/217
o Plane.213_Plane.235
v 13.360959 -3.924637 -4.028633
v 13.360959 -3.924637 -6.104767
v 13.056405 -3.912397 -4.028633
v 13.056405 -3.912397 -6.104767
vt 0.000000 0.000000
vt 1.000000 0.000000
vt 1.000000 1.000000
vt 0.000000 1.000000
vn 0.0402 0.9992 0.0000
usemtl black.222
s off
f 853/859/218 854/860/218 856/861/218 855/862/218
o Plane.214_Plane.236
v 14.778324 -3.981599 -4.028633
v 14.778324 -3.981599 -6.104767
v 14.473770 -3.969359 -4.028633
v 14.473770 -3.969359 -6.104767
vt 0.000000 0.000000
vt 1.000000 0.000000
vt 1.000000 1.000000
vt 0.000000 1.000000
vn 0.0402 0.9992 0.0000
usemtl black.223
s off
f 857/863/219 858/864/219 860/865/219 859/866/219
o Plane.215_Plane.237
v 16.195688 -4.038562 -4.028633
v 16.195688 -4.038562 -6.104767
v 15.891134 -4.026322 -4.028633
v 15.891134 -4.026322 -6.104767
vt 0.000000 0.000000
vt 1.000000 0.000000
vt 1.000000 1.000000
vt 0.000000 1.000000
vn 0.0402 0.9992 0.0000
usemtl black.224
s off
f 861/867/220 862/868/220 864/869/220 863/870/220
o Plane.216_Plane.238
v 17.613054 -4.095524 -4.028633
v 17.613054 -4.095524 -6.104767
v 17.308500 -4.083285 -4.028633
v 17.308500 -4.083285 -6.104767
vt 0.000000 0.000000
vt 1.000000 0.000000
vt 1.000000 1.000000
vt 0.000000 1.000000
vn 0.0402 0.9992 0.0000
usemtl black.225
s off
f 865/871/221 866/872/221 868/873/221 867/874/221
o Plane.217_Plane.239
v 19.030542 -4.095000 -4.028633
v 19.030540 -4.095000 -6.104767
v 18.725742 -4.095000 -4.028633
v 18.725740 -4.095000 -6.104767
vt 0.000000 0.000000
vt 1.000000 0.000000
vt 1.000000 1.000000
vt 0.000000 1.000000
vn 0.0000 1.0000 -0.0000
usemtl black.226
s off
f 869/875/222 870/876/222 872/877/222 871/878/222
o Plane.218_Plane.240
v 20.447906 -4.095000 -4.028633
v 20.447905 -4.095000 -6.104767
v 20.143106 -4.095000 -4.028633
v 20.143105 -4.095000 -6.104767
vt 0.000000 0.000000
vt 1.000000 0.000000
vt 1.000000 1.000000
vt 0.000000 1.000000
vn 0.0000 1.0000 -0.0000
usemtl black.227
s off
f 873/879/223 874/880/223 876/881/223 875/882/223
o Plane.219_Plane.241
v 21.865271 -4.095000 -4.028633
v 21.865269 -4.095000 -6.104767
v 21.560471 -4.095000 -4.028633
v 21.560469 -4.095000 -6.104767
vt 0.000000 0.000000
vt 1.000000 0.000000
vt 1.000000 1.000000
vt 0.000000 1.000000
vn 0.0000 1.0000 -0.0000
usemtl black.228
s off
f 877/883/224 878/884/224 880/885/224 879/886/224
o Plane.220_Plane.242
v 0.604677 -3.411973 -4.028633
v 0.604677 -3.411973 -6.104767
v 0.300123 -3.399733 -4.028633
v 0.300123 -3.399733 -6.104767
vt 0.000000 0.000000
vt 1.000000 0.000000
vt 1.000000 1.000000
vt 0.000000 1.000000
vn 0.0402 0.9992 -0.0000
usemtl black.229
s off
f 881/887/225 882/888/225 884/889/225 883/890/225
o Plane.221_Plane.243
v 11.943595 -3.867674 -4.028633
v 11.943595 -3.867674 -6.104767
v 11.639041 -3.855434 -4.028633
v 11.639041 -3.855434 -6.104767
vt 0.000000 0.000000
vt 1.000000 0.000000
vt 1.000000 1.000000
vt 0.000000 1.000000
vn 0.0402 0.9992 0.0000
usemtl black.230
s off
f 885/891/226 886/892/226 888/893/226 887/894/226
o Plane.222_Plane.244
v -1.717488 -3.318647 -4.028633
v -1.717488 -3.318647 -6.104767
v -2.022042 -3.306407 -4.028633
v -2.022042 -3.306407 -6.104767
vt 0.000000 0.000000
vt 1.000000 0.000000
vt 1.000000 1.000000
vt 0.000000 1.000000
vn 0.0402 0.9992 0.0000
usemtl black.231
s off
f 889/895/227 890/896/227 892/897/227 891/898/227
o Plane.223_Plane.245
v -3.134852 -3.261684 -4.028633
v -3.134852 -3.261684 -6.104767
v -3.439406 -3.249444 -4.028633
v -3.439406 -3.249444 -6.104767
vt 0.000000 0.000000
vt 1.000000 0.000000
vt 1.000000 1.000000
vt 0.000000 1.000000
vn 0.0402 0.9992 0.0000
usemtl black.232
s off
f 893/899/228 894/900/228 896/901/228 895/902/228
o Plane.224_Plane.246
v -4.552217 -3.204722 -4.028633
v -4.552217 -3.204722 -6.104767
v -4.856771 -3.192482 -4.028633
v -4.856771 -3.192482 -6.104767
vt 0.000000 0.000000
vt 1.000000 0.000000
vt 1.000000 1.000000
vt 0.000000 1.000000
vn 0.0402 0.9992 0.0000
usemtl black.233
s off
f 897/903/229 898/904/229 900/905/229 899/906/229
o Plane.225_Plane.247
v -5.969582 -3.147759 -4.028633
v -5.969582 -3.147759 -6.104767
v -6.274136 -3.135519 -4.028633
v -6.274136 -3.135519 -6.104767
vt 0.000000 0.000000
vt 1.000000 0.000000
vt 1.000000 1.000000
vt 0.000000 1.000000
vn 0.0402 0.9992 0.0000
usemtl black.234
s off
f 901/907/230 902/908/230 904/909/230 903/910/230
o Plane.226_Plane.248
v -7.386947 -3.090796 -4.028633
v -7.386947 -3.090796 -6.104767
v -7.691501 -3.078557 -4.028633
v -7.691501 -3.078557 -6.104767
vt 0.000000 0.000000
vt 1.000000 0.000000
vt 1.000000 1.000000
vt 0.000000 1.000000
vn 0.0402 0.9992 0.0000
usemtl black.235
s off
f 905/911/231 906/912/231 908/913/231 907/914/231
o Plane.227_Plane.249
v -8.804311 -3.033834 -4.028633
v -8.804311 -3.033834 -6.104767
v -9.108865 -3.021594 -4.028633
v -9.108865 -3.021594 -6.104767
vt 0.000000 0.000000
vt 1.000000 0.000000
vt 1.000000 1.000000
vt 0.000000 1.000000
vn 0.0402 0.9992 0.0000
usemtl black.236
s off
f 909/915/232 910/916/232 912/917/232 911/918/232
o Plane.228_Plane.250
v -10.221676 -2.976871 -4.028633
v -10.221676 -2.976871 -6.104767
v -10.526230 -2.964631 -4.028633
v -10.526230 -2.964631 -6.104767
vt 0.000000 0.000000
vt 1.000000 0.000000
vt 1.000000 1.000000
vt 0.000000 1.000000
vn 0.0402 0.9992 0.0000
usemtl black.237
s off
f 913/919/233 914/920/233 916/921/233 915/922/233
o Plane.229_Plane.251
v -11.639041 -2.919909 -4.028633
v -11.639041 -2.919909 -6.104767
v -11.943595 -2.907669 -4.028633
v -11.943595 -2.907669 -6.104767
vt 0.000000 0.000000
vt 1.000000 0.000000
vt 1.000000 1.000000
vt 0.000000 1.000000
vn 0.0402 0.9992 0.0000
usemtl black.238
s off
f 917/923/234 918/924/234 920/925/234 919/926/234
o Plane.230_Plane.252
v -13.056405 -2.862946 -4.028633
v -13.056405 -2.862946 -6.104767
v -13.360959 -2.850706 -4.028633
v -13.360959 -2.850706 -6.104767
vt 0.000000 0.000000
vt 1.000000 0.000000
vt 1.000000 1.000000
vt 0.000000 1.000000
vn 0.0402 0.9992 0.0000
usemtl black.239
s off
f 921/927/235 922/928/235 924/929/235 923/930/235
o Plane.231_Plane.253
v -14.473770 -2.805983 -4.028633
v -14.473770 -2.805983 -6.104767
v -14.778324 -2.793743 -4.028633
v -14.778324 -2.793743 -6.104767
vt 0.000000 0.000000
vt 1.000000 0.000000
vt 1.000000 1.000000
vt 0.000000 1.000000
vn 0.0402 0.9992 0.0000
usemtl black.240
s off
f 925/931/236 926/932/236 928/933/236 927/934/236
o Plane.232_Plane.254
v -15.891134 -2.749021 -4.028633
v -15.891134 -2.749021 -6.104767
v -16.195688 -2.736781 -4.028633
v -16.195688 -2.736781 -6.104767
vt 0.000000 0.000000
vt 1.000000 0.000000
vt 1.000000 1.000000
vt 0.000000 1.000000
vn 0.0402 0.9992 0.0000
usemtl black.241
s off
f 929/935/237 930/936/237 932/937/237 931/938/237
o Plane.233_Plane.255
v -17.308500 -2.692058 -4.028633
v -17.308500 -2.692058 -6.104767
v -17.613054 -2.679818 -4.028633
v -17.613054 -2.679818 -6.104767
vt 0.000000 0.000000
vt 1.000000 0.000000
vt 1.000000 1.000000
vt 0.000000 1.000000
vn 0.0402 0.9992 0.0000
usemtl black.242
s off
f 933/939/238 934/940/238 936/941/238 935/942/238
o Plane.234_Plane.256
v -18.725864 -2.635095 -4.028633
v -18.725864 -2.635095 -6.104767
v -19.030418 -2.622855 -4.028633
v -19.030418 -2.622855 -6.104767
vt 0.000000 0.000000
vt 1.000000 0.000000
vt 1.000000 1.000000
vt 0.000000 1.000000
vn 0.0402 0.9992 0.0000
usemtl black.243
s off
f 937/943/239 938/944/239 940/945/239 939/946/239
o Plane.235_Plane.257
v -20.143229 -2.578133 -4.028633
v -20.143229 -2.578133 -6.104767
v -20.447783 -2.565893 -4.028633
v -20.447783 -2.565893 -6.104767
vt 0.000000 0.000000
vt 1.000000 0.000000
vt 1.000000 1.000000
vt 0.000000 1.000000
vn 0.0402 0.9992 0.0000
usemtl black.244
s off
f 941/947/240 942/948/240 944/949/240 943/950/240
o Plane.236_Plane.258
v -21.560593 -2.521170 -4.028633
v -21.560593 -2.521170 -6.104767
v -21.865147 -2.508930 -4.028633
v -21.865147 -2.508930 -6.104767
vt 0.000000 0.000000
vt 1.000000 0.000000
vt 1.000000 1.000000
vt 0.000000 1.000000
vn 0.0402 0.9992 0.0000
usemtl black.245
s off
f 945/951/241 946/952/241 948/953/241 947/954/241
o Plane.237_Plane.259
v -22.977959 -2.464207 -4.028633
v -22.977959 -2.464207 -6.104767
v -23.282513 -2.451967 -4.028633
v -23.282513 -2.451967 -6.104767
vt 0.000000 0.000000
vt 1.000000 0.000000
vt 1.000000 1.000000
vt 0.000000 1.000000
vn 0.0402 0.9992 0.0000
usemtl black.246
s off
f 949/955/242 950/956/242 952/957/242 951/958/242
o Plane.238_Plane.260
v -0.300123 -3.375610 -4.028633
v -0.300123 -3.375610 -6.104767
v -0.604677 -3.363370 -4.028633
v -0.604677 -3.363370 -6.104767
vt 0.000000 0.000000
vt 1.000000 0.000000
vt 1.000000 1.000000
vt 0.000000 1.000000
vn 0.0402 0.9992 -0.0000
usemtl black.247
s off
f 953/959/243 954/960/243 956/961/243 955/962/243
o Plane.239_Plane.261
v -24.395323 -2.407245 -4.028633
v -24.395323 -2.407245 -6.104767
v -24.699877 -2.395005 -4.028633
v -24.699877 -2.395005 -6.104767
vt 0.000000 0.000000
vt 1.000000 0.000000
vt 1.000000 1.000000
vt 0.000000 1.000000
vn 0.0402 0.9992 0.0000
usemtl black.248
s off
f 957/963/244 958/964/244 960/965/244 959/966/244
o Plane.240_Plane.262
v -24.395323 -2.407245 -6.561934
v -24.395323 -2.407245 -8.638066
v -24.699877 -2.395005 -6.561934
v -24.699877 -2.395005 -8.638066
vt 0.000000 0.000000
vt 1.000000 0.000000
vt 1.000000 1.000000
vt 0.000000 1.000000
vn 0.0402 0.9992 0.0000
usemtl black.249
s off
f 961/967/245 962/968/245 964/969/245 963/970/245
o Plane.241_Plane.263
v -0.300123 -3.375610 -6.561934
v -0.300123 -3.375610 -8.638066
v -0.604677 -3.363370 -6.561934
v -0.604677 -3.363370 -8.638066
vt 0.000000 0.000000
vt 1.000000 0.000000
vt 1.000000 1.000000
vt 0.000000 1.000000
vn 0.0402 0.9992 -0.0000
usemtl black.250
s off
f 965/971/246 966/972/246 968/973/246 967/974/246
o Plane.242_Plane.264
v -22.977922 -2.464207 -6.561934
v -22.977922 -2.464207 -8.638066
v -23.282476 -2.451967 -6.561934
v -23.282476 -2.451967 -8.638066
vt 0.000000 0.000000
vt 1.000000 0.000000
vt 1.000000 1.000000
vt 0.000000 1.000000
vn 0.0402 0.9992 0.0000
usemtl black.251
s off
f 969/975/247 970/976/247 972/977/247 971/978/247
o Plane.243_Plane.265
v -21.560623 -2.521170 -6.561934
v -21.560623 -2.521170 -8.638066
v -21.865177 -2.508930 -6.561934
v -21.865177 -2.508930 -8.638066
vt 0.000000 0.000000
vt 1.000000 0.000000
vt 1.000000 1.000000
vt 0.000000 1.000000
vn 0.0402 0.9992 0.0000
usemtl black.252
s off
f 973/979/248 974/980/248 976/981/248 975/982/248
o Plane.244_Plane.266
v -20.143223 -2.578133 -6.561934
v -20.143223 -2.578133 -8.638066
v -20.447777 -2.565893 -6.561934
v -20.447777 -2.565893 -8.638066
vt 0.000000 0.000000
vt 1.000000 0.000000
vt 1.000000 1.000000
vt 0.000000 1.000000
vn 0.0402 0.9992 0.0000
usemtl black.253
s off
f 977/983/249 978/984/249 980/985/249 979/986/249
o Plane.245_Plane.267
v -18.725822 -2.635095 -6.561934
v -18.725822 -2.635095 -8.638066
v -19.030376 -2.622855 -6.561934
v -19.030376 -2.622855 -8.638066
vt 0.000000 0.000000
vt 1.000000 0.000000
vt 1.000000 1.000000
vt 0.000000 1.000000
vn 0.0402 0.9992 0.0000
usemtl black.254
s off
f 981/987/250 982/988/250 984/989/250 983/990/250
o Plane.246_Plane.268
v -17.308523 -2.692058 -6.561934
v -17.308523 -2.692058 -8.638066
v -17.613077 -2.679818 -6.561934
v -17.613077 -2.679818 -8.638066
vt 0.000000 0.000000
vt 1.000000 0.000000
vt 1.000000 1.000000
vt 0.000000 1.000000
vn 0.0402 0.9992 0.0000
usemtl black.255
s off
f 985/991/251 986/992/251 988/993/251 987/994/251
o Plane.247_Plane.269
v -15.891134 -2.749021 -6.561934
v -15.891134 -2.749021 -8.638066
v -16.195688 -2.736781 -6.561934
v -16.195688 -2.736781 -8.638066
vt 0.000000 0.000000
vt 1.000000 0.000000
vt 1.000000 1.000000
vt 0.000000 1.000000
vn 0.0402 0.9992 0.0000
usemtl black.256
s off
f 989/995/252 990/996/252 992/997/252 991/998/252
o Plane.248_Plane.270
v -14.473770 -2.805983 -6.561934
v -14.473770 -2.805983 -8.638066
v -14.778324 -2.793743 -6.561934
v -14.778324 -2.793743 -8.638066
vt 0.000000 0.000000
vt 1.000000 0.000000
vt 1.000000 1.000000
vt 0.000000 1.000000
vn 0.0402 0.9992 0.0000
usemtl black.257
s off
f 993/999/253 994/1000/253 996/1001/253 995/1002/253
o Plane.249_Plane.271
v -13.056405 -2.862946 -6.561934
v -13.056405 -2.862946 -8.638066
v -13.360959 -2.850706 -6.561934
v -13.360959 -2.850706 -8.638066
vt 0.000000 0.000000
vt 1.000000 0.000000
vt 1.000000 1.000000
vt 0.000000 1.000000
vn 0.0402 0.9992 0.0000
usemtl black.258
s off
f 997/1003/254 998/1004/254 1000/1005/254 999/1006/254
o Plane.250_Plane.272
v -11.639041 -2.919909 -6.561934
v -11.639041 -2.919909 -8.638066
v -11.943595 -2.907669 -6.561934
v -11.943595 -2.907669 -8.638066
vt 0.000000 0.000000
vt 1.000000 0.000000
vt 1.000000 1.000000
vt 0.000000 1.000000
vn 0.0402 0.9992 0.0000
usemtl black.259
s off
f 1001/1007/255 1002/1008/255 1004/1009/255 1003/1010/255
o Plane.251_Plane.273
v -10.221723 -2.976871 -6.561934
v -10.221723 -2.976871 -8.638066
v -10.526277 -2.964631 -6.561934
v -10.526277 -2.964631 -8.638066
vt 0.000000 0.000000
vt 1.000000 0.000000
vt 1.000000 1.000000
vt 0.000000 1.000000
vn 0.0402 0.9992 0.0000
usemtl black.260
s off
f 1005/1011/256 1006/1012/256 1008/1013/256 1007/1014/256
o Plane.252_Plane.274
v -8.804311 -3.033834 -6.561934
v -8.804311 -3.033834 -8.638066
v -9.108865 -3.021594 -6.561934
v -9.108865 -3.021594 -8.638066
vt 0.000000 0.000000
vt 1.000000 0.000000
vt 1.000000 1.000000
vt 0.000000 1.000000
vn 0.0402 0.9992 0.0000
usemtl black.261
s off
f 1009/1015/257 1010/1016/257 1012/1017/257 1011/1018/257
o Plane.253_Plane.275
v -7.386947 -3.090796 -6.561934
v -7.386947 -3.090796 -8.638066
v -7.691501 -3.078557 -6.561934
v -7.691501 -3.078557 -8.638066
vt 0.000000 0.000000
vt 1.000000 0.000000
vt 1.000000 1.000000
vt 0.000000 1.000000
vn 0.0402 0.9992 0.0000
usemtl black.262
s off
f 1013/1019/258 1014/1020/258 1016/1021/258 1015/1022/258
o Plane.254_Plane.276
v -5.969582 -3.147759 -6.561934
v -5.969582 -3.147759 -8.638066
v -6.274136 -3.135519 -6.561934
v -6.274136 -3.135519 -8.638066
vt 0.000000 0.000000
vt 1.000000 0.000000
vt 1.000000 1.000000
vt 0.000000 1.000000
vn 0.0402 0.9992 0.0000
usemtl black.263
s off
f 1017/1023/259 1018/1024/259 1020/1025/259 1019/1026/259
o Plane.255_Plane.277
v -4.552217 -3.204722 -6.561934
v -4.552217 -3.204722 -8.638066
v -4.856771 -3.192482 -6.561934
v -4.856771 -3.192482 -8.638066
vt 0.000000 0.000000
vt 1.000000 0.000000
vt 1.000000 1.000000
vt 0.000000 1.000000
vn 0.0402 0.9992 0.0000
usemtl black.264
s off
f 1021/1027/260 1022/1028/260 1024/1029/260 1023/1030/260
o Plane.256_Plane.278
v -3.134852 -3.261684 -6.561934
v -3.134852 -3.261684 -8.638066
v -3.439406 -3.249444 -6.561934
v -3.439406 -3.249444 -8.638066
vt 0.000000 0.000000
vt 1.000000 0.000000
vt 1.000000 1.000000
vt 0.000000 1.000000
vn 0.0402 0.9992 0.0000
usemtl black.265
s off
f 1025/1031/261 1026/1032/261 1028/1033/261 1027/1034/261
o Plane.257_Plane.279
v -1.717483 -3.318647 -6.561934
v -1.717483 -3.318647 -8.638066
v -2.022037 -3.306407 -6.561934
v -2.022037 -3.306407 -8.638066
vt 0.000000 0.000000
vt 1.000000 0.000000
vt 1.000000 1.000000
vt 0.000000 1.000000
vn 0.0402 0.9992 0.0000
usemtl black.266
s off
f 1029/1035/262 1030/1036/262 1032/1037/262 1031/1038/262
o Plane.258_Plane.280
v 11.943595 -3.867674 -6.561934
v 11.943595 -3.867674 -8.638066
v 11.639041 -3.855434 -6.561934
v 11.639041 -3.855434 -8.638066
vt 0.000000 0.000000
vt 1.000000 0.000000
vt 1.000000 1.000000
vt 0.000000 1.000000
vn 0.0402 0.9992 0.0000
usemtl black.267
s off
f 1033/1039/263 1034/1040/263 1036/1041/263 1035/1042/263
o Plane.259_Plane.281
v 0.604677 -3.411973 -6.561934
v 0.604677 -3.411973 -8.638066
v 0.300123 -3.399733 -6.561934
v 0.300123 -3.399733 -8.638066
vt 0.000000 0.000000
vt 1.000000 0.000000
vt 1.000000 1.000000
vt 0.000000 1.000000
vn 0.0402 0.9992 -0.0000
usemtl black.268
s off
f 1037/1043/264 1038/1044/264 1040/1045/264 1039/1046/264
o Plane.260_Plane.282
v 21.865271 -4.095000 -6.561934
v 21.865269 -4.095000 -8.638066
v 21.560471 -4.095000 -6.561934
v 21.560469 -4.095000 -8.638066
vt 0.000000 0.000000
vt 1.000000 0.000000
vt 1.000000 1.000000
vt 0.000000 1.000000
vn 0.0000 1.0000 -0.0000
usemtl black.269
s off
f 1041/1047/265 1042/1048/265 1044/1049/265 1043/1050/265
o Plane.261_Plane.283
v 20.447906 -4.095000 -6.561934
v 20.447905 -4.095000 -8.638066
v 20.143106 -4.095000 -6.561934
v 20.143105 -4.095000 -8.638066
vt 0.000000 0.000000
vt 1.000000 0.000000
vt 1.000000 1.000000
vt 0.000000 1.000000
vn 0.0000 1.0000 -0.0000
usemtl black.270
s off
f 1045/1051/266 1046/1052/266 1048/1053/266 1047/1054/266
o Plane.262_Plane.284
v 19.030542 -4.095000 -6.561934
v 19.030540 -4.095000 -8.638066
v 18.725742 -4.095000 -6.561934
v 18.725740 -4.095000 -8.638066
vt 0.000000 0.000000
vt 1.000000 0.000000
vt 1.000000 1.000000
vt 0.000000 1.000000
vn 0.0000 1.0000 -0.0000
usemtl black.271
s off
f 1049/1055/267 1050/1056/267 1052/1057/267 1051/1058/267
o Plane.263_Plane.285
v 17.613054 -4.095524 -6.561934
v 17.613054 -4.095524 -8.638066
v 17.308500 -4.083285 -6.561934
v 17.308500 -4.083285 -8.638066
vt 0.000000 0.000000
vt 1.000000 0.000000
vt 1.000000 1.000000
vt 0.000000 1.000000
vn 0.0402 0.9992 0.0000
usemtl black.272
s off
f 1053/1059/268 1054/1060/268 1056/1061/268 1055/1062/268
o Plane.264_Plane.286
v 16.195688 -4.038562 -6.561934
v 16.195688 -4.038562 -8.638066
v 15.891134 -4.026322 -6.561934
v 15.891134 -4.026322 -8.638066
vt 0.000000 0.000000
vt 1.000000 0.000000
vt 1.000000 1.000000
vt 0.000000 1.000000
vn 0.0402 0.9992 0.0000
usemtl black.273
s off
f 1057/1063/269 1058/1064/269 1060/1065/269 1059/1066/269
o Plane.265_Plane.287
v 14.778324 -3.981599 -6.561934
v 14.778324 -3.981599 -8.638066
v 14.473770 -3.969359 -6.561934
v 14.473770 -3.969359 -8.638066
vt 0.000000 0.000000
vt 1.000000 0.000000
vt 1.000000 1.000000
vt 0.000000 1.000000
vn 0.0402 0.9992 0.0000
usemtl black.274
s off
f 1061/1067/270 1062/1068/270 1064/1069/270 1063/1070/270
o Plane.266_Plane.288
v 13.360959 -3.924637 -6.561934
v 13.360959 -3.924637 -8.638066
v 13.056405 -3.912397 -6.561934
v 13.056405 -3.912397 -8.638066
vt 0.000000 0.000000
vt 1.000000 0.000000
vt 1.000000 1.000000
vt 0.000000 1.000000
vn 0.0402 0.9992 0.0000
usemtl black.275
s off
f 1065/1071/271 1066/1072/271 1068/1073/271 1067/1074/271
o Plane.267_Plane.289
v 10.526230 -3.810711 -6.561934
v 10.526230 -3.810711 -8.638066
v 10.221676 -3.798471 -6.561934
v 10.221676 -3.798471 -8.638066
vt 0.000000 0.000000
vt 1.000000 0.000000
vt 1.000000 1.000000
vt 0.000000 1.000000
vn 0.0402 0.9992 0.0000
usemtl black.276
s off
f 1069/1075/272 1070/1076/272 1072/1077/272 1071/1078/272
o Plane.268_Plane.290
v 9.108865 -3.753749 -6.561934
v 9.108865 -3.753749 -8.638066
v 8.804311 -3.741509 -6.561934
v 8.804311 -3.741509 -8.638066
vt 0.000000 0.000000
vt 1.000000 0.000000
vt 1.000000 1.000000
vt 0.000000 1.000000
vn 0.0402 0.9992 0.0000
usemtl black.277
s off
f 1073/1079/273 1074/1080/273 1076/1081/273 1075/1082/273
o Plane.269_Plane.291
v 7.691501 -3.696786 -6.561934
v 7.691501 -3.696786 -8.638066
v 7.386947 -3.684546 -6.561934
v 7.386947 -3.684546 -8.638066
vt 0.000000 0.000000
vt 1.000000 0.000000
vt 1.000000 1.000000
vt 0.000000 1.000000
vn 0.0402 0.9992 0.0000
usemtl black.278
s off
f 1077/1083/274 1078/1084/274 1080/1085/274 1079/1086/274
o Plane.270_Plane.292
v 6.274136 -3.639823 -6.561934
v 6.274136 -3.639823 -8.638066
v 5.969582 -3.627584 -6.561934
v 5.969582 -3.627584 -8.638066
vt 0.000000 0.000000
vt 1.000000 0.000000
vt 1.000000 1.000000
vt 0.000000 1.000000
vn 0.0402 0.9992 0.0000
usemtl black.279
s off
f 1081/1087/275 1082/1088/275 1084/1089/275 1083/1090/275
o Plane.271_Plane.293
v 4.856771 -3.582861 -6.561934
v 4.856771 -3.582861 -8.638066
v 4.552217 -3.570621 -6.561934
v 4.552217 -3.570621 -8.638066
vt 0.000000 0.000000
vt 1.000000 0.000000
vt 1.000000 1.000000
vt 0.000000 1.000000
vn 0.0402 0.9992 0.0000
usemtl black.280
s off
f 1085/1091/276 1086/1092/276 1088/1093/276 1087/1094/276
o Plane.272_Plane.294
v 3.439406 -3.525898 -6.561934
v 3.439406 -3.525898 -8.638066
v 3.134852 -3.513658 -6.561934
v 3.134852 -3.513658 -8.638066
vt 0.000000 0.000000
vt 1.000000 0.000000
vt 1.000000 1.000000
vt 0.000000 1.000000
vn 0.0402 0.9992 0.0000
usemtl black.281
s off
f 1089/1095/277 1090/1096/277 1092/1097/277 1091/1098/277
o Plane.273_Plane.295
v 2.022042 -3.468935 -6.561934
v 2.022042 -3.468935 -8.638066
v 1.717488 -3.456696 -6.561934
v 1.717488 -3.456696 -8.638066
vt 0.000000 0.000000
vt 1.000000 0.000000
vt 1.000000 1.000000
vt 0.000000 1.000000
vn 0.0402 0.9992 -0.0000
usemtl black.282
s off
f 1093/1099/278 1094/1100/278 1096/1101/278 1095/1102/278
o Plane.274_Plane.296
v 23.282600 -4.095000 -6.561930
v 23.282598 -4.095000 -8.638070
v 22.977800 -4.095000 -6.561930
v 22.977798 -4.095000 -8.638070
vt 0.000000 0.000000
vt 1.000000 0.000000
vt 1.000000 1.000000
vt 0.000000 1.000000
vn 0.0000 1.0000 -0.0000
usemtl black.283
s off
f 1097/1103/279 1098/1104/279 1100/1105/279 1099/1106/279
o Plane.275_Plane.297
v 24.700001 -4.095000 -6.561934
v 24.699999 -4.095000 -8.638066
v 24.395201 -4.095000 -6.561934
v 24.395199 -4.095000 -8.638066
vt 0.000000 0.000000
vt 1.000000 0.000000
vt 1.000000 1.000000
vt 0.000000 1.000000
vn 0.0000 1.0000 -0.0000
usemtl black.284
s off
f 1101/1107/280 1102/1108/280 1104/1109/280 1103/1110/280
o Plane.294_Plane.377
v -24.695000 0.000000 3.952410
v -24.695000 -0.514400 3.952410
v -24.695000 0.000000 3.647610
v -24.695000 -0.514400 3.647610
v -24.695000 -0.912400 3.343010
v -24.695000 -0.912400 4.257010
v -24.695000 -0.607600 3.343010
v -24.695000 -0.607600 4.257010
v -24.695000 -1.217000 3.952410
v -24.695000 -0.303000 3.952410
v -24.695000 -1.217000 3.647610
v -24.695000 -0.303000 3.647610
v -1.717360 0.000000 -11.395001
v -1.717360 -0.514400 -11.395001
v -2.022158 0.000000 -11.395001
v -2.022158 -0.514400 -11.395001
v -2.326759 -0.912400 -11.395001
v -1.412758 -0.912400 -11.395001
v -2.326759 -0.607600 -11.395001
v -1.412758 -0.607600 -11.395001
v -1.717360 -1.217000 -11.395001
v -1.717360 -0.303000 -11.395001
v -2.022160 -1.217000 -11.395001
v -2.022160 -0.303000 -11.395001
v -18.725700 0.000000 -11.395001
v -18.725700 -0.514400 -11.395001
v -19.030500 0.000000 -11.395001
v -19.030500 -0.514400 -11.395001
v -19.335100 -0.912400 -11.395001
v -18.421101 -0.912400 -11.395001
v -19.335100 -0.607600 -11.395001
v -18.421101 -0.607600 -11.395001
v -18.725700 -1.217000 -11.395001
v -18.725700 -0.303000 -11.395001
v -19.030500 -1.217000 -11.395001
v -19.030500 -0.303000 -11.395001
v -17.308399 0.000000 -11.395001
v -17.308399 -0.514400 -11.395001
v -17.613201 0.000000 -11.395001
v -17.613201 -0.514400 -11.395001
v -17.917801 -0.912400 -11.395001
v -17.003799 -0.912400 -11.395001
v -17.917801 -0.607600 -11.395001
v -17.003799 -0.607600 -11.395001
v -17.308399 -1.217000 -11.395001
v -17.308399 -0.303000 -11.395001
v -17.613201 -1.217000 -11.395001
v -17.613201 -0.303000 -11.395001
v -21.560499 0.000000 -11.395001
v -21.560499 -0.514400 -11.395001
v -21.865299 0.000000 -11.395001
v -21.865299 -0.514400 -11.395001
v -22.169899 -0.912400 -11.395001
v -21.255899 -0.912400 -11.395001
v -22.169899 -0.607600 -11.395001
v -21.255899 -0.607600 -11.395001
v -21.560499 -1.217000 -11.395001
v -21.560499 -0.303000 -11.395001
v -21.865299 -1.217000 -11.395001
v -21.865299 -0.303000 -11.395001
v -20.143200 0.000000 -11.395001
v -20.143200 -0.514400 -11.395001
v -20.448000 0.000000 -11.395001
v -20.448000 -0.514400 -11.395001
v -20.752600 -0.912400 -11.395001
v -19.838600 -0.912400 -11.395001
v -20.752600 -0.607600 -11.395001
v -19.838600 -0.607600 -11.395001
v -20.143200 -1.217000 -11.395001
v -20.143200 -0.303000 -11.395001
v -20.448000 -1.217000 -11.395001
v -20.448000 -0.303000 -11.395001
v -14.473700 0.000000 -11.395001
v -14.473700 -0.514400 -11.395001
v -14.778500 0.000000 -11.395001
v -14.778500 -0.514400 -11.395001
v -15.083100 -0.912400 -11.395001
v -14.169100 -0.912400 -11.395001
v -15.083100 -0.607600 -11.395001
v -14.169100 -0.607600 -11.395001
v -14.473700 -1.217000 -11.395001
v -14.473700 -0.303000 -11.395001
v -14.778500 -1.217000 -11.395001
v -14.778500 -0.303000 -11.395001
v -11.638899 0.000000 -11.395001
v -11.638899 -0.514400 -11.395001
v -11.943699 0.000000 -11.395001
v -11.943699 -0.514400 -11.395001
v -12.248299 -0.912400 -11.395001
v -11.334298 -0.912400 -11.395001
v -12.248299 -0.607600 -11.395001
v -11.334298 -0.607600 -11.395001
v -11.638899 -1.217000 -11.395001
v -11.638899 -0.303000 -11.395001
v -11.943699 -1.217000 -11.395001
v -11.943699 -0.303000 -11.395001
v -13.056400 0.000000 -11.395001
v -13.056400 -0.514400 -11.395001
v -13.361200 0.000000 -11.395001
v -13.361200 -0.514400 -11.395001
v -13.665800 -0.912400 -11.395001
v -12.751801 -0.912400 -11.395001
v -13.665800 -0.607600 -11.395001
v -12.751801 -0.607600 -11.395001
v -13.056400 -1.217000 -11.395001
v -13.056400 -0.303000 -11.395001
v -13.361200 -1.217000 -11.395001
v -13.361200 -0.303000 -11.395001
v -15.891000 0.000000 -11.395001
v -15.891000 -0.514400 -11.395001
v -16.195801 0.000000 -11.395001
v -16.195801 -0.514400 -11.395001
v -16.500401 -0.912400 -11.395001
v -15.586399 -0.912400 -11.395001
v -16.500401 -0.607600 -11.395001
v -15.586399 -0.607600 -11.395001
v -15.891000 -1.217000 -11.395001
v -15.891000 -0.303000 -11.395001
v -16.195801 -1.217000 -11.395001
v -16.195801 -0.303000 -11.395001
v -5.969398 0.000000 -11.395001
v -5.969398 -0.514400 -11.395001
v -6.274199 0.000000 -11.395001
v -6.274199 -0.514400 -11.395001
v -6.578800 -0.912400 -11.395001
v -5.664799 -0.912400 -11.395001
v -6.578800 -0.607600 -11.395001
v -5.664799 -0.607600 -11.395001
v -5.969398 -1.217000 -11.395001
v -5.969398 -0.303000 -11.395001
v -6.274199 -1.217000 -11.395001
v -6.274199 -0.303000 -11.395001
v -3.134800 0.000000 -11.395001
v -3.134800 -0.514400 -11.395001
v -3.439600 0.000000 -11.395001
v -3.439600 -0.514400 -11.395001
v -3.744200 -0.912400 -11.395001
v -2.830200 -0.912400 -11.395001
v -3.744200 -0.607600 -11.395001
v -2.830200 -0.607600 -11.395001
v -3.134800 -1.217000 -11.395001
v -3.134800 -0.303000 -11.395001
v -3.439600 -1.217000 -11.395001
v -3.439600 -0.303000 -11.395001
v -7.386799 0.000000 -11.395001
v -7.386799 -0.514400 -11.395001
v -7.691599 0.000000 -11.395001
v -7.691599 -0.514400 -11.395001
v -7.996199 -0.912400 -11.395001
v -7.082199 -0.912400 -11.395001
v -7.996199 -0.607600 -11.395001
v -7.082199 -0.607600 -11.395001
v -7.386799 -1.217000 -11.395001
v -7.386799 -0.303000 -11.395001
v -7.691599 -1.217000 -11.395001
v -7.691599 -0.303000 -11.395001
v -8.804098 0.000000 -11.395001
v -8.804098 -0.514400 -11.395001
v -9.108898 0.000000 -11.395001
v -9.108898 -0.514400 -11.395001
v -9.413499 -0.912400 -11.395001
v -8.499498 -0.912400 -11.395001
v -9.413499 -0.607600 -11.395001
v -8.499498 -0.607600 -11.395001
v -8.804098 -1.217000 -11.395001
v -8.804098 -0.303000 -11.395001
v -9.108898 -1.217000 -11.395001
v -9.108898 -0.303000 -11.395001
v -10.221599 0.000000 -11.395001
v -10.221599 -0.514400 -11.395001
v -10.526399 0.000000 -11.395001
v -10.526399 -0.514400 -11.395001
v -10.830998 -0.912400 -11.395001
v -9.916998 -0.912400 -11.395001
v -10.830998 -0.607600 -11.395001
v -9.916998 -0.607600 -11.395001
v -10.221599 -1.217000 -11.395001
v -10.221599 -0.303000 -11.395001
v -10.526399 -1.217000 -11.395001
v -10.526399 -0.303000 -11.395001
v -4.552099 0.000000 -11.395001
v -4.552099 -0.514400 -11.395001
v -4.856899 0.000000 -11.395001
v -4.856899 -0.514400 -11.395001
v -5.161499 -0.912400 -11.395001
v -4.247499 -0.912400 -11.395001
v -5.161499 -0.607600 -11.395001
v -4.247499 -0.607600 -11.395001
v -4.552099 -1.217000 -11.395001
v -4.552099 -0.303000 -11.395001
v -4.856899 -1.217000 -11.395001
v -4.856899 -0.303000 -11.395001
v -22.977798 0.000000 -11.395001
v -22.977798 -0.514400 -11.395001
v -23.282598 0.000000 -11.395001
v -23.282598 -0.514400 -11.395001
v -23.587198 -0.912400 -11.395001
v -22.673199 -0.912400 -11.395001
v -23.587198 -0.607600 -11.395001
v -22.673199 -0.607600 -11.395001
v -22.977798 -1.217000 -11.395001
v -22.977798 -0.303000 -11.395001
v -23.282598 -1.217000 -11.395001
v -23.282598 -0.303000 -11.395001
v -0.299999 -0.414300 -11.395002
v -0.299999 -0.205700 -11.395002
v -24.699999 -0.414300 -11.395001
v -24.699999 -0.205700 -11.395001
v 23.282604 0.000000 -11.395001
v 23.282604 -0.514400 -11.395001
v 22.977802 0.000000 -11.395001
v 22.977802 -0.514400 -11.395001
v 22.673203 -0.912400 -11.395001
v 23.587204 -0.912400 -11.395001
v 22.673203 -0.607600 -11.395001
v 23.587204 -0.607600 -11.395001
v 23.282604 -1.217000 -11.395001
v 23.282604 -0.303000 -11.395001
v 22.977802 -1.217000 -11.395001
v 22.977802 -0.303000 -11.395001
v 20.447803 0.000000 -11.395000
v 20.447803 -0.514400 -11.395000
v 20.143002 0.000000 -11.395000
v 20.143002 -0.514400 -11.395000
v 19.838402 -0.912400 -11.395000
v 20.752403 -0.912400 -11.395000
v 19.838402 -0.607600 -11.395000
v 20.752403 -0.607600 -11.395000
v 20.447803 -1.217000 -11.395000
v 20.447803 -0.303000 -11.395000
v 20.143002 -1.217000 -11.395000
v 20.143002 -0.303000 -11.395000
v 14.778301 0.000000 -11.395000
v 14.778301 -0.514400 -11.395000
v 14.473503 0.000000 -11.395000
v 14.473503 -0.514400 -11.395000
v 14.168903 -0.912400 -11.395000
v 15.082901 -0.912400 -11.395000
v 14.168903 -0.607600 -11.395000
v 15.082901 -0.607600 -11.395000
v 14.778301 -1.217000 -11.395000
v 14.778301 -0.303000 -11.395000
v 14.473503 -1.217000 -11.395000
v 14.473503 -0.303000 -11.395000
v 16.195805 0.000000 -11.395000
v 16.195805 -0.514400 -11.395000
v 15.891003 0.000000 -11.395000
v 15.891003 -0.514400 -11.395000
v 15.586403 -0.912400 -11.395000
v 16.500404 -0.912400 -11.395000
v 15.586403 -0.607600 -11.395000
v 16.500404 -0.607600 -11.395000
v 16.195805 -1.217000 -11.395000
v 16.195805 -0.303000 -11.395000
v 15.891003 -1.217000 -11.395000
v 15.891003 -0.303000 -11.395000
v 17.308300 0.000000 -11.395000
v 17.308300 -0.514400 -11.395000
v 17.613102 0.000000 -11.395000
v 17.613102 -0.514400 -11.395000
v 17.917702 -0.912400 -11.395000
v 17.003700 -0.912400 -11.395000
v 17.917702 -0.607600 -11.395000
v 17.003700 -0.607600 -11.395000
v 17.308300 -1.217000 -11.395000
v 17.308300 -0.303000 -11.395000
v 17.613102 -1.217000 -11.395000
v 17.613102 -0.303000 -11.395000
v 21.865101 0.000000 -11.395000
v 21.865101 -0.514400 -11.395000
v 21.560303 0.000000 -11.395000
v 21.560303 -0.514400 -11.395000
v 21.255703 -0.912400 -11.395000
v 22.169701 -0.912400 -11.395000
v 21.255703 -0.607600 -11.395000
v 22.169701 -0.607600 -11.395000
v 21.865101 -1.217000 -11.395000
v 21.865101 -0.303000 -11.395000
v 21.560303 -1.217000 -11.395000
v 21.560303 -0.303000 -11.395000
v 19.030502 0.000000 -11.395000
v 19.030502 -0.514400 -11.395000
v 18.725700 0.000000 -11.395000
v 18.725700 -0.514400 -11.395000
v 18.421101 -0.912400 -11.395000
v 19.335102 -0.912400 -11.395000
v 18.421101 -0.607600 -11.395000
v 19.335102 -0.607600 -11.395000
v 19.030502 -1.217000 -11.395000
v 19.030502 -0.303000 -11.395000
v 18.725700 -1.217000 -11.395000
v 18.725700 -0.303000 -11.395000
v 9.108902 0.000000 -11.395000
v 9.108902 -0.514400 -11.395000
v 8.804104 0.000000 -11.395000
v 8.804104 -0.514400 -11.395000
v 8.499504 -0.912400 -11.395000
v 9.413502 -0.912400 -11.395000
v 8.499504 -0.607600 -11.395000
v 9.413502 -0.607600 -11.395000
v 9.108902 -1.217000 -11.395001
v 9.108902 -0.303000 -11.395000
v 8.804104 -1.217000 -11.395001
v 8.804104 -0.303000 -11.395000
v 11.943504 0.000000 -11.395000
v 11.943504 -0.514400 -11.395000
v 11.638702 0.000000 -11.395000
v 11.638702 -0.514400 -11.395000
v 11.334103 -0.912400 -11.395000
v 12.248100 -0.912400 -11.395000
v 11.334103 -0.607600 -11.395000
v 12.248100 -0.607600 -11.395000
v 11.943504 -1.217000 -11.395000
v 11.943504 -0.303000 -11.395000
v 11.638702 -1.217000 -11.395000
v 11.638702 -0.303000 -11.395000
v 3.439404 0.000000 -11.395000
v 3.439404 -0.514400 -11.395000
v 3.134604 0.000000 -11.395000
v 3.134604 -0.514400 -11.395000
v 2.830002 -0.912400 -11.395000
v 3.744003 -0.912400 -11.395000
v 2.830002 -0.607600 -11.395000
v 3.744003 -0.607600 -11.395000
v 3.439404 -1.217000 -11.395000
v 3.439404 -0.303000 -11.395000
v 3.134604 -1.217000 -11.395000
v 3.134604 -0.303000 -11.395000
v 7.691502 0.000000 -11.395000
v 7.691502 -0.514400 -11.395000
v 7.386703 0.000000 -11.395000
v 7.386703 -0.514400 -11.395000
v 7.082102 -0.912400 -11.395000
v 7.996101 -0.912400 -11.395000
v 7.082102 -0.607600 -11.395000
v 7.996101 -0.607600 -11.395000
v 7.691502 -1.217000 -11.395000
v 7.691502 -0.303000 -11.395000
v 7.386703 -1.217000 -11.395000
v 7.386703 -0.303000 -11.395000
v 6.274204 0.000000 -11.395000
v 6.274204 -0.514400 -11.395000
v 5.969404 0.000000 -11.395000
v 5.969404 -0.514400 -11.395000
v 5.664804 -0.912400 -11.395000
v 6.578804 -0.912400 -11.395000
v 5.664804 -0.607600 -11.395000
v 6.578804 -0.607600 -11.395000
v 6.274204 -1.217000 -11.395000
v 6.274204 -0.303000 -11.395000
v 5.969404 -1.217000 -11.395000
v 5.969404 -0.303000 -11.395000
v 13.361004 0.000000 -11.395000
v 13.361004 -0.514400 -11.395000
v 13.056202 0.000000 -11.395000
v 13.056202 -0.514400 -11.395000
v 12.751602 -0.912400 -11.395000
v 13.665604 -0.912400 -11.395000
v 12.751602 -0.607600 -11.395000
v 13.665604 -0.607600 -11.395000
v 13.361004 -1.217000 -11.395000
v 13.361004 -0.303000 -11.395000
v 13.056202 -1.217000 -11.395000
v 13.056202 -0.303000 -11.395000
v 10.526203 0.000000 -11.395001
v 10.526203 -0.514400 -11.395001
v 10.221405 0.000000 -11.395001
v 10.221405 -0.514400 -11.395001
v 9.916801 -0.912400 -11.395001
v 10.830803 -0.912400 -11.395001
v 9.916801 -0.607600 -11.395001
v 10.830803 -0.607600 -11.395001
v 10.526203 -1.217000 -11.395001
v 10.526203 -0.303000 -11.395000
v 10.221405 -1.217000 -11.395001
v 10.221405 -0.303000 -11.395000
v 4.856703 0.000000 -11.395000
v 4.856703 -0.514400 -11.395000
v 4.551903 0.000000 -11.395000
v 4.551903 -0.514400 -11.395000
v 4.247303 -0.912400 -11.395000
v 5.161303 -0.912400 -11.395000
v 4.247303 -0.607600 -11.395000
v 5.161303 -0.607600 -11.395000
v 4.856703 -1.217000 -11.395000
v 4.856703 -0.303000 -11.395000
v 4.551903 -1.217000 -11.395000
v 4.551903 -0.303000 -11.395000
v 2.022102 0.000000 -11.395000
v 2.022102 -0.514400 -11.395000
v 1.717302 0.000000 -11.395000
v 1.717302 -0.514400 -11.395000
v 1.412703 -0.912400 -11.395000
v 2.326702 -0.912400 -11.395000
v 1.412703 -0.607600 -11.395000
v 2.326702 -0.607600 -11.395000
v 2.022102 -1.217000 -11.395000
v 2.022102 -0.303000 -11.395000
v 1.717302 -1.217000 -11.395000
v 1.717302 -0.303000 -11.395000
v 24.700005 -0.414300 -11.395000
v 24.700005 -0.205700 -11.395000
v 0.300003 -0.414300 -11.394999
v 0.300003 -0.205700 -11.394999
v 2.022100 0.000000 11.395000
v 2.022100 -0.514400 11.395000
v 1.717302 0.000000 11.395000
v 1.717302 -0.514400 11.395000
v 1.412701 -0.912400 11.395000
v 2.326702 -0.912400 11.395000
v 1.412701 -0.607600 11.395000
v 2.326702 -0.607600 11.395000
v 2.022100 -1.217000 11.395000
v 2.022100 -0.303000 11.395000
v 1.717300 -1.217000 11.395000
v 1.717300 -0.303000 11.395000
v 4.856701 0.000000 11.395000
v 4.856701 -0.514400 11.395000
v 4.551899 0.000000 11.395000
v 4.551899 -0.514400 11.395000
v 4.247299 -0.912400 11.395000
v 5.161301 -0.912400 11.395000
v 4.247299 -0.607600 11.395000
v 5.161301 -0.607600 11.395000
v 4.856701 -1.217000 11.395000
v 4.856701 -0.303000 11.395000
v 4.551899 -1.217000 11.395000
v 4.551899 -0.303000 11.395000
v 10.526203 0.000000 11.395000
v 10.526203 -0.514400 11.395000
v 10.221401 0.000000 11.395000
v 10.221401 -0.514400 11.395000
v 9.916801 -0.912400 11.395000
v 10.830803 -0.912400 11.395000
v 9.916801 -0.607600 11.395000
v 10.830803 -0.607600 11.395000
v 10.526203 -1.217000 11.395000
v 10.526203 -0.303000 11.395000
v 10.221401 -1.217000 11.395000
v 10.221401 -0.303000 11.395000
v 13.361000 0.000000 11.395001
v 13.361000 -0.514400 11.395001
v 13.056202 0.000000 11.395001
v 13.056202 -0.514400 11.395001
v 12.751602 -0.912400 11.395001
v 13.665604 -0.912400 11.395001
v 12.751602 -0.607600 11.395001
v 13.665604 -0.607600 11.395001
v 13.361000 -1.217000 11.395001
v 13.361000 -0.303000 11.395001
v 13.056202 -1.217000 11.395001
v 13.056202 -0.303000 11.395001
v 6.274200 0.000000 11.395000
v 6.274200 -0.514400 11.395000
v 5.969402 0.000000 11.395000
v 5.969402 -0.514400 11.395000
v 5.664801 -0.912400 11.395000
v 6.578802 -0.912400 11.395000
v 5.664801 -0.607600 11.395000
v 6.578802 -0.607600 11.395000
v 6.274200 -1.217000 11.395000
v 6.274200 -0.303000 11.395000
v 5.969402 -1.217000 11.395000
v 5.969402 -0.303000 11.395000
v 7.691502 0.000000 11.395000
v 7.691502 -0.514400 11.395000
v 7.386700 0.000000 11.395000
v 7.386700 -0.514400 11.395000
v 7.082100 -0.912400 11.395000
v 7.996101 -0.912400 11.395000
v 7.082100 -0.607600 11.395000
v 7.996101 -0.607600 11.395000
v 7.691502 -1.217000 11.395000
v 7.691502 -0.303000 11.395000
v 7.386700 -1.217000 11.395000
v 7.386700 -0.303000 11.395000
v 3.439400 0.000000 11.395000
v 3.439400 -0.514400 11.395000
v 3.134602 0.000000 11.395000
v 3.134602 -0.514400 11.395000
v 2.830000 -0.912400 11.395000
v 3.744001 -0.912400 11.395000
v 2.830000 -0.607600 11.395000
v 3.744001 -0.607600 11.395000
v 3.439400 -1.217000 11.395000
v 3.439400 -0.303000 11.395000
v 3.134600 -1.217000 11.395000
v 3.134600 -0.303000 11.395000
v 11.943501 0.000000 11.395001
v 11.943501 -0.514400 11.395001
v 11.638702 0.000000 11.395001
v 11.638702 -0.514400 11.395001
v 11.334103 -0.912400 11.395001
v 12.248100 -0.912400 11.395001
v 11.334103 -0.607600 11.395001
v 12.248100 -0.607600 11.395001
v 11.943501 -1.217000 11.395001
v 11.943501 -0.303000 11.395001
v 11.638702 -1.217000 11.395001
v 11.638702 -0.303000 11.395001
v 9.108902 0.000000 11.395000
v 9.108902 -0.514400 11.395000
v 8.804100 0.000000 11.395000
v 8.804100 -0.514400 11.395000
v 8.499500 -0.912400 11.395000
v 9.413502 -0.912400 11.395000
v 8.499500 -0.607600 11.395000
v 9.413502 -0.607600 11.395000
v 9.108902 -1.217000 11.395000
v 9.108902 -0.303000 11.395000
v 8.804100 -1.217000 11.395000
v 8.804100 -0.303000 11.395000
v 19.030502 0.000000 11.395000
v 19.030502 -0.514400 11.395000
v 18.725700 0.000000 11.395000
v 18.725700 -0.514400 11.395000
v 18.421101 -0.912400 11.395000
v 19.335098 -0.912400 11.395000
v 18.421101 -0.607600 11.395000
v 19.335098 -0.607600 11.395000
v 19.030502 -1.217000 11.395000
v 19.030502 -0.303000 11.395000
v 18.725700 -1.217000 11.395000
v 18.725700 -0.303000 11.395000
v 21.865097 0.000000 11.395000
v 21.865097 -0.514400 11.395000
v 21.560299 0.000000 11.395000
v 21.560299 -0.514400 11.395000
v 21.255699 -0.912400 11.395000
v 22.169701 -0.912400 11.395000
v 21.255699 -0.607600 11.395000
v 22.169701 -0.607600 11.395000
v 21.865097 -1.217000 11.395000
v 21.865097 -0.303000 11.395000
v 21.560299 -1.217000 11.395000
v 21.560299 -0.303000 11.395000
v 17.613098 0.000000 11.395000
v 17.613098 -0.514400 11.395000
v 17.308300 0.000000 11.395000
v 17.308300 -0.514400 11.395000
v 17.003700 -0.912400 11.395000
v 17.917702 -0.912400 11.395000
v 17.003700 -0.607600 11.395000
v 17.917702 -0.607600 11.395000
v 17.613098 -1.217000 11.395000
v 17.613098 -0.303000 11.395001
v 17.308300 -1.217000 11.395000
v 17.308300 -0.303000 11.395001
v 16.195801 0.000000 11.395001
v 16.195801 -0.514400 11.395001
v 15.891003 0.000000 11.395001
v 15.891003 -0.514400 11.395001
v 15.586403 -0.912400 11.395001
v 16.500404 -0.912400 11.395001
v 15.586403 -0.607600 11.395001
v 16.500404 -0.607600 11.395001
v 16.195801 -1.217000 11.395001
v 16.195801 -0.303000 11.395001
v 15.891003 -1.217000 11.395001
v 15.891003 -0.303000 11.395001
v 23.282600 0.000000 11.395000
v 23.282600 -0.514400 11.395000
v 22.977802 0.000000 11.395000
v 22.977802 -0.514400 11.395000
v 22.673203 -0.912400 11.395000
v 23.587204 -0.912400 11.395000
v 22.673203 -0.607600 11.395000
v 23.587204 -0.607600 11.395000
v 23.282600 -1.217000 11.395000
v 23.282600 -0.303000 11.395000
v 22.977802 -1.217000 11.395000
v 22.977802 -0.303000 11.395000
v 14.778301 0.000000 11.395001
v 14.778301 -0.514400 11.395001
v 14.473503 0.000000 11.395001
v 14.473503 -0.514400 11.395001
v 14.168903 -0.912400 11.395001
v 15.082901 -0.912400 11.395001
v 14.168903 -0.607600 11.395001
v 15.082901 -0.607600 11.395001
v 14.778301 -1.217000 11.395001
v 14.778301 -0.303000 11.395001
v 14.473503 -1.217000 11.395001
v 14.473503 -0.303000 11.395001
v 20.447800 0.000000 11.395000
v 20.447800 -0.514400 11.395000
v 20.143002 0.000000 11.395000
v 20.143002 -0.514400 11.395000
v 19.838402 -0.912400 11.395000
v 20.752403 -0.912400 11.395000
v 19.838402 -0.607600 11.395000
v 20.752403 -0.607600 11.395000
v 20.447800 -1.217000 11.395000
v 20.447800 -0.303000 11.395000
v 20.143002 -1.217000 11.395000
v 20.143002 -0.303000 11.395000
v 24.700001 -0.205700 11.395000
v 24.700001 -0.414300 11.395000
v 0.300003 -0.205700 11.395002
v 0.300003 -0.414300 11.395002
v 24.695000 0.000000 9.019070
v 24.695000 -0.514400 9.019070
v 24.695000 0.000000 8.714270
v 24.695000 -0.514400 8.714270
v 24.695000 -0.912400 8.409670
v 24.695000 -0.912400 9.323669
v 24.695000 -0.607600 8.409670
v 24.695000 -0.607600 9.323669
v 24.695000 -1.217000 9.019070
v 24.695000 -0.303000 9.019070
v 24.695000 -1.217000 8.714270
v 24.695000 -0.303000 8.714270
v 24.695000 0.000000 1.419070
v 24.695000 -0.514400 1.419070
v 24.695000 0.000000 1.114269
v 24.695000 -0.514400 1.114269
v 24.695000 -0.912400 0.809669
v 24.694996 -0.912400 1.723670
v 24.695000 -0.607600 0.809669
v 24.694996 -0.607600 1.723670
v 24.695000 -1.217000 1.419070
v 24.694996 -0.303000 1.419070
v 24.695000 -1.217000 1.114269
v 24.694996 -0.303000 1.114269
v 24.695000 0.000000 -1.114271
v 24.695000 -0.514400 -1.114271
v 24.695000 0.000000 -1.419071
v 24.695000 -0.514400 -1.419071
v 24.695000 -0.912400 -1.723671
v 24.694996 -0.912400 -0.809671
v 24.695000 -0.607600 -1.723671
v 24.694996 -0.607600 -0.809671
v 24.695000 -1.217000 -1.114271
v 24.694996 -0.303000 -1.114271
v 24.695000 -1.217000 -1.419071
v 24.694996 -0.303000 -1.419071
v 24.695000 0.000000 -3.647602
v 24.695000 -0.514400 -3.647602
v 24.695000 0.000000 -3.952402
v 24.695000 -0.514400 -3.952402
v 24.695000 -0.912400 -4.257002
v 24.694996 -0.912400 -3.343001
v 24.695000 -0.607600 -4.257002
v 24.694996 -0.607600 -3.343001
v 24.695000 -1.217000 -3.647602
v 24.694996 -0.303000 -3.647602
v 24.695000 -1.217000 -3.952402
v 24.694996 -0.303000 -3.952402
v 24.695000 0.000000 -6.180930
v 24.695000 -0.514400 -6.180930
v 24.695000 0.000000 -6.485730
v 24.695000 -0.514400 -6.485730
v 24.695000 -0.912400 -6.790330
v 24.694996 -0.912400 -5.876330
v 24.695000 -0.607600 -6.790330
v 24.694996 -0.607600 -5.876330
v 24.695000 -1.217000 -6.180930
v 24.694996 -0.303000 -6.180930
v 24.695000 -1.217000 -6.485730
v 24.694996 -0.303000 -6.485730
v 24.695000 0.000000 -8.714271
v 24.695000 -0.514400 -8.714271
v 24.695000 0.000000 -9.019071
v 24.695000 -0.514400 -9.019071
v 24.695000 -0.912400 -9.323670
v 24.694996 -0.912400 -8.409671
v 24.695000 -0.607600 -9.323670
v 24.694996 -0.607600 -8.409671
v 24.695000 -1.217000 -8.714271
v 24.694996 -0.303000 -8.714271
v 24.695000 -1.217000 -9.019071
v 24.694996 -0.303000 -9.019071
v 24.695000 0.000000 3.952409
v 24.695000 -0.514400 3.952409
v 24.695000 0.000000 3.647609
v 24.695000 -0.514400 3.647609
v 24.695000 -0.912400 3.343009
v 24.694996 -0.912400 4.257009
v 24.695000 -0.607600 3.343009
v 24.694996 -0.607600 4.257009
v 24.695000 -1.217000 3.952409
v 24.694996 -0.303000 3.952409
v 24.695000 -1.217000 3.647609
v 24.694996 -0.303000 3.647609
v 24.695000 0.000000 6.485739
v 24.695000 -0.514400 6.485739
v 24.695000 0.000000 6.180939
v 24.695000 -0.514400 6.180939
v 24.695000 -0.912400 5.876339
v 24.694996 -0.912400 6.790339
v 24.695000 -0.607600 5.876339
v 24.694996 -0.607600 6.790339
v 24.695000 -1.217000 6.485739
v 24.694996 -0.303000 6.485739
v 24.695000 -1.217000 6.180939
v 24.694996 -0.303000 6.180939
v 24.695000 -0.414300 11.399999
v 24.694996 -0.205700 11.399999
v 24.695000 -0.414300 -11.400000
v 24.694996 -0.205700 -11.400000
v -0.299999 -0.205700 11.395000
v -0.299999 -0.414300 11.395000
v -24.699997 -0.205700 11.395001
v -24.699997 -0.414300 11.395001
v -4.552097 0.000000 11.395001
v -4.552097 -0.514400 11.395001
v -4.856899 0.000000 11.395001
v -4.856899 -0.514400 11.395001
v -5.161499 -0.912400 11.395001
v -4.247498 -0.912400 11.395001
v -5.161499 -0.607600 11.395001
v -4.247498 -0.607600 11.395001
v -4.552097 -1.217000 11.395001
v -4.552097 -0.303000 11.395001
v -4.856899 -1.217000 11.395001
v -4.856899 -0.303000 11.395001
v -10.221599 0.000000 11.395001
v -10.221599 -0.514400 11.395001
v -10.526399 0.000000 11.395001
v -10.526399 -0.514400 11.395001
v -10.830999 -0.912400 11.395001
v -9.916999 -0.912400 11.395001
v -10.830999 -0.607600 11.395002
v -9.916999 -0.607600 11.395002
v -10.221600 -1.217000 11.395001
v -10.221600 -0.303000 11.395002
v -10.526399 -1.217000 11.395001
v -10.526399 -0.303000 11.395002
v -1.717358 0.000000 11.395001
v -1.717358 -0.514400 11.395001
v -2.022160 0.000000 11.395001
v -2.022160 -0.514400 11.395001
v -2.326759 -0.912400 11.395001
v -1.412758 -0.912400 11.395001
v -2.326759 -0.607600 11.395001
v -1.412758 -0.607600 11.395001
v -1.717358 -1.217000 11.395001
v -1.717358 -0.303000 11.395001
v -2.022160 -1.217000 11.395001
v -2.022160 -0.303000 11.395001
v -8.804099 0.000000 11.395001
v -8.804099 -0.514400 11.395001
v -9.108899 0.000000 11.395001
v -9.108899 -0.514400 11.395001
v -9.413499 -0.912400 11.395001
v -8.499498 -0.912400 11.395001
v -9.413499 -0.607600 11.395001
v -8.499498 -0.607600 11.395001
v -8.804099 -1.217000 11.395001
v -8.804099 -0.303000 11.395001
v -9.108899 -1.217000 11.395001
v -9.108899 -0.303000 11.395001
v -7.386799 0.000000 11.395001
v -7.386799 -0.514400 11.395001
v -7.691599 0.000000 11.395001
v -7.691599 -0.514400 11.395001
v -7.996201 -0.912400 11.395001
v -7.082199 -0.912400 11.395001
v -7.996201 -0.607600 11.395001
v -7.082199 -0.607600 11.395001
v -7.386799 -1.217000 11.395001
v -7.386799 -0.303000 11.395001
v -7.691601 -1.217000 11.395001
v -7.691601 -0.303000 11.395001
v -3.134800 0.000000 11.395001
v -3.134800 -0.514400 11.395001
v -3.439600 0.000000 11.395001
v -3.439600 -0.514400 11.395001
v -3.744200 -0.912400 11.395001
v -2.830200 -0.912400 11.395001
v -3.744200 -0.607600 11.395001
v -2.830200 -0.607600 11.395001
v -3.134800 -1.217000 11.395001
v -3.134800 -0.303000 11.395001
v -3.439600 -1.217000 11.395001
v -3.439600 -0.303000 11.395001
v -5.969398 0.000000 11.395001
v -5.969398 -0.514400 11.395001
v -6.274200 0.000000 11.395001
v -6.274200 -0.514400 11.395001
v -6.578800 -0.912400 11.395001
v -5.664799 -0.912400 11.395001
v -6.578800 -0.607600 11.395001
v -5.664799 -0.607600 11.395001
v -5.969398 -1.217000 11.395001
v -5.969398 -0.303000 11.395001
v -6.274200 -1.217000 11.395001
v -6.274200 -0.303000 11.395001
v -15.890998 0.000000 11.395000
v -15.890998 -0.514400 11.395000
v -16.195797 0.000000 11.395000
v -16.195797 -0.514400 11.395000
v -16.500397 -0.912400 11.395000
v -15.586397 -0.912400 11.395000
v -16.500397 -0.607600 11.395000
v -15.586397 -0.607600 11.395000
v -15.890998 -1.217000 11.395000
v -15.890998 -0.303000 11.395000
v -16.195797 -1.217000 11.395000
v -16.195797 -0.303000 11.395000
v -13.056399 0.000000 11.395000
v -13.056399 -0.514400 11.395000
v -13.361199 0.000000 11.395000
v -13.361199 -0.514400 11.395000
v -13.665799 -0.912400 11.395000
v -12.751799 -0.912400 11.395000
v -13.665799 -0.607600 11.395000
v -12.751799 -0.607600 11.395000
v -13.056399 -1.217000 11.395000
v -13.056399 -0.303000 11.395000
v -13.361199 -1.217000 11.395000
v -13.361199 -0.303000 11.395000
v -21.560497 0.000000 11.395001
v -21.560497 -0.514400 11.395001
v -21.865299 0.000000 11.395001
v -21.865299 -0.514400 11.395001
v -22.169899 -0.912400 11.395001
v -21.255898 -0.912400 11.395001
v -22.169899 -0.607600 11.395001
v -21.255898 -0.607600 11.395001
v -21.560497 -1.217000 11.395001
v -21.560497 -0.303000 11.395001
v -21.865299 -1.217000 11.395001
v -21.865299 -0.303000 11.395001
v -17.308399 0.000000 11.395000
v -17.308399 -0.514400 11.395000
v -17.613199 0.000000 11.395000
v -17.613199 -0.514400 11.395000
v -17.917799 -0.912400 11.395000
v -17.003799 -0.912400 11.395000
v -17.917799 -0.607600 11.395000
v -17.003799 -0.607600 11.395000
v -17.308399 -1.217000 11.395000
v -17.308399 -0.303000 11.395000
v -17.613199 -1.217000 11.395000
v -17.613199 -0.303000 11.395000
v -18.725697 0.000000 11.395000
v -18.725697 -0.514400 11.395000
v -19.030499 0.000000 11.395000
v -19.030499 -0.514400 11.395000
v -19.335098 -0.912400 11.395000
v -18.421099 -0.912400 11.395000
v -19.335098 -0.607600 11.395001
v -18.421099 -0.607600 11.395001
v -18.725697 -1.217000 11.395000
v -18.725697 -0.303000 11.395001
v -19.030499 -1.217000 11.395000
v -19.030499 -0.303000 11.395001
v -11.638898 0.000000 11.395000
v -11.638898 -0.514400 11.395000
v -11.943698 0.000000 11.395000
v -11.943698 -0.514400 11.395000
v -12.248299 -0.912400 11.395000
v -11.334298 -0.912400 11.395000
v -12.248299 -0.607600 11.395000
v -11.334298 -0.607600 11.395000
v -11.638898 -1.217000 11.395000
v -11.638899 -0.303000 11.395000
v -11.943699 -1.217000 11.395000
v -11.943699 -0.303000 11.395000
v -14.473699 0.000000 11.395000
v -14.473699 -0.514400 11.395000
v -14.778499 0.000000 11.395000
v -14.778499 -0.514400 11.395000
v -15.083098 -0.912400 11.395000
v -14.169098 -0.912400 11.395000
v -15.083098 -0.607600 11.395000
v -14.169098 -0.607600 11.395000
v -14.473699 -1.217000 11.395000
v -14.473699 -0.303000 11.395000
v -14.778499 -1.217000 11.395000
v -14.778499 -0.303000 11.395000
v -20.143200 0.000000 11.395001
v -20.143200 -0.514400 11.395001
v -20.448000 0.000000 11.395001
v -20.448000 -0.514400 11.395001
v -20.752600 -0.912400 11.395001
v -19.838600 -0.912400 11.395001
v -20.752600 -0.607600 11.395001
v -19.838600 -0.607600 11.395001
v -20.143200 -1.217000 11.395001
v -20.143200 -0.303000 11.395001
v -20.448000 -1.217000 11.395001
v -20.448000 -0.303000 11.395001
v -22.977798 0.000000 11.395001
v -22.977798 -0.514400 11.395001
v -23.282598 0.000000 11.395001
v -23.282598 -0.514400 11.395001
v -23.587198 -0.912400 11.395001
v -22.673199 -0.912400 11.395001
v -23.587198 -0.607600 11.395001
v -22.673199 -0.607600 11.395001
v -22.977798 -1.217000 11.395001
v -22.977798 -0.303000 11.395001
v -23.282598 -1.217000 11.395001
v -23.282598 -0.303000 11.395001
v -24.694998 0.000000 -8.714271
v -24.694998 -0.514400 -8.714271
v -24.694998 0.000000 -9.019071
v -24.694998 -0.514400 -9.019071
v -24.694998 -0.912400 -9.323670
v -24.694998 -0.912400 -8.409671
v -24.694998 -0.607600 -9.323670
v -24.694998 -0.607600 -8.409671
v -24.694998 -1.217000 -8.714271
v -24.694998 -0.303000 -8.714271
v -24.694998 -1.217000 -9.019071
v -24.694998 -0.303000 -9.019071
v -24.694996 0.000000 6.485739
v -24.694996 -0.514400 6.485739
v -24.694996 0.000000 6.180939
v -24.694996 -0.514400 6.180939
v -24.694996 -0.912400 5.876339
v -24.694996 -0.912400 6.790339
v -24.694996 -0.607600 5.876339
v -24.694996 -0.607600 6.790339
v -24.694996 -1.217000 6.485739
v -24.694996 -0.303000 6.485739
v -24.694996 -1.217000 6.180939
v -24.694996 -0.303000 6.180939
v -24.694996 0.000000 1.419070
v -24.694996 -0.514400 1.419070
v -24.694996 0.000000 1.114270
v -24.694996 -0.514400 1.114270
v -24.694996 -0.912400 0.809670
v -24.694996 -0.912400 1.723670
v -24.694996 -0.607600 0.809670
v -24.694996 -0.607600 1.723670
v -24.694996 -1.217000 1.419070
v -24.694996 -0.303000 1.419070
v -24.694996 -1.217000 1.114270
v -24.694996 -0.303000 1.114270
v -24.694996 0.000000 9.019070
v -24.694996 -0.514400 9.019070
v -24.694996 0.000000 8.714270
v -24.694996 -0.514400 8.714270
v -24.694996 -0.912400 8.409670
v -24.694996 -0.912400 9.323670
v -24.694996 -0.607600 8.409670
v -24.694996 -0.607600 9.323670
v -24.694996 -1.217000 9.019070
v -24.694996 -0.303000 9.019070
v -24.694996 -1.217000 8.714270
v -24.694996 -0.303000 8.714270
v -24.694996 0.000000 -6.180930
v -24.694996 -0.514400 -6.180930
v -24.694996 0.000000 -6.485730
v -24.694996 -0.514400 -6.485730
v -24.694996 -0.912400 -6.790330
v -24.694996 -0.912400 -5.876330
v -24.694996 -0.607600 -6.790330
v -24.694996 -0.607600 -5.876330
v -24.694996 -1.217000 -6.180930
v -24.694996 -0.303000 -6.180930
v -24.694996 -1.217000 -6.485731
v -24.694996 -0.303000 -6.485731
v -24.694996 0.000000 -3.647600
v -24.694996 -0.514400 -3.647600
v -24.694996 0.000000 -3.952400
v -24.694996 -0.514400 -3.952400
v -24.694996 -0.912400 -4.257000
v -24.694996 -0.912400 -3.343000
v -24.694996 -0.607600 -4.257000
v -24.694996 -0.607600 -3.343000
v -24.694996 -1.217000 -3.647600
v -24.694996 -0.303000 -3.647600
v -24.694996 -1.217000 -3.952400
v -24.694996 -0.303000 -3.952400
v -24.694996 0.000000 -1.114271
v -24.694996 -0.514400 -1.114271
v -24.694996 0.000000 -1.419071
v -24.694996 -0.514400 -1.419071
v -24.694996 -0.912400 -1.723670
v -24.694996 -0.912400 -0.809670
v -24.694996 -0.607600 -1.723670
v -24.694996 -0.607600 -0.809670
v -24.694996 -1.217000 -1.114271
v -24.694996 -0.303000 -1.114271
v -24.694996 -1.217000 -1.419071
v -24.694996 -0.303000 -1.419071
v -24.694996 -0.205700 11.400000
v -24.694996 -0.414300 11.400000
v -24.694996 -0.205700 -11.400000
v -24.694996 -0.414300 -11.400000
v -24.695999 0.000000 3.952410
v -24.695999 -0.514400 3.952410
v -24.695999 0.000000 3.647610
v -24.695999 -0.514400 3.647610
v -24.694000 -0.912400 3.343010
v -24.694000 -0.912400 4.257010
v -24.694000 -0.607600 3.343010
v -24.694000 -0.607600 4.257010
v -24.694000 -1.217000 3.952410
v -24.694000 -0.303000 3.952410
v -24.694000 -1.217000 3.647610
v -24.694000 -0.303000 3.647610
v -1.717360 0.000000 -11.394849
v -1.717360 -0.514400 -11.394849
v -2.022158 0.000000 -11.394849
v -2.022158 -0.514400 -11.394849
v -2.326759 -0.912400 -11.395154
v -1.412758 -0.912400 -11.395154
v -2.326759 -0.607600 -11.395154
v -1.412758 -0.607600 -11.395154
v -1.717360 -1.217000 -11.395154
v -1.717360 -0.303000 -11.395154
v -2.022160 -1.217000 -11.395154
v -2.022160 -0.303000 -11.395154
v -18.725700 0.000000 -11.394849
v -18.725700 -0.514400 -11.394849
v -19.030500 0.000000 -11.394849
v -19.030500 -0.514400 -11.394849
v -19.335100 -0.912400 -11.395154
v -18.421101 -0.912400 -11.395154
v -19.335100 -0.607600 -11.395154
v -18.421101 -0.607600 -11.395154
v -18.725700 -1.217000 -11.395154
v -18.725700 -0.303000 -11.395154
v -19.030500 -1.217000 -11.395154
v -19.030500 -0.303000 -11.395154
v -17.308399 0.000000 -11.394849
v -17.308399 -0.514400 -11.394849
v -17.613201 0.000000 -11.394849
v -17.613201 -0.514400 -11.394849
v -17.917801 -0.912400 -11.395154
v -17.003799 -0.912400 -11.395154
v -17.917801 -0.607600 -11.395154
v -17.003799 -0.607600 -11.395154
v -17.308399 -1.217000 -11.395154
v -17.308399 -0.303000 -11.395154
v -17.613201 -1.217000 -11.395154
v -17.613201 -0.303000 -11.395154
v -21.560499 0.000000 -11.394849
v -21.560499 -0.514400 -11.394849
v -21.865299 0.000000 -11.394849
v -21.865299 -0.514400 -11.394849
v -22.169899 -0.912400 -11.395154
v -21.255899 -0.912400 -11.395154
v -22.169899 -0.607600 -11.395154
v -21.255899 -0.607600 -11.395154
v -21.560499 -1.217000 -11.395154
v -21.560499 -0.303000 -11.395154
v -21.865299 -1.217000 -11.395154
v -21.865299 -0.303000 -11.395154
v -20.143200 0.000000 -11.394849
v -20.143200 -0.514400 -11.394849
v -20.448000 0.000000 -11.394849
v -20.448000 -0.514400 -11.394849
v -20.752600 -0.912400 -11.395154
v -19.838600 -0.912400 -11.395154
v -20.752600 -0.607600 -11.395154
v -19.838600 -0.607600 -11.395154
v -20.143200 -1.217000 -11.395154
v -20.143200 -0.303000 -11.395154
v -20.448000 -1.217000 -11.395154
v -20.448000 -0.303000 -11.395154
v -14.473700 0.000000 -11.394849
v -14.473700 -0.514400 -11.394849
v -14.778500 0.000000 -11.394849
v -14.778500 -0.514400 -11.394849
v -15.083100 -0.912400 -11.395154
v -14.169100 -0.912400 -11.395154
v -15.083100 -0.607600 -11.395154
v -14.169100 -0.607600 -11.395154
v -14.473700 -1.217000 -11.395154
v -14.473700 -0.303000 -11.395154
v -14.778500 -1.217000 -11.395154
v -14.778500 -0.303000 -11.395154
v -11.638899 0.000000 -11.394849
v -11.638899 -0.514400 -11.394849
v -11.943699 0.000000 -11.394849
v -11.943699 -0.514400 -11.394849
v -12.248299 -0.912400 -11.395154
v -11.334298 -0.912400 -11.395154
v -12.248299 -0.607600 -11.395154
v -11.334298 -0.607600 -11.395154
v -11.638899 -1.217000 -11.395154
v -11.638899 -0.303000 -11.395154
v -11.943699 -1.217000 -11.395154
v -11.943699 -0.303000 -11.395154
v -13.056400 0.000000 -11.394849
v -13.056400 -0.514400 -11.394849
v -13.361200 0.000000 -11.394849
v -13.361200 -0.514400 -11.394849
v -13.665800 -0.912400 -11.395154
v -12.751801 -0.912400 -11.395154
v -13.665800 -0.607600 -11.395154
v -12.751801 -0.607600 -11.395154
v -13.056400 -1.217000 -11.395154
v -13.056400 -0.303000 -11.395154
v -13.361200 -1.217000 -11.395154
v -13.361200 -0.303000 -11.395154
v -15.891000 0.000000 -11.394849
v -15.891000 -0.514400 -11.394849
v -16.195801 0.000000 -11.394849
v -16.195801 -0.514400 -11.394849
v -16.500401 -0.912400 -11.395154
v -15.586399 -0.912400 -11.395154
v -16.500401 -0.607600 -11.395154
v -15.586399 -0.607600 -11.395154
v -15.891000 -1.217000 -11.395154
v -15.891000 -0.303000 -11.395154
v -16.195801 -1.217000 -11.395154
v -16.195801 -0.303000 -11.395154
v -5.969398 0.000000 -11.394849
v -5.969398 -0.514400 -11.394849
v -6.274199 0.000000 -11.394849
v -6.274199 -0.514400 -11.394849
v -6.578800 -0.912400 -11.395154
v -5.664799 -0.912400 -11.395154
v -6.578800 -0.607600 -11.395154
v -5.664799 -0.607600 -11.395154
v -5.969398 -1.217000 -11.395154
v -5.969398 -0.303000 -11.395154
v -6.274199 -1.217000 -11.395154
v -6.274199 -0.303000 -11.395154
v -3.134800 0.000000 -11.394849
v -3.134800 -0.514400 -11.394849
v -3.439600 0.000000 -11.394849
v -3.439600 -0.514400 -11.394849
v -3.744200 -0.912400 -11.395154
v -2.830200 -0.912400 -11.395154
v -3.744200 -0.607600 -11.395154
v -2.830200 -0.607600 -11.395154
v -3.134800 -1.217000 -11.395154
v -3.134800 -0.303000 -11.395154
v -3.439600 -1.217000 -11.395154
v -3.439600 -0.303000 -11.395154
v -7.386799 0.000000 -11.394849
v -7.386799 -0.514400 -11.394849
v -7.691599 0.000000 -11.394849
v -7.691599 -0.514400 -11.394849
v -7.996199 -0.912400 -11.395154
v -7.082199 -0.912400 -11.395154
v -7.996199 -0.607600 -11.395154
v -7.082199 -0.607600 -11.395154
v -7.386799 -1.217000 -11.395154
v -7.386799 -0.303000 -11.395154
v -7.691599 -1.217000 -11.395154
v -7.691599 -0.303000 -11.395154
v -8.804098 0.000000 -11.394849
v -8.804098 -0.514400 -11.394849
v -9.108898 0.000000 -11.394849
v -9.108898 -0.514400 -11.394849
v -9.413499 -0.912400 -11.395154
v -8.499498 -0.912400 -11.395154
v -9.413499 -0.607600 -11.395154
v -8.499498 -0.607600 -11.395154
v -8.804098 -1.217000 -11.395154
v -8.804098 -0.303000 -11.395154
v -9.108898 -1.217000 -11.395154
v -9.108898 -0.303000 -11.395154
v -10.221599 0.000000 -11.394849
v -10.221599 -0.514400 -11.394849
v -10.526399 0.000000 -11.394849
v -10.526399 -0.514400 -11.394849
v -10.830998 -0.912400 -11.395154
v -9.916998 -0.912400 -11.395154
v -10.830998 -0.607600 -11.395154
v -9.916998 -0.607600 -11.395154
v -10.221599 -1.217000 -11.395154
v -10.221599 -0.303000 -11.395154
v -10.526399 -1.217000 -11.395154
v -10.526399 -0.303000 -11.395154
v -4.552099 0.000000 -11.394849
v -4.552099 -0.514400 -11.394849
v -4.856899 0.000000 -11.394849
v -4.856899 -0.514400 -11.394849
v -5.161499 -0.912400 -11.395154
v -4.247499 -0.912400 -11.395154
v -5.161499 -0.607600 -11.395154
v -4.247499 -0.607600 -11.395154
v -4.552099 -1.217000 -11.395154
v -4.552099 -0.303000 -11.395154
v -4.856899 -1.217000 -11.395154
v -4.856899 -0.303000 -11.395154
v -22.977798 0.000000 -11.394849
v -22.977798 -0.514400 -11.394849
v -23.282598 0.000000 -11.394849
v -23.282598 -0.514400 -11.394849
v -23.587198 -0.912400 -11.395154
v -22.673199 -0.912400 -11.395154
v -23.587198 -0.607600 -11.395154
v -22.673199 -0.607600 -11.395154
v -22.977798 -1.217000 -11.395154
v -22.977798 -0.303000 -11.395154
v -23.282598 -1.217000 -11.395154
v -23.282598 -0.303000 -11.395154
v -0.299999 -0.414300 -11.395155
v -0.299999 -0.205700 -11.395155
v -24.699999 -0.414300 -11.395154
v -24.699999 -0.205700 -11.395154
v 23.282604 0.000000 -11.394849
v 23.282604 -0.514400 -11.394849
v 22.977802 0.000000 -11.394849
v 22.977802 -0.514400 -11.394849
v 22.673203 -0.912400 -11.395154
v 23.587204 -0.912400 -11.395154
v 22.673203 -0.607600 -11.395154
v 23.587204 -0.607600 -11.395154
v 23.282604 -1.217000 -11.395154
v 23.282604 -0.303000 -11.395154
v 22.977802 -1.217000 -11.395154
v 22.977802 -0.303000 -11.395154
v 20.447803 0.000000 -11.394848
v 20.447803 -0.514400 -11.394848
v 20.143002 0.000000 -11.394848
v 20.143002 -0.514400 -11.394848
v 19.838402 -0.912400 -11.395152
v 20.752403 -0.912400 -11.395152
v 19.838402 -0.607600 -11.395152
v 20.752403 -0.607600 -11.395152
v 20.447803 -1.217000 -11.395152
v 20.447803 -0.303000 -11.395152
v 20.143002 -1.217000 -11.395152
v 20.143002 -0.303000 -11.395152
v 14.778301 0.000000 -11.394848
v 14.778301 -0.514400 -11.394848
v 14.473503 0.000000 -11.394848
v 14.473503 -0.514400 -11.394848
v 14.168903 -0.912400 -11.395152
v 15.082901 -0.912400 -11.395152
v 14.168903 -0.607600 -11.395152
v 15.082901 -0.607600 -11.395152
v 14.778301 -1.217000 -11.395152
v 14.778301 -0.303000 -11.395152
v 14.473503 -1.217000 -11.395152
v 14.473503 -0.303000 -11.395152
v 16.195805 0.000000 -11.394848
v 16.195805 -0.514400 -11.394848
v 15.891003 0.000000 -11.394848
v 15.891003 -0.514400 -11.394848
v 15.586403 -0.912400 -11.395152
v 16.500404 -0.912400 -11.395152
v 15.586403 -0.607600 -11.395152
v 16.500404 -0.607600 -11.395152
v 16.195805 -1.217000 -11.395152
v 16.195805 -0.303000 -11.395152
v 15.891003 -1.217000 -11.395152
v 15.891003 -0.303000 -11.395152
v 17.308300 0.000000 -11.395152
v 17.308300 -0.514400 -11.395152
v 17.613102 0.000000 -11.395152
v 17.613102 -0.514400 -11.395152
v 17.917702 -0.912400 -11.394848
v 17.003700 -0.912400 -11.394848
v 17.917702 -0.607600 -11.394848
v 17.003700 -0.607600 -11.394848
v 17.308300 -1.217000 -11.394848
v 17.308300 -0.303000 -11.394848
v 17.613102 -1.217000 -11.394848
v 17.613102 -0.303000 -11.394848
v 21.865101 0.000000 -11.394848
v 21.865101 -0.514400 -11.394848
v 21.560303 0.000000 -11.394848
v 21.560303 -0.514400 -11.394848
v 21.255703 -0.912400 -11.395152
v 22.169701 -0.912400 -11.395152
v 21.255703 -0.607600 -11.395152
v 22.169701 -0.607600 -11.395152
v 21.865101 -1.217000 -11.395152
v 21.865101 -0.303000 -11.395152
v 21.560303 -1.217000 -11.395152
v 21.560303 -0.303000 -11.395152
v 19.030502 0.000000 -11.394848
v 19.030502 -0.514400 -11.394848
v 18.725700 0.000000 -11.394848
v 18.725700 -0.514400 -11.394848
v 18.421101 -0.912400 -11.395152
v 19.335102 -0.912400 -11.395152
v 18.421101 -0.607600 -11.395152
v 19.335102 -0.607600 -11.395152
v 19.030502 -1.217000 -11.395152
v 19.030502 -0.303000 -11.395152
v 18.725700 -1.217000 -11.395152
v 18.725700 -0.303000 -11.395152
v 9.108902 0.000000 -11.394848
v 9.108902 -0.514400 -11.394848
v 8.804104 0.000000 -11.394848
v 8.804104 -0.514400 -11.394848
v 8.499504 -0.912400 -11.395152
v 9.413502 -0.912400 -11.395152
v 8.499504 -0.607600 -11.395152
v 9.413502 -0.607600 -11.395152
v 9.108902 -1.217000 -11.395154
v 9.108902 -0.303000 -11.395152
v 8.804104 -1.217000 -11.395154
v 8.804104 -0.303000 -11.395152
v 11.943504 0.000000 -11.394848
v 11.943504 -0.514400 -11.394848
v 11.638702 0.000000 -11.394848
v 11.638702 -0.514400 -11.394848
v 11.334103 -0.912400 -11.395152
v 12.248100 -0.912400 -11.395152
v 11.334103 -0.607600 -11.395152
v 12.248100 -0.607600 -11.395152
v 11.943504 -1.217000 -11.395152
v 11.943504 -0.303000 -11.395152
v 11.638702 -1.217000 -11.395152
v 11.638702 -0.303000 -11.395152
v 3.439404 0.000000 -11.394848
v 3.439404 -0.514400 -11.394848
v 3.134604 0.000000 -11.394848
v 3.134604 -0.514400 -11.394848
v 2.830002 -0.912400 -11.395152
v 3.744003 -0.912400 -11.395152
v 2.830002 -0.607600 -11.395152
v 3.744003 -0.607600 -11.395152
v 3.439404 -1.217000 -11.395152
v 3.439404 -0.303000 -11.395152
v 3.134604 -1.217000 -11.395152
v 3.134604 -0.303000 -11.395152
v 7.691502 0.000000 -11.394848
v 7.691502 -0.514400 -11.394848
v 7.386703 0.000000 -11.394848
v 7.386703 -0.514400 -11.394848
v 7.082102 -0.912400 -11.395152
v 7.996101 -0.912400 -11.395152
v 7.082102 -0.607600 -11.395152
v 7.996101 -0.607600 -11.395152
v 7.691502 -1.217000 -11.395152
v 7.691502 -0.303000 -11.395152
v 7.386703 -1.217000 -11.395152
v 7.386703 -0.303000 -11.395152
v 6.274204 0.000000 -11.394848
v 6.274204 -0.514400 -11.394848
v 5.969404 0.000000 -11.394848
v 5.969404 -0.514400 -11.394848
v 5.664804 -0.912400 -11.395152
v 6.578804 -0.912400 -11.395152
v 5.664804 -0.607600 -11.395152
v 6.578804 -0.607600 -11.395152
v 6.274204 -1.217000 -11.395152
v 6.274204 -0.303000 -11.395152
v 5.969404 -1.217000 -11.395152
v 5.969404 -0.303000 -11.395152
v 13.361004 0.000000 -11.394848
v 13.361004 -0.514400 -11.394848
v 13.056202 0.000000 -11.394848
v 13.056202 -0.514400 -11.394848
v 12.751602 -0.912400 -11.395152
v 13.665604 -0.912400 -11.395152
v 12.751602 -0.607600 -11.395152
v 13.665604 -0.607600 -11.395152
v 13.361004 -1.217000 -11.395152
v 13.361004 -0.303000 -11.395152
v 13.056202 -1.217000 -11.395152
v 13.056202 -0.303000 -11.395152
v 10.526203 0.000000 -11.394849
v 10.526203 -0.514400 -11.394849
v 10.221405 0.000000 -11.394849
v 10.221405 -0.514400 -11.394849
v 9.916801 -0.912400 -11.395154
v 10.830803 -0.912400 -11.395154
v 9.916801 -0.607600 -11.395154
v 10.830803 -0.607600 -11.395154
v 10.526203 -1.217000 -11.395154
v 10.526203 -0.303000 -11.395152
v 10.221405 -1.217000 -11.395154
v 10.221405 -0.303000 -11.395152
v 4.856703 0.000000 -11.394848
v 4.856703 -0.514400 -11.394848
v 4.551903 0.000000 -11.394848
v 4.551903 -0.514400 -11.394848
v 4.247303 -0.912400 -11.395152
v 5.161303 -0.912400 -11.395152
v 4.247303 -0.607600 -11.395152
v 5.161303 -0.607600 -11.395152
v 4.856703 -1.217000 -11.395152
v 4.856703 -0.303000 -11.395152
v 4.551903 -1.217000 -11.395152
v 4.551903 -0.303000 -11.395152
v 2.022102 0.000000 -11.394848
v 2.022102 -0.514400 -11.394848
v 1.717302 0.000000 -11.394848
v 1.717302 -0.514400 -11.394848
v 1.412703 -0.912400 -11.395152
v 2.326702 -0.912400 -11.395152
v 1.412703 -0.607600 -11.395152
v 2.326702 -0.607600 -11.395152
v 2.022102 -1.217000 -11.395152
v 2.022102 -0.303000 -11.395152
v 1.717302 -1.217000 -11.395152
v 1.717302 -0.303000 -11.395152
v 24.700005 -0.414300 -11.395152
v 24.700005 -0.205700 -11.395152
v 0.300003 -0.414300 -11.395151
v 0.300003 -0.205700 -11.395151
v 2.022100 0.000000 11.395153
v 2.022100 -0.514400 11.395153
v 1.717302 0.000000 11.395153
v 1.717302 -0.514400 11.395153
v 1.412701 -0.912400 11.394848
v 2.326702 -0.912400 11.394848
v 1.412701 -0.607600 11.394848
v 2.326702 -0.607600 11.394848
v 2.022100 -1.217000 11.394848
v 2.022100 -0.303000 11.394848
v 1.717300 -1.217000 11.394848
v 1.717300 -0.303000 11.394848
v 4.856701 0.000000 11.395153
v 4.856701 -0.514400 11.395153
v 4.551899 0.000000 11.395153
v 4.551899 -0.514400 11.395153
v 4.247299 -0.912400 11.394848
v 5.161301 -0.912400 11.394848
v 4.247299 -0.607600 11.394848
v 5.161301 -0.607600 11.394848
v 4.856701 -1.217000 11.394848
v 4.856701 -0.303000 11.394848
v 4.551899 -1.217000 11.394848
v 4.551899 -0.303000 11.394848
v 10.526203 0.000000 11.395153
v 10.526203 -0.514400 11.395153
v 10.221401 0.000000 11.395153
v 10.221401 -0.514400 11.395153
v 9.916801 -0.912400 11.394848
v 10.830803 -0.912400 11.394848
v 9.916801 -0.607600 11.394848
v 10.830803 -0.607600 11.394848
v 10.526203 -1.217000 11.394848
v 10.526203 -0.303000 11.394848
v 10.221401 -1.217000 11.394848
v 10.221401 -0.303000 11.394848
v 13.361000 0.000000 11.395154
v 13.361000 -0.514400 11.395154
v 13.056202 0.000000 11.395154
v 13.056202 -0.514400 11.395154
v 12.751602 -0.912400 11.394850
v 13.665604 -0.912400 11.394850
v 12.751602 -0.607600 11.394850
v 13.665604 -0.607600 11.394850
v 13.361000 -1.217000 11.394850
v 13.361000 -0.303000 11.394850
v 13.056202 -1.217000 11.394850
v 13.056202 -0.303000 11.394850
v 6.274200 0.000000 11.395153
v 6.274200 -0.514400 11.395153
v 5.969402 0.000000 11.395153
v 5.969402 -0.514400 11.395153
v 5.664801 -0.912400 11.394848
v 6.578802 -0.912400 11.394848
v 5.664801 -0.607600 11.394848
v 6.578802 -0.607600 11.394848
v 6.274200 -1.217000 11.394848
v 6.274200 -0.303000 11.394848
v 5.969402 -1.217000 11.394848
v 5.969402 -0.303000 11.394848
v 7.691502 0.000000 11.395153
v 7.691502 -0.514400 11.395153
v 7.386700 0.000000 11.395153
v 7.386700 -0.514400 11.395153
v 7.082100 -0.912400 11.394848
v 7.996101 -0.912400 11.394848
v 7.082100 -0.607600 11.394848
v 7.996101 -0.607600 11.394848
v 7.691502 -1.217000 11.394848
v 7.691502 -0.303000 11.394848
v 7.386700 -1.217000 11.394848
v 7.386700 -0.303000 11.394848
v 3.439400 0.000000 11.395153
v 3.439400 -0.514400 11.395153
v 3.134602 0.000000 11.395153
v 3.134602 -0.514400 11.395153
v 2.830000 -0.912400 11.394848
v 3.744001 -0.912400 11.394848
v 2.830000 -0.607600 11.394848
v 3.744001 -0.607600 11.394848
v 3.439400 -1.217000 11.394848
v 3.439400 -0.303000 11.394848
v 3.134600 -1.217000 11.394848
v 3.134600 -0.303000 11.394848
v 11.943501 0.000000 11.395154
v 11.943501 -0.514400 11.395154
v 11.638702 0.000000 11.395154
v 11.638702 -0.514400 11.395154
v 11.334103 -0.912400 11.394850
v 12.248100 -0.912400 11.394850
v 11.334103 -0.607600 11.394850
v 12.248100 -0.607600 11.394850
v 11.943501 -1.217000 11.394850
v 11.943501 -0.303000 11.394850
v 11.638702 -1.217000 11.394850
v 11.638702 -0.303000 11.394850
v 9.108902 0.000000 11.395153
v 9.108902 -0.514400 11.395153
v 8.804100 0.000000 11.395153
v 8.804100 -0.514400 11.395153
v 8.499500 -0.912400 11.394848
v 9.413502 -0.912400 11.394848
v 8.499500 -0.607600 11.394848
v 9.413502 -0.607600 11.394848
v 9.108902 -1.217000 11.394848
v 9.108902 -0.303000 11.394848
v 8.804100 -1.217000 11.394848
v 8.804100 -0.303000 11.394848
v 19.030502 0.000000 11.395153
v 19.030502 -0.514400 11.395153
v 18.725700 0.000000 11.395153
v 18.725700 -0.514400 11.395153
v 18.421101 -0.912400 11.394848
v 19.335098 -0.912400 11.394848
v 18.421101 -0.607600 11.394848
v 19.335098 -0.607600 11.394848
v 19.030502 -1.217000 11.394848
v 19.030502 -0.303000 11.394848
v 18.725700 -1.217000 11.394848
v 18.725700 -0.303000 11.394848
v 21.865097 0.000000 11.395153
v 21.865097 -0.514400 11.395153
v 21.560299 0.000000 11.395153
v 21.560299 -0.514400 11.395153
v 21.255699 -0.912400 11.394848
v 22.169701 -0.912400 11.394848
v 21.255699 -0.607600 11.394848
v 22.169701 -0.607600 11.394848
v 21.865097 -1.217000 11.394848
v 21.865097 -0.303000 11.394848
v 21.560299 -1.217000 11.394848
v 21.560299 -0.303000 11.394848
v 17.613098 0.000000 11.395153
v 17.613098 -0.514400 11.395153
v 17.308300 0.000000 11.395153
v 17.308300 -0.514400 11.395153
v 17.003700 -0.912400 11.394848
v 17.917702 -0.912400 11.394848
v 17.003700 -0.607600 11.394848
v 17.917702 -0.607600 11.394848
v 17.613098 -1.217000 11.394848
v 17.613098 -0.303000 11.394850
v 17.308300 -1.217000 11.394848
v 17.308300 -0.303000 11.394850
v 16.195801 0.000000 11.395154
v 16.195801 -0.514400 11.395154
v 15.891003 0.000000 11.395154
v 15.891003 -0.514400 11.395154
v 15.586403 -0.912400 11.394850
v 16.500404 -0.912400 11.394850
v 15.586403 -0.607600 11.394850
v 16.500404 -0.607600 11.394850
v 16.195801 -1.217000 11.394850
v 16.195801 -0.303000 11.394850
v 15.891003 -1.217000 11.394850
v 15.891003 -0.303000 11.394850
v 23.282600 0.000000 11.395153
v 23.282600 -0.514400 11.395153
v 22.977802 0.000000 11.395153
v 22.977802 -0.514400 11.395153
v 22.673203 -0.912400 11.394848
v 23.587204 -0.912400 11.394848
v 22.673203 -0.607600 11.394848
v 23.587204 -0.607600 11.394848
v 23.282600 -1.217000 11.394848
v 23.282600 -0.303000 11.394848
v 22.977802 -1.217000 11.394848
v 22.977802 -0.303000 11.394848
v 14.778301 0.000000 11.395154
v 14.778301 -0.514400 11.395154
v 14.473503 0.000000 11.395154
v 14.473503 -0.514400 11.395154
v 14.168903 -0.912400 11.394850
v 15.082901 -0.912400 11.394850
v 14.168903 -0.607600 11.394850
v 15.082901 -0.607600 11.394850
v 14.778301 -1.217000 11.394850
v 14.778301 -0.303000 11.394850
v 14.473503 -1.217000 11.394850
v 14.473503 -0.303000 11.394850
v 20.447800 0.000000 11.395153
v 20.447800 -0.514400 11.395153
v 20.143002 0.000000 11.395153
v 20.143002 -0.514400 11.395153
v 19.838402 -0.912400 11.394848
v 20.752403 -0.912400 11.394848
v 19.838402 -0.607600 11.394848
v 20.752403 -0.607600 11.394848
v 20.447800 -1.217000 11.394848
v 20.447800 -0.303000 11.394848
v 20.143002 -1.217000 11.394848
v 20.143002 -0.303000 11.394848
v 24.700001 -0.205700 11.395153
v 24.700001 -0.414300 11.395153
v 0.300003 -0.205700 11.395155
v 0.300003 -0.414300 11.395155
v 24.694000 0.000000 9.019070
v 24.694000 -0.514400 9.019070
v 24.694000 0.000000 8.714270
v 24.694000 -0.514400 8.714270
v 24.695999 -0.912400 8.409670
v 24.695999 -0.912400 9.323669
v 24.695999 -0.607600 8.409670
v 24.695999 -0.607600 9.323669
v 24.695999 -1.217000 9.019070
v 24.695999 -0.303000 9.019070
v 24.695999 -1.217000 8.714270
v 24.695999 -0.303000 8.714270
v 24.694000 0.000000 1.419070
v 24.694000 -0.514400 1.419070
v 24.694000 0.000000 1.114269
v 24.694000 -0.514400 1.114269
v 24.695999 -0.912400 0.809669
v 24.695995 -0.912400 1.723670
v 24.695999 -0.607600 0.809669
v 24.695995 -0.607600 1.723670
v 24.695999 -1.217000 1.419070
v 24.695995 -0.303000 1.419070
v 24.695999 -1.217000 1.114269
v 24.695995 -0.303000 1.114269
v 24.694000 0.000000 -1.114271
v 24.694000 -0.514400 -1.114271
v 24.694000 0.000000 -1.419071
v 24.694000 -0.514400 -1.419071
v 24.695999 -0.912400 -1.723671
v 24.695995 -0.912400 -0.809671
v 24.695999 -0.607600 -1.723671
v 24.695995 -0.607600 -0.809671
v 24.695999 -1.217000 -1.114271
v 24.695995 -0.303000 -1.114271
v 24.695999 -1.217000 -1.419071
v 24.695995 -0.303000 -1.419071
v 24.694000 0.000000 -3.647602
v 24.694000 -0.514400 -3.647602
v 24.694000 0.000000 -3.952402
v 24.694000 -0.514400 -3.952402
v 24.695999 -0.912400 -4.257002
v 24.695995 -0.912400 -3.343001
v 24.695999 -0.607600 -4.257002
v 24.695995 -0.607600 -3.343001
v 24.695999 -1.217000 -3.647602
v 24.695995 -0.303000 -3.647602
v 24.695999 -1.217000 -3.952402
v 24.695995 -0.303000 -3.952402
v 24.694000 0.000000 -6.180930
v 24.694000 -0.514400 -6.180930
v 24.694000 0.000000 -6.485730
v 24.694000 -0.514400 -6.485730
v 24.695999 -0.912400 -6.790330
v 24.695995 -0.912400 -5.876330
v 24.695999 -0.607600 -6.790330
v 24.695995 -0.607600 -5.876330
v 24.695999 -1.217000 -6.180930
v 24.695995 -0.303000 -6.180930
v 24.695999 -1.217000 -6.485730
v 24.695995 -0.303000 -6.485730
v 24.694000 0.000000 -8.714271
v 24.694000 -0.514400 -8.714271
v 24.694000 0.000000 -9.019071
v 24.694000 -0.514400 -9.019071
v 24.695999 -0.912400 -9.323670
v 24.695995 -0.912400 -8.409671
v 24.695999 -0.607600 -9.323670
v 24.695995 -0.607600 -8.409671
v 24.695999 -1.217000 -8.714271
v 24.695995 -0.303000 -8.714271
v 24.695999 -1.217000 -9.019071
v 24.695995 -0.303000 -9.019071
v 24.694000 0.000000 3.952409
v 24.694000 -0.514400 3.952409
v 24.694000 0.000000 3.647609
v 24.694000 -0.514400 3.647609
v 24.695999 -0.912400 3.343009
v 24.695995 -0.912400 4.257009
v 24.695999 -0.607600 3.343009
v 24.695995 -0.607600 4.257009
v 24.695999 -1.217000 3.952409
v 24.695995 -0.303000 3.952409
v 24.695999 -1.217000 3.647609
v 24.695995 -0.303000 3.647609
v 24.694000 0.000000 6.485739
v 24.694000 -0.514400 6.485739
v 24.694000 0.000000 6.180939
v 24.694000 -0.514400 6.180939
v 24.695999 -0.912400 5.876339
v 24.695995 -0.912400 6.790339
v 24.695999 -0.607600 5.876339
v 24.695995 -0.607600 6.790339
v 24.695999 -1.217000 6.485739
v 24.695995 -0.303000 6.485739
v 24.695999 -1.217000 6.180939
v 24.695995 -0.303000 6.180939
v 24.695999 -0.414300 11.399999
v 24.695995 -0.205700 11.399999
v 24.695999 -0.414300 -11.400000
v 24.695995 -0.205700 -11.400000
v -0.299999 -0.205700 11.395153
v -0.299999 -0.414300 11.395153
v -24.699997 -0.205700 11.395154
v -24.699997 -0.414300 11.395154
v -4.552097 0.000000 11.395154
v -4.552097 -0.514400 11.395154
v -4.856899 0.000000 11.395154
v -4.856899 -0.514400 11.395154
v -5.161499 -0.912400 11.394850
v -4.247498 -0.912400 11.394850
v -5.161499 -0.607600 11.394850
v -4.247498 -0.607600 11.394850
v -4.552097 -1.217000 11.394850
v -4.552097 -0.303000 11.394850
v -4.856899 -1.217000 11.394850
v -4.856899 -0.303000 11.394850
v -10.221599 0.000000 11.395154
v -10.221599 -0.514400 11.395154
v -10.526399 0.000000 11.395154
v -10.526399 -0.514400 11.395154
v -10.830999 -0.912400 11.394850
v -9.916999 -0.912400 11.394850
v -10.830999 -0.607600 11.394850
v -9.916999 -0.607600 11.394850
v -10.221600 -1.217000 11.394850
v -10.221600 -0.303000 11.394850
v -10.526399 -1.217000 11.394850
v -10.526399 -0.303000 11.394850
v -1.717358 0.000000 11.395154
v -1.717358 -0.514400 11.395154
v -2.022160 0.000000 11.395154
v -2.022160 -0.514400 11.395154
v -2.326759 -0.912400 11.394850
v -1.412758 -0.912400 11.394850
v -2.326759 -0.607600 11.394850
v -1.412758 -0.607600 11.394850
v -1.717358 -1.217000 11.394850
v -1.717358 -0.303000 11.394850
v -2.022160 -1.217000 11.394850
v -2.022160 -0.303000 11.394850
v -8.804099 0.000000 11.395154
v -8.804099 -0.514400 11.395154
v -9.108899 0.000000 11.395154
v -9.108899 -0.514400 11.395154
v -9.413499 -0.912400 11.394850
v -8.499498 -0.912400 11.394850
v -9.413499 -0.607600 11.394850
v -8.499498 -0.607600 11.394850
v -8.804099 -1.217000 11.394850
v -8.804099 -0.303000 11.394850
v -9.108899 -1.217000 11.394850
v -9.108899 -0.303000 11.394850
v -7.386799 0.000000 11.395154
v -7.386799 -0.514400 11.395154
v -7.691599 0.000000 11.395154
v -7.691599 -0.514400 11.395154
v -7.996201 -0.912400 11.394850
v -7.082199 -0.912400 11.394850
v -7.996201 -0.607600 11.394850
v -7.082199 -0.607600 11.394850
v -7.386799 -1.217000 11.394850
v -7.386799 -0.303000 11.394850
v -7.691601 -1.217000 11.394850
v -7.691601 -0.303000 11.394850
v -3.134800 0.000000 11.395154
v -3.134800 -0.514400 11.395154
v -3.439600 0.000000 11.395154
v -3.439600 -0.514400 11.395154
v -3.744200 -0.912400 11.394850
v -2.830200 -0.912400 11.394850
v -3.744200 -0.607600 11.394850
v -2.830200 -0.607600 11.394850
v -3.134800 -1.217000 11.394850
v -3.134800 -0.303000 11.394850
v -3.439600 -1.217000 11.394850
v -3.439600 -0.303000 11.394850
v -5.969398 0.000000 11.395154
v -5.969398 -0.514400 11.395154
v -6.274200 0.000000 11.395154
v -6.274200 -0.514400 11.395154
v -6.578800 -0.912400 11.394850
v -5.664799 -0.912400 11.394850
v -6.578800 -0.607600 11.394850
v -5.664799 -0.607600 11.394850
v -5.969398 -1.217000 11.394850
v -5.969398 -0.303000 11.394850
v -6.274200 -1.217000 11.394850
v -6.274200 -0.303000 11.394850
v -15.890998 0.000000 11.395153
v -15.890998 -0.514400 11.395153
v -16.195797 0.000000 11.395153
v -16.195797 -0.514400 11.395153
v -16.500397 -0.912400 11.394848
v -15.586397 -0.912400 11.394848
v -16.500397 -0.607600 11.394848
v -15.586397 -0.607600 11.394848
v -15.890998 -1.217000 11.394848
v -15.890998 -0.303000 11.394848
v -16.195797 -1.217000 11.394848
v -16.195797 -0.303000 11.394848
v -13.056399 0.000000 11.395153
v -13.056399 -0.514400 11.395153
v -13.361199 0.000000 11.395153
v -13.361199 -0.514400 11.395153
v -13.665799 -0.912400 11.394848
v -12.751799 -0.912400 11.394848
v -13.665799 -0.607600 11.394848
v -12.751799 -0.607600 11.394848
v -13.056399 -1.217000 11.394848
v -13.056399 -0.303000 11.394848
v -13.361199 -1.217000 11.394848
v -13.361199 -0.303000 11.394848
v -21.560497 0.000000 11.395154
v -21.560497 -0.514400 11.395154
v -21.865299 0.000000 11.395154
v -21.865299 -0.514400 11.395154
v -22.169899 -0.912400 11.394850
v -21.255898 -0.912400 11.394850
v -22.169899 -0.607600 11.394850
v -21.255898 -0.607600 11.394850
v -21.560497 -1.217000 11.394850
v -21.560497 -0.303000 11.394850
v -21.865299 -1.217000 11.394850
v -21.865299 -0.303000 11.394850
v -17.308399 0.000000 11.395153
v -17.308399 -0.514400 11.395153
v -17.613199 0.000000 11.395153
v -17.613199 -0.514400 11.395153
v -17.917799 -0.912400 11.394848
v -17.003799 -0.912400 11.394848
v -17.917799 -0.607600 11.394848
v -17.003799 -0.607600 11.394848
v -17.308399 -1.217000 11.394848
v -17.308399 -0.303000 11.394848
v -17.613199 -1.217000 11.394848
v -17.613199 -0.303000 11.394848
v -18.725697 0.000000 11.395153
v -18.725697 -0.514400 11.395153
v -19.030499 0.000000 11.395153
v -19.030499 -0.514400 11.395153
v -19.335098 -0.912400 11.394848
v -18.421099 -0.912400 11.394848
v -19.335098 -0.607600 11.394850
v -18.421099 -0.607600 11.394850
v -18.725697 -1.217000 11.394848
v -18.725697 -0.303000 11.394850
v -19.030499 -1.217000 11.394848
v -19.030499 -0.303000 11.394850
v -11.638898 0.000000 11.395153
v -11.638898 -0.514400 11.395153
v -11.943698 0.000000 11.395153
v -11.943698 -0.514400 11.395153
v -12.248299 -0.912400 11.394848
v -11.334298 -0.912400 11.394848
v -12.248299 -0.607600 11.394848
v -11.334298 -0.607600 11.394848
v -11.638898 -1.217000 11.394848
v -11.638899 -0.303000 11.394848
v -11.943699 -1.217000 11.394848
v -11.943699 -0.303000 11.394848
v -14.473699 0.000000 11.395153
v -14.473699 -0.514400 11.395153
v -14.778499 0.000000 11.395153
v -14.778499 -0.514400 11.395153
v -15.083098 -0.912400 11.394848
v -14.169098 -0.912400 11.394848
v -15.083098 -0.607600 11.394848
v -14.169098 -0.607600 11.394848
v -14.473699 -1.217000 11.394848
v -14.473699 -0.303000 11.394848
v -14.778499 -1.217000 11.394848
v -14.778499 -0.303000 11.394848
v -20.143200 0.000000 11.395154
v -20.143200 -0.514400 11.395154
v -20.448000 0.000000 11.395154
v -20.448000 -0.514400 11.395154
v -20.752600 -0.912400 11.394850
v -19.838600 -0.912400 11.394850
v -20.752600 -0.607600 11.394850
v -19.838600 -0.607600 11.394850
v -20.143200 -1.217000 11.394850
v -20.143200 -0.303000 11.394850
v -20.448000 -1.217000 11.394850
v -20.448000 -0.303000 11.394850
v -22.977798 0.000000 11.395154
v -22.977798 -0.514400 11.395154
v -23.282598 0.000000 11.395154
v -23.282598 -0.514400 11.395154
v -23.587198 -0.912400 11.394850
v -22.673199 -0.912400 11.394850
v -23.587198 -0.607600 11.394850
v -22.673199 -0.607600 11.394850
v -22.977798 -1.217000 11.394850
v -22.977798 -0.303000 11.394850
v -23.282598 -1.217000 11.394850
v -23.282598 -0.303000 11.394850
v -24.695997 0.000000 -8.714271
v -24.695997 -0.514400 -8.714271
v -24.695997 0.000000 -9.019071
v -24.695997 -0.514400 -9.019071
v -24.693998 -0.912400 -9.323670
v -24.693998 -0.912400 -8.409671
v -24.693998 -0.607600 -9.323670
v -24.693998 -0.607600 -8.409671
v -24.693998 -1.217000 -8.714271
v -24.693998 -0.303000 -8.714271
v -24.693998 -1.217000 -9.019071
v -24.693998 -0.303000 -9.019071
v -24.695995 0.000000 6.485739
v -24.695995 -0.514400 6.485739
v -24.695995 0.000000 6.180939
v -24.695995 -0.514400 6.180939
v -24.693996 -0.912400 5.876339
v -24.693996 -0.912400 6.790339
v -24.693996 -0.607600 5.876339
v -24.693996 -0.607600 6.790339
v -24.693996 -1.217000 6.485739
v -24.693996 -0.303000 6.485739
v -24.693996 -1.217000 6.180939
v -24.693996 -0.303000 6.180939
v -24.695995 0.000000 1.419070
v -24.695995 -0.514400 1.419070
v -24.695995 0.000000 1.114270
v -24.695995 -0.514400 1.114270
v -24.693996 -0.912400 0.809670
v -24.693996 -0.912400 1.723670
v -24.693996 -0.607600 0.809670
v -24.693996 -0.607600 1.723670
v -24.693996 -1.217000 1.419070
v -24.693996 -0.303000 1.419070
v -24.693996 -1.217000 1.114270
v -24.693996 -0.303000 1.114270
v -24.695995 0.000000 9.019070
v -24.695995 -0.514400 9.019070
v -24.695995 0.000000 8.714270
v -24.695995 -0.514400 8.714270
v -24.693996 -0.912400 8.409670
v -24.693996 -0.912400 9.323670
v -24.693996 -0.607600 8.409670
v -24.693996 -0.607600 9.323670
v -24.693996 -1.217000 9.019070
v -24.693996 -0.303000 9.019070
v -24.693996 -1.217000 8.714270
v -24.693996 -0.303000 8.714270
v -24.695995 0.000000 -6.180930
v -24.695995 -0.514400 -6.180930
v -24.695995 0.000000 -6.485730
v -24.695995 -0.514400 -6.485730
v -24.693996 -0.912400 -6.790330
v -24.693996 -0.912400 -5.876330
v -24.693996 -0.607600 -6.790330
v -24.693996 -0.607600 -5.876330
v -24.693996 -1.217000 -6.180930
v -24.693996 -0.303000 -6.180930
v -24.693996 -1.217000 -6.485731
v -24.693996 -0.303000 -6.485731
v -24.695995 0.000000 -3.647600
v -24.695995 -0.514400 -3.647600
v -24.695995 0.000000 -3.952400
v -24.695995 -0.514400 -3.952400
v -24.693996 -0.912400 -4.257000
v -24.693996 -0.912400 -3.343000
v -24.693996 -0.607600 -4.257000
v -24.693996 -0.607600 -3.343000
v -24.693996 -1.217000 -3.647600
v -24.693996 -0.303000 -3.647600
v -24.693996 -1.217000 -3.952400
v -24.693996 -0.303000 -3.952400
v -24.695995 0.000000 -1.114271
v -24.695995 -0.514400 -1.114271
v -24.695995 0.000000 -1.419071
v -24.695995 -0.514400 -1.419071
v -24.693996 -0.912400 -1.723670
v -24.693996 -0.912400 -0.809670
v -24.693996 -0.607600 -1.723670
v -24.693996 -0.607600 -0.809670
v -24.693996 -1.217000 -1.114271
v -24.693996 -0.303000 -1.114271
v -24.693996 -1.217000 -1.419071
v -24.693996 -0.303000 -1.419071
v -24.695995 -0.205700 11.400000
v -24.695995 -0.414300 11.400000
v -24.695995 -0.205700 -11.400000
v -24.695995 -0.414300 -11.400000
vt 0.000000 0.000000
vt 1.000000 0.000000
vt 1.000000 1.000000
vt 0.000000 1.000000
vt 0.000000 0.000000
vt 0.000000 1.000000
vt 1.000000 1.000000
vt 1.000000 0.000000
vt 0.000000 0.000000
vt 1.000000 0.000000
vt 1.000000 1.000000
vt 0.000000 1.000000
vt 0.000000 0.000000
vt 0.000000 1.000000
vt 1.000000 1.000000
vt 1.000000 0.000000
vt 0.000000 0.000000
vt 1.000000 0.000000
vt 1.000000 1.000000
vt 0.000000 1.000000
vt 0.000000 0.000000
vt 0.000000 1.000000
vt 1.000000 1.000000
vt 1.000000 0.000000
vt 0.000000 0.000000
vt 1.000000 0.000000
vt 1.000000 1.000000
vt 0.000000 1.000000
vt 0.000000 0.000000
vt 0.000000 1.000000
vt 1.000000 1.000000
vt 1.000000 0.000000
vt 0.000000 0.000000
vt 1.000000 0.000000
vt 1.000000 1.000000
vt 0.000000 1.000000
vt 0.000000 0.000000
vt 0.000000 1.000000
vt 1.000000 1.000000
vt 1.000000 0.000000
vt 0.000000 0.000000
vt 1.000000 0.000000
vt 1.000000 1.000000
vt 0.000000 1.000000
vt 0.000000 0.000000
vt 0.000000 1.000000
vt 1.000000 1.000000
vt 1.000000 0.000000
vt 0.000000 0.000000
vt 1.000000 0.000000
vt 1.000000 1.000000
vt 0.000000 1.000000
vt 0.000000 0.000000
vt 0.000000 1.000000
vt 1.000000 1.000000
vt 1.000000 0.000000
vt 0.000000 0.000000
vt 1.000000 0.000000
vt 1.000000 1.000000
vt 0.000000 1.000000
vt 0.000000 0.000000
vt 0.000000 1.000000
vt 1.000000 1.000000
vt 1.000000 0.000000
vt 0.000000 0.000000
vt 1.000000 0.000000
vt 1.000000 1.000000
vt 0.000000 1.000000
vt 0.000000 0.000000
vt 0.000000 1.000000
vt 1.000000 1.000000
vt 1.000000 0.000000
vt 0.000000 0.000000
vt 1.000000 0.000000
vt 1.000000 1.000000
vt 0.000000 1.000000
vt 0.000000 0.000000
vt 0.000000 1.000000
vt 1.000000 1.000000
vt 1.000000 0.000000
vt 0.000000 0.000000
vt 1.000000 0.000000
vt 1.000000 1.000000
vt 0.000000 1.000000
vt 0.000000 0.000000
vt 0.000000 1.000000
vt 1.000000 1.000000
vt 1.000000 0.000000
vt 0.000000 0.000000
vt 1.000000 0.000000
vt 1.000000 1.000000
vt 0.000000 1.000000
vt 0.000000 0.000000
vt 0.000000 1.000000
vt 1.000000 1.000000
vt 1.000000 0.000000
vt 0.000000 0.000000
vt 1.000000 0.000000
vt 1.000000 1.000000
vt 0.000000 1.000000
vt 0.000000 0.000000
vt 0.000000 1.000000
vt 1.000000 1.000000
vt 1.000000 0.000000
vt 0.000000 0.000000
vt 1.000000 0.000000
vt 1.000000 1.000000
vt 0.000000 1.000000
vt 0.000000 0.000000
vt 0.000000 1.000000
vt 1.000000 1.000000
vt 1.000000 0.000000
vt 0.000000 0.000000
vt 1.000000 0.000000
vt 1.000000 1.000000
vt 0.000000 1.000000
vt 0.000000 0.000000
vt 0.000000 1.000000
vt 1.000000 1.000000
vt 1.000000 0.000000
vt 0.000000 0.000000
vt 1.000000 0.000000
vt 1.000000 1.000000
vt 0.000000 1.000000
vt 0.000000 0.000000
vt 0.000000 1.000000
vt 1.000000 1.000000
vt 1.000000 0.000000
vt 0.000000 0.000000
vt 1.000000 0.000000
vt 1.000000 1.000000
vt 0.000000 1.000000
vt 0.000000 0.000000
vt 0.000000 1.000000
vt 1.000000 1.000000
vt 1.000000 0.000000
vt 0.000000 0.000000
vt 1.000000 0.000000
vt 1.000000 1.000000
vt 0.000000 1.000000
vt 0.000000 0.000000
vt 0.000000 1.000000
vt 1.000000 1.000000
vt 1.000000 0.000000
vt 0.000000 0.000000
vt 1.000000 0.000000
vt 1.000000 1.000000
vt 0.000000 1.000000
vt 0.000000 0.000000
vt 0.000000 1.000000
vt 1.000000 1.000000
vt 1.000000 0.000000
vt 0.000000 0.000000
vt 1.000000 0.000000
vt 1.000000 1.000000
vt 0.000000 1.000000
vt 0.000000 0.000000
vt 0.000000 1.000000
vt 1.000000 1.000000
vt 1.000000 0.000000
vt 0.000000 0.000000
vt 1.000000 0.000000
vt 1.000000 1.000000
vt 0.000000 1.000000
vt 0.000000 0.000000
vt 0.000000 1.000000
vt 1.000000 1.000000
vt 1.000000 0.000000
vt 0.000000 0.000000
vt 1.000000 0.000000
vt 1.000000 1.000000
vt 0.000000 1.000000
vt 0.000000 0.000000
vt 0.000000 1.000000
vt 1.000000 1.000000
vt 1.000000 0.000000
vt 0.000000 0.000000
vt 1.000000 0.000000
vt 1.000000 1.000000
vt 0.000000 1.000000
vt 0.000000 0.000000
vt 0.000000 1.000000
vt 1.000000 1.000000
vt 1.000000 0.000000
vt 0.000000 0.000000
vt 1.000000 0.000000
vt 1.000000 1.000000
vt 0.000000 1.000000
vt 0.000000 0.000000
vt 0.000000 1.000000
vt 1.000000 1.000000
vt 1.000000 0.000000
vt 0.000000 0.000000
vt 1.000000 0.000000
vt 1.000000 1.000000
vt 0.000000 1.000000
vt 0.000000 0.000000
vt 0.000000 1.000000
vt 1.000000 1.000000
vt 1.000000 0.000000
vt 0.000000 0.000000
vt 1.000000 0.000000
vt 1.000000 1.000000
vt 0.000000 1.000000
vt 0.000000 0.000000
vt 0.000000 1.000000
vt 1.000000 1.000000
vt 1.000000 0.000000
vt 0.000000 0.000000
vt 1.000000 0.000000
vt 1.000000 1.000000
vt 0.000000 1.000000
vt 0.000000 0.000000
vt 0.000000 1.000000
vt 1.000000 1.000000
vt 1.000000 0.000000
vt 0.000000 0.000000
vt 1.000000 0.000000
vt 1.000000 1.000000
vt 0.000000 1.000000
vt 0.000000 0.000000
vt 0.000000 1.000000
vt 1.000000 1.000000
vt 1.000000 0.000000
vt 0.000000 0.000000
vt 1.000000 0.000000
vt 1.000000 1.000000
vt 0.000000 1.000000
vt 0.000000 0.000000
vt 0.000000 1.000000
vt 1.000000 1.000000
vt 1.000000 0.000000
vt 0.000000 0.000000
vt 1.000000 0.000000
vt 1.000000 1.000000
vt 0.000000 1.000000
vt 0.000000 0.000000
vt 0.000000 1.000000
vt 1.000000 1.000000
vt 1.000000 0.000000
vt 0.000000 0.000000
vt 1.000000 0.000000
vt 1.000000 1.000000
vt 0.000000 1.000000
vt 0.000000 0.000000
vt 0.000000 1.000000
vt 1.000000 1.000000
vt 1.000000 0.000000
vt 0.000000 0.000000
vt 1.000000 0.000000
vt 1.000000 1.000000
vt 0.000000 1.000000
vt 0.000000 0.000000
vt 0.000000 1.000000
vt 1.000000 1.000000
vt 1.000000 0.000000
vt 0.000000 0.000000
vt 1.000000 0.000000
vt 1.000000 1.000000
vt 0.000000 1.000000
vt 0.000000 0.000000
vt 0.000000 1.000000
vt 1.000000 1.000000
vt 1.000000 0.000000
vt 0.000000 0.000000
vt 1.000000 0.000000
vt 1.000000 1.000000
vt 0.000000 1.000000
vt 0.000000 0.000000
vt 0.000000 1.000000
vt 1.000000 1.000000
vt 1.000000 0.000000
vt 0.000000 0.000000
vt 1.000000 0.000000
vt 1.000000 1.000000
vt 0.000000 1.000000
vt 0.000000 0.000000
vt 0.000000 1.000000
vt 1.000000 1.000000
vt 1.000000 0.000000
vt 0.000000 0.000000
vt 1.000000 0.000000
vt 1.000000 1.000000
vt 0.000000 1.000000
vt 0.000000 0.000000
vt 0.000000 1.000000
vt 1.000000 1.000000
vt 1.000000 0.000000
vt 0.000000 0.000000
vt 1.000000 0.000000
vt 1.000000 1.000000
vt 0.000000 1.000000
vt 0.000000 0.000000
vt 0.000000 1.000000
vt 1.000000 1.000000
vt 1.000000 0.000000
vt 0.000000 0.000000
vt 1.000000 0.000000
vt 1.000000 1.000000
vt 0.000000 1.000000
vt 0.000000 0.000000
vt 0.000000 1.000000
vt 1.000000 1.000000
vt 1.000000 0.000000
vt 0.000000 0.000000
vt 1.000000 0.000000
vt 1.000000 1.000000
vt 0.000000 1.000000
vt 0.000000 0.000000
vt 0.000000 1.000000
vt 1.000000 1.000000
vt 1.000000 0.000000
vt 0.000000 0.000000
vt 1.000000 0.000000
vt 1.000000 1.000000
vt 0.000000 1.000000
vt 0.000000 0.000000
vt 0.000000 1.000000
vt 1.000000 1.000000
vt 1.000000 0.000000
vt 0.000000 0.000000
vt 1.000000 0.000000
vt 1.000000 1.000000
vt 0.000000 1.000000
vt 0.000000 0.000000
vt 0.000000 1.000000
vt 1.000000 1.000000
vt 1.000000 0.000000
vt 0.000000 0.000000
vt 1.000000 0.000000
vt 1.000000 1.000000
vt 0.000000 1.000000
vt 0.000000 0.000000
vt 0.000000 1.000000
vt 1.000000 1.000000
vt 1.000000 0.000000
vt 0.000000 0.000000
vt 1.000000 0.000000
vt 1.000000 1.000000
vt 0.000000 1.000000
vt 0.000000 0.000000
vt 0.000000 1.000000
vt 1.000000 1.000000
vt 1.000000 0.000000
vt 0.000000 0.000000
vt 1.000000 0.000000
vt 1.000000 1.000000
vt 0.000000 1.000000
vt 0.000000 0.000000
vt 0.000000 1.000000
vt 1.000000 1.000000
vt 1.000000 0.000000
vt 0.000000 0.000000
vt 1.000000 0.000000
vt 1.000000 1.000000
vt 0.000000 1.000000
vt 0.000000 0.000000
vt 0.000000 1.000000
vt 1.000000 1.000000
vt 1.000000 0.000000
vt 0.000000 0.000000
vt 1.000000 0.000000
vt 1.000000 1.000000
vt 0.000000 1.000000
vt 0.000000 0.000000
vt 0.000000 1.000000
vt 1.000000 1.000000
vt 1.000000 0.000000
vt 0.000000 0.000000
vt 1.000000 0.000000
vt 1.000000 1.000000
vt 0.000000 1.000000
vt 0.000000 0.000000
vt 0.000000 1.000000
vt 1.000000 1.000000
vt 1.000000 0.000000
vt 0.000000 0.000000
vt 1.000000 0.000000
vt 1.000000 1.000000
vt 0.000000 1.000000
vt 0.000000 0.000000
vt 0.000000 1.000000
vt 1.000000 1.000000
vt 1.000000 0.000000
vt 0.000000 0.000000
vt 1.000000 0.000000
vt 1.000000 1.000000
vt 0.000000 1.000000
vt 0.000000 0.000000
vt 0.000000 1.000000
vt 1.000000 1.000000
vt 1.000000 0.000000
vt 0.000000 0.000000
vt 1.000000 0.000000
vt 1.000000 1.000000
vt 0.000000 1.000000
vt 0.000000 0.000000
vt 0.000000 1.000000
vt 1.000000 1.000000
vt 1.000000 0.000000
vt 0.000000 0.000000
vt 1.000000 0.000000
vt 1.000000 1.000000
vt 0.000000 1.000000
vt 0.000000 0.000000
vt 0.000000 1.000000
vt 1.000000 1.000000
vt 1.000000 0.000000
vt 0.000000 0.000000
vt 1.000000 0.000000
vt 1.000000 1.000000
vt 0.000000 1.000000
vt 0.000000 0.000000
vt 0.000000 1.000000
vt 1.000000 1.000000
vt 1.000000 0.000000
vt 0.000000 0.000000
vt 1.000000 0.000000
vt 1.000000 1.000000
vt 0.000000 1.000000
vt 0.000000 0.000000
vt 0.000000 1.000000
vt 1.000000 1.000000
vt 1.000000 0.000000
vt 0.000000 0.000000
vt 1.000000 0.000000
vt 1.000000 1.000000
vt 0.000000 1.000000
vt 0.000000 0.000000
vt 0.000000 1.000000
vt 1.000000 1.000000
vt 1.000000 0.000000
vt 0.000000 0.000000
vt 1.000000 0.000000
vt 1.000000 1.000000
vt 0.000000 1.000000
vt 0.000000 0.000000
vt 0.000000 1.000000
vt 1.000000 1.000000
vt 1.000000 0.000000
vt 0.000000 0.000000
vt 1.000000 0.000000
vt 1.000000 1.000000
vt 0.000000 1.000000
vt 0.000000 0.000000
vt 0.000000 1.000000
vt 1.000000 1.000000
vt 1.000000 0.000000
vt 0.000000 0.000000
vt 1.000000 0.000000
vt 1.000000 1.000000
vt 0.000000 1.000000
vt 0.000000 0.000000
vt 0.000000 1.000000
vt 1.000000 1.000000
vt 1.000000 0.000000
vt 0.000000 0.000000
vt 1.000000 0.000000
vt 1.000000 1.000000
vt 0.000000 1.000000
vt 0.000000 0.000000
vt 0.000000 1.000000
vt 1.000000 1.000000
vt 1.000000 0.000000
vt 0.000000 0.000000
vt 1.000000 0.000000
vt 1.000000 1.000000
vt 0.000000 1.000000
vt 0.000000 0.000000
vt 0.000000 1.000000
vt 1.000000 1.000000
vt 1.000000 0.000000
vt 0.000000 0.000000
vt 1.000000 0.000000
vt 1.000000 1.000000
vt 0.000000 1.000000
vt 0.000000 0.000000
vt 0.000000 1.000000
vt 1.000000 1.000000
vt 1.000000 0.000000
vt 0.000000 0.000000
vt 1.000000 0.000000
vt 1.000000 1.000000
vt 0.000000 1.000000
vt 0.000000 0.000000
vt 0.000000 1.000000
vt 1.000000 1.000000
vt 1.000000 0.000000
vt 0.000000 0.000000
vt 1.000000 0.000000
vt 1.000000 1.000000
vt 0.000000 1.000000
vt 0.000000 0.000000
vt 0.000000 1.000000
vt 1.000000 1.000000
vt 1.000000 0.000000
vt 0.000000 0.000000
vt 1.000000 0.000000
vt 1.000000 1.000000
vt 0.000000 1.000000
vt 0.000000 0.000000
vt 0.000000 1.000000
vt 1.000000 1.000000
vt 1.000000 0.000000
vt 0.000000 0.000000
vt 1.000000 0.000000
vt 1.000000 1.000000
vt 0.000000 1.000000
vt 0.000000 0.000000
vt 0.000000 1.000000
vt 1.000000 1.000000
vt 1.000000 0.000000
vt 0.000000 0.000000
vt 1.000000 0.000000
vt 1.000000 1.000000
vt 0.000000 1.000000
vt 0.000000 0.000000
vt 0.000000 1.000000
vt 1.000000 1.000000
vt 1.000000 0.000000
vt 0.000000 0.000000
vt 1.000000 0.000000
vt 1.000000 1.000000
vt 0.000000 1.000000
vt 0.000000 0.000000
vt 0.000000 1.000000
vt 1.000000 1.000000
vt 1.000000 0.000000
vt 0.000000 0.000000
vt 1.000000 0.000000
vt 1.000000 1.000000
vt 0.000000 1.000000
vt 0.000000 0.000000
vt 0.000000 1.000000
vt 1.000000 1.000000
vt 1.000000 0.000000
vt 0.000000 0.000000
vt 1.000000 0.000000
vt 1.000000 1.000000
vt 0.000000 1.000000
vt 0.000000 0.000000
vt 0.000000 1.000000
vt 1.000000 1.000000
vt 1.000000 0.000000
vt 0.000000 0.000000
vt 1.000000 0.000000
vt 1.000000 1.000000
vt 0.000000 1.000000
vt 0.000000 0.000000
vt 0.000000 1.000000
vt 1.000000 1.000000
vt 1.000000 0.000000
vt 0.000000 0.000000
vt 1.000000 0.000000
vt 1.000000 1.000000
vt 0.000000 1.000000
vt 0.000000 0.000000
vt 0.000000 1.000000
vt 1.000000 1.000000
vt 1.000000 0.000000
vt 0.000000 0.000000
vt 1.000000 0.000000
vt 1.000000 1.000000
vt 0.000000 1.000000
vt 0.000000 0.000000
vt 0.000000 1.000000
vt 1.000000 1.000000
vt 1.000000 0.000000
vt 0.000000 0.000000
vt 1.000000 0.000000
vt 1.000000 1.000000
vt 0.000000 1.000000
vt 0.000000 0.000000
vt 0.000000 1.000000
vt 1.000000 1.000000
vt 1.000000 0.000000
vt 0.000000 0.000000
vt 1.000000 0.000000
vt 1.000000 1.000000
vt 0.000000 1.000000
vt 0.000000 0.000000
vt 0.000000 1.000000
vt 1.000000 1.000000
vt 1.000000 0.000000
vt 0.000000 0.000000
vt 1.000000 0.000000
vt 1.000000 1.000000
vt 0.000000 1.000000
vt 0.000000 0.000000
vt 0.000000 1.000000
vt 1.000000 1.000000
vt 1.000000 0.000000
vt 0.000000 0.000000
vt 1.000000 0.000000
vt 1.000000 1.000000
vt 0.000000 1.000000
vt 0.000000 0.000000
vt 0.000000 1.000000
vt 1.000000 1.000000
vt 1.000000 0.000000
vt 0.000000 0.000000
vt 1.000000 0.000000
vt 1.000000 1.000000
vt 0.000000 1.000000
vt 0.000000 0.000000
vt 0.000000 1.000000
vt 1.000000 1.000000
vt 1.000000 0.000000
vt 0.000000 0.000000
vt 1.000000 0.000000
vt 1.000000 1.000000
vt 0.000000 1.000000
vt 0.000000 0.000000
vt 0.000000 1.000000
vt 1.000000 1.000000
vt 1.000000 0.000000
vt 0.000000 0.000000
vt 1.000000 0.000000
vt 1.000000 1.000000
vt 0.000000 1.000000
vt 0.000000 0.000000
vt 0.000000 1.000000
vt 1.000000 1.000000
vt 1.000000 0.000000
vt 0.000000 0.000000
vt 1.000000 0.000000
vt 1.000000 1.000000
vt 0.000000 1.000000
vt 0.000000 0.000000
vt 0.000000 1.000000
vt 1.000000 1.000000
vt 1.000000 0.000000
vt 0.000000 0.000000
vt 1.000000 0.000000
vt 1.000000 1.000000
vt 0.000000 1.000000
vt 0.000000 0.000000
vt 0.000000 1.000000
vt 1.000000 1.000000
vt 1.000000 0.000000
vt 0.000000 0.000000
vt 1.000000 0.000000
vt 1.000000 1.000000
vt 0.000000 1.000000
vt 0.000000 0.000000
vt 0.000000 1.000000
vt 1.000000 1.000000
vt 1.000000 0.000000
vt 0.000000 0.000000
vt 1.000000 0.000000
vt 1.000000 1.000000
vt 0.000000 1.000000
vt 0.000000 0.000000
vt 0.000000 1.000000
vt 1.000000 1.000000
vt 1.000000 0.000000
vt 0.000000 0.000000
vt 1.000000 0.000000
vt 1.000000 1.000000
vt 0.000000 1.000000
vt 0.000000 0.000000
vt 0.000000 1.000000
vt 1.000000 1.000000
vt 1.000000 0.000000
vt 0.000000 0.000000
vt 1.000000 0.000000
vt 1.000000 1.000000
vt 0.000000 1.000000
vt 0.000000 0.000000
vt 0.000000 1.000000
vt 1.000000 1.000000
vt 1.000000 0.000000
vt 0.000000 0.000000
vt 1.000000 0.000000
vt 1.000000 1.000000
vt 0.000000 1.000000
vt 0.000000 0.000000
vt 0.000000 1.000000
vt 1.000000 1.000000
vt 1.000000 0.000000
vt 0.000000 0.000000
vt 1.000000 0.000000
vt 1.000000 1.000000
vt 0.000000 1.000000
vt 0.000000 0.000000
vt 0.000000 1.000000
vt 1.000000 1.000000
vt 1.000000 0.000000
vt 0.000000 0.000000
vt 1.000000 0.000000
vt 1.000000 1.000000
vt 0.000000 1.000000
vt 0.000000 0.000000
vt 0.000000 1.000000
vt 1.000000 1.000000
vt 1.000000 0.000000
vt 0.000000 0.000000
vt 1.000000 0.000000
vt 1.000000 1.000000
vt 0.000000 1.000000
vt 0.000000 0.000000
vt 0.000000 1.000000
vt 1.000000 1.000000
vt 1.000000 0.000000
vt 0.000000 0.000000
vt 1.000000 0.000000
vt 1.000000 1.000000
vt 0.000000 1.000000
vt 0.000000 0.000000
vt 0.000000 1.000000
vt 1.000000 1.000000
vt 1.000000 0.000000
vt 0.000000 0.000000
vt 1.000000 0.000000
vt 1.000000 1.000000
vt 0.000000 1.000000
vt 0.000000 0.000000
vt 0.000000 1.000000
vt 1.000000 1.000000
vt 1.000000 0.000000
vt 0.000000 0.000000
vt 1.000000 0.000000
vt 1.000000 1.000000
vt 0.000000 1.000000
vt 0.000000 0.000000
vt 0.000000 1.000000
vt 1.000000 1.000000
vt 1.000000 0.000000
vt 0.000000 0.000000
vt 1.000000 0.000000
vt 1.000000 1.000000
vt 0.000000 1.000000
vt 0.000000 0.000000
vt 0.000000 1.000000
vt 1.000000 1.000000
vt 1.000000 0.000000
vt 0.000000 0.000000
vt 1.000000 0.000000
vt 1.000000 1.000000
vt 0.000000 1.000000
vt 0.000000 0.000000
vt 0.000000 1.000000
vt 1.000000 1.000000
vt 1.000000 0.000000
vt 0.000000 0.000000
vt 1.000000 0.000000
vt 1.000000 1.000000
vt 0.000000 1.000000
vt 0.000000 0.000000
vt 0.000000 1.000000
vt 1.000000 1.000000
vt 1.000000 0.000000
vt 0.000000 0.000000
vt 1.000000 0.000000
vt 1.000000 1.000000
vt 0.000000 1.000000
vt 0.000000 0.000000
vt 0.000000 1.000000
vt 1.000000 1.000000
vt 1.000000 0.000000
vt 0.000000 0.000000
vt 1.000000 0.000000
vt 1.000000 1.000000
vt 0.000000 1.000000
vt 0.000000 0.000000
vt 0.000000 1.000000
vt 1.000000 1.000000
vt 1.000000 0.000000
vt 0.000000 0.000000
vt 1.000000 0.000000
vt 1.000000 1.000000
vt 0.000000 1.000000
vt 0.000000 0.000000
vt 0.000000 1.000000
vt 1.000000 1.000000
vt 1.000000 0.000000
vt 0.000000 0.000000
vt 1.000000 0.000000
vt 1.000000 1.000000
vt 0.000000 1.000000
vt 0.000000 0.000000
vt 0.000000 1.000000
vt 1.000000 1.000000
vt 1.000000 0.000000
vt 0.000000 0.000000
vt 1.000000 0.000000
vt 1.000000 1.000000
vt 0.000000 1.000000
vt 0.000000 0.000000
vt 0.000000 1.000000
vt 1.000000 1.000000
vt 1.000000 0.000000
vt 0.000000 0.000000
vt 1.000000 0.000000
vt 1.000000 1.000000
vt 0.000000 1.000000
vt 0.000000 0.000000
vt 0.000000 1.000000
vt 1.000000 1.000000
vt 1.000000 0.000000
vt 0.000000 0.000000
vt 1.000000 0.000000
vt 1.000000 1.000000
vt 0.000000 1.000000
vt 0.000000 0.000000
vt 0.000000 1.000000
vt 1.000000 1.000000
vt 1.000000 0.000000
vt 0.000000 0.000000
vt 1.000000 0.000000
vt 1.000000 1.000000
vt 0.000000 1.000000
vt 0.000000 0.000000
vt 0.000000 1.000000
vt 1.000000 1.000000
vt 1.000000 0.000000
vt 0.000000 0.000000
vt 1.000000 0.000000
vt 1.000000 1.000000
vt 0.000000 1.000000
vt 0.000000 0.000000
vt 0.000000 1.000000
vt 1.000000 1.000000
vt 1.000000 0.000000
vt 0.000000 0.000000
vt 1.000000 0.000000
vt 1.000000 1.000000
vt 0.000000 1.000000
vt 0.000000 0.000000
vt 0.000000 1.000000
vt 1.000000 1.000000
vt 1.000000 0.000000
vt 0.000000 0.000000
vt 1.000000 0.000000
vt 1.000000 1.000000
vt 0.000000 1.000000
vt 0.000000 0.000000
vt 0.000000 1.000000
vt 1.000000 1.000000
vt 1.000000 0.000000
vt 0.000000 0.000000
vt 1.000000 0.000000
vt 1.000000 1.000000
vt 0.000000 1.000000
vt 0.000000 0.000000
vt 0.000000 1.000000
vt 1.000000 1.000000
vt 1.000000 0.000000
vt 0.000000 0.000000
vt 1.000000 0.000000
vt 1.000000 1.000000
vt 0.000000 1.000000
vt 0.000000 0.000000
vt 0.000000 1.000000
vt 1.000000 1.000000
vt 1.000000 0.000000
vt 0.000000 0.000000
vt 1.000000 0.000000
vt 1.000000 1.000000
vt 0.000000 1.000000
vt 0.000000 0.000000
vt 0.000000 1.000000
vt 1.000000 1.000000
vt 1.000000 0.000000
vt 0.000000 0.000000
vt 1.000000 0.000000
vt 1.000000 1.000000
vt 0.000000 1.000000
vt 0.000000 0.000000
vt 0.000000 1.000000
vt 1.000000 1.000000
vt 1.000000 0.000000
vt 0.000000 0.000000
vt 1.000000 0.000000
vt 1.000000 1.000000
vt 0.000000 1.000000
vt 0.000000 0.000000
vt 0.000000 1.000000
vt 1.000000 1.000000
vt 1.000000 0.000000
vt 0.000000 0.000000
vt 1.000000 0.000000
vt 1.000000 1.000000
vt 0.000000 1.000000
vt 0.000000 0.000000
vt 0.000000 1.000000
vt 1.000000 1.000000
vt 1.000000 0.000000
vt 0.000000 0.000000
vt 1.000000 0.000000
vt 1.000000 1.000000
vt 0.000000 1.000000
vt 0.000000 0.000000
vt 0.000000 1.000000
vt 1.000000 1.000000
vt 1.000000 0.000000
vt 0.000000 0.000000
vt 1.000000 0.000000
vt 1.000000 1.000000
vt 0.000000 1.000000
vt 0.000000 0.000000
vt 0.000000 1.000000
vt 1.000000 1.000000
vt 1.000000 0.000000
vt 0.000000 0.000000
vt 1.000000 0.000000
vt 1.000000 1.000000
vt 0.000000 1.000000
vt 0.000000 0.000000
vt 0.000000 1.000000
vt 1.000000 1.000000
vt 1.000000 0.000000
vt 0.000000 0.000000
vt 1.000000 0.000000
vt 1.000000 1.000000
vt 0.000000 1.000000
vt 0.000000 0.000000
vt 0.000000 1.000000
vt 1.000000 1.000000
vt 1.000000 0.000000
vt 0.000000 0.000000
vt 1.000000 0.000000
vt 1.000000 1.000000
vt 0.000000 1.000000
vt 0.000000 0.000000
vt 0.000000 1.000000
vt 1.000000 1.000000
vt 1.000000 0.000000
vt 0.000000 0.000000
vt 1.000000 0.000000
vt 1.000000 1.000000
vt 0.000000 1.000000
vt 0.000000 0.000000
vt 0.000000 1.000000
vt 1.000000 1.000000
vt 1.000000 0.000000
vt 0.000000 0.000000
vt 1.000000 0.000000
vt 1.000000 1.000000
vt 0.000000 1.000000
vt 0.000000 0.000000
vt 0.000000 1.000000
vt 1.000000 1.000000
vt 1.000000 0.000000
vt 0.000000 0.000000
vt 1.000000 0.000000
vt 1.000000 1.000000
vt 0.000000 1.000000
vt 0.000000 0.000000
vt 0.000000 1.000000
vt 1.000000 1.000000
vt 1.000000 0.000000
vt 0.000000 0.000000
vt 1.000000 0.000000
vt 1.000000 1.000000
vt 0.000000 1.000000
vt 0.000000 0.000000
vt 0.000000 1.000000
vt 1.000000 1.000000
vt 1.000000 0.000000
vt 0.000000 0.000000
vt 1.000000 0.000000
vt 1.000000 1.000000
vt 0.000000 1.000000
vt 0.000000 0.000000
vt 0.000000 1.000000
vt 1.000000 1.000000
vt 1.000000 0.000000
vt 0.000000 0.000000
vt 1.000000 0.000000
vt 1.000000 1.000000
vt 0.000000 1.000000
vt 0.000000 0.000000
vt 0.000000 1.000000
vt 1.000000 1.000000
vt 1.000000 0.000000
vt 0.000000 0.000000
vt 1.000000 0.000000
vt 1.000000 1.000000
vt 0.000000 1.000000
vt 0.000000 0.000000
vt 0.000000 1.000000
vt 1.000000 1.000000
vt 1.000000 0.000000
vt 0.000000 0.000000
vt 1.000000 0.000000
vt 1.000000 1.000000
vt 0.000000 1.000000
vt 0.000000 0.000000
vt 0.000000 1.000000
vt 1.000000 1.000000
vt 1.000000 0.000000
vt 0.000000 0.000000
vt 1.000000 0.000000
vt 1.000000 1.000000
vt 0.000000 1.000000
vt 0.000000 0.000000
vt 0.000000 1.000000
vt 1.000000 1.000000
vt 1.000000 0.000000
vt 0.000000 0.000000
vt 1.000000 0.000000
vt 1.000000 1.000000
vt 0.000000 1.000000
vt 0.000000 0.000000
vt 0.000000 1.000000
vt 1.000000 1.000000
vt 1.000000 0.000000
vt 0.000000 0.000000
vt 1.000000 0.000000
vt 1.000000 1.000000
vt 0.000000 1.000000
vt 0.000000 0.000000
vt 0.000000 1.000000
vt 1.000000 1.000000
vt 1.000000 0.000000
vt 0.000000 0.000000
vt 1.000000 0.000000
vt 1.000000 1.000000
vt 0.000000 1.000000
vt 0.000000 0.000000
vt 0.000000 1.000000
vt 1.000000 1.000000
vt 1.000000 0.000000
vt 0.000000 0.000000
vt 1.000000 0.000000
vt 1.000000 1.000000
vt 0.000000 1.000000
vt 0.000000 0.000000
vt 0.000000 1.000000
vt 1.000000 1.000000
vt 1.000000 0.000000
vt 0.000000 0.000000
vt 1.000000 0.000000
vt 1.000000 1.000000
vt 0.000000 1.000000
vt 0.000000 0.000000
vt 0.000000 1.000000
vt 1.000000 1.000000
vt 1.000000 0.000000
vt 0.000000 0.000000
vt 1.000000 0.000000
vt 1.000000 1.000000
vt 0.000000 1.000000
vt 0.000000 0.000000
vt 0.000000 1.000000
vt 1.000000 1.000000
vt 1.000000 0.000000
vt 0.000000 0.000000
vt 1.000000 0.000000
vt 1.000000 1.000000
vt 0.000000 1.000000
vt 0.000000 0.000000
vt 0.000000 1.000000
vt 1.000000 1.000000
vt 1.000000 0.000000
vt 0.000000 0.000000
vt 1.000000 0.000000
vt 1.000000 1.000000
vt 0.000000 1.000000
vt 0.000000 0.000000
vt 0.000000 1.000000
vt 1.000000 1.000000
vt 1.000000 0.000000
vt 0.000000 0.000000
vt 1.000000 0.000000
vt 1.000000 1.000000
vt 0.000000 1.000000
vt 0.000000 0.000000
vt 0.000000 1.000000
vt 1.000000 1.000000
vt 1.000000 0.000000
vt 0.000000 0.000000
vt 1.000000 0.000000
vt 1.000000 1.000000
vt 0.000000 1.000000
vt 0.000000 0.000000
vt 0.000000 1.000000
vt 1.000000 1.000000
vt 1.000000 0.000000
vt 0.000000 0.000000
vt 1.000000 0.000000
vt 1.000000 1.000000
vt 0.000000 1.000000
vt 0.000000 0.000000
vt 0.000000 1.000000
vt 1.000000 1.000000
vt 1.000000 0.000000
vt 0.000000 0.000000
vt 1.000000 0.000000
vt 1.000000 1.000000
vt 0.000000 1.000000
vt 0.000000 0.000000
vt 0.000000 1.000000
vt 1.000000 1.000000
vt 1.000000 0.000000
vt 0.000000 0.000000
vt 1.000000 0.000000
vt 1.000000 1.000000
vt 0.000000 1.000000
vt 0.000000 0.000000
vt 0.000000 1.000000
vt 1.000000 1.000000
vt 1.000000 0.000000
vt 0.000000 0.000000
vt 1.000000 0.000000
vt 1.000000 1.000000
vt 0.000000 1.000000
vt 0.000000 0.000000
vt 0.000000 1.000000
vt 1.000000 1.000000
vt 1.000000 0.000000
vt 0.000000 0.000000
vt 1.000000 0.000000
vt 1.000000 1.000000
vt 0.000000 1.000000
vt 0.000000 0.000000
vt 0.000000 1.000000
vt 1.000000 1.000000
vt 1.000000 0.000000
vt 0.000000 0.000000
vt 1.000000 0.000000
vt 1.000000 1.000000
vt 0.000000 1.000000
vt 0.000000 0.000000
vt 0.000000 1.000000
vt 1.000000 1.000000
vt 1.000000 0.000000
vt 0.000000 0.000000
vt 1.000000 0.000000
vt 1.000000 1.000000
vt 0.000000 1.000000
vt 0.000000 0.000000
vt 0.000000 1.000000
vt 1.000000 1.000000
vt 1.000000 0.000000
vt 0.000000 0.000000
vt 1.000000 0.000000
vt 1.000000 1.000000
vt 0.000000 1.000000
vt 0.000000 0.000000
vt 0.000000 1.000000
vt 1.000000 1.000000
vt 1.000000 0.000000
vt 0.000000 0.000000
vt 1.000000 0.000000
vt 1.000000 1.000000
vt 0.000000 1.000000
vt 0.000000 0.000000
vt 0.000000 1.000000
vt 1.000000 1.000000
vt 1.000000 0.000000
vt 0.000000 0.000000
vt 1.000000 0.000000
vt 1.000000 1.000000
vt 0.000000 1.000000
vt 0.000000 0.000000
vt 0.000000 1.000000
vt 1.000000 1.000000
vt 1.000000 0.000000
vt 0.000000 0.000000
vt 1.000000 0.000000
vt 1.000000 1.000000
vt 0.000000 1.000000
vt 0.000000 0.000000
vt 0.000000 1.000000
vt 1.000000 1.000000
vt 1.000000 0.000000
vt 0.000000 0.000000
vt 1.000000 0.000000
vt 1.000000 1.000000
vt 0.000000 1.000000
vt 0.000000 0.000000
vt 0.000000 1.000000
vt 1.000000 1.000000
vt 1.000000 0.000000
vt 0.000000 0.000000
vt 1.000000 0.000000
vt 1.000000 1.000000
vt 0.000000 1.000000
vt 0.000000 0.000000
vt 0.000000 1.000000
vt 1.000000 1.000000
vt 1.000000 0.000000
vt 0.000000 0.000000
vt 1.000000 0.000000
vt 1.000000 1.000000
vt 0.000000 1.000000
vt 0.000000 0.000000
vt 0.000000 1.000000
vt 1.000000 1.000000
vt 1.000000 0.000000
vt 0.000000 0.000000
vt 1.000000 0.000000
vt 1.000000 1.000000
vt 0.000000 1.000000
vt 0.000000 0.000000
vt 0.000000 1.000000
vt 1.000000 1.000000
vt 1.000000 0.000000
vt 0.000000 0.000000
vt 1.000000 0.000000
vt 1.000000 1.000000
vt 0.000000 1.000000
vt 0.000000 0.000000
vt 0.000000 1.000000
vt 1.000000 1.000000
vt 1.000000 0.000000
vt 0.000000 0.000000
vt 1.000000 0.000000
vt 1.000000 1.000000
vt 0.000000 1.000000
vt 0.000000 0.000000
vt 0.000000 1.000000
vt 1.000000 1.000000
vt 1.000000 0.000000
vt 0.000000 0.000000
vt 1.000000 0.000000
vt 1.000000 1.000000
vt 0.000000 1.000000
vt 0.000000 0.000000
vt 0.000000 1.000000
vt 1.000000 1.000000
vt 1.000000 0.000000
vt 0.000000 0.000000
vt 1.000000 0.000000
vt 1.000000 1.000000
vt 0.000000 1.000000
vt 0.000000 0.000000
vt 0.000000 1.000000
vt 1.000000 1.000000
vt 1.000000 0.000000
vt 0.000000 0.000000
vt 1.000000 0.000000
vt 1.000000 1.000000
vt 0.000000 1.000000
vt 0.000000 0.000000
vt 0.000000 1.000000
vt 1.000000 1.000000
vt 1.000000 0.000000
vt 0.000000 0.000000
vt 1.000000 0.000000
vt 1.000000 1.000000
vt 0.000000 1.000000
vt 0.000000 0.000000
vt 0.000000 1.000000
vt 1.000000 1.000000
vt 1.000000 0.000000
vt 0.000000 0.000000
vt 1.000000 0.000000
vt 1.000000 1.000000
vt 0.000000 1.000000
vt 0.000000 0.000000
vt 0.000000 1.000000
vt 1.000000 1.000000
vt 1.000000 0.000000
vt 0.000000 0.000000
vt 1.000000 0.000000
vt 1.000000 1.000000
vt 0.000000 1.000000
vt 0.000000 0.000000
vt 0.000000 1.000000
vt 1.000000 1.000000
vt 1.000000 0.000000
vt 0.000000 0.000000
vt 1.000000 0.000000
vt 1.000000 1.000000
vt 0.000000 1.000000
vt 0.000000 0.000000
vt 0.000000 1.000000
vt 1.000000 1.000000
vt 1.000000 0.000000
vt 0.000000 0.000000
vt 1.000000 0.000000
vt 1.000000 1.000000
vt 0.000000 1.000000
vt 0.000000 0.000000
vt 0.000000 1.000000
vt 1.000000 1.000000
vt 1.000000 0.000000
vt 0.000000 0.000000
vt 1.000000 0.000000
vt 1.000000 1.000000
vt 0.000000 1.000000
vt 0.000000 0.000000
vt 0.000000 1.000000
vt 1.000000 1.000000
vt 1.000000 0.000000
vt 0.000000 0.000000
vt 1.000000 0.000000
vt 1.000000 1.000000
vt 0.000000 1.000000
vt 0.000000 0.000000
vt 0.000000 1.000000
vt 1.000000 1.000000
vt 1.000000 0.000000
vt 0.000000 0.000000
vt 1.000000 0.000000
vt 1.000000 1.000000
vt 0.000000 1.000000
vt 0.000000 0.000000
vt 0.000000 1.000000
vt 1.000000 1.000000
vt 1.000000 0.000000
vt 0.000000 0.000000
vt 1.000000 0.000000
vt 1.000000 1.000000
vt 0.000000 1.000000
vt 0.000000 0.000000
vt 0.000000 1.000000
vt 1.000000 1.000000
vt 1.000000 0.000000
vt 0.000000 0.000000
vt 1.000000 0.000000
vt 1.000000 1.000000
vt 0.000000 1.000000
vt 0.000000 0.000000
vt 0.000000 1.000000
vt 1.000000 1.000000
vt 1.000000 0.000000
vt 0.000000 0.000000
vt 1.000000 0.000000
vt 1.000000 1.000000
vt 0.000000 1.000000
vt 0.000000 0.000000
vt 0.000000 1.000000
vt 1.000000 1.000000
vt 1.000000 0.000000
vt 0.000000 0.000000
vt 1.000000 0.000000
vt 1.000000 1.000000
vt 0.000000 1.000000
vt 0.000000 0.000000
vt 0.000000 1.000000
vt 1.000000 1.000000
vt 1.000000 0.000000
vt 0.000000 0.000000
vt 1.000000 0.000000
vt 1.000000 1.000000
vt 0.000000 1.000000
vt 0.000000 0.000000
vt 0.000000 1.000000
vt 1.000000 1.000000
vt 1.000000 0.000000
vt 0.000000 0.000000
vt 1.000000 0.000000
vt 1.000000 1.000000
vt 0.000000 1.000000
vt 0.000000 0.000000
vt 0.000000 1.000000
vt 1.000000 1.000000
vt 1.000000 0.000000
vt 0.000000 0.000000
vt 1.000000 0.000000
vt 1.000000 1.000000
vt 0.000000 1.000000
vt 0.000000 0.000000
vt 0.000000 1.000000
vt 1.000000 1.000000
vt 1.000000 0.000000
vt 0.000000 0.000000
vt 1.000000 0.000000
vt 1.000000 1.000000
vt 0.000000 1.000000
vt 0.000000 0.000000
vt 0.000000 1.000000
vt 1.000000 1.000000
vt 1.000000 0.000000
vt 0.000000 0.000000
vt 1.000000 0.000000
vt 1.000000 1.000000
vt 0.000000 1.000000
vt 0.000000 0.000000
vt 0.000000 1.000000
vt 1.000000 1.000000
vt 1.000000 0.000000
vt 0.000000 0.000000
vt 1.000000 0.000000
vt 1.000000 1.000000
vt 0.000000 1.000000
vt 0.000000 0.000000
vt 0.000000 1.000000
vt 1.000000 1.000000
vt 1.000000 0.000000
vt 0.000000 0.000000
vt 1.000000 0.000000
vt 1.000000 1.000000
vt 0.000000 1.000000
vt 0.000000 0.000000
vt 0.000000 1.000000
vt 1.000000 1.000000
vt 1.000000 0.000000
vt 0.000000 0.000000
vt 1.000000 0.000000
vt 1.000000 1.000000
vt 0.000000 1.000000
vt 0.000000 0.000000
vt 0.000000 1.000000
vt 1.000000 1.000000
vt 1.000000 0.000000
vt 0.000000 0.000000
vt 1.000000 0.000000
vt 1.000000 1.000000
vt 0.000000 1.000000
vt 0.000000 0.000000
vt 0.000000 1.000000
vt 1.000000 1.000000
vt 1.000000 0.000000
vt 0.000000 0.000000
vt 1.000000 0.000000
vt 1.000000 1.000000
vt 0.000000 1.000000
vt 0.000000 0.000000
vt 0.000000 1.000000
vt 1.000000 1.000000
vt 1.000000 0.000000
vt 0.000000 0.000000
vt 1.000000 0.000000
vt 1.000000 1.000000
vt 0.000000 1.000000
vt 0.000000 0.000000
vt 0.000000 1.000000
vt 1.000000 1.000000
vt 1.000000 0.000000
vt 0.000000 0.000000
vt 1.000000 0.000000
vt 1.000000 1.000000
vt 0.000000 1.000000
vt 0.000000 0.000000
vt 0.000000 1.000000
vt 1.000000 1.000000
vt 1.000000 0.000000
vt 0.000000 0.000000
vt 1.000000 0.000000
vt 1.000000 1.000000
vt 0.000000 1.000000
vt 0.000000 0.000000
vt 0.000000 1.000000
vt 1.000000 1.000000
vt 1.000000 0.000000
vt 0.000000 0.000000
vt 1.000000 0.000000
vt 1.000000 1.000000
vt 0.000000 1.000000
vt 0.000000 0.000000
vt 0.000000 1.000000
vt 1.000000 1.000000
vt 1.000000 0.000000
vt 0.000000 0.000000
vt 1.000000 0.000000
vt 1.000000 1.000000
vt 0.000000 1.000000
vt 0.000000 0.000000
vt 0.000000 1.000000
vt 1.000000 1.000000
vt 1.000000 0.000000
vt 0.000000 0.000000
vt 1.000000 0.000000
vt 1.000000 1.000000
vt 0.000000 1.000000
vt 0.000000 0.000000
vt 0.000000 1.000000
vt 1.000000 1.000000
vt 1.000000 0.000000
vt 0.000000 0.000000
vt 1.000000 0.000000
vt 1.000000 1.000000
vt 0.000000 1.000000
vt 0.000000 0.000000
vt 0.000000 1.000000
vt 1.000000 1.000000
vt 1.000000 0.000000
vt 0.000000 0.000000
vt 1.000000 0.000000
vt 1.000000 1.000000
vt 0.000000 1.000000
vt 0.000000 0.000000
vt 0.000000 1.000000
vt 1.000000 1.000000
vt 1.000000 0.000000
vt 0.000000 0.000000
vt 1.000000 0.000000
vt 1.000000 1.000000
vt 0.000000 1.000000
vt 0.000000 0.000000
vt 0.000000 1.000000
vt 1.000000 1.000000
vt 1.000000 0.000000
vt 0.000000 0.000000
vt 1.000000 0.000000
vt 1.000000 1.000000
vt 0.000000 1.000000
vt 0.000000 0.000000
vt 0.000000 1.000000
vt 1.000000 1.000000
vt 1.000000 0.000000
vt 0.000000 0.000000
vt 1.000000 0.000000
vt 1.000000 1.000000
vt 0.000000 1.000000
vt 0.000000 0.000000
vt 0.000000 1.000000
vt 1.000000 1.000000
vt 1.000000 0.000000
vt 0.000000 0.000000
vt 1.000000 0.000000
vt 1.000000 1.000000
vt 0.000000 1.000000
vt 0.000000 0.000000
vt 0.000000 1.000000
vt 1.000000 1.000000
vt 1.000000 0.000000
vt 0.000000 0.000000
vt 1.000000 0.000000
vt 1.000000 1.000000
vt 0.000000 1.000000
vt 0.000000 0.000000
vt 0.000000 1.000000
vt 1.000000 1.000000
vt 1.000000 0.000000
vt 0.000000 0.000000
vt 1.000000 0.000000
vt 1.000000 1.000000
vt 0.000000 1.000000
vt 0.000000 0.000000
vt 0.000000 1.000000
vt 1.000000 1.000000
vt 1.000000 0.000000
vt 0.000000 0.000000
vt 1.000000 0.000000
vt 1.000000 1.000000
vt 0.000000 1.000000
vt 0.000000 0.000000
vt 0.000000 1.000000
vt 1.000000 1.000000
vt 1.000000 0.000000
vt 0.000000 0.000000
vt 1.000000 0.000000
vt 1.000000 1.000000
vt 0.000000 1.000000
vt 0.000000 0.000000
vt 0.000000 1.000000
vt 1.000000 1.000000
vt 1.000000 0.000000
vt 0.000000 0.000000
vt 1.000000 0.000000
vt 1.000000 1.000000
vt 0.000000 1.000000
vt 0.000000 0.000000
vt 0.000000 1.000000
vt 1.000000 1.000000
vt 1.000000 0.000000
vt 0.000000 0.000000
vt 1.000000 0.000000
vt 1.000000 1.000000
vt 0.000000 1.000000
vt 0.000000 0.000000
vt 0.000000 1.000000
vt 1.000000 1.000000
vt 1.000000 0.000000
vt 0.000000 0.000000
vt 1.000000 0.000000
vt 1.000000 1.000000
vt 0.000000 1.000000
vt 0.000000 0.000000
vt 0.000000 1.000000
vt 1.000000 1.000000
vt 1.000000 0.000000
vt 0.000000 0.000000
vt 1.000000 0.000000
vt 1.000000 1.000000
vt 0.000000 1.000000
vt 0.000000 0.000000
vt 0.000000 1.000000
vt 1.000000 1.000000
vt 1.000000 0.000000
vt 0.000000 0.000000
vt 1.000000 0.000000
vt 1.000000 1.000000
vt 0.000000 1.000000
vt 0.000000 0.000000
vt 0.000000 1.000000
vt 1.000000 1.000000
vt 1.000000 0.000000
vt 0.000000 0.000000
vt 1.000000 0.000000
vt 1.000000 1.000000
vt 0.000000 1.000000
vt 0.000000 0.000000
vt 0.000000 1.000000
vt 1.000000 1.000000
vt 1.000000 0.000000
vt 0.000000 0.000000
vt 1.000000 0.000000
vt 1.000000 1.000000
vt 0.000000 1.000000
vt 0.000000 0.000000
vt 0.000000 1.000000
vt 1.000000 1.000000
vt 1.000000 0.000000
vt 0.000000 0.000000
vt 1.000000 0.000000
vt 1.000000 1.000000
vt 0.000000 1.000000
vt 0.000000 0.000000
vt 0.000000 1.000000
vt 1.000000 1.000000
vt 1.000000 0.000000
vt 0.000000 0.000000
vt 1.000000 0.000000
vt 1.000000 1.000000
vt 0.000000 1.000000
vt 0.000000 0.000000
vt 0.000000 1.000000
vt 1.000000 1.000000
vt 1.000000 0.000000
vt 0.000000 0.000000
vt 1.000000 0.000000
vt 1.000000 1.000000
vt 0.000000 1.000000
vt 0.000000 0.000000
vt 0.000000 1.000000
vt 1.000000 1.000000
vt 1.000000 0.000000
vt 0.000000 0.000000
vt 1.000000 0.000000
vt 1.000000 1.000000
vt 0.000000 1.000000
vt 0.000000 0.000000
vt 0.000000 1.000000
vt 1.000000 1.000000
vt 1.000000 0.000000
vt 0.000000 0.000000
vt 1.000000 0.000000
vt 1.000000 1.000000
vt 0.000000 1.000000
vt 0.000000 0.000000
vt 0.000000 1.000000
vt 1.000000 1.000000
vt 1.000000 0.000000
vt 0.000000 0.000000
vt 1.000000 0.000000
vt 1.000000 1.000000
vt 0.000000 1.000000
vt 0.000000 0.000000
vt 0.000000 1.000000
vt 1.000000 1.000000
vt 1.000000 0.000000
vt 0.000000 0.000000
vt 1.000000 0.000000
vt 1.000000 1.000000
vt 0.000000 1.000000
vt 0.000000 0.000000
vt 0.000000 1.000000
vt 1.000000 1.000000
vt 1.000000 0.000000
vt 0.000000 0.000000
vt 1.000000 0.000000
vt 1.000000 1.000000
vt 0.000000 1.000000
vt 0.000000 0.000000
vt 0.000000 1.000000
vt 1.000000 1.000000
vt 1.000000 0.000000
vt 0.000000 0.000000
vt 1.000000 0.000000
vt 1.000000 1.000000
vt 0.000000 1.000000
vt 0.000000 0.000000
vt 0.000000 1.000000
vt 1.000000 1.000000
vt 1.000000 0.000000
vt 0.000000 0.000000
vt 1.000000 0.000000
vt 1.000000 1.000000
vt 0.000000 1.000000
vt 0.000000 0.000000
vt 0.000000 1.000000
vt 1.000000 1.000000
vt 1.000000 0.000000
vt 0.000000 0.000000
vt 1.000000 0.000000
vt 1.000000 1.000000
vt 0.000000 1.000000
vt 0.000000 0.000000
vt 0.000000 1.000000
vt 1.000000 1.000000
vt 1.000000 0.000000
vt 0.000000 0.000000
vt 1.000000 0.000000
vt 1.000000 1.000000
vt 0.000000 1.000000
vt 0.000000 0.000000
vt 0.000000 1.000000
vt 1.000000 1.000000
vt 1.000000 0.000000
vt 0.000000 0.000000
vt 1.000000 0.000000
vt 1.000000 1.000000
vt 0.000000 1.000000
vt 0.000000 0.000000
vt 0.000000 1.000000
vt 1.000000 1.000000
vt 1.000000 0.000000
vt 0.000000 0.000000
vt 1.000000 0.000000
vt 1.000000 1.000000
vt 0.000000 1.000000
vt 0.000000 0.000000
vt 0.000000 1.000000
vt 1.000000 1.000000
vt 1.000000 0.000000
vt 0.000000 0.000000
vt 1.000000 0.000000
vt 1.000000 1.000000
vt 0.000000 1.000000
vt 0.000000 0.000000
vt 0.000000 1.000000
vt 1.000000 1.000000
vt 1.000000 0.000000
vt 0.000000 0.000000
vt 1.000000 0.000000
vt 1.000000 1.000000
vt 0.000000 1.000000
vt 0.000000 0.000000
vt 0.000000 1.000000
vt 1.000000 1.000000
vt 1.000000 0.000000
vt 0.000000 0.000000
vt 1.000000 0.000000
vt 1.000000 1.000000
vt 0.000000 1.000000
vt 0.000000 0.000000
vt 0.000000 1.000000
vt 1.000000 1.000000
vt 1.000000 0.000000
vt 0.000000 0.000000
vt 1.000000 0.000000
vt 1.000000 1.000000
vt 0.000000 1.000000
vt 0.000000 0.000000
vt 0.000000 1.000000
vt 1.000000 1.000000
vt 1.000000 0.000000
vt 0.000000 0.000000
vt 1.000000 0.000000
vt 1.000000 1.000000
vt 0.000000 1.000000
vt 0.000000 0.000000
vt 0.000000 1.000000
vt 1.000000 1.000000
vt 1.000000 0.000000
vt 0.000000 0.000000
vt 1.000000 0.000000
vt 1.000000 1.000000
vt 0.000000 1.000000
vt 0.000000 0.000000
vt 0.000000 1.000000
vt 1.000000 1.000000
vt 1.000000 0.000000
vt 0.000000 0.000000
vt 1.000000 0.000000
vt 1.000000 1.000000
vt 0.000000 1.000000
vt 0.000000 0.000000
vt 0.000000 1.000000
vt 1.000000 1.000000
vt 1.000000 0.000000
vt 0.000000 0.000000
vt 1.000000 0.000000
vt 1.000000 1.000000
vt 0.000000 1.000000
vt 0.000000 0.000000
vt 0.000000 1.000000
vt 1.000000 1.000000
vt 1.000000 0.000000
vt 0.000000 0.000000
vt 1.000000 0.000000
vt 1.000000 1.000000
vt 0.000000 1.000000
vt 0.000000 0.000000
vt 0.000000 1.000000
vt 1.000000 1.000000
vt 1.000000 0.000000
vt 0.000000 0.000000
vt 1.000000 0.000000
vt 1.000000 1.000000
vt 0.000000 1.000000
vt 0.000000 0.000000
vt 0.000000 1.000000
vt 1.000000 1.000000
vt 1.000000 0.000000
vt 0.000000 0.000000
vt 1.000000 0.000000
vt 1.000000 1.000000
vt 0.000000 1.000000
vt 0.000000 0.000000
vt 0.000000 1.000000
vt 1.000000 1.000000
vt 1.000000 0.000000
vt 0.000000 0.000000
vt 1.000000 0.000000
vt 1.000000 1.000000
vt 0.000000 1.000000
vt 0.000000 0.000000
vt 0.000000 1.000000
vt 1.000000 1.000000
vt 1.000000 0.000000
vt 0.000000 0.000000
vt 1.000000 0.000000
vt 1.000000 1.000000
vt 0.000000 1.000000
vt 0.000000 0.000000
vt 0.000000 1.000000
vt 1.000000 1.000000
vt 1.000000 0.000000
vt 0.000000 0.000000
vt 1.000000 0.000000
vt 1.000000 1.000000
vt 0.000000 1.000000
vt 0.000000 0.000000
vt 0.000000 1.000000
vt 1.000000 1.000000
vt 1.000000 0.000000
vt 0.000000 0.000000
vt 1.000000 0.000000
vt 1.000000 1.000000
vt 0.000000 1.000000
vt 0.000000 0.000000
vt 0.000000 1.000000
vt 1.000000 1.000000
vt 1.000000 0.000000
vt 0.000000 0.000000
vt 1.000000 0.000000
vt 1.000000 1.000000
vt 0.000000 1.000000
vt 0.000000 0.000000
vt 0.000000 1.000000
vt 1.000000 1.000000
vt 1.000000 0.000000
vt 0.000000 0.000000
vt 1.000000 0.000000
vt 1.000000 1.000000
vt 0.000000 1.000000
vt 0.000000 0.000000
vt 0.000000 1.000000
vt 1.000000 1.000000
vt 1.000000 0.000000
vt 0.000000 0.000000
vt 1.000000 0.000000
vt 1.000000 1.000000
vt 0.000000 1.000000
vt 0.000000 0.000000
vt 0.000000 1.000000
vt 1.000000 1.000000
vt 1.000000 0.000000
vt 0.000000 0.000000
vt 1.000000 0.000000
vt 1.000000 1.000000
vt 0.000000 1.000000
vt 0.000000 0.000000
vt 0.000000 1.000000
vt 1.000000 1.000000
vt 1.000000 0.000000
vt 0.000000 0.000000
vt 1.000000 0.000000
vt 1.000000 1.000000
vt 0.000000 1.000000
vt 0.000000 0.000000
vt 0.000000 1.000000
vt 1.000000 1.000000
vt 1.000000 0.000000
vt 0.000000 0.000000
vt 1.000000 0.000000
vt 1.000000 1.000000
vt 0.000000 1.000000
vt 0.000000 0.000000
vt 0.000000 1.000000
vt 1.000000 1.000000
vt 1.000000 0.000000
vt 0.000000 0.000000
vt 1.000000 0.000000
vt 1.000000 1.000000
vt 0.000000 1.000000
vt 0.000000 0.000000
vt 0.000000 1.000000
vt 1.000000 1.000000
vt 1.000000 0.000000
vt 0.000000 0.000000
vt 1.000000 0.000000
vt 1.000000 1.000000
vt 0.000000 1.000000
vt 0.000000 0.000000
vt 0.000000 1.000000
vt 1.000000 1.000000
vt 1.000000 0.000000
vt 0.000000 0.000000
vt 1.000000 0.000000
vt 1.000000 1.000000
vt 0.000000 1.000000
vt 0.000000 0.000000
vt 0.000000 1.000000
vt 1.000000 1.000000
vt 1.000000 0.000000
vt 0.000000 0.000000
vt 1.000000 0.000000
vt 1.000000 1.000000
vt 0.000000 1.000000
vt 0.000000 0.000000
vt 0.000000 1.000000
vt 1.000000 1.000000
vt 1.000000 0.000000
vt 0.000000 0.000000
vt 1.000000 0.000000
vt 1.000000 1.000000
vt 0.000000 1.000000
vt 0.000000 0.000000
vt 0.000000 1.000000
vt 1.000000 1.000000
vt 1.000000 0.000000
vt 0.000000 0.000000
vt 1.000000 0.000000
vt 1.000000 1.000000
vt 0.000000 1.000000
vt 0.000000 0.000000
vt 0.000000 1.000000
vt 1.000000 1.000000
vt 1.000000 0.000000
vt 0.000000 0.000000
vt 1.000000 0.000000
vt 1.000000 1.000000
vt 0.000000 1.000000
vt 0.000000 0.000000
vt 0.000000 1.000000
vt 1.000000 1.000000
vt 1.000000 0.000000
vt 0.000000 0.000000
vt 1.000000 0.000000
vt 1.000000 1.000000
vt 0.000000 1.000000
vt 0.000000 0.000000
vt 0.000000 1.000000
vt 1.000000 1.000000
vt 1.000000 0.000000
vt 0.000000 0.000000
vt 1.000000 0.000000
vt 1.000000 1.000000
vt 0.000000 1.000000
vt 0.000000 0.000000
vt 0.000000 1.000000
vt 1.000000 1.000000
vt 1.000000 0.000000
vt 0.000000 0.000000
vt 1.000000 0.000000
vt 1.000000 1.000000
vt 0.000000 1.000000
vt 0.000000 0.000000
vt 0.000000 1.000000
vt 1.000000 1.000000
vt 1.000000 0.000000
vt 0.000000 0.000000
vt 1.000000 0.000000
vt 1.000000 1.000000
vt 0.000000 1.000000
vt 0.000000 0.000000
vt 0.000000 1.000000
vt 1.000000 1.000000
vt 1.000000 0.000000
vn 1.0000 0.0000 0.0000
vn -1.0000 0.0000 0.0000
vn 0.0000 1.0000 0.0000
vn 0.0000 0.0000 1.0000
vn 0.0000 -1.0000 0.0000
vn 0.0000 0.0000 -1.0000
usemtl black.556
s off
f 1105/1111/281 1106/1112/281 1108/1113/281 1107/1114/281
f 2089/1115/282 2091/1116/282 2092/1117/282 2090/1118/282
f 1105/1111/283 1107/1114/283 2091/1116/283 2089/1115/283
f 1106/1112/284 1105/1111/284 2089/1115/284 2090/1118/284
f 1108/1113/285 1106/1112/285 2090/1118/285 2092/1117/285
f 1107/1114/286 1108/1113/286 2092/1117/286 2091/1116/286
usemtl black.557
f 1109/1119/282 1110/1120/282 1112/1121/282 1111/1122/282
f 2093/1123/281 2095/1124/281 2096/1125/281 2094/1126/281
f 1109/1119/286 1111/1122/286 2095/1124/286 2093/1123/286
f 1110/1120/285 1109/1119/285 2093/1123/285 2094/1126/285
f 1112/1121/284 1110/1120/284 2094/1126/284 2096/1125/284
f 1111/1122/283 1112/1121/283 2096/1125/283 2095/1124/283
usemtl black.558
f 1113/1127/282 1114/1128/282 1116/1129/282 1115/1130/282
f 2097/1131/281 2099/1132/281 2100/1133/281 2098/1134/281
f 1113/1127/285 1115/1130/285 2099/1132/285 2097/1131/285
f 1114/1128/284 1113/1127/284 2097/1131/284 2098/1134/284
f 1116/1129/283 1114/1128/283 2098/1134/283 2100/1133/283
f 1115/1130/286 1116/1129/286 2100/1133/286 2099/1132/286
usemtl black.394
f 1117/1135/286 1118/1136/286 1120/1137/286 1119/1138/286
f 2101/1139/284 2103/1140/284 2104/1141/284 2102/1142/284
f 1117/1135/283 1119/1138/283 2103/1140/283 2101/1139/283
f 1118/1136/281 1117/1135/281 2101/1139/281 2102/1142/281
f 1120/1137/285 1118/1136/285 2102/1142/285 2104/1141/285
f 1119/1138/282 1120/1137/282 2104/1141/282 2103/1140/282
usemtl black.395
f 1121/1143/284 1122/1144/284 1124/1145/284 1123/1146/284
f 2105/1147/286 2107/1148/286 2108/1149/286 2106/1150/286
f 1121/1143/282 1123/1146/282 2107/1148/282 2105/1147/282
f 1122/1144/285 1121/1143/285 2105/1147/285 2106/1150/285
f 1124/1145/281 1122/1144/281 2106/1150/281 2108/1149/281
f 1123/1146/283 1124/1145/283 2108/1149/283 2107/1148/283
usemtl black.396
f 1125/1151/284 1126/1152/284 1128/1153/284 1127/1154/284
f 2109/1155/286 2111/1156/286 2112/1157/286 2110/1158/286
f 1125/1151/285 1127/1154/285 2111/1156/285 2109/1155/285
f 1126/1152/281 1125/1151/281 2109/1155/281 2110/1158/281
f 1128/1153/283 1126/1152/283 2110/1158/283 2112/1157/283
f 1127/1154/282 1128/1153/282 2112/1157/282 2111/1156/282
usemtl black.352
f 1129/1159/286 1130/1160/286 1132/1161/286 1131/1162/286
f 2113/1163/284 2115/1164/284 2116/1165/284 2114/1166/284
f 1129/1159/283 1131/1162/283 2115/1164/283 2113/1163/283
f 1130/1160/281 1129/1159/281 2113/1163/281 2114/1166/281
f 1132/1161/285 1130/1160/285 2114/1166/285 2116/1165/285
f 1131/1162/282 1132/1161/282 2116/1165/282 2115/1164/282
usemtl black.353
f 1133/1167/284 1134/1168/284 1136/1169/284 1135/1170/284
f 2117/1171/286 2119/1172/286 2120/1173/286 2118/1174/286
f 1133/1167/282 1135/1170/282 2119/1172/282 2117/1171/282
f 1134/1168/285 1133/1167/285 2117/1171/285 2118/1174/285
f 1136/1169/281 1134/1168/281 2118/1174/281 2120/1173/281
f 1135/1170/283 1136/1169/283 2120/1173/283 2119/1172/283
usemtl black.354
f 1137/1175/284 1138/1176/284 1140/1177/284 1139/1178/284
f 2121/1179/286 2123/1180/286 2124/1181/286 2122/1182/286
f 1137/1175/285 1139/1178/285 2123/1180/285 2121/1179/285
f 1138/1176/281 1137/1175/281 2121/1179/281 2122/1182/281
f 1140/1177/283 1138/1176/283 2122/1182/283 2124/1181/283
f 1139/1178/282 1140/1177/282 2124/1181/282 2123/1180/282
usemtl black.355
f 1141/1183/286 1142/1184/286 1144/1185/286 1143/1186/286
f 2125/1187/284 2127/1188/284 2128/1189/284 2126/1190/284
f 1141/1183/283 1143/1186/283 2127/1188/283 2125/1187/283
f 1142/1184/281 1141/1183/281 2125/1187/281 2126/1190/281
f 1144/1185/285 1142/1184/285 2126/1190/285 2128/1189/285
f 1143/1186/282 1144/1185/282 2128/1189/282 2127/1188/282
usemtl black.356
f 1145/1191/284 1146/1192/284 1148/1193/284 1147/1194/284
f 2129/1195/286 2131/1196/286 2132/1197/286 2130/1198/286
f 1145/1191/282 1147/1194/282 2131/1196/282 2129/1195/282
f 1146/1192/285 1145/1191/285 2129/1195/285 2130/1198/285
f 1148/1193/281 1146/1192/281 2130/1198/281 2132/1197/281
f 1147/1194/283 1148/1193/283 2132/1197/283 2131/1196/283
usemtl black.357
f 1149/1199/284 1150/1200/284 1152/1201/284 1151/1202/284
f 2133/1203/286 2135/1204/286 2136/1205/286 2134/1206/286
f 1149/1199/285 1151/1202/285 2135/1204/285 2133/1203/285
f 1150/1200/281 1149/1199/281 2133/1203/281 2134/1206/281
f 1152/1201/283 1150/1200/283 2134/1206/283 2136/1205/283
f 1151/1202/282 1152/1201/282 2136/1205/282 2135/1204/282
usemtl black.358
f 1153/1207/286 1154/1208/286 1156/1209/286 1155/1210/286
f 2137/1211/284 2139/1212/284 2140/1213/284 2138/1214/284
f 1153/1207/283 1155/1210/283 2139/1212/283 2137/1211/283
f 1154/1208/281 1153/1207/281 2137/1211/281 2138/1214/281
f 1156/1209/285 1154/1208/285 2138/1214/285 2140/1213/285
f 1155/1210/282 1156/1209/282 2140/1213/282 2139/1212/282
usemtl black.359
f 1157/1215/284 1158/1216/284 1160/1217/284 1159/1218/284
f 2141/1219/286 2143/1220/286 2144/1221/286 2142/1222/286
f 1157/1215/282 1159/1218/282 2143/1220/282 2141/1219/282
f 1158/1216/285 1157/1215/285 2141/1219/285 2142/1222/285
f 1160/1217/281 1158/1216/281 2142/1222/281 2144/1221/281
f 1159/1218/283 1160/1217/283 2144/1221/283 2143/1220/283
usemtl black.360
f 1161/1223/284 1162/1224/284 1164/1225/284 1163/1226/284
f 2145/1227/286 2147/1228/286 2148/1229/286 2146/1230/286
f 1161/1223/285 1163/1226/285 2147/1228/285 2145/1227/285
f 1162/1224/281 1161/1223/281 2145/1227/281 2146/1230/281
f 1164/1225/283 1162/1224/283 2146/1230/283 2148/1229/283
f 1163/1226/282 1164/1225/282 2148/1229/282 2147/1228/282
usemtl black.364
f 1165/1231/286 1166/1232/286 1168/1233/286 1167/1234/286
f 2149/1235/284 2151/1236/284 2152/1237/284 2150/1238/284
f 1165/1231/283 1167/1234/283 2151/1236/283 2149/1235/283
f 1166/1232/281 1165/1231/281 2149/1235/281 2150/1238/281
f 1168/1233/285 1166/1232/285 2150/1238/285 2152/1237/285
f 1167/1234/282 1168/1233/282 2152/1237/282 2151/1236/282
usemtl black.365
f 1169/1239/284 1170/1240/284 1172/1241/284 1171/1242/284
f 2153/1243/286 2155/1244/286 2156/1245/286 2154/1246/286
f 1169/1239/282 1171/1242/282 2155/1244/282 2153/1243/282
f 1170/1240/285 1169/1239/285 2153/1243/285 2154/1246/285
f 1172/1241/281 1170/1240/281 2154/1246/281 2156/1245/281
f 1171/1242/283 1172/1241/283 2156/1245/283 2155/1244/283
usemtl black.366
f 1173/1247/284 1174/1248/284 1176/1249/284 1175/1250/284
f 2157/1251/286 2159/1252/286 2160/1253/286 2158/1254/286
f 1173/1247/285 1175/1250/285 2159/1252/285 2157/1251/285
f 1174/1248/281 1173/1247/281 2157/1251/281 2158/1254/281
f 1176/1249/283 1174/1248/283 2158/1254/283 2160/1253/283
f 1175/1250/282 1176/1249/282 2160/1253/282 2159/1252/282
usemtl black.367
f 1177/1255/286 1178/1256/286 1180/1257/286 1179/1258/286
f 2161/1259/284 2163/1260/284 2164/1261/284 2162/1262/284
f 1177/1255/283 1179/1258/283 2163/1260/283 2161/1259/283
f 1178/1256/281 1177/1255/281 2161/1259/281 2162/1262/281
f 1180/1257/285 1178/1256/285 2162/1262/285 2164/1261/285
f 1179/1258/282 1180/1257/282 2164/1261/282 2163/1260/282
usemtl black.368
f 1181/1263/284 1182/1264/284 1184/1265/284 1183/1266/284
f 2165/1267/286 2167/1268/286 2168/1269/286 2166/1270/286
f 1181/1263/282 1183/1266/282 2167/1268/282 2165/1267/282
f 1182/1264/285 1181/1263/285 2165/1267/285 2166/1270/285
f 1184/1265/281 1182/1264/281 2166/1270/281 2168/1269/281
f 1183/1266/283 1184/1265/283 2168/1269/283 2167/1268/283
usemtl black.369
f 1185/1271/284 1186/1272/284 1188/1273/284 1187/1274/284
f 2169/1275/286 2171/1276/286 2172/1277/286 2170/1278/286
f 1185/1271/285 1187/1274/285 2171/1276/285 2169/1275/285
f 1186/1272/281 1185/1271/281 2169/1275/281 2170/1278/281
f 1188/1273/283 1186/1272/283 2170/1278/283 2172/1277/283
f 1187/1274/282 1188/1273/282 2172/1277/282 2171/1276/282
usemtl black.373
f 1189/1279/286 1190/1280/286 1192/1281/286 1191/1282/286
f 2173/1283/284 2175/1284/284 2176/1285/284 2174/1286/284
f 1189/1279/283 1191/1282/283 2175/1284/283 2173/1283/283
f 1190/1280/281 1189/1279/281 2173/1283/281 2174/1286/281
f 1192/1281/285 1190/1280/285 2174/1286/285 2176/1285/285
f 1191/1282/282 1192/1281/282 2176/1285/282 2175/1284/282
usemtl black.374
f 1193/1287/284 1194/1288/284 1196/1289/284 1195/1290/284
f 2177/1291/286 2179/1292/286 2180/1293/286 2178/1294/286
f 1193/1287/282 1195/1290/282 2179/1292/282 2177/1291/282
f 1194/1288/285 1193/1287/285 2177/1291/285 2178/1294/285
f 1196/1289/281 1194/1288/281 2178/1294/281 2180/1293/281
f 1195/1290/283 1196/1289/283 2180/1293/283 2179/1292/283
usemtl black.375
f 1197/1295/284 1198/1296/284 1200/1297/284 1199/1298/284
f 2181/1299/286 2183/1300/286 2184/1301/286 2182/1302/286
f 1197/1295/285 1199/1298/285 2183/1300/285 2181/1299/285
f 1198/1296/281 1197/1295/281 2181/1299/281 2182/1302/281
f 1200/1297/283 1198/1296/283 2182/1302/283 2184/1301/283
f 1199/1298/282 1200/1297/282 2184/1301/282 2183/1300/282
usemtl black.376
f 1201/1303/286 1202/1304/286 1204/1305/286 1203/1306/286
f 2185/1307/284 2187/1308/284 2188/1309/284 2186/1310/284
f 1201/1303/283 1203/1306/283 2187/1308/283 2185/1307/283
f 1202/1304/281 1201/1303/281 2185/1307/281 2186/1310/281
f 1204/1305/285 1202/1304/285 2186/1310/285 2188/1309/285
f 1203/1306/282 1204/1305/282 2188/1309/282 2187/1308/282
usemtl black.377
f 1205/1311/284 1206/1312/284 1208/1313/284 1207/1314/284
f 2189/1315/286 2191/1316/286 2192/1317/286 2190/1318/286
f 1205/1311/282 1207/1314/282 2191/1316/282 2189/1315/282
f 1206/1312/285 1205/1311/285 2189/1315/285 2190/1318/285
f 1208/1313/281 1206/1312/281 2190/1318/281 2192/1317/281
f 1207/1314/283 1208/1313/283 2192/1317/283 2191/1316/283
usemtl black.378
f 1209/1319/284 1210/1320/284 1212/1321/284 1211/1322/284
f 2193/1323/286 2195/1324/286 2196/1325/286 2194/1326/286
f 1209/1319/285 1211/1322/285 2195/1324/285 2193/1323/285
f 1210/1320/281 1209/1319/281 2193/1323/281 2194/1326/281
f 1212/1321/283 1210/1320/283 2194/1326/283 2196/1325/283
f 1211/1322/282 1212/1321/282 2196/1325/282 2195/1324/282
usemtl black.379
f 1213/1327/286 1214/1328/286 1216/1329/286 1215/1330/286
f 2197/1331/284 2199/1332/284 2200/1333/284 2198/1334/284
f 1213/1327/283 1215/1330/283 2199/1332/283 2197/1331/283
f 1214/1328/281 1213/1327/281 2197/1331/281 2198/1334/281
f 1216/1329/285 1214/1328/285 2198/1334/285 2200/1333/285
f 1215/1330/282 1216/1329/282 2200/1333/282 2199/1332/282
usemtl black.380
f 1217/1335/284 1218/1336/284 1220/1337/284 1219/1338/284
f 2201/1339/286 2203/1340/286 2204/1341/286 2202/1342/286
f 1217/1335/282 1219/1338/282 2203/1340/282 2201/1339/282
f 1218/1336/285 1217/1335/285 2201/1339/285 2202/1342/285
f 1220/1337/281 1218/1336/281 2202/1342/281 2204/1341/281
f 1219/1338/283 1220/1337/283 2204/1341/283 2203/1340/283
usemtl black.381
f 1221/1343/284 1222/1344/284 1224/1345/284 1223/1346/284
f 2205/1347/286 2207/1348/286 2208/1349/286 2206/1350/286
f 1221/1343/285 1223/1346/285 2207/1348/285 2205/1347/285
f 1222/1344/281 1221/1343/281 2205/1347/281 2206/1350/281
f 1224/1345/283 1222/1344/283 2206/1350/283 2208/1349/283
f 1223/1346/282 1224/1345/282 2208/1349/282 2207/1348/282
usemtl black.382
f 1225/1351/286 1226/1352/286 1228/1353/286 1227/1354/286
f 2209/1355/284 2211/1356/284 2212/1357/284 2210/1358/284
f 1225/1351/283 1227/1354/283 2211/1356/283 2209/1355/283
f 1226/1352/281 1225/1351/281 2209/1355/281 2210/1358/281
f 1228/1353/285 1226/1352/285 2210/1358/285 2212/1357/285
f 1227/1354/282 1228/1353/282 2212/1357/282 2211/1356/282
usemtl black.383
f 1229/1359/284 1230/1360/284 1232/1361/284 1231/1362/284
f 2213/1363/286 2215/1364/286 2216/1365/286 2214/1366/286
f 1229/1359/282 1231/1362/282 2215/1364/282 2213/1363/282
f 1230/1360/285 1229/1359/285 2213/1363/285 2214/1366/285
f 1232/1361/281 1230/1360/281 2214/1366/281 2216/1365/281
f 1231/1362/283 1232/1361/283 2216/1365/283 2215/1364/283
usemtl black.384
f 1233/1367/284 1234/1368/284 1236/1369/284 1235/1370/284
f 2217/1371/286 2219/1372/286 2220/1373/286 2218/1374/286
f 1233/1367/285 1235/1370/285 2219/1372/285 2217/1371/285
f 1234/1368/281 1233/1367/281 2217/1371/281 2218/1374/281
f 1236/1369/283 1234/1368/283 2218/1374/283 2220/1373/283
f 1235/1370/282 1236/1369/282 2220/1373/282 2219/1372/282
usemtl black.385
f 1237/1375/286 1238/1376/286 1240/1377/286 1239/1378/286
f 2221/1379/284 2223/1380/284 2224/1381/284 2222/1382/284
f 1237/1375/283 1239/1378/283 2223/1380/283 2221/1379/283
f 1238/1376/281 1237/1375/281 2221/1379/281 2222/1382/281
f 1240/1377/285 1238/1376/285 2222/1382/285 2224/1381/285
f 1239/1378/282 1240/1377/282 2224/1381/282 2223/1380/282
usemtl black.386
f 1241/1383/284 1242/1384/284 1244/1385/284 1243/1386/284
f 2225/1387/286 2227/1388/286 2228/1389/286 2226/1390/286
f 1241/1383/282 1243/1386/282 2227/1388/282 2225/1387/282
f 1242/1384/285 1241/1383/285 2225/1387/285 2226/1390/285
f 1244/1385/281 1242/1384/281 2226/1390/281 2228/1389/281
f 1243/1386/283 1244/1385/283 2228/1389/283 2227/1388/283
usemtl black.387
f 1245/1391/284 1246/1392/284 1248/1393/284 1247/1394/284
f 2229/1395/286 2231/1396/286 2232/1397/286 2230/1398/286
f 1245/1391/285 1247/1394/285 2231/1396/285 2229/1395/285
f 1246/1392/281 1245/1391/281 2229/1395/281 2230/1398/281
f 1248/1393/283 1246/1392/283 2230/1398/283 2232/1397/283
f 1247/1394/282 1248/1393/282 2232/1397/282 2231/1396/282
usemtl black.388
f 1249/1399/286 1250/1400/286 1252/1401/286 1251/1402/286
f 2233/1403/284 2235/1404/284 2236/1405/284 2234/1406/284
f 1249/1399/283 1251/1402/283 2235/1404/283 2233/1403/283
f 1250/1400/281 1249/1399/281 2233/1403/281 2234/1406/281
f 1252/1401/285 1250/1400/285 2234/1406/285 2236/1405/285
f 1251/1402/282 1252/1401/282 2236/1405/282 2235/1404/282
usemtl black.389
f 1253/1407/284 1254/1408/284 1256/1409/284 1255/1410/284
f 2237/1411/286 2239/1412/286 2240/1413/286 2238/1414/286
f 1253/1407/282 1255/1410/282 2239/1412/282 2237/1411/282
f 1254/1408/285 1253/1407/285 2237/1411/285 2238/1414/285
f 1256/1409/281 1254/1408/281 2238/1414/281 2240/1413/281
f 1255/1410/283 1256/1409/283 2240/1413/283 2239/1412/283
usemtl black.390
f 1257/1415/284 1258/1416/284 1260/1417/284 1259/1418/284
f 2241/1419/286 2243/1420/286 2244/1421/286 2242/1422/286
f 1257/1415/285 1259/1418/285 2243/1420/285 2241/1419/285
f 1258/1416/281 1257/1415/281 2241/1419/281 2242/1422/281
f 1260/1417/283 1258/1416/283 2242/1422/283 2244/1421/283
f 1259/1418/282 1260/1417/282 2244/1421/282 2243/1420/282
usemtl black.391
f 1261/1423/286 1262/1424/286 1264/1425/286 1263/1426/286
f 2245/1427/284 2247/1428/284 2248/1429/284 2246/1430/284
f 1261/1423/283 1263/1426/283 2247/1428/283 2245/1427/283
f 1262/1424/281 1261/1423/281 2245/1427/281 2246/1430/281
f 1264/1425/285 1262/1424/285 2246/1430/285 2248/1429/285
f 1263/1426/282 1264/1425/282 2248/1429/282 2247/1428/282
usemtl black.392
f 1265/1431/284 1266/1432/284 1268/1433/284 1267/1434/284
f 2249/1435/286 2251/1436/286 2252/1437/286 2250/1438/286
f 1265/1431/282 1267/1434/282 2251/1436/282 2249/1435/282
f 1266/1432/285 1265/1431/285 2249/1435/285 2250/1438/285
f 1268/1433/281 1266/1432/281 2250/1438/281 2252/1437/281
f 1267/1434/283 1268/1433/283 2252/1437/283 2251/1436/283
usemtl black.393
f 1269/1439/284 1270/1440/284 1272/1441/284 1271/1442/284
f 2253/1443/286 2255/1444/286 2256/1445/286 2254/1446/286
f 1269/1439/285 1271/1442/285 2255/1444/285 2253/1443/285
f 1270/1440/281 1269/1439/281 2253/1443/281 2254/1446/281
f 1272/1441/283 1270/1440/283 2254/1446/283 2256/1445/283
f 1271/1442/282 1272/1441/282 2256/1445/282 2255/1444/282
usemtl black.397
f 1273/1447/286 1274/1448/286 1276/1449/286 1275/1450/286
f 2257/1451/284 2259/1452/284 2260/1453/284 2258/1454/284
f 1273/1447/283 1275/1450/283 2259/1452/283 2257/1451/283
f 1274/1448/281 1273/1447/281 2257/1451/281 2258/1454/281
f 1276/1449/285 1274/1448/285 2258/1454/285 2260/1453/285
f 1275/1450/282 1276/1449/282 2260/1453/282 2259/1452/282
usemtl black.398
f 1277/1455/284 1278/1456/284 1280/1457/284 1279/1458/284
f 2261/1459/286 2263/1460/286 2264/1461/286 2262/1462/286
f 1277/1455/282 1279/1458/282 2263/1460/282 2261/1459/282
f 1278/1456/285 1277/1455/285 2261/1459/285 2262/1462/285
f 1280/1457/281 1278/1456/281 2262/1462/281 2264/1461/281
f 1279/1458/283 1280/1457/283 2264/1461/283 2263/1460/283
usemtl black.399
f 1281/1463/284 1282/1464/284 1284/1465/284 1283/1466/284
f 2265/1467/286 2267/1468/286 2268/1469/286 2266/1470/286
f 1281/1463/285 1283/1466/285 2267/1468/285 2265/1467/285
f 1282/1464/281 1281/1463/281 2265/1467/281 2266/1470/281
f 1284/1465/283 1282/1464/283 2266/1470/283 2268/1469/283
f 1283/1466/282 1284/1465/282 2268/1469/282 2267/1468/282
usemtl black.400
f 1285/1471/286 1286/1472/286 1288/1473/286 1287/1474/286
f 2269/1475/284 2271/1476/284 2272/1477/284 2270/1478/284
f 1285/1471/283 1287/1474/283 2271/1476/283 2269/1475/283
f 1286/1472/281 1285/1471/281 2269/1475/281 2270/1478/281
f 1288/1473/285 1286/1472/285 2270/1478/285 2272/1477/285
f 1287/1474/282 1288/1473/282 2272/1477/282 2271/1476/282
usemtl black.401
f 1289/1479/284 1290/1480/284 1292/1481/284 1291/1482/284
f 2273/1483/286 2275/1484/286 2276/1485/286 2274/1486/286
f 1289/1479/282 1291/1482/282 2275/1484/282 2273/1483/282
f 1290/1480/285 1289/1479/285 2273/1483/285 2274/1486/285
f 1292/1481/281 1290/1480/281 2274/1486/281 2276/1485/281
f 1291/1482/283 1292/1481/283 2276/1485/283 2275/1484/283
usemtl black.402
f 1293/1487/284 1294/1488/284 1296/1489/284 1295/1490/284
f 2277/1491/286 2279/1492/286 2280/1493/286 2278/1494/286
f 1293/1487/285 1295/1490/285 2279/1492/285 2277/1491/285
f 1294/1488/281 1293/1487/281 2277/1491/281 2278/1494/281
f 1296/1489/283 1294/1488/283 2278/1494/283 2280/1493/283
f 1295/1490/282 1296/1489/282 2280/1493/282 2279/1492/282
usemtl black.547
f 1297/1495/286 1298/1496/286 1300/1497/286 1299/1498/286
f 2281/1499/284 2283/1500/284 2284/1501/284 2282/1502/284
f 1297/1495/283 1299/1498/283 2283/1500/283 2281/1499/283
f 1298/1496/281 1297/1495/281 2281/1499/281 2282/1502/281
f 1300/1497/285 1298/1496/285 2282/1502/285 2284/1501/285
f 1299/1498/282 1300/1497/282 2284/1501/282 2283/1500/282
usemtl black.548
f 1301/1503/284 1302/1504/284 1304/1505/284 1303/1506/284
f 2285/1507/286 2287/1508/286 2288/1509/286 2286/1510/286
f 1301/1503/282 1303/1506/282 2287/1508/282 2285/1507/282
f 1302/1504/285 1301/1503/285 2285/1507/285 2286/1510/285
f 1304/1505/281 1302/1504/281 2286/1510/281 2288/1509/281
f 1303/1506/283 1304/1505/283 2288/1509/283 2287/1508/283
usemtl black.549
f 1305/1511/284 1306/1512/284 1308/1513/284 1307/1514/284
f 2289/1515/286 2291/1516/286 2292/1517/286 2290/1518/286
f 1305/1511/285 1307/1514/285 2291/1516/285 2289/1515/285
f 1306/1512/281 1305/1511/281 2289/1515/281 2290/1518/281
f 1308/1513/283 1306/1512/283 2290/1518/283 2292/1517/283
f 1307/1514/282 1308/1513/282 2292/1517/282 2291/1516/282
usemtl black.600
f 1309/1519/284 1310/1520/284 1312/1521/284 1311/1522/284
f 2293/1523/286 2295/1524/286 2296/1525/286 2294/1526/286
f 1309/1519/285 1311/1522/285 2295/1524/285 2293/1523/285
f 1310/1520/281 1309/1519/281 2293/1523/281 2294/1526/281
f 1312/1521/283 1310/1520/283 2294/1526/283 2296/1525/283
f 1311/1522/282 1312/1521/282 2296/1525/282 2295/1524/282
usemtl black.409
f 1313/1527/286 1314/1528/286 1316/1529/286 1315/1530/286
f 2297/1531/284 2299/1532/284 2300/1533/284 2298/1534/284
f 1313/1527/283 1315/1530/283 2299/1532/283 2297/1531/283
f 1314/1528/281 1313/1527/281 2297/1531/281 2298/1534/281
f 1316/1529/285 1314/1528/285 2298/1534/285 2300/1533/285
f 1315/1530/282 1316/1529/282 2300/1533/282 2299/1532/282
usemtl black.410
f 1317/1535/284 1318/1536/284 1320/1537/284 1319/1538/284
f 2301/1539/286 2303/1540/286 2304/1541/286 2302/1542/286
f 1317/1535/282 1319/1538/282 2303/1540/282 2301/1539/282
f 1318/1536/285 1317/1535/285 2301/1539/285 2302/1542/285
f 1320/1537/281 1318/1536/281 2302/1542/281 2304/1541/281
f 1319/1538/283 1320/1537/283 2304/1541/283 2303/1540/283
usemtl black.411
f 1321/1543/284 1322/1544/284 1324/1545/284 1323/1546/284
f 2305/1547/286 2307/1548/286 2308/1549/286 2306/1550/286
f 1321/1543/285 1323/1546/285 2307/1548/285 2305/1547/285
f 1322/1544/281 1321/1543/281 2305/1547/281 2306/1550/281
f 1324/1545/283 1322/1544/283 2306/1550/283 2308/1549/283
f 1323/1546/282 1324/1545/282 2308/1549/282 2307/1548/282
usemtl black.403
f 1325/1551/286 1326/1552/286 1328/1553/286 1327/1554/286
f 2309/1555/284 2311/1556/284 2312/1557/284 2310/1558/284
f 1325/1551/283 1327/1554/283 2311/1556/283 2309/1555/283
f 1326/1552/281 1325/1551/281 2309/1555/281 2310/1558/281
f 1328/1553/285 1326/1552/285 2310/1558/285 2312/1557/285
f 1327/1554/282 1328/1553/282 2312/1557/282 2311/1556/282
usemtl black.404
f 1329/1559/284 1330/1560/284 1332/1561/284 1331/1562/284
f 2313/1563/286 2315/1564/286 2316/1565/286 2314/1566/286
f 1329/1559/282 1331/1562/282 2315/1564/282 2313/1563/282
f 1330/1560/285 1329/1559/285 2313/1563/285 2314/1566/285
f 1332/1561/281 1330/1560/281 2314/1566/281 2316/1565/281
f 1331/1562/283 1332/1561/283 2316/1565/283 2315/1564/283
usemtl black.405
f 1333/1567/284 1334/1568/284 1336/1569/284 1335/1570/284
f 2317/1571/286 2319/1572/286 2320/1573/286 2318/1574/286
f 1333/1567/285 1335/1570/285 2319/1572/285 2317/1571/285
f 1334/1568/281 1333/1567/281 2317/1571/281 2318/1574/281
f 1336/1569/283 1334/1568/283 2318/1574/283 2320/1573/283
f 1335/1570/282 1336/1569/282 2320/1573/282 2319/1572/282
usemtl black.406
f 1337/1575/286 1338/1576/286 1340/1577/286 1339/1578/286
f 2321/1579/284 2323/1580/284 2324/1581/284 2322/1582/284
f 1337/1575/283 1339/1578/283 2323/1580/283 2321/1579/283
f 1338/1576/281 1337/1575/281 2321/1579/281 2322/1582/281
f 1340/1577/285 1338/1576/285 2322/1582/285 2324/1581/285
f 1339/1578/282 1340/1577/282 2324/1581/282 2323/1580/282
usemtl black.407
f 1341/1583/284 1342/1584/284 1344/1585/284 1343/1586/284
f 2325/1587/286 2327/1588/286 2328/1589/286 2326/1590/286
f 1341/1583/282 1343/1586/282 2327/1588/282 2325/1587/282
f 1342/1584/285 1341/1583/285 2325/1587/285 2326/1590/285
f 1344/1585/281 1342/1584/281 2326/1590/281 2328/1589/281
f 1343/1586/283 1344/1585/283 2328/1589/283 2327/1588/283
usemtl black.408
f 1345/1591/284 1346/1592/284 1348/1593/284 1347/1594/284
f 2329/1595/286 2331/1596/286 2332/1597/286 2330/1598/286
f 1345/1591/285 1347/1594/285 2331/1596/285 2329/1595/285
f 1346/1592/281 1345/1591/281 2329/1595/281 2330/1598/281
f 1348/1593/283 1346/1592/283 2330/1598/283 2332/1597/283
f 1347/1594/282 1348/1593/282 2332/1597/282 2331/1596/282
usemtl black.412
f 1349/1599/286 1350/1600/286 1352/1601/286 1351/1602/286
f 2333/1603/284 2335/1604/284 2336/1605/284 2334/1606/284
f 1349/1599/283 1351/1602/283 2335/1604/283 2333/1603/283
f 1350/1600/281 1349/1599/281 2333/1603/281 2334/1606/281
f 1352/1601/285 1350/1600/285 2334/1606/285 2336/1605/285
f 1351/1602/282 1352/1601/282 2336/1605/282 2335/1604/282
usemtl black.413
f 1353/1607/284 1354/1608/284 1356/1609/284 1355/1610/284
f 2337/1611/286 2339/1612/286 2340/1613/286 2338/1614/286
f 1353/1607/282 1355/1610/282 2339/1612/282 2337/1611/282
f 1354/1608/285 1353/1607/285 2337/1611/285 2338/1614/285
f 1356/1609/281 1354/1608/281 2338/1614/281 2340/1613/281
f 1355/1610/283 1356/1609/283 2340/1613/283 2339/1612/283
usemtl black.414
f 1357/1615/284 1358/1616/284 1360/1617/284 1359/1618/284
f 2341/1619/286 2343/1620/286 2344/1621/286 2342/1622/286
f 1357/1615/285 1359/1618/285 2343/1620/285 2341/1619/285
f 1358/1616/281 1357/1615/281 2341/1619/281 2342/1622/281
f 1360/1617/283 1358/1616/283 2342/1622/283 2344/1621/283
f 1359/1618/282 1360/1617/282 2344/1621/282 2343/1620/282
usemtl black.415
f 1361/1623/284 1362/1624/284 1364/1625/284 1363/1626/284
f 2345/1627/286 2347/1628/286 2348/1629/286 2346/1630/286
f 1361/1623/283 1363/1626/283 2347/1628/283 2345/1627/283
f 1362/1624/282 1361/1623/282 2345/1627/282 2346/1630/282
f 1364/1625/285 1362/1624/285 2346/1630/285 2348/1629/285
f 1363/1626/281 1364/1625/281 2348/1629/281 2347/1628/281
usemtl black.416
f 1365/1631/286 1366/1632/286 1368/1633/286 1367/1634/286
f 2349/1635/284 2351/1636/284 2352/1637/284 2350/1638/284
f 1365/1631/281 1367/1634/281 2351/1636/281 2349/1635/281
f 1366/1632/285 1365/1631/285 2349/1635/285 2350/1638/285
f 1368/1633/282 1366/1632/282 2350/1638/282 2352/1637/282
f 1367/1634/283 1368/1633/283 2352/1637/283 2351/1636/283
usemtl black.417
f 1369/1639/286 1370/1640/286 1372/1641/286 1371/1642/286
f 2353/1643/284 2355/1644/284 2356/1645/284 2354/1646/284
f 1369/1639/285 1371/1642/285 2355/1644/285 2353/1643/285
f 1370/1640/282 1369/1639/282 2353/1643/282 2354/1646/282
f 1372/1641/283 1370/1640/283 2354/1646/283 2356/1645/283
f 1371/1642/281 1372/1641/281 2356/1645/281 2355/1644/281
usemtl black.418
f 1373/1647/286 1374/1648/286 1376/1649/286 1375/1650/286
f 2357/1651/284 2359/1652/284 2360/1653/284 2358/1654/284
f 1373/1647/283 1375/1650/283 2359/1652/283 2357/1651/283
f 1374/1648/281 1373/1647/281 2357/1651/281 2358/1654/281
f 1376/1649/285 1374/1648/285 2358/1654/285 2360/1653/285
f 1375/1650/282 1376/1649/282 2360/1653/282 2359/1652/282
usemtl black.419
f 1377/1655/284 1378/1656/284 1380/1657/284 1379/1658/284
f 2361/1659/286 2363/1660/286 2364/1661/286 2362/1662/286
f 1377/1655/282 1379/1658/282 2363/1660/282 2361/1659/282
f 1378/1656/285 1377/1655/285 2361/1659/285 2362/1662/285
f 1380/1657/281 1378/1656/281 2362/1662/281 2364/1661/281
f 1379/1658/283 1380/1657/283 2364/1661/283 2363/1660/283
usemtl black.420
f 1381/1663/284 1382/1664/284 1384/1665/284 1383/1666/284
f 2365/1667/286 2367/1668/286 2368/1669/286 2366/1670/286
f 1381/1663/285 1383/1666/285 2367/1668/285 2365/1667/285
f 1382/1664/281 1381/1663/281 2365/1667/281 2366/1670/281
f 1384/1665/283 1382/1664/283 2366/1670/283 2368/1669/283
f 1383/1666/282 1384/1665/282 2368/1669/282 2367/1668/282
usemtl black.421
f 1385/1671/286 1386/1672/286 1388/1673/286 1387/1674/286
f 2369/1675/284 2371/1676/284 2372/1677/284 2370/1678/284
f 1385/1671/283 1387/1674/283 2371/1676/283 2369/1675/283
f 1386/1672/281 1385/1671/281 2369/1675/281 2370/1678/281
f 1388/1673/285 1386/1672/285 2370/1678/285 2372/1677/285
f 1387/1674/282 1388/1673/282 2372/1677/282 2371/1676/282
usemtl black.422
f 1389/1679/284 1390/1680/284 1392/1681/284 1391/1682/284
f 2373/1683/286 2375/1684/286 2376/1685/286 2374/1686/286
f 1389/1679/282 1391/1682/282 2375/1684/282 2373/1683/282
f 1390/1680/285 1389/1679/285 2373/1683/285 2374/1686/285
f 1392/1681/281 1390/1680/281 2374/1686/281 2376/1685/281
f 1391/1682/283 1392/1681/283 2376/1685/283 2375/1684/283
usemtl black.423
f 1393/1687/284 1394/1688/284 1396/1689/284 1395/1690/284
f 2377/1691/286 2379/1692/286 2380/1693/286 2378/1694/286
f 1393/1687/285 1395/1690/285 2379/1692/285 2377/1691/285
f 1394/1688/281 1393/1687/281 2377/1691/281 2378/1694/281
f 1396/1689/283 1394/1688/283 2378/1694/283 2380/1693/283
f 1395/1690/282 1396/1689/282 2380/1693/282 2379/1692/282
usemtl black.424
f 1397/1695/286 1398/1696/286 1400/1697/286 1399/1698/286
f 2381/1699/284 2383/1700/284 2384/1701/284 2382/1702/284
f 1397/1695/283 1399/1698/283 2383/1700/283 2381/1699/283
f 1398/1696/281 1397/1695/281 2381/1699/281 2382/1702/281
f 1400/1697/285 1398/1696/285 2382/1702/285 2384/1701/285
f 1399/1698/282 1400/1697/282 2384/1701/282 2383/1700/282
usemtl black.425
f 1401/1703/284 1402/1704/284 1404/1705/284 1403/1706/284
f 2385/1707/286 2387/1708/286 2388/1709/286 2386/1710/286
f 1401/1703/282 1403/1706/282 2387/1708/282 2385/1707/282
f 1402/1704/285 1401/1703/285 2385/1707/285 2386/1710/285
f 1404/1705/281 1402/1704/281 2386/1710/281 2388/1709/281
f 1403/1706/283 1404/1705/283 2388/1709/283 2387/1708/283
usemtl black.426
f 1405/1711/284 1406/1712/284 1408/1713/284 1407/1714/284
f 2389/1715/286 2391/1716/286 2392/1717/286 2390/1718/286
f 1405/1711/285 1407/1714/285 2391/1716/285 2389/1715/285
f 1406/1712/281 1405/1711/281 2389/1715/281 2390/1718/281
f 1408/1713/283 1406/1712/283 2390/1718/283 2392/1717/283
f 1407/1714/282 1408/1713/282 2392/1717/282 2391/1716/282
usemtl black.427
f 1409/1719/286 1410/1720/286 1412/1721/286 1411/1722/286
f 2393/1723/284 2395/1724/284 2396/1725/284 2394/1726/284
f 1409/1719/283 1411/1722/283 2395/1724/283 2393/1723/283
f 1410/1720/281 1409/1719/281 2393/1723/281 2394/1726/281
f 1412/1721/285 1410/1720/285 2394/1726/285 2396/1725/285
f 1411/1722/282 1412/1721/282 2396/1725/282 2395/1724/282
usemtl black.428
f 1413/1727/284 1414/1728/284 1416/1729/284 1415/1730/284
f 2397/1731/286 2399/1732/286 2400/1733/286 2398/1734/286
f 1413/1727/282 1415/1730/282 2399/1732/282 2397/1731/282
f 1414/1728/285 1413/1727/285 2397/1731/285 2398/1734/285
f 1416/1729/281 1414/1728/281 2398/1734/281 2400/1733/281
f 1415/1730/283 1416/1729/283 2400/1733/283 2399/1732/283
usemtl black.429
f 1417/1735/284 1418/1736/284 1420/1737/284 1419/1738/284
f 2401/1739/286 2403/1740/286 2404/1741/286 2402/1742/286
f 1417/1735/285 1419/1738/285 2403/1740/285 2401/1739/285
f 1418/1736/281 1417/1735/281 2401/1739/281 2402/1742/281
f 1420/1737/283 1418/1736/283 2402/1742/283 2404/1741/283
f 1419/1738/282 1420/1737/282 2404/1741/282 2403/1740/282
usemtl black.430
f 1421/1743/286 1422/1744/286 1424/1745/286 1423/1746/286
f 2405/1747/284 2407/1748/284 2408/1749/284 2406/1750/284
f 1421/1743/283 1423/1746/283 2407/1748/283 2405/1747/283
f 1422/1744/281 1421/1743/281 2405/1747/281 2406/1750/281
f 1424/1745/285 1422/1744/285 2406/1750/285 2408/1749/285
f 1423/1746/282 1424/1745/282 2408/1749/282 2407/1748/282
usemtl black.431
f 1425/1751/284 1426/1752/284 1428/1753/284 1427/1754/284
f 2409/1755/286 2411/1756/286 2412/1757/286 2410/1758/286
f 1425/1751/282 1427/1754/282 2411/1756/282 2409/1755/282
f 1426/1752/285 1425/1751/285 2409/1755/285 2410/1758/285
f 1428/1753/281 1426/1752/281 2410/1758/281 2412/1757/281
f 1427/1754/283 1428/1753/283 2412/1757/283 2411/1756/283
usemtl black.432
f 1429/1759/284 1430/1760/284 1432/1761/284 1431/1762/284
f 2413/1763/286 2415/1764/286 2416/1765/286 2414/1766/286
f 1429/1759/285 1431/1762/285 2415/1764/285 2413/1763/285
f 1430/1760/281 1429/1759/281 2413/1763/281 2414/1766/281
f 1432/1761/283 1430/1760/283 2414/1766/283 2416/1765/283
f 1431/1762/282 1432/1761/282 2416/1765/282 2415/1764/282
usemtl black.433
f 1433/1767/286 1434/1768/286 1436/1769/286 1435/1770/286
f 2417/1771/284 2419/1772/284 2420/1773/284 2418/1774/284
f 1433/1767/283 1435/1770/283 2419/1772/283 2417/1771/283
f 1434/1768/281 1433/1767/281 2417/1771/281 2418/1774/281
f 1436/1769/285 1434/1768/285 2418/1774/285 2420/1773/285
f 1435/1770/282 1436/1769/282 2420/1773/282 2419/1772/282
usemtl black.434
f 1437/1775/284 1438/1776/284 1440/1777/284 1439/1778/284
f 2421/1779/286 2423/1780/286 2424/1781/286 2422/1782/286
f 1437/1775/282 1439/1778/282 2423/1780/282 2421/1779/282
f 1438/1776/285 1437/1775/285 2421/1779/285 2422/1782/285
f 1440/1777/281 1438/1776/281 2422/1782/281 2424/1781/281
f 1439/1778/283 1440/1777/283 2424/1781/283 2423/1780/283
usemtl black.435
f 1441/1783/284 1442/1784/284 1444/1785/284 1443/1786/284
f 2425/1787/286 2427/1788/286 2428/1789/286 2426/1790/286
f 1441/1783/285 1443/1786/285 2427/1788/285 2425/1787/285
f 1442/1784/281 1441/1783/281 2425/1787/281 2426/1790/281
f 1444/1785/283 1442/1784/283 2426/1790/283 2428/1789/283
f 1443/1786/282 1444/1785/282 2428/1789/282 2427/1788/282
usemtl black.436
f 1445/1791/286 1446/1792/286 1448/1793/286 1447/1794/286
f 2429/1795/284 2431/1796/284 2432/1797/284 2430/1798/284
f 1445/1791/283 1447/1794/283 2431/1796/283 2429/1795/283
f 1446/1792/281 1445/1791/281 2429/1795/281 2430/1798/281
f 1448/1793/285 1446/1792/285 2430/1798/285 2432/1797/285
f 1447/1794/282 1448/1793/282 2432/1797/282 2431/1796/282
usemtl black.437
f 1449/1799/284 1450/1800/284 1452/1801/284 1451/1802/284
f 2433/1803/286 2435/1804/286 2436/1805/286 2434/1806/286
f 1449/1799/282 1451/1802/282 2435/1804/282 2433/1803/282
f 1450/1800/285 1449/1799/285 2433/1803/285 2434/1806/285
f 1452/1801/281 1450/1800/281 2434/1806/281 2436/1805/281
f 1451/1802/283 1452/1801/283 2436/1805/283 2435/1804/283
usemtl black.438
f 1453/1807/284 1454/1808/284 1456/1809/284 1455/1810/284
f 2437/1811/286 2439/1812/286 2440/1813/286 2438/1814/286
f 1453/1807/285 1455/1810/285 2439/1812/285 2437/1811/285
f 1454/1808/281 1453/1807/281 2437/1811/281 2438/1814/281
f 1456/1809/283 1454/1808/283 2438/1814/283 2440/1813/283
f 1455/1810/282 1456/1809/282 2440/1813/282 2439/1812/282
usemtl black.439
f 1457/1815/286 1458/1816/286 1460/1817/286 1459/1818/286
f 2441/1819/284 2443/1820/284 2444/1821/284 2442/1822/284
f 1457/1815/283 1459/1818/283 2443/1820/283 2441/1819/283
f 1458/1816/281 1457/1815/281 2441/1819/281 2442/1822/281
f 1460/1817/285 1458/1816/285 2442/1822/285 2444/1821/285
f 1459/1818/282 1460/1817/282 2444/1821/282 2443/1820/282
usemtl black.440
f 1461/1823/284 1462/1824/284 1464/1825/284 1463/1826/284
f 2445/1827/286 2447/1828/286 2448/1829/286 2446/1830/286
f 1461/1823/282 1463/1826/282 2447/1828/282 2445/1827/282
f 1462/1824/285 1461/1823/285 2445/1827/285 2446/1830/285
f 1464/1825/281 1462/1824/281 2446/1830/281 2448/1829/281
f 1463/1826/283 1464/1825/283 2448/1829/283 2447/1828/283
usemtl black.441
f 1465/1831/284 1466/1832/284 1468/1833/284 1467/1834/284
f 2449/1835/286 2451/1836/286 2452/1837/286 2450/1838/286
f 1465/1831/285 1467/1834/285 2451/1836/285 2449/1835/285
f 1466/1832/281 1465/1831/281 2449/1835/281 2450/1838/281
f 1468/1833/283 1466/1832/283 2450/1838/283 2452/1837/283
f 1467/1834/282 1468/1833/282 2452/1837/282 2451/1836/282
usemtl black.442
f 1469/1839/286 1470/1840/286 1472/1841/286 1471/1842/286
f 2453/1843/284 2455/1844/284 2456/1845/284 2454/1846/284
f 1469/1839/283 1471/1842/283 2455/1844/283 2453/1843/283
f 1470/1840/281 1469/1839/281 2453/1843/281 2454/1846/281
f 1472/1841/285 1470/1840/285 2454/1846/285 2456/1845/285
f 1471/1842/282 1472/1841/282 2456/1845/282 2455/1844/282
usemtl black.443
f 1473/1847/284 1474/1848/284 1476/1849/284 1475/1850/284
f 2457/1851/286 2459/1852/286 2460/1853/286 2458/1854/286
f 1473/1847/282 1475/1850/282 2459/1852/282 2457/1851/282
f 1474/1848/285 1473/1847/285 2457/1851/285 2458/1854/285
f 1476/1849/281 1474/1848/281 2458/1854/281 2460/1853/281
f 1475/1850/283 1476/1849/283 2460/1853/283 2459/1852/283
usemtl black.444
f 1477/1855/284 1478/1856/284 1480/1857/284 1479/1858/284
f 2461/1859/286 2463/1860/286 2464/1861/286 2462/1862/286
f 1477/1855/285 1479/1858/285 2463/1860/285 2461/1859/285
f 1478/1856/281 1477/1855/281 2461/1859/281 2462/1862/281
f 1480/1857/283 1478/1856/283 2462/1862/283 2464/1861/283
f 1479/1858/282 1480/1857/282 2464/1861/282 2463/1860/282
usemtl black.445
f 1481/1863/286 1482/1864/286 1484/1865/286 1483/1866/286
f 2465/1867/284 2467/1868/284 2468/1869/284 2466/1870/284
f 1481/1863/283 1483/1866/283 2467/1868/283 2465/1867/283
f 1482/1864/281 1481/1863/281 2465/1867/281 2466/1870/281
f 1484/1865/285 1482/1864/285 2466/1870/285 2468/1869/285
f 1483/1866/282 1484/1865/282 2468/1869/282 2467/1868/282
usemtl black.446
f 1485/1871/284 1486/1872/284 1488/1873/284 1487/1874/284
f 2469/1875/286 2471/1876/286 2472/1877/286 2470/1878/286
f 1485/1871/282 1487/1874/282 2471/1876/282 2469/1875/282
f 1486/1872/285 1485/1871/285 2469/1875/285 2470/1878/285
f 1488/1873/281 1486/1872/281 2470/1878/281 2472/1877/281
f 1487/1874/283 1488/1873/283 2472/1877/283 2471/1876/283
usemtl black.447
f 1489/1879/284 1490/1880/284 1492/1881/284 1491/1882/284
f 2473/1883/286 2475/1884/286 2476/1885/286 2474/1886/286
f 1489/1879/285 1491/1882/285 2475/1884/285 2473/1883/285
f 1490/1880/281 1489/1879/281 2473/1883/281 2474/1886/281
f 1492/1881/283 1490/1880/283 2474/1886/283 2476/1885/283
f 1491/1882/282 1492/1881/282 2476/1885/282 2475/1884/282
usemtl black.448
f 1493/1887/286 1494/1888/286 1496/1889/286 1495/1890/286
f 2477/1891/284 2479/1892/284 2480/1893/284 2478/1894/284
f 1493/1887/283 1495/1890/283 2479/1892/283 2477/1891/283
f 1494/1888/281 1493/1887/281 2477/1891/281 2478/1894/281
f 1496/1889/285 1494/1888/285 2478/1894/285 2480/1893/285
f 1495/1890/282 1496/1889/282 2480/1893/282 2479/1892/282
usemtl black.449
f 1497/1895/284 1498/1896/284 1500/1897/284 1499/1898/284
f 2481/1899/286 2483/1900/286 2484/1901/286 2482/1902/286
f 1497/1895/282 1499/1898/282 2483/1900/282 2481/1899/282
f 1498/1896/285 1497/1895/285 2481/1899/285 2482/1902/285
f 1500/1897/281 1498/1896/281 2482/1902/281 2484/1901/281
f 1499/1898/283 1500/1897/283 2484/1901/283 2483/1900/283
usemtl black.450
f 1501/1903/284 1502/1904/284 1504/1905/284 1503/1906/284
f 2485/1907/286 2487/1908/286 2488/1909/286 2486/1910/286
f 1501/1903/285 1503/1906/285 2487/1908/285 2485/1907/285
f 1502/1904/281 1501/1903/281 2485/1907/281 2486/1910/281
f 1504/1905/283 1502/1904/283 2486/1910/283 2488/1909/283
f 1503/1906/282 1504/1905/282 2488/1909/282 2487/1908/282
usemtl black.598
f 1505/1911/284 1506/1912/284 1508/1913/284 1507/1914/284
f 2489/1915/286 2491/1916/286 2492/1917/286 2490/1918/286
f 1505/1911/285 1507/1914/285 2491/1916/285 2489/1915/285
f 1506/1912/281 1505/1911/281 2489/1915/281 2490/1918/281
f 1508/1913/283 1506/1912/283 2490/1918/283 2492/1917/283
f 1507/1914/282 1508/1913/282 2492/1917/282 2491/1916/282
usemtl black.499
f 1509/1919/286 1510/1920/286 1512/1921/286 1511/1922/286
f 2493/1923/284 2495/1924/284 2496/1925/284 2494/1926/284
f 1509/1919/283 1511/1922/283 2495/1924/283 2493/1923/283
f 1510/1920/281 1509/1919/281 2493/1923/281 2494/1926/281
f 1512/1921/285 1510/1920/285 2494/1926/285 2496/1925/285
f 1511/1922/282 1512/1921/282 2496/1925/282 2495/1924/282
usemtl black.500
f 1513/1927/284 1514/1928/284 1516/1929/284 1515/1930/284
f 2497/1931/286 2499/1932/286 2500/1933/286 2498/1934/286
f 1513/1927/282 1515/1930/282 2499/1932/282 2497/1931/282
f 1514/1928/285 1513/1927/285 2497/1931/285 2498/1934/285
f 1516/1929/281 1514/1928/281 2498/1934/281 2500/1933/281
f 1515/1930/283 1516/1929/283 2500/1933/283 2499/1932/283
usemtl black.501
f 1517/1935/284 1518/1936/284 1520/1937/284 1519/1938/284
f 2501/1939/286 2503/1940/286 2504/1941/286 2502/1942/286
f 1517/1935/285 1519/1938/285 2503/1940/285 2501/1939/285
f 1518/1936/281 1517/1935/281 2501/1939/281 2502/1942/281
f 1520/1937/283 1518/1936/283 2502/1942/283 2504/1941/283
f 1519/1938/282 1520/1937/282 2504/1941/282 2503/1940/282
usemtl black.502
f 1521/1943/286 1522/1944/286 1524/1945/286 1523/1946/286
f 2505/1947/284 2507/1948/284 2508/1949/284 2506/1950/284
f 1521/1943/283 1523/1946/283 2507/1948/283 2505/1947/283
f 1522/1944/281 1521/1943/281 2505/1947/281 2506/1950/281
f 1524/1945/285 1522/1944/285 2506/1950/285 2508/1949/285
f 1523/1946/282 1524/1945/282 2508/1949/282 2507/1948/282
usemtl black.503
f 1525/1951/284 1526/1952/284 1528/1953/284 1527/1954/284
f 2509/1955/286 2511/1956/286 2512/1957/286 2510/1958/286
f 1525/1951/282 1527/1954/282 2511/1956/282 2509/1955/282
f 1526/1952/285 1525/1951/285 2509/1955/285 2510/1958/285
f 1528/1953/281 1526/1952/281 2510/1958/281 2512/1957/281
f 1527/1954/283 1528/1953/283 2512/1957/283 2511/1956/283
usemtl black.504
f 1529/1959/284 1530/1960/284 1532/1961/284 1531/1962/284
f 2513/1963/286 2515/1964/286 2516/1965/286 2514/1966/286
f 1529/1959/285 1531/1962/285 2515/1964/285 2513/1963/285
f 1530/1960/281 1529/1959/281 2513/1963/281 2514/1966/281
f 1532/1961/283 1530/1960/283 2514/1966/283 2516/1965/283
f 1531/1962/282 1532/1961/282 2516/1965/282 2515/1964/282
usemtl black.505
f 1533/1967/286 1534/1968/286 1536/1969/286 1535/1970/286
f 2517/1971/284 2519/1972/284 2520/1973/284 2518/1974/284
f 1533/1967/283 1535/1970/283 2519/1972/283 2517/1971/283
f 1534/1968/281 1533/1967/281 2517/1971/281 2518/1974/281
f 1536/1969/285 1534/1968/285 2518/1974/285 2520/1973/285
f 1535/1970/282 1536/1969/282 2520/1973/282 2519/1972/282
usemtl black.506
f 1537/1975/284 1538/1976/284 1540/1977/284 1539/1978/284
f 2521/1979/286 2523/1980/286 2524/1981/286 2522/1982/286
f 1537/1975/282 1539/1978/282 2523/1980/282 2521/1979/282
f 1538/1976/285 1537/1975/285 2521/1979/285 2522/1982/285
f 1540/1977/281 1538/1976/281 2522/1982/281 2524/1981/281
f 1539/1978/283 1540/1977/283 2524/1981/283 2523/1980/283
usemtl black.507
f 1541/1983/284 1542/1984/284 1544/1985/284 1543/1986/284
f 2525/1987/286 2527/1988/286 2528/1989/286 2526/1990/286
f 1541/1983/285 1543/1986/285 2527/1988/285 2525/1987/285
f 1542/1984/281 1541/1983/281 2525/1987/281 2526/1990/281
f 1544/1985/283 1542/1984/283 2526/1990/283 2528/1989/283
f 1543/1986/282 1544/1985/282 2528/1989/282 2527/1988/282
usemtl black.508
f 1545/1991/286 1546/1992/286 1548/1993/286 1547/1994/286
f 2529/1995/284 2531/1996/284 2532/1997/284 2530/1998/284
f 1545/1991/283 1547/1994/283 2531/1996/283 2529/1995/283
f 1546/1992/281 1545/1991/281 2529/1995/281 2530/1998/281
f 1548/1993/285 1546/1992/285 2530/1998/285 2532/1997/285
f 1547/1994/282 1548/1993/282 2532/1997/282 2531/1996/282
usemtl black.509
f 1549/1999/284 1550/2000/284 1552/2001/284 1551/2002/284
f 2533/2003/286 2535/2004/286 2536/2005/286 2534/2006/286
f 1549/1999/282 1551/2002/282 2535/2004/282 2533/2003/282
f 1550/2000/285 1549/1999/285 2533/2003/285 2534/2006/285
f 1552/2001/281 1550/2000/281 2534/2006/281 2536/2005/281
f 1551/2002/283 1552/2001/283 2536/2005/283 2535/2004/283
usemtl black.510
f 1553/2007/284 1554/2008/284 1556/2009/284 1555/2010/284
f 2537/2011/286 2539/2012/286 2540/2013/286 2538/2014/286
f 1553/2007/285 1555/2010/285 2539/2012/285 2537/2011/285
f 1554/2008/281 1553/2007/281 2537/2011/281 2538/2014/281
f 1556/2009/283 1554/2008/283 2538/2014/283 2540/2013/283
f 1555/2010/282 1556/2009/282 2540/2013/282 2539/2012/282
usemtl black.511
f 1557/2015/286 1558/2016/286 1560/2017/286 1559/2018/286
f 2541/2019/284 2543/2020/284 2544/2021/284 2542/2022/284
f 1557/2015/283 1559/2018/283 2543/2020/283 2541/2019/283
f 1558/2016/281 1557/2015/281 2541/2019/281 2542/2022/281
f 1560/2017/285 1558/2016/285 2542/2022/285 2544/2021/285
f 1559/2018/282 1560/2017/282 2544/2021/282 2543/2020/282
usemtl black.512
f 1561/2023/284 1562/2024/284 1564/2025/284 1563/2026/284
f 2545/2027/286 2547/2028/286 2548/2029/286 2546/2030/286
f 1561/2023/282 1563/2026/282 2547/2028/282 2545/2027/282
f 1562/2024/285 1561/2023/285 2545/2027/285 2546/2030/285
f 1564/2025/281 1562/2024/281 2546/2030/281 2548/2029/281
f 1563/2026/283 1564/2025/283 2548/2029/283 2547/2028/283
usemtl black.513
f 1565/2031/284 1566/2032/284 1568/2033/284 1567/2034/284
f 2549/2035/286 2551/2036/286 2552/2037/286 2550/2038/286
f 1565/2031/285 1567/2034/285 2551/2036/285 2549/2035/285
f 1566/2032/281 1565/2031/281 2549/2035/281 2550/2038/281
f 1568/2033/283 1566/2032/283 2550/2038/283 2552/2037/283
f 1567/2034/282 1568/2033/282 2552/2037/282 2551/2036/282
usemtl black.514
f 1569/2039/286 1570/2040/286 1572/2041/286 1571/2042/286
f 2553/2043/284 2555/2044/284 2556/2045/284 2554/2046/284
f 1569/2039/283 1571/2042/283 2555/2044/283 2553/2043/283
f 1570/2040/281 1569/2039/281 2553/2043/281 2554/2046/281
f 1572/2041/285 1570/2040/285 2554/2046/285 2556/2045/285
f 1571/2042/282 1572/2041/282 2556/2045/282 2555/2044/282
usemtl black.515
f 1573/2047/284 1574/2048/284 1576/2049/284 1575/2050/284
f 2557/2051/286 2559/2052/286 2560/2053/286 2558/2054/286
f 1573/2047/282 1575/2050/282 2559/2052/282 2557/2051/282
f 1574/2048/285 1573/2047/285 2557/2051/285 2558/2054/285
f 1576/2049/281 1574/2048/281 2558/2054/281 2560/2053/281
f 1575/2050/283 1576/2049/283 2560/2053/283 2559/2052/283
usemtl black.516
f 1577/2055/284 1578/2056/284 1580/2057/284 1579/2058/284
f 2561/2059/286 2563/2060/286 2564/2061/286 2562/2062/286
f 1577/2055/285 1579/2058/285 2563/2060/285 2561/2059/285
f 1578/2056/281 1577/2055/281 2561/2059/281 2562/2062/281
f 1580/2057/283 1578/2056/283 2562/2062/283 2564/2061/283
f 1579/2058/282 1580/2057/282 2564/2061/282 2563/2060/282
usemtl black.517
f 1581/2063/286 1582/2064/286 1584/2065/286 1583/2066/286
f 2565/2067/284 2567/2068/284 2568/2069/284 2566/2070/284
f 1581/2063/283 1583/2066/283 2567/2068/283 2565/2067/283
f 1582/2064/281 1581/2063/281 2565/2067/281 2566/2070/281
f 1584/2065/285 1582/2064/285 2566/2070/285 2568/2069/285
f 1583/2066/282 1584/2065/282 2568/2069/282 2567/2068/282
usemtl black.518
f 1585/2071/284 1586/2072/284 1588/2073/284 1587/2074/284
f 2569/2075/286 2571/2076/286 2572/2077/286 2570/2078/286
f 1585/2071/282 1587/2074/282 2571/2076/282 2569/2075/282
f 1586/2072/285 1585/2071/285 2569/2075/285 2570/2078/285
f 1588/2073/281 1586/2072/281 2570/2078/281 2572/2077/281
f 1587/2074/283 1588/2073/283 2572/2077/283 2571/2076/283
usemtl black.519
f 1589/2079/284 1590/2080/284 1592/2081/284 1591/2082/284
f 2573/2083/286 2575/2084/286 2576/2085/286 2574/2086/286
f 1589/2079/285 1591/2082/285 2575/2084/285 2573/2083/285
f 1590/2080/281 1589/2079/281 2573/2083/281 2574/2086/281
f 1592/2081/283 1590/2080/283 2574/2086/283 2576/2085/283
f 1591/2082/282 1592/2081/282 2576/2085/282 2575/2084/282
usemtl black.520
f 1593/2087/286 1594/2088/286 1596/2089/286 1595/2090/286
f 2577/2091/284 2579/2092/284 2580/2093/284 2578/2094/284
f 1593/2087/283 1595/2090/283 2579/2092/283 2577/2091/283
f 1594/2088/281 1593/2087/281 2577/2091/281 2578/2094/281
f 1596/2089/285 1594/2088/285 2578/2094/285 2580/2093/285
f 1595/2090/282 1596/2089/282 2580/2093/282 2579/2092/282
usemtl black.521
f 1597/2095/284 1598/2096/284 1600/2097/284 1599/2098/284
f 2581/2099/286 2583/2100/286 2584/2101/286 2582/2102/286
f 1597/2095/282 1599/2098/282 2583/2100/282 2581/2099/282
f 1598/2096/285 1597/2095/285 2581/2099/285 2582/2102/285
f 1600/2097/281 1598/2096/281 2582/2102/281 2584/2101/281
f 1599/2098/283 1600/2097/283 2584/2101/283 2583/2100/283
usemtl black.522
f 1601/2103/284 1602/2104/284 1604/2105/284 1603/2106/284
f 2585/2107/286 2587/2108/286 2588/2109/286 2586/2110/286
f 1601/2103/285 1603/2106/285 2587/2108/285 2585/2107/285
f 1602/2104/281 1601/2103/281 2585/2107/281 2586/2110/281
f 1604/2105/283 1602/2104/283 2586/2110/283 2588/2109/283
f 1603/2106/282 1604/2105/282 2588/2109/282 2587/2108/282
usemtl black.523
f 1605/2111/286 1606/2112/286 1608/2113/286 1607/2114/286
f 2589/2115/284 2591/2116/284 2592/2117/284 2590/2118/284
f 1605/2111/283 1607/2114/283 2591/2116/283 2589/2115/283
f 1606/2112/281 1605/2111/281 2589/2115/281 2590/2118/281
f 1608/2113/285 1606/2112/285 2590/2118/285 2592/2117/285
f 1607/2114/282 1608/2113/282 2592/2117/282 2591/2116/282
usemtl black.524
f 1609/2119/284 1610/2120/284 1612/2121/284 1611/2122/284
f 2593/2123/286 2595/2124/286 2596/2125/286 2594/2126/286
f 1609/2119/282 1611/2122/282 2595/2124/282 2593/2123/282
f 1610/2120/285 1609/2119/285 2593/2123/285 2594/2126/285
f 1612/2121/281 1610/2120/281 2594/2126/281 2596/2125/281
f 1611/2122/283 1612/2121/283 2596/2125/283 2595/2124/283
usemtl black.525
f 1613/2127/284 1614/2128/284 1616/2129/284 1615/2130/284
f 2597/2131/286 2599/2132/286 2600/2133/286 2598/2134/286
f 1613/2127/285 1615/2130/285 2599/2132/285 2597/2131/285
f 1614/2128/281 1613/2127/281 2597/2131/281 2598/2134/281
f 1616/2129/283 1614/2128/283 2598/2134/283 2600/2133/283
f 1615/2130/282 1616/2129/282 2600/2133/282 2599/2132/282
usemtl black.526
f 1617/2135/286 1618/2136/286 1620/2137/286 1619/2138/286
f 2601/2139/284 2603/2140/284 2604/2141/284 2602/2142/284
f 1617/2135/283 1619/2138/283 2603/2140/283 2601/2139/283
f 1618/2136/281 1617/2135/281 2601/2139/281 2602/2142/281
f 1620/2137/285 1618/2136/285 2602/2142/285 2604/2141/285
f 1619/2138/282 1620/2137/282 2604/2141/282 2603/2140/282
usemtl black.527
f 1621/2143/284 1622/2144/284 1624/2145/284 1623/2146/284
f 2605/2147/286 2607/2148/286 2608/2149/286 2606/2150/286
f 1621/2143/282 1623/2146/282 2607/2148/282 2605/2147/282
f 1622/2144/285 1621/2143/285 2605/2147/285 2606/2150/285
f 1624/2145/281 1622/2144/281 2606/2150/281 2608/2149/281
f 1623/2146/283 1624/2145/283 2608/2149/283 2607/2148/283
usemtl black.528
f 1625/2151/284 1626/2152/284 1628/2153/284 1627/2154/284
f 2609/2155/286 2611/2156/286 2612/2157/286 2610/2158/286
f 1625/2151/285 1627/2154/285 2611/2156/285 2609/2155/285
f 1626/2152/281 1625/2151/281 2609/2155/281 2610/2158/281
f 1628/2153/283 1626/2152/283 2610/2158/283 2612/2157/283
f 1627/2154/282 1628/2153/282 2612/2157/282 2611/2156/282
usemtl black.529
f 1629/2159/286 1630/2160/286 1632/2161/286 1631/2162/286
f 2613/2163/284 2615/2164/284 2616/2165/284 2614/2166/284
f 1629/2159/283 1631/2162/283 2615/2164/283 2613/2163/283
f 1630/2160/281 1629/2159/281 2613/2163/281 2614/2166/281
f 1632/2161/285 1630/2160/285 2614/2166/285 2616/2165/285
f 1631/2162/282 1632/2161/282 2616/2165/282 2615/2164/282
usemtl black.530
f 1633/2167/284 1634/2168/284 1636/2169/284 1635/2170/284
f 2617/2171/286 2619/2172/286 2620/2173/286 2618/2174/286
f 1633/2167/282 1635/2170/282 2619/2172/282 2617/2171/282
f 1634/2168/285 1633/2167/285 2617/2171/285 2618/2174/285
f 1636/2169/281 1634/2168/281 2618/2174/281 2620/2173/281
f 1635/2170/283 1636/2169/283 2620/2173/283 2619/2172/283
usemtl black.531
f 1637/2175/284 1638/2176/284 1640/2177/284 1639/2178/284
f 2621/2179/286 2623/2180/286 2624/2181/286 2622/2182/286
f 1637/2175/285 1639/2178/285 2623/2180/285 2621/2179/285
f 1638/2176/281 1637/2175/281 2621/2179/281 2622/2182/281
f 1640/2177/283 1638/2176/283 2622/2182/283 2624/2181/283
f 1639/2178/282 1640/2177/282 2624/2181/282 2623/2180/282
usemtl black.532
f 1641/2183/286 1642/2184/286 1644/2185/286 1643/2186/286
f 2625/2187/284 2627/2188/284 2628/2189/284 2626/2190/284
f 1641/2183/283 1643/2186/283 2627/2188/283 2625/2187/283
f 1642/2184/281 1641/2183/281 2625/2187/281 2626/2190/281
f 1644/2185/285 1642/2184/285 2626/2190/285 2628/2189/285
f 1643/2186/282 1644/2185/282 2628/2189/282 2627/2188/282
usemtl black.533
f 1645/2191/284 1646/2192/284 1648/2193/284 1647/2194/284
f 2629/2195/286 2631/2196/286 2632/2197/286 2630/2198/286
f 1645/2191/282 1647/2194/282 2631/2196/282 2629/2195/282
f 1646/2192/285 1645/2191/285 2629/2195/285 2630/2198/285
f 1648/2193/281 1646/2192/281 2630/2198/281 2632/2197/281
f 1647/2194/283 1648/2193/283 2632/2197/283 2631/2196/283
usemtl black.534
f 1649/2199/284 1650/2200/284 1652/2201/284 1651/2202/284
f 2633/2203/286 2635/2204/286 2636/2205/286 2634/2206/286
f 1649/2199/285 1651/2202/285 2635/2204/285 2633/2203/285
f 1650/2200/281 1649/2199/281 2633/2203/281 2634/2206/281
f 1652/2201/283 1650/2200/283 2634/2206/283 2636/2205/283
f 1651/2202/282 1652/2201/282 2636/2205/282 2635/2204/282
usemtl black.535
f 1653/2207/286 1654/2208/286 1656/2209/286 1655/2210/286
f 2637/2211/284 2639/2212/284 2640/2213/284 2638/2214/284
f 1653/2207/283 1655/2210/283 2639/2212/283 2637/2211/283
f 1654/2208/281 1653/2207/281 2637/2211/281 2638/2214/281
f 1656/2209/285 1654/2208/285 2638/2214/285 2640/2213/285
f 1655/2210/282 1656/2209/282 2640/2213/282 2639/2212/282
usemtl black.536
f 1657/2215/284 1658/2216/284 1660/2217/284 1659/2218/284
f 2641/2219/286 2643/2220/286 2644/2221/286 2642/2222/286
f 1657/2215/282 1659/2218/282 2643/2220/282 2641/2219/282
f 1658/2216/285 1657/2215/285 2641/2219/285 2642/2222/285
f 1660/2217/281 1658/2216/281 2642/2222/281 2644/2221/281
f 1659/2218/283 1660/2217/283 2644/2221/283 2643/2220/283
usemtl black.537
f 1661/2223/284 1662/2224/284 1664/2225/284 1663/2226/284
f 2645/2227/286 2647/2228/286 2648/2229/286 2646/2230/286
f 1661/2223/285 1663/2226/285 2647/2228/285 2645/2227/285
f 1662/2224/281 1661/2223/281 2645/2227/281 2646/2230/281
f 1664/2225/283 1662/2224/283 2646/2230/283 2648/2229/283
f 1663/2226/282 1664/2225/282 2648/2229/282 2647/2228/282
usemtl black.538
f 1665/2231/286 1666/2232/286 1668/2233/286 1667/2234/286
f 2649/2235/284 2651/2236/284 2652/2237/284 2650/2238/284
f 1665/2231/283 1667/2234/283 2651/2236/283 2649/2235/283
f 1666/2232/281 1665/2231/281 2649/2235/281 2650/2238/281
f 1668/2233/285 1666/2232/285 2650/2238/285 2652/2237/285
f 1667/2234/282 1668/2233/282 2652/2237/282 2651/2236/282
usemtl black.539
f 1669/2239/284 1670/2240/284 1672/2241/284 1671/2242/284
f 2653/2243/286 2655/2244/286 2656/2245/286 2654/2246/286
f 1669/2239/282 1671/2242/282 2655/2244/282 2653/2243/282
f 1670/2240/285 1669/2239/285 2653/2243/285 2654/2246/285
f 1672/2241/281 1670/2240/281 2654/2246/281 2656/2245/281
f 1671/2242/283 1672/2241/283 2656/2245/283 2655/2244/283
usemtl black.540
f 1673/2247/284 1674/2248/284 1676/2249/284 1675/2250/284
f 2657/2251/286 2659/2252/286 2660/2253/286 2658/2254/286
f 1673/2247/285 1675/2250/285 2659/2252/285 2657/2251/285
f 1674/2248/281 1673/2247/281 2657/2251/281 2658/2254/281
f 1676/2249/283 1674/2248/283 2658/2254/283 2660/2253/283
f 1675/2250/282 1676/2249/282 2660/2253/282 2659/2252/282
usemtl black.541
f 1677/2255/286 1678/2256/286 1680/2257/286 1679/2258/286
f 2661/2259/284 2663/2260/284 2664/2261/284 2662/2262/284
f 1677/2255/283 1679/2258/283 2663/2260/283 2661/2259/283
f 1678/2256/281 1677/2255/281 2661/2259/281 2662/2262/281
f 1680/2257/285 1678/2256/285 2662/2262/285 2664/2261/285
f 1679/2258/282 1680/2257/282 2664/2261/282 2663/2260/282
usemtl black.542
f 1681/2263/284 1682/2264/284 1684/2265/284 1683/2266/284
f 2665/2267/286 2667/2268/286 2668/2269/286 2666/2270/286
f 1681/2263/282 1683/2266/282 2667/2268/282 2665/2267/282
f 1682/2264/285 1681/2263/285 2665/2267/285 2666/2270/285
f 1684/2265/281 1682/2264/281 2666/2270/281 2668/2269/281
f 1683/2266/283 1684/2265/283 2668/2269/283 2667/2268/283
usemtl black.543
f 1685/2271/284 1686/2272/284 1688/2273/284 1687/2274/284
f 2669/2275/286 2671/2276/286 2672/2277/286 2670/2278/286
f 1685/2271/285 1687/2274/285 2671/2276/285 2669/2275/285
f 1686/2272/281 1685/2271/281 2669/2275/281 2670/2278/281
f 1688/2273/283 1686/2272/283 2670/2278/283 2672/2277/283
f 1687/2274/282 1688/2273/282 2672/2277/282 2671/2276/282
usemtl black.544
f 1689/2279/286 1690/2280/286 1692/2281/286 1691/2282/286
f 2673/2283/284 2675/2284/284 2676/2285/284 2674/2286/284
f 1689/2279/283 1691/2282/283 2675/2284/283 2673/2283/283
f 1690/2280/281 1689/2279/281 2673/2283/281 2674/2286/281
f 1692/2281/285 1690/2280/285 2674/2286/285 2676/2285/285
f 1691/2282/282 1692/2281/282 2676/2285/282 2675/2284/282
usemtl black.545
f 1693/2287/284 1694/2288/284 1696/2289/284 1695/2290/284
f 2677/2291/286 2679/2292/286 2680/2293/286 2678/2294/286
f 1693/2287/282 1695/2290/282 2679/2292/282 2677/2291/282
f 1694/2288/285 1693/2287/285 2677/2291/285 2678/2294/285
f 1696/2289/281 1694/2288/281 2678/2294/281 2680/2293/281
f 1695/2290/283 1696/2289/283 2680/2293/283 2679/2292/283
usemtl black.546
f 1697/2295/284 1698/2296/284 1700/2297/284 1699/2298/284
f 2681/2299/286 2683/2300/286 2684/2301/286 2682/2302/286
f 1697/2295/285 1699/2298/285 2683/2300/285 2681/2299/285
f 1698/2296/281 1697/2295/281 2681/2299/281 2682/2302/281
f 1700/2297/283 1698/2296/283 2682/2302/283 2684/2301/283
f 1699/2298/282 1700/2297/282 2684/2301/282 2683/2300/282
usemtl black.597
f 1701/2303/286 1702/2304/286 1704/2305/286 1703/2306/286
f 2685/2307/284 2687/2308/284 2688/2309/284 2686/2310/284
f 1701/2303/283 1703/2306/283 2687/2308/283 2685/2307/283
f 1702/2304/281 1701/2303/281 2685/2307/281 2686/2310/281
f 1704/2305/285 1702/2304/285 2686/2310/285 2688/2309/285
f 1703/2306/282 1704/2305/282 2688/2309/282 2687/2308/282
usemtl black.592
f 1705/2311/281 1706/2312/281 1708/2313/281 1707/2314/281
f 2689/2315/282 2691/2316/282 2692/2317/282 2690/2318/282
f 1705/2311/283 1707/2314/283 2691/2316/283 2689/2315/283
f 1706/2312/284 1705/2311/284 2689/2315/284 2690/2318/284
f 1708/2313/285 1706/2312/285 2690/2318/285 2692/2317/285
f 1707/2314/286 1708/2313/286 2692/2317/286 2691/2316/286
usemtl black.593
f 1709/2319/282 1710/2320/282 1712/2321/282 1711/2322/282
f 2693/2323/281 2695/2324/281 2696/2325/281 2694/2326/281
f 1709/2319/286 1711/2322/286 2695/2324/286 2693/2323/286
f 1710/2320/285 1709/2319/285 2693/2323/285 2694/2326/285
f 1712/2321/284 1710/2320/284 2694/2326/284 2696/2325/284
f 1711/2322/283 1712/2321/283 2696/2325/283 2695/2324/283
usemtl black.594
f 1713/2327/282 1714/2328/282 1716/2329/282 1715/2330/282
f 2697/2331/281 2699/2332/281 2700/2333/281 2698/2334/281
f 1713/2327/285 1715/2330/285 2699/2332/285 2697/2331/285
f 1714/2328/284 1713/2327/284 2697/2331/284 2698/2334/284
f 1716/2329/283 1714/2328/283 2698/2334/283 2700/2333/283
f 1715/2330/286 1716/2329/286 2700/2333/286 2699/2332/286
usemtl black.571
f 1717/2335/281 1718/2336/281 1720/2337/281 1719/2338/281
f 2701/2339/282 2703/2340/282 2704/2341/282 2702/2342/282
f 1717/2335/283 1719/2338/283 2703/2340/283 2701/2339/283
f 1718/2336/284 1717/2335/284 2701/2339/284 2702/2342/284
f 1720/2337/285 1718/2336/285 2702/2342/285 2704/2341/285
f 1719/2338/286 1720/2337/286 2704/2341/286 2703/2340/286
usemtl black.572
f 1721/2343/282 1722/2344/282 1724/2345/282 1723/2346/282
f 2705/2347/281 2707/2348/281 2708/2349/281 2706/2350/281
f 1721/2343/286 1723/2346/286 2707/2348/286 2705/2347/286
f 1722/2344/285 1721/2343/285 2705/2347/285 2706/2350/285
f 1724/2345/284 1722/2344/284 2706/2350/284 2708/2349/284
f 1723/2346/283 1724/2345/283 2708/2349/283 2707/2348/283
usemtl black.573
f 1725/2351/282 1726/2352/282 1728/2353/282 1727/2354/282
f 2709/2355/281 2711/2356/281 2712/2357/281 2710/2358/281
f 1725/2351/285 1727/2354/285 2711/2356/285 2709/2355/285
f 1726/2352/284 1725/2351/284 2709/2355/284 2710/2358/284
f 1728/2353/283 1726/2352/283 2710/2358/283 2712/2357/283
f 1727/2354/286 1728/2353/286 2712/2357/286 2711/2356/286
usemtl black.574
f 1729/2359/281 1730/2360/281 1732/2361/281 1731/2362/281
f 2713/2363/282 2715/2364/282 2716/2365/282 2714/2366/282
f 1729/2359/283 1731/2362/283 2715/2364/283 2713/2363/283
f 1730/2360/284 1729/2359/284 2713/2363/284 2714/2366/284
f 1732/2361/285 1730/2360/285 2714/2366/285 2716/2365/285
f 1731/2362/286 1732/2361/286 2716/2365/286 2715/2364/286
usemtl black.575
f 1733/2367/282 1734/2368/282 1736/2369/282 1735/2370/282
f 2717/2371/281 2719/2372/281 2720/2373/281 2718/2374/281
f 1733/2367/286 1735/2370/286 2719/2372/286 2717/2371/286
f 1734/2368/285 1733/2367/285 2717/2371/285 2718/2374/285
f 1736/2369/284 1734/2368/284 2718/2374/284 2720/2373/284
f 1735/2370/283 1736/2369/283 2720/2373/283 2719/2372/283
usemtl black.576
f 1737/2375/282 1738/2376/282 1740/2377/282 1739/2378/282
f 2721/2379/281 2723/2380/281 2724/2381/281 2722/2382/281
f 1737/2375/285 1739/2378/285 2723/2380/285 2721/2379/285
f 1738/2376/284 1737/2375/284 2721/2379/284 2722/2382/284
f 1740/2377/283 1738/2376/283 2722/2382/283 2724/2381/283
f 1739/2378/286 1740/2377/286 2724/2381/286 2723/2380/286
usemtl black.577
f 1741/2383/281 1742/2384/281 1744/2385/281 1743/2386/281
f 2725/2387/282 2727/2388/282 2728/2389/282 2726/2390/282
f 1741/2383/283 1743/2386/283 2727/2388/283 2725/2387/283
f 1742/2384/284 1741/2383/284 2725/2387/284 2726/2390/284
f 1744/2385/285 1742/2384/285 2726/2390/285 2728/2389/285
f 1743/2386/286 1744/2385/286 2728/2389/286 2727/2388/286
usemtl black.578
f 1745/2391/282 1746/2392/282 1748/2393/282 1747/2394/282
f 2729/2395/281 2731/2396/281 2732/2397/281 2730/2398/281
f 1745/2391/286 1747/2394/286 2731/2396/286 2729/2395/286
f 1746/2392/285 1745/2391/285 2729/2395/285 2730/2398/285
f 1748/2393/284 1746/2392/284 2730/2398/284 2732/2397/284
f 1747/2394/283 1748/2393/283 2732/2397/283 2731/2396/283
usemtl black.579
f 1749/2399/282 1750/2400/282 1752/2401/282 1751/2402/282
f 2733/2403/281 2735/2404/281 2736/2405/281 2734/2406/281
f 1749/2399/285 1751/2402/285 2735/2404/285 2733/2403/285
f 1750/2400/284 1749/2399/284 2733/2403/284 2734/2406/284
f 1752/2401/283 1750/2400/283 2734/2406/283 2736/2405/283
f 1751/2402/286 1752/2401/286 2736/2405/286 2735/2404/286
usemtl black.580
f 1753/2407/281 1754/2408/281 1756/2409/281 1755/2410/281
f 2737/2411/282 2739/2412/282 2740/2413/282 2738/2414/282
f 1753/2407/283 1755/2410/283 2739/2412/283 2737/2411/283
f 1754/2408/284 1753/2407/284 2737/2411/284 2738/2414/284
f 1756/2409/285 1754/2408/285 2738/2414/285 2740/2413/285
f 1755/2410/286 1756/2409/286 2740/2413/286 2739/2412/286
usemtl black.581
f 1757/2415/282 1758/2416/282 1760/2417/282 1759/2418/282
f 2741/2419/281 2743/2420/281 2744/2421/281 2742/2422/281
f 1757/2415/286 1759/2418/286 2743/2420/286 2741/2419/286
f 1758/2416/285 1757/2415/285 2741/2419/285 2742/2422/285
f 1760/2417/284 1758/2416/284 2742/2422/284 2744/2421/284
f 1759/2418/283 1760/2417/283 2744/2421/283 2743/2420/283
usemtl black.582
f 1761/2423/282 1762/2424/282 1764/2425/282 1763/2426/282
f 2745/2427/281 2747/2428/281 2748/2429/281 2746/2430/281
f 1761/2423/285 1763/2426/285 2747/2428/285 2745/2427/285
f 1762/2424/284 1761/2423/284 2745/2427/284 2746/2430/284
f 1764/2425/283 1762/2424/283 2746/2430/283 2748/2429/283
f 1763/2426/286 1764/2425/286 2748/2429/286 2747/2428/286
usemtl black.583
f 1765/2431/281 1766/2432/281 1768/2433/281 1767/2434/281
f 2749/2435/282 2751/2436/282 2752/2437/282 2750/2438/282
f 1765/2431/283 1767/2434/283 2751/2436/283 2749/2435/283
f 1766/2432/284 1765/2431/284 2749/2435/284 2750/2438/284
f 1768/2433/285 1766/2432/285 2750/2438/285 2752/2437/285
f 1767/2434/286 1768/2433/286 2752/2437/286 2751/2436/286
usemtl black.584
f 1769/2439/282 1770/2440/282 1772/2441/282 1771/2442/282
f 2753/2443/281 2755/2444/281 2756/2445/281 2754/2446/281
f 1769/2439/286 1771/2442/286 2755/2444/286 2753/2443/286
f 1770/2440/285 1769/2439/285 2753/2443/285 2754/2446/285
f 1772/2441/284 1770/2440/284 2754/2446/284 2756/2445/284
f 1771/2442/283 1772/2441/283 2756/2445/283 2755/2444/283
usemtl black.585
f 1773/2447/282 1774/2448/282 1776/2449/282 1775/2450/282
f 2757/2451/281 2759/2452/281 2760/2453/281 2758/2454/281
f 1773/2447/285 1775/2450/285 2759/2452/285 2757/2451/285
f 1774/2448/284 1773/2447/284 2757/2451/284 2758/2454/284
f 1776/2449/283 1774/2448/283 2758/2454/283 2760/2453/283
f 1775/2450/286 1776/2449/286 2760/2453/286 2759/2452/286
usemtl black.586
f 1777/2455/281 1778/2456/281 1780/2457/281 1779/2458/281
f 2761/2459/282 2763/2460/282 2764/2461/282 2762/2462/282
f 1777/2455/283 1779/2458/283 2763/2460/283 2761/2459/283
f 1778/2456/284 1777/2455/284 2761/2459/284 2762/2462/284
f 1780/2457/285 1778/2456/285 2762/2462/285 2764/2461/285
f 1779/2458/286 1780/2457/286 2764/2461/286 2763/2460/286
usemtl black.587
f 1781/2463/282 1782/2464/282 1784/2465/282 1783/2466/282
f 2765/2467/281 2767/2468/281 2768/2469/281 2766/2470/281
f 1781/2463/286 1783/2466/286 2767/2468/286 2765/2467/286
f 1782/2464/285 1781/2463/285 2765/2467/285 2766/2470/285
f 1784/2465/284 1782/2464/284 2766/2470/284 2768/2469/284
f 1783/2466/283 1784/2465/283 2768/2469/283 2767/2468/283
usemtl black.588
f 1785/2471/282 1786/2472/282 1788/2473/282 1787/2474/282
f 2769/2475/281 2771/2476/281 2772/2477/281 2770/2478/281
f 1785/2471/285 1787/2474/285 2771/2476/285 2769/2475/285
f 1786/2472/284 1785/2471/284 2769/2475/284 2770/2478/284
f 1788/2473/283 1786/2472/283 2770/2478/283 2772/2477/283
f 1787/2474/286 1788/2473/286 2772/2477/286 2771/2476/286
usemtl black.589
f 1789/2479/281 1790/2480/281 1792/2481/281 1791/2482/281
f 2773/2483/282 2775/2484/282 2776/2485/282 2774/2486/282
f 1789/2479/283 1791/2482/283 2775/2484/283 2773/2483/283
f 1790/2480/284 1789/2479/284 2773/2483/284 2774/2486/284
f 1792/2481/285 1790/2480/285 2774/2486/285 2776/2485/285
f 1791/2482/286 1792/2481/286 2776/2485/286 2775/2484/286
usemtl black.590
f 1793/2487/282 1794/2488/282 1796/2489/282 1795/2490/282
f 2777/2491/281 2779/2492/281 2780/2493/281 2778/2494/281
f 1793/2487/286 1795/2490/286 2779/2492/286 2777/2491/286
f 1794/2488/285 1793/2487/285 2777/2491/285 2778/2494/285
f 1796/2489/284 1794/2488/284 2778/2494/284 2780/2493/284
f 1795/2490/283 1796/2489/283 2780/2493/283 2779/2492/283
usemtl black.591
f 1797/2495/282 1798/2496/282 1800/2497/282 1799/2498/282
f 2781/2499/281 2783/2500/281 2784/2501/281 2782/2502/281
f 1797/2495/285 1799/2498/285 2783/2500/285 2781/2499/285
f 1798/2496/284 1797/2495/284 2781/2499/284 2782/2502/284
f 1800/2497/283 1798/2496/283 2782/2502/283 2784/2501/283
f 1799/2498/286 1800/2497/286 2784/2501/286 2783/2500/286
usemtl black.599
f 1801/2503/282 1802/2504/282 1804/2505/282 1803/2506/282
f 2785/2507/281 2787/2508/281 2788/2509/281 2786/2510/281
f 1801/2503/285 1803/2506/285 2787/2508/285 2785/2507/285
f 1802/2504/284 1801/2503/284 2785/2507/284 2786/2510/284
f 1804/2505/283 1802/2504/283 2786/2510/283 2788/2509/283
f 1803/2506/286 1804/2505/286 2788/2509/286 2787/2508/286
usemtl black.596
f 1805/2511/286 1806/2512/286 1808/2513/286 1807/2514/286
f 2789/2515/284 2791/2516/284 2792/2517/284 2790/2518/284
f 1805/2511/283 1807/2514/283 2791/2516/283 2789/2515/283
f 1806/2512/281 1805/2511/281 2789/2515/281 2790/2518/281
f 1808/2513/285 1806/2512/285 2790/2518/285 2792/2517/285
f 1807/2514/282 1808/2513/282 2792/2517/282 2791/2516/282
usemtl black.451
f 1809/2519/286 1810/2520/286 1812/2521/286 1811/2522/286
f 2793/2523/284 2795/2524/284 2796/2525/284 2794/2526/284
f 1809/2519/283 1811/2522/283 2795/2524/283 2793/2523/283
f 1810/2520/281 1809/2519/281 2793/2523/281 2794/2526/281
f 1812/2521/285 1810/2520/285 2794/2526/285 2796/2525/285
f 1811/2522/282 1812/2521/282 2796/2525/282 2795/2524/282
usemtl black.452
f 1813/2527/284 1814/2528/284 1816/2529/284 1815/2530/284
f 2797/2531/286 2799/2532/286 2800/2533/286 2798/2534/286
f 1813/2527/282 1815/2530/282 2799/2532/282 2797/2531/282
f 1814/2528/285 1813/2527/285 2797/2531/285 2798/2534/285
f 1816/2529/281 1814/2528/281 2798/2534/281 2800/2533/281
f 1815/2530/283 1816/2529/283 2800/2533/283 2799/2532/283
usemtl black.453
f 1817/2535/284 1818/2536/284 1820/2537/284 1819/2538/284
f 2801/2539/286 2803/2540/286 2804/2541/286 2802/2542/286
f 1817/2535/285 1819/2538/285 2803/2540/285 2801/2539/285
f 1818/2536/281 1817/2535/281 2801/2539/281 2802/2542/281
f 1820/2537/283 1818/2536/283 2802/2542/283 2804/2541/283
f 1819/2538/282 1820/2537/282 2804/2541/282 2803/2540/282
usemtl black.454
f 1821/2543/286 1822/2544/286 1824/2545/286 1823/2546/286
f 2805/2547/284 2807/2548/284 2808/2549/284 2806/2550/284
f 1821/2543/283 1823/2546/283 2807/2548/283 2805/2547/283
f 1822/2544/281 1821/2543/281 2805/2547/281 2806/2550/281
f 1824/2545/285 1822/2544/285 2806/2550/285 2808/2549/285
f 1823/2546/282 1824/2545/282 2808/2549/282 2807/2548/282
usemtl black.455
f 1825/2551/284 1826/2552/284 1828/2553/284 1827/2554/284
f 2809/2555/286 2811/2556/286 2812/2557/286 2810/2558/286
f 1825/2551/282 1827/2554/282 2811/2556/282 2809/2555/282
f 1826/2552/285 1825/2551/285 2809/2555/285 2810/2558/285
f 1828/2553/281 1826/2552/281 2810/2558/281 2812/2557/281
f 1827/2554/283 1828/2553/283 2812/2557/283 2811/2556/283
usemtl black.456
f 1829/2559/284 1830/2560/284 1832/2561/284 1831/2562/284
f 2813/2563/286 2815/2564/286 2816/2565/286 2814/2566/286
f 1829/2559/285 1831/2562/285 2815/2564/285 2813/2563/285
f 1830/2560/281 1829/2559/281 2813/2563/281 2814/2566/281
f 1832/2561/283 1830/2560/283 2814/2566/283 2816/2565/283
f 1831/2562/282 1832/2561/282 2816/2565/282 2815/2564/282
usemtl black.457
f 1833/2567/286 1834/2568/286 1836/2569/286 1835/2570/286
f 2817/2571/284 2819/2572/284 2820/2573/284 2818/2574/284
f 1833/2567/283 1835/2570/283 2819/2572/283 2817/2571/283
f 1834/2568/281 1833/2567/281 2817/2571/281 2818/2574/281
f 1836/2569/285 1834/2568/285 2818/2574/285 2820/2573/285
f 1835/2570/282 1836/2569/282 2820/2573/282 2819/2572/282
usemtl black.458
f 1837/2575/284 1838/2576/284 1840/2577/284 1839/2578/284
f 2821/2579/286 2823/2580/286 2824/2581/286 2822/2582/286
f 1837/2575/282 1839/2578/282 2823/2580/282 2821/2579/282
f 1838/2576/285 1837/2575/285 2821/2579/285 2822/2582/285
f 1840/2577/281 1838/2576/281 2822/2582/281 2824/2581/281
f 1839/2578/283 1840/2577/283 2824/2581/283 2823/2580/283
usemtl black.459
f 1841/2583/284 1842/2584/284 1844/2585/284 1843/2586/284
f 2825/2587/286 2827/2588/286 2828/2589/286 2826/2590/286
f 1841/2583/285 1843/2586/285 2827/2588/285 2825/2587/285
f 1842/2584/281 1841/2583/281 2825/2587/281 2826/2590/281
f 1844/2585/283 1842/2584/283 2826/2590/283 2828/2589/283
f 1843/2586/282 1844/2585/282 2828/2589/282 2827/2588/282
usemtl black.460
f 1845/2591/286 1846/2592/286 1848/2593/286 1847/2594/286
f 2829/2595/284 2831/2596/284 2832/2597/284 2830/2598/284
f 1845/2591/283 1847/2594/283 2831/2596/283 2829/2595/283
f 1846/2592/281 1845/2591/281 2829/2595/281 2830/2598/281
f 1848/2593/285 1846/2592/285 2830/2598/285 2832/2597/285
f 1847/2594/282 1848/2593/282 2832/2597/282 2831/2596/282
usemtl black.461
f 1849/2599/284 1850/2600/284 1852/2601/284 1851/2602/284
f 2833/2603/286 2835/2604/286 2836/2605/286 2834/2606/286
f 1849/2599/282 1851/2602/282 2835/2604/282 2833/2603/282
f 1850/2600/285 1849/2599/285 2833/2603/285 2834/2606/285
f 1852/2601/281 1850/2600/281 2834/2606/281 2836/2605/281
f 1851/2602/283 1852/2601/283 2836/2605/283 2835/2604/283
usemtl black.462
f 1853/2607/284 1854/2608/284 1856/2609/284 1855/2610/284
f 2837/2611/286 2839/2612/286 2840/2613/286 2838/2614/286
f 1853/2607/285 1855/2610/285 2839/2612/285 2837/2611/285
f 1854/2608/281 1853/2607/281 2837/2611/281 2838/2614/281
f 1856/2609/283 1854/2608/283 2838/2614/283 2840/2613/283
f 1855/2610/282 1856/2609/282 2840/2613/282 2839/2612/282
usemtl black.463
f 1857/2615/286 1858/2616/286 1860/2617/286 1859/2618/286
f 2841/2619/284 2843/2620/284 2844/2621/284 2842/2622/284
f 1857/2615/283 1859/2618/283 2843/2620/283 2841/2619/283
f 1858/2616/281 1857/2615/281 2841/2619/281 2842/2622/281
f 1860/2617/285 1858/2616/285 2842/2622/285 2844/2621/285
f 1859/2618/282 1860/2617/282 2844/2621/282 2843/2620/282
usemtl black.464
f 1861/2623/284 1862/2624/284 1864/2625/284 1863/2626/284
f 2845/2627/286 2847/2628/286 2848/2629/286 2846/2630/286
f 1861/2623/282 1863/2626/282 2847/2628/282 2845/2627/282
f 1862/2624/285 1861/2623/285 2845/2627/285 2846/2630/285
f 1864/2625/281 1862/2624/281 2846/2630/281 2848/2629/281
f 1863/2626/283 1864/2625/283 2848/2629/283 2847/2628/283
usemtl black.465
f 1865/2631/284 1866/2632/284 1868/2633/284 1867/2634/284
f 2849/2635/286 2851/2636/286 2852/2637/286 2850/2638/286
f 1865/2631/285 1867/2634/285 2851/2636/285 2849/2635/285
f 1866/2632/281 1865/2631/281 2849/2635/281 2850/2638/281
f 1868/2633/283 1866/2632/283 2850/2638/283 2852/2637/283
f 1867/2634/282 1868/2633/282 2852/2637/282 2851/2636/282
usemtl black.466
f 1869/2639/286 1870/2640/286 1872/2641/286 1871/2642/286
f 2853/2643/284 2855/2644/284 2856/2645/284 2854/2646/284
f 1869/2639/283 1871/2642/283 2855/2644/283 2853/2643/283
f 1870/2640/281 1869/2639/281 2853/2643/281 2854/2646/281
f 1872/2641/285 1870/2640/285 2854/2646/285 2856/2645/285
f 1871/2642/282 1872/2641/282 2856/2645/282 2855/2644/282
usemtl black.467
f 1873/2647/284 1874/2648/284 1876/2649/284 1875/2650/284
f 2857/2651/286 2859/2652/286 2860/2653/286 2858/2654/286
f 1873/2647/282 1875/2650/282 2859/2652/282 2857/2651/282
f 1874/2648/285 1873/2647/285 2857/2651/285 2858/2654/285
f 1876/2649/281 1874/2648/281 2858/2654/281 2860/2653/281
f 1875/2650/283 1876/2649/283 2860/2653/283 2859/2652/283
usemtl black.468
f 1877/2655/284 1878/2656/284 1880/2657/284 1879/2658/284
f 2861/2659/286 2863/2660/286 2864/2661/286 2862/2662/286
f 1877/2655/285 1879/2658/285 2863/2660/285 2861/2659/285
f 1878/2656/281 1877/2655/281 2861/2659/281 2862/2662/281
f 1880/2657/283 1878/2656/283 2862/2662/283 2864/2661/283
f 1879/2658/282 1880/2657/282 2864/2661/282 2863/2660/282
usemtl black.469
f 1881/2663/286 1882/2664/286 1884/2665/286 1883/2666/286
f 2865/2667/284 2867/2668/284 2868/2669/284 2866/2670/284
f 1881/2663/283 1883/2666/283 2867/2668/283 2865/2667/283
f 1882/2664/281 1881/2663/281 2865/2667/281 2866/2670/281
f 1884/2665/285 1882/2664/285 2866/2670/285 2868/2669/285
f 1883/2666/282 1884/2665/282 2868/2669/282 2867/2668/282
usemtl black.470
f 1885/2671/284 1886/2672/284 1888/2673/284 1887/2674/284
f 2869/2675/286 2871/2676/286 2872/2677/286 2870/2678/286
f 1885/2671/282 1887/2674/282 2871/2676/282 2869/2675/282
f 1886/2672/285 1885/2671/285 2869/2675/285 2870/2678/285
f 1888/2673/281 1886/2672/281 2870/2678/281 2872/2677/281
f 1887/2674/283 1888/2673/283 2872/2677/283 2871/2676/283
usemtl black.471
f 1889/2679/284 1890/2680/284 1892/2681/284 1891/2682/284
f 2873/2683/286 2875/2684/286 2876/2685/286 2874/2686/286
f 1889/2679/285 1891/2682/285 2875/2684/285 2873/2683/285
f 1890/2680/281 1889/2679/281 2873/2683/281 2874/2686/281
f 1892/2681/283 1890/2680/283 2874/2686/283 2876/2685/283
f 1891/2682/282 1892/2681/282 2876/2685/282 2875/2684/282
usemtl black.472
f 1893/2687/286 1894/2688/286 1896/2689/286 1895/2690/286
f 2877/2691/284 2879/2692/284 2880/2693/284 2878/2694/284
f 1893/2687/283 1895/2690/283 2879/2692/283 2877/2691/283
f 1894/2688/281 1893/2687/281 2877/2691/281 2878/2694/281
f 1896/2689/285 1894/2688/285 2878/2694/285 2880/2693/285
f 1895/2690/282 1896/2689/282 2880/2693/282 2879/2692/282
usemtl black.473
f 1897/2695/284 1898/2696/284 1900/2697/284 1899/2698/284
f 2881/2699/286 2883/2700/286 2884/2701/286 2882/2702/286
f 1897/2695/282 1899/2698/282 2883/2700/282 2881/2699/282
f 1898/2696/285 1897/2695/285 2881/2699/285 2882/2702/285
f 1900/2697/281 1898/2696/281 2882/2702/281 2884/2701/281
f 1899/2698/283 1900/2697/283 2884/2701/283 2883/2700/283
usemtl black.474
f 1901/2703/284 1902/2704/284 1904/2705/284 1903/2706/284
f 2885/2707/286 2887/2708/286 2888/2709/286 2886/2710/286
f 1901/2703/285 1903/2706/285 2887/2708/285 2885/2707/285
f 1902/2704/281 1901/2703/281 2885/2707/281 2886/2710/281
f 1904/2705/283 1902/2704/283 2886/2710/283 2888/2709/283
f 1903/2706/282 1904/2705/282 2888/2709/282 2887/2708/282
usemtl black.475
f 1905/2711/286 1906/2712/286 1908/2713/286 1907/2714/286
f 2889/2715/284 2891/2716/284 2892/2717/284 2890/2718/284
f 1905/2711/283 1907/2714/283 2891/2716/283 2889/2715/283
f 1906/2712/281 1905/2711/281 2889/2715/281 2890/2718/281
f 1908/2713/285 1906/2712/285 2890/2718/285 2892/2717/285
f 1907/2714/282 1908/2713/282 2892/2717/282 2891/2716/282
usemtl black.476
f 1909/2719/284 1910/2720/284 1912/2721/284 1911/2722/284
f 2893/2723/286 2895/2724/286 2896/2725/286 2894/2726/286
f 1909/2719/282 1911/2722/282 2895/2724/282 2893/2723/282
f 1910/2720/285 1909/2719/285 2893/2723/285 2894/2726/285
f 1912/2721/281 1910/2720/281 2894/2726/281 2896/2725/281
f 1911/2722/283 1912/2721/283 2896/2725/283 2895/2724/283
usemtl black.477
f 1913/2727/284 1914/2728/284 1916/2729/284 1915/2730/284
f 2897/2731/286 2899/2732/286 2900/2733/286 2898/2734/286
f 1913/2727/285 1915/2730/285 2899/2732/285 2897/2731/285
f 1914/2728/281 1913/2727/281 2897/2731/281 2898/2734/281
f 1916/2729/283 1914/2728/283 2898/2734/283 2900/2733/283
f 1915/2730/282 1916/2729/282 2900/2733/282 2899/2732/282
usemtl black.478
f 1917/2735/286 1918/2736/286 1920/2737/286 1919/2738/286
f 2901/2739/284 2903/2740/284 2904/2741/284 2902/2742/284
f 1917/2735/283 1919/2738/283 2903/2740/283 2901/2739/283
f 1918/2736/281 1917/2735/281 2901/2739/281 2902/2742/281
f 1920/2737/285 1918/2736/285 2902/2742/285 2904/2741/285
f 1919/2738/282 1920/2737/282 2904/2741/282 2903/2740/282
usemtl black.479
f 1921/2743/284 1922/2744/284 1924/2745/284 1923/2746/284
f 2905/2747/286 2907/2748/286 2908/2749/286 2906/2750/286
f 1921/2743/282 1923/2746/282 2907/2748/282 2905/2747/282
f 1922/2744/285 1921/2743/285 2905/2747/285 2906/2750/285
f 1924/2745/281 1922/2744/281 2906/2750/281 2908/2749/281
f 1923/2746/283 1924/2745/283 2908/2749/283 2907/2748/283
usemtl black.480
f 1925/2751/284 1926/2752/284 1928/2753/284 1927/2754/284
f 2909/2755/286 2911/2756/286 2912/2757/286 2910/2758/286
f 1925/2751/285 1927/2754/285 2911/2756/285 2909/2755/285
f 1926/2752/281 1925/2751/281 2909/2755/281 2910/2758/281
f 1928/2753/283 1926/2752/283 2910/2758/283 2912/2757/283
f 1927/2754/282 1928/2753/282 2912/2757/282 2911/2756/282
usemtl black.481
f 1929/2759/286 1930/2760/286 1932/2761/286 1931/2762/286
f 2913/2763/284 2915/2764/284 2916/2765/284 2914/2766/284
f 1929/2759/283 1931/2762/283 2915/2764/283 2913/2763/283
f 1930/2760/281 1929/2759/281 2913/2763/281 2914/2766/281
f 1932/2761/285 1930/2760/285 2914/2766/285 2916/2765/285
f 1931/2762/282 1932/2761/282 2916/2765/282 2915/2764/282
usemtl black.482
f 1933/2767/284 1934/2768/284 1936/2769/284 1935/2770/284
f 2917/2771/286 2919/2772/286 2920/2773/286 2918/2774/286
f 1933/2767/282 1935/2770/282 2919/2772/282 2917/2771/282
f 1934/2768/285 1933/2767/285 2917/2771/285 2918/2774/285
f 1936/2769/281 1934/2768/281 2918/2774/281 2920/2773/281
f 1935/2770/283 1936/2769/283 2920/2773/283 2919/2772/283
usemtl black.483
f 1937/2775/284 1938/2776/284 1940/2777/284 1939/2778/284
f 2921/2779/286 2923/2780/286 2924/2781/286 2922/2782/286
f 1937/2775/285 1939/2778/285 2923/2780/285 2921/2779/285
f 1938/2776/281 1937/2775/281 2921/2779/281 2922/2782/281
f 1940/2777/283 1938/2776/283 2922/2782/283 2924/2781/283
f 1939/2778/282 1940/2777/282 2924/2781/282 2923/2780/282
usemtl black.484
f 1941/2783/286 1942/2784/286 1944/2785/286 1943/2786/286
f 2925/2787/284 2927/2788/284 2928/2789/284 2926/2790/284
f 1941/2783/283 1943/2786/283 2927/2788/283 2925/2787/283
f 1942/2784/281 1941/2783/281 2925/2787/281 2926/2790/281
f 1944/2785/285 1942/2784/285 2926/2790/285 2928/2789/285
f 1943/2786/282 1944/2785/282 2928/2789/282 2927/2788/282
usemtl black.485
f 1945/2791/284 1946/2792/284 1948/2793/284 1947/2794/284
f 2929/2795/286 2931/2796/286 2932/2797/286 2930/2798/286
f 1945/2791/282 1947/2794/282 2931/2796/282 2929/2795/282
f 1946/2792/285 1945/2791/285 2929/2795/285 2930/2798/285
f 1948/2793/281 1946/2792/281 2930/2798/281 2932/2797/281
f 1947/2794/283 1948/2793/283 2932/2797/283 2931/2796/283
usemtl black.486
f 1949/2799/284 1950/2800/284 1952/2801/284 1951/2802/284
f 2933/2803/286 2935/2804/286 2936/2805/286 2934/2806/286
f 1949/2799/285 1951/2802/285 2935/2804/285 2933/2803/285
f 1950/2800/281 1949/2799/281 2933/2803/281 2934/2806/281
f 1952/2801/283 1950/2800/283 2934/2806/283 2936/2805/283
f 1951/2802/282 1952/2801/282 2936/2805/282 2935/2804/282
usemtl black.487
f 1953/2807/286 1954/2808/286 1956/2809/286 1955/2810/286
f 2937/2811/284 2939/2812/284 2940/2813/284 2938/2814/284
f 1953/2807/283 1955/2810/283 2939/2812/283 2937/2811/283
f 1954/2808/281 1953/2807/281 2937/2811/281 2938/2814/281
f 1956/2809/285 1954/2808/285 2938/2814/285 2940/2813/285
f 1955/2810/282 1956/2809/282 2940/2813/282 2939/2812/282
usemtl black.488
f 1957/2815/284 1958/2816/284 1960/2817/284 1959/2818/284
f 2941/2819/286 2943/2820/286 2944/2821/286 2942/2822/286
f 1957/2815/282 1959/2818/282 2943/2820/282 2941/2819/282
f 1958/2816/285 1957/2815/285 2941/2819/285 2942/2822/285
f 1960/2817/281 1958/2816/281 2942/2822/281 2944/2821/281
f 1959/2818/283 1960/2817/283 2944/2821/283 2943/2820/283
usemtl black.489
f 1961/2823/284 1962/2824/284 1964/2825/284 1963/2826/284
f 2945/2827/286 2947/2828/286 2948/2829/286 2946/2830/286
f 1961/2823/285 1963/2826/285 2947/2828/285 2945/2827/285
f 1962/2824/281 1961/2823/281 2945/2827/281 2946/2830/281
f 1964/2825/283 1962/2824/283 2946/2830/283 2948/2829/283
f 1963/2826/282 1964/2825/282 2948/2829/282 2947/2828/282
usemtl black.490
f 1965/2831/286 1966/2832/286 1968/2833/286 1967/2834/286
f 2949/2835/284 2951/2836/284 2952/2837/284 2950/2838/284
f 1965/2831/283 1967/2834/283 2951/2836/283 2949/2835/283
f 1966/2832/281 1965/2831/281 2949/2835/281 2950/2838/281
f 1968/2833/285 1966/2832/285 2950/2838/285 2952/2837/285
f 1967/2834/282 1968/2833/282 2952/2837/282 2951/2836/282
usemtl black.491
f 1969/2839/284 1970/2840/284 1972/2841/284 1971/2842/284
f 2953/2843/286 2955/2844/286 2956/2845/286 2954/2846/286
f 1969/2839/282 1971/2842/282 2955/2844/282 2953/2843/282
f 1970/2840/285 1969/2839/285 2953/2843/285 2954/2846/285
f 1972/2841/281 1970/2840/281 2954/2846/281 2956/2845/281
f 1971/2842/283 1972/2841/283 2956/2845/283 2955/2844/283
usemtl black.492
f 1973/2847/284 1974/2848/284 1976/2849/284 1975/2850/284
f 2957/2851/286 2959/2852/286 2960/2853/286 2958/2854/286
f 1973/2847/285 1975/2850/285 2959/2852/285 2957/2851/285
f 1974/2848/281 1973/2847/281 2957/2851/281 2958/2854/281
f 1976/2849/283 1974/2848/283 2958/2854/283 2960/2853/283
f 1975/2850/282 1976/2849/282 2960/2853/282 2959/2852/282
usemtl black.493
f 1977/2855/286 1978/2856/286 1980/2857/286 1979/2858/286
f 2961/2859/284 2963/2860/284 2964/2861/284 2962/2862/284
f 1977/2855/283 1979/2858/283 2963/2860/283 2961/2859/283
f 1978/2856/281 1977/2855/281 2961/2859/281 2962/2862/281
f 1980/2857/285 1978/2856/285 2962/2862/285 2964/2861/285
f 1979/2858/282 1980/2857/282 2964/2861/282 2963/2860/282
usemtl black.494
f 1981/2863/284 1982/2864/284 1984/2865/284 1983/2866/284
f 2965/2867/286 2967/2868/286 2968/2869/286 2966/2870/286
f 1981/2863/282 1983/2866/282 2967/2868/282 2965/2867/282
f 1982/2864/285 1981/2863/285 2965/2867/285 2966/2870/285
f 1984/2865/281 1982/2864/281 2966/2870/281 2968/2869/281
f 1983/2866/283 1984/2865/283 2968/2869/283 2967/2868/283
usemtl black.495
f 1985/2871/284 1986/2872/284 1988/2873/284 1987/2874/284
f 2969/2875/286 2971/2876/286 2972/2877/286 2970/2878/286
f 1985/2871/285 1987/2874/285 2971/2876/285 2969/2875/285
f 1986/2872/281 1985/2871/281 2969/2875/281 2970/2878/281
f 1988/2873/283 1986/2872/283 2970/2878/283 2972/2877/283
f 1987/2874/282 1988/2873/282 2972/2877/282 2971/2876/282
usemtl black.496
f 1989/2879/286 1990/2880/286 1992/2881/286 1991/2882/286
f 2973/2883/284 2975/2884/284 2976/2885/284 2974/2886/284
f 1989/2879/283 1991/2882/283 2975/2884/283 2973/2883/283
f 1990/2880/281 1989/2879/281 2973/2883/281 2974/2886/281
f 1992/2881/285 1990/2880/285 2974/2886/285 2976/2885/285
f 1991/2882/282 1992/2881/282 2976/2885/282 2975/2884/282
usemtl black.497
f 1993/2887/284 1994/2888/284 1996/2889/284 1995/2890/284
f 2977/2891/286 2979/2892/286 2980/2893/286 2978/2894/286
f 1993/2887/282 1995/2890/282 2979/2892/282 2977/2891/282
f 1994/2888/285 1993/2887/285 2977/2891/285 2978/2894/285
f 1996/2889/281 1994/2888/281 2978/2894/281 2980/2893/281
f 1995/2890/283 1996/2889/283 2980/2893/283 2979/2892/283
usemtl black.498
f 1997/2895/284 1998/2896/284 2000/2897/284 1999/2898/284
f 2981/2899/286 2983/2900/286 2984/2901/286 2982/2902/286
f 1997/2895/285 1999/2898/285 2983/2900/285 2981/2899/285
f 1998/2896/281 1997/2895/281 2981/2899/281 2982/2902/281
f 2000/2897/283 1998/2896/283 2982/2902/283 2984/2901/283
f 1999/2898/282 2000/2897/282 2984/2901/282 2983/2900/282
usemtl black.559
f 2001/2903/281 2002/2904/281 2004/2905/281 2003/2906/281
f 2985/2907/282 2987/2908/282 2988/2909/282 2986/2910/282
f 2001/2903/283 2003/2906/283 2987/2908/283 2985/2907/283
f 2002/2904/284 2001/2903/284 2985/2907/284 2986/2910/284
f 2004/2905/285 2002/2904/285 2986/2910/285 2988/2909/285
f 2003/2906/286 2004/2905/286 2988/2909/286 2987/2908/286
usemtl black.560
f 2005/2911/282 2006/2912/282 2008/2913/282 2007/2914/282
f 2989/2915/281 2991/2916/281 2992/2917/281 2990/2918/281
f 2005/2911/286 2007/2914/286 2991/2916/286 2989/2915/286
f 2006/2912/285 2005/2911/285 2989/2915/285 2990/2918/285
f 2008/2913/284 2006/2912/284 2990/2918/284 2992/2917/284
f 2007/2914/283 2008/2913/283 2992/2917/283 2991/2916/283
usemtl black.561
f 2009/2919/282 2010/2920/282 2012/2921/282 2011/2922/282
f 2993/2923/281 2995/2924/281 2996/2925/281 2994/2926/281
f 2009/2919/285 2011/2922/285 2995/2924/285 2993/2923/285
f 2010/2920/284 2009/2919/284 2993/2923/284 2994/2926/284
f 2012/2921/283 2010/2920/283 2994/2926/283 2996/2925/283
f 2011/2922/286 2012/2921/286 2996/2925/286 2995/2924/286
usemtl black.340
f 2013/2927/281 2014/2928/281 2016/2929/281 2015/2930/281
f 2997/2931/282 2999/2932/282 3000/2933/282 2998/2934/282
f 2013/2927/283 2015/2930/283 2999/2932/283 2997/2931/283
f 2014/2928/284 2013/2927/284 2997/2931/284 2998/2934/284
f 2016/2929/285 2014/2928/285 2998/2934/285 3000/2933/285
f 2015/2930/286 2016/2929/286 3000/2933/286 2999/2932/286
usemtl black.341
f 2017/2935/282 2018/2936/282 2020/2937/282 2019/2938/282
f 3001/2939/281 3003/2940/281 3004/2941/281 3002/2942/281
f 2017/2935/286 2019/2938/286 3003/2940/286 3001/2939/286
f 2018/2936/285 2017/2935/285 3001/2939/285 3002/2942/285
f 2020/2937/284 2018/2936/284 3002/2942/284 3004/2941/284
f 2019/2938/283 2020/2937/283 3004/2941/283 3003/2940/283
usemtl black.342
f 2021/2943/282 2022/2944/282 2024/2945/282 2023/2946/282
f 3005/2947/281 3007/2948/281 3008/2949/281 3006/2950/281
f 2021/2943/285 2023/2946/285 3007/2948/285 3005/2947/285
f 2022/2944/284 2021/2943/284 3005/2947/284 3006/2950/284
f 2024/2945/283 2022/2944/283 3006/2950/283 3008/2949/283
f 2023/2946/286 2024/2945/286 3008/2949/286 3007/2948/286
usemtl black.550
f 2025/2951/281 2026/2952/281 2028/2953/281 2027/2954/281
f 3009/2955/282 3011/2956/282 3012/2957/282 3010/2958/282
f 2025/2951/283 2027/2954/283 3011/2956/283 3009/2955/283
f 2026/2952/284 2025/2951/284 3009/2955/284 3010/2958/284
f 2028/2953/285 2026/2952/285 3010/2958/285 3012/2957/285
f 2027/2954/286 2028/2953/286 3012/2957/286 3011/2956/286
usemtl black.551
f 2029/2959/282 2030/2960/282 2032/2961/282 2031/2962/282
f 3013/2963/281 3015/2964/281 3016/2965/281 3014/2966/281
f 2029/2959/286 2031/2962/286 3015/2964/286 3013/2963/286
f 2030/2960/285 2029/2959/285 3013/2963/285 3014/2966/285
f 2032/2961/284 2030/2960/284 3014/2966/284 3016/2965/284
f 2031/2962/283 2032/2961/283 3016/2965/283 3015/2964/283
usemtl black.552
f 2033/2967/282 2034/2968/282 2036/2969/282 2035/2970/282
f 3017/2971/281 3019/2972/281 3020/2973/281 3018/2974/281
f 2033/2967/285 2035/2970/285 3019/2972/285 3017/2971/285
f 2034/2968/284 2033/2967/284 3017/2971/284 3018/2974/284
f 2036/2969/283 2034/2968/283 3018/2974/283 3020/2973/283
f 2035/2970/286 2036/2969/286 3020/2973/286 3019/2972/286
usemtl black.553
f 2037/2975/281 2038/2976/281 2040/2977/281 2039/2978/281
f 3021/2979/282 3023/2980/282 3024/2981/282 3022/2982/282
f 2037/2975/283 2039/2978/283 3023/2980/283 3021/2979/283
f 2038/2976/284 2037/2975/284 3021/2979/284 3022/2982/284
f 2040/2977/285 2038/2976/285 3022/2982/285 3024/2981/285
f 2039/2978/286 2040/2977/286 3024/2981/286 3023/2980/286
usemtl black.554
f 2041/2983/282 2042/2984/282 2044/2985/282 2043/2986/282
f 3025/2987/281 3027/2988/281 3028/2989/281 3026/2990/281
f 2041/2983/286 2043/2986/286 3027/2988/286 3025/2987/286
f 2042/2984/285 2041/2983/285 3025/2987/285 3026/2990/285
f 2044/2985/284 2042/2984/284 3026/2990/284 3028/2989/284
f 2043/2986/283 2044/2985/283 3028/2989/283 3027/2988/283
usemtl black.555
f 2045/2991/282 2046/2992/282 2048/2993/282 2047/2994/282
f 3029/2995/281 3031/2996/281 3032/2997/281 3030/2998/281
f 2045/2991/285 2047/2994/285 3031/2996/285 3029/2995/285
f 2046/2992/284 2045/2991/284 3029/2995/284 3030/2998/284
f 2048/2993/283 2046/2992/283 3030/2998/283 3032/2997/283
f 2047/2994/286 2048/2993/286 3032/2997/286 3031/2996/286
usemtl black.562
f 2049/2999/281 2050/3000/281 2052/3001/281 2051/3002/281
f 3033/3003/282 3035/3004/282 3036/3005/282 3034/3006/282
f 2049/2999/283 2051/3002/283 3035/3004/283 3033/3003/283
f 2050/3000/284 2049/2999/284 3033/3003/284 3034/3006/284
f 2052/3001/285 2050/3000/285 3034/3006/285 3036/3005/285
f 2051/3002/286 2052/3001/286 3036/3005/286 3035/3004/286
usemtl black.563
f 2053/3007/282 2054/3008/282 2056/3009/282 2055/3010/282
f 3037/3011/281 3039/3012/281 3040/3013/281 3038/3014/281
f 2053/3007/286 2055/3010/286 3039/3012/286 3037/3011/286
f 2054/3008/285 2053/3007/285 3037/3011/285 3038/3014/285
f 2056/3009/284 2054/3008/284 3038/3014/284 3040/3013/284
f 2055/3010/283 2056/3009/283 3040/3013/283 3039/3012/283
usemtl black.564
f 2057/3015/282 2058/3016/282 2060/3017/282 2059/3018/282
f 3041/3019/281 3043/3020/281 3044/3021/281 3042/3022/281
f 2057/3015/285 2059/3018/285 3043/3020/285 3041/3019/285
f 2058/3016/284 2057/3015/284 3041/3019/284 3042/3022/284
f 2060/3017/283 2058/3016/283 3042/3022/283 3044/3021/283
f 2059/3018/286 2060/3017/286 3044/3021/286 3043/3020/286
usemtl black.565
f 2061/3023/281 2062/3024/281 2064/3025/281 2063/3026/281
f 3045/3027/282 3047/3028/282 3048/3029/282 3046/3030/282
f 2061/3023/283 2063/3026/283 3047/3028/283 3045/3027/283
f 2062/3024/284 2061/3023/284 3045/3027/284 3046/3030/284
f 2064/3025/285 2062/3024/285 3046/3030/285 3048/3029/285
f 2063/3026/286 2064/3025/286 3048/3029/286 3047/3028/286
usemtl black.566
f 2065/3031/282 2066/3032/282 2068/3033/282 2067/3034/282
f 3049/3035/281 3051/3036/281 3052/3037/281 3050/3038/281
f 2065/3031/286 2067/3034/286 3051/3036/286 3049/3035/286
f 2066/3032/285 2065/3031/285 3049/3035/285 3050/3038/285
f 2068/3033/284 2066/3032/284 3050/3038/284 3052/3037/284
f 2067/3034/283 2068/3033/283 3052/3037/283 3051/3036/283
usemtl black.567
f 2069/3039/282 2070/3040/282 2072/3041/282 2071/3042/282
f 3053/3043/281 3055/3044/281 3056/3045/281 3054/3046/281
f 2069/3039/285 2071/3042/285 3055/3044/285 3053/3043/285
f 2070/3040/284 2069/3039/284 3053/3043/284 3054/3046/284
f 2072/3041/283 2070/3040/283 3054/3046/283 3056/3045/283
f 2071/3042/286 2072/3041/286 3056/3045/286 3055/3044/286
usemtl black.568
f 2073/3047/281 2074/3048/281 2076/3049/281 2075/3050/281
f 3057/3051/282 3059/3052/282 3060/3053/282 3058/3054/282
f 2073/3047/283 2075/3050/283 3059/3052/283 3057/3051/283
f 2074/3048/284 2073/3047/284 3057/3051/284 3058/3054/284
f 2076/3049/285 2074/3048/285 3058/3054/285 3060/3053/285
f 2075/3050/286 2076/3049/286 3060/3053/286 3059/3052/286
usemtl black.569
f 2077/3055/282 2078/3056/282 2080/3057/282 2079/3058/282
f 3061/3059/281 3063/3060/281 3064/3061/281 3062/3062/281
f 2077/3055/286 2079/3058/286 3063/3060/286 3061/3059/286
f 2078/3056/285 2077/3055/285 3061/3059/285 3062/3062/285
f 2080/3057/284 2078/3056/284 3062/3062/284 3064/3061/284
f 2079/3058/283 2080/3057/283 3064/3061/283 3063/3060/283
usemtl black.570
f 2081/3063/282 2082/3064/282 2084/3065/282 2083/3066/282
f 3065/3067/281 3067/3068/281 3068/3069/281 3066/3070/281
f 2081/3063/285 2083/3066/285 3067/3068/285 3065/3067/285
f 2082/3064/284 2081/3063/284 3065/3067/284 3066/3070/284
f 2084/3065/283 2082/3064/283 3066/3070/283 3068/3069/283
f 2083/3066/286 2084/3065/286 3068/3069/286 3067/3068/286
usemtl black.601
f 2085/3071/281 2086/3072/281 2088/3073/281 2087/3074/281
f 3069/3075/282 3071/3076/282 3072/3077/282 3070/3078/282
f 2085/3071/283 2087/3074/283 3071/3076/283 3069/3075/283
f 2086/3072/284 2085/3071/284 3069/3075/284 3070/3078/284
f 2088/3073/285 2086/3072/285 3070/3078/285 3072/3077/285
f 2087/3074/286 2088/3073/286 3072/3077/286 3071/3076/286
o Cube.001_Cube
v -24.705997 -2.709879 11.400000
v -24.693951 -2.410121 11.400000
v -24.705997 -2.709879 -11.400000
v -24.693951 -2.410121 -11.400000
v 17.593952 -4.409878 11.400000
v 17.605999 -4.110120 11.400000
v 17.593952 -4.409878 -11.400000
v 17.605999 -4.110120 -11.400000
vt 0.375000 0.000000
vt 0.625000 0.000000
vt 0.625000 0.250000
vt 0.375000 0.250000
vt 0.625000 0.500000
vt 0.375000 0.500000
vt 0.625000 0.750000
vt 0.375000 0.750000
vt 0.625000 1.000000
vt 0.375000 1.000000
vt 0.125000 0.500000
vt 0.125000 0.750000
vt 0.875000 0.500000
vt 0.875000 0.750000
vn -0.9992 0.0402 0.0000
vn -0.0000 0.0000 -1.0000
vn 0.9992 -0.0402 0.0000
vn 0.0000 0.0000 1.0000
vn -0.0402 -0.9992 0.0000
vn 0.0402 0.9992 0.0000
usemtl white_floor
s off
f 3073/3079/287 3074/3080/287 3076/3081/287 3075/3082/287
f 3075/3082/288 3076/3081/288 3080/3083/288 3079/3084/288
f 3079/3084/289 3080/3083/289 3078/3085/289 3077/3086/289
f 3077/3086/290 3078/3085/290 3074/3087/290 3073/3088/290
f 3075/3089/291 3079/3084/291 3077/3086/291 3073/3090/291
f 3080/3083/292 3076/3091/292 3074/3092/292 3078/3085/292
o Cube.002
v -24.700001 -4.100500 11.400000
v -24.700001 -4.099500 11.400000
v -24.700001 -4.100500 -11.400000
v -24.700001 -4.099500 -11.400000
v 24.700001 -4.100500 11.400000
v 24.700001 -4.099500 11.400000
v 24.700001 -4.100500 -11.400000
v 24.700001 -4.099500 -11.400000
vt 0.375000 0.000000
vt 0.625000 0.000000
vt 0.625000 0.250000
vt 0.375000 0.250000
vt 0.625000 0.500000
vt 0.375000 0.500000
vt 0.625000 0.750000
vt 0.375000 0.750000
vt 0.625000 1.000000
vt 0.375000 1.000000
vt 0.125000 0.500000
vt 0.125000 0.750000
vt 0.875000 0.500000
vt 0.875000 0.750000
vn -1.0000 0.0000 0.0000
vn 0.0000 0.0000 -1.0000
vn 1.0000 0.0000 0.0000
vn 0.0000 0.0000 1.0000
vn 0.0000 -1.0000 0.0000
vn 0.0000 1.0000 0.0000
usemtl white_floor.001
s off
f 3081/3093/293 3082/3094/293 3084/3095/293 3083/3096/293
f 3083/3096/294 3084/3095/294 3088/3097/294 3087/3098/294
f 3087/3098/295 3088/3097/295 3086/3099/295 3085/3100/295
f 3085/3100/296 3086/3099/296 3082/3101/296 3081/3102/296
f 3083/3103/297 3087/3098/297 3085/3100/297 3081/3104/297
f 3088/3097/298 3084/3105/298 3082/3106/298 3086/3099/298
