# Blender 5.2.2 LTS
# www.blender.org
o obj1
v -0.001894 0.029525 -0.024080
v -0.000933 0.026112 -0.024043
v -0.002015 0.029506 -0.024101
v -0.002171 0.029603 -0.023982
v -0.001151 0.026330 -0.023882
v 0.000010 0.023133 -0.023792
v 0.000547 0.022070 -0.023860
v 0.001948 0.018673 -0.023552
v 0.002050 0.018652 -0.023564
v 0.000142 0.023582 -0.023880
v 0.000185 0.023156 -0.023923
v 0.003666 0.015306 -0.023113
v 0.002337 0.018272 -0.023470
v 0.003098 0.016258 -0.023265
v 0.003180 0.015844 -0.023087
v 0.004309 0.013578 -0.022619
v 0.005583 0.011401 -0.022138
v 0.005460 0.011867 -0.022401
v 0.006630 0.009711 -0.021605
v 0.004969 0.012920 -0.022641
v 0.006633 0.010166 -0.021898
v 0.006641 0.009954 -0.021842
v 0.007690 0.008417 -0.021281
v 0.007534 0.008372 -0.021124
v 0.008726 0.006750 -0.020397
v 0.004570 0.012514 -0.021770
v 0.002824 0.015704 -0.022237
v 0.000979 0.017966 -0.019839
v 0.003254 0.014334 -0.021145
v 0.004533 0.011880 -0.020464
v 0.002934 0.013690 -0.018804
v -0.000762 0.018838 -0.015939
v 0.000931 0.015580 -0.016052
v 0.006330 0.009409 -0.020595
v 0.010052 0.005070 -0.019357
v 0.010535 0.004843 -0.019411
v 0.009873 0.005604 -0.019905
v 0.008912 0.006958 -0.020610
v -0.012723 0.002589 -0.019826
v 0.017293 0.002589 -0.019843
v -0.012723 0.005386 -0.019256
v -0.012712 0.009191 0.000559
v 0.017293 -0.000260 -0.020010
v -0.012723 -0.000260 -0.019993
v 0.017293 -0.003103 -0.019769
v -0.012723 -0.003103 -0.019753
v -0.012712 0.008316 0.000909
v -0.012714 0.004108 -0.003826
v -0.011696 0.008732 0.000657
v -0.011696 0.005552 0.000866
v -0.011696 0.008076 0.001160
v -0.012712 0.005576 0.000693
v -0.012711 0.005006 0.002558
v -0.011695 0.004926 0.002710
v -0.011695 0.007732 0.001877
v -0.012712 0.007903 0.001429
v -0.012711 0.007725 0.002088
v -0.012714 0.004984 -0.002544
v -0.012713 0.005474 -0.001254
v -0.011694 0.004102 0.003819
v -0.011694 0.002908 0.004814
v -0.012710 0.003833 0.004116
v -0.012702 -0.002591 0.019842
v -0.012711 0.008586 0.003548
v -0.012702 0.000258 0.020008
v -0.011695 0.008413 0.003431
v -0.011687 0.002744 0.018302
v -0.011686 -0.000013 0.018507
v -0.011687 -0.002770 0.018298
v -0.011687 -0.005466 0.017681
v 0.017313 -0.002770 0.018283
v 0.017313 -0.000013 0.018491
v 0.017313 -0.005466 0.017666
v 0.017314 0.000258 0.019992
v 0.017314 -0.002591 0.019825
v 0.017314 -0.005388 0.019255
v -0.001855 -0.001226 0.019975
v -0.003532 -0.002865 0.019798
v -0.002829 -0.001961 0.022588
v -0.004060 -0.003271 0.022201
v -0.005480 -0.004554 0.023500
v -0.005313 -0.004284 0.019547
v -0.006488 -0.005227 0.021599
v -0.006719 -0.005178 0.019326
v -0.006674 -0.005177 0.019805
v -0.006736 -0.005169 0.019328
v -0.006737 -0.005179 0.019325
v -0.006504 -0.005212 0.021599
v -0.006426 -0.005290 0.023640
v -0.006064 -0.004670 0.024740
v -0.005618 -0.003857 0.022133
v -0.004884 -0.002745 0.022062
v -0.003156 -0.000178 0.022074
v -0.003436 -0.000307 0.024185
v -0.001533 0.002343 0.022221
v 0.000548 0.005381 0.021424
v -0.000480 0.003217 0.019760
v -0.012702 0.003101 0.019768
v -0.012702 0.005882 0.019125
v -0.002778 0.000062 0.020016
v -0.011695 0.009175 0.003695
v -0.012711 0.009374 0.003687
v -0.011687 0.008015 0.016680
v -0.011687 0.005440 0.017689
v 0.017312 0.008015 0.016665
v 0.017313 0.005440 0.017673
v 0.017312 0.010410 0.015284
v 0.017312 0.011030 0.016677
v 0.017313 0.008543 0.018077
v 0.017314 0.005882 0.019109
v 0.008001 0.011009 0.016708
v 0.005718 0.008236 0.018243
v 0.017313 0.002744 0.018286
v 0.017314 0.003101 0.019752
v 0.003834 0.005832 0.019134
v 0.005074 0.008714 0.020067
v 0.007076 0.011371 0.018515
v 0.002117 0.003575 0.019697
v 0.001098 0.002713 0.021055
v 0.000473 0.002442 0.022698
v -0.000181 0.000678 0.020009
v -0.003520 -0.002574 0.024389
v -0.002627 -0.001226 0.025841
v -0.004708 -0.003729 0.028287
v -0.000839 0.001231 0.024984
v 0.000286 0.003234 0.025319
v -0.001201 0.002223 0.029640
v -0.002524 -0.000052 0.030535
v 0.000076 0.004497 0.028701
v 0.002143 0.005767 0.023666
v 0.003743 0.008345 0.022735
v 0.005675 0.011018 0.020867
v 0.002295 0.007630 0.025795
v 0.003962 0.010246 0.023960
v 0.001998 0.008965 0.027892
v 0.002430 0.010211 0.027496
v 0.004526 0.011587 0.023498
v 0.001917 0.010426 0.028674
v 0.000561 0.009074 0.031635
v 0.000275 0.007688 0.032078
v 0.000707 0.006356 0.029264
v -0.001363 0.004220 0.034475
v -0.001109 0.005925 0.035490
v -0.000721 0.007384 0.034755
v -0.001845 0.006061 0.037617
v -0.000573 0.007916 0.034206
v 0.000157 0.008888 0.032384
v -0.000866 0.007799 0.034574
v -0.001957 0.006133 0.037605
v 0.000092 0.009058 0.032151
v 0.000423 0.009354 0.031582
v 0.002150 0.010962 0.028027
v 0.003455 0.011760 0.025579
v 0.006039 0.012583 0.020993
v 0.005653 0.013316 0.021576
v 0.003292 0.011985 0.025699
v 0.008700 0.014328 0.016665
v 0.007582 0.014145 0.018277
v 0.006677 0.013938 0.019517
v 0.005933 0.013607 0.020903
v 0.005843 0.013617 0.020889
v 0.005096 0.013268 0.022130
v 0.004294 0.012743 0.023031
v 0.003212 0.012074 0.025253
v 0.001852 0.010949 0.027872
v 0.001144 0.010002 0.028301
v 0.001463 0.009825 0.026621
v -0.000688 0.005759 0.027600
v -0.000593 0.008048 0.032224
v 0.000990 0.008175 0.025489
v 0.002853 0.011404 0.024709
v 0.004594 0.012594 0.021720
v 0.003276 0.011141 0.022989
v 0.004548 0.011777 0.020533
v 0.002960 0.009450 0.021263
v -0.000751 0.004364 0.024291
v 0.006351 0.013124 0.018439
v 0.007558 0.014106 0.017810
v 0.006553 0.013795 0.019301
v 0.005629 0.013468 0.020878
v 0.008609 0.014251 0.016198
v 0.009592 0.014332 0.014908
v 0.010566 0.014387 0.013891
v -0.012705 0.015284 0.012910
v 0.017309 0.016965 0.010587
v 0.017310 0.015284 0.012894
v -0.012704 0.013292 0.014954
v 0.009458 0.013905 0.014377
v -0.012711 0.010034 0.003511
v -0.012707 0.016965 0.010603
v 0.009927 0.014397 0.014913
v 0.009083 0.014415 0.015918
v 0.007952 0.014272 0.017537
v 0.009839 0.014424 0.014836
v 0.009517 0.014272 0.015650
v 0.010709 0.014280 0.013998
v 0.017312 0.013292 0.014938
v 0.007433 0.013968 0.018699
v 0.008167 0.013668 0.017700
v 0.009453 0.012637 0.015507
v 0.010424 0.013776 0.014510
v 0.008467 0.012776 0.017018
v 0.017311 0.012573 0.013561
v -0.011689 0.012573 0.013577
v 0.017310 0.014455 0.011536
v -0.011688 0.010410 0.015299
v -0.011695 0.009854 0.003583
v -0.012703 0.008543 0.018094
v -0.012703 0.011030 0.016694
v -0.011695 0.010508 0.003136
v -0.011690 0.014455 0.011551
v -0.011692 0.016014 0.009268
v -0.011693 0.017216 0.006777
v -0.012711 0.010533 0.003067
v -0.012708 0.018300 0.008081
v 0.017306 0.019262 0.005378
v -0.012710 0.019262 0.005394
v 0.017308 0.018300 0.008065
v 0.017305 0.019833 0.002582
v -0.012711 0.019833 0.002598
v -0.012711 0.010822 0.002447
v -0.011695 0.010850 0.002249
v -0.012711 0.010804 0.001786
v -0.011696 0.010739 0.001573
v -0.012713 0.020000 -0.000251
v -0.012712 0.010515 0.001161
v -0.011696 0.010291 0.000914
v -0.012714 0.019759 -0.003095
v -0.012716 0.019117 -0.005875
v -0.011702 0.016027 -0.009232
v -0.011700 0.017225 -0.006740
v 0.017298 0.016027 -0.009248
v -0.011699 0.018038 -0.004097
v 0.017300 0.017225 -0.006756
v 0.017301 0.018038 -0.004113
v 0.017297 0.016685 -0.011039
v 0.017299 0.018085 -0.008553
v -0.011697 0.018448 -0.001363
v 0.017303 0.018448 -0.001379
v 0.017302 0.019759 -0.003111
v 0.017300 0.019117 -0.005892
v -0.011696 0.018446 0.001402
v -0.011694 0.018032 0.004136
v 0.017304 0.018446 0.001386
v 0.017306 0.018032 0.004120
v 0.017303 0.020000 -0.000267
v 0.017307 0.017216 0.006762
v 0.017308 0.016014 0.009252
v -0.001834 0.017895 -0.008961
v -0.003634 0.018606 -0.007345
v -0.004081 0.020872 -0.008267
v -0.005122 0.019024 -0.006199
v -0.006437 0.023061 -0.007191
v -0.005622 0.023112 -0.007944
v -0.003639 0.022123 -0.009647
v -0.005772 0.026237 -0.009499
v -0.004729 0.026354 -0.010909
v -0.006524 0.026277 -0.008740
v -0.006541 0.026332 -0.008783
v -0.006669 0.028218 -0.009558
v -0.005596 0.027079 -0.011566
v -0.005642 0.024996 -0.010090
v -0.003519 0.024412 -0.014538
v -0.001893 0.021810 -0.016300
v -0.000716 0.021013 -0.018766
v -0.002796 0.025951 -0.018194
v -0.004646 0.028356 -0.015032
v -0.006129 0.031897 -0.013747
v -0.006705 0.030875 -0.011261
v -0.003138 0.028709 -0.020007
v -0.006016 0.034579 -0.016019
v -0.007272 0.035782 -0.013086
v -0.007467 0.035338 -0.012014
v -0.007551 0.036079 -0.012239
v -0.007193 0.035944 -0.012633
v -0.006407 0.035562 -0.013668
v -0.005211 0.034779 -0.015582
v -0.004955 0.032512 -0.014666
v -0.003185 0.029942 -0.016960
v -0.003825 0.033386 -0.018365
v -0.005019 0.033449 -0.018242
v -0.004102 0.032295 -0.020228
v -0.002680 0.031850 -0.020923
v -0.001404 0.027766 -0.020886
v -0.001718 0.027674 -0.019206
v -0.001141 0.027772 -0.022879
v -0.002812 0.030396 -0.022977
v -0.001810 0.029882 -0.023642
v -0.001746 0.027210 -0.023248
v -0.000623 0.023887 -0.023087
v 0.001378 0.019272 -0.023162
v 0.002237 0.017733 -0.023285
v 0.001087 0.018961 -0.021992
v -0.000637 0.026066 -0.023752
v 0.000506 0.022942 -0.023652
v -0.000745 0.025894 -0.024015
v 0.001866 0.019697 -0.023336
v 0.003063 0.017031 -0.023087
v 0.002402 0.018705 -0.022592
v 0.001981 0.019650 -0.021709
v 0.002273 0.018519 -0.019508
v 0.000681 0.022166 -0.020138
v 0.000055 0.022596 -0.018245
v -0.001226 0.024556 -0.016744
v -0.002543 0.026449 -0.015218
v -0.003640 0.027314 -0.013446
v -0.005716 0.031838 -0.012718
v -0.007115 0.032615 -0.011157
v -0.006950 0.031203 -0.010676
v -0.006760 0.029322 -0.009989
v -0.006100 0.029057 -0.010603
v -0.002645 0.022984 -0.011856
v -0.000847 0.021008 -0.013573
v -0.006783 0.033685 -0.012117
v -0.007096 0.032425 -0.011111
v 0.000264 0.020308 -0.015460
v 0.004990 0.013123 -0.017596
v 0.000452 0.018436 -0.013463
v 0.002118 0.017617 -0.016830
v 0.003716 0.015524 -0.018595
v 0.005653 0.012561 -0.019977
v 0.003938 0.015624 -0.020856
v 0.005421 0.012882 -0.021399
v 0.004999 0.013390 -0.022315
v 0.007056 0.010350 -0.019111
v 0.008090 0.008833 -0.017952
v 0.006621 0.010594 -0.016980
v 0.008468 0.008323 -0.019577
v 0.008425 0.008139 -0.020510
v 0.005342 0.012522 -0.022445
v 0.009215 0.007416 -0.018597
v 0.010294 0.005867 -0.019129
v 0.003989 0.014946 -0.022960
v 0.004235 0.014027 -0.022873
v 0.008836 0.006865 -0.020599
v 0.010659 0.004911 -0.019396
v 0.017293 0.005386 -0.019272
v 0.017294 0.005464 -0.017683
v 0.017294 0.008037 -0.016671
v 0.010670 0.005115 -0.019344
v 0.017294 0.008072 -0.018310
v 0.007570 0.008981 -0.021367
v 0.009482 0.006443 -0.020201
v 0.017295 0.010431 -0.015287
v 0.017294 0.010595 -0.016974
v 0.017296 0.012591 -0.013562
v 0.017295 0.012901 -0.015294
v -0.011704 0.012591 -0.013546
v -0.011703 0.014471 -0.011518
v 0.017297 0.014471 -0.011534
v 0.017296 0.014945 -0.013302
v 0.002301 0.015086 -0.013144
v 0.004376 0.013092 -0.015149
v 0.001223 0.016673 -0.012934
v -0.002074 0.020387 -0.010645
v 0.000302 0.016642 -0.011111
v -0.011696 0.009527 0.000597
v -0.012712 0.009994 0.000749
v -0.012720 0.014945 -0.013286
v -0.012718 0.016685 -0.011023
v -0.001882 0.016636 -0.011116
v -0.004036 0.018078 -0.008579
v -0.012717 0.018085 -0.008536
v -0.005910 0.018996 -0.006271
v -0.006121 0.020309 -0.006515
v -0.004377 0.019843 -0.009158
v -0.006443 0.023043 -0.007198
v -0.006518 0.021316 -0.006269
v -0.006750 0.019318 -0.005181
v -0.006660 0.019931 -0.005523
v -0.006732 0.019320 -0.005173
v -0.004949 0.021392 -0.009139
v -0.003448 0.021082 -0.011830
v -0.001557 0.018079 -0.013136
v 0.000195 0.014868 -0.013400
v 0.001967 0.013129 -0.015100
v 0.003080 0.011975 -0.016031
v 0.004010 0.011576 -0.017970
v 0.006644 0.008128 -0.018286
v 0.004549 0.010395 -0.017099
v -0.012722 0.008072 -0.018293
v -0.012722 0.010595 -0.016958
v -0.012721 0.012901 -0.015277
v -0.011697 0.005511 -0.001084
v -0.011698 0.004806 -0.002903
v -0.011699 0.003521 -0.004371
v -0.011705 0.010431 -0.015271
v -0.011706 0.008037 -0.016655
v -0.011699 0.000858 -0.005546
v -0.011699 0.002178 -0.005152
v -0.011700 -0.001093 -0.005505
v -0.011699 -0.002552 -0.004978
v -0.011698 -0.008289 -0.003340
v -0.011706 0.005464 -0.017667
v -0.012716 -0.000294 -0.005604
v -0.012716 0.001249 -0.005451
v -0.012715 0.002547 -0.005000
v -0.012715 -0.001648 -0.005345
v -0.012716 -0.003065 -0.004703
v -0.012713 -0.008146 -0.003206
v -0.011706 0.002769 -0.018284
v -0.011707 0.000011 -0.018493
v -0.011706 -0.002746 -0.018288
v 0.017294 0.002769 -0.018300
v 0.017293 0.000011 -0.018509
v 0.017293 -0.002746 -0.018304
v 0.017294 -0.005442 -0.017690
v 0.017293 -0.005884 -0.019126
v 0.017294 -0.008545 -0.018095
v -0.012723 -0.005884 -0.019110
v -0.012722 -0.008545 -0.018078
v -0.012715 -0.009113 -0.003687
v -0.011699 -0.009307 -0.003698
v -0.011705 -0.010412 -0.015285
v -0.011704 -0.012575 -0.013563
v -0.011703 -0.014457 -0.011537
v -0.011698 -0.010205 -0.003390
v -0.012714 -0.010160 -0.003437
v -0.012721 -0.013294 -0.014939
v -0.012722 -0.011032 -0.016678
v -0.012720 -0.015286 -0.012895
v -0.006749 -0.014145 -0.014141
v 0.017295 -0.013294 -0.014955
v 0.017296 -0.012575 -0.013579
v 0.017296 -0.015286 -0.012911
v 0.017295 -0.010412 -0.015301
v 0.017294 -0.011032 -0.016695
v -0.005031 -0.014926 -0.013314
v 0.017294 -0.008017 -0.016682
v -0.011706 -0.008017 -0.016666
v -0.011706 -0.005442 -0.017675
v -0.006520 -0.016105 -0.015313
v -0.006509 -0.016089 -0.015318
v -0.006221 -0.015777 -0.014488
v -0.005947 -0.017859 -0.015355
v -0.004608 -0.018298 -0.013165
v -0.003452 -0.020790 -0.012346
v -0.001550 -0.020413 -0.009078
v -0.004979 -0.021781 -0.015532
v -0.000761 -0.023221 -0.008352
v 0.000278 -0.019077 -0.006072
v 0.000932 -0.021699 -0.005475
v 0.001856 -0.019613 -0.003977
v -0.012714 -0.019835 -0.002583
v -0.012712 -0.020002 0.000266
v -0.012714 -0.010840 -0.001893
v -0.012715 -0.019264 -0.005379
v -0.011698 -0.010843 -0.001831
v -0.012713 -0.010516 -0.001146
v -0.011696 -0.018450 0.001377
v -0.011694 -0.018040 0.004112
v -0.011697 -0.010293 -0.000900
v -0.011697 -0.018448 -0.001388
v 0.017304 -0.018450 0.001361
v 0.017306 -0.018040 0.004096
v 0.017303 -0.018448 -0.001404
v 0.017305 -0.019761 0.003094
v 0.017304 -0.020002 0.000250
v 0.009454 -0.019752 0.003195
v 0.010440 -0.019446 0.004701
v 0.010702 -0.019266 0.005378
v 0.017307 -0.019119 0.005874
v -0.012709 -0.019119 0.005891
v 0.017308 -0.018087 0.008535
v 0.009862 -0.020066 0.005075
v 0.009505 -0.020676 0.004631
v 0.008197 -0.022186 0.003648
v 0.007770 -0.022766 0.003089
v 0.008920 -0.021257 0.003593
v 0.008462 -0.021132 0.002554
v 0.007276 -0.023239 0.002144
v 0.004993 -0.026046 -0.000463
v 0.005363 -0.025683 0.000411
v 0.003265 -0.028267 -0.002489
v 0.004978 -0.026070 0.000117
v 0.004236 -0.026906 -0.000797
v 0.003870 -0.027180 -0.001196
v 0.005458 -0.025340 0.000907
v 0.006679 -0.023865 0.002318
v 0.005239 -0.025287 0.000766
v 0.003141 -0.027937 -0.002246
v 0.001834 -0.029954 -0.004676
v 0.000556 -0.031820 -0.007375
v 0.000520 -0.031753 -0.007261
v -0.000018 -0.032222 -0.008218
v -0.001234 -0.034029 -0.011106
v -0.002193 -0.035557 -0.013689
v 0.001399 -0.029801 -0.005118
v -0.000612 -0.031939 -0.009135
v -0.001741 -0.033739 -0.011940
v 0.002296 -0.029182 -0.003726
v 0.001101 -0.028519 -0.005416
v -0.000715 -0.026764 -0.008823
v 0.000986 -0.026169 -0.005641
v 0.002840 -0.027103 -0.002475
v 0.004582 -0.025112 0.000045
v 0.003261 -0.025481 -0.001849
v 0.004542 -0.023668 -0.000062
v 0.002931 -0.023130 -0.002474
v 0.006342 -0.022538 0.002144
v 0.004019 -0.021350 -0.001043
v 0.007364 -0.021146 0.003132
v 0.004928 -0.020011 0.000010
v 0.003217 -0.019893 -0.002185
v -0.012711 -0.019761 0.003110
v 0.007125 -0.019847 0.002628
v 0.009459 -0.019412 0.004854
v 0.009578 -0.020095 0.004946
v 0.008605 -0.021161 0.004239
v 0.010553 -0.019230 0.005506
v 0.007546 -0.022480 0.003304
v 0.006544 -0.023615 0.002294
v 0.006525 -0.024183 0.002024
v 0.007915 -0.022371 0.003555
v 0.008992 -0.021092 0.004457
v -0.011693 -0.017227 0.006754
v -0.011692 -0.016029 0.009246
v -0.011690 -0.014473 0.011532
v -0.012713 -0.009737 -0.000605
v -0.011689 -0.012593 0.013560
v -0.011697 -0.009406 -0.000559
v -0.012705 -0.014947 0.013301
v -0.012707 -0.016687 0.011038
v -0.012704 -0.012903 0.015293
v -0.012712 -0.005173 0.002204
v -0.012713 -0.005613 0.000301
v -0.011696 -0.005513 0.001098
v -0.011697 -0.005554 -0.000852
v -0.012714 -0.005375 -0.001636
v -0.012713 -0.007778 -0.001669
v -0.012713 -0.008321 -0.000890
v -0.012713 -0.008943 -0.000603
v -0.011697 -0.008727 -0.000670
v -0.011697 -0.008069 -0.001120
v -0.011698 -0.007754 -0.001880
v -0.011698 -0.004927 -0.002697
v -0.012714 -0.004489 -0.003373
v -0.011698 -0.007784 -0.002543
v -0.011699 -0.003703 -0.004220
v -0.012714 -0.007774 -0.002467
v -0.011687 -0.008039 0.016670
v -0.011688 -0.010433 0.015285
v 0.017312 -0.008039 0.016654
v 0.017312 -0.010433 0.015270
v 0.017313 -0.008074 0.018292
v -0.012703 -0.008074 0.018308
v 0.017313 -0.010597 0.016957
v -0.012703 -0.010597 0.016973
v -0.012710 -0.002553 0.005014
v -0.012709 -0.000688 0.005584
v -0.011694 -0.000860 0.005560
v -0.011694 -0.002704 0.004933
v -0.012710 -0.004109 0.003841
v -0.011694 -0.003813 0.004110
v -0.011695 -0.004808 0.002916
v -0.011693 0.001089 0.005519
v -0.012709 0.000692 0.005565
v -0.012702 -0.005388 0.019271
v -0.006738 -0.005177 0.019326
v -0.006734 -0.005179 0.019325
v -0.012710 0.002195 0.005180
v 0.017312 -0.012903 0.015276
v 0.017311 -0.012593 0.013544
v 0.017310 -0.014473 0.011516
v 0.017308 -0.016029 0.009230
v 0.017311 -0.014947 0.013284
v 0.017309 -0.016687 0.011022
v 0.017307 -0.017227 0.006738
v -0.012708 -0.018087 0.008551
v -0.002431 -0.025282 -0.011821
v -0.005419 -0.023013 -0.017012
v -0.006143 -0.021005 -0.017555
v -0.006467 -0.019068 -0.017233
v -0.006546 -0.020768 -0.018401
v -0.006531 -0.020730 -0.018394
v -0.006675 -0.022403 -0.019662
v -0.006767 -0.023329 -0.020405
v -0.005920 -0.023920 -0.019742
v -0.004734 -0.022635 -0.017371
v -0.003648 -0.025310 -0.016940
v -0.005928 -0.027672 -0.021944
v -0.004501 -0.027678 -0.019422
v -0.002551 -0.026421 -0.015314
v -0.003186 -0.029658 -0.017450
v -0.005498 -0.030589 -0.022718
v -0.006417 -0.029613 -0.023970
v -0.004098 -0.032255 -0.020300
v -0.002889 -0.033786 -0.017619
v -0.001715 -0.030472 -0.014362
v -0.001385 -0.031957 -0.013567
v 0.000055 -0.027104 -0.010454
v -0.001131 -0.033695 -0.012599
v 0.000251 -0.031631 -0.009381
v 0.000694 -0.028515 -0.009113
v 0.001986 -0.028632 -0.006170
v 0.002285 -0.026151 -0.006276
v 0.002403 -0.028931 -0.004921
v 0.001879 -0.030052 -0.005384
v 0.000507 -0.031967 -0.008060
v -0.000626 -0.033599 -0.010688
v -0.001803 -0.035418 -0.014052
v -0.001875 -0.035611 -0.013547
v -0.002204 -0.034721 -0.015689
v -0.002949 -0.034974 -0.015152
v -0.003136 -0.031688 -0.014860
v -0.004462 -0.033243 -0.018648
v -0.002784 -0.028741 -0.013357
v -0.004647 -0.027202 -0.017037
v -0.005714 -0.028263 -0.019885
v -0.006602 -0.024358 -0.020446
v -0.007075 -0.025666 -0.022375
v -0.006953 -0.024823 -0.021655
v -0.006564 -0.026362 -0.022168
v -0.006050 -0.031125 -0.021996
v -0.007225 -0.029331 -0.024316
v -0.007114 -0.028993 -0.024713
v -0.007472 -0.028109 -0.024585
v -0.007556 -0.028645 -0.025117
v -0.007170 -0.026233 -0.022898
v -0.001995 -0.035631 -0.013492
v -0.000821 -0.033702 -0.010321
v -0.000538 -0.033361 -0.009762
v -0.000543 -0.033465 -0.010012
v 0.002165 -0.029712 -0.004456
v 0.003083 -0.028498 -0.003198
v 0.004499 -0.026163 -0.001734
v 0.003948 -0.025874 -0.003106
v 0.005663 -0.023584 -0.000894
v 0.003726 -0.023867 -0.004144
v 0.002118 -0.023381 -0.006853
v 0.000267 -0.023545 -0.009857
v 0.005067 -0.021742 -0.002480
v 0.007546 -0.021261 0.001144
v 0.006343 -0.023855 0.000567
v 0.005613 -0.019911 -0.002120
v 0.007673 -0.020005 0.000734
v 0.017302 -0.019835 -0.002599
v 0.017301 -0.018034 -0.004137
v 0.017300 -0.019264 -0.005395
v -0.011699 -0.018034 -0.004122
v -0.011700 -0.017218 -0.006763
v 0.017300 -0.017218 -0.006779
v -0.011702 -0.016016 -0.009254
v 0.017298 -0.016016 -0.009269
v 0.017299 -0.018302 -0.008082
v 0.017298 -0.016967 -0.010604
v 0.003427 -0.019371 -0.005052
v 0.001133 -0.018381 -0.007917
v 0.000466 -0.020887 -0.009220
v -0.000864 -0.022252 -0.011431
v -0.001227 -0.026786 -0.012899
v -0.002649 -0.021768 -0.013980
v -0.003643 -0.019416 -0.014334
v -0.002070 -0.019412 -0.012324
v -0.004090 -0.017612 -0.013951
v -0.005243 -0.018268 -0.015539
v -0.002960 -0.016037 -0.011969
v -0.006051 -0.018184 -0.016280
v -0.006449 -0.017913 -0.016465
v -0.005931 -0.021955 -0.018517
v -0.000967 -0.017222 -0.010196
v 0.001096 -0.019592 -0.008158
v 0.017297 -0.014457 -0.011553
v -0.012718 -0.016967 -0.010588
v -0.011698 -0.010717 -0.002763
v -0.012714 -0.010744 -0.002699
v -0.012717 -0.018302 -0.008066
v -0.002897 -0.017287 -0.010072
v -0.001275 -0.018294 -0.008093
v -0.005597 -0.016365 -0.013776
v -0.005016 -0.015701 -0.012414
v 0.003091 -0.028288 -0.002471
v 0.002702 -0.028908 -0.003264
v 0.008484 0.006312 -0.018993
v 0.007819 0.007388 -0.019946
v -0.006336 0.027600 -0.010092
v -0.005964 0.022550 -0.007917
v -0.006462 0.024460 -0.007889
v -0.006750 0.019321 -0.005172
v -0.006751 0.019320 -0.005174
v -0.006748 0.019320 -0.005171
v 0.000244 0.023936 -0.022698
v 0.003991 0.008958 0.017894
v 0.001888 0.006393 0.018976
v 0.004030 0.009771 0.019009
v 0.006439 0.011574 0.016333
v 0.007143 0.012207 0.015860
v 0.007839 0.013575 0.016366
v -0.001870 0.003211 0.027042
v -0.005146 -0.002891 0.026742
v -0.003501 0.000374 0.028410
v -0.006351 -0.005130 0.029251
v -0.005653 -0.003678 0.029275
v -0.004619 -0.001157 0.032072
v -0.006919 -0.006347 0.032328
v -0.006065 -0.005336 0.030554
v -0.005690 -0.004902 0.033937
v -0.006737 -0.006005 0.030375
v -0.006521 -0.005557 0.027198
v -0.006505 -0.005566 0.027121
v -0.006445 -0.005397 0.025136
v -0.006414 -0.005312 0.023895
v -0.005978 -0.005129 0.028025
v -0.006647 -0.005829 0.029219
v -0.003627 -0.002026 0.030406
v -0.001689 0.002796 0.033572
v -0.003154 -0.000278 0.034402
v -0.002850 0.001656 0.038070
v -0.002174 0.003773 0.037916
v -0.003914 0.001768 0.038074
v -0.003105 0.002986 0.034887
v -0.002728 0.004822 0.037800
v -0.001716 0.006524 0.035195
v -0.004911 -0.000732 0.038101
v -0.004065 -0.001452 0.038088
v -0.005463 -0.004379 0.037854
v -0.006028 -0.003517 0.037956
v -0.006376 -0.005937 0.037639
v -0.007260 -0.006601 0.037533
v -0.007143 -0.006995 0.037458
v -0.006712 -0.006275 0.034842
v -0.007150 -0.006737 0.034257
v -0.004477 -0.002993 0.033694
v -0.006743 -0.005853 0.032304
v -0.007045 -0.006550 0.033426
v -0.006111 -0.004065 0.034465
v -0.007449 -0.007279 0.036691
v -0.007523 -0.007438 0.037372
v -0.002765 0.002793 0.031583
v -0.002139 0.005965 0.037632
v -0.001121 0.007514 0.034751
v 0.000042 0.009038 0.031928
v 0.001914 0.010993 0.028104
v 0.001049 0.010120 0.030025
v 0.001946 0.010939 0.028247
v 0.002716 0.011685 0.026534
v 0.004270 0.012799 0.023567
v 0.003392 0.012206 0.025212
v 0.004194 0.012702 0.023855
v -0.001775 0.005540 0.037701
v -0.006210 -0.004670 0.020901
v -0.005094 -0.003018 0.019800
v -0.011695 0.007880 0.002816
v -0.012711 0.007913 0.002881
vn -0.7198 -0.2438 -0.6500
vn -0.7559 -0.2539 -0.6035
vn -0.8439 -0.2627 -0.4677
vn -0.6780 -0.2281 -0.6988
vn -0.7377 -0.2852 -0.6119
vn -0.5619 -0.2416 -0.7911
vn -0.5604 -0.2411 -0.7923
vn -0.5990 -0.2537 -0.7595
vn -0.1511 -0.1511 -0.9769
vn -0.1560 -0.1781 -0.9716
vn -0.1533 -0.1631 -0.9746
vn 0.3841 0.0628 -0.9211
vn 0.4330 0.1062 -0.8951
vn 0.4368 0.1096 -0.8929
vn 0.4877 0.1355 -0.8624
vn 0.5016 0.1424 -0.8533
vn 0.4912 0.1367 -0.8603
vn 0.4550 0.1352 -0.8802
vn 0.5562 0.1507 -0.8172
vn 0.5328 0.1211 -0.8375
vn 0.5551 0.1487 -0.8184
vn -0.1536 -0.2460 -0.9570
vn -0.2733 -0.2532 -0.9280
vn 0.2162 -0.0273 -0.9760
vn -0.6591 -0.4402 -0.6098
vn -0.6843 -0.3984 -0.6107
vn -0.7615 -0.4280 -0.4869
vn -0.6286 -0.3848 -0.6759
vn -0.7608 -0.4308 -0.4854
vn -0.6314 -0.5008 -0.5921
vn -0.6183 -0.5037 -0.6033
vn -0.6310 -0.5558 -0.5412
vn 0.2751 -0.0533 -0.9599
vn 0.2767 -0.0899 -0.9567
vn -0.3089 -0.3344 -0.8904
vn 0.5870 0.1443 -0.7967
vn 0.3833 -0.0396 -0.9228
vn 0.0491 -0.2518 -0.9665
vn -0.4918 -0.5744 -0.6544
vn -0.5443 -0.5723 -0.6134
vn -0.5876 -0.5505 -0.5930
vn -0.5285 -0.5797 -0.6202
vn -0.7332 -0.5250 -0.4321
vn -0.7925 -0.4874 -0.3666
vn -0.8625 -0.4414 -0.2474
vn -0.8195 -0.4916 -0.2945
vn -0.8560 -0.4367 -0.2767
vn -0.8597 -0.4548 -0.2326
vn -0.8585 -0.4483 -0.2489
vn -0.8220 -0.5028 -0.2673
vn -0.8280 -0.5014 -0.2509
vn -0.8400 -0.4828 -0.2475
vn -0.8369 -0.4877 -0.2484
vn -0.8470 -0.4715 -0.2453
vn -0.8551 -0.4333 -0.2847
vn -0.8428 -0.4265 -0.3283
vn -0.8378 -0.4233 -0.3449
vn -0.8449 -0.4278 -0.3211
vn -0.8039 -0.5767 -0.1455
vn -0.7324 -0.5610 -0.3857
vn -0.7813 -0.5526 -0.2903
vn -0.6932 -0.6074 -0.3879
vn -0.6948 -0.6491 -0.3097
vn -0.4633 -0.7054 -0.5364
vn -0.4418 -0.7178 -0.5381
vn -0.6336 -0.7019 -0.3255
vn -0.4023 -0.7177 -0.5683
vn 0.2231 -0.2912 -0.9303
vn 0.4702 -0.0616 -0.8804
vn 0.4337 -0.1570 -0.8873
vn 0.3053 -0.3132 -0.8993
vn 0.0031 0.1973 -0.9803
vn -0.0015 0.1991 -0.9800
vn 0.0003 0.1956 -0.9807
vn -0.0043 0.2243 -0.9745
vn -0.0016 0.1997 -0.9799
vn -1.0000 -0.0001 0.0006
vn -1.0000 -0.0000 0.0005
vn -1.0000 -0.0000 0.0006
vn -0.0006 0.0585 -0.9983
vn -0.0006 -0.0844 -0.9964
vn -0.0005 -0.0841 -0.9965
vn -0.0006 -0.0845 -0.9964
vn -1.0000 0.0001 0.0005
vn -1.0000 0.0001 0.0004
vn -0.0205 0.3595 0.9329
vn 0.0305 0.0631 0.9975
vn 0.0284 0.6075 0.7938
vn 1.0000 -0.0000 -0.0006
vn 1.0000 -0.0001 -0.0021
vn 1.0000 -0.0000 -0.0003
vn -0.0244 0.6717 0.7404
vn 0.0062 -0.9933 -0.1151
vn -0.0061 -0.9872 -0.1594
vn 0.0059 -0.8940 -0.4480
vn 0.0046 -0.8764 -0.4815
vn 1.0000 0.0001 -0.0006
vn -0.0222 0.9891 0.1459
vn 0.0133 0.9439 0.3300
vn 0.0159 0.9999 0.0037
vn -1.0000 -0.0004 0.0008
vn -1.0000 0.0042 -0.0025
vn -1.0000 -0.0001 0.0005
vn -1.0000 -0.0006 0.0010
vn 1.0000 0.0010 0.0012
vn 1.0000 -0.0000 -0.0005
vn 1.0000 0.0001 -0.0004
vn -0.0168 0.9045 -0.4262
vn -0.0113 -0.7249 -0.6888
vn 0.0029 -0.7459 -0.6661
vn 1.0000 0.0002 -0.0005
vn 1.0000 -0.0001 -0.0007
vn 1.0000 0.0002 -0.0004
vn 1.0000 0.0001 -0.0005
vn -0.0005 0.2231 -0.9748
vn -0.0006 0.0756 -0.9971
vn -0.0005 0.0753 -0.9972
vn -0.0005 0.0756 -0.9971
vn -0.0005 0.0752 -0.9972
vn 1.0000 -0.0000 -0.0007
vn 1.0000 0.0001 -0.0007
vn -0.0004 -0.0585 0.9983
vn 0.0062 -0.0232 0.9997
vn 0.0014 -0.1997 0.9799
vn 0.0038 -0.1806 0.9836
vn 0.0015 -0.1987 0.9801
vn 0.0001 -0.1072 0.9942
vn 0.6949 -0.7168 0.0574
vn 0.7218 -0.6908 0.0422
vn 0.6934 -0.7190 0.0475
vn 0.6840 -0.7289 0.0274
vn 0.6888 -0.7240 0.0375
vn 0.5924 -0.8045 -0.0432
vn 0.6250 -0.7801 -0.0270
vn 0.6077 -0.7936 -0.0287
vn 0.5802 -0.8134 -0.0415
vn 0.5433 -0.8364 -0.0732
vn -0.9356 -0.3420 0.0876
vn -0.9537 0.2770 0.1175
vn -0.9903 0.0507 0.1290
vn -0.8477 0.5170 0.1184
vn 0.0648 -0.9979 -0.0049
vn -0.8047 0.5879 0.0829
vn -0.8222 0.5623 0.0887
vn -0.8411 0.5374 0.0614
vn -0.8338 0.5467 0.0767
vn -0.6876 -0.7257 0.0259
vn -0.6876 -0.7257 0.0241
vn -0.6881 -0.7256 -0.0012
vn -0.9631 -0.2683 0.0213
vn -0.8266 0.5568 -0.0818
vn -0.8365 0.5449 -0.0580
vn -0.8518 0.5202 -0.0625
vn -0.8532 0.5196 -0.0452
vn -0.8361 0.5430 -0.0780
vn -0.8178 0.5374 -0.2060
vn -0.8246 0.5360 -0.1810
vn -0.8279 0.5365 -0.1635
vn -0.8255 0.5410 -0.1608
vn -0.0015 0.2253 0.9743
vn 0.0012 0.2371 0.9715
vn -0.0021 0.2935 0.9560
vn -1.0000 0.0001 0.0006
vn -0.0001 0.0809 0.9967
vn 0.0009 0.0841 0.9965
vn -0.0193 0.0789 -0.9967
vn 0.0184 0.4587 -0.8884
vn 0.0217 -0.0495 -0.9985
vn 1.0000 -0.0001 -0.0006
vn 1.0000 -0.0002 -0.0006
vn -0.0190 0.5714 -0.8205
vn -0.0005 -0.3648 -0.9311
vn -0.0005 -0.3645 -0.9312
vn -0.0005 -0.2217 -0.9751
vn -0.0004 -0.4995 -0.8663
vn 1.0000 -0.0000 -0.0001
vn 0.0018 0.4905 0.8714
vn -0.0003 0.4845 0.8748
vn 0.0038 0.3616 0.9323
vn 0.0010 0.2253 0.9743
vn 0.0036 0.2378 0.9713
vn 0.0013 0.2268 0.9739
vn 0.0005 0.3472 0.9378
vn 0.8119 -0.4388 0.3851
vn 0.8140 -0.4637 0.3499
vn 0.8100 -0.4301 0.3985
vn 0.8296 -0.3938 0.3959
vn 0.7993 -0.5448 0.2537
vn 0.7976 -0.5655 0.2100
vn 0.7961 -0.5680 0.2090
vn 0.7953 -0.5692 0.2085
vn 0.8212 -0.4620 0.3349
vn -0.0010 0.0841 0.9965
vn 0.7785 -0.5939 0.2033
vn 0.7752 -0.6060 0.1783
vn 0.7774 -0.5944 0.2057
vn 0.0035 0.1044 0.9945
vn 0.7625 -0.6327 0.1354
vn 0.7764 -0.6244 0.0853
vn 0.7982 -0.5645 0.2104
vn 0.7923 -0.6055 0.0749
vn 0.7994 -0.5967 0.0695
vn 0.7979 -0.5992 0.0657
vn 0.7986 -0.5981 0.0674
vn 0.8276 -0.5258 0.1964
vn 0.8247 -0.5322 0.1913
vn 0.8241 -0.5335 0.1902
vn 0.8456 -0.5041 0.1758
vn 0.8462 -0.5040 0.1732
vn 0.8459 -0.5040 0.1742
vn 0.8794 -0.4471 0.1637
vn 0.8791 -0.4522 0.1505
vn 0.8785 -0.4596 0.1306
vn 0.8222 -0.5562 0.1211
vn 0.8870 -0.4120 0.2088
vn 0.8873 -0.4170 0.1970
vn 0.8875 -0.4224 0.1842
vn 0.8502 -0.4737 0.2296
vn 0.8452 -0.5041 0.1773
vn 0.8416 -0.4154 0.3452
vn 0.8364 -0.4506 0.3121
vn 0.8345 -0.4607 0.3023
vn 0.8440 -0.3910 0.3672
vn 0.8554 -0.3542 0.3780
vn 0.8545 -0.4195 0.3063
vn 0.8543 -0.3474 0.3865
vn 0.8826 -0.3222 0.3423
vn 0.8859 -0.3785 0.2682
vn 0.9182 -0.2118 0.3347
vn 0.9018 -0.1889 0.3888
vn 0.9082 -0.1974 0.3690
vn 0.8910 -0.2431 0.3835
vn 0.8865 -0.2363 0.3980
vn 0.8806 -0.2277 0.4155
vn 0.8834 -0.3284 0.3342
vn 0.8844 0.0983 0.4563
vn 0.9064 -0.0759 0.4155
vn 0.8502 0.1463 0.5057
vn 0.9159 -0.0621 0.3966
vn 0.9238 -0.2206 0.3130
vn 0.9142 -0.0328 0.4039
vn 0.9105 -0.3016 0.2829
vn 0.9096 -0.2969 0.2907
vn 0.9081 -0.2906 0.3014
vn 0.9297 -0.2563 0.2644
vn 0.9316 -0.2782 0.2340
vn 0.9561 -0.1200 0.2673
vn 0.9373 -0.0787 0.3395
vn 0.9371 -0.0850 0.3387
vn 0.8277 0.2754 0.4889
vn 0.8813 0.1881 0.4334
vn 0.8711 0.2147 0.4417
vn 0.6354 0.5458 0.5462
vn 0.7199 0.4499 0.5285
vn 0.8021 0.3121 0.5091
vn 0.4148 0.7260 0.5484
vn 0.4131 0.7271 0.5484
vn 0.3580 0.7566 0.5472
vn -0.1254 0.9087 0.3982
vn 0.8097 0.2747 0.5186
vn 0.8882 -0.0198 0.4590
vn 0.8037 0.3081 0.5090
vn 0.8718 -0.1618 0.4623
vn 0.8475 0.0250 0.5302
vn 0.8574 0.0441 0.5128
vn 0.8650 0.0597 0.4982
vn 0.8385 0.0087 0.5448
vn 0.5381 0.6508 0.5357
vn 0.5346 0.6680 0.5177
vn 0.7092 0.4560 0.5377
vn 0.5989 0.6159 0.5119
vn 0.6618 0.5521 0.5072
vn 0.3249 0.8770 0.3540
vn 0.2634 0.9203 0.2893
vn 0.3179 0.8699 0.3771
vn 0.0600 0.9587 0.2779
vn 0.0625 0.9626 0.2636
vn 0.0584 0.9563 0.2866
vn 0.0824 0.9382 0.3361
vn 0.0700 0.9402 0.3335
vn 0.2366 0.8686 0.4353
vn 0.3758 0.7952 0.4759
vn 0.0558 0.9520 0.3009
vn -0.5620 0.8200 -0.1079
vn -0.6634 0.7298 -0.1654
vn -0.8260 0.5257 -0.2032
vn -0.8216 0.5349 -0.1969
vn -0.6719 0.7373 -0.0703
vn -0.8464 0.4886 -0.2120
vn -0.8079 0.5662 -0.1634
vn -0.8869 0.4161 -0.2006
vn -0.8834 0.4146 -0.2187
vn -0.8871 0.4146 -0.2027
vn -0.8902 0.4153 -0.1873
vn -0.8820 0.4109 -0.2307
vn -0.8609 0.4316 -0.2696
vn -0.8197 0.5008 -0.2780
vn -0.8560 0.4585 -0.2387
vn -0.8597 0.4292 -0.2769
vn -0.8586 0.4400 -0.2631
vn -0.8222 0.4831 -0.3009
vn -0.8281 0.4685 -0.3077
vn -0.8401 0.4562 -0.2935
vn -0.8370 0.4594 -0.2972
vn -0.8551 0.4637 -0.2318
vn -0.8471 0.4487 -0.2848
vn -0.8414 0.5006 -0.2037
vn -0.8367 0.5106 -0.1980
vn -0.8449 0.4928 -0.2081
vn -0.8042 0.4155 -0.4250
vn -0.7814 0.5276 -0.3332
vn -0.7386 0.6048 -0.2978
vn -0.6933 0.6384 -0.3345
vn -0.7497 0.5797 -0.3192
vn -0.7426 0.5924 -0.3124
vn -0.5866 0.7825 -0.2088
vn -0.5398 0.7355 -0.4095
vn -0.4970 0.7509 -0.4349
vn -0.5431 0.7161 -0.4386
vn -0.0021 0.7127 0.7015
vn 0.0021 0.7313 0.6821
vn -0.0016 0.7171 0.6970
vn 0.0003 0.8082 0.5889
vn 0.0068 0.7194 0.6946
vn -0.0016 0.7162 0.6979
vn -1.0000 0.0002 0.0005
vn 0.0081 0.7114 0.7027
vn 0.2278 0.9645 0.1337
vn 0.4437 0.8546 0.2698
vn 0.4298 0.8643 0.2611
vn 0.1945 0.9701 0.1454
vn 0.3509 0.8930 0.2818
vn 0.1565 0.9686 0.1930
vn 0.1451 0.9715 0.1875
vn -0.4756 0.8648 -0.1608
vn -0.5784 0.7924 -0.1938
vn -0.5598 0.8015 -0.2105
vn -0.4217 0.8855 -0.1950
vn -0.5209 0.7793 -0.3484
vn -0.4670 0.8303 -0.3041
vn -0.5437 0.7796 -0.3107
vn -0.4068 0.8705 -0.2771
vn 0.1835 0.9736 0.1361
vn 0.2004 0.9728 0.1164
vn -0.4167 0.8376 -0.3533
vn 0.6061 0.6556 0.4504
vn 0.6267 0.6322 0.4556
vn 0.6281 0.6305 0.4561
vn 0.0035 0.6897 0.7241
vn 0.0002 0.6612 0.7502
vn 0.8030 0.1370 0.5800
vn 0.8185 0.0801 0.5690
vn 0.8051 0.1496 0.5740
vn 0.8152 -0.0739 0.5744
vn 0.8040 -0.1933 0.5624
vn 0.8225 -0.1442 0.5502
vn 0.7854 -0.3018 0.5404
vn 0.0013 0.5928 0.8053
vn 0.8222 -0.2962 0.4860
vn 0.8229 -0.3014 0.4817
vn 0.8225 -0.2986 0.4840
vn 0.8220 -0.2941 0.4877
vn 0.8508 -0.1074 0.5144
vn 0.7887 -0.3834 0.4806
vn 0.0194 0.6489 0.7606
vn -0.0064 0.6095 0.7928
vn 1.0000 0.0003 -0.0003
vn -0.0004 -0.7327 -0.6806
vn -0.0004 -0.7325 -0.6808
vn -0.0004 -0.6228 -0.7823
vn -0.0004 -0.6230 -0.7822
vn -0.0004 -0.6229 -0.7823
vn -0.0004 -0.6231 -0.7822
vn 1.0000 -0.0001 -0.0005
vn -0.0228 -0.3665 -0.9301
vn -1.0000 0.0002 0.0006
vn 0.0123 -0.4730 -0.8810
vn -0.0085 -0.6966 -0.7174
vn 1.0000 -0.0002 -0.0002
vn 1.0000 -0.0001 -0.0004
vn 0.0204 -0.8069 -0.5903
vn -1.0000 0.0003 0.0003
vn 0.0068 -0.9060 -0.4232
vn 0.0002 0.9415 0.3371
vn 0.0002 0.8838 0.4678
vn 0.0001 0.9798 0.2001
vn -0.0211 -0.9696 -0.2438
vn 0.0036 -0.9927 -0.1202
vn 0.0325 -0.9991 0.0268
vn -1.0000 -0.0000 0.0008
vn -0.0297 -0.9864 0.1619
vn 0.0107 -0.9402 0.3403
vn -0.0107 -0.9689 0.2472
vn 0.0296 -0.9068 0.4205
vn -0.0453 -0.8262 0.5616
vn 0.0173 -0.7053 0.7087
vn -0.0233 -0.6295 0.7766
vn 0.0002 -0.9013 0.4333
vn 0.0002 -0.9558 0.2940
vn 0.0001 -0.9889 0.1483
vn 1.0000 -0.0002 -0.0007
vn -0.0000 -1.0000 -0.0007
vn 1.0000 -0.0001 -0.0009
vn -0.0001 -0.9887 -0.1497
vn -0.0000 0.9964 -0.0844
vn -0.0000 0.9983 0.0585
vn -0.0002 -0.9554 -0.2952
vn -0.0002 -0.9555 -0.2951
vn -0.0002 -0.9006 -0.4346
vn -0.0002 -0.9006 -0.4347
vn -0.0003 -0.8258 -0.5639
vn -0.0003 -0.8259 -0.5638
vn -0.0446 -0.9322 -0.3592
vn 0.0052 0.9176 -0.3975
vn -0.0010 0.9744 -0.2249
vn 0.0052 0.9637 -0.2669
vn -0.0007 0.9743 -0.2254
vn -0.0015 0.9323 -0.3616
vn 0.0008 0.9397 -0.3420
vn 0.6963 0.3844 0.6062
vn 0.6415 0.3829 0.6647
vn 0.6274 0.3968 0.6700
vn 0.6705 0.3809 0.6367
vn 0.6840 0.3806 0.6224
vn 0.5625 0.3610 0.7438
vn 0.6230 0.3662 0.6913
vn 0.6122 0.3660 0.7009
vn 0.7037 0.3992 0.5878
vn 0.7129 0.3297 0.6190
vn 0.7475 0.3242 0.5797
vn 0.7518 0.3192 0.5770
vn 0.7045 0.3634 0.6096
vn 0.6382 0.3611 0.6799
vn 0.6783 0.3323 0.6554
vn -0.9193 -0.2048 -0.3360
vn -0.9194 -0.2061 -0.3351
vn -0.9085 -0.2180 -0.3566
vn -0.8894 -0.2373 -0.3908
vn -0.8976 -0.2361 -0.3722
vn -0.8968 -0.2519 -0.3637
vn -0.8812 -0.2876 -0.3752
vn -0.8836 -0.2634 -0.3871
vn -0.8778 -0.2909 -0.3807
vn -0.8756 -0.3833 -0.2941
vn -0.8761 -0.3709 -0.3079
vn -0.8733 -0.3708 -0.3158
vn -0.8696 -0.3707 -0.3262
vn -0.8670 -0.3705 -0.3333
vn -0.8954 -0.3445 -0.2821
vn -0.8873 -0.3373 -0.3145
vn -0.9070 -0.3125 -0.2823
vn -0.8792 -0.2978 -0.3718
vn -0.9029 -0.3253 -0.2810
vn -0.9065 -0.2582 -0.3342
vn -0.9098 -0.2831 -0.3034
vn -0.9296 -0.2208 -0.2949
vn -0.9198 -0.2363 -0.3133
vn -0.9097 -0.2648 -0.3198
vn -0.9126 -0.3023 -0.2755
vn -0.9222 -0.2267 -0.3133
vn -0.9183 -0.2327 -0.3201
vn -0.9376 -0.2076 -0.2789
vn -0.9461 -0.1987 -0.2556
vn -0.9890 -0.1360 -0.0575
vn -0.9202 0.0042 0.3914
vn -0.9227 0.0026 0.3856
vn -0.9508 -0.1843 -0.2491
vn 0.7551 0.2732 0.5960
vn 0.7806 0.2829 0.5573
vn 0.7808 0.2684 0.5641
vn 0.8068 0.2716 0.5247
vn -0.0015 0.9081 -0.4189
vn -0.0265 0.9208 -0.3892
vn -0.0018 0.9104 -0.4137
vn 0.8620 0.2701 0.4289
vn 0.8551 0.2858 0.4326
vn 0.8623 0.2705 0.4281
vn 0.8830 0.2582 0.3919
vn 0.9062 0.2928 0.3050
vn 0.0019 0.8735 -0.4869
vn -0.9233 -0.2614 -0.2815
vn -0.9236 -0.2622 -0.2796
vn -0.9257 -0.2726 -0.2623
vn -0.9266 -0.2655 -0.2663
vn 0.0067 0.8528 -0.5222
vn -0.0018 0.8822 -0.4708
vn -0.0097 0.8272 -0.5619
vn 0.9364 0.2942 0.1911
vn 0.9466 0.2968 0.1260
vn 0.0191 0.8114 -0.5842
vn -0.0086 0.7852 -0.6192
vn -0.9188 -0.2745 -0.2837
vn -0.8846 -0.2821 -0.3713
vn -0.9085 -0.3292 -0.2575
vn -0.9149 -0.3211 -0.2445
vn -0.8519 -0.3632 -0.3772
vn -0.8475 -0.3075 -0.4327
vn -0.8724 -0.3731 -0.3159
vn -0.8887 -0.3818 -0.2538
vn -0.8915 -0.3682 -0.2640
vn -0.8874 -0.3877 -0.2493
vn -0.8824 -0.4086 -0.2332
vn -0.8449 -0.4263 -0.3232
vn -0.8044 -0.4319 -0.4080
vn -0.7803 -0.3969 -0.4834
vn -0.6106 -0.4724 -0.6356
vn -0.7821 -0.4732 -0.4055
vn -0.7605 -0.3825 -0.5247
vn -0.7529 -0.3569 -0.5530
vn -0.0007 0.7786 -0.6275
vn 0.0038 0.7849 -0.6197
vn 0.0052 0.7868 -0.6172
vn -0.0059 0.7715 -0.6363
vn -0.8716 -0.3268 -0.3654
vn -0.0208 0.7760 -0.6304
vn 0.9457 0.3145 -0.0823
vn 0.9492 0.2948 -0.1104
vn 0.8743 0.2800 -0.3964
vn 0.8266 0.2526 -0.5029
vn 0.8102 0.2808 -0.5146
vn 0.8161 0.2841 -0.5033
vn 0.8144 0.2817 -0.5073
vn 0.8305 0.3058 -0.4655
vn 0.1957 0.0433 -0.9797
vn 0.1706 0.0376 -0.9846
vn -0.3543 -0.1713 -0.9193
vn 0.2587 0.0301 -0.9655
vn 0.8322 0.3085 -0.4607
vn 0.8608 0.3223 -0.3938
vn 0.9106 0.3693 -0.1856
vn 0.8590 0.3739 -0.3497
vn 0.8045 0.3150 -0.5036
vn 0.9067 0.3958 -0.1460
vn 0.9080 0.4068 0.1001
vn 0.9094 0.4007 0.1110
vn 0.9068 0.4116 0.0913
vn 0.8977 0.3883 0.2082
vn 0.8856 0.4207 0.1969
vn 0.8947 0.3965 0.2054
vn 0.8875 0.3712 0.2730
vn 0.8873 0.3796 0.2619
vn 0.8875 0.3635 0.2831
vn 0.9053 0.3658 0.2158
vn 0.9150 0.3556 0.1904
vn 0.8778 0.3330 0.3443
vn 0.8785 0.3434 0.3321
vn 0.8791 0.3571 0.3156
vn 0.9069 0.3398 0.2491
vn 0.8686 0.3103 0.3863
vn 0.8769 0.3159 0.3622
vn 0.8822 0.3194 0.3460
vn 0.8892 0.3243 0.3227
vn 0.7617 0.2861 0.5813
vn 0.7978 0.2890 0.5291
vn -0.9462 -0.2019 -0.2527
vn -0.9068 -0.2371 -0.3485
vn -0.8976 -0.2727 -0.3463
vn -0.9245 -0.2087 -0.3191
vn 0.7239 0.3056 0.6185
vn 0.7270 0.3061 0.6147
vn 0.7115 0.3046 0.6333
vn 0.7025 0.3175 0.6370
vn 0.7514 0.3226 0.5756
vn 0.6999 0.3207 0.6382
vn -0.8199 0.1742 0.5454
vn -0.7363 0.2612 0.6241
vn -0.8285 0.1638 0.5355
vn 0.7964 0.3547 0.4898
vn 0.8003 0.3599 0.4796
vn 0.7986 0.3577 0.4840
vn 0.8224 0.3834 0.4203
vn 0.8654 0.3354 0.3722
vn 0.8793 0.3661 0.3046
vn 0.7615 0.3225 0.5622
vn 0.8467 0.2980 0.4408
vn 0.8282 0.3043 0.4706
vn 0.8310 0.3067 0.4640
vn 0.8458 0.4045 0.3479
vn 0.8463 0.4024 0.3490
vn 0.8461 0.4031 0.3486
vn 0.8291 0.4338 0.3527
vn 0.8249 0.4322 0.3642
vn 0.8285 0.4336 0.3544
vn 0.8418 0.5062 0.1873
vn 0.8367 0.4948 0.2349
vn 0.8348 0.4913 0.2484
vn 0.8455 0.4056 0.3473
vn 0.8441 0.5130 0.1559
vn 0.8544 0.4756 0.2096
vn 0.8858 0.4219 0.1933
vn 0.8504 0.4360 0.2945
vn 0.8542 0.5089 0.1065
vn 0.8825 0.4579 0.1070
vn 0.8574 0.5142 -0.0241
vn 0.8707 0.4914 -0.0199
vn 0.8821 0.4697 0.0370
vn 0.8839 0.4135 -0.2184
vn 0.8848 0.4353 -0.1662
vn 0.8943 0.4067 -0.1864
vn 0.8723 0.4068 -0.2712
vn 0.8826 0.4676 0.0489
vn 0.8476 0.5302 -0.0189
vn 0.8229 0.5599 0.0970
vn 0.8555 0.5039 0.1193
vn 0.7887 0.6079 0.0917
vn 0.8236 0.5664 0.0307
vn 0.8219 0.5695 0.0119
vn 0.8227 0.5682 0.0202
vn 0.8242 0.5566 0.1048
vn 0.8241 0.5653 0.0368
vn 0.8292 0.4692 -0.3038
vn 0.8381 0.5266 -0.1423
vn 0.8492 0.4764 -0.2279
vn 0.8167 0.5689 -0.0965
vn 0.7963 0.6028 -0.0496
vn 0.8341 0.5327 -0.1433
vn 0.7797 0.6259 -0.0156
vn 0.8051 0.5759 -0.1423
vn 0.7985 0.5925 -0.1060
vn 0.8169 0.5181 -0.2533
vn 0.8892 0.3879 -0.2425
vn 0.8168 0.3360 -0.4690
vn -0.5749 -0.4724 -0.6680
vn 0.3794 0.0587 -0.9234
vn 0.4070 -0.0762 -0.9102
vn 0.1526 -0.2455 -0.9573
vn -0.4131 -0.6762 -0.6100
vn -0.4770 -0.6264 -0.6165
vn 0.7283 0.2459 -0.6396
vn 0.6942 0.2065 -0.6895
vn 0.6788 0.1437 -0.7202
vn 0.0039 0.2196 -0.9756
vn 0.0001 0.2716 -0.9624
vn 0.2896 -0.3303 -0.8983
vn 1.0000 0.0002 -0.0006
vn 1.0000 -0.0003 -0.0001
vn 0.0095 0.2736 -0.9618
vn 0.0002 0.3318 -0.9433
vn 0.6931 0.1681 -0.7010
vn 0.8180 0.4933 -0.2957
vn 0.0137 0.3098 -0.9507
vn 0.0068 0.3293 -0.9442
vn -0.0066 0.4680 -0.8837
vn 0.0004 0.5888 -0.8083
vn 0.0005 0.4834 -0.8754
vn 0.0150 0.4241 -0.9055
vn 0.0004 -0.6240 0.7814
vn 0.0004 -0.7334 0.6798
vn 0.0003 -0.8267 0.5627
vn -0.0008 0.7086 -0.7056
vn 0.0023 0.6979 -0.7162
vn 0.0010 0.7928 -0.6095
vn 0.7954 0.4644 0.3895
vn 0.7969 0.4642 0.3866
vn 0.7976 0.4641 0.3853
vn 0.8184 0.5340 0.2123
vn 0.8121 0.5441 0.2108
vn 0.8061 0.5535 0.2094
vn 0.7867 0.4733 0.3962
vn 0.7969 0.4964 0.3444
vn 0.8003 0.5006 0.3301
vn 0.7930 0.4522 0.4082
vn 0.7902 0.4583 0.4068
vn 0.7947 0.4645 0.3907
vn 0.7547 0.4155 0.5076
vn 0.0021 0.8648 -0.5021
vn 0.0006 0.7944 -0.6074
vn -0.0001 0.8713 -0.4907
vn 0.8035 0.3877 0.4517
vn 0.7660 0.4025 0.5012
vn 0.7063 0.3966 0.5863
vn 0.7676 0.4079 0.4944
vn 0.8242 0.4319 0.3663
vn 0.7985 0.5651 0.2077
vn -0.0003 0.5910 -0.8066
vn 0.0267 -0.4311 0.9019
vn -0.0295 -0.1665 0.9856
vn -1.0000 -0.0002 0.0004
vn -0.0017 0.7928 -0.6095
vn -0.0003 0.8692 -0.4944
vn -0.0017 0.8831 -0.4692
vn -0.0013 0.9157 -0.4019
vn -0.0018 0.8714 -0.4905
vn -1.0000 -0.0001 0.0004
vn -0.0039 0.9355 -0.3532
vn -0.0010 0.9515 -0.3078
vn -0.0045 0.9323 -0.3616
vn -0.0011 0.9289 -0.3703
vn -0.8125 -0.2522 -0.5256
vn -0.8080 -0.3086 -0.5020
vn -0.8001 -0.2313 -0.5534
vn -0.8207 -0.3028 -0.4845
vn -0.8782 -0.2170 -0.4263
vn -0.8407 -0.2048 -0.5012
vn -0.8724 -0.2179 -0.4375
vn -0.8459 -0.2133 -0.4888
vn -0.8885 -0.1435 -0.4359
vn -0.8387 -0.1660 -0.5187
vn -0.8438 -0.2748 -0.4609
vn -0.8542 -0.3018 -0.4233
vn -0.8457 -0.3075 -0.4362
vn -0.8490 -0.2929 -0.4398
vn -0.8594 -0.3018 -0.4128
vn -0.8240 -0.3899 -0.4111
vn -0.8328 -0.3319 -0.4431
vn -0.8199 -0.4150 -0.3945
vn -0.8279 -0.4214 -0.3702
vn -0.8102 -0.4075 -0.4214
vn -0.8542 -0.3870 -0.3472
vn -0.8357 -0.4220 -0.3514
vn -0.8351 -0.4273 -0.3464
vn -0.8056 -0.4769 -0.3515
vn -0.7848 -0.5571 -0.2715
vn -0.7916 -0.5497 -0.2668
vn -0.7923 -0.5483 -0.2674
vn -0.8184 -0.4727 -0.3269
vn -0.8056 -0.5211 -0.2817
vn -0.7855 -0.5803 -0.2150
vn -0.8217 -0.5147 -0.2446
vn -0.7789 -0.5615 -0.2794
vn -0.7737 -0.5648 -0.2871
vn -0.0009 0.5303 -0.8478
vn -0.0008 0.4915 -0.8709
vn -0.0012 0.4033 -0.9151
vn -0.0031 0.3874 -0.9219
vn -0.0008 0.3368 -0.9416
vn -1.0000 -0.0002 0.0006
vn -0.0060 0.6444 -0.7647
vn -0.0029 0.5808 -0.8140
vn -0.0008 0.6444 -0.7647
vn -0.0017 0.7269 -0.6867
vn -0.0019 0.7118 -0.7024
vn -0.0046 -0.9743 0.2252
vn -0.0060 -0.9822 0.1878
vn 0.0111 -0.8851 0.4653
vn -0.0030 -0.8990 0.4379
vn -0.0202 -0.6991 0.7147
vn 0.0207 -0.6611 0.7500
vn -0.0809 -0.7500 0.6564
vn 0.0545 -0.8243 0.5635
vn 0.0005 -0.5005 0.8657
vn 1.0000 -0.0002 -0.0004
vn 0.0005 -0.3660 0.9306
vn -0.0309 0.0838 0.9960
vn -0.0053 0.1160 0.9932
vn -0.0801 0.0212 0.9966
vn 0.0555 -0.0983 0.9936
vn 0.0261 -0.2042 0.9786
vn -0.0021 -0.2421 0.9702
vn -0.0242 -0.4066 0.9133
vn -1.0000 0.0005 0.0003
vn -1.0000 -0.0003 0.0005
vn 0.0038 -0.3713 0.9285
vn -0.0533 -0.5019 0.8633
vn 0.0814 -0.5992 0.7964
vn 0.0520 0.1874 0.9809
vn -1.0000 -0.0004 0.0004
vn 0.0384 0.4127 0.9101
vn 0.0091 0.3849 0.9229
vn -0.0082 0.3682 0.9297
vn -1.0000 0.0006 0.0003
vn -1.0000 -0.0020 -0.0050
vn -0.0376 0.3393 0.9399
vn 0.0005 -0.2232 0.9748
vn 0.0006 -0.0756 0.9971
vn 0.0006 0.0742 0.9972
vn 1.0000 -0.0000 -0.0000
vn 1.0000 -0.0002 -0.0000
vn 1.0000 -0.0001 -0.0001
vn 0.0005 0.2217 0.9751
vn 0.0005 0.2220 0.9750
vn 0.0005 0.2221 0.9750
vn -0.0005 -0.3613 -0.9325
vn -0.0005 -0.3616 -0.9323
vn -0.0005 -0.2253 -0.9743
vn -1.0000 0.0004 0.0008
vn -0.0290 0.3242 0.9456
vn 0.0545 0.2326 0.9710
vn -1.0000 -0.0002 0.0005
vn -0.0087 -0.7161 -0.6979
vn -0.0002 -0.7369 -0.6760
vn -0.0064 -0.7218 -0.6921
vn -0.0004 -0.6097 -0.7926
vn -0.0004 -0.6095 -0.7928
vn 0.0001 -0.6928 -0.7212
vn -0.0004 -0.6857 -0.7279
vn 0.0010 -0.7063 -0.7079
vn 0.0011 -0.7162 -0.6979
vn 0.0023 -0.7243 -0.6895
vn -0.0005 -0.4905 -0.8714
vn 0.0005 0.3648 0.9311
vn 0.0005 0.3645 0.9312
vn 0.0005 0.4995 0.8663
vn -0.0532 -0.3317 0.9419
vn 0.0550 -0.4450 0.8939
vn -0.7391 0.2799 -0.6127
vn -0.7497 0.2940 -0.5929
vn -0.7598 0.3078 -0.5727
vn -0.8723 -0.2676 0.4092
vn -0.8310 -0.3398 0.4404
vn -0.8431 -0.3199 0.4324
vn -0.8405 -0.2285 0.4912
vn -0.8490 -0.2076 0.4860
vn -0.8322 -0.2187 0.5095
vn -0.8529 -0.2150 0.4758
vn -0.8538 -0.1081 0.5093
vn -0.8425 -0.0718 0.5339
vn -0.8352 -0.0945 0.5417
vn -0.8373 -0.0880 0.5395
vn -0.8343 -0.0842 0.5448
vn -0.8279 -0.1063 0.5507
vn -0.8225 -0.1236 0.5551
vn -0.8051 -0.0667 0.5893
vn -0.0001 -0.9913 -0.1313
vn -0.0067 -0.9610 -0.2766
vn -0.0026 -0.9831 -0.1833
vn -0.0009 -0.9966 -0.0823
vn -0.0007 -0.9999 0.0139
vn -1.0000 -0.0000 0.0007
vn 0.0025 -0.9762 -0.2170
vn 0.0271 0.9174 -0.3969
vn -0.0661 0.8592 -0.5073
vn 0.0138 0.7111 -0.7030
vn -0.0323 0.6450 -0.7635
vn -0.0000 1.0000 0.0007
vn -0.0001 0.9889 -0.1483
vn 0.0024 -0.9881 0.1535
vn 0.0010 -0.9856 0.1692
vn -0.0001 -0.9964 0.0844
vn 0.0071 -0.9752 0.2212
vn 0.0063 -0.9655 0.2602
vn 0.0046 -0.9737 0.2279
vn 0.0008 -0.9745 0.2243
vn 0.0003 -0.9595 0.2816
vn 0.0002 -0.9323 0.3616
vn 0.0002 -0.9323 0.3617
vn 0.4323 -0.6827 0.5891
vn 0.5718 -0.7199 0.3934
vn 0.4400 -0.6829 0.5831
vn 0.3929 -0.6564 0.6440
vn 0.4454 -0.7377 0.5073
vn 0.7101 -0.6937 0.1203
vn 0.8124 -0.5377 -0.2254
vn 0.8128 -0.5191 -0.2643
vn 0.8016 -0.5821 -0.1366
vn 0.8014 -0.4016 -0.4432
vn 0.8004 -0.3499 -0.4867
vn 0.8021 -0.3537 -0.4811
vn 0.8199 -0.3994 -0.4101
vn 0.8263 -0.3849 -0.4112
vn 0.8277 -0.5368 -0.1633
vn 0.7006 -0.7025 0.1250
vn 0.8349 -0.5350 -0.1292
vn 0.5637 -0.7753 0.2850
vn 0.3282 -0.7770 0.5372
vn 0.5666 -0.7748 0.2805
vn 0.3667 -0.8159 0.4471
vn 0.1621 -0.8130 0.5592
vn -0.0271 -0.7268 0.6863
vn -0.0380 -0.7220 0.6908
vn 0.2454 -0.7809 0.5745
vn 0.2501 -0.7819 0.5711
vn -0.5660 -0.3597 0.7418
vn -0.4926 -0.4380 0.7520
vn -0.5004 -0.4283 0.7524
vn -0.4462 -0.5154 0.7316
vn 0.2950 -0.8457 0.4448
vn 0.3313 -0.8519 0.4057
vn 0.1094 -0.8412 0.5296
vn 0.0663 -0.8396 0.5392
vn -0.0113 -0.8515 0.5242
vn -0.6109 -0.5187 0.5981
vn -0.7466 -0.3755 0.5491
vn -0.7716 -0.2798 0.5713
vn -0.8486 -0.2185 0.4817
vn -0.8673 -0.1665 0.4692
vn -0.8505 -0.1483 0.5047
vn -0.8706 -0.0899 0.4837
vn -0.8883 -0.0295 0.4583
vn -0.8910 -0.0450 0.4518
vn -0.8870 -0.0226 0.4612
vn -0.8821 0.0017 0.4711
vn -0.8620 0.0061 0.5068
vn -0.8194 -0.0087 0.5732
vn -0.8555 -0.0214 0.5173
vn -0.8592 0.0257 0.5110
vn -0.8581 0.0085 0.5134
vn -0.8218 0.0194 0.5694
vn -0.8277 0.0326 0.5603
vn -0.8398 0.0261 0.5423
vn -0.8366 0.0278 0.5472
vn -0.8468 0.0223 0.5315
vn -0.8547 -0.0298 0.5183
vn -0.8446 -0.0648 0.5315
vn -0.8052 0.0159 0.5928
vn -0.8035 0.1615 0.5729
vn -0.8214 0.0453 0.5685
vn -0.7767 0.1330 0.6157
vn -0.8177 -0.0497 0.5734
vn -0.7808 0.0489 0.6229
vn -0.7858 0.0458 0.6168
vn -0.7321 0.1190 0.6707
vn -0.7911 0.0431 0.6102
vn -0.7925 0.0410 0.6085
vn -0.0010 -0.9995 -0.0328
vn 0.0007 -0.9964 0.0844
vn 0.0009 -0.9774 0.2114
vn -0.0028 -0.9979 0.0648
vn -0.0033 -0.9869 0.1610
vn -0.7380 0.1225 0.6636
vn -0.6970 0.1451 0.7022
vn -0.0010 -0.9679 0.2512
vn -0.6639 0.0625 0.7452
vn -0.5408 0.0182 0.8409
vn -0.5906 0.0049 0.8070
vn -0.5417 -0.0101 0.8405
vn -0.4916 -0.0101 0.8708
vn -0.3896 -0.2102 0.8967
vn -0.4015 -0.1344 0.9059
vn -0.4625 -0.1557 0.8728
vn -0.7369 -0.0416 0.6747
vn -0.5768 -0.2343 0.7826
vn -0.5841 -0.2174 0.7820
vn -0.5676 -0.2733 0.7766
vn -0.8067 -0.1331 0.5758
vn -0.7446 -0.2818 0.6050
vn -0.6351 -0.3939 0.6645
vn -0.6913 -0.2716 0.6696
vn -0.7773 -0.1105 0.6194
vn -0.8430 -0.0720 0.5331
vn -0.7786 -0.0819 0.6222
vn -0.7486 -0.1595 0.6435
vn -0.6944 0.0484 0.7180
vn -0.6929 -0.0297 0.7204
vn -0.7807 0.0246 0.6244
vn -0.7379 -0.0447 0.6734
vn -0.6654 -0.0409 0.7454
vn -0.7425 -0.0320 0.6690
vn -0.5565 -0.2216 0.8008
vn -0.4780 -0.2907 0.8288
vn 0.1724 -0.7125 0.6802
vn 0.2745 -0.7302 0.6257
vn -0.5260 -0.1475 0.8376
vn -0.4376 -0.2591 0.8610
vn 0.3745 -0.7096 0.5968
vn 0.2148 -0.6771 0.7038
vn 0.0217 0.2942 -0.9555
vn -0.0313 0.2299 -0.9727
vn 0.0808 0.9711 -0.2244
vn 0.0204 0.9886 -0.1494
vn -0.0205 0.9950 -0.0981
vn -0.0810 0.9965 -0.0211
vn 0.0812 0.9893 0.1214
vn 0.0207 0.9800 0.1978
vn -0.0202 0.9685 0.2482
vn -1.0000 -0.0003 0.0003
vn -1.0000 -0.0000 0.0001
vn -1.0000 -0.0000 0.0002
vn -0.0113 -0.2456 -0.9693
vn 0.0102 -0.3383 -0.9410
vn 0.0294 -0.4187 -0.9077
vn 1.0000 -0.0002 -0.0005
vn -0.0467 -0.5640 -0.8244
vn 0.0295 -0.7359 -0.6765
vn -0.0178 -0.7760 -0.6305
vn 0.0136 -0.9592 -0.2823
vn -0.0071 -0.9893 -0.1455
vn -0.0807 0.9436 0.3210
vn 0.0814 0.8880 0.4526
vn 0.0209 0.8532 0.5211
vn -0.0201 0.8251 0.5646
vn 1.0000 0.0001 -0.0003
vn 1.0000 0.0034 0.0053
vn 0.0184 -0.9863 0.1638
vn -1.0000 0.0004 -0.0009
vn 0.0072 -0.9760 0.2175
vn 0.0254 -0.8932 0.4490
vn -0.0487 -0.8434 0.5351
vn 0.0065 0.6095 0.7928
vn 0.0319 0.6345 0.7723
vn -0.0510 0.5492 0.8341
vn 0.0814 0.6801 0.7285
vn -1.0000 -0.0004 0.0003
vn -0.0806 0.7770 0.6243
vn -0.0305 -0.1605 -0.9866
vn 0.0441 0.0019 -0.9990
vn -0.0005 0.5008 -0.8656
vn -0.0004 0.5005 -0.8657
vn -0.0005 0.5007 -0.8656
vn -0.0005 0.3657 -0.9307
vn -0.0005 0.3660 -0.9306
vn 0.0005 -0.3375 0.9413
vn 0.0005 -0.4677 0.8839
vn 0.0005 -0.5891 0.8081
vn 0.0004 -0.5888 0.8083
vn 0.0004 -0.5889 0.8082
vn -0.0049 0.1217 -0.9926
vn -0.0061 0.1593 -0.9872
vn 0.0058 0.4483 -0.8939
vn 0.0044 0.4814 -0.8765
vn -0.0113 0.6888 -0.7248
vn 0.0029 0.6661 -0.7458
vn -0.0547 0.7670 -0.6393
vn 0.0803 0.8359 -0.5430
vn 0.0199 0.8780 -0.4783
vn -0.0207 0.9015 -0.4324
vn -0.0812 0.9293 -0.3603
vn 0.0102 -0.1345 -0.9909
vn -0.0040 -0.1040 -0.9946
vn -1.0000 -0.0003 0.0004
vn 0.0006 -0.2655 0.9641
vn 0.0021 -0.3036 0.9528
vn 0.0074 -0.4443 0.8958
vn -0.0020 -0.2000 0.9798
vn 0.0002 -0.3629 0.9318
vn 0.0007 -0.2468 0.9691
vn -0.0009 -0.4131 0.9107
vn -0.0000 -0.4581 0.8889
vn -0.0000 -0.4472 0.8944
vn -0.0439 -0.2921 0.9554
vn -0.0249 -0.2505 0.9678
vn -0.0065 -0.2097 0.9777
vn 0.2223 -0.3450 0.9119
vn -1.0000 0.0003 0.0006
vn 0.0534 -0.2478 -0.9673
vn -0.0212 -0.4324 -0.9014
vn 0.0195 -0.4784 -0.8779
vn -0.0818 -0.3603 -0.9292
vn 0.0801 -0.5431 -0.8359
vn -0.0004 0.7334 -0.6798
vn -0.0004 0.6240 -0.7814
vn -0.0004 0.6242 -0.7812
vn -0.0004 0.6243 -0.7812
vn -0.0003 0.8267 -0.5627
vn 0.0004 -0.6979 0.7162
vn 0.0003 -0.7926 0.6097
vn 0.0003 -0.7927 0.6096
vn 0.0003 -0.7928 0.6095
vn 0.0003 -0.8714 0.4905
vn -0.0002 0.9013 -0.4333
vn -0.0002 0.9558 -0.2941
vn -0.8771 -0.0850 0.4727
vn -0.8744 -0.0930 0.4761
vn -0.8691 -0.1084 0.4827
vn -0.8664 -0.1157 0.4857
vn -0.8633 -0.1823 0.4706
vn -0.8844 -0.1742 0.4329
vn -0.8820 -0.1975 0.4279
vn -0.8915 -0.1911 0.4108
vn -0.8924 -0.2128 0.3979
vn -0.8804 -0.1987 0.4305
vn -0.8594 -0.2724 0.4327
vn -0.8431 -0.2795 0.4595
vn -0.8953 -0.2203 0.3872
vn -0.9040 -0.2134 0.3703
vn -0.9196 -0.1669 0.3556
vn -0.9199 -0.1781 0.3492
vn -0.8074 0.3922 -0.4409
vn -0.7736 0.3897 -0.4996
vn -0.8154 0.3925 -0.4256
vn 0.6841 0.4017 -0.6088
vn 0.6808 0.4138 -0.6044
vn 0.6879 0.3981 -0.6070
vn 0.7403 0.3484 -0.5749
vn 0.7469 0.3385 -0.5724
vn 0.7423 0.3526 -0.5698
vn 0.7632 0.3256 -0.5581
vn 0.8463 0.2436 -0.4737
vn 0.8282 0.2561 -0.4984
vn 0.8327 0.2465 -0.4959
vn 0.8508 0.2109 -0.4813
vn 0.8676 0.1752 -0.4653
vn 0.8737 0.1535 -0.4616
vn 0.8762 0.1442 -0.4599
vn 0.8800 0.1291 -0.4571
vn 0.8555 0.2470 -0.4551
vn 0.8905 0.1717 -0.4213
vn 0.8629 0.2446 -0.4422
vn 0.8963 0.1449 -0.4191
vn 0.9252 0.0817 -0.3707
vn 0.8774 0.1322 -0.4611
vn 0.8782 0.1165 -0.4639
vn 0.8788 0.0955 -0.4674
vn 0.9065 0.0465 -0.4196
vn 0.9080 0.0821 -0.4109
vn 0.9347 0.0178 -0.3550
vn 0.8871 0.0513 -0.4586
vn 0.8870 0.0375 -0.4603
vn 0.8872 0.0640 -0.4570
vn 0.9149 -0.0126 -0.4036
vn 0.9312 -0.0638 -0.3589
vn 0.9293 -0.1015 -0.3552
vn 0.8973 -0.0133 -0.4411
vn 0.8942 -0.0204 -0.4471
vn 0.9048 0.0047 -0.4258
vn 0.9101 -0.0946 -0.4035
vn 0.9091 -0.1038 -0.4034
vn 0.9077 -0.1163 -0.4033
vn 0.8853 -0.0399 -0.4634
vn 0.9064 -0.1265 -0.4031
vn 0.9096 -0.3499 -0.2242
vn 0.9146 -0.3313 -0.2320
vn 0.9072 -0.3214 -0.2715
vn 0.9164 -0.3077 -0.2560
vn 0.9178 -0.1861 -0.3507
vn 0.9080 -0.2211 -0.3558
vn 0.9236 -0.1629 -0.3471
vn 0.9355 -0.2536 -0.2459
vn -0.1033 -0.9239 -0.3684
vn 0.9553 -0.1674 -0.2438
vn 0.9363 -0.2618 -0.2340
vn 0.0133 -0.9134 -0.4069
vn 0.0074 -0.9083 -0.4182
vn 0.0063 -0.9316 -0.3635
vn -0.9249 -0.0897 0.3694
vn -0.9204 -0.1030 0.3771
vn -0.8876 -0.1755 0.4259
vn -0.9082 -0.0589 0.4145
vn -0.9121 -0.0879 0.4004
vn -0.9146 -0.0514 0.4011
vn -0.9248 -0.1034 0.3661
vn 0.0099 -0.8677 -0.4970
vn -0.0131 -0.8940 -0.4479
vn 0.9397 -0.0165 -0.3415
vn -0.9054 -0.0904 0.4149
vn -0.9060 -0.1508 0.3955
vn -0.9089 -0.1212 0.3990
vn -0.8954 -0.0710 0.4396
vn -0.8851 -0.1104 0.4521
vn -0.9035 -0.0935 0.4183
vn -0.8843 -0.1656 0.4366
vn -0.9079 -0.1590 0.3879
vn -0.9064 -0.1494 0.3952
vn -0.9333 -0.1472 0.3275
vn -0.9404 -0.1315 0.3137
vn -0.9648 -0.0722 0.2529
vn 0.7463 0.3748 -0.5501
vn 0.7332 0.3744 -0.5677
vn 0.7746 0.3400 -0.5333
vn 0.7301 0.3749 -0.5714
vn 0.7209 0.3897 -0.5731
vn 0.7260 0.3819 -0.5719
vn 0.8020 0.3008 -0.5160
vn 0.8088 0.3076 -0.5013
vn -0.9392 -0.1362 0.3152
vn -0.9221 -0.1590 0.3527
vn -0.9218 -0.1541 0.3557
vn -0.9183 -0.1594 0.3623
vn -0.9201 -0.1568 0.3590
vn -0.9240 -0.1507 0.3514
vn -0.0184 -0.7955 -0.6057
vn -0.0185 -0.7955 -0.6057
vn 0.0082 -0.8140 -0.5808
vn 0.0071 -0.7623 -0.6472
vn -0.0011 -0.7612 -0.6485
vn 0.0105 -0.7627 -0.6466
vn -0.0021 -0.8018 -0.5976
vn 0.7857 0.3417 -0.5156
vn 0.8089 0.3149 -0.4965
vn -0.0054 -0.7606 -0.6492
vn 0.7680 0.3627 -0.5278
vn -0.9901 0.0323 0.1369
vn -0.9538 -0.1225 0.2742
vn -0.0208 -0.8514 -0.5241
vn -0.9232 -0.1099 0.3683
vn 0.9492 -0.1284 -0.2871
vn 0.9478 -0.0379 -0.3167
vn 0.0055 -0.9291 -0.3699
vn -0.8973 -0.1690 0.4078
vn -0.8658 -0.2179 0.4505
vn -0.0069 -0.9383 -0.3457
vn -0.7074 -0.4613 0.5355
vn -0.7057 -0.4631 0.5362
vn -0.6464 -0.5218 0.5567
vn -0.6448 -0.5233 0.5572
vn 0.3208 -0.8596 0.3978
vn 0.3252 -0.8589 0.3957
vn 0.0719 -0.8556 0.5126
vn 0.4437 -0.8306 0.3365
vn 0.8101 -0.5861 0.0142
vn 0.8085 -0.5883 0.0168
vn 0.8707 -0.4819 -0.0983
vn 0.5699 -0.7825 0.2508
vn 0.8724 -0.4779 -0.1023
vn 0.4584 -0.8189 0.3452
vn 0.4014 -0.8331 0.3805
vn 0.4594 -0.8187 0.3446
vn 0.8569 -0.4993 -0.1284
vn 0.7946 -0.6070 -0.0097
vn 0.8161 -0.5766 -0.0388
vn 0.8863 -0.3416 -0.3126
vn 0.8893 -0.3794 -0.2554
vn 0.8908 -0.2115 -0.4021
vn 0.8861 -0.2276 -0.4037
vn 0.8803 -0.2465 -0.4053
vn 0.8751 -0.2626 -0.4066
vn 0.8538 -0.1614 -0.4949
vn 0.8822 -0.1355 -0.4509
vn 0.8854 -0.0429 -0.4628
vn 0.8541 -0.0561 -0.5170
vn 0.8499 0.0376 -0.5257
vn 0.8548 -0.1509 -0.4965
vn 0.8412 -0.0917 -0.5330
vn 0.8435 -0.1231 -0.5228
vn 0.8359 -0.0448 -0.5470
vn 0.8214 -0.1956 -0.5358
vn 0.8562 -0.2598 -0.4465
vn 0.8452 -0.2924 -0.4474
vn 0.8507 -0.2766 -0.4470
vn 0.8613 -0.2437 -0.4458
vn 0.8600 -0.3601 -0.3616
vn 0.8677 -0.3899 -0.3084
vn 0.8685 -0.3939 -0.3009
vn 0.8207 -0.2592 -0.5092
vn 0.8192 -0.2670 -0.5075
vn 0.8118 -0.2607 -0.5224
vn 0.8462 -0.4099 -0.3404
vn 0.8587 -0.3559 -0.3689
vn 0.7777 -0.2650 -0.5701
vn 0.7922 -0.2605 -0.5519
vn 0.0052 -0.9951 0.0985
vn 0.7838 -0.3156 -0.5348
vn 0.0050 -0.9993 -0.0364
vn -0.0027 -0.9983 -0.0585
vn -0.0018 -0.9798 -0.2001
vn 0.0001 0.9887 0.1497
vn 0.0001 0.9887 0.1498
vn 0.0002 0.9554 0.2952
vn 0.0002 0.9555 0.2951
vn 0.0002 0.9006 0.4346
vn 0.0002 0.9006 0.4347
vn -0.0011 -0.9415 -0.3371
vn -0.0005 -0.8838 -0.4678
vn 0.0012 -0.9448 -0.3276
vn 0.0030 -0.9830 -0.1833
vn 0.8095 -0.1114 -0.5765
vn 0.8158 -0.0596 -0.5752
vn 0.8076 -0.1275 -0.5758
vn 0.8259 -0.1388 -0.5464
vn 0.8223 -0.0465 -0.5672
vn 0.8278 0.0904 -0.5536
vn 0.8244 0.0995 -0.5572
vn 0.8274 0.0917 -0.5541
vn 0.8340 -0.0311 -0.5508
vn 0.8452 0.0996 -0.5252
vn 0.8455 0.1010 -0.5243
vn 0.8448 0.0984 -0.5259
vn 0.8457 0.1018 -0.5238
vn 0.8791 0.0816 -0.4697
vn 0.8218 0.1729 -0.5428
vn 0.8866 0.0247 -0.4618
vn 0.7959 0.2473 -0.5526
vn 0.7997 0.2359 -0.5521
vn 0.7981 0.2407 -0.5523
vn 0.8650 0.1550 -0.4773
vn 0.7941 0.2525 -0.5529
vn 0.7655 0.2334 -0.5996
vn 0.8030 0.1979 -0.5621
vn 0.8238 0.1011 -0.5578
vn 0.6861 0.3449 -0.6405
vn 0.6708 0.3617 -0.6475
vn 0.7040 0.3100 -0.6390
vn 0.7095 0.3413 -0.6165
vn 0.6474 0.3830 -0.6589
vn 0.6388 0.3821 -0.6678
vn 0.6989 0.3099 -0.6446
vn 0.5744 0.4513 -0.6829
vn 0.5709 0.4591 -0.6806
vn 0.6217 0.4198 -0.6613
vn 0.5481 0.4819 -0.6837
vn 0.6414 0.4001 -0.6546
vn -0.7694 0.3216 -0.5519
vn 0.6062 0.4359 -0.6652
vn 0.6351 0.4116 -0.6536
vn 0.6397 0.4071 -0.6519
vn -0.7642 0.3888 -0.5146
vn 0.7439 0.3303 -0.5809
vn -0.0010 -0.7719 -0.6358
vn 0.7232 0.2581 -0.6406
vn 0.7595 0.2629 -0.5950
vn 0.7692 0.2016 -0.6063
vn 0.0023 -0.8906 -0.4548
vn -0.0019 -0.8082 -0.5889
vn 0.7945 0.0953 -0.5998
vn 0.7936 0.0955 -0.6009
vn 0.7938 0.0955 -0.6007
vn 0.7939 0.1048 -0.5989
vn 0.7921 0.1073 -0.6009
vn 0.7934 0.1055 -0.5995
vn 0.7914 0.1082 -0.6016
vn 0.7929 0.0957 -0.6018
vn 0.0047 -0.8288 -0.5595
vn 0.0003 0.8258 0.5639
vn 0.0003 0.8259 0.5638
vn 0.0004 0.7327 0.6806
vn 0.0052 0.7747 0.6323
vn 0.0129 0.7803 0.6253
vn 0.0116 0.7793 0.6265
vn -1.0000 0.0001 0.0003
vn 0.0187 0.7844 0.6200
vn 1.0000 -0.0001 -0.0003
vn -0.0004 -0.8914 -0.4532
vn -0.0001 -0.9415 -0.3371
vn -0.0042 -0.8838 -0.4678
vn -0.8075 -0.2574 0.5308
vn -0.0056 -0.9339 -0.3574
vn -0.8268 -0.1452 0.5434
vn -0.8115 -0.1563 0.5630
vn -0.8112 -0.2478 0.5297
vn -0.8003 -0.3282 0.5018
vn -0.7997 -0.3293 0.5021
vn -0.7990 -0.3305 0.5024
vn -0.8419 -0.2864 0.4574
vn -0.8268 -0.3055 0.4722
vn -0.8278 -0.3224 0.4591
vn -0.8256 -0.3594 0.4351
vn -0.7984 -0.3315 0.5026
vn 0.0019 -0.7418 -0.6706
vn -0.0068 -0.8082 -0.5889
vn 0.0026 -0.8270 -0.5622
vn -0.0177 0.9908 0.1341
vn -0.0105 0.9920 0.1258
vn -0.0118 0.9918 0.1273
vn -0.0040 0.9930 0.1183
vn 0.8830 -0.1257 -0.4522
vn 0.9014 -0.2426 -0.3588
vn 0.8591 -0.5056 -0.0789
vn 0.1510 -0.8123 0.5633
vn -0.2226 -0.7117 0.6663
vn -0.7208 -0.3233 0.6132
vn -0.4078 -0.6014 0.6870
vn -0.2397 -0.7039 0.6686
vn -0.6645 -0.3360 0.6675
vn 0.3999 -0.8334 0.3814
vn 0.8499 -0.5270 -0.0004
vn 0.8811 -0.4699 -0.0542
vn -0.8771 -0.0488 0.4779
vn -0.7273 -0.3320 0.6006
vn 0.0004 0.6228 0.7823
vn -0.0013 0.3016 -0.9534
vn -0.7269 -0.6488 -0.2253
vn -0.6307 -0.6952 -0.3447
vn -0.0003 0.2809 -0.9597
vn -0.6452 -0.6996 -0.3071
vn -0.7409 -0.6250 -0.2459
vn -0.6529 -0.6206 -0.4343
vn -0.8645 -0.3079 -0.3972
vn -0.8558 -0.2889 -0.4291
vn -0.8865 -0.2365 -0.3976
vn -0.8521 -0.2804 -0.4419
vn -0.8879 -0.2256 -0.4010
vn -0.7251 0.2715 0.6329
vn -0.9233 0.1974 0.3293
vn -0.9151 0.1826 0.3596
vn -0.9091 0.1730 0.3789
vn -0.0007 0.7904 -0.6126
vn -0.8041 -0.3194 -0.5013
vn -0.9281 0.2068 0.3097
vn 0.5477 0.3566 0.7568
vn 0.5594 0.3633 0.7451
vn -0.0002 0.9751 -0.2219
vn 0.0691 0.4893 0.8693
vn -0.2362 0.9112 -0.3375
vn 0.5777 0.5781 -0.5762
vn 0.0234 0.8898 -0.4557
vn -0.0383 -0.8857 0.4627
vn -0.9916 0.1235 -0.0396
vn 0.2167 0.8716 0.4397
vn -0.0068 0.9743 -0.2250
vn 0.0094 0.9999 -0.0108
vn -0.0185 0.9662 -0.2572
vn -0.0001 0.9783 -0.2072
vn 0.0049 0.9487 -0.3162
vn 0.0024 0.9549 -0.2970
vn -0.9016 -0.1296 -0.4126
vn -0.8026 -0.2310 -0.5499
vn -0.4605 -0.6191 -0.6362
vn 0.8833 0.4541 0.1162
vn 0.9180 0.3963 0.0138
vn 0.9015 0.4316 -0.0318
vn 0.9081 0.4184 -0.0145
vn 0.8870 0.3872 0.2517
vn 0.7946 0.3523 0.4945
vn 0.9081 0.3201 0.2699
vn 0.9283 0.2747 0.2506
vn 0.9295 0.3579 0.0890
vn 0.9104 0.3963 0.1188
vn 0.9314 0.3421 0.1241
vn 0.9365 0.3328 -0.1104
vn 0.9357 0.3393 -0.0967
vn 0.9164 0.3753 -0.1394
vn 0.9237 0.3817 0.0322
vn 0.9534 0.3016 -0.0018
vn 0.9145 0.3665 -0.1713
vn 0.9437 0.3237 0.0676
vn -0.0278 0.9207 -0.3894
vn 0.0060 0.9409 -0.3387
vn -0.0087 0.9417 -0.3364
vn 0.0109 0.9406 -0.3394
vn -0.0155 0.9420 -0.3354
vn 0.7569 0.2674 0.5963
vn -0.0022 0.4274 0.9041
vn 0.0014 0.4761 0.8794
vn -0.0013 0.4928 0.8701
vn 0.0012 0.3443 0.9389
vn 0.0017 0.5110 0.8596
vn -0.0024 0.6097 0.7926
vn -0.0000 0.6412 0.7674
vn -0.0036 0.6013 0.7990
vn -0.7464 0.5290 -0.4037
vn 0.0015 0.6566 0.7542
vn -0.6976 0.5323 -0.4796
vn -0.6483 0.6332 -0.4227
vn -0.6626 0.6726 -0.3294
vn -0.7411 0.5255 -0.4178
vn -0.6946 0.5988 -0.3988
vn -0.7879 0.4797 -0.3860
vn -0.7864 0.5120 -0.3456
vn -0.7850 0.5134 -0.3467
vn -0.7790 0.5194 -0.3513
vn -0.8055 0.5048 -0.3103
vn -0.8200 0.4735 -0.3216
vn -0.8202 0.5223 -0.2333
vn -0.8168 0.5297 -0.2284
vn -0.7925 0.5058 -0.3409
vn -0.8325 0.5193 -0.1930
vn -0.7331 0.6363 -0.2401
vn -0.7977 0.5509 -0.2453
vn -0.8541 0.4946 -0.1607
vn -0.8760 0.4527 -0.1665
vn -0.8734 0.4589 -0.1628
vn -0.8698 0.4674 -0.1578
vn -0.8673 0.4732 -0.1543
vn -0.8639 0.4982 -0.0740
vn -0.8781 0.4744 -0.0627
vn -0.8787 0.4762 -0.0326
vn -0.8816 0.4679 -0.0624
vn -0.9104 0.4136 -0.0126
vn -0.8969 0.4410 -0.0329
vn -0.8871 0.4614 0.0137
vn -0.8733 0.4862 -0.0316
vn -0.9284 0.3695 -0.0396
vn -0.9418 0.3339 -0.0393
vn -0.9288 0.3695 -0.0283
vn -0.9511 0.3045 -0.0515
vn 0.7539 -0.6553 -0.0460
vn 0.7305 -0.6818 -0.0405
vn 0.7763 -0.6294 -0.0344
vn 0.7277 -0.6847 -0.0402
vn 0.7984 -0.6020 -0.0114
vn 0.7974 -0.6033 -0.0145
vn 0.7458 -0.6661 -0.0125
vn 0.7627 -0.6468 -0.0017
vn 0.7349 -0.6776 -0.0277
vn -0.9206 0.3904 -0.0087
vn -0.9044 0.4266 -0.0114
vn -0.2362 -0.9690 -0.0726
vn -0.8371 -0.5339 -0.1194
vn -0.7286 -0.6803 -0.0799
vn -0.7399 -0.6674 -0.0837
vn 0.6314 -0.7748 -0.0322
vn 0.6182 -0.7848 -0.0428
vn 0.6198 -0.7836 -0.0424
vn 0.7101 -0.7035 -0.0290
vn 0.7091 -0.7051 0.0073
vn 0.7410 -0.6715 -0.0037
vn 0.6971 -0.7149 0.0555
vn 0.6164 -0.7859 -0.0489
vn 0.6800 -0.7320 -0.0425
vn -0.8453 -0.5200 -0.1228
vn 0.8000 -0.5958 0.0709
vn 0.8653 -0.4905 0.1037
vn 0.8875 -0.4273 0.1725
vn 0.9150 -0.3435 0.2117
vn 0.8978 -0.3748 0.2313
vn 0.8948 -0.3765 0.2401
vn 0.9053 -0.3703 0.2080
vn 0.9082 -0.3965 0.1339
vn 0.9349 -0.3161 0.1612
vn 0.9068 -0.3863 0.1689
vn 0.9401 -0.2868 0.1842
vn 0.9481 -0.2547 0.1903
vn 0.0042 0.0345 0.9994
vn 0.0073 0.0421 0.9991
vn -0.0069 0.0998 0.9950
vn -0.9178 0.3858 -0.0938
vn -0.9256 0.3641 -0.1033
vn -0.9270 0.3624 -0.0967
vn -0.8846 0.4626 -0.0586
vn -0.9085 0.3879 -0.1555
vn -0.9124 0.3902 -0.1233
vn -0.9150 0.3727 -0.1548
vn -0.9236 0.3733 -0.0871
vn -0.0015 -0.0296 0.9996
vn 0.0024 -0.0150 0.9999
vn 0.0110 -0.0988 0.9950
vn 0.0003 -0.1168 0.9932
vn -0.0232 -0.1264 0.9917
vn -0.0244 -0.1263 0.9917
vn 0.0138 -0.1837 0.9829
vn 0.0036 -0.1867 0.9824
vn 0.0188 -0.1823 0.9831
vn 0.7831 -0.6201 -0.0467
vn 0.8070 -0.5900 -0.0258
vn 0.7555 -0.6525 -0.0589
vn 0.8766 -0.4698 0.1045
vn 0.8741 -0.4759 0.0972
vn 0.8805 -0.4596 0.1164
vn 0.8457 -0.5314 0.0488
vn 0.8450 -0.5343 0.0223
vn 0.8422 -0.5382 0.0333
vn 0.8908 -0.4502 0.0612
vn 0.8679 -0.4903 0.0800
vn 0.8319 -0.5538 0.0350
vn -0.9471 0.3182 -0.0424
vn -0.9368 0.3479 -0.0377
vn -0.9379 0.3446 -0.0389
vn -0.9223 0.3845 -0.0385
vn -0.9199 0.3891 -0.0483
vn -0.9183 0.3938 -0.0400
vn 0.7639 -0.6418 -0.0672
vn -0.0027 -0.1885 0.9821
vn -0.9517 0.3053 -0.0320
vn -0.9069 0.4012 -0.1288
vn -0.9097 0.4046 -0.0933
vn -0.9065 0.4185 -0.0566
vn -0.9101 0.4081 -0.0714
vn -0.9028 0.4064 -0.1404
vn -0.8793 0.4709 -0.0716
vn -0.8954 0.4168 -0.1565
vn -0.8874 0.4411 -0.1342
vn -0.8975 0.4366 -0.0617
vn 0.8967 -0.4348 0.0834
vn 0.8615 -0.5075 0.0177
vn -0.9232 0.3747 -0.0852
vn 0.9255 -0.3612 0.1139
vn 0.0143 0.1184 0.9929
vn 0.0091 0.1477 0.9890
vn -0.8838 0.4657 -0.0440
vn 0.0058 0.1450 0.9894
vn -0.7358 0.6698 0.1002
vn -0.8718 0.4794 -0.1004
vn -0.6656 0.7454 0.0354
vn -0.6454 0.7634 0.0265
vn -0.6796 0.7324 0.0416
vn -0.6419 0.7630 0.0758
vn -0.0037 0.8883 0.4592
vn -0.9127 0.0048 -0.4086
vn -0.1100 0.9227 0.3696
vn -0.0975 0.9232 0.3718
vn -0.0895 0.9262 0.3664
vn 0.5173 0.6574 0.5480
vn 0.5121 0.6647 0.5440
vn 0.5112 0.6660 0.5433
vn 0.2648 0.8349 0.4825
vn 0.2597 0.8373 0.4812
vn 0.1899 0.8800 0.4354
vn 0.1701 0.8843 0.4349
vn -0.6877 0.7244 -0.0469
vn -0.5952 0.8034 -0.0178
vn -0.6696 0.7354 -0.1038
vn -0.7203 0.6781 -0.1463
vn -0.6266 0.7718 -0.1081
vn -0.6305 0.7759 0.0202
vn 0.5181 0.6562 0.5486
vn 0.5328 0.6431 0.5501
vn 0.5338 0.6424 0.5500
vn 0.2544 0.8232 0.5076
vn -0.1378 0.9095 0.3922
vn -0.7202 0.6897 0.0757
vn -0.6978 0.7102 0.0930
vn -0.6974 0.7044 0.1323
vn -0.0004 0.1637 0.9865
vn -0.6551 0.7364 0.1691
vn -0.8520 0.5037 -0.1430
vn -0.8474 0.5286 -0.0493
vn -0.8144 0.5755 -0.0739
vn -0.1099 0.1443 0.9834
vn 0.9496 -0.1831 0.2544
vn 0.8777 -0.4650 0.1156
vn 0.8281 -0.5599 0.0277
vn 0.7120 -0.7002 -0.0537
vn 0.6946 -0.7183 -0.0403
vn -0.8838 0.4678 0.0097
vn -0.8307 0.5561 0.0252
vn -0.8319 0.5541 0.0306
vn -0.8224 0.5687 0.0121
vn -0.8839 0.4666 0.0328
vn 0.7122 -0.6997 -0.0562
vn -0.8723 0.4879 -0.0336
vn -0.8755 0.4466 -0.1846
vn -0.7836 0.5866 -0.2047
vn -0.5577 0.8169 -0.1474
vn 0.8604 -0.2368 0.4512
vn 0.8500 -0.2360 0.4710
vn 0.8605 -0.2368 0.4510
vn 0.8704 -0.2375 0.4313
vn 0.8755 -0.2206 0.4299
vn 0.8382 0.2318 0.4937
vn 0.4782 -0.8340 -0.2754
vn 0.9068 -0.2854 0.3101
vn 0.8857 -0.3810 0.2653
vn 0.8227 -0.3656 0.4353
vn 0.8281 -0.5248 0.1972
vn 0.7219 -0.6907 0.0417
vn 0.7469 -0.6583 0.0932
vn 0.0039 0.2391 0.9710
vn -0.0006 -0.0742 -0.9972
vn -0.8087 0.5827 -0.0803
vn -0.8262 0.5566 -0.0866
vn -0.8097 0.5868 0.0043
vn -0.7994 0.6008 0.0017
vn -0.8252 0.5644 0.0234
vn -0.8226 0.5683 0.0196
vn -0.8007 0.5937 0.0798
vn -0.0063 -0.2094 0.9778
vn 0.0023 -0.0582 0.9983
vn -0.0021 -0.0684 0.9977
vn -0.6866 -0.7252 0.0511
vn 0.0007 -0.2413 0.9704
vn 0.0039 -0.1794 0.9838
vn 0.0159 0.8741 -0.4855
vn -1.0000 -0.0000 -0.0000
vn -0.0549 -0.6393 -0.7670
vn 0.0313 0.7828 0.6215
vn -0.0390 0.9010 0.4322
vn -0.7487 -0.5702 -0.3380
vn -0.6972 -0.5691 -0.4358
vn -0.6021 -0.5427 -0.5857
vn -0.1582 -0.1903 -0.9689
vn -0.7975 -0.3720 -0.4750
vn 0.1701 0.0374 -0.9847
s 1
f 2//1 5//2 4//3
f 3//4 2//1 4//3
f 5//5 2//5 6//5
f 2//6 7//7 6//8
f 7//9 9//10 8//11
f 13//12 9//13 11//14
f 11//15 10//16 13//17
f 11//15 296//18 10//16
f 13//19 333//20 12//21
f 12//22 14//23 9//24
f 14//23 15//25 8//26
f 292//27 8//28 15//29
f 16//30 18//31 17//32
f 20//33 18//34 334//35
f 12//22 20//33 334//35
f 20//33 12//21 330//36
f 21//37 18//34 20//33
f 21//37 22//38 18//34
f 24//39 22//39 23//39
f 19//40 22//41 24//42
f 16//43 17//43 26//43
f 27//44 16//44 26//44
f 27//45 28//45 293//45
f 29//46 27//46 26//46
f 28//47 27//48 29//49
f 26//50 30//50 29//50
f 30//51 31//52 29//53
f 29//53 31//52 32//54
f 28//47 29//49 32//55
f 33//56 32//57 31//58
f 31//59 30//59 34//59
f 19//60 34//60 26//60
f 26//61 34//61 30//61
f 19//62 24//62 34//62
f 24//63 25//63 34//63
f 37//64 35//65 25//66
f 36//67 35//65 37//64
f 335//68 38//69 37//70
f 336//71 37//70 38//69
f 40//72 39//73 36//74
f 39//73 35//75 36//74
f 41//76 35//75 39//73
f 39//77 42//78 41//79
f 43//80 44//80 39//80
f 43//80 39//80 40//80
f 44//78 42//78 39//77
f 45//81 46//82 44//82
f 45//81 44//82 43//83
f 46//84 47//85 44//78
f 44//78 47//85 42//78
f 46//84 48//78 47//85
f 49//86 42//87 47//88
f 50//89 49//90 51//91
f 49//86 47//88 51//92
f 52//93 50//94 53//95
f 53//95 50//94 54//96
f 50//89 55//97 54//97
f 51//91 55//97 50//89
f 55//98 56//99 57//100
f 56//101 58//102 57//103
f 59//104 52//84 57//103
f 57//103 58//102 59//104
f 60//105 54//97 55//97
f 55//97 61//106 60//105
f 743//107 61//106 55//97
f 55//98 57//100 743//108
f 53//95 54//96 62//109
f 62//109 54//96 60//110
f 64//103 62//78 63//103
f 64//103 53//103 62//78
f 65//78 64//103 63//103
f 67//111 68//112 66//113
f 66//113 68//112 69//89
f 66//113 69//89 70//114
f 69//115 71//115 70//115
f 68//116 72//117 69//118
f 69//118 72//117 71//119
f 70//115 71//115 73//115
f 72//120 74//120 71//121
f 71//121 75//121 73//89
f 71//121 74//120 75//121
f 73//89 75//121 76//89
f 74//122 121//122 75//122
f 75//123 121//123 77//123
f 75//124 78//125 76//126
f 75//127 77//127 78//127
f 78//128 77//128 79//128
f 80//129 78//129 79//129
f 81//130 78//131 80//132
f 82//133 78//134 81//135
f 82//133 83//136 84//137
f 85//138 84//138 83//138
f 86//139 87//140 85//141
f 87//142 84//142 85//142
f 741//143 86//139 85//141
f 85//144 88//145 741//146
f 88//147 83//148 89//149
f 89//150 83//150 702//150
f 93//151 92//152 94//153
f 94//153 92//152 690//154
f 93//155 94//155 95//155
f 96//156 97//157 95//158
f 97//157 93//159 95//158
f 98//160 97//161 99//162
f 99//79 64//103 98//163
f 98//164 100//164 97//164
f 65//165 100//165 98//165
f 98//163 64//103 65//78
f 101//166 64//167 102//168
f 99//79 102//79 64//103
f 101//89 103//169 104//170
f 101//89 104//170 66//113
f 66//171 64//167 101//166
f 103//172 105//173 104//172
f 66//113 104//170 67//111
f 104//174 106//174 67//174
f 104//172 105//173 106//173
f 103//175 107//175 105//175
f 107//176 108//176 105//89
f 105//89 109//121 106//120
f 105//89 108//176 109//121
f 106//120 109//121 110//120
f 108//177 111//177 109//177
f 109//178 111//178 112//178
f 109//179 112//179 110//179
f 106//120 110//120 113//112
f 113//112 110//120 114//112
f 110//180 115//181 114//182
f 112//183 115//183 110//183
f 116//184 115//185 112//186
f 116//184 112//186 117//187
f 119//188 118//188 115//188
f 120//189 119//190 115//191
f 120//192 115//185 116//184
f 114//193 118//193 74//193
f 119//194 121//195 118//196
f 74//197 118//197 121//197
f 79//198 121//195 119//194
f 122//199 79//199 119//199
f 122//200 119//190 120//189
f 120//201 123//201 122//201
f 124//202 122//203 123//204
f 120//205 125//206 123//207
f 126//208 127//209 125//210
f 125//211 127//212 128//213
f 125//214 128//214 123//214
f 126//215 129//216 127//217
f 130//218 129//218 126//218
f 126//208 125//210 130//219
f 116//220 130//221 125//222
f 116//220 131//223 130//221
f 132//224 131//224 116//224
f 131//225 133//225 130//225
f 132//226 134//226 131//226
f 131//227 134//227 133//227
f 130//228 133//228 129//228
f 135//229 134//230 136//231
f 136//232 134//233 137//234
f 135//235 133//235 134//235
f 138//236 136//237 153//238
f 139//239 140//239 136//239
f 135//229 136//231 140//240
f 138//236 139//241 136//237
f 140//242 141//243 135//244
f 140//245 142//245 141//245
f 143//246 142//246 140//246
f 144//247 740//247 143//247
f 144//248 143//248 140//248
f 139//249 144//249 140//249
f 146//250 144//250 139//250
f 740//251 144//251 145//251
f 146//252 145//252 144//252
f 147//253 146//254 139//255
f 149//256 145//257 148//258
f 151//259 148//258 145//257
f 138//236 153//238 152//260
f 136//237 137//261 153//238
f 138//262 147//253 139//255
f 154//263 153//263 137//263
f 154//264 155//265 153//266
f 199//267 155//265 154//264
f 156//268 153//238 155//269
f 153//238 156//268 152//260
f 155//269 198//270 160//271
f 157//272 158//273 198//270
f 158//273 193//274 159//275
f 158//273 159//275 160//271
f 160//276 159//277 161//278
f 160//279 737//280 739//281
f 160//282 162//282 737//282
f 161//278 162//283 160//276
f 180//284 162//284 161//284
f 163//285 162//285 180//285
f 166//286 165//287 164//288
f 166//289 171//289 167//289
f 164//290 171//290 166//290
f 166//291 167//292 168//293
f 168//293 169//294 166//291
f 170//295 168//293 167//292
f 167//296 171//296 170//296
f 173//297 171//297 172//297
f 170//298 171//299 173//300
f 172//301 174//301 173//301
f 174//302 175//303 173//304
f 170//298 173//300 176//305
f 173//304 175//303 176//306
f 96//307 176//308 175//309
f 175//310 174//310 177//310
f 172//311 177//311 174//311
f 179//312 177//312 172//312
f 179//313 178//313 177//313
f 172//314 180//315 179//316
f 182//317 183//318 188//319
f 188//320 183//321 184//322
f 185//323 184//323 186//323
f 186//324 184//322 183//321
f 187//325 188//320 184//322
f 184//79 189//326 187//79
f 185//323 190//323 184//323
f 190//77 189//326 184//79
f 186//324 183//321 196//327
f 191//328 196//329 183//330
f 191//331 192//332 157//333
f 192//332 193//334 157//333
f 157//272 193//274 158//273
f 178//335 159//335 193//335
f 179//316 159//336 178//337
f 181//338 178//338 192//338
f 182//317 181//339 192//340
f 178//341 193//341 192//341
f 194//342 182//342 192//342
f 192//332 191//331 194//343
f 183//330 194//344 191//328
f 194//345 183//318 182//317
f 180//315 159//336 179//316
f 195//346 191//347 157//272
f 191//347 195//346 196//348
f 196//327 201//349 197//350
f 201//351 196//351 195//351
f 199//352 195//353 198//270
f 201//354 195//353 199//352
f 157//272 198//270 195//346
f 199//352 198//270 155//269
f 200//355 201//354 199//352
f 202//356 200//356 199//356
f 202//357 111//357 200//357
f 200//358 111//358 108//358
f 117//359 111//360 202//361
f 202//361 154//362 117//359
f 202//363 199//363 154//363
f 117//364 112//364 111//364
f 201//365 200//365 108//365
f 197//350 201//349 108//366
f 203//121 197//89 107//176
f 107//176 197//89 108//176
f 203//121 186//367 197//89
f 186//324 196//327 197//350
f 204//368 205//369 203//369
f 204//370 203//371 206//372
f 205//367 186//367 203//121
f 206//372 203//371 107//373
f 101//89 204//89 206//89
f 101//89 206//89 103//169
f 206//175 107//175 103//175
f 207//374 204//89 101//89
f 101//166 102//168 207//375
f 209//376 189//326 102//79
f 209//376 102//79 208//79
f 207//375 102//168 189//377
f 187//79 189//326 209//376
f 207//375 189//377 210//378
f 207//374 212//97 211//89
f 210//379 212//97 207//374
f 212//97 210//379 213//380
f 210//378 189//377 214//381
f 190//77 214//382 189//326
f 210//378 214//381 221//383
f 215//78 214//382 190//77
f 215//78 221//84 214//382
f 216//384 217//384 215//384
f 216//384 215//384 218//384
f 218//385 215//385 190//385
f 217//103 221//84 215//78
f 219//386 220//386 217//386
f 219//386 217//386 216//386
f 220//78 221//84 217//103
f 222//387 221//388 223//389
f 220//78 223//390 221//84
f 222//391 223//392 224//393
f 225//78 223//390 220//78
f 224//393 223//392 226//394
f 223//390 225//78 226//103
f 224//395 226//396 227//397
f 226//103 225//78 228//79
f 226//103 228//79 229//78
f 227//113 230//89 231//169
f 230//398 232//398 231//398
f 227//113 231//169 233//106
f 231//399 234//399 233//399
f 231//398 232//398 234//398
f 233//399 234//399 235//399
f 232//170 236//89 234//114
f 234//114 236//89 237//169
f 234//114 237//169 235//169
f 238//400 235//400 239//400
f 235//169 240//169 239//111
f 235//169 241//114 240//169
f 235//169 237//169 241//114
f 233//400 235//400 238//400
f 238//169 242//114 222//401
f 238//402 239//402 242//402
f 224//403 238//169 222//401
f 224//403 233//106 238//169
f 243//106 222//401 242//114
f 242//404 244//404 243//404
f 242//402 239//402 244//402
f 243//404 244//404 245//404
f 239//111 246//113 244//89
f 244//89 219//89 245//113
f 244//89 246//113 219//89
f 239//111 240//169 246//113
f 240//405 225//405 246//405
f 246//406 220//406 219//406
f 246//406 225//406 220//406
f 243//407 245//408 213//407
f 213//407 245//408 247//408
f 245//113 216//113 247//89
f 245//113 219//89 216//113
f 213//409 247//410 212//409
f 212//409 247//410 248//410
f 247//89 218//170 248//169
f 247//89 216//113 218//170
f 212//411 248//412 211//411
f 211//411 248//412 205//412
f 248//169 185//89 205//367
f 248//169 218//170 185//89
f 213//380 210//379 243//106
f 243//106 210//379 222//401
f 210//413 221//388 222//387
f 241//414 249//414 250//414
f 241//415 252//416 240//417
f 237//418 249//418 241//418
f 241//419 250//419 252//419
f 251//420 250//420 249//420
f 252//421 250//422 251//423
f 251//423 254//424 252//421
f 252//425 254//426 253//427
f 254//424 251//423 255//428
f 256//429 254//430 257//431
f 257//432 254//432 255//432
f 254//426 678//433 253//427
f 678//433 254//426 256//429
f 258//434 678//433 256//429
f 260//435 676//436 259//437
f 262//438 676//439 261//440
f 263//441 262//442 261//440
f 264//443 262//442 263//441
f 264//444 265//444 28//444
f 28//445 32//446 264//447
f 32//446 262//448 264//447
f 265//449 264//450 266//451
f 263//452 267//452 264//452
f 264//453 267//453 266//453
f 267//454 268//455 266//451
f 269//456 268//457 267//458
f 266//451 268//455 270//459
f 271//460 270//461 268//457
f 272//462 271//460 268//457
f 272//462 268//457 269//456
f 272//462 269//456 273//463
f 273//463 269//456 315//464
f 273//465 315//464 308//466
f 273//463 274//467 272//462
f 273//468 314//469 275//470
f 314//469 276//471 275//470
f 271//472 276//473 277//474
f 276//475 278//476 277//477
f 277//478 278//478 279//478
f 280//479 277//479 279//479
f 280//480 271//472 277//474
f 271//481 281//482 270//483
f 281//482 282//484 270//483
f 280//480 282//485 281//486
f 283//487 282//485 280//480
f 285//488 284//488 283//488
f 283//489 284//489 286//489
f 287//490 282//485 283//487
f 283//487 288//491 287//490
f 270//483 282//484 287//492
f 270//483 287//492 289//493
f 290//494 270//459 289//495
f 6//496 291//496 290//496
f 290//497 289//497 6//497
f 293//498 290//498 291//498
f 265//499 290//500 293//501
f 265//449 266//451 290//494
f 266//451 270//459 290//494
f 28//502 265//499 293//501
f 291//503 27//503 293//503
f 15//504 27//504 291//504
f 291//505 292//27 15//29
f 16//506 27//507 15//25
f 291//505 8//508 292//27
f 6//509 8//509 291//509
f 289//493 4//3 5//2
f 1//510 4//511 287//512
f 287//492 4//3 289//493
f 1//510 3//513 4//511
f 6//514 289//514 5//514
f 287//490 288//491 1//515
f 288//516 294//517 1//518
f 1//519 294//519 296//519
f 10//16 296//18 294//520
f 10//521 294//522 295//523
f 296//18 11//15 2//524
f 1//525 296//18 2//524
f 2//6 11//526 7//7
f 11//527 9//527 7//527
f 13//528 10//521 295//523
f 297//529 13//529 295//529
f 297//530 298//531 13//532
f 297//530 299//533 298//531
f 300//534 302//535 301//536
f 303//537 301//538 302//539
f 304//540 303//541 285//542
f 303//537 302//539 284//543
f 303//544 284//544 285//544
f 279//545 305//546 304//547
f 304//548 285//548 279//548
f 306//549 305//550 278//551
f 278//551 305//550 279//552
f 273//468 308//553 314//469
f 314//469 307//554 276//471
f 315//464 309//555 308//466
f 269//456 676//436 315//464
f 309//555 315//464 676//436
f 676//439 269//556 261//440
f 261//440 269//556 267//557
f 260//435 310//558 676//436
f 676//436 310//558 309//555
f 311//559 309//560 310//561
f 260//562 311//559 310//561
f 258//434 256//429 311//563
f 311//559 260//562 258//564
f 259//565 258//566 260//567
f 312//568 306//569 257//570
f 313//571 305//571 312//571
f 312//572 305//572 306//572
f 313//573 304//547 305//546
f 307//574 311//563 257//431
f 307//575 257//576 306//577
f 314//469 311//559 307//554
f 308//553 309//560 314//469
f 314//469 309//560 311//559
f 256//429 257//431 311//563
f 316//578 304//579 313//580
f 317//581 313//582 318//583
f 317//584 319//585 313//586
f 316//578 313//580 319//587
f 317//584 320//588 319//585
f 320//589 301//589 319//589
f 319//590 301//590 303//590
f 319//591 303//591 316//591
f 321//592 322//592 320//592
f 320//593 322//593 301//593
f 321//594 323//595 322//596
f 299//533 323//597 298//531
f 298//598 323//599 324//600
f 299//601 322//596 323//595
f 321//594 325//602 323//595
f 317//603 325//603 321//603
f 321//604 320//604 317//604
f 325//605 327//605 326//605
f 325//606 326//607 328//608
f 317//609 327//609 325//609
f 328//608 323//610 325//606
f 329//611 330//36 328//612
f 328//613 330//613 323//613
f 328//614 331//615 329//616
f 328//614 326//617 331//615
f 329//618 331//619 332//620
f 330//621 333//622 324//600
f 333//20 330//36 12//21
f 298//531 324//600 333//622
f 298//531 333//622 13//532
f 334//35 18//623 16//506
f 14//23 334//35 15//25
f 334//35 14//23 12//22
f 12//624 9//13 13//12
f 15//25 334//35 16//506
f 20//33 330//36 21//37
f 23//625 22//626 21//37
f 37//627 25//627 335//627
f 25//628 24//628 335//628
f 38//69 335//68 23//625
f 343//629 38//69 342//630
f 343//629 336//631 38//69
f 40//72 336//632 337//633
f 40//72 36//74 336//632
f 336//71 36//634 37//70
f 338//635 40//121 337//114
f 338//635 337//114 339//636
f 339//636 337//114 341//636
f 337//633 340//637 341//638
f 336//632 340//637 337//633
f 336//631 343//629 340//639
f 342//630 38//69 21//37
f 23//625 21//37 38//69
f 340//639 343//629 329//611
f 329//611 343//629 342//630
f 332//620 340//640 329//618
f 341//638 340//637 332//641
f 341//638 332//641 331//642
f 330//36 342//630 21//37
f 329//611 342//630 330//36
f 339//636 341//636 344//106
f 344//106 341//636 345//635
f 341//643 331//643 345//643
f 346//97 345//635 347//89
f 345//644 327//644 347//644
f 345//645 326//645 327//645
f 344//106 345//635 346//97
f 345//646 331//646 326//646
f 348//647 344//647 346//647
f 348//648 346//648 349//648
f 349//648 346//648 350//648
f 346//97 347//89 350//114
f 349//649 350//649 230//649
f 230//649 350//649 232//649
f 350//114 351//114 232//170
f 350//114 347//89 351//114
f 353//650 352//650 351//650
f 347//651 353//651 351//651
f 232//170 351//114 236//89
f 351//652 352//652 236//652
f 318//653 354//654 353//655
f 318//656 353//657 317//658
f 354//659 352//660 353//661
f 355//662 356//663 354//659
f 355//664 354//654 318//653
f 354//659 356//663 352//660
f 355//665 249//665 356//665
f 237//666 356//666 249//666
f 236//667 352//667 356//667
f 236//668 356//668 237//668
f 318//669 312//669 355//669
f 355//670 312//670 255//670
f 251//671 249//671 255//671
f 255//672 249//672 355//672
f 318//583 313//582 312//673
f 317//658 353//657 327//674
f 347//675 327//675 353//675
f 227//113 348//89 349//114
f 227//113 349//114 230//89
f 357//97 348//89 227//113
f 227//397 358//676 357//677
f 357//677 358//676 42//87
f 358//678 360//376 359//163
f 358//678 359//163 42//78
f 360//679 361//679 359//679
f 360//680 362//680 361//680
f 363//681 362//682 360//683
f 358//678 363//684 360//376
f 229//685 364//686 363//687
f 226//103 229//78 363//684
f 226//103 363//684 358//678
f 364//688 362//682 363//681
f 365//689 362//690 364//691
f 366//692 362//690 365//689
f 677//693 365//694 367//695
f 368//696 365//694 370//697
f 365//698 369//698 370//698
f 366//692 677//699 372//700
f 366//701 372//702 373//703
f 361//704 366//704 374//704
f 366//705 373//705 374//705
f 374//706 375//707 361//708
f 32//709 374//709 373//709
f 33//56 374//710 32//57
f 33//711 375//707 374//706
f 376//712 375//712 33//712
f 378//713 377//714 376//715
f 33//716 378//716 376//716
f 34//717 378//717 31//717
f 379//718 378//718 34//718
f 31//719 378//719 33//719
f 380//720 377//714 378//713
f 380//720 378//713 379//721
f 382//722 380//723 381//724
f 381//724 379//725 41//726
f 42//78 381//78 41//79
f 381//724 380//723 379//725
f 42//78 382//727 381//78
f 382//722 376//728 377//729
f 382//722 377//729 380//723
f 383//730 376//728 382//722
f 42//78 383//79 382//727
f 383//730 375//731 376//728
f 375//731 383//730 359//732
f 42//78 359//163 383//79
f 357//677 42//87 49//86
f 49//90 50//89 357//97
f 357//97 50//89 384//89
f 59//733 384//734 52//93
f 52//93 384//734 50//94
f 357//97 384//89 348//89
f 59//733 385//735 384//734
f 348//89 384//89 385//89
f 58//736 385//735 59//733
f 48//737 386//738 385//739
f 48//740 385//735 58//736
f 348//89 385//89 386//97
f 348//89 386//97 387//89
f 387//647 344//647 348//647
f 387//89 386//97 388//106
f 388//741 339//741 387//741
f 387//741 339//741 344//741
f 388//106 390//97 389//169
f 391//114 392//114 388//106
f 388//106 392//114 393//742
f 388//106 386//97 390//97
f 388//106 389//169 391//114
f 388//106 393//742 394//107
f 394//743 338//743 388//743
f 388//743 338//743 339//743
f 395//744 391//745 389//746
f 395//747 389//748 396//749
f 396//749 389//748 397//750
f 396//751 397//84 46//84
f 46//84 395//752 396//751
f 397//750 389//748 390//753
f 397//750 390//753 386//754
f 397//755 386//738 48//737
f 46//84 397//84 48//78
f 398//756 391//745 395//744
f 398//757 395//752 46//84
f 399//758 392//759 398//760
f 400//761 399//762 398//757
f 398//760 392//759 391//763
f 400//761 398//757 46//84
f 401//89 393//742 402//169
f 402//169 393//742 403//111
f 394//107 393//742 401//89
f 401//764 404//764 394//764
f 402//765 405//765 401//765
f 401//765 405//765 404//765
f 402//766 406//766 405//766
f 406//176 45//767 405//768
f 405//768 45//767 43//769
f 405//768 43//769 404//97
f 403//770 407//771 406//772
f 403//766 406//766 402//766
f 407//97 408//97 406//176
f 406//176 408//97 45//767
f 407//97 409//176 408//97
f 409//773 410//774 408//773
f 408//775 410//775 46//775
f 408//775 46//775 45//775
f 409//773 411//774 410//774
f 411//78 412//776 410//78
f 410//78 412//776 46//84
f 414//114 413//120 415//106
f 415//106 413//120 416//106
f 416//106 413//120 417//635
f 413//777 418//777 417//777
f 413//778 412//778 418//778
f 419//79 418//779 420//326
f 420//326 418//779 412//776
f 419//780 422//781 421//782
f 421//79 418//779 419//79
f 423//783 419//784 420//784
f 422//785 419//786 423//787
f 424//112 425//112 423//112
f 424//112 423//112 426//120
f 426//120 423//112 427//89
f 425//788 428//788 423//788
f 422//785 423//787 428//789
f 423//783 420//784 427//783
f 429//176 427//89 409//176
f 427//790 411//790 409//790
f 427//790 420//790 411//790
f 426//120 427//89 429//176
f 430//791 429//792 431//791
f 431//791 429//792 407//792
f 430//793 426//793 429//793
f 429//176 409//176 407//97
f 431//170 413//120 430//169
f 430//169 413//120 414//114
f 414//793 426//793 430//793
f 431//170 393//742 413//120
f 393//794 412//794 413//794
f 393//795 400//795 412//795
f 46//84 412//776 400//761
f 403//111 393//742 431//170
f 431//770 407//771 403//770
f 422//796 433//797 432//798
f 659//799 434//800 432//801
f 436//802 437//803 438//804
f 437//803 436//802 439//805
f 440//806 438//806 437//806
f 442//807 438//808 440//809
f 442//810 441//811 438//812
f 443//813 441//813 442//813
f 444//814 441//815 443//816
f 444//814 504//817 445//818
f 445//78 446//819 444//78
f 444//78 446//819 447//103
f 447//820 441//815 444//814
f 444//814 443//816 504//817
f 445//78 449//77 446//819
f 448//821 446//821 449//821
f 450//89 448//106 451//106
f 451//106 448//106 452//97
f 448//822 449//823 452//824
f 450//89 453//106 448//106
f 450//825 454//825 453//825
f 451//826 455//826 450//826
f 450//826 455//826 454//826
f 453//825 454//825 456//825
f 455//169 457//169 454//111
f 454//111 458//113 456//89
f 454//111 457//169 458//113
f 457//827 459//828 458//829
f 457//827 460//830 459//828
f 461//831 460//830 457//827
f 455//169 462//114 457//169
f 462//832 461//831 457//827
f 462//832 463//833 510//834
f 462//832 510//834 461//831
f 464//111 462//114 455//169
f 464//835 463//836 462//835
f 465//837 466//838 461//839
f 461//840 510//840 465//840
f 466//838 467//841 468//842
f 460//843 468//842 469//844
f 460//843 461//845 468//842
f 469//844 459//846 460//843
f 470//847 459//848 469//849
f 471//850 470//850 469//850
f 471//851 473//852 472//853
f 471//851 468//842 473//852
f 475//854 473//852 513//855
f 475//854 474//856 473//852
f 476//857 474//858 475//859
f 475//859 478//860 476//857
f 513//855 478//861 475//862
f 477//863 478//863 480//863
f 476//864 478//865 477//866
f 483//867 673//867 482//867
f 483//868 482//869 484//870
f 621//871 484//870 485//872
f 486//873 621//873 485//873
f 485//874 484//874 488//874
f 489//875 490//875 485//875
f 485//876 490//876 486//876
f 485//877 488//877 489//877
f 492//878 489//878 488//878
f 493//879 489//880 492//881
f 494//882 493//879 492//881
f 495//883 494//883 492//883
f 497//884 495//884 496//884
f 494//885 495//886 497//887
f 496//888 498//888 497//888
f 498//889 499//890 497//891
f 497//891 499//890 440//892
f 494//885 497//887 440//893
f 442//807 440//809 499//894
f 500//895 501//895 499//895
f 499//896 498//896 500//896
f 499//897 501//897 442//897
f 502//898 501//898 500//898
f 442//899 501//899 443//899
f 503//900 501//901 502//902
f 501//901 504//903 443//904
f 501//901 503//900 504//903
f 504//817 503//905 445//818
f 445//818 503//905 505//906
f 505//907 503//908 506//909
f 505//907 506//909 463//833
f 463//78 449//77 505//79
f 505//79 449//77 445//78
f 506//910 503//900 502//902
f 502//902 507//911 506//910
f 506//909 507//912 463//833
f 502//913 509//913 507//913
f 507//914 509//915 508//916
f 508//916 510//917 507//914
f 507//912 510//834 463//833
f 465//918 508//918 515//918
f 465//919 510//917 508//916
f 508//920 509//920 515//920
f 480//921 479//922 512//923
f 480//924 478//924 479//924
f 481//925 495//925 488//925
f 488//926 491//927 481//928
f 477//866 495//929 481//928
f 488//930 495//930 492//930
f 477//931 480//931 495//931
f 495//932 480//932 496//932
f 511//933 509//933 500//933
f 512//934 511//934 500//934
f 496//935 500//935 498//935
f 512//936 500//936 496//936
f 502//937 500//937 509//937
f 496//938 480//921 512//923
f 512//923 479//922 511//939
f 511//940 479//940 514//940
f 479//941 513//855 514//942
f 467//841 514//942 513//855
f 511//943 514//943 515//943
f 509//944 511//944 515//944
f 515//945 466//838 465//837
f 466//838 515//945 467//841
f 515//946 514//942 467//841
f 468//842 467//841 513//855
f 473//852 468//842 513//855
f 469//844 468//842 471//851
f 516//107 452//97 517//170
f 517//170 452//97 518//169
f 452//824 449//823 519//947
f 518//169 452//97 520//89
f 520//89 452//97 521//114
f 452//824 519//947 521//948
f 522//163 519//103 523//163
f 524//79 525//79 519//103
f 524//79 519//103 522//163
f 526//77 519//103 525//79
f 525//949 527//950 526//951
f 526//951 527//950 528//952
f 526//953 528//954 529//955
f 529//956 530//727 526//77
f 531//957 532//958 526//77
f 530//727 531//957 526//77
f 526//77 532//958 519//103
f 533//959 532//960 531//961
f 534//89 70//114 533//962
f 533//963 531//964 534//965
f 534//89 527//114 70//114
f 528//97 527//114 534//89
f 534//965 531//964 530//966
f 535//121 528//97 534//89
f 534//965 530//966 535//967
f 529//955 528//954 536//968
f 535//121 536//114 528//97
f 529//969 536//970 537//971
f 538//972 392//114 535//121
f 535//121 392//114 539//973
f 539//973 536//114 535//121
f 535//967 530//966 538//974
f 529//956 540//975 530//727
f 538//974 530//966 540//976
f 529//956 400//761 540//975
f 538//974 540//976 400//977
f 392//114 538//972 393//742
f 538//978 400//978 393//978
f 399//979 539//980 392//981
f 537//982 539//980 399//979
f 400//761 537//983 399//762
f 537//971 536//970 539//984
f 529//956 537//983 400//761
f 70//114 521//114 533//962
f 521//985 532//960 533//959
f 541//97 521//114 70//114
f 521//948 519//947 532//986
f 542//169 521//114 541//97
f 541//987 543//988 542//989
f 70//990 73//991 541//990
f 541//990 73//991 543//991
f 542//989 543//988 544//988
f 73//89 76//89 543//635
f 543//635 545//89 544//97
f 543//635 76//89 545//89
f 76//992 546//992 545//992
f 544//97 545//89 547//635
f 545//993 548//993 547//993
f 545//993 546//993 548//993
f 548//103 549//78 524//79
f 547//994 548//995 524//996
f 546//78 549//78 548//103
f 550//997 551//998 549//999
f 546//78 550//376 549//78
f 549//999 551//998 552//1000
f 70//114 552//111 551//169
f 549//999 552//1000 553//1001
f 553//1001 552//1000 554//1002
f 554//374 552//111 70//114
f 553//1001 554//1002 555//1003
f 555//962 554//374 70//114
f 553//1004 555//1005 525//1006
f 553//79 525//79 524//79
f 70//114 527//114 555//962
f 525//1006 555//1005 527//1007
f 524//79 549//78 553//79
f 550//997 556//1008 551//998
f 70//114 551//169 556//114
f 557//1009 556//1008 550//997
f 63//103 557//1010 550//376
f 63//103 550//376 558//79
f 558//1011 87//1012 559//1013
f 558//1014 559//1014 63//1014
f 560//1015 558//1011 76//1016
f 76//992 558//992 546//992
f 558//79 550//376 546//78
f 560//1015 87//1012 558//1011
f 76//1016 84//1017 560//1015
f 87//1018 560//1015 84//1017
f 87//1019 560//1019 559//1019
f 559//1020 86//1021 63//1022
f 86//1023 559//1023 87//1023
f 561//1024 557//1010 63//103
f 561//1025 556//1008 557//1009
f 561//1026 61//1027 556//1028
f 70//114 556//114 61//106
f 62//1029 61//1027 561//1026
f 63//103 62//78 561//1024
f 547//994 524//996 562//994
f 563//97 547//635 562//89
f 544//97 547//635 563//97
f 520//1030 563//1030 518//1030
f 518//1030 563//1030 564//1030
f 520//1031 544//1032 563//1033
f 563//97 562//89 564//170
f 517//1034 564//1034 565//1034
f 564//170 566//169 565//106
f 564//170 562//89 566//169
f 518//1034 564//1034 517//1034
f 565//106 566//169 567//170
f 562//1035 522//1035 566//1035
f 566//1036 523//1037 567//1036
f 566//1036 522//1038 523//1037
f 565//106 567//170 568//111
f 568//111 567//170 464//111
f 567//1039 569//1039 464//1039
f 567//1039 523//1039 569//1039
f 464//835 569//836 463//836
f 569//684 449//77 463//78
f 523//163 519//103 569//684
f 569//684 519//103 449//77
f 516//1040 565//1040 568//1040
f 516//1041 568//1041 451//1041
f 451//1041 568//1041 455//1041
f 568//111 464//111 455//169
f 517//1040 565//1040 516//1040
f 562//1035 524//1035 522//1035
f 542//1031 544//1032 520//1031
f 520//89 521//114 542//169
f 451//106 452//97 516//107
f 494//1042 440//1043 570//1044
f 440//1043 439//1045 570//1044
f 440//1046 437//803 439//805
f 570//1047 439//1048 571//1049
f 572//1050 571//1049 439//1048
f 436//1051 572//1050 439//1048
f 435//1052 572//1050 436//1053
f 573//1054 572//1050 435//1052
f 659//799 573//1054 435//1052
f 573//1054 574//1055 572//1050
f 610//1056 572//1050 576//1057
f 576//1057 572//1050 574//1055
f 574//1058 575//1059 576//1060
f 660//1061 576//1062 575//1063
f 660//1064 579//1065 578//1066
f 581//1067 578//1066 579//1065
f 581//1068 579//1069 580//1070
f 580//1070 582//1071 581//1068
f 580//1072 583//1073 582//1074
f 582//1074 583//1073 584//1075
f 582//1071 585//1076 581//1068
f 584//1077 585//1077 582//1077
f 581//1068 585//1076 586//1078
f 587//1079 585//1079 584//1079
f 584//1080 588//1080 587//1080
f 584//1081 583//1082 651//1083
f 651//1084 589//1084 584//1084
f 584//1085 589//1085 588//1085
f 589//1086 590//1086 588//1086
f 651//1087 591//1088 589//1089
f 591//1090 590//1090 589//1090
f 592//1091 590//1091 593//1091
f 593//1092 590//1092 594//1092
f 591//1093 594//1094 590//1095
f 593//1096 594//1097 595//1098
f 591//1093 596//1099 594//1094
f 595//1098 594//1097 596//1100
f 598//1101 599//1102 597//1103
f 599//1104 593//1104 597//1104
f 595//1105 597//1106 593//1107
f 599//1108 600//1108 593//1108
f 603//1109 601//1109 602//1109
f 600//1110 601//1110 592//1110
f 600//1111 592//1111 593//1111
f 604//1112 603//1113 602//1114
f 605//1115 604//1116 490//1117
f 489//1118 605//1119 490//1120
f 606//1121 604//1116 605//1115
f 606//1122 588//1123 604//1112
f 603//1124 588//1124 590//1124
f 604//1112 588//1123 603//1113
f 607//1125 605//1119 489//1118
f 608//1126 609//1127 607//1125
f 607//1125 609//1127 605//1119
f 493//1128 570//1129 607//1125
f 570//1130 608//1130 607//1130
f 570//1047 571//1049 608//1131
f 608//1132 571//1049 610//1056
f 610//1056 609//1133 608//1132
f 610//1056 571//1049 572//1050
f 610//1056 612//1134 611//1135
f 611//1135 612//1134 619//1136
f 619//1137 612//1138 613//1139
f 613//1139 612//1138 578//1140
f 578//1066 612//1141 577//1142
f 576//1062 577//1142 612//1141
f 612//1134 610//1056 576//1057
f 660//1064 578//1066 577//1142
f 660//1061 577//1142 576//1062
f 613//1139 578//1143 581//1144
f 615//1145 609//1146 610//1056
f 614//1147 605//1148 609//1149
f 615//1150 614//1147 609//1149
f 615//1151 586//1152 614//1153
f 615//1154 616//1155 586//1156
f 614//1153 586//1152 585//1157
f 616//1158 581//1144 586//1159
f 618//1160 616//1155 615//1154
f 581//1144 616//1158 613//1139
f 619//1137 613//1139 616//1158
f 618//1161 619//1137 616//1158
f 617//1162 611//1135 619//1136
f 617//1162 610//1056 611//1135
f 615//1145 610//1056 617//1162
f 618//1163 617//1162 619//1136
f 617//1162 618//1163 615//1145
f 587//1164 614//1153 585//1157
f 614//1165 606//1121 605//1115
f 614//1153 587//1164 606//1122
f 588//1123 606//1122 587//1164
f 493//1128 607//1125 489//1118
f 592//1166 601//1166 603//1166
f 603//1167 590//1167 592//1167
f 602//1114 487//1168 604//1112
f 604//1116 487//1169 490//1117
f 490//1117 487//1169 486//1170
f 602//1114 620//1171 487//1168
f 487//1172 620//1173 486//1174
f 620//1173 621//1175 486//1174
f 620//1176 602//1177 622//1178
f 620//1176 622//1178 621//871
f 623//1179 622//1178 602//1177
f 623//1180 600//1181 599//1182
f 483//868 622//1178 623//1179
f 483//868 623//1179 624//1183
f 624//1184 623//1180 599//1182
f 673//1185 624//1186 474//1187
f 625//1188 474//1189 624//1190
f 625//1188 472//853 474//1189
f 625//1191 626//1191 472//1191
f 597//1103 626//1192 625//1188
f 597//1193 627//1194 626//1195
f 628//1196 626//1195 627//1194
f 628//1197 627//1197 629//1197
f 629//1198 627//1198 596//1198
f 630//1199 596//1199 591//1199
f 629//1200 596//1200 630//1200
f 630//1201 591//1201 631//1201
f 628//1202 629//1202 632//1202
f 632//1203 629//1204 630//1205
f 632//1206 633//1206 628//1206
f 628//1207 633//1208 634//1209
f 634//1209 626//1210 628//1207
f 634//1211 472//1212 626//1213
f 470//1214 634//1215 633//1216
f 470//1217 471//1217 634//1217
f 471//1218 472//1212 634//1211
f 633//1216 635//1219 636//1220
f 633//1216 636//1220 470//1214
f 459//1221 636//1221 458//1221
f 470//847 636//1222 459//848
f 637//1223 636//1223 635//1223
f 456//89 458//113 637//112
f 458//1224 636//1224 637//1224
f 638//401 637//112 639//170
f 637//1225 635//1225 639//1225
f 456//89 637//112 638//401
f 640//1226 456//1227 638//1227
f 640//1228 638//1229 641//1228
f 641//1228 638//1229 642//1229
f 638//401 639//170 642//170
f 641//1230 642//1231 643//1230
f 643//1230 642//1231 644//1231
f 642//170 639//170 645//89
f 642//170 645//89 644//367
f 644//367 645//89 646//367
f 639//1232 647//1232 645//1232
f 645//1233 648//1233 646//1233
f 645//1234 647//1234 648//1234
f 639//1235 635//1235 647//1235
f 632//1236 647//1237 635//1238
f 632//1236 635//1238 633//1239
f 649//1240 647//1237 632//1236
f 632//1241 650//1242 649//1243
f 632//1203 630//1205 650//1244
f 631//1245 650//1246 630//1247
f 631//1245 651//1248 650//1246
f 650//1249 651//1083 583//1082
f 650//1250 583//1250 652//1250
f 631//1251 591//1088 651//1087
f 652//1252 580//1253 579//1254
f 652//1255 583//1255 580//1255
f 579//1254 653//1256 652//1252
f 654//1257 652//1257 653//1257
f 649//1258 652//1258 654//1258
f 649//1243 650//1242 652//1259
f 656//1260 655//1261 653//1262
f 579//1263 656//1263 653//1263
f 428//1264 657//1265 655//1261
f 655//1266 657//1266 653//1266
f 655//1261 656//1260 428//1264
f 433//1267 428//1268 658//1269
f 422//1270 428//1268 433//1267
f 428//1268 656//1271 658//1269
f 432//798 433//797 659//1272
f 659//1273 433//1267 658//1269
f 659//1273 658//1269 573//1274
f 573//1274 658//1269 660//1061
f 658//1269 656//1271 660//1275
f 575//1063 573//1274 660//1061
f 574//1058 573//1276 575//1059
f 660//1064 656//1277 579//1065
f 425//1278 657//1278 428//1278
f 657//1279 661//1279 654//1279
f 653//1280 657//1280 654//1280
f 654//1281 661//1281 648//1281
f 646//1282 648//1282 661//1282
f 646//1283 661//1283 425//1283
f 654//1284 648//1285 662//1286
f 654//1287 662//1288 649//1289
f 649//1289 662//1288 647//1290
f 662//1286 648//1285 647//1291
f 425//1292 661//1292 657//1292
f 644//367 646//367 663//89
f 663//89 646//367 425//112
f 416//1293 644//1294 663//1294
f 416//1295 663//1295 415//1295
f 663//89 425//112 424//112
f 415//1295 663//1295 424//1295
f 643//1293 644//1294 416//1293
f 641//89 643//169 417//635
f 416//106 417//635 643//169
f 664//77 418//779 421//79
f 417//1296 418//1297 665//1298
f 666//1299 418//779 664//77
f 665//1298 418//1297 666//1300
f 417//635 665//1301 641//89
f 641//89 665//1301 640//89
f 447//103 666//1299 667//79
f 668//1302 669//1302 667//1302
f 667//1303 669//1303 447//1303
f 664//1304 668//1304 667//1304
f 667//79 666//1299 664//77
f 669//1305 668//1305 436//1305
f 447//820 669//1306 441//815
f 669//1307 436//1307 438//1307
f 438//812 441//811 669//1308
f 668//1309 670//1309 436//1309
f 668//1310 671//1311 670//1312
f 670//1313 435//1052 436//1053
f 435//1314 670//1315 434//800
f 435//1052 434//800 659//799
f 432//801 434//800 422//1316
f 670//1315 422//1316 434//800
f 670//1312 671//1311 422//1317
f 422//781 671//1318 421//782
f 421//1319 671//1319 664//1319
f 664//1320 671//1320 668//1320
f 665//1321 666//1322 448//1323
f 448//1323 666//1322 446//1324
f 446//819 666//1299 447//103
f 453//106 665//1301 448//106
f 640//89 665//1301 453//106
f 453//1226 456//1227 640//1226
f 595//1325 596//1325 627//1325
f 595//1105 627//1326 597//1106
f 598//1101 597//1103 625//1188
f 598//1327 624//1327 599//1327
f 598//1101 625//1188 624//1190
f 474//858 476//857 672//1328
f 474//858 672//1328 673//1329
f 491//927 482//1330 672//1331
f 673//1329 672//1328 482//1332
f 477//866 672//1333 476//864
f 477//866 481//928 672//1333
f 672//1333 481//928 491//927
f 624//1186 673//1185 483//1334
f 622//1178 483//868 484//870
f 622//1178 484//870 621//871
f 602//1335 600//1335 623//1335
f 601//1336 600//1336 602//1336
f 570//1337 493//1337 494//1337
f 488//926 482//1330 491//927
f 484//1338 482//1338 488//1338
f 478//861 513//855 479//941
f 473//852 474//1189 472//853
f 461//845 466//838 468//842
f 414//1339 424//1339 426//1339
f 415//1339 424//1339 414//1339
f 420//326 412//776 411//78
f 394//764 404//764 338//764
f 404//97 43//769 40//121
f 404//97 40//121 338//635
f 379//725 674//1340 41//726
f 675//1341 674//1341 379//1341
f 674//1342 675//1342 35//1342
f 41//726 674//1340 35//1343
f 675//1344 25//66 35//65
f 379//1345 34//1345 675//1345
f 675//1346 34//1346 25//1346
f 32//1347 373//703 262//1348
f 373//703 372//702 262//1348
f 676//439 262//438 677//1349
f 259//437 676//436 677//693
f 372//700 677//699 262//1350
f 678//1351 259//437 677//693
f 367//695 678//1351 677//693
f 259//565 678//1352 258//566
f 367//1353 253//1354 678//1355
f 359//732 361//1356 375//731
f 361//1357 362//690 366//692
f 366//692 365//689 677//699
f 367//1353 368//1358 253//1354
f 371//1359 252//425 368//1360
f 368//1360 252//425 253//427
f 252//416 371//1361 240//417
f 679//1362 371//1362 370//1362
f 369//1363 680//1363 679//1363
f 680//1364 679//1364 681//1364
f 229//1365 679//1365 680//1365
f 680//1366 371//1366 679//1366
f 369//1367 679//1367 370//1367
f 228//1368 681//1368 679//1368
f 228//1369 679//1369 229//1369
f 680//1370 681//1370 371//1370
f 371//1361 681//1371 228//1372
f 680//1373 369//1374 229//685
f 371//1361 228//1372 240//417
f 370//697 371//1375 368//696
f 365//689 364//691 369//1376
f 229//685 369//1374 364//686
f 368//696 367//695 365//694
f 227//397 226//396 358//676
f 24//1377 23//1377 335//1377
f 330//621 324//600 323//599
f 300//1378 301//1378 322//1378
f 300//1379 322//1380 299//1381
f 316//1382 303//541 304//540
f 257//570 255//1383 312//568
f 306//577 278//476 307//575
f 276//475 307//575 278//476
f 279//1384 285//1384 283//1384
f 279//1385 283//1385 280//1385
f 682//1386 284//1386 302//1386
f 682//1387 302//535 300//534
f 286//1388 284//1388 682//1388
f 294//1389 286//1389 682//1389
f 295//1390 294//1390 682//1390
f 295//1391 682//1391 299//1391
f 300//1379 299//1381 682//1392
f 294//517 288//516 286//1393
f 297//530 295//1394 299//533
f 286//1393 288//516 283//1395
f 280//480 281//486 271//472
f 272//1396 276//473 271//472
f 272//1397 275//1398 276//1399
f 274//1400 275//1398 272//1397
f 275//470 274//1401 273//468
f 263//441 261//440 267//557
f 240//405 228//405 225//405
f 227//113 233//106 224//403
f 218//385 190//385 185//385
f 207//374 211//89 204//89
f 211//368 205//369 204//368
f 208//1402 683//1403 209//1404
f 684//1405 683//1403 208//1402
f 99//162 684//1405 208//1402
f 208//79 102//79 99//79
f 209//1404 683//1403 686//1406
f 209//1407 686//1407 187//1407
f 187//1408 686//1409 687//1408
f 687//1410 686//1410 688//1410
f 187//1408 687//1408 188//1411
f 688//1412 188//1412 687//1412
f 688//1413 181//1413 188//1413
f 688//1414 177//1414 181//1414
f 686//1415 177//1415 688//1415
f 188//319 181//339 182//317
f 178//1416 181//1416 177//1416
f 686//1417 685//1417 177//1417
f 683//1418 685//1419 686//1420
f 177//1421 685//1421 175//1421
f 175//1422 685//1422 96//1422
f 96//156 685//1423 684//1424
f 685//1419 683//1418 684//1425
f 96//307 95//1426 176//308
f 96//156 684//1424 97//157
f 99//162 97//161 684//1405
f 205//367 185//89 186//367
f 163//1427 180//1427 172//1427
f 171//1428 163//1428 172//1428
f 176//1429 95//1429 94//1429
f 170//1430 176//1431 689//1432
f 176//1431 690//1433 689//1432
f 176//1434 94//153 690//154
f 689//1435 690//1436 691//1437
f 692//1438 693//1439 90//1440
f 690//1436 90//1441 693//1439
f 690//1436 693//1439 691//1437
f 692//1438 724//1442 693//1439
f 695//1443 724//1442 698//1444
f 698//1444 724//1442 692//1438
f 724//1442 695//1443 725//1445
f 722//1446 695//1447 721//1448
f 721//1448 695//1447 696//1449
f 696//1450 697//1451 721//1448
f 124//1452 697//1453 696//1454
f 704//1455 698//1444 692//1438
f 704//1455 692//1438 699//1456
f 89//1457 702//1457 701//1457
f 699//1458 701//1459 700//1460
f 701//1461 702//1462 81//1463
f 701//1461 81//1463 703//1464
f 124//1465 81//1465 122//1465
f 703//1464 81//1466 124//1452
f 81//130 80//132 122//1467
f 702//1462 83//1468 81//1463
f 82//133 81//135 83//136
f 701//1461 703//1464 700//1469
f 699//1458 700//1460 704//1470
f 703//1464 124//1452 696//1454
f 123//204 705//1471 124//202
f 123//1472 128//1472 705//1472
f 127//217 129//216 706//1473
f 129//1474 142//1474 706//1474
f 129//1475 141//1476 142//1477
f 707//1478 706//1478 708//1478
f 706//1479 142//1479 708//1479
f 127//1480 706//1480 707//1480
f 709//1481 708//1481 142//1481
f 709//1482 142//1482 143//1482
f 710//1483 708//1484 709//1485
f 712//1486 711//1487 710//1488
f 711//1487 712//1486 713//1489
f 169//1490 711//1491 713//1492
f 711//1487 714//1493 710//1488
f 708//1484 710//1483 715//1494
f 715//1494 710//1483 714//1495
f 717//1496 715//1494 714//1495
f 715//1494 717//1496 716//1497
f 717//1496 718//1498 716//1497
f 719//1499 718//1498 717//1496
f 719//1500 720//1501 718//1502
f 720//1503 721//1448 718//1504
f 727//1505 721//1448 720//1503
f 727//1505 722//1446 721//1448
f 723//1506 128//1507 707//1508
f 723//1509 716//1510 697//1511
f 707//1512 716//1512 723//1512
f 705//1513 128//1507 723//1506
f 705//1514 723//1509 697//1511
f 727//1515 724//1442 722//1516
f 724//1442 725//1445 722//1516
f 722//1516 725//1445 695//1443
f 719//1517 717//1518 726//1519
f 726//1519 717//1518 711//1520
f 720//1503 728//1521 727//1505
f 728//1522 720//1501 719//1500
f 727//1515 728//1523 719//1517
f 726//1519 724//1442 719//1517
f 727//1515 719//1517 724//1442
f 729//1524 726//1525 711//1491
f 694//1526 726//1525 729//1524
f 726//1519 694//1527 724//1442
f 689//1528 694//1528 729//1528
f 689//1529 691//1529 694//1529
f 168//1530 689//1531 729//1524
f 691//1437 693//1439 694//1532
f 168//1530 729//1524 169//1490
f 729//1524 711//1491 169//1490
f 707//1533 715//1533 716//1533
f 718//1534 697//1534 716//1534
f 721//1448 697//1451 718//1504
f 711//1487 717//1535 714//1493
f 707//1536 708//1536 715//1536
f 712//1537 709//1485 145//1538
f 712//1486 730//1539 713//1489
f 145//1538 730//1540 712//1537
f 713//1489 730//1539 731//1541
f 732//1542 713//1542 731//1542
f 733//1543 165//1544 732//1545
f 150//1546 733//1546 732//1546
f 150//1547 148//258 151//259
f 734//1548 733//1548 150//1548
f 734//1549 735//1550 733//1551
f 735//1552 152//1553 156//1554
f 156//1555 736//1556 735//1550
f 156//268 738//1557 736//1558
f 735//1550 736//1556 733//1551
f 736//1559 738//1560 164//288
f 165//287 736//1559 164//288
f 164//288 737//1561 163//1562
f 738//1560 737//1561 164//288
f 156//268 739//281 738//1557
f 739//281 156//268 155//269
f 739//281 155//269 160//271
f 198//270 158//273 160//271
f 738//1557 739//281 737//280
f 163//1563 737//1563 162//1563
f 733//1543 736//1564 165//1544
f 152//1553 735//1552 151//1565
f 151//1566 147//253 152//1567
f 151//1568 735//1568 734//1568
f 151//259 734//1569 150//1547
f 731//1570 148//1570 732//1570
f 732//1571 148//1571 150//1571
f 148//1572 731//1541 730//1539
f 145//1538 149//1573 730//1540
f 149//1574 148//1574 730//1574
f 732//1575 165//1575 169//1575
f 169//1576 713//1576 732//1576
f 169//1577 165//1577 166//1577
f 710//1483 709//1485 712//1537
f 709//1578 740//1578 145//1578
f 143//1579 740//1579 709//1579
f 128//213 127//212 707//1580
f 124//1581 705//1514 697//1511
f 696//1454 698//1582 704//1583
f 696//1454 704//1583 703//1464
f 700//1469 703//1464 704//1583
f 701//1584 699//1456 90//1440
f 699//1456 692//1438 90//1440
f 91//1585 90//1586 92//1587
f 89//1588 701//1584 90//1440
f 696//1454 695//1589 698//1582
f 693//1439 724//1442 694//1532
f 92//1590 90//1441 690//1436
f 168//1591 170//1591 689//1591
f 164//288 163//1562 171//1592
f 180//1593 161//1593 159//1593
f 132//1594 117//1595 154//1596
f 154//1596 137//1597 132//1594
f 132//1598 137//234 134//233
f 152//260 147//1599 138//236
f 151//1566 146//254 147//253
f 151//1600 145//1600 146//1600
f 135//244 141//243 133//1601
f 129//1475 133//1602 141//1476
f 116//1603 117//1603 132//1603
f 116//1604 125//206 120//205
f 79//1605 122//1605 80//1605
f 79//198 77//1606 121//195
f 115//181 118//1607 114//182
f 113//112 114//112 72//120
f 72//120 114//112 74//120
f 67//174 106//174 113//174
f 67//1608 113//1608 68//1608
f 68//1608 113//1608 72//1608
f 97//1609 100//1609 93//1609
f 100//1610 92//152 93//151
f 742//1611 92//1587 100//1612
f 90//1586 91//1585 741//1613
f 90//1440 741//146 89//1588
f 741//146 88//145 89//1588
f 91//1585 742//1614 741//1613
f 742//1615 86//139 741//143
f 63//1022 86//1021 742//1616
f 63//1617 742//1617 65//1617
f 742//1611 91//1585 92//1587
f 742//1618 100//1618 65//1618
f 85//1619 83//148 88//147
f 76//1016 82//1620 84//1017
f 78//125 82//1621 76//126
f 66//113 70//114 743//107
f 743//107 70//114 61//106
f 743//108 744//1622 66//171
f 743//108 57//100 744//1622
f 53//103 744//1623 57//103
f 66//171 744//1622 64//167
f 64//103 744//1623 53//103
f 62//109 60//110 61//1624
f 57//103 52//84 53//103
f 56//101 48//78 58//102
f 56//101 47//85 48//78
f 51//92 47//88 56//1625
f 51//1626 56//99 55//98
f 26//1627 17//32 19//1628
f 18//1629 22//41 19//40
f 17//32 18//31 19//1628
f 9//10 14//1630 8//11
f 7//1631 8//1631 6//1631
f 1//525 2//524 3//1632
