# Blender 5.2.2 LTS
# www.blender.org
o Object.097
v 0.314443 -0.000705 0.096040
v 0.325556 -0.003880 0.096040
v 0.314443 -0.003880 0.096040
v 0.328731 -0.000705 0.096040
v 0.328731 -0.014992 0.096040
v 0.325556 -0.014992 0.096040
v 0.328731 -0.000705 0.019840
v 0.314443 -0.000705 0.019840
v 0.325556 -0.003880 0.019840
v 0.328731 -0.014992 0.019840
v 0.314443 -0.003880 0.019840
v 0.325556 -0.014992 0.019840
v 0.325556 -0.014992 0.096040
v 0.328731 -0.014992 0.019840
v 0.325556 -0.014992 0.019840
v 0.328731 -0.014992 0.096040
v 0.328731 -0.014992 0.019840
v 0.328731 -0.000705 0.096040
v 0.328731 -0.006881 0.057502
v 0.328731 -0.014992 0.096040
v 0.328731 -0.012019 0.028790
v 0.328731 -0.010779 0.030751
v 0.328731 -0.011025 0.055791
v 0.328731 -0.007818 0.030757
v 0.328731 -0.008284 0.055654
v 0.328731 -0.009116 0.026078
v 0.328731 -0.000705 0.019840
v 0.328731 -0.010978 0.026489
v 0.328731 -0.007588 0.059712
v 0.328731 -0.007818 0.085123
v 0.328731 -0.009990 0.060510
v 0.328731 -0.010779 0.085129
v 0.328731 -0.011945 0.058591
v 0.328731 -0.012066 0.087309
v 0.328731 -0.007103 0.027268
v 0.328731 -0.007040 0.088392
v 0.328731 -0.010008 0.089968
v 0.321792 -0.000705 0.056068
v 0.319783 -0.000705 0.055416
v 0.319781 -0.000705 0.084726
v 0.317842 -0.000705 0.029899
v 0.317915 -0.000705 0.056399
v 0.314443 -0.000705 0.096040
v 0.317813 -0.000705 0.059558
v 0.314443 -0.000705 0.019840
v 0.317559 -0.000705 0.027591
v 0.321303 -0.000705 0.060273
v 0.328731 -0.000705 0.019840
v 0.328731 -0.000705 0.096040
v 0.322531 -0.000705 0.058048
v 0.322082 -0.000705 0.085767
v 0.321084 -0.000705 0.089704
v 0.321818 -0.000705 0.030471
v 0.319355 -0.000705 0.031049
v 0.319161 -0.000705 0.026202
v 0.322513 -0.000705 0.028251
v 0.321282 -0.000705 0.026275
v 0.317814 -0.000705 0.088927
v 0.317820 -0.000705 0.085966
v 0.322477 -0.000705 0.087840
v 0.314443 -0.000705 0.096040
v 0.314443 -0.003880 0.019840
v 0.314443 -0.000705 0.019840
v 0.314443 -0.003880 0.096040
v 0.321303 -0.003880 0.060273
v 0.319781 -0.003880 0.084726
v 0.317915 -0.003880 0.056399
v 0.319355 -0.003880 0.031049
v 0.317842 -0.003880 0.029899
v 0.321792 -0.003880 0.056068
v 0.321818 -0.003880 0.030471
v 0.322531 -0.003880 0.058048
v 0.325556 -0.003880 0.096040
v 0.325556 -0.003880 0.019840
v 0.321282 -0.003880 0.026275
v 0.322513 -0.003880 0.028251
v 0.317813 -0.003880 0.059558
v 0.314443 -0.003880 0.019840
v 0.314443 -0.003880 0.096040
v 0.317820 -0.003880 0.085966
v 0.319783 -0.003880 0.055416
v 0.317559 -0.003880 0.027591
v 0.319161 -0.003880 0.026202
v 0.322082 -0.003880 0.085767
v 0.322477 -0.003880 0.087840
v 0.321084 -0.003880 0.089704
v 0.317814 -0.003880 0.088927
v 0.325556 -0.012066 0.087309
v 0.325556 -0.011871 0.059041
v 0.325556 -0.014992 0.096040
v 0.325556 -0.014992 0.019840
v 0.325556 -0.007818 0.030757
v 0.325556 -0.008284 0.055654
v 0.325556 -0.010779 0.085129
v 0.325556 -0.009325 0.060529
v 0.325556 -0.007818 0.085123
v 0.325556 -0.011025 0.055791
v 0.325556 -0.010779 0.030751
v 0.325556 -0.007465 0.059531
v 0.325556 -0.006881 0.057502
v 0.325556 -0.003880 0.019840
v 0.325556 -0.003880 0.096040
v 0.325556 -0.008699 0.089711
v 0.325556 -0.007040 0.088392
v 0.325556 -0.007103 0.027268
v 0.325556 -0.012019 0.028790
v 0.325556 -0.009116 0.026078
v 0.325556 -0.010978 0.026489
v 0.325556 -0.010603 0.089623
v 0.325556 -0.011539 0.085611
v 0.328731 -0.012479 0.086516
v 0.325556 -0.007381 0.085340
v 0.328731 -0.006843 0.086136
v 0.325556 -0.009658 0.090432
v 0.328731 -0.008508 0.089814
v 0.325556 -0.011775 0.027085
v 0.328731 -0.008147 0.026177
v 0.325556 -0.006802 0.027100
v 0.328731 -0.007207 0.030370
v 0.325556 -0.010052 0.031428
v 0.328731 -0.012535 0.028835
v 0.328731 -0.011978 0.056790
v 0.325556 -0.009773 0.055305
v 0.325556 -0.006548 0.059149
v 0.328731 -0.009225 0.060931
v 0.328731 -0.007327 0.055918
v 0.325556 -0.012246 0.058673
v 0.318513 -0.003880 0.084971
v 0.318529 -0.003880 0.089943
v 0.316982 -0.000705 0.088140
v 0.322140 -0.000705 0.088986
v 0.322856 -0.003880 0.086694
v 0.321445 -0.000705 0.084880
v 0.320500 -0.003880 0.025652
v 0.317492 -0.003880 0.030216
v 0.317497 -0.000705 0.030316
v 0.322344 -0.003880 0.030015
v 0.322443 -0.000705 0.029803
v 0.320494 -0.000705 0.025691
v 0.318301 -0.003880 0.055837
v 0.317403 -0.000705 0.059440
v 0.319125 -0.003880 0.060947
v 0.322423 -0.003880 0.056448
v 0.322831 -0.000705 0.058807
v 0.319766 -0.000705 0.055197
vn -0.0414 0.0317 -0.9986
vn -0.0642 -0.0033 -0.9979
vn -0.0809 -0.0289 -0.9963
vn -0.0000 -1.0000 -0.0000
vn -1.0000 -0.0000 -0.0000
vn 0.2780 -0.0028 0.9606
vn -0.0000 -0.0000 1.0000
vn 0.2452 -0.8840 -0.3980
vn 0.2467 -0.8841 -0.3969
vn 0.2421 -0.8839 -0.4002
vn -0.2549 0.0638 0.9649
vn -0.2541 0.0643 0.9650
vn -0.2563 0.0628 0.9646
vn -0.1417 0.2581 0.9557
vn 0.2490 -0.8842 -0.3953
vn 0.3548 0.8710 -0.3399
vn 0.2722 0.7757 0.5694
vn 0.5328 0.0704 -0.8433
vn -0.5493 0.4041 -0.7314
vn -0.3462 0.3445 0.8726
vn 0.3918 0.8552 -0.3393
vn 0.8996 0.4368 -0.0029
vn 0.8378 -0.0095 0.5460
vn 0.8363 -0.0140 0.5481
vn 0.8348 -0.0186 0.5503
vn 0.4589 -0.7105 -0.5335
vn -0.9143 0.0315 0.4039
vn -0.9105 0.0169 0.4133
vn -0.9197 0.0545 0.3888
vn -0.0000 -0.0000 -1.0000
vn -0.7087 0.4772 -0.5196
vn 0.8969 0.4178 -0.1446
vn 0.8357 -0.2917 0.4654
vn -1.0000 -0.0001 -0.0000
vn -1.0000 0.0001 -0.0000
vn -0.3702 0.7736 -0.5143
vn -0.3282 0.4894 0.8080
vn -0.3149 0.1750 0.9328
vn 1.0000 -0.0000 -0.0000
vn -0.1021 -0.4711 -0.8761
vn -0.2530 0.0650 0.9653
vn -0.0000 1.0000 -0.0000
vn -0.3560 0.5971 -0.7188
vn -0.3301 -0.9211 0.2064
vn 0.4225 -0.6943 0.5826
vn 0.1457 -0.4339 -0.8891
vn -0.5080 -0.8055 -0.3050
vn -0.9326 -0.3244 0.1579
vn 0.8392 -0.0049 0.5438
vn 0.5229 -0.4626 0.7159
vn -0.9036 -0.0071 0.4284
vn -0.7119 -0.3575 0.6045
vn -0.4940 0.2407 -0.8355
vn -0.1030 -0.0630 -0.9927
s 1
f 135//1 136//2 137//3
f 16//4 15//4 14//4
f 91//5 108//5 107//5
f 117//6 118//6 116//6
f 2//7 5//7 4//7
f 114//8 113//9 115//10
f 111//11 112//12 110//13
f 143//14 145//14 140//14
f 64//5 63//5 62//5
f 112//15 113//9 114//8
f 114//16 111//16 110//16
f 127//17 122//17 123//17
f 125//18 127//18 124//18
f 129//19 131//19 132//19
f 133//20 128//20 132//20
f 121//21 116//21 120//21
f 130//22 129//22 128//22
f 134//23 136//24 135//25
f 118//26 119//26 120//26
f 138//27 134//28 137//29
f 9//30 8//30 7//30
f 144//31 143//31 142//31
f 141//32 142//32 140//32
f 140//33 145//33 141//33
f 95//5 94//5 96//5
f 99//34 95//5 96//5
f 100//5 99//34 96//5
f 100//5 96//5 102//5
f 96//5 104//35 102//5
f 88//5 94//5 89//5
f 90//5 88//5 89//5
f 91//5 90//5 89//5
f 106//5 108//5 91//5
f 91//5 89//5 97//5
f 91//5 97//5 106//5
f 106//5 97//5 98//5
f 97//5 93//5 98//5
f 98//5 93//5 92//5
f 93//5 100//5 92//5
f 105//5 92//5 101//5
f 92//5 100//5 101//5
f 101//5 107//5 105//5
f 102//5 101//5 100//5
f 127//36 125//36 122//36
f 121//37 117//37 116//37
f 122//38 126//38 123//38
f 16//4 13//4 15//4
f 18//39 20//39 37//39
f 101//5 91//5 107//5
f 18//39 37//39 36//39
f 29//39 19//39 18//39
f 29//39 18//39 30//39
f 18//39 36//39 30//39
f 31//39 29//39 30//39
f 33//39 31//39 32//39
f 31//39 30//39 32//39
f 33//39 32//39 34//39
f 33//39 34//39 20//39
f 25//39 23//39 24//39
f 24//39 23//39 22//39
f 22//39 23//39 21//39
f 21//39 23//39 33//39
f 21//39 33//39 17//39
f 34//39 37//39 20//39
f 17//39 27//39 26//39
f 27//39 35//39 26//39
f 33//39 20//39 17//39
f 17//39 26//39 28//39
f 28//39 21//39 17//39
f 2//7 6//7 5//7
f 4//7 1//7 2//7
f 1//7 3//7 2//7
f 95//5 89//5 94//5
f 142//40 141//40 144//40
f 67//4 68//4 81//4
f 68//4 71//4 81//4
f 81//4 71//4 70//4
f 71//4 76//4 70//4
f 70//4 76//4 72//4
f 72//4 76//4 74//4
f 73//4 86//4 85//4
f 76//4 75//4 74//4
f 74//4 73//4 72//4
f 73//4 85//4 84//4
f 73//4 84//4 72//4
f 72//4 84//4 65//4
f 84//4 66//4 65//4
f 112//12 111//11 113//41
f 53//42 38//42 48//42
f 38//42 50//42 48//42
f 56//42 53//42 48//42
f 49//42 48//42 50//42
f 52//42 43//42 49//42
f 49//42 50//42 47//42
f 60//42 52//42 49//42
f 49//42 47//42 51//42
f 51//42 60//42 49//42
f 90//5 102//5 109//5
f 102//5 104//35 103//5
f 109//5 88//5 90//5
f 102//5 103//5 109//5
f 64//5 61//5 63//5
f 115//43 111//43 114//43
f 69//4 68//4 67//4
f 82//4 69//4 78//4
f 69//4 67//4 78//4
f 67//4 77//4 78//4
f 74//4 75//4 78//4
f 75//4 83//4 78//4
f 73//4 79//4 86//4
f 78//4 83//4 82//4
f 87//4 86//4 79//4
f 79//4 78//4 77//4
f 79//4 77//4 80//4
f 80//4 87//4 79//4
f 80//4 77//4 66//4
f 77//4 65//4 66//4
f 117//44 119//44 118//44
f 124//45 123//45 126//45
f 129//46 130//46 131//46
f 124//47 126//47 125//47
f 24//39 35//39 27//39
f 27//39 18//39 19//39
f 24//39 27//39 19//39
f 19//39 25//39 24//39
f 132//48 131//48 133//48
f 57//42 56//42 48//42
f 43//42 52//42 58//42
f 48//42 45//42 57//42
f 55//42 57//42 45//42
f 45//42 43//42 44//42
f 43//42 58//42 59//42
f 43//42 59//42 44//42
f 46//42 55//42 45//42
f 59//42 40//42 44//42
f 41//42 46//42 45//42
f 40//42 51//42 47//42
f 38//42 53//42 39//42
f 53//42 54//42 39//42
f 39//42 54//42 42//42
f 54//42 41//42 42//42
f 40//42 47//42 44//42
f 41//42 45//42 42//42
f 44//42 42//42 45//42
f 134//23 139//49 136//24
f 128//50 133//50 130//50
f 138//27 139//51 134//28
f 144//52 145//52 143//52
f 120//53 119//53 121//53
f 137//3 136//2 138//54
f 7//30 10//30 9//30
f 10//30 12//30 9//30
f 9//30 11//30 8//30
o Object.100
v 0.314444 0.002470 0.019840
v 0.325556 0.005645 0.019840
v 0.314444 0.005645 0.019840
v 0.328731 0.002470 0.019840
v 0.328731 0.016757 0.019840
v 0.325556 0.016757 0.019840
v 0.328731 0.002470 0.096040
v 0.314443 0.002470 0.096040
v 0.325556 0.005645 0.096040
v 0.328731 0.016757 0.096040
v 0.314443 0.005645 0.096040
v 0.325556 0.016757 0.096040
v 0.325556 0.016757 0.019840
v 0.328731 0.016757 0.096040
v 0.325556 0.016757 0.096040
v 0.328731 0.016757 0.019840
v 0.328731 0.016757 0.096040
v 0.328731 0.002470 0.019840
v 0.328731 0.008646 0.057503
v 0.328731 0.013349 0.059390
v 0.328731 0.016757 0.019840
v 0.328731 0.013784 0.087090
v 0.328731 0.012544 0.085129
v 0.328731 0.011092 0.060530
v 0.328731 0.009583 0.085123
v 0.328731 0.010235 0.055535
v 0.328731 0.009230 0.059531
v 0.328731 0.010235 0.089714
v 0.328731 0.002470 0.096040
v 0.328731 0.012743 0.089391
v 0.328731 0.009230 0.030162
v 0.328731 0.011090 0.031160
v 0.328731 0.012343 0.055678
v 0.328731 0.013636 0.029672
v 0.328731 0.013615 0.057088
v 0.328731 0.008724 0.087954
v 0.328731 0.010049 0.026285
v 0.328731 0.008646 0.028133
v 0.328731 0.012790 0.026422
v 0.319777 0.002470 0.055320
v 0.318054 0.002470 0.085595
v 0.318898 0.002470 0.060375
v 0.314444 0.002470 0.019840
v 0.317388 0.002470 0.057376
v 0.314443 0.002470 0.096040
v 0.317559 0.002470 0.088288
v 0.320675 0.002470 0.031157
v 0.328731 0.002470 0.096040
v 0.328731 0.002470 0.019840
v 0.322513 0.002470 0.058260
v 0.322057 0.002470 0.056418
v 0.322571 0.002470 0.028898
v 0.321303 0.002470 0.026238
v 0.322612 0.002470 0.086747
v 0.321606 0.002470 0.059933
v 0.320440 0.002470 0.084754
v 0.319161 0.002470 0.089678
v 0.321282 0.002470 0.089605
v 0.317524 0.002470 0.028036
v 0.317916 0.002470 0.030113
v 0.318566 0.002470 0.026450
v 0.314444 0.002470 0.019840
v 0.314443 0.005645 0.096040
v 0.314443 0.002470 0.096040
v 0.314444 0.005645 0.019840
v 0.320675 0.005645 0.031157
v 0.322057 0.005645 0.056418
v 0.318898 0.005645 0.060375
v 0.318054 0.005645 0.085595
v 0.322612 0.005645 0.086747
v 0.321606 0.005645 0.059933
v 0.322513 0.005645 0.058260
v 0.325556 0.005645 0.019840
v 0.325556 0.005645 0.096040
v 0.321282 0.005645 0.089605
v 0.319777 0.005645 0.055320
v 0.314443 0.005645 0.096040
v 0.314444 0.005645 0.019840
v 0.317916 0.005645 0.030113
v 0.317388 0.005645 0.057376
v 0.320440 0.005645 0.084754
v 0.317559 0.005645 0.088288
v 0.319161 0.005645 0.089678
v 0.322571 0.005645 0.028898
v 0.321303 0.005645 0.026238
v 0.317814 0.005645 0.026953
v 0.325556 0.013615 0.057088
v 0.325556 0.016757 0.019840
v 0.325556 0.016757 0.096040
v 0.325556 0.009583 0.085123
v 0.325556 0.011092 0.060530
v 0.325556 0.013636 0.029672
v 0.325556 0.012343 0.055678
v 0.325556 0.010235 0.055535
v 0.325556 0.012544 0.085129
v 0.325556 0.011090 0.031160
v 0.325556 0.009230 0.059531
v 0.325556 0.009230 0.030162
v 0.325556 0.008646 0.057503
v 0.325556 0.005645 0.096040
v 0.325556 0.005645 0.019840
v 0.325556 0.010049 0.026285
v 0.325556 0.008724 0.087954
v 0.325556 0.013349 0.059390
v 0.325556 0.013784 0.087090
v 0.325556 0.010235 0.089714
v 0.325556 0.012743 0.089391
v 0.325556 0.012790 0.026422
v 0.325556 0.008646 0.028133
v 0.325556 0.011006 0.031335
v 0.328731 0.012918 0.031189
v 0.325556 0.008688 0.026872
v 0.328731 0.008447 0.027854
v 0.328731 0.012210 0.026063
v 0.325556 0.014011 0.027838
v 0.325556 0.013540 0.088795
v 0.328731 0.009912 0.089703
v 0.325556 0.008567 0.088780
v 0.328731 0.008972 0.085510
v 0.325556 0.011817 0.084452
v 0.328731 0.014300 0.087045
v 0.328731 0.013743 0.059088
v 0.325556 0.010782 0.060627
v 0.328731 0.009309 0.060090
v 0.325556 0.008556 0.056653
v 0.325556 0.014106 0.057005
v 0.328731 0.010729 0.054926
v 0.319098 0.005645 0.031371
v 0.318804 0.002470 0.031427
v 0.317770 0.005645 0.027014
v 0.318414 0.002470 0.026362
v 0.322684 0.005645 0.027121
v 0.322645 0.002470 0.027421
v 0.317233 0.005645 0.087663
v 0.320319 0.005645 0.084500
v 0.317497 0.002470 0.085564
v 0.322132 0.005645 0.089534
v 0.322443 0.002470 0.086077
v 0.320494 0.002470 0.090189
v 0.319099 0.005645 0.060740
v 0.317818 0.002470 0.059649
v 0.317770 0.005645 0.056383
v 0.319739 0.002470 0.054883
v 0.322685 0.005645 0.056490
v 0.322302 0.002470 0.059643
vn -0.6701 -0.4809 -0.5654
vn 0.9775 0.0279 -0.2090
vn 0.9824 0.1067 -0.1534
vn 0.9524 -0.0931 -0.2902
vn 0.2780 0.0029 -0.9606
vn 0.3918 -0.8552 0.3393
vn -0.0000 1.0000 -0.0000
vn -0.0000 -1.0000 -0.0000
vn -1.0000 -0.0000 -0.0000
vn -0.0012 0.3255 -0.9456
vn 0.2053 0.8685 -0.4512
vn -0.1030 -0.0982 0.9898
vn -0.1548 -0.0279 0.9875
vn -0.0212 -0.2055 0.9784
vn 0.4589 0.7105 0.5335
vn 0.4094 -0.1629 0.8977
vn 0.3066 0.8304 -0.4653
vn 0.6641 -0.3732 0.6478
vn 0.3382 -0.6933 -0.6363
vn -0.0195 -0.4369 0.8993
vn -0.0000 -0.0000 1.0000
vn 0.3925 -0.6976 -0.5994
vn -0.7502 0.0204 -0.6609
vn -0.7629 0.0590 -0.6438
vn -0.7363 -0.0176 -0.6764
vn 0.9198 -0.2746 -0.2804
vn -0.0000 -0.0000 -1.0000
vn 1.0000 -0.0000 -0.0000
vn -0.8543 -0.4188 0.3078
vn 0.5058 -0.0546 0.8609
vn -0.2396 0.4172 0.8766
vn -0.3281 -0.4895 -0.8079
vn -0.4366 -0.8912 0.1230
vn -0.2419 0.0944 0.9657
vn -0.7207 -0.0563 -0.6909
vn -1.0000 0.0001 -0.0000
vn -0.3688 0.5558 -0.7450
vn -0.4584 0.8570 0.2356
vn -0.3301 0.9211 -0.2064
vn -0.4939 -0.2407 0.8355
vn -0.4307 -0.7309 0.5294
vn -0.2581 -0.2130 -0.9424
vn -0.0950 0.3911 0.9154
vn 0.9742 0.2131 -0.0750
vn -0.8453 0.3535 -0.4007
vn 0.3337 -0.3527 -0.8742
vn 0.8616 0.3701 0.3473
vn -0.7626 0.4997 0.4107
vn 0.7712 0.3945 -0.4997
s 1
f 290//55 285//55 289//55
f 274//56 275//57 273//58
f 262//59 263//59 261//59
f 266//60 261//60 265//60
f 161//61 160//61 159//61
f 186//62 191//62 190//62
f 234//63 252//63 251//63
f 246//63 247//63 253//63
f 286//64 285//64 290//64
f 255//65 258//65 257//65
f 276//66 277//67 275//68
f 263//69 264//69 265//69
f 259//70 260//70 257//70
f 268//71 269//71 270//71
f 279//72 281//72 280//72
f 271//73 267//73 268//73
f 288//74 289//74 287//74
f 154//75 153//75 152//75
f 260//76 256//76 255//76
f 274//77 273//78 277//79
f 210//63 209//63 208//63
f 286//80 287//80 285//80
f 146//81 148//81 147//81
f 187//62 200//62 201//62
f 162//82 175//82 167//82
f 166//82 162//82 180//82
f 162//82 167//82 180//82
f 179//82 184//82 166//82
f 180//82 167//82 165//82
f 167//82 168//82 165//82
f 179//82 166//82 180//82
f 164//82 176//82 171//82
f 176//82 177//82 171//82
f 178//82 171//82 177//82
f 178//82 177//82 179//82
f 180//82 178//82 179//82
f 221//61 211//61 224//61
f 225//61 221//61 224//61
f 225//61 224//61 223//61
f 224//61 231//61 223//61
f 226//61 213//61 214//61
f 213//61 225//61 214//61
f 214//61 225//61 222//61
f 227//61 214//61 222//61
f 218//61 223//61 230//61
f 223//61 222//61 225//61
f 231//61 230//61 223//61
f 283//83 282//83 280//83
f 161//61 158//61 160//61
f 197//62 198//62 194//62
f 188//62 198//62 206//62
f 194//62 193//62 195//62
f 197//62 194//62 195//62
f 188//62 206//62 204//62
f 192//62 197//62 196//62
f 190//62 188//62 189//62
f 188//62 204//62 205//62
f 188//62 205//62 189//62
f 195//62 196//62 197//62
f 200//62 195//62 199//62
f 195//62 193//62 199//62
f 205//62 192//62 185//62
f 199//62 201//62 200//62
f 185//62 189//62 205//62
f 203//62 199//62 193//62
f 190//62 189//62 186//62
f 189//62 187//62 186//62
f 193//62 190//62 203//62
f 202//62 203//62 190//62
f 191//62 202//62 190//62
f 201//62 186//62 187//62
f 272//84 271//84 270//84
f 258//85 259//85 257//85
f 266//86 262//86 261//86
f 183//82 176//82 163//82
f 176//82 164//82 163//82
f 169//82 165//82 168//82
f 169//82 168//82 170//82
f 172//82 169//82 170//82
f 164//82 172//82 174//82
f 172//82 170//82 174//82
f 170//82 181//82 174//82
f 166//82 184//82 182//82
f 163//82 166//82 182//82
f 162//82 174//82 173//82
f 175//82 162//82 173//82
f 163//82 182//82 183//82
f 181//82 173//82 174//82
f 174//82 163//82 164//82
f 260//87 259//87 256//87
f 196//62 185//62 192//62
f 277//67 276//66 278//88
f 277//79 278//89 274//77
f 245//63 234//63 251//63
f 198//62 188//62 194//62
f 246//63 254//63 247//63
f 233//63 246//63 253//63
f 233//63 253//63 237//63
f 250//63 252//63 234//63
f 234//63 233//63 232//63
f 233//63 237//63 232//63
f 250//63 234//63 249//90
f 237//63 241//63 238//63
f 245//63 251//63 248//63
f 246//63 245//63 244//63
f 254//63 246//63 244//63
f 243//63 254//63 244//63
f 245//63 248//63 235//63
f 241//63 243//63 239//63
f 235//63 236//63 242//63
f 249//90 240//63 250//63
f 245//63 235//63 244//63
f 235//63 242//63 244//63
f 232//63 249//90 234//63
f 232//63 237//63 238//63
f 243//63 244//63 239//63
f 238//63 241//63 239//63
f 255//91 256//91 258//91
f 270//92 269//92 272//92
f 262//93 264//93 263//93
f 265//94 264//94 266//94
f 271//95 272//95 267//95
f 267//96 269//96 268//96
f 280//97 281//97 283//97
f 275//57 274//56 276//98
f 154//75 156//75 153//75
f 152//75 155//75 154//75
f 155//75 157//75 154//75
f 211//61 221//61 212//61
f 229//61 211//61 212//61
f 229//61 212//61 218//61
f 212//61 217//61 218//61
f 216//61 213//61 226//61
f 216//61 226//61 215//61
f 217//61 216//61 215//61
f 217//61 215//61 219//61
f 228//61 227//61 222//61
f 218//61 230//61 229//61
f 222//61 219//61 220//61
f 228//61 222//61 220//61
f 219//61 218//61 217//61
f 219//61 215//61 220//61
f 240//63 249//90 236//63
f 235//63 240//63 236//63
f 283//99 284//99 282//99
f 210//63 207//63 209//63
f 279//100 282//100 284//100
f 287//101 286//101 288//101
f 151//81 150//81 147//81
f 150//81 149//81 147//81
f 149//81 146//81 147//81
f 288//102 290//102 289//102
f 279//103 284//103 281//103
o Object.104
v -0.314444 -0.000705 0.019840
v -0.325556 -0.003880 0.019840
v -0.314444 -0.003880 0.019840
v -0.328731 -0.000705 0.019840
v -0.328731 -0.014992 0.019840
v -0.325556 -0.014992 0.019840
v -0.328731 -0.000705 0.096040
v -0.314444 -0.000705 0.096040
v -0.325556 -0.003880 0.096040
v -0.328731 -0.014992 0.096040
v -0.314444 -0.003880 0.096040
v -0.325556 -0.014992 0.096040
v -0.325556 -0.014992 0.019840
v -0.328731 -0.014992 0.096040
v -0.325556 -0.014992 0.096040
v -0.328731 -0.014992 0.019840
v -0.328731 -0.012066 0.057939
v -0.328731 -0.014992 0.096040
v -0.328731 -0.000705 0.019840
v -0.328731 -0.014992 0.019840
v -0.328731 -0.010217 0.060495
v -0.328731 -0.010218 0.084753
v -0.328731 -0.007818 0.055754
v -0.328731 -0.007419 0.085681
v -0.328731 -0.007103 0.059243
v -0.328731 -0.008469 0.089714
v -0.328731 -0.000705 0.096040
v -0.328731 -0.010779 0.089488
v -0.328731 -0.007465 0.030162
v -0.328731 -0.009325 0.031160
v -0.328731 -0.010779 0.055760
v -0.328731 -0.011871 0.029672
v -0.328731 -0.012066 0.087309
v -0.328731 -0.006959 0.087953
v -0.328731 -0.008284 0.026285
v -0.328731 -0.006881 0.028133
v -0.328731 -0.011025 0.026422
v -0.319558 -0.000705 0.055386
v -0.317942 -0.000705 0.085785
v -0.317559 -0.000705 0.058920
v -0.314444 -0.000705 0.019840
v -0.314444 -0.000705 0.096040
v -0.317559 -0.000705 0.088288
v -0.317842 -0.000705 0.056612
v -0.320675 -0.000705 0.031157
v -0.328731 -0.000705 0.096040
v -0.328731 -0.000705 0.019840
v -0.322513 -0.000705 0.058260
v -0.321944 -0.000705 0.056226
v -0.322571 -0.000705 0.028898
v -0.321303 -0.000705 0.026238
v -0.321435 -0.000705 0.085189
v -0.321282 -0.000705 0.060236
v -0.319161 -0.000705 0.060309
v -0.319574 -0.000705 0.084811
v -0.320000 -0.000705 0.089938
v -0.322659 -0.000705 0.087880
v -0.317524 -0.000705 0.028036
v -0.317916 -0.000705 0.030113
v -0.318566 -0.000705 0.026450
v -0.314444 -0.000705 0.019840
v -0.314444 -0.003880 0.096040
v -0.314444 -0.000705 0.096040
v -0.314444 -0.003880 0.019840
v -0.320675 -0.003880 0.031157
v -0.321944 -0.003880 0.056226
v -0.317559 -0.003880 0.058920
v -0.317942 -0.003880 0.085785
v -0.321435 -0.003880 0.085189
v -0.322513 -0.003880 0.058260
v -0.325556 -0.003880 0.019840
v -0.325556 -0.003880 0.096040
v -0.320000 -0.003880 0.089938
v -0.322659 -0.003880 0.087880
v -0.319558 -0.003880 0.055386
v -0.314444 -0.003880 0.096040
v -0.314444 -0.003880 0.019840
v -0.317916 -0.003880 0.030113
v -0.317842 -0.003880 0.056612
v -0.319161 -0.003880 0.060309
v -0.319574 -0.003880 0.084811
v -0.321282 -0.003880 0.060236
v -0.317559 -0.003880 0.088288
v -0.322571 -0.003880 0.028898
v -0.321303 -0.003880 0.026238
v -0.318566 -0.003880 0.026450
v -0.317524 -0.003880 0.028036
v -0.325556 -0.010779 0.055760
v -0.325556 -0.014992 0.019840
v -0.325556 -0.014992 0.096040
v -0.325556 -0.007419 0.085681
v -0.325556 -0.007103 0.059243
v -0.325556 -0.011871 0.029672
v -0.325556 -0.008902 0.055464
v -0.325556 -0.010217 0.060495
v -0.325556 -0.010218 0.084753
v -0.325556 -0.009325 0.031160
v -0.325556 -0.007465 0.030162
v -0.325556 -0.007316 0.056505
v -0.325556 -0.003880 0.096040
v -0.325556 -0.003880 0.019840
v -0.325556 -0.008284 0.026285
v -0.325556 -0.006959 0.087953
v -0.325556 -0.012066 0.057939
v -0.325556 -0.012066 0.087309
v -0.325556 -0.008469 0.089714
v -0.325556 -0.010779 0.089488
v -0.325556 -0.011025 0.026422
v -0.325556 -0.006881 0.028133
v -0.325556 -0.009241 0.031335
v -0.328731 -0.011153 0.031189
v -0.325556 -0.006923 0.026872
v -0.328731 -0.006682 0.027854
v -0.328731 -0.010445 0.026063
v -0.325556 -0.012246 0.027838
v -0.328731 -0.012355 0.087809
v -0.328731 -0.008146 0.089702
v -0.325556 -0.007881 0.089539
v -0.325556 -0.007676 0.084927
v -0.328731 -0.007632 0.084869
v -0.325556 -0.012426 0.087821
v -0.325556 -0.011775 0.059426
v -0.328731 -0.008147 0.060334
v -0.325556 -0.006802 0.059411
v -0.328731 -0.007207 0.056141
v -0.325556 -0.010052 0.055083
v -0.328731 -0.012535 0.057676
v -0.319098 -0.003880 0.031371
v -0.318804 -0.000705 0.031427
v -0.317770 -0.003880 0.027014
v -0.318414 -0.000705 0.026362
v -0.322684 -0.003880 0.027121
v -0.322645 -0.000705 0.027421
v -0.317233 -0.003880 0.087664
v -0.320320 -0.003880 0.084500
v -0.317497 -0.000705 0.085564
v -0.322132 -0.003880 0.089534
v -0.322443 -0.000705 0.086076
v -0.320494 -0.000705 0.090189
v -0.320500 -0.003880 0.060859
v -0.317492 -0.003880 0.056296
v -0.317496 -0.000705 0.056195
v -0.322344 -0.003880 0.056496
v -0.322443 -0.000705 0.056708
v -0.320494 -0.000705 0.060820
vn 0.0412 0.0316 0.9987
vn 0.0641 -0.0034 0.9979
vn 0.0808 -0.0291 0.9963
vn -0.3918 0.8552 0.3393
vn -0.9775 -0.0279 -0.2090
vn -0.9824 -0.1067 -0.1534
vn -0.9524 0.0931 -0.2902
vn -0.0000 -0.0000 1.0000
vn -0.0444 0.3742 -0.9263
vn -0.0774 0.3525 -0.9326
vn -0.0220 0.3886 -0.9212
vn -0.0000 -1.0000 -0.0000
vn -0.0000 -0.0000 -1.0000
vn 1.0000 -0.0000 -0.0000
vn -0.0085 0.5202 0.8540
vn -0.0028 0.5230 0.8524
vn 0.0029 0.5257 0.8507
vn 0.9143 0.0316 -0.4038
vn 0.9105 0.0170 -0.4132
vn 0.9198 0.0547 -0.3887
vn -0.8377 -0.0094 -0.5461
vn -0.8362 -0.0139 -0.5482
vn -0.8347 -0.0185 -0.5503
vn -0.2053 -0.8685 -0.4512
vn -0.4094 0.1629 0.8977
vn -0.4589 -0.7105 0.5335
vn 0.0219 -0.9974 -0.0680
vn -0.0128 -0.9989 -0.0445
vn 0.0444 -0.9955 -0.0832
vn -0.2779 -0.0028 -0.9606
vn -0.0000 1.0000 -0.0000
vn 0.1030 0.0982 0.9898
vn 0.1548 0.0279 0.9875
vn 0.0212 0.2055 0.9784
vn -0.6640 0.3735 0.6478
vn -0.3925 0.6976 -0.5994
vn 0.7502 -0.0204 -0.6609
vn 0.7629 -0.0590 -0.6438
vn 0.7363 0.0176 -0.6764
vn 0.3282 0.4894 -0.8080
vn 0.8544 0.4187 0.3077
vn -1.0000 -0.0000 -0.0000
vn 0.2396 -0.4172 0.8766
vn 0.2419 -0.0944 0.9657
vn 0.0127 0.4103 -0.9119
vn 0.7207 0.0563 -0.6909
vn 0.9036 -0.0071 -0.4284
vn -0.8391 -0.0049 -0.5439
vn 0.0774 -0.9914 -0.1054
vn 0.4366 0.8912 0.1230
vn 0.3688 -0.5558 -0.7450
vn 0.0086 0.5284 0.8489
vn 0.3301 -0.9211 -0.2063
vn 0.4940 0.2408 0.8355
vn 1.0000 0.0001 -0.0000
vn -0.9742 -0.2131 -0.0750
vn 0.8453 -0.3535 -0.4006
vn -0.3336 0.3527 -0.8743
vn 0.0949 -0.3910 0.9155
vn 0.1029 -0.0632 0.9927
vn -0.7711 -0.3945 -0.4997
s 1
f 431//104 432//105 433//106
f 417//107 412//107 416//107
f 419//108 420//109 418//110
f 299//111 298//111 297//111
f 407//112 408//113 411//114
f 306//115 305//115 304//115
f 294//116 292//116 295//116
f 354//117 353//117 352//117
f 409//118 410//119 411//120
f 434//121 430//122 433//123
f 430//124 432//125 431//126
f 400//127 403//127 402//127
f 404//128 405//128 402//128
f 414//129 415//129 416//129
f 410//130 409//131 408//132
f 413//133 414//133 412//133
f 343//134 345//134 344//134
f 421//135 422//136 420//137
f 424//138 426//138 425//138
f 405//139 401//139 400//139
f 419//140 418//141 422//142
f 417//143 413//143 412//143
f 428//144 427//144 425//144
f 297//111 300//111 299//111
f 300//111 302//111 299//111
f 299//111 301//111 298//111
f 322//145 307//145 321//145
f 320//145 322//145 321//145
f 320//145 321//145 313//145
f 319//145 320//145 313//145
f 326//145 319//145 309//145
f 319//145 313//145 309//145
f 313//145 315//145 309//145
f 311//145 307//145 323//145
f 311//145 323//145 312//145
f 315//145 311//145 312//145
f 315//145 312//145 314//145
f 315//145 314//145 317//145
f 314//145 324//145 317//145
f 318//145 308//145 316//145
f 308//145 317//145 316//145
f 309//145 310//145 325//145
f 310//145 327//145 325//145
f 324//145 316//145 317//145
f 309//145 325//145 326//145
f 317//145 309//145 315//145
f 403//146 404//146 402//146
f 371//115 359//115 372//115
f 371//115 372//115 370//115
f 358//115 371//115 370//115
f 358//115 370//115 357//115
f 373//115 358//115 366//115
f 358//115 357//115 366//115
f 357//115 377//115 367//115
f 361//115 367//115 375//115
f 367//115 366//115 357//115
f 376//115 375//115 367//115
f 367//115 377//115 376//115
f 306//115 303//115 305//115
f 328//134 334//134 349//134
f 294//116 291//116 292//116
f 291//116 293//116 292//116
f 292//116 296//116 295//116
f 393//117 381//117 390//117
f 381//117 382//117 390//117
f 382//117 399//117 391//117
f 379//117 391//117 398//117
f 390//117 396//117 393//117
f 392//117 398//117 391//117
f 391//117 390//117 382//117
f 399//117 392//117 391//117
f 372//115 359//115 364//115
f 360//115 372//115 364//115
f 360//115 364//115 362//115
f 361//115 375//115 374//115
f 373//115 366//115 363//115
f 366//115 362//115 363//115
f 362//115 361//115 360//115
f 361//115 374//115 360//115
f 374//115 355//115 356//115
f 360//115 374//115 356//115
f 364//115 363//115 362//115
f 368//115 377//115 357//115
f 368//115 357//115 369//115
f 368//115 369//115 365//115
f 355//115 368//115 365//115
f 355//115 365//115 356//115
f 422//136 421//135 423//147
f 406//148 407//112 411//114
f 422//142 423//149 419//140
f 322//145 327//145 310//145
f 307//145 322//145 310//145
f 310//145 308//145 307//145
f 323//145 307//145 308//145
f 308//145 318//145 323//145
f 354//117 351//117 353//117
f 434//121 435//150 430//122
f 430//124 435//151 432//125
f 341//134 331//134 337//134
f 407//152 410//130 408//132
f 405//153 404//153 401//153
f 400//154 401//154 403//154
f 411//120 410//119 406//155
f 413//156 415//156 414//156
f 416//157 415//157 417//157
f 388//117 399//117 389//158
f 399//117 382//117 389//158
f 387//117 388//117 389//158
f 387//117 389//158 384//117
f 387//117 384//117 378//117
f 383//117 387//117 378//117
f 383//117 378//117 394//117
f 383//117 394//117 379//117
f 396//117 390//117 380//117
f 397//117 396//117 380//117
f 379//117 398//117 383//117
f 380//117 379//117 394//117
f 395//117 397//117 380//117
f 380//117 394//117 395//117
f 394//117 385//117 395//117
f 395//117 385//117 386//117
f 385//117 382//117 386//117
f 382//117 381//117 386//117
f 420//109 419//108 421//159
f 428//160 429//160 427//160
f 424//161 427//161 429//161
f 425//162 426//162 428//162
f 340//134 341//134 337//134
f 331//134 341//134 350//134
f 337//134 336//134 338//134
f 340//134 337//134 338//134
f 331//134 350//134 348//134
f 335//134 340//134 339//134
f 340//134 338//134 339//134
f 332//134 331//134 330//134
f 348//134 349//134 331//134
f 349//134 334//134 331//134
f 334//134 330//134 331//134
f 349//134 335//134 328//134
f 332//134 330//134 333//134
f 333//134 330//134 329//134
f 330//134 344//134 329//134
f 339//134 328//134 335//134
f 344//134 345//134 329//134
f 343//134 338//134 347//134
f 338//134 336//134 347//134
f 342//134 343//134 347//134
f 332//134 333//134 346//134
f 342//134 345//134 343//134
f 336//134 332//134 346//134
f 336//134 346//134 347//134
f 433//106 432//105 434//163
f 424//164 429//164 426//164
o Object.105
v -0.142555 -0.002205 -0.091089
v -0.311561 -0.002205 0.079932
v -0.312659 -0.002205 0.078719
v -0.213605 -0.002205 -0.022126
v -0.312659 -0.002205 -0.089839
v -0.311558 -0.002205 -0.091054
v -0.306232 -0.002205 0.066937
v -0.141339 -0.002205 -0.089990
v -0.169060 -0.002205 -0.006080
v -0.187649 -0.002205 0.036587
v -0.141327 -0.002205 0.014375
v -0.283314 -0.002205 0.046401
v -0.288814 -0.002205 0.049577
v -0.206896 -0.002205 0.079944
v -0.260814 -0.002205 0.007431
v -0.305814 -0.002205 -0.018550
v -0.308626 -0.002205 -0.074858
v -0.305814 -0.002205 0.033412
v -0.300148 -0.002205 0.017245
v -0.303745 -0.002205 0.003644
v -0.306232 -0.002205 -0.003063
v -0.277648 -0.002205 0.010606
v -0.283148 -0.002205 0.007431
v -0.288813 -0.002205 0.017245
v -0.266314 -0.002205 0.036587
v -0.300148 -0.002205 0.049577
v -0.302839 -0.002205 0.054036
v -0.307907 -0.002205 0.062506
v -0.266314 -0.002205 0.062567
v -0.260814 -0.002205 0.059392
v -0.255148 -0.002205 0.017245
v -0.255148 -0.002205 0.023597
v -0.254592 -0.002205 -0.002521
v -0.255148 -0.002205 -0.008736
v -0.289370 -0.002205 -0.034580
v -0.288814 -0.002205 -0.028366
v -0.243814 -0.002205 -0.002385
v -0.220919 -0.002205 -0.066925
v -0.171231 -0.002205 -0.028809
v -0.169121 -0.002205 -0.021673
v -0.169578 -0.002205 -0.029547
v -0.283148 -0.002205 -0.018550
v -0.277648 -0.002205 -0.021726
v -0.266314 -0.002205 -0.015375
v -0.288813 -0.002205 -0.008736
v -0.288814 -0.002205 -0.002385
v -0.297097 -0.002205 -0.002365
v -0.297098 -0.002205 -0.008756
v -0.303807 -0.002205 -0.005907
v -0.304627 -0.002205 -0.007410
v -0.298993 -0.002205 -0.011663
v -0.161890 -0.002205 -0.028325
v -0.304254 -0.002205 -0.004079
v -0.299402 -0.002205 0.001076
v -0.305814 -0.002205 0.007431
v -0.308560 -0.002205 -0.004499
v -0.306586 -0.002205 -0.008031
v -0.217964 -0.002205 -0.001430
v -0.210983 -0.002205 -0.004146
v -0.164934 -0.002205 -0.038125
v -0.169211 -0.002205 -0.031990
v -0.170648 -0.002205 -0.057521
v -0.165149 -0.002205 -0.054346
v -0.145356 -0.002205 -0.076077
v -0.277648 -0.002205 -0.047707
v -0.278043 -0.002205 -0.040944
v -0.277648 -0.002205 -0.067336
v -0.283148 -0.002205 -0.070512
v -0.296979 -0.002205 -0.073105
v -0.305382 -0.002205 -0.073283
v -0.302476 -0.002205 -0.066768
v -0.302839 -0.002205 -0.065156
v -0.307094 -0.002205 -0.073245
v -0.300149 -0.002205 -0.054346
v -0.300148 -0.002205 -0.060697
v -0.303717 -0.002205 -0.014839
v -0.305814 -0.002205 -0.044532
v -0.308293 -0.002205 -0.006881
v -0.283314 -0.002205 -0.005560
v -0.168717 -0.002205 -0.014839
v -0.148148 -0.002205 0.007431
v -0.153814 -0.002205 -0.028366
v -0.153814 -0.002205 -0.034716
v -0.154560 -0.002205 -0.012196
v -0.149079 -0.002205 -0.007661
v -0.166225 -0.002205 -0.022920
v -0.162343 -0.002205 -0.034716
v -0.178076 -0.002205 -0.015279
v -0.170814 -0.002205 -0.018550
v -0.177355 -0.002205 -0.012968
v -0.193148 -0.002205 -0.044532
v -0.172525 -0.002205 -0.007342
v -0.218818 -0.002205 -0.030611
v -0.187648 -0.002205 -0.015375
v -0.193148 -0.002205 -0.018550
v -0.168334 -0.002205 -0.040010
v -0.171403 -0.002205 -0.033128
v -0.203205 -0.002205 -0.038252
v -0.198252 -0.002205 -0.009585
v -0.193314 -0.002205 -0.005560
v -0.232648 -0.002205 -0.021726
v -0.238148 -0.002205 -0.018550
v -0.213345 -0.002205 -0.014497
v -0.170564 -0.002205 -0.007605
v -0.218099 -0.002205 -0.027155
v -0.198813 -0.002205 0.049577
v -0.193314 -0.002205 0.046401
v -0.211457 -0.002205 -0.005726
v -0.193148 -0.002205 0.033412
v -0.187648 -0.002205 0.030236
v -0.209331 -0.002205 -0.028809
v -0.210191 -0.002205 -0.021550
v -0.162097 -0.002205 -0.008756
v -0.163993 -0.002205 -0.011663
v -0.162096 -0.002205 -0.002365
v -0.154123 -0.002205 0.001591
v -0.156866 -0.002205 -0.002365
v -0.156865 -0.002205 -0.008756
v -0.147730 -0.002205 -0.003112
v -0.150230 -0.002205 0.003618
v -0.149335 -0.002205 -0.003710
v -0.146520 -0.002205 -0.007777
v -0.150228 -0.002205 -0.005560
v -0.150219 -0.002205 -0.014763
v -0.148148 -0.002205 -0.018550
v -0.163517 -0.002205 -0.025503
v -0.145844 -0.002205 -0.003926
v -0.148148 -0.002205 -0.044532
v -0.150540 -0.002205 -0.066338
v -0.145562 -0.002205 -0.074377
v -0.153815 -0.002205 -0.060697
v -0.153814 -0.002205 -0.054346
v -0.147375 -0.002205 -0.073089
v -0.151225 -0.002205 -0.067839
v -0.165148 -0.002205 -0.060697
v -0.299744 -0.002205 -0.068654
v -0.283148 -0.002205 -0.044532
v -0.221314 -0.002205 -0.015375
v -0.215656 -0.002205 -0.019096
v -0.200396 -0.002205 -0.034933
v -0.297240 -0.002205 0.067997
v -0.304254 -0.002205 0.065921
v -0.277648 -0.002205 0.062567
v -0.277648 -0.002205 0.056217
v -0.303807 -0.002205 0.064093
v -0.296734 -0.002205 0.064095
v -0.283148 -0.002205 0.059392
v -0.277648 -0.002205 0.004255
v -0.288814 -0.002205 0.043226
v -0.283314 -0.002205 0.020420
v -0.300148 -0.002205 0.023597
v -0.308560 -0.002205 0.065501
v -0.307907 -0.002205 -0.077494
v -0.288814 -0.002205 -0.054346
v -0.260814 -0.002205 -0.070512
v -0.260648 -0.002205 -0.031541
v -0.255147 -0.002205 -0.028366
v -0.216404 -0.002205 -0.082279
v -0.210148 -0.002205 -0.080327
v -0.179463 -0.002205 -0.010250
v -0.209503 -0.002205 -0.033128
v -0.207420 -0.002205 -0.040233
v -0.217825 -0.002205 -0.035406
v -0.211488 -0.002205 -0.031661
v -0.213065 -0.002205 -0.039994
v -0.277648 -0.002205 -0.073687
v -0.288813 -0.002205 -0.080327
v -0.305193 -0.002205 -0.077831
v -0.296471 -0.002205 -0.080246
v -0.146520 -0.002205 -0.077777
v -0.148912 -0.002205 -0.077730
v -0.150251 -0.002205 -0.075742
v -0.155669 -0.002205 -0.078619
v -0.198815 -0.002205 -0.060697
v -0.198814 -0.002205 -0.054346
v -0.170814 -0.002205 -0.044532
v -0.198814 -0.002205 0.023596
v -0.198813 -0.002205 0.017245
v -0.175824 -0.002205 0.038720
v -0.153858 -0.002205 0.017225
v -0.145307 -0.002205 -0.005908
v -0.207311 -0.002205 -0.031990
v -0.205770 -0.002205 -0.022120
v -0.207678 -0.002205 -0.029547
v -0.210625 -0.002205 -0.007342
v -0.260648 -0.002205 -0.005560
v -0.255541 -0.002205 -0.001975
v -0.206451 -0.002205 -0.014616
v -0.179314 -0.002205 -0.035957
v -0.173388 -0.002205 -0.031661
v -0.187648 -0.002205 -0.047707
v -0.198305 -0.002205 -0.035393
v -0.176622 -0.002205 -0.039133
v -0.172752 -0.002205 -0.029440
v -0.192558 -0.002205 -0.082279
v -0.198813 -0.002205 -0.080327
v -0.217678 -0.002205 -0.084046
v -0.232648 -0.002205 -0.047707
v -0.210852 -0.002205 -0.029440
v -0.238148 -0.002205 -0.044532
v -0.193314 -0.002205 -0.031541
v -0.169709 -0.002205 -0.004040
v -0.164402 -0.002205 0.001076
v -0.187648 -0.002205 0.010606
v -0.210255 -0.002205 -0.014947
v -0.208664 -0.002205 -0.007605
v -0.190722 -0.002205 0.051160
v -0.176314 -0.002205 0.030235
v -0.180623 -0.002205 -0.006613
v -0.173357 -0.002205 -0.005726
v -0.200405 -0.002205 -0.009359
v -0.207160 -0.002205 -0.006080
v -0.200266 -0.002205 -0.001861
v -0.243813 -0.002205 -0.008736
v -0.243814 -0.002205 0.023596
v -0.243813 -0.002205 0.017245
v -0.238314 -0.002205 0.020420
v -0.255148 -0.002205 0.043226
v -0.260648 -0.002205 0.046401
v -0.243814 -0.002205 0.049577
v -0.202615 -0.002205 -0.012243
v -0.202187 -0.002205 -0.024774
v -0.217964 -0.002205 -0.009691
v -0.180023 -0.002205 -0.001779
v -0.177731 -0.002205 -0.023629
v -0.266314 -0.002205 0.010606
v -0.266315 -0.002205 0.056217
v -0.238314 -0.002205 -0.005560
v -0.260648 -0.002205 0.020420
v -0.283148 -0.002205 0.033412
v -0.288814 -0.002205 0.023596
v -0.305018 -0.002205 0.062224
v -0.302475 -0.002205 0.055649
v -0.187648 -0.002205 -0.021726
v -0.200737 -0.002205 -0.026976
v -0.199326 -0.002205 -0.027627
v -0.187648 -0.002205 -0.041356
v -0.149333 -0.002205 -0.073709
v -0.243814 -0.002205 -0.028366
v -0.232648 -0.002205 -0.067336
v -0.266314 -0.002205 -0.067337
v -0.266315 -0.002205 -0.073687
v -0.255148 -0.002205 -0.034716
v -0.215814 -0.002205 -0.044532
v -0.215656 -0.002205 -0.018005
v -0.221314 -0.002205 -0.021726
v -0.179945 -0.002205 -0.027169
v -0.180682 -0.002205 -0.031637
v -0.154456 -0.002205 -0.070319
v -0.215648 -0.002205 -0.057521
v -0.210149 -0.002205 -0.054346
v -0.156245 -0.002205 -0.075093
v -0.209738 -0.002205 -0.060586
v -0.171404 -0.002205 -0.082279
v -0.165148 -0.002205 -0.080327
v -0.193148 -0.002205 -0.070512
v -0.187648 -0.002205 -0.067336
v -0.193314 -0.002205 -0.057521
v -0.176315 -0.002205 -0.073687
v -0.176314 -0.002205 -0.067337
v -0.156587 -0.002205 -0.080301
v -0.170814 -0.002205 -0.070512
v -0.187648 -0.002205 -0.073687
v -0.172678 -0.002205 -0.084046
v -0.191284 -0.002205 -0.084046
v -0.213345 -0.002205 0.003377
v -0.215656 -0.002205 0.007976
v -0.221314 -0.002205 0.010606
v -0.238148 -0.002205 0.007431
v -0.218887 -0.002205 -0.005559
v -0.177355 -0.002205 0.001848
v -0.172883 -0.002205 -0.004146
v -0.198141 -0.002205 -0.001419
v -0.197878 -0.002205 -0.027001
v -0.179036 -0.002205 -0.021666
v -0.176314 -0.002205 -0.047707
v -0.177737 -0.002205 -0.041370
v -0.255148 -0.002205 -0.080327
v -0.215814 -0.002205 -0.070512
v -0.238314 -0.002205 -0.031541
v -0.266314 -0.002205 -0.047707
v -0.266314 -0.002205 -0.041356
v -0.260814 -0.002205 -0.044532
v -0.243814 -0.002205 -0.034716
v -0.281599 -0.002205 -0.083941
v -0.260648 -0.002205 -0.057521
v -0.255148 -0.002205 -0.060697
v -0.232648 -0.002205 -0.041356
v -0.266314 -0.002205 -0.021726
v -0.265919 -0.002205 0.003843
v -0.266865 -0.002205 0.004391
v -0.266314 -0.002205 0.030235
v -0.205153 -0.002205 0.002975
v -0.207809 -0.002205 -0.004039
v -0.238314 -0.002205 0.046401
v -0.243814 -0.002205 0.043226
v -0.209331 -0.002205 -0.003409
v -0.210148 -0.002205 0.023597
v -0.215806 -0.002205 0.020966
v -0.215656 -0.002205 0.006885
v -0.221314 -0.002205 0.004255
v -0.232648 -0.002205 0.030236
v -0.238148 -0.002205 0.059392
v -0.232648 -0.002205 0.056217
v -0.168745 -0.002205 0.003644
v -0.171231 -0.002205 -0.003409
v -0.277649 -0.002205 0.036587
v -0.277648 -0.002205 0.030236
v -0.260814 -0.002205 0.033412
v -0.255148 -0.002205 0.049577
v -0.255148 -0.002205 0.069207
v -0.262835 -0.002205 0.072965
v -0.244365 -0.002205 0.069343
v -0.237558 -0.002205 0.071158
v -0.243418 -0.002205 0.068795
v -0.233041 -0.002205 0.062977
v -0.221314 -0.002205 0.062567
v -0.215814 -0.002205 0.059392
v -0.232092 -0.002205 0.062431
v -0.221315 -0.002205 0.056217
v -0.210148 -0.002205 0.043226
v -0.215656 -0.002205 0.033957
v -0.221314 -0.002205 0.036587
v -0.261386 -0.002205 0.071330
v -0.300300 -0.002205 0.057106
v -0.298004 -0.002205 0.059739
v -0.236284 -0.002205 0.072926
v -0.281127 -0.002205 0.072965
v -0.283314 -0.002205 -0.031541
v -0.277648 -0.002205 -0.015375
v -0.282492 -0.002205 -0.081954
v -0.283314 -0.002205 -0.057521
v -0.288421 -0.002205 -0.035126
v -0.260814 -0.002205 -0.018550
v -0.277097 -0.002205 -0.041492
v -0.243815 -0.002205 -0.060697
v -0.243814 -0.002205 -0.054346
v -0.297216 -0.002205 -0.078548
v -0.303952 -0.002205 -0.076405
v -0.303960 -0.002205 -0.074523
v -0.300148 -0.002205 -0.034716
v -0.288815 -0.002205 -0.060697
v -0.255149 -0.002205 -0.054346
v -0.232648 -0.002205 -0.073687
v -0.237558 -0.002205 -0.082279
v -0.243813 -0.002205 -0.080327
v -0.262678 -0.002205 -0.084046
v -0.300147 -0.002205 -0.028366
v -0.300148 -0.002205 0.043226
v -0.282576 -0.002205 0.071331
v -0.288814 -0.002205 0.069207
v -0.295875 -0.002205 0.069315
v -0.215806 -0.002205 0.019875
v -0.176974 -0.002205 0.036564
v -0.232649 -0.002205 0.036587
v -0.210148 -0.002205 0.049577
v -0.188939 -0.002205 0.051856
v -0.194457 -0.002205 0.057339
v -0.217678 -0.002205 0.072926
v -0.206142 -0.002205 0.069287
v -0.165148 -0.002205 0.017245
v -0.170814 -0.002205 0.007431
v -0.178077 -0.002205 0.004159
v -0.176314 -0.002205 0.010606
v -0.193148 -0.002205 0.007431
v -0.202172 -0.002205 0.000580
v -0.209571 -0.002205 0.003912
v -0.221314 -0.002205 0.030235
v -0.215656 -0.002205 0.032866
v -0.198814 -0.002205 0.043226
v -0.216404 -0.002205 0.071158
v -0.210148 -0.002205 0.069207
v -0.215806 -0.002205 0.046947
v -0.187648 -0.002205 0.004255
v -0.193314 -0.002205 0.020420
v -0.170648 -0.002205 0.020420
v -0.210148 -0.002205 0.017245
v -0.232648 -0.002205 0.004255
v -0.232648 -0.002205 0.010606
v -0.221314 -0.002205 -0.041356
v -0.238314 -0.002205 -0.057521
v -0.261404 -0.002205 -0.082279
v -0.236284 -0.002205 -0.084046
v -0.221865 -0.002205 -0.067473
v -0.210626 -0.002205 -0.061218
v -0.221315 -0.002205 -0.073687
v -0.238148 -0.002205 -0.070512
v -0.232648 -0.002205 -0.015375
v -0.221314 -0.002205 -0.047707
v -0.238148 -0.002205 0.033412
v -0.215806 -0.002205 0.045856
v -0.311561 0.000970 0.079932
v -0.142555 0.000970 -0.091089
v -0.312659 0.000970 0.078719
v -0.221314 0.000970 0.010606
v -0.312659 0.000970 -0.089839
v -0.311558 0.000970 -0.091054
v -0.207282 0.000970 -0.004913
v -0.141339 0.000970 -0.089990
v -0.141327 0.000970 0.014375
v -0.210148 0.000970 0.049577
v -0.238148 0.000970 0.033412
v -0.232648 0.000970 0.030235
v -0.206896 0.000970 0.079944
v -0.243418 0.000970 0.049989
v -0.283314 0.000970 -0.005560
v -0.232092 0.000970 0.056353
v -0.232950 0.000970 0.036887
v -0.202613 0.000970 0.001120
v -0.198814 0.000970 0.049577
v -0.198814 0.000970 0.043226
v -0.266314 0.000970 0.062567
v -0.266865 0.000970 0.056353
v -0.238314 0.000970 0.046401
v -0.255147 0.000970 -0.060697
v -0.255148 0.000970 -0.054346
v -0.238314 0.000970 -0.057521
v -0.243813 0.000970 -0.054346
v -0.288813 0.000970 -0.054346
v -0.288814 0.000970 -0.060697
v -0.266314 0.000970 0.010606
v -0.260814 0.000970 0.007431
v -0.260814 0.000970 0.059392
v -0.261386 0.000970 0.071330
v -0.238148 0.000970 0.059392
v -0.221315 0.000970 0.062567
v -0.215814 0.000970 0.059392
v -0.221314 0.000970 0.056217
v -0.210148 0.000970 0.043226
v -0.215648 0.000970 0.046401
v -0.210266 0.000970 0.003826
v -0.210527 0.000970 -0.003717
v -0.243814 0.000970 0.043226
v -0.244365 0.000970 0.049441
v -0.177355 0.000970 0.001848
v -0.172548 0.000970 -0.003835
v -0.221865 0.000970 0.030372
v -0.288336 0.000970 -0.035237
v -0.277648 0.000970 -0.021726
v -0.283148 0.000970 -0.018550
v -0.221314 0.000970 0.004255
v -0.215814 0.000970 0.007431
v -0.208443 0.000970 -0.003579
v -0.220919 0.000970 0.029824
v -0.162097 0.000970 -0.008756
v -0.221313 0.000970 0.036587
v -0.215814 0.000970 -0.018550
v -0.193314 0.000970 0.046401
v -0.208923 0.000970 -0.007670
v -0.208807 0.000970 -0.021408
v -0.208119 0.000970 -0.029092
v -0.217964 0.000970 -0.001430
v -0.213345 0.000970 0.003377
v -0.210793 0.000970 -0.007200
v -0.217964 0.000970 -0.009691
v -0.213334 0.000970 -0.014501
v -0.218886 0.000970 -0.005561
v -0.211474 0.000970 -0.005396
v -0.238148 0.000970 -0.018550
v -0.187648 0.000970 -0.047707
v -0.187648 0.000970 -0.041356
v -0.243421 0.000970 -0.027956
v -0.213039 0.000970 -0.039965
v -0.210648 0.000970 -0.032686
v -0.193314 0.000970 -0.057521
v -0.198421 0.000970 -0.053937
v -0.215814 0.000970 -0.044532
v -0.221314 0.000970 -0.047707
v -0.238314 0.000970 -0.031541
v -0.243814 0.000970 -0.034716
v -0.232648 0.000970 -0.041356
v -0.232648 0.000970 -0.047707
v -0.238314 0.000970 -0.005560
v -0.221314 0.000970 -0.073687
v -0.199367 0.000970 -0.054482
v -0.232648 0.000970 -0.067337
v -0.218139 0.000970 -0.027104
v -0.218708 0.000970 -0.032267
v -0.211532 0.000970 -0.030621
v -0.209459 0.000970 -0.060543
v -0.210450 0.000970 -0.060997
v -0.210148 0.000970 -0.054346
v -0.198814 0.000970 -0.060697
v -0.238148 0.000970 -0.070512
v -0.232647 0.000970 -0.073687
v -0.170814 0.000970 -0.070512
v -0.176314 0.000970 -0.073687
v -0.236284 0.000970 -0.084046
v -0.243814 0.000970 -0.080327
v -0.243814 0.000970 -0.060697
v -0.261404 0.000970 -0.082279
v -0.255149 0.000970 -0.080327
v -0.237558 0.000970 -0.082279
v -0.216404 0.000970 -0.082279
v -0.210149 0.000970 -0.080327
v -0.262678 0.000970 -0.084046
v -0.191284 0.000970 -0.084046
v -0.217678 0.000970 -0.084046
v -0.288814 0.000970 -0.080327
v -0.266314 0.000970 -0.073687
v -0.266314 0.000970 -0.067336
v -0.260814 0.000970 -0.070512
v -0.277648 0.000970 -0.047707
v -0.283314 0.000970 -0.057521
v -0.260814 0.000970 -0.044532
v -0.260648 0.000970 -0.057521
v -0.289224 0.000970 -0.034605
v -0.288815 0.000970 -0.028366
v -0.243814 0.000970 0.023597
v -0.243814 0.000970 0.017245
v -0.243814 0.000970 -0.002385
v -0.265919 0.000970 -0.040944
v -0.266314 0.000970 -0.021726
v -0.266314 0.000970 -0.015375
v -0.244370 0.000970 -0.028502
v -0.243814 0.000970 -0.008736
v -0.232648 0.000970 0.010606
v -0.232648 0.000970 0.004255
v -0.283314 0.000970 -0.031541
v -0.281127 0.000970 0.072965
v -0.232648 0.000970 0.062567
v -0.243814 0.000970 0.069207
v -0.237558 0.000970 0.071158
v -0.236284 0.000970 0.072926
v -0.262835 0.000970 0.072965
v -0.255148 0.000970 0.069207
v -0.306050 0.000970 0.066960
v -0.217678 0.000970 0.072926
v -0.216404 0.000970 0.071158
v -0.210148 0.000970 0.069207
v -0.206142 0.000970 0.069287
v -0.188938 0.000970 0.051856
v -0.194457 0.000970 0.057339
v -0.190723 0.000970 0.051159
v -0.147732 0.000970 -0.003112
v -0.206455 0.000970 0.003497
v -0.254319 0.000970 -0.034551
v -0.255148 0.000970 -0.028366
v -0.255349 0.000970 -0.034907
v -0.278045 0.000970 -0.040943
v -0.283148 0.000970 -0.044532
v -0.277648 0.000970 -0.015375
v -0.266314 0.000970 -0.047707
v -0.266865 0.000970 -0.041492
v -0.307096 0.000970 -0.007874
v -0.300147 0.000970 -0.034716
v -0.300148 0.000970 -0.028366
v -0.305814 0.000970 -0.018550
v -0.305814 0.000970 -0.044532
v -0.300147 0.000970 -0.060697
v -0.300148 0.000970 -0.054346
v -0.303743 0.000970 -0.014763
v -0.303960 0.000970 -0.006597
v -0.299402 0.000970 -0.012196
v -0.283314 0.000970 0.020420
v -0.288814 0.000970 0.023597
v -0.306050 0.000970 -0.003040
v -0.303732 0.000970 0.003618
v -0.277648 0.000970 0.004255
v -0.277648 0.000970 0.010606
v -0.297098 0.000970 -0.008756
v -0.297097 0.000970 -0.002365
v -0.260814 0.000970 0.033412
v -0.266313 0.000970 0.036587
v -0.300148 0.000970 0.023596
v -0.283148 0.000970 0.033412
v -0.277648 0.000970 0.062567
v -0.283148 0.000970 0.059392
v -0.277097 0.000970 -0.041492
v -0.277648 0.000970 -0.067337
v -0.296786 0.000970 -0.075916
v -0.303856 0.000970 -0.075044
v -0.299470 0.000970 -0.068881
v -0.304881 0.000970 -0.073460
v -0.283148 0.000970 -0.070512
v -0.277647 0.000970 -0.073687
v -0.281599 0.000970 -0.083941
v -0.295875 0.000970 -0.080435
v -0.297240 0.000970 -0.079117
v -0.304062 0.000970 -0.076743
v -0.302476 0.000970 -0.066768
v -0.297300 0.000970 -0.072465
v -0.307615 0.000970 -0.073407
v -0.302839 0.000970 -0.065156
v -0.308700 0.000970 -0.076096
v -0.283148 0.000970 0.007431
v -0.266314 0.000970 0.030236
v -0.303856 0.000970 0.063921
v -0.296718 0.000970 0.063381
v -0.255149 0.000970 -0.008736
v -0.260648 0.000970 -0.031541
v -0.307553 0.000970 0.062379
v -0.260648 0.000970 0.046401
v -0.255545 0.000970 0.049990
v -0.260648 0.000970 0.020420
v -0.304062 0.000970 0.065621
v -0.297255 0.000970 0.067688
v -0.233041 0.000970 0.055807
v -0.255148 0.000970 0.023596
v -0.255148 0.000970 0.043226
v -0.254597 0.000970 0.049441
v -0.305170 0.000970 0.062111
v -0.266314 0.000970 0.004255
v -0.299204 0.000970 0.057995
v -0.277647 0.000970 0.056217
v -0.210148 0.000970 0.023596
v -0.215648 0.000970 0.020420
v -0.265919 0.000970 0.055805
v -0.238314 0.000970 0.020420
v -0.238148 0.000970 0.007431
v -0.255148 0.000970 -0.002385
v -0.260648 0.000970 -0.005560
v -0.260814 0.000970 -0.018550
v -0.187647 0.000970 -0.073687
v -0.193148 0.000970 -0.070512
v -0.198814 0.000970 -0.080327
v -0.150098 0.000970 -0.074677
v -0.156254 0.000970 -0.074767
v -0.192558 0.000970 -0.082279
v -0.155689 0.000970 -0.079245
v -0.149865 0.000970 -0.076723
v -0.215814 0.000970 -0.070512
v -0.221314 0.000970 -0.067336
v -0.145211 0.000970 -0.075742
v -0.172678 0.000970 -0.084046
v -0.187648 0.000970 -0.067337
v -0.193148 0.000970 -0.044532
v -0.208753 0.000970 -0.040372
v -0.208420 0.000970 -0.032992
v -0.207167 0.000970 -0.031127
v -0.200825 0.000970 -0.035418
v -0.199326 0.000970 -0.027627
v -0.169366 0.000970 -0.006672
v -0.164402 0.000970 -0.012196
v -0.187648 0.000970 -0.015375
v -0.170823 0.000970 -0.007670
v -0.170320 0.000970 -0.032992
v -0.164935 0.000970 -0.038126
v -0.153814 0.000970 -0.060697
v -0.165149 0.000970 -0.080327
v -0.150876 0.000970 -0.067526
v -0.148087 0.000970 -0.073089
v -0.154038 0.000970 -0.069823
v -0.176314 0.000970 -0.067336
v -0.221314 0.000970 -0.015375
v -0.205196 0.000970 -0.039506
v -0.172548 0.000970 -0.032686
v -0.165147 0.000970 -0.060697
v -0.149618 0.000970 -0.003926
v -0.213604 0.000970 -0.022126
v -0.198795 0.000970 -0.034960
v -0.193314 0.000970 -0.031541
v -0.200737 0.000970 -0.026976
v -0.203085 0.000970 -0.023715
v -0.173432 0.000970 -0.030621
v -0.180299 0.000970 -0.033707
v -0.207831 0.000970 -0.014891
v -0.154560 0.000970 0.001076
v -0.150217 0.000970 0.003644
v -0.177355 0.000970 -0.012968
v -0.172693 0.000970 -0.007200
v -0.215648 0.000970 -0.057521
v -0.288815 0.000970 -0.002385
v -0.288814 0.000970 -0.008736
v -0.302475 0.000970 0.055649
v -0.300148 0.000970 0.049577
v -0.300148 0.000970 0.043226
v -0.288814 0.000970 0.043226
v -0.308702 0.000970 0.064084
v -0.305814 0.000970 0.033412
v -0.305814 0.000970 0.007431
v -0.308081 0.000970 -0.003956
v -0.305384 0.000970 -0.007838
v -0.308081 0.000970 0.066044
v -0.308699 0.000970 -0.006096
v -0.304062 0.000970 -0.004379
v -0.305384 0.000970 -0.077838
v -0.307096 0.000970 -0.077874
v -0.150673 0.000970 -0.065878
v -0.148942 0.000970 -0.007777
v -0.150245 0.000970 -0.014839
v -0.145234 0.000970 -0.005560
v -0.148148 0.000970 -0.044532
v -0.146127 0.000970 -0.003710
v -0.148148 0.000970 0.007431
v -0.146550 0.000970 -0.077730
v -0.148596 0.000970 -0.077875
v -0.187648 0.000970 0.030235
v -0.193148 0.000970 0.033412
v -0.146129 0.000970 -0.073709
v -0.175956 0.000970 0.039022
v -0.153813 0.000970 -0.054346
v -0.162343 0.000970 -0.034716
v -0.169067 0.000970 -0.031127
v -0.156866 0.000970 -0.002365
v -0.161870 0.000970 -0.028318
v -0.168334 0.000970 -0.040010
v -0.180623 0.000970 -0.004507
v -0.217821 0.000970 -0.035406
v -0.238148 0.000970 -0.044532
v -0.232648 0.000970 -0.021726
v -0.210210 0.000970 -0.028999
v -0.172110 0.000970 -0.028999
v -0.177731 0.000970 -0.023629
v -0.203943 0.000970 -0.013387
v -0.176775 0.000970 -0.040096
v -0.150155 0.000970 -0.005908
v -0.173374 0.000970 -0.005396
v -0.180023 0.000970 -0.009342
v -0.170814 0.000970 -0.044532
v -0.176314 0.000970 -0.047707
v -0.198252 0.000970 -0.001535
v -0.200731 0.000970 -0.009681
v -0.207466 0.000970 -0.006671
v -0.176314 0.000970 0.030236
v -0.176667 0.000970 0.036685
v -0.168732 0.000970 0.003618
v -0.199370 0.000970 0.023460
v -0.198814 0.000970 0.017245
v -0.162096 0.000970 -0.002365
v -0.170648 0.000970 0.020420
v -0.169182 0.000970 -0.004913
v -0.179464 0.000970 -0.000872
v -0.198640 0.000970 -0.009263
v -0.200406 0.000970 -0.001760
v -0.170488 0.000970 -0.003492
v -0.193314 0.000970 -0.005560
v -0.177048 0.000970 -0.038612
v -0.180635 0.000970 -0.030235
v -0.187648 0.000970 -0.021726
v -0.193148 0.000970 -0.018550
v -0.179772 0.000970 -0.026859
v -0.170019 0.000970 -0.029092
v -0.164873 0.000970 -0.023971
v -0.170814 0.000970 -0.018550
v -0.178076 0.000970 -0.015279
v -0.179036 0.000970 -0.021666
v -0.168743 0.000970 -0.014763
v -0.255149 0.000970 0.017245
v -0.300149 0.000970 0.017245
v -0.299839 0.000970 0.001591
v -0.302839 0.000970 0.054036
v -0.283314 0.000970 0.046401
v -0.288814 0.000970 0.049577
v -0.288814 0.000970 0.069207
v -0.171404 0.000970 -0.082279
v -0.157188 0.000970 -0.080461
v -0.209595 0.000970 0.017381
v -0.197878 0.000970 -0.027001
v -0.221314 0.000970 -0.021726
v -0.232648 0.000970 -0.015375
v -0.169146 0.000970 -0.021600
v -0.177895 0.000970 -0.041417
v -0.153815 0.000970 -0.028366
v -0.153814 0.000970 -0.034716
v -0.154969 0.000970 -0.011663
v -0.146383 0.000970 -0.007661
v -0.148148 0.000970 -0.018550
v -0.165148 0.000970 -0.054346
v -0.170648 0.000970 -0.057521
v -0.156865 0.000970 -0.008756
v -0.277648 0.000970 0.030235
v -0.277648 0.000970 0.036587
v -0.282492 0.000970 -0.081954
v -0.288814 0.000970 0.017245
v -0.282576 0.000970 0.071331
v -0.296170 0.000970 0.069239
v -0.187648 0.000970 0.036587
v -0.170814 0.000970 0.007431
v -0.176314 0.000970 0.010606
v -0.178077 0.000970 0.004160
v -0.187648 0.000970 0.010606
v -0.187648 0.000970 0.004255
v -0.193148 0.000970 0.007431
v -0.198421 0.000970 0.024005
v -0.231957 0.000970 0.036433
v -0.215814 0.000970 0.033412
v -0.193314 0.000970 0.020420
v -0.164839 0.000970 0.001591
v -0.153858 0.000970 0.017225
v -0.165149 0.000970 0.017245
v -0.221314 0.000970 -0.041356
v -0.210541 0.000970 0.016836
v -0.207687 -0.002205 0.080040
v -0.310731 0.000970 0.080040
v -0.310731 -0.002205 0.080040
v -0.207687 0.000970 0.080040
v -0.312973 -0.002205 0.078071
v -0.310803 0.000970 0.080440
v -0.312772 0.000970 0.078044
v -0.310746 -0.002205 0.080185
v -0.312731 0.000970 -0.089160
v -0.312731 -0.002205 -0.089160
v -0.312731 -0.002205 0.078040
v -0.312731 0.000970 0.078040
v -0.310761 -0.002205 -0.091402
v -0.313131 0.000970 -0.089232
v -0.310735 0.000970 -0.091202
v -0.312876 -0.002205 -0.089175
v -0.310731 0.000970 -0.091160
v -0.143231 0.000970 -0.091160
v -0.143231 -0.002205 -0.091160
v -0.310731 -0.002205 -0.091160
v -0.140989 -0.002205 -0.089191
v -0.143161 0.000970 -0.091560
v -0.141190 0.000970 -0.089164
v -0.143216 -0.002205 -0.091306
v -0.141231 0.000970 -0.089160
v -0.141231 0.000970 0.013584
v -0.141231 -0.002205 0.013584
v -0.141231 -0.002205 -0.089160
v -0.142691 -0.002205 0.013805
v -0.142691 0.000970 0.013805
v -0.141817 0.000970 0.014998
v -0.206273 0.000970 0.079454
v -0.206273 -0.002205 0.079454
v -0.141817 -0.002205 0.014998
v -0.304653 0.000970 -0.003226
v -0.304025 -0.002205 -0.004144
v -0.308025 -0.002205 -0.003490
v -0.309130 0.000970 -0.006118
v -0.306375 -0.002205 -0.008575
v -0.304552 0.000970 -0.007592
v -0.303682 -0.002205 -0.074396
v -0.309164 -0.002205 -0.074849
v -0.306022 0.000970 -0.072630
v -0.308304 0.000970 -0.077537
v -0.305507 -0.002205 -0.078027
v -0.303941 0.000970 -0.076809
v -0.148362 -0.002205 -0.072957
v -0.147100 0.000970 -0.072957
v -0.150498 0.000970 -0.075692
v -0.149768 -0.002205 -0.077696
v -0.145694 0.000970 -0.077696
v -0.144964 -0.002205 -0.075692
v -0.150136 -0.002205 -0.003848
v -0.145326 0.000970 -0.003848
v -0.144879 -0.002205 -0.005288
v -0.150583 0.000970 -0.005288
v -0.148222 -0.002205 -0.008109
v -0.147240 0.000970 -0.008109
v -0.207466 -0.002205 0.078580
v -0.207466 0.000970 0.078580
v -0.305107 0.000970 0.066904
v -0.308676 0.000970 0.065352
v -0.308025 -0.002205 0.066510
v -0.307785 -0.002205 0.062258
v -0.305306 0.000970 0.061547
v -0.303254 -0.002205 0.064440
v -0.207526 -0.002205 -0.029179
v -0.209391 0.000970 -0.028578
v -0.211462 -0.002205 -0.030086
v -0.209363 -0.002205 -0.033482
v -0.211083 0.000970 -0.032953
v -0.207052 0.000970 -0.031137
v -0.173708 -0.002205 -0.004762
v -0.169864 0.000970 -0.003413
v -0.168926 -0.002205 -0.004614
v -0.173652 0.000970 -0.005747
v -0.170906 -0.002205 -0.007802
v -0.170219 0.000970 -0.007718
v -0.207313 -0.002205 -0.003856
v -0.207964 0.000970 -0.003413
v -0.211763 -0.002205 -0.005560
v -0.211752 0.000970 -0.005747
v -0.209006 -0.002205 -0.007802
v -0.208319 0.000970 -0.007718
v -0.169426 -0.002205 -0.029179
v -0.168875 0.000970 -0.030001
v -0.173443 0.000970 -0.029854
v -0.173362 -0.002205 -0.030085
v -0.171263 -0.002205 -0.033482
v -0.171472 0.000970 -0.033288
v -0.267368 0.000970 0.036411
v -0.276594 0.000970 0.036411
v -0.276594 -0.002205 0.036411
v -0.267368 -0.002205 0.036411
v -0.265636 -0.002205 0.037411
v -0.261022 0.000970 0.045402
v -0.265636 0.000970 0.037411
v -0.261022 -0.002205 0.045402
v -0.261022 -0.002205 0.047402
v -0.265636 0.000970 0.055392
v -0.261022 0.000970 0.047402
v -0.265636 -0.002205 0.055392
v -0.267368 0.000970 0.056392
v -0.276594 -0.002205 0.056392
v -0.276594 0.000970 0.056392
v -0.267368 -0.002205 0.056392
v -0.278326 -0.002205 0.055392
v -0.282940 0.000970 0.047402
v -0.278326 0.000970 0.055392
v -0.282940 -0.002205 0.047402
v -0.282940 -0.002205 0.045402
v -0.278326 0.000970 0.037411
v -0.282940 0.000970 0.045402
v -0.278326 -0.002205 0.037411
v -0.283061 0.000970 0.047456
v -0.282974 -0.002205 0.047418
v -0.283080 -0.002205 0.045340
v -0.282984 0.000970 0.045381
v -0.276833 0.000970 0.054805
v -0.276833 -0.002205 0.054805
v -0.267129 0.000970 0.054805
v -0.267129 -0.002205 0.054805
v -0.260901 0.000970 0.045348
v -0.260988 -0.002205 0.045386
v -0.260882 -0.002205 0.047464
v -0.260978 0.000970 0.047423
v -0.267364 -0.002205 0.036362
v -0.265528 -0.002205 0.037334
v -0.267345 0.000970 0.036214
v -0.265621 0.000970 0.037401
v -0.278434 0.000970 0.037334
v -0.278341 -0.002205 0.037401
v -0.276617 -0.002205 0.036214
v -0.276598 0.000970 0.036362
v -0.193522 -0.002205 -0.045531
v -0.193522 0.000970 -0.045531
v -0.198136 0.000970 -0.053522
v -0.198136 -0.002205 -0.053522
v -0.197899 -0.002205 -0.035950
v -0.197899 0.000970 -0.035950
v -0.193522 0.000970 -0.043531
v -0.193522 -0.002205 -0.043531
v -0.211738 -0.002205 -0.040102
v -0.211860 0.000970 -0.041312
v -0.205393 -0.002205 -0.039892
v -0.201195 0.000970 -0.035994
v -0.201317 -0.002205 -0.035910
v -0.215440 -0.002205 -0.043531
v -0.215440 0.000970 -0.043531
v -0.213969 0.000970 -0.040984
v -0.213969 -0.002205 -0.040984
v -0.210826 -0.002205 -0.053522
v -0.210826 0.000970 -0.053522
v -0.215440 0.000970 -0.045531
v -0.215440 -0.002205 -0.045531
v -0.199868 0.000970 -0.054522
v -0.209094 0.000970 -0.054522
v -0.209094 -0.002205 -0.054522
v -0.199868 -0.002205 -0.054522
v -0.210841 -0.002205 -0.053532
v -0.210934 0.000970 -0.053599
v -0.209117 -0.002205 -0.054719
v -0.209098 0.000970 -0.054571
v -0.215561 0.000970 -0.043477
v -0.215474 -0.002205 -0.043515
v -0.215580 -0.002205 -0.045593
v -0.215484 0.000970 -0.045552
v -0.211712 0.000970 -0.039958
v -0.211717 -0.002205 -0.039992
v -0.214155 -0.002205 -0.040843
v -0.214115 0.000970 -0.040876
v -0.197584 -0.002205 -0.035683
v -0.197722 0.000970 -0.035817
v -0.201640 0.000970 -0.035623
v -0.201506 -0.002205 -0.035760
v -0.193401 0.000970 -0.045585
v -0.193488 -0.002205 -0.045547
v -0.193382 -0.002205 -0.043469
v -0.193478 0.000970 -0.043510
v -0.199864 -0.002205 -0.054571
v -0.199845 0.000970 -0.054719
v -0.198028 -0.002205 -0.053599
v -0.198121 0.000970 -0.053532
v -0.175636 -0.002205 -0.066512
v -0.171022 0.000970 -0.058522
v -0.175636 0.000970 -0.066512
v -0.171022 -0.002205 -0.058522
v -0.171022 -0.002205 -0.056522
v -0.175636 0.000970 -0.048531
v -0.171022 0.000970 -0.056522
v -0.175636 -0.002205 -0.048531
v -0.177368 0.000970 -0.047531
v -0.186594 -0.002205 -0.047531
v -0.186594 0.000970 -0.047531
v -0.177368 -0.002205 -0.047531
v -0.188326 -0.002205 -0.048531
v -0.192940 0.000970 -0.056522
v -0.188326 0.000970 -0.048531
v -0.192940 -0.002205 -0.056522
v -0.192940 -0.002205 -0.058522
v -0.188326 0.000970 -0.066512
v -0.192940 0.000970 -0.058522
v -0.188326 -0.002205 -0.066512
v -0.177368 -0.002205 -0.067512
v -0.177368 0.000970 -0.067512
v -0.186594 0.000970 -0.067512
v -0.186594 -0.002205 -0.067512
v -0.188434 0.000970 -0.066590
v -0.186833 -0.002205 -0.065925
v -0.186598 0.000970 -0.067562
v -0.193061 0.000970 -0.056468
v -0.192974 -0.002205 -0.056506
v -0.193080 -0.002205 -0.058584
v -0.192984 0.000970 -0.058543
v -0.186598 -0.002205 -0.047482
v -0.186617 0.000970 -0.047334
v -0.188434 -0.002205 -0.048454
v -0.188341 0.000970 -0.048521
v -0.175621 -0.002205 -0.048521
v -0.175528 0.000970 -0.048454
v -0.177345 -0.002205 -0.047334
v -0.177364 0.000970 -0.047482
v -0.170901 0.000970 -0.058576
v -0.170988 -0.002205 -0.058538
v -0.170882 -0.002205 -0.056460
v -0.170978 0.000970 -0.056501
v -0.177364 -0.002205 -0.067562
v -0.175528 -0.002205 -0.066590
v -0.177129 0.000970 -0.065925
v -0.157706 0.000970 -0.080502
v -0.164094 0.000970 -0.080502
v -0.164094 -0.002205 -0.080502
v -0.157706 -0.002205 -0.080502
v -0.153136 -0.002205 -0.061522
v -0.153136 0.000970 -0.061522
v -0.150903 0.000970 -0.065389
v -0.150903 -0.002205 -0.065389
v -0.154868 0.000970 -0.060522
v -0.164094 -0.002205 -0.060522
v -0.164094 0.000970 -0.060522
v -0.154868 -0.002205 -0.060522
v -0.170440 -0.002205 -0.069512
v -0.170440 0.000970 -0.069512
v -0.165826 0.000970 -0.061522
v -0.165826 -0.002205 -0.061522
v -0.165826 -0.002205 -0.079502
v -0.165826 0.000970 -0.079502
v -0.170440 0.000970 -0.071512
v -0.170440 -0.002205 -0.071512
v -0.152249 0.000970 -0.067366
v -0.152092 -0.002205 -0.067555
v -0.156318 -0.002205 -0.078047
v -0.156129 0.000970 -0.078013
v -0.157701 -0.002205 -0.080555
v -0.157647 0.000970 -0.080868
v -0.155289 -0.002205 -0.077919
v -0.155627 0.000970 -0.077908
v -0.151510 -0.002205 -0.068402
v -0.151545 0.000970 -0.068360
v -0.150764 0.000970 -0.065328
v -0.150804 -0.002205 -0.065344
v -0.170561 0.000970 -0.069458
v -0.170474 -0.002205 -0.069496
v -0.170580 -0.002205 -0.071574
v -0.170484 0.000970 -0.071533
v -0.164107 0.000970 -0.060389
v -0.164333 -0.002205 -0.062109
v -0.165867 0.000970 -0.061493
v -0.153028 0.000970 -0.061444
v -0.153095 -0.002205 -0.061493
v -0.154855 -0.002205 -0.060389
v -0.154864 0.000970 -0.060472
v -0.164332 -0.002205 -0.078917
v -0.164332 0.000970 -0.078917
v -0.188326 -0.002205 -0.074512
v -0.192165 0.000970 -0.081160
v -0.188326 0.000970 -0.074512
v -0.192165 -0.002205 -0.081160
v -0.173529 -0.002205 -0.084160
v -0.173529 0.000970 -0.084160
v -0.190433 0.000970 -0.084160
v -0.190433 -0.002205 -0.084160
v -0.171797 -0.002205 -0.081160
v -0.175636 0.000970 -0.074512
v -0.171797 0.000970 -0.081160
v -0.175636 -0.002205 -0.074512
v -0.177368 -0.002205 -0.073512
v -0.186594 0.000970 -0.073512
v -0.177368 0.000970 -0.073512
v -0.186594 -0.002205 -0.073512
v -0.175528 0.000970 -0.074434
v -0.177129 -0.002205 -0.075099
v -0.177364 0.000970 -0.073462
v -0.173391 -0.002205 -0.084655
v -0.173431 0.000970 -0.084617
v -0.171635 0.000970 -0.081089
v -0.171697 -0.002205 -0.081115
v -0.192663 -0.002205 -0.081032
v -0.192610 0.000970 -0.081016
v -0.190453 0.000970 -0.084336
v -0.190444 -0.002205 -0.084269
v -0.186833 0.000970 -0.075099
v -0.186833 -0.002205 -0.075099
v -0.193522 -0.002205 -0.019551
v -0.193522 0.000970 -0.019551
v -0.197564 0.000970 -0.026551
v -0.197564 -0.002205 -0.026551
v -0.197729 -0.002205 -0.010265
v -0.197729 0.000970 -0.010265
v -0.193522 0.000970 -0.017551
v -0.193522 -0.002205 -0.017551
v -0.212007 -0.002205 -0.014761
v -0.212039 0.000970 -0.014911
v -0.204751 -0.002205 -0.014096
v -0.200331 0.000970 -0.010921
v -0.201176 -0.002205 -0.010275
v -0.215440 -0.002205 -0.017551
v -0.215440 0.000970 -0.017551
v -0.214258 0.000970 -0.015503
v -0.214258 -0.002205 -0.015503
v -0.214543 -0.002205 -0.021104
v -0.214543 0.000970 -0.021104
v -0.215440 0.000970 -0.019551
v -0.215440 -0.002205 -0.019551
v -0.200317 -0.002205 -0.025991
v -0.200779 0.000970 -0.026328
v -0.212403 0.000970 -0.020802
v -0.212329 -0.002205 -0.021463
v -0.201427 -0.002205 -0.026862
v -0.201075 0.000970 -0.026512
v -0.197354 0.000970 -0.026961
v -0.197473 -0.002205 -0.026617
v -0.214608 0.000970 -0.021150
v -0.214558 -0.002205 -0.021114
v -0.212146 -0.002205 -0.022361
v -0.212157 0.000970 -0.022231
v -0.215561 0.000970 -0.017497
v -0.215474 -0.002205 -0.017535
v -0.215580 -0.002205 -0.019613
v -0.215484 0.000970 -0.019572
v -0.211953 -0.002205 -0.014523
v -0.211961 0.000970 -0.014562
v -0.214451 -0.002205 -0.015356
v -0.214515 0.000970 -0.015298
v -0.197374 -0.002205 -0.009883
v -0.197547 0.000970 -0.010128
v -0.201513 0.000970 -0.009991
v -0.201267 -0.002205 -0.010211
v -0.193401 0.000970 -0.019605
v -0.193488 -0.002205 -0.019567
v -0.193382 -0.002205 -0.017489
v -0.193478 0.000970 -0.017530
v -0.179895 0.000970 -0.021551
v -0.186594 -0.002205 -0.021551
v -0.186594 0.000970 -0.021551
v -0.179895 -0.002205 -0.021551
v -0.188326 -0.002205 -0.022551
v -0.192940 0.000970 -0.030541
v -0.188326 0.000970 -0.022551
v -0.192940 -0.002205 -0.030541
v -0.192940 -0.002205 -0.032541
v -0.188326 0.000970 -0.040531
v -0.192940 0.000970 -0.032541
v -0.188326 -0.002205 -0.040531
v -0.178747 0.000970 -0.041531
v -0.186594 0.000970 -0.041531
v -0.186594 -0.002205 -0.041531
v -0.178747 -0.002205 -0.041531
v -0.178674 -0.002205 -0.024627
v -0.178391 0.000970 -0.024838
v -0.181079 0.000970 -0.030570
v -0.180723 -0.002205 -0.032473
v -0.177557 0.000970 -0.038159
v -0.177539 -0.002205 -0.038141
v -0.178483 -0.002205 -0.041886
v -0.178703 0.000970 -0.041840
v -0.177033 0.000970 -0.037743
v -0.177362 -0.002205 -0.037965
v -0.186832 -0.002205 -0.039946
v -0.186832 0.000970 -0.039946
v -0.193061 0.000970 -0.030487
v -0.192974 -0.002205 -0.030525
v -0.193080 -0.002205 -0.032603
v -0.192985 0.000970 -0.032562
v -0.186832 -0.002205 -0.023136
v -0.186832 0.000970 -0.023136
v -0.178299 0.000970 -0.024904
v -0.178327 -0.002205 -0.024885
v -0.179647 -0.002205 -0.021162
v -0.179686 0.000970 -0.021092
v -0.148522 -0.002205 -0.045531
v -0.148522 0.000970 -0.045531
v -0.153136 0.000970 -0.053522
v -0.153136 -0.002205 -0.053522
v -0.153136 -0.002205 -0.035541
v -0.153136 0.000970 -0.035541
v -0.148522 0.000970 -0.043531
v -0.148522 -0.002205 -0.043531
v -0.154868 0.000970 -0.034541
v -0.161290 -0.002205 -0.034541
v -0.161290 0.000970 -0.034541
v -0.154868 -0.002205 -0.034541
v -0.167646 -0.002205 -0.039853
v -0.167657 0.000970 -0.039829
v -0.162875 0.000970 -0.035663
v -0.162897 -0.002205 -0.035648
v -0.170440 -0.002205 -0.043531
v -0.170440 0.000970 -0.043531
v -0.168711 0.000970 -0.040538
v -0.168711 -0.002205 -0.040538
v -0.165826 -0.002205 -0.053522
v -0.165826 0.000970 -0.053522
v -0.170440 0.000970 -0.045531
v -0.170440 -0.002205 -0.045531
v -0.154868 0.000970 -0.054522
v -0.164094 0.000970 -0.054522
v -0.164094 -0.002205 -0.054522
v -0.154868 -0.002205 -0.054522
v -0.165841 -0.002205 -0.053532
v -0.165934 0.000970 -0.053599
v -0.164117 -0.002205 -0.054719
v -0.164098 0.000970 -0.054571
v -0.170561 0.000970 -0.043477
v -0.170474 -0.002205 -0.043515
v -0.170580 -0.002205 -0.045593
v -0.170484 0.000970 -0.045552
v -0.167401 0.000970 -0.041051
v -0.167401 -0.002205 -0.041051
v -0.161293 -0.002205 -0.034502
v -0.163163 -0.002205 -0.035471
v -0.161304 0.000970 -0.034406
v -0.163076 0.000970 -0.035533
v -0.154629 -0.002205 -0.036128
v -0.154629 0.000970 -0.036128
v -0.148488 -0.002205 -0.045547
v -0.148382 -0.002205 -0.043469
v -0.148401 0.000970 -0.045585
v -0.148478 0.000970 -0.043510
v -0.154864 -0.002205 -0.054571
v -0.154845 0.000970 -0.054719
v -0.153028 -0.002205 -0.053599
v -0.153121 0.000970 -0.053532
v -0.170440 -0.002205 -0.017551
v -0.170440 0.000970 -0.017551
v -0.169140 0.000970 -0.015300
v -0.169140 -0.002205 -0.015300
v -0.169556 -0.002205 -0.021081
v -0.169556 0.000970 -0.021081
v -0.170440 0.000970 -0.019551
v -0.170440 -0.002205 -0.019551
v -0.162516 -0.002205 -0.027293
v -0.162430 0.000970 -0.027251
v -0.168159 -0.002205 -0.021354
v -0.168250 0.000970 -0.021552
v -0.154868 0.000970 -0.028541
v -0.160722 0.000970 -0.028541
v -0.160722 -0.002205 -0.028541
v -0.154868 -0.002205 -0.028541
v -0.148522 -0.002205 -0.019551
v -0.148522 0.000970 -0.019551
v -0.153136 0.000970 -0.027541
v -0.153136 -0.002205 -0.027541
v -0.149822 -0.002205 -0.015300
v -0.149822 0.000970 -0.015300
v -0.148522 0.000970 -0.017551
v -0.148522 -0.002205 -0.017551
v -0.156473 -0.002205 -0.009850
v -0.156631 0.000970 -0.009948
v -0.150937 -0.002205 -0.014548
v -0.150902 0.000970 -0.014464
v -0.157976 0.000970 -0.008560
v -0.160986 -0.002205 -0.008560
v -0.160986 0.000970 -0.008560
v -0.157976 -0.002205 -0.008560
v -0.168060 -0.002205 -0.014464
v -0.168025 0.000970 -0.014548
v -0.162331 -0.002205 -0.009948
v -0.162489 0.000970 -0.009850
v -0.161002 0.000970 -0.008411
v -0.160990 -0.002205 -0.008518
v -0.162930 -0.002205 -0.009590
v -0.162831 0.000970 -0.009654
v -0.156052 0.000970 -0.009603
v -0.156142 -0.002205 -0.009661
v -0.157957 -0.002205 -0.008388
v -0.157971 0.000970 -0.008504
v -0.151093 -0.002205 -0.015749
v -0.151093 0.000970 -0.015749
v -0.148488 -0.002205 -0.019567
v -0.148382 -0.002205 -0.017489
v -0.148401 0.000970 -0.019605
v -0.148478 0.000970 -0.017530
v -0.154629 0.000970 -0.026954
v -0.154629 -0.002205 -0.026954
v -0.162608 -0.002205 -0.027338
v -0.160744 -0.002205 -0.028731
v -0.162710 0.000970 -0.027396
v -0.160728 0.000970 -0.028603
v -0.168231 -0.002205 -0.020589
v -0.168231 0.000970 -0.020589
v -0.170561 0.000970 -0.017497
v -0.170474 -0.002205 -0.017535
v -0.170580 -0.002205 -0.019613
v -0.170484 0.000970 -0.019572
v -0.167869 -0.002205 -0.015749
v -0.167869 0.000970 -0.015749
v -0.199868 0.000970 -0.080502
v -0.209094 0.000970 -0.080502
v -0.209094 -0.002205 -0.080502
v -0.199868 -0.002205 -0.080502
v -0.193522 -0.002205 -0.071512
v -0.193522 0.000970 -0.071512
v -0.198136 0.000970 -0.079502
v -0.198136 -0.002205 -0.079502
v -0.198136 -0.002205 -0.061522
v -0.198136 0.000970 -0.061522
v -0.193522 0.000970 -0.069512
v -0.193522 -0.002205 -0.069512
v -0.199868 0.000970 -0.060522
v -0.209094 -0.002205 -0.060522
v -0.209094 0.000970 -0.060522
v -0.199868 -0.002205 -0.060522
v -0.215440 -0.002205 -0.069512
v -0.215440 0.000970 -0.069512
v -0.210826 0.000970 -0.061522
v -0.210826 -0.002205 -0.061522
v -0.210826 -0.002205 -0.079502
v -0.210826 0.000970 -0.079502
v -0.215440 0.000970 -0.071512
v -0.215440 -0.002205 -0.071512
v -0.215561 0.000970 -0.069458
v -0.215474 -0.002205 -0.069496
v -0.215580 -0.002205 -0.071574
v -0.215484 0.000970 -0.071533
v -0.209107 0.000970 -0.060389
v -0.209333 -0.002205 -0.062109
v -0.210867 0.000970 -0.061493
v -0.198095 -0.002205 -0.061493
v -0.199855 -0.002205 -0.060389
v -0.199629 0.000970 -0.062109
v -0.193401 0.000970 -0.071566
v -0.193488 -0.002205 -0.071528
v -0.193382 -0.002205 -0.069450
v -0.193478 0.000970 -0.069491
v -0.199630 -0.002205 -0.078917
v -0.199630 0.000970 -0.078917
v -0.209332 -0.002205 -0.078917
v -0.209332 0.000970 -0.078917
v -0.244868 0.000970 -0.028541
v -0.254094 0.000970 -0.028541
v -0.254094 -0.002205 -0.028541
v -0.244868 -0.002205 -0.028541
v -0.238522 -0.002205 -0.019551
v -0.238522 0.000970 -0.019551
v -0.243136 0.000970 -0.027541
v -0.243136 -0.002205 -0.027541
v -0.243136 -0.002205 -0.009560
v -0.243136 0.000970 -0.009560
v -0.238522 0.000970 -0.017551
v -0.238522 -0.002205 -0.017551
v -0.244868 0.000970 -0.008560
v -0.254094 -0.002205 -0.008560
v -0.254094 0.000970 -0.008560
v -0.244868 -0.002205 -0.008560
v -0.260440 -0.002205 -0.017551
v -0.260440 0.000970 -0.017551
v -0.255826 0.000970 -0.009560
v -0.255826 -0.002205 -0.009560
v -0.255826 -0.002205 -0.027541
v -0.255826 0.000970 -0.027541
v -0.260440 0.000970 -0.019551
v -0.260440 -0.002205 -0.019551
v -0.260561 0.000970 -0.017497
v -0.260474 -0.002205 -0.017535
v -0.260580 -0.002205 -0.019613
v -0.260484 0.000970 -0.019572
v -0.254098 -0.002205 -0.008511
v -0.255934 -0.002205 -0.009483
v -0.254117 0.000970 -0.008363
v -0.255841 0.000970 -0.009550
v -0.243028 0.000970 -0.009483
v -0.243121 -0.002205 -0.009550
v -0.244845 -0.002205 -0.008363
v -0.244864 0.000970 -0.008511
v -0.238401 0.000970 -0.019605
v -0.238488 -0.002205 -0.019567
v -0.238382 -0.002205 -0.017489
v -0.238478 0.000970 -0.017530
v -0.244629 0.000970 -0.026954
v -0.244629 -0.002205 -0.026954
v -0.254333 0.000970 -0.026954
v -0.254333 -0.002205 -0.026954
v -0.238522 -0.002205 0.006430
v -0.238522 0.000970 0.006430
v -0.243136 0.000970 -0.001560
v -0.243136 -0.002205 -0.001560
v -0.243136 -0.002205 0.016421
v -0.243136 0.000970 0.016421
v -0.238522 0.000970 0.008430
v -0.238522 -0.002205 0.008430
v -0.244868 0.000970 0.017421
v -0.254094 -0.002205 0.017421
v -0.254094 0.000970 0.017421
v -0.244868 -0.002205 0.017421
v -0.260440 -0.002205 0.008430
v -0.260440 0.000970 0.008430
v -0.255826 0.000970 0.016421
v -0.255826 -0.002205 0.016421
v -0.255826 -0.002205 -0.001560
v -0.255826 0.000970 -0.001560
v -0.260440 0.000970 0.006430
v -0.260440 -0.002205 0.006430
v -0.244868 0.000970 -0.002560
v -0.254094 0.000970 -0.002560
v -0.254094 -0.002205 -0.002560
v -0.244868 -0.002205 -0.002560
v -0.254333 0.000970 -0.000973
v -0.254333 -0.002205 -0.000973
v -0.260561 0.000970 0.008484
v -0.260474 -0.002205 0.008446
v -0.260580 -0.002205 0.006368
v -0.260484 0.000970 0.006409
v -0.254098 -0.002205 0.017470
v -0.255934 -0.002205 0.016498
v -0.254117 0.000970 0.017618
v -0.255841 0.000970 0.016431
v -0.243028 0.000970 0.016498
v -0.243121 -0.002205 0.016431
v -0.244845 -0.002205 0.017618
v -0.244864 0.000970 0.017470
v -0.238401 0.000970 0.006376
v -0.238488 -0.002205 0.006414
v -0.238382 -0.002205 0.008492
v -0.238478 0.000970 0.008451
v -0.244629 0.000970 -0.000973
v -0.244629 -0.002205 -0.000973
v -0.244868 0.000970 0.023421
v -0.254094 0.000970 0.023421
v -0.254094 -0.002205 0.023421
v -0.244868 -0.002205 0.023421
v -0.238522 -0.002205 0.032411
v -0.238522 0.000970 0.032411
v -0.243136 0.000970 0.024421
v -0.243136 -0.002205 0.024421
v -0.243136 -0.002205 0.042402
v -0.243136 0.000970 0.042402
v -0.238522 0.000970 0.034411
v -0.238522 -0.002205 0.034411
v -0.244868 0.000970 0.043402
v -0.254094 -0.002205 0.043402
v -0.254094 0.000970 0.043402
v -0.244868 -0.002205 0.043402
v -0.260440 -0.002205 0.034411
v -0.260440 0.000970 0.034411
v -0.255826 0.000970 0.042402
v -0.255826 -0.002205 0.042402
v -0.255826 -0.002205 0.024421
v -0.255826 0.000970 0.024421
v -0.260440 0.000970 0.032411
v -0.260440 -0.002205 0.032411
v -0.260561 0.000970 0.034465
v -0.260474 -0.002205 0.034427
v -0.260580 -0.002205 0.032349
v -0.260484 0.000970 0.032390
v -0.254098 -0.002205 0.043451
v -0.255934 -0.002205 0.042479
v -0.254117 0.000970 0.043599
v -0.255841 0.000970 0.042412
v -0.243028 0.000970 0.042479
v -0.243121 -0.002205 0.042412
v -0.244845 -0.002205 0.043599
v -0.244864 0.000970 0.043451
v -0.238401 0.000970 0.032357
v -0.238488 -0.002205 0.032395
v -0.238382 -0.002205 0.034473
v -0.238478 0.000970 0.034432
v -0.244629 0.000970 0.025008
v -0.244629 -0.002205 0.025008
v -0.254333 0.000970 0.025008
v -0.254333 -0.002205 0.025008
v -0.238522 -0.002205 0.058392
v -0.238522 0.000970 0.058392
v -0.243136 0.000970 0.050402
v -0.243136 -0.002205 0.050402
v -0.243136 -0.002205 0.068382
v -0.243136 0.000970 0.068382
v -0.238522 0.000970 0.060392
v -0.238522 -0.002205 0.060392
v -0.244868 0.000970 0.069382
v -0.254094 -0.002205 0.069382
v -0.254094 0.000970 0.069382
v -0.244868 -0.002205 0.069382
v -0.260440 -0.002205 0.060392
v -0.260440 0.000970 0.060392
v -0.255826 0.000970 0.068382
v -0.255826 -0.002205 0.068382
v -0.255826 -0.002205 0.050402
v -0.255826 0.000970 0.050402
v -0.260440 0.000970 0.058392
v -0.260440 -0.002205 0.058392
v -0.244868 0.000970 0.049402
v -0.254094 0.000970 0.049402
v -0.254094 -0.002205 0.049402
v -0.244868 -0.002205 0.049402
v -0.254332 -0.002205 0.050987
v -0.254332 0.000970 0.050987
v -0.260561 0.000970 0.060446
v -0.260474 -0.002205 0.060408
v -0.260580 -0.002205 0.058330
v -0.260484 0.000970 0.058371
v -0.254332 -0.002205 0.067797
v -0.254332 0.000970 0.067797
v -0.244630 -0.002205 0.067797
v -0.244630 0.000970 0.067797
v -0.238401 0.000970 0.058338
v -0.238488 -0.002205 0.058376
v -0.238382 -0.002205 0.060454
v -0.238477 0.000970 0.060413
v -0.244630 -0.002205 0.050987
v -0.244630 0.000970 0.050987
v -0.282165 -0.002205 0.070040
v -0.278326 0.000970 0.063392
v -0.282165 0.000970 0.070040
v -0.278326 -0.002205 0.063392
v -0.267368 0.000970 0.062392
v -0.276594 0.000970 0.062392
v -0.276594 -0.002205 0.062392
v -0.267368 -0.002205 0.062392
v -0.265636 -0.002205 0.063392
v -0.261797 0.000970 0.070040
v -0.265636 0.000970 0.063392
v -0.261797 -0.002205 0.070040
v -0.263529 -0.002205 0.073040
v -0.280433 0.000970 0.073040
v -0.263529 0.000970 0.073040
v -0.280433 -0.002205 0.073040
v -0.261299 -0.002205 0.069912
v -0.261352 0.000970 0.069896
v -0.263509 0.000970 0.073216
v -0.263518 -0.002205 0.073149
v -0.267129 -0.002205 0.063979
v -0.267129 0.000970 0.063979
v -0.276833 -0.002205 0.063979
v -0.276833 0.000970 0.063979
v -0.280571 -0.002205 0.073535
v -0.280531 0.000970 0.073497
v -0.282327 0.000970 0.069969
v -0.282265 -0.002205 0.069995
v -0.278326 -0.002205 0.029411
v -0.282940 0.000970 0.021421
v -0.278326 0.000970 0.029411
v -0.282940 -0.002205 0.021421
v -0.282940 -0.002205 0.019421
v -0.278326 0.000970 0.011430
v -0.282940 0.000970 0.019421
v -0.278326 -0.002205 0.011430
v -0.267368 0.000970 0.010430
v -0.276594 0.000970 0.010430
v -0.276594 -0.002205 0.010430
v -0.267368 -0.002205 0.010430
v -0.265636 -0.002205 0.011430
v -0.261022 0.000970 0.019421
v -0.265636 0.000970 0.011430
v -0.261022 -0.002205 0.019421
v -0.261022 -0.002205 0.021421
v -0.265636 0.000970 0.029411
v -0.261022 0.000970 0.021421
v -0.265636 -0.002205 0.029411
v -0.267368 0.000970 0.030411
v -0.276594 -0.002205 0.030411
v -0.276594 0.000970 0.030411
v -0.267368 -0.002205 0.030411
v -0.267129 0.000970 0.028824
v -0.267129 -0.002205 0.028824
v -0.260901 0.000970 0.019367
v -0.260988 -0.002205 0.019405
v -0.260882 -0.002205 0.021483
v -0.260978 0.000970 0.021442
v -0.267364 -0.002205 0.010381
v -0.265528 -0.002205 0.011353
v -0.267345 0.000970 0.010233
v -0.265621 0.000970 0.011420
v -0.278434 0.000970 0.011353
v -0.278341 -0.002205 0.011420
v -0.276617 -0.002205 0.010233
v -0.276598 0.000970 0.010381
v -0.283061 0.000970 0.021475
v -0.282974 -0.002205 0.021437
v -0.283080 -0.002205 0.019359
v -0.282984 0.000970 0.019400
v -0.276833 0.000970 0.028824
v -0.276833 -0.002205 0.028824
v -0.265636 -0.002205 -0.014551
v -0.261022 0.000970 -0.006560
v -0.265636 0.000970 -0.014551
v -0.261022 -0.002205 -0.006560
v -0.261022 -0.002205 -0.004560
v -0.265636 0.000970 0.003430
v -0.261022 0.000970 -0.004560
v -0.265636 -0.002205 0.003430
v -0.267368 0.000970 0.004430
v -0.276594 -0.002205 0.004430
v -0.276594 0.000970 0.004430
v -0.267368 -0.002205 0.004430
v -0.278326 -0.002205 0.003430
v -0.282940 0.000970 -0.004560
v -0.278326 0.000970 0.003430
v -0.282940 -0.002205 -0.004560
v -0.282940 -0.002205 -0.006560
v -0.278326 0.000970 -0.014551
v -0.282940 0.000970 -0.006560
v -0.278326 -0.002205 -0.014551
v -0.267368 0.000970 -0.015551
v -0.276594 0.000970 -0.015551
v -0.276594 -0.002205 -0.015551
v -0.267368 -0.002205 -0.015551
v -0.278434 0.000970 -0.014628
v -0.278341 -0.002205 -0.014561
v -0.276617 -0.002205 -0.015748
v -0.276598 0.000970 -0.015600
v -0.283061 0.000970 -0.004506
v -0.282974 -0.002205 -0.004544
v -0.283080 -0.002205 -0.006622
v -0.282985 0.000970 -0.006581
v -0.276832 -0.002205 0.002845
v -0.276832 0.000970 0.002845
v -0.267130 -0.002205 0.002845
v -0.267130 0.000970 0.002845
v -0.260901 0.000970 -0.006614
v -0.260988 -0.002205 -0.006576
v -0.260882 -0.002205 -0.004498
v -0.260978 0.000970 -0.004539
v -0.267364 -0.002205 -0.015600
v -0.265528 -0.002205 -0.014628
v -0.267345 0.000970 -0.015748
v -0.265621 0.000970 -0.014561
v -0.278326 -0.002205 -0.022551
v -0.282940 0.000970 -0.030541
v -0.278326 0.000970 -0.022551
v -0.282940 -0.002205 -0.030541
v -0.282940 -0.002205 -0.032541
v -0.278326 0.000970 -0.040531
v -0.282940 0.000970 -0.032541
v -0.278326 -0.002205 -0.040531
v -0.267368 0.000970 -0.041531
v -0.276594 0.000970 -0.041531
v -0.276594 -0.002205 -0.041531
v -0.267368 -0.002205 -0.041531
v -0.265636 -0.002205 -0.040531
v -0.261022 0.000970 -0.032541
v -0.265636 0.000970 -0.040531
v -0.261022 -0.002205 -0.032541
v -0.261022 -0.002205 -0.030541
v -0.265636 0.000970 -0.022551
v -0.261022 0.000970 -0.030541
v -0.265636 -0.002205 -0.022551
v -0.267368 0.000970 -0.021551
v -0.276594 -0.002205 -0.021551
v -0.276594 0.000970 -0.021551
v -0.267368 -0.002205 -0.021551
v -0.267130 -0.002205 -0.023136
v -0.267130 0.000970 -0.023136
v -0.260901 0.000970 -0.032595
v -0.260988 -0.002205 -0.032557
v -0.260882 -0.002205 -0.030479
v -0.260978 0.000970 -0.030520
v -0.267130 -0.002205 -0.039946
v -0.267130 0.000970 -0.039946
v -0.276832 -0.002205 -0.039946
v -0.276832 0.000970 -0.039946
v -0.283061 0.000970 -0.030487
v -0.282974 -0.002205 -0.030525
v -0.283080 -0.002205 -0.032603
v -0.282985 0.000970 -0.032562
v -0.276832 -0.002205 -0.023136
v -0.276832 0.000970 -0.023136
v -0.278326 -0.002205 -0.048531
v -0.282940 0.000970 -0.056522
v -0.278326 0.000970 -0.048531
v -0.282940 -0.002205 -0.056522
v -0.282940 -0.002205 -0.058522
v -0.278326 0.000970 -0.066512
v -0.282940 0.000970 -0.058522
v -0.278326 -0.002205 -0.066512
v -0.267368 -0.002205 -0.067512
v -0.267368 0.000970 -0.067512
v -0.276594 0.000970 -0.067512
v -0.276594 -0.002205 -0.067512
v -0.265636 -0.002205 -0.066512
v -0.261022 0.000970 -0.058522
v -0.265636 0.000970 -0.066512
v -0.261022 -0.002205 -0.058522
v -0.261022 -0.002205 -0.056522
v -0.265636 0.000970 -0.048531
v -0.261022 0.000970 -0.056522
v -0.265636 -0.002205 -0.048531
v -0.267368 0.000970 -0.047531
v -0.276594 -0.002205 -0.047531
v -0.276594 0.000970 -0.047531
v -0.267368 -0.002205 -0.047531
v -0.265621 -0.002205 -0.048521
v -0.265528 0.000970 -0.048454
v -0.267345 -0.002205 -0.047334
v -0.267364 0.000970 -0.047482
v -0.260901 0.000970 -0.058576
v -0.260988 -0.002205 -0.058538
v -0.260882 -0.002205 -0.056460
v -0.260978 0.000970 -0.056501
v -0.267364 -0.002205 -0.067562
v -0.265528 -0.002205 -0.066590
v -0.267129 0.000970 -0.065925
v -0.278434 0.000970 -0.066590
v -0.276833 -0.002205 -0.065925
v -0.276598 0.000970 -0.067562
v -0.283061 0.000970 -0.056468
v -0.282974 -0.002205 -0.056506
v -0.283080 -0.002205 -0.058584
v -0.282984 0.000970 -0.058543
v -0.276598 -0.002205 -0.047482
v -0.276617 0.000970 -0.047334
v -0.278434 -0.002205 -0.048454
v -0.278341 0.000970 -0.048521
v -0.261797 -0.002205 -0.081160
v -0.265636 0.000970 -0.074512
v -0.261797 0.000970 -0.081160
v -0.265636 -0.002205 -0.074512
v -0.267368 -0.002205 -0.073512
v -0.276594 0.000970 -0.073512
v -0.267368 0.000970 -0.073512
v -0.276594 -0.002205 -0.073512
v -0.278326 -0.002205 -0.074512
v -0.282165 0.000970 -0.081160
v -0.278326 0.000970 -0.074512
v -0.282165 -0.002205 -0.081160
v -0.263529 -0.002205 -0.084160
v -0.263529 0.000970 -0.084160
v -0.280433 0.000970 -0.084160
v -0.280433 -0.002205 -0.084160
v -0.282663 -0.002205 -0.081032
v -0.282609 0.000970 -0.081017
v -0.280453 0.000970 -0.084336
v -0.280444 -0.002205 -0.084269
v -0.276833 0.000970 -0.075099
v -0.276833 -0.002205 -0.075099
v -0.267129 0.000970 -0.075099
v -0.267129 -0.002205 -0.075099
v -0.263391 -0.002205 -0.084655
v -0.263431 0.000970 -0.084617
v -0.261635 0.000970 -0.081089
v -0.261697 -0.002205 -0.081115
v -0.283522 -0.002205 -0.071512
v -0.283522 0.000970 -0.071512
v -0.288136 0.000970 -0.079502
v -0.288136 -0.002205 -0.079502
v -0.288136 -0.002205 -0.061522
v -0.288136 0.000970 -0.061522
v -0.283522 0.000970 -0.069512
v -0.283522 -0.002205 -0.069512
v -0.289868 0.000970 -0.060522
v -0.299094 -0.002205 -0.060522
v -0.299094 0.000970 -0.060522
v -0.289868 -0.002205 -0.060522
v -0.302559 -0.002205 -0.064523
v -0.302559 0.000970 -0.064523
v -0.300826 0.000970 -0.061522
v -0.300826 -0.002205 -0.061522
v -0.297092 -0.002205 -0.077999
v -0.297106 0.000970 -0.077996
v -0.297068 0.000970 -0.072508
v -0.297388 -0.002205 -0.071342
v -0.301680 0.000970 -0.067126
v -0.301764 -0.002205 -0.067266
v -0.289868 0.000970 -0.080502
v -0.295217 0.000970 -0.080502
v -0.295217 -0.002205 -0.080502
v -0.289868 -0.002205 -0.080502
v -0.297656 -0.002205 -0.077987
v -0.297642 0.000970 -0.077976
v -0.295221 0.000970 -0.080554
v -0.295220 -0.002205 -0.080541
v -0.302844 -0.002205 -0.064408
v -0.302925 0.000970 -0.064388
v -0.301806 0.000970 -0.067331
v -0.301836 -0.002205 -0.067374
v -0.299107 0.000970 -0.060389
v -0.299098 -0.002205 -0.060472
v -0.300934 -0.002205 -0.061444
v -0.300867 0.000970 -0.061493
v -0.289629 -0.002205 -0.062109
v -0.289629 0.000970 -0.062109
v -0.283401 0.000970 -0.071566
v -0.283488 -0.002205 -0.071528
v -0.283382 -0.002205 -0.069450
v -0.283478 0.000970 -0.069491
v -0.289630 -0.002205 -0.078917
v -0.289630 0.000970 -0.078917
v -0.289868 0.000970 -0.054522
v -0.299094 0.000970 -0.054522
v -0.299094 -0.002205 -0.054522
v -0.289868 -0.002205 -0.054522
v -0.283522 -0.002205 -0.045531
v -0.283522 0.000970 -0.045531
v -0.288136 0.000970 -0.053522
v -0.288136 -0.002205 -0.053522
v -0.288136 -0.002205 -0.035541
v -0.288136 0.000970 -0.035541
v -0.283522 0.000970 -0.043531
v -0.283522 -0.002205 -0.043531
v -0.289868 0.000970 -0.034541
v -0.299094 -0.002205 -0.034541
v -0.299094 0.000970 -0.034541
v -0.289868 -0.002205 -0.034541
v -0.305440 -0.002205 -0.043531
v -0.305440 0.000970 -0.043531
v -0.300826 0.000970 -0.035541
v -0.300826 -0.002205 -0.035541
v -0.300826 -0.002205 -0.053522
v -0.300826 0.000970 -0.053522
v -0.305440 0.000970 -0.045531
v -0.305440 -0.002205 -0.045531
v -0.305474 -0.002205 -0.043515
v -0.305580 -0.002205 -0.045593
v -0.305561 0.000970 -0.043477
v -0.305484 0.000970 -0.045552
v -0.299098 -0.002205 -0.034491
v -0.300934 -0.002205 -0.035463
v -0.299333 0.000970 -0.036128
v -0.289629 -0.002205 -0.036128
v -0.289629 0.000970 -0.036128
v -0.283401 0.000970 -0.045585
v -0.283488 -0.002205 -0.045547
v -0.283382 -0.002205 -0.043469
v -0.283478 0.000970 -0.043510
v -0.289864 -0.002205 -0.054571
v -0.289845 0.000970 -0.054719
v -0.288028 -0.002205 -0.053599
v -0.288121 0.000970 -0.053532
v -0.300841 -0.002205 -0.053532
v -0.300934 0.000970 -0.053599
v -0.299117 -0.002205 -0.054719
v -0.299098 0.000970 -0.054571
v -0.305440 -0.002205 -0.017551
v -0.305440 0.000970 -0.017551
v -0.304140 0.000970 -0.015300
v -0.304140 -0.002205 -0.015300
v -0.300826 -0.002205 -0.027541
v -0.300826 0.000970 -0.027541
v -0.305440 0.000970 -0.019551
v -0.305440 -0.002205 -0.019551
v -0.289868 0.000970 -0.028541
v -0.299094 0.000970 -0.028541
v -0.299094 -0.002205 -0.028541
v -0.289868 -0.002205 -0.028541
v -0.283522 -0.002205 -0.019551
v -0.283522 0.000970 -0.019551
v -0.288136 0.000970 -0.027541
v -0.288136 -0.002205 -0.027541
v -0.288136 -0.002205 -0.009560
v -0.288136 0.000970 -0.009560
v -0.283522 0.000970 -0.017551
v -0.283522 -0.002205 -0.017551
v -0.289868 0.000970 -0.008560
v -0.295986 -0.002205 -0.008560
v -0.295986 0.000970 -0.008560
v -0.289868 -0.002205 -0.008560
v -0.303060 -0.002205 -0.014464
v -0.303025 0.000970 -0.014548
v -0.297331 -0.002205 -0.009948
v -0.297489 0.000970 -0.009850
v -0.296002 0.000970 -0.008411
v -0.295990 -0.002205 -0.008518
v -0.297930 -0.002205 -0.009590
v -0.297831 0.000970 -0.009654
v -0.288028 0.000970 -0.009483
v -0.288121 -0.002205 -0.009550
v -0.289845 -0.002205 -0.008363
v -0.289864 0.000970 -0.008511
v -0.283401 0.000970 -0.019605
v -0.283488 -0.002205 -0.019567
v -0.283382 -0.002205 -0.017489
v -0.283478 0.000970 -0.017530
v -0.289629 0.000970 -0.026954
v -0.289629 -0.002205 -0.026954
v -0.300934 0.000970 -0.027619
v -0.299333 -0.002205 -0.026954
v -0.299098 0.000970 -0.028591
v -0.305474 -0.002205 -0.017535
v -0.305580 -0.002205 -0.019613
v -0.305561 0.000970 -0.017497
v -0.305484 0.000970 -0.019572
v -0.302869 -0.002205 -0.015749
v -0.302869 0.000970 -0.015749
v -0.283522 -0.002205 0.006430
v -0.283522 0.000970 0.006430
v -0.288136 0.000970 -0.001560
v -0.288136 -0.002205 -0.001560
v -0.288136 -0.002205 0.016421
v -0.288136 0.000970 0.016421
v -0.283522 0.000970 0.008430
v -0.283522 -0.002205 0.008430
v -0.289868 0.000970 0.017421
v -0.299094 -0.002205 0.017421
v -0.299094 0.000970 0.017421
v -0.289868 -0.002205 0.017421
v -0.305440 -0.002205 0.008430
v -0.305440 0.000970 0.008430
v -0.300826 0.000970 0.016421
v -0.300826 -0.002205 0.016421
v -0.304140 -0.002205 0.004180
v -0.304140 0.000970 0.004180
v -0.305440 0.000970 0.006430
v -0.305440 -0.002205 0.006430
v -0.297737 -0.002205 -0.001412
v -0.297331 0.000970 -0.001172
v -0.302867 -0.002205 0.003775
v -0.303059 0.000970 0.003345
v -0.289868 0.000970 -0.002560
v -0.295986 0.000970 -0.002560
v -0.295986 -0.002205 -0.002560
v -0.289868 -0.002205 -0.002560
v -0.297911 0.000970 -0.001517
v -0.297820 -0.002205 -0.001459
v -0.296005 -0.002205 -0.002733
v -0.295991 0.000970 -0.002617
v -0.302868 -0.002205 0.004628
v -0.302868 0.000970 0.004628
v -0.305474 -0.002205 0.008446
v -0.305580 -0.002205 0.006368
v -0.305561 0.000970 0.008484
v -0.305484 0.000970 0.006409
v -0.299098 -0.002205 0.017470
v -0.300934 -0.002205 0.016498
v -0.299117 0.000970 0.017618
v -0.300841 0.000970 0.016431
v -0.288028 0.000970 0.016498
v -0.288121 -0.002205 0.016431
v -0.289845 -0.002205 0.017618
v -0.289864 0.000970 0.017470
v -0.283401 0.000970 0.006376
v -0.283488 -0.002205 0.006414
v -0.283382 -0.002205 0.008492
v -0.283478 0.000970 0.008451
v -0.289629 0.000970 -0.000973
v -0.289629 -0.002205 -0.000973
v -0.289868 0.000970 0.023421
v -0.299094 0.000970 0.023421
v -0.299094 -0.002205 0.023421
v -0.289868 -0.002205 0.023421
v -0.283522 -0.002205 0.032411
v -0.283522 0.000970 0.032411
v -0.288136 0.000970 0.024421
v -0.288136 -0.002205 0.024421
v -0.288136 -0.002205 0.042402
v -0.288136 0.000970 0.042402
v -0.283522 0.000970 0.034411
v -0.283522 -0.002205 0.034411
v -0.289868 0.000970 0.043402
v -0.299094 -0.002205 0.043402
v -0.299094 0.000970 0.043402
v -0.289868 -0.002205 0.043402
v -0.305440 -0.002205 0.034411
v -0.305440 0.000970 0.034411
v -0.300826 0.000970 0.042402
v -0.300826 -0.002205 0.042402
v -0.300826 -0.002205 0.024421
v -0.300826 0.000970 0.024421
v -0.305440 0.000970 0.032411
v -0.305440 -0.002205 0.032411
v -0.305474 -0.002205 0.034427
v -0.305580 -0.002205 0.032349
v -0.305561 0.000970 0.034465
v -0.305484 0.000970 0.032390
v -0.299098 -0.002205 0.043451
v -0.300934 -0.002205 0.042479
v -0.299117 0.000970 0.043599
v -0.300841 0.000970 0.042412
v -0.288028 0.000970 0.042479
v -0.288121 -0.002205 0.042412
v -0.289845 -0.002205 0.043599
v -0.289864 0.000970 0.043451
v -0.283401 0.000970 0.032357
v -0.283488 -0.002205 0.032395
v -0.283382 -0.002205 0.034473
v -0.283478 0.000970 0.034432
v -0.289629 0.000970 0.025008
v -0.289629 -0.002205 0.025008
v -0.300867 -0.002205 0.024392
v -0.300934 0.000970 0.024343
v -0.299107 -0.002205 0.023289
v -0.299098 0.000970 0.023371
v -0.288136 -0.002205 0.068382
v -0.288136 0.000970 0.068382
v -0.283522 0.000970 0.060392
v -0.283522 -0.002205 0.060392
v -0.289868 0.000970 0.069382
v -0.295217 -0.002205 0.069382
v -0.295217 0.000970 0.069382
v -0.289868 -0.002205 0.069382
v -0.301509 -0.002205 0.055746
v -0.301693 0.000970 0.056028
v -0.297146 0.000970 0.061165
v -0.296284 -0.002205 0.067001
v -0.297092 0.000970 0.066879
v -0.300826 -0.002205 0.050402
v -0.300826 0.000970 0.050402
v -0.302559 0.000970 0.053402
v -0.302559 -0.002205 0.053402
v -0.289868 0.000970 0.049402
v -0.299094 0.000970 0.049402
v -0.299094 -0.002205 0.049402
v -0.289868 -0.002205 0.049402
v -0.283522 -0.002205 0.058392
v -0.283522 0.000970 0.058392
v -0.288136 0.000970 0.050402
v -0.288136 -0.002205 0.050402
v -0.289630 -0.002205 0.050987
v -0.289630 0.000970 0.050987
v -0.299332 -0.002205 0.050987
v -0.299332 0.000970 0.050987
v -0.295231 0.000970 0.069520
v -0.295234 -0.002205 0.069542
v -0.297537 0.000970 0.066829
v -0.297510 -0.002205 0.066828
v -0.301957 -0.002205 0.056411
v -0.301922 0.000970 0.056368
v -0.302697 0.000970 0.053341
v -0.302658 -0.002205 0.053357
v -0.289630 -0.002205 0.067797
v -0.289630 0.000970 0.067797
v -0.283401 0.000970 0.058338
v -0.283488 -0.002205 0.058376
v -0.283382 -0.002205 0.060454
v -0.283478 0.000970 0.060413
v -0.187868 -0.002205 0.051150
v -0.187868 0.000970 0.051150
v -0.176543 0.000970 0.039825
v -0.176543 -0.002205 0.039825
v -0.191014 -0.002205 0.050736
v -0.192940 0.000970 0.047402
v -0.191014 0.000970 0.050736
v -0.192940 -0.002205 0.047402
v -0.192940 -0.002205 0.045402
v -0.188326 0.000970 0.037411
v -0.192940 0.000970 0.045402
v -0.188326 -0.002205 0.037411
v -0.177957 0.000970 0.036411
v -0.186594 0.000970 0.036411
v -0.186594 -0.002205 0.036411
v -0.177957 -0.002205 0.036411
v -0.177763 -0.002205 0.035932
v -0.177931 0.000970 0.036195
v -0.176430 -0.002205 0.039917
v -0.176092 0.000970 0.040074
v -0.188434 0.000970 0.037334
v -0.188341 -0.002205 0.037401
v -0.186617 -0.002205 0.036214
v -0.186598 0.000970 0.036362
v -0.193061 0.000970 0.047456
v -0.192974 -0.002205 0.047418
v -0.193080 -0.002205 0.045340
v -0.192984 0.000970 0.045381
v -0.187835 -0.002205 0.051190
v -0.187635 0.000970 0.051614
v -0.191369 -0.002205 0.051078
v -0.191029 0.000970 0.050747
v -0.210826 -0.002205 0.024421
v -0.210826 0.000970 0.024421
v -0.215440 0.000970 0.032411
v -0.215440 -0.002205 0.032411
v -0.199868 0.000970 0.023421
v -0.209094 0.000970 0.023421
v -0.209094 -0.002205 0.023421
v -0.199868 -0.002205 0.023421
v -0.193522 -0.002205 0.032411
v -0.193522 0.000970 0.032411
v -0.198136 0.000970 0.024421
v -0.198136 -0.002205 0.024421
v -0.198136 -0.002205 0.042402
v -0.198136 0.000970 0.042402
v -0.193522 0.000970 0.034411
v -0.193522 -0.002205 0.034411
v -0.199868 0.000970 0.043402
v -0.209094 -0.002205 0.043402
v -0.209094 0.000970 0.043402
v -0.199868 -0.002205 0.043402
v -0.215440 -0.002205 0.034411
v -0.215440 0.000970 0.034411
v -0.210826 0.000970 0.042402
v -0.210826 -0.002205 0.042402
v -0.209098 -0.002205 0.043451
v -0.210934 -0.002205 0.042479
v -0.209117 0.000970 0.043599
v -0.210841 0.000970 0.042412
v -0.198028 0.000970 0.042479
v -0.198121 -0.002205 0.042412
v -0.199845 -0.002205 0.043599
v -0.199864 0.000970 0.043451
v -0.193401 0.000970 0.032357
v -0.193488 -0.002205 0.032395
v -0.193382 -0.002205 0.034473
v -0.193478 0.000970 0.034432
v -0.199629 0.000970 0.025008
v -0.199629 -0.002205 0.025008
v -0.209333 0.000970 0.025008
v -0.209333 -0.002205 0.025008
v -0.215561 0.000970 0.034465
v -0.215474 -0.002205 0.034427
v -0.215580 -0.002205 0.032349
v -0.215484 0.000970 0.032390
v -0.205514 -0.002205 0.068797
v -0.205514 0.000970 0.068797
v -0.195189 0.000970 0.058471
v -0.195189 -0.002205 0.058471
v -0.206929 0.000970 0.069382
v -0.209094 -0.002205 0.069382
v -0.209094 0.000970 0.069382
v -0.206929 -0.002205 0.069382
v -0.215440 -0.002205 0.060392
v -0.215440 0.000970 0.060392
v -0.210826 0.000970 0.068382
v -0.210826 -0.002205 0.068382
v -0.210826 -0.002205 0.050402
v -0.210826 0.000970 0.050402
v -0.215440 0.000970 0.058392
v -0.215440 -0.002205 0.058392
v -0.199868 0.000970 0.049402
v -0.209094 0.000970 0.049402
v -0.209094 -0.002205 0.049402
v -0.199868 -0.002205 0.049402
v -0.194871 -0.002205 0.056057
v -0.194871 0.000970 0.056057
v -0.198136 0.000970 0.050402
v -0.198136 -0.002205 0.050402
v -0.199630 -0.002205 0.050987
v -0.199630 0.000970 0.050987
v -0.209332 -0.002205 0.050987
v -0.209332 0.000970 0.050987
v -0.215561 0.000970 0.060446
v -0.215474 -0.002205 0.060408
v -0.215580 -0.002205 0.058330
v -0.215484 0.000970 0.058371
v -0.209332 -0.002205 0.067797
v -0.209332 0.000970 0.067797
v -0.206702 -0.002205 0.067919
v -0.206702 0.000970 0.067919
v -0.194628 0.000970 0.055956
v -0.194655 -0.002205 0.055965
v -0.195143 -0.002205 0.058509
v -0.195154 0.000970 0.058500
v -0.237165 -0.002205 0.070040
v -0.233326 0.000970 0.063392
v -0.237165 0.000970 0.070040
v -0.233326 -0.002205 0.063392
v -0.222368 0.000970 0.062392
v -0.231594 0.000970 0.062392
v -0.231594 -0.002205 0.062392
v -0.222368 -0.002205 0.062392
v -0.220636 -0.002205 0.063392
v -0.216797 0.000970 0.070040
v -0.220636 0.000970 0.063392
v -0.216797 -0.002205 0.070040
v -0.218529 -0.002205 0.073040
v -0.235433 0.000970 0.073040
v -0.218529 0.000970 0.073040
v -0.235433 -0.002205 0.073040
v -0.216299 -0.002205 0.069912
v -0.216352 0.000970 0.069896
v -0.218509 0.000970 0.073216
v -0.218518 -0.002205 0.073149
v -0.222364 -0.002205 0.062342
v -0.220528 -0.002205 0.063314
v -0.222129 0.000970 0.063979
v -0.231833 -0.002205 0.063979
v -0.231833 0.000970 0.063979
v -0.235571 -0.002205 0.073535
v -0.235531 0.000970 0.073497
v -0.237327 0.000970 0.069969
v -0.237265 -0.002205 0.069995
v -0.178949 -0.002205 0.001766
v -0.178377 0.000970 0.001398
v -0.178949 0.000970 -0.012887
v -0.178377 -0.002205 -0.012518
v -0.179362 0.000970 0.004430
v -0.186594 -0.002205 0.004430
v -0.186594 0.000970 0.004430
v -0.179362 -0.002205 0.004430
v -0.188326 -0.002205 0.003430
v -0.192940 0.000970 -0.004560
v -0.188326 0.000970 0.003430
v -0.192940 -0.002205 -0.004560
v -0.192940 -0.002205 -0.006560
v -0.188326 0.000970 -0.014551
v -0.192940 0.000970 -0.006560
v -0.188326 -0.002205 -0.014551
v -0.179362 0.000970 -0.015551
v -0.186594 0.000970 -0.015551
v -0.186594 -0.002205 -0.015551
v -0.179362 -0.002205 -0.015551
v -0.179075 0.000970 -0.015854
v -0.179360 -0.002205 -0.015570
v -0.177278 -0.002205 -0.014425
v -0.177894 0.000970 -0.012114
v -0.177921 -0.002205 -0.012136
v -0.188434 0.000970 -0.014628
v -0.188341 -0.002205 -0.014561
v -0.186617 -0.002205 -0.015748
v -0.186598 0.000970 -0.015600
v -0.193061 0.000970 -0.004506
v -0.192974 -0.002205 -0.004544
v -0.193080 -0.002205 -0.006622
v -0.192985 0.000970 -0.006581
v -0.186832 -0.002205 0.002845
v -0.186832 0.000970 0.002845
v -0.177894 -0.002205 0.000994
v -0.177558 0.000970 0.000783
v -0.179076 -0.002205 0.004729
v -0.179316 0.000970 0.004751
v -0.193522 -0.002205 0.006430
v -0.193522 0.000970 0.006430
v -0.197729 0.000970 -0.000855
v -0.197729 -0.002205 -0.000855
v -0.198136 -0.002205 0.016421
v -0.198136 0.000970 0.016421
v -0.193522 0.000970 0.008430
v -0.193522 -0.002205 0.008430
v -0.199868 0.000970 0.017421
v -0.209094 -0.002205 0.017421
v -0.209094 0.000970 0.017421
v -0.199868 -0.002205 0.017421
v -0.215440 -0.002205 0.008430
v -0.215440 0.000970 0.008430
v -0.210826 0.000970 0.016421
v -0.210826 -0.002205 0.016421
v -0.214258 -0.002205 0.004383
v -0.214258 0.000970 0.004383
v -0.215440 0.000970 0.006430
v -0.215440 -0.002205 0.006430
v -0.200331 -0.002205 -0.000199
v -0.201176 0.000970 -0.000845
v -0.205351 0.000970 0.003388
v -0.212040 -0.002205 0.003791
v -0.211979 0.000970 0.003519
v -0.201267 0.000970 -0.000909
v -0.201513 -0.002205 -0.001129
v -0.197374 0.000970 -0.001237
v -0.197547 -0.002205 -0.000992
v -0.214409 0.000970 0.004271
v -0.214308 -0.002205 0.004348
v -0.211927 -0.002205 0.003224
v -0.211947 0.000970 0.003368
v -0.215561 0.000970 0.008484
v -0.215474 -0.002205 0.008446
v -0.215580 -0.002205 0.006368
v -0.215484 0.000970 0.006409
v -0.209098 -0.002205 0.017470
v -0.210934 -0.002205 0.016498
v -0.209117 0.000970 0.017618
v -0.210841 0.000970 0.016431
v -0.198028 0.000970 0.016498
v -0.198121 -0.002205 0.016431
v -0.199845 -0.002205 0.017618
v -0.199864 0.000970 0.017470
v -0.193401 0.000970 0.006376
v -0.193488 -0.002205 0.006414
v -0.193382 -0.002205 0.008492
v -0.193478 0.000970 0.008451
v -0.150903 -0.002205 0.003345
v -0.156631 -0.002205 -0.001172
v -0.151095 0.000970 0.003775
v -0.156225 0.000970 -0.001412
v -0.148522 -0.002205 0.006430
v -0.148522 0.000970 0.006430
v -0.149822 0.000970 0.004180
v -0.149822 -0.002205 0.004180
v -0.153000 -0.002205 0.016186
v -0.153000 0.000970 0.016186
v -0.148522 0.000970 0.008430
v -0.148522 -0.002205 0.008430
v -0.153435 -0.002205 0.016717
v -0.153435 0.000970 0.016717
v -0.154967 0.000970 0.017421
v -0.164094 -0.002205 0.017421
v -0.164094 0.000970 0.017421
v -0.154967 -0.002205 0.017421
v -0.170440 -0.002205 0.008430
v -0.170440 0.000970 0.008430
v -0.165826 0.000970 0.016421
v -0.165826 -0.002205 0.016421
v -0.169140 -0.002205 0.004180
v -0.169140 0.000970 0.004180
v -0.170440 0.000970 0.006430
v -0.170440 -0.002205 0.006430
v -0.162737 -0.002205 -0.001412
v -0.162331 0.000970 -0.001172
v -0.167867 -0.002205 0.003775
v -0.168059 0.000970 0.003345
v -0.157976 0.000970 -0.002560
v -0.160986 0.000970 -0.002560
v -0.160986 -0.002205 -0.002560
v -0.157976 -0.002205 -0.002560
v -0.162820 -0.002205 -0.001459
v -0.162801 0.000970 -0.001448
v -0.161005 -0.002205 -0.002733
v -0.161013 0.000970 -0.002782
v -0.167868 -0.002205 0.004628
v -0.167868 0.000970 0.004628
v -0.170561 0.000970 0.008484
v -0.170474 -0.002205 0.008446
v -0.170580 -0.002205 0.006368
v -0.170484 0.000970 0.006409
v -0.164098 -0.002205 0.017470
v -0.165934 -0.002205 0.016498
v -0.164117 0.000970 0.017618
v -0.165841 0.000970 0.016431
v -0.154745 -0.002205 0.015960
v -0.154745 0.000970 0.015960
v -0.153544 0.000970 0.016097
v -0.153544 -0.002205 0.016097
v -0.148488 -0.002205 0.006414
v -0.148382 -0.002205 0.008492
v -0.148401 0.000970 0.006376
v -0.148478 0.000970 0.008451
v -0.151094 -0.002205 0.004628
v -0.151094 0.000970 0.004628
v -0.157960 0.000970 -0.002710
v -0.157972 -0.002205 -0.002603
v -0.156032 -0.002205 -0.001530
v -0.156130 0.000970 -0.001466
v -0.188326 -0.002205 0.029411
v -0.192940 0.000970 0.021421
v -0.188326 0.000970 0.029411
v -0.192940 -0.002205 0.021421
v -0.192940 -0.002205 0.019421
v -0.188326 0.000970 0.011430
v -0.192940 0.000970 0.019421
v -0.188326 -0.002205 0.011430
v -0.177368 0.000970 0.010430
v -0.186594 0.000970 0.010430
v -0.186594 -0.002205 0.010430
v -0.177368 -0.002205 0.010430
v -0.175636 -0.002205 0.011430
v -0.171022 0.000970 0.019421
v -0.175636 0.000970 0.011430
v -0.171022 -0.002205 0.019421
v -0.171022 -0.002205 0.021421
v -0.175636 0.000970 0.029411
v -0.171022 0.000970 0.021421
v -0.175636 -0.002205 0.029411
v -0.177368 0.000970 0.030411
v -0.186594 -0.002205 0.030411
v -0.186594 0.000970 0.030411
v -0.177368 -0.002205 0.030411
v -0.175528 0.000970 0.029489
v -0.177129 -0.002205 0.028824
v -0.177364 0.000970 0.030461
v -0.170901 0.000970 0.019367
v -0.170988 -0.002205 0.019405
v -0.170882 -0.002205 0.021483
v -0.170978 0.000970 0.021442
v -0.177364 -0.002205 0.010381
v -0.175528 -0.002205 0.011353
v -0.177345 0.000970 0.010233
v -0.175621 0.000970 0.011420
v -0.188434 0.000970 0.011353
v -0.188341 -0.002205 0.011420
v -0.186617 -0.002205 0.010233
v -0.186598 0.000970 0.010381
v -0.193061 0.000970 0.021475
v -0.192974 -0.002205 0.021437
v -0.193080 -0.002205 0.019359
v -0.192984 0.000970 0.019400
v -0.186833 0.000970 0.028824
v -0.186833 -0.002205 0.028824
v -0.244868 0.000970 -0.054522
v -0.254094 0.000970 -0.054522
v -0.254094 -0.002205 -0.054522
v -0.244868 -0.002205 -0.054522
v -0.238522 -0.002205 -0.045531
v -0.238522 0.000970 -0.045531
v -0.243136 0.000970 -0.053522
v -0.243136 -0.002205 -0.053522
v -0.243136 -0.002205 -0.035541
v -0.243136 0.000970 -0.035541
v -0.238522 0.000970 -0.043531
v -0.238522 -0.002205 -0.043531
v -0.244868 0.000970 -0.034541
v -0.254094 -0.002205 -0.034541
v -0.254094 0.000970 -0.034541
v -0.244868 -0.002205 -0.034541
v -0.260440 -0.002205 -0.043531
v -0.260440 0.000970 -0.043531
v -0.255826 0.000970 -0.035541
v -0.255826 -0.002205 -0.035541
v -0.255826 -0.002205 -0.053522
v -0.255826 0.000970 -0.053522
v -0.260440 0.000970 -0.045531
v -0.260440 -0.002205 -0.045531
v -0.260561 0.000970 -0.043477
v -0.260474 -0.002205 -0.043515
v -0.260580 -0.002205 -0.045593
v -0.260484 0.000970 -0.045552
v -0.254333 -0.002205 -0.036128
v -0.254333 0.000970 -0.036128
v -0.244629 -0.002205 -0.036128
v -0.244629 0.000970 -0.036128
v -0.238401 0.000970 -0.045585
v -0.238488 -0.002205 -0.045547
v -0.238382 -0.002205 -0.043469
v -0.238478 0.000970 -0.043510
v -0.244864 -0.002205 -0.054571
v -0.244845 0.000970 -0.054719
v -0.243028 -0.002205 -0.053599
v -0.243121 0.000970 -0.053532
v -0.255841 -0.002205 -0.053532
v -0.255934 0.000970 -0.053599
v -0.254117 -0.002205 -0.054719
v -0.254098 0.000970 -0.054571
v -0.255826 -0.002205 -0.079502
v -0.255826 0.000970 -0.079502
v -0.260440 0.000970 -0.071512
v -0.260440 -0.002205 -0.071512
v -0.244868 0.000970 -0.080502
v -0.254094 0.000970 -0.080502
v -0.254094 -0.002205 -0.080502
v -0.244868 -0.002205 -0.080502
v -0.238522 -0.002205 -0.071512
v -0.238522 0.000970 -0.071512
v -0.243136 0.000970 -0.079502
v -0.243136 -0.002205 -0.079502
v -0.243136 -0.002205 -0.061522
v -0.243136 0.000970 -0.061522
v -0.238522 0.000970 -0.069512
v -0.238522 -0.002205 -0.069512
v -0.244868 0.000970 -0.060522
v -0.254094 -0.002205 -0.060522
v -0.254094 0.000970 -0.060522
v -0.244868 -0.002205 -0.060522
v -0.260440 -0.002205 -0.069512
v -0.260440 0.000970 -0.069512
v -0.255826 0.000970 -0.061522
v -0.255826 -0.002205 -0.061522
v -0.254107 0.000970 -0.060389
v -0.254333 -0.002205 -0.062109
v -0.255867 0.000970 -0.061493
v -0.243095 -0.002205 -0.061493
v -0.244855 -0.002205 -0.060389
v -0.244629 0.000970 -0.062109
v -0.238401 0.000970 -0.071566
v -0.238488 -0.002205 -0.071528
v -0.238382 -0.002205 -0.069450
v -0.238477 0.000970 -0.069491
v -0.244630 -0.002205 -0.078917
v -0.244630 0.000970 -0.078917
v -0.254332 -0.002205 -0.078917
v -0.254332 0.000970 -0.078917
v -0.260561 0.000970 -0.069458
v -0.260474 -0.002205 -0.069496
v -0.260580 -0.002205 -0.071574
v -0.260484 0.000970 -0.071533
v -0.233326 -0.002205 -0.074512
v -0.237165 0.000970 -0.081160
v -0.233326 0.000970 -0.074512
v -0.237165 -0.002205 -0.081160
v -0.218529 0.000970 -0.084160
v -0.235433 0.000970 -0.084160
v -0.235433 -0.002205 -0.084160
v -0.218529 -0.002205 -0.084160
v -0.216797 -0.002205 -0.081160
v -0.220636 0.000970 -0.074512
v -0.216797 0.000970 -0.081160
v -0.220636 -0.002205 -0.074512
v -0.222368 -0.002205 -0.073512
v -0.231594 0.000970 -0.073512
v -0.222368 0.000970 -0.073512
v -0.231594 -0.002205 -0.073512
v -0.220528 0.000970 -0.074434
v -0.222129 -0.002205 -0.075099
v -0.222364 0.000970 -0.073462
v -0.218391 -0.002205 -0.084655
v -0.218431 0.000970 -0.084617
v -0.216635 0.000970 -0.081089
v -0.216697 -0.002205 -0.081115
v -0.237663 -0.002205 -0.081032
v -0.237610 0.000970 -0.081016
v -0.235453 0.000970 -0.084336
v -0.235444 -0.002205 -0.084269
v -0.231833 0.000970 -0.075099
v -0.231833 -0.002205 -0.075099
v -0.220636 -0.002205 -0.066512
v -0.216022 0.000970 -0.058522
v -0.220636 0.000970 -0.066512
v -0.216022 -0.002205 -0.058522
v -0.216022 -0.002205 -0.056522
v -0.220636 0.000970 -0.048531
v -0.216022 0.000970 -0.056522
v -0.220636 -0.002205 -0.048531
v -0.222368 0.000970 -0.047531
v -0.231594 -0.002205 -0.047531
v -0.231594 0.000970 -0.047531
v -0.222368 -0.002205 -0.047531
v -0.233326 -0.002205 -0.048531
v -0.237940 0.000970 -0.056522
v -0.233326 0.000970 -0.048531
v -0.237940 -0.002205 -0.056522
v -0.237940 -0.002205 -0.058522
v -0.233326 0.000970 -0.066512
v -0.237940 0.000970 -0.058522
v -0.233326 -0.002205 -0.066512
v -0.222368 -0.002205 -0.067512
v -0.222368 0.000970 -0.067512
v -0.231594 0.000970 -0.067512
v -0.231594 -0.002205 -0.067512
v -0.233434 0.000970 -0.066590
v -0.231833 -0.002205 -0.065925
v -0.231598 0.000970 -0.067562
v -0.238061 0.000970 -0.056468
v -0.237974 -0.002205 -0.056506
v -0.238080 -0.002205 -0.058584
v -0.237984 0.000970 -0.058543
v -0.231598 -0.002205 -0.047482
v -0.231617 0.000970 -0.047334
v -0.233434 -0.002205 -0.048454
v -0.233341 0.000970 -0.048521
v -0.220621 -0.002205 -0.048521
v -0.220528 0.000970 -0.048454
v -0.222345 -0.002205 -0.047334
v -0.222364 0.000970 -0.047482
v -0.215901 0.000970 -0.058576
v -0.215988 -0.002205 -0.058538
v -0.215882 -0.002205 -0.056460
v -0.215978 0.000970 -0.056501
v -0.222364 -0.002205 -0.067562
v -0.220528 -0.002205 -0.066590
v -0.222129 0.000970 -0.065925
v -0.218423 -0.002205 -0.026383
v -0.220636 0.000970 -0.022551
v -0.218423 0.000970 -0.026383
v -0.220636 -0.002205 -0.022551
v -0.222368 0.000970 -0.021551
v -0.231594 -0.002205 -0.021551
v -0.231594 0.000970 -0.021551
v -0.222368 -0.002205 -0.021551
v -0.233326 -0.002205 -0.022551
v -0.237940 0.000970 -0.030541
v -0.233326 0.000970 -0.022551
v -0.237940 -0.002205 -0.030541
v -0.237940 -0.002205 -0.032541
v -0.233326 0.000970 -0.040531
v -0.237940 0.000970 -0.032541
v -0.233326 -0.002205 -0.040531
v -0.222368 0.000970 -0.041531
v -0.231594 0.000970 -0.041531
v -0.231594 -0.002205 -0.041531
v -0.222368 -0.002205 -0.041531
v -0.220636 -0.002205 -0.040531
v -0.218162 0.000970 -0.036247
v -0.220636 0.000970 -0.040531
v -0.218162 -0.002205 -0.036247
v -0.218306 -0.002205 -0.027996
v -0.218336 0.000970 -0.027987
v -0.218429 -0.002205 -0.034623
v -0.218362 0.000970 -0.034603
v -0.219364 0.000970 -0.035284
v -0.219364 -0.002205 -0.035284
v -0.222130 -0.002205 -0.039946
v -0.222130 0.000970 -0.039946
v -0.231832 -0.002205 -0.039946
v -0.231832 0.000970 -0.039946
v -0.238061 0.000970 -0.030487
v -0.237974 -0.002205 -0.030525
v -0.238080 -0.002205 -0.032603
v -0.237985 0.000970 -0.032562
v -0.231832 -0.002205 -0.023136
v -0.231832 0.000970 -0.023136
v -0.222130 -0.002205 -0.023136
v -0.222130 0.000970 -0.023136
v -0.219661 -0.002205 -0.027332
v -0.219661 0.000970 -0.027332
v -0.220636 -0.002205 -0.014551
v -0.218297 0.000970 -0.010499
v -0.220636 0.000970 -0.014551
v -0.218297 -0.002205 -0.010499
v -0.218658 -0.002205 -0.002168
v -0.218170 0.000970 -0.002306
v -0.218658 0.000970 -0.008952
v -0.218170 -0.002205 -0.008814
v -0.218297 -0.002205 -0.000621
v -0.220636 0.000970 0.003430
v -0.218297 0.000970 -0.000621
v -0.220636 -0.002205 0.003430
v -0.222368 0.000970 0.004430
v -0.231594 -0.002205 0.004430
v -0.231594 0.000970 0.004430
v -0.222368 -0.002205 0.004430
v -0.233326 -0.002205 0.003430
v -0.237940 0.000970 -0.004560
v -0.233326 0.000970 0.003430
v -0.237940 -0.002205 -0.004560
v -0.237940 -0.002205 -0.006560
v -0.233326 0.000970 -0.014551
v -0.237940 0.000970 -0.006560
v -0.233326 -0.002205 -0.014551
v -0.222368 0.000970 -0.015551
v -0.231594 0.000970 -0.015551
v -0.231594 -0.002205 -0.015551
v -0.222368 -0.002205 -0.015551
v -0.233434 0.000970 -0.014628
v -0.233341 -0.002205 -0.014561
v -0.231617 -0.002205 -0.015748
v -0.231598 0.000970 -0.015600
v -0.238061 0.000970 -0.004506
v -0.237974 -0.002205 -0.004544
v -0.238080 -0.002205 -0.006622
v -0.237985 0.000970 -0.006581
v -0.231832 -0.002205 0.002845
v -0.231832 0.000970 0.002845
v -0.222130 -0.002205 0.002845
v -0.222130 0.000970 0.002845
v -0.219456 0.000970 -0.001571
v -0.219456 -0.002205 -0.001571
v -0.219456 -0.002205 -0.009548
v -0.219456 0.000970 -0.009548
v -0.222364 -0.002205 -0.015600
v -0.220528 -0.002205 -0.014628
v -0.222345 0.000970 -0.015748
v -0.220621 0.000970 -0.014561
v -0.220636 -0.002205 0.011430
v -0.216022 0.000970 0.019421
v -0.220636 0.000970 0.011430
v -0.216022 -0.002205 0.019421
v -0.216022 -0.002205 0.021421
v -0.220636 0.000970 0.029411
v -0.216022 0.000970 0.021421
v -0.220636 -0.002205 0.029411
v -0.222368 0.000970 0.030411
v -0.231594 -0.002205 0.030411
v -0.231594 0.000970 0.030411
v -0.222368 -0.002205 0.030411
v -0.233326 -0.002205 0.029411
v -0.237940 0.000970 0.021421
v -0.233326 0.000970 0.029411
v -0.237940 -0.002205 0.021421
v -0.237940 -0.002205 0.019421
v -0.233326 0.000970 0.011430
v -0.237940 0.000970 0.019421
v -0.233326 -0.002205 0.011430
v -0.222368 0.000970 0.010430
v -0.231594 0.000970 0.010430
v -0.231594 -0.002205 0.010430
v -0.222368 -0.002205 0.010430
v -0.233434 0.000970 0.011353
v -0.233341 -0.002205 0.011420
v -0.231617 -0.002205 0.010233
v -0.231598 0.000970 0.010381
v -0.238061 0.000970 0.021475
v -0.237974 -0.002205 0.021437
v -0.238080 -0.002205 0.019359
v -0.237984 0.000970 0.019400
v -0.231833 0.000970 0.028824
v -0.231833 -0.002205 0.028824
v -0.220528 0.000970 0.029489
v -0.222129 -0.002205 0.028824
v -0.222364 0.000970 0.030461
v -0.215901 0.000970 0.019367
v -0.215988 -0.002205 0.019405
v -0.215882 -0.002205 0.021483
v -0.215978 0.000970 0.021442
v -0.222364 -0.002205 0.010381
v -0.220528 -0.002205 0.011353
v -0.222345 0.000970 0.010233
v -0.220621 0.000970 0.011420
v -0.222368 0.000970 0.056392
v -0.231594 -0.002205 0.056392
v -0.231594 0.000970 0.056392
v -0.222368 -0.002205 0.056392
v -0.233326 -0.002205 0.055392
v -0.237940 0.000970 0.047402
v -0.233326 0.000970 0.055392
v -0.237940 -0.002205 0.047402
v -0.237940 -0.002205 0.045402
v -0.233326 0.000970 0.037411
v -0.237940 0.000970 0.045402
v -0.233326 -0.002205 0.037411
v -0.222368 0.000970 0.036411
v -0.231594 0.000970 0.036411
v -0.231594 -0.002205 0.036411
v -0.222368 -0.002205 0.036411
v -0.220636 -0.002205 0.037411
v -0.216022 0.000970 0.045402
v -0.220636 0.000970 0.037411
v -0.216022 -0.002205 0.045402
v -0.216022 -0.002205 0.047402
v -0.220636 0.000970 0.055392
v -0.216022 0.000970 0.047402
v -0.220636 -0.002205 0.055392
v -0.215901 0.000970 0.045348
v -0.215988 -0.002205 0.045386
v -0.215882 -0.002205 0.047464
v -0.215978 0.000970 0.047423
v -0.222364 -0.002205 0.036362
v -0.220528 -0.002205 0.037334
v -0.222345 0.000970 0.036214
v -0.220621 0.000970 0.037401
v -0.233434 0.000970 0.037334
v -0.233341 -0.002205 0.037401
v -0.231617 -0.002205 0.036214
v -0.231598 0.000970 0.036362
v -0.238061 0.000970 0.047456
v -0.237974 -0.002205 0.047418
v -0.238080 -0.002205 0.045340
v -0.237984 0.000970 0.045381
v -0.231833 0.000970 0.054805
v -0.231833 -0.002205 0.054805
v -0.220528 0.000970 0.055470
v -0.222129 -0.002205 0.054805
v -0.222364 0.000970 0.056442
vn -0.8660 -0.0000 0.5000
vn -0.0000 -0.0000 -1.0000
vn 0.9998 0.0063 -0.0187
vn 0.9989 -0.0307 0.0368
vn 1.0000 -0.0090 0.0043
vn 0.4917 0.0064 -0.8708
vn 0.5313 -0.0243 -0.8468
vn 0.5083 -0.0064 -0.8612
vn 0.6863 -0.3996 0.6077
vn 1.0000 -0.0000 -0.0000
vn -0.5148 0.0060 0.8573
vn -0.5617 -0.0340 0.8266
vn -0.5322 -0.0087 0.8466
vn -0.0000 -0.0000 1.0000
vn -0.9998 0.0064 0.0187
vn -0.9989 -0.0306 -0.0368
vn -1.0000 -0.0089 -0.0043
vn 0.8660 -0.0000 0.5001
vn -0.0000 1.0000 -0.0000
vn -0.8660 -0.0000 -0.5001
vn 0.8327 -0.0034 0.5537
vn 0.8308 0.0007 0.5565
vn 0.8384 -0.0167 0.5448
vn 0.4898 0.3880 -0.7808
vn 0.9998 0.0064 -0.0186
vn 0.9989 -0.0306 0.0368
vn 1.0000 -0.0089 0.0043
vn 0.9998 0.0064 -0.0187
vn -0.8660 -0.0000 0.5001
vn -0.5054 -0.0150 -0.8627
vn -0.5667 0.0340 -0.8232
vn -0.5312 0.0053 -0.8472
vn 0.8661 -0.0000 -0.4999
vn -0.0000 -1.0000 -0.0000
vn -0.5313 0.0053 -0.8472
vn -0.8959 -0.0035 0.4443
vn -0.8974 0.0007 0.4413
vn -0.8910 -0.0167 0.4537
vn -0.9627 0.0101 -0.2704
vn 0.8660 -0.0000 -0.5001
vn 0.6927 -0.3162 -0.6482
vn -0.0615 0.1098 0.9920
vn 0.0169 0.0095 0.9998
vn 0.0378 -0.0173 0.9991
vn 0.8660 -0.0000 -0.5000
vn 0.8660 -0.0000 0.5000
vn 0.8659 -0.0000 -0.5002
vn -0.9998 0.0063 0.0187
vn -0.9989 -0.0307 -0.0368
vn -1.0000 -0.0090 -0.0043
vn 0.1191 -0.1220 0.9854
vn -0.6821 -0.0092 -0.7312
vn -0.6804 -0.0067 -0.7328
vn -0.6342 0.0539 -0.7712
vn 0.4898 0.3879 -0.7808
vn 0.5054 -0.0150 0.8627
vn 0.5667 0.0340 0.8232
vn 0.5312 0.0053 0.8472
vn -0.8660 -0.0000 -0.5000
vn 0.5313 0.0053 0.8472
vn 0.0701 0.5240 -0.8488
vn 0.6982 -0.0459 -0.7145
vn 0.5146 0.0060 -0.8574
vn 0.5618 -0.0340 -0.8266
vn 0.5322 -0.0087 -0.8466
vn 0.2944 0.0043 -0.9557
vn 0.2989 0.0083 -0.9542
vn 0.3163 0.0237 -0.9484
vn -0.4898 -0.3880 -0.7808
vn -0.8661 -0.0000 0.4999
vn -0.8327 -0.0034 -0.5537
vn -0.8309 0.0007 -0.5565
vn -0.8384 -0.0167 -0.5448
vn 0.9746 0.0109 -0.2236
vn 0.9718 -0.0017 -0.2360
vn 0.9718 -0.0015 -0.2357
vn -0.9743 0.0109 0.2250
vn -0.9714 -0.0017 0.2373
vn -0.9715 -0.0015 0.2371
vn 0.7071 -0.0000 0.7071
vn 0.7312 -0.0089 -0.6821
vn 0.7328 -0.0065 -0.6804
vn 0.7712 0.0541 -0.6343
vn -0.9989 -0.0306 -0.0367
vn -0.7233 -0.0701 -0.6870
vn 0.5448 0.0060 0.8385
vn 0.4966 -0.0339 0.8673
vn 0.5275 -0.0086 0.8495
vn 0.7767 -0.5161 -0.3612
vn -0.6083 0.2419 -0.7559
vn -0.7071 -0.0000 -0.7071
vn 0.6083 -0.2419 -0.7559
vn 0.0912 -0.0461 -0.9948
vn 0.3451 -0.4429 0.8275
vn 0.9740 0.2197 0.0550
vn -0.9376 0.0163 -0.3474
vn -0.9503 0.0804 -0.3008
vn -0.9314 -0.0073 -0.3640
vn 0.6325 -0.1956 0.7495
vn 0.8702 0.2998 0.3909
vn -0.8702 -0.2998 0.3909
vn 0.0309 -0.3549 -0.9344
vn -0.4313 0.3880 -0.8145
vn 0.8204 0.5060 0.2662
vn -0.7058 -0.2925 -0.6452
vn 0.2140 0.3016 -0.9291
vn 0.8547 -0.4005 -0.3304
vn 0.7969 0.3498 0.4925
vn -0.3846 -0.3506 0.8539
vn 0.0289 0.3611 -0.9321
vn 0.5060 -0.2637 -0.8213
vn 0.6409 0.0588 0.7654
vn 0.6078 0.0117 0.7940
vn 0.4938 -0.1296 0.8599
vn -0.8375 0.1674 0.5202
vn 0.7214 0.1934 0.6649
vn 0.5239 -0.0519 -0.8502
vn 0.4196 0.1074 -0.9013
vn 0.4599 0.0491 -0.8866
vn 0.3502 0.1997 -0.9151
vn 0.5706 -0.0376 0.8204
vn 0.5564 -0.0555 0.8290
vn -0.9031 0.1851 0.3876
vn -0.9759 -0.0515 0.2121
vn -0.9626 0.0232 0.2700
vn 0.1338 0.0099 -0.9910
vn 0.0312 0.1306 -0.9909
vn 0.1462 -0.0051 -0.9892
vn 0.6303 0.0434 0.7751
vn 0.1157 -0.0645 -0.9912
vn -0.0312 -0.2456 -0.9689
vn 0.0685 -0.1239 -0.9899
vn 0.2238 0.0764 -0.9716
vn 0.8579 0.0021 0.5137
vn 0.8506 -0.0165 0.5256
vn 0.8602 0.0080 0.5099
vn 0.8670 0.0268 0.4976
vn -0.8466 0.0568 0.5292
vn -0.8679 0.1263 0.4804
vn -0.7815 -0.0890 0.6175
vn 0.3452 -0.0038 -0.9385
vn 0.3297 0.0096 -0.9440
vn 0.3416 -0.0007 -0.9398
vn 0.9999 -0.0090 0.0043
vn 0.3810 -0.0069 0.9246
vn 0.4265 0.0355 0.9038
vn 0.3909 0.0022 0.9204
vn 0.2769 -0.0111 -0.9608
vn -0.5313 -0.0053 0.8472
vn -0.4674 0.0439 0.8829
vn -0.5054 0.0150 0.8627
vn 0.4674 -0.0439 0.8830
vn -0.9019 0.0141 0.4316
vn 0.5312 -0.0053 -0.8472
vn 0.4674 0.0439 -0.8829
vn 0.5054 0.0150 -0.8627
vn 0.5145 0.0060 -0.8574
vn 0.5616 -0.0341 -0.8267
vn 0.5321 -0.0087 -0.8466
vn 0.4674 0.0438 -0.8829
vn -0.4783 0.1207 0.8699
vn -0.5312 -0.0053 0.8472
vn 0.4313 0.3879 0.8146
vn -0.5449 0.0059 -0.8385
vn -0.4966 -0.0341 -0.8673
vn -0.5275 -0.0087 -0.8495
vn 0.7629 0.0012 -0.6465
vn 0.7625 0.0004 -0.6470
vn 0.7661 0.0067 -0.6427
vn -0.9383 0.0521 0.3420
vn -0.9371 0.0310 0.3478
vn -0.9287 -0.0468 0.3678
vn -0.8248 0.0141 -0.5653
vn -0.8308 0.0007 -0.5565
vn 0.8659 -0.0000 0.5003
vn -0.4313 -0.3880 0.8145
vn -0.7870 -0.0115 0.6169
vn -0.8227 -0.0895 0.5615
vn -0.7807 0.0006 0.6249
vn -0.2452 0.3715 -0.8954
vn 0.6586 0.0033 -0.7525
vn 0.6611 -0.0032 -0.7503
vn 0.6628 -0.0079 -0.7488
vn -0.4917 -0.0064 -0.8708
vn -0.5313 0.0243 -0.8468
vn -0.5083 0.0064 -0.8612
vn -0.9123 -0.0662 -0.4041
vn -0.9476 0.0167 0.3190
vn -0.9414 -0.0100 0.3372
vn -0.9584 0.0803 0.2740
vn -0.4674 -0.0439 -0.8829
vn 0.6129 0.1425 0.7772
vn 0.6431 0.0673 0.7628
vn 0.6861 -0.0674 0.7244
vn 0.4287 -0.0119 0.9034
vn 0.4589 0.0173 0.8883
vn 0.4345 -0.0064 0.9007
vn -0.8819 0.0381 -0.4698
vn -0.8938 0.1153 -0.4334
vn -0.8969 0.1489 -0.4163
vn 0.5313 -0.0053 -0.8472
vn 0.4674 0.0439 -0.8830
vn -0.9413 0.0020 -0.3375
vn -0.9425 0.0064 -0.3341
vn -0.9409 0.0005 -0.3386
vn 0.4674 -0.0438 0.8829
vn 0.4891 0.0063 -0.8722
vn 0.5365 -0.0311 -0.8433
vn 0.5086 -0.0089 -0.8609
vn 0.9989 -0.0306 0.0367
vn 0.5675 0.0054 0.8234
vn 0.5195 -0.0371 0.8537
vn 0.5521 -0.0085 0.8337
vn 0.4678 0.0244 -0.8835
vn 0.7038 -0.1426 0.6960
vn -0.4674 -0.0438 -0.8829
vn 0.8248 0.0141 0.5653
vn 0.4674 -0.0439 0.8829
vn 0.8959 -0.0035 -0.4442
vn 0.8974 0.0007 -0.4412
vn 0.8910 -0.0167 -0.4536
vn -0.4313 -0.3879 0.8146
vn 0.2888 0.4454 -0.8475
vn -0.4674 0.0438 0.8829
vn -0.9998 0.0064 0.0186
vn -0.7312 -0.0091 0.6821
vn -0.7329 -0.0066 0.6803
vn -0.7714 0.0541 0.6341
vn 0.9409 0.0044 0.3386
vn 0.9347 -0.0134 0.3552
vn 0.9409 0.0041 0.3388
vn -1.0000 -0.0000 -0.0000
vn 0.4313 0.3880 0.8145
vn 0.8659 -0.0000 0.5002
vn -0.7038 0.1426 0.6960
vn -0.6861 0.0674 0.7244
vn -0.6431 -0.0673 0.7628
vn 0.9020 0.0141 -0.4316
vn 0.9996 -0.0253 0.0103
vn 0.9977 -0.0600 0.0303
vn 0.9955 -0.0840 0.0442
vn -0.9913 0.1287 0.0279
vn -0.9913 -0.1287 -0.0279
vn -0.9826 -0.1814 -0.0393
vn -0.9973 -0.0664 -0.0311
vn -0.9853 -0.1547 -0.0724
vn -0.9973 0.0664 0.0311
vn 0.9465 0.0220 0.3218
vn -0.8659 -0.0000 0.5003
vn -0.9254 -0.0680 0.3728
vn 0.4150 0.1022 0.9041
vn 0.3623 -0.1293 0.9230
vn 0.3467 -0.1835 0.9198
vn -0.9238 -0.0693 0.3765
vn 0.5082 0.0064 0.8612
vn 0.4678 -0.0243 0.8835
vn 0.4916 -0.0063 0.8708
vn -0.4313 0.3880 -0.8146
vn 0.5312 0.0243 0.8469
vn 0.6870 -0.0699 -0.7233
vn 0.7262 -0.0009 0.6875
vn 0.7265 -0.0015 0.6872
vn 0.7238 0.0030 0.6900
vn 0.7246 -0.0287 0.6886
vn 0.7190 -0.0067 0.6950
vn 0.7051 0.0423 0.7078
vn -0.1577 -0.2849 0.9455
vn -0.9809 0.0026 -0.1946
vn -0.9805 0.0011 -0.1964
vn -0.9820 0.0076 -0.1886
vn 0.5982 -0.0067 0.8013
vn 0.5837 0.0060 0.8119
vn 0.5890 0.0014 0.8081
vn -0.6189 0.0274 -0.7850
vn -0.6265 0.0056 -0.7794
vn -0.6394 -0.0338 -0.7681
vn 0.6189 -0.0274 -0.7850
vn 0.6265 -0.0056 -0.7794
vn 0.6394 0.0338 -0.7681
vn 0.4241 0.1564 0.8920
vn -0.9826 0.1814 0.0393
vn 0.3440 -0.0403 0.9381
vn 0.2815 -0.4883 0.8260
vn 0.9019 0.0141 -0.4316
vn -0.7354 0.0789 0.6730
vn 0.7067 0.0161 0.7073
vn 0.6807 -0.0503 0.7309
vn 0.7359 0.1069 0.6686
vn -0.4313 -0.3880 0.8146
vn -0.4678 -0.0244 -0.8835
vn -0.4898 -0.3879 -0.7808
vn -0.6869 -0.0701 0.7233
vn -0.9998 -0.0095 0.0185
vn -0.9999 -0.0008 0.0143
vn -0.9999 0.0124 0.0080
vn -0.6129 -0.1425 0.7772
vn 0.4313 -0.3880 -0.8146
vn -0.3817 0.4754 0.7927
vn -0.4313 0.3879 -0.8146
vn 0.9983 0.0280 -0.0511
vn -0.5667 -0.0340 0.8232
vn -0.4837 0.0312 0.8747
vn 0.4600 0.0285 -0.8875
vn -0.9983 0.0280 0.0511
vn -0.9417 -0.1728 0.2888
vn -0.9364 -0.2517 0.2445
vn -0.9272 -0.0014 0.3745
vn 0.0322 -0.0080 0.9995
vn -0.0344 0.0787 0.9963
vn 0.0167 0.0122 0.9998
vn 0.8901 0.3714 -0.2640
vn 0.5740 0.0313 0.8183
vn -0.8523 -0.5221 0.0317
vn 0.4835 0.0314 -0.8748
vn -0.5742 0.0313 -0.8181
vn 0.5667 -0.0340 -0.8232
vn 0.5957 0.4189 0.6853
vn -0.0000 1.0000 -0.0002
vn 0.9983 0.0280 -0.0510
vn 0.5743 0.0141 0.8185
vn 0.9983 0.0280 -0.0512
vn 0.2773 -0.4259 0.8613
vn 0.4834 0.0313 -0.8748
vn 0.2456 -0.1267 -0.9610
vn -0.9820 -0.1878 -0.0226
vn 0.4841 -0.4518 -0.7493
vn 0.4033 -0.0358 0.9143
vn -0.1564 0.2456 -0.9567
vn -0.8629 0.2594 0.4337
vn 0.3570 -0.0142 -0.9340
vn -0.3451 0.4429 0.8275
vn -0.9983 0.0280 0.0510
vn -0.9983 0.0280 0.0512
vn -0.6325 0.1956 0.7495
vn -0.0104 0.0058 -0.9999
vn -0.0493 -0.0441 -0.9978
vn -0.0194 -0.0058 -0.9998
vn 0.3868 -0.2451 -0.8890
vn -0.9234 -0.0144 0.3837
vn -0.9449 0.0848 0.3162
vn -0.9312 0.0151 0.3642
vn -0.9005 -0.0829 0.4269
vn -0.8307 0.3404 0.4406
vn -0.8898 0.2531 0.3798
vn -0.9741 -0.2112 0.0803
vn -0.8841 -0.3747 0.2792
vn -0.8598 0.3549 0.3670
vn -0.9476 -0.3096 0.0782
vn -0.9983 0.0279 0.0511
vn 0.7495 0.1605 0.6422
vn 0.8021 -0.4667 -0.3724
vn -0.9683 -0.0142 0.2494
vn 0.7593 -0.0051 -0.6507
vn 0.6569 0.0079 -0.7540
vn -0.9998 0.0211 0.0038
vn 0.3977 0.4534 -0.7976
vn 0.5667 -0.0341 -0.8232
vn 0.9686 -0.0142 -0.2481
vn 0.0837 -0.0754 0.9936
vn 0.2452 -0.3715 -0.8954
vn 0.6982 0.0645 0.7130
vn -0.9000 0.1084 0.4221
vn -0.9398 -0.0038 -0.3418
vn -0.8718 -0.0077 -0.4898
vn 0.5982 0.0339 0.8006
vn 0.7449 0.1016 -0.6593
vn 0.6461 0.0557 -0.7612
vn 1.0000 0.0043 -0.0069
vn 0.0322 0.0080 -0.9994
vn -0.0344 -0.0787 -0.9963
vn 0.0168 -0.0122 -0.9998
vn 0.0196 0.0441 -0.9988
vn 0.0197 0.0848 0.9962
vn -0.6461 -0.0557 -0.7612
vn 0.9691 0.2464 -0.0091
vn 0.7289 -0.0053 0.6846
vn -0.9793 -0.0039 -0.2024
vn 0.0838 0.0754 -0.9936
vn -0.8278 -0.3806 -0.4122
vn -0.9853 0.1547 0.0724
vn 0.6756 0.3153 0.6664
vn -0.8901 -0.3714 -0.2640
vn -0.3590 0.4325 -0.8271
s 1
f 1982//165 1981//165 1979//165
f 1870//166 1869//166 1867//166
f 2702//166 2701//166 2699//166
f 1431//167 1432//168 1429//169
f 2205//170 2206//171 2203//172
f 1280//173 1282//173 1283//173
f 1246//174 1244//174 1245//174
f 2745//175 2746//176 2743//177
f 1858//178 1856//178 1857//178
f 1893//179 1894//180 1891//181
f 1878//182 1876//182 1877//182
f 1459//166 1458//166 1456//166
f 922//183 1049//183 1061//183
f 1455//184 1453//184 1454//184
f 1516//185 1518//186 1517//187
f 836//183 846//183 864//183
f 2861//188 2862//188 2860//188
f 1927//189 1928//190 1925//191
f 3048//165 3047//165 3045//165
f 1830//182 1828//182 1829//182
f 2091//192 2092//190 2089//169
f 1574//166 1573//166 1571//166
f 1950//193 1949//193 1947//193
f 1942//182 1941//182 1939//182
f 2491//178 2489//178 2490//178
f 2395//194 2396//195 2397//196
f 2074//184 2073//184 2071//184
f 2066//178 2064//178 2065//178
f 1538//197 1536//197 1537//197
f 2240//192 2242//190 2241//191
f 3012//166 3011//166 3009//166
f 1451//178 1449//178 1450//178
f 1504//184 1503//184 1501//184
f 2604//166 2603//166 2601//166
f 1413//166 1412//166 1410//166
f 638//198 740//198 637//198
f 2647//166 2646//166 2644//166
f 1238//166 1236//166 1237//166
f 2677//194 2678//195 2679//199
f 1684//184 1682//184 1683//184
f 1525//193 1523//193 1524//193
f 1324//166 1323//166 1321//166
f 2512//194 2513//195 2514//196
f 2897//200 2899//201 2898//202
f 1946//178 1944//178 1945//178
f 2018//184 2017//184 2015//184
f 3068//178 3066//178 3067//178
f 2034//178 2032//178 2033//178
f 2847//193 2845//193 2846//193
f 1482//189 1483//190 1480//191
f 2314//193 2312//193 2313//193
f 2621//203 2620//203 2619//203
f 2876//189 2877//190 2874//191
f 2026//204 2025//204 2023//204
f 1533//205 1534//205 1532//205
f 2495//193 2493//193 2494//193
f 1586//178 1584//178 1585//178
f 3128//192 3129//190 3126//191
f 1550//206 1549//207 1547//208
f 2507//209 2505//209 2506//209
f 2754//210 2753//210 2751//210
f 1467//182 1465//182 1466//182
f 632//198 436//198 700//198
f 1922//178 1920//178 1921//178
f 2459//211 2458//211 2456//211
f 2826//212 2827//213 2824//214
f 1974//210 1973//210 1971//210
f 3105//178 3103//178 3104//178
f 1548//215 1547//208 1549//207
f 1231//216 1232//217 1233//218
f 2943//194 2942//195 2944//196
f 1754//219 1755//219 1753//219
f 2035//220 2036//221 2037//222
f 3025//220 3026//221 3027//222
f 1360//223 1358//223 1359//223
f 2639//193 2637//193 2638//193
f 1636//178 1634//178 1635//178
f 2125//179 2126//180 2123//181
f 2833//220 2832//221 2834//224
f 1638//220 1637//221 1639//224
f 1990//166 1989//166 1987//166
f 2118//166 2117//166 2115//166
f 2226//184 2224//184 2225//184
f 1438//194 1437//195 1439//196
f 1260//225 1261//225 1259//225
f 1995//212 1996//180 1993//214
f 3069//220 3070//221 3071//222
f 1335//192 1336//190 1333//191
f 651//198 650//198 467//198
f 1364//226 1365//226 1363//226
f 1582//182 1581//182 1579//182
f 2370//193 2368//193 2369//193
f 2156//178 2154//178 2155//178
f 1601//192 1602//190 1599//191
f 2503//166 2502//166 2500//166
f 1699//227 1700//228 1697//229
f 2547//178 2545//178 2546//178
f 1562//230 1559//231 1561//232
f 1758//233 1756//233 1757//233
f 1692//166 1691//166 1689//166
f 3000//234 2999//234 2997//234
f 1799//194 1800//195 1801//199
f 1751//189 1752//190 1749//191
f 1443//179 1444//180 1441//181
f 1463//204 1461//204 1462//204
f 1770//178 1768//178 1769//178
f 1955//235 1957//236 1956//237
f 1740//166 1739//166 1737//166
f 1654//212 1656//213 1655//214
f 1978//178 1976//178 1977//178
f 1910//166 1909//166 1907//166
f 1790//182 1788//182 1789//182
f 1628//211 1626//211 1627//211
f 1748//182 1746//182 1747//182
f 1782//166 1781//166 1779//166
f 2889//184 2888//184 2886//184
f 2750//204 2749//204 2747//204
f 2271//178 2269//178 2270//178
f 1312//178 1310//178 1311//178
f 2766//184 2765//184 2763//184
f 2263//204 2261//204 2262//204
f 2655//182 2653//182 2654//182
f 2956//184 2955//184 2953//184
f 2366//178 2364//178 2365//178
f 1862//193 1860//193 1861//193
f 3084//212 3085//213 3082//214
f 2070//193 2069//193 2067//193
f 1222//178 1221//178 1219//178
f 2543//182 2541//182 2542//182
f 2120//194 2119//195 2121//196
f 2353//194 2354//195 2355//199
f 2152//204 2151//204 2149//204
f 2106//178 2104//178 2105//178
f 2078//166 2077//166 2075//166
f 2616//178 2614//178 2615//178
f 2445//238 2444//239 2442//240
f 1778//223 1776//223 1777//223
f 3093//166 3092//166 3090//166
f 2893//166 2892//166 2890//166
f 2807//166 2806//166 2804//166
f 1479//241 1478//242 1476//243
f 2180//166 2179//166 2177//166
f 2518//179 2519//180 2516//181
f 1425//178 1423//178 1424//178
f 1906//184 1904//184 1905//184
f 1252//244 1250//244 1251//244
f 2579//193 2578//193 2576//193
f 2571//182 2570//182 2568//182
f 2989//192 2990//190 2987//169
f 2022//166 2021//166 2019//166
f 2157//185 2159//186 2158//187
f 865//183 864//183 1212//183
f 804//198 757//198 826//198
f 2194//178 2192//178 2193//178
f 2818//192 2819//190 2816//191
f 2770//166 2769//166 2767//166
f 2001//220 2002//221 2003//222
f 2234//204 2232//204 2233//204
f 1643//192 1644//190 1641//191
f 2230//166 2229//166 2227//166
f 2885//178 2883//178 2884//178
f 1954//166 1953//166 1951//166
f 2930//178 2928//178 2929//178
f 1239//245 1240//246 1241//247
f 2062//182 2061//182 2059//182
f 1761//212 1762//248 1759//214
f 1232//217 1231//216 1234//249
f 1010//183 1011//183 1199//183
f 2341//250 2342//251 2339//252
f 2718//178 2716//178 2717//178
f 2267//182 2265//182 2266//182
f 1409//223 1408//223 1406//223
f 1529//223 1527//223 1528//223
f 2815//210 2813//210 2814//210
f 1260//253 1262//253 1261//253
f 2275//193 2273//193 2274//193
f 1266//254 1270//254 1265//254
f 2455//255 2453//255 2454//255
f 1814//193 1812//193 1813//193
f 1265//256 1267//256 1266//256
f 3008//223 3007//223 3005//223
f 1530//257 1531//257 1532//257
f 1268//258 1269//258 1267//258
f 1316//165 1315//165 1313//165
f 3016//204 3015//204 3013//204
f 1280//259 1281//259 1282//259
f 2633//260 2632//261 2634//262
f 1275//263 1276//263 1274//263
f 1343//212 1344//180 1341//214
f 1274//264 1271//264 1275//264
f 3075//192 3076//190 3073//191
f 1273//265 1272//265 1276//265
f 2322//166 2321//166 2319//166
f 1485//219 1486//219 1484//219
f 1361//266 1362//266 1363//266
f 1510//267 1511//267 1509//267
f 1256//268 1255//268 1257//268
f 2612//210 2611//210 2609//210
f 1290//269 1285//269 1286//269
f 1286//270 1285//270 1287//270
f 1287//271 1289//271 1286//271
f 1289//272 1287//272 1288//272
f 1288//273 1290//273 1289//273
f 1291//274 1292//274 1293//274
f 1294//275 1292//275 1291//275
f 1294//276 1295//277 1296//278
f 1295//279 1293//279 1296//279
f 1291//280 1295//277 1294//276
f 1300//281 1298//282 1299//283
f 1297//284 1299//283 1298//282
f 1300//285 1301//286 1302//278
f 1301//287 1297//288 1302//289
f 2481//290 2480//291 2482//292
f 1299//293 1301//286 1300//285
f 1305//294 1304//295 1303//296
f 1305//294 1303//296 1306//297
f 1305//298 1306//299 1307//300
f 1307//300 1308//301 1305//298
f 1307//302 1304//303 1308//304
f 1386//305 1387//306 1388//307
f 1328//204 1327//204 1325//204
f 1632//210 1630//210 1631//210
f 2388//167 2390//168 2389//308
f 1384//192 1385//190 1382//191
f 2665//309 2666//310 2667//311
f 1935//212 1936//248 1933//214
f 1560//312 1559//231 1562//230
f 1658//313 1657//314 1659//315
f 1380//224 1381//316 1379//220
f 2762//165 2761//165 2759//165
f 2378//166 2377//166 2375//166
f 1721//167 1722//168 1719//169
f 1515//317 1514//201 1512//200
f 2138//318 2137//319 2139//320
f 2386//182 2384//182 2385//182
f 2290//321 2291//322 2288//323
f 1377//178 1375//178 1376//178
f 2144//184 2143//184 2141//184
f 1369//204 1367//204 1368//204
f 2148//166 2147//166 2145//166
f 1786//209 1784//209 1785//209
f 2250//212 2251//180 2248//214
f 1434//318 1433//324 1435//320
f 1421//182 1420//182 1418//182
f 1332//210 1331//210 1329//210
f 2617//325 2618//325 2619//325
f 2429//178 2427//178 2428//178
f 1347//326 1345//314 1346//315
f 2131//327 2132//327 2130//327
f 2510//318 2508//324 2509//320
f 1417//209 1416//209 1414//209
f 1703//328 1704//329 1701//330
f 2440//331 2439//332 2441//333
f 1500//178 1498//178 1499//178
f 1471//334 1470//335 1468//336
f 2587//337 2586//338 2584//235
f 2374//223 2372//223 2373//223
f 1496//204 1495//204 1493//204
f 2330//339 2328//339 2329//339
f 2590//340 2588//340 2589//340
f 1557//167 1558//168 1555//169
f 1569//179 1570//180 1567//181
f 1474//341 1475//342 1473//343
f 2900//317 2899//201 2897//200
f 1272//344 1273//344 1271//344
f 1621//345 1623//346 1624//347
f 1487//348 1488//349 1489//350
f 2218//178 2216//178 2217//178
f 1826//209 1824//209 1825//209
f 2634//262 2635//351 2633//260
f 1595//352 1593//353 1596//354
f 2679//199 2680//355 2677//194
f 1578//204 1577//204 1575//204
f 2714//356 2713//357 2712//358
f 2292//194 2293//195 2294//196
f 1774//193 1772//193 1773//193
f 1551//359 1552//360 1553//361
f 1591//362 1590//363 1589//364
f 1744//204 1742//204 1743//204
f 1902//193 1900//193 1901//193
f 1797//365 1795//366 1796//320
f 1512//200 1514//201 1513//202
f 2416//166 2415//166 2413//166
f 2499//223 2497//223 2498//223
f 1605//367 1606//368 1607//369
f 2936//167 2937//190 2934//169
f 2176//184 2174//184 2175//184
f 2539//204 2537//204 2538//204
f 1970//204 1969//204 1967//204
f 2003//222 2004//370 2001//220
f 1664//204 1662//204 1663//204
f 2526//167 2527//168 2524//169
f 2487//182 2485//182 2486//182
f 1648//371 1650//372 1649//373
f 1680//193 1678//193 1679//193
f 1732//193 1730//193 1731//193
f 3031//167 3032//374 3029//169
f 2922//209 2921//209 2919//209
f 1736//184 1734//184 1735//184
f 1320//184 1319//184 1317//184
f 1396//212 1397//213 1394//214
f 1728//178 1726//178 1727//178
f 1714//375 1716//376 1715//377
f 2203//172 2204//378 2205//170
f 2968//182 2967//182 2965//182
f 2881//204 2880//204 2878//204
f 1881//167 1882//190 1879//169
f 1843//318 1841//366 1842//320
f 1847//199 1848//355 1845//194
f 2926//182 2925//182 2923//182
f 2711//379 2712//358 2713//357
f 1822//166 1821//166 1819//166
f 1805//179 1806//180 1803//181
f 1885//318 1883//324 1884//320
f 1889//196 1890//380 1887//194
f 1914//204 1912//204 1913//204
f 1839//167 1840//168 1837//169
f 1845//194 1846//195 1847//199
f 2014//165 2013//165 2011//165
f 1874//209 1872//209 1873//209
f 1519//381 1518//186 1516//185
f 2834//224 2835//316 2833//220
f 1918//182 1916//182 1917//182
f 1639//224 1640//382 1638//220
f 1676//178 1674//178 1675//178
f 1708//179 1710//180 1709//181
f 2382//209 2380//209 2381//209
f 2083//179 2084//180 2081//181
f 2851//184 2849//184 2850//184
f 1986//184 1985//184 1983//184
f 2593//383 2595//384 2594//385
f 2129//386 2127//386 2128//386
f 2168//317 2167//201 2165//200
f 1349//220 1350//221 1351//222
f 1533//387 1532//387 1531//387
f 1612//165 1610//165 1611//165
f 2007//192 2008//190 2005//191
f 2053//326 2051//388 2052//315
f 2037//222 2038//370 2035//220
f 2049//389 2050//180 2047//181
f 1427//327 1428//327 1426//327
f 1223//390 1224//391 1225//392
f 3060//204 3059//204 3057//204
f 2102//182 2101//182 2099//182
f 2972//178 2970//178 2971//178
f 2172//193 2170//193 2171//193
f 2474//222 2475//382 2472//220
f 2202//393 2201//394 2200//395
f 2058//204 2057//204 2055//204
f 2279//223 2277//223 2278//223
f 1230//396 1228//396 1229//396
f 2303//397 2304//397 2302//397
f 2030//210 2029//210 2027//210
f 2110//193 2109//193 2107//193
f 2098//209 2097//209 2095//209
f 2331//379 2332//358 2333//357
f 1351//222 1352//316 1349//220
f 1542//398 1540//398 1541//398
f 2688//399 2686//400 2687//401
f 1966//402 1965//384 1963//383
f 2114//223 2113//223 2111//223
f 2298//179 2299//180 2296//181
f 1508//166 1507//166 1505//166
f 1999//326 1997//314 1998//315
f 2185//403 2187//404 2188//405
f 2758//178 2756//178 2757//178
f 2165//200 2167//201 2166//202
f 1379//220 1378//221 1380//224
f 2531//255 2529//255 2530//255
f 1963//383 1965//384 1964//385
f 2597//406 2599//407 2600//408
f 3003//409 3004//410 3001//411
f 2425//398 2423//398 2424//398
f 2041//192 2042//374 2039//169
f 3020//210 3019//210 3017//210
f 2202//393 2200//395 2199//412
f 2222//165 2220//165 2221//165
f 2238//210 2236//210 2237//210
f 2472//220 2473//221 2474//222
f 2692//413 2690//413 2691//413
f 2258//222 2259//316 2257//220
f 2624//222 2625//370 2622//220
f 2283//166 2282//166 2280//166
f 2683//179 2684//180 2681//181
f 2160//381 2159//186 2157//185
f 2558//189 2559//190 2556//169
f 2355//199 2356//355 2353//194
f 2359//179 2360//180 2357//181
f 2318//223 2316//223 2317//223
f 2338//178 2336//178 2337//178
f 2795//178 2793//178 2794//178
f 2782//220 2783//221 2784//222
f 1469//414 1468//336 1470//335
f 858//183 847//183 859//183
f 2257//220 2256//221 2258//222
f 3120//313 3118//314 3119//315
f 2397//196 2398//380 2395//194
f 1543//415 1545//416 1546//417
f 2326//209 2324//209 2325//209
f 2346//167 2348//168 2347//169
f 1593//353 1595//352 1594//418
f 2407//419 2408//420 2406//421
f 2306//167 2308//168 2307//169
f 2803//184 2801//184 2802//184
f 2514//196 2515//380 2512//194
f 2253//313 2252//314 2254//315
f 2932//327 2933//327 2931//327
f 2401//179 2402//180 2399//181
f 2772//422 2773//422 2771//422
f 2628//192 2629//374 2626//169
f 2643//223 2641//223 2642//223
f 2478//192 2479//190 2476//191
f 2412//184 2410//184 2411//184
f 2406//421 2405//423 2407//419
f 1356//165 1354//165 1355//165
f 1240//246 1239//245 1242//424
f 1793//167 1794//168 1791//169
f 2463//210 2462//210 2460//210
f 2197//425 2195//426 2198//427
f 2829//313 2828//314 2830//315
f 2584//235 2586//338 2585//237
f 2450//179 2451//248 2448//214
f 2467//178 2465//178 2466//178
f 2671//167 2672//168 2669//169
f 1669//428 1670//429 1671//430
f 2780//326 2778//388 2779//315
f 1439//196 1440//380 1438//194
f 2135//167 2136//190 2133//169
f 2535//166 2534//166 2532//166
f 1405//193 1404//193 1402//193
f 2551//165 2549//165 2550//165
f 1263//431 1264//431 1262//431
f 1887//194 1888//195 1889//196
f 2566//432 2564//433 2565//434
f 2855//166 2854//166 2852//166
f 2583//166 2582//166 2580//166
f 2720//435 2719//436 2722//437
f 1688//438 1687//439 1686//440
f 2575//178 2573//178 2574//178
f 1866//223 1864//223 1865//223
f 2895//267 2896//267 2894//267
f 1693//441 1694//442 1695//443
f 2211//212 2212//248 2209//214
f 1545//416 1543//415 1544//444
f 2599//407 2597//406 2598//445
f 2608//204 2607//204 2605//204
f 2665//309 2667//311 2668//446
f 2696//223 2694//223 2695//223
f 3071//222 3072//370 3069//220
f 2622//220 2623//221 2624//222
f 3116//212 3117//213 3114//214
f 2656//447 2658//447 2659//447
f 2731//365 2729//319 2730//320
f 3124//222 3125//316 3122//220
f 2596//448 2595//384 2593//383
f 2334//356 2333//357 2332//358
f 2706//209 2704//209 2705//209
f 1473//343 1472//449 1474//341
f 2710//339 2708//339 2709//339
f 2189//450 2190//451 2188//452
f 2939//318 2938//324 2940//320
f 2901//185 2903//186 2902//187
f 1373//210 1371//210 1372//210
f 2918//166 2917//166 2915//166
f 2964//204 2963//204 2961//204
f 1958//337 1957//236 1955//235
f 2776//212 2777//213 2774//214
f 2788//192 2789//190 2786//191
f 2651//209 2649//209 2650//209
f 1801//199 1802//355 1799//194
f 1399//313 1398//314 1400//315
f 2799//165 2797//165 2798//165
f 2859//204 2857//204 2858//204
f 2811//204 2809//204 2810//204
f 1818//223 1816//223 1817//223
f 2952//453 2950//453 2951//453
f 2433//193 2431//193 2432//193
f 2839//182 2837//182 2838//182
f 2843//178 2841//178 2842//178
f 3027//222 3028//370 3025//220
f 2294//196 2295//355 2292//194
f 2868//212 2869//248 2866//214
f 1489//350 1490//454 1487//348
f 2865//455 2863//455 2864//455
f 1834//178 1832//178 1833//178
f 1224//391 1223//390 1226//456
f 2910//193 2909//193 2907//193
f 2948//179 2949//180 2946//181
f 2977//457 2978//458 2979//459
f 2904//381 2903//186 2901//185
f 2944//196 2945//380 2943//194
f 2351//318 2349//366 2350//320
f 2284//441 2285//442 2286//443
f 2976//193 2975//193 2973//193
f 1851//179 1852//180 1849//181
f 2685//460 2687//401 2686//400
f 2960//166 2959//166 2957//166
f 1181//183 922//183 921//183
f 2727//167 2728//168 2725//169
f 2245//461 2243//461 2244//461
f 2914//223 2913//223 2911//223
f 3043//326 3041//388 3042//315
f 2184//204 2182//204 2183//204
f 2738//179 2740//180 2739//181
f 1447//453 1445//453 1446//453
f 3024//178 3022//178 3023//178
f 3088//326 3086//388 3087//315
f 3064//210 3063//210 3061//210
f 3056//166 3055//166 3053//166
f 2121//196 2122//380 2120//194
f 1668//339 1666//339 1667//339
f 1283//462 1282//462 1284//462
f 3080//463 3081//463 3079//463
f 3052//184 3051//184 3049//184
f 3097//204 3096//204 3094//204
f 2784//222 2785//370 2782//220
f 3113//184 3112//184 3110//184
f 3101//210 3100//210 3098//210
f 3109//165 3108//165 3106//165
f 2393//318 2391//324 2392//320
f 2675//318 2673//366 2674//320
f 3122//220 3123//221 3124//222
f 1620//166 1619//166 1617//166
f 1616//184 1614//184 1615//184
f 3133//267 3134//267 3132//267
f 1982//165 1980//165 1981//165
f 1870//166 1868//166 1869//166
f 2702//166 2700//166 2701//166
f 862//183 964//183 965//183
f 1879//169 1880//464 1881//167
f 2054//465 2053//326 2052//315
f 1246//174 1243//174 1244//174
f 1858//178 1855//178 1856//178
f 2831//465 2829//313 2830//315
f 2743//177 2744//466 2745//175
f 1878//182 1875//182 1876//182
f 1649//373 1647//467 1648//371
f 1459//166 1457//166 1458//166
f 2516//181 2517//468 2518//179
f 1061//183 1079//183 922//183
f 1455//184 1452//184 1453//184
f 1933//214 1934//468 1935//212
f 3048//165 3046//165 3047//165
f 568//198 564//198 569//198
f 673//198 568//198 569//198
f 569//198 684//198 673//198
f 673//198 684//198 607//198
f 684//198 687//198 607//198
f 1830//182 1827//182 1828//182
f 1574//166 1572//166 1573//166
f 1950//193 1948//193 1949//193
f 1942//182 1940//182 1941//182
f 2491//178 2488//178 2489//178
f 1589//469 1590//470 1587//471
f 2074//184 2072//184 2073//184
f 2066//178 2063//178 2064//178
f 1538//197 1535//197 1536//197
f 2241//191 2239//464 2240//192
f 2662//472 2664//473 2663//474
f 3012//166 3010//166 3011//166
f 1451//178 1448//178 1449//178
f 1265//475 1268//475 1267//475
f 1504//184 1502//184 1503//184
f 2604//166 2602//166 2603//166
f 2339//252 2340//476 2341//250
f 2448//214 2449//468 2450//179
f 1413//166 1411//166 1412//166
f 2647//166 2645//166 2646//166
f 1238//166 1235//166 1236//166
f 1684//184 1681//184 1682//184
f 1525//193 1522//193 1523//193
f 601//198 677//198 502//198
f 601//198 502//198 503//198
f 502//198 767//198 503//198
f 766//198 601//198 503//198
f 777//198 503//198 767//198
f 766//198 503//198 602//198
f 720//198 766//198 602//198
f 720//198 602//198 604//198
f 720//198 604//198 441//198
f 676//198 677//198 590//198
f 677//198 817//198 590//198
f 590//198 817//198 713//198
f 817//198 782//198 713//198
f 713//198 782//198 781//198
f 781//198 782//198 818//198
f 675//198 822//198 779//198
f 819//198 675//198 779//198
f 822//198 781//198 779//198
f 686//198 685//198 610//198
f 685//198 473//198 610//198
f 610//198 473//198 819//198
f 604//198 603//198 441//198
f 441//198 818//198 782//198
f 818//198 780//198 781//198
f 782//198 720//198 441//198
f 781//198 780//198 779//198
f 819//198 779//198 821//198
f 610//198 819//198 688//198
f 688//198 819//198 820//198
f 821//198 714//198 819//198
f 819//198 714//198 820//198
f 533//198 575//198 617//198
f 533//198 617//198 596//198
f 596//198 597//198 533//198
f 600//198 597//198 596//198
f 600//198 596//198 599//198
f 599//198 598//198 600//198
f 610//198 688//198 609//198
f 610//198 609//198 693//198
f 526//198 610//198 693//198
f 693//198 609//198 691//198
f 594//198 714//198 593//198
f 714//198 821//198 593//198
f 631//198 594//198 632//198
f 594//198 593//198 632//198
f 631//198 632//198 700//198
f 631//198 700//198 630//198
f 691//198 631//198 630//198
f 691//198 630//198 698//198
f 691//198 698//198 692//198
f 698//198 694//198 692//198
f 815//198 600//198 598//198
f 617//198 575//198 670//198
f 670//198 575//198 671//198
f 575//198 627//198 671//198
f 619//198 617//198 670//198
f 540//198 528//198 599//198
f 540//198 599//198 634//198
f 540//198 634//198 439//198
f 681//198 540//198 439//198
f 634//198 546//198 439//198
f 439//198 546//198 547//198
f 546//198 619//198 618//198
f 546//198 618//198 547//198
f 657//198 618//198 619//198
f 670//198 657//198 619//198
f 627//198 526//198 636//198
f 627//198 636//198 671//198
f 709//198 671//198 636//198
f 530//198 709//198 669//198
f 647//198 646//198 648//198
f 646//198 534//198 648//198
f 708//198 648//198 534//198
f 708//198 534//198 535//198
f 534//198 530//198 529//198
f 800//198 708//198 535//198
f 535//198 534//198 529//198
f 612//198 613//198 810//198
f 613//198 800//198 810//198
f 810//198 800//198 639//198
f 639//198 800//198 809//198
f 799//198 639//198 798//198
f 798//198 639//198 809//198
f 694//198 695//198 692//198
f 691//198 692//198 693//198
f 526//198 693//198 626//198
f 526//198 626//198 672//198
f 626//198 711//198 712//198
f 711//198 498//198 611//198
f 711//198 611//198 712//198
f 535//198 809//198 800//198
f 611//198 531//198 628//198
f 531//198 495//198 496//198
f 529//198 530//198 669//198
f 495//198 522//198 496//198
f 523//198 529//198 710//198
f 529//198 669//198 710//198
f 531//198 496//198 532//198
f 532//198 625//198 628//198
f 625//198 683//198 624//198
f 624//198 628//198 625//198
f 636//198 669//198 709//198
f 532//198 628//198 531//198
f 628//198 712//198 611//198
f 672//198 636//198 526//198
f 626//198 712//198 672//198
f 2389//308 2387//464 2388//167
f 1324//166 1322//166 1323//166
f 1946//178 1943//178 1944//178
f 464//198 578//198 662//198
f 464//198 662//198 465//198
f 662//198 654//198 465//198
f 759//198 464//198 465//198
f 579//198 578//198 582//198
f 578//198 785//198 582//198
f 582//198 785//198 786//198
f 785//198 763//198 786//198
f 786//198 763//198 787//198
f 787//198 763//198 437//198
f 654//198 744//198 653//198
f 654//198 653//198 745//198
f 653//198 731//198 745//198
f 745//198 731//198 655//198
f 581//198 576//198 580//198
f 761//198 581//198 580//198
f 761//198 580//198 667//198
f 760//198 761//198 667//198
f 668//198 760//198 667//198
f 463//198 462//198 668//198
f 667//198 463//198 668//198
f 580//198 576//198 577//198
f 576//198 787//198 442//198
f 577//198 576//198 442//198
f 442//198 787//198 437//198
f 442//198 437//198 438//198
f 654//198 745//198 465//198
f 759//198 465//198 746//198
f 747//198 759//198 746//198
f 746//198 748//198 762//198
f 747//198 746//198 762//198
f 747//198 762//198 449//198
f 806//198 807//198 449//198
f 794//198 806//198 449//198
f 807//198 795//198 449//198
f 541//198 791//198 756//198
f 541//198 756//198 805//198
f 541//198 805//198 542//198
f 793//198 541//198 542//198
f 805//198 544//198 542//198
f 462//198 463//198 453//198
f 461//198 462//198 784//198
f 544//198 612//198 810//198
f 544//198 810//198 545//198
f 544//198 545//198 445//198
f 448//198 461//198 584//198
f 584//198 461//198 784//198
f 784//198 462//198 453//198
f 463//198 587//198 453//198
f 491//198 453//198 438//198
f 453//198 587//198 438//198
f 511//198 486//198 485//198
f 511//198 485//198 492//198
f 451//198 511//198 492//198
f 451//198 492//198 513//198
f 764//198 471//198 783//198
f 501//198 764//198 783//198
f 770//198 501//198 768//198
f 501//198 783//198 768//198
f 592//198 591//198 678//198
f 591//198 717//198 678//198
f 678//198 717//198 718//198
f 718//198 717//198 716//198
f 717//198 770//198 716//198
f 716//198 770//198 500//198
f 500//198 770//198 572//198
f 767//198 500//198 589//198
f 777//198 767//198 589//198
f 445//198 542//198 544//198
f 793//198 542//198 642//198
f 793//198 642//198 792//198
f 793//198 792//198 449//198
f 795//198 793//198 449//198
f 792//198 614//198 449//198
f 614//198 789//198 643//198
f 643//198 811//198 615//198
f 614//198 643//198 615//198
f 799//198 798//198 797//198
f 798//198 706//198 797//198
f 811//198 799//198 797//198
f 706//198 740//198 797//198
f 706//198 707//198 741//198
f 706//198 741//198 740//198
f 741//198 637//198 740//198
f 811//198 797//198 796//198
f 811//198 796//198 615//198
f 614//198 615//198 446//198
f 555//198 551//198 556//198
f 551//198 552//198 556//198
f 556//198 552//198 558//198
f 550//198 638//198 637//198
f 550//198 637//198 444//198
f 550//198 444//198 515//198
f 552//198 550//198 515//198
f 444//198 539//198 515//198
f 707//198 659//198 645//198
f 659//198 644//198 645//198
f 644//198 595//198 645//198
f 645//198 595//198 527//198
f 595//198 525//198 527//198
f 525//198 523//198 524//198
f 515//198 527//198 525//198
f 515//198 525//198 524//198
f 539//198 527//198 515//198
f 523//198 710//198 524//198
f 710//198 660//198 524//198
f 552//198 548//198 553//198
f 660//198 682//198 629//198
f 682//198 683//198 625//198
f 682//198 625//198 629//198
f 509//198 510//198 777//198
f 589//198 509//198 777//198
f 660//198 629//198 474//198
f 660//198 474//198 475//198
f 474//198 476//198 521//198
f 496//198 522//198 487//198
f 476//198 496//198 487//198
f 522//198 518//198 487//198
f 475//198 474//198 521//198
f 563//198 560//198 517//198
f 518//198 563//198 517//198
f 517//198 487//198 518//198
f 589//198 500//198 572//198
f 768//198 572//198 770//198
f 470//198 768//198 783//198
f 776//198 470//198 783//198
f 783//198 451//198 776//198
f 776//198 451//198 512//198
f 451//198 513//198 512//198
f 513//198 491//198 512//198
f 509//198 512//198 507//198
f 510//198 509//198 507//198
f 507//198 512//198 775//198
f 507//198 775//198 506//198
f 571//198 506//198 775//198
f 775//198 504//198 571//198
f 773//198 504//198 775//198
f 774//198 773//198 775//198
f 604//198 773//198 603//198
f 774//198 603//198 773//198
f 512//198 491//198 775//198
f 505//198 775//198 491//198
f 508//198 505//198 491//198
f 452//198 508//198 491//198
f 452//198 491//198 440//198
f 438//198 440//198 491//198
f 449//198 437//198 763//198
f 446//198 449//198 614//198
f 443//198 446//198 616//198
f 441//198 603//198 588//198
f 441//198 588//198 440//198
f 699//198 436//198 690//198
f 436//198 696//198 690//198
f 689//198 699//198 690//198
f 588//198 452//198 440//198
f 695//198 694//198 697//198
f 694//198 689//198 697//198
f 497//198 695//198 697//198
f 498//198 711//198 497//198
f 498//198 497//198 570//198
f 438//198 587//198 442//198
f 567//198 498//198 570//198
f 565//198 563//198 564//198
f 563//198 567//198 564//198
f 564//198 567//198 566//198
f 568//198 565//198 564//198
f 449//198 763//198 747//198
f 449//198 762//198 794//198
f 567//198 570//198 566//198
f 446//198 615//198 516//198
f 697//198 570//198 497//198
f 516//198 555//198 562//198
f 555//198 554//198 562//198
f 476//198 487//198 561//198
f 561//198 521//198 476//198
f 690//198 697//198 689//198
f 475//198 524//198 660//198
f 552//198 515//198 548//198
f 549//198 548//198 515//198
f 552//198 553//198 558//198
f 696//198 436//198 606//198
f 608//198 696//198 606//198
f 555//198 556//198 554//198
f 608//198 606//198 607//198
f 687//198 608//198 607//198
f 606//198 436//198 605//198
f 516//198 562//198 446//198
f 605//198 436//198 443//198
f 562//198 616//198 446//198
f 443//198 616//198 563//198
f 499//198 605//198 443//198
f 443//198 565//198 499//198
f 616//198 557//198 560//198
f 563//198 616//198 560//198
f 565//198 443//198 563//198
f 557//198 520//198 559//198
f 560//198 557//198 559//198
f 519//198 559//198 520//198
f 2018//184 2016//184 2017//184
f 3068//178 3065//178 3066//178
f 2034//178 2031//178 2032//178
f 2847//193 2844//193 2845//193
f 655//198 730//198 738//198
f 730//198 739//198 738//198
f 2314//193 2311//193 2312//193
f 3121//465 3120//313 3119//315
f 3114//214 3115//468 3116//212
f 886//183 885//183 1089//183
f 2026//204 2024//204 2025//204
f 1185//183 1085//183 912//183
f 2495//193 2492//193 2493//193
f 1586//178 1583//178 1584//178
f 1803//181 1804//468 1805//179
f 1002//183 848//183 1040//183
f 2507//209 2504//209 2505//209
f 2754//210 2752//210 2753//210
f 1467//182 1464//182 1465//182
f 632//198 818//198 441//198
f 632//198 441//198 436//198
f 436//198 699//198 700//198
f 1922//178 1919//178 1920//178
f 2459//211 2457//211 2458//211
f 1401//465 1399//313 1400//315
f 1974//210 1972//210 1973//210
f 3105//178 3102//178 3103//178
f 704//198 472//198 663//198
f 704//198 663//198 813//198
f 813//198 814//198 704//198
f 1360//223 1357//223 1358//223
f 2639//193 2636//193 2637//193
f 1284//477 1279//477 1283//477
f 1636//178 1633//178 1634//178
f 850//183 937//183 941//183
f 937//183 936//183 941//183
f 850//183 941//183 851//183
f 1990//166 1988//166 1989//166
f 2118//166 2116//166 2117//166
f 1697//229 1698//478 1699//227
f 2226//184 2223//184 2224//184
f 1701//330 1702//479 1703//328
f 855//183 985//183 986//183
f 855//183 986//183 854//183
f 855//183 854//183 939//183
f 1010//183 855//183 1005//183
f 939//183 1005//183 855//183
f 854//183 976//183 939//183
f 939//183 976//183 938//183
f 1798//480 1797//365 1796//320
f 998//183 1022//183 999//183
f 1022//183 1197//183 999//183
f 999//183 1197//183 1198//183
f 1262//481 1260//481 1263//481
f 1009//183 1018//183 1016//183
f 1016//183 1008//183 1009//183
f 1128//183 1072//183 1129//183
f 1128//183 1129//183 1131//183
f 1129//183 1168//183 1131//183
f 1190//183 1128//183 1131//183
f 1187//183 1169//183 1168//183
f 1169//183 1131//183 1168//183
f 1146//183 1145//183 1195//183
f 1145//183 1194//183 1195//183
f 1195//183 1194//183 1083//183
f 1194//183 1127//183 1083//183
f 1079//183 1195//183 1083//183
f 922//183 1079//183 921//183
f 1083//183 921//183 1079//183
f 1074//183 1083//183 1127//183
f 1127//183 1118//183 1114//183
f 1074//183 1127//183 1114//183
f 1114//183 1118//183 1125//183
f 1077//183 1076//183 1125//183
f 1076//183 1114//183 1125//183
f 1190//183 1131//183 1189//183
f 1118//183 1190//183 1189//183
f 1118//183 1189//183 1193//183
f 1078//183 1076//183 1077//183
f 1053//183 1078//183 1052//183
f 1052//183 1078//183 1077//183
f 1118//183 1193//183 1125//183
f 1059//183 1125//183 1193//183
f 1059//183 1193//183 1117//183
f 1055//183 1056//183 1122//183
f 1055//183 1122//183 828//183
f 828//183 1122//183 1121//183
f 1182//183 1055//183 828//183
f 828//183 1121//183 834//183
f 1116//183 1191//183 1115//183
f 1142//183 1191//183 1196//183
f 1191//183 1142//183 1115//183
f 1196//183 1130//183 1142//183
f 1130//183 1093//183 1084//183
f 1130//183 1084//183 1142//183
f 1193//183 1116//183 1192//183
f 1116//183 1115//183 1192//183
f 1193//183 1192//183 1117//183
f 1059//183 1117//183 834//183
f 834//183 1117//183 835//183
f 828//183 832//183 933//183
f 932//183 828//183 933//183
f 831//183 829//183 1110//183
f 827//183 962//183 829//183
f 828//183 932//183 1060//183
f 1110//183 829//183 1104//183
f 962//183 1109//183 829//183
f 1059//183 834//183 1121//183
f 1109//183 1104//183 829//183
f 1075//183 1182//183 828//183
f 1075//183 828//183 1060//183
f 1181//183 1075//183 1060//183
f 1104//183 1027//183 1110//183
f 1027//183 1037//183 1110//183
f 1023//183 1024//183 1039//183
f 1039//183 1100//183 1037//183
f 1037//183 1023//183 1039//183
f 1037//183 1100//183 1177//183
f 933//183 832//183 923//183
f 1037//183 1177//183 1105//183
f 1003//183 1180//183 1201//183
f 1003//183 1201//183 1002//183
f 1003//183 1002//183 1040//183
f 1179//183 1003//183 1040//183
f 1179//183 1040//183 1178//183
f 1179//183 1178//183 1103//183
f 1101//183 1179//183 1103//183
f 1103//183 1178//183 1198//183
f 1198//183 1197//183 1001//183
f 1197//183 990//183 1001//183
f 1001//183 990//183 991//183
f 1198//183 1001//183 1103//183
f 1101//183 1103//183 1102//183
f 1177//183 1101//183 1102//183
f 1054//183 932//183 1051//183
f 1177//183 1102//183 1105//183
f 1061//183 1049//183 1050//183
f 900//183 1061//183 918//183
f 1049//183 1054//183 1050//183
f 1050//183 918//183 1061//183
f 1050//183 1054//183 1051//183
f 1037//183 1105//183 1110//183
f 1105//183 1000//183 1175//183
f 1105//183 1175//183 1106//183
f 1105//183 1106//183 1110//183
f 1110//183 1106//183 1107//183
f 1106//183 993//183 992//183
f 1106//183 992//183 1107//183
f 930//183 1051//183 933//183
f 930//183 933//183 929//183
f 900//183 918//183 915//183
f 895//183 900//183 915//183
f 915//183 916//183 895//183
f 895//183 916//183 901//183
f 896//183 895//183 1062//183
f 1086//183 896//183 1062//183
f 831//183 1110//183 984//183
f 901//183 1062//183 895//183
f 910//183 901//183 916//183
f 917//183 910//183 916//183
f 917//183 916//183 1097//183
f 916//183 1057//183 1097//183
f 903//183 902//183 1097//183
f 902//183 917//183 1097//183
f 1097//183 1057//183 1058//183
f 1058//183 1057//183 909//183
f 1057//183 930//183 909//183
f 1058//183 909//183 911//183
f 1110//183 983//183 984//183
f 853//183 852//183 925//183
f 852//183 911//183 925//183
f 850//183 851//183 853//183
f 925//183 850//183 853//183
f 925//183 911//183 919//183
f 919//183 911//183 920//183
f 924//183 919//183 928//183
f 919//183 920//183 928//183
f 1110//183 980//183 983//183
f 909//183 920//183 911//183
f 929//183 909//183 930//183
f 980//183 1108//183 987//183
f 983//183 980//183 987//183
f 933//183 1051//183 932//183
f 1111//183 1176//183 997//183
f 988//183 1111//183 997//183
f 988//183 997//183 996//183
f 996//183 989//183 988//183
f 988//183 989//183 1108//183
f 989//183 987//183 1108//183
f 923//183 832//183 931//183
f 931//183 832//183 1012//183
f 928//183 923//183 924//183
f 1098//183 841//183 1099//183
f 875//183 1099//183 977//183
f 841//183 977//183 1099//183
f 875//183 977//183 874//183
f 977//183 949//183 874//183
f 943//183 875//183 874//183
f 927//183 924//183 931//183
f 949//183 1047//183 1048//183
f 1047//183 1025//183 1048//183
f 949//183 1048//183 948//183
f 1048//183 973//183 1026//183
f 1048//183 1026//183 948//183
f 926//183 927//183 931//183
f 948//183 874//183 949//183
f 943//183 874//183 954//183
f 982//183 943//183 954//183
f 982//183 954//183 975//183
f 982//183 975//183 1004//183
f 947//183 1026//183 950//183
f 1026//183 973//183 950//183
f 979//183 947//183 950//183
f 979//183 950//183 974//183
f 950//183 897//183 974//183
f 1025//183 1047//183 1046//183
f 951//183 1025//183 1046//183
f 951//183 1046//183 946//183
f 951//183 946//183 908//183
f 894//183 951//183 908//183
f 908//183 946//183 1045//183
f 857//183 856//183 1030//183
f 1174//183 857//183 1030//183
f 1174//183 1030//183 1034//183
f 1030//183 1022//183 1034//183
f 945//183 1174//183 1034//183
f 1022//183 998//183 1034//183
f 945//183 1034//183 944//183
f 945//183 944//183 1044//183
f 1045//183 945//183 1044//183
f 944//183 837//183 1044//183
f 837//183 838//183 1044//183
f 1045//183 1044//183 952//183
f 1045//183 952//183 953//183
f 952//183 830//183 953//183
f 953//183 830//183 876//183
f 936//183 937//183 935//183
f 937//183 927//183 935//183
f 1005//183 936//183 935//183
f 838//183 837//183 872//183
f 837//183 868//183 872//183
f 1035//183 998//183 1028//183
f 998//183 999//183 1028//183
f 868//183 1035//183 1028//183
f 868//183 1028//183 1043//183
f 868//183 1043//183 848//183
f 872//183 868//183 843//183
f 868//183 848//183 1036//183
f 848//183 1002//183 847//183
f 848//183 847//183 858//183
f 1010//183 1005//183 1011//183
f 935//183 1011//183 1005//183
f 926//183 935//183 927//183
f 848//183 858//183 1029//183
f 848//183 1029//183 1036//183
f 957//183 961//183 960//183
f 961//183 859//183 960//183
f 957//183 960//183 959//183
f 839//183 965//183 964//183
f 931//183 924//183 923//183
f 839//183 964//183 963//183
f 1012//183 832//183 1013//183
f 839//183 963//183 959//183
f 1012//183 1013//183 934//183
f 960//183 839//183 959//183
f 957//183 959//183 958//183
f 860//183 957//183 958//183
f 860//183 958//183 956//183
f 840//183 860//183 956//183
f 840//183 956//183 861//183
f 869//183 840//183 861//183
f 869//183 861//183 1033//183
f 861//183 964//183 862//183
f 861//183 862//183 863//183
f 862//183 836//183 863//183
f 863//183 836//183 865//183
f 1199//183 1012//183 934//183
f 836//183 864//183 865//183
f 861//183 863//183 842//482
f 861//183 842//482 1033//183
f 869//183 1033//183 849//183
f 869//183 849//183 868//183
f 1036//183 869//183 868//183
f 849//183 843//183 868//183
f 879//183 872//183 881//183
f 872//183 843//183 1211//183
f 872//183 1211//183 881//183
f 879//183 881//183 1212//183
f 1042//183 879//183 1212//183
f 1042//183 1212//183 1041//183
f 830//183 1042//183 1041//183
f 830//183 1041//183 1153//183
f 830//183 1153//183 1218//183
f 1153//183 1210//183 1218//183
f 846//183 836//183 845//183
f 846//183 845//183 883//183
f 1124//183 846//183 883//183
f 845//183 968//183 969//183
f 845//183 969//183 883//183
f 1124//183 883//183 1203//183
f 1124//183 1203//183 1123//183
f 1210//183 1124//183 1123//183
f 1210//183 1123//183 1213//183
f 1210//183 1213//183 1154//183
f 1213//183 1207//183 1154//183
f 1154//183 1207//183 1209//183
f 1013//183 832//183 1014//183
f 1014//183 832//183 1112//183
f 1207//183 1205//183 1206//183
f 1207//183 1206//183 1208//183
f 1207//183 1208//183 1209//183
f 1208//183 1147//183 1209//183
f 1015//183 1014//183 1112//183
f 1006//183 1014//183 1015//183
f 1017//183 1006//183 1007//183
f 1007//183 1006//183 1015//183
f 1008//183 1017//183 1007//183
f 1009//183 1008//183 1007//183
f 1210//183 1154//183 1183//183
f 1210//183 1183//183 1218//183
f 830//183 1218//183 877//183
f 830//183 877//183 876//183
f 1045//183 953//183 908//183
f 894//183 908//183 1186//183
f 894//183 1186//183 1136//183
f 897//183 894//183 1136//183
f 897//183 1136//183 904//183
f 897//183 904//183 905//183
f 904//183 906//183 1135//183
f 906//183 1217//183 903//183
f 906//183 903//183 907//183
f 906//183 907//183 1135//183
f 907//183 852//183 1135//183
f 904//183 1135//183 905//183
f 897//183 905//183 972//183
f 897//183 972//183 974//183
f 979//183 974//183 940//183
f 979//183 940//183 978//183
f 1004//183 979//183 978//183
f 940//183 851//183 978//183
f 941//183 978//183 851//183
f 982//183 1004//183 942//183
f 942//183 1004//183 873//183
f 938//183 976//183 1004//183
f 976//183 873//183 1004//183
f 978//183 938//183 1004//183
f 1112//183 832//183 1113//183
f 982//183 942//183 981//183
f 1113//183 832//183 831//183
f 983//183 982//183 981//183
f 983//183 981//183 984//183
f 1020//183 1113//183 831//183
f 831//183 984//183 1020//183
f 1020//183 984//183 1018//183
f 984//183 986//183 1019//183
f 986//183 985//183 1019//183
f 1018//183 984//183 1019//183
f 1018//183 1019//183 1016//183
f 1480//191 1481//483 1482//189
f 2133//169 2134//464 2135//167
f 466//198 651//198 467//198
f 2786//191 2787//464 2788//192
f 955//183 1201//183 1180//183
f 955//183 1180//183 1202//183
f 955//183 1202//183 827//183
f 839//183 960//183 827//183
f 960//183 955//183 827//183
f 962//183 827//183 1202//183
f 1031//183 962//183 1032//183
f 962//183 1202//183 1032//183
f 1023//183 1031//183 1024//183
f 1032//183 1024//183 1031//183
f 1582//182 1580//182 1581//182
f 2370//193 2367//193 2368//193
f 2156//178 2153//178 2154//178
f 2874//191 2875//483 2876//189
f 2503//166 2501//166 2502//166
f 2547//178 2544//178 2545//178
f 1348//465 1347//326 1346//315
f 2000//465 1999//326 1998//315
f 2722//437 2719//436 2721//484
f 1200//183 1175//183 1000//183
f 1200//183 1000//183 991//183
f 1200//183 991//183 990//183
f 1021//183 1200//183 990//183
f 990//183 995//183 1021//183
f 1021//183 995//183 994//183
f 1098//183 1021//183 994//183
f 995//183 856//183 994//183
f 856//183 857//183 1038//183
f 994//183 841//183 1098//183
f 857//183 1046//183 1038//183
f 1038//183 1046//183 1047//183
f 994//183 856//183 1038//183
f 1692//166 1690//166 1691//166
f 1098//183 1099//183 996//183
f 997//183 1098//183 996//183
f 3000//234 2998//234 2999//234
f 1463//204 1460//204 1461//204
f 1770//178 1767//178 1768//178
f 1740//166 1738//166 1739//166
f 1655//214 1653//468 1654//212
f 1978//178 1975//178 1976//178
f 1910//166 1908//166 1909//166
f 1790//182 1787//182 1788//182
f 1628//211 1625//211 1626//211
f 1748//182 1745//182 1746//182
f 1782//166 1780//166 1781//166
f 2889//184 2887//184 2888//184
f 2750//204 2748//204 2749//204
f 1333//191 1334//464 1335//192
f 2271//178 2268//178 2269//178
f 1312//178 1309//178 1310//178
f 992//183 1176//183 1111//183
f 993//183 1176//183 992//183
f 2766//184 2764//184 2765//184
f 2263//204 2260//204 2261//204
f 2655//182 2652//182 2653//182
f 2816//191 2817//485 2818//192
f 2956//184 2954//184 2955//184
f 2366//178 2363//178 2364//178
f 1862//193 1859//193 1860//193
f 2394//480 2393//318 2392//320
f 2070//193 2068//193 2069//193
f 1222//178 1220//178 1221//178
f 2543//182 2540//182 2541//182
f 2152//204 2150//204 2151//204
f 2106//178 2103//178 2104//178
f 2078//166 2076//166 2077//166
f 2616//178 2613//178 2614//178
f 1778//223 1775//223 1776//223
f 3093//166 3091//166 3092//166
f 1092//183 891//183 884//183
f 2893//166 2891//166 2892//166
f 1258//486 1256//486 1257//486
f 2807//166 2805//166 2806//166
f 1844//480 1843//318 1842//320
f 3073//191 3074//464 3075//192
f 2180//166 2178//166 2179//166
f 1425//178 1422//178 1423//178
f 1382//191 1383//464 1384//192
f 1906//184 1903//184 1904//184
f 2288//323 2289//487 2290//321
f 1252//244 1249//244 1250//244
f 2483//488 2481//290 2482//292
f 2579//193 2577//193 2578//193
f 2571//182 2569//182 2570//182
f 2022//166 2020//166 2021//166
f 2209//214 2210//468 2211//212
f 528//198 598//198 599//198
f 881//183 865//183 1212//183
f 1096//183 1071//183 1173//183
f 1096//183 1173//183 1170//183
f 1096//183 1170//183 1139//183
f 1143//183 1096//183 1139//183
f 1187//183 1168//183 1138//183
f 1187//183 1138//183 1139//183
f 1170//183 1187//183 1139//183
f 1138//183 1090//183 1139//183
f 1068//183 880//183 1069//183
f 1068//183 1157//183 880//183
f 880//183 1157//183 1155//183
f 1157//183 1161//183 1214//183
f 1130//183 1196//183 880//183
f 1155//183 1130//183 880//183
f 1155//183 1157//183 1214//183
f 1161//183 871//183 1152//183
f 1161//183 1152//183 1214//183
f 1152//183 871//183 870//183
f 871//183 1143//183 1158//183
f 1204//183 1152//183 870//183
f 870//183 871//183 1158//183
f 1093//183 1094//183 1084//183
f 970//183 1084//183 1094//183
f 970//183 1094//183 1119//183
f 1094//183 1120//183 1119//183
f 1119//183 1120//183 835//183
f 1117//183 1119//183 835//183
f 839//183 835//183 1126//183
f 1126//183 835//183 1215//183
f 966//183 965//183 839//183
f 1120//183 1215//183 835//183
f 968//183 966//183 839//183
f 839//183 1126//183 967//183
f 969//183 968//183 967//183
f 1072//183 1128//183 1073//183
f 1073//183 1132//183 1072//183
f 1072//183 1132//183 1163//183
f 1132//183 1145//183 1141//183
f 1072//183 1163//183 1082//183
f 1145//183 1146//183 1188//183
f 1132//183 1141//183 1163//183
f 1146//183 895//183 1188//183
f 1090//183 1082//183 1091//183
f 895//183 896//183 1188//183
f 1145//183 1188//183 1141//183
f 1082//183 1163//183 1091//183
f 1091//183 1164//183 1090//183
f 1164//183 1167//183 1090//183
f 1167//183 1139//183 1090//183
f 1143//183 1139//183 1171//183
f 1143//183 1171//183 1095//183
f 1139//183 1172//183 1171//183
f 1087//183 896//183 1086//183
f 1087//183 1086//183 1067//183
f 1087//183 1067//183 1184//183
f 1165//183 1087//183 1184//183
f 1086//183 1066//183 1067//183
f 1065//183 1066//183 1064//183
f 1066//183 1081//183 1064//183
f 1081//183 1063//183 1064//183
f 1063//183 898//183 1064//183
f 902//183 903//183 1217//183
f 898//183 902//183 1217//183
f 898//183 1217//183 1134//183
f 967//183 968//183 839//183
f 1134//183 913//183 914//183
f 914//183 913//183 912//183
f 912//183 1085//183 1137//183
f 914//183 912//183 1137//183
f 1085//183 885//183 1137//183
f 886//183 1137//183 885//183
f 1215//183 1216//183 1156//183
f 1126//183 1215//183 1150//183
f 1150//183 1215//183 1156//183
f 1126//183 1150//183 1151//183
f 1123//183 1203//183 1151//183
f 1150//183 1123//183 1151//183
f 1134//183 914//183 899//183
f 1134//183 899//183 898//183
f 899//183 1064//183 898//183
f 1089//183 1088//183 886//183
f 1065//183 886//183 1088//183
f 1065//183 1088//183 1066//183
f 1088//183 1067//183 1066//183
f 1165//183 1184//183 1166//183
f 1165//183 1166//183 1070//183
f 1172//183 1165//183 1070//183
f 1166//183 1159//183 1070//183
f 1216//183 1204//183 1156//183
f 1156//183 1204//183 1205//183
f 1149//183 1148//183 1140//183
f 1140//183 1092//183 884//183
f 1140//183 884//183 1149//183
f 1159//183 1148//183 1160//183
f 1148//183 1149//183 833//183
f 1148//183 833//183 1160//183
f 833//183 878//183 844//183
f 971//183 878//183 866//183
f 889//183 884//183 891//183
f 889//183 891//183 890//183
f 893//183 889//183 890//183
f 890//183 891//183 1080//183
f 891//183 882//183 1080//183
f 1206//183 1205//183 1204//183
f 1085//183 1185//183 882//183
f 882//183 1185//183 1080//183
f 1185//183 1136//183 1080//183
f 1080//183 1136//183 1186//183
f 867//183 893//183 887//183
f 893//183 890//183 892//183
f 893//183 892//183 887//183
f 867//183 887//183 888//183
f 878//183 867//183 866//183
f 887//183 876//183 888//183
f 867//183 888//183 866//183
f 877//183 888//183 876//183
f 870//183 1206//183 1204//183
f 971//183 844//183 878//183
f 844//183 1160//183 833//183
f 1133//183 1158//183 1143//183
f 1144//183 1133//183 1143//183
f 1095//183 1144//183 1143//183
f 1147//183 1208//183 1162//183
f 1147//183 1162//183 1159//183
f 1160//183 1147//183 1159//183
f 1162//183 1070//183 1159//183
f 1172//183 1070//183 1171//183
f 778//198 718//198 721//198
f 718//198 716//198 721//198
f 778//198 721//198 722//198
f 721//198 676//198 590//198
f 772//198 778//198 722//198
f 721//198 590//198 722//198
f 772//198 722//198 771//198
f 772//198 771//198 816//198
f 635//198 772//198 816//198
f 771//198 822//198 816//198
f 822//198 675//198 816//198
f 635//198 816//198 633//198
f 635//198 633//198 723//198
f 719//198 635//198 723//198
f 633//198 824//198 723//198
f 678//198 719//198 592//198
f 592//198 719//198 674//198
f 674//198 719//198 715//198
f 537//198 674//198 715//198
f 591//198 592//198 769//198
f 724//198 591//198 769//198
f 724//198 769//198 479//198
f 769//198 469//198 479//198
f 479//198 469//198 621//198
f 469//198 649//198 621//198
f 621//198 649//198 725//198
f 726//198 725//198 649//198
f 824//198 685//198 679//198
f 685//198 686//198 679//198
f 478//198 765//198 477//198
f 765//198 514//198 477//198
f 478//198 477//198 764//198
f 477//198 471//198 764//198
f 477//198 514//198 480//198
f 480//198 514//198 481//198
f 514//198 583//198 481//198
f 483//198 480//198 481//198
f 824//198 679//198 815//198
f 486//198 483//198 484//198
f 486//198 484//198 485//198
f 484//198 483//198 482//198
f 488//198 484//198 482//198
f 679//198 600//198 815//198
f 490//198 453//198 491//198
f 455//198 490//198 456//198
f 490//198 491//198 456//198
f 489//198 455//198 456//198
f 482//198 489//198 488//198
f 489//198 456//198 488//198
f 481//198 482//198 483//198
f 481//198 583//198 458//198
f 458//198 583//198 457//198
f 583//198 726//198 457//198
f 459//198 458//198 457//198
f 726//198 649//198 457//198
f 490//198 454//198 453//198
f 453//198 454//198 586//198
f 454//198 459//198 586//198
f 586//198 459//198 666//198
f 666//198 459//198 585//198
f 585//198 665//198 666//198
f 457//198 585//198 459//198
f 457//198 649//198 622//198
f 665//198 743//198 742//198
f 584//198 665//198 742//198
f 743//198 727//198 742//198
f 448//198 584//198 447//198
f 582//198 448//198 447//198
f 824//198 815//198 723//198
f 582//198 447//198 579//198
f 742//198 447//198 584//198
f 460//198 742//198 727//198
f 460//198 727//198 744//198
f 727//198 664//198 744//198
f 744//198 654//198 460//198
f 744//198 664//198 467//198
f 467//198 664//198 466//198
f 664//198 661//198 466//198
f 466//198 661//198 450//198
f 661//198 457//198 450//198
f 450//198 457//198 622//198
f 468//198 622//198 649//198
f 472//198 468//198 649//198
f 472//198 649//198 663//198
f 649//198 537//198 663//198
f 663//198 537//198 823//198
f 823//198 537//198 536//198
f 719//198 723//198 715//198
f 537//198 715//198 536//198
f 493//198 705//198 658//198
f 814//198 813//198 736//198
f 703//198 814//198 736//198
f 703//198 736//198 493//198
f 788//198 703//198 493//198
f 788//198 493//198 680//198
f 493//198 658//198 680//198
f 651//198 704//198 652//198
f 704//198 814//198 652//198
f 651//198 652//198 650//198
f 652//198 737//198 650//198
f 650//198 737//198 825//198
f 825//198 737//198 790//198
f 737//198 803//198 790//198
f 825//198 790//198 731//198
f 655//198 731//198 730//198
f 573//198 823//198 536//198
f 573//198 536//198 681//198
f 573//198 681//198 574//198
f 573//198 574//198 680//198
f 658//198 573//198 680//198
f 681//198 439//198 574//198
f 734//198 788//198 680//198
f 538//198 640//198 620//198
f 641//198 640//198 623//198
f 623//198 656//198 641//198
f 656//198 647//198 641//198
f 656//198 646//198 647//198
f 640//198 641//198 620//198
f 680//198 538//198 701//198
f 538//198 620//198 543//198
f 790//198 730//198 731//198
f 758//198 790//198 803//198
f 803//198 734//198 758//198
f 758//198 734//198 826//198
f 826//198 734//198 735//198
f 734//198 680//198 735//198
f 538//198 543//198 701//198
f 738//198 739//198 755//198
f 750//198 738//198 755//198
f 748//198 750//198 754//198
f 750//198 755//198 754//198
f 749//198 762//198 748//198
f 751//198 749//198 748//198
f 754//198 751//198 748//198
f 752//198 754//198 755//198
f 752//198 755//198 753//198
f 755//198 808//198 753//198
f 806//198 752//198 753//198
f 753//198 807//198 806//198
f 808//198 826//198 791//198
f 680//198 701//198 735//198
f 753//198 808//198 791//198
f 543//198 494//198 701//198
f 729//198 647//198 648//198
f 648//198 801//198 729//198
f 801//198 728//198 729//198
f 728//198 802//198 732//198
f 802//198 701//198 732//198
f 729//198 728//198 732//198
f 732//198 701//198 494//198
f 791//198 826//198 756//198
f 826//198 735//198 702//198
f 826//198 702//198 804//198
f 812//198 613//198 612//198
f 812//198 612//198 733//198
f 702//198 812//198 804//198
f 812//198 733//198 804//198
f 757//198 756//198 826//198
f 2194//178 2191//178 2192//178
f 2770//166 2768//166 2769//166
f 2824//214 2825//468 2826//212
f 676//198 502//198 677//198
f 2234//204 2231//204 2232//204
f 2230//166 2228//166 2229//166
f 2885//178 2882//178 2883//178
f 2866//214 2867//468 2868//212
f 2081//181 2082//468 2083//179
f 1954//166 1952//166 1953//166
f 2930//178 2927//178 2928//178
f 2934//169 2935//464 2936//167
f 2062//182 2060//182 2061//182
f 1849//181 1850//468 1851//179
f 2307//169 2305//464 2306//167
f 934//183 1010//183 1199//183
f 1253//489 1258//489 1254//489
f 2248//214 2249//468 2250//212
f 1256//490 1253//490 1255//490
f 2718//178 2715//178 2716//178
f 2267//182 2264//182 2265//182
f 1409//223 1407//223 1408//223
f 1529//223 1526//223 1527//223
f 706//198 659//198 707//198
f 2815//210 2812//210 2813//210
f 1554//491 1551//359 1553//361
f 1253//492 1254//492 1255//492
f 2275//193 2272//193 2273//193
f 1263//493 1259//493 1264//493
f 1389//494 1386//305 1388//307
f 2455//255 2452//255 2453//255
f 1814//193 1811//193 1812//193
f 3008//223 3006//223 3007//223
f 1316//165 1314//165 1315//165
f 3016//204 3014//204 3015//204
f 1268//495 1270//495 1269//495
f 2047//181 2048//496 2049//389
f 2399//181 2400//497 2401//179
f 2322//166 2320//166 2321//166
f 1275//498 1273//498 1276//498
f 1719//169 1720//464 1721//167
f 1392//499 1391//500 1390//501
f 1280//502 1279//502 1281//502
f 2612//210 2610//210 2611//210
f 2468//503 2470//504 2471//505
f 2471//505 2469//506 2468//503
f 1257//507 1254//507 1258//507
f 1304//303 1307//302 1303//508
f 1297//288 1298//509 1302//289
f 2620//510 2617//510 2619//510
f 1290//511 1288//511 1285//511
f 1293//512 1292//512 1296//512
f 1328//204 1326//204 1327//204
f 1632//210 1629//210 1630//210
f 553//198 519//198 520//198
f 520//198 558//198 553//198
f 1341//214 1342//513 1343//212
f 2762//165 2760//165 2761//165
f 2378//166 2376//166 2377//166
f 2188//452 2187//514 2189//450
f 2386//182 2383//182 2384//182
f 1377//178 1374//178 1375//178
f 2144//184 2142//184 2143//184
f 1369//204 1366//204 1367//204
f 2148//166 2146//166 2147//166
f 1786//209 1783//209 1784//209
f 1641//191 1642//464 1643//192
f 1429//169 1430//464 1431//167
f 1421//182 1419//182 1420//182
f 1332//210 1330//210 1331//210
f 2429//178 2426//178 2427//178
f 1394//214 1395//468 1396//212
f 1417//209 1415//209 1416//209
f 2419//515 2420//515 2417//515
f 1436//480 1434//318 1435//320
f 478//198 724//198 765//198
f 765//198 724//198 479//198
f 1476//243 1478//242 1477//516
f 2440//331 2438//517 2439//332
f 1500//178 1497//178 1498//178
f 2511//480 2510//318 2509//320
f 2374//223 2371//223 2372//223
f 2626//169 2627//464 2628//192
f 1496//204 1494//204 1495//204
f 2330//339 2327//339 2328//339
f 1621//345 1622//518 1623//346
f 2979//459 2978//458 2980//519
f 1363//520 1362//520 1364//520
f 2676//521 2675//318 2674//320
f 2218//178 2215//178 2216//178
f 1826//209 1823//209 1824//209
f 2442//240 2444//239 2443//522
f 2663//474 2661//523 2662//472
f 1274//524 1272//524 1271//524
f 1671//430 1670//429 1672//525
f 2255//465 2253//313 2254//315
f 1578//204 1576//204 1577//204
f 1588//526 1589//469 1587//471
f 1608//527 1605//367 1607//369
f 579//198 662//198 578//198
f 1774//193 1771//193 1772//193
f 1567//181 1568//468 1569//179
f 1069//183 1173//183 1071//183
f 1071//183 1068//183 1069//183
f 1591//362 1592//528 1590//363
f 1744//204 1741//204 1742//204
f 1555//169 1556//464 1557//167
f 1902//193 1899//193 1900//193
f 2089//169 2090//464 2091//192
f 2732//480 2731//365 2730//320
f 2416//166 2414//166 2415//166
f 2499//223 2496//223 2497//223
f 2176//184 2173//184 2174//184
f 2539//204 2536//204 2537//204
f 1970//204 1968//204 1969//204
f 1664//204 1661//204 1662//204
f 2487//182 2484//182 2485//182
f 1599//191 1600//464 1601//192
f 1680//193 1677//193 1678//193
f 1732//193 1729//193 1730//193
f 1886//480 1885//318 1884//320
f 545//198 643//198 789//198
f 445//198 545//198 789//198
f 2922//209 2920//209 2921//209
f 1736//184 1733//184 1734//184
f 2774//214 2775//468 2776//212
f 1320//184 1318//184 1319//184
f 1055//183 1053//183 1056//183
f 1052//183 1056//183 1053//183
f 1728//178 1725//178 1726//178
f 1715//377 1713//529 1714//375
f 2968//182 2966//182 2967//182
f 2881//204 2879//204 2880//204
f 2781//465 2780//326 2779//315
f 2926//182 2924//182 2925//182
f 2987//169 2988//464 2989//192
f 1822//166 1820//166 1821//166
f 2417//530 2418//530 2419//530
f 1914//204 1911//204 1912//204
f 2014//165 2012//165 2013//165
f 1874//209 1871//209 1872//209
f 1918//182 1915//182 1916//182
f 1676//178 1673//178 1674//178
f 1993//214 1994//513 1995//212
f 1759//214 1760//468 1761//212
f 2357//181 2358//497 2359//179
f 2382//209 2379//209 2380//209
f 2851//184 2848//184 2849//184
f 1986//184 1984//184 1985//184
f 1891//181 1892//468 1893//179
f 1925//191 1926//483 1927//189
f 853//183 1135//183 852//183
f 1612//165 1609//165 1610//165
f 2347//169 2345//464 2346//167
f 3060//204 3058//204 3059//204
f 2102//182 2100//182 2101//182
f 2972//178 2969//178 2970//178
f 2172//193 2169//193 2170//193
f 2005//191 2006//464 2007//192
f 2058//204 2056//204 2057//204
f 2279//223 2276//223 2277//223
f 1230//396 1227//396 1228//396
f 2030//210 2028//210 2029//210
f 2123//181 2124//468 2125//179
f 2110//193 2108//193 2109//193
f 2098//209 2096//209 2097//209
f 2286//443 2285//442 2287//531
f 1542//398 1539//398 1540//398
f 2114//223 2112//223 2113//223
f 1508//166 1506//166 1507//166
f 2185//403 2186//532 2187//404
f 2758//178 2755//178 2756//178
f 1565//533 1564//534 1563//535
f 2140//480 2138//318 2139//320
f 2531//255 2528//255 2529//255
f 2425//398 2422//398 2423//398
f 1390//501 1393//536 1392//499
f 3020//210 3018//210 3019//210
f 2222//165 2219//165 2220//165
f 2238//210 2235//210 2236//210
f 2692//413 2689//413 2690//413
f 3044//465 3043//326 3042//315
f 2283//166 2281//166 2282//166
f 2296//181 2297//497 2298//179
f 2318//223 2315//223 2316//223
f 3089//465 3088//326 3087//315
f 2659//537 2658//537 2660//537
f 2338//178 2335//178 2336//178
f 2795//178 2792//178 2793//178
f 1686//440 1687//439 1685//538
f 2352//480 2351//318 2350//320
f 859//183 961//183 858//183
f 2326//209 2323//209 2324//209
f 2803//184 2800//184 2801//184
f 2420//539 2419//539 2421//539
f 3082//214 3083//468 3084//212
f 2643//223 2640//223 2641//223
f 2412//184 2409//184 2410//184
f 2476//191 2477//464 2478//192
f 3126//191 3127//464 3128//192
f 1356//165 1353//165 1354//165
f 1441//181 1442//468 1443//179
f 2463//210 2461//210 2462//210
f 2197//425 2196//540 2195//426
f 2467//178 2464//178 2465//178
f 2535//166 2533//166 2534//166
f 1405//193 1403//193 1404//193
f 2551//165 2548//165 2549//165
f 2524//169 2525//464 2526//167
f 2566//432 2567//541 2564//433
f 2855//166 2853//166 2854//166
f 2583//166 2581//166 2582//166
f 2575//178 2572//178 2573//178
f 1866//223 1863//223 1864//223
f 1749//191 1750//483 1751//189
f 2608//204 2606//204 2607//204
f 3029//169 3030//464 3031//167
f 1563//535 1566//542 1565//533
f 2696//223 2693//223 2694//223
f 665//198 585//198 743//198
f 2725//169 2726//464 2727//167
f 2706//209 2703//209 2704//209
f 2710//339 2707//339 2708//339
f 1259//543 1261//543 1264//543
f 1373//210 1370//210 1371//210
f 2918//166 2916//166 2917//166
f 3002//544 3003//409 3001//411
f 2964//204 2962//204 2963//204
f 2651//209 2648//209 2649//209
f 2799//165 2796//165 2797//165
f 2859//204 2856//204 2857//204
f 2811//204 2808//204 2809//204
f 1818//223 1815//223 1816//223
f 2433//193 2430//193 2431//193
f 2839//182 2836//182 2837//182
f 2657//545 2658//545 2656//545
f 2843//178 2840//178 2841//178
f 2669//169 2670//464 2671//167
f 2039//169 2040//464 2041//192
f 2941//480 2939//318 2940//320
f 1695//443 1694//442 1696//531
f 2739//181 2737//468 2738//179
f 1791//169 1792//464 1793//167
f 1834//178 1831//178 1832//178
f 2910//193 2908//193 2909//193
f 1266//546 1269//546 1270//546
f 2946//181 2947//468 2948//179
f 2976//193 2974//193 2975//193
f 2681//181 2682//468 2683//179
f 2556//169 2557//483 2558//189
f 2960//166 2958//166 2959//166
f 921//183 1075//183 1181//183
f 2914//223 2912//223 2913//223
f 1837//169 1838//464 1839//167
f 1709//181 1707//468 1708//179
f 2184//204 2181//204 2182//204
f 1279//547 1284//547 1281//547
f 3024//178 3021//178 3022//178
f 3064//210 3062//210 3063//210
f 1660//465 1658//313 1659//315
f 3056//166 3054//166 3055//166
f 1668//339 1665//339 1666//339
f 3052//184 3050//184 3051//184
f 3097//204 3095//204 3096//204
f 3113//184 3111//184 3112//184
f 3101//210 3099//210 3100//210
f 3109//165 3107//165 3108//165
f 1620//166 1618//166 1619//166
f 1616//184 1613//184 1614//184
l 1247 1248
l 1277 1278
l 2343 2344
l 2437 2436
l 2562 2563
l 3036 3035
l 2434 2435
l 2982 2981
l 3033 3034
l 3038 3037
l 1492 1491
l 1717 1718
l 2555 2554
l 2733 2734
l 2873 2872
l 1603 1604
l 2552 2553
l 2870 2871
l 1766 1765
l 1924 1923
l 2046 2045
l 2080 2079
l 2309 2310
l 2697 2698
l 2741 2742
l 2995 2996
l 3039 3040
l 1646 1645
l 1763 1764
l 1937 1938
l 2043 2044
l 2093 2094
l 2630 2631
l 1705 1706
l 1723 1724
l 2723 2724
l 2994 2993
l 2213 2214
l 2991 2992
l 1931 1932
l 2446 2447
l 1597 1598
l 2087 2088
l 2985 2986
l 1896 1895
l 1338 1337
l 2162 2161
l 2362 2361
l 2521 2520
l 2247 2246
l 2983 2984
l 1962 1961
l 1808 1807
l 1929 1930
l 2301 2300
l 1810 1809
l 1836 1835
l 2560 2561
l 1340 1339
l 2010 2009
l 2085 2086
l 1854 1853
l 3131 3130
l 2523 2522
l 2164 2163
l 1712 1711
l 2592 2591
l 1992 1991
l 2791 2790
l 1521 1520
l 2207 2208
l 1898 1897
l 2906 2905
l 2820 2821
l 2404 2403
l 3078 3077
l 2736 2735
l 2823 2822
l 1959 1960
l 1652 1651
o Object.108
v -0.314444 0.002470 0.096040
v -0.325556 0.005645 0.096040
v -0.314444 0.005645 0.096040
v -0.328731 0.002470 0.096040
v -0.328731 0.016757 0.096040
v -0.325556 0.016757 0.096040
v -0.328731 0.002470 0.019840
v -0.314444 0.002470 0.019840
v -0.325556 0.005645 0.019840
v -0.328731 0.016757 0.019840
v -0.314444 0.005645 0.019840
v -0.325556 0.016757 0.019840
v -0.325556 0.016757 0.096040
v -0.328731 0.016757 0.019840
v -0.325556 0.016757 0.019840
v -0.328731 0.016757 0.096040
v -0.328731 0.016757 0.019840
v -0.328731 0.002470 0.096040
v -0.328731 0.008646 0.057502
v -0.328731 0.016757 0.096040
v -0.328731 0.013831 0.028571
v -0.328731 0.012544 0.030751
v -0.328731 0.012790 0.055791
v -0.328731 0.009583 0.030757
v -0.328731 0.010049 0.055654
v -0.328731 0.011090 0.060529
v -0.328731 0.002470 0.019840
v -0.328731 0.011982 0.026016
v -0.328731 0.009583 0.085123
v -0.328731 0.009230 0.059531
v -0.328731 0.013636 0.059041
v -0.328731 0.012544 0.085129
v -0.328731 0.013784 0.087090
v -0.328731 0.008868 0.027268
v -0.328731 0.008868 0.088612
v -0.328731 0.010881 0.089802
v -0.328731 0.012743 0.089391
v -0.320216 0.002470 0.031121
v -0.319571 0.002470 0.084785
v -0.318054 0.002470 0.030284
v -0.317916 0.002470 0.056398
v -0.314444 0.002470 0.096040
v -0.317524 0.002470 0.058475
v -0.314444 0.002470 0.019840
v -0.317559 0.002470 0.027591
v -0.318566 0.002470 0.060061
v -0.321421 0.002470 0.085211
v -0.321303 0.002470 0.060273
v -0.328731 0.002470 0.019840
v -0.328731 0.002470 0.096040
v -0.322571 0.002470 0.057613
v -0.322627 0.002470 0.087199
v -0.321084 0.002470 0.089705
v -0.322057 0.002470 0.030095
v -0.320675 0.002470 0.055354
v -0.319161 0.002470 0.026202
v -0.322513 0.002470 0.028251
v -0.321282 0.002470 0.026275
v -0.317524 0.002470 0.087843
v -0.317820 0.002470 0.085966
v -0.318565 0.002470 0.089429
v -0.314444 0.002470 0.096040
v -0.314444 0.005645 0.019840
v -0.314444 0.002470 0.019840
v -0.314444 0.005645 0.096040
v -0.321421 0.005645 0.085211
v -0.321303 0.005645 0.060273
v -0.317916 0.005645 0.056398
v -0.318054 0.005645 0.030284
v -0.322057 0.005645 0.030095
v -0.322571 0.005645 0.057613
v -0.325556 0.005645 0.096040
v -0.325556 0.005645 0.019840
v -0.321282 0.005645 0.026275
v -0.322513 0.005645 0.028251
v -0.319571 0.005645 0.084785
v -0.318566 0.005645 0.060061
v -0.314444 0.005645 0.019840
v -0.314444 0.005645 0.096040
v -0.317820 0.005645 0.085966
v -0.317524 0.005645 0.058475
v -0.320675 0.005645 0.055354
v -0.320216 0.005645 0.031121
v -0.317559 0.005645 0.027591
v -0.319161 0.005645 0.026202
v -0.322627 0.005645 0.087199
v -0.321084 0.005645 0.089705
v -0.317814 0.005645 0.088927
v -0.325556 0.013784 0.087090
v -0.325556 0.013636 0.059041
v -0.325556 0.016757 0.096040
v -0.325556 0.016757 0.019840
v -0.325556 0.009583 0.030757
v -0.325556 0.010049 0.055654
v -0.325556 0.012544 0.085129
v -0.325556 0.011090 0.060529
v -0.325556 0.009583 0.085123
v -0.325556 0.012790 0.055791
v -0.325556 0.012544 0.030751
v -0.325556 0.009230 0.059531
v -0.325556 0.008646 0.057502
v -0.325556 0.005645 0.019840
v -0.325556 0.012743 0.089391
v -0.325556 0.005645 0.096040
v -0.325556 0.010881 0.089802
v -0.325556 0.008868 0.088612
v -0.325556 0.008868 0.027268
v -0.325556 0.013831 0.028571
v -0.325556 0.011982 0.026016
v -0.328731 0.014058 0.086113
v -0.325556 0.010133 0.084651
v -0.328731 0.008991 0.085724
v -0.325556 0.008834 0.088548
v -0.325556 0.013942 0.088840
v -0.328731 0.010052 0.089954
v -0.325556 0.013540 0.027085
v -0.328731 0.013744 0.027423
v -0.328731 0.009912 0.026177
v -0.325556 0.008567 0.027100
v -0.325556 0.011817 0.031428
v -0.328731 0.010029 0.031489
v -0.325556 0.011006 0.055176
v -0.328731 0.012918 0.055322
v -0.325556 0.008688 0.059639
v -0.328731 0.008447 0.058657
v -0.328731 0.012210 0.060448
v -0.325556 0.014011 0.058673
v -0.318217 0.002470 0.084969
v -0.317157 0.005645 0.087187
v -0.320545 0.005645 0.090026
v -0.318827 0.002470 0.089902
v -0.322132 0.005645 0.085084
v -0.322919 0.002470 0.087185
v -0.316881 0.005645 0.028172
v -0.318017 0.002470 0.026504
v -0.319739 0.002470 0.031628
v -0.322111 0.005645 0.030536
v -0.322438 0.002470 0.027255
v -0.321659 0.005645 0.026515
v -0.319098 0.005645 0.055140
v -0.318804 0.002470 0.055084
v -0.317770 0.005645 0.059497
v -0.318414 0.002470 0.060149
v -0.322684 0.005645 0.059390
v -0.322645 0.002470 0.059090
vn -0.5175 -0.6331 0.5757
vn -0.1501 -0.1144 0.9820
vn -0.2779 0.0028 0.9606
vn -0.0775 -0.1777 0.9810
vn -0.3874 0.0526 -0.9204
vn -0.0000 1.0000 -0.0000
vn -0.0983 -0.9250 -0.3670
vn -0.2282 0.9236 0.3079
vn 0.5250 0.3149 -0.7907
vn -0.4194 0.7259 -0.5451
vn -0.9775 0.0279 0.2090
vn -0.9824 0.1067 0.1534
vn -0.9524 -0.0931 0.2902
vn -0.6121 -0.3026 -0.7306
vn -0.3499 -0.5276 -0.7741
vn -0.0000 -1.0000 -0.0000
vn -0.3925 -0.6976 0.5994
vn -0.2053 0.8685 0.4512
vn -0.4094 -0.1629 -0.8977
vn 1.0000 -0.0000 -0.0000
vn 0.1030 -0.0982 -0.9898
vn 0.1548 -0.0279 -0.9875
vn 0.0212 -0.2055 -0.9784
vn -0.0000 -0.0000 1.0000
vn -0.3064 -0.3545 0.8834
vn 0.7502 0.0204 0.6609
vn 0.7629 0.0590 0.6438
vn 0.7363 -0.0176 0.6764
vn -0.0000 -0.0000 -1.0000
vn 0.9710 -0.2129 0.1091
vn 0.7207 -0.0563 0.6909
vn 0.5111 -0.5948 -0.6205
vn -1.0000 -0.0000 -0.0000
vn 0.4366 -0.8912 -0.1230
vn -0.3464 -0.4569 0.8193
vn -0.9742 0.2131 0.0750
vn 0.3736 -0.6848 -0.6256
vn 0.0811 -0.3082 0.9479
vn 0.8720 -0.4015 -0.2801
vn -0.8456 0.4520 -0.2841
vn 0.7745 0.4142 -0.4782
vn 0.2419 0.0944 -0.9657
vn 0.3424 -0.0720 0.9368
vn 0.3948 0.9185 -0.0203
vn 0.3688 0.5558 0.7450
vn -0.9159 0.3850 -0.1133
vn 0.3824 0.4421 0.8114
vn 0.2396 0.4172 -0.8766
vn -1.0000 0.0001 -0.0000
vn 0.2555 0.9378 -0.2351
vn 0.1647 0.1856 0.9687
s 1
f 3248//548 3244//548 3245//548
f 3252//549 3253//550 3250//551
f 3249//552 3248//552 3247//552
f 3150//553 3149//553 3148//553
f 3251//554 3250//554 3254//554
f 3246//555 3247//555 3245//555
f 3264//556 3265//556 3267//556
f 3253//557 3255//557 3254//557
f 3275//558 3276//559 3274//560
f 3263//561 3265//561 3264//561
f 3270//562 3271//562 3268//562
f 3177//563 3175//563 3178//563
f 3261//564 3257//564 3256//564
f 3256//565 3259//565 3258//565
f 3260//566 3261//566 3258//566
f 3199//567 3198//567 3197//567
f 3277//568 3278//569 3276//570
f 3135//571 3137//571 3136//571
f 3273//572 3269//572 3268//572
f 3275//573 3274//574 3278//575
f 3143//576 3142//576 3141//576
f 3272//577 3273//577 3271//577
f 3278//575 3279//578 3275//573
f 3206//553 3213//553 3221//553
f 3219//553 3212//553 3208//553
f 3212//553 3207//553 3208//553
f 3213//553 3222//553 3221//553
f 3209//553 3208//553 3207//553
f 3206//553 3221//553 3220//553
f 3209//553 3207//553 3204//553
f 3207//553 3206//553 3205//553
f 3207//553 3205//553 3204//553
f 3206//553 3220//553 3205//553
f 3205//553 3216//553 3204//553
f 3214//553 3222//553 3215//553
f 3214//553 3215//553 3211//553
f 3210//553 3214//553 3211//553
f 3210//553 3211//553 3201//553
f 3200//553 3210//553 3201//553
f 3220//553 3200//553 3201//553
f 3220//553 3201//553 3205//553
f 3248//579 3249//579 3244//579
f 3150//553 3147//553 3149//553
f 3154//580 3151//580 3165//580
f 3165//580 3167//580 3154//580
f 3171//580 3170//580 3154//580
f 3154//580 3167//580 3171//580
f 3261//581 3260//581 3257//581
f 3263//582 3266//582 3262//582
f 3276//559 3275//558 3277//583
f 3254//584 3255//584 3251//584
f 3251//585 3252//549 3250//551
f 3212//553 3219//553 3218//553
f 3215//553 3222//553 3213//553
f 3213//553 3212//553 3215//553
f 3202//553 3215//553 3212//553
f 3202//553 3212//553 3203//553
f 3212//553 3218//553 3203//553
f 3216//553 3202//553 3203//553
f 3216//553 3203//553 3217//553
f 3216//553 3217//553 3204//553
f 3267//586 3266//586 3264//586
f 3268//587 3269//587 3270//587
f 3270//588 3272//588 3271//588
f 3278//569 3277//568 3279//589
f 3245//590 3244//590 3246//590
f 3176//563 3195//563 3193//563
f 3192//563 3191//563 3183//563
f 3178//563 3176//563 3177//563
f 3176//563 3193//563 3194//563
f 3176//563 3194//563 3177//563
f 3183//563 3178//563 3192//563
f 3190//563 3192//563 3178//563
f 3194//563 3173//563 3180//563
f 3179//563 3190//563 3178//563
f 3177//563 3194//563 3180//563
f 3186//563 3185//563 3182//563
f 3181//563 3186//563 3182//563
f 3173//563 3181//563 3182//563
f 3173//563 3182//563 3180//563
f 3174//563 3179//563 3178//563
f 3189//563 3185//563 3188//563
f 3189//563 3188//563 3172//563
f 3189//563 3172//563 3174//563
f 3175//563 3189//563 3174//563
f 3175//563 3174//563 3178//563
f 3252//591 3255//591 3253//591
f 3256//592 3257//592 3259//592
f 3199//567 3196//567 3198//567
f 3263//593 3262//593 3265//593
f 3236//567 3243//567 3241//567
f 3242//567 3243//567 3226//567
f 3242//567 3226//567 3224//567
f 3226//567 3225//567 3224//567
f 3238//567 3236//567 3235//567
f 3236//567 3241//567 3227//567
f 3236//567 3227//567 3235//567
f 3233//567 3242//567 3232//567
f 3227//567 3228//567 3235//567
f 3242//567 3224//567 3232//567
f 3228//567 3227//567 3232//567
f 3232//567 3227//567 3233//567
f 3238//567 3235//567 3231//567
f 3235//567 3234//567 3231//567
f 3231//567 3240//567 3238//567
f 3225//567 3238//567 3239//567
f 3224//567 3225//567 3223//567
f 3238//567 3240//567 3239//567
f 3230//567 3224//567 3229//567
f 3225//567 3239//567 3237//567
f 3224//567 3223//567 3229//567
f 3231//567 3234//567 3230//567
f 3225//567 3237//567 3223//567
f 3229//567 3231//567 3230//567
f 3266//594 3267//594 3262//594
f 3259//595 3260//595 3258//595
f 3140//571 3139//571 3136//571
f 3139//571 3138//571 3136//571
f 3138//571 3135//571 3136//571
f 3158//580 3153//580 3159//580
f 3158//580 3159//580 3157//580
f 3156//580 3158//580 3157//580
f 3155//580 3156//580 3157//580
f 3155//580 3157//580 3165//580
f 3155//580 3165//580 3151//580
f 3152//580 3154//580 3170//580
f 3152//580 3170//580 3169//580
f 3162//580 3155//580 3151//580
f 3161//580 3152//580 3153//580
f 3152//580 3169//580 3163//580
f 3151//580 3161//580 3162//580
f 3152//580 3163//580 3153//580
f 3168//580 3162//580 3161//580
f 3153//580 3163//580 3164//596
f 3163//580 3166//580 3160//580
f 3153//580 3158//580 3161//580
f 3158//580 3168//580 3161//580
f 3164//596 3163//580 3160//580
f 3166//580 3167//580 3165//580
f 3165//580 3160//580 3166//580
f 3247//597 3246//597 3249//597
f 3272//598 3269//598 3273//598
f 3143//576 3145//576 3142//576
f 3141//576 3144//576 3143//576
f 3144//576 3146//576 3143//576
f 3184//563 3183//563 3185//563
f 3183//563 3191//563 3188//563
f 3176//563 3184//563 3187//563
f 3195//563 3176//563 3187//563
f 3188//563 3185//563 3183//563
f 3185//563 3186//563 3184//563
f 3186//563 3187//563 3184//563
f 3236//567 3226//567 3243//567
o Object.112
v -0.122321 -0.002205 0.006183
v 0.123077 -0.002205 0.005082
v 0.121859 -0.002205 0.006183
v -0.123539 -0.002205 0.005082
v -0.058399 -0.002205 -0.019355
v 0.122011 -0.002205 -0.090467
v 0.123113 -0.002205 -0.089249
v -0.122627 -0.002205 -0.090423
v -0.123602 -0.002205 -0.089098
v 0.042241 -0.002205 -0.071162
v 0.048435 -0.002205 -0.068141
v 0.048262 -0.002205 -0.045356
v 0.088463 -0.002205 -0.043455
v 0.081109 -0.002205 -0.045355
v 0.026102 -0.002205 -0.042160
v 0.099072 -0.002205 -0.045603
v 0.090946 -0.002205 -0.044317
v 0.031602 -0.002205 -0.045336
v 0.003435 -0.002205 -0.068141
v -0.114495 -0.002205 -0.044377
v -0.041397 -0.002205 -0.029170
v -0.035898 -0.002205 -0.032345
v -0.086564 -0.002205 -0.042161
v -0.091670 -0.002205 -0.038574
v -0.035899 -0.002205 -0.058327
v 0.031602 -0.002205 -0.038984
v 0.055349 -0.002205 -0.041495
v 0.048263 -0.002205 -0.038964
v 0.050387 -0.002205 -0.019352
v 0.042936 -0.002205 -0.019355
v 0.056872 -0.002205 -0.039989
v 0.057048 -0.002205 -0.051790
v 0.060376 -0.002205 -0.051364
v 0.065504 -0.002205 -0.047609
v 0.054976 -0.002205 -0.056451
v 0.049556 -0.002205 -0.053843
v 0.092369 -0.002205 -0.042496
v 0.051051 -0.002205 -0.034813
v 0.099103 -0.002205 -0.058325
v 0.093435 -0.002205 -0.068141
v 0.113183 -0.002205 -0.076332
v 0.105810 -0.002205 -0.076190
v 0.112849 -0.002205 -0.074308
v 0.117709 -0.002205 -0.074835
v 0.009102 -0.002205 -0.077956
v -0.013398 -0.002205 -0.071316
v -0.113331 -0.002205 -0.075527
v -0.106332 -0.002205 -0.076086
v -0.108502 -0.002205 -0.081479
v -0.116887 -0.002205 -0.077180
v -0.047063 -0.002205 -0.045336
v -0.035899 -0.002205 -0.051975
v -0.063897 -0.002205 -0.068141
v -0.103398 -0.002205 -0.013004
v -0.114495 -0.002205 -0.011527
v 0.049556 -0.002205 -0.030477
v 0.057119 -0.002205 -0.032522
v 0.065504 -0.002205 -0.036710
v 0.055613 -0.002205 -0.043455
v 0.003436 -0.002205 -0.042161
v 0.025935 -0.002205 -0.029170
v 0.020436 -0.002205 -0.025994
v -0.058399 -0.002205 -0.045336
v -0.063897 -0.002205 -0.042161
v -0.069564 -0.002205 -0.006364
v -0.064064 -0.002205 -0.003189
v -0.069564 -0.002205 -0.032345
v -0.113186 -0.002205 -0.009130
v -0.092063 -0.002205 -0.013004
v 0.066614 -0.002205 -0.012266
v -0.041397 -0.002205 -0.003188
v -0.024564 -0.002205 -0.006364
v -0.106332 -0.002205 -0.008235
v -0.086397 -0.002205 -0.003188
v 0.081110 -0.002205 -0.038965
v 0.089722 -0.002205 -0.039989
v 0.058395 -0.002205 -0.011271
v 0.052241 -0.002205 -0.017517
v 0.042936 -0.002205 -0.013004
v 0.056100 -0.002205 -0.011092
v 0.055617 -0.002205 -0.018612
v 0.060344 -0.002205 -0.018370
v 0.064558 -0.002205 -0.015545
v 0.059620 -0.002205 -0.009136
v 0.057748 -0.002205 -0.007070
v 0.070936 -0.002205 -0.003189
v 0.068877 -0.002205 -0.012275
v 0.081898 -0.002205 -0.000896
v 0.076602 -0.002205 -0.013004
v 0.099559 -0.002205 -0.011195
v 0.099689 -0.002205 -0.041803
v 0.091897 -0.002205 -0.040747
v 0.026240 -0.002205 -0.082201
v 0.003602 -0.002205 -0.081132
v 0.048602 -0.002205 -0.003188
v 0.071102 -0.002205 -0.016180
v 0.083042 -0.002205 -0.002868
v 0.100490 -0.002205 -0.006382
v 0.099595 -0.002205 -0.007851
v 0.092470 -0.002205 -0.009136
v 0.080834 -0.002205 -0.007850
v 0.090598 -0.002205 -0.007070
v 0.076602 -0.002205 -0.019355
v 0.088087 -0.002205 -0.008611
v 0.104849 -0.002205 -0.006331
v 0.088950 -0.002205 -0.011092
v 0.080974 -0.002205 -0.011864
v 0.079679 -0.002205 -0.013107
v 0.095312 -0.002205 -0.017352
v 0.091245 -0.002205 -0.011271
v 0.113182 -0.002205 -0.010631
v 0.113237 -0.002205 -0.018719
v 0.115064 -0.002205 -0.011830
v 0.072246 -0.002205 -0.000921
v 0.047292 -0.002205 -0.000920
v -0.112947 -0.002205 -0.018472
v -0.116918 -0.002205 -0.007094
v -0.114525 -0.002205 -0.007140
v -0.106941 -0.002205 -0.005765
v -0.080898 -0.002205 -0.006364
v -0.086397 -0.002205 -0.029170
v -0.080346 -0.002205 -0.032209
v -0.103398 -0.002205 -0.045336
v -0.118226 -0.002205 -0.009492
v -0.116619 -0.002205 -0.020265
v -0.115327 -0.002205 -0.024415
v -0.109064 -0.002205 -0.029170
v -0.035898 -0.002205 -0.006364
v -0.092616 -0.002205 -0.039121
v -0.116543 -0.002205 -0.023296
v -0.117308 -0.002205 -0.040309
v -0.118226 -0.002205 -0.042342
v -0.115350 -0.002205 -0.039689
v -0.001669 -0.002205 -0.019767
v 0.008709 -0.002205 -0.025585
v -0.111359 -0.002205 -0.020278
v -0.103398 -0.002205 -0.019355
v -0.116887 -0.002205 -0.011480
v -0.115847 -0.002205 -0.018939
v -0.081292 -0.002205 -0.032756
v -0.092063 -0.002205 -0.045336
v -0.092064 -0.002205 -0.064966
v -0.018897 -0.002205 -0.042161
v -0.013399 -0.002205 -0.045336
v -0.086397 -0.002205 -0.055150
v -0.080899 -0.002205 -0.058327
v -0.103398 -0.002205 -0.071316
v -0.115350 -0.002205 -0.072539
v -0.106941 -0.002205 -0.078555
v -0.114495 -0.002205 -0.077227
v -0.116446 -0.002205 -0.060721
v -0.109064 -0.002205 -0.055150
v -0.113913 -0.002205 -0.059776
v -0.058398 -0.002205 -0.071316
v -0.113370 -0.002205 -0.065847
v -0.115693 -0.002205 -0.065446
v -0.117308 -0.002205 -0.073159
v -0.116598 -0.002205 -0.064209
v 0.025936 -0.002205 -0.055150
v -0.116887 -0.002205 -0.044330
v -0.058398 -0.002205 -0.064966
v -0.080898 -0.002205 -0.077956
v -0.086506 -0.002205 -0.080722
v -0.024563 -0.002205 -0.051975
v 0.003602 -0.002205 -0.055150
v -0.018897 -0.002205 -0.068141
v 0.020436 -0.002205 -0.051975
v -0.086834 -0.002205 -0.082393
v -0.064064 -0.002205 -0.081131
v -0.107361 -0.002205 -0.083424
v -0.118226 -0.002205 -0.075192
v 0.059047 -0.002205 -0.040747
v 0.066423 -0.002205 -0.038924
v 0.113831 -0.002205 -0.064298
v 0.116961 -0.002205 -0.043880
v 0.117741 -0.002205 -0.042160
v 0.117093 -0.002205 -0.076616
v 0.115064 -0.002205 -0.077530
v 0.093298 -0.002205 -0.082201
v 0.104998 -0.002205 -0.077938
v 0.087935 -0.002205 -0.071316
v 0.053708 -0.002205 -0.077545
v 0.116593 -0.002205 -0.072910
v 0.114381 -0.002205 -0.072695
v 0.087936 -0.002205 -0.064966
v 0.076602 -0.002205 -0.071316
v 0.064763 -0.002205 -0.056815
v 0.069768 -0.002205 -0.053488
v 0.115064 -0.002205 -0.044680
v 0.109247 -0.002205 -0.049869
v 0.117572 -0.002205 -0.010374
v 0.115242 -0.002205 -0.006813
v 0.117221 -0.002205 -0.007829
v 0.110436 -0.002205 -0.058326
v 0.083669 -0.002205 -0.049100
v 0.097311 -0.002205 -0.048804
v 0.091616 -0.002205 -0.051719
v 0.099101 -0.002205 -0.051974
v 0.108092 -0.002205 -0.051999
v 0.088163 -0.002205 -0.051399
v 0.066423 -0.002205 -0.045395
v 0.058096 -0.002205 -0.044317
v 0.088199 -0.002205 -0.041495
v 0.115065 -0.002205 -0.039696
v 0.106180 -0.002205 -0.039400
v 0.098915 -0.002205 -0.038398
v 0.083669 -0.002205 -0.035221
v 0.097311 -0.002205 -0.035517
v 0.099102 -0.002205 -0.032345
v 0.091615 -0.002205 -0.032601
v 0.097975 -0.002205 -0.014713
v 0.109359 -0.002205 -0.016701
v 0.093602 -0.002205 -0.029170
v 0.094852 -0.002205 -0.018749
v 0.087936 -0.002205 -0.019355
v 0.110436 -0.002205 -0.025994
v 0.108244 -0.002205 -0.032376
v 0.112915 -0.002205 -0.008249
v 0.105783 -0.002205 -0.007747
v 0.106786 -0.002205 -0.013625
v 0.069770 -0.002205 -0.030829
v 0.105852 -0.002205 -0.043213
v 0.113183 -0.002205 -0.043482
v 0.051051 -0.002205 -0.049508
v -0.087708 -0.002205 -0.000920
v -0.062754 -0.002205 -0.000921
v 0.055237 -0.002205 -0.008611
v 0.009101 -0.002205 -0.051975
v -0.001671 -0.002205 -0.045745
v -0.092064 -0.002205 -0.071316
v -0.069563 -0.002205 -0.051975
v -0.113331 -0.002205 -0.042677
v -0.103398 -0.002205 -0.038984
v -0.113537 -0.002205 -0.040977
v -0.080899 -0.002205 -0.025994
v 0.003436 -0.002205 -0.016180
v -0.024564 -0.002205 -0.058326
v 0.020831 -0.002205 -0.058738
v -0.019064 -0.002205 -0.081131
v -0.024563 -0.002205 -0.077956
v -0.041834 -0.002205 -0.082393
v -0.111891 -0.002205 -0.065169
v -0.103398 -0.002205 -0.064966
v -0.064064 -0.002205 -0.055150
v -0.069564 -0.002205 -0.058326
v -0.080899 -0.002205 -0.051975
v 0.064765 -0.002205 -0.027502
v 0.088160 -0.002205 -0.032923
v 0.059519 -0.002205 -0.042496
v 0.060334 -0.002205 -0.032984
v -0.041565 -0.002205 -0.068141
v -0.035898 -0.002205 -0.077956
v -0.088117 -0.002205 -0.083510
v -0.062756 -0.002205 -0.083399
v -0.002065 -0.002205 -0.071316
v -0.086565 -0.002205 -0.068141
v -0.113537 -0.002205 -0.073827
v -0.047064 -0.002205 -0.038985
v -0.041564 -0.002205 -0.042161
v -0.058398 -0.002205 -0.038984
v -0.025254 -0.002205 -0.032191
v -0.002617 -0.002205 -0.045200
v -0.047063 -0.002205 -0.019355
v -0.041564 -0.002205 -0.016180
v -0.035899 -0.002205 -0.025994
v -0.013791 -0.002205 -0.038576
v -0.064065 -0.002205 -0.029170
v -0.069563 -0.002205 -0.025994
v -0.092063 -0.002205 -0.019355
v -0.086564 -0.002205 -0.016180
v -0.108536 -0.002205 -0.002680
v 0.027246 -0.002205 -0.000921
v 0.002292 -0.002205 -0.000920
v -0.107210 -0.002205 -0.000851
v -0.113522 -0.002205 -0.024247
v -0.111493 -0.002205 -0.063427
v 0.026102 -0.002205 -0.068141
v 0.031602 -0.002205 -0.071316
v 0.009101 -0.002205 -0.058326
v 0.019885 -0.002205 -0.058190
v -0.041506 -0.002205 -0.080722
v -0.019064 -0.002205 -0.055150
v 0.026102 -0.002205 -0.016180
v -0.041397 -0.002205 -0.055150
v 0.031602 -0.002205 -0.019355
v -0.019065 -0.002205 -0.029170
v 0.020436 -0.002205 -0.077956
v 0.026094 -0.002205 -0.080586
v 0.002292 -0.002205 -0.083399
v 0.027654 -0.002205 -0.083510
v 0.106657 -0.002205 -0.071018
v 0.070936 -0.002205 -0.081131
v 0.047292 -0.002205 -0.083399
v 0.072244 -0.002205 -0.083399
v -0.017756 -0.002205 -0.083399
v -0.043117 -0.002205 -0.083510
v -0.013398 -0.002205 -0.064966
v -0.047064 -0.002205 -0.071316
v -0.047064 -0.002205 -0.064966
v -0.024263 -0.002205 -0.032644
v -0.063897 -0.002205 -0.016180
v -0.012843 -0.002205 -0.039121
v -0.069563 -0.002205 -0.077956
v -0.058398 -0.002205 -0.013004
v 0.025936 -0.002205 -0.003189
v -0.019064 -0.002205 -0.003189
v -0.018897 -0.002205 -0.016180
v 0.031602 -0.002205 -0.013004
v -0.013399 -0.002205 -0.019355
v -0.047063 -0.002205 -0.013004
v 0.009102 -0.002205 -0.006364
v -0.002615 -0.002205 -0.019219
v -0.017754 -0.002205 -0.000921
v -0.042708 -0.002205 -0.000920
v 0.054653 -0.002205 -0.078092
v 0.048602 -0.002205 -0.081132
v 0.043236 -0.002205 -0.071615
v 0.032431 -0.002205 -0.065131
v 0.031401 -0.002205 -0.064775
v 0.042936 -0.002205 -0.064966
v 0.093602 -0.002205 -0.055150
v 0.107012 -0.002205 -0.046850
v 0.071103 -0.002205 -0.068141
v 0.076602 -0.002205 -0.064966
v 0.112813 -0.002205 -0.065797
v 0.108848 -0.002205 -0.068056
v 0.091883 -0.002205 -0.083510
v 0.065436 -0.002205 -0.077956
v 0.099103 -0.002205 -0.077957
v 0.093444 -0.002205 -0.080586
v 0.112915 -0.002205 -0.041099
v 0.109172 -0.002205 -0.034578
v 0.116848 -0.002205 -0.040311
v 0.113720 -0.002205 -0.020505
v 0.099101 -0.002205 -0.025994
v 0.003602 -0.002205 -0.029170
v 0.009655 -0.002205 -0.026130
v 0.020829 -0.002205 -0.032754
v 0.019882 -0.002205 -0.032208
v 0.009102 -0.002205 -0.032345
v -0.024563 -0.002205 -0.025994
v -0.012988 -0.002205 -0.013115
v -0.013877 -0.002205 -0.012483
v 0.003602 -0.002205 -0.003188
v 0.020436 -0.002205 -0.006365
v -0.002064 -0.002205 -0.013004
v -0.002064 -0.002205 -0.038985
v -0.002064 -0.002205 -0.064966
v -0.122321 0.000970 0.006183
v 0.122011 0.000970 -0.090467
v -0.123539 0.000970 0.005082
v -0.122627 0.000970 -0.090423
v -0.123602 0.000970 -0.089098
v 0.123113 0.000970 -0.089249
v 0.020436 0.000970 -0.077956
v 0.025936 0.000970 -0.081131
v 0.055285 0.000970 -0.018520
v -0.035899 0.000970 -0.025994
v 0.003602 0.000970 -0.055150
v 0.121859 0.000970 0.006183
v 0.123077 0.000970 0.005082
v -0.018897 0.000970 -0.042161
v -0.063897 0.000970 -0.068141
v 0.009101 0.000970 -0.077956
v 0.009102 0.000970 -0.058326
v -0.019064 0.000970 -0.055150
v -0.002064 0.000970 -0.038984
v 0.025936 0.000970 -0.055150
v 0.009102 0.000970 -0.051975
v 0.026102 0.000970 -0.016180
v 0.049556 0.000970 -0.053843
v 0.054976 0.000970 -0.056451
v 0.020436 0.000970 -0.058326
v 0.108398 0.000970 -0.032440
v 0.110437 0.000970 -0.025994
v 0.059558 0.000970 -0.042327
v 0.071103 0.000970 -0.068141
v 0.076602 0.000970 -0.071316
v 0.093435 0.000970 -0.068141
v 0.088829 0.000970 -0.051484
v 0.054102 0.000970 -0.077956
v 0.048444 0.000970 -0.080586
v 0.099102 0.000970 -0.077956
v 0.093602 0.000970 -0.081132
v 0.003298 0.000970 -0.082201
v -0.088116 0.000970 -0.083510
v 0.046884 0.000970 -0.083510
v 0.072245 0.000970 -0.083399
v -0.041565 0.000970 -0.068141
v -0.002065 0.000970 -0.064966
v -0.024564 0.000970 -0.032345
v -0.019065 0.000970 -0.029170
v 0.049556 0.000970 -0.030477
v 0.042936 0.000970 -0.019355
v 0.042936 0.000970 -0.013004
v 0.057048 0.000970 -0.051790
v 0.090327 0.000970 -0.007115
v 0.088782 0.000970 -0.010950
v 0.080974 0.000970 -0.011864
v 0.092408 0.000970 -0.009477
v 0.099622 0.000970 -0.010489
v 0.091155 0.000970 -0.011342
v 0.082647 0.000970 -0.047746
v 0.058575 0.000970 -0.043982
v 0.099693 0.000970 -0.041453
v 0.092408 0.000970 -0.042327
v 0.116847 0.000970 -0.040310
v 0.105882 0.000970 -0.010734
v 0.048435 0.000970 -0.068141
v 0.099259 0.000970 -0.044934
v 0.089511 0.000970 -0.040117
v 0.003436 0.000970 -0.042161
v 0.091425 0.000970 -0.043982
v 0.025935 0.000970 -0.029170
v 0.059341 0.000970 -0.018606
v 0.080817 0.000970 -0.008186
v 0.088148 0.000970 -0.008464
v 0.100639 0.000970 -0.006331
v 0.051902 0.000970 -0.017517
v 0.064136 0.000970 -0.016090
v 0.066870 0.000970 -0.012047
v -0.069564 0.000970 -0.006364
v 0.104998 0.000970 -0.006382
v 0.114897 0.000970 -0.006886
v 0.113394 0.000970 -0.007706
v 0.105893 0.000970 -0.007852
v 0.112775 0.000970 -0.009846
v 0.114379 0.000970 -0.011624
v 0.107152 0.000970 -0.014186
v 0.109874 0.000970 -0.017141
v 0.113245 0.000970 -0.018726
v 0.116091 0.000970 -0.011588
v 0.117413 0.000970 -0.010493
v 0.116725 0.000970 -0.007333
v 0.098749 0.000970 -0.038082
v 0.099102 0.000970 -0.025994
v 0.083236 0.000970 -0.035753
v 0.087486 0.000970 -0.033043
v 0.097311 0.000970 -0.035517
v 0.091615 0.000970 -0.032601
v 0.099103 0.000970 -0.032345
v 0.093602 0.000970 -0.029170
v 0.087936 0.000970 -0.019355
v 0.091577 0.000970 -0.040413
v 0.065504 0.000970 -0.047609
v 0.087990 0.000970 -0.041988
v 0.081110 0.000970 -0.038965
v 0.114708 0.000970 -0.039692
v 0.107412 0.000970 -0.036905
v 0.066423 0.000970 -0.045395
v 0.069770 0.000970 -0.030829
v 0.097309 0.000970 -0.048778
v 0.109120 0.000970 -0.034751
v 0.106452 0.000970 -0.045942
v 0.115418 0.000970 -0.044584
v 0.105904 0.000970 -0.040410
v 0.112776 0.000970 -0.041622
v 0.113610 0.000970 -0.044047
v 0.109120 0.000970 -0.049568
v 0.117131 0.000970 -0.043794
v 0.110436 0.000970 -0.058326
v 0.108399 0.000970 -0.051879
v 0.113831 0.000970 -0.064298
v 0.093602 0.000970 -0.055150
v 0.099101 0.000970 -0.051975
v 0.085331 0.000970 -0.050286
v 0.087935 0.000970 -0.064966
v 0.114708 0.000970 -0.072542
v 0.108035 0.000970 -0.068677
v 0.076602 0.000970 -0.064966
v 0.099103 0.000970 -0.058326
v 0.091616 0.000970 -0.051719
v 0.116847 0.000970 -0.073160
v 0.112863 0.000970 -0.065812
v 0.106046 0.000970 -0.072931
v 0.112849 0.000970 -0.074305
v 0.105860 0.000970 -0.076636
v 0.113268 0.000970 -0.076492
v 0.070936 0.000970 -0.081131
v 0.065435 0.000970 -0.077957
v 0.087936 0.000970 -0.071316
v 0.003444 0.000970 -0.080586
v 0.104849 0.000970 -0.077989
v 0.092293 0.000970 -0.083399
v 0.057119 0.000970 -0.032522
v 0.058727 0.000970 -0.040413
v 0.064763 0.000970 -0.056815
v 0.056165 0.000970 -0.044057
v 0.071102 0.000970 -0.016180
v 0.066423 0.000970 -0.038924
v 0.055263 0.000970 -0.042159
v 0.048262 0.000970 -0.045356
v 0.081109 0.000970 -0.045355
v 0.065504 0.000970 -0.036710
v 0.020436 0.000970 -0.032345
v 0.031601 0.000970 -0.013004
v 0.056165 0.000970 -0.011207
v 0.058575 0.000970 -0.011132
v 0.059558 0.000970 -0.009477
v 0.055298 0.000970 -0.008464
v 0.095112 0.000970 -0.017617
v 0.098546 0.000970 -0.013829
v 0.099607 0.000970 -0.007708
v 0.091885 0.000970 -0.007951
v 0.057477 0.000970 -0.007115
v 0.048602 0.000970 -0.003188
v 0.059035 0.000970 -0.007951
v 0.009102 0.000970 -0.006365
v -0.057848 0.000970 -0.019219
v -0.047064 0.000970 -0.013004
v -0.041564 0.000970 -0.016180
v -0.058399 0.000970 -0.013003
v -0.041397 0.000970 -0.003188
v -0.103399 0.000970 -0.013004
v -0.114525 0.000970 -0.011480
v -0.019064 0.000970 -0.003189
v -0.064064 0.000970 -0.003189
v -0.042708 0.000970 -0.000921
v -0.017755 0.000970 -0.000921
v 0.072245 0.000970 -0.000921
v 0.070936 0.000970 -0.003189
v 0.003436 0.000970 -0.016180
v -0.002064 0.000970 -0.013004
v -0.018897 0.000970 -0.016180
v 0.003602 0.000970 -0.029170
v 0.009103 0.000970 -0.032345
v -0.013398 0.000970 -0.038985
v -0.063897 0.000970 -0.016180
v -0.086397 0.000970 -0.029170
v -0.080343 0.000970 -0.032209
v -0.041397 0.000970 -0.029170
v -0.035898 0.000970 -0.032346
v -0.080899 0.000970 -0.025994
v -0.069564 0.000970 -0.032345
v -0.064065 0.000970 -0.029170
v -0.035899 0.000970 -0.051975
v -0.041397 0.000970 -0.055150
v -0.069169 0.000970 -0.058738
v -0.070116 0.000970 -0.058190
v -0.047063 0.000970 -0.045336
v -0.041564 0.000970 -0.042161
v -0.092064 0.000970 -0.013004
v -0.080899 0.000970 -0.077955
v -0.086834 0.000970 -0.082393
v -0.103399 0.000970 -0.019355
v -0.114494 0.000970 -0.007094
v -0.106332 0.000970 -0.008235
v -0.106941 0.000970 -0.005764
v -0.118226 0.000970 -0.009130
v -0.107360 0.000970 -0.000896
v -0.086397 0.000970 -0.003188
v -0.113186 0.000970 -0.042342
v -0.103399 0.000970 -0.045336
v -0.046672 0.000970 -0.038576
v -0.109064 0.000970 -0.029170
v -0.115635 0.000970 -0.024330
v -0.116917 0.000970 -0.044377
v -0.116310 0.000970 -0.060420
v -0.103398 0.000970 -0.038985
v -0.092064 0.000970 -0.064966
v -0.086565 0.000970 -0.068141
v -0.114104 0.000970 -0.073159
v -0.103398 0.000970 -0.064966
v -0.086564 0.000970 -0.016180
v -0.112946 0.000970 -0.018473
v -0.057846 0.000970 -0.045200
v -0.092064 0.000970 -0.038985
v -0.063897 0.000970 -0.042161
v -0.035898 0.000970 -0.058326
v -0.018897 0.000970 -0.068141
v -0.013398 0.000970 -0.064966
v -0.041834 0.000970 -0.082393
v -0.041506 0.000970 -0.080722
v -0.019064 0.000970 -0.081131
v -0.025114 0.000970 -0.078092
v -0.086506 0.000970 -0.080722
v -0.108536 0.000970 -0.081640
v -0.116917 0.000970 -0.077227
v -0.113186 0.000970 -0.075192
v -0.106332 0.000970 -0.076086
v -0.092064 0.000970 -0.071316
v 0.064765 0.000970 -0.027502
v 0.076602 0.000970 -0.019355
v 0.094949 0.000970 -0.019055
v 0.051051 0.000970 -0.034813
v 0.089344 0.000970 -0.044164
v 0.060334 0.000970 -0.032984
v -0.047619 0.000970 -0.039121
v -0.069563 0.000970 -0.051975
v -0.013398 0.000970 -0.071316
v -0.058876 0.000970 -0.064445
v -0.057987 0.000970 -0.065077
v 0.003435 0.000970 -0.068141
v -0.064064 0.000970 -0.055150
v -0.116881 0.000970 -0.021935
v -0.116887 0.000970 -0.007140
v -0.080898 0.000970 -0.006365
v -0.116917 0.000970 -0.011527
v -0.115847 0.000970 -0.018939
v -0.114525 0.000970 -0.044330
v -0.116062 0.000970 -0.039689
v -0.117875 0.000970 -0.040977
v -0.118081 0.000970 -0.042677
v -0.114104 0.000970 -0.040309
v -0.086564 0.000970 -0.042161
v -0.080899 0.000970 -0.051975
v -0.086397 0.000970 -0.055150
v -0.116062 0.000970 -0.072539
v -0.115693 0.000970 -0.065446
v -0.112644 0.000970 -0.065813
v -0.114525 0.000970 -0.077180
v -0.080898 0.000970 -0.058326
v -0.117875 0.000970 -0.073827
v -0.116598 0.000970 -0.064209
v -0.103398 0.000970 -0.071316
v -0.107210 0.000970 -0.083469
v -0.118081 0.000970 -0.075527
v 0.117668 0.000970 -0.041812
v 0.117668 0.000970 -0.074662
v 0.117131 0.000970 -0.076644
v 0.115069 0.000970 -0.077475
v 0.113720 0.000970 -0.020505
v 0.117619 0.000970 -0.008794
v 0.081748 0.000970 -0.000851
v 0.083067 0.000970 -0.002690
v 0.060376 0.000970 -0.051364
v 0.051051 0.000970 -0.049508
v 0.048263 0.000970 -0.038964
v 0.056166 0.000970 -0.040263
v 0.025936 0.000970 -0.003189
v 0.002292 0.000970 -0.000920
v -0.109064 0.000970 -0.055150
v -0.113642 0.000970 -0.059970
v -0.111411 0.000970 -0.063725
v 0.069098 0.000970 -0.012498
v 0.076601 0.000970 -0.013004
v 0.079680 0.000970 -0.013107
v 0.047292 0.000970 -0.000920
v -0.024564 0.000970 -0.006364
v 0.027245 0.000970 -0.000921
v -0.081291 0.000970 -0.032754
v -0.058791 0.000970 -0.045745
v -0.108502 0.000970 -0.002840
v -0.113186 0.000970 -0.009492
v -0.111359 0.000970 -0.020280
v -0.092063 0.000970 -0.019355
v -0.113521 0.000970 -0.024246
v -0.092063 0.000970 -0.045336
v -0.106941 0.000970 -0.078554
v -0.064064 0.000970 -0.081131
v -0.062755 0.000970 -0.083399
v -0.024563 0.000970 -0.051975
v -0.013399 0.000970 -0.045336
v -0.002063 0.000970 -0.045336
v -0.024563 0.000970 -0.058326
v -0.002064 0.000970 -0.071316
v 0.027245 0.000970 -0.083399
v 0.001884 0.000970 -0.083510
v 0.048298 0.000970 -0.082201
v -0.017755 0.000970 -0.083399
v -0.043116 0.000970 -0.083510
v -0.024169 0.000970 -0.077545
v -0.035899 0.000970 -0.077955
v -0.047064 0.000970 -0.064966
v -0.069564 0.000970 -0.077956
v -0.058398 0.000970 -0.071316
v -0.047064 0.000970 -0.071316
v -0.069006 0.000970 -0.025358
v -0.058794 0.000970 -0.019767
v -0.047063 0.000970 -0.019355
v -0.069828 0.000970 -0.026072
v -0.058398 0.000970 -0.038985
v -0.062755 0.000970 -0.000921
v -0.087708 0.000970 -0.000921
v -0.035898 0.000970 -0.006365
v -0.002064 0.000970 -0.019355
v -0.013399 0.000970 -0.013004
v 0.069768 0.000970 -0.053488
v 0.042936 0.000970 -0.064966
v 0.042936 0.000970 -0.071316
v 0.031602 0.000970 -0.064966
v -0.013399 0.000970 -0.019355
v -0.024563 0.000970 -0.025994
v 0.003602 0.000970 -0.003188
v 0.020436 0.000970 -0.006364
v 0.009102 0.000970 -0.025994
v 0.031601 0.000970 -0.019355
v 0.050436 0.000970 -0.019684
v 0.020437 0.000970 -0.025994
v 0.031602 0.000970 -0.038985
v 0.026102 0.000970 -0.042160
v 0.031601 0.000970 -0.045336
v 0.020436 0.000970 -0.051975
v 0.031602 0.000970 -0.071316
v 0.026102 0.000970 -0.068141
v 0.121183 -0.002205 0.006254
v -0.121645 0.000970 0.006254
v -0.121645 -0.002205 0.006254
v 0.121183 0.000970 0.006254
v -0.123887 -0.002205 0.004284
v -0.121715 0.000970 0.006654
v -0.123687 0.000970 0.004258
v -0.121660 -0.002205 0.006400
v -0.123645 0.000970 -0.088574
v -0.123645 -0.002205 -0.088574
v -0.123645 -0.002205 0.004254
v -0.123645 0.000970 0.004254
v -0.121707 -0.002205 -0.090949
v -0.124045 0.000970 -0.088644
v -0.121649 0.000970 -0.090616
v -0.123700 -0.002205 -0.088579
v -0.121645 0.000970 -0.090574
v 0.121183 0.000970 -0.090574
v 0.121183 -0.002205 -0.090574
v -0.121645 -0.002205 -0.090574
v 0.123425 -0.002205 -0.088604
v 0.121253 0.000970 -0.090974
v 0.123225 0.000970 -0.088578
v 0.121198 -0.002205 -0.090719
v 0.123183 0.000970 -0.088574
v 0.123183 -0.002205 0.004254
v 0.123183 -0.002205 -0.088574
v 0.123183 0.000970 0.004254
v -0.116337 -0.002205 -0.039557
v -0.115075 0.000970 -0.039557
v -0.118473 0.000970 -0.042292
v -0.117859 -0.002205 -0.044117
v -0.113669 0.000970 -0.044296
v -0.112908 -0.002205 -0.042495
v -0.116337 -0.002205 -0.072407
v -0.115075 0.000970 -0.072407
v -0.118473 0.000970 -0.075142
v -0.117743 -0.002205 -0.077146
v -0.113669 0.000970 -0.077146
v -0.112939 -0.002205 -0.075142
v 0.117314 0.000970 -0.073216
v 0.118012 -0.002205 -0.075143
v 0.113483 -0.002205 -0.072658
v 0.112918 0.000970 -0.073592
v 0.114304 -0.002205 -0.077534
v 0.115453 0.000970 -0.077941
v 0.117662 -0.002205 -0.040841
v 0.115453 0.000970 -0.039229
v 0.113855 -0.002205 -0.039997
v 0.112919 0.000970 -0.043578
v 0.114049 -0.002205 -0.044952
v 0.117314 0.000970 -0.043953
v 0.117380 0.000970 -0.007273
v 0.117844 -0.002205 -0.008874
v 0.113060 -0.002205 -0.007228
v 0.112486 0.000970 -0.009047
v 0.115308 -0.002205 -0.012033
v 0.115751 0.000970 -0.011940
v 0.121213 -0.002205 0.006496
v 0.123583 0.000970 0.004324
v 0.121187 0.000970 0.006296
v 0.123329 -0.002205 0.004269
v -0.114192 -0.002205 -0.006825
v -0.117220 0.000970 -0.006825
v -0.112927 0.000970 -0.009777
v -0.118485 -0.002205 -0.009777
v -0.117044 0.000970 -0.011631
v -0.114368 -0.002205 -0.011631
v 0.092049 -0.002205 -0.007529
v 0.089236 0.000970 -0.007004
v 0.092467 0.000970 -0.008966
v 0.088113 -0.002205 -0.008435
v 0.090212 -0.002205 -0.011832
v 0.089583 0.000970 -0.011822
v 0.090734 -0.002205 -0.039984
v 0.090868 0.000970 -0.040020
v 0.087682 -0.002205 -0.042770
v 0.087881 0.000970 -0.041602
v 0.092548 -0.002205 -0.043107
v 0.092000 0.000970 -0.044160
v 0.057884 -0.002205 -0.039984
v 0.059016 0.000970 -0.040315
v 0.054832 -0.002205 -0.042770
v 0.054834 0.000970 -0.042160
v 0.059698 -0.002205 -0.043107
v 0.058547 0.000970 -0.044197
v 0.059199 -0.002205 -0.007529
v 0.056386 0.000970 -0.007004
v 0.059617 0.000970 -0.008966
v 0.055263 -0.002205 -0.008435
v 0.057362 -0.002205 -0.011832
v 0.056733 0.000970 -0.011822
v -0.116645 -0.002205 -0.063660
v -0.116645 0.000970 -0.063660
v -0.116645 0.000970 -0.061835
v -0.116645 -0.002205 -0.061835
v -0.114412 -0.002205 -0.066097
v -0.114412 0.000970 -0.066097
v -0.111763 -0.002205 -0.062827
v -0.112913 0.000970 -0.060835
v -0.111763 0.000970 -0.062827
v -0.112913 -0.002205 -0.060835
v -0.112824 -0.002205 -0.060440
v -0.112636 0.000970 -0.060421
v -0.116785 -0.002205 -0.061821
v -0.116879 0.000970 -0.061807
v -0.113801 -0.002205 -0.066301
v -0.113883 0.000970 -0.066225
v -0.111637 -0.002205 -0.062770
v -0.111476 0.000970 -0.062711
v -0.116666 0.000970 -0.063662
v -0.116962 -0.002205 -0.063707
v -0.114939 0.000970 -0.066043
v -0.114842 -0.002205 -0.065710
v 0.075924 -0.002205 -0.012179
v 0.075924 0.000970 -0.012179
v 0.071311 0.000970 -0.004189
v 0.071311 -0.002205 -0.004189
v 0.078998 0.000970 -0.013179
v 0.077656 0.000970 -0.013179
v 0.077656 -0.002205 -0.013179
v 0.078998 -0.002205 -0.013179
v 0.082514 -0.002205 -0.003868
v 0.082543 0.000970 -0.003887
v 0.080445 -0.002205 -0.010898
v 0.080315 0.000970 -0.010902
v 0.080924 0.000970 -0.000746
v 0.073298 -0.002205 -0.000746
v 0.073298 0.000970 -0.000746
v 0.080924 -0.002205 -0.000746
v 0.071438 -0.002205 -0.001968
v 0.071438 0.000970 -0.001968
v 0.073285 0.000970 -0.000613
v 0.073294 -0.002205 -0.000696
v 0.071458 -0.002205 -0.001668
v 0.071525 0.000970 -0.001718
v 0.082922 -0.002205 -0.004068
v 0.082748 0.000970 -0.003999
v 0.081025 0.000970 -0.000286
v 0.080964 -0.002205 -0.000455
v 0.079046 -0.002205 -0.013504
v 0.079091 0.000970 -0.013626
v 0.081118 -0.002205 -0.010842
v 0.081026 0.000970 -0.010847
v 0.077418 -0.002205 -0.011594
v 0.077418 0.000970 -0.011594
v 0.071190 0.000970 -0.002134
v 0.071277 -0.002205 -0.002173
v 0.071170 -0.002205 -0.004252
v 0.071266 0.000970 -0.004210
v -0.041772 -0.002205 -0.056151
v -0.041772 0.000970 -0.056151
v -0.046386 0.000970 -0.064141
v -0.046386 -0.002205 -0.064141
v -0.046386 -0.002205 -0.046160
v -0.046386 0.000970 -0.046160
v -0.041772 0.000970 -0.054151
v -0.041772 -0.002205 -0.054151
v -0.048118 0.000970 -0.045160
v -0.057344 -0.002205 -0.045160
v -0.057344 0.000970 -0.045160
v -0.048118 -0.002205 -0.045160
v -0.063689 -0.002205 -0.054151
v -0.063689 0.000970 -0.054151
v -0.059076 0.000970 -0.046160
v -0.059076 -0.002205 -0.046160
v -0.059076 -0.002205 -0.064141
v -0.059076 0.000970 -0.064141
v -0.063689 0.000970 -0.056151
v -0.063689 -0.002205 -0.056151
v -0.048118 0.000970 -0.065141
v -0.057344 0.000970 -0.065141
v -0.057344 -0.002205 -0.065141
v -0.048118 -0.002205 -0.065141
v -0.059117 -0.002205 -0.064169
v -0.059236 0.000970 -0.064259
v -0.057357 -0.002205 -0.065273
v -0.057345 0.000970 -0.065159
v -0.063810 0.000970 -0.054096
v -0.063723 -0.002205 -0.054135
v -0.063830 -0.002205 -0.056214
v -0.063734 0.000970 -0.056172
v -0.057348 -0.002205 -0.045111
v -0.059184 -0.002205 -0.046083
v -0.057367 0.000970 -0.044963
v -0.059091 0.000970 -0.046150
v -0.046371 -0.002205 -0.046150
v -0.048095 -0.002205 -0.044962
v -0.046226 0.000970 -0.046042
v -0.048117 0.000970 -0.045143
v -0.041738 -0.002205 -0.056167
v -0.041651 0.000970 -0.056205
v -0.041632 -0.002205 -0.054089
v -0.041727 0.000970 -0.054130
v -0.047879 -0.002205 -0.063554
v -0.047879 0.000970 -0.063554
v 0.069603 0.000970 -0.030722
v 0.069603 -0.002205 -0.030722
v 0.069657 -0.002205 -0.030985
v 0.065982 0.000970 -0.035820
v 0.069657 0.000970 -0.030985
v 0.065982 -0.002205 -0.035820
v 0.065816 -0.002205 -0.037983
v 0.065816 0.000970 -0.037983
v 0.079999 0.000970 -0.039160
v 0.067639 0.000970 -0.039160
v 0.067639 -0.002205 -0.039160
v 0.079999 -0.002205 -0.039160
v 0.090498 -0.002205 -0.032305
v 0.090514 0.000970 -0.032617
v 0.081331 -0.002205 -0.037763
v 0.080940 0.000970 -0.037479
v 0.093228 -0.002205 -0.030170
v 0.093228 0.000970 -0.030170
v 0.092307 0.000970 -0.031765
v 0.092307 -0.002205 -0.031765
v 0.088614 -0.002205 -0.020179
v 0.088614 0.000970 -0.020179
v 0.093228 0.000970 -0.028170
v 0.093228 -0.002205 -0.028170
v 0.086882 0.000970 -0.019179
v 0.077656 -0.002205 -0.019179
v 0.077656 0.000970 -0.019179
v 0.086882 -0.002205 -0.019179
v 0.069867 -0.002205 -0.030670
v 0.069867 0.000970 -0.030670
v 0.075924 0.000970 -0.020179
v 0.075924 -0.002205 -0.020179
v 0.077652 -0.002205 -0.019130
v 0.075816 -0.002205 -0.020102
v 0.077633 0.000970 -0.018982
v 0.075909 0.000970 -0.020169
v 0.088722 0.000970 -0.020102
v 0.088629 -0.002205 -0.020169
v 0.086905 -0.002205 -0.018982
v 0.086886 0.000970 -0.019130
v 0.093349 0.000970 -0.030224
v 0.093262 -0.002205 -0.030186
v 0.093368 -0.002205 -0.028108
v 0.093272 0.000970 -0.028149
v 0.090527 0.000970 -0.032903
v 0.090519 -0.002205 -0.032803
v 0.092437 -0.002205 -0.031860
v 0.092349 0.000970 -0.031795
v 0.080003 -0.002205 -0.039203
v 0.081944 -0.002205 -0.038130
v 0.080015 0.000970 -0.039309
v 0.081845 0.000970 -0.038066
v 0.065714 0.000970 -0.038117
v 0.065805 -0.002205 -0.038059
v 0.067620 -0.002205 -0.039333
v 0.067634 0.000970 -0.039217
v 0.065853 0.000970 -0.035742
v 0.065946 -0.002205 -0.035797
v 0.065626 -0.002205 -0.037991
v 0.065736 0.000970 -0.037951
v -0.068886 -0.002205 -0.077131
v -0.064272 0.000970 -0.069141
v -0.068886 0.000970 -0.077131
v -0.064272 -0.002205 -0.069141
v -0.064272 -0.002205 -0.067141
v -0.068886 0.000970 -0.059151
v -0.064272 0.000970 -0.067141
v -0.068886 -0.002205 -0.059151
v -0.070618 -0.002205 -0.058151
v -0.079844 0.000970 -0.058151
v -0.070618 0.000970 -0.058151
v -0.079844 -0.002205 -0.058151
v -0.081576 -0.002205 -0.059151
v -0.086189 0.000970 -0.067141
v -0.081576 0.000970 -0.059151
v -0.086189 -0.002205 -0.067141
v -0.086189 -0.002205 -0.069141
v -0.081576 0.000970 -0.077131
v -0.086189 0.000970 -0.069141
v -0.081576 -0.002205 -0.077131
v -0.070618 -0.002205 -0.078131
v -0.070618 0.000970 -0.078131
v -0.079844 0.000970 -0.078131
v -0.079844 -0.002205 -0.078131
v -0.080082 -0.002205 -0.076546
v -0.080082 0.000970 -0.076546
v -0.084935 0.000970 -0.068141
v -0.084935 -0.002205 -0.068141
v -0.080082 -0.002205 -0.059736
v -0.080082 0.000970 -0.059736
v -0.070380 -0.002205 -0.059736
v -0.070380 0.000970 -0.059736
v -0.064238 -0.002205 -0.069157
v -0.064151 0.000970 -0.069195
v -0.064132 -0.002205 -0.067079
v -0.064227 0.000970 -0.067120
v -0.070380 -0.002205 -0.076546
v -0.070380 0.000970 -0.076546
v -0.070618 -0.002205 -0.032170
v -0.079844 0.000970 -0.032170
v -0.070618 0.000970 -0.032170
v -0.079844 -0.002205 -0.032170
v -0.081576 -0.002205 -0.033170
v -0.086189 0.000970 -0.041160
v -0.081576 0.000970 -0.033170
v -0.086189 -0.002205 -0.041160
v -0.086189 -0.002205 -0.043160
v -0.081576 0.000970 -0.051151
v -0.086189 0.000970 -0.043160
v -0.081576 -0.002205 -0.051151
v -0.070618 -0.002205 -0.052151
v -0.070618 0.000970 -0.052151
v -0.079844 0.000970 -0.052151
v -0.079844 -0.002205 -0.052151
v -0.068886 -0.002205 -0.051151
v -0.064272 0.000970 -0.043160
v -0.068886 0.000970 -0.051151
v -0.064272 -0.002205 -0.043160
v -0.064272 -0.002205 -0.041160
v -0.068886 0.000970 -0.033170
v -0.064272 0.000970 -0.041160
v -0.068886 -0.002205 -0.033170
v -0.064238 -0.002205 -0.043176
v -0.064151 0.000970 -0.043214
v -0.064132 -0.002205 -0.041098
v -0.064227 0.000970 -0.041139
v -0.070617 -0.002205 -0.052168
v -0.068726 -0.002205 -0.051269
v -0.070595 0.000970 -0.052349
v -0.068871 0.000970 -0.051161
v -0.081684 0.000970 -0.051228
v -0.081591 -0.002205 -0.051161
v -0.079867 -0.002205 -0.052348
v -0.079848 0.000970 -0.052200
v -0.086205 0.000970 -0.041152
v -0.086223 -0.002205 -0.041144
v -0.086330 -0.002205 -0.043223
v -0.086372 0.000970 -0.043240
v -0.079848 -0.002205 -0.032120
v -0.079857 0.000970 -0.032038
v -0.081684 -0.002205 -0.033092
v -0.081617 0.000970 -0.033141
v -0.068726 0.000970 -0.033052
v -0.070379 -0.002205 -0.033757
v -0.070617 0.000970 -0.032152
v -0.068886 -0.002205 -0.025170
v -0.064272 0.000970 -0.017179
v -0.068886 0.000970 -0.025170
v -0.064272 -0.002205 -0.017179
v -0.064272 -0.002205 -0.015179
v -0.068886 0.000970 -0.007189
v -0.064272 0.000970 -0.015179
v -0.068886 -0.002205 -0.007189
v -0.070618 -0.002205 -0.006189
v -0.079844 0.000970 -0.006189
v -0.070618 0.000970 -0.006189
v -0.079844 -0.002205 -0.006189
v -0.081576 -0.002205 -0.007189
v -0.086189 0.000970 -0.015179
v -0.081576 0.000970 -0.007189
v -0.086189 -0.002205 -0.015179
v -0.086189 -0.002205 -0.017179
v -0.081576 0.000970 -0.025170
v -0.086189 0.000970 -0.017179
v -0.081576 -0.002205 -0.025170
v -0.070618 -0.002205 -0.026170
v -0.070618 0.000970 -0.026170
v -0.079844 0.000970 -0.026170
v -0.079844 -0.002205 -0.026170
v -0.081684 0.000970 -0.025247
v -0.081591 -0.002205 -0.025180
v -0.079867 -0.002205 -0.026367
v -0.079848 0.000970 -0.026219
v -0.086205 0.000970 -0.015171
v -0.086223 -0.002205 -0.015163
v -0.086330 -0.002205 -0.017242
v -0.086372 0.000970 -0.017259
v -0.079848 -0.002205 -0.006139
v -0.079857 0.000970 -0.006057
v -0.081684 -0.002205 -0.007111
v -0.081617 0.000970 -0.007160
v -0.068726 0.000970 -0.007071
v -0.070379 -0.002205 -0.007776
v -0.070617 0.000970 -0.006171
v -0.064238 -0.002205 -0.017195
v -0.064151 0.000970 -0.017233
v -0.064132 -0.002205 -0.015117
v -0.064227 0.000970 -0.015158
v -0.070617 -0.002205 -0.026187
v -0.068726 -0.002205 -0.025288
v -0.070595 0.000970 -0.026367
v -0.068871 0.000970 -0.025180
v -0.093118 0.000970 -0.013179
v -0.102344 0.000970 -0.013179
v -0.102344 -0.002205 -0.013179
v -0.093118 -0.002205 -0.013179
v -0.086772 -0.002205 -0.004189
v -0.086772 0.000970 -0.004189
v -0.091386 0.000970 -0.012179
v -0.091386 -0.002205 -0.012179
v -0.086900 -0.002205 -0.001967
v -0.086900 0.000970 -0.001967
v -0.088760 0.000970 -0.000746
v -0.106386 -0.002205 -0.000746
v -0.106386 0.000970 -0.000746
v -0.088760 -0.002205 -0.000746
v -0.106256 -0.002205 -0.007819
v -0.106398 0.000970 -0.007849
v -0.107880 0.000970 -0.003808
v -0.108002 -0.002205 -0.003885
v -0.104076 -0.002205 -0.012179
v -0.104076 0.000970 -0.012179
v -0.106176 0.000970 -0.008543
v -0.106176 -0.002205 -0.008543
v -0.105627 0.000970 -0.007961
v -0.105627 -0.002205 -0.007961
v -0.106401 0.000970 -0.000603
v -0.106527 -0.002205 -0.000252
v -0.108506 0.000970 -0.004066
v -0.108147 -0.002205 -0.003967
v -0.086920 0.000970 -0.001668
v -0.086987 -0.002205 -0.001718
v -0.088747 -0.002205 -0.000613
v -0.088756 0.000970 -0.000696
v -0.086738 -0.002205 -0.004205
v -0.086651 0.000970 -0.004243
v -0.086632 -0.002205 -0.002127
v -0.086727 0.000970 -0.002168
v -0.092880 -0.002205 -0.011594
v -0.092880 0.000970 -0.011594
v -0.102582 -0.002205 -0.011594
v -0.102582 0.000970 -0.011594
v -0.112913 -0.002205 -0.023485
v -0.111763 0.000970 -0.021494
v -0.112913 0.000970 -0.023485
v -0.111763 -0.002205 -0.021494
v -0.114414 -0.002205 -0.018209
v -0.114414 0.000970 -0.018209
v -0.116645 -0.002205 -0.022485
v -0.116645 0.000970 -0.022485
v -0.116645 0.000970 -0.020661
v -0.116645 -0.002205 -0.020661
v -0.116917 -0.002205 -0.022783
v -0.116972 0.000970 -0.022762
v -0.112799 -0.002205 -0.023568
v -0.112781 0.000970 -0.023581
v -0.114835 0.000970 -0.018648
v -0.114908 -0.002205 -0.018357
v -0.117044 0.000970 -0.020590
v -0.116704 -0.002205 -0.020655
v -0.111476 -0.002205 -0.021610
v -0.111574 0.000970 -0.021576
v -0.113883 -0.002205 -0.018095
v -0.113847 0.000970 -0.018026
v -0.093118 0.000970 -0.039160
v -0.102344 0.000970 -0.039160
v -0.102344 -0.002205 -0.039160
v -0.093118 -0.002205 -0.039160
v -0.086772 -0.002205 -0.030170
v -0.086772 0.000970 -0.030170
v -0.091386 0.000970 -0.038160
v -0.091386 -0.002205 -0.038160
v -0.091386 -0.002205 -0.020179
v -0.091386 0.000970 -0.020179
v -0.086772 0.000970 -0.028170
v -0.086772 -0.002205 -0.028170
v -0.093118 0.000970 -0.019179
v -0.102344 -0.002205 -0.019179
v -0.102344 0.000970 -0.019179
v -0.093118 -0.002205 -0.019179
v -0.108690 -0.002205 -0.028170
v -0.108690 0.000970 -0.028170
v -0.104076 0.000970 -0.020179
v -0.104076 -0.002205 -0.020179
v -0.104076 -0.002205 -0.038160
v -0.104076 0.000970 -0.038160
v -0.108690 0.000970 -0.030170
v -0.108690 -0.002205 -0.030170
v -0.108811 0.000970 -0.028116
v -0.108724 -0.002205 -0.028154
v -0.108830 -0.002205 -0.030232
v -0.108735 0.000970 -0.030191
v -0.102348 -0.002205 -0.019130
v -0.104184 -0.002205 -0.020102
v -0.102367 0.000970 -0.018982
v -0.104091 0.000970 -0.020169
v -0.091371 -0.002205 -0.020169
v -0.093095 -0.002205 -0.018981
v -0.091226 0.000970 -0.020061
v -0.093117 0.000970 -0.019162
v -0.086738 -0.002205 -0.030186
v -0.086651 0.000970 -0.030224
v -0.086632 -0.002205 -0.028108
v -0.086727 0.000970 -0.028149
v -0.092879 -0.002205 -0.037573
v -0.092879 0.000970 -0.037573
v -0.104117 -0.002205 -0.038189
v -0.104184 0.000970 -0.038238
v -0.102357 -0.002205 -0.039292
v -0.102348 0.000970 -0.039210
v -0.093118 0.000970 -0.065141
v -0.102344 0.000970 -0.065141
v -0.102344 -0.002205 -0.065141
v -0.093118 -0.002205 -0.065141
v -0.086772 -0.002205 -0.056151
v -0.086772 0.000970 -0.056151
v -0.091386 0.000970 -0.064141
v -0.091386 -0.002205 -0.064141
v -0.091386 -0.002205 -0.046160
v -0.091386 0.000970 -0.046160
v -0.086772 0.000970 -0.054151
v -0.086772 -0.002205 -0.054151
v -0.093118 0.000970 -0.045160
v -0.102344 -0.002205 -0.045160
v -0.102344 0.000970 -0.045160
v -0.093118 -0.002205 -0.045160
v -0.108690 -0.002205 -0.054151
v -0.108690 0.000970 -0.054151
v -0.104076 0.000970 -0.046160
v -0.104076 -0.002205 -0.046160
v -0.104076 -0.002205 -0.064141
v -0.104076 0.000970 -0.064141
v -0.108690 0.000970 -0.056151
v -0.108690 -0.002205 -0.056151
v -0.108811 0.000970 -0.054097
v -0.108724 -0.002205 -0.054135
v -0.108830 -0.002205 -0.056213
v -0.108734 0.000970 -0.056172
v -0.102348 -0.002205 -0.045111
v -0.104184 -0.002205 -0.046083
v -0.102367 0.000970 -0.044963
v -0.104091 0.000970 -0.046150
v -0.091371 -0.002205 -0.046150
v -0.093095 -0.002205 -0.044962
v -0.091226 0.000970 -0.046042
v -0.093117 0.000970 -0.045143
v -0.086738 -0.002205 -0.056167
v -0.086651 0.000970 -0.056205
v -0.086632 -0.002205 -0.054089
v -0.086727 0.000970 -0.054130
v -0.093117 -0.002205 -0.065159
v -0.091226 -0.002205 -0.064259
v -0.092879 0.000970 -0.063554
v -0.104117 -0.002205 -0.064169
v -0.104184 0.000970 -0.064219
v -0.102357 -0.002205 -0.065273
v -0.102348 0.000970 -0.065191
v -0.088760 -0.002205 -0.083574
v -0.088760 0.000970 -0.083574
v -0.106386 0.000970 -0.083574
v -0.106386 -0.002205 -0.083574
v -0.086900 -0.002205 -0.082353
v -0.086900 0.000970 -0.082353
v -0.091386 -0.002205 -0.072141
v -0.091386 0.000970 -0.072141
v -0.086772 0.000970 -0.080131
v -0.086772 -0.002205 -0.080131
v -0.093118 0.000970 -0.071141
v -0.102344 -0.002205 -0.071141
v -0.102344 0.000970 -0.071141
v -0.093118 -0.002205 -0.071141
v -0.106176 -0.002205 -0.075778
v -0.106176 0.000970 -0.075778
v -0.104076 0.000970 -0.072141
v -0.104076 -0.002205 -0.072141
v -0.107880 -0.002205 -0.080512
v -0.108002 0.000970 -0.080435
v -0.106256 0.000970 -0.076501
v -0.106398 -0.002205 -0.076471
v -0.105626 0.000970 -0.076360
v -0.105626 -0.002205 -0.076360
v -0.102357 0.000970 -0.071009
v -0.102348 -0.002205 -0.071091
v -0.104184 -0.002205 -0.072063
v -0.104117 0.000970 -0.072113
v -0.092879 -0.002205 -0.072728
v -0.092879 0.000970 -0.072728
v -0.086738 -0.002205 -0.082147
v -0.086651 0.000970 -0.082185
v -0.086632 -0.002205 -0.080069
v -0.086727 0.000970 -0.080110
v -0.088747 0.000970 -0.083707
v -0.088759 -0.002205 -0.083592
v -0.086868 -0.002205 -0.082692
v -0.086987 0.000970 -0.082603
v -0.108522 -0.002205 -0.080302
v -0.106394 -0.002205 -0.083659
v -0.108507 0.000970 -0.080358
v -0.106391 0.000970 -0.083628
v -0.003118 0.000970 -0.065141
v -0.012344 0.000970 -0.065141
v -0.012344 -0.002205 -0.065141
v -0.003118 -0.002205 -0.065141
v 0.003228 -0.002205 -0.056151
v 0.003228 0.000970 -0.056151
v -0.001386 0.000970 -0.064141
v -0.001386 -0.002205 -0.064141
v -0.001386 -0.002205 -0.046160
v -0.001386 0.000970 -0.046160
v 0.003228 0.000970 -0.054151
v 0.003228 -0.002205 -0.054151
v -0.003118 0.000970 -0.045160
v -0.012344 -0.002205 -0.045160
v -0.012344 0.000970 -0.045160
v -0.003118 -0.002205 -0.045160
v -0.018689 -0.002205 -0.054151
v -0.018689 0.000970 -0.054151
v -0.014076 0.000970 -0.046160
v -0.014076 -0.002205 -0.046160
v -0.014076 -0.002205 -0.064141
v -0.014076 0.000970 -0.064141
v -0.018689 0.000970 -0.056151
v -0.018689 -0.002205 -0.056151
v -0.018810 0.000970 -0.054096
v -0.018723 -0.002205 -0.054135
v -0.018830 -0.002205 -0.056214
v -0.018734 0.000970 -0.056172
v -0.012348 -0.002205 -0.045111
v -0.014184 -0.002205 -0.046083
v -0.012367 0.000970 -0.044963
v -0.014091 0.000970 -0.046150
v -0.001278 0.000970 -0.046082
v -0.001371 -0.002205 -0.046150
v -0.003095 -0.002205 -0.044963
v -0.003114 0.000970 -0.045111
v 0.003349 0.000970 -0.056205
v 0.003262 -0.002205 -0.056167
v 0.003368 -0.002205 -0.054089
v 0.003272 0.000970 -0.054130
v -0.002879 -0.002205 -0.063554
v -0.002879 0.000970 -0.063554
v -0.014117 -0.002205 -0.064169
v -0.014184 0.000970 -0.064219
v -0.012357 -0.002205 -0.065273
v -0.012348 0.000970 -0.065191
v 0.001240 -0.002205 -0.083574
v 0.001240 0.000970 -0.083574
v -0.016702 0.000970 -0.083574
v -0.016702 -0.002205 -0.083574
v 0.003100 -0.002205 -0.082353
v 0.003100 0.000970 -0.082353
v -0.001386 -0.002205 -0.072141
v -0.001386 0.000970 -0.072141
v 0.003228 0.000970 -0.080131
v 0.003228 -0.002205 -0.080131
v -0.003118 0.000970 -0.071141
v -0.012344 -0.002205 -0.071141
v -0.012344 0.000970 -0.071141
v -0.003118 -0.002205 -0.071141
v -0.018689 -0.002205 -0.080131
v -0.018689 0.000970 -0.080131
v -0.014076 0.000970 -0.072141
v -0.014076 -0.002205 -0.072141
v -0.018562 -0.002205 -0.082353
v -0.018562 0.000970 -0.082353
v -0.018705 0.000970 -0.080123
v -0.018723 -0.002205 -0.080115
v -0.018830 -0.002205 -0.082194
v -0.018872 0.000970 -0.082211
v -0.012357 0.000970 -0.071009
v -0.012345 -0.002205 -0.071123
v -0.014236 -0.002205 -0.072023
v -0.014117 0.000970 -0.072113
v -0.002879 -0.002205 -0.072728
v -0.002879 0.000970 -0.072728
v 0.003349 0.000970 -0.082185
v 0.003262 -0.002205 -0.082147
v 0.003368 -0.002205 -0.080069
v 0.003272 0.000970 -0.080110
v 0.001241 -0.002205 -0.083592
v 0.003132 -0.002205 -0.082692
v 0.001262 0.000970 -0.083772
v 0.002987 0.000970 -0.082584
v -0.018449 -0.002205 -0.082584
v -0.016724 -0.002205 -0.083772
v -0.018594 0.000970 -0.082692
v -0.016703 0.000970 -0.083592
v -0.023886 -0.002205 -0.077131
v -0.019272 0.000970 -0.069141
v -0.023886 0.000970 -0.077131
v -0.019272 -0.002205 -0.069141
v -0.019272 -0.002205 -0.067141
v -0.023886 0.000970 -0.059151
v -0.019272 0.000970 -0.067141
v -0.023886 -0.002205 -0.059151
v -0.025618 -0.002205 -0.058151
v -0.034844 0.000970 -0.058151
v -0.025618 0.000970 -0.058151
v -0.034844 -0.002205 -0.058151
v -0.036576 -0.002205 -0.059151
v -0.041189 0.000970 -0.067141
v -0.036576 0.000970 -0.059151
v -0.041189 -0.002205 -0.067141
v -0.041189 -0.002205 -0.069141
v -0.036576 0.000970 -0.077131
v -0.041189 0.000970 -0.069141
v -0.036576 -0.002205 -0.077131
v -0.025618 -0.002205 -0.078131
v -0.025618 0.000970 -0.078131
v -0.034844 0.000970 -0.078131
v -0.034844 -0.002205 -0.078131
v -0.035082 -0.002205 -0.076546
v -0.035082 0.000970 -0.076546
v -0.039935 0.000970 -0.068141
v -0.039935 -0.002205 -0.068141
v -0.035082 -0.002205 -0.059736
v -0.035082 0.000970 -0.059736
v -0.025380 -0.002205 -0.059736
v -0.025380 0.000970 -0.059736
v -0.019238 -0.002205 -0.069157
v -0.019151 0.000970 -0.069195
v -0.019132 -0.002205 -0.067079
v -0.019227 0.000970 -0.067120
v -0.025380 -0.002205 -0.076546
v -0.025380 0.000970 -0.076546
v -0.023886 -0.002205 -0.051151
v -0.019272 0.000970 -0.043160
v -0.023886 0.000970 -0.051151
v -0.019272 -0.002205 -0.043160
v -0.019272 -0.002205 -0.041160
v -0.023886 0.000970 -0.033170
v -0.019272 0.000970 -0.041160
v -0.023886 -0.002205 -0.033170
v -0.025618 -0.002205 -0.032170
v -0.034844 0.000970 -0.032170
v -0.025618 0.000970 -0.032170
v -0.034844 -0.002205 -0.032170
v -0.036576 -0.002205 -0.033170
v -0.041189 0.000970 -0.041160
v -0.036576 0.000970 -0.033170
v -0.041189 -0.002205 -0.041160
v -0.041189 -0.002205 -0.043160
v -0.036576 0.000970 -0.051151
v -0.041189 0.000970 -0.043160
v -0.036576 -0.002205 -0.051151
v -0.025618 -0.002205 -0.052151
v -0.025618 0.000970 -0.052151
v -0.034844 0.000970 -0.052151
v -0.034844 -0.002205 -0.052151
v -0.036684 0.000970 -0.051228
v -0.036591 -0.002205 -0.051161
v -0.034867 -0.002205 -0.052348
v -0.034848 0.000970 -0.052200
v -0.041205 0.000970 -0.041152
v -0.041223 -0.002205 -0.041144
v -0.041330 -0.002205 -0.043223
v -0.041372 0.000970 -0.043240
v -0.034848 -0.002205 -0.032120
v -0.034857 0.000970 -0.032038
v -0.036684 -0.002205 -0.033092
v -0.036617 0.000970 -0.033141
v -0.023845 -0.002205 -0.033142
v -0.025605 -0.002205 -0.032037
v -0.025379 0.000970 -0.033757
v -0.019238 -0.002205 -0.043176
v -0.019151 0.000970 -0.043214
v -0.019132 -0.002205 -0.041098
v -0.019227 0.000970 -0.041139
v -0.025617 -0.002205 -0.052168
v -0.023726 -0.002205 -0.051269
v -0.025595 0.000970 -0.052349
v -0.023871 0.000970 -0.051161
v -0.043760 -0.002205 -0.083574
v -0.043760 0.000970 -0.083574
v -0.061702 0.000970 -0.083574
v -0.061702 -0.002205 -0.083574
v -0.041900 -0.002205 -0.082353
v -0.041900 0.000970 -0.082353
v -0.046386 -0.002205 -0.072141
v -0.046386 0.000970 -0.072141
v -0.041772 0.000970 -0.080131
v -0.041772 -0.002205 -0.080131
v -0.048118 0.000970 -0.071141
v -0.057344 -0.002205 -0.071141
v -0.057344 0.000970 -0.071141
v -0.048118 -0.002205 -0.071141
v -0.063689 -0.002205 -0.080131
v -0.063689 0.000970 -0.080131
v -0.059076 0.000970 -0.072141
v -0.059076 -0.002205 -0.072141
v -0.063561 -0.002205 -0.082353
v -0.063561 0.000970 -0.082353
v -0.063705 0.000970 -0.080123
v -0.063723 -0.002205 -0.080115
v -0.063830 -0.002205 -0.082194
v -0.063872 0.000970 -0.082211
v -0.057357 0.000970 -0.071009
v -0.057345 -0.002205 -0.071123
v -0.059236 -0.002205 -0.072023
v -0.059117 0.000970 -0.072113
v -0.047879 -0.002205 -0.072728
v -0.047879 0.000970 -0.072728
v -0.041738 -0.002205 -0.082147
v -0.041651 0.000970 -0.082185
v -0.041632 -0.002205 -0.080069
v -0.041727 0.000970 -0.080110
v -0.043747 0.000970 -0.083707
v -0.043759 -0.002205 -0.083592
v -0.041868 -0.002205 -0.082692
v -0.041987 0.000970 -0.082603
v -0.063449 -0.002205 -0.082584
v -0.061724 -0.002205 -0.083772
v -0.063594 0.000970 -0.082692
v -0.061703 0.000970 -0.083592
v -0.048118 0.000970 -0.039160
v -0.057344 0.000970 -0.039160
v -0.057344 -0.002205 -0.039160
v -0.048118 -0.002205 -0.039160
v -0.041772 -0.002205 -0.030170
v -0.041772 0.000970 -0.030170
v -0.046386 0.000970 -0.038160
v -0.046386 -0.002205 -0.038160
v -0.046386 -0.002205 -0.020179
v -0.046386 0.000970 -0.020179
v -0.041772 0.000970 -0.028170
v -0.041772 -0.002205 -0.028170
v -0.048118 0.000970 -0.019179
v -0.057344 -0.002205 -0.019179
v -0.057344 0.000970 -0.019179
v -0.048118 -0.002205 -0.019179
v -0.063689 -0.002205 -0.028170
v -0.063689 0.000970 -0.028170
v -0.059076 0.000970 -0.020179
v -0.059076 -0.002205 -0.020179
v -0.059076 -0.002205 -0.038160
v -0.059076 0.000970 -0.038160
v -0.063689 0.000970 -0.030170
v -0.063689 -0.002205 -0.030170
v -0.062435 0.000970 -0.029170
v -0.062435 -0.002205 -0.029170
v -0.057348 -0.002205 -0.019130
v -0.059184 -0.002205 -0.020102
v -0.057367 0.000970 -0.018982
v -0.059091 0.000970 -0.020169
v -0.046371 -0.002205 -0.020169
v -0.048095 -0.002205 -0.018981
v -0.046226 0.000970 -0.020061
v -0.048117 0.000970 -0.019162
v -0.041738 -0.002205 -0.030186
v -0.041651 0.000970 -0.030224
v -0.041632 -0.002205 -0.028108
v -0.041727 0.000970 -0.028149
v -0.047879 -0.002205 -0.037573
v -0.047879 0.000970 -0.037573
v -0.059117 -0.002205 -0.038189
v -0.059184 0.000970 -0.038238
v -0.057357 -0.002205 -0.039292
v -0.057348 0.000970 -0.039210
v -0.059076 -0.002205 -0.012179
v -0.059076 0.000970 -0.012179
v -0.063689 0.000970 -0.004189
v -0.063689 -0.002205 -0.004189
v -0.048118 0.000970 -0.013179
v -0.057344 0.000970 -0.013179
v -0.057344 -0.002205 -0.013179
v -0.048118 -0.002205 -0.013179
v -0.041772 -0.002205 -0.004189
v -0.041772 0.000970 -0.004189
v -0.046386 0.000970 -0.012179
v -0.046386 -0.002205 -0.012179
v -0.041900 -0.002205 -0.001967
v -0.041900 0.000970 -0.001967
v -0.043760 0.000970 -0.000746
v -0.061702 -0.002205 -0.000746
v -0.061702 0.000970 -0.000746
v -0.043760 -0.002205 -0.000746
v -0.063561 -0.002205 -0.001968
v -0.063561 0.000970 -0.001967
v -0.061715 0.000970 -0.000614
v -0.061706 -0.002205 -0.000696
v -0.063542 -0.002205 -0.001668
v -0.063475 0.000970 -0.001718
v -0.041920 0.000970 -0.001668
v -0.041987 -0.002205 -0.001718
v -0.043747 -0.002205 -0.000613
v -0.043756 0.000970 -0.000696
v -0.041738 -0.002205 -0.004205
v -0.041651 0.000970 -0.004243
v -0.041632 -0.002205 -0.002127
v -0.041727 0.000970 -0.002168
v -0.047880 -0.002205 -0.011594
v -0.047880 0.000970 -0.011594
v -0.057582 -0.002205 -0.011594
v -0.057582 0.000970 -0.011594
v -0.063810 0.000970 -0.002134
v -0.063723 -0.002205 -0.002173
v -0.063830 -0.002205 -0.004252
v -0.063734 0.000970 -0.004210
v -0.023886 -0.002205 -0.025170
v -0.019272 0.000970 -0.017179
v -0.023886 0.000970 -0.025170
v -0.019272 -0.002205 -0.017179
v -0.019272 -0.002205 -0.015179
v -0.023886 0.000970 -0.007189
v -0.019272 0.000970 -0.015179
v -0.023886 -0.002205 -0.007189
v -0.025618 -0.002205 -0.006189
v -0.034844 0.000970 -0.006189
v -0.025618 0.000970 -0.006189
v -0.034844 -0.002205 -0.006189
v -0.036576 -0.002205 -0.007189
v -0.041189 0.000970 -0.015179
v -0.036576 0.000970 -0.007189
v -0.041189 -0.002205 -0.015179
v -0.041189 -0.002205 -0.017179
v -0.036576 0.000970 -0.025170
v -0.041189 0.000970 -0.017179
v -0.036576 -0.002205 -0.025170
v -0.025618 -0.002205 -0.026170
v -0.025618 0.000970 -0.026170
v -0.034844 0.000970 -0.026170
v -0.034844 -0.002205 -0.026170
v -0.036684 0.000970 -0.025247
v -0.036591 -0.002205 -0.025180
v -0.034867 -0.002205 -0.026367
v -0.034848 0.000970 -0.026219
v -0.041205 0.000970 -0.015171
v -0.041223 -0.002205 -0.015163
v -0.041330 -0.002205 -0.017242
v -0.041372 0.000970 -0.017259
v -0.034848 -0.002205 -0.006139
v -0.034857 0.000970 -0.006057
v -0.036684 -0.002205 -0.007111
v -0.036617 0.000970 -0.007160
v -0.025379 -0.002205 -0.007776
v -0.025379 0.000970 -0.007776
v -0.019238 -0.002205 -0.017195
v -0.019151 0.000970 -0.017233
v -0.019132 -0.002205 -0.015117
v -0.019227 0.000970 -0.015158
v -0.025617 -0.002205 -0.026187
v -0.023726 -0.002205 -0.025288
v -0.025595 0.000970 -0.026368
v -0.023871 0.000970 -0.025180
v 0.030924 -0.002205 -0.012179
v 0.030924 0.000970 -0.012179
v 0.026311 0.000970 -0.004189
v 0.026311 -0.002205 -0.004189
v 0.041882 0.000970 -0.013179
v 0.032656 0.000970 -0.013179
v 0.032656 -0.002205 -0.013179
v 0.041882 -0.002205 -0.013179
v 0.048228 -0.002205 -0.004189
v 0.048228 0.000970 -0.004189
v 0.043614 0.000970 -0.012179
v 0.043614 -0.002205 -0.012179
v 0.048100 -0.002205 -0.001967
v 0.048100 0.000970 -0.001967
v 0.046240 0.000970 -0.000746
v 0.028298 -0.002205 -0.000746
v 0.028298 0.000970 -0.000746
v 0.046240 -0.002205 -0.000746
v 0.026439 -0.002205 -0.001968
v 0.026439 0.000970 -0.001968
v 0.028285 0.000970 -0.000613
v 0.028294 -0.002205 -0.000696
v 0.026458 -0.002205 -0.001668
v 0.026525 0.000970 -0.001718
v 0.048080 0.000970 -0.001668
v 0.048013 -0.002205 -0.001718
v 0.046253 -0.002205 -0.000613
v 0.046244 0.000970 -0.000696
v 0.048349 0.000970 -0.004243
v 0.048262 -0.002205 -0.004205
v 0.048368 -0.002205 -0.002127
v 0.048272 0.000970 -0.002168
v 0.042120 -0.002205 -0.011594
v 0.042120 0.000970 -0.011594
v 0.032418 -0.002205 -0.011594
v 0.032418 0.000970 -0.011594
v 0.026190 0.000970 -0.002134
v 0.026277 -0.002205 -0.002173
v 0.026170 -0.002205 -0.004252
v 0.026266 0.000970 -0.004210
v 0.054733 -0.002205 -0.027981
v 0.054733 0.000970 -0.027981
v 0.053361 -0.002205 -0.017861
v 0.053297 0.000970 -0.018020
v 0.060939 0.000970 -0.018326
v 0.061174 -0.002205 -0.018591
v 0.066098 0.000970 -0.013294
v 0.065962 -0.002205 -0.013224
v 0.050797 -0.002205 -0.020620
v 0.054867 0.000970 -0.027670
v 0.050797 0.000970 -0.020620
v 0.054867 -0.002205 -0.027670
v 0.055060 -0.002205 -0.028069
v 0.056425 0.000970 -0.031529
v 0.055060 0.000970 -0.028069
v 0.056425 -0.002205 -0.031529
v 0.058605 -0.002205 -0.033383
v 0.058605 0.000970 -0.033383
v 0.064689 -0.002205 -0.027606
v 0.064689 0.000970 -0.027606
v 0.061206 0.000970 -0.032189
v 0.061206 -0.002205 -0.032189
v 0.064829 -0.002205 -0.027396
v 0.070728 0.000970 -0.017179
v 0.064829 0.000970 -0.027396
v 0.070728 -0.002205 -0.017179
v 0.070728 -0.002205 -0.015179
v 0.069496 0.000970 -0.013046
v 0.070728 0.000970 -0.015179
v 0.069496 -0.002205 -0.013046
v 0.070849 0.000970 -0.017233
v 0.070762 -0.002205 -0.017195
v 0.070868 -0.002205 -0.015117
v 0.070772 0.000970 -0.015158
v 0.064644 0.000970 -0.027425
v 0.064644 -0.002205 -0.027425
v 0.059219 -0.002205 -0.032983
v 0.061331 -0.002205 -0.032309
v 0.059211 0.000970 -0.033090
v 0.061247 0.000970 -0.032227
v 0.056387 -0.002205 -0.031548
v 0.058096 -0.002205 -0.032960
v 0.056292 0.000970 -0.031599
v 0.058120 0.000970 -0.032845
v 0.053401 -0.002205 -0.017759
v 0.050843 -0.002205 -0.018147
v 0.053350 0.000970 -0.017330
v 0.050640 0.000970 -0.020689
v 0.050759 -0.002205 -0.020638
v 0.069613 0.000970 -0.012961
v 0.069853 -0.002205 -0.012676
v 0.065554 0.000970 -0.012881
v 0.065820 -0.002205 -0.013142
v 0.054728 -0.002205 -0.056337
v 0.054728 0.000970 -0.056337
v 0.064382 -0.002205 -0.078131
v 0.064382 0.000970 -0.078131
v 0.055156 0.000970 -0.078131
v 0.055156 -0.002205 -0.078131
v 0.066114 -0.002205 -0.077131
v 0.070728 0.000970 -0.069141
v 0.066114 0.000970 -0.077131
v 0.070728 -0.002205 -0.069141
v 0.070728 -0.002205 -0.067141
v 0.064829 0.000970 -0.056925
v 0.070728 0.000970 -0.067141
v 0.064829 -0.002205 -0.056925
v 0.061206 -0.002205 -0.052132
v 0.061206 0.000970 -0.052132
v 0.064689 0.000970 -0.056714
v 0.064689 -0.002205 -0.056714
v 0.058605 -0.002205 -0.050937
v 0.058605 0.000970 -0.050937
v 0.056425 -0.002205 -0.052791
v 0.055060 0.000970 -0.056252
v 0.056425 0.000970 -0.052791
v 0.055060 -0.002205 -0.056252
v 0.054867 -0.002205 -0.056650
v 0.048811 0.000970 -0.067141
v 0.054867 0.000970 -0.056650
v 0.048811 -0.002205 -0.067141
v 0.048811 -0.002205 -0.069141
v 0.053424 0.000970 -0.077131
v 0.048811 0.000970 -0.069141
v 0.053424 -0.002205 -0.077131
v 0.050065 0.000970 -0.068141
v 0.050065 -0.002205 -0.068141
v 0.058101 0.000970 -0.051383
v 0.058122 -0.002205 -0.051489
v 0.056271 -0.002205 -0.052710
v 0.056375 0.000970 -0.052766
v 0.061316 0.000970 -0.052028
v 0.061238 -0.002205 -0.052103
v 0.059209 -0.002205 -0.051207
v 0.059218 0.000970 -0.051324
v 0.064638 0.000970 -0.056900
v 0.064638 -0.002205 -0.056900
v 0.070762 -0.002205 -0.069157
v 0.070849 0.000970 -0.069195
v 0.070868 -0.002205 -0.067079
v 0.070773 0.000970 -0.067120
v 0.064395 0.000970 -0.078264
v 0.064621 -0.002205 -0.076544
v 0.066155 0.000970 -0.077160
v 0.053383 -0.002205 -0.077160
v 0.055143 -0.002205 -0.078264
v 0.054917 0.000970 -0.076544
v 0.069596 0.000970 -0.053603
v 0.069596 -0.002205 -0.053603
v 0.093228 -0.002205 -0.056151
v 0.093228 0.000970 -0.056151
v 0.088614 0.000970 -0.064141
v 0.088614 -0.002205 -0.064141
v 0.092307 -0.002205 -0.052555
v 0.092307 0.000970 -0.052555
v 0.093228 0.000970 -0.054151
v 0.093228 -0.002205 -0.054151
v 0.081749 -0.002205 -0.046308
v 0.081601 0.000970 -0.046392
v 0.090450 0.000970 -0.052421
v 0.090355 -0.002205 -0.052839
v 0.067639 -0.002205 -0.045160
v 0.067639 0.000970 -0.045160
v 0.079999 0.000970 -0.045160
v 0.079999 -0.002205 -0.045160
v 0.065816 -0.002205 -0.046337
v 0.065816 0.000970 -0.046337
v 0.065982 -0.002205 -0.048501
v 0.069657 0.000970 -0.053335
v 0.065982 0.000970 -0.048501
v 0.069657 -0.002205 -0.053335
v 0.075924 -0.002205 -0.064141
v 0.075924 0.000970 -0.064141
v 0.069867 0.000970 -0.053651
v 0.069867 -0.002205 -0.053651
v 0.086882 0.000970 -0.065141
v 0.077656 0.000970 -0.065141
v 0.077656 -0.002205 -0.065141
v 0.086882 -0.002205 -0.065141
v 0.077417 0.000970 -0.063554
v 0.077417 -0.002205 -0.063554
v 0.065648 0.000970 -0.046336
v 0.065749 -0.002205 -0.046374
v 0.065833 -0.002205 -0.048590
v 0.065934 0.000970 -0.048531
v 0.067623 0.000970 -0.045010
v 0.067635 -0.002205 -0.045117
v 0.065695 -0.002205 -0.046190
v 0.065794 0.000970 -0.046254
v 0.081924 0.000970 -0.046203
v 0.081833 -0.002205 -0.046261
v 0.080018 -0.002205 -0.044987
v 0.080004 0.000970 -0.045103
v 0.092420 0.000970 -0.052473
v 0.092339 -0.002205 -0.052532
v 0.090530 -0.002205 -0.051395
v 0.090520 0.000970 -0.051504
v 0.093349 0.000970 -0.056205
v 0.093262 -0.002205 -0.056167
v 0.093368 -0.002205 -0.054089
v 0.093272 0.000970 -0.054130
v 0.087121 0.000970 -0.063554
v 0.087121 -0.002205 -0.063554
v 0.091240 -0.002205 -0.083574
v 0.091240 0.000970 -0.083574
v 0.073298 0.000970 -0.083574
v 0.073298 -0.002205 -0.083574
v 0.093100 -0.002205 -0.082353
v 0.093100 0.000970 -0.082353
v 0.088614 -0.002205 -0.072141
v 0.088614 0.000970 -0.072141
v 0.093228 0.000970 -0.080131
v 0.093228 -0.002205 -0.080131
v 0.086882 0.000970 -0.071141
v 0.077656 -0.002205 -0.071141
v 0.077656 0.000970 -0.071141
v 0.086882 -0.002205 -0.071141
v 0.071311 -0.002205 -0.080131
v 0.071311 0.000970 -0.080131
v 0.075924 0.000970 -0.072141
v 0.075924 -0.002205 -0.072141
v 0.071438 -0.002205 -0.082352
v 0.071438 0.000970 -0.082352
v 0.071295 0.000970 -0.080123
v 0.071277 -0.002205 -0.080115
v 0.071170 -0.002205 -0.082194
v 0.071128 0.000970 -0.082211
v 0.077417 -0.002205 -0.072728
v 0.077417 0.000970 -0.072728
v 0.087121 -0.002205 -0.072728
v 0.087121 0.000970 -0.072728
v 0.093349 0.000970 -0.082185
v 0.093262 -0.002205 -0.082147
v 0.093368 -0.002205 -0.080069
v 0.093272 0.000970 -0.080110
v 0.091253 0.000970 -0.083707
v 0.091244 -0.002205 -0.083624
v 0.093080 -0.002205 -0.082652
v 0.093013 0.000970 -0.082603
v 0.071551 -0.002205 -0.082584
v 0.073276 -0.002205 -0.083772
v 0.071406 0.000970 -0.082692
v 0.073297 0.000970 -0.083592
v 0.111898 -0.002205 -0.065156
v 0.112212 0.000970 -0.065784
v 0.104717 0.000970 -0.075887
v 0.105473 -0.002205 -0.075948
v 0.113437 -0.002205 -0.063173
v 0.111114 0.000970 -0.059150
v 0.113437 0.000970 -0.063173
v 0.111114 -0.002205 -0.059150
v 0.109382 -0.002205 -0.058150
v 0.100156 0.000970 -0.058151
v 0.109382 0.000970 -0.058150
v 0.100156 -0.002205 -0.058151
v 0.098424 -0.002205 -0.059150
v 0.093811 0.000970 -0.067141
v 0.098424 0.000970 -0.059150
v 0.093811 -0.002205 -0.067141
v 0.093811 -0.002205 -0.069141
v 0.098424 0.000970 -0.077131
v 0.093811 0.000970 -0.069141
v 0.098424 -0.002205 -0.077131
v 0.103899 -0.002205 -0.078131
v 0.103899 0.000970 -0.078131
v 0.100156 0.000970 -0.078131
v 0.100156 -0.002205 -0.078131
v 0.103903 -0.002205 -0.078182
v 0.106321 -0.002205 -0.075977
v 0.103982 0.000970 -0.078557
v 0.105941 0.000970 -0.075934
v 0.098383 -0.002205 -0.077160
v 0.100143 -0.002205 -0.078264
v 0.099917 0.000970 -0.076544
v 0.095065 0.000970 -0.068141
v 0.095065 -0.002205 -0.068141
v 0.099917 0.000970 -0.059737
v 0.099917 -0.002205 -0.059737
v 0.111155 -0.002205 -0.059121
v 0.111222 0.000970 -0.059073
v 0.109395 -0.002205 -0.058018
v 0.109386 0.000970 -0.058101
v 0.112343 -0.002205 -0.066115
v 0.113905 -0.002205 -0.063032
v 0.112563 0.000970 -0.066480
v 0.113489 0.000970 -0.063149
v 0.107526 -0.002205 -0.034834
v 0.108097 0.000970 -0.035203
v 0.107526 0.000970 -0.049487
v 0.108098 -0.002205 -0.049118
v 0.107113 0.000970 -0.032170
v 0.100156 -0.002205 -0.032170
v 0.100156 0.000970 -0.032170
v 0.107113 -0.002205 -0.032170
v 0.098424 -0.002205 -0.033170
v 0.097704 0.000970 -0.034417
v 0.098424 0.000970 -0.033170
v 0.097704 -0.002205 -0.034417
v 0.098141 -0.002205 -0.047923
v 0.098582 0.000970 -0.048162
v 0.098583 -0.002205 -0.036158
v 0.098141 0.000970 -0.036397
v 0.097704 -0.002205 -0.049903
v 0.098424 0.000970 -0.051151
v 0.097704 0.000970 -0.049903
v 0.098424 -0.002205 -0.051151
v 0.107113 -0.002205 -0.052151
v 0.107113 0.000970 -0.052151
v 0.100156 0.000970 -0.052151
v 0.100156 -0.002205 -0.052151
v 0.107400 0.000970 -0.052454
v 0.107160 -0.002205 -0.052471
v 0.108917 -0.002205 -0.048503
v 0.108581 0.000970 -0.048714
v 0.098316 0.000970 -0.051228
v 0.098409 -0.002205 -0.051161
v 0.100133 -0.002205 -0.052348
v 0.100152 0.000970 -0.052200
v 0.097684 0.000970 -0.047640
v 0.097784 -0.002205 -0.047697
v 0.097533 -0.002205 -0.049977
v 0.097649 0.000970 -0.049928
v 0.097557 0.000970 -0.034352
v 0.097662 -0.002205 -0.034398
v 0.097662 -0.002205 -0.036692
v 0.097771 0.000970 -0.036631
v 0.099917 0.000970 -0.033757
v 0.099917 -0.002205 -0.033757
v 0.108581 -0.002205 -0.035607
v 0.107399 -0.002205 -0.031871
v 0.108776 0.000970 -0.035749
v 0.107214 0.000970 -0.031708
v 0.111114 -0.002205 -0.025170
v 0.113437 0.000970 -0.021147
v 0.111114 0.000970 -0.025170
v 0.113437 -0.002205 -0.021147
v 0.105836 -0.002205 -0.008383
v 0.105744 0.000970 -0.008379
v 0.107216 -0.002205 -0.014968
v 0.107695 0.000970 -0.015478
v 0.112322 0.000970 -0.018257
v 0.112319 -0.002205 -0.018264
v 0.103899 0.000970 -0.006189
v 0.101589 -0.002205 -0.006189
v 0.101589 0.000970 -0.006189
v 0.103899 -0.002205 -0.006189
v 0.095780 -0.002205 -0.016979
v 0.096454 0.000970 -0.017699
v 0.100643 -0.002205 -0.008411
v 0.099657 0.000970 -0.008383
v 0.095182 -0.002205 -0.019555
v 0.098424 0.000970 -0.025170
v 0.095182 0.000970 -0.019555
v 0.098424 -0.002205 -0.025170
v 0.109382 0.000970 -0.026170
v 0.100156 0.000970 -0.026170
v 0.100156 -0.002205 -0.026170
v 0.109382 -0.002205 -0.026170
v 0.098316 0.000970 -0.025247
v 0.098409 -0.002205 -0.025180
v 0.100133 -0.002205 -0.026367
v 0.100152 0.000970 -0.026219
v 0.095730 0.000970 -0.016917
v 0.095523 -0.002205 -0.016705
v 0.094804 0.000970 -0.019692
v 0.095129 -0.002205 -0.019579
v 0.101585 -0.002205 -0.006138
v 0.099167 -0.002205 -0.008344
v 0.101506 0.000970 -0.005763
v 0.099547 0.000970 -0.008387
v 0.105941 -0.002205 -0.008387
v 0.103982 -0.002205 -0.005763
v 0.106321 0.000970 -0.008344
v 0.103903 0.000970 -0.006138
v 0.113477 -0.002205 -0.021165
v 0.112579 -0.002205 -0.017828
v 0.113884 0.000970 -0.021290
v 0.112349 0.000970 -0.018192
v 0.109386 -0.002205 -0.026219
v 0.111222 -0.002205 -0.025247
v 0.109405 0.000970 -0.026367
v 0.111129 0.000970 -0.025180
v -0.003118 0.000970 -0.039160
v -0.012344 0.000970 -0.039160
v -0.012344 -0.002205 -0.039160
v -0.003118 -0.002205 -0.039160
v 0.003228 -0.002205 -0.030170
v 0.003228 0.000970 -0.030170
v -0.001386 0.000970 -0.038160
v -0.001386 -0.002205 -0.038160
v -0.001386 -0.002205 -0.020179
v -0.001386 0.000970 -0.020179
v 0.003228 0.000970 -0.028170
v 0.003228 -0.002205 -0.028170
v -0.003118 0.000970 -0.019179
v -0.012344 -0.002205 -0.019179
v -0.012344 0.000970 -0.019179
v -0.003118 -0.002205 -0.019179
v -0.018689 -0.002205 -0.028170
v -0.018689 0.000970 -0.028170
v -0.014076 0.000970 -0.020179
v -0.014076 -0.002205 -0.020179
v -0.014076 -0.002205 -0.038160
v -0.014076 0.000970 -0.038160
v -0.018689 0.000970 -0.030170
v -0.018689 -0.002205 -0.030170
v -0.017435 0.000970 -0.029170
v -0.017435 -0.002205 -0.029170
v -0.012348 -0.002205 -0.019130
v -0.014184 -0.002205 -0.020102
v -0.012367 0.000970 -0.018982
v -0.014091 0.000970 -0.020169
v -0.001278 0.000970 -0.020102
v -0.001371 -0.002205 -0.020169
v -0.003095 -0.002205 -0.018982
v -0.003114 0.000970 -0.019130
v 0.003349 0.000970 -0.030224
v 0.003262 -0.002205 -0.030186
v 0.003368 -0.002205 -0.028108
v 0.003272 0.000970 -0.028149
v -0.002879 0.000970 -0.037573
v -0.002879 -0.002205 -0.037573
v -0.014117 -0.002205 -0.038189
v -0.014184 0.000970 -0.038238
v -0.012357 -0.002205 -0.039292
v -0.012348 0.000970 -0.039210
v -0.003118 0.000970 -0.013179
v -0.012344 0.000970 -0.013179
v -0.012344 -0.002205 -0.013179
v -0.003118 -0.002205 -0.013179
v 0.003228 -0.002205 -0.004189
v 0.003228 0.000970 -0.004189
v -0.001386 0.000970 -0.012179
v -0.001386 -0.002205 -0.012179
v 0.003100 -0.002205 -0.001967
v 0.003100 0.000970 -0.001967
v 0.001240 0.000970 -0.000746
v -0.016702 -0.002205 -0.000746
v -0.016702 0.000970 -0.000746
v 0.001240 -0.002205 -0.000746
v -0.018561 -0.002205 -0.001967
v -0.018561 0.000970 -0.001967
v -0.014076 -0.002205 -0.012179
v -0.014076 0.000970 -0.012179
v -0.018689 0.000970 -0.004189
v -0.018689 -0.002205 -0.004189
v -0.018810 0.000970 -0.002134
v -0.018723 -0.002205 -0.002173
v -0.018830 -0.002205 -0.004252
v -0.018734 0.000970 -0.004210
v -0.016715 0.000970 -0.000614
v -0.016706 -0.002205 -0.000696
v -0.018542 -0.002205 -0.001668
v -0.018475 0.000970 -0.001718
v 0.003080 0.000970 -0.001668
v 0.003013 -0.002205 -0.001718
v 0.001253 -0.002205 -0.000613
v 0.001244 0.000970 -0.000696
v 0.003349 0.000970 -0.004243
v 0.003262 -0.002205 -0.004205
v 0.003368 -0.002205 -0.002127
v 0.003272 0.000970 -0.002168
v -0.002880 -0.002205 -0.011594
v -0.002880 0.000970 -0.011594
v -0.012582 -0.002205 -0.011594
v -0.012582 0.000970 -0.011594
v 0.021114 -0.002205 -0.025170
v 0.025728 0.000970 -0.017179
v 0.021114 0.000970 -0.025170
v 0.025728 -0.002205 -0.017179
v 0.025728 -0.002205 -0.015179
v 0.021114 0.000970 -0.007189
v 0.025728 0.000970 -0.015179
v 0.021114 -0.002205 -0.007189
v 0.019382 0.000970 -0.006189
v 0.010156 -0.002205 -0.006189
v 0.010156 0.000970 -0.006189
v 0.019382 -0.002205 -0.006189
v 0.008424 -0.002205 -0.007189
v 0.003811 0.000970 -0.015179
v 0.008424 0.000970 -0.007189
v 0.003811 -0.002205 -0.015179
v 0.003811 -0.002205 -0.017179
v 0.008424 0.000970 -0.025170
v 0.003811 0.000970 -0.017179
v 0.008424 -0.002205 -0.025170
v 0.019382 0.000970 -0.026170
v 0.010156 0.000970 -0.026170
v 0.010156 -0.002205 -0.026170
v 0.019382 -0.002205 -0.026170
v 0.008316 0.000970 -0.025247
v 0.008409 -0.002205 -0.025180
v 0.010133 -0.002205 -0.026367
v 0.010152 0.000970 -0.026219
v 0.003795 0.000970 -0.015171
v 0.003777 -0.002205 -0.015163
v 0.003670 -0.002205 -0.017242
v 0.003628 0.000970 -0.017259
v 0.009917 0.000970 -0.007776
v 0.009917 -0.002205 -0.007776
v 0.019621 0.000970 -0.007776
v 0.019621 -0.002205 -0.007776
v 0.025849 0.000970 -0.017233
v 0.025762 -0.002205 -0.017195
v 0.025868 -0.002205 -0.015117
v 0.025772 0.000970 -0.015158
v 0.019386 -0.002205 -0.026219
v 0.021222 -0.002205 -0.025247
v 0.019405 0.000970 -0.026367
v 0.021129 0.000970 -0.025180
v 0.021114 -0.002205 -0.051151
v 0.025728 0.000970 -0.043160
v 0.021114 0.000970 -0.051151
v 0.025728 -0.002205 -0.043160
v 0.025728 -0.002205 -0.041160
v 0.021114 0.000970 -0.033170
v 0.025728 0.000970 -0.041160
v 0.021114 -0.002205 -0.033170
v 0.019382 0.000970 -0.032170
v 0.010156 -0.002205 -0.032170
v 0.010156 0.000970 -0.032170
v 0.019382 -0.002205 -0.032170
v 0.008424 -0.002205 -0.033170
v 0.003811 0.000970 -0.041160
v 0.008424 0.000970 -0.033170
v 0.003811 -0.002205 -0.041160
v 0.003811 -0.002205 -0.043160
v 0.008424 0.000970 -0.051151
v 0.003811 0.000970 -0.043160
v 0.008424 -0.002205 -0.051151
v 0.019382 -0.002205 -0.052151
v 0.019382 0.000970 -0.052151
v 0.010156 0.000970 -0.052151
v 0.010156 -0.002205 -0.052151
v 0.008316 0.000970 -0.051228
v 0.008409 -0.002205 -0.051161
v 0.010133 -0.002205 -0.052348
v 0.010152 0.000970 -0.052200
v 0.003795 0.000970 -0.041152
v 0.003777 -0.002205 -0.041144
v 0.003670 -0.002205 -0.043223
v 0.003628 0.000970 -0.043240
v 0.009917 0.000970 -0.033757
v 0.009917 -0.002205 -0.033757
v 0.019621 0.000970 -0.033757
v 0.019621 -0.002205 -0.033757
v 0.025849 0.000970 -0.043214
v 0.025762 -0.002205 -0.043176
v 0.025868 -0.002205 -0.041098
v 0.025773 0.000970 -0.041139
v 0.019386 -0.002205 -0.052200
v 0.021222 -0.002205 -0.051228
v 0.019405 0.000970 -0.052348
v 0.021129 0.000970 -0.051161
v 0.047149 0.000970 -0.039160
v 0.032656 0.000970 -0.039160
v 0.032656 -0.002205 -0.039160
v 0.047149 -0.002205 -0.039160
v 0.050387 -0.002205 -0.035754
v 0.050450 0.000970 -0.035807
v 0.048897 0.000970 -0.038011
v 0.048946 -0.002205 -0.038037
v 0.049614 -0.002205 -0.030615
v 0.049614 0.000970 -0.030615
v 0.050844 0.000970 -0.033731
v 0.050844 -0.002205 -0.033731
v 0.043614 -0.002205 -0.020179
v 0.043614 0.000970 -0.020179
v 0.049486 0.000970 -0.030349
v 0.049486 -0.002205 -0.030349
v 0.041882 0.000970 -0.019179
v 0.032656 -0.002205 -0.019179
v 0.032656 0.000970 -0.019179
v 0.041882 -0.002205 -0.019179
v 0.026311 -0.002205 -0.028170
v 0.026311 0.000970 -0.028170
v 0.030924 0.000970 -0.020179
v 0.030924 -0.002205 -0.020179
v 0.030924 -0.002205 -0.038160
v 0.030924 0.000970 -0.038160
v 0.026311 0.000970 -0.030170
v 0.026311 -0.002205 -0.030170
v 0.027565 0.000970 -0.029170
v 0.027565 -0.002205 -0.029170
v 0.032652 -0.002205 -0.019130
v 0.030816 -0.002205 -0.020102
v 0.032633 0.000970 -0.018982
v 0.030909 0.000970 -0.020169
v 0.043722 0.000970 -0.020102
v 0.043629 -0.002205 -0.020169
v 0.041905 -0.002205 -0.018982
v 0.041886 0.000970 -0.019130
v 0.049400 0.000970 -0.030554
v 0.049400 -0.002205 -0.030554
v 0.050493 -0.002205 -0.035841
v 0.050475 0.000970 -0.035827
v 0.051012 -0.002205 -0.033685
v 0.051061 0.000970 -0.033675
v 0.047153 -0.002205 -0.039203
v 0.049094 -0.002205 -0.038130
v 0.047165 0.000970 -0.039309
v 0.048995 0.000970 -0.038066
v 0.032417 0.000970 -0.037573
v 0.032417 -0.002205 -0.037573
v 0.050844 -0.002205 -0.050589
v 0.050844 0.000970 -0.050589
v 0.049614 0.000970 -0.053705
v 0.049614 -0.002205 -0.053705
v 0.048898 0.000970 -0.046309
v 0.048863 -0.002205 -0.046328
v 0.050449 0.000970 -0.048513
v 0.050459 -0.002205 -0.048505
v 0.047149 0.000970 -0.045160
v 0.032656 -0.002205 -0.045160
v 0.032656 0.000970 -0.045160
v 0.047149 -0.002205 -0.045160
v 0.026311 -0.002205 -0.054151
v 0.026311 0.000970 -0.054151
v 0.030924 0.000970 -0.046160
v 0.030924 -0.002205 -0.046160
v 0.030924 -0.002205 -0.064141
v 0.030924 0.000970 -0.064141
v 0.026311 0.000970 -0.056151
v 0.026311 -0.002205 -0.056151
v 0.041882 0.000970 -0.065141
v 0.032656 0.000970 -0.065141
v 0.032656 -0.002205 -0.065141
v 0.041882 -0.002205 -0.065141
v 0.049486 -0.002205 -0.053971
v 0.049486 0.000970 -0.053971
v 0.043614 0.000970 -0.064141
v 0.043614 -0.002205 -0.064141
v 0.042121 0.000970 -0.063554
v 0.042121 -0.002205 -0.063554
v 0.032417 0.000970 -0.063554
v 0.032417 -0.002205 -0.063554
v 0.026190 0.000970 -0.054096
v 0.026277 -0.002205 -0.054135
v 0.026170 -0.002205 -0.056214
v 0.026266 0.000970 -0.056172
v 0.032652 -0.002205 -0.045111
v 0.030816 -0.002205 -0.046083
v 0.032633 0.000970 -0.044963
v 0.030909 0.000970 -0.046150
v 0.049074 0.000970 -0.046203
v 0.048983 -0.002205 -0.046261
v 0.047168 -0.002205 -0.044987
v 0.047154 0.000970 -0.045103
v 0.050989 0.000970 -0.050629
v 0.050885 -0.002205 -0.050601
v 0.050599 -0.002205 -0.048403
v 0.050503 0.000970 -0.048471
v 0.049389 0.000970 -0.053761
v 0.049389 -0.002205 -0.053761
v 0.043614 -0.002205 -0.072141
v 0.043614 0.000970 -0.072141
v 0.048228 0.000970 -0.080131
v 0.048228 -0.002205 -0.080131
v 0.041882 0.000970 -0.071141
v 0.032656 -0.002205 -0.071141
v 0.032656 0.000970 -0.071141
v 0.041882 -0.002205 -0.071141
v 0.026311 -0.002205 -0.080131
v 0.026311 0.000970 -0.080131
v 0.030924 0.000970 -0.072141
v 0.030924 -0.002205 -0.072141
v 0.026438 -0.002205 -0.082353
v 0.026439 0.000970 -0.082353
v 0.046240 -0.002205 -0.083574
v 0.046240 0.000970 -0.083574
v 0.028298 0.000970 -0.083574
v 0.028298 -0.002205 -0.083574
v 0.048100 -0.002205 -0.082353
v 0.048100 0.000970 -0.082353
v 0.046241 -0.002205 -0.083592
v 0.048132 -0.002205 -0.082692
v 0.046262 0.000970 -0.083772
v 0.047987 0.000970 -0.082584
v 0.026551 -0.002205 -0.082584
v 0.028276 -0.002205 -0.083772
v 0.026406 0.000970 -0.082692
v 0.028297 0.000970 -0.083592
v 0.026295 0.000970 -0.080123
v 0.026277 -0.002205 -0.080115
v 0.026170 -0.002205 -0.082194
v 0.026128 0.000970 -0.082211
v 0.032417 -0.002205 -0.072728
v 0.032417 0.000970 -0.072728
v 0.042121 -0.002205 -0.072728
v 0.042121 0.000970 -0.072728
v 0.048349 0.000970 -0.082185
v 0.048262 -0.002205 -0.082147
v 0.048368 -0.002205 -0.080069
v 0.048272 0.000970 -0.080110
v 0.021114 -0.002205 -0.077131
v 0.025728 0.000970 -0.069141
v 0.021114 0.000970 -0.077131
v 0.025728 -0.002205 -0.069141
v 0.025728 -0.002205 -0.067141
v 0.021114 0.000970 -0.059151
v 0.025728 0.000970 -0.067141
v 0.021114 -0.002205 -0.059151
v 0.019382 -0.002205 -0.058151
v 0.010156 0.000970 -0.058151
v 0.019382 0.000970 -0.058151
v 0.010156 -0.002205 -0.058151
v 0.008424 -0.002205 -0.059151
v 0.003811 0.000970 -0.067141
v 0.008424 0.000970 -0.059151
v 0.003811 -0.002205 -0.067141
v 0.003811 -0.002205 -0.069141
v 0.008424 0.000970 -0.077131
v 0.003811 0.000970 -0.069141
v 0.008424 -0.002205 -0.077131
v 0.019382 -0.002205 -0.078131
v 0.019382 0.000970 -0.078131
v 0.010156 0.000970 -0.078131
v 0.010156 -0.002205 -0.078131
v 0.009918 -0.002205 -0.076546
v 0.009918 0.000970 -0.076546
v 0.005065 0.000970 -0.068141
v 0.005065 -0.002205 -0.068141
v 0.009918 -0.002205 -0.059736
v 0.009918 0.000970 -0.059736
v 0.019620 -0.002205 -0.059736
v 0.019620 0.000970 -0.059736
v 0.025849 0.000970 -0.069195
v 0.025762 -0.002205 -0.069157
v 0.025868 -0.002205 -0.067079
v 0.025773 0.000970 -0.067120
v 0.019620 -0.002205 -0.076546
v 0.019620 0.000970 -0.076546
vn -1.0000 -0.0000 -0.0000
vn -0.8660 -0.0000 0.5001
vn -0.0000 -0.0000 1.0000
vn 0.4899 -0.3880 0.7807
vn -0.0000 -1.0000 -0.0000
vn -0.8660 -0.0000 -0.5000
vn -0.8660 -0.0000 -0.5001
vn -0.9302 -0.0000 -0.3672
vn -0.0000 -0.0000 -1.0000
vn -0.9998 0.0064 0.0187
vn -0.9989 -0.0305 -0.0367
vn -1.0000 -0.0089 -0.0043
vn -0.4900 0.3880 0.7806
vn 0.8660 -0.0000 0.5000
vn 0.9302 -0.0000 0.3670
vn 0.8386 -0.2408 0.4887
vn 0.7961 -0.0000 -0.6051
vn -0.9989 -0.0306 -0.0368
vn 0.5054 -0.0149 0.8628
vn 0.5666 0.0340 0.8233
vn 0.5312 0.0053 0.8472
vn 0.4916 -0.0064 0.8708
vn 0.5311 0.0243 0.8470
vn 0.5082 0.0064 0.8612
vn 0.8661 -0.0000 0.5000
vn -0.8057 0.0047 0.5923
vn -0.8204 -0.0230 0.5714
vn -0.8045 0.0069 0.5939
vn 0.8660 -0.0000 -0.5000
vn 0.5081 -0.0064 -0.8612
vn 0.4677 0.0243 -0.8836
vn 0.4915 0.0063 -0.8708
vn -0.2046 0.3260 -0.9230
vn 0.6088 0.0059 0.7933
vn 0.5629 -0.0341 0.8258
vn 0.5923 -0.0087 0.8056
vn -0.9302 -0.0000 0.3672
vn 0.6835 0.0966 0.7235
vn 0.7548 0.0015 0.6560
vn 0.7481 0.0112 0.6635
vn 0.9973 0.0060 0.0736
vn 0.9910 -0.0340 0.1294
vn 0.9955 -0.0087 0.0940
vn -0.9998 0.0063 0.0187
vn -0.9989 -0.0307 -0.0368
vn -1.0000 -0.0090 -0.0043
vn 1.0000 -0.0000 -0.0000
vn -0.9998 0.0065 0.0187
vn -0.9989 -0.0305 -0.0368
vn -0.8365 -0.0069 0.5479
vn -0.8413 0.0050 0.5405
vn -0.8244 -0.0349 0.5649
vn 0.5449 0.0060 0.8385
vn 0.4966 -0.0340 0.8673
vn 0.5275 -0.0086 0.8495
vn 0.5054 -0.0150 0.8627
vn 0.5667 0.0340 0.8232
vn -0.5146 0.0058 0.8574
vn -0.5616 -0.0342 0.8267
vn -0.5321 -0.0088 0.8466
vn -0.4821 -0.0141 -0.8760
vn -0.5664 0.0538 -0.8224
vn -0.5176 0.0138 -0.8555
vn 0.5311 -0.0244 -0.8470
vn 0.5054 -0.0150 0.8628
vn 0.5667 0.0341 0.8232
vn 0.4915 -0.0063 0.8708
vn 0.5311 0.0244 0.8470
vn 0.5081 0.0064 0.8612
vn 0.8659 -0.0000 0.5001
vn -0.5054 -0.0150 -0.8628
vn -0.5667 0.0341 -0.8232
vn -0.5312 0.0053 -0.8472
vn -0.9548 -0.0024 0.2974
vn -0.9574 -0.0260 0.2876
vn -0.9586 -0.0388 0.2822
vn -0.0000 1.0000 -0.0000
vn -1.0000 -0.0088 -0.0043
vn 0.9293 -0.0087 -0.3693
vn 0.9379 -0.0453 -0.3438
vn 0.9245 0.0085 -0.3810
vn 0.8661 -0.0000 -0.5000
vn -0.8660 -0.0000 0.5000
vn -0.4680 0.0055 0.8837
vn -0.5310 -0.0438 0.8463
vn -0.4944 -0.0148 0.8691
vn -0.4821 -0.0140 -0.8760
vn -0.5663 0.0538 -0.8224
vn -0.5175 0.0138 -0.8556
vn -0.5450 0.0061 -0.8384
vn -0.4967 -0.0339 -0.8672
vn -0.5276 -0.0086 -0.8495
vn -0.4917 -0.0063 -0.8707
vn -0.5314 0.0244 -0.8468
vn -0.5084 0.0064 -0.8611
vn -0.8659 -0.0000 -0.5002
vn -0.5054 -0.0150 -0.8627
vn -0.5667 0.0340 -0.8232
vn 0.9453 -0.0829 -0.3156
vn 0.9749 0.0117 -0.2222
vn 0.9726 0.0014 -0.2326
vn 0.5148 0.0059 -0.8573
vn 0.5618 -0.0340 -0.8265
vn 0.5323 -0.0087 -0.8465
vn 0.8662 -0.0000 0.4997
vn 0.1488 0.1346 -0.9797
vn -0.4899 -0.3879 -0.7807
vn 0.9968 -0.0059 -0.0795
vn 0.9981 0.0059 -0.0617
vn 0.9976 0.0011 -0.0691
vn 0.9998 0.0063 -0.0187
vn 0.9989 -0.0307 0.0368
vn 1.0000 -0.0090 0.0043
vn -0.9864 0.0059 -0.1642
vn -0.9750 -0.0342 -0.2194
vn -0.9828 -0.0088 -0.1845
vn -0.7328 -0.0067 0.6805
vn -0.7311 -0.0090 0.6822
vn -0.6870 -0.0699 0.7233
vn 0.7311 -0.0091 -0.6822
vn 0.7328 -0.0067 -0.6805
vn 0.7711 0.0539 -0.6344
vn 0.6590 -0.1136 0.7435
vn -0.8416 -0.1438 0.5206
vn -0.8064 0.1276 0.5774
vn -0.7879 0.1935 0.5845
vn 0.7338 -0.0048 -0.6793
vn 0.7454 -0.0469 -0.6649
vn 0.7096 0.0692 -0.7012
vn 0.3503 -0.4149 0.8397
vn -0.4425 0.3922 -0.8065
vn 0.3451 -0.4429 0.8275
vn -0.7711 0.0539 0.6344
vn -0.6083 0.2419 -0.7559
vn 0.7842 0.0966 -0.6130
vn 0.7235 0.0014 -0.6903
vn 0.7303 0.0111 -0.6830
vn -0.4918 -0.0064 -0.8707
vn 0.6822 -0.0090 0.7311
vn 0.6805 -0.0067 0.7328
vn 0.6344 0.0539 0.7711
vn 0.8244 -0.2989 -0.4806
vn -0.2991 0.3945 -0.8689
vn 0.7233 -0.0699 0.6870
vn -0.6541 0.4918 0.5747
vn -0.8557 -0.3926 0.3370
vn 0.4918 0.0064 -0.8707
vn 0.5314 -0.0244 -0.8467
vn 0.5084 -0.0064 -0.8611
vn -0.6298 0.2505 -0.7353
vn -0.4678 -0.0243 -0.8835
vn -0.0929 -0.0516 -0.9943
vn -0.0799 -0.0192 -0.9966
vn -0.0535 0.0465 -0.9975
vn 0.6083 -0.2419 -0.7559
vn 0.4822 -0.0139 0.8760
vn 0.5664 0.0539 0.8224
vn 0.5176 0.0139 0.8555
vn 0.4822 -0.0140 0.8760
vn 0.5664 0.0538 0.8224
vn 0.9308 -0.3594 0.0671
vn -0.4945 -0.3034 -0.8145
vn 0.2112 0.3387 -0.9169
vn 0.8390 0.1647 0.5186
vn -0.6967 -0.1401 0.7035
vn 0.1891 0.0007 0.9820
vn 0.1899 -0.0004 0.9818
vn 0.1873 0.0031 0.9823
vn -0.9221 -0.1356 -0.3625
vn -0.8642 0.0308 -0.5021
vn -0.9137 -0.1008 -0.3937
vn -0.9349 -0.2463 -0.2556
vn 0.4677 -0.0300 -0.8834
vn 0.5693 0.0953 -0.8166
vn 0.5865 0.1185 -0.8013
vn 0.6572 0.2236 -0.7198
vn 0.0653 0.3243 0.9437
vn 0.4985 -0.3266 0.8030
vn -0.8376 0.2480 -0.4867
vn 0.3926 -0.2329 -0.8898
vn 0.5147 -0.0901 -0.8526
vn 0.5678 -0.0187 -0.8229
vn 0.6676 0.1400 -0.7312
vn 0.0647 0.3451 0.9363
vn 0.4742 -0.1664 0.8646
vn 0.8390 0.1647 0.5185
vn 0.5312 -0.0053 -0.8472
vn 0.4674 0.0438 -0.8829
vn 0.5054 0.0150 -0.8627
vn -0.8661 -0.0000 -0.4998
vn 0.8424 0.0004 0.5388
vn 0.8445 0.0053 0.5355
vn 0.8417 -0.0012 0.5399
vn 0.4674 0.0439 -0.8830
vn 0.5054 0.0150 -0.8628
vn -0.4294 0.0343 0.9024
vn 0.9989 -0.0306 0.0367
vn 0.4674 -0.0438 0.8830
vn 0.6870 -0.0700 -0.7233
vn 0.7401 0.0015 -0.6725
vn 0.6705 0.1033 -0.7347
vn 0.7420 -0.0016 -0.6704
vn -0.9448 0.0098 -0.3275
vn -0.9524 0.0450 -0.3014
vn -0.9414 -0.0034 -0.3371
vn -0.9784 -0.0281 -0.2050
vn -0.9750 0.0088 -0.2220
vn -0.9659 0.0699 -0.2494
vn -0.5083 0.0062 -0.8612
vn -0.4679 -0.0245 -0.8835
vn -0.4917 -0.0065 -0.8708
vn 0.4674 -0.0438 0.8829
vn -0.8659 -0.0000 0.5002
vn -0.9321 -0.0359 -0.3604
vn 0.9940 0.0059 -0.1090
vn 0.9980 -0.0340 -0.0530
vn 0.9960 -0.0087 -0.0886
vn -0.5243 -0.0165 -0.8514
vn -0.5340 -0.0365 -0.8447
vn -0.5150 0.0022 -0.8572
vn -0.5175 -0.0138 0.8556
vn -0.4290 0.0540 0.9017
vn -0.4820 0.0140 0.8760
vn 0.4680 0.0053 -0.8837
vn 0.5309 -0.0439 -0.8463
vn 0.4943 -0.0149 -0.8691
vn 0.4677 -0.0243 0.8836
vn 0.4918 0.0063 -0.8707
vn 0.5314 -0.0244 -0.8468
vn -0.4712 0.0062 0.8820
vn -0.5195 -0.0321 0.8539
vn -0.4905 -0.0089 0.8714
vn -0.6038 -0.0491 -0.7956
vn -0.5969 -0.0171 -0.8021
vn -0.5685 0.0923 -0.8175
vn 0.4679 0.0243 -0.8834
vn -0.4679 -0.0243 -0.8834
vn -0.9337 -0.0065 -0.3580
vn -0.8901 -0.1150 -0.4410
vn -0.9370 0.0043 -0.3493
vn -0.5082 -0.0064 0.8612
vn -0.4677 0.0243 0.8835
vn -0.4916 0.0064 0.8708
vn -0.5177 -0.0138 0.8555
vn -0.4291 0.0540 0.9016
vn -0.4822 0.0140 0.8759
vn -0.5312 -0.0244 0.8469
vn 0.4673 0.0439 -0.8830
vn 0.5083 0.0064 0.8612
vn 0.4677 -0.0244 0.8835
vn 0.4295 0.0341 -0.9024
vn -0.9649 -0.0066 0.2627
vn -0.9694 0.0061 0.2452
vn -0.9678 0.0015 0.2516
vn 0.4674 -0.0439 0.8830
vn 0.4680 -0.0053 0.8837
vn 0.5309 0.0439 0.8463
vn 0.4943 0.0149 0.8691
vn -0.5176 -0.0138 0.8555
vn -0.4290 0.0541 0.9017
vn -0.4821 0.0141 0.8760
vn -0.7044 -0.0036 -0.7097
vn -0.7020 -0.0001 -0.7122
vn -0.6326 0.0922 -0.7689
vn -0.3713 0.0061 -0.9285
vn -0.3182 -0.0341 -0.9474
vn -0.3521 -0.0086 -0.9359
vn 0.8661 -0.0000 -0.4999
vn -0.5033 0.0063 -0.8641
vn -0.4540 -0.0320 -0.8904
vn -0.4841 -0.0088 -0.8749
vn 0.4822 -0.0140 0.8759
vn 0.5177 0.0138 0.8555
vn -0.4821 0.0140 0.8760
vn 0.9303 -0.0000 -0.3669
vn 0.4674 0.0438 -0.8830
vn 0.5054 0.0149 -0.8628
vn 0.5313 0.0244 0.8469
vn 0.4917 0.0063 -0.8707
vn 0.4678 0.0243 -0.8835
vn -0.4674 -0.0438 -0.8829
vn -0.0399 0.0802 -0.9960
vn -0.5587 0.1246 -0.8200
vn -0.2824 0.4214 0.8618
vn -0.9913 0.1287 0.0279
vn -0.9913 -0.1287 -0.0279
vn -0.9826 -0.1814 -0.0393
vn 0.7970 -0.1034 -0.5951
vn -0.8957 -0.0059 -0.4446
vn -0.8913 0.0072 -0.4534
vn -0.9063 -0.0408 -0.4206
vn -0.8402 -0.2096 0.5002
vn -0.3377 0.0059 0.9412
vn -0.3899 -0.0341 0.9202
vn -0.3570 -0.0088 0.9341
vn 0.8660 -0.0000 0.5001
vn -0.5312 0.0241 -0.8469
vn 0.3215 0.0028 -0.9469
vn 0.3178 -0.0024 -0.9481
vn 0.3292 0.0139 -0.9442
vn -0.9998 0.0064 0.0186
vn -0.7401 -0.0015 -0.6725
vn -0.6705 -0.1033 -0.7347
vn -0.7420 0.0016 -0.6704
vn 0.7961 -0.0000 0.6052
vn -0.7961 -0.0000 -0.6052
vn 0.9993 0.0056 0.0374
vn 0.9949 -0.0361 0.0938
vn 0.9984 -0.0085 0.0565
vn 0.5801 0.0061 -0.8146
vn 0.6247 -0.0340 -0.7801
vn 0.5967 -0.0086 -0.8024
vn -0.7962 -0.0000 0.6051
vn 0.0001 -0.0000 -1.0000
vn 0.9245 -0.0086 0.3810
vn 0.9131 -0.0452 0.4053
vn 0.9293 0.0086 0.3693
vn -0.9826 0.1813 0.0393
vn -0.3956 -0.3906 0.8312
vn -0.7970 0.1034 -0.5951
vn -0.7419 -0.0015 0.6706
vn -0.7969 -0.1033 0.5952
vn -0.7400 0.0015 0.6726
vn 0.5313 -0.0053 -0.8472
vn -0.5312 -0.0053 0.8472
vn -0.4674 0.0438 0.8829
vn -0.5054 0.0150 0.8627
vn 0.4916 0.0064 -0.8708
vn 0.5312 -0.0244 -0.8469
vn 0.5083 -0.0064 -0.8612
vn 0.9974 0.0056 -0.0719
vn 0.9992 -0.0361 -0.0154
vn 0.9986 -0.0085 -0.0528
vn -0.4674 0.0439 0.8830
vn 0.8339 -0.2841 -0.4732
vn -0.6704 0.1033 0.7348
vn -0.9340 -0.0068 0.3573
vn -0.9570 -0.1155 0.2662
vn -0.9306 0.0041 0.3661
vn -0.5313 -0.0053 0.8472
vn 0.9987 0.0370 -0.0336
vn -0.4674 -0.0439 -0.8830
vn 0.4677 0.0244 -0.8835
vn 0.6578 -0.0838 -0.7485
vn 0.9862 0.0962 -0.1351
vn -0.9989 -0.0306 -0.0367
vn 0.4679 0.0243 -0.8835
vn 0.8065 -0.0835 0.5853
vn -0.9983 0.0281 0.0512
vn 0.8901 0.3714 -0.2640
vn -0.5667 -0.0340 0.8232
vn 0.8395 -0.0062 0.5433
vn 0.9983 0.0280 -0.0511
vn 0.0575 0.0133 -0.9983
vn -0.0196 -0.0908 -0.9957
vn 0.0377 -0.0135 -0.9992
vn -0.8901 -0.3714 -0.2640
vn -0.9983 0.0280 0.0511
vn 0.5667 -0.0340 -0.8233
vn 0.9986 0.0129 -0.0512
vn 0.9622 0.2188 0.1620
vn -0.4410 0.0294 0.8970
vn -0.5663 -0.0538 0.8224
vn 0.5667 -0.0340 -0.8232
vn 0.6364 0.0313 0.7708
vn -0.8449 -0.4188 -0.3328
vn 0.9891 0.0312 -0.1442
vn -0.0000 -1.0000 -0.0002
vn -0.4835 0.0311 0.8748
vn 0.9379 0.0452 0.3438
vn 0.5667 -0.0341 -0.8232
vn -0.7886 0.0346 0.6139
vn -0.9983 0.0281 0.0511
vn -0.9912 0.0313 -0.1288
vn -0.5742 0.0314 -0.8181
vn -0.8928 -0.3643 -0.2648
vn -0.8456 -0.0173 0.5336
vn -0.8334 0.0020 0.5527
vn -0.8305 0.0065 0.5570
vn -0.8173 0.0258 0.5756
vn -0.9721 0.0142 0.2340
vn -0.3038 0.0313 0.9522
vn -0.9531 0.0103 0.3026
vn -0.7618 -0.0961 -0.6406
vn 0.9173 -0.3968 0.0337
vn 0.8909 0.3432 -0.2974
vn -0.8784 0.0420 -0.4761
vn -0.5664 -0.0538 0.8224
vn -0.4983 -0.0957 0.8617
vn -0.5066 -0.1384 0.8510
vn -0.4634 0.0472 0.8849
vn -0.4985 -0.4754 -0.7249
vn -0.5187 0.2907 0.8040
vn 0.9464 0.3210 0.0371
vn -0.7767 0.0900 0.6234
vn -0.8832 -0.1548 0.4426
vn -0.8593 -0.0783 0.5055
vn 0.4985 0.4754 -0.7249
vn 0.4295 -0.0341 0.9024
vn 0.8391 0.3766 0.3926
vn -0.3880 -0.3270 0.8617
vn 0.0821 -0.2677 -0.9600
vn 0.6939 0.1107 -0.7115
vn -0.9459 -0.3037 0.1143
vn -0.8812 0.2865 0.3761
vn 0.1917 -0.0029 0.9814
vn -0.3451 0.4429 0.8275
vn -0.5320 0.0294 -0.8462
vn -0.4509 0.0897 0.8880
vn 0.9935 0.0332 -0.1091
vn -0.9983 0.0280 0.0510
vn 0.8920 0.0134 -0.4518
vn 0.8510 -0.0908 -0.5172
vn 0.8829 -0.0133 -0.4693
vn -0.5418 -0.0530 -0.8388
vn -0.9505 -0.0804 0.3002
vn -0.9315 0.0076 0.3637
vn -0.9377 -0.0161 0.3470
vn -0.8321 0.0045 -0.5547
vn -0.8419 -0.0203 -0.5392
vn -0.8351 -0.0030 -0.5500
vn -0.8521 0.0336 0.5222
vn 0.3075 -0.4306 -0.8485
vn 0.7089 -0.4126 -0.5720
vn -0.4290 -0.0541 -0.9017
vn -0.3956 0.3906 -0.8312
vn 0.9128 0.0909 -0.3981
vn -0.8066 -0.0040 -0.5911
vn -0.8116 0.0033 -0.5842
vn -0.8128 0.0050 -0.5826
vn 0.4291 -0.0539 0.9016
vn -0.9033 -0.2909 0.3154
vn 0.4291 -0.0540 0.9016
vn -0.9592 0.1024 -0.2636
vn 0.3880 0.3270 0.8617
vn 0.9994 0.0332 -0.0000
vn -0.8248 0.0216 -0.5650
vn 0.5504 0.0315 -0.8343
vn -0.8864 0.1129 0.4490
vn -0.4040 0.0315 -0.9142
vn 0.5666 -0.0340 -0.8233
vn 0.4838 0.0312 -0.8746
vn -0.4290 -0.0540 -0.9017
vn 0.5741 0.0314 0.8182
vn -0.9173 0.3968 0.0337
vn 0.1142 0.0907 -0.9893
vn 0.9066 0.2844 -0.3117
vn 0.0791 -0.3723 0.9247
vn 0.9988 0.0313 0.0380
vn -0.9124 0.0668 0.4039
vn 0.9130 0.0451 -0.4054
vn 0.9954 0.0922 0.0244
vn 0.9954 -0.0922 -0.0244
vn 0.9894 0.1405 0.0372
vn 0.9894 -0.1405 -0.0372
vn -0.9595 0.1129 -0.2582
vn 0.3104 -0.0129 -0.9505
vn -0.8177 0.0123 -0.5755
s 1
f 3986//599 3984//599 3985//599
f 4567//600 4565//600 4566//600
f 5290//601 5288//601 5289//601
f 5051//602 5049//602 5050//602
f 4182//601 4180//601 4181//601
f 3582//603 3448//603 3433//603
f 5298//604 5296//604 5297//604
f 3978//601 3977//601 3975//601
f 4655//605 4654//605 4652//605
f 5334//601 5332//601 5333//601
f 5470//606 5468//606 5469//606
f 5478//607 5477//607 5475//607
f 5044//608 5045//609 5043//610
f 5462//601 5460//601 5461//601
f 5047//611 5048//611 5046//611
f 5350//612 5348//612 5349//612
f 5258//612 5257//612 5255//612
f 4366//601 4364//601 4365//601
f 4960//613 4959//613 4957//613
f 4018//614 4019//614 4020//614
f 4671//601 4669//601 4670//601
f 4651//600 4650//600 4648//600
f 4176//615 4175//615 4173//615
f 4822//612 4820//612 4821//612
f 4357//608 4358//616 4356//610
f 5566//607 5565//607 5563//607
f 4301//617 4302//618 4303//619
f 5328//620 5327//621 5329//622
f 4705//623 4704//623 4702//623
f 4709//601 4707//601 4708//601
f 4117//624 4118//625 4116//626
f 4908//612 4906//612 4907//612
f 5614//627 5613//627 5611//627
f 5394//601 5392//601 5393//601
f 5474//604 5472//604 5473//604
f 5576//601 5574//601 5575//601
f 5622//601 5620//601 5621//601
f 5378//605 5377//605 5375//605
f 5602//600 5601//600 5599//600
f 4128//600 4126//600 4127//600
f 4719//628 4718//629 4720//630
f 4575//607 4574//607 4572//607
f 5302//607 5301//607 5299//607
f 4746//607 4745//607 4743//607
f 4023//631 4022//631 4021//631
f 4986//632 4988//633 4987//634
f 3994//607 3992//607 3993//607
f 5512//635 5510//635 5511//635
f 4088//636 4087//637 4086//638
f 5426//607 5425//607 5423//607
f 5390//623 5389//623 5387//623
f 4701//627 4700//627 4698//627
f 5088//639 5089//640 5086//641
f 4638//642 4639//643 4636//644
f 5434//623 5433//623 5431//623
f 5382//607 5381//607 5379//607
f 4070//645 4068//645 4069//645
f 4136//607 4135//607 4133//607
f 4811//646 4812//647 4810//610
f 4765//608 4766//616 4764//610
f 4081//648 4084//649 4082//650
f 4225//651 4226//652 4223//653
f 5395//654 5396//655 5397//619
f 4132//604 4130//604 4131//604
f 4798//612 4796//612 4797//612
f 4220//656 4222//657 4221//658
f 4292//605 4291//605 4289//605
f 4163//659 4161//660 4162//661
f 4790//607 4789//607 4787//607
f 4444//627 4442//627 4443//627
f 4720//630 4721//662 4719//628
f 4242//607 4241//607 4239//607
f 4826//601 4824//601 4825//601
f 4609//601 4607//601 4608//601
f 4521//601 4519//601 4520//601
f 4474//601 4472//601 4473//601
f 5486//612 5484//612 5485//612
f 4340//663 4341//664 4342//619
f 4816//665 4815//666 4817//667
f 4571//604 4569//604 4570//604
f 4327//607 4326//607 4324//607
f 4384//668 4382//668 4383//668
f 4428//601 4426//601 4427//601
f 4272//607 4271//607 4269//607
f 4592//669 4593//670 4594//671
f 4311//630 4312//662 4310//628
f 4097//672 4100//673 4099//674
f 4254//601 4252//601 4253//601
f 4736//601 4734//601 4735//601
f 3747//675 3748//675 3753//675
f 4849//646 4850//609 4848//676
f 4710//617 4711//618 4712//619
f 4323//605 4322//605 4320//605
f 4697//607 4696//607 4694//607
f 4238//605 4237//605 4235//605
f 4538//677 4539//678 4536//679
f 4505//659 4503//660 4504//661
f 4882//601 4880//601 4881//601
f 4276//627 4275//627 4273//627
f 4866//605 4865//605 4863//605
f 4874//627 4873//627 4871//627
f 4956//612 4955//612 4953//612
f 4794//680 4792//680 4793//680
f 4284//601 4282//601 4283//601
f 4878//623 4877//623 4875//623
f 4786//604 4784//604 4785//604
f 4970//681 4969//681 4967//681
f 5111//601 5109//601 5110//601
f 4432//600 4430//600 4431//600
f 4830//600 4828//600 4829//600
f 4468//620 4467//621 4469//622
f 3325//603 3445//603 3519//603
f 4350//630 4351//662 4349//628
f 4331//627 4330//627 4328//627
f 4769//682 4770//683 4767//684
f 4459//685 4457//686 4458//687
f 4339//601 4337//601 4338//601
f 5096//688 5097//689 5094//690
f 4843//691 4844//692 4845//693
f 4148//601 4146//601 4147//601
f 4310//628 4309//629 4311//630
f 4531//607 4530//607 4528//607
f 4295//608 4296//616 4294//610
f 4202//627 4200//627 4201//627
f 4974//694 4973//694 4971//694
f 4376//607 4375//607 4373//607
f 4912//601 4910//601 4911//601
f 5011//605 5010//604 5008//604
f 5003//601 5001//601 5002//601
f 4583//612 4581//612 4582//612
f 4207//695 4208//696 4209//671
f 5267//697 5268//698 5269//699
f 4002//645 4001//645 3999//645
f 4440//607 4439//607 4437//607
f 5092//700 5093//701 5090//702
f 4836//607 4835//607 4833//607
f 4935//608 4936//616 4933//610
f 4412//645 4410//645 4411//645
f 5210//703 5209//703 5207//703
f 5202//627 5201//627 5199//627
f 5310//612 5308//612 5309//612
f 5633//608 5634//616 5631//644
f 5493//695 5494//696 5495//671
f 4991//704 4989//704 4990//704
f 4724//705 4722//705 4723//705
f 5344//607 5343//607 5341//607
f 4883//663 4884//664 4885//619
f 5610//607 5609//607 5607//607
f 5443//706 5444//707 5446//708
f 4155//709 4156//710 4153//711
f 4619//607 4618//607 4616//607
f 5409//642 5410//643 5407//644
f 5551//688 5552//689 5549//690
f 5555//712 5556//713 5553//714
f 4550//608 4551//616 4549//610
f 4391//691 4392//692 4393//693
f 3980//715 3979//716 3982//717
f 4563//601 4561//601 4562//601
f 4246//627 4245//627 4243//627
f 4682//608 4683//609 4681//610
f 3995//718 3996//719 3997//720
f 4693//605 4692//605 4690//605
f 4031//721 4032//721 4030//721
f 3842//675 3889//675 3913//675
f 5150//722 5148//723 5149//724
f 4916//600 4914//600 4915//600
f 4951//725 4952//726 4950//727
f 4006//728 4007//728 4005//728
f 4015//729 4016//729 4017//729
f 4436//604 4434//604 4435//604
f 4012//730 4013//730 4011//730
f 4727//608 4728//616 4726//610
f 3979//716 3980//715 3981//731
f 4010//732 4014//732 4009//732
f 4420//733 4419//734 4418//735
f 4929//736 4930//692 4931//693
f 4870//607 4869//607 4867//607
f 4033//737 4034//738 4035//739
f 4194//604 4192//604 4193//604
f 4023//740 4024//740 4022//740
f 4626//706 4627//707 4629//708
f 4027//741 4028//741 4029//741
f 4140//680 4138//680 4139//680
f 4034//738 4033//737 4036//742
f 4026//743 4025//743 4021//743
f 4016//744 4015//744 4020//744
f 4109//745 4110//746 4107//747
f 5528//612 5526//612 5527//612
f 4714//706 4715//707 4717//708
f 4004//748 4008//748 4003//748
f 4305//706 4306//707 4308//708
f 4782//600 4780//600 4781//600
f 4845//693 4846//749 4843//691
f 4947//750 4948//751 4950//752
f 4009//753 4011//753 4010//753
f 4773//754 4771//755 4772//756
f 4092//612 4090//612 4091//612
f 5146//757 5144//758 5145//756
f 4048//759 4044//759 4046//759
f 4044//760 4045//760 4043//760
f 4044//761 4043//761 4046//761
f 4048//762 4046//762 4047//762
f 4066//763 4065//763 4063//763
f 4416//764 4413//765 4415//766
f 4053//767 4049//768 4050//769
f 4054//770 4053//767 4050//769
f 4050//771 4049//772 4052//773
f 4052//773 4049//772 4051//774
f 4054//775 4051//775 4053//775
f 4051//776 4054//776 4052//776
f 4059//777 4055//777 4056//777
f 4056//778 4055//779 4058//780
f 4058//780 4055//779 4057//781
f 4048//763 4047//763 4045//763
f 4060//782 4057//782 4059//782
f 4058//783 4057//783 4060//783
f 4066//759 4062//759 4064//759
f 4062//760 4063//760 4061//760
f 4062//761 4061//761 4064//761
f 4066//784 4064//784 4065//784
f 4646//754 4644//755 4645//756
f 4205//785 4203//786 4204//787
f 5061//788 5059//788 5060//788
f 4586//709 4587//710 4584//711
f 4123//709 4124//710 4121//711
f 5167//612 5166//612 5164//612
f 4558//789 4556//790 4557//791
f 4159//785 4157//792 4158//793
f 4397//646 4398//609 4396//676
f 4767//684 4768//794 4769//682
f 4451//709 4452//795 4449//711
f 4303//619 4304//796 4301//617
f 5570//627 5568//627 5569//627
f 4623//627 4621//627 4622//627
f 3996//719 3995//718 3998//797
f 5399//706 5400//707 5402//708
f 4579//680 4577//680 4578//680
f 5273//798 5271//799 5272//800
f 5235//801 5233//802 5234//803
f 4535//627 4533//627 4534//627
f 5241//804 5242//805 5243//806
f 5185//807 5186//808 5184//809
f 5221//619 5222//810 5219//654
f 4288//681 4287//681 4285//681
f 4144//612 4142//612 4143//612
f 4406//811 4405//811 4403//811
f 4893//630 4894//662 4892//628
f 5234//803 5236//812 5235//801
f 4167//646 4168//609 4166//676
f 4857//709 4858//710 4855//711
f 5386//627 5385//627 5383//627
f 4892//628 4891//629 4893//630
f 3874//675 3877//675 3878//675
f 5422//605 5421//605 5419//605
f 4807//685 4805//686 4806//687
f 4229//813 4230//814 4227//815
f 4265//608 4266//609 4264//610
f 5246//816 5244//817 5245//818
f 4667//612 4666//612 4664//612
f 4250//612 4249//612 4247//612
f 4361//819 4359//820 4360//821
f 5520//607 5519//607 5517//607
f 4393//693 4394//749 4391//691
f 4632//822 4633//823 4630//824
f 4817//667 4818//825 4816//665
f 4841//826 4842//827 4839//747
f 4319//681 4318//681 4316//681
f 4217//828 4218//829 4215//830
f 4527//605 4525//605 4526//605
f 5062//831 5063//832 5065//833
f 4107//747 4108//834 4109//745
f 4478//600 4476//600 4477//600
f 5128//706 5129//707 5131//708
f 5361//693 5362//835 5359//736
f 5280//836 5282//837 5281//838
f 5140//839 5141//840 5142//841
f 4642//842 4640//843 4641//844
f 5142//841 5143//845 5140//839
f 5587//706 5588//707 5590//708
f 4003//753 4005//753 4004//753
f 4590//785 4588//846 4589//793
f 4516//847 4517//848 4515//620
f 4630//824 4631//849 4632//822
f 5500//850 5499//851 5502//852
f 5397//619 5398//853 5395//654
f 4712//619 4713//796 4710//617
f 4150//854 4149//855 4151//856
f 4490//627 4488//627 4489//627
f 4903//857 4901//858 4902//859
f 5317//695 5318//696 5319//671
f 4554//682 4555//683 4552//684
f 4482//604 4480//604 4481//604
f 4598//608 4599//616 4596//610
f 4663//627 4662//627 4660//627
f 5491//785 5489//786 5490//787
f 3987//860 3988//861 3989//862
f 4899//608 4900//616 4898//610
f 4615//605 4613//605 4614//605
f 4742//605 4740//605 4741//605
f 5038//863 5039//864 5036//865
f 5025//866 5024//866 5022//866
f 5100//867 5101//868 5098//869
f 4689//681 4688//681 4686//681
f 5262//601 5260//601 5261//601
f 4759//822 4760//823 4757//824
f 4469//622 4470//825 4468//620
f 4750//627 4748//627 4749//627
f 4927//745 4928//827 4925//747
f 5585//870 5583//758 5584//871
f 4753//706 4754//707 4756//708
f 4486//607 4485//607 4483//607
f 4887//706 4888//707 4890//708
f 4731//819 4729//820 4730//872
f 4659//607 4658//607 4656//607
f 4885//619 4886//853 4883//663
f 5155//605 5154//605 5152//605
f 5021//873 5020//873 5018//873
f 5338//600 5336//600 5337//600
f 4925//747 4926//834 4927//745
f 4803//785 4801//874 4802//875
f 4515//620 4514//876 4516//847
f 5581//842 5579//843 5580//844
f 4198//607 4197//607 4195//607
f 5357//877 5358//827 5355//747
f 4862//681 4861//681 4859//681
f 5355//747 5356//878 5357//877
f 5532//601 5530//601 5531//601
f 4778//601 4776//601 4777//601
f 5536//681 5534//681 5535//681
f 5319//671 5320//879 5317//695
f 4931//693 4932//835 4929//736
f 4370//600 4368//600 4369//600
f 5083//601 5081//601 5082//601
f 5125//627 5123//627 5124//627
f 5562//605 5560//605 5561//605
f 4949//880 4950//752 4948//751
f 4342//619 4343//853 4340//663
f 5543//709 5544//710 5541//711
f 5359//736 5360//692 5361//693
f 5064//881 5065//833 5063//832
f 5121//607 5120//607 5118//607
f 4007//882 4006//882 4008//882
f 5191//883 5193//884 5194//885
f 5272//800 5274//886 5273//798
f 4922//607 4921//607 4919//607
f 4943//709 4944//710 4941//711
f 5163//680 5162//680 5160//680
f 4111//887 4113//888 4112//889
f 5148//723 5150//722 5151//890
f 5178//602 5176//602 5177//602
f 4280//623 4279//623 4277//623
f 5029//612 5028//612 5026//612
f 4982//891 4984//892 4983//893
f 4448//894 4446//894 4447//894
f 5057//600 5055//600 5056//600
f 5306//680 5304//680 5305//680
f 5184//809 5183//895 5185//807
f 4080//896 4077//897 4079//898
f 4213//899 4214//616 4211//610
f 5276//900 5278//901 5277//902
f 5117//605 5115//605 5116//605
f 5069//607 5067//607 5068//607
f 5075//903 5074//903 5072//903
f 5198//607 5197//607 5195//607
f 4509//646 4510//609 4508//676
f 5294//600 5292//600 5293//600
f 4603//620 4602//876 4604//847
f 5104//608 5105//616 5102//610
f 5015//904 5013//904 5014//904
f 5229//905 5230//906 5227//907
f 4494//894 4492//894 4493//894
f 5034//908 5035//909 5032//910
f 5138//642 5139//643 5136//644
f 5214//601 5212//601 5213//601
f 4966//911 4964//911 4965//911
f 4349//628 4348//629 4350//630
f 5159//912 5158//912 5156//912
f 4497//709 4498//710 4495//711
f 3955//675 3956//675 3802//675
f 4455//785 4453//792 4454//793
f 4463//646 4464//647 4462//610
f 4379//913 4380//914 4377//915
f 5315//785 5313//792 5314//793
f 5265//619 5266//853 5263//654
f 5193//884 5191//883 5192//916
f 4513//917 4511//917 4512//917
f 4977//642 4978//616 4975//644
f 5277//902 5275//918 5276//900
f 5173//919 5175//920 5174//921
f 5547//922 5545//792 5546//787
f 5457//923 5455//924 5456//925
f 5007//600 5006//600 5004//600
f 5250//607 5249//607 5247//607
f 4544//926 4545//927 4542//928
f 5225//929 5226//930 5223//931
f 4096//601 4094//601 4095//601
f 3954//675 3792//675 3797//675
f 4076//604 4075//604 4073//604
f 4299//819 4297//820 4298//872
f 5285//923 5283//932 5284//925
f 5251//933 5252//933 5253//933
f 5263//654 5264//655 5265//619
f 5329//622 5330//825 5328//620
f 5174//921 5172//934 5173//919
f 5188//935 5190//936 5189//937
f 5504//656 5506//657 5505//658
f 5495//671 5496//879 5493//695
f 5413//938 5411//932 5412//925
f 5441//619 5442//810 5439//654
f 4757//824 4758//849 4759//822
f 3427//603 3435//603 3436//603
f 5323//899 5324//616 5321//610
f 4335//623 4334//623 4332//623
f 4992//939 4990//939 4993//939
f 5353//709 5354//710 5351//711
f 5524//680 5522//680 5523//680
f 4594//671 4595//940 4592//669
f 5418//681 5417//681 5415//681
f 5438//601 5436//601 5437//601
f 4542//928 4543//941 4544//926
f 5597//642 5598//643 5595//644
f 4417//942 4418//735 4419//734
f 5365//608 5366//616 5363//610
f 4234//600 4233//600 4231//600
f 5430//627 5429//627 5427//627
f 5270//943 5269//699 5268//698
f 5453//642 5454//944 5451//644
f 5439//654 5440//655 5441//619
f 5079//612 5077//612 5078//612
f 5219//654 5220//655 5221//619
f 4552//684 4553//794 4554//682
f 5482//680 5480//680 5481//680
f 4501//785 4499//846 4500//793
f 4190//681 4188//600 4189//600
f 4839//747 4840//945 4841//826
f 4104//607 4103//607 4101//607
f 4209//671 4210//879 4207//695
f 4085//946 4086//638 4087//637
f 5374//681 5373//681 5371//681
f 4604//847 4605//848 4603//620
f 5240//600 5239//600 5237//600
f 5606//605 5605//605 5603//605
f 4344//706 4345//707 4347//708
f 5618//612 5617//612 5615//612
f 5171//601 5169//601 5170//601
f 3986//599 3983//599 3984//599
f 4567//600 4564//600 4565//600
f 5290//601 5287//601 5288//601
f 4166//676 4165//947 4167//646
f 4009//948 4012//948 4011//948
f 4182//601 4179//601 4180//601
f 3332//603 3582//603 3433//603
f 5298//604 5295//604 5296//604
f 3978//601 3976//601 3977//601
f 5286//949 5285//923 5284//925
f 4559//950 4558//789 4557//791
f 4153//711 4154//951 4155//709
f 4996//952 4994//953 4995//954
f 4010//955 4013//955 4014//955
f 4636//644 4637//956 4638//642
f 4655//605 4653//605 4654//605
f 5316//957 5315//785 5314//793
f 5334//601 5331//601 5332//601
f 5470//606 5467//606 5468//606
f 3363//603 3356//603 3349//603
f 3363//603 3349//603 3365//603
f 3349//603 3366//603 3365//603
f 3364//603 3363//603 3365//603
f 3358//603 3506//603 3374//603
f 3506//603 3364//603 3374//603
f 3365//603 3374//603 3364//603
f 3368//603 3365//603 3366//603
f 3368//603 3366//603 3375//603
f 3387//603 3368//603 3382//603
f 3368//603 3375//603 3382//603
f 3494//603 3387//603 3382//603
f 3375//603 3526//603 3382//603
f 3526//603 3500//603 3382//603
f 5478//607 5476//607 5477//607
f 5462//601 5459//601 5460//601
f 3287//603 3532//603 3449//603
f 3283//603 3288//603 3411//603
f 3409//603 3283//603 3411//603
f 3411//603 3410//603 3409//603
f 3287//603 3449//603 3328//603
f 3287//603 3328//603 3429//603
f 3287//603 3429//603 3329//603
f 3411//603 3288//603 3430//603
f 3328//603 3428//603 3429//603
f 3411//603 3430//603 3439//603
f 3287//603 3329//603 3288//603
f 3439//603 3430//603 3299//603
f 3329//603 3450//603 3288//603
f 3511//603 3299//603 3430//603
f 3288//603 3450//603 3430//603
f 3512//603 3513//603 3511//603
f 3512//603 3511//603 3402//603
f 3450//603 3436//603 3437//603
f 3408//603 3512//603 3402//603
f 3450//603 3437//603 3430//603
f 3514//603 3549//603 3548//603
f 3514//603 3548//603 3400//603
f 3547//603 3514//603 3400//603
f 3547//603 3400//603 3303//603
f 3303//603 3408//603 3547//603
f 3589//603 3583//603 3284//603
f 3583//603 3580//603 3284//603
f 3580//603 3547//603 3284//603
f 3543//603 3589//603 3542//603
f 3511//603 3430//603 3432//603
f 3511//603 3432//603 3431//603
f 3432//603 3555//603 3431//603
f 3431//603 3555//603 3522//603
f 3434//603 3426//603 3521//603
f 3521//603 3426//603 3522//603
f 3426//603 3509//603 3522//603
f 3522//603 3509//603 3421//603
f 3555//603 3521//603 3522//603
f 3284//603 3542//603 3589//603
f 3547//603 3408//603 3401//603
f 3346//603 3343//603 3546//603
f 3343//603 3539//603 3546//603
f 3346//603 3546//603 3547//603
f 3401//603 3346//603 3547//603
f 3546//603 3284//603 3547//603
f 3419//603 3401//603 3408//603
f 3302//603 3419//603 3408//603
f 3302//603 3408//603 3420//603
f 3509//603 3441//603 3535//603
f 3408//603 3402//603 3420//603
f 3509//603 3535//603 3421//603
f 3424//603 3421//603 3425//603
f 3425//603 3421//603 3535//603
f 3420//603 3424//603 3525//603
f 3420//603 3525//603 3302//603
f 3431//603 3402//603 3511//603
f 4596//610 4597//956 4598//608
f 5350//612 5347//612 5348//612
f 5402//708 5400//707 5401//958
f 5258//612 5256//612 5257//612
f 4366//601 4363//601 4364//601
f 4960//613 4958//613 4959//613
f 4495//711 4496//951 4497//709
f 4018//959 4017//959 4019//959
f 4671//601 4668//601 4669//601
f 4651//600 4649//600 4650//600
f 4176//615 4174//615 4175//615
f 4822//612 4819//612 4820//612
f 5566//607 5564//607 5565//607
f 4705//623 4703//623 4704//623
f 3453//603 3604//603 3462//603
f 4709//601 4706//601 4707//601
f 4908//612 4905//612 4906//612
f 5631//644 5632//956 5633//608
f 3602//603 3607//603 3465//603
f 3465//603 3607//603 3571//603
f 3607//603 3594//603 3573//603
f 3571//603 3607//603 3573//603
f 3573//603 3594//603 3595//603
f 3608//603 3319//603 3460//603
f 3608//603 3460//603 3609//603
f 3608//603 3609//603 3458//603
f 3459//603 3608//603 3458//603
f 3459//603 3458//603 3285//603
f 3458//603 3606//603 3285//603
f 3599//603 3597//603 3290//603
f 3290//603 3597//603 3461//603
f 3597//603 3598//603 3461//603
f 3594//603 3461//603 3598//603
f 3570//603 3321//603 3322//603
f 3322//603 3605//603 3570//603
f 3604//603 3605//603 3463//603
f 3463//603 3605//603 3322//603
f 3321//603 3459//603 3320//603
f 3463//603 3462//603 3604//603
f 3322//603 3321//603 3320//603
f 3459//603 3457//603 3320//603
f 3459//603 3285//603 3457//603
f 3462//603 3323//603 3453//603
f 3453//603 3323//603 3502//603
f 3438//603 3446//603 3559//603
f 3446//603 3507//603 3559//603
f 3598//603 3438//603 3559//603
f 3615//603 3626//603 3619//603
f 3619//603 3626//603 3339//603
f 3626//603 3581//603 3339//603
f 3339//603 3581//603 3507//603
f 3507//603 3581//603 3545//603
f 3507//603 3545//603 3508//603
f 3318//603 3473//603 3477//603
f 3600//603 3318//603 3477//603
f 3476//603 3600//603 3475//603
f 3600//603 3477//603 3475//603
f 3586//603 3620//603 3588//603
f 3588//603 3620//603 3565//603
f 3620//603 3544//603 3565//603
f 3565//603 3544//603 3545//603
f 3545//603 3544//603 3579//603
f 3508//603 3545//603 3579//603
f 3594//603 3598//603 3559//603
f 3544//603 3543//603 3542//603
f 3544//603 3542//603 3300//603
f 3544//603 3300//603 3301//603
f 3300//603 3537//603 3301//603
f 3301//603 3537//603 3538//603
f 3479//603 3476//603 3296//603
f 3474//603 3479//603 3296//603
f 3292//603 3474//603 3296//603
f 3293//603 3474//603 3292//603
f 3539//603 3343//603 3342//603
f 3537//603 3539//603 3342//603
f 3343//603 3510//603 3342//603
f 3481//603 3480//603 3528//603
f 3528//603 3480//603 3452//603
f 3480//603 3293//603 3452//603
f 3451//603 3528//603 3452//603
f 3310//603 3451//603 3529//603
f 3510//603 3525//603 3425//603
f 3525//603 3424//603 3425//603
f 3510//603 3425//603 3524//603
f 3510//603 3524//603 3523//603
f 3524//603 3332//603 3523//603
f 3523//603 3332//603 3440//603
f 3306//603 3310//603 3317//603
f 3307//603 3306//603 3317//603
f 3317//603 3310//603 3336//603
f 3336//603 3310//603 3529//603
f 3340//603 3564//603 3341//603
f 3341//603 3564//603 3562//603
f 3562//603 3564//603 3587//603
f 3564//603 3309//603 3587//603
f 3562//603 3587//603 3624//603
f 3590//603 3624//603 3552//603
f 3623//603 3590//603 3552//603
f 3551//603 3552//603 3624//603
f 3551//603 3624//603 3584//603
f 3587//603 3584//603 3624//603
f 3587//603 3309//603 3358//603
f 3358//603 3309//603 3308//603
f 3309//603 3335//603 3308//603
f 3332//603 3433//603 3440//603
f 3433//603 3577//603 3440//603
f 3440//603 3577//603 3578//603
f 3335//603 3317//603 3336//603
f 3308//603 3335//603 3336//603
f 3520//603 3575//603 3574//603
f 3520//603 3574//603 3519//603
f 3519//603 3574//603 3518//603
f 3520//603 3519//603 3531//603
f 3560//603 3520//603 3531//603
f 3518//603 3325//603 3519//603
f 3506//603 3358//603 3357//603
f 3359//603 3506//603 3357//603
f 3577//603 3560//603 3531//603
f 3577//603 3531//603 3530//603
f 3577//603 3530//603 3578//603
f 3356//603 3359//603 3360//603
f 3349//603 3356//603 3362//603
f 3356//603 3361//603 3362//603
f 3360//603 3361//603 3356//603
f 3357//603 3360//603 3359//603
f 3304//603 3563//603 3530//603
f 3563//603 3578//603 3530//603
f 3308//603 3357//603 3358//603
f 3337//603 3500//603 3526//603
f 3526//603 3529//603 3337//603
f 3337//603 3529//603 3451//603
f 3523//603 3342//603 3510//603
f 3537//603 3342//603 3330//603
f 3537//603 3330//603 3538//603
f 3452//603 3337//603 3451//603
f 3452//603 3293//603 3354//603
f 3330//603 3563//603 3538//603
f 3563//603 3331//603 3538//603
f 3482//603 3354//603 3293//603
f 3292//603 3482//603 3293//603
f 3485//603 3487//603 3371//603
f 3487//603 3355//603 3371//603
f 3370//603 3485//603 3371//603
f 3316//603 3370//603 3371//603
f 3295//603 3370//603 3316//603
f 3475//603 3295//603 3296//603
f 3295//603 3316//603 3296//603
f 3475//603 3296//603 3476//603
f 3477//603 3473//603 3478//603
f 3478//603 3473//603 3469//603
f 3473//603 3453//603 3502//603
f 3469//603 3473//603 3502//603
f 3601//603 3469//603 3502//603
f 3601//603 3502//603 3501//603
f 3610//603 3501//603 3502//603
f 3484//603 3501//603 3610//603
f 3611//603 3484//603 3610//603
f 3611//603 3610//603 3483//603
f 3468//603 3502//603 3323//603
f 3468//603 3323//603 3454//603
f 3455//603 3454//603 3323//603
f 3455//603 3323//603 3286//603
f 3286//603 3281//603 3455//603
f 3287//603 3285//603 3568//603
f 3287//603 3574//603 3575//603
f 3532//603 3287//603 3533//603
f 3574//603 3287//603 3568//603
f 3533//603 3287//603 3575//603
f 3285//603 3286//603 3457//603
f 3447//603 3532//603 3533//603
f 3286//603 3323//603 3456//603
f 3441//603 3509//603 3442//603
f 3441//603 3442//603 3447//603
f 3582//603 3441//603 3447//603
f 3582//603 3447//603 3533//603
f 3286//603 3456//603 3457//603
f 3448//603 3582//603 3533//603
f 3606//603 3573//603 3285//603
f 3544//603 3301//603 3540//603
f 3544//603 3540//603 3579//603
f 3559//603 3507//603 3558//603
f 3579//603 3422//603 3541//603
f 3422//603 3423//603 3541//603
f 3579//603 3541//603 3508//603
f 3561//603 3443//603 3516//603
f 3443//603 3331//603 3304//603
f 3443//603 3304//603 3516//603
f 3576//603 3561//603 3516//603
f 3576//603 3516//603 3445//603
f 3576//603 3445//603 3325//603
f 3627//603 3576//603 3325//603
f 3627//603 3325//603 3534//603
f 3627//603 3534//603 3298//603
f 3444//603 3627//603 3298//603
f 3534//603 3324//603 3298//603
f 3444//603 3298//603 3558//603
f 3444//603 3558//603 3507//603
f 3508//603 3444//603 3507//603
f 3594//603 3559//603 3517//603
f 3594//603 3517//603 3596//603
f 3566//603 3324//603 3372//603
f 3372//603 3567//603 3566//603
f 3567//603 3557//603 3566//603
f 3566//603 3557//603 3556//603
f 3557//603 3289//603 3556//603
f 3556//603 3289//603 3517//603
f 3289//603 3596//603 3517//603
f 3594//603 3596//603 3595//603
f 3573//603 3595//603 3572//603
f 3568//603 3285//603 3569//603
f 3569//603 3285//603 3572//603
f 3573//603 3572//603 3285//603
f 4215//830 4216//960 4217//828
f 5614//627 5612//627 5613//627
f 5394//601 5391//601 5392//601
f 5474//604 5471//604 5472//604
f 5576//601 5573//601 5574//601
f 5622//601 5619//601 5620//601
f 5378//605 5376//605 5377//605
f 5602//600 5600//600 5601//600
f 4128//600 4125//600 4126//600
f 4362//961 4361//819 4360//821
f 4206//962 4205//785 4204//787
f 4732//961 4731//819 4730//872
f 4987//634 4985//963 4986//632
f 4575//607 4573//607 4574//607
f 5302//607 5300//607 5301//607
f 4746//607 4744//607 4745//607
f 3777//675 3700//675 3699//675
f 3776//675 3777//675 3694//675
f 3777//675 3699//675 3694//675
f 3694//675 3636//675 3776//675
f 3636//675 3698//675 3776//675
f 3674//675 3776//675 3698//675
f 3994//607 3991//607 3992//607
f 5512//635 5509//635 5510//635
f 5426//607 5424//607 5425//607
f 5390//623 5388//623 5389//623
f 4021//964 4022//964 4026//964
f 4701//627 4699//627 4700//627
f 4629//708 4627//707 4628//958
f 4227//815 4228//965 4229//813
f 3333//603 3352//603 3347//603
f 3333//603 3347//603 3334//603
f 3355//603 3527//603 3486//603
f 3486//603 3354//603 3482//603
f 3486//603 3482//603 3355//603
f 3489//603 3527//603 3355//603
f 3487//603 3489//603 3355//603
f 3492//603 3489//603 3487//603
f 3492//603 3487//603 3488//603
f 3492//603 3488//603 3614//603
f 3494//603 3492//603 3493//603
f 3488//603 3496//603 3614//603
f 3614//603 3493//603 3492//603
f 3614//603 3496//603 3495//603
f 3496//603 3611//603 3495//603
f 3495//603 3611//603 3483//603
f 3612//603 3495//603 3483//603
f 3613//603 3495//603 3612//603
f 3613//603 3612//603 3470//603
f 3455//603 3281//603 3470//603
f 3612//603 3455//603 3470//603
f 3282//603 3280//603 3552//603
f 3282//603 3552//603 3551//603
f 3283//603 3409//603 3403//603
f 3403//603 3409//603 3404//603
f 3393//603 3282//603 3394//603
f 3470//603 3392//603 3391//603
f 3470//603 3391//603 3613//603
f 3282//603 3393//603 3367//603
f 3394//603 3282//603 3551//603
f 3281//603 3282//603 3471//603
f 3404//603 3418//603 3403//603
f 3403//603 3418//603 3417//603
f 3418//603 3395//603 3334//603
f 3472//603 3470//603 3281//603
f 3405//603 3409//603 3410//603
f 3405//603 3410//603 3412//603
f 3405//603 3412//603 3406//603
f 3554//603 3405//603 3406//603
f 3412//603 3513//603 3406//603
f 3415//603 3554//603 3406//603
f 3406//603 3513//603 3512//603
f 3415//603 3406//603 3416//603
f 3395//603 3415//603 3333//603
f 3415//603 3416//603 3333//603
f 3416//603 3548//603 3348//603
f 3548//603 3549//603 3348//603
f 3416//603 3348//603 3333//603
f 3353//603 3348//603 3399//603
f 3399//603 3348//603 3549//603
f 3471//603 3472//603 3281//603
f 3395//603 3333//603 3334//603
f 3497//603 3471//603 3384//603
f 3418//603 3334//603 3417//603
f 3498//603 3497//603 3384//603
f 3471//603 3282//603 3384//603
f 3377//603 3384//603 3282//603
f 3283//603 3403//603 3396//603
f 3377//603 3367//603 3381//603
f 3369//603 3378//603 3379//603
f 3490//603 3369//603 3379//603
f 3388//603 3490//603 3389//603
f 3389//603 3490//603 3379//603
f 3494//603 3493//603 3388//603
f 3494//603 3388//603 3389//603
f 3387//603 3494//603 3386//603
f 3378//603 3377//603 3379//603
f 3386//603 3494//603 3385//603
f 3389//603 3385//603 3494//603
f 3283//603 3396//603 3280//603
f 3396//603 3397//603 3550//603
f 3379//603 3377//603 3381//603
f 3396//603 3550//603 3280//603
f 3397//603 3347//603 3550//603
f 3352//603 3398//603 3347//603
f 3398//603 3550//603 3347//603
f 3380//603 3386//603 3383//603
f 3386//603 3385//603 3383//603
f 3376//603 3380//603 3383//603
f 3376//603 3383//603 3381//603
f 3367//603 3376//603 3381//603
f 3367//603 3377//603 3282//603
f 3550//603 3553//603 3280//603
f 3553//603 3504//603 3280//603
f 3394//603 3374//603 3393//603
f 3374//603 3365//603 3393//603
f 3399//603 3344//603 3504//603
f 3353//603 3399//603 3504//603
f 3504//603 3344//603 3345//603
f 3344//603 3580//603 3583//603
f 3344//603 3583//603 3345//603
f 3504//603 3345//603 3505//603
f 3552//603 3280//603 3592//603
f 3504//603 3505//603 3280//603
f 3505//603 3593//603 3280//603
f 3543//603 3407//603 3589//603
f 3589//603 3407//603 3350//603
f 3407//603 3351//603 3593//603
f 3350//603 3407//603 3593//603
f 3593//603 3351//603 3592//603
f 3592//603 3351//603 3585//603
f 3586//603 3588//603 3621//603
f 3588//603 3591//603 3621//603
f 3586//603 3621//603 3622//603
f 3351//603 3586//603 3622//603
f 3619//603 3618//966 3615//603
f 3615//603 3618//966 3413//603
f 3591//603 3413//603 3617//603
f 3413//603 3618//966 3617//603
f 3591//603 3617//603 3621//603
f 3592//603 3280//603 3593//603
f 3622//603 3585//603 3351//603
f 3621//603 3617//603 3414//603
f 3438//603 3297//603 3446//603
f 3446//603 3297//603 3294//603
f 3294//603 3297//603 3305//603
f 3297//603 3291//603 3305//603
f 3291//603 3503//603 3338//603
f 3623//603 3625//603 3590//603
f 3590//603 3625//603 3515//603
f 3625//603 3621//603 3515//603
f 3290//603 3314//603 3315//603
f 3314//603 3311//603 3315//603
f 3599//603 3290//603 3315//603
f 3315//603 3311//603 3503//603
f 3311//603 3312//603 3481//603
f 3503//603 3311//603 3481//603
f 3338//603 3503//603 3481//603
f 3515//603 3621//603 3414//603
f 3602//603 3465//603 3603//603
f 3465//603 3460//603 3603//603
f 3603//603 3460//603 3464//603
f 3616//603 3414//603 3617//603
f 3341//603 3616//603 3617//603
f 3340//603 3341//603 3617//603
f 3460//603 3319//603 3464//603
f 3617//603 3294//603 3340//603
f 3600//603 3464//603 3318//603
f 3318//603 3464//603 3319//603
f 3305//603 3340//603 3294//603
f 3305//603 3291//603 3307//603
f 3306//603 3307//603 3291//603
f 3338//603 3306//603 3291//603
f 3481//603 3312//603 3313//603
f 3312//603 3466//603 3313//603
f 3480//603 3481//603 3313//603
f 3313//603 3466//603 3467//603
f 3466//603 3602//603 3603//603
f 3603//603 3467//603 3466//603
f 3660//675 3759//675 3938//675
f 3759//675 3758//675 3667//675
f 3759//675 3667//675 3938//675
f 3667//675 3666//675 3938//675
f 5434//623 5432//623 5433//623
f 5382//607 5380//607 5381//607
f 4070//645 4067//645 4068//645
f 4136//607 4134//607 4135//607
f 4294//610 4293//956 4295//608
f 4132//604 4129//604 4130//604
f 4221//658 4219//967 4220//656
f 4798//612 4795//612 4796//612
f 4292//605 4290//605 4291//605
f 4790//607 4788//607 4789//607
f 4444//627 4441//627 4442//627
f 4242//607 4240//607 4241//607
f 4826//601 4823//601 4824//601
f 4609//601 4606//601 4607//601
f 4521//601 4518//601 4519//601
f 4474//601 4471//601 4472//601
f 5486//612 5483//612 5484//612
f 4571//604 4568//604 4569//604
f 4378//968 4379//913 4377//915
f 3936//675 3937//675 3664//675
f 5505//658 5503//967 5504//656
f 4327//607 4325//607 4326//607
f 4384//668 4381//668 4382//668
f 4428//601 4425//601 4426//601
f 4272//607 4270//607 4271//607
f 4254//601 4251//601 4252//601
f 4736//601 4733//601 4734//601
f 3933//675 3806//675 3646//675
f 3933//675 3646//675 3691//675
f 3638//675 3933//675 3691//675
f 3646//675 3804//675 3691//675
f 3805//675 3691//675 3804//675
f 3638//675 3691//675 3648//675
f 3638//675 3648//675 3644//675
f 3669//675 3638//675 3644//675
f 3648//675 3972//675 3644//675
f 3644//675 3872//675 3669//675
f 3644//675 3972//675 3652//675
f 3652//675 3972//675 3647//675
f 3972//675 3970//675 3647//675
f 3647//675 3970//675 3971//675
f 3971//675 3970//675 3969//675
f 3970//675 3774//675 3969//675
f 3693//675 3969//675 3774//675
f 3906//675 3771//675 3767//675
f 3724//675 3906//675 3767//675
f 3724//675 3767//675 3683//675
f 3729//675 3724//675 3683//675
f 3771//675 3971//675 3969//675
f 3771//675 3969//675 3907//675
f 3907//675 3908//675 3770//675
f 3907//675 3770//675 3771//675
f 3770//675 3767//675 3771//675
f 3729//675 3683//675 3655//675
f 3772//675 3729//675 3769//675
f 3729//675 3655//675 3769//675
f 3655//675 3765//675 3769//675
f 3765//675 3908//675 3773//675
f 3773//675 3769//675 3765//675
f 3772//675 3769//675 3726//675
f 3865//675 3772//675 3725//675
f 3772//675 3726//675 3725//675
f 3726//675 3716//675 3725//675
f 3716//675 3717//675 3690//675
f 3717//675 3719//675 3690//675
f 3716//675 3690//675 3725//675
f 3690//675 3719//675 3723//675
f 3719//675 3718//675 3723//675
f 3719//675 3721//675 3718//675
f 3684//675 3723//675 3714//675
f 3718//675 3714//675 3723//675
f 3718//675 3721//675 3720//675
f 3715//675 3654//675 3653//675
f 3720//675 3721//675 3715//675
f 3720//675 3715//675 3653//675
f 3654//675 3901//675 3686//675
f 3653//675 3654//675 3727//675
f 3686//675 3727//675 3654//675
f 3732//675 3653//675 3727//675
f 3728//675 3732//675 3736//675
f 3732//675 3727//675 3736//675
f 3735//675 3728//675 3736//675
f 3733//675 3735//675 3736//675
f 3738//675 3733//675 3737//675
f 3733//675 3736//675 3737//675
f 3741//675 3738//675 3734//675
f 3738//675 3737//675 3734//675
f 3741//675 3734//675 3740//675
f 3734//675 3739//675 3740//675
f 3897//675 3686//675 3712//675
f 3686//675 3901//675 3712//675
f 3740//675 3739//675 3742//675
f 3742//675 3739//675 3752//675
f 3739//675 3897//675 3752//675
f 3710//675 3709//675 3707//675
f 3709//675 3708//675 3706//675
f 3708//675 3687//675 3706//675
f 3709//675 3706//675 3707//675
f 3710//675 3707//675 3711//675
f 3901//675 3710//675 3712//675
f 3710//675 3711//675 3712//675
f 3897//675 3712//675 3640//675
f 3712//675 3902//675 3640//675
f 3902//675 3713//675 3640//675
f 3640//675 3633//675 3897//675
f 3897//675 3633//675 3898//675
f 3898//675 3752//675 3897//675
f 3742//675 3752//675 3747//675
f 3753//675 3742//675 3747//675
f 4160//969 4159//785 4158//793
f 4323//605 4321//605 4322//605
f 4697//607 4695//607 4696//607
f 4238//605 4236//605 4237//605
f 4115//970 4117//624 4116//626
f 4882//601 4879//601 4880//601
f 4276//627 4274//627 4275//627
f 4866//605 4864//605 4865//605
f 3761//675 3935//675 3872//675
f 3761//675 3872//675 3643//675
f 4874//627 4872//627 4873//627
f 4956//612 4954//612 4955//612
f 4794//680 4791//680 4792//680
f 4284//601 4281//601 4282//601
f 3840//675 3822//675 3860//675
f 3860//675 3822//675 3855//675
f 3855//675 3822//675 3823//675
f 3822//675 3944//675 3823//675
f 3823//675 3944//675 3930//675
f 3930//675 3944//675 3929//675
f 3944//675 3642//675 3929//675
f 3929//675 3642//675 3945//675
f 3642//675 3817//675 3945//675
f 3945//675 3817//675 3946//675
f 3946//675 3817//675 3818//675
f 3852//675 3946//675 3942//675
f 3942//675 3946//675 3668//675
f 3943//675 3668//675 3946//675
f 3871//675 3943//675 3946//675
f 3891//675 3840//675 3839//675
f 3891//675 3839//675 3886//675
f 3891//675 3886//675 3885//675
f 3818//675 3891//675 3885//675
f 3886//675 3927//675 3885//675
f 3818//675 3885//675 3868//675
f 3946//675 3818//675 3871//675
f 3871//675 3818//675 3870//675
f 3951//675 3867//675 3847//675
f 3847//675 3867//675 3868//675
f 3868//675 3867//675 3833//675
f 3868//675 3833//675 3921//675
f 3870//675 3818//675 3873//675
f 3818//675 3868//675 3873//675
f 3921//675 3873//675 3868//675
f 3845//675 3921//675 3833//675
f 3819//675 3845//675 3833//675
f 3819//675 3833//675 3820//675
f 3833//675 3810//675 3820//675
f 3815//675 3819//675 3820//675
f 3820//675 3810//675 3811//675
f 3811//675 3810//675 3637//675
f 3670//675 3811//675 3637//675
f 3637//675 3962//675 3670//675
f 3962//675 3671//675 3670//675
f 3641//675 3670//675 3671//675
f 3671//675 3806//675 3641//675
f 4878//623 4876//623 4877//623
f 4786//604 4783//604 4784//604
f 4970//681 4968//681 4969//681
f 5111//601 5108//601 5109//601
f 5548//962 5547//922 5546//787
f 5590//708 5588//707 5589//958
f 4264//610 4263//971 4265//608
f 5553//714 5554//972 5555//712
f 4432//600 4429//600 4430//600
f 4502//962 4501//785 4500//793
f 4830//600 4827//600 4828//600
f 5549//690 5550//973 5551//688
f 4331//627 4329//627 4330//627
f 4339//601 4336//601 4337//601
f 4148//601 4145//601 4146//601
f 4531//607 4529//607 4530//607
f 4202//627 4199//627 4200//627
f 4974//694 4972//694 4973//694
f 4376//607 4374//607 4375//607
f 4756//708 4754//707 4755//958
f 4591//962 4590//785 4589//793
f 4912//601 4909//601 4910//601
f 5011//605 5009//605 5010//604
f 5003//601 5000//601 5001//601
f 4004//974 4007//974 4008//974
f 3304//603 3331//603 3563//603
f 4583//612 4580//612 4581//612
f 5094//690 5095//973 5096//688
f 4002//645 4000//645 4001//645
f 4440//607 4438//607 4439//607
f 3423//603 3422//603 3561//603
f 3422//603 3443//603 3561//603
f 4836//607 4834//607 4835//607
f 4412//645 4409//645 4410//645
f 5210//703 5208//703 5209//703
f 3835//675 3926//675 3834//675
f 4681//610 4680//956 4682//608
f 5202//627 5200//627 5201//627
f 5310//612 5307//612 5308//612
f 4933//610 4934//956 4935//608
f 5344//607 5342//607 5343//607
f 5466//975 5463//976 5465//977
f 4584//711 4585//951 4586//709
f 4810//610 4809//971 4811//646
f 5610//607 5608//607 5609//607
f 3953//675 3952//675 3701//675
f 3953//675 3701//675 3876//675
f 3830//675 3953//675 3876//675
f 3952//675 3796//675 3701//675
f 3796//675 3791//675 3701//675
f 3701//675 3791//675 3807//675
f 4619//607 4617//607 4618//607
f 5464//978 5465//977 5463//976
f 5502//852 5499//851 5501//979
f 4983//893 4981//980 4982//891
f 4098//981 4100//673 4097//672
f 4563//601 4560//601 4561//601
f 4246//627 4244//627 4245//627
f 4693//605 4691//605 4692//605
f 3988//861 3987//860 3990//982
f 4041//983 4038//983 4040//983
f 4003//984 4006//984 4005//984
f 4111//887 4114//985 4113//888
f 4916//600 4913//600 4914//600
f 5582//986 5581//842 5580//844
f 4436//604 4433//604 4434//604
f 4186//987 4185//988 4183//989
f 4038//990 4039//990 4037//990
f 4019//991 4016//991 4020//991
f 4870//607 4868//607 4869//607
f 4194//604 4191//604 4192//604
f 4023//992 4025//992 4024//992
f 4031//993 4028//994 4032//995
f 4037//996 4040//996 4038//996
f 4140//680 4137//680 4138//680
f 4152//997 4150//854 4151//856
f 4029//998 4031//998 4030//998
f 4039//999 4041//999 4042//999
f 4017//1000 4018//1000 4015//1000
f 5528//612 5525//612 5526//612
f 4782//600 4779//600 4780//600
f 4764//610 4763//956 4765//608
f 4092//612 4089//612 4090//612
f 4950//727 4949//1001 4951//725
f 5595//644 5596//956 5597//642
f 4059//1002 4056//1002 4060//1002
f 4045//1003 4047//1003 4043//1003
f 4416//764 4414//1004 4413//765
f 4063//1003 4065//1003 4061//1003
f 4012//1005 4014//1005 4013//1005
f 4449//711 4450//951 4451//709
f 5061//788 5058//788 5059//788
f 5098//869 5099//1006 5100//867
f 5167//612 5165//612 5166//612
f 4643//986 4642//842 4641//844
f 5131//708 5129//707 5130//958
f 5570//627 5567//627 5568//627
f 4623//627 4620//627 4621//627
f 4121//711 4122//951 4123//709
f 4579//680 4576//680 4577//680
f 4183//989 4184//1007 4186//987
f 4535//627 4532//627 4533//627
f 4288//681 4286//681 4287//681
f 4144//612 4141//612 4142//612
f 5223//931 5224//1008 5225//929
f 4406//811 4404//811 4405//811
f 3324//603 3534//603 3373//603
f 3372//603 3324//603 3568//603
f 3568//603 3569//603 3372//603
f 3373//603 3568//603 3324//603
f 4211//610 4212//1009 4213//899
f 5386//627 5384//627 5385//627
f 3874//675 3828//675 3877//675
f 5422//605 5420//605 5421//605
f 4389//1010 4387//1011 4388//1012
f 5246//816 5243//1013 5244//817
f 4667//612 4665//612 4666//612
f 4250//612 4248//612 4249//612
f 5520//607 5518//607 5519//607
f 4904//986 4903//857 4902//859
f 4717//708 4715//707 4716//958
f 4319//681 4317//681 4318//681
f 4527//605 4524//605 4525//605
f 4549//610 4548//956 4550//608
f 4356//610 4355//956 4357//608
f 4478//600 4475//600 4476//600
f 4848//676 4847//947 4849//646
f 4396//676 4395//947 4397//646
f 4462//610 4461//971 4463//646
f 5136//644 5137//956 5138//642
f 5218//1014 5215//1015 5217//1016
f 4424//1017 4422//1018 4421//1019
f 4081//648 4083//1020 4084//649
f 4030//1021 4027//1021 4029//1021
f 5321//610 5322//1009 5323//899
f 4992//1022 4991//1022 4990//1022
f 4506//1023 4505//659 4504//661
f 4354//1024 4352//1024 4353//1024
f 4388//1012 4390//1025 4389//1010
f 4164//1023 4163//659 4162//661
f 4490//627 4487//627 4488//627
f 5516//1026 5514//1027 5515//1028
f 4774//1029 4773//754 4772//756
f 4482//604 4479//604 4480//604
f 4663//627 4661//627 4662//627
f 4615//605 4612//605 4613//605
f 4742//605 4739//605 4740//605
f 5025//866 5023//866 5024//866
f 4027//1030 4032//995 4028//994
f 4689//681 4687//681 4688//681
f 5262//601 5259//601 5260//601
f 4726//610 4725//956 4727//608
f 4750//627 4747//627 4748//627
f 3783//675 3782//675 3679//675
f 3680//675 3679//675 3782//675
f 4486//607 4484//607 4485//607
f 5586//1031 5585//870 5584//871
f 4659//607 4657//607 4658//607
f 5155//605 5153//604 5154//605
f 5021//873 5019//873 5020//873
f 5338//600 5335//600 5336//600
f 5243//806 5242//805 5244//1032
f 4198//607 4196//607 4197//607
f 4862//681 4860//681 4861//681
f 5492//962 5491//785 5490//787
f 5532//601 5529//601 5530//601
f 4778//601 4775//601 4776//601
f 5536//681 5533//681 5534//681
f 4370//600 4367//600 4368//600
f 5083//601 5080//601 5081//601
f 5125//627 5122//627 5123//627
f 4898//610 4897//956 4899//608
f 5562//605 5559//605 5560//605
f 5121//607 5119//607 5120//607
f 4040//1033 4042//1033 4041//1033
f 3825//675 3875//675 3922//675
f 4922//607 4920//607 4921//607
f 4975//644 4976//956 4977//642
f 5163//680 5161//680 5162//680
f 5227//907 5228//1034 5229//905
f 4421//1019 4423//1035 4424//1017
f 4300//961 4299//819 4298//872
f 5043//610 5042//971 5044//608
f 4280//623 4278//623 4279//623
f 5029//612 5027//612 5028//612
f 5032//910 5033//1036 5034//908
f 4448//894 4445//894 4446//894
f 5189//937 5187//1037 5188//935
f 5057//600 5054//600 5055//600
f 5036//865 5037//1038 5038//863
f 5306//680 5303//680 5304//680
f 5147//1029 5146//757 5145//756
f 5117//605 5114//605 5115//605
f 5069//607 5066//607 5067//607
f 5075//903 5073//903 5074//903
f 5198//607 5196//607 5197//607
f 4456//1039 4455//785 4454//793
f 5090//702 5091//1040 5092//700
f 5294//600 5291//600 5292//600
f 4460//1041 4459//685 4458//687
f 5102//610 5103//956 5104//608
f 5015//904 5012//904 5013//904
f 4223//653 4224//1042 4225//651
f 4494//894 4491//894 4492//894
f 4042//1043 4037//1043 4039//1043
f 3497//603 3498//603 3390//603
f 3498//603 3499//603 3390//603
f 3499//603 3491//603 3390//603
f 3491//603 3391//603 3392//603
f 3390//603 3491//603 3392//603
f 5214//601 5211//601 5212//601
f 4966//911 4963//911 4964//911
f 5159//912 5157//912 5158//912
f 4347//708 4345//707 4346//958
f 3955//675 3961//675 3956//675
f 4995//954 4997//1044 4996//952
f 4315//1024 4313//1024 4314//1024
f 4508//676 4507//947 4509//646
f 5253//1045 5252//1045 5254//1045
f 5007//600 5005//600 5006//600
f 5250//607 5248//607 5249//607
f 4026//1046 4024//1046 4025//1046
f 5086//641 5087//1047 5088//639
f 5407//644 5408//956 5409//642
f 4096//601 4093//601 4094//601
f 3879//675 3832//675 3911//675
f 3911//675 3836//675 3879//675
f 5216//1048 5217//1016 5215//1015
f 4890//708 4888//707 4889//958
f 3892//675 3893//675 3888//675
f 3887//675 3892//675 3888//675
f 3888//675 3889//675 3887//675
f 3841//675 3887//675 3889//675
f 3841//675 3889//675 3894//675
f 3858//675 3841//675 3894//675
f 3894//675 3889//675 3842//675
f 3858//675 3894//675 3859//675
f 3842//675 3839//675 3894//675
f 3890//675 3858//675 3856//675
f 3839//675 3840//675 3860//675
f 3837//675 3893//675 3892//675
f 3837//675 3892//675 3632//675
f 3911//675 3842//675 3913//675
f 3911//675 3913//675 3912//675
f 3836//675 3911//675 3912//675
f 3836//675 3912//675 3837//675
f 3882//675 3836//675 3837//675
f 3837//675 3632//675 3882//675
f 3892//675 3896//675 3632//675
f 3832//675 3879//675 3831//675
f 3838//675 3832//675 3831//675
f 3927//675 3832//675 3838//675
f 3927//675 3838//675 3846//675
f 3831//675 3883//675 3838//675
f 3883//675 3880//675 3838//675
f 3885//675 3927//675 3884//675
f 3884//675 3927//675 3846//675
f 3847//675 3813//675 3951//675
f 3951//675 3813//675 3814//675
f 3813//675 3809//675 3814//675
f 3814//675 3809//675 3948//675
f 3788//675 3948//675 3809//675
f 3788//675 3809//675 3950//675
f 3809//675 3920//675 3950//675
f 3860//675 3894//675 3839//675
f 3858//675 3859//675 3928//675
f 3858//675 3928//675 3856//675
f 3857//675 3890//675 3856//675
f 3857//675 3856//675 3631//675
f 3631//675 3632//675 3857//675
f 3856//675 3895//675 3631//675
f 3810//675 3949//675 3637//675
f 3637//675 3949//675 3790//675
f 3790//675 3949//675 3789//675
f 3791//675 3789//675 3788//675
f 3949//675 3788//675 3789//675
f 3791//675 3788//675 3807//675
f 3947//675 3807//675 3788//675
f 3950//675 3947//675 3788//675
f 3812//675 3950//675 3920//675
f 3812//675 3920//675 3808//675
f 3665//675 3823//675 3930//675
f 3665//675 3930//675 3631//675
f 3852//675 3942//675 3851//675
f 3942//675 3854//675 3851//675
f 3851//675 3854//675 3853//675
f 3940//675 3851//675 3853//675
f 3848//675 3668//675 3943//675
f 3848//675 3943//675 3816//675
f 3848//675 3816//675 3815//675
f 3934//675 3848//675 3815//675
f 3816//675 3819//675 3815//675
f 3934//675 3815//675 3931//675
f 3934//675 3931//675 3645//675
f 3849//675 3934//675 3645//675
f 3645//675 3931//675 3641//675
f 3806//675 3933//675 3932//675
f 3641//675 3806//675 3932//675
f 3641//675 3932//675 3645//675
f 3849//675 3645//675 3850//675
f 3849//675 3850//675 3869//675
f 3941//675 3849//675 3869//675
f 3850//675 3669//675 3869//675
f 3669//675 3872//675 3935//675
f 3935//675 3869//675 3669//675
f 3854//675 3941//675 3853//675
f 3941//675 3869//675 3853//675
f 3940//675 3853//675 3939//675
f 3657//675 3758//675 3656//675
f 3758//675 3759//675 3656//675
f 3657//675 3656//675 3749//675
f 3760//675 3657//675 3749//675
f 3920//675 3884//675 3808//675
f 3843//675 3812//675 3808//675
f 3821//675 3830//675 3876//675
f 3821//675 3876//675 3843//675
f 3821//675 3843//675 3925//675
f 3675//675 3651//675 3650//675
f 3650//675 3688//675 3958//675
f 3651//675 3688//675 3650//675
f 3793//675 3821//675 3925//675
f 3938//675 3661//675 3660//675
f 3661//675 3959//675 3660//675
f 3660//675 3959//675 3688//675
f 3688//675 3959//675 3958//675
f 3959//675 3973//675 3958//675
f 3958//675 3973//675 3960//675
f 3936//675 3664//675 3643//675
f 3635//675 3936//675 3634//675
f 3936//675 3643//675 3634//675
f 3664//675 3761//675 3643//675
f 3973//675 3635//675 3634//675
f 3973//675 3634//675 3974//675
f 3827//675 3826//675 3923//675
f 3922//675 3827//675 3825//675
f 3825//675 3827//675 3923//675
f 3826//675 3793//675 3923//675
f 3923//675 3793//675 3844//675
f 3923//675 3844//675 3794//675
f 3844//675 3793//675 3924//675
f 3973//675 3974//675 3960//675
f 3793//675 3925//675 3824//675
f 3974//675 3652//675 3647//675
f 3974//675 3647//675 3960//675
f 3877//675 3794//675 3844//675
f 3844//675 3878//675 3877//675
f 3675//675 3650//675 3906//675
f 3905//675 3675//675 3906//675
f 3905//675 3906//675 3724//675
f 3724//675 3957//675 3766//675
f 3957//675 3749//675 3766//675
f 3766//675 3905//675 3724//675
f 3766//675 3749//675 3656//675
f 3924//675 3793//675 3824//675
f 3760//675 3749//675 3746//675
f 3760//675 3746//675 3658//675
f 3663//675 3760//675 3658//675
f 3746//675 3743//675 3658//675
f 3751//675 3659//675 3865//675
f 3751//675 3865//675 3692//675
f 3659//675 3745//675 3865//675
f 3745//675 3682//675 3865//675
f 3682//675 3772//675 3865//675
f 3751//675 3692//675 3731//675
f 3743//675 3751//675 3731//675
f 3692//675 3685//675 3731//675
f 3684//675 3689//675 3685//675
f 3689//675 3731//675 3685//675
f 3685//675 3723//675 3684//675
f 3743//675 3731//675 3744//675
f 3743//675 3744//675 3750//675
f 3744//675 3741//675 3750//675
f 3750//675 3741//675 3740//675
f 3750//675 3658//675 3743//675
f 3663//675 3658//675 3662//675
f 3763//675 3663//675 3662//675
f 3763//675 3662//675 3762//675
f 3763//675 3762//675 3629//675
f 3756//675 3754//675 3755//675
f 3755//675 3754//675 3748//675
f 3748//675 3747//675 3755//675
f 3762//675 3756//675 3757//675
f 3756//675 3755//675 3757//675
f 3762//675 3757//675 3900//675
f 3762//675 3900//675 3629//675
f 3629//675 3900//675 3633//675
f 3899//675 3898//675 3633//675
f 3629//675 3631//675 3937//675
f 3937//675 3631//675 3939//675
f 3632//675 3630//675 3882//675
f 3628//675 3639//675 3910//675
f 3799//675 3639//675 3903//675
f 3639//675 3799//675 3917//675
f 3939//675 3631//675 3940//675
f 3940//675 3631//675 3930//675
f 3882//675 3630//675 3881//675
f 3639//675 3917//675 3919//675
f 3667//675 3629//675 3666//675
f 3640//675 3713//675 3703//675
f 3899//675 3633//675 3900//675
f 3640//675 3703//675 3639//675
f 3703//675 3704//675 3702//675
f 3667//675 3763//675 3629//675
f 3666//675 3629//675 3936//675
f 3936//675 3629//675 3937//675
f 3687//675 3705//675 3706//675
f 3706//675 3705//675 3704//675
f 3705//675 3702//675 3704//675
f 3639//675 3703//675 3702//675
f 3665//675 3631//675 3895//675
f 3702//675 3697//675 3639//675
f 3697//675 3782//675 3783//675
f 3783//675 3676//675 3697//675
f 3697//675 3676//675 3904//675
f 3896//675 3857//675 3632//675
f 3679//675 3680//675 3781//675
f 3781//675 3780//675 3681//675
f 3781//675 3681//675 3679//675
f 3780//675 3863//675 3722//675
f 3780//675 3722//675 3681//675
f 3863//675 3715//675 3721//675
f 3677//675 3681//675 3722//675
f 3721//675 3722//675 3863//675
f 3677//675 3722//675 3678//675
f 3678//675 3722//675 3916//675
f 3696//675 3677//675 3678//675
f 3722//675 3862//675 3916//675
f 3916//675 3862//675 3915//675
f 3862//675 3730//675 3861//675
f 3730//675 3773//675 3861//675
f 3861//675 3773//675 3866//675
f 3881//675 3630//675 3874//675
f 3773//675 3908//675 3866//675
f 3908//675 3907//675 3864//675
f 3864//675 3672//675 3764//675
f 3672//675 3673//675 3967//675
f 3693//675 3774//675 3968//675
f 3774//675 3805//675 3968//675
f 3805//675 3804//675 3965//675
f 3966//675 3693//675 3968//675
f 3804//675 3955//675 3965//675
f 3965//675 3955//675 3801//675
f 3955//675 3802//675 3801//675
f 3874//675 3630//675 3828//675
f 3880//675 3881//675 3874//675
f 3802//675 3963//675 3787//675
f 3802//675 3787//675 3801//675
f 3824//675 3834//675 3924//675
f 3834//675 3926//675 3924//675
f 3805//675 3965//675 3968//675
f 3966//675 3968//675 3649//675
f 3966//675 3649//675 3775//675
f 3673//675 3966//675 3775//675
f 3775//675 3649//675 3964//675
f 3964//675 3787//675 3910//675
f 3787//675 3963//675 3910//675
f 3910//675 3919//675 3964//675
f 3964//675 3919//675 3909//675
f 3964//675 3909//675 3775//675
f 3673//675 3775//675 3674//675
f 3967//675 3673//675 3698//675
f 3674//675 3698//675 3673//675
f 3808//675 3925//675 3843//675
f 3672//675 3967//675 3764//675
f 3864//675 3764//675 3908//675
f 3764//675 3866//675 3908//675
f 3862//675 3861//675 3768//675
f 3700//675 3777//675 3778//675
f 3700//675 3778//675 3786//675
f 3800//675 3700//675 3786//675
f 3914//675 3700//675 3800//675
f 3786//675 3784//675 3800//675
f 3800//675 3915//675 3914//675
f 3914//675 3915//675 3768//675
f 3768//675 3915//675 3862//675
f 3696//675 3678//675 3695//675
f 3676//675 3696//675 3904//675
f 3695//675 3904//675 3696//675
f 3846//675 3808//675 3884//675
f 3697//675 3904//675 3903//675
f 3697//675 3903//675 3639//675
f 3639//675 3919//675 3910//675
f 3834//675 3838//675 3880//675
f 3835//675 3834//675 3880//675
f 3800//675 3784//675 3799//675
f 3799//675 3784//675 3917//675
f 3874//675 3835//675 3880//675
f 3674//675 3785//675 3779//675
f 3776//675 3674//675 3779//675
f 3785//675 3917//675 3784//675
f 3779//675 3785//675 3784//675
f 3628//675 3910//675 3798//675
f 3828//675 3630//675 3875//675
f 3628//675 3798//675 3797//675
f 3628//675 3797//675 3952//675
f 3875//675 3630//675 3628//675
f 3922//675 3875//675 3628//675
f 3829//675 3922//675 3628//675
f 3798//675 3795//675 3797//675
f 3956//675 3961//675 3803//675
f 3961//675 3671//675 3962//675
f 3795//675 3956//675 3803//675
f 3961//675 3962//675 3803//675
f 3795//675 3803//675 3918//675
f 3953//675 3829//675 3628//675
f 3795//675 3918//675 3797//675
f 3918//675 3954//675 3797//675
f 3952//675 3953//675 3628//675
f 3954//675 3790//675 3789//675
f 3954//675 3789//675 3792//675
f 5458//949 5457//923 5456//925
f 4076//604 4074//604 4075//604
f 4537//1049 4538//677 4536//679
f 5414//949 5413//938 5412//925
f 3429//603 3428//603 3326//603
f 3428//603 3327//603 3326//603
f 3327//603 3426//603 3536//603
f 3326//603 3327//603 3536//603
f 3434//603 3435//603 3427//603
f 3434//603 3427//603 3536//603
f 3434//603 3536//603 3426//603
f 3435//603 3437//603 3436//603
f 4855//711 4856//951 4857//709
f 4335//623 4333//623 4334//623
f 4647//1029 4646//754 4645//756
f 5524//680 5521//680 5522//680
f 5418//681 5416//681 5417//681
f 5363//610 5364//956 5365//608
f 5541//711 5542//951 5543//709
f 5438//601 5435//601 5436//601
f 4804//1039 4803//785 4802//875
f 4234//600 4232//600 4233//600
f 5351//711 5352//951 5353//709
f 5430//627 5428//627 5429//627
f 5205//1050 5204//1051 5206//1052
f 5079//612 5076//612 5077//612
f 5451//644 5452//956 5453//642
f 5482//680 5479//680 5480//680
f 4190//681 4187//681 4188//600
f 4308//708 4306//707 4307//958
f 5204//1051 5205//1050 5203//1053
f 4104//607 4102//607 4103//607
f 4808//1041 4807//685 4806//687
f 5281//838 5279//1054 5280//836
f 5374//681 5372//681 5373//681
f 4941//711 4942//951 4943//709
f 4080//896 4078//1055 4077//897
f 5240//600 5238//600 5239//600
f 5606//605 5604//605 5605//605
f 5514//1027 5513//1056 5515//1028
f 5618//612 5616//612 5617//612
f 5446//708 5444//707 5445//958
f 5171//601 5168//601 5169//601
l 4105 4106
l 4522 4523
l 4610 4611
l 4624 4625
l 4737 4738
l 4751 4752
l 4831 4832
l 4837 4838
l 4917 4918
l 4923 4924
l 5339 5340
l 5345 5346
l 5370 5369
l 5571 5572
l 5577 5578
l 5030 5031
l 5041 5040
l 5312 5311
l 5367 5368
l 4072 4071
l 4120 4119
l 4170 4169
l 5070 5071
l 4980 4979
l 4177 4178
l 4466 4465
l 4601 4600
l 4679 4678
l 4814 4813
l 4854 4853
l 4940 4939
l 5630 5629
l 4675 4674
l 4676 4677
l 4800 4799
l 4851 4852
l 4895 4896
l 4937 4938
l 5487 5488
l 5625 5626
l 5627 5628
l 4262 4261
l 4371 4372
l 4402 4401
l 5112 5113
l 5126 5127
l 4257 4258
l 4259 4260
l 4399 4400
l 5180 5179
l 5052 5053
l 4172 4171
l 4946 4945
l 4540 4541
l 5558 5557
l 5623 5624
l 4999 4998
l 5498 5497
l 4546 4547
l 5538 5537
l 5017 5016
l 5135 5134
l 4761 4762
l 4255 4256
l 4634 4635
l 4385 4386
l 5182 5181
l 5540 5539
l 5594 5593
l 5232 5231
l 5406 5405
l 5635 5636
l 4408 4407
l 4672 4673
l 5107 5106
l 5132 5133
l 4962 4961
l 5591 5592
l 4267 4268
l 5448 5447
l 4684 4685
l 5326 5325
l 5450 5449
l 5085 5084
l 5508 5507
l 5404 5403
o Object.115
v 0.295276 0.000970 -0.092242
v 0.295363 0.002470 -0.092721
v 0.298831 0.000970 -0.089254
v 0.298350 0.002470 -0.089167
v 0.154169 0.000970 -0.089267
v 0.154406 0.002470 -0.089206
v 0.157746 0.002470 -0.092378
v 0.157764 0.000970 -0.092222
v 0.155478 0.000970 0.030843
v 0.155626 0.002470 0.030724
v 0.154640 0.002470 0.028596
v 0.154769 0.000970 0.028584
v 0.298350 0.000970 0.078047
v 0.298830 0.002470 0.078134
v 0.295363 0.000970 0.081601
v 0.295276 0.002470 0.081122
v -0.158224 0.000970 -0.092241
v -0.158137 0.002470 -0.092721
v -0.154669 0.000970 -0.089254
v -0.155150 0.002470 -0.089167
v -0.299173 0.000970 -0.089222
v -0.299094 0.002470 -0.089206
v -0.295754 0.002470 -0.092378
v -0.295746 0.000970 -0.092316
v -0.295738 0.000970 0.081122
v -0.295776 0.002470 0.081403
v -0.298949 0.002470 0.078063
v -0.299292 0.000970 0.078134
v -0.155102 0.002470 0.028596
v -0.155013 0.000970 0.028607
v -0.156088 0.002470 0.030724
v -0.156110 0.000970 0.030705
v -0.307053 0.000970 -0.073233
v -0.296522 0.000970 0.080975
v -0.298502 0.000970 0.079513
v -0.306231 0.000970 0.061863
v -0.307053 0.000970 -0.003233
v -0.311522 0.000970 -0.092095
v -0.307311 0.000970 -0.077951
v -0.298502 0.000970 -0.090635
v -0.296522 0.000970 -0.092095
v -0.307260 0.000970 0.066717
v -0.308710 0.000970 -0.075027
v -0.313502 0.000970 -0.090635
v -0.308832 0.000970 0.064106
v -0.313570 0.000970 0.079283
v -0.311747 0.000970 0.080933
v -0.304263 0.000970 0.066173
v -0.308710 0.000970 -0.005027
v -0.304027 0.000970 0.063328
v -0.307311 0.000970 -0.007951
v -0.304638 0.000970 -0.003588
v -0.304638 0.000970 -0.073588
v -0.303889 0.000970 -0.006741
v -0.303889 0.000970 -0.076741
v -0.298731 0.002470 -0.089160
v -0.298731 0.000970 -0.089160
v -0.298731 0.000970 0.078040
v -0.298731 0.002470 0.078040
v -0.140338 0.000970 -0.090177
v -0.155374 0.000970 0.029767
v -0.145389 0.000970 -0.076741
v -0.146023 0.000970 -0.007342
v -0.147731 0.000970 -0.008003
v -0.150210 0.000970 -0.005027
v -0.156989 0.000970 -0.092000
v -0.155338 0.000970 -0.090177
v -0.150210 0.000970 -0.075027
v -0.140374 0.000970 0.014767
v -0.148553 0.000970 -0.073233
v -0.147731 0.000970 -0.002938
v -0.149439 0.000970 -0.007342
v -0.146138 0.000970 -0.073588
v -0.147731 0.000970 -0.078003
v -0.145252 0.000970 -0.005027
v -0.149439 0.000970 -0.077342
v -0.141989 0.000970 -0.092000
v -0.155231 0.000970 0.028584
v -0.155231 0.002470 -0.089160
v -0.155231 0.002470 0.028584
v -0.155231 0.000970 -0.089160
v 0.145676 0.000970 -0.073588
v 0.145561 0.000970 -0.007342
v 0.154912 0.000970 0.029768
v 0.139912 0.000970 0.014767
v 0.154876 0.000970 -0.090177
v 0.156527 0.000970 -0.092000
v 0.141527 0.000970 -0.092000
v 0.139876 0.000970 -0.090177
v 0.144927 0.000970 -0.076741
v 0.147269 0.000970 -0.002938
v 0.144790 0.000970 -0.005027
v 0.147269 0.000970 -0.008003
v 0.148091 0.000970 -0.073233
v 0.149748 0.000970 -0.075027
v 0.148977 0.000970 -0.007342
v 0.148349 0.000970 -0.077951
v 0.149748 0.000970 -0.005027
v 0.154769 0.002470 -0.089160
v 0.154769 0.000970 -0.089160
v 0.154769 0.000970 0.028584
v 0.154769 0.002470 0.028584
v 0.313162 0.000970 -0.090177
v 0.311285 0.000970 0.080933
v 0.311511 0.000970 -0.092000
v 0.306849 0.000970 -0.007951
v 0.307212 0.000970 -0.073426
v 0.308158 0.000970 0.063928
v 0.308248 0.000970 -0.005027
v 0.304061 0.000970 -0.007342
v 0.304763 0.000970 -0.073334
v 0.298040 0.000970 0.079513
v 0.296511 0.000970 -0.092000
v 0.298162 0.000970 -0.090177
v 0.303290 0.000970 -0.075027
v 0.305560 0.000970 0.066874
v 0.296060 0.000970 0.080975
v 0.313108 0.000970 0.079283
v 0.303565 0.000970 0.063328
v 0.303290 0.000970 -0.005027
v 0.306189 0.000970 -0.078024
v 0.308193 0.000970 -0.076303
v 0.305769 0.000970 -0.002938
v 0.307151 0.000970 0.062395
v 0.305146 0.000970 0.062052
v 0.303610 0.000970 0.065770
v 0.307672 0.000970 0.066115
v 0.304061 0.000970 -0.077342
v 0.298269 0.000970 0.078040
v 0.298269 0.002470 -0.089160
v 0.298269 0.002470 0.078040
v 0.298269 0.000970 -0.089160
v 0.109608 0.000970 0.006083
v 0.115244 0.000970 -0.011753
v 0.116066 0.000970 -0.039833
v 0.109662 0.000970 -0.090177
v 0.117723 0.000970 -0.074477
v 0.123011 0.000970 -0.092000
v 0.122785 0.000970 0.007733
v 0.124662 0.000970 -0.090177
v 0.112902 0.000970 -0.010491
v 0.113651 0.000970 -0.040188
v 0.107785 0.000970 0.007733
v 0.124608 0.000970 0.006083
v 0.117723 0.000970 -0.008777
v 0.108011 0.000970 -0.092000
v 0.113651 0.000970 -0.007338
v 0.116952 0.000970 -0.011092
v 0.117723 0.000970 -0.041627
v 0.116952 0.000970 -0.043942
v 0.116066 0.000970 -0.006983
v 0.112902 0.000970 -0.043341
v 0.113651 0.000970 -0.073038
v 0.115244 0.000970 -0.044603
v 0.116066 0.000970 -0.072683
v 0.116952 0.000970 -0.076792
v 0.112902 0.000970 -0.076191
v 0.115244 0.000970 -0.077453
v 0.110331 0.000970 -0.089254
v 0.110435 0.002470 -0.089297
v 0.106776 0.000970 -0.092241
v 0.106771 0.002470 -0.092189
v 0.109769 0.000970 0.004840
v 0.109769 0.000970 -0.089160
v 0.109769 0.002470 -0.089160
v 0.109769 0.002470 0.004840
v 0.106776 0.002470 0.007921
v 0.106863 0.000970 0.008401
v 0.110330 0.002470 0.004934
v 0.109850 0.000970 0.004847
v -0.125124 0.000970 -0.090177
v -0.123473 0.000970 -0.092000
v -0.118048 0.000970 -0.076191
v -0.117414 0.000970 -0.043942
v -0.125124 0.000970 0.005856
v -0.123474 0.000970 0.007679
v -0.118048 0.000970 -0.010491
v -0.118185 0.000970 -0.041627
v -0.113998 0.000970 -0.011092
v -0.108474 0.000970 0.007679
v -0.110124 0.000970 0.005856
v -0.113227 0.000970 -0.008777
v -0.110124 0.000970 -0.090177
v -0.108473 0.000970 -0.092000
v -0.117299 0.000970 -0.073038
v -0.115706 0.000970 -0.077453
v -0.113998 0.000970 -0.076792
v -0.113998 0.000970 -0.043942
v -0.113227 0.000970 -0.074477
v -0.114884 0.000970 -0.072683
v -0.115706 0.000970 -0.044603
v -0.115706 0.000970 -0.039538
v -0.117299 0.000970 -0.007338
v -0.113227 0.000970 -0.041627
v -0.115706 0.000970 -0.011753
v -0.114884 0.000970 -0.006983
v -0.110312 0.002470 0.004847
v -0.110792 0.000970 0.004934
v -0.107325 0.002470 0.008401
v -0.107238 0.000970 0.007921
v -0.110231 0.000970 -0.089160
v -0.110231 0.000970 0.004840
v -0.110231 0.002470 0.004840
v -0.110231 0.002470 -0.089160
v -0.107238 0.002470 -0.092242
v -0.107325 0.000970 -0.092721
v -0.110793 0.002470 -0.089254
v -0.110312 0.000970 -0.089167
v -0.129051 0.002470 0.025152
v -0.325431 0.002470 -0.092860
v -0.298502 0.002470 -0.090635
v -0.314431 0.002470 -0.103860
v -0.325431 0.002470 -0.103860
v -0.317510 0.002470 0.088069
v -0.108474 0.002470 0.007679
v -0.155374 0.002470 0.029767
v -0.321826 0.002470 0.056032
v -0.321459 0.002470 0.030727
v -0.120816 0.002470 0.021564
v 0.120352 0.002470 0.021564
v 0.147269 0.002470 -0.002938
v 0.109662 0.002470 -0.090177
v -0.328731 0.002470 -0.092860
v -0.307311 0.002470 -0.007951
v 0.108011 0.002470 -0.092000
v 0.156527 0.002470 -0.092000
v 0.109608 0.002470 0.006083
v 0.128587 0.002470 0.025151
v 0.296060 0.002470 0.080975
v 0.324969 0.002470 -0.103860
v 0.324969 0.002470 -0.092860
v 0.313969 0.002470 -0.103860
v -0.108473 0.002470 -0.092000
v -0.156989 0.002470 -0.092000
v -0.110124 0.002470 -0.090177
v -0.155338 0.002470 -0.090177
v -0.296522 0.002470 -0.092095
v -0.228731 0.002470 -0.095869
v -0.200231 0.002470 0.096040
v -0.206502 0.002470 0.080896
v -0.319350 0.002470 0.084821
v -0.296522 0.002470 0.080975
v -0.298502 0.002470 0.079513
v -0.321459 0.002470 0.060096
v -0.321826 0.002470 0.085401
v 0.199769 0.002470 0.096040
v 0.296511 0.002470 -0.092000
v 0.313969 0.002470 -0.107160
v 0.184667 0.002470 -0.095843
v 0.228269 0.002470 -0.095869
v 0.298162 0.002470 -0.090177
v 0.305146 0.002470 0.062052
v 0.317712 0.002470 0.056032
v 0.328269 0.002470 0.096040
v 0.318682 0.002470 0.089733
v 0.317048 0.002470 0.088069
v 0.317712 0.002470 0.085401
v 0.206040 0.002470 0.080896
v 0.154912 0.002470 0.029768
v 0.183769 0.002470 -0.101049
v 0.227623 0.002470 -0.100906
v -0.230654 0.002470 -0.096738
v 0.154876 0.002470 -0.090177
v 0.107785 0.002470 0.007733
v -0.147731 0.002470 -0.002938
v -0.110124 0.002470 0.005856
v -0.113998 0.002470 -0.076792
v -0.118185 0.002470 -0.041627
v 0.229897 0.002470 -0.100445
v 0.226515 0.002470 -0.096600
v 0.186495 0.002470 -0.097892
v 0.186049 0.002470 -0.099951
v 0.225657 0.002470 -0.098993
v 0.182071 0.002470 -0.096736
v 0.181478 0.002470 -0.099200
v 0.230826 0.002470 -0.098320
v 0.230023 0.002470 -0.096600
v 0.305769 0.002470 -0.002938
v 0.317585 0.002470 0.026850
v 0.298040 0.002470 0.079513
v 0.320188 0.002470 0.084821
v 0.317014 0.002470 0.028892
v 0.318249 0.002470 0.060245
v 0.307151 0.002470 0.062395
v 0.307672 0.002470 0.066115
v 0.303168 0.002470 0.064106
v 0.303290 0.002470 -0.005027
v 0.319538 0.002470 0.026027
v 0.328269 0.002470 -0.092860
v 0.322062 0.002470 0.028892
v 0.308248 0.002470 -0.005027
v 0.321491 0.002470 0.026850
v 0.307212 0.002470 -0.073426
v 0.308193 0.002470 -0.076303
v 0.320997 0.002470 0.030727
v 0.320188 0.002470 0.055452
v 0.318249 0.002470 0.030876
v 0.320997 0.002470 0.060096
v 0.321704 0.002470 0.085973
v 0.322162 0.002470 0.057375
v 0.322028 0.002470 0.088069
v 0.320586 0.002470 0.089627
v 0.317014 0.002470 0.058261
v 0.308158 0.002470 0.063928
v -0.314431 0.002470 -0.107160
v -0.187025 0.002470 -0.098102
v -0.226200 0.002470 -0.098537
v -0.231245 0.002470 -0.099200
v -0.186225 0.002470 -0.100277
v -0.229377 0.002470 -0.100906
v -0.226808 0.002470 -0.096738
v -0.185129 0.002470 -0.095843
v -0.227103 0.002470 -0.100445
v -0.183564 0.002470 -0.100949
v -0.181978 0.002470 -0.098964
v -0.182370 0.002470 -0.096887
v -0.328731 0.002470 0.096040
v -0.322490 0.002470 0.088069
v -0.321048 0.002470 0.089627
v -0.307260 0.002470 0.066717
v -0.317834 0.002470 0.085973
v -0.319144 0.002470 0.089733
v -0.307053 0.002470 -0.003233
v -0.320000 0.002470 0.026027
v -0.322524 0.002470 0.058261
v -0.318711 0.002470 0.030876
v -0.319350 0.002470 0.055452
v -0.317376 0.002470 0.057375
v -0.306231 0.002470 0.061863
v -0.318711 0.002470 0.060245
v -0.304027 0.002470 0.063328
v -0.308832 0.002470 0.064106
v -0.322524 0.002470 0.028892
v -0.321953 0.002470 0.026850
v -0.308710 0.002470 -0.005027
v -0.304638 0.002470 -0.003588
v -0.318047 0.002470 0.026850
v -0.317476 0.002470 0.028892
v -0.113998 0.002470 -0.043942
v -0.145389 0.002470 -0.076741
v -0.117414 0.002470 -0.043942
v -0.148553 0.002470 -0.073233
v -0.117299 0.002470 -0.073038
v -0.146138 0.002470 -0.073588
v -0.118048 0.002470 -0.076191
v -0.150210 0.002470 -0.005027
v -0.150210 0.002470 -0.075027
v -0.115706 0.002470 -0.077453
v -0.113227 0.002470 -0.074477
v -0.115706 0.002470 -0.044603
v -0.114884 0.002470 -0.072683
v -0.147731 0.002470 -0.008003
v -0.118048 0.002470 -0.010491
v -0.145252 0.002470 -0.005027
v -0.113227 0.002470 -0.041627
v -0.113998 0.002470 -0.011092
v -0.115706 0.002470 -0.011753
v -0.115706 0.002470 -0.039538
v -0.114884 0.002470 -0.006983
v -0.117299 0.002470 -0.007338
v -0.146023 0.002470 -0.007342
v -0.113227 0.002470 -0.008777
v 0.113651 0.002470 -0.040188
v 0.112902 0.002470 -0.010491
v 0.113651 0.002470 -0.007338
v 0.147269 0.002470 -0.072938
v 0.115244 0.002470 -0.011753
v 0.116066 0.002470 -0.039833
v 0.116952 0.002470 -0.011092
v 0.147269 0.002470 -0.008003
v 0.145561 0.002470 -0.007342
v 0.117723 0.002470 -0.008777
v 0.144790 0.002470 -0.005027
v 0.116066 0.002470 -0.006983
v 0.116952 0.002470 -0.043942
v 0.115244 0.002470 -0.044603
v 0.113651 0.002470 -0.073038
v 0.112902 0.002470 -0.043341
v 0.116066 0.002470 -0.072683
v 0.112902 0.002470 -0.076191
v 0.115244 0.002470 -0.077453
v 0.117723 0.002470 -0.074477
v 0.144790 0.002470 -0.075027
v 0.116952 0.002470 -0.076792
v 0.146189 0.002470 -0.077951
v 0.304763 0.002470 -0.073334
v 0.304061 0.002470 -0.007342
v 0.304924 0.002470 0.066830
v 0.306849 0.002470 -0.007951
v 0.306189 0.002470 -0.078024
v 0.303290 0.002470 -0.075027
v 0.304061 0.002470 -0.077342
v 0.117723 0.002470 -0.041627
v 0.148977 0.002470 -0.007342
v 0.149748 0.002470 -0.075027
v 0.148977 0.002470 -0.077342
v 0.149748 0.002470 -0.005027
v -0.149439 0.002470 -0.007342
v -0.149439 0.002470 -0.077342
v -0.147731 0.002470 -0.078003
v -0.304263 0.002470 0.066173
v -0.307053 0.002470 -0.073233
v -0.303889 0.002470 -0.006741
v -0.304638 0.002470 -0.073588
v -0.303889 0.002470 -0.076741
v -0.308710 0.002470 -0.075027
v -0.307311 0.002470 -0.077951
v -0.120814 -0.000530 0.021563
v -0.140374 -0.000530 0.014767
v 0.120354 -0.000530 0.021564
v 0.128589 -0.000530 0.025152
v -0.325431 -0.000530 -0.092860
v -0.314431 -0.000530 -0.103860
v -0.325431 -0.000530 -0.103860
v -0.123474 -0.000530 0.007679
v -0.318047 -0.000530 0.026850
v 0.122785 -0.000530 0.007733
v 0.139912 -0.000530 0.014767
v 0.313969 -0.000530 -0.103860
v 0.324969 -0.000530 -0.092860
v 0.324969 -0.000530 -0.103860
v 0.311511 -0.000530 -0.092000
v 0.313162 -0.000530 -0.090177
v 0.317712 -0.000530 0.056032
v 0.186495 -0.000530 -0.097892
v 0.139876 -0.000530 -0.090177
v 0.124662 -0.000530 -0.090177
v 0.227623 -0.000530 -0.100906
v -0.187025 -0.000530 -0.098102
v -0.226808 -0.000530 -0.096738
v -0.185129 -0.000530 -0.095843
v 0.226515 -0.000530 -0.096600
v 0.184667 -0.000530 -0.095843
v 0.313969 -0.000530 -0.107160
v -0.320000 -0.000530 0.026027
v -0.125124 -0.000530 0.005856
v -0.319350 -0.000530 0.055452
v -0.321826 -0.000530 0.085401
v -0.321826 -0.000530 0.056032
v -0.321459 -0.000530 0.030727
v -0.328731 -0.000530 0.096040
v -0.322490 -0.000530 0.088069
v -0.322524 -0.000530 0.028892
v -0.328731 -0.000530 -0.092860
v -0.141989 -0.000530 -0.092000
v -0.226200 -0.000530 -0.098537
v -0.181978 -0.000530 -0.098964
v -0.230654 -0.000530 -0.096738
v 0.228269 -0.000530 -0.095869
v 0.230826 -0.000530 -0.098320
v 0.225657 -0.000530 -0.098993
v 0.186049 -0.000530 -0.099951
v 0.141527 -0.000530 -0.092000
v 0.123011 -0.000530 -0.092000
v 0.182071 -0.000530 -0.096736
v 0.181478 -0.000530 -0.099200
v 0.229897 -0.000530 -0.100445
v 0.230023 -0.000530 -0.096600
v 0.124608 -0.000530 0.006083
v 0.328269 -0.000530 -0.092860
v 0.319538 -0.000530 0.026027
v 0.206040 -0.000530 0.080896
v 0.317712 -0.000530 0.085401
v 0.311285 -0.000530 0.080933
v 0.320188 -0.000530 0.084821
v 0.317048 -0.000530 0.088069
v 0.199769 -0.000530 0.096040
v 0.318682 -0.000530 0.089733
v 0.322062 -0.000530 0.028892
v 0.328269 -0.000530 0.096040
v 0.317585 -0.000530 0.026850
v 0.317014 -0.000530 0.028892
v 0.318249 -0.000530 0.060245
v 0.317014 -0.000530 0.058261
v 0.320188 -0.000530 0.055452
v 0.321491 -0.000530 0.026850
v 0.320997 -0.000530 0.030727
v 0.313108 -0.000530 0.079283
v 0.318249 -0.000530 0.030876
v 0.321704 -0.000530 0.085973
v 0.322162 -0.000530 0.057375
v 0.322028 -0.000530 0.088069
v 0.320586 -0.000530 0.089627
v 0.320997 -0.000530 0.060096
v 0.183769 -0.000530 -0.101049
v -0.123473 -0.000530 -0.092000
v -0.314431 -0.000530 -0.107160
v -0.228731 -0.000530 -0.095869
v -0.183020 -0.000530 -0.100550
v -0.313502 -0.000530 -0.090635
v -0.231245 -0.000530 -0.099200
v -0.311522 -0.000530 -0.092095
v -0.185757 -0.000530 -0.100762
v -0.229377 -0.000530 -0.100906
v -0.227103 -0.000530 -0.100445
v -0.182370 -0.000530 -0.096887
v -0.140338 -0.000530 -0.090177
v -0.125124 -0.000530 -0.090177
v -0.318711 -0.000530 0.030876
v -0.321048 -0.000530 0.089627
v -0.313570 -0.000530 0.079283
v -0.311747 -0.000530 0.080933
v -0.319350 -0.000530 0.084821
v -0.321459 -0.000530 0.060096
v -0.318711 -0.000530 0.060245
v -0.317834 -0.000530 0.085973
v -0.317510 -0.000530 0.088069
v -0.206502 -0.000530 0.080896
v -0.200231 -0.000530 0.096040
v -0.319144 -0.000530 0.089733
v -0.322524 -0.000530 0.058261
v -0.317376 -0.000530 0.057375
v -0.317476 -0.000530 0.028892
v -0.321953 -0.000530 0.026850
v -0.129045 -0.000530 0.025148
v -0.314431 -0.000530 -0.103860
v -0.314431 -0.000530 -0.107160
v -0.314431 0.002470 -0.107160
v -0.314431 0.002470 -0.103860
v 0.295269 0.000970 0.081040
v 0.295269 0.002470 0.081040
v 0.207225 0.002470 0.081040
v 0.207225 -0.000530 0.081040
v 0.310269 -0.000530 0.081040
v 0.310269 0.000970 0.081040
v 0.205085 -0.000530 0.080184
v 0.204966 0.002470 0.080331
v 0.207213 -0.000530 0.081169
v 0.207225 0.002470 0.081040
v -0.325431 0.002470 -0.103860
v -0.325431 -0.000530 -0.103860
v -0.314431 -0.000530 -0.103860
v -0.314431 0.002470 -0.103860
v -0.325431 -0.000530 -0.092860
v -0.325431 -0.000530 -0.103860
v -0.325431 0.002470 -0.103860
v -0.325431 0.002470 -0.092860
v -0.328731 0.002470 -0.092860
v -0.328731 -0.000530 -0.092860
v -0.325431 -0.000530 -0.092860
v -0.325431 0.002470 -0.092860
v -0.328731 -0.000530 0.096040
v -0.328731 -0.000530 -0.092860
v -0.328731 0.002470 -0.092860
v -0.328731 0.002470 0.096040
v -0.200231 -0.000530 0.096040
v -0.328731 -0.000530 0.096040
v -0.328731 0.002470 0.096040
v -0.200231 0.002470 0.096040
v -0.131921 -0.000530 0.027729
v -0.200231 -0.000530 0.096040
v -0.200231 0.002470 0.096040
v -0.131921 0.002470 0.027729
v -0.116489 -0.000530 0.019860
v -0.116417 0.002470 0.020439
v -0.131974 -0.000530 0.027672
v -0.132139 0.002470 0.027492
v 0.115902 -0.000530 0.021286
v -0.116364 -0.000530 0.021286
v -0.116364 0.002470 0.021286
v 0.115902 0.002470 0.021286
v 0.131980 -0.000530 0.027142
v 0.131562 0.002470 0.027619
v 0.115918 -0.000530 0.020922
v 0.115994 0.002470 0.020092
v 0.199769 -0.000530 0.096040
v 0.131459 -0.000530 0.027729
v 0.131459 0.002470 0.027729
v 0.199769 0.002470 0.096040
v 0.328269 -0.000530 0.096040
v 0.199769 -0.000530 0.096040
v 0.199769 0.002470 0.096040
v 0.328269 0.002470 0.096040
v 0.328269 -0.000530 -0.092860
v 0.328269 -0.000530 0.096040
v 0.328269 0.002470 0.096040
v 0.328269 0.002470 -0.092860
v 0.324969 0.002470 -0.092860
v 0.324969 -0.000530 -0.092860
v 0.328269 -0.000530 -0.092860
v 0.328269 0.002470 -0.092860
v 0.324969 0.002470 -0.103860
v 0.324969 -0.000530 -0.103860
v 0.324969 -0.000530 -0.092860
v 0.324969 0.002470 -0.092860
v 0.313969 0.002470 -0.103860
v 0.313969 -0.000530 -0.103860
v 0.324969 -0.000530 -0.103860
v 0.324969 0.002470 -0.103860
v 0.313969 0.002470 -0.107160
v 0.313969 -0.000530 -0.107160
v 0.313969 -0.000530 -0.103860
v 0.313969 0.002470 -0.103860
v -0.314431 -0.000530 -0.107160
v 0.313969 -0.000530 -0.107160
v 0.313969 0.002470 -0.107160
v -0.314431 0.002470 -0.107160
v -0.156110 0.000970 0.030705
v -0.156110 0.002470 0.030705
v -0.205566 0.002470 0.080161
v -0.205566 -0.000530 0.080161
v -0.141110 -0.000530 0.015705
v -0.141110 0.000970 0.015705
v -0.207675 -0.000530 0.081169
v -0.207664 0.002470 0.081258
v -0.205547 -0.000530 0.080184
v -0.205566 0.002470 0.080161
v 0.121769 -0.000530 -0.092160
v -0.107231 0.000970 -0.092160
v 0.106769 0.000970 -0.092160
v -0.107231 0.002470 -0.092160
v 0.106769 0.002470 -0.092160
v 0.121769 0.000970 -0.092160
v -0.122231 -0.000530 -0.092160
v -0.122231 0.000970 -0.092160
v -0.125312 0.000970 0.004847
v -0.125792 -0.000530 0.004934
v -0.122325 0.000970 0.008401
v -0.122238 -0.000530 0.007921
v -0.125231 0.000970 -0.089160
v -0.125231 -0.000530 -0.089160
v -0.125231 -0.000530 0.004840
v -0.125231 0.000970 0.004840
v -0.122238 0.000970 -0.092242
v -0.122325 -0.000530 -0.092721
v -0.125793 0.000970 -0.089254
v -0.125312 -0.000530 -0.089167
v 0.121876 -0.000530 -0.092759
v 0.121863 0.000970 -0.092721
v 0.124851 0.000970 -0.089167
v 0.124831 -0.000530 -0.089165
v 0.124769 -0.000530 0.004840
v 0.124769 -0.000530 -0.089160
v 0.124769 0.000970 -0.089160
v 0.124769 0.000970 0.004840
v 0.125369 -0.000530 0.004947
v 0.121863 0.000970 0.008401
v 0.124851 0.000970 0.004847
v 0.121774 -0.000530 0.007902
v -0.107231 0.000970 0.007840
v 0.106769 0.000970 0.007840
v 0.106769 0.002470 0.007840
v -0.122231 -0.000530 0.007840
v 0.121769 -0.000530 0.007840
v 0.121769 0.000970 0.007840
v -0.107231 0.002470 0.007840
v -0.122231 0.000970 0.007840
v 0.310376 -0.000530 -0.092759
v 0.310363 0.000970 -0.092721
v 0.313350 0.000970 -0.089167
v 0.313331 -0.000530 -0.089165
v 0.313269 -0.000530 0.078040
v 0.313269 -0.000530 -0.089160
v 0.313269 0.000970 -0.089160
v 0.313269 0.000970 0.078040
v 0.313869 -0.000530 0.078147
v 0.313830 0.000970 0.078134
v 0.310276 0.000970 0.081122
v 0.310274 -0.000530 0.081102
v 0.139551 0.000970 0.013607
v 0.140478 -0.000530 0.015843
v 0.140648 0.000970 0.015705
v 0.139769 -0.000530 0.013584
v 0.139769 -0.000530 -0.089160
v 0.139769 -0.000530 0.013584
v 0.139769 0.000970 0.013584
v 0.139769 0.000970 -0.089160
v 0.139169 -0.000530 -0.089267
v 0.142675 0.000970 -0.092721
v 0.139688 0.000970 -0.089167
v 0.142764 -0.000530 -0.092222
v 0.295269 0.000970 -0.092160
v 0.157769 0.000970 -0.092160
v 0.157769 0.002470 -0.092160
v 0.310269 -0.000530 -0.092160
v 0.142769 -0.000530 -0.092160
v 0.142769 0.000970 -0.092160
v 0.295269 0.002470 -0.092160
v 0.310269 0.000970 -0.092160
v 0.140648 -0.000530 0.015705
v 0.205104 -0.000530 0.080161
v 0.155648 0.000970 0.030705
v 0.205104 0.002470 0.080161
v 0.155648 0.002470 0.030705
v 0.140648 0.000970 0.015705
v -0.143124 -0.000530 -0.092759
v -0.143137 0.000970 -0.092721
v -0.140150 0.000970 -0.089167
v -0.140169 -0.000530 -0.089165
v -0.140231 -0.000530 0.013584
v -0.140231 -0.000530 -0.089160
v -0.140231 0.000970 -0.089160
v -0.140231 0.000970 0.013584
v -0.140940 0.000970 0.015843
v -0.140013 -0.000530 0.013607
v -0.140231 0.000970 0.013584
v -0.141110 -0.000530 0.015705
v -0.310838 -0.000530 0.081640
v -0.314292 0.000970 0.078134
v -0.310738 0.000970 0.081122
v -0.313793 -0.000530 0.078045
v -0.313731 -0.000530 -0.089160
v -0.313731 -0.000530 0.078040
v -0.313731 0.000970 0.078040
v -0.313731 0.000970 -0.089160
v -0.314173 -0.000530 -0.089222
v -0.310825 0.000970 -0.092721
v -0.313813 0.000970 -0.089167
v -0.310746 -0.000530 -0.092316
v -0.158231 0.000970 -0.092160
v -0.295731 0.000970 -0.092160
v -0.295731 0.002470 -0.092160
v -0.143231 -0.000530 -0.092160
v -0.310731 -0.000530 -0.092160
v -0.310731 0.000970 -0.092160
v -0.158231 0.002470 -0.092160
v -0.143231 0.000970 -0.092160
v -0.310731 -0.000530 0.081040
v -0.207687 -0.000530 0.081040
v -0.295731 0.000970 0.081040
v -0.207687 0.002470 0.081040
v -0.295731 0.002470 0.081040
v -0.310731 0.000970 0.081040
v -0.319701 -0.000530 0.031237
v -0.317238 -0.000530 0.027370
v -0.317494 0.002470 0.029659
v -0.322955 -0.000530 0.027758
v -0.320000 0.002470 0.025541
v -0.322071 0.002470 0.030731
v -0.317304 -0.000530 0.056483
v -0.317370 0.002470 0.059664
v -0.322061 -0.000530 0.056222
v -0.320721 0.002470 0.055174
v -0.321163 -0.000530 0.060718
v -0.322519 0.002470 0.058952
v -0.317302 -0.000530 0.086888
v -0.317625 0.002470 0.088863
v -0.320959 -0.000530 0.084596
v -0.318627 0.002470 0.085003
v -0.321287 -0.000530 0.090155
v -0.323148 0.002470 0.087621
v -0.183552 -0.000530 -0.095629
v -0.183258 0.002470 -0.095573
v -0.182224 -0.000530 -0.099986
v -0.182868 0.002470 -0.100638
v -0.187138 -0.000530 -0.099879
v -0.187099 0.002470 -0.099579
v -0.228432 -0.000530 -0.095775
v -0.225937 -0.000530 -0.099285
v -0.225882 0.002470 -0.097982
v -0.231617 -0.000530 -0.099588
v -0.230449 0.002470 -0.100971
v -0.229867 0.002470 -0.095921
v 0.183828 -0.000530 -0.095550
v 0.186679 -0.000530 -0.098849
v 0.186713 0.002470 -0.099262
v 0.181979 -0.000530 -0.100782
v 0.181897 0.002470 -0.100495
v 0.183498 0.002470 -0.095549
v 0.322234 -0.000530 0.056483
v 0.322168 0.002470 0.059664
v 0.317477 -0.000530 0.056222
v 0.318817 0.002470 0.055174
v 0.318375 -0.000530 0.060718
v 0.317019 0.002470 0.058952
v 0.322236 -0.000530 0.086888
v 0.322167 0.002470 0.089033
v 0.318579 -0.000530 0.084596
v 0.318817 0.002470 0.084543
v 0.318251 -0.000530 0.090155
v 0.317019 0.002470 0.088320
v 0.319837 -0.000530 0.031237
v 0.322300 -0.000530 0.027370
v 0.322566 0.002470 0.028443
v 0.316583 -0.000530 0.027758
v 0.318344 0.002470 0.026115
v 0.317467 0.002470 0.030731
v 0.228568 -0.000530 -0.095775
v 0.231063 -0.000530 -0.099285
v 0.231118 0.002470 -0.097982
v 0.225383 -0.000530 -0.099588
v 0.226551 0.002470 -0.100970
v 0.227133 0.002470 -0.095921
v -0.115706 0.000970 -0.006672
v -0.113426 0.002470 -0.007817
v -0.113287 0.000970 -0.011100
v -0.114561 0.002470 -0.011669
v -0.118398 0.000970 -0.009732
v -0.118674 0.002470 -0.008758
v -0.115706 0.000970 -0.039522
v -0.113426 0.002470 -0.040667
v -0.113287 0.000970 -0.043950
v -0.114561 0.002470 -0.044519
v -0.118398 0.000970 -0.042582
v -0.118674 0.002470 -0.041608
v -0.115706 0.000970 -0.072372
v -0.113426 0.002470 -0.073517
v -0.113287 0.000970 -0.076800
v -0.114561 0.002470 -0.077369
v -0.118398 0.000970 -0.075432
v -0.118674 0.002470 -0.074458
v 0.115244 0.000970 -0.072372
v 0.117524 0.002470 -0.073517
v 0.117663 0.000970 -0.076800
v 0.116389 0.002470 -0.077369
v 0.112552 0.000970 -0.075432
v 0.112276 0.002470 -0.074458
v 0.115244 0.000970 -0.039522
v 0.117524 0.002470 -0.040667
v 0.117663 0.000970 -0.043950
v 0.116389 0.002470 -0.044519
v 0.112552 0.000970 -0.042582
v 0.112276 0.002470 -0.041608
v 0.115244 0.000970 -0.006672
v 0.117524 0.002470 -0.007817
v 0.117663 0.000970 -0.011100
v 0.116389 0.002470 -0.011669
v 0.112552 0.000970 -0.009732
v 0.112276 0.002470 -0.008758
v 0.308558 0.000970 0.064959
v 0.304529 0.000970 0.061889
v 0.308273 0.002470 0.062994
v 0.303705 0.002470 0.062823
v 0.304117 0.000970 0.066607
v 0.304961 0.002470 0.067216
v 0.305769 0.000970 -0.002922
v 0.308049 0.002470 -0.004067
v 0.308188 0.000970 -0.007350
v 0.306914 0.002470 -0.007919
v 0.303077 0.000970 -0.005982
v 0.302801 0.002470 -0.005008
v 0.308310 0.000970 -0.075235
v 0.308049 0.002470 -0.074067
v 0.305608 0.000970 -0.078393
v 0.305769 0.002470 -0.078470
v 0.304090 0.000970 -0.073076
v 0.303549 0.002470 -0.073918
v 0.147269 0.000970 -0.002922
v 0.149549 0.002470 -0.004067
v 0.149688 0.000970 -0.007350
v 0.147269 0.002470 -0.008470
v 0.144577 0.000970 -0.005982
v 0.145049 0.002470 -0.003918
v 0.147269 0.000970 -0.072922
v 0.149549 0.002470 -0.074067
v 0.149688 0.000970 -0.077350
v 0.147269 0.002470 -0.078470
v 0.144577 0.000970 -0.075982
v 0.145049 0.002470 -0.073918
v -0.147731 0.000970 -0.072922
v -0.145451 0.002470 -0.074067
v -0.145312 0.000970 -0.077350
v -0.146586 0.002470 -0.077919
v -0.150423 0.000970 -0.075982
v -0.150699 0.002470 -0.075008
v -0.147731 0.000970 -0.002922
v -0.145451 0.002470 -0.004067
v -0.145312 0.000970 -0.007350
v -0.146586 0.002470 -0.007919
v -0.150423 0.000970 -0.005982
v -0.150699 0.002470 -0.005008
v -0.306231 0.000970 -0.072922
v -0.303951 0.002470 -0.074067
v -0.303812 0.000970 -0.077350
v -0.306231 0.002470 -0.078470
v -0.308923 0.000970 -0.075982
v -0.308451 0.002470 -0.073918
v -0.306231 0.000970 -0.002922
v -0.303951 0.002470 -0.004067
v -0.303812 0.000970 -0.007350
v -0.306231 0.002470 -0.008470
v -0.308923 0.000970 -0.005982
v -0.308451 0.002470 -0.003918
v -0.307132 0.000970 0.067240
v -0.303641 0.000970 0.064034
v -0.307471 0.000970 0.061889
v -0.303727 0.002470 0.062994
v -0.308295 0.002470 0.062823
v -0.307039 0.002470 0.067216
vn 0.6698 0.0337 0.7418
vn 0.6738 0.0180 0.7387
vn 0.6846 -0.0284 0.7283
vn -0.6306 0.6954 -0.3445
vn -0.6193 0.2713 0.7368
vn -0.7071 -0.0000 -0.7071
vn 0.4454 0.0490 0.8940
vn 0.4490 0.0780 0.8901
vn 0.4091 -0.1538 0.8994
vn 0.6532 0.4931 -0.5746
vn -0.7537 -0.0822 -0.6521
vn -0.7539 -0.0817 -0.6519
vn -0.7542 -0.0811 -0.6516
vn 0.9461 0.0717 -0.3158
vn 0.9419 0.0883 -0.3241
vn 0.9378 0.1033 -0.3315
vn -0.5582 0.4740 -0.6810
vn -0.9445 -0.1417 -0.2963
vn -0.9321 -0.0391 -0.3600
vn -0.9136 0.0392 -0.4048
vn 1.0000 -0.0000 -0.0000
vn -0.6061 0.5723 -0.5524
vn -1.0000 -0.0000 -0.0000
vn -0.0000 -1.0000 -0.0000
vn 0.1236 -0.7140 -0.6891
vn 0.7071 -0.0000 0.7071
vn -0.6380 0.0474 0.7686
vn -0.6244 -0.0102 0.7810
vn -0.6420 0.0668 0.7638
vn 0.6193 0.2714 -0.7367
vn 0.7367 0.2715 0.6193
vn -0.6194 -0.2713 -0.7367
vn -0.6194 -0.0293 0.7845
vn -0.0000 -0.0000 -1.0000
vn 0.7275 0.3185 -0.6077
vn -0.0270 -0.5805 -0.8138
vn 0.6524 0.2290 0.7225
vn 0.6851 0.1388 0.7151
vn 0.7416 -0.1131 0.6612
vn -0.7876 0.2576 -0.5598
vn 0.6630 0.4193 -0.6201
vn -0.0000 -0.0000 1.0000
vn 0.7410 0.2824 -0.6093
vn -0.3882 0.5232 -0.7587
vn 0.7367 -0.2714 -0.6193
vn -0.6093 0.2825 -0.7410
vn -0.7710 0.0041 0.6368
vn -0.7667 -0.0163 0.6418
vn -0.7723 0.0108 0.6351
vn -0.9768 -0.0240 -0.2126
vn -0.9816 -0.1182 -0.1497
vn -0.9519 0.0985 -0.2901
vn -0.7071 -0.0000 0.7071
vn 0.9006 -0.1219 -0.4172
vn 0.9253 -0.0470 -0.3764
vn 0.9390 0.0096 -0.3437
vn 0.7317 -0.2936 0.6151
vn -0.5301 0.0571 0.8460
vn -0.0480 0.4334 0.8999
vn -0.0000 1.0000 -0.0000
vn -0.3015 0.4994 -0.8122
vn 0.7071 -0.0000 -0.7071
vn 0.9508 0.0843 -0.2982
vn 0.6532 0.4931 -0.5747
vn 0.7495 -0.2032 0.6301
vn -0.7367 -0.2715 0.6193
vn -0.0287 -0.4973 -0.8671
vn 0.6193 -0.2713 0.7368
vn -0.7367 0.2714 -0.6194
vn -0.4222 -0.1483 0.8943
vn -0.4265 -0.1998 0.8822
vn -0.3619 0.2073 0.9089
vn -0.3489 0.2581 0.9009
vn 0.8772 -0.1418 -0.4586
vn 0.9136 -0.0392 -0.4048
vn 0.9321 0.0391 -0.3600
vn -0.5089 0.2855 0.8121
vn -0.6368 0.0040 -0.7710
vn -0.6417 -0.0163 -0.7667
vn -0.6351 0.0108 -0.7724
vn 0.4194 0.0612 -0.9057
vn 0.3510 0.0015 -0.9364
vn 0.3695 0.0173 -0.9291
vn -0.7317 -0.2935 -0.6152
vn -0.7724 0.0108 0.6351
vn -0.7710 0.0040 0.6368
vn 0.9445 0.1417 -0.2963
vn 0.6152 -0.2935 -0.7317
vn 0.6092 0.2824 0.7410
vn 0.7275 0.3184 -0.6077
vn 0.6230 0.5581 -0.5481
vn 0.9116 0.4075 0.0538
vn -0.5801 0.4034 -0.7077
vn 0.1807 -0.5668 -0.8038
vn 0.8297 0.5561 0.0489
vn -0.7992 0.3200 -0.5088
vn 0.0992 0.1092 0.9891
vn 0.1586 0.0241 0.9871
vn 0.0211 0.2169 0.9760
vn -0.0514 0.3498 0.9354
vn 0.6194 0.2714 -0.7367
vn 0.7508 -0.0234 -0.6601
vn 0.7627 -0.0625 -0.6437
vn 0.7357 0.0204 -0.6770
vn -0.8150 0.2579 -0.5189
vn 0.9578 -0.0886 0.2734
vn -0.4232 0.4997 0.7558
vn 0.7367 -0.2714 -0.6194
vn -0.3772 0.1306 0.9169
vn -0.3357 0.0531 0.9405
vn -0.2946 -0.0194 0.9554
vn -0.7876 0.2576 -0.5597
vn -0.8772 0.1418 -0.4586
vn -0.4445 0.6798 0.5834
vn 0.6588 0.0851 -0.7475
vn 0.6354 0.1581 -0.7558
vn 0.7032 -0.1214 -0.7005
vn -0.7367 0.2713 -0.6194
vn -0.5926 -0.4819 -0.6454
vn -0.8940 -0.0082 -0.4480
vn -0.8995 -0.0291 -0.4359
vn -0.8860 0.0191 -0.4632
vn -0.7534 -0.0827 -0.6523
vn -0.5163 -0.3331 0.7890
vn 0.4510 0.6249 0.6372
vn -0.9059 -0.0565 -0.4197
vn 0.9095 -0.4024 -0.1048
vn -0.7832 -0.5774 0.2307
vn 0.9318 0.3117 -0.1861
vn -0.6007 -0.7364 0.3111
vn -0.6714 -0.5461 0.5010
vn -0.9345 -0.2603 0.2426
vn 0.2236 -0.5016 0.8357
vn -0.5682 -0.6918 -0.4456
vn 0.7112 -0.1947 -0.6755
vn 0.2990 -0.0422 -0.9533
vn 0.6727 -0.6632 0.3282
vn 0.9499 0.0554 -0.3075
vn -0.7652 -0.0230 0.6433
vn 0.4510 0.6249 0.6373
vn -0.4443 -0.2544 -0.8590
vn 0.2418 -0.0999 0.9652
vn 0.8876 -0.4285 0.1687
vn -0.4386 0.0122 -0.8986
vn -0.4452 0.0064 -0.8954
vn -0.4632 -0.0097 -0.8862
vn 0.0604 0.4520 0.8900
vn -0.7320 -0.4073 0.5462
vn 0.8834 -0.3947 -0.2526
vn 0.8753 -0.2455 0.4166
vn 0.1215 -0.4621 -0.8785
vn 0.1706 0.7512 0.6376
vn 0.9011 -0.0638 0.4290
vn 0.4024 -0.1828 0.8970
vn -0.6433 -0.0230 -0.7652
vn -0.7652 -0.0231 0.6433
vn -0.2468 -0.0991 0.9640
vn -0.7733 -0.4250 0.4706
vn 0.7206 0.0596 -0.6908
vn -0.4662 -0.2610 0.8453
vn 0.1214 -0.4621 -0.8785
vn 0.7820 -0.5396 0.3121
vn 0.9094 -0.4024 -0.1049
vn 0.4469 -0.4522 0.7719
vn 0.6750 -0.0908 0.7322
vn 0.6457 0.0417 0.7625
vn 0.6822 -0.1368 0.7183
vn -0.4200 0.0283 -0.9071
vn 0.0562 0.5570 0.8286
vn 0.1202 -0.4815 -0.8682
vn -0.3695 -0.4309 -0.8233
vn -0.7548 0.1141 0.6460
vn -0.9715 -0.2249 -0.0748
vn 0.7807 0.4956 0.3808
vn -0.2157 -0.3258 -0.9205
vn -0.0314 -0.5407 0.8406
vn 0.8936 0.4421 0.0780
vn -0.6008 -0.7364 0.3111
vn -0.7902 -0.4562 0.4093
vn 0.8605 0.5065 -0.0545
vn 0.9595 -0.0644 -0.2744
vn 0.6879 -0.0442 0.7244
vn -0.7863 0.0391 -0.6167
vn 0.6327 0.0873 0.7695
s 1
f 5660//1057 5659//1058 5657//1059
f 6504//1060 6505//1060 6506//1060
f 5638//1061 5637//1061 5639//1061
f 6234//1062 6239//1062 6238//1062
f 6193//1063 6192//1064 6190//1065
f 5654//1061 5653//1061 5655//1061
f 6426//1060 6427//1060 6428//1060
f 6425//1066 6420//1066 6424//1066
f 6390//1067 6392//1068 6391//1069
f 6393//1070 6395//1071 6390//1072
f 6406//1073 6403//1073 6402//1073
f 6332//1074 6331//1075 6330//1076
f 5695//1077 5693//1077 5692//1077
f 6400//1078 6397//1078 6396//1078
f 5738//1077 5736//1077 5735//1077
f 5717//1079 5716//1079 5715//1079
f 5764//1080 5751//1080 5750//1080
f 6421//1081 6420//1081 6425//1081
f 6189//1082 6187//1082 6186//1082
f 6173//1079 6171//1079 6170//1079
f 5796//1083 5797//1084 5795//1085
f 6341//1077 6339//1077 6338//1077
f 6254//1086 6255//1086 6253//1086
f 6262//1087 6263//1087 6261//1087
f 6451//1081 6450//1081 6455//1081
f 5804//1088 5803//1088 5805//1088
f 5798//1089 5797//1084 5796//1083
f 6271//1079 6269//1079 6268//1079
f 6225//1090 6223//1090 6222//1090
f 6387//1091 6389//1091 6384//1091
f 5840//1077 5838//1077 5837//1077
f 5843//1087 5844//1087 5842//1087
f 6329//1079 6327//1079 6326//1079
f 6499//1092 6498//1092 6503//1092
f 6345//1093 6343//1094 6342//1095
f 6155//1079 6153//1079 6152//1079
f 6493//1081 6492//1081 6497//1081
f 6414//1096 6416//1096 6415//1096
f 6363//1097 6365//1097 6360//1097
f 6245//1098 6250//1098 6246//1098
f 6335//1099 6334//1099 6337//1099
f 6354//1090 6359//1090 6356//1090
f 6217//1090 6215//1090 6214//1090
f 6209//1098 6207//1098 6206//1098
f 6472//1100 6469//1100 6468//1100
f 6229//1077 6227//1077 6226//1077
f 6253//1101 6252//1101 6254//1101
f 6291//1079 6289//1079 6288//1079
f 6273//1102 6272//1102 6275//1102
f 6324//1103 6322//1104 6325//1105
f 6379//1106 6380//1107 6378//1108
f 6433//1081 6432//1081 6437//1081
f 5802//1079 5800//1079 5799//1079
f 5726//1080 5719//1080 5728//1080
f 5768//1079 5767//1079 5766//1079
f 6205//1109 6203//1109 6202//1109
f 6427//1081 6426//1081 6431//1081
f 5646//1110 5645//1111 5647//1112
f 6306//1113 6304//1113 6305//1113
f 6402//1114 6405//1114 6404//1114
f 6388//1115 6387//1115 6385//1115
f 5975//1116 5991//1116 5985//1116
f 6276//1090 6277//1090 6279//1090
f 6460//1117 6461//1117 6456//1117
f 6318//1118 6319//1118 6317//1118
f 6475//1092 6474//1092 6479//1092
f 6169//1090 6167//1090 6166//1090
f 5648//1119 5647//1112 5645//1111
f 6449//1120 6444//1120 6448//1120
f 6455//1120 6450//1120 6454//1120
f 6344//1121 6342//1095 6343//1094
f 5655//1122 5656//1122 5654//1122
f 6469//1123 6472//1123 6473//1123
f 6303//1077 6301//1077 6300//1077
f 6077//1080 6146//1080 6145//1080
f 6177//1090 6175//1090 6174//1090
f 5842//1124 5841//1124 5843//1124
f 6197//1098 6195//1098 6194//1098
f 6411//1097 6413//1097 6408//1097
f 5805//1125 5806//1125 5804//1125
f 6497//1120 6492//1120 6496//1120
f 6198//1126 6199//1127 6201//1128
f 6201//1128 6200//1129 6198//1126
f 6298//1130 6297//1131 6296//1132
f 6450//1060 6451//1060 6452//1060
f 6185//1098 6183//1098 6182//1098
f 6221//1077 6219//1077 6218//1077
f 6181//1079 6179//1079 6178//1079
f 6213//1077 6211//1077 6210//1077
f 6372//1133 6375//1133 6374//1133
f 6294//1134 6292//1135 6295//1136
f 6162//1137 6163//1138 6164//1139
f 6274//1140 6272//1140 6273//1140
f 6266//1103 6264//1104 6267//1141
f 6286//1142 6284//1104 6287//1105
f 6299//1143 6296//1132 6297//1131
f 6336//1144 6334//1144 6335//1144
f 6305//1145 6304//1145 6307//1145
f 6347//1098 6350//1098 6346//1098
f 6480//1060 6481//1060 6482//1060
f 6417//1146 6419//1146 6414//1146
f 6503//1147 6498//1147 6502//1147
f 6018//1116 6015//1116 6002//1116
f 6259//1077 6257//1077 6256//1077
f 5651//1088 5652//1088 5650//1088
f 6407//1148 6406//1148 6404//1148
f 6376//1149 6373//1149 6372//1149
f 6462//1060 6463//1060 6464//1060
f 6370//1078 6367//1078 6366//1078
f 6418//1115 6417//1115 6415//1115
f 6373//1150 6376//1150 6377//1150
f 6377//1151 6376//1151 6374//1151
f 6360//1152 6362//1152 6361//1152
f 6381//1153 6382//1154 6380//1155
f 6366//1156 6369//1156 6368//1156
f 6467//1066 6462//1066 6466//1066
f 6491//1120 6486//1120 6490//1120
f 6396//1156 6399//1156 6398//1156
f 5835//1157 5836//1157 5834//1157
f 6261//1124 6260//1124 6262//1124
f 6379//1158 6378//1159 6382//1160
f 6309//1098 6312//1098 6308//1098
f 6408//1161 6410//1161 6409//1161
f 6479//1147 6474//1147 6478//1147
f 6486//1060 6487//1060 6488//1060
f 6443//1120 6438//1120 6442//1120
f 6492//1060 6493//1060 6494//1060
f 6471//1162 6472//1162 6470//1162
f 6444//1060 6445//1060 6446//1060
f 6485//1147 6480//1147 6484//1147
f 6511//1163 6513//1163 6512//1163
f 6463//1081 6462//1081 6467//1081
f 5834//1164 5833//1164 5835//1164
f 6420//1060 6421//1060 6422//1060
f 6438//1060 6439//1060 6440//1060
f 6437//1120 6432//1120 6436//1120
f 5639//1122 5640//1122 5638//1122
f 6391//1165 6392//1166 6393//1167
f 6156//1090 6161//1090 6160//1090
f 6432//1060 6433//1060 6434//1060
f 6384//1168 6386//1168 6385//1168
f 6439//1081 6438//1081 6443//1081
f 6445//1081 6444//1081 6449//1081
f 6474//1060 6475//1060 6476//1060
f 6498//1060 6499//1060 6500//1060
f 6487//1081 6486//1081 6491//1081
f 6333//1169 6330//1076 6331//1075
f 6481//1092 6480//1092 6485//1092
f 6456//1170 6458//1170 6457//1170
f 6509//1147 6504//1147 6508//1147
f 6505//1092 6504//1092 6509//1092
f 6431//1120 6426//1120 6430//1120
f 5662//1171 5661//1172 5664//1173
f 5650//1174 5649//1174 5651//1174
f 6233//1090 6231//1090 6230//1090
f 6510//1175 6513//1175 6511//1175
f 5776//1080 5780//1080 5785//1080
f 5785//1080 5780//1080 5781//1080
f 5775//1080 5779//1080 5769//1080
f 5771//1080 5785//1080 5784//1080
f 5781//1080 5784//1080 5785//1080
f 5775//1080 5769//1080 5787//1080
f 5769//1080 5783//1080 5787//1080
f 5775//1080 5787//1080 5780//1080
f 5781//1080 5780//1080 5787//1080
f 5713//1080 5698//1080 5710//1080
f 5703//1080 5702//1080 5713//1080
f 5713//1080 5710//1080 5703//1080
f 5710//1080 5712//1080 5703//1080
f 5703//1080 5712//1080 5704//1080
f 5701//1080 5707//1080 5697//1080
f 5697//1080 5703//1080 5701//1080
f 5703//1080 5704//1080 5701//1080
f 5701//1080 5704//1080 5708//1080
f 5704//1080 5706//1080 5708//1080
f 5706//1080 5700//1080 5708//1080
f 6238//1062 6237//1062 6234//1062
f 6237//1062 6236//1062 6234//1062
f 6236//1062 6235//1062 6234//1062
f 5667//1176 5666//1177 5668//1178
f 6053//1080 6054//1080 6047//1080
f 6053//1080 6047//1080 6046//1080
f 6051//1080 6053//1080 6046//1080
f 6114//1080 6120//1080 6101//1080
f 6120//1080 6116//1080 6101//1080
f 6114//1080 6101//1080 6099//1080
f 6100//1080 6114//1080 6099//1080
f 6098//1080 6100//1080 6103//1080
f 6100//1080 6099//1080 6102//1080
f 6100//1080 6102//1080 6103//1080
f 6102//1080 6104//1080 6103//1080
f 6103//1080 6104//1080 6106//1080
f 6104//1080 6119//1080 6106//1080
f 6145//1080 6146//1080 6143//1080
f 6145//1080 6143//1080 6138//1080
f 6143//1080 6142//1080 6138//1080
f 6142//1080 6139//1080 6137//1080
f 6077//1080 6080//1080 6079//1080
f 6136//1080 6146//1080 6077//1080
f 6077//1080 6079//1080 6147//1080
f 6079//1080 6076//1080 6147//1080
f 6147//1080 6076//1080 6075//1080
f 6078//1080 6136//1080 6077//1080
f 6076//1080 6135//1080 6075//1080
f 6074//1080 6078//1080 6077//1080
f 6135//1080 6148//1080 6073//1080
f 6074//1080 6077//1080 6147//1080
f 6098//1080 6103//1080 6047//1080
f 6133//1080 6081//1080 6122//1080
f 6133//1080 6122//1080 6134//1080
f 6045//1080 6133//1080 6072//1080
f 6133//1080 6134//1080 6072//1080
f 6045//1080 6072//1080 6051//1080
f 6151//1080 6045//1080 6051//1080
f 6144//1080 6045//1080 6151//1080
f 6054//1080 6098//1080 6047//1080
f 6148//1080 6137//1080 6141//1080
f 6141//1080 6137//1080 6140//1080
f 6140//1080 6137//1080 6074//1080
f 6074//1080 6137//1080 6139//1080
f 6147//1080 6140//1080 6074//1080
f 6073//1080 6075//1080 6135//1080
f 6137//1080 6138//1080 6142//1080
f 6046//1080 6044//1080 6051//1080
f 6044//1080 6151//1080 6051//1080
f 6144//1080 6151//1080 6145//1080
f 6145//1080 6138//1080 6144//1080
f 6390//1067 6395//1179 6392//1068
f 6385//1180 6386//1180 6388//1180
f 6440//1181 6441//1181 6443//1181
f 5667//1176 5665//1182 5666//1177
f 5727//1080 5720//1080 5721//1080
f 5728//1080 5727//1080 5721//1080
f 6150//1080 6079//1080 6080//1080
f 6048//1080 6050//1080 6049//1080
f 6080//1080 6048//1080 6126//1080
f 6049//1080 6123//1080 6128//1080
f 6123//1080 6070//1080 6129//1080
f 6048//1080 6049//1080 6126//1080
f 6070//1080 6055//1080 6058//1080
f 6055//1080 6057//1080 6056//1080
f 6056//1080 6096//1080 6059//1080
f 6096//1080 6106//1080 6105//1080
f 6055//1080 6056//1080 6058//1080
f 6096//1080 6105//1080 6112//1080
f 6150//1080 6080//1080 6071//1080
f 6106//1080 6119//1080 6118//1080
f 6071//1080 6080//1080 6126//1080
f 6071//1080 6126//1080 6052//1080
f 6106//1080 6118//1080 6116//1080
f 6106//1080 6116//1080 6117//1080
f 6116//1080 6120//1080 6117//1080
f 6149//1080 6052//1080 6126//1080
f 6148//1080 6135//1080 6149//1080
f 6126//1080 6137//1080 6149//1080
f 6137//1080 6148//1080 6149//1080
f 6117//1080 6113//1080 6105//1080
f 6106//1080 6117//1080 6105//1080
f 6128//1080 6126//1080 6049//1080
f 6096//1080 6112//1080 6097//1080
f 6096//1080 6097//1080 6059//1080
f 6127//1080 6128//1080 6123//1080
f 6059//1080 6097//1080 6107//1080
f 6130//1080 6127//1080 6123//1080
f 6130//1080 6123//1080 6129//1080
f 6107//1080 6108//1080 6059//1080
f 6131//1080 6130//1080 6129//1080
f 6065//1080 6067//1080 6066//1080
f 6066//1080 6082//1080 6065//1080
f 6065//1080 6082//1080 6131//1080
f 6129//1080 6065//1080 6131//1080
f 6113//1080 6117//1080 6111//1080
f 6115//1080 6113//1080 6111//1080
f 6115//1080 6111//1080 6060//1080
f 6108//1080 6115//1080 6060//1080
f 6108//1080 6060//1080 6110//1080
f 6108//1080 6110//1080 6114//1080
f 6059//1080 6108//1080 6114//1080
f 6109//1080 6120//1080 6114//1080
f 6110//1080 6109//1080 6114//1080
f 6129//1080 6070//1080 6121//1080
f 6125//1080 6129//1080 6121//1080
f 6056//1080 6059//1080 6058//1080
f 6081//1080 6125//1080 6122//1080
f 6090//1080 6122//1080 6121//1080
f 6122//1080 6125//1080 6121//1080
f 6058//1080 6085//1080 6094//1080
f 6054//1080 6053//1080 6095//1080
f 6062//1080 6054//1080 6095//1080
f 6062//1080 6095//1080 6063//1080
f 6089//1080 6062//1080 6063//1080
f 6089//1080 6063//1080 6090//1080
f 6085//1080 6089//1080 6069//1080
f 6068//1080 6085//1080 6069//1080
f 6089//1080 6090//1080 6121//1080
f 6058//1080 6094//1080 6086//1080
f 6069//1080 6089//1080 6091//1080
f 6058//1080 6086//1080 6070//1080
f 6086//1080 6093//1080 6070//1080
f 6091//1080 6089//1080 6092//1080
f 6093//1080 6064//1080 6070//1080
f 6092//1080 6089//1080 6121//1080
f 6087//1080 6068//1080 6061//1080
f 6068//1080 6069//1080 6061//1080
f 6087//1080 6061//1080 6088//1080
f 6064//1080 6087//1080 6088//1080
f 6064//1080 6088//1080 6121//1080
f 6064//1080 6121//1080 6070//1080
f 5688//1080 5690//1080 5686//1080
f 5688//1080 5686//1080 5672//1080
f 5673//1080 5688//1080 5672//1080
f 5673//1080 5672//1080 5681//1080
f 5685//1080 5673//1080 5681//1080
f 5685//1080 5681//1080 5682//1080
f 5684//1080 5671//1080 5678//1080
f 5678//1080 5671//1080 5683//1080
f 5678//1080 5683//1080 5682//1080
f 5681//1080 5678//1080 5682//1080
f 5682//1080 5680//1080 5685//1080
f 5674//1080 5691//1080 5675//1080
f 5674//1080 5675//1080 5680//1080
f 5671//1080 5670//1080 5683//1080
f 5675//1080 5679//1080 5680//1080
f 5685//1080 5680//1080 5679//1080
f 5687//1080 5685//1080 5679//1080
f 5687//1080 5679//1080 5669//1080
f 5690//1080 5687//1080 5689//1080
f 5687//1080 5669//1080 5689//1080
f 5671//1080 5686//1080 5690//1080
f 5690//1080 5689//1080 5691//1080
f 5690//1080 5691//1080 5676//1080
f 5676//1080 5671//1080 5690//1080
f 5695//1077 5694//1077 5693//1077
f 5738//1077 5737//1077 5736//1077
f 5717//1079 5714//1079 5716//1079
f 5827//1080 5810//1080 5821//1080
f 5827//1080 5821//1080 5826//1080
f 5824//1080 5827//1080 5826//1080
f 5824//1080 5826//1080 5825//1080
f 5830//1080 5824//1080 5825//1080
f 5830//1080 5825//1080 5819//1080
f 5814//1080 5828//1080 5813//1080
f 5813//1080 5828//1080 5831//1080
f 5831//1080 5828//1080 5815//1080
f 5828//1080 5830//1080 5815//1080
f 5815//1080 5830//1080 5818//1080
f 5818//1080 5830//1080 5817//1080
f 5825//1080 5823//1080 5819//1080
f 5819//1080 5817//1080 5830//1080
f 5818//1080 5817//1080 5832//1080
f 5832//1080 5817//1080 5829//1080
f 5829//1080 5817//1080 5812//1080
f 5812//1080 5817//1080 5816//1080
f 6388//1183 6389//1183 6387//1183
f 5748//1080 5762//1080 5752//1080
f 5748//1080 5752//1080 5740//1080
f 5752//1080 5763//1080 5754//1080
f 5740//1080 5752//1080 5754//1080
f 5739//1080 5754//1080 5745//1080
f 5745//1080 5754//1080 5744//1080
f 5740//1080 5753//1080 5748//1080
f 5749//1080 5741//1080 5750//1080
f 5763//1080 5744//1080 5754//1080
f 5750//1080 5741//1080 5757//1080
f 5762//1080 5748//1080 5755//1080
f 5748//1080 5750//1080 5756//1080
f 5741//1080 5739//1080 5757//1080
f 5755//1080 5748//1080 5756//1080
f 5744//1080 5760//1080 5745//1080
f 5761//1080 5755//1080 5756//1080
f 5760//1080 5759//1080 5745//1080
f 5756//1080 5759//1080 5761//1080
f 5739//1080 5745//1080 5758//1080
f 5745//1080 5742//1080 5758//1080
f 5742//1080 5743//1080 5758//1080
f 5746//1080 5756//1080 5751//1080
f 5756//1080 5750//1080 5751//1080
f 5742//1080 5746//1080 5751//1080
f 5743//1080 5742//1080 5747//1080
f 5739//1080 5758//1080 5757//1080
f 5751//1080 5747//1080 5742//1080
f 5750//1080 5757//1080 5764//1080
f 6494//1184 6493//1184 6495//1184
f 6401//1185 6400//1185 6398//1185
f 6189//1082 6188//1082 6187//1082
f 5698//1080 5713//1080 5696//1080
f 5696//1080 5705//1080 5711//1080
f 5696//1080 5711//1080 5698//1080
f 5697//1080 5707//1080 5705//1080
f 5709//1080 5698//1080 5711//1080
f 5707//1080 5711//1080 5705//1080
f 5706//1080 5709//1080 5699//1080
f 5699//1080 5700//1080 5706//1080
f 5709//1080 5711//1080 5699//1080
f 5759//1080 5760//1080 5761//1080
f 6173//1079 6172//1079 6171//1079
f 6341//1077 6340//1077 6339//1077
f 6434//1181 6435//1181 6437//1181
f 6476//1186 6475//1186 6477//1186
f 6396//1187 6397//1187 6399//1187
f 6372//1188 6373//1188 6375//1188
f 6271//1079 6270//1079 6269//1079
f 5814//1080 5813//1080 5811//1080
f 5829//1080 5812//1080 5811//1080
f 5811//1080 5807//1080 5814//1080
f 5813//1080 5829//1080 5811//1080
f 5808//1080 5820//1080 5819//1080
f 5814//1080 5807//1080 5809//1080
f 5810//1080 5814//1080 5809//1080
f 5808//1080 5819//1080 5822//1080
f 5809//1080 5821//1080 5810//1080
f 5819//1080 5823//1080 5822//1080
f 5808//1080 5822//1080 5807//1080
f 5822//1080 5809//1080 5807//1080
f 6436//1189 6434//1189 6437//1189
f 6225//1090 6224//1090 6223//1090
f 6456//1190 6461//1190 6458//1190
f 5840//1077 5839//1077 5838//1077
f 5664//1173 5663//1191 5662//1171
f 6329//1079 6328//1079 6327//1079
f 6164//1139 6163//1138 6165//1192
f 6155//1079 6154//1079 6153//1079
f 6477//1193 6479//1193 6478//1193
f 6501//1193 6503//1193 6502//1193
f 5888//1116 5939//1116 5889//1116
f 6248//1098 6247//1098 6245//1098
f 6245//1098 6251//1098 6250//1098
f 6250//1098 6244//1098 6246//1098
f 6244//1098 6249//1098 6246//1098
f 6246//1098 6248//1098 6245//1098
f 5879//1116 5877//1116 5957//1116
f 5878//1116 5879//1116 5850//1116
f 5879//1116 5957//1116 5850//1116
f 5876//1116 5878//1116 5875//1116
f 5878//1116 5850//1116 5958//1116
f 5878//1116 5958//1116 5953//1116
f 5875//1116 5878//1116 5953//1116
f 5882//1116 5890//1116 5865//1116
f 5890//1116 5891//1116 5865//1116
f 5891//1116 5892//1116 5865//1116
f 5892//1116 5893//1116 5916//1116
f 5865//1116 5892//1116 5916//1116
f 5893//1116 5917//1116 5921//1116
f 5917//1116 5934//1116 5919//1116
f 5876//1116 5875//1116 5852//1116
f 5875//1116 5845//1116 5852//1116
f 5852//1116 5845//1116 5901//1116
f 5845//1116 5855//1116 5990//1116
f 5869//1116 5870//1116 5872//1116
f 5871//1116 5869//1116 5872//1116
f 5871//1116 5872//1116 5976//1116
f 5985//1116 5871//1116 5903//1116
f 5917//1116 5919//1116 5921//1116
f 5919//1116 5940//1116 5921//1116
f 5903//1116 5871//1116 5984//1116
f 5919//1116 5939//1116 5940//1116
f 5939//1116 5888//1116 5920//1116
f 5984//1116 5871//1116 5981//1116
f 5939//1116 5920//1116 5940//1116
f 5981//1116 5871//1116 5976//1116
f 5979//1116 5981//1116 5976//1116
f 5921//1116 6024//1116 5916//1116
f 5976//1116 5980//1116 5979//1116
f 5916//1116 5893//1116 5921//1116
f 5888//1116 5889//1116 5933//1116
f 5932//1116 5931//1116 5933//1116
f 5889//1116 5932//1116 5933//1116
f 5922//1116 5888//1116 5933//1116
f 5922//1116 5933//1116 5918//1116
f 5922//1116 5918//1116 5923//1116
f 5918//1116 5914//1116 5923//1116
f 5918//1116 5915//1116 5914//1116
f 6036//1116 5976//1116 5872//1116
f 5928//1116 5927//1116 5924//1116
f 5927//1116 5914//1116 5924//1116
f 5924//1116 5914//1116 5915//1116
f 5922//1116 5923//1116 5916//1116
f 6025//1116 5929//1116 6022//1116
f 6023//1116 6025//1116 6022//1116
f 6023//1116 6022//1116 6027//1116
f 5923//1116 6023//1116 6027//1116
f 5923//1116 6027//1116 5887//1116
f 5867//1116 5866//1116 5868//1116
f 5925//1116 5867//1116 5930//1116
f 5929//1116 5925//1116 5930//1116
f 5868//1116 5884//1116 5883//1116
f 5884//1116 5897//1116 5905//1116
f 5867//1116 5868//1116 5887//1116
f 5884//1116 5905//1116 5883//1116
f 5930//1116 5867//1116 6026//1116
f 5905//1116 5912//1116 5883//1116
f 6026//1116 5867//1116 5887//1116
f 5912//1116 5913//1116 5883//1116
f 6028//1116 6026//1116 5887//1116
f 5913//1116 5886//1116 5883//1116
f 6027//1116 6028//1116 5887//1116
f 5909//1116 5908//1116 5907//1116
f 5906//1116 5909//1116 5907//1116
f 5906//1116 5907//1116 5885//1116
f 5886//1116 5906//1116 5885//1116
f 5910//1116 5911//1116 5862//1116
f 5885//1116 5910//1116 5862//1116
f 5885//1116 5862//1116 5886//1116
f 5862//1116 5883//1116 5886//1116
f 6035//1116 6036//1116 5872//1116
f 5868//1116 5883//1116 5887//1116
f 5923//1116 5887//1116 5916//1116
f 5922//1116 5916//1116 6024//1116
f 5983//1116 6035//1116 5872//1116
f 5872//1116 5852//1116 5982//1116
f 5983//1116 5872//1116 5982//1116
f 5978//1116 5983//1116 5982//1116
f 5980//1116 5978//1116 6034//1116
f 5978//1116 5982//1116 6034//1116
f 5979//1116 5980//1116 5977//1116
f 5986//1116 5979//1116 5977//1116
f 5882//1116 5865//1116 5894//1116
f 5864//1116 5882//1116 5895//1116
f 5882//1116 5894//1116 5895//1116
f 5857//1116 5864//1116 5895//1116
f 5895//1116 6033//1116 5857//1116
f 5856//1116 5864//1116 5857//1116
f 5856//1116 5857//1116 6009//1116
f 5856//1116 6009//1116 6008//1116
f 6010//1116 5856//1116 6008//1116
f 5856//1116 6010//1116 5863//1116
f 6009//1116 6007//1116 6008//1116
f 5987//1116 5979//1116 5986//1116
f 5975//1116 5987//1116 5986//1116
f 6010//1116 6001//1116 5863//1116
f 6001//1116 6000//1116 5863//1116
f 6005//1116 6008//1116 6007//1116
f 6007//1116 6006//1116 6005//1116
f 6005//1116 6006//1116 6004//1116
f 6004//1116 6006//1116 6029//1116
f 6006//1116 6030//1116 6029//1116
f 6003//1116 6005//1116 6004//1116
f 6000//1116 6003//1116 6004//1116
f 6000//1116 6004//1116 5999//1116
f 6000//1116 5999//1116 6014//1116
f 6000//1116 6014//1116 5863//1116
f 6012//1116 6011//1116 6015//1116
f 6002//1116 6015//1116 6011//1116
f 6012//1116 6015//1116 6013//1116
f 6014//1116 6012//1116 6013//1116
f 6014//1116 6013//1116 6016//1116
f 6014//1116 6016//1116 5858//1116
f 6016//1116 6017//1116 5858//1116
f 6014//1116 5858//1116 5863//1116
f 5856//1116 5863//1116 5900//1116
f 5855//1116 5856//1116 5900//1116
f 5855//1116 5900//1116 5851//1116
f 5855//1116 5851//1116 5902//1116
f 5904//1116 5977//1116 5980//1116
f 6034//1116 5904//1116 5980//1116
f 5902//1116 5996//1116 5855//1116
f 5902//1116 5998//1116 5995//1116
f 6034//1116 5988//1116 5904//1116
f 5988//1116 5994//1116 5904//1116
f 5902//1116 5995//1116 5996//1116
f 5855//1116 5996//1116 5990//1116
f 5996//1116 5997//1116 5990//1116
f 5845//1116 5990//1116 5901//1116
f 5901//1116 5982//1116 5852//1116
f 6442//1189 6440//1189 6443//1189
f 6358//1090 6357//1090 6356//1090
f 6357//1090 6355//1090 6356//1090
f 6355//1090 6354//1090 6356//1090
f 6217//1090 6216//1090 6215//1090
f 6394//1194 6395//1071 6393//1070
f 6209//1098 6208//1098 6207//1098
f 5945//1116 5950//1116 5949//1116
f 5945//1116 5949//1116 5942//1116
f 5949//1116 5943//1116 5942//1116
f 5942//1116 5943//1116 5947//1116
f 5948//1116 5942//1116 5947//1116
f 5948//1116 5947//1116 5874//1116
f 5948//1116 5874//1116 5870//1116
f 5898//1116 5944//1116 5873//1116
f 5870//1116 5952//1116 5948//1116
f 5874//1116 5898//1116 5873//1116
f 5873//1116 5870//1116 5874//1116
f 6229//1077 6228//1077 6227//1077
f 5963//1116 5964//1116 5962//1116
f 5964//1116 5965//1116 5962//1116
f 5853//1116 5963//1116 5854//1116
f 5854//1116 5963//1116 5962//1116
f 5965//1116 5967//1116 5962//1116
f 5962//1116 5967//1116 5974//1116
f 5967//1116 5972//1116 5974//1116
f 5973//1116 5974//1116 5972//1116
f 5972//1116 5959//1116 5973//1116
f 5973//1116 5959//1116 5960//1116
f 5959//1116 5971//1116 5960//1116
f 5960//1116 5971//1116 5970//1116
f 5970//1116 5971//1116 5859//1116
f 5971//1116 5860//1116 5859//1116
f 5860//1116 6039//1116 6040//1116
f 5860//1116 6040//1116 6038//1116
f 5860//1116 6038//1116 6042//1116
f 5860//1116 6042//1116 5859//1116
f 5969//1116 5970//1116 5859//1116
f 5854//1116 5969//1116 5853//1116
f 5853//1116 5969//1116 5961//1116
f 5961//1116 5969//1116 5953//1116
f 5953//1116 5958//1116 5955//1116
f 6042//1116 6043//1116 5859//1116
f 5953//1116 5955//1116 5954//1116
f 5859//1116 5953//1116 5969//1116
f 5953//1116 5954//1116 5881//1116
f 5880//1116 5961//1116 5881//1116
f 5961//1116 5953//1116 5881//1116
f 5966//1116 5880//1116 5881//1116
f 5881//1116 5877//1116 5966//1116
f 5877//1116 5879//1116 5956//1116
f 5966//1116 5877//1116 5968//1116
f 5879//1116 5967//1116 6037//1116
f 5877//1116 5956//1116 5968//1116
f 5964//1116 5966//1116 5968//1116
f 5879//1116 6037//1116 5956//1116
f 5965//1116 5964//1116 5968//1116
f 6291//1079 6290//1079 6289//1079
f 6324//1103 6323//1195 6322//1104
f 6494//1196 6495//1196 6497//1196
f 5802//1079 5801//1079 5800//1079
f 6384//1197 6389//1197 6386//1197
f 6382//1154 6381//1153 6383//1198
f 5733//1080 5726//1080 5724//1080
f 5733//1080 5724//1080 5722//1080
f 5724//1080 5723//1080 5722//1080
f 5731//1080 5733//1080 5722//1080
f 5720//1080 5727//1080 5734//1080
f 5722//1080 5720//1080 5734//1080
f 5731//1080 5722//1080 5734//1080
f 5730//1080 5731//1080 5734//1080
f 5730//1080 5734//1080 5732//1080
f 5718//1080 5730//1080 5732//1080
f 5718//1080 5732//1080 5729//1080
f 5718//1080 5729//1080 5719//1080
f 5724//1080 5726//1080 5725//1080
f 5726//1080 5718//1080 5719//1080
f 5721//1080 5725//1080 5728//1080
f 5728//1080 5725//1080 5726//1080
f 5768//1079 5765//1079 5767//1079
f 6205//1109 6204//1109 6203//1109
f 6366//1187 6367//1187 6369//1187
f 6412//1199 6413//1199 6411//1199
f 6025//1116 5927//1116 5925//1116
f 5927//1116 5928//1116 5925//1116
f 5931//1116 5932//1116 5936//1116
f 5926//1116 5931//1116 5936//1116
f 5926//1116 5936//1116 5890//1116
f 5925//1116 5929//1116 6025//1116
f 5938//1116 5891//1116 5890//1116
f 5937//1116 5938//1116 5890//1116
f 5925//1116 5928//1116 5926//1116
f 5890//1116 5925//1116 5926//1116
f 5935//1116 5937//1116 5890//1116
f 5890//1116 5936//1116 5935//1116
f 5936//1116 5934//1116 5935//1116
f 5917//1116 5935//1116 5934//1116
f 6242//1200 6241//1201 6243//1202
f 6412//1203 6411//1203 6409//1203
f 6402//1204 6403//1204 6405//1204
f 5902//1116 5871//1116 5991//1116
f 5871//1116 5985//1116 5991//1116
f 5985//1116 5987//1116 5975//1116
f 5997//1116 5996//1116 5989//1116
f 5988//1116 5997//1116 5989//1116
f 5988//1116 5989//1116 5994//1116
f 5989//1116 5993//1116 5994//1116
f 5994//1116 5993//1116 5992//1116
f 5991//1116 5994//1116 5992//1116
f 5991//1116 5992//1116 5998//1116
f 5991//1116 5998//1116 5902//1116
f 6276//1090 6282//1090 6278//1090
f 6277//1090 6281//1090 6280//1090
f 6276//1090 6278//1090 6277//1090
f 6279//1090 6283//1090 6276//1090
f 6277//1090 6280//1090 6279//1090
f 6317//1118 6316//1118 6318//1118
f 6316//1118 6321//1118 6318//1118
f 6318//1118 6320//1118 6319//1118
f 6460//1205 6459//1205 6461//1205
f 6369//1206 6371//1206 6368//1206
f 6169//1090 6168//1090 6167//1090
f 6083//1080 6125//1080 6081//1080
f 6128//1080 6127//1080 6084//1080
f 6132//1080 6083//1080 6081//1080
f 6128//1080 6084//1080 6124//1080
f 6081//1080 6128//1080 6124//1080
f 6067//1080 6132//1080 6081//1080
f 6081//1080 6124//1080 6067//1080
f 6124//1080 6066//1080 6067//1080
f 6415//1180 6416//1180 6418//1180
f 6400//1207 6401//1207 6397//1207
f 6478//1208 6476//1208 6477//1208
f 6405//1209 6407//1209 6404//1209
f 6303//1077 6302//1077 6301//1077
f 6177//1090 6176//1090 6175//1090
f 6197//1098 6196//1098 6195//1098
f 6191//1210 6193//1063 6190//1065
f 5691//1080 5674//1080 5676//1080
f 5674//1080 5677//1080 5676//1080
f 6185//1098 6184//1098 6183//1098
f 6221//1077 6220//1077 6219//1077
f 6181//1079 6180//1079 6179//1079
f 6213//1077 6212//1077 6211//1077
f 6294//1134 6293//1211 6292//1135
f 6266//1103 6265//1195 6264//1104
f 6286//1142 6285//1212 6284//1104
f 6392//1166 6394//1213 6393//1167
f 6347//1098 6351//1098 6350//1098
f 6350//1098 6349//1098 6346//1098
f 6349//1098 6353//1098 6346//1098
f 6346//1098 6352//1098 6348//1098
f 6346//1098 6348//1098 6347//1098
f 6361//1214 6362//1214 6364//1214
f 6440//1184 6439//1184 6441//1184
f 6039//1116 5972//1116 5967//1116
f 5967//1116 5879//1116 6039//1116
f 5879//1116 5847//1116 6039//1116
f 6039//1116 5847//1116 6041//1116
f 6041//1116 6040//1116 6039//1116
f 6041//1116 5847//1116 6043//1116
f 5859//1116 6043//1116 5846//1116
f 5846//1116 6043//1116 5847//1116
f 5846//1116 5847//1116 5848//1116
f 5848//1116 5849//1116 5846//1116
f 5884//1116 5941//1116 5896//1116
f 5941//1116 5848//1116 5873//1116
f 5884//1116 5896//1116 5897//1116
f 5909//1116 5897//1116 5908//1116
f 5848//1116 5847//1116 5873//1116
f 5896//1116 5908//1116 5897//1116
f 5896//1116 5941//1116 5950//1116
f 5896//1116 5950//1116 5861//1116
f 5873//1116 5944//1116 5941//1116
f 5911//1116 5896//1116 5862//1116
f 5944//1116 5946//1116 5941//1116
f 5896//1116 5861//1116 5862//1116
f 5946//1116 5949//1116 5950//1116
f 5946//1116 5950//1116 5941//1116
f 6033//1116 5895//1116 5899//1116
f 6030//1116 6033//1116 6031//1116
f 6033//1116 5899//1116 6031//1116
f 6029//1116 6030//1116 6002//1116
f 6011//1116 6029//1116 6002//1116
f 5861//1116 5950//1116 5869//1116
f 5899//1116 5862//1116 5861//1116
f 5950//1116 5870//1116 5869//1116
f 5950//1116 5951//1116 5870//1116
f 5952//1116 5870//1116 5951//1116
f 6031//1116 6002//1116 6030//1116
f 6031//1116 5899//1116 6032//1116
f 6032//1116 5899//1116 6021//1116
f 6021//1116 5899//1116 5858//1116
f 5899//1116 5861//1116 5858//1116
f 6021//1116 5858//1116 6020//1116
f 5858//1116 6017//1116 6020//1116
f 6019//1116 6021//1116 6020//1116
f 6019//1116 6020//1116 6018//1116
f 6002//1116 6019//1116 6018//1116
f 6259//1077 6258//1077 6257//1077
f 6382//1160 6383//1215 6379//1158
f 6410//1216 6412//1216 6409//1216
f 6370//1217 6371//1217 6367//1217
f 6464//1184 6463//1184 6465//1184
f 6428//1184 6427//1184 6429//1184
f 6371//1185 6370//1185 6368//1185
f 6422//1184 6421//1184 6423//1184
f 6364//1218 6365//1218 6363//1218
f 6418//1219 6419//1219 6417//1219
f 6374//1220 6375//1220 6377//1220
f 5641//1221 5643//1222 5642//1223
f 6399//1206 6401//1206 6398//1206
f 6242//1200 6240//1224 6241//1201
f 6364//1225 6363//1225 6361//1225
f 6406//1226 6407//1226 6403//1226
f 6309//1098 6313//1098 6312//1098
f 6312//1098 6311//1098 6308//1098
f 6311//1098 6315//1098 6308//1098
f 6308//1098 6314//1098 6310//1098
f 6308//1098 6310//1098 6309//1098
f 6414//1197 6419//1197 6416//1197
f 6428//1181 6429//1181 6431//1181
f 6466//1189 6464//1189 6467//1189
f 6408//1227 6413//1227 6410//1227
f 6470//1228 6468//1228 6471//1228
f 6454//1189 6452//1189 6455//1189
f 5686//1080 5671//1080 5684//1080
f 6380//1107 6379//1106 6381//1229
f 6471//1230 6473//1230 6472//1230
f 6430//1189 6428//1189 6431//1189
f 6448//1189 6446//1189 6449//1189
f 6422//1181 6423//1181 6425//1181
f 6424//1189 6422//1189 6425//1189
f 6360//1231 6365//1231 6362//1231
f 6488//1184 6487//1184 6489//1184
f 6490//1189 6488//1189 6491//1189
f 6457//1232 6458//1232 6459//1232
f 6160//1090 6159//1090 6156//1090
f 6159//1090 6158//1090 6156//1090
f 6158//1090 6157//1090 6156//1090
f 6459//1233 6460//1233 6457//1233
f 6452//1181 6453//1181 6455//1181
f 6446//1181 6447//1181 6449//1181
f 6434//1184 6433//1184 6435//1184
f 6482//1234 6481//1234 6483//1234
f 6483//1193 6485//1193 6484//1193
f 6452//1184 6451//1184 6453//1184
f 6468//1235 6469//1235 6471//1235
f 6446//1184 6445//1184 6447//1184
f 5776//1080 5785//1080 5773//1080
f 5785//1080 5786//1080 5773//1080
f 5772//1080 5782//1080 5774//1080
f 5773//1080 5786//1080 5790//1080
f 5793//1080 5772//1080 5794//1080
f 5772//1080 5774//1080 5794//1080
f 5790//1080 5788//1080 5773//1080
f 5792//1080 5794//1080 5776//1080
f 5794//1080 5774//1080 5776//1080
f 5773//1080 5792//1080 5776//1080
f 5791//1080 5773//1080 5788//1080
f 5789//1080 5791//1080 5788//1080
f 5793//1080 5789//1080 5788//1080
f 5793//1080 5788//1080 5772//1080
f 5771//1080 5784//1080 5770//1080
f 5778//1080 5771//1080 5770//1080
f 5778//1080 5770//1080 5777//1080
f 5788//1080 5778//1080 5777//1080
f 5788//1080 5777//1080 5769//1080
f 5777//1080 5783//1080 5769//1080
f 5788//1080 5769//1080 5772//1080
f 6058//1080 6089//1080 6085//1080
f 6500//1234 6499//1234 6501//1234
f 6484//1208 6482//1208 6483//1208
f 6464//1181 6465//1181 6467//1181
f 6502//1208 6500//1208 6501//1208
f 6506//1234 6505//1234 6507//1234
f 6496//1189 6494//1189 6497//1189
f 6514//1236 6510//1236 6512//1236
f 6510//1237 6514//1237 6515//1237
f 6508//1208 6506//1208 6507//1208
f 6512//1232 6513//1232 6514//1232
f 6233//1090 6232//1090 6231//1090
f 6488//1196 6489//1196 6491//1196
f 5657//1059 5659//1058 5658//1238
f 6510//1239 6515//1239 6513//1239
f 6507//1193 6509//1193 6508//1193
f 5641//1221 5644//1240 5643//1222
