# Blender 4.5.4 LTS
# www.blender.org
o Part_1.007
v -0.004095 0.003418 0.001313
v -0.004290 0.003170 0.000972
v -0.003911 0.003627 0.001473
v -0.004178 0.003315 0.001222
v -0.003605 0.003931 0.001684
v -0.003710 0.003832 0.001616
v -0.003323 0.004172 -0.002437
v -0.002764 0.004562 0.002073
v -0.002724 0.004585 -0.002681
v -0.002850 0.004508 -0.002639
v -0.002973 0.004428 -0.002593
v -0.002493 0.004715 0.002150
v -0.002464 0.004730 -0.002753
v -0.002210 0.004854 0.002207
v -0.002329 0.004798 -0.002782
v -0.002064 0.004918 0.002226
v -0.002052 0.004923 -0.002823
v -0.001910 0.004980 -0.002834
v -0.000925 0.005252 -0.002838
v -0.000060 0.005333 -0.002838
v 0.000957 0.005246 0.002238
v 0.000806 0.005272 0.002242
v 0.002158 0.004877 -0.002574
v 0.002431 0.004747 -0.002465
v 0.002495 0.004713 0.001841
v 0.002562 0.004677 -0.002406
v 0.002368 0.004778 0.001896
v 0.002691 0.004604 -0.002344
v 0.002742 0.004574 0.001723
v 0.002861 0.004500 0.001660
v 0.002977 0.004424 0.001594
v 0.002939 0.004450 -0.002212
v 0.003199 0.004266 0.001455
v 0.003393 0.004114 -0.001909
v 0.003286 0.004200 -0.001992
v 0.003502 0.004021 0.001213
v 0.003631 0.003906 0.000972
v 0.003586 0.003946 0.001110
v 0.002017 0.004936 -0.002623
v 0.001969 0.004956 0.002043
v 0.001874 0.004993 -0.002669
v 0.001831 0.005009 0.002085
v 0.001691 0.005058 0.002123
v 0.001256 0.005183 0.002209
v 0.049972 -0.051210 0.000972
v 0.049972 -0.051210 -0.001568
v 0.049520 -0.050311 -0.001568
v 0.048932 -0.049494 0.000972
v 0.049520 -0.050311 0.000972
v 0.050415 -0.054170 0.000972
v 0.050425 -0.053164 0.000972
v 0.049452 -0.057004 0.000972
v 0.049452 -0.057004 -0.001568
v 0.049922 -0.056114 0.000972
v 0.050246 -0.055161 -0.001568
v 0.050246 -0.055161 0.000972
v 0.048848 -0.057808 -0.001568
v 0.042761 -0.062532 0.000972
v 0.042761 -0.062532 -0.001568
v 0.045479 -0.060583 -0.001568
v 0.037106 -0.066046 -0.001568
v 0.034134 -0.067628 0.000972
v 0.039969 -0.064353 0.000972
v 0.024935 -0.071535 -0.001568
v 0.028051 -0.070371 0.000972
v 0.031118 -0.069069 0.000972
v 0.015284 -0.074197 -0.001568
v 0.018551 -0.073448 -0.001568
v 0.021768 -0.072560 -0.001568
v 0.021728 -0.072571 0.000972
v 0.018508 -0.073459 0.000972
v 0.008691 -0.075255 -0.001568
v 0.005367 -0.075564 -0.001568
v -0.004656 -0.075612 -0.001568
v 0.001998 -0.075730 0.000972
v -0.014605 -0.074335 -0.001568
v -0.011315 -0.074906 -0.001568
v -0.014632 -0.074328 0.000972
v -0.011328 -0.074905 0.000972
v -0.017903 -0.073609 0.000972
v -0.030507 -0.069341 0.000972
v -0.030507 -0.069341 -0.001568
v -0.033538 -0.067927 -0.001568
v -0.038103 -0.065140 0.000972
v -0.037361 -0.065820 0.000972
v -0.039222 -0.063476 -0.001568
v -0.039571 -0.062532 0.000972
v -0.039571 -0.062532 -0.001568
v -0.039222 -0.063476 0.000972
v -0.038729 -0.064353 -0.001568
v -0.038729 -0.064353 0.000972
v -0.039682 -0.059542 0.000972
v -0.039682 -0.059542 -0.001568
v -0.039804 -0.060540 -0.001568
v -0.039804 -0.060540 0.000972
v -0.039767 -0.061545 -0.001568
v 0.048434 -0.050969 -0.002838
v 0.038978 -0.063473 -0.002838
v 0.049015 -0.054850 -0.002838
v 0.047317 -0.057526 -0.002838
v 0.049150 -0.054056 -0.002838
v 0.049039 -0.052455 -0.002838
v 0.048380 -0.056323 -0.002838
v 0.048756 -0.055612 -0.002838
v 0.047896 -0.056967 -0.002838
v 0.029904 -0.068218 -0.002838
v 0.006869 -0.074167 -0.002838
v 0.003474 -0.074405 -0.002838
v 0.026761 -0.069513 -0.002838
v 0.000071 -0.074486 -0.002838
v -0.013513 -0.073249 -0.002838
v -0.010141 -0.073793 -0.002838
v -0.016865 -0.072550 -0.002838
v -0.035908 -0.065260 -0.002838
v -0.032862 -0.066844 -0.002838
v -0.029764 -0.068280 -0.002838
v -0.038535 -0.060594 -0.002838
v -0.037675 -0.063644 -0.002838
v -0.038349 -0.062188 -0.002838
v -0.023417 -0.070710 -0.002838
v -0.001766 0.005033 -0.002838
v 0.010262 -0.073774 -0.002838
v 0.020271 -0.071673 -0.002838
v 0.048434 -0.050969 0.002242
v 0.049158 -0.053251 0.002242
v 0.044615 -0.059644 0.002242
v 0.036044 -0.065184 0.002242
v 0.033033 -0.066760 0.002242
v 0.026778 -0.069505 0.002242
v 0.000078 -0.074486 0.002242
v 0.006914 -0.074163 0.002242
v -0.006718 -0.074181 0.002242
v -0.037872 -0.058293 0.002242
v -0.026616 -0.069569 0.002242
v -0.038535 -0.060594 0.002242
v -0.036580 -0.064818 0.002242
v -0.038349 -0.062188 0.002242
v -0.038214 -0.059022 0.002242
v -0.016823 -0.072561 0.002242
v -0.000060 0.005333 0.002242
v -0.000925 0.005252 0.002242
v 0.010295 -0.073771 0.002242
v 0.013654 -0.073223 0.002242
v 0.017011 -0.072516 0.002242
v 0.023564 -0.070660 0.002242
v 0.002238 0.004840 0.001948
v 0.002104 0.004900 0.001997
v 0.002620 0.004645 0.001783
v 0.001403 0.005145 0.002186
v 0.048263 -0.050062 0.002180
v 0.048404 -0.049943 0.002104
v 0.047964 -0.050316 0.002242
v 0.001107 0.005217 0.002227
v 0.001548 0.005103 0.002157
v 0.048649 -0.049735 0.001870
v 0.003090 0.004346 0.001526
v 0.003407 0.004102 0.001301
v 0.003305 0.004184 0.001381
v 0.048920 -0.049505 0.001171
v 0.049573 -0.054991 0.002104
v 0.049738 -0.055033 0.001999
v 0.049724 -0.054108 0.002104
v 0.049073 -0.050582 0.001999
v 0.048927 -0.050670 0.002104
v 0.049487 -0.051407 0.001999
v 0.048770 -0.050766 0.002180
v 0.048711 -0.056534 0.002180
v 0.048328 -0.057349 0.002104
v 0.048867 -0.056632 0.002104
v 0.048115 -0.050188 0.002226
v 0.048796 -0.051688 0.002242
v 0.048980 -0.051613 0.002226
v 0.048604 -0.050866 0.002226
v 0.049150 -0.054056 0.002242
v 0.049348 -0.054074 0.002226
v 0.048190 -0.057227 0.002180
v 0.048548 -0.056430 0.002226
v 0.048045 -0.057098 0.002226
v 0.049207 -0.054898 0.002226
v 0.047896 -0.056967 0.002242
v 0.047443 -0.057679 0.002226
v 0.048938 -0.055690 0.002226
v 0.049733 -0.053212 0.002104
v 0.049903 -0.053200 0.001999
v 0.049601 -0.052325 0.002104
v 0.049330 -0.051471 0.002104
v 0.049766 -0.052287 0.001999
v 0.049202 -0.050504 0.001870
v 0.049627 -0.051350 0.001870
v 0.050230 -0.055158 0.001171
v 0.050185 -0.055146 0.001364
v 0.049908 -0.056108 0.001171
v 0.050183 -0.053180 0.001718
v 0.049914 -0.052253 0.001870
v 0.050054 -0.053189 0.001870
v 0.049795 -0.056059 0.001549
v 0.049400 -0.056970 0.001364
v 0.049865 -0.056089 0.001364
v 0.050111 -0.055128 0.001549
v 0.050277 -0.054157 0.001549
v 0.049439 -0.056995 0.001171
v 0.050287 -0.053173 0.001549
v 0.050040 -0.052223 0.001718
v 0.048124 -0.058507 0.000972
v 0.048848 -0.057808 0.000972
v 0.048836 -0.057798 0.001171
v 0.050141 -0.052200 0.001549
v 0.049747 -0.051301 0.001718
v 0.048533 -0.049833 0.001999
v 0.049313 -0.050437 0.001718
v 0.048747 -0.049651 0.001718
v 0.048827 -0.049584 0.001549
v 0.049402 -0.050383 0.001549
v 0.049467 -0.050343 0.001364
v 0.049507 -0.050319 0.001171
v 0.048885 -0.049535 0.001364
v 0.049232 -0.052411 0.002226
v 0.049159 -0.051540 0.002180
v 0.049844 -0.051262 0.001549
v 0.049915 -0.051233 0.001364
v 0.049958 -0.051216 0.001171
v 0.049039 -0.052455 0.002242
v 0.049015 -0.054850 0.002242
v 0.048756 -0.055612 0.002242
v 0.049421 -0.052367 0.002180
v 0.050216 -0.052183 0.001364
v 0.050261 -0.052172 0.001171
v 0.050276 -0.052169 0.000972
v 0.049356 -0.053238 0.002226
v 0.049550 -0.053224 0.002180
v 0.050173 -0.054148 0.001718
v 0.050363 -0.053168 0.001364
v 0.050409 -0.053165 0.001171
v 0.049893 -0.054123 0.001999
v 0.049541 -0.054091 0.002180
v 0.050044 -0.054136 0.001870
v 0.050353 -0.054164 0.001364
v 0.050399 -0.054168 0.001171
v 0.049885 -0.055070 0.001870
v 0.049395 -0.054946 0.002180
v 0.050011 -0.055102 0.001718
v 0.049335 -0.056930 0.001549
v 0.048380 -0.056323 0.002242
v 0.049285 -0.055840 0.002104
v 0.049441 -0.055907 0.001999
v 0.049116 -0.055767 0.002180
v 0.049581 -0.055967 0.001870
v 0.049699 -0.056018 0.001718
v 0.049010 -0.056723 0.001999
v 0.049138 -0.056804 0.001870
v 0.049247 -0.056874 0.001718
v 0.048456 -0.057461 0.001999
v 0.048569 -0.057562 0.001870
v 0.048666 -0.057647 0.001718
v 0.048744 -0.057716 0.001549
v 0.048801 -0.057767 0.001364
v 0.047683 -0.057971 0.002104
v 0.047791 -0.058102 0.001999
v 0.048114 -0.058494 0.001171
v 0.020314 -0.071661 0.002242
v 0.025465 -0.070209 0.002226
v 0.029944 -0.068200 0.002242
v 0.036989 -0.064882 0.002226
v 0.041835 -0.061626 0.002242
v 0.038978 -0.063473 0.002242
v 0.013206 -0.073508 0.002226
v 0.047317 -0.057526 0.002242
v 0.037085 -0.065050 0.002180
v 0.047566 -0.057829 0.002180
v 0.000564 -0.074683 0.002226
v 0.003506 -0.074402 0.002242
v -0.003319 -0.074412 0.002242
v -0.012093 -0.073700 0.002226
v -0.024401 -0.070587 0.002226
v -0.024464 -0.070770 0.002180
v -0.012124 -0.073891 0.002180
v -0.013495 -0.073254 0.002242
v -0.010118 -0.073794 0.002242
v -0.020126 -0.071714 0.002242
v -0.023404 -0.070713 0.002242
v -0.012154 -0.074073 0.002104
v -0.024524 -0.070944 0.002104
v 0.013272 -0.073880 0.002104
v 0.013302 -0.074047 0.001999
v 0.025594 -0.070564 0.002104
v -0.029764 -0.068280 0.002242
v -0.032862 -0.066844 0.002242
v -0.035908 -0.065260 0.002242
v 0.037260 -0.065358 0.001999
v 0.037176 -0.065210 0.002104
v 0.037335 -0.065489 0.001870
v 0.005324 -0.075568 0.000972
v 0.013392 -0.074547 0.001171
v 0.000572 -0.075739 0.001171
v 0.047888 -0.058219 0.001870
v -0.012256 -0.074695 0.001364
v 0.000572 -0.075692 0.001364
v 0.000572 -0.075616 0.001549
v -0.004701 -0.075609 0.000972
v -0.001352 -0.075743 0.000972
v -0.027428 -0.070617 0.000972
v -0.024746 -0.071585 0.001171
v -0.021126 -0.072751 0.000972
v -0.036513 -0.066359 0.001171
v -0.036520 -0.066373 0.000972
v -0.033538 -0.067927 0.000972
v -0.012264 -0.074741 0.001171
v -0.024301 -0.071753 0.000972
v -0.008026 -0.075329 0.000972
v 0.013384 -0.074501 0.001364
v -0.012244 -0.074620 0.001549
v 0.025748 -0.070988 0.001718
v 0.025783 -0.071086 0.001549
v 0.037399 -0.065602 0.001718
v 0.013370 -0.074426 0.001549
v 0.008648 -0.075259 0.000972
v 0.011971 -0.074803 0.000972
v 0.047970 -0.058319 0.001718
v 0.015262 -0.074203 0.000972
v 0.037451 -0.065692 0.001549
v 0.025825 -0.071202 0.001171
v 0.037488 -0.065758 0.001364
v 0.048036 -0.058400 0.001549
v 0.024922 -0.071538 0.000972
v 0.037512 -0.065799 0.001171
v 0.048084 -0.058459 0.001364
v 0.037100 -0.066049 0.000972
v 0.045479 -0.060583 0.000972
v 0.025652 -0.070724 0.001999
v 0.025531 -0.070391 0.002180
v 0.025703 -0.070867 0.001870
v 0.025809 -0.071158 0.001364
v 0.013329 -0.074196 0.001870
v 0.013240 -0.073699 0.002180
v 0.013352 -0.074324 0.001718
v 0.000567 -0.075061 0.002104
v 0.000569 -0.075231 0.001999
v 0.000566 -0.074877 0.002180
v 0.000570 -0.075382 0.001870
v 0.000571 -0.075512 0.001718
v -0.012182 -0.074240 0.001999
v -0.012206 -0.074390 0.001870
v -0.012227 -0.074518 0.001718
v -0.024580 -0.071105 0.001999
v -0.024630 -0.071248 0.001870
v -0.024672 -0.071370 0.001718
v -0.024706 -0.071468 0.001549
v -0.024731 -0.071541 0.001364
v -0.036186 -0.065765 0.002104
v -0.036341 -0.066047 0.001870
v -0.037720 -0.064783 0.001999
v -0.037039 -0.065406 0.001999
v -0.036935 -0.065272 0.002104
v -0.037320 -0.064410 0.002226
v -0.036702 -0.064974 0.002226
v -0.036097 -0.065604 0.002180
v -0.036004 -0.065434 0.002226
v -0.036821 -0.065127 0.002180
v -0.039247 -0.061485 0.001999
v -0.038904 -0.062344 0.002104
v -0.039078 -0.061465 0.002104
v -0.038540 -0.062242 0.002226
v -0.038070 -0.062943 0.002242
v -0.038822 -0.059717 0.002180
v -0.038754 -0.058819 0.002104
v -0.039002 -0.059680 0.002104
v -0.038733 -0.060586 0.002226
v -0.038632 -0.059756 0.002226
v -0.038702 -0.061421 0.002226
v -0.038400 -0.058952 0.002226
v -0.038045 -0.058195 0.002226
v -0.038582 -0.058884 0.002180
v -0.037596 -0.064668 0.002104
v -0.038294 -0.064061 0.001999
v -0.038593 -0.063185 0.002104
v -0.038747 -0.063256 0.001999
v -0.038153 -0.063966 0.002104
v -0.038213 -0.058099 0.002180
v -0.037831 -0.064887 0.001870
v -0.037132 -0.065526 0.001870
v -0.039751 -0.061544 0.001171
v -0.039705 -0.061538 0.001364
v -0.039788 -0.060541 0.001171
v -0.039002 -0.063374 0.001718
v -0.038420 -0.064145 0.001870
v -0.038885 -0.063320 0.001870
v -0.039665 -0.060546 0.001549
v -0.039621 -0.059554 0.001364
v -0.039742 -0.060543 0.001364
v -0.039629 -0.061530 0.001549
v -0.039438 -0.062495 0.001549
v -0.039666 -0.059545 0.001171
v -0.039097 -0.063418 0.001549
v -0.038528 -0.064217 0.001718
v -0.039403 -0.058575 0.000972
v -0.039389 -0.058580 0.001171
v -0.038614 -0.064275 0.001549
v -0.037926 -0.064975 0.001718
v -0.036268 -0.065914 0.001999
v -0.037276 -0.065710 0.001549
v -0.036403 -0.066160 0.001718
v -0.037212 -0.065628 0.001718
v -0.036454 -0.066252 0.001549
v -0.037322 -0.065771 0.001364
v -0.037351 -0.065807 0.001171
v -0.036490 -0.066318 0.001364
v -0.037174 -0.064274 0.002242
v -0.037840 -0.063755 0.002226
v -0.037461 -0.064542 0.002180
v -0.038002 -0.065046 0.001549
v -0.038058 -0.065098 0.001364
v -0.038092 -0.065130 0.001171
v -0.037675 -0.063644 0.002242
v -0.038505 -0.061398 0.002242
v -0.038000 -0.063863 0.002180
v -0.038677 -0.064318 0.001364
v -0.038716 -0.064344 0.001171
v -0.038250 -0.063026 0.002226
v -0.038426 -0.063108 0.002180
v -0.039338 -0.062467 0.001718
v -0.039166 -0.063450 0.001364
v -0.039208 -0.063469 0.001171
v -0.039067 -0.062390 0.001999
v -0.038727 -0.062294 0.002180
v -0.039213 -0.062431 0.001870
v -0.039511 -0.062516 0.001364
v -0.039556 -0.062528 0.001171
v -0.039397 -0.061502 0.001870
v -0.038895 -0.061444 0.002180
v -0.039526 -0.061517 0.001718
v -0.039546 -0.059569 0.001549
v -0.039767 -0.061545 0.000972
v -0.038437 -0.059795 0.002242
v -0.039111 -0.060570 0.002104
v -0.039281 -0.060562 0.001999
v -0.038927 -0.060577 0.002180
v -0.039432 -0.060556 0.001870
v -0.039561 -0.060550 0.001718
v -0.039169 -0.059646 0.001999
v -0.039317 -0.059616 0.001870
v -0.039444 -0.059590 0.001718
v -0.038913 -0.058759 0.001999
v -0.039055 -0.058706 0.001870
v -0.039176 -0.058660 0.001718
v -0.039274 -0.058624 0.001549
v -0.039345 -0.058597 0.001364
v -0.038521 -0.057923 0.001999
v -0.038855 -0.057733 0.001549
v -0.038962 -0.057672 0.001171
v -0.002894 0.004480 0.002027
v -0.003145 0.004307 0.001925
v -0.003022 0.004395 0.001978
v -0.003266 0.004217 0.001869
v -0.038652 -0.057848 0.001870
v -0.003382 0.004124 0.001810
v -0.038765 -0.057784 0.001718
v -0.038922 -0.057695 0.001364
v -0.038373 -0.058008 0.002104
v -0.004251 0.003222 0.001115
v -0.038976 -0.057664 0.000972
v -0.002630 0.004640 0.002114
v -0.002353 0.004786 0.002181
v -0.001916 0.004977 0.002238
v -0.001766 0.005033 0.002242
v -0.003744 0.003799 -0.002190
v -0.038765 -0.057784 -0.002315
v -0.003540 0.003990 -0.002319
v -0.038521 -0.057923 -0.002595
v -0.003093 0.004345 -0.002544
v -0.003433 0.004082 -0.002379
v -0.002192 0.004862 -0.002805
v -0.038213 -0.058099 -0.002776
v -0.002596 0.004659 -0.002719
v -0.037872 -0.058293 -0.002838
v -0.003210 0.004260 -0.002492
v -0.003840 0.003702 -0.002122
v -0.003933 0.003603 -0.002051
v -0.004106 0.003404 -0.001897
v -0.004022 0.003504 -0.001977
v -0.004185 0.003307 -0.001809
v -0.004254 0.003218 -0.001706
v -0.038976 -0.057664 -0.001568
v -0.004290 0.003170 -0.001568
v -0.037322 -0.065771 -0.001960
v -0.036454 -0.066252 -0.002145
v -0.037720 -0.064783 -0.002595
v -0.038420 -0.064145 -0.002466
v -0.038294 -0.064061 -0.002595
v -0.037132 -0.065526 -0.002466
v -0.036268 -0.065914 -0.002595
v -0.038747 -0.063256 -0.002595
v -0.039067 -0.062390 -0.002595
v -0.038593 -0.063185 -0.002700
v -0.038733 -0.060586 -0.002822
v -0.038702 -0.061421 -0.002822
v -0.038927 -0.060577 -0.002776
v -0.038000 -0.063863 -0.002776
v -0.038153 -0.063966 -0.002700
v -0.038904 -0.062344 -0.002700
v -0.038426 -0.063108 -0.002776
v -0.038400 -0.058952 -0.002822
v -0.038437 -0.059795 -0.002838
v -0.038632 -0.059756 -0.002822
v -0.038045 -0.058195 -0.002822
v -0.038214 -0.059022 -0.002838
v -0.038895 -0.061444 -0.002776
v -0.037039 -0.065406 -0.002595
v -0.037212 -0.065628 -0.002315
v -0.036097 -0.065604 -0.002776
v -0.036935 -0.065272 -0.002700
v -0.036821 -0.065127 -0.002776
v -0.036403 -0.066160 -0.002315
v -0.036004 -0.065434 -0.002822
v -0.036702 -0.064974 -0.002822
v -0.037831 -0.064887 -0.002466
v -0.039751 -0.061544 -0.001767
v -0.039556 -0.062528 -0.001767
v -0.037276 -0.065710 -0.002145
v -0.037351 -0.065807 -0.001767
v -0.037361 -0.065820 -0.001568
v -0.038103 -0.065140 -0.001568
v -0.037926 -0.064975 -0.002315
v -0.038002 -0.065046 -0.002145
v -0.036520 -0.066373 -0.001568
v -0.039002 -0.063374 -0.002315
v -0.038528 -0.064217 -0.002315
v -0.039097 -0.063418 -0.002145
v -0.038885 -0.063320 -0.002466
v -0.039338 -0.062467 -0.002315
v -0.039213 -0.062431 -0.002466
v -0.039666 -0.059545 -0.001767
v -0.039788 -0.060541 -0.001767
v -0.039438 -0.062495 -0.002145
v -0.038962 -0.057672 -0.001767
v -0.038922 -0.057695 -0.001960
v -0.039345 -0.058597 -0.001960
v -0.039389 -0.058580 -0.001767
v -0.039621 -0.059554 -0.001960
v -0.038092 -0.065130 -0.001767
v -0.038716 -0.064344 -0.001767
v -0.038058 -0.065098 -0.001960
v -0.038614 -0.064275 -0.002145
v -0.037596 -0.064668 -0.002700
v -0.037461 -0.064542 -0.002776
v -0.036580 -0.064818 -0.002838
v -0.037320 -0.064410 -0.002822
v -0.039208 -0.063469 -0.001767
v -0.038677 -0.064318 -0.001960
v -0.037840 -0.063755 -0.002822
v -0.037174 -0.064274 -0.002838
v -0.039166 -0.063450 -0.001960
v -0.038250 -0.063026 -0.002822
v -0.039403 -0.058575 -0.001568
v -0.039511 -0.062516 -0.001960
v -0.038727 -0.062294 -0.002776
v -0.039078 -0.061465 -0.002700
v -0.038070 -0.062943 -0.002838
v -0.038540 -0.062242 -0.002822
v -0.039629 -0.061530 -0.002145
v -0.039705 -0.061538 -0.001960
v -0.039526 -0.061517 -0.002315
v -0.039397 -0.061502 -0.002466
v -0.039247 -0.061485 -0.002595
v -0.039665 -0.060546 -0.002145
v -0.039742 -0.060543 -0.001960
v -0.039561 -0.060550 -0.002315
v -0.039432 -0.060556 -0.002466
v -0.039281 -0.060562 -0.002595
v -0.039111 -0.060570 -0.002700
v -0.038505 -0.061398 -0.002838
v -0.039546 -0.059569 -0.002145
v -0.039444 -0.059590 -0.002315
v -0.039317 -0.059616 -0.002466
v -0.039169 -0.059646 -0.002595
v -0.039002 -0.059680 -0.002700
v -0.038822 -0.059717 -0.002776
v -0.038582 -0.058884 -0.002776
v -0.039274 -0.058624 -0.002145
v -0.039176 -0.058660 -0.002315
v -0.039055 -0.058706 -0.002466
v -0.038913 -0.058759 -0.002595
v -0.038754 -0.058819 -0.002700
v -0.038855 -0.057733 -0.002145
v -0.038652 -0.057848 -0.002466
v -0.038373 -0.058008 -0.002700
v 0.048114 -0.058494 -0.001767
v 0.037512 -0.065799 -0.001767
v -0.006763 -0.074178 -0.002838
v -0.012093 -0.073700 -0.002822
v 0.000564 -0.074683 -0.002822
v -0.012124 -0.073891 -0.002776
v -0.024464 -0.070770 -0.002776
v -0.024401 -0.070587 -0.002822
v -0.026616 -0.069569 -0.002838
v -0.003358 -0.074409 -0.002838
v -0.020167 -0.071704 -0.002838
v 0.013240 -0.073699 -0.002776
v 0.000566 -0.074877 -0.002776
v 0.013206 -0.073508 -0.002822
v 0.025531 -0.070391 -0.002776
v 0.025594 -0.070564 -0.002700
v 0.013272 -0.073880 -0.002700
v 0.037176 -0.065210 -0.002700
v 0.037260 -0.065358 -0.002595
v 0.025652 -0.070724 -0.002595
v 0.016973 -0.072526 -0.002838
v 0.013648 -0.073225 -0.002838
v 0.037335 -0.065489 -0.002466
v 0.025748 -0.070988 -0.002315
v 0.025703 -0.070867 -0.002466
v 0.025465 -0.070209 -0.002822
v 0.047683 -0.057971 -0.002700
v 0.032995 -0.066777 -0.002838
v 0.037085 -0.065050 -0.002776
v 0.036989 -0.064882 -0.002822
v 0.041835 -0.061626 -0.002838
v 0.044615 -0.059644 -0.002838
v 0.037399 -0.065602 -0.002315
v 0.048036 -0.058400 -0.002145
v 0.037451 -0.065692 -0.002145
v 0.013392 -0.074547 -0.001767
v 0.011989 -0.074801 -0.001568
v 0.034169 -0.067612 -0.001568
v 0.048084 -0.058459 -0.001960
v 0.039969 -0.064353 -0.001568
v 0.048124 -0.058507 -0.001568
v 0.031159 -0.069049 -0.001568
v 0.028077 -0.070359 -0.001568
v 0.025825 -0.071202 -0.001767
v 0.037488 -0.065758 -0.001960
v 0.025783 -0.071086 -0.002145
v 0.000572 -0.075739 -0.001767
v -0.001328 -0.075745 -0.001568
v -0.007985 -0.075332 -0.001568
v -0.012264 -0.074741 -0.001767
v -0.017859 -0.073620 -0.001568
v -0.021089 -0.072760 -0.001568
v -0.024746 -0.071585 -0.001767
v -0.012244 -0.074620 -0.002145
v 0.000571 -0.075512 -0.002315
v 0.000572 -0.075616 -0.002145
v -0.024731 -0.071541 -0.001960
v -0.036513 -0.066359 -0.001767
v -0.036490 -0.066318 -0.001960
v -0.012256 -0.074695 -0.001960
v -0.027428 -0.070617 -0.001568
v -0.024295 -0.071755 -0.001568
v 0.002016 -0.075728 -0.001568
v 0.025809 -0.071158 -0.001960
v -0.012154 -0.074073 -0.002700
v 0.036032 -0.065189 -0.002838
v 0.013370 -0.074426 -0.002145
v 0.013384 -0.074501 -0.001960
v 0.013352 -0.074324 -0.002315
v 0.013329 -0.074196 -0.002466
v 0.013302 -0.074047 -0.002595
v 0.023541 -0.070666 -0.002838
v 0.000572 -0.075692 -0.001960
v 0.000570 -0.075382 -0.002466
v 0.000569 -0.075231 -0.002595
v 0.000567 -0.075061 -0.002700
v -0.012227 -0.074518 -0.002315
v -0.012206 -0.074390 -0.002466
v -0.012182 -0.074240 -0.002595
v -0.024706 -0.071468 -0.002145
v -0.024672 -0.071370 -0.002315
v -0.024630 -0.071248 -0.002466
v -0.024580 -0.071105 -0.002595
v -0.024524 -0.070944 -0.002700
v -0.036341 -0.066047 -0.002466
v -0.036186 -0.065765 -0.002700
v 0.049467 -0.050343 -0.001960
v 0.049601 -0.052325 -0.002700
v 0.049733 -0.053212 -0.002700
v 0.049421 -0.052367 -0.002776
v 0.049202 -0.050504 -0.002466
v 0.048533 -0.049833 -0.002595
v 0.048649 -0.049735 -0.002466
v 0.049724 -0.054108 -0.002700
v 0.049550 -0.053224 -0.002776
v 0.049116 -0.055767 -0.002776
v 0.048938 -0.055690 -0.002822
v 0.049207 -0.054898 -0.002822
v 0.049395 -0.054946 -0.002776
v 0.048548 -0.056430 -0.002822
v 0.048045 -0.057098 -0.002822
v 0.049487 -0.051407 -0.002595
v 0.049914 -0.052253 -0.002466
v 0.049766 -0.052287 -0.002595
v 0.049903 -0.053200 -0.002595
v 0.049893 -0.054123 -0.002595
v 0.047443 -0.057679 -0.002822
v 0.049073 -0.050582 -0.002595
v 0.049313 -0.050437 -0.002314
v 0.048263 -0.050062 -0.002776
v 0.048927 -0.050670 -0.002700
v 0.048770 -0.050766 -0.002776
v 0.048747 -0.049651 -0.002314
v 0.048115 -0.050188 -0.002822
v 0.048604 -0.050866 -0.002822
v 0.047964 -0.050316 -0.002838
v 0.049627 -0.051350 -0.002466
v 0.050230 -0.055158 -0.001767
v 0.050399 -0.054168 -0.001767
v 0.049402 -0.050383 -0.002145
v 0.049507 -0.050319 -0.001767
v 0.049747 -0.051301 -0.002314
v 0.049844 -0.051262 -0.002145
v 0.048932 -0.049494 -0.001568
v 0.050183 -0.053180 -0.002314
v 0.050040 -0.052223 -0.002314
v 0.050287 -0.053173 -0.002145
v 0.050173 -0.054148 -0.002315
v 0.050044 -0.054136 -0.002466
v 0.050054 -0.053189 -0.002466
v 0.049439 -0.056995 -0.001767
v 0.049908 -0.056108 -0.001767
v 0.050277 -0.054157 -0.002145
v 0.048801 -0.057767 -0.001960
v 0.049922 -0.056114 -0.001568
v 0.048836 -0.057798 -0.001767
v 0.049400 -0.056970 -0.001960
v 0.050415 -0.054170 -0.001568
v 0.049958 -0.051216 -0.001767
v 0.050276 -0.052169 -0.001568
v 0.050261 -0.052172 -0.001767
v 0.049915 -0.051233 -0.001960
v 0.050141 -0.052200 -0.002145
v 0.049330 -0.051471 -0.002700
v 0.049159 -0.051540 -0.002776
v 0.048980 -0.051613 -0.002822
v 0.050409 -0.053165 -0.001767
v 0.050425 -0.053164 -0.001568
v 0.050216 -0.052183 -0.001960
v 0.049232 -0.052411 -0.002822
v 0.048796 -0.051688 -0.002838
v 0.050363 -0.053168 -0.001960
v 0.049356 -0.053238 -0.002822
v 0.050353 -0.054164 -0.001960
v 0.049573 -0.054991 -0.002700
v 0.049541 -0.054091 -0.002776
v 0.049158 -0.053251 -0.002838
v 0.049348 -0.054074 -0.002822
v 0.050111 -0.055128 -0.002145
v 0.050185 -0.055146 -0.001960
v 0.050011 -0.055102 -0.002315
v 0.049885 -0.055070 -0.002466
v 0.049738 -0.055033 -0.002595
v 0.049795 -0.056059 -0.002145
v 0.049865 -0.056089 -0.001960
v 0.049699 -0.056018 -0.002315
v 0.049581 -0.055967 -0.002466
v 0.049441 -0.055907 -0.002595
v 0.049285 -0.055840 -0.002700
v 0.049335 -0.056930 -0.002145
v 0.049247 -0.056874 -0.002315
v 0.049138 -0.056804 -0.002466
v 0.049010 -0.056723 -0.002595
v 0.048867 -0.056632 -0.002700
v 0.048711 -0.056534 -0.002776
v 0.048190 -0.057227 -0.002776
v 0.048744 -0.057716 -0.002145
v 0.048666 -0.057647 -0.002315
v 0.048569 -0.057562 -0.002466
v 0.048456 -0.057461 -0.002595
v 0.048328 -0.057349 -0.002700
v 0.047970 -0.058319 -0.002315
v 0.047888 -0.058219 -0.002466
v 0.047791 -0.058102 -0.002595
v 0.047566 -0.057829 -0.002776
v 0.002296 0.004813 -0.002521
v 0.002816 0.004528 -0.002280
v 0.048827 -0.049584 -0.002145
v 0.003174 0.004285 -0.002069
v 0.003058 0.004369 -0.002142
v 0.048885 -0.049535 -0.001960
v 0.048920 -0.049505 -0.001767
v 0.048404 -0.049943 -0.002700
v 0.003494 0.004028 -0.001818
v 0.003583 0.003950 -0.001711
v 0.003631 0.003906 -0.001568
v 0.001728 0.005045 -0.002710
v 0.001580 0.005093 -0.002746
v 0.001276 0.005178 -0.002803
v 0.001429 0.005138 -0.002777
v 0.001121 0.005214 -0.002822
v 0.000964 0.005245 -0.002834
v 0.000806 0.005272 -0.002838
vn 0.9178 -0.3953 0.0383
vn 0.9686 -0.2455 -0.0406
vn 0.9686 -0.2455 0.0406
vn 0.2680 -0.9262 0.2651
vn 0.2685 -0.9264 -0.2640
vn 0.3101 -0.9428 -0.1226
vn 0.5258 -0.8083 0.2650
vn 0.5651 -0.8249 -0.0131
vn 0.5415 -0.7898 0.2879
vn 0.2641 0.2024 0.9430
vn 0.3181 0.7398 0.5929
vn 0.3114 0.7187 0.6218
vn 0.4401 -0.1114 0.8910
vn 0.5700 -0.1443 0.8089
vn 0.4522 -0.0406 0.8910
vn 0.2612 -0.1656 0.9510
vn 0.3402 -0.3007 0.8910
vn 0.3834 -0.2432 0.8910
vn 0.2316 -0.2047 0.9510
vn 0.1321 -0.0838 0.9877
vn 0.1172 -0.1036 0.9877
vn 0.5500 0.2183 0.8061
vn 0.4206 0.1709 0.8910
vn 0.5726 0.1326 0.8090
vn 0.9575 -0.2424 0.1565
vn 0.9221 -0.2334 0.3087
vn 0.9071 -0.3907 0.1563
vn 0.8072 0.0559 0.5876
vn 0.6888 0.1597 0.7071
vn 0.7055 0.0489 0.7070
vn 0.8638 -0.2190 0.4538
vn 0.8876 -0.0794 0.4538
vn 0.8888 0.0614 0.4541
vn 0.7881 0.1825 0.5879
vn 0.4711 0.3657 0.8027
vn 0.5094 0.3087 0.8032
vn 0.6036 0.3408 0.7208
vn 0.8132 0.4931 0.3091
vn 0.8542 0.4870 0.1820
vn 0.7289 0.6243 0.2808
vn 0.6561 0.6035 0.4531
vn 0.7619 0.4631 0.4528
vn 0.1193 0.1011 0.9877
vn 0.1394 0.0847 0.9866
vn 0.2672 0.1599 0.9503
vn 0.7153 0.4093 0.5664
vn 0.7498 0.3048 0.5873
vn 0.8252 0.3357 0.4542
vn 0.2873 0.1189 0.9504
vn 0.8810 0.3583 0.3090
vn 0.3896 0.2413 0.8888
vn 0.1518 0.0611 0.9865
vn 0.3012 0.0699 0.9510
vn 0.6580 0.2646 0.7050
vn 0.4481 0.0987 0.8885
vn 0.9267 0.2147 0.3085
vn 0.8683 0.2024 0.4528
vn 0.9623 0.2229 0.1561
vn 0.9714 0.2370 0.0157
vn 0.9153 0.3724 0.1533
vn 0.1551 0.0392 0.9871
vn 0.4577 0.0269 0.8887
vn 0.8058 -0.0721 0.5879
vn 0.9854 0.0683 0.1561
vn 0.9496 0.0681 0.3059
vn 0.1562 0.0115 0.9877
vn 0.0256 -0.0253 0.9994
vn 0.5855 -0.0525 0.8090
vn 0.3102 0.0240 0.9504
vn 0.7044 -0.0632 0.7070
vn 0.5923 0.0395 0.8047
vn 0.9473 -0.0851 0.3088
vn 0.9837 -0.0883 0.1566
vn 0.3103 -0.0257 0.9503
vn 0.2998 -0.0759 0.9510
vn 0.1624 -0.0151 0.9866
vn 0.7842 -0.1986 0.5878
vn 0.6873 -0.1723 0.7057
vn 0.1560 -0.0361 0.9871
vn 0.0008 -0.0885 0.9961
vn 0.1034 -0.0658 0.9925
vn 0.5439 -0.2314 0.8066
vn 0.6492 -0.2801 0.7071
vn 0.4194 -0.1862 0.8885
vn 0.7457 -0.3191 0.5849
vn 0.8193 -0.3528 0.4520
vn 0.8738 -0.3761 0.3083
vn 0.2869 -0.1234 0.9500
vn 0.5973 -0.3787 0.7070
vn 0.5022 -0.3128 0.8062
vn 0.8047 -0.5079 0.3074
vn 0.8342 -0.5288 0.1562
vn 0.1479 -0.0599 0.9872
vn 0.0193 -0.0508 0.9985
vn 0.4404 -0.3894 0.8090
vn 0.6831 -0.4346 0.5869
vn 0.6062 -0.5359 0.5877
vn 0.7529 -0.4778 0.4525
vn 0.6676 -0.5900 0.4540
vn 0.5342 -0.4673 0.7045
vn 0.7128 -0.6300 0.3083
vn 0.6148 -0.7665 0.1858
vn 0.7396 -0.6546 0.1568
vn 0.2144 -0.0294 -0.9763
vn -0.0469 -0.0869 0.9951
vn 0.0768 -0.1344 0.9879
vn -0.2510 0.4023 0.8804
vn -0.0439 -0.0415 0.9982
vn -0.0545 -0.1477 0.9875
vn -0.4850 -0.8584 0.1672
vn -0.4833 -0.8754 0.0054
vn -0.5631 -0.8148 0.1375
vn -0.3226 -0.9361 0.1405
vn -0.5318 -0.8354 0.1391
vn -0.4170 -0.9025 0.1075
vn 0.2048 -0.5542 0.8068
vn 0.2411 -0.6649 0.7070
vn 0.2944 -0.5180 0.8031
vn 0.3487 -0.6175 0.7051
vn 0.1426 -0.7950 0.5896
vn 0.1272 -0.6970 0.7057
vn 0.2762 -0.7624 0.5851
vn 0.0870 -0.4516 0.8880
vn 0.0033 -0.4544 0.8908
vn 0.0044 -0.5878 0.8090
vn 0.1046 -0.5863 0.8033
vn 0.0054 -0.7071 0.7071
vn -0.0250 -0.1526 0.9880
vn 0.0854 -0.0039 0.9963
vn -0.0668 -0.0219 0.9975
vn -0.1145 -0.6978 0.7070
vn -0.0916 -0.5846 0.8062
vn -0.1302 -0.7971 0.5896
vn 0.0051 -0.8083 0.5888
vn -0.4787 -0.8499 0.2203
vn -0.0799 -0.4521 0.8884
vn -0.1920 -0.5556 0.8090
vn -0.1454 -0.4349 0.8886
vn -0.3182 -0.6334 0.7053
vn -0.2355 -0.6694 0.7046
vn -0.4299 -0.4009 0.8090
vn -0.3825 -0.4760 0.7919
vn -0.2828 -0.3312 0.9002
vn -0.1390 -0.2668 0.9537
vn -0.0945 -0.1492 0.9843
vn -0.1899 -0.2438 0.9510
vn -0.5838 -0.0680 0.8090
vn -0.4370 -0.1232 0.8910
vn -0.4509 -0.0526 0.8910
vn -0.1521 0.0573 0.9867
vn -0.2893 0.1087 0.9510
vn -0.1574 0.0287 0.9871
vn -0.3320 -0.3096 0.8910
vn -0.4879 -0.3279 0.8090
vn -0.4121 -0.1907 0.8909
vn -0.5335 -0.2471 0.8089
vn -0.3768 -0.2535 0.8909
vn -0.1548 0.0872 0.9841
vn -0.2625 0.1431 0.9543
vn -0.9811 -0.1146 0.1557
vn -0.9446 -0.1103 0.3090
vn -0.9869 0.0419 0.1561
vn -0.7343 -0.3398 0.5876
vn -0.5868 -0.3946 0.7071
vn -0.6417 -0.2971 0.7071
vn -0.8902 0.0377 0.4541
vn -0.9319 0.1899 0.3091
vn -0.9503 0.0402 0.3087
vn -0.6733 -0.4505 0.5863
vn -0.7394 -0.4972 0.4539
vn -0.5916 -0.5518 0.5878
vn -0.2976 -0.5024 0.8118
vn -0.4337 -0.5599 0.7060
vn -0.1128 -0.1416 0.9835
vn -0.1193 -0.1064 0.9871
vn 0.0360 -0.0265 0.9990
vn -0.1299 -0.0873 0.9877
vn -0.4962 -0.6400 0.5867
vn -0.6516 -0.6078 0.4538
vn -0.2261 -0.2132 0.9505
vn -0.6955 -0.6487 0.3089
vn -0.5488 -0.7034 0.4518
vn -0.6260 -0.7583 0.1819
vn -0.5829 -0.7519 0.3079
vn -0.7222 -0.6740 0.1557
vn -0.1020 -0.0686 0.9924
vn -0.5192 -0.4819 0.7059
vn -0.0482 0.0334 0.9983
vn -0.1420 -0.0657 0.9877
vn -0.8596 -0.2430 0.4495
vn -0.7787 -0.2195 0.5877
vn -0.8088 -0.3750 0.4530
vn -0.8632 -0.3993 0.3088
vn -0.8197 -0.5505 0.1581
vn -0.7897 -0.5308 0.3078
vn -0.8963 -0.4149 0.1562
vn -0.2976 -0.0839 0.9510
vn -0.2829 -0.1289 0.9505
vn -0.5689 -0.1652 0.8056
vn -0.6807 -0.1920 0.7069
vn -0.1539 -0.0466 0.9870
vn -0.8037 -0.0939 0.5876
vn -0.7045 -0.0848 0.7046
vn -0.8862 -0.1019 0.4519
vn -0.8731 0.1779 0.4538
vn -0.9167 -0.2582 0.3050
vn -0.3097 -0.0362 0.9502
vn -0.4577 0.0237 0.8888
vn -0.9507 -0.2683 0.1557
vn -0.4494 0.0872 0.8891
vn -0.3118 0.0132 0.9500
vn -0.3042 0.0640 0.9505
vn -0.5760 0.1174 0.8090
vn -0.5896 0.0294 0.8072
vn -0.7929 0.1615 0.5876
vn -0.8092 0.0368 0.5864
vn -0.7119 0.0304 0.7016
vn -0.6958 0.1385 0.7047
vn -0.5503 0.2069 0.8089
vn -0.6619 0.2489 0.7071
vn -0.4312 0.1568 0.8886
vn -0.8342 0.3139 0.4535
vn -0.8902 0.3347 0.3091
vn -0.7584 0.2843 0.5865
vn -0.9679 0.1971 0.1561
vn -0.9247 0.3474 0.1557
vn -0.0598 0.0351 0.9976
vn -0.5156 0.2921 0.8055
vn -0.6593 0.6227 0.4214
vn -0.6758 0.6340 0.3759
vn -0.6289 0.3258 0.7059
vn -0.7035 0.5637 0.4329
vn -0.7106 0.3557 0.6071
vn -0.8390 0.5404 -0.0634
vn -0.8664 0.4973 -0.0451
vn -0.8635 0.5043 0.0067
vn -0.4299 -0.4009 -0.8090
vn -0.5869 -0.3945 -0.7071
vn -0.4879 -0.3279 -0.8090
vn -0.1464 0.0551 -0.9877
vn -0.0257 -0.0227 -0.9994
vn -0.1533 0.0312 -0.9877
vn -0.0020 0.0860 -0.9963
vn -0.3611 -0.4638 -0.8090
vn -0.2635 -0.5189 -0.8132
vn -0.4344 -0.5583 -0.7068
vn -0.1390 -0.2668 -0.9537
vn -0.2789 -0.3582 -0.8910
vn -0.1899 -0.2438 -0.9510
vn -0.0840 -0.1482 -0.9854
vn -0.5171 -0.4824 -0.7070
vn -0.5917 -0.5517 -0.5878
vn -0.6516 -0.6077 -0.4539
vn -0.4988 -0.6382 -0.5865
vn -0.8577 -0.2417 -0.4538
vn -0.7344 -0.3413 -0.5866
vn -0.8103 -0.3728 -0.4521
vn -0.9319 0.1899 -0.3089
vn -0.9249 0.3470 -0.1556
vn -0.8904 0.3350 -0.3083
vn -0.7235 -0.6729 -0.1543
vn -0.6956 -0.6487 -0.3087
vn -0.5846 -0.7518 -0.3052
vn -0.6731 -0.4521 -0.5853
vn -0.7394 -0.4972 -0.4539
vn -0.5493 -0.7045 -0.4494
vn -0.3320 -0.3097 -0.8910
vn -0.0956 -0.1241 -0.9877
vn -0.2258 -0.2111 -0.9510
vn 0.0047 -0.0521 -0.9986
vn -0.1144 -0.1067 -0.9877
vn -0.6068 -0.7790 -0.1577
vn -0.3831 -0.2582 -0.8869
vn -0.1299 -0.0873 -0.9877
vn -0.0447 0.0452 -0.9980
vn -0.8966 -0.4148 -0.1548
vn -0.8633 -0.3993 -0.3087
vn -0.7897 -0.5309 -0.3075
vn -0.6432 -0.2979 -0.7054
vn -0.5346 -0.2513 -0.8069
vn -0.4191 -0.1880 -0.8882
vn -0.8199 -0.5504 -0.1577
vn -0.6805 -0.1921 -0.7071
vn -0.7789 -0.2208 -0.5870
vn -0.1445 -0.0702 -0.9870
vn -0.2813 -0.1323 -0.9505
vn -0.3002 -0.0827 -0.9503
vn -0.5655 -0.1605 -0.8089
vn -0.8852 -0.1033 -0.4537
vn -0.9167 -0.2564 -0.3065
vn -0.9809 -0.1152 -0.1566
vn -0.9447 -0.1103 -0.3088
vn -0.8036 -0.0939 -0.5876
vn -0.5838 -0.0680 -0.8091
vn -0.4416 -0.1303 -0.8877
vn -0.7025 -0.0822 -0.7069
vn -0.1505 -0.0432 -0.9877
vn -0.4510 -0.0536 -0.8909
vn -0.9507 -0.2681 -0.1560
vn -0.9869 0.0419 -0.1561
vn -0.9503 0.0402 -0.3087
vn -0.4536 0.0192 -0.8910
vn -0.3086 -0.0347 -0.9506
vn -0.3103 0.0116 -0.9506
vn -0.7927 0.1615 -0.5878
vn -0.7084 0.0278 -0.7053
vn -0.8107 0.0353 -0.5844
vn -0.8733 0.1775 -0.4537
vn -0.8911 0.0379 -0.4522
vn -0.5760 0.1174 -0.8090
vn -0.5942 0.0269 -0.8039
vn -0.4449 0.0907 -0.8910
vn -0.6930 0.1409 -0.7070
vn -0.2892 0.1087 -0.9511
vn -0.3065 0.0632 -0.9498
vn -0.8340 0.3138 -0.4538
vn -0.7573 0.2848 -0.5877
vn -0.6623 0.2499 -0.7064
vn -0.5502 0.2070 -0.8090
vn -0.4250 0.1599 -0.8910
vn -0.9679 0.1972 -0.1561
vn -0.6216 0.3573 -0.6971
vn 0.1896 -0.6578 -0.7289
vn 0.0260 -0.1588 -0.9870
vn -0.0582 -0.0068 -0.9983
vn 0.2916 -0.3592 -0.8866
vn 0.2973 -0.5115 -0.8062
vn 0.2229 -0.4011 -0.8885
vn -0.4285 -0.9015 -0.0613
vn -0.1934 -0.9284 -0.3172
vn -0.3235 -0.9360 -0.1386
vn 0.3501 -0.6147 -0.7067
vn 0.2411 -0.6649 -0.7069
vn 0.2005 -0.5526 -0.8090
vn 0.0768 -0.1344 -0.9880
vn -0.1181 -0.3158 0.9414
vn 0.0505 -0.0326 -0.9982
vn 0.2733 -0.7617 -0.5875
vn 0.1426 -0.7949 -0.5898
vn 0.1251 -0.6961 -0.7069
vn 0.0054 -0.7070 -0.7072
vn 0.1093 -0.5818 -0.8059
vn 0.0045 -0.5878 -0.8090
vn 0.0870 -0.4517 -0.8879
vn 0.0034 -0.4544 -0.8908
vn -0.1302 -0.7972 -0.5895
vn 0.0072 -0.8081 -0.5889
vn -0.1145 -0.6979 -0.7070
vn -0.0951 -0.5801 -0.8090
vn -0.8704 -0.4602 -0.1752
vn -0.1888 -0.5839 -0.7896
vn -0.1233 -0.4185 -0.8998
vn -0.0800 -0.4521 -0.8884
vn -0.3491 -0.6176 -0.7047
vn -0.2021 -0.6602 -0.7234
vn 0.4424 0.1024 -0.8910
vn 0.4531 0.0316 -0.8909
vn 0.3012 0.0698 -0.9510
vn 0.6048 0.3666 -0.7070
vn 0.4437 0.3771 -0.8130
vn 0.5215 0.4795 -0.7057
vn 0.4522 -0.0406 -0.8910
vn 0.3084 0.0214 -0.9510
vn 0.5446 0.2215 -0.8089
vn 0.6889 0.1597 -0.7070
vn 0.5726 0.1326 -0.8090
vn 0.5863 0.0407 -0.8090
vn 0.5855 -0.0525 -0.8090
vn 0.5028 0.3048 -0.8089
vn 0.2562 0.1783 -0.9501
vn 0.3881 0.2354 -0.8911
vn 0.2643 0.1603 -0.9510
vn 0.1298 0.0897 -0.9875
vn 0.1338 0.0811 -0.9877
vn 0.0235 0.0438 -0.9988
vn 0.6556 0.2701 -0.7052
vn 0.7493 0.3050 -0.5878
vn 0.8252 0.3357 -0.4542
vn 0.6934 0.4184 -0.5866
vn 0.8072 0.0559 -0.5877
vn 0.7881 0.1825 -0.5879
vn 0.8889 0.0614 -0.4540
vn 0.8059 -0.0721 -0.5877
vn 0.7045 -0.0632 -0.7069
vn 0.7055 0.0489 -0.7070
vn 0.9568 -0.2433 -0.1591
vn 0.9213 -0.3839 -0.0610
vn 0.9132 -0.3641 -0.1831
vn 0.9802 0.1982 0.0032
vn 0.9623 0.2229 -0.1562
vn 0.9149 0.3730 -0.1542
vn 0.8811 0.3580 -0.3089
vn 0.7620 0.4632 -0.4526
vn 0.8138 0.4937 -0.3066
vn 0.4206 0.1709 -0.8910
vn 0.2862 0.1168 -0.9510
vn 0.9268 0.2145 -0.3082
vn 0.8683 0.2019 -0.4531
vn 0.1481 0.0640 -0.9869
vn 0.9853 0.0686 -0.1561
vn 0.9489 0.0655 -0.3087
vn 0.1524 0.0360 -0.9877
vn 0.9473 -0.0851 -0.3088
vn 0.8876 -0.0790 -0.4537
vn 0.0314 0.0278 -0.9991
vn 0.1618 0.0101 -0.9868
vn 0.1559 -0.0140 -0.9877
vn 0.3098 -0.0299 -0.9503
vn 0.9837 -0.0883 -0.1566
vn 0.7844 -0.1986 -0.5876
vn 0.9221 -0.2348 -0.3074
vn 0.8640 -0.2182 -0.4538
vn 0.5700 -0.1443 -0.8089
vn 0.6855 -0.1733 -0.7072
vn 0.3036 -0.0762 -0.9497
vn 0.4405 -0.1104 -0.8910
vn 0.8184 -0.3524 -0.4539
vn 0.8738 -0.3761 -0.3083
vn 0.6493 -0.2801 -0.7071
vn 0.7432 -0.3200 -0.5876
vn 0.4169 -0.1796 -0.8910
vn 0.5403 -0.2320 -0.8089
vn 0.1580 -0.0404 -0.9866
vn 0.2861 -0.1212 -0.9505
vn 0.8158 -0.5488 -0.1822
vn 0.8043 -0.5097 -0.3055
vn 0.5975 -0.3788 -0.7067
vn 0.3834 -0.2432 -0.8910
vn 0.4970 -0.3141 -0.8089
vn 0.2317 -0.2048 -0.9510
vn 0.1335 -0.0889 -0.9871
vn 0.2637 -0.1682 -0.9498
vn 0.7128 -0.6300 -0.3083
vn 0.6915 -0.5828 -0.4268
vn 0.7538 -0.4786 -0.4503
vn 0.6125 -0.5070 -0.6064
vn 0.6839 -0.4341 -0.5864
vn 0.5298 -0.4683 -0.7071
vn 0.4402 -0.3941 -0.8067
vn 0.3402 -0.3007 -0.8910
vn 0.5054 -0.6200 -0.6001
vn 0.4896 -0.5093 -0.7078
vn 0.4082 -0.4252 -0.8078
vn 0.1215 -0.1083 -0.9867
vn 0.1839 -0.2311 -0.9554
vn 0.1072 -0.1369 -0.9848
vn 0.7484 0.5883 -0.3062
vn 0.7187 0.5479 -0.4280
vn 0.6813 0.6835 -0.2620
vn 0.7662 0.6165 -0.1814
vn 0.6963 0.7142 -0.0717
vn 0.7285 0.6813 -0.0720
vn 0.3767 0.7246 -0.5772
vn 0.4108 0.7199 -0.5594
vn 0.3464 0.2619 -0.9008
vn 0.7397 -0.6729 0.0027
vn 0.6755 -0.7327 -0.0821
vn 0.7664 -0.6419 -0.0261
vn -0.2520 0.9677 -0.0000
vn -0.0000 -0.0000 1.0000
vn -0.0255 0.0120 0.9996
vn -0.0732 0.0275 0.9969
vn -0.0785 -0.0138 0.9968
vn -0.0594 -0.0372 0.9975
vn 0.0923 0.2137 0.9725
vn 0.0936 -0.2056 -0.9742
vn -0.2134 -0.0937 -0.9725
vn 0.4126 0.2404 0.8786
vn -0.0917 -0.0777 0.9928
vn 0.0257 -0.2762 0.9607
vn 0.0123 -0.1055 0.9943
vn 0.0086 -0.0419 0.9991
vn 0.0022 -0.0093 1.0000
vn 0.0243 -0.0786 0.9966
vn 0.0266 -0.0648 0.9975
vn 0.0039 -0.0078 1.0000
vn 0.0288 -0.0546 0.9981
vn -0.0464 -0.2281 -0.9725
vn -0.0108 0.0520 0.9986
vn 0.0199 0.0718 0.9972
vn 0.0270 -0.0753 0.9968
vn -0.0044 0.0835 0.9965
vn 0.0446 -0.0664 0.9968
vn -0.0931 0.9943 0.0520
vn 0.0705 0.9969 0.0359
vn -0.0083 0.7246 0.6892
vn -0.9069 -0.4195 0.0392
vn -0.8291 -0.5576 -0.0396
vn -0.8291 -0.5576 0.0396
vn -0.0000 -0.0000 -1.0000
vn 0.0472 -0.0042 -0.9989
vn 0.0411 -0.0104 -0.9991
vn 0.0389 -0.0168 -0.9991
vn 0.0356 -0.0226 -0.9991
vn 0.0317 -0.0280 -0.9991
vn 0.0299 -0.0310 -0.9991
vn 0.2032 0.0843 -0.9755
vn -0.0550 -0.2188 0.9742
vn 0.2265 -0.0536 0.9725
vn 0.3295 -0.1098 0.9378
vn 0.1109 -0.2401 -0.9644
vn 0.0270 -0.0657 -0.9975
vn 0.0698 -0.0474 -0.9964
vn 0.0161 -0.1385 -0.9902
vn 0.0194 -0.2088 -0.9778
vn 0.0074 -0.1063 -0.9943
vn -0.0010 -0.0571 -0.9984
vn -0.3474 -0.0455 0.9366
vn 0.0336 -0.2468 -0.9685
vn -0.0858 0.1084 -0.9904
vn -0.0094 -0.0815 -0.9966
vn -0.0106 -0.0515 -0.9986
vn -0.0652 -0.2580 -0.9640
vn -0.0024 -0.0052 -1.0000
vn -0.0540 -0.1165 -0.9917
vn -0.0274 -0.0467 -0.9985
vn 0.0069 -0.0793 -0.9968
vn -0.0378 -0.0704 -0.9968
vn 0.0702 0.9962 -0.0520
vn -0.0931 0.9943 -0.0520
vn -0.0083 0.7246 -0.6892
vn 0.8682 0.4955 0.0254
vn 0.8116 0.5841 -0.0000
vn 0.0310 0.0263 0.9992
vn 0.0501 0.0015 0.9987
vn 0.1814 0.4988 -0.8475
vn 0.1389 0.8491 -0.5097
vn 0.0307 0.0803 -0.9963
vn -0.0584 0.0200 0.9981
vn -0.0339 0.0193 0.9992
vn 0.0736 0.0558 0.9957
vn 0.0615 0.0521 0.9967
vn 0.1898 0.9818 -0.0001
vn 0.0789 0.0836 0.9934
vn 0.0871 0.0739 0.9934
vn -0.0351 0.0200 -0.9992
vn -0.0634 -0.9844 -0.1640
vn 0.1552 -0.9751 0.1581
vn -0.0430 -0.9981 -0.0434
vn 0.2828 0.7075 -0.6477
vn 0.0686 0.0416 -0.9968
vn 0.1809 -0.9835 -0.0000
vn 0.5081 -0.8520 0.1264
vn 0.1978 -0.9802 -0.0084
vn -0.1738 0.1058 0.9791
vn -0.3140 0.8414 -0.4397
vn -0.2387 0.7412 -0.6274
vn -0.1025 0.0603 0.9929
vn -0.1042 0.0594 0.9928
vn -0.1127 0.0822 0.9902
vn -0.0697 0.0397 0.9968
vn -0.0819 0.0184 0.9965
vn -0.1553 0.0830 -0.9844
vn -0.0546 -0.0596 0.9967
vn -0.1599 0.0035 -0.9871
vn 0.1756 0.1489 0.9731
vn 0.1795 0.1368 0.9742
vn 0.1470 0.1247 0.9812
vn 0.1388 0.1344 0.9812
vn -0.0697 0.0397 -0.9968
vn -0.0998 0.0569 -0.9934
vn -0.1002 0.0561 -0.9934
vn -0.1006 0.0566 -0.9933
vn 0.3621 -0.9321 -0.0041
vn 0.3497 -0.9369 -0.0008
vn 0.2589 0.9481 0.1845
vn 0.3282 0.7174 -0.6145
vn -0.1679 0.0957 -0.9812
vn -0.1687 0.0953 -0.9810
vn -0.2398 0.1367 0.9612
vn 0.0785 0.0182 -0.9968
vn 0.3466 0.2622 0.9006
vn 0.3800 0.7366 0.5595
vn 0.0686 0.0417 0.9968
vn -0.2548 0.1275 -0.9586
vn -0.4562 0.8090 -0.3707
vn -0.8673 0.4945 0.0568
vn -0.8515 0.4902 0.1861
vn -0.8654 0.4992 0.0437
vn -0.3717 0.9284 0.0001
vn -0.3501 0.9367 0.0049
vn -0.3725 0.9280 0.0010
vn -0.4529 0.8216 -0.3461
vn -0.4336 0.5819 -0.6880
vn 0.7176 0.6964 0.0081
vn 0.7600 0.6448 0.0815
vn 0.8091 0.5821 0.0810
vn -0.2908 0.1693 0.9417
vn -0.2932 0.1672 0.9413
vn -0.3947 0.2247 -0.8909
vn -0.3331 0.1862 0.9243
vn -0.3316 0.1890 0.9243
vn -0.0804 0.0034 -0.9968
vn 0.0994 -0.1208 0.9877
vn 0.2164 -0.2243 0.9502
vn 0.0802 0.0056 0.9968
vn 0.1585 -0.4348 0.8865
vn 0.2230 -0.4018 0.8882
vn 0.4430 0.3392 0.8299
vn 0.4016 0.3406 0.8501
vn 0.4007 0.3416 0.8502
vn 0.4404 0.6853 0.5800
vn 0.4161 0.7384 0.5307
vn -0.5111 0.8595 -0.0005
vn -0.5121 0.8589 0.0027
vn -0.2311 -0.4745 0.8494
vn -0.3646 0.1841 -0.9128
vn -0.3316 0.1890 -0.9243
vn 0.0368 0.0444 -0.9983
vn 0.4275 0.7387 -0.5211
vn 0.4201 0.8881 -0.1864
vn 0.4027 0.3392 -0.8501
vn 0.4429 0.3392 -0.8299
vn 0.4015 0.3406 -0.8501
vn -0.0774 -0.0218 -0.9968
vn -0.1586 -0.0215 -0.9871
vn -0.0474 -0.0330 -0.9983
vn -0.3238 0.2253 -0.9189
vn -0.3416 0.1947 -0.9195
vn -0.3419 0.1931 -0.9197
vn -0.3805 0.2170 0.8990
vn -0.3760 0.2144 0.9015
vn -0.3503 0.1962 0.9159
vn -0.4051 0.2310 0.8846
vn -0.4552 0.2595 0.8517
vn -0.4151 0.1951 0.8886
vn 0.1497 -0.0649 -0.9866
vn -0.0804 0.0034 0.9968
vn -0.1594 0.0035 0.9872
vn 0.5357 0.4322 0.7254
vn 0.5261 0.6616 0.5343
vn 0.4562 0.8487 0.2674
vn 0.4475 0.3712 0.8136
vn 0.4328 0.3672 0.8233
vn 0.4026 0.4020 0.8224
vn 0.3858 0.9224 0.0177
vn 0.3831 0.9237 -0.0001
vn -0.5871 0.7957 0.1490
vn -0.6048 0.7475 -0.2748
vn -0.6356 0.6488 -0.4184
vn 0.4018 -0.4201 0.8137
vn 0.2786 -0.3622 0.8895
vn -0.4552 0.2595 -0.8517
vn -0.4539 0.2257 -0.8620
vn -0.4408 0.2591 -0.8594
vn -0.3173 0.7964 0.5148
vn -0.4231 0.2819 -0.8611
vn -0.3934 0.2260 -0.8912
vn -0.3946 0.2250 -0.8909
vn -0.3768 0.2556 -0.8903
vn 0.4774 0.6915 -0.5422
vn -0.2236 0.7226 0.6541
vn -0.4488 0.2298 0.8636
vn -0.5380 0.8429 0.0091
vn -0.5060 0.2781 0.8165
vn -0.4845 0.2762 0.8301
vn -0.0319 -0.0698 0.9970
vn -0.0445 -0.0675 0.9967
vn -0.0417 -0.0693 0.9967
vn -0.2565 -0.1725 0.9510
vn 0.6239 0.5341 -0.5705
vn 0.6304 0.4794 0.6106
vn 0.5849 0.7438 0.3234
vn 0.4579 0.8889 -0.0123
vn 0.5369 0.6123 0.5803
vn -0.6686 0.5762 -0.4701
vn 0.4087 0.9127 0.0002
vn 0.4871 0.4132 -0.7694
vn 0.4507 0.4545 -0.7683
vn 0.4883 0.4083 -0.7713
vn -0.5464 0.2751 -0.7910
vn -0.5643 0.8237 -0.0559
vn 0.4305 0.9026 0.0001
vn 0.4080 0.9130 0.0021
vn 0.4321 0.9018 -0.0037
vn -0.0774 -0.0218 0.9968
vn -0.1555 -0.0181 0.9877
vn -0.2564 -0.1724 -0.9511
vn -0.3324 -0.7385 0.5866
vn -0.2632 -0.7677 0.5843
vn 0.5192 0.4404 -0.7325
vn 0.4827 0.4817 -0.7314
vn 0.4882 0.8664 -0.1054
vn 0.5687 0.7364 -0.3664
vn 0.5894 0.7090 -0.3872
vn 0.6340 0.5422 0.5514
vn 0.6440 0.5008 0.5783
vn 0.6308 0.5331 0.5638
vn 0.5984 0.5104 0.6176
vn 0.5954 0.5271 0.6063
vn 0.5580 0.5557 0.6163
vn 0.5281 0.8492 -0.0000
vn 0.5298 0.8481 0.0005
vn 0.5288 0.8488 -0.0014
vn -0.6868 0.6946 -0.2140
vn -0.3589 -0.1731 -0.9172
vn 0.4392 0.8984 -0.0000
vn -0.6587 0.3755 -0.6521
vn -0.6559 0.3284 -0.6796
vn -0.6166 0.3516 -0.7044
vn -0.5887 0.3986 -0.7033
vn -0.0537 0.0212 0.9983
vn 0.6191 0.5227 -0.5860
vn 0.6185 0.5247 -0.5849
vn 0.5766 0.5716 -0.5838
vn 0.6431 0.5455 -0.5375
vn 0.6012 0.5923 -0.5364
vn 0.6489 0.5504 -0.5254
vn 0.6606 0.4996 -0.5604
vn -0.7556 0.5932 -0.2780
vn -0.7267 0.5101 0.4600
vn -0.7145 0.5185 -0.4697
vn -0.0665 -0.0448 -0.9968
vn -0.2527 -0.3837 -0.8882
vn -0.7522 0.6092 0.2511
vn -0.7423 0.4201 0.5221
vn -0.7851 0.3928 0.4788
vn -0.7410 0.4224 0.5221
vn -0.6145 0.7890 -0.0001
vn -0.5959 0.8030 0.0131
vn -0.6567 0.7538 -0.0222
vn -0.6404 0.7680 0.0084
vn -0.6370 0.7709 -0.0025
vn 0.5040 0.8637 -0.0017
vn 0.5701 -0.5845 0.5774
vn -0.3616 -0.7102 -0.6040
vn 0.7126 0.6462 0.2731
vn 0.7139 0.6055 0.3516
vn 0.6677 0.6567 0.3506
vn 0.6975 0.5917 0.4041
vn 0.6513 0.6429 0.4031
vn 0.6751 0.5728 0.4649
vn 0.6290 0.6239 0.4638
vn 0.4417 0.8678 -0.2276
vn 0.0318 0.6826 -0.7301
vn -0.7752 0.5921 -0.2203
vn 0.5356 0.8445 -0.0001
vn 0.5366 0.8439 -0.0013
vn -0.8059 0.4066 0.4304
vn -0.7862 0.3949 -0.4754
vn -0.7421 0.4231 -0.5198
vn -0.7012 0.3998 -0.5903
vn 0.5465 -0.6190 -0.5641
vn 0.5910 -0.6146 -0.5225
vn 0.5739 -0.6671 -0.4750
vn -0.4131 -0.8036 -0.4285
vn 0.2206 -0.4730 -0.8530
vn 0.6786 0.5601 -0.4751
vn -0.3738 -0.8122 0.4479
vn -0.4609 -0.8016 0.3809
vn 0.6195 0.4461 0.6459
vn 0.6187 0.4472 0.6460
vn 0.6119 0.4993 0.6134
vn -0.7635 0.4377 -0.4749
vn -0.7738 0.4390 0.4567
vn -0.7736 0.4411 0.4550
vn -0.7378 0.4996 0.4540
vn -0.8020 0.4572 0.3844
vn 0.5583 0.8297 0.0005
vn 0.5629 0.8265 0.0048
vn 0.5596 0.8288 0.0008
vn 0.6045 0.7966 -0.0000
vn 0.6073 0.7944 0.0041
vn -0.2297 -0.9303 0.2859
vn 0.8540 0.4874 -0.1821
vn 0.7891 0.5690 0.2315
vn 0.7417 0.6292 0.2323
vn 0.7667 0.5783 0.2788
vn 0.7435 0.6307 0.2221
vn 0.6942 0.6849 0.2214
vn 0.6228 0.7818 -0.0296
vn 0.4515 0.8440 -0.2895
vn -0.7753 0.6316 0.0001
vn -0.7678 0.6407 -0.0002
vn -0.7772 0.6289 -0.0202
vn 0.6158 0.7879 0.0028
vn 0.6133 0.7899 0.0005
vn 0.6120 0.7909 0.0003
vn 0.6250 0.7806 -0.0032
vn 0.6216 0.7833 0.0015
vn 0.6375 0.7704 0.0001
vn 0.5865 0.8099 -0.0000
vn -0.4919 -0.8570 -0.1535
vn -0.4512 -0.8381 -0.3065
vn -0.8068 0.5037 -0.3089
vn 0.7086 0.6130 -0.3496
vn 0.6085 0.7923 0.0445
vn 0.7429 0.6279 -0.2323
vn 0.7424 0.6297 -0.2288
vn 0.7410 0.6313 -0.2288
vn -0.8194 0.4672 0.3320
vn -0.6305 0.7316 -0.2593
vn -0.8425 0.4949 0.2127
vn -0.8463 0.4825 0.2258
vn -0.8469 0.4783 0.2325
vn -0.8449 0.4817 0.2325
vn -0.7900 0.5843 -0.1856
vn -0.7160 0.6981 0.0005
vn -0.8026 0.5764 -0.1535
vn -0.8245 0.5436 -0.1572
vn -0.5538 0.7555 -0.3500
vn 0.9256 0.3766 0.0381
vn 0.8093 0.5824 -0.0763
vn 0.8087 0.5832 -0.0763
vn -0.7308 -0.6816 0.0376
vn -0.9536 -0.2965 0.0519
vn 0.7163 0.6940 0.0735
vn 0.7128 0.6974 0.0749
vn 0.7266 0.6868 -0.0203
vn 0.4289 0.8441 0.3217
vn 0.0487 -0.9988 -0.0006
vn -0.1180 -0.9526 0.2804
vn 0.0485 -0.9988 -0.0000
vn 0.9847 -0.1694 -0.0404
vn 0.8815 -0.4661 -0.0760
vn -0.8613 0.4044 0.3077
vn -0.8375 0.5234 -0.1567
vn -0.8442 0.5029 -0.1854
vn -0.9360 0.3519 -0.0000
vn -0.4737 0.8807 -0.0001
vn -0.4749 0.8800 -0.0030
vn -0.4752 0.8799 -0.0002
vn 0.9256 0.3766 -0.0381
vn 0.9977 0.0426 0.0535
vn 0.9952 -0.0893 0.0403
vn 0.8439 -0.5351 0.0395
vn 0.0561 -0.0581 0.9967
vn -0.7740 0.6332 -0.0024
vn -0.7867 0.6173 0.0002
vn -0.8575 0.4889 0.1601
vn -0.8576 0.4875 0.1637
vn 0.6830 -0.7175 -0.1369
vn 0.6923 -0.7170 -0.0816
vn 0.6319 -0.7728 -0.0589
vn -0.9834 0.1734 -0.0543
vn -0.8154 0.5775 -0.0396
vn -0.7939 0.6080 -0.0002
vn -0.7813 0.6242 0.0010
vn -0.9983 0.0425 -0.0401
vn -0.9536 -0.2965 -0.0519
vn -0.2105 -0.3198 0.9238
vn -0.9069 -0.4195 -0.0392
vn 0.1697 0.9855 -0.0000
vn 0.2005 0.9797 0.0004
vn 0.0497 -0.0633 0.9968
vn 0.0606 -0.0699 0.9957
vn 0.1356 -0.1872 0.9729
vn 0.1421 -0.1762 0.9740
vn 0.1479 -0.2075 0.9670
vn -0.3372 0.0722 -0.9387
vn -0.4094 0.1821 -0.8940
vn 0.2499 -0.3257 0.9118
vn 0.2184 -0.3145 0.9238
vn -0.3457 0.5026 -0.7924
vn 0.2319 -0.3367 0.9126
vn 0.2652 -0.3251 0.9077
vn 0.3982 -0.7024 -0.5900
vn 0.4004 -0.7036 0.5871
vn 0.5129 -0.7326 0.4475
vn 0.7543 -0.6304 -0.1834
vn 0.8299 -0.5573 -0.0264
vn 0.5944 -0.7566 0.2726
vn 0.8682 0.4955 -0.0254
vn 0.9890 0.1481 -0.0000
vn 0.9955 0.0844 -0.0432
vn 0.9786 0.1992 -0.0523
vn -0.9904 -0.1316 0.0431
vn -0.9808 -0.1948 -0.0000
vn 0.7626 0.6469 -0.0000
vn 0.7553 0.6551 0.0195
vn -0.8959 0.4420 0.0448
vn -0.5482 -0.8323 0.0819
vn -0.5133 -0.8495 0.1222
vn -0.5475 -0.8328 0.0815
vn -0.9904 -0.1354 0.0269
vn -0.1430 -0.9807 0.1335
vn -0.1929 -0.9811 -0.0145
vn -0.1425 -0.9808 -0.1335
vn -0.9983 0.0425 0.0401
vn -0.2897 -0.4397 0.8501
vn -0.2862 -0.4411 0.8506
vn -0.2713 -0.4789 0.8349
vn 0.9950 0.0994 0.0030
vn -0.9946 -0.0893 -0.0534
vn 0.4714 -0.5281 0.7063
vn -0.2844 -0.8815 0.3770
vn 0.2184 -0.3145 -0.9238
vn 0.0497 -0.0633 -0.9968
vn 0.0606 -0.0699 -0.9957
vn 0.5496 -0.6822 -0.4822
vn 0.4896 -0.6980 -0.5226
vn 0.5087 -0.6528 -0.5614
vn 0.4674 -0.6784 -0.5669
vn 0.5172 -0.6407 -0.5674
vn -0.7747 0.6313 -0.0364
vn -0.8000 0.6000 -0.0000
vn 0.6174 -0.7866 -0.0000
vn 0.6732 -0.7383 -0.0428
vn -0.9419 0.3333 0.0414
vn -0.9608 0.2772 -0.0000
vn -0.9834 0.1734 0.0543
vn -0.9055 0.4244 -0.0000
vn -0.9093 0.4100 -0.0707
vn -0.9058 0.4236 0.0010
vn -0.8492 0.5265 0.0399
vn -0.9059 0.4236 -0.0000
vn -0.2136 -0.4774 -0.8523
vn -0.2436 -0.4573 -0.8553
vn -0.2176 -0.4802 -0.8498
vn 0.4421 -0.8138 -0.3772
vn -0.1567 -0.3494 0.9238
vn -0.1678 -0.3288 0.9294
vn -0.7786 -0.6253 -0.0524
vn -0.1274 -0.9919 -0.0003
vn -0.3454 0.9385 -0.0000
vn -0.3808 0.9246 0.0084
vn -0.3790 -0.8124 0.4431
vn -0.4386 -0.7789 0.4483
vn -0.3508 -0.7739 0.5272
vn -0.3342 -0.7526 0.5674
vn -0.3901 -0.7243 0.5686
vn 0.1555 -0.2737 0.9492
vn 0.9635 -0.2660 -0.0311
vn 0.1585 -0.4348 -0.8865
vn 0.5228 -0.7291 0.4416
vn 0.5772 -0.6801 0.4520
vn 0.5496 -0.7441 0.3798
vn 0.3968 -0.8712 0.2891
vn 0.4377 -0.7740 0.4575
vn 0.5463 -0.8376 -0.0000
vn -0.5893 -0.8079 0.0035
vn -0.5494 -0.8355 -0.0000
vn -0.5289 -0.8417 -0.1085
vn 0.5935 -0.7707 0.2320
vn 0.6436 -0.7434 0.1821
vn 0.6211 -0.7273 0.2921
vn 0.6153 -0.7840 0.0821
vn 0.6404 -0.7679 -0.0126
vn -0.1567 -0.3494 -0.9238
vn -0.1678 -0.3288 -0.9294
vn -0.1645 -0.3706 -0.9141
vn -0.1967 -0.3509 -0.9155
vn -0.3372 -0.7517 -0.5668
vn -0.3344 -0.7529 -0.5669
vn -0.3900 -0.7244 -0.5684
vn -0.3729 -0.8043 -0.4628
vn -0.3787 -0.8126 -0.4431
vn -0.4047 -0.8335 -0.3762
vn -0.4044 -0.8336 -0.3762
vn -0.4371 -0.7943 -0.4220
vn 0.5729 -0.6841 -0.4514
vn 0.5993 -0.7010 -0.3865
vn -0.6751 -0.7366 0.0409
vn 0.6353 -0.7723 -0.0000
vn 0.5581 -0.7764 -0.2928
vn 0.6603 -0.7383 -0.1371
vn 0.1554 -0.2738 -0.9491
vn 0.0817 -0.1266 -0.9886
vn 0.5000 -0.7666 -0.4029
vn 0.4392 -0.7709 -0.4613
vn 0.4777 -0.7076 -0.5207
vn 0.8405 -0.4493 -0.3028
vn -0.1013 -0.2933 0.9506
vn -0.0955 -0.3782 0.9208
vn -0.0574 -0.1404 0.9884
vn -0.4821 -0.8761 -0.0000
vn -0.4228 -0.9062 -0.0000
vn -0.5286 -0.8453 -0.0780
vn -0.4621 -0.8868 -0.0000
vn -0.3500 -0.8445 0.4055
vn -0.2781 -0.8056 0.5232
vn -0.3389 -0.7827 0.5221
vn -0.2480 -0.7880 -0.5635
vn 0.1509 -0.3237 0.9341
vn 0.1487 -0.3246 0.9341
vn 0.0546 -0.1496 0.9872
vn 0.1059 -0.2919 0.9506
vn 0.1039 -0.3855 0.9168
vn -0.3828 -0.9238 -0.0000
vn 0.3027 -0.8347 0.4602
vn 0.2407 -0.9275 0.2860
vn 0.5184 -0.8379 0.1708
vn 0.0771 -0.9561 -0.2826
vn 0.0860 -0.9217 -0.3782
vn 0.4093 -0.8542 0.3207
vn 0.3230 -0.8924 0.3152
vn 0.3790 -0.8937 0.2400
vn 0.4699 -0.8248 0.3146
vn 0.4984 -0.8544 0.1470
vn 0.4898 -0.8718 0.0001
vn 0.5827 -0.8127 -0.0000
vn -0.0000 -0.0001 -1.0000
vn 0.0518 0.1487 0.9875
vn -0.0998 -0.2959 -0.9500
vn -0.2300 -0.9299 -0.2871
vn -0.2893 -0.8403 -0.4584
vn -0.3392 -0.7840 -0.5199
vn -0.3513 -0.8440 -0.4053
vn -0.3500 -0.8445 -0.4055
vn -0.5299 -0.8481 0.0001
vn -0.4607 -0.8841 -0.0783
vn -0.4409 -0.8658 -0.2365
vn 0.8090 0.5822 0.0810
vn 0.8115 0.5844 0.0014
vn 0.1040 -0.3860 -0.9166
vn 0.1060 -0.2918 -0.9506
vn -0.2795 0.5959 0.7529
vn 0.1481 -0.3233 -0.9346
vn 0.1503 -0.3224 -0.9346
vn 0.0544 -0.1498 -0.9872
vn 0.4720 -0.8733 -0.1210
vn 0.4894 -0.8606 -0.1408
vn 0.6410 -0.7564 0.1300
vn 0.4701 -0.8247 -0.3146
vn 0.6082 -0.7872 0.1020
vn 0.0465 -0.9930 0.1086
vn 0.3234 -0.8922 -0.3152
vn 0.3031 -0.8345 -0.4601
vn 0.2406 -0.9274 -0.2864
vn -0.0310 -0.3976 0.9171
vn -0.0489 -0.3086 0.9499
vn -0.0883 -0.3441 0.9348
vn -0.1885 -0.7348 0.6516
vn -0.0861 -0.3447 0.9348
vn -0.3100 -0.8966 0.3162
vn -0.3018 -0.8722 0.3849
vn 0.5089 -0.8608 0.0002
vn 0.4175 -0.9062 0.0666
vn -0.2252 -0.8458 0.4837
vn -0.1996 -0.9632 0.1802
vn -0.1420 -0.8789 0.4555
vn -0.2948 -0.9437 -0.1503
vn 0.0741 -0.2863 0.9553
vn 0.0547 -0.3056 0.9506
vn -0.3659 -0.6701 -0.6458
vn -0.3110 -0.6956 -0.6476
vn -0.3095 -0.6937 -0.6503
vn 0.1572 -0.8762 0.4556
vn -0.3259 -0.9416 -0.0843
vn -0.0400 -0.9992 0.0004
vn 0.0703 -0.9680 -0.2411
vn 0.1660 -0.9346 0.3145
vn 0.2129 -0.9257 0.3127
vn 0.2122 -0.9258 0.3128
vn 0.1906 -0.9769 0.0963
vn 0.3213 -0.9303 0.1768
vn -0.4516 0.8922 -0.0000
vn 0.3367 -0.9310 -0.1407
vn -0.0272 -0.0882 -0.9957
vn 0.2507 0.9653 0.0733
vn -0.0888 -0.3468 -0.9337
vn -0.0866 -0.3473 -0.9338
vn -0.0240 -0.1549 -0.9876
vn -0.0524 -0.3076 -0.9501
vn -0.1337 -0.8421 -0.5225
vn -0.0639 -0.8283 -0.5566
vn -0.2043 -0.9074 -0.3673
vn -0.1996 -0.9082 -0.3680
vn -0.3097 -0.8968 -0.3159
vn 0.1536 -0.8762 -0.4569
vn 0.0560 -0.3096 -0.9492
vn 0.0759 -0.2849 -0.9556
vn 0.0738 -0.2855 -0.9555
vn 0.2183 -0.9541 -0.2052
vn 0.1696 -0.9335 -0.3160
vn 0.0023 -0.3142 0.9494
vn -0.0219 -0.2946 0.9554
vn -0.0200 -0.2948 0.9554
vn 0.0596 -0.7882 -0.6126
vn 0.4699 -0.8827 0.0009
vn -0.1546 -0.9792 0.1315
vn -0.1538 -0.9375 0.3121
vn 0.2256 -0.9556 0.1897
vn 0.0060 -0.9488 0.3157
vn 0.0063 -0.8878 0.4602
vn 0.0280 -0.1532 0.9878
vn -0.0000 -0.0003 1.0000
vn 0.0014 -0.1547 0.9880
vn -0.0839 -0.9965 -0.0002
vn 0.7399 -0.6114 0.2806
vn -0.5981 -0.5728 0.5605
vn 0.2234 -0.9747 -0.0004
vn 0.5391 -0.8323 0.1293
vn 0.0171 -0.9829 0.1835
vn -0.0127 -0.9869 -0.1610
vn 0.0037 -0.3135 -0.9496
vn -0.0715 -0.8504 -0.5213
vn -0.0668 -0.8511 -0.5207
vn -0.2753 -0.9611 -0.0216
vn -0.1519 -0.9372 -0.3140
vn -0.1535 -0.9137 -0.3762
vn 0.0106 -0.8893 -0.4571
vn 0.0070 -0.9248 -0.3803
vn -0.0385 -0.9493 -0.3121
vn -0.0379 -0.9493 -0.3122
vn -0.1653 -0.9792 -0.1176
vn 0.1307 -0.9559 -0.2631
vn 0.1316 -0.9557 -0.2633
vn 0.0027 -0.1621 -0.9868
vn 0.1549 -0.9749 -0.1598
vn 0.2342 -0.1788 0.9556
vn -0.0014 -0.0843 0.9964
vn 0.0081 -0.9717 -0.2362
vn 0.2225 0.9749 -0.0000
vn 0.0391 -0.9708 0.2365
vn 0.0469 -0.9633 0.2642
vn 0.0476 -0.9633 0.2641
vn 0.2220 -0.9396 0.2605
vn 0.1364 -0.9907 0.0002
vn 0.0077 -1.0000 -0.0007
vn 0.0261 -0.9996 0.0070
vn 0.0472 -0.9638 -0.2623
vn 0.2958 -0.9451 -0.1390
vn -0.4294 0.9031 -0.0001
vn 0.1820 -0.9833 -0.0007
vn 0.3052 -0.8894 0.3403
vn -0.0728 0.0342 -0.9968
vn 0.3567 -0.9342 -0.0121
vn 0.3505 -0.9365 -0.0000
vn 0.0656 0.0472 0.9967
vn -0.3860 0.9225 0.0014
vn -0.3860 0.9225 0.0005
vn -0.3639 0.9314 -0.0051
vn -0.5030 0.8643 -0.0001
vn -0.4806 0.8769 -0.0001
vn -0.0375 -0.0781 0.9962
vn -0.0442 -0.0673 0.9968
vn 0.4207 0.9072 -0.0000
vn 0.4007 0.9161 0.0119
vn -0.7343 0.3445 -0.5849
vn 0.5196 0.8544 -0.0002
vn 0.5216 0.8532 -0.0005
vn 0.5209 0.8536 -0.0017
vn -0.6393 0.7689 -0.0119
vn -0.6546 0.7560 0.0005
vn -0.6417 0.7670 0.0022
vn 0.5440 -0.6526 -0.5274
vn 0.5918 -0.6155 -0.5205
vn 0.5916 -0.6138 -0.5228
vn 0.6185 0.4448 0.6477
vn 0.6166 0.4475 0.6477
vn 0.6175 0.4455 0.6482
vn 0.5626 0.8267 0.0003
vn 0.5682 0.8229 -0.0017
vn 0.5917 0.8061 0.0001
vn -0.7602 0.6497 0.0010
vn -0.7530 0.6580 -0.0036
vn 0.6391 0.7689 -0.0162
vn 0.6372 0.7707 0.0001
vn 0.6226 0.7825 0.0084
vn 0.8095 0.5815 -0.0808
vn 0.8090 0.5822 -0.0810
vn 0.8815 -0.4655 -0.0786
vn -0.4802 0.8772 0.0001
vn -0.4830 0.8756 0.0004
vn 0.6604 -0.7417 -0.1174
vn 0.6915 -0.7182 -0.0775
vn 0.6919 -0.7178 -0.0778
vn 0.7600 0.6448 -0.0815
vn 0.1811 0.9835 -0.0003
vn 0.9882 0.1331 -0.0758
vn -0.9808 -0.1798 0.0756
vn -0.5477 -0.8330 0.0779
vn -0.4814 -0.8748 0.0555
vn -0.5394 -0.8314 0.1333
vn -0.2900 -0.4406 0.8496
vn -0.2873 -0.4445 0.8484
vn -0.2880 -0.4381 0.8516
vn 0.6794 -0.7334 0.0244
vn -0.9549 0.2884 0.0712
vn -0.9443 0.3249 -0.0517
vn -0.9287 0.3687 -0.0397
vn -0.8867 0.4572 -0.0689
vn -0.8687 0.4953 -0.0000
vn -0.8409 0.5411 -0.0087
vn -0.2171 -0.4799 -0.8501
vn -0.2138 -0.4814 -0.8501
vn -0.2206 -0.4475 -0.8667
vn -0.1269 -0.9919 -0.0009
vn -0.3498 0.9368 0.0001
vn -0.3446 0.9384 0.0241
vn -0.3587 0.9327 0.0378
vn -0.5947 -0.8021 -0.0553
vn -0.4698 -0.8806 -0.0621
vn -0.4228 -0.9062 0.0003
vn 0.8087 0.5832 0.0763
vn 0.8087 0.5833 0.0760
vn 0.5090 -0.8608 -0.0000
vn -0.3607 -0.7027 -0.6132
vn -0.3318 -0.6530 -0.6808
vn -0.3110 -0.6953 -0.6479
vn -0.4531 0.8914 -0.0030
vn -0.2423 -0.9487 -0.2030
vn 0.4705 -0.8824 0.0001
vn -0.0838 -0.9965 -0.0003
vn 0.3058 -0.5750 0.7589
vn 0.3770 -0.9183 0.1205
vn -0.4887 -0.6765 0.5509
vn 0.1360 -0.9907 0.0007
vn 0.0063 -1.0000 -0.0000
vn 0.0130 -0.9997 -0.0183
vn 0.0131 -0.9997 0.0187
vn -0.3994 0.9168 -0.0000
vn -0.3995 0.9167 0.0009
s 1
f 54//1 55//2 56//3
f 70//4 69//5 64//6
f 63//7 59//8 58//9
f 150//10 154//11 149//12
f 160//13 161//14 162//15
f 167//16 168//17 169//18
f 176//19 177//20 178//21
f 165//22 186//23 187//24
f 190//25 191//26 192//27
f 193//28 194//29 195//30
f 199//31 191//26 200//32
f 193//28 202//33 203//34
f 209//35 163//36 188//37
f 214//38 215//39 216//40
f 212//41 213//42 214//38
f 170//43 173//44 166//45
f 210//46 208//47 219//48
f 186//23 166//45 218//49
f 220//50 213//42 219//48
f 210//46 188//37 208//47
f 213//42 210//46 219//48
f 212//41 214//38 216//40
f 186//23 164//51 166//45
f 172//52 225//53 218//49
f 194//29 189//54 165//22
f 185//55 187//24 186//23
f 226//56 219//48 207//57
f 189//54 208//47 188//37
f 165//22 187//24 194//29
f 227//58 228//59 221//60
f 213//42 220//50 214//38
f 217//61 225//53 172//52
f 183//62 185//55 225//53
f 200//32 193//28 231//63
f 227//58 226//56 233//64
f 193//28 203//34 194//29
f 207//57 203//34 202//33
f 219//48 226//56 220//50
f 226//56 232//65 233//64
f 229//66 217//61 222//67
f 162//15 234//68 183//62
f 230//69 183//62 225//53
f 234//68 236//70 184//71
f 162//15 183//62 230//69
f 236//70 231//63 195//30
f 184//71 183//62 234//68
f 200//32 237//72 202//33
f 195//30 184//71 236//70
f 193//28 195//30 231//63
f 200//32 202//33 193//28
f 232//65 237//72 238//73
f 235//74 162//15 230//69
f 240//75 235//74 175//76
f 241//77 236//70 239//78
f 161//14 234//68 162//15
f 236//70 241//77 231//63
f 202//33 237//72 232//65
f 232//65 238//73 233//64
f 240//75 175//76 179//79
f 224//80 243//81 177//20
f 161//14 245//82 247//83
f 240//75 244//84 160//13
f 241//77 248//85 196//86
f 161//14 247//83 239//78
f 199//31 196//86 198//87
f 199//31 241//77 196//86
f 200//32 191//26 237//72
f 191//26 198//87 192//27
f 169//18 244//84 246//88
f 246//88 244//84 240//75
f 246//88 167//16 169//18
f 250//89 247//83 245//82
f 245//82 249//90 250//89
f 199//31 198//87 191//26
f 198//87 197//91 201//92
f 224//80 177//20 182//93
f 178//21 243//81 180//94
f 249//90 169//18 252//95
f 167//16 176//19 168//17
f 169//18 168//17 252//95
f 251//96 250//89 254//97
f 242//98 251//96 255//99
f 250//89 253//100 254//97
f 197//91 242//98 256//101
f 251//96 254//97 255//99
f 255//99 256//101 242//98
f 198//87 201//92 192//27
f 243//81 178//21 177//20
f 177//20 176//19 167//16
f 256//101 259//102 206//103
f 264//104 265//105 263//106
f 279//107 280//108 274//109
f 304//110 305//111 306//112
f 302//113 301//114 308//115
f 329//116 331//117 289//118
f 291//119 289//118 331//117
f 335//120 331//117 333//121
f 312//122 331//117 335//120
f 283//123 336//124 337//125
f 284//126 337//125 339//127
f 283//123 337//125 284//126
f 284//126 339//127 333//121
f 273//128 278//129 277//130
f 342//131 339//127 337//125
f 337//125 341//132 342//131
f 343//133 340//134 339//127
f 339//127 342//131 343//133
f 308//115 303//135 302//113
f 341//132 281//136 344//137
f 281//136 282//138 344//137
f 344//137 350//139 345//140
f 351//141 352//142 353//143
f 356//144 357//145 358//146
f 359//147 360//148 361//149
f 353//143 356//144 358//146
f 370//150 372//151 368//152
f 373//153 374//154 351//141
f 375//155 376//156 377//157
f 374//154 377//157 376//156
f 370//150 371//158 378//159
f 381//160 382//161 383//162
f 384//163 385//164 386//165
f 387//166 388//167 389//168
f 394//169 397//170 398//171
f 399//172 352//142 380//173
f 355//174 358//146 357//145
f 354//175 407//176 408//177
f 402//178 398//171 410//179
f 373//153 358//146 409//180
f 351//141 353//143 373//153
f 410//179 411//181 400//182
f 405//183 404//184 412//185
f 402//178 380//173 398//171
f 400//182 402//178 410//179
f 404//184 411//181 412//185
f 413//186 408//177 407//176
f 373//153 353//143 358//146
f 385//164 379//187 351//141
f 377//157 374//154 373//153
f 379//187 398//171 380//173
f 351//141 374//154 385//164
f 410//179 398//171 397//170
f 400//182 411//181 404//184
f 363//188 418//189 413//186
f 391//190 384//163 420//191
f 393//192 421//193 397//170
f 417//194 416//195 422//196
f 384//163 394//169 385//164
f 416//195 421//193 422//196
f 418//189 408//177 413//186
f 418//189 424//197 419//198
f 423//199 425//200 376//156
f 386//165 376//156 425//200
f 391//190 393//192 384//163
f 397//170 421//193 416//195
f 362//201 424//197 418//189
f 430//202 425//200 428//203
f 390//204 420//191 430//202
f 359//147 423//199 360//148
f 387//166 431//205 388//167
f 425//200 430//202 420//191
f 391//190 420//191 390//204
f 426//206 382//161 381//160
f 429//207 434//208 361//149
f 382//161 389//168 383//162
f 426//206 381//160 427//209
f 366//210 434//208 436//211
f 436//211 434//208 429//207
f 436//211 364//212 366//210
f 439//213 435//214 434//208
f 434//208 366//210 439//213
f 441//215 438//216 437//217
f 437//217 440//218 441//215
f 439//213 366//210 442//219
f 440//218 439//213 443//220
f 366//210 365//221 442//219
f 439//213 442//219 443//220
f 431//205 441//215 445//222
f 388//167 431//205 446//223
f 441//215 444//224 445//222
f 392//225 388//167 396//226
f 445//222 446//223 431//205
f 388//167 446//223 396//226
f 433//227 370//150 368//152
f 368//152 372//151 364//212
f 370//150 378//159 372//151
f 365//221 447//228 442//219
f 451//229 453//230 454//231
f 454//231 455//232 456//233
f 455//232 454//231 453//230
f 481//234 482//235 483//236
f 486//237 487//238 488//239
f 501//240 502//241 503//242
f 501//240 505//243 502//241
f 507//244 490//245 489//246
f 509//247 510//248 511//249
f 511//249 513//250 509//247
f 515//251 489//246 522//252
f 523//253 522//252 508//254
f 533//255 525//256 527//257
f 538//258 537//259 536//260
f 539//261 541//262 484//263
f 526//264 522//252 542//265
f 541//262 518//266 484//263
f 511//249 510//248 543//267
f 523//253 508//254 518//266
f 508//254 522//252 489//246
f 543//267 510//248 486//237
f 513//250 511//249 514//268
f 511//249 543//267 544//269
f 545//270 514//268 546//271
f 519//272 539//261 484//263
f 518//266 541//262 523//253
f 542//265 522//252 523//253
f 507//244 486//237 510//248
f 487//238 486//237 515//251
f 488//239 498//273 543//267
f 546//271 549//274 550//275
f 545//270 546//271 550//275
f 547//276 551//277 548//278
f 525//256 528//279 487//238
f 526//264 525//256 487//238
f 486//237 488//239 543//267
f 491//280 493//281 498//273
f 540//282 547//276 548//278
f 491//280 528//279 530//283
f 533//255 529//284 525//256
f 552//285 500//286 555//287
f 488//239 491//280 498//273
f 491//280 530//283 492//288
f 533//255 559//289 529//284
f 554//290 516//291 560//292
f 529//284 561//293 530//283
f 559//289 561//293 529//284
f 492//288 563//294 499//295
f 562//296 530//283 561//293
f 558//297 552//285 555//287
f 563//294 556//298 499//295
f 517//299 516//291 554//290
f 532//300 565//301 560//292
f 569//302 506//303 556//298
f 569//302 496//304 506//303
f 516//291 532//300 560//292
f 572//305 567//306 566//307
f 538//258 571//308 564//309
f 574//310 569//302 568//311
f 575//312 496//304 569//302
f 572//305 573//313 567//306
f 577//314 503//242 576//315
f 574//310 575//312 569//302
f 575//312 576//315 496//304
f 536//260 578//316 571//308
f 565//301 538//258 564//309
f 536//260 571//308 538//258
f 578//316 579//317 572//305
f 578//316 572//305 571//308
f 580//318 581//319 574//310
f 580//318 574//310 573//313
f 581//319 582//320 575//312
f 581//319 575//312 574//310
f 538//258 531//321 537//259
f 584//322 581//319 580//318
f 503//242 577//314 501//240
f 606//323 599//324 607//325
f 612//326 604//327 603//328
f 647//329 646//330 638//331
f 604//327 608//332 610//333
f 610//333 605//334 604//327
f 615//335 613//336 651//337
f 609//338 654//339 610//333
f 655//340 610//333 654//339
f 655//340 659//341 656//342
f 656//342 660//343 602//344
f 656//342 659//341 660//343
f 602//344 660//343 661//345
f 662//346 659//341 640//347
f 663//348 660//343 659//341
f 662//346 663//348 659//341
f 663//348 664//349 660//343
f 638//331 637//350 647//329
f 668//351 669//352 650//353
f 668//351 650//353 664//349
f 670//354 668//351 667//355
f 673//356 674//357 675//358
f 676//359 677//360 678//361
f 679//362 680//363 674//357
f 687//364 688//365 689//366
f 690//367 691//368 674//357
f 693//369 677//360 676//359
f 695//370 696//371 697//372
f 699//373 700//374 701//375
f 697//372 699//373 695//370
f 702//376 676//359 707//377
f 708//378 707//377 694//379
f 710//380 711//381 712//382
f 713//383 714//384 715//385
f 703//386 720//387 717//388
f 725//389 726//390 724//391
f 727//392 705//393 672//394
f 697//372 696//371 729//395
f 708//378 694//379 705//393
f 694//379 707//377 676//359
f 699//373 697//372 700//374
f 697//372 729//395 730//396
f 705//393 727//392 708//378
f 708//378 734//397 728//398
f 731//399 730//396 675//358
f 688//365 687//364 702//376
f 689//366 673//356 729//395
f 727//392 734//397 708//378
f 732//400 737//401 734//397
f 710//380 715//385 688//365
f 728//398 712//382 711//381
f 711//381 710//380 688//365
f 687//364 689//366 729//395
f 675//358 735//402 731//399
f 674//357 680//363 675//358
f 726//390 732//400 734//397
f 715//385 710//380 713//383
f 739//403 718//404 712//382
f 690//367 715//385 714//384
f 690//367 714//384 691//368
f 742//405 738//406 743//407
f 691//368 679//362 674//357
f 680//363 679//362 741//408
f 732//400 704//409 737//401
f 737//401 704//409 739//403
f 737//401 739//403 712//382
f 713//383 746//410 714//384
f 745//411 744//412 718//404
f 691//368 748//413 679//362
f 747//414 714//384 746//410
f 684//415 743//407 741//408
f 748//413 740//416 679//362
f 744//412 749//417 746//410
f 739//403 745//411 718//404
f 717//388 750//418 745//411
f 750//418 749//417 744//412
f 747//414 752//419 748//413
f 749//417 751//420 746//410
f 754//421 684//415 740//416
f 748//413 752//419 753//422
f 684//415 683//423 743//407
f 754//421 681//424 684//415
f 703//386 717//388 745//411
f 745//411 750//418 744//412
f 716//425 722//426 750//418
f 757//427 753//422 752//419
f 759//428 681//424 754//421
f 757//427 758//429 753//422
f 761//430 685//431 760//432
f 759//428 760//432 681//424
f 716//425 750//418 717//388
f 719//433 762//434 755//435
f 719//433 755//435 722//426
f 762//434 763//436 756//437
f 762//434 756//437 755//435
f 763//436 764//438 757//427
f 763//436 757//427 756//437
f 765//439 766//440 759//428
f 765//439 759//428 758//429
f 766//440 761//430 760//432
f 766//440 760//432 759//428
f 764//438 767//441 768//442
f 765//439 768//442 769//443
f 767//441 764//438 763//436
f 768//442 765//439 764//438
f 686//444 770//445 692//446
f 770//445 686//444 761//430
f 685//431 761//430 686//444
f 776//447 773//448 774//449
f 777//450 779//451 780//452
f 783//453 782//454 778//455
f 205//456 626//457 57//458
s 0
f 141//459 121//459 464//459
f 141//460 464//460 133//460
s 1
f 141//460 133//461 138//462
s 0
f 141//460 138//460 433//460
f 141//460 433//460 135//460
f 141//460 135//460 414//460
f 141//460 414//460 137//460
f 141//460 137//460 363//460
s 1
f 141//460 363//188 413//186
f 141//460 413//186 407//176
s 0
f 141//460 407//463 136//460
f 141//460 136//460 288//460
s 1
f 141//460 288//464 287//465
f 141//460 287//465 286//466
s 0
f 141//460 286//467 134//460
f 141//460 134//460 280//460
s 1
f 141//460 280//108 279//107
s 0
f 141//460 279//468 139//460
f 141//460 139//460 277//460
s 1
f 141//460 277//130 278//129
s 0
f 141//460 278//469 132//460
f 141//460 132//460 272//460
f 141//460 272//460 130//460
f 141//460 130//460 271//460
f 141//460 271//460 131//460
s 1
f 141//460 131//470 142//471
f 141//460 142//471 143//472
f 141//460 143//472 144//473
s 0
f 141//460 144//460 260//460
f 141//460 260//460 145//460
s 1
f 141//460 145//474 129//475
s 0
f 141//460 129//460 262//460
f 141//460 262//460 128//460
s 1
f 141//460 128//476 127//477
s 0
f 141//460 127//460 265//460
s 1
f 141//460 265//105 264//104
s 0
f 141//460 264//478 126//460
f 141//460 126//460 267//460
f 141//460 267//460 180//460
s 1
f 141//460 180//94 243//81
f 141//460 243//81 224//80
f 141//460 224//80 223//479
f 141//460 223//479 174//480
s 0
f 141//460 174//481 125//460
f 141//460 125//460 222//460
s 1
f 141//460 222//67 171//482
s 0
f 141//460 171//483 124//460
f 141//460 124//460 152//460
f 141//460 152//460 22//460
s 1
f 141//484 22//485 140//486
f 89//487 90//488 91//489
s 0
f 788//490 701//490 97//490
f 788//490 97//490 736//490
f 788//490 736//490 102//490
f 788//490 102//490 742//490
f 788//490 742//490 101//490
s 1
f 788//490 101//491 99//492
f 788//490 99//492 104//493
f 788//490 104//493 103//494
f 788//490 103//494 105//495
f 788//490 105//495 100//496
s 0
f 788//490 100//490 617//490
s 1
f 788//490 617//497 616//498
s 0
f 788//490 616//499 98//490
f 788//490 98//490 651//490
s 1
f 788//490 651//337 613//336
s 0
f 788//490 613//500 106//490
s 1
f 788//490 106//501 109//502
s 0
f 788//490 109//490 657//490
f 788//490 657//490 123//490
f 788//490 123//490 606//490
s 1
f 788//490 606//323 607//325
s 0
f 788//490 607//503 122//490
s 1
f 788//490 122//504 107//505
f 788//490 107//505 108//506
f 788//490 108//506 110//507
s 0
f 788//490 110//490 595//490
s 1
f 788//490 595//508 588//509
s 0
f 788//490 588//510 112//490
s 1
f 788//490 112//511 111//512
f 788//490 111//512 113//513
s 0
f 788//490 113//490 596//490
f 788//490 596//490 120//490
f 788//490 120//490 594//490
f 788//490 594//490 116//490
s 1
f 788//490 116//514 115//515
f 788//490 115//515 114//516
s 0
f 788//490 114//490 545//490
s 1
f 788//490 545//270 550//275
s 0
f 788//490 550//517 118//490
f 788//490 118//490 557//490
f 788//490 557//490 119//490
f 788//490 119//490 570//490
f 788//490 570//490 117//490
f 788//490 117//490 502//490
s 1
f 788//490 502//241 505//243
s 0
f 788//490 505//518 474//490
f 788//490 474//490 121//490
f 788//490 121//490 19//490
s 1
f 788//519 19//520 20//521
f 49//522 709//523 48//523
f 152//524 21//524 22//525
f 394//169 393//192 397//170
f 786//526 787//527 788//528
f 787//527 701//375 788//528
f 197//91 196//86 242//98
f 463//529 133//530 464//530
f 742//405 735//402 738//406
s 0
f 170//531 21//532 152//532
f 153//533 786//533 21//533
f 170//534 153//535 21//535
f 474//536 18//536 121//536
s 1
f 622//537 293//538 317//539
f 784//540 699//373 786//526
f 699//373 787//527 786//526
f 699//373 701//375 787//527
f 700//374 97//541 701//375
s 0
f 621//542 319//543 293//544
s 1
f 14//545 16//546 463//547
s 0
f 16//548 371//549 463//550
f 371//551 133//551 463//552
s 1
f 504//553 505//243 501//240
f 407//176 355//174 136//554
f 496//304 503//242 494//555
f 166//45 150//10 170//43
s 0
f 150//556 44//556 170//557
f 44//558 153//558 170//559
f 474//560 504//560 18//560
s 1
f 504//561 17//562 18//563
f 229//66 174//480 175//76
s 0
f 321//564 628//565 65//565
s 1
f 150//10 149//12 44//566
f 785//567 695//370 784//540
f 695//370 699//373 784//540
f 166//45 172//52 218//49
f 173//44 171//482 172//52
f 785//567 44//566 149//12
s 0
f 504//568 471//568 17//569
f 462//570 378//570 14//570
s 1
f 378//159 371//158 14//545
f 371//158 16//546 14//545
f 433//227 138//462 370//150
f 102//571 731//399 735//402
f 693//369 778//455 677//360
f 151//572 43//573 150//10
f 43//573 154//11 150//10
f 170//43 124//574 173//44
f 472//575 471//576 504//553
f 154//11 785//567 149//12
f 2//577 449//578 459//579
f 783//453 695//370 785//567
f 778//455 696//371 695//370
f 783//453 778//455 695//370
s 0
f 17//580 463//581 18//582
s 1
f 15//583 13//584 471//576
f 37//585 159//586 48//587
f 472//575 15//583 471//576
s 0
f 12//588 378//589 462//589
s 1
f 585//590 577//314 582//320
s 0
f 12//591 458//592 378//592
s 1
f 117//593 503//242 502//241
f 575//312 577//314 576//315
f 176//19 181//594 269//595
f 125//596 229//66 222//67
f 544//269 514//268 511//249
f 240//75 162//15 235//74
f 187//24 183//62 184//71
f 285//597 289//118 290//598
s 0
f 209//599 40//600 151//601
s 1
f 40//602 42//603 151//572
f 42//603 43//573 151//572
s 0
f 8//604 473//604 10//605
s 1
f 344//137 349//606 399//172
s 0
f 585//607 13//608 472//608
s 1
f 13//584 15//583 472//575
f 736//609 700//374 731//399
f 436//211 368//152 364//212
f 409//180 377//157 373//153
f 163//36 151//572 164//51
f 782//454 41//610 778//455
f 41//610 39//611 778//455
s 0
f 39//612 677//613 778//614
s 1
f 163//36 186//23 165//22
f 186//23 225//53 185//55
f 119//615 495//616 570//617
f 230//69 217//61 229//66
f 782//454 43//573 42//603
s 0
f 585//618 473//619 13//620
s 1
f 461//621 458//622 12//623
f 461//621 8//624 458//622
s 0
f 8//625 447//625 458//625
s 1
f 447//228 365//221 458//626
f 570//617 494//555 117//593
f 103//494 682//627 685//431
f 177//20 246//88 182//93
f 135//628 368//152 367//629
f 674//357 689//366 690//367
f 435//214 440//218 437//217
f 385//164 376//156 386//165
f 155//630 146//631 209//35
f 146//631 147//632 209//35
s 0
f 147//633 40//634 209//635
s 1
f 188//37 155//630 209//35
s 0
f 147//636 23//637 40//637
s 1
f 452//638 10//639 469//640
f 41//610 782//454 42//603
f 258//641 168//17 257//642
s 0
f 468//643 10//643 585//644
s 1
f 10//645 9//646 585//647
s 0
f 9//648 473//649 585//650
s 1
f 741//408 738//406 680//363
f 429//207 367//629 436//211
f 39//611 23//651 677//360
f 23//651 678//361 677//360
f 188//37 165//22 189//54
f 23//651 39//611 41//610
f 195//30 187//24 184//71
f 341//132 345//140 342//131
f 235//74 229//66 175//76
f 743//407 101//491 742//405
f 9//646 10//645 473//652
f 41//610 40//602 23//651
f 10//639 450//653 8//654
f 450//653 452//638 8//654
s 0
f 452//655 447//656 8//656
s 1
f 491//280 499//295 493//281
f 452//638 451//229 447//228
f 451//229 454//231 447//228
s 0
f 357//657 136//658 355//659
s 1
f 555//287 495//616 558//297
f 164//51 150//10 166//45
f 573//313 568//311 567//306
f 499//295 506//303 555//287
f 354//175 415//660 409//180
f 684//415 679//362 740//416
f 747//414 691//368 714//384
f 694//379 678//361 698//661
f 444//224 454//231 456//233
f 211//662 148//663 155//630
f 148//663 25//664 155//630
f 25//664 27//665 155//630
f 27//665 146//631 155//630
f 475//666 451//229 469//640
f 23//667 147//632 146//631
s 0
f 771//668 678//669 23//670
s 1
f 584//322 468//671 581//319
f 584//322 469//640 468//671
f 469//640 11//672 468//671
f 11//672 10//639 468//671
f 11//672 469//640 10//639
s 0
f 771//673 146//674 27//675
s 1
f 137//676 369//677 362//201
f 360//148 429//207 361//149
f 498//273 500//286 497//678
f 359//147 434//208 435//214
f 352//142 379//187 380//173
f 345//140 401//679 346//680
s 0
f 771//681 24//681 678//682
s 1
f 24//683 26//684 678//361
f 26//684 28//685 678//361
f 28//685 698//661 678//361
f 203//34 189//54 194//29
f 179//79 174//480 223//479
f 372//151 458//626 365//221
f 530//283 563//294 492//288
f 469//640 451//229 452//638
f 579//317 584//322 580//318
f 27//665 26//684 24//683
f 572//305 580//318 573//313
f 552//285 119//615 557//490
f 283//123 329//116 285//597
f 715//385 689//366 688//365
f 252//95 250//89 249//90
f 380//173 401//679 350//139
f 291//119 258//641 289//118
f 99//492 682//627 104//493
f 682//627 684//415 681//424
f 754//421 748//413 753//422
f 708//378 711//381 707//377
f 773//448 694//379 698//661
f 212//41 30//686 211//687
f 30//686 29//688 211//687
s 0
f 29//689 148//690 211//691
f 772//692 29//693 30//694
s 1
f 455//232 7//695 470//696
f 27//665 25//664 148//663
f 24//683 771//697 27//665
f 386//165 420//191 384//163
f 312//122 291//119 331//117
s 0
f 466//698 7//698 584//699
f 7//700 475//700 584//701
s 1
f 475//666 469//640 584//322
f 414//702 367//629 369//677
f 375//155 424//197 360//148
f 376//156 360//148 423//199
f 425//200 359//147 428//203
f 428//203 435//214 437//217
f 241//77 247//83 248//85
s 0
f 28//703 772//704 698//705
f 772//706 32//706 698//707
f 32//708 773//708 698//709
s 1
f 718//404 710//380 712//382
f 465//710 5//711 467//712
f 430//202 387//166 390//204
f 751//420 755//435 756//437
f 101//491 683//423 99//492
f 549//274 557//490 118//713
f 507//244 671//714 490//245
f 718//404 746//410 713//383
f 455//232 5//711 456//233
f 5//711 6//715 456//233
s 0
f 6//716 448//717 456//718
f 475//719 7//719 453//720
f 467//721 455//722 470//723
s 1
f 28//685 148//663 29//724
f 318//725 255//99 254//97
f 138//462 371//158 370//150
f 731//399 697//372 730//396
f 529//284 528//279 525//256
f 527//257 526//264 542//265
f 487//238 491//280 488//239
f 685//431 681//424 760//432
f 585//590 581//319 468//671
f 512//726 489//246 670//354
f 752//419 746//410 751//420
f 711//381 702//376 707//377
f 216//40 158//727 212//41
s 0
f 158//728 33//728 212//729
f 33//730 156//730 212//731
f 156//732 31//732 212//733
s 1
f 31//734 30//686 212//41
f 31//734 156//735 30//686
f 476//736 6//715 465//710
f 32//737 772//737 30//738
f 426//206 390//204 382//161
f 444//224 448//739 445//222
s 0
f 583//740 465//741 466//741
s 1
f 465//710 467//712 466//742
f 467//712 7//695 466//742
s 0
f 767//743 762//744 619//745
s 1
f 467//712 470//696 7//695
f 105//495 692//446 100//496
f 408//177 419//198 415//660
f 377//157 419//198 375//155
f 676//359 687//364 693//369
f 398//171 385//164 394//169
f 485//746 508//254 512//726
f 775//747 774//449 32//748
f 774//449 773//448 32//748
f 403//749 404//184 406//750
f 226//56 202//33 232//65
f 200//32 241//77 199//31
f 757//427 751//420 756//437
f 169//18 245//82 244//84
f 418//189 137//676 362//201
f 222//67 172//52 171//482
s 0
f 155//751 210//752 211//753
s 1
f 536//260 583//754 578//316
s 0
f 6//755 3//756 448//757
f 3//758 457//758 448//758
f 156//759 32//760 30//761
f 774//762 33//762 35//763
s 1
f 560//292 564//309 559//289
f 498//273 544//269 543//267
f 497//678 546//271 544//269
f 583//754 579//317 578//316
f 554//290 559//289 533//255
f 522//252 487//238 515//251
f 765//439 757//427 764//438
f 571//308 566//307 564//309
f 722//426 749//417 750//418
f 637//350 80//764 303//135
f 706//765 727//392 672//394
f 215//39 159//766 216//40
s 0
f 159//767 36//767 216//768
f 36//769 157//769 216//770
s 1
f 157//771 158//727 216//40
f 157//771 36//772 158//727
s 0
f 4//773 478//774 480//775
s 1
f 35//776 33//777 158//778
s 0
f 779//779 158//780 36//781
s 1
f 774//449 775//747 156//782
f 643//783 484//263 644//784
f 542//265 551//277 527//257
f 535//785 476//736 583//754
f 476//736 465//710 583//754
f 426//206 393//192 391//190
f 550//275 549//274 118//713
f 500//286 549//274 497//678
f 258//641 290//598 289//118
f 441//215 443//220 444//224
f 403//749 402//178 400//182
f 212//41 210//46 213//42
f 35//786 776//447 774//449
f 745//411 704//409 703//386
f 35//786 34//787 776//447
s 0
f 34//788 779//789 776//790
s 1
f 779//451 777//450 776//447
f 537//259 535//785 536//260
f 220//50 227//58 221//60
f 238//73 191//26 190//25
f 548//278 523//253 541//262
f 242//98 248//85 251//96
f 182//93 240//75 179//79
f 284//126 331//117 329//116
s 0
f 3//791 1//791 457//791
s 1
f 1//792 4//793 457//794
s 0
f 4//795 449//796 457//796
s 1
f 672//394 777//450 706//765
f 476//736 477//797 3//798
f 477//797 479//799 3//798
f 479//799 478//800 3//798
f 4//793 1//792 3//801
f 531//321 565//301 532//300
f 686//444 103//494 685//431
f 472//575 501//240 577//314
f 554//290 527//257 551//277
f 382//161 387//166 389//168
f 547//276 554//290 551//277
f 515//251 507//244 489//246
f 506//303 494//555 495//616
f 664//349 661//345 660//343
f 761//430 612//326 770//445
f 766//440 769//443 612//326
f 562//296 568//311 563//294
f 430//202 437//217 438//216
f 564//309 561//293 559//289
f 417//194 89//487 91//489
f 228//59 45//802 221//60
s 0
f 777//803 47//804 706//804
s 1
f 84//805 417//194 91//489
f 422//196 87//806 89//487
f 783//453 154//11 43//573
f 38//807 36//808 159//586
f 38//807 37//585 781//809
f 38//807 781//809 780//452
f 38//807 780//452 779//451
f 38//807 779//451 36//808
f 779//810 34//787 35//786
f 648//811 292//812 75//813
f 55//2 704//409 723//814
s 0
f 720//815 716//815 717//815
s 1
f 396//226 457//816 449//578
f 534//817 480//818 535//785
f 480//818 478//800 535//785
f 478//800 479//799 535//785
f 479//799 477//797 535//785
f 477//797 476//736 535//785
f 256//101 201//92 197//91
f 355//174 409//180 358//146
f 239//78 234//68 161//14
f 672//394 773//448 776//447
f 734//397 712//382 728//398
f 410//179 416//195 411//181
f 540//282 541//262 539//261
f 482//235 537//259 553//819
s 0
f 473//820 12//821 13//822
s 1
f 215//39 45//802 49//522
f 46//823 725//389 724//391
f 228//59 233//64 51//824
f 51//824 238//73 50//825
f 52//826 206//103 205//456
f 563//294 569//302 556//298
f 366//210 372//151 365//221
f 181//594 180//94 267//827
f 438//216 431//205 387//166
s 0
f 480//828 459//829 4//829
f 459//830 449//830 4//831
f 586//832 57//833 626//834
s 1
f 781//809 777//450 780//452
f 553//819 531//321 93//835
f 481//234 483//236 480//818
s 0
f 483//836 459//837 480//838
s 1
f 534//817 481//234 480//818
f 706//765 46//823 724//391
f 531//321 94//839 93//835
f 88//840 516//291 517//299
f 693//369 729//395 696//371
f 349//841 356//144 353//143
f 513//250 545//270 114//516
f 215//39 220//50 221//60
f 88//840 547//276 86//842
f 86//842 540//282 90//488
s 0
f 21//843 788//843 22//844
s 1
f 561//293 567//306 562//296
f 350//139 399//172 380//173
s 0
f 126//845 181//846 267//845
f 126//847 269//847 181//848
f 126//849 264//850 269//849
f 264//851 257//852 269//853
f 264//854 290//855 257//856
s 1
f 424//197 369//677 429//207
f 769//443 608//332 604//327
f 608//332 767//441 618//857
f 446//223 448//739 457//816
f 314//858 58//9 318//725
f 58//9 323//859 318//725
f 719//433 716//425 721//860
f 721//860 53//861 57//458
f 326//862 259//102 256//101
f 140//486 19//520 141//484
f 45//802 725//389 46//823
f 45//802 47//863 49//522
f 87//806 86//842 89//487
s 0
f 228//864 733//865 725//866
f 432//867 88//868 87//868
f 48//869 781//869 37//870
s 1
f 54//1 720//387 55//2
f 56//3 723//814 50//825
f 460//871 396//226 449//578
s 0
f 85//872 304//873 405//874
s 1
f 482//235 481//234 534//817
f 383//162 432//875 381//160
f 79//876 76//877 77//878
f 392//225 95//879 383//162
f 182//93 223//479 224//80
f 509//247 671//714 510//248
s 0
f 349//880 352//881 399//882
s 1
f 490//245 670//354 489//246
f 248//85 250//89 251//96
f 219//48 203//34 207//57
f 411//181 417//194 412//185
f 87//806 381//160 432//875
f 732//400 725//389 733//883
f 720//387 703//386 55//2
f 303//135 647//329 637//350
f 532//300 96//884 94//839
f 422//196 426//206 427//209
f 389//168 392//225 383//162
f 323//859 256//101 255//99
f 253//100 258//641 295//885
f 244//84 161//14 160//13
f 604//327 612//326 769//443
f 603//328 616//886 612//326
s 0
f 616//887 770//887 612//887
s 1
f 616//498 617//497 770//445
f 617//497 692//446 770//445
s 0
f 617//888 100//888 692//889
f 619//890 59//891 767//892
f 59//893 618//893 767//894
f 483//895 2//896 459//896
s 1
f 54//1 53//861 720//387
f 95//879 96//884 432//875
s 0
f 328//897 626//898 204//897
f 395//899 93//900 92//900
s 1
f 92//901 94//839 95//879
s 0
f 460//902 553//903 395//902
f 460//904 483//905 482//906
s 1
f 350//139 344//137 399//172
s 0
f 668//907 671//908 669//909
s 1
f 282//138 286//910 349//606
s 0
f 286//911 356//912 349//911
s 1
f 286//466 287//465 356//144
f 287//465 357//145 356//144
f 287//465 288//464 357//145
f 521//913 540//282 539//261
s 0
f 77//914 309//914 79//914
f 18//915 464//916 121//915
s 1
f 484//263 485//746 644//784
f 51//824 723//814 733//883
f 406//750 306//112 403//749
s 0
f 306//917 81//917 403//918
s 1
f 81//919 401//679 403//749
s 0
f 81//920 346//920 401//921
s 1
f 340//134 333//121 339//127
f 263//106 268//922 264//104
f 268//922 290//598 264//104
f 268//922 262//923 290//598
f 262//923 285//597 290//598
f 601//924 604//327 605//334
f 609//338 608//332 618//857
s 0
f 58//925 328//925 323//926
s 1
f 328//927 326//862 323//859
f 312//122 66//928 314//858
f 66//928 320//929 314//858
f 320//929 58//9 314//858
f 63//7 625//930 59//8
f 140//486 788//519 20//521
f 320//929 63//7 58//9
f 521//913 519//272 520//931
s 0
f 85//932 524//933 305//932
f 328//934 259//935 326//936
s 1
f 328//937 204//938 259//102
f 115//515 513//250 114//516
f 115//515 509//247 513//250
f 115//515 116//514 509//247
s 0
f 116//939 671//939 509//940
s 1
f 116//941 669//352 671//942
f 493//281 555//287 500//286
f 668//351 670//354 490//245
f 655//340 640//347 659//341
s 0
f 666//943 82//944 512//945
s 1
f 82//946 485//746 512//726
f 82//946 83//947 485//746
s 0
f 83//948 644//949 485//950
s 1
f 619//951 719//433 624//952
f 733//883 704//409 732//400
f 405//183 84//805 85//953
f 304//110 404//184 405//183
f 205//456 259//102 204//938
f 626//954 60//955 586//956
f 60//955 624//952 586//956
f 60//955 619//951 624//952
f 60//955 59//8 619//951
f 318//725 253//100 295//885
f 675//358 729//395 673//356
f 601//924 106//501 603//328
f 106//501 614//957 603//328
f 614//957 616//886 603//328
f 614//957 615//335 616//886
f 615//335 98//958 616//886
s 0
f 625//959 620//959 59//959
s 1
f 620//960 618//857 59//961
f 620//960 627//962 618//857
f 627//962 609//338 618//857
f 667//355 664//349 663//348
f 275//963 286//910 282//138
f 281//136 139//964 282//138
f 139//964 275//963 282//138
f 275//963 274//109 286//910
f 274//109 134//965 286//910
f 84//805 520//931 85//953
f 308//115 646//330 647//329
f 91//489 521//913 84//805
f 520//931 643//783 524//966
f 306//112 406//750 304//110
f 52//826 57//458 53//861
s 0
f 306//967 82//967 81//967
s 1
f 306//112 524//968 83//969
s 0
f 301//970 347//970 81//970
s 1
f 347//971 346//680 81//972
f 347//971 80//764 346//680
f 80//764 343//133 346//680
f 666//973 663//348 662//346
f 127//477 263//106 265//105
f 127//477 128//476 263//106
f 128//476 268//922 263//106
s 0
f 128//974 262//974 268//975
s 1
f 129//475 261//976 262//923
f 261//976 330//977 262//923
f 330//977 285//597 262//923
f 330//977 260//978 285//597
f 260//978 283//123 285//597
f 602//344 605//334 656//342
f 656//342 610//333 655//340
f 81//979 646//330 301//114
f 313//980 66//928 312//122
f 335//120 71//981 312//122
f 71//981 70//4 312//122
f 70//4 313//980 312//122
f 316//982 73//983 72//984
f 62//985 320//929 66//928
f 313//980 332//986 66//928
f 332//986 65//987 66//928
f 727//392 726//390 734//397
f 322//988 63//7 320//929
f 62//985 322//988 320//929
f 322//988 325//989 63//7
f 325//989 327//990 63//7
f 56//3 238//73 190//25
f 58//9 60//955 328//991
f 594//992 593//993 116//941
f 593//993 592//994 116//941
f 592//994 669//352 116//941
f 592//994 113//513 669//352
f 113//513 650//353 669//352
f 759//428 753//422 758//429
f 291//119 318//725 295//885
f 662//346 636//995 666//973
f 636//995 665//996 666//973
f 665//996 82//997 666//973
s 0
f 665//998 646//999 82//999
f 524//1000 643//1001 83//1001
s 1
f 643//783 644//784 83//1002
s 0
f 159//1003 49//1003 48//1004
s 1
f 454//231 442//219 447//228
f 257//642 176//19 269//595
f 123//1005 600//1006 601//924
f 600//1006 106//501 601//924
f 602//344 123//1005 601//924
s 0
f 613//1007 614//1008 106//1009
s 1
f 600//1006 611//1010 106//501
f 611//1010 109//502 106//501
f 613//336 615//335 614//957
f 651//337 98//958 615//335
f 61//1011 587//1012 625//1013
f 587//1012 630//1014 625//1013
f 630//1014 620//960 625//1013
f 630//1014 623//1015 620//960
f 623//1015 627//962 620//960
f 628//1016 649//1017 627//962
f 649//1017 631//1018 627//962
f 631//1018 609//338 627//962
f 631//1018 69//5 609//338
f 69//5 68//1019 609//338
f 68//1019 654//339 609//338
f 735//402 680//363 738//406
f 132//1020 276//1021 281//136
f 276//1021 139//964 281//136
f 336//124 132//1020 281//136
s 0
f 139//1022 279//1023 275//1024
s 1
f 279//107 274//109 275//963
f 276//1021 273//128 139//964
f 273//128 277//130 139//964
f 280//108 134//965 274//109
f 302//113 348//1025 301//114
f 348//1025 347//1026 301//114
s 0
f 61//1027 63//1027 327//1028
s 1
f 348//1025 303//135 347//1026
s 0
f 303//1029 80//1029 347//1029
s 1
f 62//985 627//962 623//1015
f 628//1016 66//928 65//987
f 78//1030 311//1031 80//764
f 311//1031 343//133 80//764
f 311//1031 299//1032 343//133
f 299//1032 340//134 343//133
f 145//474 261//976 129//475
f 145//474 260//978 261//976
f 260//978 330//977 261//976
s 0
f 144//1033 334//1033 260//1033
s 1
f 334//1034 283//123 260//978
f 334//1034 131//470 283//123
f 131//470 336//124 283//123
s 0
f 512//1035 667//1036 666//1037
s 1
f 316//982 315//1038 335//120
f 315//1038 71//981 335//120
f 340//134 316//982 335//120
f 70//4 332//986 313//980
f 300//1039 74//1040 633//1041
f 586//956 719//433 721//860
f 315//1038 310//1042 71//981
s 0
f 310//1043 319//1044 71//1044
s 1
f 64//6 324//1045 70//4
f 324//1045 321//1046 70//4
f 321//1046 332//986 70//4
f 392//225 395//819 92//901
f 327//990 325//989 62//985
f 325//989 322//988 62//985
f 321//1046 65//987 332//986
f 13//584 462//1047 471//576
f 64//6 629//1048 628//1016
f 629//1048 649//1017 628//1016
f 120//1049 593//993 594//992
f 120//1049 596//1050 593//993
f 596//1050 592//994 593//993
s 0
f 596//1051 113//1051 592//1052
s 1
f 111//512 589//1053 113//513
f 589//1053 591//1054 113//513
f 591//1054 650//353 113//513
f 591//1054 588//509 650//353
f 588//509 661//345 650//353
f 336//124 341//132 337//125
f 639//1055 636//995 662//346
f 640//347 74//1056 662//346
f 74//1056 639//1055 662//346
f 637//350 665//996 636//995
s 0
f 639//1057 76//1058 636//1058
s 1
f 642//1059 646//330 665//996
f 637//350 642//1059 665//996
f 642//1059 638//331 646//330
f 68//1019 652//1060 654//339
f 652//1060 72//984 654//339
f 72//984 640//347 654//339
f 342//131 346//680 343//133
f 661//345 107//505 602//344
f 107//505 597//1061 602//344
f 597//1061 123//1005 602//344
f 657//490 611//1010 123//1005
f 611//1010 600//1006 123//1005
s 0
f 597//1062 606//1063 123//1063
s 1
f 611//1010 657//490 109//502
f 623//1015 587//1012 61//1011
f 623//1015 630//1014 587//1012
f 629//1048 69//5 649//1017
f 69//5 631//1018 649//1017
f 629//1048 64//6 69//5
f 67//1064 653//1065 68//1019
f 653//1065 652//1060 68//1019
f 278//129 273//128 132//1020
f 273//128 276//1021 132//1020
f 336//124 338//1066 132//1020
s 0
f 338//1067 272//1068 132//1068
s 1
f 131//470 338//1066 336//124
f 303//135 348//1025 302//113
s 0
f 623//1069 327//1070 62//1070
s 1
f 54//1 201//92 52//826
f 79//876 307//1071 78//1030
f 307//1071 296//1072 78//1030
f 296//1072 311//1031 78//1030
f 296//1072 309//1073 311//1031
f 309//1073 299//1032 311//1031
f 68//1019 70//4 71//981
f 78//1030 636//995 76//877
f 300//1039 297//1074 299//1032
f 297//1074 298//1075 299//1032
f 298//1075 340//134 299//1032
f 298//1075 292//812 340//134
f 292//812 316//982 340//134
f 143//472 266//1076 144//473
f 266//1076 334//1034 144//473
f 266//1076 131//470 334//1034
f 266//1076 142//471 131//470
f 271//1077 270//1078 131//470
f 270//1078 338//1066 131//470
s 0
f 634//1079 299//1080 309//1081
s 1
f 67//1064 71//981 319//1082
f 317//539 310//1042 316//982
f 310//1042 315//1038 316//982
f 310//1042 293//538 319//1083
f 294//1084 633//1041 632//1085
f 317//539 293//538 310//1042
f 321//1046 324//1045 64//6
f 112//511 589//1053 111//512
f 112//511 588//509 589//1053
f 588//509 591//1054 589//1053
f 595//508 598//1086 588//509
f 598//1086 661//345 588//509
f 598//1086 107//505 661//345
s 0
f 74//1087 634//1087 639//1088
s 1
f 634//1089 645//1090 639//1091
f 645//1090 76//877 639//1091
f 72//984 73//983 640//347
f 73//983 641//1092 640//347
f 641//1092 74//1056 640//347
f 641//1092 658//1093 74//1056
s 0
f 658//1094 633//1095 74//1095
s 1
f 645//1090 635//1096 76//877
f 635//1096 77//878 76//877
f 638//331 642//1059 637//350
f 653//1065 72//984 652//1060
s 0
f 653//1097 622//1098 72//1098
s 1
f 122//504 599//324 107//505
f 599//324 597//1061 107//505
f 598//1086 590//1099 107//505
f 590//1099 108//506 107//505
f 599//324 606//323 597//1061
f 621//1100 653//1065 67//1064
f 621//1100 622//537 653//1065
f 270//1078 272//1101 338//1066
f 270//1078 130//1102 272//1101
f 190//25 54//1 56//3
f 309//1073 307//1071 79//876
f 309//1073 296//1072 307//1071
f 658//1103 632//1085 633//1041
f 44//566 786//526 153//1104
f 294//1084 297//1074 300//1039
f 294//1084 75//1105 297//1074
s 0
f 75//1106 292//1106 297//1107
s 1
f 292//812 298//1075 297//1074
s 0
f 317//1108 72//1109 622//1109
s 1
f 142//471 266//1076 143//472
f 130//1102 270//1078 271//1077
s 0
f 75//1110 632//1111 648//1110
s 1
f 110//507 590//1099 595//508
f 590//1099 598//1086 595//508
f 77//878 635//1096 634//1089
f 635//1096 645//1090 634//1089
s 0
f 648//1112 658//1112 73//1112
s 1
f 658//1093 641//1092 73//983
f 648//1113 632//1085 658//1103
f 590//1099 110//507 108//506
f 607//325 599//324 122//504
s 0
f 14//1114 471//1114 462//1114
s 1
f 205//456 204//938 626//457
s 0
f 141//459 19//459 121//459
s 1
f 89//487 86//842 90//488
f 49//522 47//863 709//523
f 394//169 384//163 393//192
f 197//91 198//87 196//86
f 742//405 102//571 735//402
f 622//537 621//1100 293//538
s 0
f 621//1115 67//1115 319//1116
s 1
f 504//553 474//1117 505//243
f 407//176 354//175 355//174
f 496//304 576//315 503//242
f 229//66 125//596 174//480
s 0
f 321//1118 64//1119 628//1119
s 1
f 166//45 173//44 172//52
f 173//44 124//574 171//482
f 785//567 784//540 44//566
f 102//571 736//609 731//399
f 693//369 696//371 778//455
f 170//43 152//1120 124//574
f 2//577 460//871 449//578
s 0
f 17//1121 14//1122 463//1123
s 1
f 37//585 38//807 159//586
f 585//590 472//575 577//314
f 117//593 494//555 503//242
f 575//312 582//320 577//314
f 176//19 178//21 181//594
f 544//269 546//271 514//268
f 240//75 160//13 162//15
f 187//24 185//55 183//62
f 285//597 329//116 289//118
s 0
f 8//1124 461//1125 473//1124
s 1
f 344//137 282//138 349//606
f 736//609 97//541 700//374
f 436//211 367//629 368//152
f 409//180 415//660 377//157
f 163//36 209//35 151//572
f 163//36 164//51 186//23
f 186//23 218//49 225//53
f 119//615 558//297 495//616
f 230//69 225//53 217//61
f 782//454 783//453 43//573
f 570//617 495//616 494//555
f 103//494 104//493 682//627
f 177//20 167//16 246//88
f 135//628 433//227 368//152
f 674//357 673//356 689//366
f 435//214 439//213 440//218
f 385//164 374//154 376//156
f 452//638 450//653 10//639
f 258//641 252//95 168//17
f 741//408 743//407 738//406
f 429//207 369//677 367//629
f 188//37 163//36 165//22
f 195//30 194//29 187//24
f 341//132 344//137 345//140
f 235//74 230//69 229//66
f 41//610 42//603 40//602
f 491//280 492//288 499//295
s 0
f 357//1126 288//1127 136//1127
s 1
f 555//287 506//303 495//616
f 164//51 151//572 150//10
f 573//313 574//310 568//311
f 499//295 556//298 506//303
f 354//175 408//177 415//660
f 684//415 741//408 679//362
f 747//414 748//413 691//368
f 694//379 676//359 678//361
f 444//224 443//220 454//231
f 475//666 453//230 451//229
s 0
f 771//1128 23//1128 146//1129
s 1
f 137//676 414//702 369//677
f 360//148 424//197 429//207
f 498//273 493//281 500//286
f 359//147 361//149 434//208
f 352//142 351//141 379//187
f 345//140 350//139 401//679
f 203//34 208//47 189//54
f 179//79 175//76 174//480
f 372//151 378//159 458//626
f 530//283 562//296 563//294
f 579//317 466//1130 584//322
f 27//665 148//663 26//684
f 572//305 579//317 580//318
f 552//285 558//297 119//615
f 283//123 284//126 329//116
f 715//385 690//367 689//366
f 252//95 253//100 250//89
f 380//173 402//178 401//679
f 291//119 295//885 258//641
f 99//492 683//423 682//627
f 682//627 683//423 684//415
f 754//421 740//416 748//413
f 708//378 728//398 711//381
f 773//448 705//393 694//379
s 0
f 772//1131 28//1132 29//1133
s 1
f 455//232 453//230 7//695
f 386//165 425//200 420//191
f 312//122 314//858 291//119
f 414//702 135//628 367//629
f 375//155 419//198 424//197
f 376//156 375//155 360//148
f 425//200 423//199 359//147
f 428//203 359//147 435//214
f 241//77 239//78 247//83
f 718//404 713//383 710//380
f 465//710 6//715 5//711
f 430//202 438//216 387//166
f 751//420 749//417 755//435
f 101//491 743//407 683//423
f 549//274 552//285 557//490
f 507//244 510//248 671//714
f 718//404 744//412 746//410
s 0
f 467//1134 5//1135 455//1136
s 1
f 28//685 26//684 148//663
f 318//725 323//859 255//99
f 138//462 133//461 371//158
f 731//399 700//374 697//372
f 529//284 530//283 528//279
f 527//257 525//256 526//264
f 487//238 528//279 491//280
f 685//431 682//627 681//424
f 585//590 582//320 581//319
f 512//726 508//254 489//246
f 752//419 747//414 746//410
f 711//381 688//365 702//376
f 476//736 3//798 6//715
f 426//206 391//190 390//204
f 444//224 456//233 448//739
s 0
f 767//1137 763//1138 762//1139
s 1
f 105//495 686//444 692//446
f 408//177 418//189 419//198
f 377//157 415//660 419//198
f 676//359 702//376 687//364
f 398//171 379//187 385//164
f 485//746 518//266 508//254
f 403//749 400//182 404//184
f 226//56 207//57 202//33
f 200//32 231//63 241//77
f 757//427 752//419 751//420
f 169//18 249//90 245//82
f 418//189 363//188 137//676
f 222//67 217//61 172//52
s 0
f 155//1140 188//1141 210//1142
s 1
f 536//260 535//785 583//754
s 0
f 156//1143 775//1143 32//1144
f 774//1145 156//1145 33//1145
s 1
f 560//292 565//301 564//309
f 498//273 497//678 544//269
f 497//678 549//274 546//271
f 583//754 466//1130 579//317
f 554//290 560//292 559//289
f 522//252 526//264 487//238
f 765//439 758//429 757//427
f 571//308 572//305 566//307
f 722//426 755//435 749//417
f 637//350 636//995 80//764
f 706//765 724//391 727//392
s 0
f 4//1146 3//1146 478//1147
f 779//1148 35//1149 158//1150
s 1
f 643//783 519//272 484//263
f 542//265 548//278 551//277
f 426//206 421//193 393//192
f 500//286 552//285 549//274
f 258//641 257//642 290//598
f 441//215 440//218 443//220
f 403//749 401//679 402//178
f 212//41 211//687 210//46
f 745//411 739//403 704//409
f 537//259 534//817 535//785
f 220//50 226//56 227//58
f 238//73 237//72 191//26
f 548//278 542//265 523//253
f 242//98 196//86 248//85
f 182//93 246//88 240//75
f 284//126 333//121 331//117
f 672//394 776//447 777//450
f 531//321 538//258 565//301
f 686//444 105//495 103//494
f 472//575 504//553 501//240
f 554//290 533//255 527//257
f 382//161 390//204 387//166
f 547//276 517//299 554//290
f 515//251 486//237 507//244
f 506//303 496//304 494//555
f 664//349 650//353 661//345
f 761//430 766//440 612//326
f 766//440 765//439 769//443
f 562//296 567//306 568//311
f 430//202 428//203 437//217
f 564//309 566//307 561//293
f 417//194 422//196 89//487
s 0
f 777//1151 709//1152 47//1152
s 1
f 84//805 412//185 417//194
f 422//196 427//209 87//806
f 783//453 785//567 154//11
f 648//811 73//983 292//812
f 55//2 703//386 704//409
s 0
f 720//1153 53//1153 716//1153
s 1
f 396//226 446//223 457//816
f 256//101 206//103 201//92
f 355//174 354//175 409//180
f 239//78 236//70 234//68
f 672//394 705//393 773//448
f 734//397 737//401 712//382
f 410//179 397//170 416//195
f 540//282 548//278 541//262
f 482//235 534//817 537//259
s 0
f 473//1154 461//1154 12//1155
s 1
f 215//39 221//60 45//802
f 228//59 227//58 233//64
f 51//824 233//64 238//73
f 52//826 201//92 206//103
f 563//294 568//311 569//302
f 366//210 364//212 372//151
f 181//594 178//21 180//94
f 438//216 441//215 431//205
s 0
f 586//1156 721//1157 57//1158
s 1
f 781//809 709//1159 777//450
f 553//819 537//259 531//321
f 706//765 47//863 46//823
f 531//321 532//300 94//839
f 88//840 96//884 516//291
f 693//369 687//364 729//395
f 513//250 514//268 545//270
f 215//39 214//38 220//50
f 88//840 517//299 547//276
f 86//842 547//276 540//282
s 0
f 21//1160 786//1160 788//1160
s 1
f 561//293 566//307 567//306
f 424//197 362//201 369//677
f 769//443 768//442 608//332
f 608//332 768//442 767//441
f 446//223 445//222 448//739
f 719//433 722//426 716//425
f 721//860 716//425 53//861
f 140//486 20//521 19//520
f 45//802 228//59 725//389
f 45//802 46//823 47//863
f 87//806 88//840 86//842
s 0
f 228//864 51//864 733//1161
f 432//1162 96//868 88//868
f 48//869 709//869 781//869
s 1
f 56//3 55//2 723//814
f 460//871 395//819 396//226
s 0
f 85//1163 305//1164 304//1165
s 1
f 383//162 95//879 432//875
f 79//876 78//1030 76//877
f 392//225 92//901 95//879
f 182//93 179//79 223//479
s 0
f 349//1166 353//1167 352//1168
s 1
f 248//85 247//83 250//89
f 219//48 208//47 203//34
f 411//181 416//195 417//194
f 87//806 427//209 381//160
f 732//400 726//390 725//389
f 303//135 308//115 647//329
f 532//300 516//291 96//884
f 422//196 421//193 426//206
f 389//168 388//167 392//225
f 323//859 326//862 256//101
f 253//100 252//95 258//641
f 244//84 245//82 161//14
f 54//1 52//826 53//861
f 95//879 94//839 96//884
s 0
f 328//897 60//897 626//1169
f 395//1170 553//1171 93//900
s 1
f 92//901 93//835 94//839
s 0
f 460//902 482//902 553//1172
f 460//1173 2//1174 483//1175
f 668//1176 490//1177 671//1178
s 1
f 521//913 90//488 540//282
s 0
f 77//1179 634//1179 309//1179
f 18//1180 463//1181 464//1182
s 1
f 484//263 518//266 485//746
f 51//824 50//825 723//814
f 340//134 335//120 333//121
f 601//924 603//328 604//327
f 609//338 610//333 608//332
f 140//486 22//485 788//519
f 521//913 539//261 519//272
s 0
f 85//932 520//1183 524//1184
s 1
f 493//281 499//295 555//287
f 655//340 654//339 640//347
f 619//951 762//434 719//433
f 733//883 723//814 704//409
f 405//183 412//185 84//805
f 304//110 406//750 404//184
f 205//456 206//103 259//102
f 318//725 254//97 253//100
f 675//358 730//396 729//395
f 667//355 668//351 664//349
f 84//805 521//913 520//931
f 308//115 301//114 646//330
f 91//489 90//488 521//913
f 520//931 519//272 643//783
f 52//826 205//456 57//458
s 0
f 306//967 83//1185 82//967
s 1
f 306//112 305//111 524//968
f 666//973 667//355 663//348
f 602//344 601//924 605//334
f 656//342 605//334 610//333
f 81//979 82//979 646//330
f 316//982 292//812 73//983
f 727//392 724//391 726//390
f 56//3 50//825 238//73
f 58//9 59//8 60//955
f 759//428 754//421 753//422
f 291//119 314//858 318//725
s 0
f 159//1186 215//1187 49//1186
s 1
f 454//231 443//220 442//219
f 257//642 168//17 176//19
f 735//402 675//358 680//363
s 0
f 61//1188 625//1188 63//1188
s 1
f 62//985 66//928 627//962
f 628//1016 627//962 66//928
s 0
f 512//1189 670//1190 667//1191
s 1
f 300//1039 299//1032 74//1040
f 586//956 624//952 719//433
f 392//225 396//226 395//819
f 13//584 12//1192 462//1047
f 336//124 281//136 341//132
f 342//131 345//140 346//680
s 0
f 623//1193 61//1194 327//1194
s 1
f 54//1 192//27 201//92
f 68//1019 69//5 70//4
f 78//1030 80//764 636//995
s 0
f 634//1195 74//1195 299//1196
s 1
f 67//1064 68//1019 71//981
f 294//1084 300//1039 633//1041
f 190//25 192//27 54//1
f 44//566 784//540 786//526
s 0
f 317//1197 316//1198 72//1199
f 75//1200 294//1201 632//1202
f 14//1203 17//1204 471//1203
