# Blender 5.2.2 LTS
# www.blender.org
o Object.084
v -0.001506 0.297665 0.018998
v 0.001669 0.297682 0.019006
v -0.001506 0.297519 0.020353
v 0.001669 0.297526 0.020540
v 0.001669 0.299067 0.021440
v -0.001506 0.299055 0.021534
v -0.001506 0.304764 0.091233
v 0.001669 0.304604 0.091285
v -0.001506 0.301292 0.088315
v 0.001669 0.306444 0.089214
v -0.001506 0.306381 0.089262
v -0.001506 0.302020 0.090872
v 0.001669 0.302344 0.091017
v 0.001669 0.301186 0.088747
v -0.001506 0.302982 0.086326
v 0.001669 0.302874 0.086363
v 0.001669 0.305327 0.086851
v -0.001506 0.305502 0.086981
v -0.001506 0.281948 0.091200
v 0.001669 0.282949 0.091454
v -0.001506 0.285205 0.090634
v 0.001669 0.285433 0.090175
v 0.001669 0.280625 0.089713
v -0.001506 0.280506 0.088166
v 0.001669 0.281318 0.087052
v -0.001506 0.282926 0.086302
v 0.001669 0.283624 0.086310
v -0.001506 0.285276 0.087331
v 0.001669 0.285413 0.087697
v -0.001506 0.284057 0.032506
v 0.001669 0.283936 0.032550
v 0.001669 0.285693 0.030803
v -0.001506 0.285741 0.030635
v -0.001506 0.281973 0.032415
v 0.001669 0.281687 0.032277
v -0.001506 0.280525 0.030295
v 0.001669 0.280600 0.030290
v 0.001669 0.281422 0.028181
v -0.001506 0.281567 0.028123
v 0.001669 0.284460 0.027774
v -0.001506 0.284269 0.027680
v -0.001506 0.282570 0.062124
v 0.001669 0.282616 0.062038
v 0.001669 0.285069 0.061240
v -0.001506 0.285420 0.060784
v -0.001506 0.280569 0.059828
v 0.001669 0.280473 0.059844
v -0.001506 0.281784 0.057213
v 0.001669 0.281713 0.057384
v 0.001669 0.283784 0.057003
v -0.001506 0.285110 0.057655
v 0.001669 0.285616 0.058663
v -0.001506 0.304565 0.032604
v 0.001669 0.302517 0.032429
v 0.001669 0.305529 0.032118
v -0.001506 0.306276 0.030795
v -0.001506 0.302322 0.032217
v -0.001506 0.301198 0.030294
v 0.001669 0.301186 0.030010
v -0.001506 0.302422 0.027878
v 0.001669 0.302875 0.027625
v 0.001669 0.306128 0.028772
v -0.001506 0.305493 0.028088
v -0.001506 0.302773 0.061933
v 0.001669 0.304116 0.062038
v -0.001506 0.306089 0.060964
v 0.001669 0.306314 0.060353
v 0.001669 0.301477 0.060892
v -0.001506 0.301113 0.058963
v 0.001669 0.301792 0.057824
v -0.001506 0.303447 0.056936
v 0.001669 0.304939 0.057017
v -0.001506 0.305729 0.057786
v -0.001506 -0.319124 0.091233
v 0.001669 -0.320558 0.091423
v -0.001506 -0.322503 0.087996
v 0.001669 -0.317987 0.090420
v -0.001506 -0.317507 0.089260
v -0.001506 -0.322021 0.090778
v 0.001669 -0.322368 0.090039
v 0.001669 -0.322347 0.087431
v -0.001506 -0.320888 0.086385
v 0.001669 -0.319992 0.086315
v 0.001669 -0.317857 0.087502
v -0.001506 -0.318496 0.086856
v -0.001506 -0.340797 0.091459
v 0.001669 -0.340255 0.091478
v -0.001506 -0.338776 0.090485
v 0.001669 -0.338421 0.089871
v -0.001506 -0.343000 0.090146
v 0.001669 -0.342667 0.090537
v -0.001506 -0.343001 0.087582
v 0.001669 -0.343197 0.087663
v -0.001506 -0.340630 0.086240
v 0.001669 -0.340265 0.086309
v -0.001506 -0.338233 0.088026
v 0.001669 -0.338356 0.087884
v -0.001506 -0.321504 0.032470
v 0.001669 -0.319964 0.032720
v -0.001506 -0.322595 0.029293
v -0.001506 -0.318330 0.032021
v 0.001669 -0.317763 0.031271
v -0.001506 -0.317568 0.029964
v 0.001669 -0.322032 0.031796
v 0.001669 -0.322644 0.029450
v 0.001669 -0.320133 0.027432
v -0.001506 -0.320809 0.027676
v -0.001506 -0.318587 0.028020
v 0.001669 -0.317837 0.028961
v -0.001506 -0.319667 0.062028
v 0.001669 -0.319302 0.061966
v -0.001506 -0.317777 0.060624
v 0.001669 -0.317441 0.059668
v 0.001669 -0.321831 0.061437
v -0.001506 -0.322355 0.060972
v 0.001669 -0.322644 0.058819
v -0.001506 -0.321902 0.057491
v 0.001669 -0.320942 0.057086
v -0.001506 -0.318238 0.057505
v 0.001669 -0.318848 0.057250
v -0.001506 -0.340147 0.032604
v 0.001669 -0.339938 0.032597
v -0.001506 -0.338320 0.031111
v 0.001669 -0.338078 0.030300
v -0.001506 -0.342497 0.032079
v 0.001669 -0.342320 0.032158
v 0.001669 -0.343347 0.029433
v -0.001506 -0.343117 0.028779
v -0.001506 -0.340301 0.027593
v 0.001669 -0.340241 0.027440
v -0.001506 -0.338583 0.028773
v -0.001506 -0.340302 0.062028
v 0.001669 -0.339953 0.061920
v -0.001506 -0.343378 0.059152
v 0.001669 -0.343294 0.059161
v 0.001669 -0.338272 0.060326
v -0.001506 -0.338584 0.060849
v 0.001669 -0.342355 0.061569
v -0.001506 -0.342321 0.061496
v 0.001669 -0.341616 0.056983
v -0.001506 -0.340973 0.056813
v 0.001669 -0.338817 0.057751
v -0.001506 -0.338321 0.058509
v -0.001506 -0.383865 -0.102934
v 0.001669 -0.383705 -0.103139
v -0.001506 -0.380884 -0.105218
v 0.001669 -0.380570 -0.105348
v -0.001506 -0.378536 -0.105621
v 0.001669 -0.378535 -0.105605
v 0.001669 -0.384929 -0.099694
v -0.001506 -0.384970 -0.098995
v 0.001669 -0.384146 -0.096023
v -0.001506 -0.384065 -0.096064
v -0.001506 -0.353922 -0.075594
v 0.001669 -0.353961 -0.075545
v -0.001506 -0.354267 -0.077313
v -0.001506 -0.352660 -0.075873
v 0.001669 -0.352499 -0.076114
v 0.001669 -0.354223 -0.077261
v -0.001506 -0.352573 -0.077108
v 0.001669 -0.352787 -0.077333
v -0.001506 -0.365187 -0.075594
v 0.001669 -0.365226 -0.075545
v -0.001506 -0.365694 -0.076700
v -0.001506 -0.363574 -0.076338
v 0.001669 -0.363764 -0.076114
v 0.001669 -0.365488 -0.077261
v -0.001506 -0.364850 -0.077574
v 0.001669 -0.364052 -0.077333
v -0.001506 -0.353922 -0.100994
v 0.001669 -0.353072 -0.100923
v -0.001506 -0.352660 -0.101273
v -0.001506 -0.354267 -0.102713
v 0.001669 -0.354517 -0.101749
v 0.001669 -0.353512 -0.102980
v -0.001506 -0.352573 -0.102508
v 0.001669 -0.352443 -0.102185
v -0.001506 -0.365187 -0.100994
v 0.001669 -0.364337 -0.100923
v -0.001506 -0.363574 -0.101738
v -0.001506 -0.365694 -0.102100
v 0.001669 -0.365782 -0.101749
v 0.001669 -0.364777 -0.102980
v -0.001506 -0.364850 -0.102974
v 0.001669 -0.363708 -0.102185
v -0.001506 0.353689 -0.094305
v 0.001669 0.354217 -0.094382
v -0.001506 0.355962 -0.095718
v 0.001669 0.356130 -0.096197
v 0.001669 0.352152 -0.094763
v -0.001506 0.351270 -0.095563
v 0.001669 0.350910 -0.097224
v -0.001506 0.351592 -0.098586
v 0.001669 0.353215 -0.099475
v -0.001506 0.354022 -0.099408
v 0.001669 0.355475 -0.098582
v -0.001506 0.355742 -0.098226
v -0.001506 0.163326 -0.094435
v 0.001669 0.164188 -0.094331
v 0.001669 0.166306 -0.095130
v -0.001506 0.165722 -0.094728
v -0.001506 0.166920 -0.096375
v 0.001669 0.166895 -0.097204
v 0.001669 0.161888 -0.095851
v -0.001506 0.161784 -0.096874
v 0.001669 0.162657 -0.098818
v -0.001506 0.162806 -0.098878
v 0.001669 0.165524 -0.099275
v -0.001506 0.165677 -0.099275
v -0.001506 -0.149402 -0.094718
v 0.001669 -0.151484 -0.094330
v 0.001669 -0.149029 -0.095130
v -0.001506 -0.151967 -0.094534
v -0.001506 -0.153466 -0.096212
v 0.001669 -0.153244 -0.095751
v -0.001506 -0.152810 -0.098691
v 0.001669 -0.153334 -0.097852
v 0.001669 -0.151485 -0.099418
v 0.001669 -0.148606 -0.098218
v -0.001506 -0.150175 -0.099381
v -0.001506 -0.148415 -0.097370
v -0.001506 0.101922 -0.094350
v 0.001669 0.102118 -0.094404
v -0.001506 0.103687 -0.095908
v 0.001669 0.103928 -0.096532
v 0.001669 0.099734 -0.094843
v -0.001506 0.099735 -0.094872
v -0.001506 0.098716 -0.096875
v 0.001669 0.098704 -0.097389
v -0.001506 0.099736 -0.098877
v 0.001669 0.100783 -0.099418
v 0.001669 0.102967 -0.098815
v -0.001506 0.101922 -0.099398
v -0.001506 0.103629 -0.097938
v -0.001506 0.039370 -0.094428
v 0.001669 0.039855 -0.094713
v 0.001669 0.036789 -0.094723
v -0.001506 0.036124 -0.095275
v -0.001506 0.036124 -0.098473
v 0.001669 0.035674 -0.096876
v 0.001669 0.036669 -0.098906
v 0.001669 0.038882 -0.099366
v -0.001506 0.039027 -0.099381
v 0.001669 0.040717 -0.097705
v -0.001506 0.040839 -0.097210
v -0.001506 -0.088603 -0.094377
v 0.001669 -0.087916 -0.094302
v -0.001506 -0.085747 -0.095262
v 0.001669 -0.085599 -0.095564
v 0.001669 -0.090478 -0.096003
v -0.001506 -0.090523 -0.096532
v 0.001669 -0.089465 -0.098906
v -0.001506 -0.089346 -0.098992
v -0.001506 -0.086956 -0.099298
v 0.001669 -0.087252 -0.099366
v 0.001669 -0.085620 -0.098038
v -0.001506 -0.085525 -0.097779
v -0.001506 -0.025877 -0.094435
v 0.001669 -0.024016 -0.094404
v -0.001506 -0.023046 -0.094978
v 0.001669 -0.022206 -0.096532
v 0.001669 -0.026400 -0.094843
v -0.001506 -0.027418 -0.096875
v 0.001669 -0.027366 -0.096710
v 0.001669 -0.026312 -0.099076
v -0.001506 -0.025876 -0.099313
v 0.001669 -0.023407 -0.099054
v -0.001506 -0.023478 -0.099019
v -0.001506 -0.022281 -0.097370
v -0.001506 -0.215419 -0.094529
v 0.001669 -0.213217 -0.094404
v 0.001669 -0.216566 -0.096709
v -0.001506 -0.212389 -0.094887
v 0.001669 -0.211407 -0.096532
v -0.001506 -0.211485 -0.096709
v 0.001669 -0.215601 -0.094843
v -0.001506 -0.216550 -0.097202
v 0.001669 -0.215744 -0.098819
v -0.001506 -0.215077 -0.099313
v 0.001669 -0.212877 -0.099274
v -0.001506 -0.212246 -0.098769
v -0.001506 -0.277804 -0.094377
v 0.001669 -0.276284 -0.094404
v -0.001506 -0.275313 -0.094979
v 0.001669 -0.274474 -0.096533
v 0.001669 -0.278667 -0.094843
v -0.001506 -0.279724 -0.096532
v 0.001669 -0.279661 -0.096876
v 0.001669 -0.278666 -0.098906
v -0.001506 -0.277997 -0.099408
v 0.001669 -0.275944 -0.099274
v -0.001506 -0.274645 -0.098058
v -0.001506 0.290295 -0.094353
v 0.001669 0.290322 -0.094331
v 0.001669 0.292741 -0.095400
v -0.001506 0.292430 -0.095078
v -0.001506 0.288203 -0.095564
v 0.001669 0.288022 -0.095851
v -0.001506 0.288525 -0.098587
v 0.001669 0.288790 -0.098818
v 0.001669 0.290818 -0.099387
v -0.001506 0.290954 -0.099408
v 0.001669 0.292651 -0.098352
v -0.001506 0.292937 -0.097860
v -0.001506 0.227555 -0.094305
v 0.001669 0.227255 -0.094331
v 0.001669 0.229373 -0.095131
v -0.001506 0.229828 -0.095720
v 0.001669 0.229955 -0.097370
v -0.001506 0.225136 -0.095564
v 0.001669 0.224955 -0.095851
v -0.001506 0.225374 -0.098437
v 0.001669 0.225724 -0.098818
v 0.001669 0.228422 -0.099314
v -0.001506 0.227728 -0.099455
v -0.001506 0.229609 -0.098225
v -0.001506 -0.339886 -0.094339
v 0.001669 -0.338547 -0.094713
v -0.001506 -0.337881 -0.095583
v 0.001669 -0.341613 -0.094723
v -0.001506 -0.341875 -0.094961
v -0.001506 -0.342705 -0.096877
v 0.001669 -0.342701 -0.096711
v 0.001669 -0.341879 -0.098819
v -0.001506 -0.341763 -0.098914
v -0.001506 -0.339224 -0.099298
v 0.001669 -0.339521 -0.099366
v 0.001669 -0.337685 -0.097705
v -0.001506 -0.337793 -0.097779
v -0.001506 -0.161517 0.046795
v 0.001669 -0.161330 0.046717
v -0.001506 -0.161265 0.048206
v 0.001669 -0.161896 0.048916
v -0.001506 -0.162888 0.049221
v 0.001669 -0.162892 0.049176
v 0.001669 0.109634 0.047943
v -0.001506 0.109628 0.047946
v 0.001669 0.109851 0.049075
v -0.001506 0.109841 0.049307
v 0.001669 0.108999 0.050191
v -0.001506 0.108974 0.050153
v 0.001669 0.287923 0.005751
v -0.001506 0.287920 0.005785
v -0.001506 0.289269 0.006273
v -0.001506 0.289336 0.008185
v 0.001669 0.289455 0.006595
v 0.001669 0.289310 0.008173
v 0.001669 -0.215604 -0.091509
v -0.001506 -0.215606 -0.091533
v 0.001669 -0.219798 -0.089835
v -0.001506 -0.219919 -0.089727
v 0.001669 -0.222013 -0.086099
v -0.001506 -0.222151 -0.085499
v 0.001669 -0.221173 -0.081752
v -0.001506 -0.221107 -0.081785
v -0.001506 -0.108884 -0.091407
v 0.001669 -0.108884 -0.091392
v 0.001669 -0.112553 -0.090289
v -0.001506 -0.112543 -0.090274
v 0.001669 -0.115289 -0.086278
v -0.001506 -0.114900 -0.087253
v -0.001506 -0.115199 -0.083941
v 0.001669 -0.114459 -0.081752
v -0.001506 -0.114393 -0.081785
v 0.001669 0.097756 -0.004347
v -0.001506 0.097564 -0.004443
v 0.001669 0.096770 -0.001697
v -0.001506 0.096962 0.000112
v 0.001669 0.097715 0.002024
v -0.001506 0.097756 0.002003
v -0.001506 0.264374 0.077178
v -0.001506 0.265159 0.075370
v 0.001669 0.265118 0.075349
v 0.001669 0.264182 0.078890
v -0.001506 0.264762 0.081246
v 0.001669 0.266320 0.083441
v -0.001506 0.267817 0.084343
v 0.001669 0.270655 0.084984
v -0.001506 0.270658 0.084911
v -0.001506 0.450075 0.077888
v 0.001669 0.450215 0.077884
v -0.001506 0.449407 0.081286
v 0.001669 0.448169 0.083223
v -0.001506 0.447136 0.084002
v 0.001669 0.443644 0.085036
v -0.001506 0.443638 0.084940
v -0.001506 0.158334 0.075313
v 0.001669 0.158404 0.075348
v 0.001669 0.157468 0.078888
v -0.001506 0.157573 0.079758
v 0.001669 0.159606 0.083441
v -0.001506 0.159617 0.083302
v -0.001506 0.163932 0.085110
v 0.001669 0.163941 0.084984
v -0.001506 0.114391 0.060123
v 0.001669 0.115170 0.059327
v 0.001669 0.112851 0.060498
v -0.001506 0.111171 0.059906
v 0.001669 0.111029 0.059507
v -0.001506 0.110650 0.056719
v 0.001669 0.110423 0.057576
v -0.001506 0.112907 0.055322
v 0.001669 0.111933 0.055527
v 0.001669 0.115053 0.056149
v -0.001506 0.115555 0.056994
v 0.001669 -0.162130 0.058401
v -0.001506 -0.162616 0.059441
v 0.001669 -0.163447 0.060143
v -0.001506 -0.165270 0.060540
v 0.001669 -0.165671 0.060301
v -0.001506 -0.167184 0.058398
v 0.001669 -0.167282 0.058130
v -0.001506 -0.166569 0.056140
v 0.001669 -0.166263 0.055910
v -0.001506 -0.164259 0.055362
v 0.001669 -0.163358 0.055518
v -0.001506 -0.162218 0.056973
v 0.001669 -0.011269 0.015762
v -0.001506 -0.010998 0.015322
v -0.001506 -0.012966 0.017033
v -0.001506 -0.015384 0.017081
v 0.001669 -0.014199 0.017371
v 0.001669 -0.016882 0.015944
v -0.001506 -0.017529 0.014841
v 0.001669 -0.017612 0.013633
v -0.001506 -0.017101 0.012025
v -0.001506 -0.015139 0.010506
v -0.001506 -0.012733 0.010702
v 0.001669 -0.015856 0.010628
v 0.001669 -0.012271 0.010923
v -0.001506 -0.011013 0.012404
v 0.001669 -0.010798 0.013073
v 0.001669 -0.011269 -0.022338
v -0.001506 -0.011765 -0.021568
v -0.001506 -0.015384 -0.021019
v 0.001669 -0.014199 -0.020729
v 0.001669 -0.016882 -0.022156
v -0.001506 -0.017529 -0.023259
v 0.001669 -0.017612 -0.024467
v -0.001506 -0.017101 -0.026075
v -0.001506 -0.015139 -0.027594
v -0.001506 -0.012733 -0.027398
v 0.001669 -0.015856 -0.027472
v 0.001669 -0.012271 -0.027177
v -0.001506 -0.010823 -0.025354
v 0.001669 -0.010798 -0.025027
v -0.001506 0.289631 -0.056815
v 0.001669 0.289211 -0.057028
v 0.001669 0.291768 -0.057257
v -0.001506 0.292646 -0.058046
v 0.001669 0.292958 -0.059073
v -0.001506 0.287708 -0.059949
v 0.001669 0.287757 -0.059881
v -0.001506 0.290048 -0.061985
v 0.001669 0.289826 -0.061964
v 0.001669 0.292176 -0.061281
v -0.001506 0.292515 -0.060978
v 0.001669 0.292192 -0.044865
v 0.001669 0.290388 -0.045090
v -0.001506 0.290390 -0.045136
v -0.001506 0.293341 -0.044327
v 0.001669 0.295142 -0.042523
v -0.001506 0.295713 -0.041196
v 0.001669 0.295811 -0.039218
v -0.001506 0.295361 -0.037374
v -0.001506 0.293318 -0.035097
v 0.001669 0.294705 -0.036277
v 0.001669 0.290408 -0.034029
v -0.001506 0.290393 -0.034207
v -0.001506 0.289631 -0.006815
v 0.001669 0.289211 -0.007028
v 0.001669 0.287875 -0.009034
v 0.001669 0.291768 -0.007257
v -0.001506 0.292646 -0.008046
v 0.001669 0.292958 -0.009073
v -0.001506 0.287834 -0.009078
v 0.001669 0.288389 -0.011094
v -0.001506 0.288856 -0.011604
v 0.001669 0.291551 -0.011903
v -0.001506 0.292313 -0.011338
v 0.001669 -0.312435 -0.009926
v -0.001506 -0.312579 -0.008710
v 0.001669 -0.313458 -0.007403
v -0.001506 -0.314803 -0.006703
v 0.001669 -0.315919 -0.006924
v -0.001506 -0.317545 -0.008533
v 0.001669 -0.317543 -0.008761
v -0.001506 -0.316653 -0.011596
v 0.001669 -0.317217 -0.010820
v -0.001506 -0.313262 -0.011396
v 0.001669 -0.314860 -0.012073
v 0.001669 -0.312435 -0.059926
v -0.001506 -0.312579 -0.058710
v 0.001669 -0.313458 -0.057403
v -0.001506 -0.314803 -0.056703
v 0.001669 -0.315919 -0.056924
v -0.001506 -0.317545 -0.058533
v 0.001669 -0.317543 -0.058761
v -0.001506 -0.316652 -0.061596
v 0.001669 -0.317217 -0.060820
v -0.001506 -0.313263 -0.061397
v 0.001669 -0.314860 -0.062073
v 0.001669 0.431141 0.094268
v -0.001506 0.431153 0.094273
v 0.001669 0.429748 0.094923
v -0.001506 0.429449 0.094818
v 0.001669 0.429171 0.093663
v -0.001506 0.429489 0.093125
v -0.001506 0.430685 0.093056
v 0.001669 0.430385 0.092841
v 0.001669 0.419876 0.094268
v -0.001506 0.419888 0.094273
v 0.001669 0.418483 0.094923
v -0.001506 0.418184 0.094818
v 0.001669 0.417906 0.093663
v -0.001506 0.418224 0.093125
v -0.001506 0.419420 0.093056
v 0.001669 0.419120 0.092841
v 0.001669 0.431141 0.068868
v -0.001506 0.431153 0.068873
v 0.001669 0.429748 0.069523
v -0.001506 0.429449 0.069418
v 0.001669 0.429171 0.068263
v -0.001506 0.429489 0.067725
v -0.001506 0.430685 0.067656
v 0.001669 0.430385 0.067441
v 0.001669 0.419876 0.068868
v -0.001506 0.419888 0.068873
v 0.001669 0.418483 0.069523
v -0.001506 0.418184 0.069418
v 0.001669 0.417906 0.068263
v -0.001506 0.418224 0.067725
v -0.001506 0.419420 0.067656
v 0.001669 0.419120 0.067441
v 0.001669 -0.353018 0.094886
v -0.001506 -0.353302 0.094993
v 0.001669 -0.354159 0.094609
v 0.001669 -0.354289 0.093194
v -0.001506 -0.354524 0.093502
v -0.001506 -0.352450 0.093367
v 0.001669 -0.352489 0.093388
v 0.001669 -0.364283 0.094886
v -0.001506 -0.364567 0.094993
v 0.001669 -0.365424 0.094609
v 0.001669 -0.365554 0.093194
v -0.001506 -0.365789 0.093502
v -0.001506 -0.363715 0.093367
v 0.001669 -0.363754 0.093388
v 0.001669 -0.352473 0.068991
v 0.001669 -0.353940 0.069448
v -0.001506 -0.353301 0.069592
v 0.001669 -0.354421 0.068263
v -0.001506 -0.354524 0.068102
v -0.001506 -0.352450 0.067967
v 0.001669 -0.353207 0.067441
v 0.001669 -0.363738 0.068991
v 0.001669 -0.365205 0.069448
v -0.001506 -0.364566 0.069592
v 0.001669 -0.365686 0.068263
v -0.001506 -0.365789 0.068102
v -0.001506 -0.363715 0.067967
v 0.001669 -0.364472 0.067441
v 0.001669 0.404638 -0.055396
v -0.001506 0.404112 -0.053862
v 0.001669 0.403144 -0.052949
v -0.001506 0.402306 -0.052854
v -0.001506 0.400028 -0.053739
v 0.001669 0.400098 -0.053656
v -0.001506 0.399721 -0.056584
v 0.001669 0.399797 -0.056870
v -0.001506 0.401979 -0.057982
v 0.001669 0.403145 -0.057844
v -0.001506 0.404461 -0.056555
v 0.001669 0.397826 -0.047771
v -0.001506 0.397602 -0.047379
v 0.001669 0.395735 -0.046132
v -0.001506 0.395731 -0.046159
v -0.001506 0.393521 -0.046758
v 0.001669 0.393591 -0.046755
v -0.001506 0.392823 -0.049317
v 0.001669 0.392798 -0.048550
v 0.001669 0.393500 -0.050506
v -0.001506 0.394585 -0.051158
v 0.001669 0.396637 -0.051050
v -0.001506 0.397383 -0.050338
v 0.001669 0.375275 -0.083667
v -0.001506 0.375151 -0.083299
v 0.001669 0.373756 -0.082185
v -0.001506 0.372273 -0.081950
v 0.001669 0.371329 -0.082463
v -0.001506 0.370179 -0.084990
v 0.001669 0.370317 -0.084747
v -0.001506 0.372845 -0.087237
v 0.001669 0.371893 -0.087085
v 0.001669 0.374943 -0.086195
v -0.001506 0.375137 -0.085800
v 0.001669 0.368756 -0.078356
v -0.001506 0.368761 -0.077794
v -0.001506 0.367335 -0.075555
v 0.001669 0.367620 -0.075728
v 0.001669 0.365578 -0.075376
v -0.001506 0.364681 -0.075668
v 0.001669 0.363753 -0.076758
v -0.001506 0.363567 -0.078014
v 0.001669 0.363993 -0.079246
v -0.001506 0.364673 -0.079948
v -0.001506 0.367205 -0.080255
v 0.001669 0.366339 -0.080494
v -0.001506 0.246829 0.081720
v 0.001669 0.277376 0.028810
v -0.001506 0.277376 0.028810
v 0.001669 0.246829 0.081720
v -0.001506 0.411668 0.084895
v -0.001506 0.310926 0.084895
v 0.001669 0.310926 0.084895
v 0.001669 0.411668 0.084895
v 0.001669 0.265159 0.075370
v -0.001506 0.265159 0.075370
v -0.001506 0.274626 0.058972
v 0.001669 0.274626 0.058972
v -0.001506 -0.257233 0.084895
v -0.001506 -0.312961 0.084895
v 0.001669 -0.312961 0.084895
v 0.001669 -0.257233 0.084895
v -0.001506 0.138282 0.097595
v 0.001669 0.120867 0.067432
v -0.001506 0.120867 0.067432
v 0.001669 0.138282 0.097595
v -0.001506 -0.145020 0.075370
v 0.001669 -0.149602 0.067432
v -0.001506 -0.149602 0.067432
v 0.001669 -0.145020 0.075370
v 0.001669 -0.067833 0.005178
v -0.001506 -0.067833 0.005178
v -0.001506 -0.026930 0.005178
v 0.001669 -0.026930 0.005178
v -0.001506 -0.067833 -0.007522
v 0.001669 -0.026930 -0.007522
v -0.001506 -0.026930 -0.007522
v 0.001669 -0.067833 -0.007522
v -0.001506 0.280228 -0.032707
v -0.001506 0.280228 0.004198
v 0.001669 0.280228 0.004198
v 0.001669 0.280228 -0.032707
v 0.001669 0.258349 -0.091318
v -0.001506 0.258349 -0.091318
v -0.001506 0.278641 -0.091318
v 0.001669 0.278641 -0.091318
v 0.001669 0.289295 0.008166
v -0.001506 0.289295 0.008166
v -0.001506 0.282115 0.020601
v 0.001669 0.282115 0.020601
v 0.001669 -0.363559 0.007962
v -0.001506 -0.363559 0.007962
v -0.001506 -0.352725 -0.036382
v 0.001669 -0.352725 -0.036382
v -0.001506 -0.251733 0.075370
v 0.001669 -0.301940 -0.011590
v -0.001506 -0.301940 -0.011590
v 0.001669 -0.251733 0.075370
v -0.001506 -0.244923 -0.091318
v 0.001669 -0.303315 -0.091318
v -0.001506 -0.303315 -0.091318
v 0.001669 -0.244923 -0.091318
v 0.001669 -0.233403 0.081720
v -0.001506 -0.233403 0.081720
v -0.001506 -0.299925 -0.033501
v 0.001669 -0.299925 -0.033501
v -0.001506 0.443636 0.084895
v -0.001506 0.437373 0.084895
v 0.001669 0.437373 0.084895
v 0.001669 0.443636 0.084895
v 0.001669 -0.124856 0.097595
v -0.001506 -0.481316 0.097595
v -0.001506 -0.124856 0.097595
v 0.001669 -0.481316 0.097595
v -0.001506 0.438116 -0.011008
v 0.001669 0.430241 -0.026187
v -0.001506 0.424157 -0.036508
v 0.001669 0.415645 -0.049379
v -0.001506 0.407662 -0.060262
v 0.001669 0.399662 -0.069939
v -0.001506 0.388860 -0.081799
v 0.001669 0.377890 -0.092585
v -0.001506 0.362512 -0.105849
v 0.001669 0.362313 -0.105605
v 0.001669 0.442534 -0.001142
v -0.001506 0.448864 0.015106
v 0.001669 0.452636 0.026430
v -0.001506 0.457977 0.046482
v 0.001669 0.459681 0.055509
v -0.001506 0.462288 0.073578
v 0.001669 0.463135 0.081728
v -0.001506 0.464053 0.097590
v 0.001669 0.463913 0.097595
v -0.001506 0.362313 -0.105605
v -0.001506 -0.378535 -0.105605
v 0.001669 -0.378535 -0.105605
v 0.001669 0.362313 -0.105605
v -0.001506 -0.374368 -0.001307
v 0.001669 -0.360973 -0.056136
v -0.001506 -0.360973 -0.056136
v 0.001669 -0.374368 -0.001307
v -0.001506 -0.453877 0.051304
v 0.001669 -0.400538 0.029210
v -0.001506 -0.400538 0.029210
v 0.001669 -0.453877 0.051304
v -0.001506 -0.481316 0.092370
v 0.001669 -0.481316 0.097595
v 0.001669 -0.481316 0.092370
v -0.001506 -0.481316 0.097595
v 0.001669 0.463913 0.097595
v -0.001506 0.138282 0.097595
v -0.001506 0.463913 0.097595
v 0.001669 0.138282 0.097595
v -0.001506 0.277527 0.059206
v -0.001506 0.280815 0.058551
v -0.001506 0.403505 -0.057455
v -0.001506 0.408648 -0.058772
v -0.001506 -0.025796 0.005636
v -0.001506 -0.004111 0.005636
v -0.001506 0.113385 0.055436
v -0.001506 0.107450 0.051105
v -0.001506 0.109258 0.049977
v -0.001506 0.109751 0.049320
v -0.001506 0.114565 0.055930
v -0.001506 0.104263 0.058497
v -0.001506 0.110495 0.057585
v -0.001506 0.110611 0.058691
v -0.001506 0.104751 0.054971
v -0.001506 0.113068 0.060436
v -0.001506 0.105378 0.062200
v -0.001506 0.104641 0.060555
v -0.001506 0.108952 0.065696
v -0.001506 0.111705 0.066581
v -0.001506 0.106579 0.063898
v -0.001506 0.111825 0.060124
v -0.001506 0.111077 0.059523
v -0.001506 0.110972 0.056405
v -0.001506 0.104325 0.056710
v -0.001506 0.112112 0.055534
v -0.001506 0.402307 -0.057899
v -0.001506 0.105667 0.053102
v -0.001506 0.280647 0.059651
v -0.001506 0.109803 0.048341
v -0.001506 0.115374 0.057114
v -0.001506 0.306200 0.029476
v -0.001506 0.097257 0.001021
v -0.001506 0.308800 0.021759
v -0.001506 0.437337 0.020790
v -0.001506 0.449893 0.018245
v -0.001506 0.394441 -0.035250
v -0.001506 0.404406 -0.056344
v -0.001506 0.401045 -0.057698
v -0.001506 0.375438 -0.058866
v -0.001506 0.399782 -0.054298
v -0.001506 0.368061 -0.066573
v -0.001506 0.401400 -0.067766
v -0.001506 0.255161 -0.090489
v -0.001506 0.231273 -0.090910
v -0.001506 0.368669 -0.077844
v -0.001506 0.375294 -0.085220
v -0.001506 0.384632 -0.085939
v -0.001506 0.374789 -0.086212
v -0.001506 -0.354296 -0.101450
v -0.001506 -0.363872 -0.101367
v -0.001506 -0.341858 -0.098746
v -0.001506 -0.352986 -0.101033
v -0.001506 -0.303732 -0.091283
v -0.001506 -0.337674 -0.096549
v -0.001506 -0.068936 0.005237
v -0.001506 -0.004530 0.006348
v -0.001506 -0.025377 0.006348
v -0.001506 -0.024057 0.024920
v -0.001506 -0.025308 0.023767
v -0.001506 -0.004599 0.023767
v -0.001506 -0.024803 0.024575
v -0.001506 -0.005850 0.024920
v -0.001506 -0.005104 0.024575
v -0.001506 -0.346661 0.064803
v -0.001506 -0.319864 0.061998
v -0.001506 -0.003393 0.005212
v -0.001506 -0.026514 0.005212
v -0.001506 -0.084037 -0.003799
v -0.001506 -0.071866 -0.008935
v -0.001506 -0.003918 -0.007815
v -0.001506 -0.025989 -0.007815
v -0.001506 -0.070791 0.005894
v -0.001506 -0.367004 0.017392
v -0.001506 -0.382092 0.014994
v -0.001506 -0.338561 0.028900
v -0.001506 -0.322435 0.029182
v -0.001506 -0.321123 0.061794
v -0.001506 -0.340028 0.061893
v -0.001506 -0.354400 0.068269
v -0.001506 -0.363754 0.068271
v -0.001506 -0.461018 0.055038
v -0.001506 -0.464857 0.057808
v -0.001506 -0.347465 0.065310
v -0.001506 -0.365219 0.067683
v -0.001506 -0.370302 0.066511
v -0.001506 -0.353232 0.067549
v -0.001506 -0.456751 0.052584
v -0.001506 -0.364665 0.067546
v -0.001506 -0.339050 0.061355
v -0.001506 -0.342862 0.060875
v -0.001506 -0.346318 0.064062
v -0.001506 -0.322619 0.059492
v -0.001506 -0.338233 0.059336
v -0.001506 -0.342863 0.031505
v -0.001506 -0.343022 0.058398
v -0.001506 -0.388040 0.037745
v -0.001506 -0.341912 0.057251
v -0.001506 -0.322296 0.058261
v -0.001506 -0.338714 0.057984
v -0.001506 -0.321542 0.057445
v -0.001506 -0.390076 0.023105
v -0.001506 -0.371283 0.024263
v -0.001506 -0.340507 0.032630
v -0.001506 -0.318079 0.031641
v -0.001506 -0.318286 0.057736
v -0.001506 -0.369010 0.020925
v -0.001506 -0.398849 0.028476
v -0.001506 -0.386050 0.019564
v -0.001506 -0.379829 0.011671
v -0.001506 -0.364197 0.010352
v -0.001506 -0.365390 0.013738
v -0.001506 -0.305356 0.005327
v -0.001506 -0.324817 0.005734
v -0.001506 -0.316357 -0.007270
v -0.001506 -0.317090 -0.007909
v -0.001506 -0.320665 0.027659
v -0.001506 -0.340188 0.027695
v -0.001506 -0.342759 0.028624
v -0.001506 -0.346264 0.022563
v -0.001506 -0.149829 0.067102
v -0.001506 -0.073005 0.007827
v -0.001506 -0.300903 -0.034263
v -0.001506 -0.072053 0.006765
v -0.001506 -0.306186 -0.045109
v -0.001506 -0.305440 -0.045454
v -0.001506 -0.123622 0.069943
v -0.001506 -0.109742 -0.091281
v -0.001506 -0.111377 -0.090821
v -0.001506 -0.135951 -0.090908
v -0.001506 0.128305 -0.082776
v -0.001506 0.146736 -0.089066
v -0.001506 -0.383307 -0.103484
v -0.001506 -0.365219 -0.102767
v -0.001506 0.373120 -0.087085
v -0.001506 -0.381506 -0.104913
v -0.001506 -0.379395 -0.105569
v -0.001506 -0.364665 -0.102904
v -0.001506 -0.340398 -0.099392
v -0.001506 -0.365695 -0.102101
v -0.001506 -0.365421 -0.101244
v -0.001506 -0.384400 -0.101756
v -0.001506 -0.277961 -0.099249
v -0.001506 -0.216422 -0.096076
v -0.001506 -0.244064 -0.091281
v -0.001506 -0.219216 -0.090214
v -0.001506 -0.240893 -0.089907
v -0.001506 -0.217847 -0.090910
v -0.001506 -0.242424 -0.090820
v -0.001506 0.374031 -0.086792
v -0.001506 0.404507 -0.054756
v -0.001506 0.388136 -0.043764
v -0.001506 0.397807 -0.048336
v -0.001506 0.397671 -0.049609
v -0.001506 0.295806 -0.039925
v -0.001506 0.417452 -0.046677
v -0.001506 0.382411 -0.050880
v -0.001506 0.415269 -0.006111
v -0.001506 0.413778 -0.006405
v -0.001506 0.417290 -0.006287
v -0.001506 0.402771 -0.052997
v -0.001506 0.281026 0.028745
v -0.001506 0.277555 0.028434
v -0.001506 0.096870 -0.001434
v -0.001506 0.410940 -0.008372
v -0.001506 0.421261 -0.007728
v -0.001506 0.440686 0.031290
v -0.001506 0.303128 0.057049
v -0.001506 0.284015 0.057136
v -0.001506 0.304751 0.057155
v -0.001506 0.305031 0.032295
v -0.001506 0.430194 0.067528
v -0.001506 0.305874 0.058097
v -0.001506 0.305874 0.031523
v -0.001506 0.298642 0.021358
v -0.001506 0.281027 0.021378
v -0.001506 0.302015 0.057722
v -0.001506 0.301693 0.031526
v -0.001506 0.306164 0.060306
v -0.001506 0.306265 0.059170
v -0.001506 0.309358 0.083611
v -0.001506 0.301300 0.059818
v -0.001506 0.285627 0.059820
v -0.001506 0.301774 0.061035
v -0.001506 0.285249 0.060872
v -0.001506 0.431104 0.093674
v -0.001506 0.302821 0.061806
v -0.001506 0.284439 0.061637
v -0.001506 0.281975 0.061737
v -0.001506 0.277570 0.083608
v -0.001506 0.158151 0.075921
v -0.001506 0.146844 0.069946
v -0.001506 0.283386 0.061998
v -0.001506 0.303944 0.062005
v -0.001506 0.285062 0.057867
v -0.001506 0.301401 0.058685
v -0.001506 0.285567 0.058865
v -0.001506 0.435751 0.066518
v -0.001506 0.435329 0.065801
v -0.001506 0.429435 0.067835
v -0.001506 0.419534 0.067790
v -0.001506 0.446415 0.054238
v -0.001506 0.458159 0.048375
v -0.001506 0.283703 0.032577
v -0.001506 0.303782 0.032657
v -0.001506 0.454688 0.033962
v -0.001506 0.288143 -0.010526
v -0.001506 0.280952 0.060725
v -0.001506 0.120569 0.067016
v -0.001506 0.119780 0.066655
v -0.001506 0.264304 0.079056
v -0.001506 0.145134 0.071367
v -0.001506 0.142968 0.072153
v -0.001506 0.264628 0.080549
v -0.001506 0.136777 0.069549
v -0.001506 0.430799 0.093190
v -0.001506 0.429435 0.093235
v -0.001506 0.419010 0.092945
v -0.001506 0.412797 0.084441
v -0.001506 0.419839 0.068274
v -0.001506 0.431104 0.068274
v -0.001506 0.430799 0.067790
v -0.001506 0.418373 0.093083
v -0.001506 0.419534 0.093190
v -0.001506 0.419089 0.094872
v -0.001506 0.463913 0.097595
v -0.001506 0.418373 0.067683
v -0.001506 0.419010 0.067545
v -0.001506 0.281464 0.057641
v -0.001506 0.275632 0.058179
v -0.001506 0.443238 0.040392
v -0.001506 0.306265 0.030452
v -0.001506 0.284570 0.032173
v -0.001506 0.302536 0.032297
v -0.001506 0.276785 0.058356
v -0.001506 0.281716 0.032180
v -0.001506 0.282590 0.032567
v -0.001506 0.282585 0.057028
v -0.001506 0.305029 0.027955
v -0.001506 0.309304 0.022565
v -0.001506 0.291034 -0.006985
v -0.001506 0.288470 0.005845
v -0.001506 0.301401 0.029315
v -0.001506 0.285567 0.029495
v -0.001506 0.291917 -0.007418
v -0.001506 0.432250 0.007390
v -0.001506 0.444655 0.004170
v -0.001506 0.289391 0.006675
v -0.001506 0.082116 0.005214
v -0.001506 0.083986 0.005765
v -0.001506 0.427085 -0.004337
v -0.001506 0.280263 0.004615
v -0.001506 0.281817 0.021018
v -0.001506 0.297565 0.020383
v -0.001506 0.301300 0.030451
v -0.001506 0.298015 0.020998
v -0.001506 0.285627 0.030450
v -0.001506 0.285252 0.031499
v -0.001506 -0.352681 0.067907
v -0.001506 -0.319091 0.032414
v -0.001506 -0.144246 0.077525
v -0.001506 -0.128014 0.072216
v -0.001506 -0.250878 0.079056
v -0.001506 -0.233076 0.082247
v -0.001506 -0.319397 0.057094
v -0.001506 -0.338356 0.030918
v -0.001506 -0.322588 0.030612
v -0.001506 -0.250960 0.077525
v -0.001506 -0.320029 0.032628
v -0.001506 -0.320510 0.057013
v -0.001506 -0.341764 0.032424
v -0.001506 -0.343268 0.029963
v -0.001506 -0.379283 0.032387
v -0.001506 -0.343241 0.059654
v -0.001506 -0.353954 0.067683
v -0.001506 -0.364119 0.067730
v -0.001506 -0.478472 0.076611
v -0.001506 -0.463556 0.076578
v -0.001506 -0.446939 0.062230
v -0.001506 -0.468808 0.061424
v -0.001506 -0.230402 0.084397
v -0.001506 -0.353954 0.093083
v -0.001506 -0.364119 0.093130
v -0.001506 -0.353728 0.069469
v -0.001506 -0.364183 0.069365
v -0.001506 -0.462798 0.075036
v -0.001506 -0.228762 0.084859
v -0.001506 -0.338828 0.087234
v -0.001506 -0.322271 0.087610
v -0.001506 -0.132341 0.070934
v -0.001506 -0.144622 0.076130
v -0.001506 -0.251843 0.081949
v -0.001506 -0.318001 0.060872
v -0.001506 -0.314530 0.083608
v -0.001506 -0.317623 0.059820
v -0.001506 -0.251202 0.080549
v -0.001506 -0.321913 0.031873
v -0.001506 -0.339166 0.032105
v -0.001506 -0.321786 0.028272
v -0.001506 -0.339305 0.028062
v -0.001506 -0.341142 0.027643
v -0.001506 -0.394510 0.026205
v -0.001506 -0.375241 0.028833
v -0.001506 -0.340658 0.056993
v -0.001506 -0.339724 0.057209
v -0.001506 -0.320977 0.032472
v -0.001506 -0.338260 0.029811
v -0.001506 -0.338422 0.060431
v -0.001506 -0.322226 0.060874
v -0.001506 -0.341903 0.061712
v -0.001506 -0.369054 0.065364
v -0.001506 -0.369795 0.065707
v -0.001506 -0.365695 0.068349
v -0.001506 -0.354296 0.069000
v -0.001506 -0.354400 0.093669
v -0.001506 -0.451743 0.064881
v -0.001506 -0.363754 0.093671
v -0.001506 -0.364830 0.069486
v -0.001506 -0.169209 0.065381
v -0.001506 -0.314044 -0.007117
v -0.001506 -0.304937 0.004615
v -0.001506 -0.170858 0.064103
v -0.001506 -0.172137 0.062457
v -0.001506 -0.320150 -0.037850
v -0.001506 -0.350050 -0.037147
v -0.001506 -0.377816 0.008128
v -0.001506 -0.317683 0.058865
v -0.001506 -0.319235 0.027767
v -0.001506 -0.251336 0.076130
v -0.001506 -0.165669 0.066603
v -0.001506 -0.167592 0.066148
v -0.001506 0.430194 0.092928
v -0.001506 0.436955 0.084860
v -0.001506 0.412085 0.084860
v -0.001506 0.444481 0.084859
v -0.001506 0.436243 0.084441
v -0.001506 0.419839 0.093674
v -0.001506 0.429171 0.093921
v -0.001506 0.419807 0.068842
v -0.001506 0.429171 0.068521
v -0.001506 0.429436 0.094606
v -0.001506 0.419720 0.094483
v -0.001506 0.430193 0.094911
v -0.001506 0.430985 0.094483
v -0.001506 0.418031 0.069000
v -0.001506 0.418521 0.069432
v -0.001506 0.429436 0.069206
v -0.001506 0.305552 0.090634
v -0.001506 0.418031 0.094400
v -0.001506 0.304592 0.091245
v -0.001506 0.418521 0.094832
v -0.001506 0.306164 0.089674
v -0.001506 0.301774 0.090404
v -0.001506 0.285249 0.090241
v -0.001506 0.302674 0.091098
v -0.001506 0.284304 0.091095
v -0.001506 0.138282 0.097595
v -0.001506 0.246370 0.082442
v -0.001506 0.265269 0.081949
v -0.001506 0.435820 0.083726
v -0.001506 0.430985 0.069083
v -0.001506 0.434614 0.065379
v -0.001506 0.413312 0.066393
v -0.001506 0.305321 0.061505
v -0.001506 0.430193 0.069511
v -0.001506 0.419341 0.069416
v -0.001506 0.417927 0.068269
v -0.001506 0.449468 0.081118
v -0.001506 0.414426 0.065378
v -0.001506 0.413811 0.065719
v -0.001506 0.413221 0.083723
v -0.001506 -0.480370 0.083055
v -0.001506 -0.144164 0.079060
v -0.001506 -0.460299 0.072048
v -0.001506 -0.475620 0.070517
v -0.001506 -0.130545 0.071906
v -0.001506 -0.254497 0.084304
v -0.001506 -0.253006 0.083302
v -0.001506 -0.231933 0.083484
v -0.001506 -0.463249 0.081318
v -0.001506 -0.461891 0.083159
v -0.001506 -0.463875 0.078847
v -0.001506 -0.354296 0.094400
v -0.001506 -0.353806 0.094832
v -0.001506 -0.364663 0.094911
v -0.001506 -0.124856 0.097595
v -0.001506 -0.481316 0.097595
v -0.001506 -0.353236 0.094872
v -0.001506 -0.256375 0.084859
v -0.001506 -0.338323 0.088226
v -0.001506 -0.341908 0.086618
v -0.001506 -0.370699 0.084354
v -0.001506 -0.363872 0.094483
v -0.001506 -0.364665 0.092946
v -0.001506 -0.365422 0.069205
v -0.001506 -0.371503 0.084860
v -0.001506 -0.460210 0.084311
v -0.001506 -0.458343 0.084859
v -0.001506 -0.481230 0.089189
v -0.001506 -0.365665 0.094169
v -0.001506 -0.365284 0.094703
v -0.001506 -0.352918 0.069365
v -0.001506 -0.472289 0.065477
v -0.001506 -0.456527 0.068440
v -0.001506 -0.370356 0.083612
v -0.001506 -0.352438 0.068606
v -0.001506 -0.363786 0.068845
v -0.001506 -0.340980 0.061986
v -0.001506 -0.320747 0.086444
v -0.001506 0.399577 -0.055879
v -0.001506 0.393623 -0.050533
v -0.001506 0.292738 -0.058444
v -0.001506 0.392893 -0.048023
v -0.001506 0.400756 -0.053247
v -0.001506 0.401817 -0.052906
v -0.001506 0.396031 -0.051062
v -0.001506 0.394920 -0.051143
v -0.001506 0.396886 -0.050617
v -0.001506 0.368249 -0.079216
v -0.001506 0.373897 -0.082268
v -0.001506 0.426332 -0.032787
v -0.001506 0.403753 -0.053537
v -0.001506 0.425032 -0.006719
v -0.001506 0.392893 -0.049298
v -0.001506 0.400154 -0.057019
v -0.001506 0.364571 -0.079813
v -0.001506 0.395406 -0.046160
v -0.001506 0.396484 -0.046430
v -0.001506 0.393421 -0.047036
v -0.001506 0.097360 -0.003589
v -0.001506 0.400343 -0.026463
v -0.001506 0.405155 -0.018643
v -0.001506 0.433610 -0.019747
v -0.001506 0.439414 -0.007961
v -0.001506 0.426312 -0.005542
v -0.001506 -0.073007 -0.010173
v -0.001506 0.397429 -0.047284
v -0.001506 0.354543 -0.075529
v -0.001506 0.363809 -0.078791
v -0.001506 0.372004 -0.086930
v -0.001506 0.371063 -0.086327
v -0.001506 0.352866 -0.094463
v -0.001506 0.353978 -0.094403
v -0.001506 0.351773 -0.095128
v -0.001506 0.292088 -0.094893
v -0.001506 0.292761 -0.095789
v -0.001506 0.351205 -0.096090
v -0.001506 0.370442 -0.085219
v -0.001506 0.365738 -0.080329
v -0.001506 0.280194 -0.090146
v -0.001506 0.290752 -0.094371
v -0.001506 0.363656 -0.077365
v -0.001506 0.370400 -0.084265
v -0.001506 0.370683 -0.083351
v -0.001506 0.371566 -0.082435
v -0.001506 0.367165 -0.080160
v -0.001506 0.372631 -0.082092
v -0.001506 0.292866 -0.059908
v -0.001506 0.374774 -0.082965
v -0.001506 0.375322 -0.083944
v -0.001506 0.232642 -0.090214
v -0.001506 0.253449 -0.089066
v -0.001506 0.233945 -0.088997
v -0.001506 0.229880 -0.091282
v -0.001506 0.393784 -0.076451
v -0.001506 0.360025 -0.074268
v -0.001506 0.367162 -0.075534
v -0.001506 0.356613 -0.075647
v -0.001506 0.364334 -0.076097
v -0.001506 0.126544 -0.089751
v -0.001506 0.358367 -0.075241
v -0.001506 0.365578 -0.075381
v -0.001506 0.291780 -0.061499
v -0.001506 0.292385 -0.060942
v -0.001506 0.294823 -0.036592
v -0.001506 0.292468 -0.010812
v -0.001506 0.368244 -0.076472
v -0.001506 0.279770 -0.090864
v -0.001506 0.257244 -0.091259
v -0.001506 0.229694 -0.095789
v -0.001506 0.279058 -0.091283
v -0.001506 0.289496 -0.094575
v -0.001506 0.288022 -0.097196
v -0.001506 0.229977 -0.096876
v -0.001506 0.288138 -0.096090
v -0.001506 0.291541 -0.099186
v -0.001506 0.352422 -0.099091
v -0.001506 0.229021 -0.094893
v -0.001506 0.228746 -0.099014
v -0.001506 0.289355 -0.099091
v -0.001506 0.226732 -0.094463
v -0.001506 0.227844 -0.094403
v -0.001506 0.164777 -0.094403
v -0.001506 0.162699 -0.095021
v -0.001506 0.150531 -0.091259
v -0.001506 0.162127 -0.095786
v -0.001506 0.128681 -0.084968
v -0.001506 -0.134589 -0.090215
v -0.001506 0.102751 -0.098938
v -0.001506 0.163361 -0.099173
v -0.001506 0.162588 -0.098608
v -0.001506 -0.083831 0.001021
v -0.001506 0.085471 0.006759
v -0.001506 0.086427 0.007820
v -0.001506 0.137918 0.070784
v -0.001506 0.139450 0.071697
v -0.001506 0.157600 0.077775
v -0.001506 0.140920 0.072124
v -0.001506 0.158193 0.081267
v -0.001506 0.235019 -0.082776
v -0.001506 0.285059 0.028496
v -0.001506 0.302125 0.028234
v -0.001506 -0.083471 -0.000916
v -0.001506 -0.083594 -0.002440
v -0.001506 -0.068696 -0.007559
v -0.001506 -0.070332 -0.008020
v -0.001506 -0.005849 -0.035367
v -0.001506 -0.026629 -0.007541
v -0.001506 -0.005104 -0.035023
v -0.001506 -0.221969 -0.084968
v -0.001506 0.128420 -0.086731
v -0.001506 0.127817 -0.088149
v -0.001506 0.124803 -0.090821
v -0.001506 0.148447 -0.090489
v -0.001506 0.123168 -0.091281
v -0.001506 -0.279102 -0.098380
v -0.001506 -0.337810 -0.097820
v -0.001506 -0.220519 -0.088997
v -0.001506 -0.239752 -0.088672
v -0.001506 -0.221570 -0.087233
v -0.001506 -0.221593 -0.082775
v -0.001506 -0.339598 -0.094423
v -0.001506 -0.304444 -0.090864
v -0.001506 -0.144653 0.081043
v -0.001506 -0.125556 0.071506
v -0.001506 -0.145591 0.082571
v -0.001506 -0.320105 0.091395
v -0.001506 -0.343143 0.089661
v -0.001506 -0.317623 0.088534
v -0.001506 -0.338843 0.090481
v -0.001506 -0.322199 0.090259
v -0.001506 -0.342190 0.090938
v -0.001506 -0.353232 0.092949
v -0.001506 -0.352438 0.094006
v -0.001506 -0.321358 0.091031
v -0.001506 -0.339720 0.091178
v -0.001506 -0.149417 0.084836
v -0.001506 -0.147103 0.083946
v -0.001506 -0.133560 0.069746
v -0.001506 -0.165072 0.060389
v -0.001506 -0.173114 0.060278
v -0.001506 -0.150583 0.066669
v -0.001506 -0.166368 0.059781
v -0.001506 -0.317623 0.030450
v -0.001506 -0.315720 0.021429
v -0.001506 -0.314583 0.022564
v -0.001506 -0.376199 0.004469
v -0.001506 -0.315304 -0.006886
v -0.001506 -0.325522 0.005233
v -0.001506 -0.306074 0.005751
v -0.001506 -0.167100 0.058548
v -0.001506 -0.173421 0.057314
v -0.001506 -0.167125 0.057427
v -0.001506 -0.172716 0.054416
v -0.001506 -0.166594 0.056265
v -0.001506 -0.171272 0.052156
v -0.001506 -0.165229 0.055440
v -0.001506 -0.162340 0.049116
v -0.001506 -0.169717 0.050767
v -0.001506 -0.167610 0.049643
v -0.001506 -0.165399 0.049196
v -0.001506 -0.163953 0.055509
v -0.001506 -0.162850 0.056149
v -0.001506 -0.161420 0.048285
v -0.001506 -0.162247 0.057279
v -0.001506 -0.162562 0.059280
v -0.001506 -0.161335 0.047183
v -0.001506 -0.216454 -0.091282
v -0.001506 -0.216454 -0.097510
v -0.001506 -0.274559 -0.096872
v -0.001506 -0.274907 -0.098100
v -0.001506 -0.304868 -0.090146
v -0.001506 -0.353806 -0.101018
v -0.001506 -0.364663 -0.100939
v -0.001506 -0.353954 -0.077367
v -0.001506 -0.364119 -0.077320
v -0.001506 -0.304937 -0.046260
v -0.001506 -0.312569 -0.059733
v -0.001506 -0.320356 -0.040870
v -0.001506 -0.350779 -0.037555
v -0.001506 -0.317090 -0.057909
v -0.001506 -0.360973 -0.056136
v -0.001506 -0.317598 -0.059256
v -0.001506 -0.316077 -0.045031
v -0.001506 -0.317776 -0.044374
v -0.001506 -0.319750 -0.042395
v -0.001506 -0.320453 -0.039229
v -0.001506 -0.319497 -0.036592
v -0.001506 -0.318537 -0.035544
v -0.001506 -0.317343 -0.034786
v -0.001506 -0.304865 -0.011233
v -0.001506 -0.313500 -0.011383
v -0.001506 -0.314504 -0.011878
v -0.001506 -0.300151 -0.033829
v -0.001506 -0.315855 -0.034331
v -0.001506 -0.312569 -0.009733
v -0.001506 -0.312666 -0.008618
v -0.001506 -0.316637 -0.011388
v -0.001506 -0.315625 -0.011864
v -0.001506 -0.352438 -0.076444
v -0.001506 -0.312875 -0.060653
v -0.001506 -0.313746 -0.061588
v -0.001506 -0.384432 -0.096843
v -0.001506 -0.341458 -0.094723
v -0.001506 -0.353806 -0.075618
v -0.001506 -0.365561 -0.076050
v -0.001506 -0.316637 -0.061388
v -0.001506 -0.317325 -0.060509
v -0.001506 -0.315304 -0.056886
v -0.001506 -0.316357 -0.057270
v -0.001506 -0.314044 -0.057117
v -0.001506 -0.313256 -0.057667
v -0.001506 -0.312666 -0.058618
v -0.001506 -0.304319 -0.012059
v -0.001506 -0.312875 -0.010653
v -0.001506 -0.303605 -0.012362
v -0.001506 -0.317325 -0.010509
v -0.001506 -0.317598 -0.009256
v -0.001506 -0.352590 -0.036786
v -0.001506 -0.375006 0.001085
v -0.001506 -0.313256 -0.007667
v -0.001506 -0.345015 0.021414
v -0.001506 -0.345760 0.021758
v -0.001506 -0.315006 0.021850
v -0.001506 0.289893 -0.006937
v -0.001506 0.282126 0.027827
v -0.001506 0.283065 0.027633
v -0.001506 0.423231 -0.007538
v -0.001506 0.412405 -0.007068
v -0.001506 0.419567 -0.007349
v -0.001506 0.293102 -0.044374
v -0.001506 0.291917 -0.057418
v -0.001506 0.291034 -0.056985
v -0.001506 0.291403 -0.045031
v -0.001506 0.394307 -0.046363
v -0.001506 0.288854 -0.057423
v -0.001506 0.288613 -0.011195
v -0.001506 0.287895 -0.059738
v -0.001506 0.288039 -0.008443
v -0.001506 0.294222 -0.043511
v -0.001506 0.289577 -0.011808
v -0.001506 0.295319 -0.041986
v -0.001506 0.289732 -0.061842
v -0.001506 0.288721 -0.061313
v -0.001506 0.288143 -0.060526
v -0.001506 -0.115142 -0.086245
v -0.001506 0.086300 -0.009975
v -0.001506 -0.025285 -0.034337
v -0.001506 -0.004599 -0.034216
v -0.001506 -0.025399 -0.008572
v -0.001506 -0.004508 -0.008572
v -0.001506 -0.003278 -0.007541
v -0.001506 0.082362 -0.007581
v -0.001506 0.084676 -0.008472
v -0.001506 -0.113118 -0.089751
v -0.001506 -0.137350 -0.091282
v -0.001506 -0.148847 -0.095503
v -0.001506 -0.089901 -0.098380
v -0.001506 -0.148773 -0.098100
v -0.001506 -0.151509 -0.099315
v -0.001506 -0.213463 -0.099325
v -0.001506 0.162049 -0.097816
v -0.001506 0.103495 -0.098100
v -0.001506 0.103843 -0.096872
v -0.001506 -0.214894 -0.099249
v -0.001506 -0.276530 -0.099325
v -0.001506 -0.133168 -0.088865
v -0.001506 -0.114391 -0.088149
v -0.001506 -0.114672 -0.082341
v -0.001506 -0.115173 -0.083947
v -0.001506 -0.012966 -0.027476
v -0.001506 -0.010855 -0.023537
v -0.001506 -0.024699 -0.035091
v -0.001506 -0.024058 -0.035367
v -0.001506 -0.010829 -0.025020
v -0.001506 -0.011597 -0.026507
v -0.001506 -0.014448 -0.027654
v -0.001506 -0.017366 -0.025374
v -0.001506 -0.015706 -0.027309
v -0.001506 -0.016851 -0.026366
v -0.001506 -0.017569 -0.024276
v -0.001506 -0.016605 -0.021900
v -0.001506 -0.017310 -0.023003
v -0.001506 -0.015361 -0.021087
v -0.001506 -0.014080 -0.020883
v -0.001506 -0.012626 -0.021222
v -0.001506 -0.011369 -0.022334
v -0.001506 -0.010856 0.013087
v -0.001506 -0.011467 0.011727
v -0.001506 -0.012966 0.010624
v -0.001506 -0.014448 0.010446
v -0.001506 -0.017366 0.012726
v -0.001506 -0.015706 0.010791
v -0.001506 -0.016851 0.011734
v -0.001506 -0.017569 0.013824
v -0.001506 -0.015361 0.017013
v -0.001506 -0.017310 0.015097
v -0.001506 -0.016605 0.016200
v -0.001506 -0.014080 0.017217
v -0.001506 -0.012977 0.017003
v -0.001506 -0.011715 0.016210
v -0.001506 -0.010830 0.014575
v -0.001506 -0.163648 0.060222
v -0.001506 -0.162187 0.058232
v -0.001506 0.115470 0.058222
v -0.001506 0.114284 0.060048
v -0.001506 0.115099 0.059274
v -0.001506 -0.338841 -0.099036
v -0.001506 -0.352681 -0.102543
v -0.001506 -0.279546 -0.096399
v -0.001506 -0.352438 -0.101844
v -0.001506 -0.364119 -0.102720
v -0.001506 -0.353954 -0.102767
v -0.001506 -0.354400 -0.102181
v -0.001506 -0.363754 -0.102179
v -0.001506 -0.384809 -0.100272
v -0.001506 -0.342588 -0.097510
v -0.001506 -0.384890 -0.098741
v -0.001506 -0.342613 -0.096399
v -0.001506 -0.342255 -0.095511
v -0.001506 -0.340554 -0.094411
v -0.001506 -0.363754 -0.076779
v -0.001506 -0.338726 -0.094829
v -0.001506 -0.338048 -0.095503
v -0.001506 0.099300 -0.098380
v -0.001506 0.227848 -0.099344
v -0.001506 0.373772 -0.096090
v -0.001506 0.356111 -0.096876
v -0.001506 0.290275 -0.099366
v -0.001506 0.288499 -0.098376
v -0.001506 0.229556 -0.098244
v -0.001506 0.036956 -0.099008
v -0.001506 -0.023263 -0.098833
v -0.001506 -0.024262 -0.099325
v -0.001506 -0.027277 -0.096396
v -0.001506 -0.026917 -0.095506
v -0.001506 -0.085780 -0.095503
v -0.001506 0.225432 -0.098376
v -0.001506 0.166489 -0.098244
v -0.001506 0.224954 -0.097196
v -0.001506 0.166910 -0.096876
v -0.001506 0.225071 -0.096090
v -0.001506 0.166563 -0.095649
v -0.001506 0.165818 -0.094810
v -0.001506 0.225639 -0.095128
v -0.001506 0.288606 -0.095256
v -0.001506 0.292623 -0.098245
v -0.001506 0.351566 -0.098376
v -0.001506 0.362347 -0.105604
v -0.001506 0.355690 -0.098244
v -0.001506 0.234996 -0.087233
v -0.001506 0.235395 -0.084968
v -0.001506 0.293044 -0.096876
v -0.001506 0.351088 -0.097196
v -0.001506 -0.275531 -0.098833
v -0.001506 -0.215928 -0.098496
v -0.001506 -0.215589 -0.094908
v -0.001506 -0.279545 -0.097354
v -0.001506 -0.279188 -0.095511
v -0.001506 -0.278391 -0.094723
v -0.001506 -0.277487 -0.094411
v -0.001506 -0.276532 -0.094422
v -0.001506 -0.275663 -0.094827
v -0.001506 -0.274981 -0.095503
v -0.001506 -0.152657 -0.098746
v -0.001506 -0.212464 -0.098833
v -0.001506 -0.025693 -0.099249
v -0.001506 -0.086573 -0.099036
v -0.001506 -0.150396 -0.099325
v -0.001506 -0.089179 -0.099008
v -0.001506 -0.149397 -0.098833
v -0.001506 -0.214732 -0.094483
v -0.001506 -0.213784 -0.094371
v -0.001506 -0.211914 -0.095503
v -0.001506 -0.153355 -0.096076
v -0.001506 -0.211492 -0.096872
v -0.001506 -0.153387 -0.097510
v -0.001506 -0.211840 -0.098100
v -0.001506 0.036233 -0.098380
v -0.001506 -0.090344 -0.097354
v -0.001506 -0.148425 -0.096872
v -0.001506 0.038004 -0.099392
v -0.001506 0.039561 -0.099036
v -0.001506 0.100296 -0.099173
v -0.001506 -0.026834 -0.098380
v -0.001506 -0.085542 -0.097820
v -0.001506 -0.027277 -0.097354
v -0.001506 -0.085406 -0.096550
v -0.001506 -0.086588 -0.094734
v -0.001506 -0.026123 -0.094723
v -0.001506 -0.024743 -0.094345
v -0.001506 -0.089190 -0.094723
v -0.001506 -0.089987 -0.095511
v -0.001506 0.038164 -0.094361
v -0.001506 -0.022713 -0.095503
v -0.001506 0.036147 -0.095511
v -0.001506 0.036944 -0.094723
v -0.001506 0.035789 -0.096399
v -0.001506 -0.022291 -0.096872
v -0.001506 0.035790 -0.097354
v -0.001506 -0.022639 -0.098100
v -0.001506 -0.088130 -0.099392
v -0.001506 -0.150717 -0.094371
v -0.001506 -0.090345 -0.096399
v -0.001506 -0.087810 -0.094345
v -0.001506 -0.023521 -0.094734
v -0.001506 0.101552 -0.099377
v -0.001506 0.164458 -0.099376
v -0.001506 0.040354 -0.095503
v -0.001506 0.099217 -0.095506
v -0.001506 0.101391 -0.094345
v -0.001506 0.098857 -0.096396
v -0.001506 0.040728 -0.096550
v -0.001506 0.098857 -0.097354
v -0.001506 0.040592 -0.097820
v -0.001506 0.226573 -0.099248
v -0.001506 0.165545 -0.099103
v -0.001506 0.100011 -0.094723
v -0.001506 0.039414 -0.094647
v -0.001506 0.102613 -0.094734
v -0.001506 0.103421 -0.095503
v -0.001506 -0.152522 -0.094908
v -0.001506 -0.212722 -0.094734
v -0.001506 -0.151665 -0.094483
v -0.001506 -0.149655 -0.094734
v -0.001506 0.161884 -0.096710
v -0.001506 0.163665 -0.094463
v -0.001506 0.355155 -0.094893
v -0.001506 0.354880 -0.099014
v -0.001506 0.353662 -0.099403
v -0.001506 0.355828 -0.095789
v -0.001506 0.266432 0.083302
v -0.001506 0.244747 0.083945
v -0.001506 0.157709 0.079810
v -0.001506 0.242434 0.084836
v -0.001506 0.269556 0.084836
v -0.001506 0.448523 0.082620
v -0.001506 0.463584 0.088735
v -0.001506 0.460326 0.059801
v -0.001506 0.448800 0.068349
v -0.001506 0.462212 0.072887
v -0.001506 0.445866 0.084496
v -0.001506 0.447222 0.083815
v -0.001506 0.450010 0.078959
v -0.001506 0.302976 0.027766
v -0.001506 0.284015 0.027767
v -0.001506 0.292738 -0.008444
v -0.001506 0.291913 -0.011414
v -0.001506 0.290876 -0.011893
v -0.001506 0.292669 -0.034786
v -0.001506 0.292866 -0.009908
v -0.001506 0.289477 0.007778
v -0.001506 0.291181 -0.034332
v -0.001506 0.280875 -0.034002
v -0.001506 0.281515 -0.034276
v -0.001506 0.290876 -0.061893
v -0.001506 0.352420 -0.074571
v -0.001506 0.350990 -0.073218
v -0.001506 0.308055 0.021414
v -0.001506 0.303945 0.027616
v -0.001506 0.305766 0.028599
v -0.001506 -0.353232 -0.102901
v -0.001506 -0.364665 -0.077504
v -0.001506 -0.364251 -0.075633
v -0.001506 -0.354296 -0.076050
v -0.001506 -0.352681 -0.077143
v -0.001506 -0.365219 -0.077367
v -0.001506 -0.365665 -0.076781
v -0.001506 -0.365071 -0.075618
v -0.001506 -0.363786 -0.076205
v -0.001506 -0.315306 -0.061943
v -0.001506 -0.352986 -0.075633
v -0.001506 -0.354400 -0.076781
v -0.001506 -0.353232 -0.077501
v -0.001506 -0.339586 0.086654
v -0.001506 -0.321626 0.086875
v -0.001506 -0.340986 0.091354
v -0.001506 -0.352681 0.093307
v -0.001506 -0.318812 0.061637
v -0.001506 -0.317683 0.029496
v -0.001506 -0.318189 0.028497
v -0.001506 -0.302115 -0.011852
v -0.001506 -0.302824 -0.012334
v -0.001506 -0.318896 -0.043511
v -0.001506 -0.351785 -0.037516
v -0.001506 -0.342035 0.027993
v -0.001506 -0.383708 0.035478
v -0.001506 -0.365219 0.093083
v -0.001506 -0.365591 0.093516
v -0.001506 -0.318013 0.087466
v -0.001506 -0.340497 0.086361
v -0.001506 -0.342744 0.087375
v -0.001506 -0.318851 0.086697
v -0.001506 -0.319776 0.086382
v -0.001506 -0.313498 0.084839
v -0.001506 -0.314255 0.084250
v -0.001506 -0.343175 0.088227
v -0.001506 -0.352797 0.094653
v -0.001506 -0.338295 0.089502
v -0.001506 -0.322637 0.088861
v -0.001506 -0.317722 0.089668
v -0.001506 -0.318560 0.090869
v -0.001506 0.281512 0.005766
v -0.001506 0.297513 0.019404
v -0.001506 0.278760 0.021429
v -0.001506 0.278045 0.021851
v -0.001506 0.280766 0.005421
v -0.001506 0.288854 -0.007423
v -0.001506 0.277623 0.022566
v -0.001506 0.287895 -0.009738
v -0.001506 0.281512 -0.045109
v -0.001506 0.280766 -0.045454
v -0.001506 0.280263 -0.046260
v -0.001506 0.280285 -0.033245
v -0.001506 0.293863 -0.035544
v -0.001506 0.295561 -0.038062
v -0.001506 0.289893 -0.056937
v -0.001506 0.288039 -0.058443
v -0.001506 0.264423 0.077278
v -0.001506 0.267697 0.084177
v -0.001506 0.159017 0.082571
v -0.001506 0.160124 0.083633
v -0.001506 0.161683 0.084506
v -0.001506 0.163322 0.084875
v -0.001506 0.274800 0.058712
v -0.001506 0.264866 0.075918
v -0.001506 0.310509 0.084860
v -0.001506 0.302973 0.086482
v -0.001506 0.284010 0.086502
v -0.001506 0.285061 0.087234
v -0.001506 0.302013 0.087093
v -0.001506 0.282578 0.086398
v -0.001506 0.277296 0.084248
v -0.001506 0.301401 0.088053
v -0.001506 0.285567 0.088234
v -0.001506 0.276539 0.084838
v -0.001506 0.280689 0.088383
v -0.001506 0.281219 0.087223
v -0.001506 0.306265 0.088540
v -0.001506 0.305791 0.087323
v -0.001506 0.304891 0.086629
v -0.001506 0.304108 0.086381
v -0.001506 0.309703 0.084356
v -0.001506 0.280631 0.030122
v -0.001506 0.280952 0.031357
v -0.001506 0.280713 0.089504
v -0.001506 0.281242 0.090488
v -0.001506 0.282127 0.091163
v -0.001506 0.283227 0.091365
v -0.001506 0.303457 0.091346
v -0.001506 0.285627 0.089189
v -0.001506 0.301300 0.089187
v -0.001506 0.417927 0.093669
v 0.001669 0.458159 0.048375
v 0.001669 0.429435 0.067835
v 0.001669 0.419010 0.067545
v 0.001669 0.419534 0.067790
v 0.001669 0.282491 0.057049
v 0.001669 0.285458 0.058536
v 0.001669 0.301401 0.058685
v 0.001669 0.302015 0.057722
v 0.001669 0.284411 0.032318
v 0.001669 0.302536 0.032297
v 0.001669 0.109803 0.048341
v 0.001669 0.137048 0.069943
v 0.001669 0.114565 0.055930
v 0.001669 0.109751 0.049320
v 0.001669 0.106208 0.063431
v 0.001669 0.109258 0.049977
v 0.001669 0.113385 0.055436
v 0.001669 0.107697 0.050930
v 0.001669 0.106210 0.052382
v 0.001669 0.105080 0.054146
v 0.001669 0.112112 0.055534
v 0.001669 0.104297 0.056713
v 0.001669 0.110495 0.057585
v 0.001669 0.110972 0.056405
v 0.001669 0.110611 0.058691
v 0.001669 0.111825 0.060124
v 0.001669 0.104399 0.059691
v 0.001669 0.112267 0.066619
v 0.001669 0.110048 0.066172
v 0.001669 0.111077 0.059523
v 0.001669 0.107700 0.064887
v 0.001669 0.113068 0.060436
v 0.001669 0.105219 0.061922
v 0.001669 0.285655 0.059662
v 0.001669 0.301774 0.061035
v 0.001669 0.285311 0.060749
v 0.001669 0.277570 0.083608
v 0.001669 0.284411 0.061687
v 0.001669 0.306164 0.060306
v 0.001669 0.305321 0.061505
v 0.001669 0.309358 0.083611
v 0.001669 0.119892 0.066670
v 0.001669 0.418373 0.067683
v 0.001669 0.417927 0.068269
v 0.001669 0.431104 0.093674
v 0.001669 0.436243 0.084441
v 0.001669 0.412797 0.084441
v 0.001669 0.419010 0.092945
v 0.001669 0.429435 0.093235
v 0.001669 0.419534 0.093190
v 0.001669 0.418031 0.069000
v 0.001669 0.413221 0.083723
v 0.001669 0.430193 0.069511
v 0.001669 0.282816 0.062005
v 0.001669 0.303944 0.062005
v 0.001669 0.302821 0.061806
v 0.001669 0.305874 0.031523
v 0.001669 0.305874 0.058097
v 0.001669 -0.025377 0.006348
v 0.001669 -0.004111 0.005636
v 0.001669 -0.025796 0.005636
v 0.001669 0.309304 0.022565
v 0.001669 0.306265 0.030452
v 0.001669 0.444655 0.004170
v 0.001669 0.427085 -0.004337
v 0.001669 0.304751 0.057155
v 0.001669 0.430194 0.067528
v 0.001669 0.305031 0.032295
v 0.001669 0.303782 0.032657
v 0.001669 0.414426 0.065378
v 0.001669 0.443238 0.040392
v 0.001669 0.303945 0.027616
v 0.001669 0.306200 0.029476
v 0.001669 0.308800 0.021759
v 0.001669 0.298642 0.021358
v 0.001669 0.097257 0.001021
v 0.001669 0.081880 0.005198
v 0.001669 0.096870 -0.001434
v 0.001669 0.437337 0.020790
v 0.001669 0.449893 0.018245
v 0.001669 0.308055 0.021414
v 0.001669 0.432250 0.007390
v 0.001669 0.364334 -0.076097
v 0.001669 0.358127 -0.075347
v 0.001669 0.415013 -0.006122
v 0.001669 0.417291 -0.006287
v 0.001669 0.439414 -0.007961
v 0.001669 0.392893 -0.049298
v 0.001669 -0.026629 -0.007541
v 0.001669 -0.003278 -0.007541
v 0.001669 -0.003918 -0.007815
v 0.001669 0.294823 -0.036592
v 0.001669 0.292468 -0.010812
v 0.001669 0.097360 -0.003589
v 0.001669 0.426332 -0.032787
v 0.001669 0.397671 -0.049609
v 0.001669 0.397807 -0.048336
v 0.001669 0.424815 -0.006844
v 0.001669 0.387217 -0.044961
v 0.001669 0.417452 -0.046677
v 0.001669 0.356080 -0.075674
v 0.001669 -0.115173 -0.083947
v 0.001669 0.375438 -0.058866
v 0.001669 0.255850 -0.090820
v 0.001669 0.231526 -0.090847
v 0.001669 0.401400 -0.067766
v 0.001669 0.368061 -0.066573
v 0.001669 -0.083932 -0.003585
v 0.001669 0.388803 -0.081723
v 0.001669 0.128098 -0.082341
v 0.001669 0.146594 -0.088865
v 0.001669 0.290352 -0.094364
v 0.001669 0.280194 -0.090146
v 0.001669 -0.083934 0.001245
v 0.001669 -0.068454 0.005198
v 0.001669 -0.025989 -0.007815
v 0.001669 0.368249 -0.079216
v 0.001669 -0.003393 0.005212
v 0.001669 -0.026514 0.005212
v 0.001669 -0.004530 0.006348
v 0.001669 -0.004599 0.023767
v 0.001669 -0.025308 0.023767
v 0.001669 -0.024803 0.024575
v 0.001669 -0.024057 0.024920
v 0.001669 -0.005850 0.024920
v 0.001669 -0.005104 0.024575
v 0.001669 -0.364665 0.067546
v 0.001669 -0.353954 0.067683
v 0.001669 -0.353232 0.067549
v 0.001669 -0.004508 -0.008572
v 0.001669 0.228561 -0.094618
v 0.001669 -0.463742 0.056934
v 0.001669 -0.365219 0.067683
v 0.001669 -0.347465 0.065310
v 0.001669 -0.364119 0.067730
v 0.001669 -0.468301 0.060886
v 0.001669 -0.446939 0.062230
v 0.001669 -0.365695 0.068349
v 0.001669 -0.369054 0.065364
v 0.001669 -0.320750 0.061914
v 0.001669 -0.340414 0.062005
v 0.001669 -0.352681 0.067907
v 0.001669 -0.459305 0.053971
v 0.001669 -0.321764 0.061386
v 0.001669 -0.339223 0.061484
v 0.001669 -0.455572 0.052040
v 0.001669 -0.342726 0.031653
v 0.001669 -0.342285 0.057488
v 0.001669 -0.338260 0.059170
v 0.001669 -0.338404 0.060465
v 0.001669 -0.322550 0.060151
v 0.001669 -0.322275 0.031373
v 0.001669 -0.346661 0.064803
v 0.001669 -0.338260 0.029801
v 0.001669 -0.338404 0.031096
v 0.001669 -0.339478 0.032319
v 0.001669 -0.322636 0.030123
v 0.001669 -0.322271 0.028872
v 0.001669 -0.367658 0.018644
v 0.001669 -0.383792 0.017071
v 0.001669 -0.338653 0.028726
v 0.001669 -0.339496 0.027955
v 0.001669 -0.321503 0.028035
v 0.001669 -0.375754 0.029319
v 0.001669 -0.397664 0.027930
v 0.001669 -0.317638 0.059004
v 0.001669 -0.314583 0.022564
v 0.001669 -0.320436 0.027645
v 0.001669 -0.318839 0.032318
v 0.001669 -0.318851 0.057328
v 0.001669 -0.346264 0.022563
v 0.001669 -0.340577 0.027616
v 0.001669 -0.305356 0.005327
v 0.001669 -0.304937 0.004615
v 0.001669 -0.315006 0.021850
v 0.001669 -0.324708 0.005753
v 0.001669 -0.306074 0.005751
v 0.001669 -0.317090 -0.007909
v 0.001669 -0.325457 0.005319
v 0.001669 -0.316357 -0.007270
v 0.001669 -0.316357 -0.057270
v 0.001669 -0.317090 -0.057909
v 0.001669 -0.360973 -0.056136
v 0.001669 -0.072730 0.007427
v 0.001669 -0.071239 0.006153
v 0.001669 -0.069852 0.005493
v 0.001669 -0.221593 -0.082775
v 0.001669 -0.216439 -0.097525
v 0.001669 -0.274707 -0.097683
v 0.001669 0.352613 -0.094535
v 0.001669 0.291626 -0.094617
v 0.001669 -0.303732 -0.091283
v 0.001669 -0.337653 -0.096872
v 0.001669 -0.384400 -0.101756
v 0.001669 -0.379395 -0.105569
v 0.001669 -0.365320 -0.102722
v 0.001669 -0.363705 -0.101848
v 0.001669 -0.354438 -0.101848
v 0.001669 -0.381506 -0.104913
v 0.001669 -0.353439 -0.100927
v 0.001669 -0.342322 -0.098128
v 0.001669 -0.363981 -0.102594
v 0.001669 -0.339042 -0.094619
v 0.001669 -0.304444 -0.090864
v 0.001669 -0.354100 -0.101215
v 0.001669 -0.364042 -0.101215
v 0.001669 -0.278200 -0.099131
v 0.001669 -0.339824 -0.099384
v 0.001669 -0.243818 -0.091259
v 0.001669 -0.216115 -0.095478
v 0.001669 -0.216504 -0.096552
v 0.001669 -0.240023 -0.089066
v 0.001669 -0.219216 -0.090214
v 0.001669 -0.241735 -0.090489
v 0.001669 -0.217847 -0.090910
v 0.001669 0.351072 -0.096542
v 0.001669 0.306265 0.059170
v 0.001669 0.234812 -0.082341
v 0.001669 0.146986 0.069746
v 0.001669 0.120643 0.067105
v 0.001669 0.463913 0.097595
v 0.001669 0.280635 0.059655
v 0.001669 0.277195 0.058681
v 0.001669 0.277569 0.059451
v 0.001669 0.413811 0.065719
v 0.001669 0.280832 0.058539
v 0.001669 0.446415 0.054238
v 0.001669 0.115374 0.057114
v 0.001669 0.280906 0.060595
v 0.001669 0.303128 0.057049
v 0.001669 0.284913 0.057722
v 0.001669 0.283952 0.057112
v 0.001669 0.305766 0.028599
v 0.001669 0.454688 0.033962
v 0.001669 0.281140 0.021363
v 0.001669 0.302976 0.027766
v 0.001669 0.284392 0.027956
v 0.001669 0.301401 0.029315
v 0.001669 0.285626 0.029795
v 0.001669 0.291034 -0.006985
v 0.001669 0.288470 0.005845
v 0.001669 0.277623 0.022566
v 0.001669 0.285484 0.031094
v 0.001669 0.301300 0.030451
v 0.001669 0.278045 0.021851
v 0.001669 0.301693 0.031526
v 0.001669 0.278760 0.021429
v 0.001669 0.301300 0.059818
v 0.001669 0.302973 0.086482
v 0.001669 0.284399 0.086697
v 0.001669 0.145966 0.070768
v 0.001669 0.144684 0.071603
v 0.001669 0.142978 0.072124
v 0.001669 0.266432 0.083302
v 0.001669 0.245359 0.083484
v 0.001669 0.281353 0.031914
v 0.001669 0.281486 0.061386
v 0.001669 -0.342751 0.028585
v 0.001669 -0.318584 0.061483
v 0.001669 -0.365422 0.069205
v 0.001669 -0.450614 0.064210
v 0.001669 -0.471460 0.064451
v 0.001669 -0.473829 0.067637
v 0.001669 -0.459849 0.071550
v 0.001669 -0.454971 0.067160
v 0.001669 -0.230391 0.084402
v 0.001669 -0.254270 0.084176
v 0.001669 -0.131488 0.071506
v 0.001669 -0.144725 0.075921
v 0.001669 -0.364183 0.069365
v 0.001669 -0.353728 0.069469
v 0.001669 -0.317766 0.060463
v 0.001669 -0.320436 0.032636
v 0.001669 -0.340905 0.032636
v 0.001669 -0.317766 0.031094
v 0.001669 -0.318118 0.057972
v 0.001669 -0.343225 0.029800
v 0.001669 -0.321983 0.057852
v 0.001669 -0.338576 0.058241
v 0.001669 -0.343160 0.030776
v 0.001669 -0.346318 0.064062
v 0.001669 -0.322488 0.058690
v 0.001669 -0.343225 0.059819
v 0.001669 -0.342751 0.061035
v 0.001669 -0.341701 0.061807
v 0.001669 -0.372983 0.026340
v 0.001669 -0.393406 0.025482
v 0.001669 -0.341989 0.032297
v 0.001669 -0.319779 0.057012
v 0.001669 -0.317638 0.029633
v 0.001669 -0.386563 0.020050
v 0.001669 -0.319455 0.027708
v 0.001669 -0.315720 0.021429
v 0.001669 -0.364197 0.010352
v 0.001669 -0.378468 0.009375
v 0.001669 -0.341696 0.027811
v 0.001669 -0.370496 0.023189
v 0.001669 -0.390120 0.023139
v 0.001669 -0.321635 0.032107
v 0.001669 -0.321074 0.057156
v 0.001669 -0.339345 0.057403
v 0.001669 -0.340742 0.056963
v 0.001669 -0.381305 0.013920
v 0.001669 -0.365641 0.014382
v 0.001669 -0.475917 0.071125
v 0.001669 -0.462939 0.075238
v 0.001669 -0.477692 0.074728
v 0.001669 -0.379311 0.032408
v 0.001669 -0.386856 0.037200
v 0.001669 -0.343124 0.058684
v 0.001669 -0.369795 0.065707
v 0.001669 -0.370302 0.066511
v 0.001669 -0.384809 -0.100272
v 0.001669 -0.365366 -0.101215
v 0.001669 -0.220519 -0.088997
v 0.001669 -0.221570 -0.087233
v 0.001669 -0.221969 -0.084968
v 0.001669 -0.342538 -0.096065
v 0.001669 -0.312583 -0.059894
v 0.001669 -0.313746 -0.061588
v 0.001669 -0.364042 -0.075815
v 0.001669 -0.354438 -0.076448
v 0.001669 -0.129030 0.072216
v 0.001669 -0.124856 0.097595
v 0.001669 -0.144226 0.077523
v 0.001669 -0.126746 0.071968
v 0.001669 -0.144184 0.079060
v 0.001669 -0.144473 0.080569
v 0.001669 -0.462571 0.082397
v 0.001669 -0.145280 0.082157
v 0.001669 -0.146294 0.083304
v 0.001669 -0.320105 0.091395
v 0.001669 -0.353236 0.094872
v 0.001669 -0.149416 0.084836
v 0.001669 -0.125124 0.071225
v 0.001669 -0.123622 0.069942
v 0.001669 -0.083557 -0.000150
v 0.001669 -0.083475 -0.001684
v 0.001669 -0.068456 -0.007542
v 0.001669 -0.071654 -0.008784
v 0.001669 -0.070096 -0.007912
v 0.001669 -0.072871 -0.009971
v 0.001669 -0.025399 -0.008572
v 0.001669 -0.135021 -0.090489
v 0.001669 -0.111377 -0.090821
v 0.001669 0.128650 -0.084198
v 0.001669 0.128498 -0.086486
v 0.001669 0.127818 -0.088149
v 0.001669 0.126886 -0.089386
v 0.001669 0.148015 -0.090215
v 0.001669 0.125492 -0.090490
v 0.001669 0.123408 -0.091259
v 0.001669 0.150776 -0.091282
v 0.001669 0.149377 -0.090908
v 0.001669 0.363809 -0.078791
v 0.001669 0.354039 -0.075387
v 0.001669 0.394441 -0.035250
v 0.001669 0.083518 0.005566
v 0.001669 0.291917 -0.007418
v 0.001669 0.085287 0.006587
v 0.001669 0.086429 0.007824
v 0.001669 0.288143 -0.010526
v 0.001669 0.265269 0.081949
v 0.001669 0.246502 0.082247
v 0.001669 0.138760 0.071366
v 0.001669 0.158193 0.081267
v 0.001669 0.138282 0.097595
v 0.001669 0.140926 0.072153
v 0.001669 0.158151 0.075921
v 0.001669 0.157600 0.077775
v 0.001669 0.310509 0.084860
v 0.001669 0.276415 0.058219
v 0.001669 0.281375 0.057724
v 0.001669 0.292866 -0.059908
v 0.001669 0.381436 -0.052024
v 0.001669 0.371566 -0.082435
v 0.001669 0.365738 -0.080329
v 0.001669 0.372631 -0.082092
v 0.001669 0.364571 -0.079813
v 0.001669 0.382270 -0.088212
v 0.001669 0.374789 -0.086212
v 0.001669 0.374031 -0.086792
v 0.001669 0.292499 -0.095349
v 0.001669 0.351598 -0.095347
v 0.001669 0.229829 -0.096063
v 0.001669 0.257490 -0.091282
v 0.001669 0.234409 -0.088372
v 0.001669 0.253178 -0.088672
v 0.001669 0.279770 -0.090864
v 0.001669 0.288133 -0.096065
v 0.001669 0.229322 -0.095229
v 0.001669 0.227285 -0.094364
v 0.001669 0.229641 -0.091298
v 0.001669 0.226201 -0.094704
v 0.001669 0.161963 -0.096224
v 0.001669 0.164547 -0.094385
v 0.001669 0.165494 -0.094618
v 0.001669 -0.137104 -0.091259
v 0.001669 -0.109742 -0.091281
v 0.001669 0.395212 -0.074863
v 0.001669 0.368669 -0.077844
v 0.001669 0.367165 -0.080160
v 0.001669 0.370683 -0.083351
v 0.001669 0.370400 -0.084265
v 0.001669 0.370442 -0.085219
v 0.001669 0.373897 -0.082268
v 0.001669 0.375294 -0.085220
v 0.001669 0.254319 -0.089907
v 0.001669 0.233247 -0.089725
v 0.001669 0.235255 -0.083701
v 0.001669 0.360024 -0.074269
v 0.001669 0.365578 -0.075381
v 0.001669 0.408648 -0.058772
v 0.001669 0.291780 -0.061499
v 0.001669 0.292385 -0.060942
v 0.001669 0.400154 -0.057019
v 0.001669 0.401045 -0.057698
v 0.001669 0.367162 -0.075534
v 0.001669 0.368244 -0.076472
v 0.001669 0.373120 -0.087085
v 0.001669 0.371063 -0.086327
v 0.001669 0.353748 -0.094385
v 0.001669 0.372004 -0.086930
v 0.001669 0.374774 -0.082965
v 0.001669 0.375322 -0.083944
v 0.001669 0.399782 -0.054298
v 0.001669 0.396886 -0.050617
v 0.001669 0.396031 -0.051062
v 0.001669 0.401817 -0.052906
v 0.001669 0.394920 -0.051143
v 0.001669 0.400756 -0.053247
v 0.001669 0.402771 -0.052997
v 0.001669 0.393623 -0.050533
v 0.001669 0.404406 -0.056344
v 0.001669 0.402307 -0.057899
v 0.001669 0.392893 -0.048023
v 0.001669 0.395406 -0.046160
v 0.001669 0.426160 -0.005736
v 0.001669 0.393421 -0.047036
v 0.001669 0.400343 -0.026463
v 0.001669 0.433610 -0.019747
v 0.001669 0.405155 -0.018643
v 0.001669 0.410825 -0.008553
v 0.001669 0.396484 -0.046430
v 0.001669 0.397429 -0.047284
v 0.001669 0.404507 -0.054756
v 0.001669 0.403505 -0.057455
v 0.001669 0.291917 -0.057418
v 0.001669 0.292738 -0.058444
v 0.001669 0.399577 -0.055879
v 0.001669 0.295806 -0.039925
v 0.001669 0.403753 -0.053537
v 0.001669 -0.354296 0.069000
v 0.001669 -0.363786 0.068845
v 0.001669 -0.353954 0.093083
v 0.001669 -0.364119 0.093130
v 0.001669 -0.463764 0.077319
v 0.001669 -0.479717 0.080404
v 0.001669 -0.463426 0.080841
v 0.001669 -0.463802 0.079360
v 0.001669 -0.364665 0.092946
v 0.001669 -0.354400 0.068269
v 0.001669 -0.363754 0.068271
v 0.001669 -0.319618 0.061963
v 0.001669 -0.352918 0.069365
v 0.001669 -0.343225 0.089187
v 0.001669 -0.352438 0.068606
v 0.001669 -0.458591 0.084836
v 0.001669 -0.481262 0.089883
v 0.001669 -0.371503 0.084860
v 0.001669 -0.322637 0.088861
v 0.001669 -0.370699 0.084354
v 0.001669 -0.340910 0.086353
v 0.001669 -0.321626 0.086875
v 0.001669 -0.320747 0.086444
v 0.001669 -0.339784 0.086551
v 0.001669 -0.318013 0.087466
v 0.001669 -0.313498 0.084839
v 0.001669 -0.480823 0.085676
v 0.001669 -0.460898 0.083951
v 0.001669 -0.365665 0.094169
v 0.001669 -0.481316 0.097595
v 0.001669 -0.365284 0.094703
v 0.001669 -0.364663 0.094911
v 0.001669 -0.353806 0.094832
v 0.001669 -0.363872 0.094483
v 0.001669 -0.354296 0.094400
v 0.001669 -0.354400 0.093669
v 0.001669 -0.363754 0.093671
v 0.001669 -0.231725 0.083633
v 0.001669 -0.338734 0.087323
v 0.001669 -0.370356 0.083612
v 0.001669 -0.256130 0.084836
v 0.001669 -0.317623 0.088534
v 0.001669 -0.228754 0.084859
v 0.001669 -0.342282 0.086854
v 0.001669 0.429436 0.069206
v 0.001669 0.419807 0.068842
v 0.001669 0.431104 0.068274
v 0.001669 0.435751 0.066518
v 0.001669 0.430799 0.067790
v 0.001669 0.435329 0.065801
v 0.001669 0.413312 0.066393
v 0.001669 0.419341 0.069416
v 0.001669 0.418521 0.069432
v 0.001669 0.418373 0.093083
v 0.001669 0.412085 0.084860
v 0.001669 0.435820 0.083726
v 0.001669 0.429171 0.068521
v 0.001669 0.419839 0.068274
v 0.001669 0.430985 0.069083
v 0.001669 0.434614 0.065379
v 0.001669 0.449468 0.081118
v 0.001669 0.462212 0.072887
v 0.001669 0.430799 0.093190
v 0.001669 0.463508 0.087646
v 0.001669 0.305552 0.090634
v 0.001669 0.418031 0.094400
v 0.001669 0.304592 0.091245
v 0.001669 0.277296 0.084248
v 0.001669 0.283146 0.086332
v 0.001669 0.429436 0.094606
v 0.001669 0.419755 0.094403
v 0.001669 0.418597 0.094869
v 0.001669 0.301774 0.090404
v 0.001669 0.284544 0.090955
v 0.001669 0.285311 0.090117
v 0.001669 0.276539 0.084838
v 0.001669 0.302674 0.091098
v 0.001669 0.429171 0.093921
v 0.001669 0.419839 0.093674
v 0.001669 0.430193 0.094911
v 0.001669 0.430194 0.092928
v 0.001669 0.444481 0.084859
v 0.001669 0.436955 0.084860
v 0.001669 0.419255 0.094822
v 0.001669 0.430985 0.094483
v 0.001669 -0.317598 -0.059256
v 0.001669 -0.312964 -0.060784
v 0.001669 -0.364704 -0.075527
v 0.001669 -0.353439 -0.075527
v 0.001669 -0.384432 -0.096843
v 0.001669 -0.365703 -0.076448
v 0.001669 -0.316637 -0.061388
v 0.001669 -0.317325 -0.060509
v 0.001669 -0.315304 -0.006886
v 0.001669 -0.315304 -0.056886
v 0.001669 -0.320356 -0.038515
v 0.001669 -0.314504 -0.011878
v 0.001669 -0.303473 -0.012419
v 0.001669 -0.314044 -0.057117
v 0.001669 -0.313256 -0.057667
v 0.001669 -0.312666 -0.058618
v 0.001669 -0.304882 -0.011110
v 0.001669 -0.304510 -0.011882
v 0.001669 -0.313500 -0.011383
v 0.001669 -0.300153 -0.033833
v 0.001669 -0.306186 -0.045109
v 0.001669 -0.300905 -0.034264
v 0.001669 -0.316073 -0.045032
v 0.001669 -0.315856 -0.034331
v 0.001669 -0.317358 -0.034792
v 0.001669 -0.316637 -0.011388
v 0.001669 -0.317325 -0.010509
v 0.001669 -0.317598 -0.009256
v 0.001669 -0.352590 -0.036784
v 0.001669 -0.314044 -0.007117
v 0.001669 -0.312666 -0.008618
v 0.001669 -0.313256 -0.007667
v 0.001669 -0.318313 0.028338
v 0.001669 -0.312569 -0.009733
v 0.001669 -0.312875 -0.010653
v 0.001669 0.289893 -0.006937
v 0.001669 0.280263 0.004615
v 0.001669 0.302125 0.028234
v 0.001669 0.285235 0.028726
v 0.001669 0.289391 0.006675
v 0.001669 0.423464 -0.007458
v 0.001669 0.411991 -0.007363
v 0.001669 0.419799 -0.007443
v 0.001669 0.293102 -0.044374
v 0.001669 0.291034 -0.056985
v 0.001669 0.291403 -0.045031
v 0.001669 0.394307 -0.046363
v 0.001669 0.280263 -0.046260
v 0.001669 0.288854 -0.057423
v 0.001669 0.288613 -0.011195
v 0.001669 0.287895 -0.059738
v 0.001669 0.288039 -0.008443
v 0.001669 0.294222 -0.043511
v 0.001669 0.289577 -0.011808
v 0.001669 0.295319 -0.041986
v 0.001669 0.289732 -0.061842
v 0.001669 0.288721 -0.061313
v 0.001669 0.288143 -0.060526
v 0.001669 -0.173414 0.057903
v 0.001669 -0.150580 0.066669
v 0.001669 -0.322199 0.090259
v 0.001669 -0.338361 0.089674
v 0.001669 -0.342751 0.090404
v 0.001669 -0.353232 0.092949
v 0.001669 -0.341851 0.091098
v 0.001669 -0.340743 0.091395
v 0.001669 -0.339201 0.090871
v 0.001669 -0.147556 0.084176
v 0.001669 -0.133418 0.069946
v 0.001669 -0.149828 0.067104
v 0.001669 -0.166368 0.059781
v 0.001669 -0.173175 0.059987
v 0.001669 -0.170643 0.064294
v 0.001669 -0.165391 0.066619
v 0.001669 -0.167039 0.066325
v 0.001669 -0.168961 0.065539
v 0.001669 -0.172163 0.062465
v 0.001669 -0.165072 0.060389
v 0.001669 -0.167100 0.058548
v 0.001669 -0.167125 0.057427
v 0.001669 -0.166594 0.056265
v 0.001669 -0.173114 0.055536
v 0.001669 -0.171992 0.053106
v 0.001669 -0.165229 0.055440
v 0.001669 -0.163953 0.055509
v 0.001669 -0.170843 0.051726
v 0.001669 -0.162340 0.049116
v 0.001669 -0.169460 0.050578
v 0.001669 -0.167312 0.049559
v 0.001669 -0.165396 0.049196
v 0.001669 -0.162850 0.056149
v 0.001669 -0.161420 0.048285
v 0.001669 -0.162247 0.057279
v 0.001669 -0.162562 0.059280
v 0.001669 -0.163648 0.060222
v 0.001669 -0.161335 0.047183
v 0.001669 -0.216454 -0.091282
v 0.001669 -0.274995 -0.095479
v 0.001669 -0.274606 -0.096554
v 0.001669 -0.341404 -0.094704
v 0.001669 -0.342032 -0.095230
v 0.001669 -0.384890 -0.098741
v 0.001669 -0.340317 -0.094364
v 0.001669 -0.304868 -0.090146
v 0.001669 -0.363705 -0.076448
v 0.001669 -0.315306 -0.061943
v 0.001669 -0.305440 -0.045454
v 0.001669 -0.304937 -0.046260
v 0.001669 -0.318183 -0.044146
v 0.001669 -0.319634 -0.042608
v 0.001669 -0.351413 -0.037601
v 0.001669 -0.320417 -0.040642
v 0.001669 -0.350545 -0.037473
v 0.001669 -0.349977 -0.037053
v 0.001669 -0.319747 -0.036985
v 0.001669 -0.318730 -0.035698
v 0.001669 -0.315625 -0.011864
v 0.001669 -0.005849 -0.035367
v 0.001669 -0.024699 -0.035091
v 0.001669 -0.024058 -0.035367
v 0.001669 -0.114672 -0.082341
v 0.001669 -0.025285 -0.034337
v 0.001669 -0.115142 -0.086245
v 0.001669 -0.113118 -0.089751
v 0.001669 -0.005104 -0.035023
v 0.001669 -0.114391 -0.088149
v 0.001669 -0.004599 -0.034216
v 0.001669 0.086431 -0.010170
v 0.001669 -0.012966 -0.027476
v 0.001669 0.082120 -0.007558
v 0.001669 0.083756 -0.008020
v 0.001669 0.085288 -0.008933
v 0.001669 -0.149706 -0.094704
v 0.001669 -0.148863 -0.095477
v 0.001669 -0.148537 -0.097524
v 0.001669 -0.149163 -0.098662
v 0.001669 0.161898 -0.097200
v 0.001669 0.102562 -0.094704
v 0.001669 0.103405 -0.095477
v 0.001669 -0.215914 -0.098531
v 0.001669 -0.275546 -0.098881
v 0.001669 -0.214679 -0.099319
v 0.001669 -0.276926 -0.099384
v 0.001669 -0.133310 -0.089066
v 0.001669 -0.010855 -0.023537
v 0.001669 -0.010829 -0.025020
v 0.001669 -0.011597 -0.026507
v 0.001669 -0.014448 -0.027654
v 0.001669 -0.017366 -0.025374
v 0.001669 -0.015706 -0.027309
v 0.001669 -0.016851 -0.026366
v 0.001669 -0.017569 -0.024276
v 0.001669 -0.016605 -0.021900
v 0.001669 -0.017310 -0.023003
v 0.001669 -0.015361 -0.021087
v 0.001669 -0.014080 -0.020883
v 0.001669 -0.012626 -0.021222
v 0.001669 -0.011369 -0.022334
v 0.001669 -0.017569 0.013824
v 0.001669 -0.010856 0.013087
v 0.001669 -0.011467 0.011727
v 0.001669 -0.012966 0.010624
v 0.001669 -0.014448 0.010446
v 0.001669 -0.017366 0.012726
v 0.001669 -0.015706 0.010791
v 0.001669 -0.016851 0.011734
v 0.001669 -0.015361 0.017013
v 0.001669 -0.017310 0.015097
v 0.001669 -0.016605 0.016200
v 0.001669 -0.014080 0.017217
v 0.001669 -0.012977 0.017003
v 0.001669 -0.011715 0.016210
v 0.001669 -0.010830 0.014575
v 0.001669 -0.162187 0.058232
v 0.001669 0.115470 0.058222
v 0.001669 0.114284 0.060048
v 0.001669 0.115099 0.059274
v 0.001669 -0.363981 -0.077194
v 0.001669 -0.354100 -0.075815
v 0.001669 -0.337963 -0.095609
v 0.001669 -0.279599 -0.097204
v 0.001669 -0.337898 -0.097983
v 0.001669 -0.279073 -0.098400
v 0.001669 -0.338626 -0.098855
v 0.001669 -0.354055 -0.102722
v 0.001669 -0.364541 -0.102898
v 0.001669 -0.383307 -0.103484
v 0.001669 -0.342638 -0.097203
v 0.001669 0.100200 -0.099130
v 0.001669 0.279058 -0.091283
v 0.001669 0.288972 -0.094867
v 0.001669 0.229930 -0.097196
v 0.001669 0.288032 -0.097194
v 0.001669 0.288421 -0.098269
v 0.001669 0.229541 -0.098270
v 0.001669 0.228698 -0.099043
v 0.001669 0.289266 -0.099044
v 0.001669 0.293025 -0.096544
v 0.001669 0.290516 -0.099405
v 0.001669 0.227449 -0.099405
v 0.001669 0.291764 -0.099043
v 0.001669 0.352468 -0.099129
v 0.001669 -0.213372 -0.099292
v 0.001669 -0.150623 -0.099384
v 0.001669 -0.086774 -0.094619
v 0.001669 -0.026362 -0.094866
v 0.001669 0.166797 -0.097529
v 0.001669 0.225356 -0.098271
v 0.001669 0.103796 -0.096548
v 0.001669 0.166863 -0.096548
v 0.001669 0.224916 -0.096874
v 0.001669 0.166472 -0.095477
v 0.001669 0.225358 -0.095474
v 0.001669 0.363656 -0.077365
v 0.001669 0.235050 -0.086972
v 0.001669 0.235374 -0.085479
v 0.001669 0.356092 -0.096545
v 0.001669 0.373853 -0.096019
v 0.001669 0.351389 -0.098139
v 0.001669 0.292707 -0.098140
v 0.001669 0.355774 -0.098141
v 0.001669 0.362347 -0.105604
v 0.001669 0.353743 -0.099384
v 0.001669 0.354830 -0.099044
v 0.001669 -0.277090 -0.094343
v 0.001669 -0.279281 -0.095608
v 0.001669 -0.278339 -0.094705
v 0.001669 -0.275840 -0.094704
v 0.001669 -0.215272 -0.094705
v 0.001669 -0.212230 -0.098662
v 0.001669 -0.211604 -0.097524
v 0.001669 -0.153046 -0.098271
v 0.001669 -0.211539 -0.096548
v 0.001669 -0.153437 -0.097200
v 0.001669 -0.214023 -0.094343
v 0.001669 -0.212773 -0.094704
v 0.001669 -0.152937 -0.095345
v 0.001669 -0.153371 -0.096219
v 0.001669 -0.211930 -0.095477
v 0.001669 -0.152068 -0.099130
v 0.001669 -0.089872 -0.098400
v 0.001669 -0.026340 -0.098863
v 0.001669 -0.086358 -0.098855
v 0.001669 -0.025311 -0.099341
v 0.001669 -0.085630 -0.097983
v 0.001669 -0.022403 -0.097524
v 0.001669 0.035736 -0.097204
v 0.001669 -0.023029 -0.098662
v 0.001669 -0.022338 -0.096548
v 0.001669 -0.089000 -0.099131
v 0.001669 -0.024822 -0.094343
v 0.001669 -0.090080 -0.095608
v 0.001669 0.038085 -0.094364
v 0.001669 -0.022729 -0.095477
v 0.001669 0.036054 -0.095608
v 0.001669 -0.023572 -0.094704
v 0.001669 0.036998 -0.094704
v 0.001669 0.037134 -0.099131
v 0.001669 0.036262 -0.098400
v 0.001669 -0.024171 -0.099292
v 0.001669 0.038578 -0.099384
v 0.001669 0.099121 -0.098139
v 0.001669 -0.026986 -0.098130
v 0.001669 -0.027303 -0.097203
v 0.001669 -0.085385 -0.096872
v 0.001669 -0.085695 -0.095609
v 0.001669 -0.027203 -0.096065
v 0.001669 -0.089136 -0.094704
v 0.001669 -0.088049 -0.094364
v 0.001669 -0.087556 -0.099384
v 0.001669 -0.090398 -0.097203
v 0.001669 -0.148472 -0.096548
v 0.001669 -0.150956 -0.094343
v 0.001669 0.098810 -0.096873
v 0.001669 0.040749 -0.096872
v 0.001669 0.039360 -0.094619
v 0.001669 0.040439 -0.095609
v 0.001669 0.099121 -0.095608
v 0.001669 0.039776 -0.098855
v 0.001669 0.040504 -0.097983
v 0.001669 0.101645 -0.099384
v 0.001669 0.103731 -0.097524
v 0.001669 0.162289 -0.098271
v 0.001669 0.163132 -0.099044
v 0.001669 0.103105 -0.098662
v 0.001669 0.164382 -0.099405
v 0.001669 0.101312 -0.094343
v 0.001669 0.100063 -0.094705
v 0.001669 0.166363 -0.098403
v 0.001669 0.226199 -0.099044
v 0.001669 0.165627 -0.099045
v 0.001669 -0.152201 -0.094703
v 0.001669 0.162589 -0.095086
v 0.001669 0.163731 -0.094457
v 0.001669 0.355565 -0.095346
v 0.001669 0.354694 -0.094618
v 0.001669 -0.341422 -0.099066
v 0.001669 -0.353276 -0.102898
v 0.001669 -0.352440 -0.101848
v 0.001669 -0.365703 -0.101848
v 0.001669 -0.364704 -0.100927
v 0.001669 -0.352777 -0.101215
v 0.001669 -0.352716 -0.102594
v 0.001669 -0.354055 -0.077322
v 0.001669 -0.364541 -0.077498
v 0.001669 -0.365366 -0.075815
v 0.001669 -0.353276 -0.077498
v 0.001669 -0.352716 -0.077194
v 0.001669 -0.352440 -0.076448
v 0.001669 -0.365320 -0.077322
v 0.001669 -0.352777 -0.075815
v 0.001669 -0.375006 0.001085
v 0.001669 -0.252624 0.082972
v 0.001669 -0.232944 0.082442
v 0.001669 -0.352681 0.093307
v 0.001669 -0.352438 0.094006
v 0.001669 -0.251486 0.081278
v 0.001669 -0.250940 0.079571
v 0.001669 -0.250940 0.077523
v 0.001669 -0.251440 0.075918
v 0.001669 -0.302273 -0.012044
v 0.001669 -0.376450 0.005113
v 0.001669 -0.352108 -0.037302
v 0.001669 -0.382597 0.034751
v 0.001669 -0.364830 0.069486
v 0.001669 -0.365219 0.093083
v 0.001669 -0.365591 0.093516
v 0.001669 -0.318851 0.086697
v 0.001669 -0.345015 0.021414
v 0.001669 -0.345760 0.021758
v 0.001669 -0.322271 0.087610
v 0.001669 -0.352797 0.094653
v 0.001669 -0.321358 0.091031
v 0.001669 -0.338260 0.088540
v 0.001669 -0.319776 0.086382
v 0.001669 -0.314255 0.084250
v 0.001669 -0.314530 0.083608
v 0.001669 -0.343124 0.088051
v 0.001669 -0.318560 0.090869
v 0.001669 -0.317722 0.089668
v 0.001669 0.277555 0.028434
v 0.001669 0.281879 0.027934
v 0.001669 0.305029 0.027955
v 0.001669 0.440686 0.031290
v 0.001669 0.267697 0.084177
v 0.001669 0.243827 0.084397
v 0.001669 0.301300 0.089187
v 0.001669 0.285677 0.088864
v 0.001669 0.264304 0.079056
v 0.001669 0.242188 0.084858
v 0.001669 0.280613 0.088861
v 0.001669 0.269556 0.084836
v 0.001669 0.448523 0.082620
v 0.001669 0.460326 0.059801
v 0.001669 0.448800 0.068349
v 0.001669 0.445866 0.084496
v 0.001669 0.447222 0.083815
v 0.001669 0.450010 0.078959
v 0.001669 0.292738 -0.008444
v 0.001669 0.291913 -0.011414
v 0.001669 0.292669 -0.034786
v 0.001669 0.290876 -0.011893
v 0.001669 0.413302 -0.006587
v 0.001669 0.421757 -0.007742
v 0.001669 0.292866 -0.009908
v 0.001669 0.289477 0.007778
v 0.001669 0.280875 -0.034002
v 0.001669 0.291181 -0.034332
v 0.001669 0.281515 -0.034276
v 0.001669 0.290876 -0.061893
v 0.001669 0.352216 -0.074410
v 0.001669 0.350987 -0.073214
v 0.001669 0.297565 0.020383
v 0.001669 0.281891 0.020928
v 0.001669 0.283308 0.027616
v 0.001669 0.281512 0.005766
v 0.001669 0.280766 0.005421
v 0.001669 0.298015 0.020998
v 0.001669 0.297513 0.019404
v 0.001669 0.288854 -0.007423
v 0.001669 0.287895 -0.009738
v 0.001669 0.281512 -0.045109
v 0.001669 0.280766 -0.045454
v 0.001669 0.280285 -0.033245
v 0.001669 0.293863 -0.035544
v 0.001669 0.295561 -0.038062
v 0.001669 0.289893 -0.056937
v 0.001669 0.288039 -0.058443
v 0.001669 0.157709 0.079810
v 0.001669 0.159017 0.082571
v 0.001669 0.160124 0.083633
v 0.001669 0.161683 0.084506
v 0.001669 0.163322 0.084875
v 0.001669 0.306265 0.088540
v 0.001669 0.301401 0.088053
v 0.001669 0.285237 0.087466
v 0.001669 0.264628 0.080549
v 0.001669 0.305791 0.087323
v 0.001669 0.304891 0.086629
v 0.001669 0.304108 0.086381
v 0.001669 0.274876 0.058614
v 0.001669 0.280727 0.030773
v 0.001669 0.280663 0.029797
v 0.001669 0.264866 0.075918
v 0.001669 0.264423 0.077278
v 0.001669 0.280979 0.087610
v 0.001669 0.275636 0.058207
v 0.001669 0.282814 0.032636
v 0.001669 0.280979 0.028872
v 0.001669 0.280906 0.089964
v 0.001669 0.281603 0.090871
v 0.001669 0.283145 0.091395
v 0.001669 0.303457 0.091346
v 0.001669 0.302013 0.087093
v 0.001669 0.309703 0.084356
v 0.001669 0.281746 0.086772
v 0.001669 0.306164 0.089674
v 0.001669 0.417927 0.093669
v 0.001669 -0.124856 0.097595
v -0.001506 -0.124856 0.097595
v -0.001506 -0.073332 0.008353
v 0.001669 -0.073332 0.008353
v -0.001506 0.081258 0.005178
v 0.001669 -0.002977 0.005178
v -0.001506 -0.002977 0.005178
v 0.001669 0.081258 0.005178
v 0.001669 0.086758 0.008353
v -0.001506 0.086758 0.008353
v -0.001506 0.109619 0.047950
v 0.001669 0.109619 0.047950
v -0.001506 0.241329 0.084895
v -0.001506 0.163945 0.084895
v 0.001669 0.163945 0.084895
v 0.001669 0.241329 0.084895
v -0.001506 0.252850 -0.088143
v 0.001669 0.158446 0.075370
v -0.001506 0.158446 0.075370
v 0.001669 0.252850 -0.088143
v -0.001506 0.450014 0.077887
v 0.001669 0.449952 0.077894
v 0.001669 0.447489 0.059443
v -0.001506 0.445273 0.047931
v 0.001669 0.440964 0.031776
v -0.001506 0.435636 0.015770
v 0.001669 0.427403 -0.004416
v -0.001506 0.427118 -0.004286
v -0.001506 0.276001 0.084895
v 0.001669 0.270659 0.084895
v 0.001669 0.276001 0.084895
v -0.001506 0.270659 0.084895
v -0.001506 0.350524 -0.072486
v 0.001669 0.297697 0.019013
v -0.001506 0.297697 0.019013
v 0.001669 0.350524 -0.072486
v 0.001669 0.360329 -0.074009
v -0.001506 0.360323 -0.074003
v -0.001506 0.371779 -0.062853
v 0.001669 0.379092 -0.055171
v -0.001506 0.388486 -0.043531
v 0.001669 0.400212 -0.026915
v -0.001506 0.402497 -0.023122
v -0.001506 0.410407 -0.009304
v 0.001669 0.410400 -0.009300
v 0.001669 -0.444740 0.061265
v -0.001506 -0.444740 0.061265
v -0.001506 -0.389729 0.038479
v 0.001669 -0.389729 0.038479
v -0.001506 -0.371924 0.084895
v 0.001669 -0.457491 0.084895
v 0.001669 -0.371924 0.084895
v -0.001506 -0.457491 0.084895
v 0.001669 -0.239424 -0.088143
v -0.001506 -0.239424 -0.088143
v -0.001506 -0.161517 0.046795
v 0.001669 -0.161517 0.046795
v -0.001506 -0.150519 0.084895
v -0.001506 -0.227903 0.084895
v 0.001669 -0.227903 0.084895
v 0.001669 -0.150519 0.084895
v -0.001506 -0.221093 -0.081793
v 0.001669 -0.134021 0.069020
v -0.001506 -0.134021 0.069020
v 0.001669 -0.221093 -0.081793
v 0.001669 -0.215593 -0.091318
v -0.001506 -0.215593 -0.091318
v -0.001506 -0.138209 -0.091318
v 0.001669 -0.138209 -0.091318
v 0.001669 -0.132710 -0.088143
v -0.001506 -0.132710 -0.088143
v -0.001506 -0.084330 -0.004347
v 0.001669 -0.084330 -0.004347
v 0.001669 -0.084330 0.002003
v -0.001506 -0.084330 0.002003
v -0.001506 -0.123023 0.069020
v 0.001669 -0.123023 0.069020
v 0.001669 0.081258 -0.007522
v -0.001506 0.081258 -0.007522
v -0.001506 -0.002977 -0.007522
v 0.001669 -0.002977 -0.007522
v 0.001669 -0.073332 -0.010697
v -0.001506 -0.073332 -0.010697
v -0.001506 -0.114379 -0.081793
v 0.001669 -0.114379 -0.081793
v 0.001669 -0.108880 -0.091318
v -0.001506 -0.108880 -0.091318
v -0.001506 0.122306 -0.091318
v 0.001669 0.122306 -0.091318
v -0.001506 0.086758 -0.010697
v 0.001669 0.127805 -0.081793
v -0.001506 0.127805 -0.081793
v 0.001669 0.086758 -0.010697
v -0.001506 0.097756 0.002003
v 0.001669 0.136449 0.069020
v -0.001506 0.136449 0.069020
v 0.001669 0.097756 0.002003
v -0.001506 0.146136 -0.088143
v 0.001669 0.097756 -0.004347
v -0.001506 0.097756 -0.004347
v 0.001669 0.146136 -0.088143
v 0.001669 0.151635 -0.091318
v -0.001506 0.151635 -0.091318
v -0.001506 0.229019 -0.091318
v 0.001669 0.229019 -0.091318
v -0.001506 0.147447 0.069020
v 0.001669 0.234519 -0.081793
v -0.001506 0.234519 -0.081793
v 0.001669 0.147447 0.069020
v 0.001669 -0.244915 -0.091463
v -0.001506 -0.244923 -0.091318
v 0.001669 -0.241673 -0.090452
v -0.001506 -0.242134 -0.090847
v 0.001669 -0.239318 -0.088212
v -0.001506 -0.239385 -0.088168
v -0.001506 -0.370337 0.083307
v 0.001669 -0.370337 0.066932
v -0.001506 -0.370337 0.066932
v 0.001669 -0.370337 0.083307
v -0.001506 -0.368749 0.065345
v 0.001669 -0.347886 0.065345
v -0.001506 -0.347886 0.065345
v 0.001669 -0.368749 0.065345
v -0.001506 0.435785 0.066932
v 0.001669 0.435785 0.066932
v 0.001669 0.435785 0.083307
v -0.001506 0.435785 0.083307
v -0.001506 0.413255 0.066932
v 0.001669 0.413255 0.083307
v 0.001669 0.413255 0.066932
v -0.001506 0.413255 0.083307
v -0.001506 0.414843 0.065345
v 0.001669 0.434198 0.065345
v -0.001506 0.434198 0.065345
v 0.001669 0.414843 0.065345
v 0.001669 -0.304902 -0.089730
v -0.001506 -0.304902 -0.046677
v -0.001506 -0.304902 -0.089730
v 0.001669 -0.304902 -0.046677
v 0.001669 -0.304902 -0.010797
v 0.001669 -0.304902 0.004198
v -0.001506 -0.304902 0.004198
v -0.001506 -0.304902 -0.010797
v 0.001669 -0.306490 0.005785
v 0.001669 -0.324306 0.005785
v -0.001506 -0.324306 0.005785
v -0.001506 -0.306490 0.005785
v -0.001506 -0.325680 0.004991
v 0.001669 -0.349808 -0.036799
v -0.001506 -0.349808 -0.036799
v 0.001669 -0.325680 0.004991
v 0.001669 0.287920 0.005785
v -0.001506 0.281816 0.005785
v -0.001506 0.287920 0.005785
v 0.001669 0.281816 0.005785
v -0.001506 0.280228 -0.089730
v -0.001506 0.280228 -0.046677
v 0.001669 0.280228 -0.046677
v 0.001669 0.280228 -0.089730
v -0.001506 0.290388 -0.034295
v -0.001506 0.281816 -0.034295
v 0.001669 0.281816 -0.034295
v 0.001669 0.290388 -0.034295
v 0.001669 0.290388 -0.045090
v 0.001669 0.281816 -0.045090
v -0.001506 0.281816 -0.045090
v -0.001506 0.290388 -0.045090
v 0.001669 -0.306490 -0.045090
v -0.001506 -0.315062 -0.045090
v -0.001506 -0.306490 -0.045090
v 0.001669 -0.315062 -0.045090
v -0.001506 -0.315071 -0.045235
v 0.001669 -0.315069 -0.045215
v 0.001669 -0.318918 -0.043660
v -0.001506 -0.318443 -0.043975
v 0.001669 -0.320404 -0.040712
v 0.001669 -0.320176 -0.037657
v -0.001506 -0.320664 -0.040347
v 0.001669 -0.318057 -0.035131
v -0.001506 -0.319067 -0.035916
v -0.001506 -0.315074 -0.034105
v 0.001669 -0.315067 -0.034206
v -0.001506 -0.301300 -0.034295
v 0.001669 -0.315062 -0.034295
v 0.001669 -0.301300 -0.034295
v -0.001506 -0.315062 -0.034295
v 0.001669 -0.006152 -0.035386
v -0.001506 -0.006152 -0.035386
v -0.001506 -0.023755 -0.035386
v 0.001669 -0.023755 -0.035386
v -0.001506 -0.004565 -0.009110
v 0.001669 -0.004565 -0.033799
v 0.001669 -0.004565 -0.009110
v -0.001506 -0.004565 -0.033799
v 0.001669 -0.025342 -0.033799
v -0.001506 -0.025342 -0.033799
v -0.001506 -0.025342 -0.009110
v 0.001669 -0.025342 -0.009110
v -0.001506 -0.025342 0.023351
v 0.001669 -0.025342 0.006765
v -0.001506 -0.025342 0.006765
v 0.001669 -0.025342 0.023351
v -0.001506 -0.004565 0.023351
v -0.001506 -0.004565 0.006765
v 0.001669 -0.004565 0.006765
v 0.001669 -0.004565 0.023351
v -0.001506 -0.006152 0.024939
v 0.001669 -0.006152 0.024939
v 0.001669 -0.023755 0.024939
v -0.001506 -0.023755 0.024939
v 0.001669 -0.164669 0.066639
v -0.001506 -0.150977 0.066639
v 0.001669 -0.150977 0.066639
v -0.001506 -0.164669 0.066639
v -0.001506 -0.164669 0.049176
v 0.001669 -0.162892 0.049176
v -0.001506 -0.162892 0.049176
v 0.001669 -0.164669 0.049176
v 0.001669 -0.164669 0.049176
v -0.001506 -0.164671 0.049131
v -0.001506 -0.168268 0.049864
v 0.001669 -0.167926 0.049638
v 0.001669 -0.172553 0.053707
v -0.001506 -0.171355 0.052201
v -0.001506 -0.173369 0.056202
v 0.001669 -0.173369 0.059613
v -0.001506 -0.173089 0.060363
v 0.001669 -0.171354 0.063615
v -0.001506 -0.170489 0.064735
v 0.001669 -0.168267 0.065951
v -0.001506 -0.164675 0.066763
v 0.001669 -0.164671 0.066685
v 0.001669 0.112988 0.066639
v -0.001506 0.119492 0.066639
v 0.001669 0.119492 0.066639
v -0.001506 0.112988 0.066639
v 0.001669 0.104200 0.058110
v -0.001506 0.105407 0.062634
v 0.001669 0.105492 0.062702
v -0.001506 0.104200 0.057696
v 0.001669 0.105163 0.053739
v -0.001506 0.105495 0.053108
v 0.001669 0.108912 0.050045
v -0.001506 0.108952 0.050113
v -0.001506 0.109749 0.066120
v 0.001669 0.109389 0.065950
v 0.001669 0.112986 0.066685
v -0.001506 0.112987 0.066655
v 0.001669 0.350510 -0.072495
v -0.001506 0.350362 -0.072593
v 0.001669 0.353085 -0.075174
v -0.001506 0.355197 -0.075856
v 0.001669 0.357899 -0.075482
v -0.001506 0.360407 -0.074107
v 0.001669 0.360324 -0.074005
v -0.001506 0.246988 0.081825
v 0.001669 0.246829 0.081720
v 0.001669 0.245598 0.083365
v -0.001506 0.243678 0.084508
v 0.001669 0.241340 0.085085
v -0.001506 0.241330 0.084912
v -0.001506 0.252690 -0.088248
v 0.001669 0.252811 -0.088168
v 0.001669 0.255560 -0.090847
v -0.001506 0.256001 -0.090932
v -0.001506 0.258348 -0.091335
v 0.001669 0.258349 -0.091318
v 0.001669 0.229027 -0.091464
v -0.001506 0.229019 -0.091318
v -0.001506 0.232309 -0.090666
v -0.001506 0.235514 -0.085845
v 0.001669 0.234011 -0.089274
v 0.001669 0.235446 -0.084448
v -0.001506 0.234560 -0.081772
v 0.001669 0.234533 -0.081785
v 0.001669 0.147569 0.069100
v -0.001506 0.147552 0.069088
v -0.001506 0.143601 0.072187
v 0.001669 0.143678 0.072129
v -0.001506 0.139275 0.071670
v 0.001669 0.139597 0.071808
v 0.001669 0.136289 0.069125
v -0.001506 0.136326 0.069100
v -0.001506 0.146122 -0.088152
v 0.001669 0.146014 -0.088223
v -0.001506 0.147776 -0.090103
v 0.001669 0.148511 -0.090525
v -0.001506 0.151627 -0.091463
v 0.001669 0.151628 -0.091443
v 0.001669 0.122314 -0.091464
v -0.001506 0.122317 -0.091508
v 0.001669 0.126015 -0.090195
v -0.001506 0.127129 -0.089352
v -0.001506 0.128687 -0.085568
v 0.001669 0.128515 -0.086952
v 0.001669 0.127975 -0.081708
v -0.001506 0.127935 -0.081727
v -0.001506 0.086772 -0.010688
v 0.001669 0.086758 -0.010697
v 0.001669 0.085527 -0.009052
v -0.001506 0.085116 -0.008736
v -0.001506 0.081266 -0.007376
v 0.001669 0.081269 -0.007332
v -0.001506 0.081259 0.005162
v 0.001669 0.081260 0.005132
v -0.001506 0.084265 0.005792
v 0.001669 0.084955 0.006173
v -0.001506 0.086797 0.008328
v 0.001669 0.086758 0.008353
v -0.001506 -0.073361 0.008334
v 0.001669 -0.073454 0.008273
v -0.001506 -0.071540 0.006300
v -0.001506 -0.067841 0.005032
v 0.001669 -0.070506 0.005703
v 0.001669 -0.067835 0.005143
v 0.001669 -0.067835 -0.007476
v -0.001506 -0.067833 -0.007522
v -0.001506 -0.070621 -0.007993
v 0.001669 -0.070895 -0.008217
v 0.001669 -0.073394 -0.010657
v -0.001506 -0.073371 -0.010672
v -0.001506 -0.123009 0.069029
v 0.001669 -0.122984 0.069045
v 0.001669 -0.125583 0.071627
v -0.001506 -0.124663 0.070980
v 0.001669 -0.129107 0.072208
v -0.001506 -0.128437 0.072330
v -0.001506 -0.132539 0.070900
v 0.001669 -0.132184 0.071153
v -0.001506 -0.134021 0.069020
v 0.001669 -0.134035 0.069029
v -0.001506 -0.084299 -0.004363
v 0.001669 -0.084315 -0.004355
v -0.001506 -0.083373 -0.001256
v 0.001669 -0.083346 -0.001348
v -0.001506 -0.084289 0.002024
v 0.001669 -0.084299 0.002019
v 0.001669 -0.138201 -0.091463
v -0.001506 -0.138202 -0.091443
v 0.001669 -0.134959 -0.090452
v -0.001506 -0.134412 -0.090159
v 0.001669 -0.132605 -0.088211
v -0.001506 -0.132696 -0.088152
v 0.001669 -0.227903 0.084895
v -0.001506 -0.227914 0.085085
v 0.001669 -0.229948 0.084651
v -0.001506 -0.232172 0.083365
v 0.001669 -0.233562 0.081825
v -0.001506 -0.233403 0.081720
v -0.001506 -0.144849 0.075284
v 0.001669 -0.144978 0.075348
v 0.001669 -0.144124 0.078111
v -0.001506 -0.144230 0.080008
v 0.001669 -0.145057 0.082102
v -0.001506 -0.147146 0.084209
v 0.001669 -0.148250 0.084532
v -0.001506 -0.150519 0.084895
v 0.001669 -0.150518 0.084912
v -0.001506 -0.251719 0.075362
v 0.001669 -0.251692 0.075349
v 0.001669 -0.250738 0.079421
v -0.001506 -0.250806 0.078024
v -0.001506 -0.252241 0.082851
v 0.001669 -0.253737 0.084074
v -0.001506 -0.257225 0.085040
v 0.001669 -0.257232 0.084912
v -0.001506 0.413355 -0.006489
v 0.001669 0.415697 -0.006026
v -0.001506 0.416802 -0.006139
v 0.001669 0.418699 -0.006871
v -0.001506 0.418677 -0.006914
v 0.001669 0.412150 -0.007135
v -0.001506 0.410258 -0.009215
v 0.001669 0.410372 -0.009284
v 0.001669 0.418656 -0.006955
v -0.001506 0.418644 -0.006979
v -0.001506 0.421191 -0.007723
v 0.001669 0.421589 -0.007798
v 0.001669 0.425301 -0.006651
v -0.001506 0.424609 -0.007141
v -0.001506 0.427138 -0.004298
v 0.001669 0.427112 -0.004284
v 0.001669 -0.393914 0.025905
v -0.001506 -0.400451 0.029407
v 0.001669 -0.400532 0.029225
v -0.001506 -0.389346 0.022638
v 0.001669 -0.384251 0.017895
v -0.001506 -0.381894 0.014866
v -0.001506 -0.376916 0.006345
v 0.001669 -0.376949 0.006570
v -0.001506 -0.374324 -0.001295
v 0.001669 -0.374353 -0.001303
v -0.001506 -0.372399 0.025699
v 0.001669 -0.376312 0.030002
v 0.001669 -0.389723 0.038494
v 0.001669 -0.369043 0.021167
v -0.001506 -0.367241 0.018072
v 0.001669 -0.363271 0.008041
v -0.001506 -0.363473 0.007985
v -0.001506 -0.378540 0.031909
v 0.001669 -0.384278 0.035831
v -0.001506 -0.389642 0.038676
v 0.001669 -0.450095 0.063860
v -0.001506 -0.444753 0.061235
v 0.001669 -0.444746 0.061251
v -0.001506 -0.452339 0.065184
v 0.001669 -0.457403 0.069101
v -0.001506 -0.462649 0.074414
v 0.001669 -0.462464 0.074570
v -0.001506 -0.470806 0.063504
v 0.001669 -0.473015 0.066323
v -0.001506 -0.481333 0.092370
v 0.001669 -0.481351 0.092369
v 0.001669 -0.464908 0.057681
v -0.001506 -0.462378 0.055807
v 0.001669 -0.453935 0.051172
v -0.001506 -0.453895 0.051262
v -0.001506 -0.477978 0.074847
v 0.001669 -0.477644 0.074534
v 0.001669 -0.480577 0.083688
v -0.001506 -0.480955 0.086319
v 0.001669 -0.457499 0.085039
v -0.001506 -0.457498 0.085019
v -0.001506 -0.461927 0.083318
v 0.001669 -0.460962 0.083910
v 0.001669 -0.463506 0.081053
v 0.001669 -0.463676 0.076812
v -0.001506 -0.464042 0.078415
v -0.001506 -0.462489 0.074553
v 0.001669 -0.462465 0.074571
v 0.001669 -0.026929 0.005162
v -0.001506 -0.026929 0.005168
v 0.001669 -0.025864 0.005522
v -0.001506 -0.025674 0.005638
v 0.001669 -0.025299 0.006761
v -0.001506 -0.025342 0.006765
v -0.001506 -0.002978 0.005162
v 0.001669 -0.002978 0.005168
v -0.001506 -0.004043 0.005522
v 0.001669 -0.004233 0.005638
v -0.001506 -0.004608 0.006761
v 0.001669 -0.004565 0.006765
v -0.001506 -0.025985 -0.007740
v -0.001506 -0.026930 -0.007522
v 0.001669 -0.026915 -0.007389
v 0.001669 -0.025171 -0.009089
v -0.001506 -0.025299 -0.009106
v 0.001669 -0.003922 -0.007740
v 0.001669 -0.002977 -0.007522
v -0.001506 -0.002992 -0.007389
v -0.001506 -0.004736 -0.009089
v 0.001669 -0.004608 -0.009106
v 0.001669 -0.349781 -0.036818
v -0.001506 -0.349772 -0.036824
v 0.001669 -0.350983 -0.037659
v -0.001506 -0.351333 -0.037715
v 0.001669 -0.352909 -0.036453
v -0.001506 -0.352791 -0.036405
v 0.001669 -0.325767 0.005053
v -0.001506 -0.324317 0.005890
v -0.001506 -0.325713 0.005014
v 0.001669 -0.324309 0.005824
v -0.001506 -0.305212 0.005288
v 0.001669 -0.305514 0.005537
v -0.001506 -0.306489 0.005801
v 0.001669 -0.306490 0.005785
v 0.001669 -0.304859 0.004202
v -0.001506 -0.304902 0.004198
v 0.001669 -0.304949 -0.010801
v -0.001506 -0.304902 -0.010797
v -0.001506 -0.304635 -0.011807
v 0.001669 -0.303983 -0.012386
v -0.001506 -0.302839 -0.012424
v 0.001669 -0.301839 -0.011664
v -0.001506 -0.301940 -0.011590
v -0.001506 -0.301282 -0.034451
v 0.001669 -0.299798 -0.033595
v 0.001669 -0.301299 -0.034309
v -0.001506 -0.299913 -0.033509
v -0.001506 -0.303319 -0.091361
v 0.001669 -0.303315 -0.091318
v 0.001669 -0.304289 -0.091070
v -0.001506 -0.304558 -0.090796
v 0.001669 -0.304946 -0.089734
v -0.001506 -0.304918 -0.089731
v -0.001506 -0.305212 -0.045587
v 0.001669 -0.305120 -0.045733
v -0.001506 -0.306489 -0.045074
v 0.001669 -0.306486 -0.045046
v 0.001669 -0.304902 -0.046677
v -0.001506 -0.304902 -0.046677
v 0.001669 0.437365 0.084977
v -0.001506 0.437335 0.085151
v -0.001506 0.435717 0.083314
v 0.001669 0.435551 0.083340
v 0.001669 0.435296 0.065710
v -0.001506 0.435568 0.065988
v 0.001669 0.434199 0.065329
v -0.001506 0.434202 0.065301
v 0.001669 0.435818 0.066929
v -0.001506 0.435785 0.066932
v 0.001669 0.413619 0.065836
v -0.001506 0.413503 0.065958
v 0.001669 0.413240 0.066931
v -0.001506 0.413255 0.066932
v -0.001506 0.414839 0.065301
v 0.001669 0.414840 0.065312
v -0.001506 0.411676 0.084977
v 0.001669 0.411706 0.085150
v 0.001669 0.413324 0.083313
v -0.001506 0.413489 0.083339
v -0.001506 0.280591 0.005293
v 0.001669 0.280475 0.005171
v -0.001506 0.280213 0.004199
v 0.001669 0.280228 0.004198
v 0.001669 0.281812 0.005829
v -0.001506 0.281813 0.005818
v 0.001669 0.280724 -0.033984
v -0.001506 0.280871 -0.034077
v 0.001669 0.280213 -0.032708
v -0.001506 0.280185 -0.032711
v -0.001506 0.281816 -0.034295
v 0.001669 0.281816 -0.034295
v 0.001669 0.280538 -0.045587
v -0.001506 0.280446 -0.045733
v 0.001669 0.281815 -0.045074
v -0.001506 0.281812 -0.045046
v -0.001506 0.280228 -0.046677
v 0.001669 0.280228 -0.046677
v 0.001669 0.280244 -0.089731
v 0.001669 0.279884 -0.090796
v -0.001506 0.280311 -0.089738
v -0.001506 0.278674 -0.091552
v 0.001669 0.278645 -0.091361
v 0.001669 0.119495 0.066599
v -0.001506 0.119502 0.066533
v 0.001669 0.120953 0.067371
v -0.001506 0.120900 0.067409
v -0.001506 -0.025095 -0.034773
v 0.001669 -0.025576 -0.033832
v -0.001506 -0.025342 -0.033799
v -0.001506 -0.023759 -0.035430
v 0.001669 -0.023763 -0.035469
v -0.001506 -0.004782 -0.034743
v 0.001669 -0.006120 -0.035620
v -0.001506 -0.006148 -0.035430
v 0.001669 -0.004482 -0.033807
v -0.001506 -0.004565 -0.033799
v -0.001506 -0.025125 0.024295
v 0.001669 -0.023788 0.025172
v -0.001506 -0.023759 0.024982
v 0.001669 -0.025425 0.023359
v -0.001506 -0.025342 0.023351
v -0.001506 -0.004813 0.024325
v 0.001669 -0.004331 0.023383
v -0.001506 -0.004565 0.023351
v -0.001506 -0.006148 0.024982
v 0.001669 -0.006144 0.025021
v 0.001669 -0.150976 0.066624
v -0.001506 -0.150960 0.066482
v 0.001669 -0.149476 0.067338
v -0.001506 -0.149590 0.067424
v 0.001669 -0.370571 0.066899
v -0.001506 -0.370090 0.065959
v -0.001506 -0.370337 0.066932
v -0.001506 -0.368753 0.065301
v 0.001669 -0.368757 0.065261
v -0.001506 -0.371916 0.084978
v 0.001669 -0.371903 0.085066
v 0.001669 -0.370203 0.083321
v -0.001506 -0.370102 0.083339
v -0.001506 -0.360973 -0.056136
v 0.001669 -0.384034 -0.096080
v -0.001506 -0.384034 -0.096080
v 0.001669 -0.360973 -0.056136
v 0.001669 -0.314549 0.022982
v 0.001669 -0.314549 0.083307
v -0.001506 -0.314549 0.083307
v -0.001506 -0.314549 0.022982
v -0.001506 -0.344711 0.021395
v 0.001669 -0.316136 0.021395
v -0.001506 -0.316136 0.021395
v 0.001669 -0.344711 0.021395
v -0.001506 -0.346299 0.022982
v 0.001669 -0.346299 0.063757
v 0.001669 -0.346299 0.022982
v -0.001506 -0.346299 0.063757
v -0.001506 -0.314592 0.083311
v 0.001669 -0.314549 0.083307
v 0.001669 -0.314302 0.084280
v -0.001506 -0.314025 0.084552
v 0.001669 -0.312965 0.084938
v -0.001506 -0.312962 0.084910
v 0.001669 -0.315039 0.021760
v -0.001506 -0.314765 0.022040
v 0.001669 -0.316135 0.021379
v -0.001506 -0.316132 0.021351
v 0.001669 -0.314516 0.022979
v -0.001506 -0.314549 0.022982
v 0.001669 -0.345937 0.021887
v -0.001506 -0.346052 0.022009
v 0.001669 -0.346314 0.022981
v -0.001506 -0.346299 0.022982
v -0.001506 -0.344715 0.021351
v 0.001669 -0.344714 0.021362
v 0.001669 -0.346064 0.063789
v -0.001506 -0.346106 0.063781
v -0.001506 -0.347874 0.065460
v 0.001669 -0.347878 0.065428
v 0.001669 0.307751 0.021395
v -0.001506 0.307751 0.021395
v -0.001506 0.299071 0.021395
v 0.001669 0.299071 0.021395
v -0.001506 0.277589 0.083307
v 0.001669 0.277589 0.059766
v -0.001506 0.277589 0.059766
v 0.001669 0.277589 0.083307
v -0.001506 0.309339 0.022982
v 0.001669 0.309339 0.022982
v 0.001669 0.309339 0.083307
v -0.001506 0.309339 0.083307
v 0.001669 0.277589 0.022982
v -0.001506 0.277589 0.022982
v -0.001506 0.277589 0.028016
v 0.001669 0.277589 0.028016
v -0.001506 0.279176 0.021395
v 0.001669 0.280741 0.021395
v -0.001506 0.280741 0.021395
v 0.001669 0.279176 0.021395
v -0.001506 0.274526 0.058898
v 0.001669 0.274411 0.058798
v -0.001506 0.276812 0.058209
v 0.001669 0.277089 0.058465
v -0.001506 0.277606 0.059764
v 0.001669 0.277600 0.059765
v -0.001506 0.276946 0.084677
v -0.001506 0.276001 0.084895
v 0.001669 0.276016 0.085028
v 0.001669 0.277760 0.083328
v -0.001506 0.277632 0.083311
v 0.001669 0.310918 0.084977
v -0.001506 0.310888 0.085150
v -0.001506 0.309270 0.083313
v 0.001669 0.309104 0.083339
v 0.001669 0.309029 0.021892
v -0.001506 0.309121 0.022038
v 0.001669 0.307752 0.021379
v -0.001506 0.307755 0.021351
v -0.001506 0.309339 0.022982
v 0.001669 0.309339 0.022982
v -0.001506 0.277386 0.028815
v 0.001669 0.277404 0.028823
v -0.001506 0.277612 0.028018
v 0.001669 0.277595 0.028016
v 0.001669 0.282127 0.020609
v -0.001506 0.282243 0.020695
v 0.001669 0.280759 0.021551
v -0.001506 0.280742 0.021409
v 0.001669 0.277953 0.021885
v -0.001506 0.278234 0.021611
v 0.001669 0.277573 0.022981
v -0.001506 0.277545 0.022978
v 0.001669 0.279173 0.021362
v -0.001506 0.279176 0.021395
vn -0.0093 -0.9459 -0.3243
vn 0.0385 -0.9613 -0.2726
vn 0.0414 -0.9621 -0.2694
vn -1.0000 -0.0000 -0.0000
vn -0.1368 0.3947 -0.9086
vn -0.0738 -0.9667 -0.2452
vn 0.0255 0.8753 0.4828
vn 0.0105 0.8700 0.4929
vn 0.0496 0.8832 0.4663
vn -0.0007 -0.9212 0.3892
vn -0.0089 -0.9168 0.3991
vn 0.0240 -0.9330 0.3591
vn -0.0414 -0.2919 -0.9556
vn 0.0543 -0.1689 -0.9841
vn 0.0046 -0.4003 -0.9164
vn 0.1316 -0.1698 -0.9766
vn 0.0297 -0.3043 -0.9521
vn 0.0181 -0.3191 -0.9476
vn -0.0952 -0.4557 -0.8850
vn 0.0063 -0.6937 0.7202
vn -0.0142 -0.6677 0.7443
vn 0.0344 -0.7275 0.6853
vn 0.0031 -0.4447 0.8957
vn -0.0101 -0.6352 0.7723
vn 0.0006 -0.6403 0.7681
vn -0.1240 0.5950 -0.7941
vn 0.1728 0.8896 -0.4227
vn -0.1570 0.9557 0.2492
vn 0.0062 -0.9412 0.3377
vn 0.0257 -0.9497 0.3122
vn -0.1248 -0.8574 0.4992
vn 0.0714 -0.8835 0.4630
vn -0.0248 -0.9824 0.1850
vn 0.0476 -0.9966 0.0672
vn -0.0016 -0.5280 0.8492
vn 0.0276 -0.4866 0.8732
vn 0.0855 -0.3998 0.9126
vn 0.0460 0.4956 0.8674
vn 0.0174 0.4508 0.8925
vn -0.0697 0.3056 0.9496
vn 0.1210 0.6059 0.7863
vn -0.1271 -0.6660 0.7350
vn -0.0032 0.0736 -0.9973
vn 0.0154 0.0436 -0.9989
vn -0.0148 0.0922 -0.9956
vn -0.0324 0.1204 -0.9922
vn 0.0497 0.8246 -0.5635
vn 0.0090 0.8561 -0.5167
vn 0.0216 0.8468 -0.5315
vn -0.0217 0.8771 -0.4799
vn 0.0117 0.9140 0.4055
vn -0.0215 0.9315 0.3631
vn 0.0011 0.9199 0.3921
vn 0.0333 0.9010 0.4325
vn -0.0237 0.1477 0.9887
vn -0.0106 0.1620 0.9867
vn -0.0252 0.1460 0.9890
vn -0.0143 -0.7046 0.7094
vn -0.0260 -0.6925 0.7210
vn 0.0089 -0.7279 0.6856
vn -0.0374 0.1327 0.9905
vn -0.0213 -0.3094 -0.9507
vn 0.0376 -0.3756 -0.9260
vn 0.0300 -0.3671 -0.9297
vn 0.0825 -0.4241 -0.9019
vn -0.0647 -0.6116 0.7885
vn -0.0292 0.7152 -0.6984
vn -0.0022 0.7345 -0.6786
vn -0.0008 0.7355 -0.6776
vn 0.0263 0.7537 -0.6567
vn 0.0473 0.0296 0.9984
vn 0.1469 -0.1305 0.9805
vn 0.0762 -0.0164 0.9970
vn 0.0133 0.5658 0.8245
vn -0.0241 0.6980 0.7157
vn -0.0134 0.4311 0.9022
vn -0.0491 0.1808 0.9823
vn -0.0045 0.8930 0.4501
vn 0.0117 0.9007 0.4344
vn 0.0095 0.8996 0.4365
vn 0.0253 0.9067 0.4210
vn 0.0079 0.2612 -0.9653
vn -0.0000 0.2717 -0.9624
vn 0.0028 0.2680 -0.9634
vn 0.0744 0.9745 -0.2116
vn 0.0589 0.9710 -0.2315
vn 0.1133 0.9805 -0.1605
vn -0.1178 0.6031 -0.7889
vn 0.0133 -0.3765 0.9263
vn -0.1221 -0.1943 0.9733
vn 0.0033 -0.3637 0.9315
vn 0.0241 0.2708 0.9623
vn -0.0345 0.2050 0.9782
vn 0.0128 -0.9837 0.1792
vn 0.0052 -0.9868 0.1620
vn 0.0019 -0.9880 0.1545
vn 0.1247 -0.3751 -0.9186
vn 0.0209 -0.2320 -0.9725
vn 0.0391 -0.2577 -0.9654
vn -0.0143 0.7882 0.6153
vn -0.0209 0.7932 0.6086
vn 0.0185 0.7620 0.6473
vn -0.0435 0.8118 0.5823
vn -0.0287 0.8051 0.5925
vn 0.0053 0.7884 0.6152
vn 0.1296 0.6503 0.7485
vn -0.1401 0.2458 0.9591
vn -0.0162 -0.1695 -0.9854
vn 0.0143 -0.1406 -0.9900
vn 0.0139 -0.3957 -0.9183
vn -0.0241 -0.9679 0.2504
vn 0.0917 -0.9895 0.1120
vn -0.0291 -0.9662 0.2561
vn 0.0616 0.9981 -0.0003
vn -0.0051 0.9963 -0.0855
vn -0.0196 0.9944 -0.1038
vn 0.0791 -0.4329 -0.8980
vn 0.0188 -0.5290 -0.8484
vn -0.0143 -0.5783 -0.8157
vn 0.0099 -0.6362 0.7715
vn 0.0337 -0.6136 0.7889
vn 0.0296 -0.6176 0.7859
vn 0.0056 0.4502 -0.8929
vn -0.0107 0.4279 -0.9037
vn 0.0519 0.5115 -0.8577
vn -0.0567 0.3628 -0.9301
vn -0.0808 0.9802 -0.1809
vn 0.0006 -0.6149 -0.7886
vn -0.0519 -0.6868 -0.7249
vn -0.0208 -0.6452 -0.7637
vn -0.0212 -0.5613 0.8273
vn -0.1254 -0.3165 0.9403
vn -0.0889 -0.4083 0.9085
vn 0.0510 -0.5967 0.8009
vn -0.0301 0.4556 0.8897
vn -0.0335 0.4523 0.8912
vn -0.0678 0.4181 0.9059
vn 0.0082 0.4923 0.8704
vn 0.0444 -0.3187 -0.9468
vn 0.0146 -0.3692 -0.9292
vn 0.1444 -0.1385 -0.9798
vn -0.0986 -0.5473 -0.8311
vn 0.0069 -0.7274 -0.6862
vn 0.0005 -0.7215 -0.6924
vn -0.0170 -0.7049 -0.7091
vn -0.0208 -0.6843 -0.7289
vn -0.1068 -0.7726 -0.6259
vn -0.0437 -0.7095 -0.7034
vn -0.0197 -0.9910 0.1323
vn -0.0044 -0.9908 0.1349
vn 0.0912 -0.9828 0.1606
vn -0.1249 0.4047 -0.9059
vn 0.0621 0.9536 -0.2946
vn 0.0675 0.9548 -0.2894
vn 0.0305 0.9453 -0.3247
vn 0.1068 0.9621 -0.2508
vn -0.0570 0.6480 0.7595
vn -0.0522 0.6444 0.7629
vn -0.0854 0.6688 0.7385
vn -0.0322 -0.4123 0.9105
vn 0.0137 -0.3306 0.9437
vn 0.1079 -0.1520 0.9825
vn -0.1151 -0.5505 0.8268
vn -0.0809 -0.7825 0.6174
vn 0.0173 -0.6502 0.7596
vn -0.0200 -0.7043 0.7097
vn -0.0288 0.6263 0.7790
vn 0.0525 -0.5956 -0.8016
vn 0.0406 -0.8942 0.4457
vn 0.0042 -0.9108 0.4128
vn 0.0027 -0.9115 0.4114
vn 0.1471 -0.9785 0.1446
vn 0.0117 0.2796 -0.9601
vn 0.0756 0.3646 -0.9281
vn 0.0249 0.2974 -0.9544
vn -0.0428 0.2044 -0.9779
vn 0.0324 0.9958 -0.0857
vn 0.0501 0.9970 -0.0598
vn -0.1136 0.9488 -0.2947
vn 0.1749 0.9764 0.1270
vn 0.0649 -0.0780 0.9948
vn 0.1044 -0.0315 0.9940
vn 0.0986 -0.0384 0.9944
vn 0.1276 -0.0039 0.9918
vn -0.1256 0.7078 0.6952
vn -0.0258 -0.7031 -0.7106
vn -0.0446 -0.7218 -0.6907
vn 0.0396 -0.6325 -0.7736
vn -0.0166 0.2180 -0.9758
vn 0.0015 0.1965 -0.9805
vn -0.0038 0.2027 -0.9792
vn 0.0143 0.1812 -0.9833
vn -0.0433 0.9349 -0.3523
vn 0.0349 0.9629 -0.2675
vn 0.0375 0.9636 -0.2646
vn 0.1086 0.9770 -0.1835
vn 0.0370 0.3880 0.9209
vn -0.0562 0.4718 0.8799
vn -0.0510 0.4673 0.8826
vn -0.0055 -0.8659 0.5003
vn 0.0487 -0.8313 0.5537
vn -0.0027 -0.8656 0.5007
vn 0.0503 -0.5653 0.8233
vn -0.0854 -0.7183 0.6905
vn -0.0581 -0.6906 0.7209
vn -0.1330 0.5353 0.8341
vn 0.0340 -0.5653 -0.8242
vn -0.1009 -0.7731 -0.6262
vn -0.0221 0.1856 -0.9824
vn -0.0057 0.2099 -0.9777
vn -0.0496 0.1443 -0.9883
vn 0.0249 0.2547 -0.9667
vn -0.0052 0.9233 -0.3841
vn 0.0004 0.9207 -0.3903
vn 0.0190 0.9115 -0.4109
vn -0.0238 0.9314 -0.3632
vn 0.0022 -0.4016 0.9158
vn 0.0144 -0.4167 0.9089
vn -0.1047 -0.2631 0.9591
vn 0.1162 -0.5351 0.8368
vn 0.0416 0.7449 0.6659
vn 0.1023 0.6936 0.7131
vn 0.0459 0.7415 0.6694
vn -0.0228 0.7921 0.6100
vn -0.1244 -0.6925 -0.7106
vn -0.0261 -0.8276 -0.5607
vn -0.0793 -0.7599 -0.6451
vn 0.0173 -0.3871 -0.9219
vn 0.0421 -0.3393 -0.9397
vn -0.0030 -0.4253 -0.9050
vn -0.0328 -0.5591 -0.8284
vn 0.0256 -0.3766 -0.9260
vn 0.0486 -0.6554 -0.7537
vn 0.0075 0.3804 0.9248
vn 0.0019 0.3768 0.9263
vn 0.0165 0.3862 0.9223
vn -0.0061 -0.2589 -0.9659
vn -0.0363 -0.3271 -0.9443
vn 0.0124 -0.2164 -0.9762
vn -0.0521 -0.3622 -0.9306
vn 0.0148 0.9804 -0.1965
vn -0.0029 0.9862 -0.1658
vn 0.0065 0.9833 -0.1821
vn -0.0113 0.9885 -0.1511
vn 0.0480 -0.9964 -0.0702
vn -0.0412 -0.9300 -0.3651
vn 0.0193 -0.9857 -0.1675
vn 0.0620 -0.1198 0.9909
vn 0.0407 -0.0741 0.9964
vn 0.0074 -0.0026 1.0000
vn -0.0170 0.0498 0.9986
vn 0.0193 -0.4024 -0.9152
vn 0.0327 -0.3810 -0.9240
vn 0.0089 -0.4190 -0.9080
vn 0.0441 -0.3624 -0.9310
vn 0.0173 0.9089 -0.4166
vn -0.0661 0.9746 -0.2139
vn -0.0158 0.9408 -0.3385
vn -0.0906 0.9845 -0.1505
vn 0.1195 -0.6909 0.7130
vn -0.0880 0.0496 0.9949
vn 0.0759 0.7171 0.6929
vn 0.0793 -0.2157 -0.9732
vn 0.0236 -0.9997 -0.0006
vn -0.0277 -0.9864 0.1621
vn 0.0453 -0.9965 -0.0702
vn -0.1129 0.4933 -0.8625
vn 0.1355 0.9715 -0.1947
vn -0.1300 0.7680 0.6272
vn -0.0571 -0.5957 0.8012
vn 0.1113 -0.1193 0.9866
vn 0.1312 -0.4154 -0.9001
vn 0.0708 0.9068 -0.4156
vn -0.0262 0.7616 0.6475
vn -0.0167 0.7744 0.6324
vn -0.0451 0.7353 0.6763
vn 0.0651 -0.6286 0.7750
vn 0.0876 -0.5944 0.7994
vn 0.0356 -0.6709 0.7407
vn 0.0174 -0.6958 0.7181
vn -0.0568 0.7181 0.6937
vn 0.0672 -0.5269 -0.8473
vn 0.0066 -0.6006 -0.7995
vn -0.0115 -0.6212 -0.7835
vn -0.0726 -0.6864 -0.7236
vn 0.0423 0.3641 -0.9304
vn -0.0537 0.1812 -0.9820
vn 0.0091 0.3024 -0.9531
vn 0.0952 0.4593 -0.8832
vn -0.1332 0.8849 -0.4464
vn 0.1658 0.9806 0.1043
vn 0.1011 0.3185 0.9425
vn -0.0196 0.5094 0.8603
vn -0.0510 0.5546 0.8305
vn -0.0023 -0.4902 0.8716
vn -0.0311 -0.4415 0.8967
vn 0.0447 -0.5654 0.8236
vn -0.0734 -0.3666 0.9275
vn -0.1551 0.6903 0.7067
vn -0.0069 -0.2639 -0.9645
vn 0.0207 -0.2102 -0.9774
vn -0.0534 -0.3524 -0.9343
vn 0.0653 -0.1213 -0.9905
vn 0.0088 -0.8869 -0.4618
vn -0.0270 -0.8551 -0.5178
vn -0.1147 -0.7567 -0.6436
vn 0.0329 0.3113 0.9497
vn -0.0158 0.1634 0.9864
vn 0.0268 -0.0129 0.9996
vn -0.0028 0.6986 -0.7155
vn 0.0283 0.7324 -0.6803
vn -0.1216 0.5472 -0.8281
vn 0.1430 0.8366 -0.5288
vn -0.0356 0.9320 0.3606
vn -0.1119 0.9619 0.2494
vn -0.0561 0.9418 0.3316
vn 0.0330 0.8904 0.4540
vn -0.0031 0.1465 0.9892
vn -0.0124 0.1370 0.9905
vn -0.0020 0.1477 0.9890
vn 0.0073 0.1572 0.9875
vn -0.0183 -0.2099 -0.9775
vn 0.0060 -0.1742 -0.9847
vn -0.0867 -0.3086 -0.9472
vn 0.0748 -0.0713 -0.9947
vn 0.0445 0.7450 -0.6656
vn 0.0100 0.7028 -0.7113
vn -0.0112 0.6752 -0.7376
vn -0.0455 0.6276 -0.7772
vn -0.0634 0.9971 -0.0425
vn -0.0000 0.9968 0.0801
vn 0.0362 0.9881 0.1495
vn 0.1149 0.2516 0.9610
vn 0.0348 0.4153 0.9090
vn -0.0079 0.4954 0.8687
vn -0.1465 -0.3805 0.9131
vn -0.0945 0.6433 0.7598
vn 0.0916 0.9627 0.2547
vn -0.0178 -0.8429 -0.5378
vn -0.0474 -0.8146 -0.5781
vn -0.0994 -0.7579 -0.6447
vn -0.0303 -0.7228 -0.6903
vn 0.0280 -0.6615 -0.7494
vn -0.0158 -0.7084 -0.7057
vn 0.0421 -0.9010 0.4318
vn -0.0278 -0.9630 0.2680
vn 0.0813 -0.9963 0.0287
vn -0.0135 0.2014 -0.9794
vn 0.0089 0.2323 -0.9726
vn -0.0063 0.2113 -0.9774
vn -0.0279 0.1813 -0.9830
vn -0.0330 0.9133 -0.4059
vn -0.0232 0.9079 -0.4186
vn 0.0043 0.8914 -0.4532
vn -0.0570 0.9255 -0.3744
vn -0.0381 0.7811 0.6232
vn -0.0054 0.8162 0.5778
vn 0.0767 0.8884 0.4525
vn 0.0888 0.2312 0.9689
vn -0.0568 -0.6598 0.7493
vn 0.0157 -0.5238 0.8517
vn -0.0893 -0.2651 0.9601
vn -0.1078 0.6942 0.7117
vn 0.0541 0.9839 0.1701
vn 0.1404 0.9901 0.0002
vn 0.0139 0.9692 0.2459
vn -0.0694 -0.7599 -0.6464
vn 0.0386 -0.8861 0.4619
vn 0.0260 -0.8786 0.4768
vn 0.0953 -0.9150 0.3920
vn 0.0141 0.1306 -0.9913
vn 0.0162 0.1332 -0.9910
vn -0.0899 0.0031 -0.9959
vn 0.1147 0.2509 -0.9612
vn -0.1055 0.8830 -0.4574
vn 0.0496 0.2610 0.9641
vn 0.0786 0.2974 0.9515
vn 0.0402 0.2490 0.9677
vn -0.0341 -0.6707 0.7410
vn 0.0137 -0.7169 0.6971
vn 0.0265 -0.7285 0.6845
vn 0.0049 0.2038 0.9790
vn -0.0936 0.8939 0.4383
vn 0.0222 -0.3774 -0.9258
vn 0.0086 -0.3942 -0.9190
vn 0.0865 -0.2947 -0.9517
vn -0.0611 -0.4775 -0.8765
vn -0.0072 0.6481 -0.7615
vn 0.0040 0.6589 -0.7522
vn -0.0994 0.5504 -0.8290
vn 0.0997 0.7429 -0.6620
vn -0.0276 0.9263 0.3759
vn 0.0222 0.9018 0.4316
vn -0.0217 0.9237 0.3826
vn -0.0421 -0.6305 0.7751
vn 0.0702 -0.7657 0.6393
vn 0.0332 0.1270 0.9914
vn 0.0128 0.1572 0.9875
vn 0.0024 0.1725 0.9850
vn -0.0189 0.2038 0.9788
vn -0.0682 0.9420 0.3286
vn 0.1192 -0.1870 -0.9751
vn -0.0005 0.0176 -0.9998
vn 0.0337 -0.0406 -0.9986
vn -0.0961 0.1805 -0.9789
vn 0.0376 0.8687 -0.4939
vn 0.0478 0.8612 -0.5061
vn 0.0706 0.8434 -0.5327
vn 0.0094 0.8881 -0.4595
vn 0.0274 0.8768 0.4801
vn -0.0361 0.9129 0.4067
vn 0.0160 0.8840 0.4672
vn 0.0758 0.8428 0.5329
vn -0.0387 -0.0549 0.9977
vn 0.0135 -0.1215 0.9925
vn -0.0281 -0.0685 0.9973
vn -0.0754 -0.0077 0.9971
vn 0.1198 -0.1165 -0.9859
vn 0.0110 0.0412 -0.9991
vn 0.0359 0.0053 -0.9993
vn -0.0865 0.1806 -0.9797
vn 0.0054 0.8881 -0.4596
vn 0.0333 0.9036 -0.4271
vn 0.0428 0.9085 -0.4158
vn 0.0651 0.9190 -0.3888
vn 0.0316 0.8684 0.4948
vn -0.0516 0.9306 0.3625
vn 0.0045 0.8915 0.4531
vn 0.0830 0.8173 0.5702
vn -0.0118 -0.0005 0.9999
vn 0.1179 -0.1873 0.9752
vn 0.0094 -0.0311 0.9995
vn -0.1199 0.1557 0.9805
vn 0.1038 -0.2335 -0.9668
vn -0.0153 0.0145 -0.9998
vn 0.0274 -0.0746 -0.9968
vn -0.0103 -0.9978 -0.0661
vn 0.0781 -0.9808 -0.1788
vn 0.0015 -0.9967 -0.0812
vn -0.0945 0.1804 -0.9790
vn 0.0394 0.8121 -0.5822
vn 0.1048 0.7425 -0.6616
vn 0.0116 0.8377 -0.5460
vn -0.0652 0.8964 -0.4383
vn 0.0651 0.8762 0.4775
vn 0.0988 0.8531 0.5123
vn 0.0718 0.8719 0.4845
vn -0.0463 -0.9118 0.4080
vn -0.0598 -0.9036 0.4241
vn 0.0038 -0.9379 0.3468
vn 0.0100 -0.9988 -0.0477
vn -0.0007 -0.9995 -0.0325
vn 0.0380 -0.9954 -0.0878
vn 0.1984 -0.3660 0.9092
vn -0.1275 0.1330 0.9829
vn 0.0300 0.8975 0.4400
vn -0.0286 -0.3719 -0.9278
vn -0.0180 -0.3579 -0.9336
vn -0.0530 -0.4034 -0.9135
vn 0.0091 -0.3217 -0.9468
vn 0.0246 -0.8090 0.5873
vn -0.0499 -0.8712 0.4884
vn -0.0272 -0.8540 0.5196
vn -0.0189 0.5237 -0.8517
vn 0.0017 0.5009 -0.8655
vn -0.0250 0.5304 -0.8474
vn -0.0439 0.5507 -0.8336
vn 0.0035 0.9842 0.1768
vn -0.0004 0.9835 0.1811
vn -0.0626 0.9662 0.2502
vn 0.0661 0.9922 0.1056
vn 0.0283 0.3014 0.9531
vn 0.0421 0.3199 0.9465
vn 0.0210 0.2916 0.9563
vn -0.1148 -0.7568 -0.6435
vn 0.0322 -0.5707 0.8205
vn 0.0122 -0.5446 0.8386
vn 0.0667 -0.6141 0.7864
vn -0.0269 -0.4914 0.8705
vn 0.0052 0.2702 0.9628
vn -0.0411 -0.3527 -0.9348
vn 0.0341 -0.4619 -0.8863
vn 0.0121 -0.4308 -0.9024
vn 0.0815 -0.5266 -0.8462
vn 0.0001 0.5027 -0.8645
vn 0.0363 0.4612 -0.8865
vn -0.0080 0.5116 -0.8592
vn -0.0440 0.5507 -0.8336
vn -0.0040 0.9864 0.1646
vn -0.0110 0.9849 0.1730
vn -0.0765 0.9652 0.2502
vn 0.0641 0.9945 0.0823
vn 0.0820 -0.5455 0.8341
vn 0.0003 0.3035 0.9528
vn -0.0199 0.2742 0.9615
vn -0.0831 0.1801 0.9801
vn 0.0664 0.3963 0.9157
vn 0.1214 -0.5232 -0.8435
vn -0.0716 -0.6573 -0.7502
vn 0.0349 -0.9986 -0.0402
vn -0.0644 -0.9803 -0.1869
vn -0.0414 -0.9873 -0.1531
vn -0.0594 0.1111 -0.9920
vn -0.0287 0.1661 -0.9857
vn -0.1183 0.0031 -0.9930
vn 0.0470 0.2982 -0.9533
vn 0.0196 0.9173 -0.3976
vn -0.0021 0.9028 -0.4301
vn -0.0157 0.8928 -0.4501
vn -0.0362 0.8767 -0.4797
vn 0.0046 0.9174 0.3979
vn -0.0203 0.9315 0.3631
vn -0.0044 0.9227 0.3855
vn -0.0466 -0.6703 0.7406
vn 0.0352 0.1495 0.9881
vn 0.0120 0.1814 0.9833
vn 0.0032 0.1935 0.9811
vn -0.0210 0.2262 0.9739
vn 0.0206 0.9074 0.4199
vn -0.0464 -0.9613 -0.2716
vn -0.0289 -0.9105 -0.4125
vn 0.0430 -0.9803 -0.1927
vn -0.0056 0.4385 0.8987
vn 0.0097 0.4458 0.8951
vn 0.0029 0.4933 0.8698
vn -0.0789 0.8182 -0.5695
vn 0.0834 0.7864 -0.6120
vn 0.0761 0.8450 -0.5293
vn 0.1256 0.7669 -0.6293
vn 0.0352 0.8837 -0.4667
vn 0.0932 0.8141 -0.5732
vn 0.0390 -0.7395 -0.6720
vn -0.0495 -0.6311 -0.7742
vn -0.0421 -0.8186 -0.5728
vn -0.0000 -0.0000 1.0000
vn -0.0059 0.9989 -0.0463
vn 0.0938 0.9916 0.0895
vn -0.0067 0.9883 -0.1527
vn 0.0009 0.2924 0.9563
vn -0.0003 0.2914 0.9566
vn 0.0054 0.2959 0.9552
vn -0.0086 -0.9958 -0.0914
vn 0.0363 -0.9993 -0.0020
vn 0.0129 -0.9987 -0.0487
vn -0.0541 0.9671 -0.2486
vn -0.0234 -0.7549 0.6554
vn -0.0141 -0.7628 0.6464
vn -0.1234 -0.6577 0.7431
vn -0.0456 -0.9189 0.3918
vn -0.0182 -0.8974 0.4409
vn -0.0027 -0.8837 0.4680
vn 0.0093 -0.2052 0.9787
vn -0.0243 -0.2390 0.9707
vn -0.0273 -0.2419 0.9699
vn 0.0211 -0.4517 -0.8919
vn 0.1488 -0.2773 -0.9492
vn 0.0350 -0.4338 -0.9003
vn -0.0137 -0.6207 -0.7839
vn 0.0200 -0.7767 -0.6295
vn -0.0051 -0.8007 -0.5990
vn -0.0140 -0.2523 -0.9676
vn 0.0652 -0.4776 -0.8761
vn 0.0173 -0.3437 -0.9389
vn -0.0000 -0.0000 -1.0000
vn 0.0145 0.9219 -0.3872
vn -0.0467 0.9534 -0.2981
vn 0.0224 0.9855 -0.1679
vn -0.0380 -0.0931 0.9949
vn -0.1695 0.0630 0.9835
vn 0.0129 -0.2734 0.9618
vn 0.0846 0.8626 -0.4987
vn 0.0782 0.8668 -0.4925
vn -0.0086 0.9142 -0.4051
vn -0.0037 -0.9875 -0.1579
vn 0.0017 -0.9863 -0.1651
vn -0.1465 -0.9885 0.0362
vn -0.0006 -0.2120 -0.9773
vn 0.0327 -0.2670 -0.9631
vn 0.1035 -0.3807 -0.9189
vn 0.0212 0.6517 0.7582
vn -0.0151 0.7002 0.7138
vn 0.1061 0.5230 0.8457
vn -0.0357 0.2106 0.9769
vn -0.0193 0.2352 0.9718
vn 0.0377 0.3188 0.9471
vn 0.0071 0.7722 -0.6354
vn 0.0146 0.7769 -0.6294
vn -0.0331 0.7454 -0.6658
vn -0.0218 -0.3160 -0.9485
vn 0.0982 -0.0198 -0.9950
vn 0.0109 -0.7737 0.6334
vn -0.0016 -0.7845 0.6201
vn -0.0516 -0.8239 0.5644
vn 0.0626 -0.9757 -0.2101
vn 0.0633 -0.9755 -0.2108
vn 0.0927 -0.9662 -0.2404
vn -0.1714 -0.6530 0.7377
vn -0.0041 0.8909 -0.4541
vn 0.0365 0.8718 -0.4885
vn 0.0404 0.8698 -0.4917
vn -0.1005 0.4258 0.8992
vn 0.0113 0.5986 0.8010
vn -0.0273 0.5424 0.8397
vn 0.0123 -0.3114 -0.9502
vn 0.0033 -0.3219 -0.9468
vn -0.1361 -0.4768 -0.8684
vn 1.0000 -0.0000 -0.0000
vn 0.0412 -0.9861 0.1608
vn 0.0134 -0.9786 0.2052
vn 0.1121 -0.9927 0.0441
vn -0.1410 -0.8452 0.5156
vn -0.0030 0.8322 -0.5544
vn 0.0349 0.8037 -0.5941
vn 0.0271 0.8098 -0.5860
vn -0.0241 -0.8490 0.5278
vn 0.0418 -0.9631 0.2658
vn 0.0277 -0.5557 0.8309
vn 0.0270 0.1254 -0.9917
vn 0.0285 0.1235 -0.9919
vn 0.0333 0.1178 -0.9925
vn 0.0052 0.9541 -0.2993
vn -0.0000 -0.8660 -0.5000
vn 0.0282 -0.7965 -0.6040
vn -0.1012 -0.9219 -0.3739
vn -0.0047 -0.8351 -0.5501
vn -0.0135 0.9342 0.3566
vn 0.0071 0.9448 0.3275
vn 0.0522 0.9635 0.2624
vn 0.0247 0.0812 0.9964
vn 0.0198 0.0869 0.9960
vn -0.1186 0.2461 0.9620
vn -0.0066 0.3704 -0.9288
vn 0.0503 0.2829 -0.9578
vn -0.0597 0.1183 -0.9912
vn -0.0289 -0.7737 -0.6329
vn 0.0141 -0.6984 -0.7156
vn -0.0005 -0.7251 -0.6886
vn 0.0590 0.7265 -0.6847
vn -0.0060 0.5342 -0.8453
vn 0.0053 0.9274 -0.3740
vn 0.0554 0.9747 0.2165
vn 0.1018 0.9551 0.2782
vn 0.0683 0.9699 0.2338
vn -0.0243 -0.9960 -0.0857
vn 0.0387 -0.9155 -0.4005
vn 0.1192 -0.6653 -0.7370
vn 0.0540 0.9945 -0.0902
vn -0.0226 0.9562 -0.2918
vn 0.0955 0.9951 0.0238
vn -0.0456 -0.9189 0.3919
vn -0.0182 -0.8973 0.4410
vn 0.0624 -0.5306 -0.8453
vn -0.0000 -0.8661 0.4999
vn -0.0506 -0.7573 -0.6511
vn -0.0117 -0.5265 -0.8501
vn -0.0030 -0.4253 -0.9051
vn -0.0573 -0.0819 0.9950
vn -0.0568 -0.0814 0.9951
vn -0.0569 -0.0814 0.9951
vn 0.0314 -0.5795 -0.8144
vn 0.0636 -0.5308 -0.8451
vn -0.0554 -0.6974 -0.7146
vn -0.0387 0.9744 -0.2217
vn -0.0219 0.9717 -0.2352
vn -0.0784 0.9788 -0.1892
vn 0.0592 0.0081 0.9982
vn 0.0285 -0.0449 0.9986
vn -0.0081 -0.1076 0.9942
vn 0.1309 0.7666 -0.6286
vn 0.0437 0.6585 -0.7513
vn 0.0608 0.6398 -0.7661
vn 0.1361 0.5501 -0.8240
vn 0.0774 0.9373 -0.3398
vn -0.0710 0.9210 -0.3831
vn 0.0852 0.8959 -0.4360
vn -0.0398 0.8755 -0.4815
vn -0.0284 0.8688 -0.4943
vn -0.0317 0.8708 -0.4907
vn 0.0755 -0.6661 0.7420
vn -0.0575 -0.4486 0.8919
vn 0.0154 -0.5739 0.8187
vn 0.0554 0.9747 0.2166
vn 0.1019 0.9551 0.2783
vn -0.0055 0.9949 0.1011
vn -0.0078 0.9944 0.1058
vn -0.0063 0.9947 0.1028
vn 0.0713 0.6430 -0.7625
vn -0.1435 0.6687 -0.7295
vn 0.0987 0.6382 -0.7635
vn -0.0298 -0.5895 -0.8073
vn 0.0077 -0.5461 -0.8377
vn -0.0192 -0.5774 -0.8162
vn -0.1431 -0.8947 0.4230
vn -0.0365 -0.9762 0.2136
vn -0.1429 -0.9305 0.3372
vn -0.0388 -0.9756 0.2163
vn -0.0798 -0.4841 0.8713
vn 0.0146 -0.3121 0.9499
vn -0.0187 -0.3746 0.9270
vn 0.0418 -0.2246 -0.9736
vn -0.1431 -0.8947 0.4231
vn -0.0244 -0.8600 -0.5097
vn 0.1016 -0.9866 -0.1276
vn -0.0218 -0.9312 -0.3639
vn 0.0106 -0.9525 -0.3042
vn 0.0639 0.5253 0.8485
vn -0.0531 0.3909 0.9189
vn -0.0429 0.4033 0.9141
vn -0.0000 1.0000 -0.0000
vn -0.1257 0.1130 -0.9856
vn -0.0000 0.8660 -0.5000
vn -0.0328 -0.3113 -0.9497
vn -0.0560 -0.3301 -0.9423
vn -0.1061 -0.3699 -0.9230
vn 0.0083 0.4648 0.8854
vn 0.0626 0.4385 0.8965
vn -0.0613 0.5172 0.8537
vn -0.0080 -0.8805 -0.4740
vn -0.0717 -0.9157 -0.3955
vn -0.0199 -0.8879 -0.4597
vn -0.0000 -0.9714 -0.2373
vn 0.1082 -0.9194 0.3781
vn -0.0342 -0.9902 0.1351
vn 0.0010 -0.9805 0.1968
vn -0.0000 -0.8660 0.5000
vn -0.0864 0.8727 -0.4805
vn 0.0146 -0.8742 0.4853
vn 0.1151 -0.9186 0.3780
vn -0.0147 -0.8574 0.5144
vn 0.0980 -0.9160 0.3890
vn 0.0708 -0.9197 0.3863
vn -0.1600 -0.9251 0.3445
vn -0.0403 -0.3948 0.9179
vn -0.0257 -0.4131 0.9103
vn -0.1288 -0.2779 0.9519
vn 0.0303 0.9767 -0.2127
vn -0.0897 0.9932 -0.0740
vn -0.0075 0.3552 -0.9347
vn -0.0382 0.3353 -0.9413
vn 0.0112 0.3672 -0.9301
vn -0.0040 0.9353 0.3537
vn -0.0278 0.9093 0.4153
vn -0.0378 0.8969 0.4406
vn -0.0028 -0.4079 -0.9130
vn -0.0129 -0.4299 -0.9028
vn 0.0032 -0.3950 -0.9187
vn -0.0075 -0.9522 -0.3055
vn 0.0258 -0.9420 -0.3347
vn 0.0164 -0.9966 -0.0808
vn 0.1447 -0.1485 -0.9783
vn -0.0000 -1.0000 -0.0000
vn -0.0000 0.3827 0.9239
vn 0.0143 0.5730 0.8194
vn -0.0163 0.7156 0.6983
vn -0.0105 0.4755 0.8796
vn -0.0151 0.9399 0.3411
vn -0.0615 0.8810 0.4691
vn -0.0801 0.8513 0.5186
vn -0.1353 -0.3294 0.9344
vn -0.0273 -0.2062 0.9781
vn -0.0273 -0.2063 0.9781
vn -0.0110 0.6915 0.7223
vn 0.0067 0.6148 0.7887
vn -0.0000 0.9714 0.2373
vn -0.1490 -0.9098 0.3874
vn -0.0312 -0.4720 -0.8810
vn -0.0043 -0.4800 -0.8772
vn 0.0366 -0.5499 -0.8345
vn -0.0165 -0.4731 0.8809
vn 0.0427 -0.5663 0.8231
vn 0.0165 -0.5260 0.8503
vn 0.0036 -0.7584 0.6518
vn -0.0163 -0.7791 0.6267
vn -0.0631 -0.8234 0.5639
vn 0.0172 0.9826 0.1852
vn -0.0462 0.9508 0.3064
vn 0.0146 0.9172 0.3981
vn -0.0000 0.8660 0.5000
vn -0.0167 0.7669 -0.6415
vn 0.0116 0.5903 -0.8071
vn 0.0050 0.5407 -0.8412
vn -0.0738 0.9666 0.2456
vn 0.0101 0.4499 0.8930
vn -0.0040 0.1679 0.9858
vn 0.0298 0.3924 0.9193
vn -0.0119 0.3284 0.9445
vn -0.0048 0.3442 0.9389
vn -0.0018 0.3508 0.9364
vn -0.0385 -0.3810 -0.9238
vn 0.0548 -0.2907 -0.9552
vn -0.0214 -0.3640 0.9311
vn 0.0407 -0.2183 0.9750
vn -0.0146 -0.1236 0.9922
vn 0.0068 0.6838 0.7297
vn 0.0408 0.6558 0.7538
vn 0.0091 0.6820 0.7313
vn -0.0346 0.2969 -0.9543
vn -0.0452 0.2830 -0.9581
vn 0.0163 0.3619 -0.9321
vn -0.0009 -0.5939 -0.8045
vn -0.0090 -0.4043 -0.9146
vn 0.0077 -0.3549 -0.9349
vn 0.0758 -0.1924 0.9784
vn 0.0955 0.9951 0.0237
vn -0.1098 -0.8485 -0.5178
vn -0.1031 -0.3280 0.9390
vn -0.0666 -0.2961 0.9528
vn -0.1826 -0.3955 0.9001
vn 0.0105 0.4416 -0.8972
vn -0.0472 0.2704 -0.9616
vn -0.0301 0.6685 -0.7431
vn 0.0240 0.9969 -0.0743
vn 0.0036 0.9956 -0.0936
vn 0.1105 0.9938 0.0079
vn -0.0091 -0.9969 0.0781
vn 0.0042 -0.9983 0.0584
vn -0.0443 -0.9905 0.1301
vn -0.1715 -0.6530 0.7377
vn -0.0091 0.9261 -0.3771
vn 0.0099 0.9358 -0.3525
vn -0.0699 0.8887 -0.4532
vn 0.0392 0.9490 -0.3129
vn 0.0192 0.9387 -0.3442
vn 0.0709 0.9624 -0.2623
vn -0.0264 0.9946 -0.1001
vn -0.0260 0.9947 -0.0997
vn -0.0333 0.9937 -0.1070
vn 0.0026 -0.6153 -0.7883
vn 0.0041 -0.6161 -0.7877
vn 0.0005 -0.6143 -0.7890
vn 0.0465 -0.8425 -0.5366
vn 0.0099 0.9369 0.3493
vn -0.0348 0.9689 0.2451
vn 0.0760 0.8656 0.4950
vn 0.1295 -0.7462 0.6530
vn -0.0000 -0.3827 -0.9239
vn 0.0211 -0.5924 -0.8054
vn -0.0299 -0.7300 -0.6828
vn -0.0109 -0.4514 -0.8922
vn -0.0139 -0.7214 0.6924
vn 0.0339 -0.7594 0.6497
vn 0.0048 -0.5589 0.8292
vn 0.0792 -0.9706 -0.2274
vn -0.0276 -0.9222 0.3856
vn 0.0133 -0.9592 0.2824
vn -0.0001 -0.9485 0.3167
vn 0.0200 -0.9624 0.2708
vn 0.0010 -0.9660 0.2584
vn 0.0059 -0.9993 0.0366
vn -0.0083 0.5629 0.8265
vn 0.0836 0.6618 0.7450
vn -0.0098 -0.9997 0.0242
vn 0.0161 -0.9678 0.2512
vn -0.0281 -0.9551 0.2949
vn 0.0020 -0.9624 0.2716
vn -0.0039 -0.9602 0.2791
vn 0.1294 -0.9866 0.0997
vn -0.0197 0.9148 -0.4035
vn -0.0625 -0.4476 -0.8921
vn -0.0129 -0.4673 -0.8840
vn 0.0488 0.7356 0.6757
vn 0.0436 0.7399 0.6713
vn 0.1548 0.6367 0.7554
vn 0.1303 -0.4209 -0.8977
vn -0.0267 -0.6421 -0.7662
vn 0.0040 -0.9065 -0.4221
vn 0.0195 -0.9115 -0.4109
vn 0.0352 -0.3612 0.9318
vn -0.0137 -0.3243 0.9459
vn 0.0597 -0.3793 0.9233
vn -0.0028 -0.4074 -0.9133
vn -0.0130 -0.4294 -0.9030
vn 0.0032 -0.3944 -0.9189
vn 0.1191 -0.9510 0.2854
vn -0.1099 -0.9680 0.2255
vn -0.0071 -0.6988 0.7153
vn -0.0488 -0.7116 0.7009
vn 0.0027 -0.6974 0.7166
vn 0.0094 -0.7627 -0.6467
vn 0.0205 0.3075 0.9513
vn 0.0982 -0.4070 0.9082
vn 0.0164 -0.4732 -0.8808
vn -0.0429 -0.5667 -0.8228
vn -0.0166 -0.5263 -0.8502
vn 0.1051 0.3232 0.9405
vn 0.0194 0.0046 -0.9998
vn -0.0119 0.3317 0.9433
vn 0.1069 0.1197 0.9870
vn 0.0229 0.2716 0.9621
vn -0.0179 -0.4281 -0.9035
vn 0.0245 -0.1999 0.9795
vn -0.0463 -0.2591 0.9647
vn -0.0241 -0.3844 0.9229
vn -0.0135 0.1160 -0.9932
vn -0.0316 -0.3882 0.9210
vn 0.0085 0.9472 0.3207
vn -0.0166 0.2007 -0.9795
vn -0.0192 0.2035 -0.9789
vn -0.0482 0.2350 -0.9708
vn -0.0207 -0.9470 0.3206
vn 0.0932 -0.7940 0.6007
vn -0.0012 -0.7490 0.6625
vn 0.1019 -0.4850 -0.8686
vn 0.0193 -0.3110 0.9502
vn -0.0021 -0.4826 0.8758
vn 0.0070 0.6195 -0.7850
vn -0.0500 0.6881 -0.7239
vn 0.0597 0.7993 -0.5979
vn 0.0053 -0.9551 0.2961
vn -0.0059 -0.9517 0.3068
vn 0.0054 -0.9552 0.2960
vn -0.1613 -0.7872 0.5953
vn -0.0144 -0.6199 -0.7845
vn 0.0427 -0.6965 -0.7163
vn -0.0597 -0.7993 -0.5979
vn 0.0045 0.6685 0.7437
vn -0.0444 0.6971 0.7156
vn -0.0350 -0.9876 -0.1531
vn 0.0137 -0.9813 -0.1920
vn -0.0596 -0.9893 -0.1333
vn 0.0093 -0.9459 0.3244
vn -0.0386 -0.9613 0.2727
vn -0.0415 -0.9621 0.2695
vn -0.0793 -0.9706 0.2274
vn -0.0244 0.3613 0.9321
vn -0.0203 0.3642 0.9311
vn -0.0404 0.3497 0.9360
vn -0.0339 -0.7129 0.7005
vn 0.0417 -0.7698 0.6369
vn 0.0071 -0.5718 0.8204
vn -0.0193 -0.5312 0.8470
vn 0.0076 -0.4875 0.8731
vn -0.0075 -0.5122 0.8588
vn -0.0195 0.7172 0.6966
vn -0.0762 0.7319 0.6772
vn 0.1263 -0.9871 0.0980
vn 0.0197 -0.9978 -0.0626
vn 0.0391 -0.9987 -0.0336
vn -0.0017 -0.9984 0.0565
vn 0.0510 -0.9733 -0.2236
vn 0.0377 -0.9773 0.2083
vn -0.0105 -0.3506 -0.9365
vn 0.0136 -0.3330 -0.9428
vn 0.0036 -0.5578 -0.8300
vn -0.0352 0.5808 0.8133
vn -0.0069 0.6167 0.7871
vn 0.0359 0.6680 0.7433
vn -0.0735 0.5292 0.8453
vn -0.0126 0.9643 0.2646
vn -0.0033 0.9719 0.2353
vn -0.0000 0.9744 0.2247
vn -0.0564 -0.2707 0.9610
vn 0.1514 0.8141 -0.5606
vn 0.0403 0.7621 0.6462
vn 0.0986 -0.9824 -0.1585
vn -0.0100 -0.8938 -0.4484
vn 0.0393 -0.9458 -0.3223
vn -0.0733 -0.8867 -0.4565
vn 0.0250 -0.9239 -0.3818
vn -0.1841 -0.8261 -0.5325
vn -0.0449 -0.9544 0.2951
vn -0.1151 -0.7867 0.6065
vn 0.1444 -0.9485 -0.2820
vn 0.1138 -0.7685 -0.6297
vn 0.0923 -0.3429 -0.9348
vn 0.0540 -0.3118 -0.9486
vn 0.1611 -0.3969 -0.9036
vn 0.0105 -0.5487 0.8360
vn 0.0276 -0.5171 0.8555
vn 0.0393 -0.4952 0.8679
vn 0.0098 -0.1812 0.9834
vn -0.0092 -0.1631 0.9866
vn -0.0074 -0.3996 0.9167
vn 0.0250 -0.9199 -0.3915
vn -0.0371 -0.9766 -0.2120
vn -0.0012 -0.9915 -0.1304
vn 0.0427 -0.4294 -0.9021
vn 0.0573 -0.9983 -0.0090
vn 0.0554 -0.9984 -0.0069
vn 0.0684 -0.9974 -0.0215
vn 0.0270 -0.7525 -0.6581
vn -0.0400 -0.2327 -0.9717
vn 0.0098 -0.9975 -0.0704
vn -0.0058 -0.9980 -0.0623
vn 0.0775 -0.6666 0.7414
vn -0.0063 -0.7181 -0.6959
vn 0.0467 -0.6697 -0.7412
vn 0.0086 -0.7050 -0.7092
vn -0.0015 0.8428 0.5382
vn 0.0367 0.7722 0.6343
vn 0.0343 0.9313 -0.3627
vn 0.0029 0.9641 -0.2655
vn -0.0104 0.9747 -0.2233
vn 0.0119 -0.3284 0.9445
vn 0.0048 -0.3442 0.9389
vn 0.0018 -0.3508 0.9364
vn 0.1079 0.9677 -0.2279
vn -0.0503 0.9852 -0.1639
vn -0.1097 0.9535 -0.2806
vn 0.1147 -0.7218 -0.6825
vn 0.0296 -0.9880 -0.1516
vn -0.0400 -0.9987 -0.0329
vn 0.0043 -0.9941 -0.1088
vn 0.0623 0.8983 0.4350
vn -0.0048 -0.9433 0.3320
vn 0.0100 -0.9789 0.2041
vn -0.0092 -0.6559 0.7548
vn 0.0126 -0.9643 0.2646
vn 0.0033 -0.9719 0.2353
vn -0.0000 -0.9744 0.2247
vn -0.0041 -0.9491 -0.3151
vn -0.0092 -0.9496 -0.3132
vn -0.0032 -0.9713 -0.2380
vn 0.0043 -0.9640 -0.2659
vn -0.0050 -0.9729 -0.2313
vn -0.0319 -0.9961 0.0825
vn 0.0790 -0.9906 -0.1114
vn 0.0024 -0.9997 0.0227
vn -0.0055 0.6454 -0.7638
vn 0.0136 0.6571 -0.7537
vn -0.0125 0.6410 -0.7674
vn -0.0260 -0.9742 0.2241
vn 0.0008 0.2891 0.9573
vn 0.0326 0.3828 0.9232
vn 0.0436 0.4146 0.9090
vn 0.0297 -0.9017 0.4314
vn 0.0114 -0.9192 0.3937
vn -0.0020 -0.9308 0.3655
vn 0.0107 0.1026 -0.9947
vn 0.0310 0.1185 -0.9925
vn 0.0014 0.0954 -0.9954
vn -0.0016 -0.9627 -0.2706
vn -0.0014 -0.9627 -0.2704
vn -0.0034 -0.9622 -0.2722
vn -0.1029 -0.9731 0.2060
vn -0.0427 -0.4293 0.9022
vn -0.0261 0.7092 0.7045
vn 0.0462 0.3329 -0.9418
vn 0.0349 0.3401 -0.9397
vn 0.0826 0.3089 -0.9475
vn 0.0126 -0.2648 -0.9642
vn 0.0033 -0.2354 -0.9719
vn -0.0000 -0.2248 -0.9744
vn 0.0339 0.9314 -0.3625
vn 0.0028 0.9639 -0.2662
vn -0.0104 0.9745 -0.2243
vn 0.0231 -0.1830 -0.9829
vn 0.0070 -0.5233 -0.8521
vn -0.0256 -0.3475 -0.9373
vn 0.0028 -0.4078 0.9131
vn 0.0130 -0.4297 0.9029
vn -0.0032 -0.3948 0.9188
vn 0.0064 0.7180 -0.6960
vn -0.0468 0.6694 -0.7414
vn -0.0086 0.7048 -0.7093
vn -0.0261 0.9743 -0.2239
vn 0.0445 -0.3940 -0.9180
vn 0.0029 -0.2658 -0.9640
vn 0.0343 -0.3629 -0.9312
vn 0.0276 0.9222 0.3856
vn -0.0133 0.9592 0.2824
vn 0.0001 0.9485 0.3167
vn -0.0019 -0.4539 0.8910
vn -0.0194 -0.2375 0.9712
vn -0.0284 -0.5297 0.8477
vn -0.0584 -0.4143 0.9083
vn -0.0305 0.9327 0.3595
vn -0.0657 0.9348 0.3491
vn 0.0126 0.9643 -0.2645
vn 0.0033 0.9719 -0.2352
vn -0.0000 0.9744 -0.2247
vn 0.1244 0.6925 -0.7106
vn 0.0261 0.8276 -0.5607
vn 0.0793 0.7599 -0.6451
vn -0.0058 -0.6974 -0.7166
vn 0.0234 -0.6702 -0.7418
vn 0.0025 -0.6899 -0.7239
vn 0.0065 -0.3228 0.9465
vn 0.0173 -0.3372 0.9413
vn -0.0258 -0.2790 0.9600
vn 0.0009 0.9574 -0.2889
vn 0.0328 0.9231 -0.3832
vn 0.0439 0.9087 -0.4151
vn 0.0028 -0.8399 -0.5427
vn 0.0441 0.9183 -0.3934
vn 0.0755 0.6659 -0.7422
vn -0.0575 0.4485 -0.8920
vn 0.0155 0.5738 -0.8189
vn 0.0085 0.3198 -0.9475
vn -0.0282 0.4155 -0.9092
vn -0.0041 0.3532 -0.9355
vn -0.0085 -0.6704 -0.7420
vn 0.0029 -0.6812 -0.7321
vn -0.0004 -0.6781 -0.7349
vn 0.0445 0.9181 -0.3937
vn -0.0382 0.4410 -0.8967
vn 0.0063 0.7180 -0.6960
vn -0.0467 0.6696 -0.7413
vn -0.0086 0.7049 -0.7093
vn 0.0075 -0.5120 0.8589
vn -0.0193 -0.4677 0.8837
vn -0.0075 -0.4874 0.8732
vn -0.0418 0.2246 -0.9736
vn -0.0104 -0.2235 -0.9746
vn 0.0363 0.8694 0.4927
vn 0.0756 0.8505 0.5205
vn 0.0264 0.8738 0.4856
vn 0.1312 -0.9524 0.2753
vn 0.0058 -0.7732 -0.6341
vn -0.0128 -0.7587 -0.6513
vn -0.0091 -0.7617 -0.6479
vn 0.0010 -0.2197 0.9756
vn 0.0071 -0.2277 0.9737
vn -0.0180 -0.1952 0.9806
vn -0.0184 0.4296 -0.9028
vn -0.0018 0.3948 -0.9188
vn 0.0085 0.3730 -0.9278
vn -0.0138 0.0054 0.9999
vn -0.0827 -0.2940 0.9522
vn -0.0269 -0.2394 0.9706
vn 0.0826 0.6094 0.7886
vn 0.0394 0.5352 0.8438
vn -0.0117 0.4413 0.8973
vn -0.0548 0.7198 0.6920
vn 0.1111 0.6124 0.7827
vn 0.0578 0.6505 0.7573
vn 0.0184 0.4296 0.9028
vn 0.0018 0.3948 0.9188
vn -0.0085 0.3730 0.9278
vn -0.0134 0.9692 -0.2457
vn -0.0328 0.9967 -0.0746
vn 0.0080 0.9080 -0.4189
vn 0.1176 0.6658 0.7368
vn 0.1264 -0.7364 0.6647
vn -0.0156 0.8600 0.5100
vn -0.0325 -0.9036 0.4271
vn 0.0673 -0.9743 -0.2151
vn -0.0339 -0.9256 0.3770
vn 0.0850 -0.9343 -0.3461
vn -0.0176 -0.9942 -0.1057
vn 0.0114 -0.6733 -0.7393
vn 0.0366 -0.6856 -0.7270
vn -0.0244 -0.6546 -0.7556
vn -0.1344 -0.8872 0.4413
vn -0.0118 -0.3861 0.9224
vn -0.0414 -0.4452 0.8945
vn -0.0604 -0.4820 0.8741
vn -0.0469 0.8911 -0.4514
vn -0.0222 0.8832 -0.4684
vn -0.0861 0.9018 -0.4235
vn 0.0166 -0.9821 0.1879
vn -0.0513 0.8152 0.5770
vn -0.1079 -0.3612 -0.9262
vn -0.0718 0.8240 0.5621
vn -0.0823 0.9924 -0.0916
vn 0.0228 0.2939 -0.9556
vn -0.0885 0.4759 -0.8750
vn 0.0657 0.2193 -0.9735
vn -0.0207 -0.9930 -0.1163
vn 0.0174 -0.9989 -0.0434
vn 0.0849 -0.9926 0.0869
vn 0.0242 -0.7430 -0.6689
vn 0.0647 -0.9353 -0.3479
vn -0.0125 -0.9687 -0.2478
vn -0.0227 -0.9719 -0.2342
vn 0.0440 0.9978 -0.0489
vn -0.0525 0.9955 -0.0784
vn 0.0287 0.9982 -0.0520
vn -0.0213 0.8928 0.4499
vn -0.0087 -0.8597 0.5108
vn -0.0524 0.0041 -0.9986
vn 0.0555 0.1701 -0.9839
vn -0.0267 0.0441 -0.9987
vn 0.0602 -0.3037 -0.9509
vn -0.0074 0.3707 0.9287
vn -0.1022 0.8008 0.5901
vn -0.0843 -0.9870 -0.1367
vn -0.0119 -0.9998 0.0184
vn 0.0621 -0.9825 0.1754
vn -0.0668 -0.8929 -0.4453
vn -0.0492 -0.9720 0.2297
vn -0.1000 -0.8904 -0.4441
vn -0.0741 -0.9705 0.2293
vn -0.0402 -0.8331 0.5516
vn 0.0742 -0.8065 -0.5865
vn 0.0199 -0.8758 -0.4823
vn -0.0263 -0.9217 -0.3870
vn 0.0174 -0.9867 0.1614
vn -0.0514 -0.9630 0.2646
vn -0.0023 -0.9815 0.1913
vn -0.1383 -0.7916 0.5951
vn 0.1143 -0.7503 0.6511
vn -0.0993 -0.8770 0.4702
vn 0.1026 -0.9474 -0.3030
vn -0.0916 -0.8990 0.4283
vn 0.0468 -0.8947 -0.4441
vn -0.1247 -0.9535 -0.2746
vn -0.0800 -0.9579 -0.2759
vn 0.0051 -0.9281 -0.3723
vn 0.0085 -0.9266 -0.3760
vn 0.0321 0.3554 -0.9342
vn 0.0929 -0.8804 -0.4651
vn 0.0870 -0.8803 0.4664
vn -0.1444 -0.9485 0.2820
vn -0.0189 -0.9220 0.3866
vn -0.0953 -0.9862 -0.1352
vn -0.1768 -0.8674 0.4651
vn -0.0785 -0.9590 -0.2724
vn -0.0732 0.7523 -0.6547
vn -0.0291 -0.9995 0.0083
vn -0.0781 -0.9753 -0.2068
vn 0.0659 -0.9940 0.0870
vn 0.0304 -0.7373 0.6749
vn 0.0689 -0.7060 0.7049
vn 0.0300 -0.7376 0.6746
vn 0.1037 -0.9884 0.1109
vn 0.1528 -0.9658 -0.2097
vn 0.0549 -0.9979 0.0353
vn -0.0131 -0.1532 -0.9881
vn 0.0104 0.9237 -0.3829
vn -0.0210 0.9643 0.2641
vn 0.0293 0.9996 0.0060
vn 0.0841 -0.5286 -0.8447
vn -0.0048 0.2878 0.9577
vn -0.0419 -0.7943 -0.6061
vn -0.0840 0.5591 0.8248
vn -0.1353 -0.9596 -0.2467
vn -0.0638 -0.9314 0.3582
vn -0.0190 0.8630 -0.5048
vn 0.0416 0.9716 0.2329
vn 0.0071 0.9979 0.0638
vn 0.0229 0.9365 -0.3499
vn 0.0104 -0.3405 0.9402
vn 0.0298 -0.2590 -0.9654
vn -0.1311 0.4653 0.8754
vn 0.0294 0.8648 0.5012
vn 0.0508 0.9530 -0.2986
vn -0.0565 0.9929 0.1050
vn 0.0051 -0.1253 -0.9921
vn -0.0256 0.7744 0.6322
vn 0.1074 0.6083 0.7864
vn -0.0602 0.5598 0.8264
vn 0.1489 0.0666 -0.9866
vn 0.0394 0.9091 0.4147
vn -0.0863 0.1333 0.9873
vn 0.0564 0.8017 -0.5951
vn 0.0257 -0.9847 -0.1725
vn 0.0071 0.6143 -0.7890
vn -0.0412 0.7672 -0.6401
vn -0.0839 -0.0706 -0.9940
vn -0.0310 0.2953 -0.9549
vn 0.1372 -0.9600 0.2439
vn -0.0483 -0.8228 -0.5663
vn 0.0422 -0.9038 -0.4259
vn -0.0093 -0.9429 -0.3329
vn 0.0148 -0.9261 -0.3769
vn 0.0108 0.9876 0.1565
vn 0.0226 0.9761 0.2162
vn 0.0386 0.9785 0.2027
vn -0.0244 0.9665 0.2557
vn -0.0784 -0.0887 -0.9930
vn -0.0688 -0.9403 0.3334
vn 0.1373 -0.9600 0.2442
vn 0.0587 -0.7295 0.6815
vn 0.0416 0.9446 0.3257
vn -0.0158 0.9701 0.2423
vn 0.0246 0.9532 0.3013
vn 0.0616 0.7817 -0.6206
vn -0.0023 0.5417 -0.8406
vn 0.0453 0.6088 -0.7920
vn 0.0216 0.5760 -0.8172
vn -0.0097 0.8588 0.5121
vn 0.0438 0.8913 0.4513
vn -0.0195 0.8522 0.5229
vn 0.0229 0.1304 -0.9912
vn -0.0942 0.4675 0.8790
vn 0.1800 -0.0577 0.9820
vn -0.0945 -0.8326 -0.5457
vn -0.0268 -0.7473 -0.6639
vn 0.1928 0.8565 -0.4787
vn 0.0666 -0.4136 0.9080
vn -0.0412 -0.5199 0.8532
vn -0.1335 -0.9901 -0.0442
vn -0.0638 -0.9314 0.3583
vn 0.1570 -0.0760 0.9847
vn -0.0717 0.9070 -0.4150
vn -0.1028 -0.2958 -0.9497
vn 0.0244 -0.6976 0.7161
vn 0.0181 -0.6940 0.7198
vn -0.0959 0.9908 0.0953
vn 0.0790 -0.9941 0.0737
vn -0.1733 0.9797 0.1007
vn -0.0536 -0.6159 -0.7860
vn 0.0052 -0.1992 -0.9799
vn 0.0558 -0.9116 -0.4074
vn -0.1425 0.1691 0.9752
vn -0.1124 -0.4480 -0.8869
vn -0.0537 0.2358 -0.9703
vn 0.0636 -0.8840 -0.4632
vn 0.0448 0.9911 -0.1252
vn -0.0671 0.9351 0.3480
vn 0.0727 -0.5297 0.8451
vn 0.1438 -0.4931 0.8580
vn 0.0270 -0.7701 0.6374
vn 0.0603 -0.7458 0.6634
vn 0.0292 -0.7685 0.6392
vn 0.1280 0.1537 -0.9798
vn -0.0739 0.9387 0.3367
vn -0.0039 0.8735 0.4867
vn 0.0435 0.8140 0.5793
vn -0.1203 -0.1021 -0.9875
vn 0.0372 -0.0345 -0.9987
vn -0.0384 -0.1696 -0.9848
vn 0.0116 -0.0806 -0.9967
vn -0.0969 0.6009 -0.7934
vn -0.1312 0.4652 0.8754
vn 0.1360 -0.6138 0.7776
vn 0.0247 0.8661 -0.4993
vn 0.0011 -0.9646 -0.2636
vn 0.0219 -0.9450 -0.3263
vn 0.0167 -0.9503 -0.3108
vn 0.1392 -0.5286 0.8374
vn 0.0918 0.0648 0.9937
vn 0.0099 0.6987 -0.7153
vn 0.0091 0.6982 -0.7158
vn 0.0092 0.6983 -0.7157
vn 0.0796 0.0423 -0.9959
vn 0.0444 0.7496 -0.6604
vn -0.0184 -0.4415 -0.8971
vn -0.1561 -0.9723 -0.1740
vn 0.0824 -0.6091 -0.7888
vn 0.0392 -0.5352 -0.8438
vn -0.0118 -0.4416 -0.8972
vn 0.0528 -0.7025 0.7097
vn 0.0226 0.9625 -0.2705
vn -0.0111 0.9266 -0.3760
vn 0.0229 0.1962 -0.9803
vn 0.1410 -0.9279 -0.3450
vn 0.0385 -0.8931 -0.4482
vn 0.0773 0.8498 -0.5214
vn 0.0110 -0.6888 -0.7249
vn 0.0730 0.0567 0.9957
vn -0.0154 0.3207 0.9471
vn 0.0911 0.7034 0.7049
vn 0.1389 -0.3459 0.9279
vn 0.1000 0.7164 -0.6905
vn -0.0562 -0.0808 0.9951
vn 0.0061 -0.9621 -0.2725
vn 0.0103 -0.9972 -0.0743
vn -0.0015 -0.9959 -0.0908
vn -0.0600 -0.9832 -0.1723
vn 0.0787 0.9826 0.1680
vn -0.0886 0.2251 -0.9703
vn -0.0206 -0.6081 -0.7936
vn -0.0087 0.9941 0.1077
vn -0.1090 -0.6050 -0.7888
vn 0.1779 0.0641 0.9820
vn 0.0144 0.1665 -0.9859
vn -0.0784 0.9823 -0.1700
vn 0.0399 -0.9992 0.0053
vn -0.1343 -0.1894 -0.9727
vn -0.0151 0.3818 0.9241
vn -0.0267 -0.7160 -0.6976
vn -0.0478 0.7484 -0.6615
vn 0.0926 -0.8415 0.5322
vn -0.0786 0.8268 0.5570
vn -0.0196 0.9954 -0.0933
vn 0.0061 -0.6171 -0.7869
vn 0.1475 -0.2780 0.9492
vn -0.0943 0.4676 -0.8789
vn 0.0455 -0.1942 0.9799
vn 0.1417 -0.8770 -0.4592
vn 0.0085 0.6978 -0.7162
vn 0.0425 0.9077 0.4175
vn 0.0414 0.3861 -0.9215
vn 0.0756 0.9244 0.3737
vn -0.0056 0.2788 0.9603
vn -0.0372 0.3728 0.9272
vn -0.0290 0.3487 0.9368
vn -0.0573 0.9072 0.4168
vn -0.0980 -0.9900 -0.1018
vn -0.0052 0.2786 -0.9604
vn 0.1159 0.8973 -0.4259
vn 0.1803 -0.0579 0.9819
vn 0.0040 0.9475 0.3198
vn 0.0508 0.8966 0.4399
vn 0.0370 0.9136 0.4050
vn -0.0184 -0.4296 0.9028
vn -0.0018 -0.3948 0.9188
vn 0.0085 -0.3730 0.9278
vn -0.0186 -0.9032 -0.4289
vn -0.0280 -0.8934 -0.4483
vn -0.0019 -0.9191 -0.3941
vn 0.0194 -0.4678 0.8836
vn -0.0184 -0.4410 -0.8973
vn -0.0052 0.1666 0.9860
vn -0.0145 -0.7706 0.6372
vn 0.1416 -0.8770 -0.4592
vn -0.0062 0.2826 0.9592
vn 0.0192 -0.5310 0.8472
vn -0.0166 0.5262 -0.8502
vn 0.0164 0.4732 -0.8808
vn 0.0427 0.4293 -0.9022
vn 0.0175 -0.9835 -0.1800
vn 0.0304 -0.8774 -0.4788
vn -0.0102 -0.8054 0.5926
vn -0.0153 -0.9997 -0.0195
vn -0.0190 -0.9679 -0.2507
vn 0.0140 0.0755 0.9970
vn -0.0105 0.2782 0.9605
vn -0.0848 -0.9959 0.0302
vn 0.0011 -0.9645 -0.2642
vn 0.0219 -0.9448 -0.3268
vn 0.0167 -0.9502 -0.3113
vn -0.0303 0.6296 -0.7763
vn 0.1997 -0.8160 0.5425
vn 0.0665 -0.9978 0.0050
vn 0.0062 -0.3210 0.9471
vn 0.0345 0.7447 0.6666
vn 0.0146 0.9666 0.2559
vn 0.1905 0.5492 0.8137
vn 0.0231 0.8351 -0.5496
vn -0.0060 0.3744 0.9272
vn -0.0467 -0.9614 -0.2713
vn 0.0165 -0.9583 0.2854
vn -0.0155 0.9617 0.2738
vn -0.0199 0.0786 -0.9967
vn 0.0110 -0.7392 -0.6734
vn -0.1363 -0.9160 0.3773
vn 0.0084 -0.9281 -0.3722
vn -0.0394 -0.9091 0.4147
vn -0.0031 -0.5731 0.8195
vn -0.0916 -0.9638 -0.2504
vn -0.0092 -0.7943 0.6074
vn 0.0419 -0.9991 0.0082
vn 0.0679 -0.7002 -0.7107
vn 0.0826 -0.6091 -0.7888
vn 0.1176 -0.6655 -0.7370
vn 0.0394 -0.5349 -0.8440
vn -0.0048 -0.9692 -0.2464
vn -0.0117 -0.4411 -0.8974
vn -0.1428 0.2764 0.9504
vn 0.0154 -0.3207 0.9471
vn 0.1265 0.7361 -0.6649
vn 0.0155 -0.9617 0.2738
vn -0.1026 0.7429 -0.6615
vn -0.0092 0.8797 0.4755
vn -0.0737 -0.9666 -0.2454
vn 0.0388 -0.6796 0.7325
vn 0.0455 -0.1664 0.9850
vn 0.1174 -0.6655 -0.7371
vn 0.0410 -0.8899 0.4544
vn 0.0004 -0.9632 -0.2689
vn -0.0181 0.2157 0.9763
vn 0.0404 0.2882 0.9567
vn -0.0370 0.1917 0.9808
vn 0.0061 0.3584 -0.9335
vn -0.0275 0.5040 -0.8632
vn -0.0290 0.4228 -0.9058
vn -0.0048 0.3623 -0.9321
vn 0.0086 0.3281 -0.9446
vn -0.0751 -0.7954 -0.6014
vn 0.0048 -0.9692 0.2461
vn -0.0011 -0.9645 0.2639
vn -0.0167 -0.9502 0.3111
vn 0.0279 0.4491 0.8931
vn -0.0084 0.2761 0.9611
vn -0.0133 0.9617 0.2738
vn 0.0446 0.7497 -0.6603
vn 0.0155 -0.2740 -0.9616
vn 0.0184 -0.4414 0.8971
vn 0.0051 0.7853 -0.6191
vn 0.0691 0.9594 -0.2733
vn -0.0219 -0.9449 0.3266
vn -0.0385 0.8931 -0.4482
vn 0.1043 0.7186 0.6876
vn 0.0050 0.2467 0.9691
vn 0.0155 0.9617 -0.2737
vn -0.0292 -0.9057 -0.4230
vn -0.0048 -0.9321 -0.3621
vn 0.0086 -0.9447 -0.3277
vn 0.0479 -0.3774 0.9248
vn -0.0133 0.2463 0.9691
vn -0.0398 0.4491 -0.8926
vn 0.0889 -0.0681 0.9937
vn -0.0400 -0.8925 -0.4493
vn -0.0292 0.4231 -0.9056
vn -0.0048 0.3622 -0.9321
vn 0.0086 0.3279 -0.9447
vn -0.0048 -0.9693 -0.2458
vn -0.0905 0.1229 0.9883
vn -0.0444 -0.7497 -0.6603
vn -0.0429 0.5666 -0.8228
vn -0.0279 -0.4491 0.8931
vn 0.0918 -0.7639 -0.6388
vn -0.0279 0.4491 -0.8931
vn -0.0704 0.8141 0.5765
vn -0.0399 0.4494 -0.8924
vn 0.0256 -0.2513 0.9676
s 1
f 2908//1 2907//2 2906//3
f 1622//4 1617//4 1111//4
f 68//5 64//5 65//5
f 3173//6 3174//6 3172//6
f 352//7 351//8 353//9
f 18//10 10//11 11//12
f 2893//13 2894//14 2892//15
f 19//16 21//17 20//18
f 21//17 22//19 20//18
f 254//20 256//21 257//22
f 2879//23 2871//24 2872//25
f 19//26 20//26 23//26
f 23//27 24//27 19//27
f 24//28 23//28 25//28
f 113//29 119//30 120//31
f 108//32 109//33 103//34
f 27//35 28//36 26//37
f 26//38 25//39 27//40
f 24//41 25//39 26//38
f 52//42 51//42 50//42
f 34//43 30//44 31//45
f 35//46 34//43 31//45
f 34//47 35//48 36//49
f 35//48 37//50 36//49
f 36//51 37//52 38//53
f 38//53 39//54 36//51
f 41//55 39//56 38//57
f 326//58 328//59 329//60
f 41//55 38//57 40//61
f 43//62 42//63 44//64
f 42//63 45//65 44//64
f 29//66 28//36 27//35
f 43//67 47//68 42//69
f 42//69 47//68 46//70
f 50//71 51//72 48//73
f 2945//74 2944//75 2947//76
f 48//73 49//77 50//71
f 49//78 48//79 47//80
f 48//79 46//81 47//80
f 577//82 576//83 578//84
f 398//85 401//86 400//87
f 80//88 79//88 75//88
f 402//89 403//90 404//91
f 2946//92 2947//76 2948//93
f 336//94 339//95 337//96
f 474//97 473//98 470//99
f 9//100 16//101 15//102
f 361//103 358//104 359//105
f 70//106 71//106 69//106
f 72//107 71//107 70//107
f 2853//108 2852//109 2855//110
f 67//111 66//112 73//113
f 92//114 90//115 93//116
f 86//117 88//118 87//119
f 97//120 96//121 95//122
f 86//123 91//124 90//125
f 91//124 86//123 87//126
f 93//116 90//115 91//127
f 137//128 136//129 133//130
f 3106//131 3105//132 3107//133
f 94//134 95//122 96//121
f 94//135 93//136 95//137
f 92//138 93//136 94//135
f 101//139 99//140 98//141
f 102//142 99//140 101//139
f 30//143 32//144 31//145
f 112//146 113//147 111//148
f 2655//149 2654//150 2656//151
f 104//152 98//152 99//152
f 98//153 105//154 100//155
f 105//154 98//153 104//156
f 100//157 106//158 107//159
f 106//160 108//161 107//162
f 106//160 109//163 108//161
f 309//164 316//165 314//166
f 105//167 106//158 100//157
f 112//146 111//148 110//168
f 41//169 40//170 33//171
f 119//30 113//29 112//172
f 114//173 115//174 110//175
f 110//175 111//176 114//173
f 116//177 115//178 114//179
f 115//178 116//177 117//180
f 120//181 119//182 118//183
f 119//182 117//184 118//183
f 116//185 118//185 117//185
f 123//186 122//187 121//188
f 121//189 122//190 125//191
f 125//191 122//190 126//192
f 126//193 127//194 125//195
f 125//195 127//194 128//196
f 129//197 128//198 130//199
f 2677//200 2675//201 2678//202
f 129//203 130//204 131//205
f 127//206 130//199 128//198
f 137//128 133//130 132//207
f 123//186 124//208 122//187
f 138//209 132//210 133//211
f 138//209 139//212 132//210
f 138//213 134//214 139//215
f 135//216 134//214 138//213
f 142//217 141//218 140//219
f 141//218 142//217 143//220
f 140//221 141//222 134//223
f 140//221 134//223 135//224
f 3078//225 3076//226 3079//227
f 521//228 520//229 519//230
f 418//231 420//232 419//233
f 350//234 349//235 351//236
f 157//237 155//238 154//239
f 157//237 158//240 155//238
f 154//241 155//242 156//243
f 155//242 159//244 156//243
f 176//245 177//246 172//247
f 160//248 156//249 161//250
f 156//249 159//251 161//250
f 165//252 163//253 162//254
f 165//252 166//255 163//253
f 162//256 163//257 164//258
f 163//257 167//259 164//258
f 169//260 165//260 168//260
f 168//261 167//261 169//261
f 167//262 168//262 164//262
f 172//263 171//263 170//263
f 160//264 158//265 157//266
f 171//267 174//267 170//267
f 170//268 174//268 173//268
f 174//269 175//269 173//269
f 175//270 177//270 176//270
f 176//271 173//271 175//271
f 180//272 179//272 178//272
f 179//267 182//267 178//267
f 178//273 182//273 181//273
f 182//274 183//275 184//276
f 183//277 185//278 180//279
f 183//277 180//279 184//280
f 182//274 184//276 181//281
f 186//282 188//283 187//284
f 187//284 188//283 189//285
f 186//286 187//287 190//288
f 191//289 186//286 190//288
f 191//290 190//290 192//290
f 191//291 192//291 193//291
f 195//292 193//293 194//294
f 195//295 196//296 197//297
f 194//298 196//296 195//295
f 192//299 194//294 193//293
f 199//300 201//301 200//302
f 201//301 199//300 198//303
f 260//304 261//305 259//306
f 3003//307 3002//308 3001//309
f 204//310 198//311 199//312
f 204//310 205//313 198//311
f 205//314 204//315 206//316
f 206//316 207//317 205//314
f 209//318 207//319 206//320
f 209//318 206//320 208//321
f 211//322 210//323 212//324
f 213//325 210//323 211//322
f 214//326 213//327 215//328
f 211//329 215//328 213//327
f 215//330 217//331 214//332
f 220//333 216//334 218//335
f 219//336 220//336 218//336
f 217//337 218//335 216//334
f 216//338 214//332 217//331
f 273//339 274//340 271//341
f 223//342 222//343 224//344
f 234//345 225//346 224//347
f 226//348 227//349 222//350
f 222//350 223//351 226//348
f 226//352 228//353 227//354
f 226//352 229//355 228//353
f 229//356 230//357 228//358
f 233//359 230//359 231//359
f 232//360 233//361 231//362
f 233//361 232//360 234//345
f 229//356 231//363 230//357
f 239//364 238//365 240//366
f 224//344 225//367 223//342
f 209//368 203//369 202//370
f 237//371 235//372 236//373
f 237//371 238//374 235//372
f 237//375 240//375 238//375
f 243//376 239//377 241//378
f 242//379 244//380 243//381
f 243//376 241//378 242//382
f 241//383 239//364 240//366
f 248//384 247//385 246//386
f 248//384 249//387 247//385
f 250//388 246//389 247//390
f 251//391 246//389 250//388
f 252//392 253//393 251//394
f 255//395 256//21 254//20
f 243//381 244//380 245//396
f 254//397 253//398 255//399
f 253//398 252//400 255//399
f 252//392 251//394 250//401
f 260//402 259//403 258//404
f 258//404 259//403 262//405
f 262//406 263//407 258//408
f 262//406 264//409 263//407
f 263//410 264//411 265//412
f 265//412 266//413 263//410
f 267//414 268//415 266//416
f 267//414 266//416 265//417
f 273//418 271//419 270//420
f 270//420 271//419 276//421
f 276//422 272//423 270//424
f 270//424 272//423 277//425
f 277//426 272//427 278//428
f 278//428 279//429 277//426
f 280//430 281//431 279//432
f 279//432 278//433 280//430
f 284//434 283//435 282//436
f 295//437 296//438 304//439
f 282//436 283//435 286//440
f 287//441 282//442 286//443
f 286//443 288//444 287//441
f 289//445 290//446 287//447
f 281//448 274//449 275//450
f 257//451 249//452 248//453
f 291//454 292//454 290//454
f 290//455 289//455 291//455
f 289//445 287//447 288//456
f 294//457 296//458 295//459
f 296//458 294//457 293//460
f 268//461 267//462 269//463
f 297//464 293//465 294//466
f 298//467 297//464 294//466
f 299//468 298//469 300//470
f 297//471 298//469 299//468
f 302//472 299//473 300//474
f 284//475 285//475 283//475
f 302//476 303//477 304//478
f 301//479 303//477 302//476
f 302//472 300//474 301//480
f 306//481 305//482 307//483
f 305//482 308//484 307//483
f 310//485 305//486 306//487
f 311//488 310//485 306//487
f 312//489 311//490 313//491
f 310//492 311//490 312//489
f 315//493 314//166 316//165
f 315//494 313//495 314//496
f 312//497 313//495 315//494
f 317//498 319//498 318//498
f 88//118 89//499 87//119
f 329//500 328//501 319//502
f 320//503 317//504 318//505
f 320//503 321//506 317//504
f 322//507 321//508 323//509
f 320//510 323//509 321//508
f 322//511 323//512 324//513
f 327//514 328//59 326//58
f 326//515 325//516 327//517
f 325//516 324//518 327//517
f 325//519 322//511 324//513
f 381//520 382//521 380//522
f 3038//523 3037//524 3036//525
f 680//526 681//527 679//528
f 551//529 550//530 553//531
f 3020//532 3019//533 3021//534
f 2738//535 2736//535 2735//535
f 360//536 361//537 362//538
f 358//539 356//540 359//541
f 347//542 345//543 346//544
f 362//538 363//545 360//536
f 597//546 607//547 608//548
f 528//549 534//550 527//551
f 2937//552 2938//553 2939//554
f 65//555 64//556 66//557
f 2933//558 2931//559 2932//560
f 335//561 334//562 333//563
f 2823//564 2821//564 2820//564
f 370//565 369//566 368//567
f 2885//568 2884//569 2886//570
f 591//571 590//572 592//573
f 396//574 405//575 404//576
f 408//577 409//578 407//579
f 1539//4 1450//4 1540//4
f 400//580 403//581 402//582
f 414//583 415//584 413//585
f 409//586 412//587 411//588
f 420//232 422//589 421//590
f 445//591 444//592 446//593
f 445//594 433//595 434//596
f 481//597 490//597 491//597
f 453//598 452//599 448//600
f 83//601 82//602 81//603
f 436//604 434//605 433//606
f 1893//607 1892//607 1887//607
f 457//608 451//609 450//610
f 563//611 573//611 572//611
f 472//612 476//613 471//614
f 462//615 463//616 461//617
f 12//618 8//619 13//620
f 398//85 399//621 401//86
f 450//97 449//98 447//99
f 2726//622 2725//622 2724//622
f 493//623 492//624 494//625
f 412//626 413//627 411//628
f 479//629 478//630 477//631
f 2979//632 2978//633 2977//634
f 340//635 341//636 339//637
f 2813//638 2812//639 2810//640
f 489//641 488//642 486//643
f 464//644 465//645 463//616
f 493//623 494//625 495//646
f 514//647 515//648 516//649
f 504//650 510//651 503//551
f 505//228 504//229 503//230
f 3019//533 3020//532 3016//652
f 632//653 631//653 630//653
f 465//645 467//654 466//655
f 513//228 512//229 511//656
f 444//657 442//658 443//659
f 588//660 587//661 586//662
f 353//663 354//664 352//665
f 558//529 557//530 560//531
f 540//666 538//667 541//668
f 536//669 537//669 539//669
f 496//670 497//671 495//672
f 688//673 687//674 677//675
f 59//676 58//677 54//678
f 3183//679 3184//680 3182//681
f 672//564 670//564 669//564
f 500//682 499//683 497//643
f 2//684 1//685 4//686
f 430//657 428//658 429//659
f 685//687 684//688 686//689
f 576//690 577//691 575//692
f 561//693 562//693 556//693
f 585//694 584//695 574//696
f 84//697 85//698 83//699
f 3076//700 3078//700 3077//700
f 554//701 555//701 549//701
f 383//702 382//521 381//520
f 573//703 563//704 564//705
f 569//706 570//707 571//708
f 2776//709 2774//709 2773//709
f 589//710 588//710 590//710
f 2730//711 2729//711 2728//711
f 385//712 384//713 383//714
f 3035//715 3028//716 3034//717
f 636//535 634//535 633//535
f 598//718 597//719 600//720
f 668//711 666//711 665//711
f 703//721 702//721 701//721
f 85//722 84//723 78//724
f 529//228 528//229 527//230
f 2645//725 2643//725 2642//725
f 699//564 697//564 696//564
f 660//725 659//725 658//725
f 680//526 679//528 678//726
f 652//622 650//622 649//622
f 2928//727 2927//728 2926//729
f 2661//730 2660//731 2659//732
f 595//733 593//734 594//735
f 2811//736 2810//640 2809//737
f 393//738 394//739 391//740
f 3116//741 3117//742 3115//743
f 3208//725 3207//725 3206//725
f 3254//709 3252//709 3251//709
f 3233//744 3237//745 3238//746
f 2282//607 2277//607 2276//607
f 465//645 464//644 467//654
f 144//747 145//748 150//749
f 780//4 799//4 1009//4
f 434//605 436//604 435//750
f 644//751 642//751 641//751
f 2682//752 2680//752 2679//752
f 2764//751 2763//751 2762//751
f 2706//725 2704//725 2703//725
f 2641//535 2640//535 2639//535
f 2780//535 2778//535 2777//535
f 2788//535 2787//535 2786//535
f 2804//535 2803//535 2802//535
f 2847//535 2846//535 2845//535
f 2839//709 2837//709 2836//709
f 2869//535 2868//535 2867//535
f 2919//753 2918//754 2920//755
f 3104//756 3102//757 3105//758
f 62//759 63//760 61//761
f 3027//762 3033//763 3034//717
f 656//764 654//764 653//764
f 417//765 416//765 406//765
f 628//725 627//725 626//725
f 3050//766 3049//767 3048//768
f 711//751 710//751 709//751
f 1638//4 1637//4 1636//4
f 3194//769 3195//770 3193//771
f 431//772 430//773 432//774
f 678//726 677//675 687//674
f 371//775 373//776 372//777
f 3220//751 3219//751 3218//751
f 2637//778 2635//778 2634//778
f 1427//4 1426//4 776//4
f 2964//779 2961//780 2962//781
f 2702//535 2700//535 2699//535
f 3188//782 3189//782 3187//782
f 2897//783 2899//784 2898//785
f 1374//4 1400//4 1397//4
f 3070//786 3073//787 3071//788
f 468//789 469//790 466//655
f 482//623 483//625 484//646
f 3262//564 3261//564 3260//564
f 482//623 481//624 483//625
f 2686//564 2685//564 2684//564
f 458//791 460//792 459//793
f 455//794 454//795 452//796
f 2742//622 2741//622 2740//622
f 566//797 568//798 567//799
f 3212//709 3210//709 3209//709
f 145//800 146//801 147//802
f 485//670 486//671 484//672
f 520//650 526//651 519//551
f 2718//711 2716//711 2715//711
f 82//803 83//699 85//698
f 2768//564 2767//564 2766//564
f 506//647 507//648 508//804
f 2714//564 2712//564 2711//564
f 1257//4 1253//4 1258//4
f 564//705 563//704 565//805
f 530//647 531//648 532//649
f 2903//806 2901//807 2905//808
f 377//809 378//810 376//811
f 81//812 79//813 80//814
f 547//666 545//667 548//668
f 586//815 596//816 595//817
f 612//622 611//622 610//622
f 676//535 675//535 674//535
f 2649//564 2647//564 2646//564
f 2756//564 2755//564 2754//564
f 620//778 618//778 617//778
f 492//818 501//818 502//818
f 14//819 12//820 13//821
f 1702//607 1701//607 1698//607
f 2332//607 2331//607 2240//607
f 578//822 581//823 580//824
f 567//825 570//826 569//827
f 2911//828 2909//829 2912//830
f 2722//535 2720//535 2719//535
f 1805//607 1817//607 1813//607
f 624//564 622//564 621//564
f 598//718 600//720 599//831
f 616//564 614//564 613//564
f 604//832 605//833 606//834
f 715//535 714//535 713//535
f 2792//751 2790//751 2789//751
f 220//835 219//835 221//835
f 640//564 639//564 638//564
f 707//836 706//836 705//836
f 2819//564 2818//564 2817//564
f 2958//837 2956//838 2957//839
f 648//535 646//535 645//535
f 2975//840 2976//841 2974//842
f 2906//3 2907//2 2904//843
f 3068//844 3069//845 3067//846
f 2872//847 2871//848 2870//849
f 3216//564 3215//564 3214//564
f 3039//850 3040//851 3036//525
f 151//852 152//853 153//854
f 480//855 475//856 474//857
f 1866//607 1867//607 2355//607
f 578//822 579//858 581//823
f 3018//859 3017//860 3016//652
f 3258//751 3256//751 3255//751
f 2669//778 2668//778 2667//778
f 591//861 594//862 593//863
f 2835//751 2834//751 2833//751
f 2694//564 2692//564 2691//564
f 2827//709 2826//709 2825//709
f 2752//751 2751//751 2750//751
f 2760//709 2758//709 2757//709
f 2541//607 2542//607 2148//607
f 2784//725 2783//725 2782//725
f 588//660 589//864 587//661
f 3048//768 3049//767 3047//865
f 2800//535 2798//535 2797//535
f 522//647 523//648 524//804
f 2851//564 2850//564 2849//564
f 512//549 518//550 511//551
f 3023//866 3021//534 3022//867
f 3016//652 3017//860 3019//533
f 2924//868 2923//869 2925//870
f 2665//564 2664//564 2663//564
f 2426//607 2425//607 2422//607
f 3135//871 3139//872 3140//873
f 2659//732 2658//874 2657//875
f 2670//876 2672//877 2671//878
f 2656//151 2657//875 2658//874
f 2955//879 2956//838 2958//837
f 2698//711 2697//711 2696//711
f 2920//755 2921//880 2919//753
f 2925//870 2926//881 2924//868
f 2796//564 2794//564 2793//564
f 2772//709 2771//709 2770//709
f 3289//882 3288//883 3290//884
f 3105//885 3106//885 3104//885
f 2957//839 2960//886 2958//837
f 2843//535 2841//535 2840//535
f 608//887 607//888 606//889
f 2853//108 2855//110 2854//890
f 2865//891 2864//892 2863//893
f 2960//886 2957//839 2959//894
f 3000//895 3001//309 3002//308
f 3118//896 3117//742 3116//741
f 2951//897 2949//898 2952//899
f 2831//751 2829//751 2828//751
f 3163//900 3165//901 3164//902
f 565//903 566//903 564//903
f 2974//842 2971//904 2973//905
f 2980//906 2981//907 2982//908
f 2965//909 2966//910 2968//911
f 124//912 131//205 130//204
f 2891//913 2889//914 2890//915
f 2895//916 2896//917 2897//783
f 2929//918 2930//919 2927//920
f 2992//921 2993//922 2995//923
f 2995//923 2993//922 2994//924
f 1270//4 1043//4 1271//4
f 2807//925 2805//926 2808//927
f 3006//928 3007//929 3005//930
f 3094//931 3092//932 3093//933
f 1836//607 1832//607 1839//607
f 3041//934 3042//935 3040//851
f 51//936 52//937 45//938
f 2985//939 2986//940 2983//941
f 2936//942 2935//943 2934//944
f 3090//945 3089//946 3091//947
f 2690//725 2688//725 2687//725
f 2710//622 2708//622 2707//622
f 3089//946 3090//945 3088//948
f 3124//949 3120//950 3123//951
f 2939//554 2938//553 2940//952
f 2962//781 2961//780 2960//886
f 589//953 590//572 591//571
f 2917//954 2918//754 2919//753
f 417//955 406//956 407//957
f 2996//958 2994//959 2997//960
f 2983//941 2984//961 2985//939
f 2926//729 2925//962 2928//727
f 2994//959 2996//958 2995//963
f 78//964 77//964 74//964
f 2997//965 2998//966 2996//967
f 3088//968 3087//969 3089//970
f 2880//971 2881//972 2878//973
f 3051//974 3053//975 3054//976
f 151//852 150//749 152//853
f 3290//884 3291//977 3289//882
f 28//978 22//979 21//980
f 3048//768 3047//865 3043//981
f 2999//982 2998//966 2997//965
f 3046//983 3045//984 3054//976
f 3164//902 3165//901 3166//985
f 3142//986 3141//987 3144//988
f 3029//989 3026//990 3027//762
f 2947//76 2946//92 2945//74
f 3040//851 3039//850 3041//934
f 3231//991 3228//992 3232//993
f 3064//994 3067//995 3065//996
f 690//997 691//998 689//999
f 2653//778 2652//778 2651//778
f 56//1000 55//1000 53//1000
f 96//1001 97//1002 89//1003
f 3026//990 3029//989 3030//1004
f 2860//1005 2859//1006 2862//1007
f 3162//1008 3158//1009 3161//1010
f 3024//1011 3025//1012 3023//866
f 2810//640 2811//736 2813//638
f 3285//1013 3286//1014 3287//1015
f 136//1016 137//1017 143//1018
f 2915//1019 2916//1020 2913//1021
f 2031//607 2508//607 2509//607
f 3185//1022 3182//1022 3186//1022
f 3115//1023 3113//1024 3116//1025
f 422//589 420//232 418//231
f 543//669 544//669 546//669
f 3267//1026 3266//1027 3268//1028
f 2914//1029 2913//1030 2911//1031
f 2969//1032 2968//1033 2970//1034
f 136//1016 143//1018 142//1035
f 3193//771 3192//1036 3194//769
f 455//794 452//796 453//1037
f 3057//1038 3055//1039 3058//1040
f 664//535 663//535 662//535
f 3156//1041 3152//1042 3155//1043
f 3133//1044 3130//1045 3134//1046
f 2991//1047 2988//1048 2989//1049
f 3145//1050 3149//1051 3150//1052
f 3126//1053 3125//1054 3128//1055
f 3180//1056 3177//1056 3181//1056
f 3292//1057 3293//1058 3296//1059
f 3074//1060 3075//1061 3073//1062
f 2931//559 2933//558 2934//944
f 2746//1063 2743//1064 2745//1065
f 3269//700 3271//700 3270//700
f 3166//985 3167//1066 3164//902
f 3031//1067 3032//1068 3030//1004
f 3283//1069 3279//1070 3282//1071
f 3083//1072 3081//1073 3084//1074
f 3202//1075 3201//1076 3204//1077
f 456//1078 454//1079 455//1080
f 3223//1081 3221//1082 3224//1083
f 2734//778 2733//778 2732//778
f 2988//1048 2987//1084 2989//1049
f 3129//1085 3130//1045 3133//1044
f 3178//1086 3179//1087 3177//1088
f 3226//1089 3225//1090 3224//1091
f 3242//1092 3241//1093 3239//1094
f 3227//1095 3228//992 3231//991
f 3224//1091 3225//1090 3223//1096
f 3246//564 3244//564 3243//564
f 3250//751 3249//751 3248//751
f 3275//1097 3274//1098 3277//1099
f 3169//1100 3168//1101 3170//1102
f 3081//1103 3083//1103 3082//1103
f 3271//225 3269//226 3272//227
f 3296//1059 3293//1058 3297//1104
f 2807//1105 2808//1106 2811//1107
f 62//1108 56//1108 63//1108
f 11//1109 10//1110 7//1111
f 17//1112 15//1113 16//1114
f 3281//1115 3278//1116 3280//1117
f 3011//1118 3012//1119 3013//1120
f 3191//1121 3187//1122 3190//1123
f 2882//1124 2884//1125 2883//1126
f 1106//4 1111//4 1617//4
f 3122//1127 3119//1128 3121//1129
f 3221//1082 3223//1081 3222//1130
f 374//1131 371//775 375//1132
f 3191//1121 3188//1133 3187//1122
f 3185//1134 3183//679 3182//681
f 352//7 350//1135 351//8
f 17//1136 10//11 18//10
f 88//1137 96//1001 89//1003
f 33//171 40//170 32//1138
f 2879//23 2878//973 2871//24
f 101//1139 103//34 102//1140
f 2876//1141 2875//1142 2877//1143
f 371//775 374//1131 373//776
f 480//855 479//1144 475//856
f 344//1145 342//1146 346//1147
f 390//1148 391//1149 389//1150
f 336//94 338//1151 339//95
f 9//100 14//1152 16//101
f 74//1153 77//1153 75//1153
f 467//654 468//789 466//655
f 361//103 360//1154 358//104
f 537//1155 538//1155 539//1155
f 397//1156 399//1157 398//1158
f 309//1159 308//1160 316//1161
f 2979//632 2981//907 2980//906
f 2892//15 2889//914 2891//913
f 30//143 33//1162 32//144
f 210//1163 221//1164 212//1165
f 103//34 109//33 102//1140
f 695//1166 693//1167 694//1168
f 2809//1169 2807//1105 2811//1107
f 2677//200 2676//1170 2675//201
f 54//1171 57//1172 53//1173
f 521//228 522//1174 520//229
f 350//234 348//1175 349//235
f 400//580 401//1176 403//581
f 331//1177 332//1178 330//1179
f 172//247 177//246 171//1180
f 161//1181 158//265 160//264
f 180//1182 185//1182 179//1182
f 169//1183 166//1183 165//1183
f 209//368 208//1184 203//369
f 201//1185 202//1186 200//1187
f 197//1188 196//1189 189//1190
f 2674//1191 2672//877 2673//1192
f 281//448 280//1193 274//449
f 260//304 269//1194 261//305
f 269//463 267//462 261//1195
f 273//339 275//1196 274//340
f 328//501 318//1197 319//502
f 244//1198 236//1199 245//1200
f 234//345 232//360 225//346
f 2813//638 2814//1201 2812//639
f 235//1202 245//1200 236//1199
f 2905//1203 2906//1204 2904//1205
f 219//1206 212//1165 221//1164
f 2673//1192 2675//201 2674//1191
f 292//1207 291//1207 285//1207
f 203//1208 200//1187 202//1186
f 680//526 682//1209 681//527
f 257//451 256//1210 249//452
f 52//937 44//1211 45//938
f 189//1190 188//1212 197//1188
f 2941//1213 2939//1214 2940//1215
f 124//1216 123//1216 131//1216
f 284//1217 292//1217 285//1217
f 2898//785 2895//916 2897//783
f 345//543 344//1218 346//544
f 147//802 146//801 148//1219
f 3059//1220 3060//1221 3061//1222
f 2738//535 2737//535 2736//535
f 334//562 332//1223 333//563
f 2878//973 2879//23 2880//971
f 358//539 357//1224 356//540
f 339//637 338//1225 340//635
f 532//1226 531//1226 534//1226
f 331//1177 333//1227 332//1178
f 528//549 533//1228 534//550
f 54//678 58//677 57//1229
f 366//1230 368//567 367//1231
f 363//545 362//538 364//1232
f 342//1146 344//1145 343//1233
f 463//616 462//615 464//644
f 1279//4 1277//4 1280//4
f 1280//4 1282//4 1279//4
f 369//566 367//1231 368//567
f 2823//564 2822//564 2821//564
f 386//1234 384//713 385//712
f 488//1235 489//1235 491//1235
f 426//1236 424//1237 425//1238
f 149//1239 147//802 148//1219
f 1450//4 1508//4 1540//4
f 429//1240 427//1241 426//1236
f 560//1242 559//1242 562//1242
f 398//1158 395//1243 397//1156
f 3073//1062 3072//1244 3074//1060
f 1803//607 1802//607 2385//607
f 1800//607 2382//607 1802//607
f 1802//607 1801//607 1800//607
f 1802//607 2382//607 2385//607
f 1798//607 1799//607 2388//607
f 1799//607 1804//607 1803//607
f 1803//607 2385//607 2386//607
f 1803//607 2386//607 2387//607
f 1803//607 2387//607 1799//607
f 1799//607 2387//607 2388//607
f 1798//607 2388//607 2375//607
f 1738//607 1798//607 2377//607
f 1798//607 2375//607 2376//607
f 1798//607 2376//607 2377//607
f 1796//607 1738//607 1768//607
f 1738//607 2377//607 2378//607
f 1738//607 2378//607 1768//607
f 1768//607 2378//607 1739//607
f 2378//607 2380//607 1739//607
f 1696//607 1694//607 1695//607
f 1697//607 1696//607 1695//607
f 1695//607 1694//607 1692//607
f 1691//607 1695//607 1692//607
f 1691//607 1692//607 1689//607
f 1906//607 1691//607 1690//607
f 1691//607 1689//607 1690//607
f 1689//607 2039//607 1754//607
f 1705//607 1708//607 1711//607
f 1693//607 1711//607 1708//607
f 1693//607 1708//607 1709//607
f 1709//607 1708//607 1704//607
f 1709//607 1704//607 1707//607
f 1706//607 1707//607 1710//607
f 1710//607 1707//607 1704//607
f 1720//607 1706//607 2391//607
f 1706//607 1710//607 2391//607
f 1898//607 1720//607 2390//607
f 1720//607 2391//607 2392//607
f 1720//607 2392//607 2390//607
f 2194//607 1899//607 2572//607
f 2192//607 2194//607 2573//607
f 2569//607 2192//607 2570//607
f 1679//607 2569//607 1905//607
f 1912//607 1679//607 1749//607
f 1912//607 1749//607 2559//607
f 2559//607 1758//607 1912//607
f 1742//607 1758//607 1757//607
f 1765//607 1742//607 1760//607
f 2119//607 1765//607 2116//607
f 2091//607 2130//607 2124//607
f 1773//607 2119//607 1776//607
f 1778//607 1773//607 2122//607
f 2091//607 1778//607 2130//607
f 1784//607 2091//607 2113//607
f 2078//607 1784//607 2094//607
f 2125//607 2091//607 2112//607
f 2079//607 2078//607 2097//607
f 2097//607 2078//607 1781//607
f 2112//607 2091//607 2124//607
f 1758//607 2559//607 1757//607
f 1898//607 2390//607 1906//607
f 1898//607 1906//607 1690//607
f 2097//607 1781//607 1785//607
f 2045//607 1898//607 1690//607
f 2096//607 2097//607 1785//607
f 2381//607 2379//607 1737//607
f 2381//607 1737//607 2380//607
f 1737//607 1739//607 2380//607
f 1739//607 1797//607 1768//607
f 2160//607 2147//607 2158//607
f 2147//607 2157//607 2007//607
f 2138//607 2136//607 1985//607
f 2157//607 2136//607 2137//607
f 2135//607 1985//607 1983//607
f 1984//607 1983//607 1941//607
f 1941//607 1940//607 1942//607
f 1940//607 1814//607 1942//607
f 1943//607 1814//607 1810//607
f 1943//607 1810//607 1821//607
f 1943//607 1821//607 1939//607
f 1939//607 1821//607 1824//607
f 1939//607 1824//607 1815//607
f 1824//607 1843//607 1815//607
f 1815//607 1843//607 1987//607
f 1842//607 1986//607 1843//607
f 1986//607 2539//607 1843//607
f 2539//607 1987//607 1843//607
f 1814//607 1943//607 1942//607
f 1941//607 1942//607 1984//607
f 1983//607 1984//607 2135//607
f 1985//607 2135//607 2138//607
f 2090//607 2096//607 1785//607
f 2057//607 2033//607 1779//607
f 2034//607 2057//607 1779//607
f 1779//607 2033//607 1762//607
f 2033//607 2429//607 1762//607
f 1762//607 2429//607 2089//607
f 2429//607 1761//607 2089//607
f 2089//607 1761//607 2090//607
f 1785//607 2089//607 2090//607
f 2128//607 1781//607 2094//607
f 1781//607 2078//607 2094//607
f 2095//607 2094//607 1784//607
f 2113//607 2095//607 1784//607
f 2125//607 2113//607 2091//607
f 2130//607 1778//607 2110//607
f 2136//607 2138//607 2137//607
f 2157//607 2137//607 2007//607
f 2123//607 1778//607 2122//607
f 1776//607 2119//607 2116//607
f 2110//607 1778//607 2123//607
f 1775//607 2110//607 2123//607
f 2147//607 2007//607 2158//607
f 2107//607 2110//607 1775//607
f 1774//607 2107//607 1775//607
f 2109//607 2107//607 1774//607
f 2108//607 2109//607 2106//607
f 2160//607 2158//607 2146//607
f 2106//607 2109//607 2105//607
f 2146//607 2542//607 2159//607
f 2105//607 2109//607 1774//607
f 2160//607 2146//607 2161//607
f 2146//607 2159//607 2161//607
f 2160//607 2161//607 2162//607
f 2002//607 2160//607 2011//607
f 2160//607 2162//607 2011//607
f 2164//607 2165//607 2163//607
f 2162//607 2164//607 2163//607
f 1773//607 1776//607 2122//607
f 2162//607 2163//607 2011//607
f 2002//607 2011//607 2010//607
f 2011//607 2547//607 2281//607
f 2010//607 2011//607 2281//607
f 2547//607 2531//607 2281//607
f 2531//607 2530//607 2281//607
f 2530//607 2279//607 2281//607
f 2166//607 2165//607 2164//607
f 2166//607 2164//607 2167//607
f 2133//607 2166//607 2134//607
f 2166//607 2167//607 2134//607
f 2133//607 2134//607 2170//607
f 2279//607 2133//607 2170//607
f 2134//607 2139//607 2170//607
f 2115//607 2122//607 1776//607
f 2139//607 2541//607 2148//607
f 2139//607 2148//607 2150//607
f 2262//607 2115//607 1776//607
f 2139//607 2150//607 2170//607
f 2117//607 2262//607 1776//607
f 2170//607 1990//607 1938//607
f 1938//607 1990//607 1816//607
f 1990//607 1805//607 1811//607
f 1777//607 2117//607 2035//607
f 2035//607 2117//607 2118//607
f 2279//607 2170//607 1949//607
f 1990//607 1811//607 1816//607
f 2118//607 2117//607 2256//607
f 2578//607 2257//607 2121//607
f 2258//607 1764//607 2121//607
f 1763//607 2578//607 2121//607
f 2121//607 2120//607 2579//607
f 1764//607 1763//607 2121//607
f 2258//607 2121//607 2579//607
f 2120//607 2118//607 2256//607
f 2579//607 2120//607 2256//607
f 2170//607 1938//607 2540//607
f 1776//607 2256//607 2117//607
f 2170//607 2540//607 1948//607
f 2116//607 1765//607 1743//607
f 2170//607 1948//607 1949//607
f 1948//607 2131//607 1949//607
f 1948//607 2132//607 2131//607
f 1743//607 1765//607 1760//607
f 2132//607 2141//607 2131//607
f 1757//607 1760//607 1742//607
f 2141//607 1813//607 2140//607
f 1813//607 1806//607 2140//607
f 1749//607 1679//607 1905//607
f 2141//607 2140//607 2131//607
f 1905//607 2569//607 2570//607
f 2570//607 2192//607 2573//607
f 2573//607 2194//607 2191//607
f 2279//607 1949//607 2553//607
f 1949//607 2143//607 2553//607
f 2143//607 2174//607 2553//607
f 2191//607 2194//607 2568//607
f 2143//607 2145//607 2174//607
f 2568//607 2194//607 2572//607
f 2174//607 2145//607 1812//607
f 1807//607 1812//607 1820//607
f 1820//607 1812//607 2145//607
f 1812//607 1831//607 2174//607
f 2571//607 2572//607 1899//607
f 2212//607 2571//607 1899//607
f 1831//607 1959//607 1963//607
f 1959//607 1961//607 1962//607
f 2212//607 1899//607 2215//607
f 1723//607 2212//607 2215//607
f 1831//607 1963//607 1819//607
f 2213//607 2212//607 1723//607
f 2213//607 2193//607 2211//607
f 1959//607 1962//607 1963//607
f 2178//607 2186//607 2177//607
f 2180//607 2178//607 2177//607
f 1745//607 2180//607 2179//607
f 2179//607 2180//607 2177//607
f 2177//607 2186//607 2189//607
f 1731//607 2189//607 2186//607
f 1731//607 2186//607 2175//607
f 2175//607 2186//607 2176//607
f 1682//607 1680//607 2188//607
f 1680//607 2187//607 2188//607
f 2188//607 2187//607 2176//607
f 2187//607 2175//607 2176//607
f 2176//607 2186//607 2182//607
f 2186//607 1724//607 2182//607
f 2182//607 1724//607 1730//607
f 2183//607 2182//607 1730//607
f 1730//607 1724//607 2211//607
f 2181//607 1722//607 1729//607
f 1730//607 2181//607 1729//607
f 1730//607 1729//607 2183//607
f 1724//607 2213//607 2211//607
f 1725//607 1730//607 2211//607
f 2185//607 1725//607 2211//607
f 1831//607 1819//607 2174//607
f 1819//607 1823//607 2174//607
f 2195//607 2632//607 2185//607
f 2195//607 2185//607 2196//607
f 1823//607 1828//607 1822//607
f 2197//607 2195//607 2196//607
f 1828//607 1829//607 1822//607
f 1980//607 1978//607 1979//607
f 1979//607 1978//607 1956//607
f 1957//607 1979//607 1956//607
f 1956//607 1960//607 1957//607
f 1957//607 1960//607 1827//607
f 1960//607 1829//607 1827//607
f 1828//607 1827//607 1829//607
f 2196//607 2202//607 2197//607
f 1823//607 1822//607 2174//607
f 1822//607 1818//607 2174//607
f 2633//607 2196//607 2185//607
f 1818//607 2142//607 2174//607
f 2184//607 2633//607 2185//607
f 2142//607 1937//607 2174//607
f 1726//607 2184//607 2185//607
f 1950//607 1844//607 2552//607
f 1937//607 1950//607 2552//607
f 1728//607 1726//607 1727//607
f 2156//607 2550//607 2551//607
f 2550//607 2153//607 2552//607
f 2551//607 2550//607 2552//607
f 2552//607 2153//607 1937//607
f 1727//607 1726//607 2185//607
f 2211//607 1727//607 2185//607
f 1937//607 2153//607 2152//607
f 1937//607 2152//607 2154//607
f 2152//607 2169//607 2154//607
f 2152//607 2546//607 2169//607
f 2546//607 2549//607 2169//607
f 2546//607 2149//607 2549//607
f 2193//607 2213//607 1723//607
f 2149//607 2276//607 2277//607
f 2149//607 2277//607 2549//607
f 2210//607 2215//607 1899//607
f 1937//607 2154//607 2151//607
f 2210//607 1899//607 2202//607
f 1899//607 2045//607 2202//607
f 2200//607 2210//607 2202//607
f 1937//607 2151//607 2174//607
f 2209//607 1727//607 2208//607
f 2201//607 2209//607 2208//607
f 2201//607 2208//607 2200//607
f 2214//607 2201//607 2200//607
f 2197//607 2202//607 2628//607
f 2202//607 2214//607 2200//607
f 2627//607 2628//607 2045//607
f 2628//607 2202//607 2045//607
f 2626//607 2627//607 2565//607
f 2627//607 2045//607 2565//607
f 2626//607 2565//607 2567//607
f 2625//607 2626//607 2567//607
f 2566//607 2625//607 2567//607
f 2621//607 2566//607 2567//607
f 2567//607 2631//607 2621//607
f 2560//607 2567//607 2565//607
f 1932//607 2560//607 2561//607
f 2560//607 2565//607 2561//607
f 2041//607 1932//607 1933//607
f 2279//607 2553//607 2144//607
f 2051//607 2050//607 1683//607
f 2050//607 2622//607 1683//607
f 1683//607 2622//607 1921//607
f 1683//607 1921//607 1910//607
f 1910//607 1921//607 1688//607
f 1712//607 1684//607 1685//607
f 1685//607 1684//607 1686//607
f 1684//607 1909//607 1686//607
f 1686//607 1909//607 1747//607
f 1909//607 1910//607 1747//607
f 1686//607 1747//607 1908//607
f 1747//607 1910//607 1688//607
f 1741//607 1895//607 1736//607
f 1735//607 1741//607 1736//607
f 1735//607 1736//607 1744//607
f 1746//607 1735//607 1744//607
f 1747//607 1746//607 1744//607
f 1747//607 1744//607 1908//607
f 2622//607 2616//607 1921//607
f 1924//607 1688//607 1921//607
f 1922//607 1924//607 1921//607
f 1916//607 1922//607 1921//607
f 2253//607 1916//607 2254//607
f 1916//607 1921//607 1917//607
f 2254//607 1915//607 2253//607
f 1917//607 2254//607 1916//607
f 1921//607 2616//607 1687//607
f 2616//607 2619//607 2042//607
f 1687//607 2616//607 2623//607
f 2623//607 2616//607 1934//607
f 1934//607 2616//607 2556//607
f 2556//607 2616//607 2042//607
f 2617//607 1934//607 2556//607
f 2618//607 2617//607 2556//607
f 2624//607 2618//607 2556//607
f 2279//607 2144//607 2278//607
f 2556//607 2557//607 2624//607
f 2042//607 2619//607 2620//607
f 2042//607 2620//607 2564//607
f 1933//607 2042//607 2041//607
f 2042//607 2564//607 2612//607
f 2042//607 2612//607 2041//607
f 2561//607 1933//607 1932//607
f 2608//607 2565//607 2045//607
f 2607//607 2608//607 2045//607
f 2606//607 2607//607 2045//607
f 2605//607 2606//607 2045//607
f 2044//607 2605//607 2045//607
f 2604//607 2044//607 2046//607
f 2044//607 2045//607 2046//607
f 2048//607 2604//607 2046//607
f 2043//607 2046//607 2045//607
f 2043//607 2045//607 1690//607
f 1690//607 1689//607 1754//607
f 2039//607 2038//607 1754//607
f 1754//607 2038//607 1756//607
f 2038//607 2036//607 1756//607
f 1756//607 2036//607 2346//607
f 2346//607 2036//607 2345//607
f 2036//607 1755//607 2345//607
f 1772//607 1756//607 2347//607
f 1756//607 2346//607 2347//607
f 1788//607 1772//607 2343//607
f 1755//607 1796//607 2345//607
f 1796//607 1768//607 2345//607
f 1797//607 1793//607 1768//607
f 2347//607 2343//607 1772//607
f 1768//607 1793//607 1767//607
f 1769//607 1768//607 1767//607
f 1793//607 1864//607 1767//607
f 1808//607 1769//607 1767//607
f 1808//607 1767//607 1794//607
f 2362//607 2344//607 2342//607
f 2279//607 2278//607 2280//607
f 2279//607 2280//607 2281//607
f 2361//607 2362//607 2342//607
f 2281//607 2282//607 2548//607
f 2281//607 2548//607 2010//607
f 2342//607 1808//607 2360//607
f 2361//607 2342//607 2360//607
f 2373//607 2360//607 1808//607
f 2372//607 2373//607 1808//607
f 2371//607 2372//607 1808//607
f 2370//607 2371//607 2021//607
f 2371//607 1808//607 2021//607
f 2368//607 2370//607 2021//607
f 2002//607 2010//607 2173//607
f 2010//607 2171//607 2173//607
f 2010//607 2554//607 2171//607
f 2554//607 2555//607 2156//607
f 2171//607 2554//607 2156//607
f 2555//607 2172//607 2156//607
f 2172//607 2155//607 2156//607
f 2155//607 2543//607 2156//607
f 2171//607 1945//607 2173//607
f 1945//607 2528//607 1944//607
f 2173//607 1945//607 1944//607
f 2232//607 1852//607 2247//607
f 1855//607 1854//607 2224//607
f 1852//607 2245//607 2247//607
f 1857//607 1856//607 1858//607
f 1857//607 1858//607 1854//607
f 2245//607 1852//607 1855//607
f 1852//607 1851//607 1855//607
f 1858//607 2224//607 1854//607
f 2233//607 2232//607 2250//607
f 2232//607 2247//607 2246//607
f 2224//607 2245//607 1855//607
f 2232//607 2246//607 2249//607
f 2228//607 2233//607 2234//607
f 2232//607 2249//607 2250//607
f 2233//607 2250//607 2234//607
f 2228//607 2234//607 2227//607
f 2228//607 2227//607 2235//607
f 2536//607 2228//607 2235//607
f 2235//607 2529//607 2536//607
f 2536//607 2529//607 2535//607
f 2535//607 2529//607 2534//607
f 2529//607 2168//607 2528//607
f 2534//607 2529//607 2533//607
f 2533//607 2529//607 2532//607
f 2168//607 1944//607 2528//607
f 2532//607 2529//607 2528//607
f 2337//607 2366//607 2364//607
f 2021//607 2337//607 2367//607
f 2337//607 2364//607 2367//607
f 2021//607 2367//607 2369//607
f 2021//607 2369//607 2368//607
f 1794//607 2021//607 1808//607
f 1767//607 1864//607 2017//607
f 2017//607 1864//607 2019//607
f 1864//607 1863//607 2019//607
f 1863//607 1862//607 2015//607
f 2019//607 1863//607 2018//607
f 2015//607 1862//607 1792//607
f 2018//607 1863//607 2016//607
f 1862//607 2002//607 2014//607
f 2020//607 2018//607 2016//607
f 2002//607 2173//607 2012//607
f 1863//607 2015//607 2016//607
f 2002//607 2012//607 2283//607
f 2353//607 2354//607 2030//607
f 2502//607 2353//607 2030//607
f 2502//607 2030//607 2468//607
f 2030//607 2077//607 2468//607
f 2503//607 2502//607 2468//607
f 2493//607 2503//607 2468//607
f 2494//607 2476//607 2404//607
f 2404//607 2477//607 2494//607
f 2495//607 2494//607 2477//607
f 2495//607 2477//607 2489//607
f 2490//607 2495//607 2489//607
f 2490//607 2489//607 2492//607
f 2489//607 2493//607 2492//607
f 2491//607 2492//607 2493//607
f 2468//607 2491//607 2493//607
f 2468//607 2077//607 2466//607
f 2472//607 2468//607 2466//607
f 2470//607 2472//607 2466//607
f 2462//607 2470//607 2466//607
f 2475//607 2459//607 2476//607
f 2475//607 2476//607 2473//607
f 2463//607 2475//607 2473//607
f 2473//607 2474//607 2463//607
f 2463//607 2474//607 2462//607
f 2461//607 2463//607 2462//607
f 2461//607 2462//607 2464//607
f 2002//607 2283//607 2009//607
f 2469//607 2464//607 2462//607
f 2471//607 2469//607 2462//607
f 2466//607 2471//607 2462//607
f 2466//607 2077//607 2484//607
f 2421//607 2466//607 2484//607
f 2482//607 2421//607 2484//607
f 2479//607 2482//607 2484//607
f 2478//607 2479//607 2484//607
f 2460//607 2457//607 2478//607
f 2480//607 2460//607 2478//607
f 2481//607 2480//607 2478//607
f 2420//607 2481//607 2478//607
f 2484//607 2420//607 2478//607
f 2484//607 2077//607 2483//607
f 2483//607 2077//607 2467//607
f 2467//607 2077//607 2486//607
f 2486//607 2077//607 2456//607
f 2077//607 2023//607 2465//607
f 2456//607 2077//607 2465//607
f 2465//607 2023//607 2351//607
f 2419//607 2465//607 2351//607
f 2419//607 2485//607 2465//607
f 2351//607 2023//607 2076//607
f 2023//607 2339//607 2022//607
f 2076//607 2023//607 2022//607
f 2350//607 2351//607 2076//607
f 2339//607 2341//607 2359//607
f 2487//607 2350//607 2076//607
f 2341//607 2338//607 2359//607
f 2349//607 2487//607 2076//607
f 2022//607 2339//607 2359//607
f 2348//607 2349//607 2076//607
f 2454//607 2453//607 2452//607
f 2451//607 2454//607 2452//607
f 2451//607 2452//607 2507//607
f 2451//607 2507//607 2312//607
f 2450//607 2451//607 2312//607
f 2507//607 2488//607 2312//607
f 2312//607 2488//607 2076//607
f 2002//607 2009//607 2008//607
f 1889//607 1888//607 2312//607
f 2312//607 1887//607 1889//607
f 2312//607 1888//607 2444//607
f 2312//607 2444//607 2450//607
f 2076//607 2488//607 2348//607
f 2338//607 1780//607 2359//607
f 1780//607 2336//607 2359//607
f 2002//607 2008//607 2006//607
f 2336//607 2020//607 1786//607
f 2359//607 2336//607 1786//607
f 2002//607 2006//607 2001//607
f 2006//607 1946//607 2001//607
f 2006//607 2005//607 1946//607
f 2005//607 2003//607 1946//607
f 2016//607 1786//607 2020//607
f 2003//607 2284//607 1946//607
f 2003//607 1947//607 2284//607
f 1947//607 2285//607 2284//607
f 2275//607 2289//607 2309//607
f 2289//607 2290//607 2293//607
f 2290//607 2291//607 2293//607
f 2291//607 2288//607 2286//607
f 2288//607 2292//607 2286//607
f 2292//607 2287//607 2294//607
f 2287//607 2274//607 2294//607
f 2274//607 2297//607 2295//607
f 2295//607 2297//607 2296//607
f 2297//607 2299//607 2296//607
f 2292//607 2294//607 2286//607
f 2293//607 2291//607 2286//607
f 2274//607 2295//607 2294//607
f 2289//607 2293//607 2310//607
f 2289//607 2310//607 2309//607
f 2275//607 2309//607 2389//607
f 2285//607 2275//607 2307//607
f 2275//607 2389//607 2308//607
f 2275//607 2308//607 2307//607
f 2307//607 2308//607 2306//607
f 2307//607 2306//607 2302//607
f 1792//607 1862//607 2014//607
f 2285//607 2307//607 2311//607
f 2285//607 2311//607 2284//607
f 2013//607 2014//607 2002//607
f 2311//607 1890//607 1865//607
f 2004//607 2013//607 2002//607
f 2001//607 2004//607 2002//607
f 2284//607 2311//607 1865//607
f 1865//607 1890//607 1995//607
f 1890//607 1892//607 1993//607
f 1995//607 1890//607 1994//607
f 1892//607 1893//607 1891//607
f 1994//607 1890//607 1993//607
f 1891//607 1993//607 1892//607
f 414//583 416//1245 415//584
f 409//586 410//1246 412//587
f 445//594 446//1247 433//595
f 438//1237 435//1248 437//1249
f 938//4 933//4 1049//4
f 934//4 1049//4 933//4
f 933//4 1048//4 1051//4
f 1086//4 934//4 933//4
f 933//4 1051//4 1075//4
f 1061//4 1086//4 1081//4
f 1081//4 1086//4 1075//4
f 1086//4 933//4 1075//4
f 1075//4 913//4 1076//4
f 1075//4 1076//4 1080//4
f 1080//4 1081//4 1075//4
f 409//578 408//577 410//1250
f 2815//1251 2812//639 2814//1201
f 481//1252 482//1252 490//1252
f 3044//1253 3051//974 3043//981
f 2312//607 1893//607 1887//607
f 540//1254 541//1255 535//1256
f 487//1257 489//641 486//643
f 461//617 458//791 462//615
f 440//1236 439//1238 443//1240
f 387//1258 389//1259 388//1260
f 449//98 448//1261 447//99
f 457//608 456//1262 451//609
f 492//1263 493//1263 501//1263
f 444//592 445//591 442//1264
f 476//1265 472//1266 477//1267
f 458//791 461//617 460//792
f 471//614 476//613 470//1268
f 4//1269 3//1270 6//1271
f 60//1272 58//1273 59//1274
f 12//618 7//1275 8//619
f 2726//622 2723//622 2725//622
f 606//889 605//1276 608//887
f 501//1277 499//1277 502//1277
f 475//1278 473//1278 474//1278
f 3053//975 3046//983 3054//976
f 423//1249 425//1238 424//1237
f 7//1111 10//1110 8//1279
f 68//1280 69//1280 64//1280
f 498//1257 500//682 497//643
f 2887//1281 2886//570 2888//1282
f 78//724 84//723 77//1283
f 504//650 509//1284 510//651
f 480//1285 478//630 479//629
f 505//228 506//1174 504//229
f 505//1286 507//648 506//647
f 632//653 629//653 631//653
f 556//1287 557//1287 558//1287
f 2748//1288 2746//1063 2747//1289
f 603//1290 605//833 604//832
f 513//228 514//1174 512//229
f 574//696 575//1291 585//694
f 516//1226 515//1226 518//1226
f 524//1226 523//1226 526//1226
f 473//98 471//1261 470//99
f 69//1292 68//1292 70//1292
f 574//1293 576//690 575//692
f 508//1226 507//1226 510//1226
f 672//564 671//564 670//564
f 2990//1294 2988//1048 2991//1047
f 3051//974 3052//1295 3053//975
f 582//1296 584//1296 583//1296
f 396//1297 397//1297 395//1297
f 536//1298 535//1298 537//1298
f 549//1287 550//1287 551//1287
f 543//1299 547//1254 542//1256
f 679//528 677//675 678//726
f 1886//607 2517//607 2514//607
f 2514//607 2518//607 1886//607
f 692//1300 694//1168 693//1167
f 366//1230 367//1231 365//1301
f 2776//709 2775//709 2774//709
f 553//1242 552//1242 555//1242
f 595//733 596//1302 593//734
f 2730//711 2727//711 2729//711
f 547//1254 548//1255 542//1256
f 636//535 635//535 634//535
f 573//1303 571//1303 572//1303
f 668//711 667//711 666//711
f 536//1299 540//1254 535//1256
f 376//811 375//1132 377//809
f 703//721 700//721 702//721
f 3014//1304 3013//1305 3012//1306
f 79//1307 74//1307 75//1307
f 581//1308 582//1309 580//1310
f 53//1173 55//1311 54//1171
f 599//1312 600//1313 601//1314
f 2053//607 1781//607 2128//607
f 2053//607 2128//607 2111//607
f 1777//607 2053//607 2111//607
f 2117//607 1777//607 2114//607
f 2128//607 2104//607 2108//607
f 2114//607 1777//607 1766//607
f 2104//607 2109//607 2108//607
f 1766//607 1777//607 2111//607
f 2128//607 2108//607 2111//607
f 601//1315 603//1315 602//1315
f 499//1316 500//1316 502//1316
f 416//1317 417//1317 415//1317
f 529//228 530//1174 528//229
f 2645//725 2644//725 2643//725
f 391//1149 390//1148 392//1318
f 699//564 698//564 697//564
f 3234//1319 3233//1320 3235//1321
f 660//725 657//725 659//725
f 405//1322 402//89 404//91
f 652//622 651//622 650//622
f 545//667 547//666 546//1323
f 2952//1324 2953//1325 2951//1326
f 602//1327 599//1312 601//1314
f 3208//725 3205//725 3207//725
f 3277//1099 3276//1328 3275//1097
f 3254//709 3253//709 3252//709
f 3233//744 3234//1329 3237//745
f 2276//607 2548//607 2282//607
f 62//1330 55//1330 56//1330
f 1522//4 1520//4 1531//4
f 1452//4 1474//4 1453//4
f 1474//4 1555//4 1554//4
f 1475//4 1453//4 1474//4
f 1474//4 1554//4 1475//4
f 2654//150 2657//875 2656//151
f 3200//1331 3197//1332 3199//1333
f 430//773 431//772 428//1334
f 1024//4 1023//4 805//4
f 793//4 1024//4 805//4
f 793//4 805//4 1009//4
f 805//4 794//4 1009//4
f 1009//4 794//4 780//4
f 781//4 793//4 1009//4
f 794//4 1123//4 780//4
f 1009//4 1010//4 1008//4
f 1117//4 1009//4 799//4
f 1121//4 1117//4 799//4
f 1009//4 1008//4 1604//4
f 1009//4 1604//4 781//4
f 974//4 1121//4 799//4
f 802//4 974//4 799//4
f 1123//4 1025//4 780//4
f 991//4 796//4 795//4
f 991//4 795//4 990//4
f 1027//4 804//4 1026//4
f 804//4 991//4 1026//4
f 991//4 990//4 1026//4
f 990//4 802//4 1026//4
f 799//4 1026//4 802//4
f 809//4 808//4 814//4
f 815//4 809//4 814//4
f 815//4 814//4 816//4
f 1020//4 815//4 816//4
f 1020//4 816//4 1021//4
f 816//4 984//4 1021//4
f 816//4 985//4 984//4
f 1019//4 1020//4 1021//4
f 821//4 820//4 975//4
f 980//4 821//4 975//4
f 980//4 975//4 984//4
f 985//4 980//4 984//4
f 813//4 1019//4 819//4
f 1019//4 1021//4 1012//4
f 1019//4 1012//4 1013//4
f 1013//4 1012//4 981//4
f 811//4 813//4 986//4
f 1012//4 982//4 981//4
f 1019//4 1013//4 819//4
f 982//4 792//4 981//4
f 792//4 791//4 1022//4
f 792//4 1022//4 981//4
f 813//4 819//4 986//4
f 989//4 811//4 810//4
f 811//4 986//4 810//4
f 989//4 810//4 807//4
f 810//4 987//4 835//4
f 810//4 835//4 807//4
f 989//4 807//4 806//4
f 807//4 780//4 1025//4
f 806//4 807//4 1025//4
f 1081//4 1080//4 1062//4
f 1054//4 1081//4 1062//4
f 1054//4 1062//4 1055//4
f 935//4 1054//4 1055//4
f 935//4 1055//4 915//4
f 916//4 935//4 915//4
f 943//4 916//4 915//4
f 943//4 915//4 887//4
f 943//4 887//4 1084//4
f 887//4 1077//4 1084//4
f 1078//4 1086//4 1060//4
f 943//4 1084//4 942//4
f 1084//4 1085//4 1078//4
f 1086//4 1061//4 1060//4
f 914//4 1077//4 913//4
f 1076//4 913//4 936//4
f 1078//4 1060//4 1082//4
f 936//4 913//4 1077//4
f 937//4 936//4 1077//4
f 1078//4 1082//4 1084//4
f 1082//4 942//4 1084//4
f 887//4 937//4 1077//4
f 2676//1170 2674//1191 2675//201
f 644//751 643//751 642//751
f 2682//752 2681//752 2680//752
f 2764//751 2761//751 2763//751
f 2706//725 2705//725 2704//725
f 688//673 690//997 689//999
f 2641//535 2638//535 2640//535
f 2780//535 2779//535 2778//535
f 2788//535 2785//535 2787//535
f 2804//535 2801//535 2803//535
f 2847//535 2844//535 2846//535
f 424//1237 421//1248 423//1249
f 2839//709 2838//709 2837//709
f 2869//535 2866//535 2868//535
f 354//664 353//663 355//1335
f 1180//4 763//4 1135//4
f 763//4 1175//4 1174//4
f 758//4 1180//4 1140//4
f 719//4 758//4 742//4
f 754//4 742//4 758//4
f 763//4 1174//4 1135//4
f 754//4 758//4 1140//4
f 1180//4 1135//4 755//4
f 1140//4 1180//4 755//4
f 1135//4 1192//4 757//4
f 1135//4 1172//4 761//4
f 1140//4 755//4 1125//4
f 1125//4 755//4 872//4
f 1172//4 1171//4 1134//4
f 1135//4 757//4 755//4
f 1172//4 1134//4 761//4
f 756//4 1125//4 1132//4
f 1125//4 872//4 1126//4
f 1132//4 1125//4 1126//4
f 1135//4 761//4 1192//4
f 1129//4 756//4 1131//4
f 1192//4 1182//4 757//4
f 1182//4 1187//4 757//4
f 1187//4 1181//4 757//4
f 756//4 1132//4 1131//4
f 1130//4 1129//4 1131//4
f 872//4 867//4 1139//4
f 867//4 1360//4 1144//4
f 867//4 1144//4 1128//4
f 867//4 1128//4 1139//4
f 1139//4 1126//4 872//4
f 550//530 552//1336 553//531
f 378//810 377//809 379//1337
f 529//1286 531//648 530//647
f 656//764 655//764 654//764
f 628//725 625//725 627//725
f 437//1249 439//1238 438//1237
f 451//1278 449//1278 450//1278
f 395//1338 405//575 396//574
f 711//751 708//751 710//751
f 1322//4 1346//4 1316//4
f 1322//4 1316//4 1321//4
f 1316//4 1339//4 1340//4
f 1321//4 1316//4 1340//4
f 1340//4 1339//4 1317//4
f 1339//4 1341//4 1320//4
f 1341//4 1319//4 838//4
f 838//4 1320//4 1341//4
f 1339//4 1320//4 1318//4
f 1320//4 1040//4 1323//4
f 1317//4 1339//4 1318//4
f 1320//4 1323//4 1324//4
f 1320//4 1324//4 1318//4
f 1596//4 1597//4 1332//4
f 1597//4 1330//4 1332//4
f 1333//4 1332//4 1330//4
f 1307//4 1333//4 1330//4
f 1592//4 1588//4 1328//4
f 1307//4 1330//4 1589//4
f 1330//4 1590//4 1589//4
f 1593//4 1592//4 1328//4
f 1590//4 1598//4 1589//4
f 1331//4 1593//4 1328//4
f 1328//4 1307//4 1331//4
f 1594//4 1331//4 1307//4
f 1589//4 1594//4 1307//4
f 1589//4 1598//4 1595//4
f 1598//4 1300//4 1447//4
f 1595//4 1598//4 1447//4
f 1300//4 1599//4 1588//4
f 1300//4 1588//4 1301//4
f 1300//4 1301//4 1447//4
f 3272//227 3269//226 3273//1339
f 693//1167 691//998 692//1300
f 1639//4 1574//4 1578//4
f 1639//4 1578//4 1580//4
f 1580//4 1579//4 1639//4
f 1574//4 1573//4 1578//4
f 1573//4 1191//4 1575//4
f 1578//4 1573//4 1575//4
f 1191//4 1576//4 1640//4
f 1576//4 1583//4 1641//4
f 1575//4 1191//4 1640//4
f 1583//4 1127//4 1367//4
f 1127//4 1357//4 1365//4
f 1357//4 1358//4 1356//4
f 1640//4 1576//4 1190//4
f 1367//4 1127//4 1365//4
f 1190//4 1576//4 1641//4
f 870//4 1641//4 1583//4
f 1367//4 870//4 1583//4
f 1365//4 1357//4 1356//4
f 1358//4 1642//4 1359//4
f 1356//4 1358//4 1359//4
f 1642//4 1361//4 1359//4
f 1361//4 1643//4 1638//4
f 1359//4 1361//4 1636//4
f 1636//4 1361//4 1638//4
f 1643//4 1363//4 1638//4
f 448//600 452//599 447//1340
f 3239//1094 3241//1093 3240//1341
f 518//1342 517//1342 516//1342
f 3220//751 3217//751 3219//751
f 2637//778 2636//778 2635//778
f 776//4 772//4 1427//4
f 774//4 778//4 1424//4
f 1421//4 775//4 774//4
f 775//4 777//4 774//4
f 772//4 1415//4 1414//4
f 779//4 776//4 778//4
f 1424//4 1421//4 774//4
f 1424//4 778//4 1425//4
f 772//4 1414//4 1413//4
f 1425//4 778//4 1426//4
f 772//4 1413//4 1427//4
f 1426//4 778//4 776//4
f 2702//535 2701//535 2700//535
f 443//1240 441//1241 440//1236
f 1873//607 2513//607 2401//607
f 1991//607 1872//607 2317//607
f 2402//607 1877//607 1872//607
f 1877//607 1873//607 2220//607
f 1873//607 2401//607 1874//607
f 2513//607 2400//607 2401//607
f 2516//607 2220//607 1992//607
f 2220//607 2317//607 1877//607
f 2317//607 1872//607 1877//607
f 1992//607 2220//607 2515//607
f 2515//607 2220//607 1873//607
f 2400//607 1876//607 2401//607
f 2401//607 1876//607 1880//607
f 1874//607 2515//607 1873//607
f 1883//607 1878//607 2516//607
f 1883//607 2516//607 1884//607
f 1876//607 1883//607 1884//607
f 1876//607 1884//607 1875//607
f 1876//607 1875//607 1880//607
f 426//1236 425//1238 429//1240
f 1412//4 1411//4 1376//4
f 1374//4 1396//4 1401//4
f 1376//4 1374//4 1397//4
f 1412//4 1376//4 1397//4
f 1374//4 1401//4 1400//4
f 3070//786 3072//1343 3073//787
f 81//603 82//602 76//1344
f 72//1345 73//1345 71//1345
f 682//1209 684//688 683//1346
f 429//659 428//658 427//1347
f 3284//1348 3286//1014 3285//1013
f 3262//564 3259//564 3261//564
f 419//1349 432//1350 418//1351
f 2686//564 2683//564 2685//564
f 389//1259 387//1258 390//1352
f 2742//622 2739//622 2741//622
f 566//797 565//1353 568//798
f 1493//4 1510//4 1492//4
f 1527//4 1493//4 1492//4
f 1527//4 1492//4 1459//4
f 1496//4 1384//4 1383//4
f 1496//4 1383//4 1495//4
f 1494//4 1496//4 1495//4
f 1494//4 1495//4 1527//4
f 1520//4 1522//4 1521//4
f 1524//4 1520//4 1523//4
f 1520//4 1521//4 1523//4
f 1524//4 1523//4 1525//4
f 1526//4 1524//4 1525//4
f 1526//4 1525//4 1504//4
f 1458//4 1526//4 1504//4
f 1458//4 1504//4 1457//4
f 1459//4 1458//4 1457//4
f 1459//4 1457//4 1507//4
f 1499//4 1547//4 1500//4
f 1501//4 1499//4 1500//4
f 1501//4 1500//4 1502//4
f 1503//4 1501//4 1502//4
f 1503//4 1502//4 1490//4
f 1491//4 1503//4 1490//4
f 1386//4 1491//4 1490//4
f 1386//4 1490//4 1385//4
f 1386//4 1385//4 1494//4
f 1508//4 1450//4 1509//4
f 1507//4 1508//4 1509//4
f 1507//4 1509//4 1532//4
f 1537//4 1539//4 1538//4
f 1539//4 1540//4 1538//4
f 1535//4 1537//4 1534//4
f 1537//4 1538//4 1534//4
f 1543//4 1535//4 1534//4
f 1543//4 1534//4 1544//4
f 1536//4 1543//4 1544//4
f 1536//4 1544//4 1519//4
f 1536//4 1519//4 1240//4
f 1519//4 1522//4 1516//4
f 1522//4 1531//4 1516//4
f 1512//4 1510//4 1511//4
f 1512//4 1511//4 1513//4
f 1460//4 1512//4 1513//4
f 1460//4 1513//4 1462//4
f 1461//4 1460//4 1462//4
f 1515//4 1461//4 1462//4
f 1515//4 1462//4 1514//4
f 1515//4 1514//4 1530//4
f 1516//4 1515//4 1530//4
f 1516//4 1530//4 843//4
f 1390//4 1386//4 1391//4
f 1242//4 1241//4 1433//4
f 1241//4 858//4 1433//4
f 1433//4 858//4 854//4
f 854//4 858//4 1587//4
f 1434//4 854//4 1587//4
f 858//4 1391//4 1587//4
f 1391//4 1386//4 852//4
f 1587//4 1391//4 852//4
f 1386//4 1494//4 852//4
f 1494//4 1527//4 852//4
f 1527//4 1459//4 852//4
f 1459//4 1507//4 1474//4
f 852//4 1459//4 1474//4
f 1507//4 1532//4 1474//4
f 1505//4 1383//4 843//4
f 1383//4 1384//4 843//4
f 1384//4 1506//4 1381//4
f 1384//4 845//4 843//4
f 845//4 1384//4 1381//4
f 1529//4 1505//4 843//4
f 1518//4 1529//4 843//4
f 1506//4 1382//4 1381//4
f 1517//4 1518//4 843//4
f 1382//4 1550//4 1381//4
f 1530//4 1517//4 843//4
f 845//4 1213//4 843//4
f 1440//4 1439//4 1437//4
f 1439//4 1438//4 1437//4
f 1437//4 1438//4 853//4
f 1438//4 1587//4 853//4
f 853//4 1587//4 852//4
f 857//4 856//4 852//4
f 1201//4 1555//4 1474//4
f 1454//4 1201//4 1474//4
f 856//4 855//4 852//4
f 851//4 848//4 857//4
f 852//4 851//4 857//4
f 1454//4 1474//4 1451//4
f 1451//4 1474//4 1533//4
f 1205//4 1454//4 1451//4
f 852//4 855//4 849//4
f 1202//4 1201//4 1473//4
f 1201//4 1472//4 1473//4
f 1473//4 1472//4 1479//4
f 1472//4 1478//4 1479//4
f 1479//4 1478//4 1162//4
f 1478//4 1161//4 1162//4
f 1162//4 1161//4 1159//4
f 1161//4 1160//4 1159//4
f 1159//4 1160//4 1157//4
f 1160//4 1166//4 1157//4
f 1157//4 1166//4 850//4
f 1158//4 1157//4 850//4
f 763//4 1452//4 764//4
f 1556//4 1452//4 1453//4
f 1452//4 1556//4 850//4
f 850//4 1556//4 1553//4
f 762//4 1175//4 763//4
f 764//4 762//4 763//4
f 1553//4 1158//4 850//4
f 865//4 764//4 1452//4
f 850//4 865//4 1452//4
f 1155//4 850//4 1166//4
f 1156//4 1155//4 1166//4
f 1156//4 1166//4 1164//4
f 1163//4 1156//4 1164//4
f 1168//4 1163//4 1164//4
f 1169//4 1168//4 1171//4
f 1168//4 1164//4 1171//4
f 1170//4 1169//4 1171//4
f 1172//4 1170//4 1171//4
f 1166//4 1197//4 1164//4
f 1141//4 1164//4 1197//4
f 1141//4 1197//4 1153//4
f 1154//4 1141//4 1183//4
f 1141//4 1153//4 1183//4
f 1167//4 1154//4 1186//4
f 1186//4 1154//4 1183//4
f 1184//4 1167//4 1181//4
f 1167//4 1186//4 1181//4
f 1187//4 1184//4 1181//4
f 1153//4 1197//4 1582//4
f 1583//4 1582//4 1197//4
f 1127//4 1583//4 1173//4
f 1583//4 1197//4 1189//4
f 1173//4 1583//4 1189//4
f 1189//4 1197//4 1188//4
f 1197//4 1471//4 1165//4
f 1188//4 1197//4 1581//4
f 1581//4 1197//4 1165//4
f 1471//4 1200//4 1165//4
f 1200//4 1198//4 1193//4
f 1368//4 1581//4 1165//4
f 1369//4 1368//4 1165//4
f 1370//4 1369//4 1165//4
f 1363//4 1370//4 1165//4
f 1363//4 1165//4 1638//4
f 1165//4 1200//4 1193//4
f 1193//4 1198//4 1196//4
f 1198//4 1455//4 1196//4
f 852//4 849//4 853//4
f 1455//4 1205//4 1194//4
f 1196//4 1455//4 1194//4
f 1194//4 1205//4 1204//4
f 1213//4 1380//4 844//4
f 1203//4 1194//4 1195//4
f 1213//4 844//4 843//4
f 1195//4 1194//4 1199//4
f 1516//4 843//4 1240//4
f 1519//4 1516//4 1240//4
f 1536//4 1240//4 1545//4
f 1545//4 1240//4 1546//4
f 1546//4 1240//4 1389//4
f 1389//4 1240//4 1388//4
f 1240//4 1238//4 1214//4
f 1388//4 1240//4 1214//4
f 1214//4 1238//4 1216//4
f 846//4 1372//4 1145//4
f 846//4 1145//4 847//4
f 846//4 847//4 1212//4
f 1212//4 847//4 1236//4
f 847//4 1239//4 1185//4
f 1236//4 847//4 1237//4
f 1237//4 847//4 1185//4
f 1239//4 1210//4 1238//4
f 1210//4 1209//4 1211//4
f 1210//4 1211//4 1551//4
f 1185//4 1239//4 1238//4
f 1210//4 1551//4 1387//4
f 1238//4 1210//4 1216//4
f 1532//4 1214//4 1216//4
f 1210//4 1387//4 1216//4
f 1532//4 1216//4 1215//4
f 1199//4 1194//4 1456//4
f 1532//4 1215//4 1533//4
f 1456//4 1194//4 1204//4
f 1532//4 1533//4 1474//4
f 1466//4 1467//4 1465//4
f 1464//4 1466//4 1465//4
f 1464//4 1465//4 1463//4
f 1542//4 1464//4 1463//4
f 1542//4 1463//4 1541//4
f 1533//4 1542//4 1541//4
f 1533//4 1541//4 1451//4
f 1451//4 1204//4 1205//4
f 3212//709 3211//709 3210//709
f 875//4 1355//4 880//4
f 1354//4 875//4 880//4
f 880//4 881//4 1136//4
f 874//4 873//4 1354//4
f 873//4 875//4 1354//4
f 881//4 880//4 1355//4
f 1147//4 880//4 1136//4
f 1146//4 1147//4 1136//4
f 752//4 1146//4 871//4
f 1136//4 881//4 1148//4
f 1146//4 1136//4 871//4
f 881//4 1353//4 1148//4
f 867//4 752//4 1360//4
f 1353//4 1138//4 1148//4
f 1142//4 1360//4 752//4
f 1138//4 1150//4 1148//4
f 1143//4 1142//4 752//4
f 1143//4 752//4 1152//4
f 1152//4 752//4 871//4
f 868//4 1152//4 876//4
f 876//4 1152//4 871//4
f 869//4 868//4 1130//4
f 1130//4 1131//4 1133//4
f 876//4 1130//4 868//4
f 1130//4 1133//4 869//4
f 1137//4 876//4 871//4
f 1150//4 966//4 1149//4
f 866//4 1137//4 719//4
f 1148//4 1150//4 1149//4
f 1137//4 871//4 719//4
f 753//4 866//4 719//4
f 966//4 961//4 1149//4
f 962//4 1149//4 961//4
f 751//4 962//4 750//4
f 750//4 962//4 961//4
f 921//4 751//4 882//4
f 918//4 921//4 946//4
f 1564//4 918//4 917//4
f 1566//4 1564//4 1565//4
f 1563//4 1566//4 1569//4
f 1047//4 931//4 1048//4
f 931//4 1563//4 1050//4
f 1050//4 1563//4 1567//4
f 1566//4 1565//4 1569//4
f 1564//4 917//4 1565//4
f 921//4 882//4 946//4
f 751//4 750//4 882//4
f 719//4 742//4 718//4
f 1563//4 931//4 901//4
f 735//4 925//4 1431//4
f 734//4 735//4 737//4
f 736//4 734//4 737//4
f 738//4 736//4 737//4
f 732//4 736//4 738//4
f 733//4 732//4 729//4
f 729//4 732//4 738//4
f 727//4 733//4 729//4
f 728//4 740//4 727//4
f 730//4 740//4 728//4
f 739//4 743//4 730//4
f 739//4 723//4 743//4
f 741//4 723//4 739//4
f 724//4 723//4 741//4
f 722//4 724//4 741//4
f 730//4 728//4 739//4
f 735//4 731//4 737//4
f 925//4 924//4 1432//4
f 729//4 728//4 727//4
f 731//4 735//4 1431//4
f 1431//4 925//4 1432//4
f 1432//4 924//4 1430//4
f 930//4 1430//4 924//4
f 941//4 1563//4 901//4
f 924//4 1072//4 1220//4
f 930//4 924//4 1220//4
f 941//4 901//4 1059//4
f 1221//4 1220//4 1072//4
f 941//4 1059//4 1058//4
f 1223//4 1221//4 1072//4
f 941//4 1058//4 940//4
f 1072//4 941//4 940//4
f 928//4 1223//4 1072//4
f 1058//4 1056//4 940//4
f 928//4 1072//4 1224//4
f 1559//4 928//4 1224//4
f 719//4 718//4 753//4
f 927//4 928//4 1559//4
f 907//4 927//4 1222//4
f 918//4 946//4 917//4
f 1563//4 1569//4 1083//4
f 1563//4 1083//4 1562//4
f 1563//4 1562//4 1568//4
f 1563//4 1568//4 1567//4
f 931//4 1050//4 1048//4
f 932//4 1047//4 1048//4
f 932//4 1048//4 933//4
f 939//4 932//4 933//4
f 932//4 939//4 1052//4
f 1053//4 932//4 1052//4
f 1053//4 1052//4 1057//4
f 1056//4 1053//4 1057//4
f 906//4 907//4 1222//4
f 1056//4 1057//4 940//4
f 1225//4 907//4 906//4
f 1072//4 940//4 1066//4
f 1072//4 1066//4 1675//4
f 1066//4 1064//4 1675//4
f 1064//4 1678//4 1675//4
f 1678//4 938//4 1675//4
f 1049//4 1652//4 938//4
f 938//4 1652//4 1063//4
f 1552//4 1209//4 1210//4
f 1208//4 1552//4 1210//4
f 1210//4 1179//4 1208//4
f 1469//4 1208//4 1179//4
f 1468//4 1469//4 1470//4
f 1469//4 1179//4 1470//4
f 1466//4 1468//4 1467//4
f 1470//4 1467//4 1468//4
f 1470//4 1179//4 1206//4
f 1206//4 1179//4 1207//4
f 1179//4 760//4 1203//4
f 1207//4 1179//4 1203//4
f 760//4 1176//4 1203//4
f 1194//4 1203//4 759//4
f 1203//4 1176//4 759//4
f 1176//4 1178//4 759//4
f 759//4 1178//4 1177//4
f 1178//4 1476//4 1177//4
f 1177//4 1476//4 1477//4
f 1177//4 1477//4 1225//4
f 906//4 1177//4 1225//4
f 1652//4 1665//4 1664//4
f 1652//4 1664//4 1067//4
f 1222//4 927//4 1559//4
f 1652//4 1067//4 1063//4
f 938//4 1063//4 1065//4
f 1646//4 1224//4 1072//4
f 938//4 1065//4 1675//4
f 1647//4 1646//4 1072//4
f 1072//4 1675//4 1674//4
f 1648//4 1647//4 1072//4
f 1675//4 1070//4 1674//4
f 1070//4 1068//4 1071//4
f 1649//4 1648//4 1072//4
f 1659//4 1656//4 1655//4
f 1655//4 1660//4 1659//4
f 1659//4 1660//4 1677//4
f 1660//4 1676//4 1677//4
f 1677//4 1676//4 1069//4
f 1068//4 1677//4 1069//4
f 1068//4 1069//4 1071//4
f 1560//4 1649//4 1072//4
f 1560//4 1072//4 1673//4
f 1071//4 1674//4 1070//4
f 877//4 878//4 1669//4
f 878//4 1073//4 1669//4
f 1669//4 1073//4 1650//4
f 1670//4 1669//4 1650//4
f 951//4 1670//4 1650//4
f 952//4 951//4 1650//4
f 919//4 952//4 1650//4
f 919//4 1650//4 949//4
f 948//4 919//4 949//4
f 973//4 948//4 893//4
f 893//4 948//4 949//4
f 1072//4 1674//4 1673//4
f 1558//4 1560//4 1561//4
f 1560//4 1673//4 1561//4
f 1673//4 1672//4 1561//4
f 1672//4 1671//4 1561//4
f 1558//4 1561//4 1645//4
f 1073//4 1558//4 1557//4
f 1671//4 1662//4 1661//4
f 1561//4 1671//4 1661//4
f 1662//4 1663//4 1661//4
f 1663//4 1657//4 1661//4
f 958//4 1227//4 1226//4
f 958//4 1226//4 959//4
f 970//4 958//4 959//4
f 970//4 959//4 972//4
f 893//4 970//4 973//4
f 970//4 972//4 973//4
f 920//4 949//4 1650//4
f 1558//4 1645//4 1557//4
f 886//4 920//4 1650//4
f 1073//4 1557//4 1074//4
f 1073//4 1074//4 929//4
f 1073//4 929//4 926//4
f 1073//4 926//4 1644//4
f 1073//4 1644//4 1651//4
f 1073//4 1651//4 1650//4
f 886//4 1650//4 945//4
f 889//4 886//4 885//4
f 886//4 945//4 953//4
f 950//4 717//4 944//4
f 945//4 950//4 953//4
f 950//4 944//4 953//4
f 886//4 953//4 884//4
f 886//4 884//4 883//4
f 884//4 910//4 892//4
f 910//4 912//4 911//4
f 910//4 911//4 892//4
f 884//4 892//4 883//4
f 947//4 889//4 888//4
f 886//4 883//4 885//4
f 889//4 885//4 888//4
f 947//4 888//4 895//4
f 947//4 895//4 955//4
f 896//4 955//4 895//4
f 1584//4 890//4 1585//4
f 749//4 1584//4 955//4
f 954//4 955//4 1584//4
f 947//4 955//4 747//4
f 895//4 894//4 896//4
f 1629//4 1583//4 1576//4
f 1629//4 1576//4 1572//4
f 1629//4 963//4 1577//4
f 969//4 1629//4 968//4
f 1629//4 1572//4 963//4
f 1572//4 960//4 963//4
f 960//4 956//4 963//4
f 956//4 1350//4 957//4
f 963//4 956//4 957//4
f 1350//4 1633//4 957//4
f 1633//4 1364//4 967//4
f 747//4 955//4 1586//4
f 1586//4 955//4 954//4
f 954//4 1584//4 1585//4
f 1585//4 890//4 1570//4
f 890//4 971//4 1227//4
f 1570//4 890//4 1227//4
f 971//4 969//4 1226//4
f 1226//4 1227//4 971//4
f 1571//4 1226//4 969//4
f 1571//4 969//4 968//4
f 1352//4 1571//4 968//4
f 1352//4 968//4 891//4
f 1352//4 891//4 1351//4
f 878//4 877//4 1351//4
f 1634//4 878//4 1351//4
f 891//4 1630//4 1634//4
f 1630//4 1631//4 1634//4
f 1634//4 1351//4 891//4
f 1639//4 967//4 1635//4
f 957//4 967//4 1628//4
f 1632//4 1628//4 967//4
f 967//4 957//4 1633//4
f 1366//4 1574//4 1639//4
f 1362//4 1366//4 1639//4
f 922//4 1362//4 1639//4
f 1635//4 922//4 1639//4
f 1364//4 1635//4 967//4
f 1629//4 1577//4 968//4
f 145//800 144//1354 146//801
f 4//686 1//685 3//1355
f 67//1356 65//555 66//557
f 562//1357 561//1357 560//1357
f 520//650 525//1284 526//651
f 375//1132 376//811 374//1131
f 2718//711 2717//711 2716//711
f 526//1342 525//1342 524//1342
f 2768//564 2765//564 2767//564
f 521//1286 523//648 522//647
f 543//1298 542//1298 544//1298
f 2949//898 2951//897 2950//1358
f 1342//4 1323//4 1040//4
f 1040//4 1274//4 1343//4
f 829//4 1275//4 1273//4
f 829//4 831//4 1274//4
f 1275//4 828//4 1036//4
f 1036//4 1316//4 1346//4
f 1036//4 1346//4 1035//4
f 831//4 829//4 830//4
f 1274//4 831//4 1343//4
f 1343//4 1342//4 1040//4
f 1036//4 1035//4 1275//4
f 1035//4 1273//4 1275//4
f 1273//4 830//4 829//4
f 2714//564 2713//564 2712//564
f 717//4 950//4 716//4
f 744//4 717//4 716//4
f 923//4 744//4 716//4
f 716//4 905//4 904//4
f 923//4 716//4 904//4
f 904//4 905//4 908//4
f 908//4 905//4 1654//4
f 1654//4 905//4 1657//4
f 903//4 908//4 1654//4
f 900//4 903//4 1654//4
f 1661//4 1657//4 1658//4
f 1658//4 1657//4 905//4
f 900//4 1654//4 899//4
f 898//4 900//4 899//4
f 1654//4 1655//4 899//4
f 1655//4 1656//4 899//4
f 912//4 898//4 911//4
f 897//4 911//4 898//4
f 1656//4 1653//4 899//4
f 1653//4 902//4 899//4
f 899//4 897//4 898//4
f 1653//4 1667//4 902//4
f 902//4 1667//4 896//4
f 1667//4 1666//4 896//4
f 1666//4 1665//4 896//4
f 909//4 902//4 896//4
f 1665//4 1652//4 1668//4
f 1079//4 909//4 896//4
f 1665//4 1668//4 896//4
f 896//4 894//4 1079//4
f 1261//4 1252//4 1260//4
f 510//1342 509//1342 508//1342
f 81//812 76//1359 79//813
f 513//1286 515//648 514//647
f 586//815 587//1360 596//816
f 612//622 609//622 611//622
f 676//535 673//535 675//535
f 2649//564 2648//564 2647//564
f 555//1357 554//1357 553//1357
f 2756//564 2753//564 2755//564
f 620//778 619//778 618//778
f 484//1361 483//1361 485//1361
f 557//530 559//1336 560//531
f 3004//1362 3002//308 3003//307
f 2062//607 1869//607 2061//607
f 3043//981 3047//865 3044//1253
f 3203//1363 3202//1075 3204//1077
f 1493//4 1511//4 1510//4
f 497//671 496//670 498//1364
f 1705//607 1700//607 1701//607
f 1700//607 1698//607 1701//607
f 1698//607 1697//607 1702//607
f 1697//607 1695//607 1699//607
f 1703//607 1705//607 1701//607
f 1703//607 1708//607 1705//607
f 1697//607 1699//607 1702//607
f 597//546 598//1365 607//547
f 2219//607 2526//607 2321//607
f 2219//607 2321//607 2222//607
f 2527//607 1861//607 2244//607
f 1861//607 2219//607 2216//607
f 2219//607 2222//607 2223//607
f 2219//607 2223//607 2216//607
f 1861//607 2216//607 2326//607
f 2216//607 1860//607 2326//607
f 1860//607 1859//607 2326//607
f 1964//607 1842//607 1838//607
f 1975//607 1964//607 1838//607
f 1837//607 1975//607 1981//607
f 1837//607 1981//607 1973//607
f 1837//607 1973//607 1982//607
f 1972//607 1982//607 1973//607
f 2244//607 1972//607 2537//607
f 1972//607 1973//607 2537//607
f 1842//607 1969//607 1838//607
f 1969//607 1842//607 1976//607
f 1842//607 1843//607 1965//607
f 1842//607 1965//607 1976//607
f 1975//607 1838//607 1981//607
f 2244//607 2537//607 2527//607
f 2244//607 1861//607 2538//607
f 2538//607 1861//607 2326//607
f 1859//607 2225//607 2326//607
f 2225//607 2323//607 2238//607
f 2326//607 2225//607 2328//607
f 2238//607 2323//607 2236//607
f 2322//607 2236//607 2323//607
f 2329//607 2328//607 2325//607
f 2328//607 2225//607 2325//607
f 1857//607 2329//607 2243//607
f 1856//607 1857//607 2243//607
f 2225//607 2238//607 2324//607
f 2225//607 2324//607 2325//607
f 2242//607 2243//607 2329//607
f 2241//607 2242//607 2330//607
f 2242//607 2329//607 2330//607
f 2329//607 2325//607 2327//607
f 2332//607 2241//607 2331//607
f 2241//607 2330//607 2331//607
f 2329//607 2327//607 2226//607
f 2235//607 2227//607 2237//607
f 2227//607 2332//607 2239//607
f 2237//607 2227//607 2239//607
f 2329//607 2226//607 2330//607
f 2240//607 2239//607 2332//607
f 591//861 592//1366 594//862
f 567//825 568//1367 570//826
f 1830//607 1977//607 1834//607
f 1830//607 1834//607 1833//607
f 1835//607 1830//607 1833//607
f 1835//607 1833//607 1832//607
f 2911//828 2910//1368 2909//829
f 584//1369 585//1369 583//1369
f 1381//4 1550//4 1528//4
f 1293//4 1381//4 1549//4
f 1381//4 1528//4 1549//4
f 1293//4 1549//4 1547//4
f 1293//4 1547//4 1548//4
f 1547//4 1499//4 1548//4
f 1293//4 1548//4 1498//4
f 863//4 1293//4 1482//4
f 1293//4 1498//4 1497//4
f 861//4 863//4 859//4
f 1293//4 1497//4 1482//4
f 863//4 1482//4 859//4
f 1243//4 861//4 859//4
f 1245//4 1243//4 1244//4
f 1243//4 859//4 1294//4
f 1243//4 1294//4 862//4
f 1243//4 862//4 1244//4
f 862//4 1294//4 864//4
f 1294//4 1481//4 864//4
f 864//4 1481//4 860//4
f 1481//4 1390//4 860//4
f 1390//4 1391//4 1480//4
f 1390//4 1480//4 860//4
f 1480//4 1296//4 860//4
f 769//4 860//4 1487//4
f 1448//4 769//4 1449//4
f 1296//4 1295//4 860//4
f 1449//4 769//4 770//4
f 1295//4 1489//4 860//4
f 1242//4 770//4 769//4
f 1241//4 1242//4 769//4
f 1489//4 1488//4 860//4
f 1483//4 1241//4 769//4
f 1488//4 1487//4 860//4
f 1435//4 1483//4 769//4
f 1484//4 1435//4 769//4
f 769//4 1487//4 1486//4
f 769//4 1486//4 1485//4
f 1485//4 1484//4 769//4
f 2722//535 2721//535 2720//535
f 1805//607 1990//607 1817//607
f 1817//607 1812//607 1807//607
f 1807//607 1806//607 1817//607
f 1806//607 1813//607 1817//607
f 1989//607 1817//607 1990//607
f 624//564 623//564 622//564
f 616//564 615//564 614//564
f 1848//607 1847//607 1954//607
f 1847//607 1953//607 1954//607
f 435//1248 436//1370 437//1249
f 715//535 712//535 714//535
f 2901//807 2903//806 2902//1371
f 2792//751 2791//751 2790//751
f 640//564 637//564 639//564
f 707//836 704//836 706//836
f 1727//607 2209//607 1728//607
f 2819//564 2816//564 2818//564
f 648//535 647//535 646//535
f 558//1372 561//1372 556//1372
f 2973//905 2975//840 2974//842
f 2954//1373 2951//1326 2953//1325
f 3062//1374 3061//1222 3060//1221
f 3216//564 3213//564 3215//564
f 2342//607 2344//607 2333//607
f 2335//607 2333//607 2363//607
f 2334//607 2335//607 2337//607
f 2333//607 2340//607 2342//607
f 2366//607 2337//607 2335//607
f 2344//607 2363//607 2333//607
f 2365//607 2366//607 2335//607
f 2335//607 2363//607 2365//607
f 2384//607 2382//607 1800//607
f 1800//607 1737//607 2374//607
f 1737//607 2379//607 2374//607
f 2383//607 2384//607 1800//607
f 1800//607 2374//607 2383//607
f 688//673 689//999 687//674
f 2302//607 2306//607 2300//607
f 2305//607 2302//607 2300//607
f 2304//607 2305//607 2299//607
f 2303//607 2304//607 2299//607
f 2301//607 2303//607 2299//607
f 2298//607 2301//607 2299//607
f 2297//607 2298//607 2299//607
f 2305//607 2300//607 2299//607
f 440//1236 438//1237 439//1238
f 538//667 540//666 539//1323
f 544//1155 545//1155 546//1155
f 2099//607 1868//607 2100//607
f 2099//607 2100//607 2511//607
f 2101//607 2099//607 2433//607
f 2099//607 2511//607 2510//607
f 2098//607 2101//607 2433//607
f 2099//607 2510//607 2432//607
f 2099//607 2432//607 2433//607
f 2060//607 2098//607 2433//607
f 2433//607 2432//607 2437//607
f 2432//607 2436//607 2437//607
f 2436//607 2439//607 2437//607
f 2433//607 2058//607 2059//607
f 2060//607 2433//607 2059//607
f 2058//607 1787//607 2103//607
f 2439//607 2438//607 2437//607
f 2058//607 2103//607 2085//607
f 2058//607 2085//607 2059//607
f 391//740 392//1375 393//738
f 2631//607 2567//607 2206//607
f 2631//607 2206//607 2198//607
f 2199//607 2631//607 1715//607
f 2631//607 2198//607 1715//607
f 1928//607 2199//607 1907//607
f 2199//607 1715//607 1907//607
f 1907//607 1715//607 1902//607
f 1907//607 1902//607 1900//607
f 2611//607 1928//607 1907//607
f 2563//607 2611//607 1907//607
f 1901//607 2050//607 2051//607
f 2051//607 1904//607 1901//607
f 1901//607 1904//607 1902//607
f 1904//607 1900//607 1902//607
f 2563//607 1907//607 1935//607
f 2563//607 1935//607 1732//607
f 2563//607 1732//607 1716//607
f 2563//607 1716//607 2610//607
f 1714//607 1713//607 1716//607
f 1713//607 1714//607 1926//607
f 1714//607 1712//607 1926//607
f 1712//607 1685//607 1926//607
f 2205//607 2563//607 2562//607
f 1716//607 1713//607 2610//607
f 2563//607 2610//607 2562//607
f 1713//607 1734//607 2610//607
f 1734//607 1733//607 2629//607
f 2610//607 1734//607 2629//607
f 1733//607 1718//607 1719//607
f 2629//607 1733//607 1927//607
f 2628//607 2627//607 2204//607
f 2207//607 2628//607 2204//607
f 2203//607 2207//607 2204//607
f 2203//607 2204//607 2205//607
f 2562//607 2203//607 2205//607
f 1718//607 1717//607 1719//607
f 1927//607 1733//607 1719//607
f 2615//607 1927//607 1719//607
f 2614//607 2615//607 1719//607
f 1717//607 1895//607 1719//607
f 2613//607 2614//607 1719//607
f 1895//607 1741//607 1740//607
f 2613//607 1719//607 2630//607
f 2609//607 2613//607 2630//607
f 2185//607 2632//607 2049//607
f 2049//607 2632//607 2609//607
f 2630//607 2049//607 2609//607
f 1740//607 1719//607 1895//607
f 1751//607 1740//607 1741//607
f 1753//607 1759//607 1750//607
f 1752//607 1740//607 1759//607
f 1740//607 1751//607 1911//607
f 1740//607 1911//607 2558//607
f 1759//607 1740//607 2558//607
f 1759//607 2558//607 1750//607
f 2593//607 1753//607 1915//607
f 1753//607 1750//607 1914//607
f 1753//607 1914//607 2253//607
f 2588//607 2593//607 1915//607
f 1753//607 2253//607 1915//607
f 2588//607 1915//607 2589//607
f 1915//607 2590//607 2589//607
f 2594//607 2588//607 2589//607
f 2590//607 2557//607 1913//607
f 2557//607 2556//607 1920//607
f 1925//607 1913//607 1920//607
f 1923//607 1925//607 1920//607
f 2557//607 1920//607 1913//607
f 2057//607 2034//607 1868//607
f 2055//607 2057//607 1868//607
f 2078//607 2079//607 1787//607
f 1787//607 2079//607 2084//607
f 2102//607 2103//607 1787//607
f 2084//607 2102//607 1787//607
f 2084//607 2079//607 2056//607
f 2079//607 1795//607 2056//607
f 2056//607 1795//607 2054//607
f 1795//607 2080//607 2054//607
f 2054//607 2080//607 2081//607
f 2080//607 2055//607 2082//607
f 2081//607 2080//607 2082//607
f 2082//607 2055//607 2083//607
f 2083//607 2055//607 1868//607
f 2034//607 2586//607 1868//607
f 2099//607 2083//607 1868//607
f 2586//607 2587//607 1868//607
f 1869//607 2062//607 2587//607
f 2062//607 1868//607 2587//607
f 2587//607 2052//607 1869//607
f 1790//607 1869//607 2093//607
f 2587//607 2594//607 2580//607
f 1913//607 2589//607 2590//607
f 1894//607 2062//607 2061//607
f 1894//607 2061//607 2413//607
f 2434//607 1894//607 2413//607
f 2434//607 2413//607 2435//607
f 2417//607 2434//607 2435//607
f 2417//607 2435//607 2416//607
f 2417//607 2416//607 2437//607
f 2438//607 2417//607 2437//607
f 2416//607 2414//607 2437//607
f 2513//607 1873//607 2358//607
f 1873//607 2437//607 2459//607
f 2476//607 2437//607 2496//607
f 2437//607 2476//607 2459//607
f 2496//607 2437//607 2501//607
f 2518//607 2513//607 2358//607
f 2437//607 2414//607 2415//607
f 1873//607 2459//607 2485//607
f 1873//607 2485//607 2419//607
f 2437//607 2415//607 2501//607
f 2414//607 2412//607 2415//607
f 2517//607 1886//607 2512//607
f 1878//607 2517//607 2403//607
f 2517//607 2512//607 1879//607
f 2517//607 1879//607 2403//607
f 2516//607 1878//607 2525//607
f 2220//607 2516//607 2525//607
f 1878//607 2403//607 1996//607
f 2394//607 2219//607 1861//607
f 2525//607 1878//607 2316//607
f 1999//607 2394//607 1861//607
f 2218//607 1999//607 1861//607
f 1878//607 1996//607 2316//607
f 2316//607 2315//607 2525//607
f 2521//607 2218//607 1861//607
f 2315//607 2318//607 2525//607
f 2521//607 1861//607 2221//607
f 1861//607 2220//607 2221//607
f 2525//607 2221//607 2220//607
f 2525//607 2318//607 2520//607
f 2318//607 1881//607 2520//607
f 2520//607 1881//607 2519//607
f 2393//607 2520//607 2519//607
f 2320//607 2393//607 2519//607
f 2519//607 2000//607 2320//607
f 1881//607 2395//607 2519//607
f 2522//607 2519//607 2395//607
f 2523//607 2522//607 2395//607
f 2524//607 2523//607 2395//607
f 2524//607 2395//607 2321//607
f 2526//607 2524//607 2321//607
f 2321//607 2395//607 2319//607
f 1998//607 2321//607 2319//607
f 2395//607 1871//607 2319//607
f 2217//607 1998//607 2319//607
f 1871//607 2397//607 2319//607
f 2594//607 2589//607 2581//607
f 2323//607 2225//607 2229//607
f 2323//607 2229//607 2230//607
f 2323//607 2230//607 2231//607
f 2319//607 2323//607 1997//607
f 2323//607 2231//607 1997//607
f 2319//607 1997//607 2217//607
f 2319//607 2397//607 1882//607
f 2397//607 2399//607 1882//607
f 1882//607 2399//607 1870//607
f 2399//607 1886//607 1870//607
f 2594//607 2581//607 2255//607
f 2594//607 2255//607 2574//607
f 1886//607 2518//607 1885//607
f 1870//607 1886//607 1885//607
f 2255//607 2037//607 2574//607
f 1887//607 1870//607 2440//607
f 1889//607 1887//607 1866//607
f 2594//607 2574//607 2580//607
f 2587//607 2580//607 2601//607
f 2580//607 1771//607 2601//607
f 1771//607 1770//607 2601//607
f 1771//607 2575//607 1770//607
f 1770//607 2575//607 2600//607
f 2575//607 2577//607 2600//607
f 2577//607 2269//607 2583//607
f 2600//607 2577//607 2576//607
f 2269//607 2265//607 2599//607
f 2576//607 2577//607 2583//607
f 2252//607 2599//607 2596//607
f 2583//607 2599//607 2584//607
f 2582//607 2584//607 2599//607
f 2599//607 2583//607 2269//607
f 2596//607 2267//607 2252//607
f 2040//607 2599//607 2265//607
f 2040//607 2596//607 2599//607
f 1867//607 1866//607 1887//607
f 2314//607 1867//607 1887//607
f 2313//607 2314//607 1887//607
f 2587//607 2601//607 2129//607
f 1869//607 2052//607 2093//607
f 2587//607 2129//607 2270//607
f 2406//607 1790//607 2585//607
f 2587//607 2270//607 2052//607
f 1790//607 2093//607 2092//607
f 2261//607 2260//607 2126//607
f 2259//607 2261//607 2126//607
f 2259//607 2126//607 2127//607
f 2268//607 2259//607 2127//607
f 2268//607 2127//607 2270//607
f 2443//607 2313//607 1887//607
f 2127//607 2052//607 2270//607
f 2440//607 2443//607 1887//607
f 1790//607 2092//607 2585//607
f 2068//607 2406//607 1791//607
f 2406//607 2585//607 1791//607
f 2408//607 2068//607 2067//607
f 2068//607 1791//607 2067//607
f 2585//607 2271//607 1791//607
f 2271//607 2272//607 1791//607
f 2272//607 2273//607 1791//607
f 2273//607 2266//607 1791//607
f 2602//607 2260//607 2261//607
f 2261//607 2597//607 2264//607
f 2597//607 2263//607 2264//607
f 2263//607 1791//607 2603//607
f 2597//607 2598//607 2263//607
f 2264//607 2602//607 2261//607
f 2603//607 2264//607 2263//607
f 2266//607 2603//607 1791//607
f 2409//607 2408//607 2405//607
f 2408//607 2067//607 2405//607
f 2412//607 2409//607 2064//607
f 2409//607 2405//607 2064//607
f 2412//607 2064//607 2411//607
f 2440//607 1870//607 2442//607
f 2442//607 1870//607 2441//607
f 2048//607 2046//607 1931//607
f 2047//607 2048//607 1897//607
f 2048//607 1931//607 1930//607
f 2048//607 1930//607 1929//607
f 2048//607 1929//607 1897//607
f 2066//607 2047//607 1896//607
f 2047//607 1897//607 1896//607
f 2066//607 1896//607 2088//607
f 2086//607 2066//607 2065//607
f 2066//607 2088//607 2431//607
f 2066//607 2431//607 2430//607
f 2066//607 2430//607 2065//607
f 1782//607 2086//607 2407//607
f 2064//607 1782//607 2410//607
f 2086//607 2065//607 2087//607
f 2441//607 1870//607 2396//607
f 2086//607 2087//607 2407//607
f 2396//607 1870//607 2398//607
f 1782//607 2407//607 2410//607
f 2398//607 1870//607 1885//607
f 2087//607 2063//607 2407//607
f 2087//607 1783//607 2063//607
f 1783//607 2069//607 2063//607
f 2069//607 2071//607 1809//607
f 2358//607 1885//607 2518//607
f 2071//607 2069//607 1783//607
f 2071//607 2031//607 2074//607
f 2071//607 2074//607 2075//607
f 2355//607 1867//607 2356//607
f 2357//607 2355//607 2356//607
f 2357//607 2356//607 2358//607
f 2357//607 2358//607 1873//607
f 2453//607 2454//607 2448//607
f 2449//607 2453//607 2448//607
f 2449//607 2448//607 2446//607
f 2447//607 2449//607 2446//607
f 2447//607 2446//607 2445//607
f 2455//607 2447//607 2445//607
f 2455//607 2445//607 2418//607
f 2419//607 2455//607 2418//607
f 2419//607 2418//607 2357//607
f 2419//607 2357//607 1873//607
f 2071//607 2075//607 2427//607
f 2071//607 2427//607 2428//607
f 2457//607 2460//607 2458//607
f 2459//607 2457//607 2485//607
f 2457//607 2458//607 2485//607
f 2427//607 2425//607 2428//607
f 2496//607 2404//607 2476//607
f 2425//607 2426//607 2428//607
f 2030//607 2354//607 2424//607
f 2030//607 2424//607 2497//607
f 2030//607 2497//607 2500//607
f 2030//607 2500//607 2499//607
f 2500//607 2496//607 2499//607
f 1772//607 1788//607 1789//607
f 1789//607 1788//607 2024//607
f 1789//607 2024//607 2025//607
f 2028//607 1789//607 2027//607
f 1789//607 2025//607 2026//607
f 2032//607 2028//607 2029//607
f 1789//607 2026//607 2027//607
f 2031//607 2032//607 2029//607
f 2508//607 2031//607 2073//607
f 2028//607 2027//607 2029//607
f 2073//607 2031//607 2352//607
f 2352//607 2031//607 2498//607
f 2031//607 2029//607 2030//607
f 2031//607 2030//607 2498//607
f 2499//607 2498//607 2030//607
f 2428//607 2072//607 2071//607
f 2499//607 2496//607 2501//607
f 2071//607 2072//607 2070//607
f 2423//607 2426//607 2422//607
f 2422//607 2504//607 2423//607
f 2423//607 2504//607 2505//607
f 2504//607 2506//607 2505//607
f 2505//607 2506//607 2501//607
f 2415//607 2505//607 2501//607
f 2071//607 2070//607 1809//607
f 2411//607 2415//607 2412//607
f 2410//607 2411//607 2064//607
f 2863//893 2864//892 2862//1007
f 534//1342 533//1342 532//1342
f 3258//751 3257//751 3256//751
f 2669//778 2666//778 2668//778
f 2835//751 2832//751 2834//751
f 2694//564 2693//564 2692//564
f 1903//607 1748//607 2181//607
f 1748//607 2190//607 1745//607
f 2180//607 1745//607 2190//607
f 1722//607 2181//607 1748//607
f 1748//607 1745//607 1681//607
f 1745//607 1680//607 1681//607
f 1680//607 1682//607 1681//607
f 1721//607 1722//607 1748//607
f 1748//607 1681//607 1721//607
f 478//1376 476//1265 477//1267
f 2000//607 2394//607 1999//607
f 2000//607 1999//607 2320//607
f 684//688 685//687 683//1346
f 2827//709 2824//709 2826//709
f 2752//751 2749//751 2751//751
f 2760//709 2759//709 2758//709
f 2745//1065 2747//1289 2746//1063
f 3097//1377 3096//1378 3098//1379
f 2146//607 2148//607 2542//607
f 413//627 412//626 414//1380
f 2784//725 2781//725 2783//725
f 2550//607 2156//607 2543//607
f 2928//1381 2929//918 2927//920
f 578//84 576//83 579//1382
f 604//1383 602//1383 603//1383
f 2800//535 2799//535 2798//535
f 495//1361 494//1361 496//1361
f 2851//564 2848//564 2850//564
f 490//1384 488//1384 491//1384
f 486//671 485//670 487//1364
f 3096//1385 3097//1386 3100//1387
f 443//659 442//658 441//1347
f 512//549 517//1228 518//550
f 3160//1388 3157//1389 3159//1390
f 2665//564 2662//564 2664//564
f 3154//1391 3152//1392 3151//1393
f 3093//933 3092//932 3095//1394
f 746//4 1430//4 930//4
f 930//4 748//4 746//4
f 746//4 748//4 726//4
f 726//4 748//4 745//4
f 724//4 722//4 725//4
f 722//4 726//4 725//4
f 745//4 725//4 726//4
f 1219//4 745//4 748//4
f 1219//4 748//4 1218//4
f 748//4 879//4 1218//4
f 1218//4 879//4 965//4
f 965//4 879//4 1379//4
f 879//4 1145//4 1379//4
f 965//4 1379//4 1378//4
f 964//4 965//4 1378//4
f 1372//4 1379//4 1145//4
f 782//4 964//4 1378//4
f 782//4 1378//4 1377//4
f 782//4 1377//4 786//4
f 721//4 782//4 786//4
f 721//4 786//4 1376//4
f 772//4 721//4 1416//4
f 721//4 1376//4 1416//4
f 1416//4 1376//4 1375//4
f 772//4 1416//4 1415//4
f 1376//4 1411//4 1410//4
f 1418//4 1416//4 720//4
f 720//4 1416//4 1375//4
f 1376//4 1410//4 1375//4
f 1410//4 1409//4 1375//4
f 1419//4 1418//4 773//4
f 1418//4 720//4 773//4
f 1409//4 1407//4 1375//4
f 1417//4 1419//4 773//4
f 1420//4 1417//4 773//4
f 1407//4 1408//4 1375//4
f 1408//4 1406//4 1375//4
f 775//4 1421//4 1423//4
f 773//4 775//4 1420//4
f 775//4 1423//4 1422//4
f 775//4 1422//4 1420//4
f 1375//4 1406//4 1373//4
f 783//4 720//4 1375//4
f 1406//4 1403//4 1373//4
f 1114//4 1102//4 1096//4
f 1087//4 1114//4 1095//4
f 992//4 1087//4 1097//4
f 992//4 993//4 1090//4
f 1118//4 1090//4 1001//4
f 995//4 1118//4 1089//4
f 1089//4 1118//4 1001//4
f 995//4 1089//4 1119//4
f 798//4 995//4 1119//4
f 797//4 798//4 1119//4
f 803//4 797//4 1031//4
f 823//4 803//4 994//4
f 1031//4 797//4 1119//4
f 1001//4 1090//4 993//4
f 993//4 992//4 1097//4
f 1396//4 1374//4 1232//4
f 1232//4 1399//4 1402//4
f 1373//4 1403//4 1405//4
f 1399//4 1398//4 1373//4
f 1374//4 1234//4 1232//4
f 1402//4 1396//4 1232//4
f 1380//4 1213//4 1392//4
f 1393//4 1380//4 1392//4
f 1371//4 1393//4 1392//4
f 1395//4 1371//4 1392//4
f 1394//4 1395//4 1392//4
f 1392//4 784//4 1394//4
f 1394//4 784//4 1151//4
f 784//4 1229//4 1151//4
f 1151//4 1229//4 785//4
f 1229//4 1228//4 785//4
f 785//4 1228//4 788//4
f 1228//4 1217//4 839//4
f 788//4 1228//4 839//4
f 1231//4 785//4 788//4
f 1217//4 837//4 839//4
f 1230//4 1231//4 771//4
f 1217//4 842//4 837//4
f 837//4 842//4 1101//4
f 1402//4 1399//4 1404//4
f 1404//4 1399//4 1405//4
f 1405//4 1399//4 1373//4
f 783//4 1375//4 787//4
f 783//4 787//4 1233//4
f 771//4 783//4 1233//4
f 771//4 1233//4 1230//4
f 1235//4 1245//4 1244//4
f 1246//4 1235//4 1244//4
f 1246//4 1244//4 1292//4
f 1264//4 1246//4 1292//4
f 1264//4 1292//4 1289//4
f 1264//4 1289//4 1288//4
f 1005//4 1264//4 1288//4
f 1289//4 1283//4 1288//4
f 1288//4 1283//4 1287//4
f 1283//4 1286//4 1287//4
f 1286//4 1285//4 1282//4
f 1285//4 1284//4 1282//4
f 1284//4 1281//4 1282//4
f 1281//4 1279//4 1282//4
f 1282//4 1287//4 1286//4
f 1091//4 1005//4 1288//4
f 1091//4 1288//4 1267//4
f 1288//4 1290//4 1267//4
f 1290//4 1429//4 1267//4
f 1429//4 1291//4 1267//4
f 1291//4 1428//4 1267//4
f 1428//4 1265//4 1267//4
f 788//4 771//4 1231//4
f 1308//4 1333//4 1307//4
f 1308//4 1307//4 1040//4
f 1306//4 1308//4 1311//4
f 1308//4 1040//4 1311//4
f 1335//4 1306//4 1310//4
f 1306//4 1311//4 1609//4
f 1334//4 1335//4 1310//4
f 1597//4 1596//4 1325//4
f 1596//4 1327//4 1325//4
f 1591//4 1325//4 1327//4
f 1591//4 1327//4 1299//4
f 1599//4 1591//4 1299//4
f 1101//4 842//4 1250//4
f 1588//4 1599//4 1299//4
f 1328//4 1588//4 856//4
f 1441//4 1443//4 857//4
f 856//4 857//4 1328//4
f 857//4 1443//4 1328//4
f 1299//4 856//4 1588//4
f 1299//4 1327//4 1298//4
f 766//4 1299//4 1298//4
f 765//4 766//4 1298//4
f 1440//4 766//4 1439//4
f 765//4 1439//4 766//4
f 1298//4 1327//4 1329//4
f 768//4 1298//4 1329//4
f 1445//4 768//4 1329//4
f 1436//4 768//4 1444//4
f 768//4 1445//4 1444//4
f 1434//4 1436//4 767//4
f 1436//4 1444//4 1442//4
f 767//4 854//4 1434//4
f 1442//4 767//4 1436//4
f 1327//4 1326//4 1329//4
f 1446//4 1329//4 1326//4
f 1247//4 1446//4 1326//4
f 1448//4 1247//4 1297//4
f 769//4 1448//4 1248//4
f 1248//4 1448//4 1297//4
f 1247//4 1326//4 1297//4
f 1302//4 1297//4 1303//4
f 1338//4 1302//4 1303//4
f 1309//4 840//4 1336//4
f 841//4 1302//4 840//4
f 1302//4 1338//4 1337//4
f 1297//4 1326//4 1303//4
f 1302//4 1337//4 1336//4
f 1302//4 1336//4 840//4
f 1310//4 1309//4 1334//4
f 1309//4 1336//4 1334//4
f 1609//4 1310//4 1306//4
f 1304//4 1311//4 1040//4
f 1312//4 1304//4 1040//4
f 1039//4 1312//4 1040//4
f 1313//4 1039//4 1040//4
f 1314//4 1313//4 1040//4
f 1315//4 1314//4 1040//4
f 1040//4 1320//4 1315//4
f 1101//4 1250//4 977//4
f 1305//4 1040//4 1307//4
f 1610//4 1305//4 1307//4
f 1344//4 1610//4 1307//4
f 1307//4 1345//4 1344//4
f 826//4 1344//4 1345//4
f 827//4 826//4 1041//4
f 827//4 1041//4 789//4
f 789//4 825//4 822//4
f 822//4 790//4 818//4
f 818//4 790//4 824//4
f 1018//4 818//4 824//4
f 988//4 1018//4 824//4
f 988//4 817//4 1612//4
f 812//4 1612//4 1017//4
f 994//4 812//4 823//4
f 825//4 789//4 1041//4
f 826//4 1345//4 1272//4
f 1017//4 1612//4 817//4
f 817//4 988//4 824//4
f 826//4 1272//4 1041//4
f 1031//4 994//4 803//4
f 812//4 1017//4 823//4
f 825//4 790//4 822//4
f 1101//4 977//4 1091//4
f 1101//4 1091//4 1249//4
f 1277//4 1278//4 1280//4
f 1277//4 1266//4 1276//4
f 1266//4 1038//4 1276//4
f 1038//4 1037//4 1268//4
f 1037//4 1034//4 1268//4
f 1268//4 1034//4 1265//4
f 1034//4 1046//4 1265//4
f 1046//4 1045//4 1265//4
f 1045//4 1267//4 1265//4
f 1277//4 1276//4 1278//4
f 1268//4 1276//4 1038//4
f 1091//4 1267//4 836//4
f 1097//4 1087//4 1095//4
f 1091//4 836//4 1006//4
f 1091//4 1006//4 976//4
f 1091//4 976//4 1088//4
f 1095//4 1114//4 1096//4
f 1091//4 1088//4 1249//4
f 1101//4 1249//4 1251//4
f 1112//4 1096//4 1102//4
f 1101//4 1251//4 1263//4
f 1113//4 1112//4 1102//4
f 1101//4 1263//4 1262//4
f 1111//4 1113//4 1115//4
f 1113//4 1102//4 1116//4
f 1622//4 1111//4 1109//4
f 1111//4 1613//4 1109//4
f 1101//4 1262//4 1002//4
f 1101//4 1002//4 1252//4
f 1253//4 1622//4 1258//4
f 997//4 1258//4 1109//4
f 1109//4 1258//4 1622//4
f 1319//4 1341//4 1608//4
f 1319//4 1608//4 1607//4
f 979//4 1319//4 1607//4
f 979//4 1607//4 1044//4
f 1094//4 979//4 1007//4
f 979//4 1044//4 983//4
f 979//4 983//4 978//4
f 979//4 978//4 1011//4
f 996//4 1094//4 1093//4
f 979//4 1011//4 1007//4
f 1002//4 996//4 1092//4
f 1094//4 1007//4 1093//4
f 1108//4 1098//4 1030//4
f 1032//4 1108//4 1030//4
f 998//4 1032//4 1030//4
f 998//4 1030//4 997//4
f 1109//4 998//4 997//4
f 996//4 1093//4 1092//4
f 1613//4 1111//4 1614//4
f 1614//4 1111//4 1115//4
f 1002//4 1092//4 1104//4
f 1002//4 1104//4 1252//4
f 1104//4 1620//4 1627//4
f 1115//4 1113//4 1116//4
f 1009//4 1117//4 1616//4
f 1621//4 1009//4 1616//4
f 1117//4 999//4 1616//4
f 1620//4 1621//4 1616//4
f 999//4 1120//4 1616//4
f 1029//4 795//4 1122//4
f 795//4 796//4 1122//4
f 1029//4 1122//4 1000//4
f 999//4 1029//4 1000//4
f 999//4 1000//4 1120//4
f 1000//4 1033//4 1120//4
f 1100//4 1116//4 1102//4
f 801//4 1120//4 1028//4
f 804//4 1027//4 800//4
f 1027//4 801//4 1028//4
f 800//4 1027//4 1028//4
f 1110//4 1028//4 1120//4
f 1033//4 1110//4 1120//4
f 1120//4 1107//4 1616//4
f 1100//4 1102//4 1103//4
f 1102//4 1101//4 1103//4
f 1107//4 1111//4 1616//4
f 1098//4 1108//4 1099//4
f 1111//4 1106//4 1616//4
f 1108//4 1100//4 1099//4
f 1620//4 1616//4 1124//4
f 1103//4 1099//4 1100//4
f 1616//4 1600//4 1124//4
f 1103//4 1101//4 1252//4
f 1600//4 1003//4 1124//4
f 1623//4 1103//4 1252//4
f 1261//4 1623//4 1252//4
f 1259//4 1623//4 1602//4
f 1003//4 1105//4 1004//4
f 1124//4 1003//4 1601//4
f 1623//4 1261//4 1602//4
f 1105//4 1624//4 1625//4
f 1603//4 1259//4 1257//4
f 1601//4 1003//4 1004//4
f 1259//4 1602//4 1257//4
f 1255//4 1261//4 1256//4
f 1261//4 1260//4 1256//4
f 1624//4 1255//4 1256//4
f 1258//4 1603//4 1257//4
f 1624//4 1256//4 1625//4
f 1625//4 1004//4 1105//4
f 1627//4 1252//4 1104//4
f 1620//4 1124//4 1619//4
f 1626//4 1627//4 1620//4
f 1620//4 1619//4 1618//4
f 1254//4 1626//4 1620//4
f 1620//4 1618//4 1615//4
f 1615//4 1254//4 1620//4
f 3135//871 3136//1395 3139//872
f 2659//732 2660//731 2658//874
f 2899//784 2897//783 2900//1396
f 2670//876 2673//1192 2672//877
f 808//4 809//4 1023//4
f 1024//4 808//4 1023//4
f 2941//1213 2940//1215 2942//1397
f 551//1398 554//1398 549//1398
f 2698//711 2695//711 2697//711
f 690//997 692//1300 691//998
f 2920//755 2922//1399 2921//880
f 2988//1048 2986//940 2987//1084
f 3171//1400 3169//1100 3170//1102
f 2796//564 2795//564 2794//564
f 2772//709 2769//709 2771//709
f 3109//1401 3110//1402 3111//1403
f 2858//1404 2856//1405 2859//1006
f 2862//1007 2859//1006 2861//1406
f 3051//974 3044//1253 3052//1295
f 2873//1407 2874//1408 2870//849
f 3010//1409 3009//1410 3011//1118
f 2843//535 2842//535 2841//535
f 304//439 303//1411 295//437
f 3000//895 3005//930 3001//309
f 2862//1007 2861//1406 2863//893
f 2891//913 2893//13 2892//15
f 3136//1412 3135//1413 3137//1414
f 2914//1415 2915//1019 2913//1021
f 2904//1205 2903//1416 2905//1203
f 2831//751 2830//751 2829//751
f 432//1350 419//1349 431//1417
f 2974//842 2972//1418 2971//904
f 2945//74 2943//1419 2944//75
f 2887//1281 2885//568 2886//570
f 3023//866 3020//532 3021//534
f 3102//757 3104//756 3103//1420
f 2885//1421 2883//1126 2884//1125
f 3061//1222 3057//1422 3059//1220
f 1015//4 791//4 1014//4
f 791//4 792//4 1014//4
f 1015//4 1014//4 1347//4
f 1014//4 832//4 1270//4
f 1347//4 1014//4 1270//4
f 833//4 1015//4 1347//4
f 1016//4 833//4 1347//4
f 1009//4 1271//4 1010//4
f 1010//4 1271//4 1042//4
f 1271//4 1349//4 1270//4
f 1270//4 832//4 1043//4
f 1347//4 1348//4 835//4
f 1042//4 1271//4 1269//4
f 835//4 987//4 834//4
f 821//4 1042//4 1269//4
f 835//4 834//4 1611//4
f 1269//4 820//4 821//4
f 835//4 1611//4 1016//4
f 1269//4 1271//4 1605//4
f 835//4 1016//4 1347//4
f 1605//4 1271//4 1606//4
f 1606//4 1271//4 1043//4
f 2985//939 2987//1084 2986//940
f 2807//925 2806//1423 2805//926
f 1967//607 1978//607 1951//607
f 1978//607 1980//607 1834//607
f 1848//607 1967//607 1847//607
f 1847//607 1967//607 1951//607
f 1951//607 1978//607 1977//607
f 1977//607 1978//607 1834//607
f 1980//607 1826//607 1952//607
f 1834//607 1980//607 1952//607
f 1952//607 1826//607 1966//607
f 1826//607 1988//607 1966//607
f 1966//607 1988//607 1825//607
f 1988//607 1961//607 1959//607
f 1988//607 1959//607 1958//607
f 1959//607 1849//607 1958//607
f 2544//607 1971//607 1841//607
f 1846//607 1971//607 1970//607
f 1845//607 2552//607 1844//607
f 1971//607 1853//607 1845//607
f 1849//607 2545//607 2544//607
f 1958//607 1849//607 1955//607
f 1845//607 1844//607 1953//607
f 1958//607 1825//607 1988//607
f 1844//607 1954//607 1953//607
f 1845//607 1953//607 1968//607
f 1955//607 1849//607 1936//607
f 1845//607 1968//607 2248//607
f 1936//607 1849//607 1974//607
f 1974//607 1849//607 2544//607
f 1845//607 2248//607 1970//607
f 1845//607 1970//607 1971//607
f 1850//607 1974//607 2544//607
f 1971//607 1846//607 1841//607
f 1840//607 1850//607 2544//607
f 1840//607 2544//607 1841//607
f 1839//607 1840//607 1841//607
f 1839//607 1841//607 1836//607
f 1836//607 1835//607 1832//607
f 2874//1408 2873//1407 2875//1424
f 2967//1425 2965//909 2968//911
f 2690//725 2689//725 2688//725
f 2710//622 2709//622 2708//622
f 3005//930 3000//895 3006//928
f 3124//949 3119//1426 3120//950
f 2980//906 2978//633 2979//632
f 2859//1006 2860//1005 2858//1404
f 2912//1427 2914//1029 2911//1031
f 151//852 144//747 150//749
f 3013//1120 3010//1409 3011//1118
f 2857//1428 2855//110 2856//1405
f 73//113 72//1429 67//111
f 3154//1391 3151//1393 3153//1430
f 3067//846 3066//1431 3068//844
f 3030//1004 3029//989 3031//1067
f 3023//866 3022//867 3024//1011
f 3088//968 3086//1432 3087//969
f 309//1159 307//1433 308//1160
f 3014//1304 3012//1306 3015//1434
f 28//978 29//1435 22//979
f 2875//1142 2876//1141 2874//1436
f 3176//1437 3173//1438 3172//1439
f 2933//558 2936//942 2934//944
f 2959//894 2962//781 2960//886
f 2870//849 2871//848 2873//1407
f 3138//1440 3136//1412 3137//1414
f 3176//1437 3172//1439 3175//1441
f 570//707 572//1442 571//708
f 3064//994 3066//1443 3067//995
f 3180//1444 3178//1086 3177//1088
f 2653//778 2650//778 2652//778
f 2856//1405 2858//1404 2857//1428
f 3162//1008 3157//1445 3158//1009
f 3079//227 3076//226 3080//1339
f 1202//4 1555//4 1201//4
f 3058//1446 3059//1220 3057//1422
f 3062//1374 3060//1221 3063//1447
f 3198//1448 3197//1448 3196//1448
f 2509//607 2074//607 2031//607
f 3108//1449 3106//131 3107//133
f 2743//1064 2746//1063 2744//1450
f 3200//1331 3196//1451 3197//1332
f 3267//1026 3265//1452 3266//1027
f 2969//1032 2967//1453 2968//1033
f 3265//1454 3263//1455 3264//1456
f 3057//1038 3056//1457 3055//1039
f 5//1458 4//1269 6//1271
f 1918//607 2037//607 2255//607
f 1918//607 2255//607 1919//607
f 2251//607 1918//607 1919//607
f 1919//607 2591//607 2252//607
f 2591//607 2592//607 2252//607
f 2251//607 1919//607 2595//607
f 2252//607 2267//607 2595//607
f 1919//607 2252//607 2595//607
f 3132//1459 3129//1460 3131//1461
f 407//957 406//956 408//1462
f 664//535 661//535 663//535
f 3148//1463 3146//1464 3147//1465
f 3027//762 3026//990 3033//763
f 3122//1127 3120//1466 3119//1128
f 3008//1467 3011//1118 3009//1410
f 3101//1468 3096//1385 3100//1387
f 3128//1055 3127//1469 3126//1053
f 3156//1041 3151//1470 3152//1042
f 3034//717 3033//763 3035//715
f 3145//1050 3146//1471 3149//1051
f 2963//1472 2961//780 2964//779
f 14//819 9//1473 12//820
f 3146//1464 3145//1474 3147//1465
f 421//1248 422//1370 423//1249
f 3084//1074 3081//1073 3085//1475
f 583//1476 580//1310 582//1309
f 3099//1477 3097//1377 3098//1379
f 3283//1069 3278//1478 3279//1070
f 3295//1479 3292//1480 3294//1481
f 2855//110 2857//1428 2854//890
f 3036//525 3037//524 3039//850
f 456//1078 457//1482 454//1079
f 682//1209 683//1346 681//527
f 3113//1024 3115//1023 3114//1483
f 2734//778 2731//778 2733//778
f 3132//1459 3130//1484 3129//1460
f 63//760 60//1485 61//761
f 3295//1479 3293//1486 3292//1480
f 3230//1487 3227//1488 3229//1489
f 3236//1490 3234//1319 3235//1321
f 3264//1456 3266//1491 3265//1454
f 3144//988 3143//1492 3142//986
f 3246//564 3245//564 3244//564
f 3110//1402 3109//1401 3112//1493
f 3250//751 3247//751 3249//751
f 3160//1388 3158//1494 3157//1389
f 384//1495 382//521 383//702
f 3281//1115 3279//1496 3278//1116
f 60//1272 59//1274 61//1497
f 3230//1487 3228//1498 3227//1488
f 17//1112 18//1499 15//1113
o Object.087
v 0.004844 0.355086 -0.099101
v 0.001669 0.353583 -0.099719
v 0.001669 0.356268 -0.096454
v 0.004844 0.356083 -0.096110
v 0.004844 0.352864 -0.094120
v 0.001669 0.353038 -0.094157
v 0.001669 0.350969 -0.096986
v 0.004844 0.351191 -0.098347
v 0.004844 0.165885 -0.099100
v 0.001669 0.165868 -0.099075
v 0.001669 0.166927 -0.096615
v 0.004844 0.166882 -0.096110
v 0.001669 0.165470 -0.094467
v 0.004844 0.163663 -0.094120
v 0.001669 0.161723 -0.095806
v 0.004844 0.161990 -0.098347
v 0.001669 0.163127 -0.099116
v 0.004844 -0.151659 -0.099573
v 0.001669 -0.149412 -0.099155
v 0.004844 -0.148528 -0.097850
v 0.001669 -0.148725 -0.095318
v 0.004844 -0.149370 -0.094664
v 0.001669 -0.152193 -0.094507
v 0.001669 -0.153445 -0.098130
v 0.004844 -0.153443 -0.095533
v 0.004844 0.102818 -0.099100
v 0.001669 0.102801 -0.099075
v 0.001669 0.103714 -0.095489
v 0.004844 0.103815 -0.096109
v 0.001669 0.100447 -0.094420
v 0.004844 0.100597 -0.094120
v 0.001669 0.098660 -0.096760
v 0.004844 0.098924 -0.098347
v 0.001669 0.100060 -0.099116
v 0.004844 0.039751 -0.099100
v 0.001669 0.039377 -0.099205
v 0.001669 0.040904 -0.095806
v 0.004844 0.040747 -0.096107
v 0.001669 0.037008 -0.094507
v 0.004844 0.037530 -0.094120
v 0.001669 0.035823 -0.098366
v 0.004844 0.035856 -0.098347
v 0.004844 -0.086383 -0.099100
v 0.001669 -0.086345 -0.099155
v 0.001669 -0.085657 -0.095318
v 0.004844 -0.085494 -0.095583
v 0.004844 -0.088171 -0.094331
v 0.001669 -0.089126 -0.094507
v 0.001669 -0.090378 -0.098130
v 0.004844 -0.090472 -0.096083
v 0.004844 -0.089395 -0.098981
v 0.004844 -0.023316 -0.099100
v 0.001669 -0.022984 -0.099023
v 0.004844 -0.022320 -0.096107
v 0.001669 -0.022825 -0.095120
v 0.001669 -0.026059 -0.094507
v 0.004844 -0.025537 -0.094120
v 0.001669 -0.027311 -0.098130
v 0.004844 -0.027211 -0.098347
v 0.004844 -0.214726 -0.099573
v 0.001669 -0.212480 -0.099155
v 0.004844 -0.211595 -0.097850
v 0.001669 -0.211792 -0.095318
v 0.004844 -0.212437 -0.094664
v 0.001669 -0.215920 -0.094780
v 0.001669 -0.216004 -0.098621
v 0.004844 -0.216510 -0.095533
v 0.004844 -0.277793 -0.099573
v 0.001669 -0.275547 -0.099155
v 0.004844 -0.274662 -0.097850
v 0.001669 -0.274859 -0.095318
v 0.004844 -0.275504 -0.094664
v 0.001669 -0.278987 -0.094780
v 0.001669 -0.279071 -0.098621
v 0.004844 -0.279577 -0.095533
v 0.004844 0.292019 -0.099100
v 0.001669 0.290516 -0.099719
v 0.001669 0.293201 -0.096454
v 0.004844 0.293016 -0.096110
v 0.004844 0.289797 -0.094120
v 0.001669 0.289971 -0.094157
v 0.001669 0.287902 -0.096986
v 0.004844 0.288124 -0.098347
v 0.004844 0.228952 -0.099100
v 0.001669 0.228935 -0.099075
v 0.001669 0.229994 -0.096615
v 0.004844 0.229949 -0.096110
v 0.001669 0.228537 -0.094467
v 0.004844 0.226730 -0.094120
v 0.001669 0.224790 -0.095806
v 0.004844 0.225057 -0.098347
v 0.001669 0.226194 -0.099116
v 0.004844 -0.339486 -0.099444
v 0.001669 -0.337543 -0.096986
v 0.004844 -0.337669 -0.097477
v 0.004844 -0.338570 -0.094665
v 0.001669 -0.339915 -0.094039
v 0.004844 -0.341790 -0.094848
v 0.001669 -0.342900 -0.097465
v 0.004844 -0.342650 -0.097957
v 0.001669 -0.339478 -0.099474
v 0.013047 0.353357 -0.105605
v 0.013083 0.354530 -0.102430
v 0.010521 0.356425 -0.105605
v 0.009111 0.355976 -0.102430
v 0.007955 0.352392 -0.102430
v 0.007700 0.352627 -0.105605
v 0.011162 0.351093 -0.105605
v 0.011179 0.351042 -0.102430
v 0.012504 0.166077 -0.105605
v 0.010899 0.167054 -0.102430
v 0.009431 0.166797 -0.105605
v 0.007750 0.164993 -0.102430
v 0.007683 0.163836 -0.105605
v 0.010512 0.161768 -0.105605
v 0.009609 0.161797 -0.102430
v 0.012643 0.163129 -0.105605
v 0.013100 0.163678 -0.102430
v 0.013099 -0.151659 -0.102430
v 0.012681 -0.149413 -0.105605
v 0.011376 -0.148528 -0.102430
v 0.008844 -0.148725 -0.105605
v 0.008190 -0.149370 -0.102430
v 0.008306 -0.152853 -0.105605
v 0.012147 -0.152937 -0.105605
v 0.009059 -0.153443 -0.102430
v 0.012504 0.103010 -0.105605
v 0.010899 0.103987 -0.102430
v 0.008845 0.103544 -0.105605
v 0.007750 0.101925 -0.102430
v 0.007946 0.100447 -0.105605
v 0.010288 0.098660 -0.105605
v 0.009608 0.098729 -0.102430
v 0.012643 0.100062 -0.105605
v 0.013100 0.100611 -0.102430
v 0.012893 0.039457 -0.102430
v 0.012503 0.039944 -0.105605
v 0.008845 0.040477 -0.105605
v 0.009110 0.040640 -0.102430
v 0.007946 0.037380 -0.105605
v 0.008075 0.036674 -0.102430
v 0.010286 0.035592 -0.105605
v 0.011786 0.035997 -0.102430
v 0.012643 0.036995 -0.105605
v 0.012626 -0.086383 -0.102430
v 0.012503 -0.086190 -0.105605
v 0.008844 -0.085657 -0.105605
v 0.009109 -0.085494 -0.102430
v 0.007857 -0.088171 -0.102430
v 0.007946 -0.088754 -0.105605
v 0.010287 -0.090542 -0.105605
v 0.009609 -0.090473 -0.102430
v 0.012643 -0.089140 -0.105605
v 0.012508 -0.089395 -0.102430
v 0.013047 -0.025046 -0.105605
v 0.012626 -0.023316 -0.102430
v 0.011799 -0.022678 -0.105605
v 0.008845 -0.022590 -0.105605
v 0.009110 -0.022427 -0.102430
v 0.007857 -0.025104 -0.102430
v 0.008106 -0.026280 -0.105605
v 0.011163 -0.027309 -0.105605
v 0.009609 -0.027405 -0.102430
v 0.012508 -0.026328 -0.102430
v 0.013099 -0.214726 -0.102430
v 0.012681 -0.212480 -0.105605
v 0.011376 -0.211595 -0.102430
v 0.008844 -0.211792 -0.105605
v 0.008190 -0.212437 -0.102430
v 0.008306 -0.215920 -0.105605
v 0.012147 -0.216004 -0.105605
v 0.009059 -0.216510 -0.102430
v 0.013099 -0.277793 -0.102430
v 0.012681 -0.275547 -0.105605
v 0.011376 -0.274662 -0.102430
v 0.008844 -0.274859 -0.105605
v 0.008190 -0.275504 -0.102430
v 0.008306 -0.278987 -0.105605
v 0.012147 -0.279071 -0.105605
v 0.009059 -0.279577 -0.102430
v 0.012280 0.292315 -0.102430
v 0.012504 0.292211 -0.105605
v 0.009431 0.292931 -0.105605
v 0.009111 0.292909 -0.102430
v 0.007857 0.290231 -0.102430
v 0.007683 0.289970 -0.105605
v 0.011771 0.287977 -0.105605
v 0.009609 0.287931 -0.102430
v 0.012803 0.289347 -0.102430
v 0.012504 0.229144 -0.105605
v 0.010899 0.230121 -0.102430
v 0.009431 0.229864 -0.105605
v 0.007750 0.228060 -0.102430
v 0.007683 0.226903 -0.105605
v 0.011771 0.224910 -0.105605
v 0.009609 0.224864 -0.102430
v 0.013100 0.226745 -0.102430
v 0.012970 -0.339486 -0.102430
v 0.010512 -0.337543 -0.105605
v 0.011003 -0.337669 -0.102430
v 0.008191 -0.338570 -0.102430
v 0.007565 -0.339915 -0.105605
v 0.008374 -0.341790 -0.102430
v 0.010991 -0.342900 -0.105605
v 0.011483 -0.342650 -0.102430
v 0.013000 -0.339478 -0.105605
v 0.001669 0.035825 -0.097616
v 0.001669 -0.022399 -0.097616
v 0.001669 0.101097 -0.099398
v 0.001669 0.164164 -0.099398
v 0.001669 -0.347299 -0.105605
v 0.001669 -0.342487 -0.097810
v 0.001669 -0.339940 -0.099398
v 0.001669 -0.341575 -0.098973
v 0.001669 -0.347299 -0.091318
v 0.001669 0.035960 -0.095723
v 0.001669 -0.022534 -0.095723
v 0.001669 -0.342649 -0.096555
v 0.001669 0.163349 -0.094583
v 0.001669 -0.341927 -0.095026
v 0.001669 -0.279582 -0.096555
v 0.001669 -0.337625 -0.096770
v 0.001669 -0.340371 -0.094371
v 0.001669 -0.086307 -0.098827
v 0.001669 -0.026045 -0.099069
v 0.001669 -0.338235 -0.098567
v 0.001669 -0.278313 -0.099069
v 0.001669 -0.276872 -0.099398
v 0.001669 0.228672 -0.099069
v 0.001669 0.289265 -0.099108
v 0.001669 -0.213805 -0.099398
v 0.001669 -0.215246 -0.099069
v 0.001669 -0.150738 -0.099398
v 0.001669 -0.089112 -0.099069
v 0.001669 -0.279350 -0.098016
v 0.001669 -0.149374 -0.098827
v 0.001669 0.229586 -0.098193
v 0.001669 0.288182 -0.097808
v 0.001669 0.229979 -0.096766
v 0.001669 -0.275655 -0.094753
v 0.001669 -0.215793 -0.095026
v 0.001669 0.288039 -0.096339
v 0.001669 -0.338135 -0.095380
v 0.001669 0.289081 -0.094753
v 0.001669 0.229219 -0.095026
v 0.001669 0.227664 -0.094371
v 0.001669 0.360726 -0.091318
v 0.001669 -0.278860 -0.095026
v 0.001669 -0.339123 -0.094583
v 0.001669 -0.214238 -0.094371
v 0.001669 0.292242 -0.098680
v 0.001669 0.352001 -0.098828
v 0.001669 0.227231 -0.099398
v 0.001669 0.291153 -0.099325
v 0.001669 0.360726 -0.105605
v 0.001669 0.351159 -0.097615
v 0.001669 0.292937 -0.097614
v 0.001669 0.351297 -0.095720
v 0.001669 0.292957 -0.096347
v 0.001669 0.292286 -0.095026
v 0.001669 0.290730 -0.094371
v 0.001669 0.355353 -0.095026
v 0.001669 0.353366 -0.099398
v 0.001669 -0.024604 -0.099398
v 0.001669 0.036997 -0.099108
v 0.001669 -0.216515 -0.096555
v 0.001669 -0.274613 -0.096339
v 0.001669 -0.275508 -0.098827
v 0.001669 -0.216283 -0.098016
v 0.001669 -0.277305 -0.094371
v 0.001669 -0.211689 -0.097808
v 0.001669 -0.274756 -0.097808
v 0.001669 0.098812 -0.097415
v 0.001669 0.102538 -0.099069
v 0.001669 0.038672 -0.099350
v 0.001669 -0.090026 -0.098193
v 0.001669 -0.026959 -0.098193
v 0.001669 -0.212441 -0.098827
v 0.001669 -0.153093 -0.098193
v 0.001669 -0.153486 -0.096766
v 0.001669 -0.211546 -0.096339
v 0.001669 -0.026840 -0.095378
v 0.001669 -0.085386 -0.097415
v 0.001669 -0.152179 -0.099069
v 0.001669 -0.212588 -0.094753
v 0.001669 -0.152973 -0.095378
v 0.001669 -0.027352 -0.096764
v 0.001669 0.099733 -0.098827
v 0.001669 0.039827 -0.098827
v 0.001669 -0.087671 -0.099398
v 0.001669 -0.148622 -0.097808
v 0.001669 -0.023240 -0.098827
v 0.001669 -0.086856 -0.094583
v 0.001669 -0.025852 -0.094583
v 0.001669 -0.024176 -0.094397
v 0.001669 0.100282 -0.094583
v 0.001669 0.037215 -0.094583
v 0.001669 -0.085729 -0.095547
v 0.001669 -0.149521 -0.094753
v 0.001669 -0.088532 -0.094397
v 0.001669 -0.151600 -0.094397
v 0.001669 0.040668 -0.097616
v 0.001669 0.162800 -0.098827
v 0.001669 0.103452 -0.098193
v 0.001669 0.161958 -0.097615
v 0.001669 0.225867 -0.098827
v 0.001669 0.166519 -0.098193
v 0.001669 0.040533 -0.095723
v 0.001669 0.099155 -0.095547
v 0.001669 0.103333 -0.095378
v 0.001669 0.038891 -0.094397
v 0.001669 0.101958 -0.094397
v 0.001669 0.225115 -0.097808
v 0.001669 0.165605 -0.099069
v 0.001669 0.103845 -0.096766
v 0.001669 0.162096 -0.095720
v 0.001669 0.166152 -0.095026
v 0.001669 0.226014 -0.094753
v 0.001669 0.164597 -0.094371
v 0.001669 -0.090419 -0.096766
v 0.001669 -0.148479 -0.096339
v 0.001669 -0.089906 -0.095378
v 0.001669 0.166912 -0.096766
v 0.001669 0.224972 -0.096339
v 0.001669 0.352549 -0.094583
v 0.001669 0.353797 -0.094371
v 0.001669 0.356024 -0.096347
v 0.001669 0.356004 -0.097614
v 0.001669 0.355001 -0.098973
v 0.012771 -0.087055 -0.105605
v 0.012814 -0.025674 -0.105605
v 0.011909 -0.085853 -0.105605
v 0.012771 0.226615 -0.105605
v 0.012876 0.164808 -0.105605
v 0.011336 -0.342487 -0.105605
v 0.010081 -0.342649 -0.105605
v 0.015956 -0.347299 -0.105605
v 0.012595 -0.278313 -0.105605
v 0.012924 -0.339940 -0.105605
v 0.012499 -0.341575 -0.105605
v 0.001669 -0.347299 -0.105605
v 0.012093 -0.338235 -0.105605
v 0.008552 -0.341927 -0.105605
v 0.010296 -0.337625 -0.105605
v 0.010081 -0.279582 -0.105605
v 0.007897 -0.340371 -0.105605
v 0.011542 -0.279350 -0.105605
v 0.008552 0.229218 -0.105605
v 0.008280 0.289081 -0.105605
v 0.010076 -0.022328 -0.105605
v 0.010076 0.035754 -0.105605
v 0.012924 -0.276872 -0.105605
v 0.012595 -0.215246 -0.105605
v 0.012924 -0.213805 -0.105605
v 0.012924 -0.150738 -0.105605
v 0.012876 -0.088315 -0.105605
v 0.012353 -0.149374 -0.105605
v 0.012771 0.289682 -0.105605
v 0.012876 0.227875 -0.105605
v 0.012355 0.229027 -0.105605
v 0.008279 -0.275655 -0.105605
v 0.008552 -0.215793 -0.105605
v 0.011743 0.288335 -0.105605
v 0.011336 0.229779 -0.105605
v 0.008906 -0.338135 -0.105605
v 0.009866 0.288039 -0.105605
v 0.010080 0.229941 -0.105605
v 0.007897 0.227664 -0.105605
v 0.001669 0.360726 -0.105605
v 0.008552 -0.278860 -0.105605
v 0.008109 -0.339123 -0.105605
v 0.007897 -0.214238 -0.105605
v 0.015956 0.360726 -0.105605
v 0.012771 0.352749 -0.105605
v 0.012852 0.291153 -0.105605
v 0.011743 0.351402 -0.105605
v 0.007897 0.290730 -0.105605
v 0.010080 0.293008 -0.105605
v 0.009866 0.351106 -0.105605
v 0.008280 0.352147 -0.105605
v 0.008552 0.292285 -0.105605
v 0.011744 0.292693 -0.105605
v 0.012852 0.038885 -0.105605
v 0.012771 0.100481 -0.105605
v 0.010081 -0.216515 -0.105605
v 0.009865 -0.274613 -0.105605
v 0.012353 -0.275508 -0.105605
v 0.011542 -0.216283 -0.105605
v 0.011334 -0.211689 -0.105605
v 0.007897 -0.277305 -0.105605
v 0.011334 -0.274756 -0.105605
v 0.011909 0.099278 -0.105605
v 0.012771 0.163548 -0.105605
v 0.012876 0.101741 -0.105605
v 0.012771 0.037414 -0.105605
v 0.012771 -0.023988 -0.105605
v 0.008904 -0.022802 -0.105605
v 0.008904 0.036227 -0.105605
v 0.012355 -0.089467 -0.105605
v 0.011540 -0.027083 -0.105605
v 0.012353 -0.212441 -0.105605
v 0.011542 -0.153216 -0.105605
v 0.010081 -0.153448 -0.105605
v 0.009865 -0.211546 -0.105605
v 0.008904 -0.026840 -0.105605
v 0.012595 -0.152179 -0.105605
v 0.008109 -0.086856 -0.105605
v 0.008109 -0.025852 -0.105605
v 0.007923 -0.024176 -0.105605
v 0.010512 -0.085378 -0.105605
v 0.011336 -0.090219 -0.105605
v 0.011334 -0.148622 -0.105605
v 0.011743 0.036067 -0.105605
v 0.011743 -0.022641 -0.105605
v 0.008904 -0.152973 -0.105605
v 0.008279 -0.212588 -0.105605
v 0.008109 0.100282 -0.105605
v 0.008109 0.037215 -0.105605
v 0.010076 -0.027313 -0.105605
v 0.009073 -0.085729 -0.105605
v 0.007923 -0.088532 -0.105605
v 0.008279 -0.149521 -0.105605
v 0.007923 -0.151600 -0.105605
v 0.012355 0.102893 -0.105605
v 0.011743 0.040426 -0.105605
v 0.010512 0.098804 -0.105605
v 0.011743 0.162201 -0.105605
v 0.011336 0.103645 -0.105605
v 0.012355 0.165960 -0.105605
v 0.011743 0.225268 -0.105605
v 0.010076 0.040739 -0.105605
v 0.009072 0.099156 -0.105605
v 0.008280 0.162947 -0.105605
v 0.008903 0.103331 -0.105605
v 0.008904 0.040265 -0.105605
v 0.007923 0.038891 -0.105605
v 0.007923 0.101958 -0.105605
v 0.011336 0.166712 -0.105605
v 0.009866 0.161905 -0.105605
v 0.010080 0.103807 -0.105605
v 0.008280 0.226014 -0.105605
v 0.008430 0.165974 -0.105605
v 0.007897 0.164597 -0.105605
v 0.009865 -0.148479 -0.105605
v 0.010081 -0.090381 -0.105605
v 0.008904 -0.089906 -0.105605
v 0.009869 0.166858 -0.105605
v 0.009866 0.224972 -0.105605
v 0.010080 0.356075 -0.105605
v 0.007897 0.353797 -0.105605
v 0.008552 0.355352 -0.105605
v 0.011744 0.355760 -0.105605
v 0.012852 0.354220 -0.105605
v 0.015956 -0.347299 -0.105605
v 0.015956 0.360726 -0.102430
v 0.015956 0.360726 -0.105605
v 0.015956 -0.347299 -0.102430
v 0.012595 -0.278313 -0.102430
v 0.012924 -0.276872 -0.102430
v 0.012924 -0.213805 -0.102430
v 0.015956 -0.347299 -0.102430
v 0.012353 -0.275508 -0.102430
v 0.012595 -0.215246 -0.102430
v 0.015956 0.360726 -0.102430
v 0.012852 0.038885 -0.102430
v 0.011542 -0.279350 -0.102430
v 0.012771 -0.023988 -0.102430
v 0.012771 0.037414 -0.102430
v 0.010081 -0.279582 -0.102430
v 0.010296 -0.337625 -0.102430
v 0.011542 -0.216283 -0.102430
v 0.011334 -0.274756 -0.102430
v 0.012814 -0.025674 -0.102430
v 0.012876 0.227875 -0.102430
v 0.011540 -0.027083 -0.102430
v 0.011909 -0.085853 -0.102430
v 0.012771 0.100481 -0.102430
v 0.008552 -0.215793 -0.102430
v 0.008279 -0.275655 -0.102430
v 0.008109 -0.339123 -0.102430
v 0.011743 0.040426 -0.102430
v 0.011909 0.099278 -0.102430
v 0.007897 -0.340371 -0.102430
v 0.004844 -0.347299 -0.102430
v 0.010080 0.229941 -0.102430
v 0.009866 0.288039 -0.102430
v 0.010081 -0.342649 -0.102430
v 0.008552 -0.341927 -0.102430
v 0.011336 -0.342487 -0.102430
v 0.012499 -0.341575 -0.102430
v 0.012924 -0.339940 -0.102430
v 0.012924 -0.150738 -0.102430
v 0.012876 -0.088315 -0.102430
v 0.012093 -0.338235 -0.102430
v 0.012771 0.289682 -0.102430
v 0.011743 0.288335 -0.102430
v 0.012355 0.229027 -0.102430
v 0.011743 0.036067 -0.102430
v 0.011743 -0.022641 -0.102430
v 0.011336 0.229779 -0.102430
v 0.012771 -0.087055 -0.102430
v 0.012876 0.164808 -0.102430
v 0.008280 0.162947 -0.102430
v 0.008903 0.103331 -0.102430
v 0.009865 -0.274613 -0.102430
v 0.010081 -0.216515 -0.102430
v 0.012852 0.291153 -0.102430
v 0.012771 0.352749 -0.102430
v 0.009866 0.351106 -0.102430
v 0.011743 0.351402 -0.102430
v 0.010080 0.293008 -0.102430
v 0.012771 0.163548 -0.102430
v 0.004844 0.360726 -0.102430
v 0.007897 0.227664 -0.102430
v 0.007897 -0.214238 -0.102430
v 0.008552 0.229218 -0.102430
v 0.011744 0.292693 -0.102430
v 0.008280 0.289081 -0.102430
v 0.007897 0.290730 -0.102430
v 0.008280 0.352147 -0.102430
v 0.008552 0.292285 -0.102430
v 0.010080 0.356075 -0.102430
v 0.011744 0.355760 -0.102430
v 0.012876 0.101741 -0.102430
v 0.008906 -0.338135 -0.102430
v 0.008552 -0.278860 -0.102430
v 0.007897 -0.277305 -0.102430
v 0.012771 0.226615 -0.102430
v 0.012355 0.102893 -0.102430
v 0.011743 0.162201 -0.102430
v 0.011743 0.225268 -0.102430
v 0.012355 0.165960 -0.102430
v 0.011336 0.166712 -0.102430
v 0.009869 0.166858 -0.102430
v 0.010512 -0.085378 -0.102430
v 0.010076 -0.027313 -0.102430
v 0.008109 -0.025852 -0.102430
v 0.008109 -0.086856 -0.102430
v 0.009866 0.224972 -0.102430
v 0.007923 -0.024176 -0.102430
v 0.009073 -0.085729 -0.102430
v 0.012353 -0.149374 -0.102430
v 0.012355 -0.089467 -0.102430
v 0.011334 -0.148622 -0.102430
v 0.008279 -0.149521 -0.102430
v 0.008904 -0.026840 -0.102430
v 0.008109 0.037215 -0.102430
v 0.008904 0.040265 -0.102430
v 0.007923 0.038891 -0.102430
v 0.008109 0.100282 -0.102430
v 0.008430 0.165974 -0.102430
v 0.008280 0.226014 -0.102430
v 0.008904 -0.089906 -0.102430
v 0.012595 -0.152179 -0.102430
v 0.012353 -0.212441 -0.102430
v 0.011542 -0.153216 -0.102430
v 0.011336 -0.090219 -0.102430
v 0.009865 -0.148479 -0.102430
v 0.010081 -0.090381 -0.102430
v 0.007923 -0.151600 -0.102430
v 0.008279 -0.212588 -0.102430
v 0.008904 -0.152973 -0.102430
v 0.007923 -0.088532 -0.102430
v 0.010076 -0.022328 -0.102430
v 0.010076 0.035754 -0.102430
v 0.008904 -0.022802 -0.102430
v 0.008904 0.036227 -0.102430
v 0.007923 0.101958 -0.102430
v 0.007897 0.164597 -0.102430
v 0.010512 0.098804 -0.102430
v 0.010076 0.040739 -0.102430
v 0.009072 0.099156 -0.102430
v 0.011334 -0.211689 -0.102430
v 0.009865 -0.211546 -0.102430
v 0.010081 -0.153448 -0.102430
v 0.011336 0.103645 -0.102430
v 0.010080 0.103807 -0.102430
v 0.009866 0.161905 -0.102430
v 0.012852 0.354220 -0.102430
v 0.008552 0.355352 -0.102430
v 0.007897 0.353797 -0.102430
v 0.004844 -0.278313 -0.099069
v 0.004844 -0.276872 -0.099398
v 0.004844 -0.213805 -0.099398
v 0.004844 -0.347299 -0.102430
v 0.004844 -0.275508 -0.098827
v 0.004844 -0.215246 -0.099069
v 0.004844 0.101097 -0.099398
v 0.004844 0.360726 -0.102430
v 0.004844 0.038672 -0.099350
v 0.004844 -0.279350 -0.098016
v 0.004844 0.036997 -0.099108
v 0.004844 -0.279582 -0.096555
v 0.004844 -0.337625 -0.096770
v 0.004844 -0.216283 -0.098016
v 0.004844 -0.274756 -0.097808
v 0.004844 -0.026045 -0.099069
v 0.004844 -0.086307 -0.098827
v 0.004844 0.227231 -0.099398
v 0.004844 -0.026959 -0.098193
v 0.004844 -0.085386 -0.097415
v 0.004844 -0.215793 -0.095026
v 0.004844 -0.275655 -0.094753
v 0.004844 -0.339123 -0.094583
v 0.004844 0.039827 -0.098827
v 0.004844 0.099733 -0.098827
v 0.004844 -0.340371 -0.094371
v 0.004844 -0.347299 -0.091318
v 0.004844 0.288039 -0.096339
v 0.004844 -0.342649 -0.096555
v 0.004844 -0.341927 -0.095026
v 0.004844 -0.342487 -0.097810
v 0.004844 -0.341575 -0.098973
v 0.004844 -0.339940 -0.099398
v 0.004844 -0.150738 -0.099398
v 0.004844 -0.087671 -0.099398
v 0.004844 -0.338235 -0.098567
v 0.004844 0.228672 -0.099069
v 0.004844 0.289265 -0.099108
v 0.004844 0.229586 -0.098193
v 0.004844 0.035825 -0.097616
v 0.004844 -0.022399 -0.097616
v 0.004844 0.288182 -0.097808
v 0.004844 -0.024604 -0.099398
v 0.004844 0.229979 -0.096766
v 0.004844 0.164164 -0.099398
v 0.004844 0.103333 -0.095378
v 0.004844 -0.274613 -0.096339
v 0.004844 -0.216515 -0.096555
v 0.004844 0.291153 -0.099325
v 0.004844 0.352001 -0.098828
v 0.004844 0.353366 -0.099398
v 0.004844 -0.023240 -0.098827
v 0.004844 0.351159 -0.097615
v 0.004844 0.292937 -0.097614
v 0.004844 0.351297 -0.095720
v 0.004844 0.292957 -0.096347
v 0.004844 0.102538 -0.099069
v 0.004844 0.360726 -0.091318
v 0.004844 0.227664 -0.094371
v 0.004844 -0.214238 -0.094371
v 0.004844 0.229219 -0.095026
v 0.004844 0.292242 -0.098680
v 0.004844 0.289081 -0.094753
v 0.004844 0.290730 -0.094371
v 0.004844 0.352549 -0.094583
v 0.004844 0.292286 -0.095026
v 0.004844 0.356004 -0.097614
v 0.004844 0.356024 -0.096347
v 0.004844 -0.338135 -0.095380
v 0.004844 -0.278860 -0.095026
v 0.004844 -0.277305 -0.094371
v 0.004844 0.165605 -0.099069
v 0.004844 0.103452 -0.098193
v 0.004844 0.162800 -0.098827
v 0.004844 0.225867 -0.098827
v 0.004844 0.166519 -0.098193
v 0.004844 0.166912 -0.096766
v 0.004844 0.225115 -0.097808
v 0.004844 -0.027352 -0.096764
v 0.004844 -0.025852 -0.094583
v 0.004844 -0.086856 -0.094583
v 0.004844 0.224972 -0.096339
v 0.004844 -0.024176 -0.094397
v 0.004844 -0.089112 -0.099069
v 0.004844 -0.085729 -0.095547
v 0.004844 0.040668 -0.097616
v 0.004844 0.098812 -0.097415
v 0.004844 -0.149374 -0.098827
v 0.004844 -0.148622 -0.097808
v 0.004844 -0.090026 -0.098193
v 0.004844 -0.149521 -0.094753
v 0.004844 -0.026840 -0.095378
v 0.004844 0.166152 -0.095026
v 0.004844 0.037215 -0.094583
v 0.004844 0.038891 -0.094397
v 0.004844 0.100282 -0.094583
v 0.004844 0.226014 -0.094753
v 0.004844 -0.089906 -0.095378
v 0.004844 -0.152179 -0.099069
v 0.004844 -0.212441 -0.098827
v 0.004844 -0.153093 -0.098193
v 0.004844 -0.090419 -0.096766
v 0.004844 -0.148479 -0.096339
v 0.004844 -0.151600 -0.094397
v 0.004844 -0.212588 -0.094753
v 0.004844 -0.152973 -0.095378
v 0.004844 -0.088532 -0.094397
v 0.004844 -0.022534 -0.095723
v 0.004844 0.035960 -0.095723
v 0.004844 0.163349 -0.094583
v 0.004844 0.101958 -0.094397
v 0.004844 0.164597 -0.094371
v 0.004844 0.040533 -0.095723
v 0.004844 0.099155 -0.095547
v 0.004844 -0.211689 -0.097808
v 0.004844 -0.153486 -0.096766
v 0.004844 -0.211546 -0.096339
v 0.004844 0.161958 -0.097615
v 0.004844 0.103845 -0.096766
v 0.004844 0.162096 -0.095720
v 0.004844 0.355001 -0.098973
v 0.004844 0.355353 -0.095026
v 0.004844 0.353797 -0.094371
v 0.004844 -0.347299 -0.091318
v 0.001669 -0.347299 -0.091318
v 0.001669 0.360726 -0.091318
v 0.004844 0.360726 -0.091318
v 0.015956 -0.347299 -0.105605
v 0.004844 -0.347299 -0.102430
v 0.015956 -0.347299 -0.102430
v 0.001669 -0.347299 -0.105605
v 0.001669 -0.347299 -0.091318
v 0.004844 -0.347299 -0.091318
v 0.001669 0.360726 -0.105605
v 0.004844 0.360726 -0.102430
v 0.001669 0.360726 -0.091318
v 0.015956 0.360726 -0.105605
v 0.004844 0.360726 -0.091318
v 0.015956 0.360726 -0.102430
vn -0.0878 0.9348 -0.3441
vn -0.0779 0.9331 -0.3511
vn -0.1148 0.9389 -0.3245
vn -0.4531 0.8408 -0.2962
vn 0.8475 0.4927 -0.1975
vn -0.0357 0.2114 0.9767
vn -0.0301 0.2071 0.9779
vn -0.0080 0.1900 0.9818
vn -0.8853 0.4634 0.0402
vn -0.8806 0.4712 0.0503
vn -0.9050 0.4253 -0.0073
vn 0.6001 0.7857 0.1503
vn 0.0391 -0.3222 -0.9459
vn 0.1216 -0.2261 -0.9665
vn 0.0390 -0.3223 -0.9458
vn 0.2352 -0.7507 0.6174
vn 0.0996 -0.8586 0.5029
vn 0.0795 -0.8711 0.4845
vn -0.8657 0.4727 -0.1647
vn -0.8303 0.5504 -0.0871
vn -0.8271 0.5563 -0.0809
vn -0.0895 0.0974 0.9912
vn -0.0904 0.0984 0.9910
vn -0.1675 0.1873 0.9679
vn 0.0240 -0.5499 -0.8349
vn 0.0139 -0.5565 -0.8307
vn -0.0223 -0.5793 -0.8148
vn -0.1931 0.9197 0.3418
vn -0.2201 -0.4703 0.8546
vn 0.5386 -0.8226 -0.1823
vn -0.3922 0.8880 -0.2399
vn -0.0895 0.0973 0.9912
vn -0.0903 0.0983 0.9910
vn -0.1674 0.1872 0.9679
vn 0.0301 -0.9780 0.2063
vn 0.0652 -0.9822 0.1762
vn 0.0214 -0.9767 0.2137
vn 0.8493 -0.5015 0.1646
vn 0.0196 0.7946 -0.6068
vn -0.1286 0.8669 -0.4816
vn -0.1471 0.8735 -0.4641
vn 0.3967 0.9177 0.0235
vn 0.4050 0.9142 0.0126
vn 0.3951 0.9183 0.0255
vn -0.0317 -0.9356 0.3516
vn -0.0274 -0.9339 0.3565
vn 0.0080 -0.9186 0.3952
vn 0.1524 -0.2249 -0.9624
vn 0.0221 0.0131 -0.9997
vn -0.0374 0.0672 -0.9970
vn 0.1750 -0.1271 -0.9763
vn 0.2321 0.9193 -0.3179
vn -0.0167 0.0394 0.9991
vn 0.0872 0.1468 0.9853
vn 0.0980 0.1579 0.9826
vn 0.7003 0.7136 0.0193
vn 0.7924 0.6035 -0.0886
vn 0.7139 0.7003 0.0050
vn -0.4988 0.8596 -0.1107
vn -0.4995 0.8593 -0.1099
vn -0.4696 0.8715 -0.1416
vn -0.1438 -0.9887 -0.0436
vn -0.0297 -0.9981 0.0537
vn -0.1447 -0.9885 -0.0444
vn 0.7922 0.6032 -0.0930
vn 1.0000 -0.0000 -0.0000
vn 0.2677 0.7264 -0.6330
vn 0.0454 -0.9595 0.2779
vn 0.0489 -0.9585 0.2807
vn 0.0071 -0.9691 0.2466
vn 0.1978 -0.9649 0.1728
vn 0.0438 0.1898 0.9808
vn 0.0509 0.1950 0.9795
vn 0.0537 0.1970 0.9789
vn -0.1729 -0.9649 0.1979
vn -0.0166 -0.4162 -0.9091
vn 0.1039 -0.3093 -0.9453
vn -0.0359 -0.4323 -0.9010
vn -0.8546 -0.4703 -0.2201
vn -0.3145 0.8684 0.3834
vn 0.7854 0.5980 -0.1598
vn -0.2147 -0.9766 -0.0153
vn -0.1440 -0.9876 0.0627
vn -0.2326 -0.9719 -0.0354
vn -0.1367 0.6001 -0.7881
vn -1.0000 -0.0019 -0.0037
vn -1.0000 -0.0056 -0.0005
vn -0.9984 0.0394 -0.0396
vn 0.1979 -0.9649 0.1729
vn 0.7549 0.6546 -0.0412
vn 0.8507 0.4947 -0.1779
vn 0.7582 0.6505 -0.0452
vn -0.2400 0.8881 0.3921
vn -0.3921 0.8881 -0.2400
vn 0.9607 -0.2647 -0.0840
vn 0.9555 -0.2774 -0.1004
vn 0.9614 -0.2627 -0.0814
vn 0.9997 0.0131 0.0221
vn 0.9970 0.0672 -0.0374
vn 0.9763 -0.1271 0.1750
vn 0.6032 0.7898 0.1114
vn 0.2352 -0.7506 0.6174
vn 0.0996 -0.8586 0.5030
vn 0.0795 -0.8711 0.4846
vn -0.1899 -0.9817 0.0122
vn -0.1438 -0.9876 0.0628
vn -0.1991 -0.9800 0.0020
vn -0.3448 0.9281 -0.1407
vn 0.2823 0.3229 -0.9033
vn 0.9763 -0.1271 0.1751
vn 0.0402 0.4634 0.8853
vn 0.0503 0.4712 0.8806
vn -0.0073 0.4253 0.9050
vn 0.2574 0.9133 -0.3157
vn 0.0316 -0.7653 0.6429
vn 0.0273 -0.7621 0.6469
vn 0.0634 -0.7877 0.6127
vn -0.1407 -0.9640 0.2254
vn -0.0317 -0.9356 0.3517
vn 0.7746 -0.5754 0.2626
vn 0.8645 -0.4860 0.1283
vn 0.8946 -0.4417 0.0682
vn -0.0718 0.9429 -0.3253
vn -0.0516 0.9394 -0.3390
vn -0.1205 0.9490 -0.2913
vn -0.6429 -0.7653 0.0316
vn -0.6469 -0.7621 0.0273
vn -0.6127 -0.7877 0.0634
vn -0.0000 -0.0000 1.0000
vn -0.8116 -0.5291 -0.2475
vn -1.0000 -0.0000 -0.0000
vn -0.2709 0.1829 0.9451
vn 0.3137 0.9320 0.1818
vn -0.4887 0.8667 -0.0998
vn -0.4880 0.8670 -0.1006
vn -0.4710 0.8739 -0.1200
vn -0.0139 -0.3603 -0.9328
vn 0.1487 -0.1842 -0.9716
vn -0.0298 -0.3764 -0.9260
vn 0.6029 0.7900 0.1116
vn 0.5331 -0.8138 -0.2313
vn 0.9436 -0.2740 0.1857
vn -0.9900 0.1382 -0.0294
vn -0.9403 0.3008 -0.1593
vn -0.9894 0.1419 -0.0322
vn -0.3921 0.8842 -0.2540
vn -0.8116 -0.5291 -0.2476
vn -0.8116 -0.5292 -0.2475
vn 0.9513 -0.3030 0.0561
vn 0.9697 -0.1942 0.1480
vn 0.9505 -0.3060 0.0535
vn 0.1756 0.9627 -0.2057
vn 0.9358 -0.3523 0.0121
vn 0.9575 -0.2777 0.0779
vn 0.9372 -0.3485 0.0155
vn -0.9876 0.0390 -0.1522
vn -0.2059 -0.9786 -0.0051
vn -0.2278 -0.9733 -0.0297
vn -0.4234 0.9054 -0.0310
vn -0.4343 0.9005 -0.0216
vn -0.3470 0.9331 -0.0944
vn 0.0935 -0.9081 0.4081
vn 0.0441 -0.9289 0.3677
vn 0.0389 -0.9308 0.3634
vn 0.8581 -0.5067 0.0831
vn 0.8827 -0.4685 0.0368
vn 0.8827 -0.4685 0.0367
vn -0.2242 -0.9575 0.1812
vn 0.0523 -0.4066 -0.9121
vn 0.1653 -0.3120 -0.9356
vn 0.0160 -0.4349 -0.9003
vn 0.6330 0.7264 0.2677
vn 0.0139 -0.5565 -0.8308
vn 0.5386 -0.8226 -0.1822
vn -0.0000 -1.0000 -0.0000
vn -0.0000 1.0000 -0.0000
vn -0.2708 0.1829 0.9451
vn -0.0544 0.9284 -0.3676
vn -0.0592 0.2294 0.9715
vn -0.8587 0.5039 0.0933
vn -0.0782 0.8692 -0.4882
vn -0.1137 0.8820 -0.4574
vn 0.0508 0.8061 -0.5895
vn 0.9603 0.2047 -0.1895
vn 0.0550 -0.9848 0.1647
vn 0.1693 -0.9847 0.0402
vn 0.0418 -0.9830 0.1786
vn -0.0699 -0.6857 -0.7246
vn 0.0774 -0.8251 -0.5597
vn -0.0868 -0.6663 -0.7406
vn -0.0170 -0.9487 0.3158
vn 0.2287 0.8963 0.3800
vn 0.0081 -0.0150 0.9999
vn 0.1807 0.2423 0.9532
vn 0.0615 -0.5247 -0.8491
vn -0.7623 0.6347 0.1268
vn -0.3290 -0.9038 -0.2739
vn 0.1777 0.9839 -0.0215
vn 0.9749 0.0556 -0.2157
vn -0.9623 0.1457 0.2298
vn -0.0635 -0.9467 0.3157
vn -0.7500 -0.6177 0.2367
vn 0.2298 0.1457 0.9623
vn -0.1060 -0.5225 -0.8460
vn 0.2890 0.2358 0.9278
vn -0.2529 0.8996 -0.3561
vn 0.2529 -0.9570 -0.1422
vn -0.2432 -0.9612 -0.1300
vn -0.2969 -0.9487 -0.1092
vn -0.9951 0.0055 0.0987
vn -0.9932 0.0227 0.1141
vn -0.9828 -0.1733 -0.0637
vn 0.9044 -0.4232 -0.0538
vn -0.3492 0.8713 -0.3449
vn -0.0000 -0.0000 -1.0000
vn 0.0917 -0.9447 0.3149
vn -0.9401 0.1627 0.2994
vn 0.3861 0.9217 0.0371
vn -0.5369 0.8409 -0.0683
vn 0.5827 0.7971 0.1586
vn -0.9876 -0.0467 0.1501
vn -0.1896 0.2047 -0.9603
vn -0.9982 -0.0474 0.0359
vn 0.9055 -0.4240 -0.0147
vn 0.4183 0.8582 0.2976
vn 0.9471 -0.3056 -0.0986
vn 0.0602 0.2017 0.9776
vn -0.2176 0.9075 -0.3592
vn -0.9923 -0.0472 0.1146
vn -0.2448 -0.9683 -0.0494
vn -0.1165 0.9572 -0.2648
vn 0.2020 -0.7630 -0.6140
vn 0.0705 -0.8729 -0.4828
vn 0.0707 -0.8728 -0.4830
vn -0.9566 0.1656 0.2396
vn 0.0215 0.9839 0.1777
vn -0.1477 -0.5200 -0.8413
vn -0.8764 -0.4622 0.1355
vn -0.0537 -0.4232 -0.9045
vn 0.0933 0.5039 0.8587
vn -0.5069 0.8520 0.1308
vn -0.2277 0.2030 -0.9524
vn -0.5108 0.8584 0.0472
vn -0.1841 -0.9827 0.0191
vn -0.0892 -0.9449 0.3150
vn 0.2385 0.7019 0.6712
vn -0.0081 -0.7347 0.6784
vn -0.1422 -0.9570 -0.2529
vn 0.9654 -0.2520 -0.0676
vn -0.0073 0.9297 -0.3682
vn 0.2648 0.9572 -0.1166
vn 0.9603 0.2047 -0.1896
vn -0.0910 -0.9449 0.3146
vn -0.6784 -0.7347 -0.0081
vn -0.7685 0.6396 0.0143
vn -0.1895 0.2047 -0.9603
vn 0.0214 0.9839 0.1777
vn 0.1808 0.8454 0.5025
vn -0.5100 0.8569 -0.0749
vn -0.0001 -0.0000 1.0000
vn -0.2157 0.0556 -0.9749
vn 0.0002 -0.0000 -1.0000
vn -0.2175 0.9075 -0.3593
vn 0.9044 -0.4233 -0.0538
vn -0.0157 -0.9694 0.2450
vn 0.4183 0.8582 0.2975
vn -0.0846 -0.9488 -0.3042
vn 0.4828 -0.8729 0.0705
vn 0.3043 -0.9488 -0.0846
vn 0.4830 -0.8728 0.0707
vn -0.2021 -0.5149 -0.8331
vn -0.1422 -0.9570 -0.2528
vn 0.6140 -0.7630 0.2020
vn -0.1779 -0.5171 -0.8372
s 1
f 3354//1500 3355//1501 3353//1502
f 3494//1503 3492//1503 3493//1503
f 3491//1504 3490//1504 3493//1504
f 3332//1505 3338//1506 3339//1507
f 3503//1508 3502//1509 3495//1510
f 3437//1511 3438//1511 3439//1511
f 3344//1512 3345//1513 3342//1514
f 3299//1515 3298//1516 3300//1517
f 3400//1518 3399//1519 3406//1520
f 3381//1521 3389//1522 3388//1523
f 3375//1524 3377//1525 3378//1526
f 3348//1527 3346//1527 3347//1527
f 3358//1528 3357//1528 3359//1528
f 3409//1529 3408//1529 3410//1529
f 3416//1530 3422//1530 3423//1530
f 3323//1531 3331//1532 3330//1533
f 3343//1534 3342//1535 3341//1536
f 3489//1537 3490//1537 3491//1537
f 3327//1538 3328//1539 3329//1540
f 3406//1541 3405//1542 3404//1543
f 3306//1544 3308//1545 3307//1546
f 3319//1547 3320//1547 3318//1547
f 3369//1548 3370//1549 3368//1550
f 3347//1551 3346//1551 3345//1551
f 3340//1552 3341//1553 3348//1554
f 3447//1555 3446//1556 3449//1557
f 3415//1558 3412//1559 3413//1560
f 3456//1561 3455//1562 3454//1563
f 3483//1564 3482//1564 3485//1564
f 3306//1521 3314//1522 3313//1523
f 3754//1565 3753//1565 3752//1565
f 3394//1566 3395//1566 3396//1566
f 3323//1567 3325//1568 3324//1569
f 3921//1565 3894//1565 3895//1565
f 3317//1570 3318//1570 3316//1570
f 3349//1571 3350//1572 3356//1573
f 3464//1574 3465//1574 3463//1574
f 3316//1528 3315//1528 3317//1528
f 3328//1575 3327//1576 3325//1577
f 3471//1578 3470//1578 3472//1578
f 3315//1579 3321//1579 3322//1579
f 3458//1580 3457//1580 3460//1580
f 3436//1581 3435//1582 3434//1583
f 3345//1584 3344//1584 3347//1584
f 3409//1537 3410//1537 3411//1537
f 3442//1585 3450//1586 3451//1587
f 3367//1588 3368//1588 3366//1588
f 3411//1504 3410//1504 3413//1504
f 3463//1578 3462//1578 3464//1578
f 3428//1589 3427//1590 3430//1591
f 3365//1592 3371//1592 3372//1592
f 3462//1593 3468//1593 3469//1593
f 3438//1594 3437//1595 3435//1596
f 3466//1597 3467//1598 3465//1599
f 3447//1555 3449//1557 3448//1600
f 3374//1601 3373//1602 3375//1603
f 3359//1588 3360//1588 3358//1588
f 3445//1604 3444//1605 3443//1606
f 3461//1607 3459//1607 3460//1607
f 3385//1608 3386//1608 3387//1608
f 3420//1597 3421//1598 3419//1609
f 3398//1610 3397//1611 3390//1612
f 3474//1597 3475//1598 3473//1609
f 3472//1574 3473//1574 3471//1574
f 3322//1613 3321//1613 3320//1613
f 3398//1614 3392//1615 3391//1616
f 3425//1617 3426//1617 3424//1617
f 3381//1618 3383//1545 3382//1546
f 3401//1619 3402//1620 3404//1621
f 3337//1622 3338//1623 3336//1624
f 3503//1625 3497//1626 3496//1627
f 4005//1628 4003//1628 4002//1628
f 3407//1629 3415//1629 3408//1629
f 3508//1630 3524//1630 3525//1630
f 3373//1631 3374//1631 3380//1631
f 3460//1632 3459//1632 3458//1632
f 3432//1633 3429//1634 3430//1635
f 3354//1636 3353//1637 3352//1638
f 3428//1589 3430//1591 3429//1639
f 3361//1548 3362//1549 3360//1550
f 3426//1640 3425//1640 3427//1640
f 3417//1578 3416//1578 3418//1578
f 3427//1641 3428//1641 3426//1641
f 3441//1642 3440//1643 3433//1644
f 3486//1645 3484//1645 3485//1645
f 3366//1528 3365//1528 3367//1528
f 3424//1646 3432//1646 3425//1646
f 3487//1647 3494//1647 3488//1647
f 3457//1648 3458//1649 3455//1650
f 3440//1651 3439//1651 3438//1651
f 3446//1652 3447//1653 3444//1654
f 3470//1593 3476//1593 3477//1593
f 3453//1655 3452//1655 3461//1655
f 3481//1656 3480//1657 3479//1656
f 3451//1658 3448//1659 3449//1660
f 3357//1592 3363//1592 3364//1592
f 3418//1574 3419//1574 3417//1574
f 3333//1661 3332//1662 3334//1663
f 3480//1664 3481//1665 3483//1666
f 3408//1667 3409//1667 3407//1667
f 3337//1668 3336//1669 3334//1670
f 3488//1667 3489//1667 3487//1667
f 3310//1608 3311//1608 3312//1608
f 3499//1671 3500//1671 3501//1671
f 3300//1524 3302//1672 3303//1526
f 3489//1673 3488//1673 3490//1673
f 3900//1565 3925//1565 3926//1565
f 4006//1674 4008//1674 4007//1674
f 4014//1675 4016//1675 4013//1675
f 3298//1676 3299//1676 3305//1676
f 3354//1500 3356//1677 3355//1501
f 3332//1505 3333//1678 3338//1506
f 3503//1508 3501//1679 3502//1509
f 3302//1680 3304//1681 3303//1682
f 3475//1598 3474//1597 3477//1683
f 3351//1684 3352//1685 3350//1686
f 3385//1687 3383//1688 3384//1689
f 3332//1662 3335//1690 3334//1663
f 3314//1691 3312//1691 3313//1691
f 3381//1521 3382//1692 3389//1522
f 3348//1554 3341//1553 3346//1693
f 3375//1524 3376//1694 3377//1525
f 3461//1695 3452//1695 3459//1695
f 3400//1696 3402//1696 3401//1696
f 3363//1697 3362//1697 3364//1697
f 3323//1531 3324//1692 3331//1532
f 3377//1680 3379//1681 3378//1682
f 3499//1698 3498//1698 3500//1698
f 3371//1697 3370//1697 3372//1697
f 3416//1699 3417//1699 3422//1699
f 3306//1544 3309//1700 3308//1545
f 3401//1701 3399//1701 3400//1701
f 3357//1702 3358//1702 3363//1702
f 3334//1670 3335//1703 3337//1668
f 3315//1704 3316//1704 3321//1704
f 3328//1539 3330//1705 3329//1540
f 3473//1706 3472//1706 3474//1706
f 3453//1707 3456//1561 3454//1563
f 3433//1708 3436//1581 3434//1583
f 3479//1709 3486//1710 3478//1711
f 3445//1712 3446//1652 3444//1654
f 3365//1702 3366//1702 3371//1702
f 3386//1713 3388//1713 3387//1713
f 3703//1714 3652//1714 3651//1714
f 3703//1714 3651//1714 3698//1714
f 3699//1714 3703//1714 3698//1714
f 3699//1714 3698//1714 3686//1714
f 3700//1714 3699//1714 3686//1714
f 3700//1714 3686//1714 3701//1714
f 3712//1714 3700//1714 3701//1714
f 3712//1714 3701//1714 3713//1714
f 3720//1714 3712//1714 3713//1714
f 3720//1714 3713//1714 3669//1714
f 3685//1714 3684//1714 3688//1714
f 3682//1714 3685//1714 3688//1714
f 3682//1714 3688//1714 3683//1714
f 3659//1714 3682//1714 3683//1714
f 3659//1714 3683//1714 3658//1714
f 3669//1714 3659//1714 3658//1714
f 3669//1714 3658//1714 3687//1714
f 3719//1714 3720//1714 3718//1714
f 3706//1714 3705//1714 3704//1714
f 3706//1714 3704//1714 3718//1714
f 3667//1714 3641//1714 3662//1714
f 3667//1714 3662//1714 3668//1714
f 3667//1714 3668//1714 3638//1714
f 3687//1714 3667//1714 3638//1714
f 3668//1714 3643//1714 3638//1714
f 3715//1714 3695//1714 3694//1714
f 3715//1714 3694//1714 3706//1714
f 3733//1714 3715//1714 3706//1714
f 3666//1714 3748//1714 3747//1714
f 3637//1714 3636//1714 3634//1714
f 3747//1714 3677//1714 3666//1714
f 3677//1714 3674//1714 3666//1714
f 3638//1714 3666//1714 3733//1714
f 3632//1714 3637//1714 3634//1714
f 3666//1714 3674//1714 3665//1714
f 3674//1714 3646//1714 3665//1714
f 3634//1714 3638//1714 3633//1714
f 3632//1714 3634//1714 3633//1714
f 3663//1714 3660//1714 3661//1714
f 3663//1714 3661//1714 3664//1714
f 3646//1714 3663//1714 3645//1714
f 3663//1714 3664//1714 3645//1714
f 3640//1714 3633//1714 3638//1714
f 3646//1714 3645//1714 3665//1714
f 3643//1714 3640//1714 3638//1714
f 3666//1714 3665//1714 3740//1714
f 3665//1714 3738//1714 3740//1714
f 3669//1714 3687//1714 3638//1714
f 3720//1714 3669//1714 3638//1714
f 3738//1714 3745//1714 3744//1714
f 3718//1714 3720//1714 3638//1714
f 3738//1714 3744//1714 3739//1714
f 3706//1714 3718//1714 3638//1714
f 3733//1714 3706//1714 3638//1714
f 3738//1714 3739//1714 3740//1714
f 3666//1714 3740//1714 3734//1714
f 3740//1714 3730//1714 3734//1714
f 3730//1714 3731//1714 3734//1714
f 3681//1714 3680//1714 3689//1714
f 3680//1714 3722//1714 3689//1714
f 3723//1714 3689//1714 3722//1714
f 3722//1714 3728//1714 3723//1714
f 3723//1714 3728//1714 3729//1714
f 3729//1714 3728//1714 3732//1714
f 3729//1714 3732//1714 3733//1714
f 3714//1714 3729//1714 3733//1714
f 3734//1714 3714//1714 3733//1714
f 3734//1714 3733//1714 3666//1714
f 3306//1521 3307//1692 3314//1522
f 3754//1565 3751//1565 3753//1565
f 3323//1567 3326//1715 3325//1568
f 3911//1565 3910//1565 3882//1565
f 3936//1565 4001//1565 4000//1565
f 3882//1565 3886//1565 3921//1565
f 3880//1565 3882//1565 3881//1565
f 3911//1565 3882//1565 3879//1565
f 3886//1565 3936//1565 3945//1565
f 3936//1565 4000//1565 3946//1565
f 3948//1565 3901//1565 3947//1565
f 3890//1565 3948//1565 3947//1565
f 3890//1565 3947//1565 3891//1565
f 3888//1565 3890//1565 3891//1565
f 3888//1565 3891//1565 3914//1565
f 3879//1565 3888//1565 3914//1565
f 3936//1565 3946//1565 3945//1565
f 3879//1565 3914//1565 3911//1565
f 3880//1565 3879//1565 3882//1565
f 3881//1565 3882//1565 3912//1565
f 3886//1565 3945//1565 3999//1565
f 3883//1565 3880//1565 3881//1565
f 3926//1565 3925//1565 3893//1565
f 3892//1565 3926//1565 3893//1565
f 3892//1565 3893//1565 3883//1565
f 3884//1565 3892//1565 3883//1565
f 3886//1565 3999//1565 3929//1565
f 3881//1565 3884//1565 3883//1565
f 3929//1565 3928//1565 3927//1565
f 3928//1565 3940//1565 3927//1565
f 3912//1565 3882//1565 3913//1565
f 3886//1565 3929//1565 3927//1565
f 3978//1565 3881//1565 3912//1565
f 3906//1565 3939//1565 3922//1565
f 3920//1565 3906//1565 3922//1565
f 3920//1565 3922//1565 3917//1565
f 3916//1565 3920//1565 3917//1565
f 3916//1565 3917//1565 3915//1565
f 3927//1565 3916//1565 3896//1565
f 3916//1565 3915//1565 3896//1565
f 3979//1565 3993//1565 3978//1565
f 3977//1565 3979//1565 3978//1565
f 3886//1565 3927//1565 3896//1565
f 3896//1565 3953//1565 3950//1565
f 3896//1565 3950//1565 3923//1565
f 3912//1565 3977//1565 3978//1565
f 3886//1565 3896//1565 3923//1565
f 3913//1565 3882//1565 3921//1565
f 3966//1565 3912//1565 3913//1565
f 3976//1565 3985//1565 3969//1565
f 3976//1565 3969//1565 3981//1565
f 3976//1565 3981//1565 3980//1565
f 3980//1565 3981//1565 3967//1565
f 3968//1565 3980//1565 3967//1565
f 3968//1565 3967//1565 3966//1565
f 3962//1565 3968//1565 3966//1565
f 3998//1565 3988//1565 3924//1565
f 3988//1565 3989//1565 3924//1565
f 3998//1565 3924//1565 3997//1565
f 3996//1565 3998//1565 3997//1565
f 3996//1565 3997//1565 3951//1565
f 3952//1565 3996//1565 3951//1565
f 3952//1565 3951//1565 3935//1565
f 3923//1565 3952//1565 3935//1565
f 3923//1565 3935//1565 3885//1565
f 3886//1565 3923//1565 3885//1565
f 3913//1565 3962//1565 3966//1565
f 3965//1565 3991//1565 3964//1565
f 3903//1565 3965//1565 3964//1565
f 3903//1565 3964//1565 3902//1565
f 3885//1565 3903//1565 3902//1565
f 3885//1565 3902//1565 3887//1565
f 3886//1565 3885//1565 3887//1565
f 3895//1565 3913//1565 3921//1565
f 3889//1565 3918//1565 3930//1565
f 3918//1565 3919//1565 3930//1565
f 3889//1565 3930//1565 3921//1565
f 3887//1565 3889//1565 3921//1565
f 3897//1565 3957//1565 3898//1565
f 3897//1565 3898//1565 3895//1565
f 3894//1565 3897//1565 3895//1565
f 3886//1565 3887//1565 3921//1565
f 3494//1716 3487//1716 3492//1716
f 3403//1717 3406//1541 3404//1543
f 3414//1718 3412//1559 3415//1558
f 3413//1719 3412//1719 3411//1719
f 3415//1720 3407//1720 3414//1720
f 3370//1549 3369//1548 3372//1721
f 3442//1585 3443//1722 3450//1586
f 3481//1665 3482//1723 3483//1666
f 3485//1724 3484//1724 3483//1724
f 3470//1699 3471//1699 3476//1699
f 3402//1620 3403//1725 3404//1621
f 3465//1706 3464//1706 3466//1706
f 3356//1573 3350//1572 3355//1726
f 3377//1680 3380//1727 3379//1681
f 3433//1644 3434//1728 3441//1642
f 3442//1729 3445//1604 3443//1606
f 3395//1730 3397//1730 3396//1730
f 3419//1706 3418//1706 3420//1706
f 3462//1699 3463//1699 3468//1699
f 3394//1731 3391//1732 3393//1733
f 3486//1710 3479//1709 3484//1734
f 3468//1735 3467//1735 3469//1735
f 3325//1577 3326//1736 3328//1575
f 3454//1737 3452//1737 3453//1737
f 3389//1691 3387//1691 3388//1691
f 3343//1738 3344//1512 3342//1514
f 3398//1610 3396//1739 3397//1611
f 3441//1740 3439//1740 3440//1740
f 3320//1741 3319//1741 3322//1741
f 3450//1742 3448//1659 3451//1658
f 3478//1743 3481//1656 3479//1656
f 3298//1516 3301//1744 3300//1517
f 3374//1745 3379//1745 3380//1745
f 3373//1602 3376//1744 3375//1603
f 3398//1614 3390//1746 3392//1615
f 3381//1618 3384//1700 3383//1545
f 3360//1747 3359//1747 3361//1747
f 3436//1748 3438//1594 3435//1596
f 3337//1622 3339//1749 3338//1623
f 3500//1750 3502//1750 3501//1750
f 3467//1598 3466//1597 3469//1751
f 3349//1752 3351//1684 3350//1686
f 3505//1630 3514//1630 3504//1630
f 3504//1630 3514//1630 3513//1630
f 3514//1630 3592//1630 3513//1630
f 3513//1630 3592//1630 3594//1630
f 3608//1630 3594//1630 3592//1630
f 3579//1630 3584//1630 3595//1630
f 3584//1630 3580//1630 3595//1630
f 3591//1630 3579//1630 3595//1630
f 3591//1630 3595//1630 3590//1630
f 3592//1630 3591//1630 3590//1630
f 3592//1630 3590//1630 3597//1630
f 3593//1630 3605//1630 3608//1630
f 3609//1630 3593//1630 3608//1630
f 3531//1630 3587//1630 3530//1630
f 3531//1630 3530//1630 3533//1630
f 3573//1630 3531//1630 3533//1630
f 3573//1630 3533//1630 3588//1630
f 3617//1630 3573//1630 3588//1630
f 3617//1630 3588//1630 3618//1630
f 3619//1630 3617//1630 3618//1630
f 3619//1630 3618//1630 3596//1630
f 3597//1630 3619//1630 3596//1630
f 3597//1630 3596//1630 3598//1630
f 3597//1630 3598//1630 3512//1630
f 3512//1630 3544//1630 3592//1630
f 3597//1630 3512//1630 3592//1630
f 3544//1630 3559//1630 3623//1630
f 3608//1630 3592//1630 3544//1630
f 3544//1630 3623//1630 3622//1630
f 3609//1630 3608//1630 3544//1630
f 3544//1630 3622//1630 3557//1630
f 3609//1630 3544//1630 3616//1630
f 3607//1630 3609//1630 3616//1630
f 3601//1630 3612//1630 3602//1630
f 3613//1630 3602//1630 3612//1630
f 3612//1630 3607//1630 3613//1630
f 3555//1630 3556//1630 3557//1630
f 3622//1630 3555//1630 3557//1630
f 3544//1630 3557//1630 3558//1630
f 3516//1630 3613//1630 3607//1630
f 3616//1630 3516//1630 3607//1630
f 3541//1630 3539//1630 3542//1630
f 3539//1630 3536//1630 3542//1630
f 3558//1630 3541//1630 3543//1630
f 3541//1630 3542//1630 3543//1630
f 3544//1630 3558//1630 3543//1630
f 3616//1630 3544//1630 3543//1630
f 3614//1630 3616//1630 3543//1630
f 3614//1630 3543//1630 3615//1630
f 3503//1625 3495//1753 3497//1626
f 4005//1628 4004//1628 4003//1628
f 3406//1520 3399//1519 3405//1754
f 3299//1745 3304//1745 3305//1745
f 3534//1630 3536//1630 3535//1630
f 3536//1630 3539//1630 3535//1630
f 3526//1630 3534//1630 3527//1630
f 3534//1630 3535//1630 3527//1630
f 3550//1630 3526//1630 3527//1630
f 3550//1630 3527//1630 3551//1630
f 3614//1630 3615//1630 3621//1630
f 3614//1630 3621//1630 3620//1630
f 3620//1630 3621//1630 3610//1630
f 3604//1630 3620//1630 3610//1630
f 3604//1630 3610//1630 3603//1630
f 3611//1630 3604//1630 3603//1630
f 3611//1630 3603//1630 3550//1630
f 3507//1630 3611//1630 3550//1630
f 3602//1630 3600//1630 3601//1630
f 3571//1630 3601//1630 3600//1630
f 3571//1630 3600//1630 3507//1630
f 3506//1630 3571//1630 3507//1630
f 3605//1630 3593//1630 3606//1630
f 3605//1630 3606//1630 3570//1630
f 3599//1630 3605//1630 3570//1630
f 3586//1630 3599//1630 3570//1630
f 3586//1630 3570//1630 3585//1630
f 3572//1630 3586//1630 3506//1630
f 3586//1630 3585//1630 3506//1630
f 3554//1630 3556//1630 3555//1630
f 3554//1630 3555//1630 3553//1630
f 3548//1630 3554//1630 3549//1630
f 3554//1630 3553//1630 3549//1630
f 3551//1630 3548//1630 3549//1630
f 3551//1630 3549//1630 3552//1630
f 3549//1630 3560//1630 3552//1630
f 3624//1630 3559//1630 3544//1630
f 3512//1630 3598//1630 3547//1630
f 3544//1630 3552//1630 3625//1630
f 3624//1630 3544//1630 3625//1630
f 3512//1630 3547//1630 3567//1630
f 3547//1630 3538//1630 3567//1630
f 3567//1630 3538//1630 3537//1630
f 3626//1630 3625//1630 3552//1630
f 3538//1630 3563//1630 3537//1630
f 3560//1630 3626//1630 3552//1630
f 3529//1630 3528//1630 3525//1630
f 3529//1630 3525//1630 3565//1630
f 3566//1630 3529//1630 3565//1630
f 3566//1630 3565//1630 3569//1630
f 3552//1630 3508//1630 3572//1630
f 3551//1630 3552//1630 3550//1630
f 3550//1630 3552//1630 3507//1630
f 3563//1630 3566//1630 3569//1630
f 3563//1630 3569//1630 3564//1630
f 3507//1630 3552//1630 3506//1630
f 3506//1630 3552//1630 3572//1630
f 3563//1630 3564//1630 3537//1630
f 3562//1630 3572//1630 3561//1630
f 3572//1630 3508//1630 3561//1630
f 3504//1630 3562//1630 3505//1630
f 3589//1630 3505//1630 3562//1630
f 3512//1630 3567//1630 3545//1630
f 3512//1630 3545//1630 3546//1630
f 3561//1630 3589//1630 3562//1630
f 3545//1630 3518//1630 3546//1630
f 3561//1630 3508//1630 3587//1630
f 3522//1630 3561//1630 3587//1630
f 3518//1630 3532//1630 3540//1630
f 3546//1630 3518//1630 3540//1630
f 3574//1630 3522//1630 3587//1630
f 3532//1630 3524//1630 3519//1630
f 3524//1630 3510//1630 3523//1630
f 3580//1630 3584//1630 3574//1630
f 3521//1630 3580//1630 3574//1630
f 3524//1630 3523//1630 3519//1630
f 3587//1630 3521//1630 3574//1630
f 3519//1630 3540//1630 3532//1630
f 3530//1630 3587//1630 3508//1630
f 3530//1630 3508//1630 3528//1630
f 3581//1630 3530//1630 3528//1630
f 3576//1630 3581//1630 3528//1630
f 3512//1630 3546//1630 3520//1630
f 3577//1630 3576//1630 3575//1630
f 3512//1630 3520//1630 3517//1630
f 3578//1630 3582//1630 3583//1630
f 3578//1630 3583//1630 3577//1630
f 3512//1630 3517//1630 3515//1630
f 3508//1630 3512//1630 3509//1630
f 3568//1630 3578//1630 3577//1630
f 3512//1630 3515//1630 3509//1630
f 3575//1630 3568//1630 3577//1630
f 3508//1630 3509//1630 3511//1630
f 3528//1630 3575//1630 3576//1630
f 3508//1630 3511//1630 3510//1630
f 3510//1630 3524//1630 3508//1630
f 3525//1630 3528//1630 3508//1630
f 3421//1598 3420//1597 3423//1751
f 3362//1549 3361//1548 3364//1755
f 3310//1687 3308//1688 3309//1689
f 3422//1756 3421//1756 3423//1756
f 3331//1757 3329//1757 3330//1757
f 3432//1720 3424//1720 3431//1720
f 3368//1747 3367//1747 3369//1747
f 3431//1758 3429//1634 3432//1633
f 3778//1628 3762//1628 3779//1628
f 3762//1628 3774//1759 3779//1628
f 3778//1628 3779//1628 3867//1628
f 3868//1628 3778//1628 3867//1628
f 3868//1628 3867//1628 3869//1628
f 3845//1628 3868//1628 3869//1628
f 3846//1628 3845//1628 3869//1628
f 3846//1628 3869//1628 3847//1628
f 3846//1628 3847//1628 3865//1628
f 3874//1628 3873//1628 3827//1628
f 3874//1628 3827//1628 3875//1628
f 3801//1628 3874//1628 3875//1628
f 3801//1628 3875//1628 3800//1628
f 3865//1628 3801//1628 3800//1628
f 3865//1628 3800//1628 3866//1628
f 3848//1628 3831//1628 3836//1628
f 3848//1628 3836//1628 3849//1628
f 3866//1628 3848//1628 3849//1628
f 3866//1628 3849//1628 3811//1628
f 3796//1628 3795//1628 3862//1628
f 3861//1628 3796//1628 3862//1628
f 3861//1628 3862//1628 3864//1628
f 3863//1628 3861//1628 3864//1628
f 3863//1628 3864//1628 3844//1628
f 3837//1628 3863//1628 3844//1628
f 3837//1628 3844//1628 3846//1628
f 3832//1628 3773//1628 3772//1628
f 3832//1628 3772//1628 3833//1628
f 3838//1628 3832//1628 3833//1628
f 3838//1628 3833//1628 3843//1628
f 3835//1628 3838//1628 3843//1628
f 3835//1628 3843//1628 3834//1628
f 3860//1628 3835//1628 3834//1628
f 3860//1628 3834//1628 3837//1628
f 3794//1628 3771//1628 3792//1628
f 3794//1628 3792//1628 3793//1628
f 3797//1628 3794//1628 3793//1628
f 3782//1628 3797//1628 3793//1628
f 3782//1628 3793//1628 3783//1628
f 3813//1628 3782//1628 3783//1628
f 3813//1628 3783//1628 3815//1628
f 3811//1628 3813//1628 3815//1628
f 3811//1628 3815//1628 3816//1628
f 3816//1628 3817//1628 3810//1628
f 3817//1628 3878//1628 3810//1628
f 3855//1628 3856//1628 3850//1628
f 3842//1628 3855//1628 3850//1628
f 3842//1628 3850//1628 3860//1628
f 3857//1628 3842//1628 3860//1628
f 3758//1628 3788//1628 3787//1628
f 3877//1628 3819//1628 3810//1628
f 3758//1628 3787//1628 3786//1628
f 3781//1628 3758//1628 3784//1628
f 3758//1628 3786//1628 3784//1628
f 3878//1628 3877//1628 3810//1628
f 3810//1628 3781//1628 3846//1628
f 3781//1628 3784//1628 3785//1628
f 3816//1628 3810//1628 3811//1628
f 3811//1628 3810//1628 3866//1628
f 3866//1628 3810//1628 3865//1628
f 3781//1628 3785//1628 3780//1628
f 3865//1628 3810//1628 3846//1628
f 3781//1628 3780//1628 3777//1628
f 3781//1628 3777//1628 3823//1628
f 3837//1628 3846//1628 3781//1628
f 3860//1628 3837//1628 3781//1628
f 3857//1628 3860//1628 3781//1628
f 3857//1628 3781//1628 3812//1628
f 3859//1628 3857//1628 3812//1628
f 3757//1628 3789//1628 3851//1628
f 3852//1628 3757//1628 3851//1628
f 3852//1628 3851//1628 3853//1628
f 3852//1628 3853//1628 3870//1628
f 3870//1628 3853//1628 3872//1628
f 3871//1628 3870//1628 3872//1628
f 3788//1628 3756//1628 3755//1628
f 3791//1628 3788//1628 3755//1628
f 3791//1628 3755//1628 3763//1628
f 3767//1628 3791//1628 3763//1628
f 3767//1628 3763//1628 3766//1628
f 3822//1628 3767//1628 3766//1628
f 3822//1628 3766//1628 3823//1628
f 3777//1628 3822//1628 3823//1628
f 3872//1628 3859//1628 3871//1628
f 3781//1628 3823//1628 3824//1628
f 3858//1628 3871//1628 3859//1628
f 3776//1628 3802//1628 3775//1628
f 3802//1628 3803//1628 3775//1628
f 3824//1628 3776//1628 3812//1628
f 3776//1628 3775//1628 3812//1628
f 3812//1628 3858//1628 3859//1628
f 3781//1628 3824//1628 3812//1628
f 3394//1760 3393//1760 3395//1760
f 3678//1714 3674//1714 3677//1714
f 3678//1714 3677//1714 3676//1714
f 3675//1714 3678//1714 3676//1714
f 3679//1714 3675//1714 3673//1714
f 3675//1714 3676//1714 3673//1714
f 3672//1714 3679//1714 3673//1714
f 3672//1714 3673//1714 3671//1714
f 3672//1714 3671//1714 3670//1714
f 3671//1714 3750//1714 3670//1714
f 3670//1714 3634//1714 3628//1714
f 3634//1714 3649//1714 3651//1714
f 3634//1714 3636//1714 3635//1714
f 3748//1714 3666//1714 3746//1714
f 3666//1714 3670//1714 3746//1714
f 3641//1714 3667//1714 3642//1714
f 3639//1714 3641//1714 3644//1714
f 3641//1714 3642//1714 3644//1714
f 3639//1714 3644//1714 3635//1714
f 3636//1714 3639//1714 3635//1714
f 3749//1714 3746//1714 3670//1714
f 3635//1714 3649//1714 3634//1714
f 3750//1714 3749//1714 3670//1714
f 3634//1714 3651//1714 3652//1714
f 3649//1714 3684//1714 3651//1714
f 3684//1714 3685//1714 3650//1714
f 3657//1714 3661//1714 3660//1714
f 3657//1714 3660//1714 3655//1714
f 3656//1714 3657//1714 3655//1714
f 3656//1714 3655//1714 3672//1714
f 3656//1714 3672//1714 3670//1714
f 3684//1714 3650//1714 3651//1714
f 3735//1714 3744//1714 3727//1714
f 3744//1714 3745//1714 3727//1714
f 3726//1714 3735//1714 3727//1714
f 3726//1714 3727//1714 3630//1714
f 3631//1714 3726//1714 3630//1714
f 3631//1714 3630//1714 3656//1714
f 3631//1714 3656//1714 3670//1714
f 3634//1714 3652//1714 3653//1714
f 3634//1714 3653//1714 3628//1714
f 3652//1714 3654//1714 3653//1714
f 3731//1714 3730//1714 3736//1714
f 3737//1714 3731//1714 3736//1714
f 3725//1714 3737//1714 3724//1714
f 3737//1714 3736//1714 3724//1714
f 3721//1714 3725//1714 3724//1714
f 3721//1714 3724//1714 3690//1714
f 3691//1714 3721//1714 3690//1714
f 3691//1714 3690//1714 3631//1714
f 3691//1714 3631//1714 3670//1714
f 3681//1714 3691//1714 3680//1714
f 3719//1714 3718//1714 3743//1714
f 3741//1714 3719//1714 3743//1714
f 3741//1714 3743//1714 3742//1714
f 3709//1714 3741//1714 3742//1714
f 3709//1714 3742//1714 3708//1714
f 3654//1714 3709//1714 3708//1714
f 3654//1714 3708//1714 3696//1714
f 3691//1714 3670//1714 3680//1714
f 3647//1714 3694//1714 3695//1714
f 3647//1714 3695//1714 3648//1714
f 3711//1714 3647//1714 3710//1714
f 3647//1714 3648//1714 3710//1714
f 3693//1714 3711//1714 3710//1714
f 3693//1714 3710//1714 3692//1761
f 3628//1714 3693//1714 3692//1761
f 3628//1714 3692//1761 3680//1714
f 3628//1714 3680//1714 3670//1714
f 3654//1714 3696//1714 3653//1714
f 3717//1714 3704//1714 3705//1714
f 3717//1714 3705//1714 3702//1714
f 3717//1714 3702//1714 3716//1714
f 3707//1714 3717//1714 3716//1714
f 3707//1714 3716//1714 3697//1714
f 3629//1714 3707//1714 3697//1714
f 3629//1714 3697//1714 3628//1714
f 3627//1714 3629//1714 3628//1714
f 3653//1714 3627//1714 3628//1714
f 3302//1680 3305//1762 3304//1681
f 3456//1763 3457//1648 3455//1650
f 3340//1764 3343//1534 3341//1536
f 3493//1765 3492//1765 3491//1765
f 3391//1732 3392//1766 3393//1733
f 3476//1735 3475//1735 3477//1735
f 3496//1767 3497//1768 3498//1769
f 3385//1687 3384//1689 3386//1770
f 3821//1628 3774//1759 3762//1628
f 3765//1628 3795//1628 3796//1628
f 3765//1628 3796//1628 3764//1628
f 3762//1628 3765//1628 3764//1628
f 3762//1628 3764//1628 3770//1628
f 3770//1628 3772//1628 3773//1628
f 3770//1628 3773//1628 3798//1628
f 3770//1628 3798//1628 3790//1628
f 3827//1628 3873//1628 3826//1628
f 3809//1628 3827//1628 3826//1628
f 3826//1628 3821//1628 3809//1628
f 3799//1628 3809//1628 3821//1628
f 3828//1628 3836//1628 3831//1628
f 3828//1628 3831//1628 3830//1628
f 3828//1628 3830//1628 3829//1628
f 3825//1628 3828//1628 3829//1628
f 3825//1628 3829//1628 3799//1628
f 3771//1628 3825//1628 3799//1628
f 3804//1628 3792//1628 3771//1628
f 3816//1628 3818//1628 3817//1628
f 3806//1628 3817//1628 3818//1628
f 3806//1628 3818//1628 3808//1628
f 3806//1628 3808//1628 3807//1628
f 3808//1628 3814//1628 3807//1628
f 3807//1628 3814//1628 3804//1628
f 3805//1628 3807//1628 3804//1628
f 3805//1628 3804//1628 3761//1628
f 3876//1628 3805//1628 3761//1628
f 3810//1628 3819//1628 3761//1628
f 3819//1628 3820//1628 3761//1628
f 3756//1628 3788//1628 3758//1628
f 3756//1628 3758//1628 3757//1628
f 3758//1628 3761//1628 3770//1628
f 3757//1628 3758//1628 3789//1628
f 3759//1628 3756//1628 3757//1628
f 3761//1628 3820//1628 3876//1628
f 3768//1628 3803//1628 3769//1628
f 3803//1628 3802//1628 3769//1628
f 3768//1628 3769//1628 3759//1628
f 3760//1628 3768//1628 3759//1628
f 3757//1628 3760//1628 3759//1628
f 3761//1628 3804//1628 3771//1628
f 3761//1628 3771//1628 3799//1628
f 3789//1628 3758//1628 3790//1628
f 3790//1628 3758//1628 3770//1628
f 3761//1628 3799//1628 3821//1628
f 3761//1628 3821//1628 3762//1628
f 3761//1628 3762//1628 3770//1628
f 3839//1628 3789//1628 3790//1628
f 3839//1628 3790//1628 3840//1628
f 3841//1628 3839//1628 3840//1628
f 3841//1628 3840//1628 3854//1628
f 3855//1628 3841//1628 3854//1628
f 3854//1628 3856//1628 3855//1628
f 3318//1771 3317//1771 3319//1771
f 3300//1524 3301//1694 3302//1672
f 3499//1772 3496//1767 3498//1769
f 3352//1638 3351//1773 3354//1636
f 3991//1565 3965//1565 3992//1565
f 3973//1565 3991//1565 3992//1565
f 3973//1565 3992//1565 3974//1565
f 3973//1565 3974//1565 3989//1565
f 3989//1565 3988//1565 3990//1565
f 3919//1565 3918//1565 3987//1565
f 3986//1565 3919//1565 3987//1565
f 3986//1565 3987//1565 3972//1565
f 3961//1565 3986//1565 3972//1565
f 3961//1565 3972//1565 3973//1565
f 3963//1565 3898//1565 3957//1565
f 3963//1565 3957//1565 3970//1565
f 3959//1565 3963//1565 3970//1565
f 3959//1565 3970//1565 3958//1565
f 3985//1565 3959//1565 3961//1565
f 3959//1565 3958//1565 3961//1565
f 3982//1565 3969//1565 3985//1565
f 3954//1565 3950//1565 3953//1565
f 3954//1565 3953//1565 3956//1565
f 3955//1565 3954//1565 3956//1565
f 3955//1565 3956//1565 3960//1565
f 3971//1565 3955//1565 3960//1565
f 3971//1565 3960//1565 3975//1565
f 3990//1565 3971//1565 3975//1565
f 3990//1565 3975//1565 3937//1565
f 3939//1565 3906//1565 3941//1565
f 3937//1565 3939//1565 3941//1565
f 3937//1565 3941//1565 3942//1565
f 3993//1565 3979//1565 3994//1565
f 3995//1565 3993//1565 3994//1565
f 3995//1565 3994//1565 3984//1565
f 3983//1565 3995//1565 3984//1565
f 3983//1565 3984//1565 3982//1565
f 3938//1565 3983//1565 3982//1565
f 3932//1565 3940//1565 3928//1565
f 3932//1565 3928//1565 3931//1565
f 3934//1565 3932//1565 3931//1565
f 3934//1565 3931//1565 3933//1565
f 3944//1565 3934//1565 3933//1565
f 3944//1565 3933//1565 3943//1565
f 3942//1565 3944//1565 3943//1565
f 3943//1565 4001//1565 3936//1565
f 3942//1565 3943//1565 3936//1565
f 3882//1565 3910//1565 3909//1565
f 3936//1565 3905//1565 3973//1565
f 3942//1565 3936//1565 3937//1565
f 3905//1565 3882//1565 3907//1565
f 3937//1565 3936//1565 3990//1565
f 3882//1565 3909//1565 3907//1565
f 3990//1565 3936//1565 3989//1565
f 3989//1565 3936//1565 3973//1565
f 3905//1565 3907//1565 3908//1565
f 3961//1565 3973//1565 3905//1565
f 3905//1565 3908//1565 3904//1565
f 3985//1565 3961//1565 3905//1565
f 3982//1565 3985//1565 3905//1565
f 3905//1565 3904//1565 3901//1565
f 3938//1565 3982//1565 3905//1565
f 3905//1565 3901//1565 3949//1565
f 3901//1565 3948//1565 3949//1565
f 3938//1565 3905//1565 3949//1565
f 3899//1565 3938//1565 3949//1565
f 3899//1565 3949//1565 3900//1565
f 3926//1565 3899//1565 3900//1565
f 3583//1630 3582//1630 3598//1630
f 3582//1630 3547//1630 3598//1630
f 3311//1713 3313//1713 3312//1713
f 3310//1687 3309//1689 3311//1770
f 4011//1674 4010//1674 4007//1674
f 4010//1674 4009//1674 4007//1674
f 4009//1674 4006//1674 4007//1674
f 4017//1675 4015//1675 4013//1675
f 4015//1675 4012//1675 4013//1675
f 4012//1675 4014//1675 4013//1675
